[{"bfs_id":64,"rcp":"RCP2.6","period":"2035","key":"FD","value":64.7,"estimate":"q5"},{"bfs_id":64,"rcp":"RCP2.6","period":"2035","key":"FD","value":75.7,"estimate":"q50"},{"bfs_id":64,"rcp":"RCP2.6","period":"2035","key":"FD","value":80.8,"estimate":"q95"},{"bfs_id":64,"rcp":"RCP2.6","period":"2060","key":"FD","value":63.1,"estimate":"q5"},{"bfs_id":64,"rcp":"RCP2.6","period":"2060","key":"FD","value":73.1,"estimate":"q50"},{"bfs_id":64,"rcp":"RCP2.6","period":"2060","key":"FD","value":78.1,"estimate":"q95"},{"bfs_id":64,"rcp":"RCP2.6","period":"2085","key":"FD","value":63.6,"estimate":"q5"},{"bfs_id":64,"rcp":"RCP2.6","period":"2085","key":"FD","value":73.1,"estimate":"q50"},{"bfs_id":64,"rcp":"RCP2.6","period":"2085","key":"FD","value":79.8,"estimate":"q95"},{"bfs_id":64,"rcp":"RCP8.5","period":"2035","key":"FD","value":60.6,"estimate":"q5"},{"bfs_id":64,"rcp":"RCP8.5","period":"2035","key":"FD","value":71.7,"estimate":"q50"},{"bfs_id":64,"rcp":"RCP8.5","period":"2035","key":"FD","value":77.8,"estimate":"q95"},{"bfs_id":64,"rcp":"RCP8.5","period":"2060","key":"FD","value":50,"estimate":"q5"},{"bfs_id":64,"rcp":"RCP8.5","period":"2060","key":"FD","value":57.4,"estimate":"q50"},{"bfs_id":64,"rcp":"RCP8.5","period":"2060","key":"FD","value":64.2,"estimate":"q95"},{"bfs_id":64,"rcp":"RCP8.5","period":"2085","key":"FD","value":30.7,"estimate":"q5"},{"bfs_id":64,"rcp":"RCP8.5","period":"2085","key":"FD","value":36,"estimate":"q50"},{"bfs_id":64,"rcp":"RCP8.5","period":"2085","key":"FD","value":47.6,"estimate":"q95"},{"bfs_id":64,"rcp":"RCP2.6","period":"2035","key":"HD","value":9.4,"estimate":"q5"},{"bfs_id":64,"rcp":"RCP2.6","period":"2035","key":"HD","value":12.1,"estimate":"q50"},{"bfs_id":64,"rcp":"RCP2.6","period":"2035","key":"HD","value":17.4,"estimate":"q95"},{"bfs_id":64,"rcp":"RCP2.6","period":"2060","key":"HD","value":9.9,"estimate":"q5"},{"bfs_id":64,"rcp":"RCP2.6","period":"2060","key":"HD","value":12.7,"estimate":"q50"},{"bfs_id":64,"rcp":"RCP2.6","period":"2060","key":"HD","value":19.6,"estimate":"q95"},{"bfs_id":64,"rcp":"RCP2.6","period":"2085","key":"HD","value":10.2,"estimate":"q5"},{"bfs_id":64,"rcp":"RCP2.6","period":"2085","key":"HD","value":11.7,"estimate":"q50"},{"bfs_id":64,"rcp":"RCP2.6","period":"2085","key":"HD","value":19,"estimate":"q95"},{"bfs_id":64,"rcp":"RCP8.5","period":"2035","key":"HD","value":10,"estimate":"q5"},{"bfs_id":64,"rcp":"RCP8.5","period":"2035","key":"HD","value":12.9,"estimate":"q50"},{"bfs_id":64,"rcp":"RCP8.5","period":"2035","key":"HD","value":19.7,"estimate":"q95"},{"bfs_id":64,"rcp":"RCP8.5","period":"2060","key":"HD","value":16.1,"estimate":"q5"},{"bfs_id":64,"rcp":"RCP8.5","period":"2060","key":"HD","value":22.8,"estimate":"q50"},{"bfs_id":64,"rcp":"RCP8.5","period":"2060","key":"HD","value":34.1,"estimate":"q95"},{"bfs_id":64,"rcp":"RCP8.5","period":"2085","key":"HD","value":29.5,"estimate":"q5"},{"bfs_id":64,"rcp":"RCP8.5","period":"2085","key":"HD","value":34,"estimate":"q50"},{"bfs_id":64,"rcp":"RCP8.5","period":"2085","key":"HD","value":60.1,"estimate":"q95"},{"bfs_id":64,"rcp":"RCP2.6","period":"2035","key":"ID","value":11.4,"estimate":"q5"},{"bfs_id":64,"rcp":"RCP2.6","period":"2035","key":"ID","value":16.1,"estimate":"q50"},{"bfs_id":64,"rcp":"RCP2.6","period":"2035","key":"ID","value":20.4,"estimate":"q95"},{"bfs_id":64,"rcp":"RCP2.6","period":"2060","key":"ID","value":11.5,"estimate":"q5"},{"bfs_id":64,"rcp":"RCP2.6","period":"2060","key":"ID","value":15.9,"estimate":"q50"},{"bfs_id":64,"rcp":"RCP2.6","period":"2060","key":"ID","value":19.5,"estimate":"q95"},{"bfs_id":64,"rcp":"RCP2.6","period":"2085","key":"ID","value":11.6,"estimate":"q5"},{"bfs_id":64,"rcp":"RCP2.6","period":"2085","key":"ID","value":15.4,"estimate":"q50"},{"bfs_id":64,"rcp":"RCP2.6","period":"2085","key":"ID","value":18.5,"estimate":"q95"},{"bfs_id":64,"rcp":"RCP8.5","period":"2035","key":"ID","value":11.8,"estimate":"q5"},{"bfs_id":64,"rcp":"RCP8.5","period":"2035","key":"ID","value":14.9,"estimate":"q50"},{"bfs_id":64,"rcp":"RCP8.5","period":"2035","key":"ID","value":19.6,"estimate":"q95"},{"bfs_id":64,"rcp":"RCP8.5","period":"2060","key":"ID","value":7.4,"estimate":"q5"},{"bfs_id":64,"rcp":"RCP8.5","period":"2060","key":"ID","value":10.9,"estimate":"q50"},{"bfs_id":64,"rcp":"RCP8.5","period":"2060","key":"ID","value":14.1,"estimate":"q95"},{"bfs_id":64,"rcp":"RCP8.5","period":"2085","key":"ID","value":2.1,"estimate":"q5"},{"bfs_id":64,"rcp":"RCP8.5","period":"2085","key":"ID","value":5.1,"estimate":"q50"},{"bfs_id":64,"rcp":"RCP8.5","period":"2085","key":"ID","value":7.7,"estimate":"q95"},{"bfs_id":64,"rcp":"RCP2.6","period":"2035","key":"SD","value":48.6,"estimate":"q5"},{"bfs_id":64,"rcp":"RCP2.6","period":"2035","key":"SD","value":53.9,"estimate":"q50"},{"bfs_id":64,"rcp":"RCP2.6","period":"2035","key":"SD","value":61.4,"estimate":"q95"},{"bfs_id":64,"rcp":"RCP2.6","period":"2060","key":"SD","value":49,"estimate":"q5"},{"bfs_id":64,"rcp":"RCP2.6","period":"2060","key":"SD","value":55.3,"estimate":"q50"},{"bfs_id":64,"rcp":"RCP2.6","period":"2060","key":"SD","value":62,"estimate":"q95"},{"bfs_id":64,"rcp":"RCP2.6","period":"2085","key":"SD","value":48.4,"estimate":"q5"},{"bfs_id":64,"rcp":"RCP2.6","period":"2085","key":"SD","value":55.7,"estimate":"q50"},{"bfs_id":64,"rcp":"RCP2.6","period":"2085","key":"SD","value":62.8,"estimate":"q95"},{"bfs_id":64,"rcp":"RCP8.5","period":"2035","key":"SD","value":50.9,"estimate":"q5"},{"bfs_id":64,"rcp":"RCP8.5","period":"2035","key":"SD","value":56.4,"estimate":"q50"},{"bfs_id":64,"rcp":"RCP8.5","period":"2035","key":"SD","value":62.8,"estimate":"q95"},{"bfs_id":64,"rcp":"RCP8.5","period":"2060","key":"SD","value":66.1,"estimate":"q5"},{"bfs_id":64,"rcp":"RCP8.5","period":"2060","key":"SD","value":70.7,"estimate":"q50"},{"bfs_id":64,"rcp":"RCP8.5","period":"2060","key":"SD","value":86.2,"estimate":"q95"},{"bfs_id":64,"rcp":"RCP8.5","period":"2085","key":"SD","value":80.6,"estimate":"q5"},{"bfs_id":64,"rcp":"RCP8.5","period":"2085","key":"SD","value":93,"estimate":"q50"},{"bfs_id":64,"rcp":"RCP8.5","period":"2085","key":"SD","value":111.8,"estimate":"q95"},{"bfs_id":64,"rcp":"RCP2.6","period":"2035","key":"snowdays","value":12.7,"estimate":"q5"},{"bfs_id":64,"rcp":"RCP2.6","period":"2035","key":"snowdays","value":17.9,"estimate":"q50"},{"bfs_id":64,"rcp":"RCP2.6","period":"2035","key":"snowdays","value":20.5,"estimate":"q95"},{"bfs_id":64,"rcp":"RCP2.6","period":"2060","key":"snowdays","value":11.6,"estimate":"q5"},{"bfs_id":64,"rcp":"RCP2.6","period":"2060","key":"snowdays","value":17.6,"estimate":"q50"},{"bfs_id":64,"rcp":"RCP2.6","period":"2060","key":"snowdays","value":19.3,"estimate":"q95"},{"bfs_id":64,"rcp":"RCP2.6","period":"2085","key":"snowdays","value":11.4,"estimate":"q5"},{"bfs_id":64,"rcp":"RCP2.6","period":"2085","key":"snowdays","value":16.8,"estimate":"q50"},{"bfs_id":64,"rcp":"RCP2.6","period":"2085","key":"snowdays","value":20.2,"estimate":"q95"},{"bfs_id":64,"rcp":"RCP8.5","period":"2035","key":"snowdays","value":11.4,"estimate":"q5"},{"bfs_id":64,"rcp":"RCP8.5","period":"2035","key":"snowdays","value":16.5,"estimate":"q50"},{"bfs_id":64,"rcp":"RCP8.5","period":"2035","key":"snowdays","value":18.9,"estimate":"q95"},{"bfs_id":64,"rcp":"RCP8.5","period":"2060","key":"snowdays","value":8.2,"estimate":"q5"},{"bfs_id":64,"rcp":"RCP8.5","period":"2060","key":"snowdays","value":13.1,"estimate":"q50"},{"bfs_id":64,"rcp":"RCP8.5","period":"2060","key":"snowdays","value":15.7,"estimate":"q95"},{"bfs_id":64,"rcp":"RCP8.5","period":"2085","key":"snowdays","value":3.2,"estimate":"q5"},{"bfs_id":64,"rcp":"RCP8.5","period":"2085","key":"snowdays","value":7.2,"estimate":"q50"},{"bfs_id":64,"rcp":"RCP8.5","period":"2085","key":"snowdays","value":10.3,"estimate":"q95"},{"bfs_id":64,"rcp":"RCP2.6","period":"2035","key":"TN","value":0,"estimate":"q5"},{"bfs_id":64,"rcp":"RCP2.6","period":"2035","key":"TN","value":0.4,"estimate":"q50"},{"bfs_id":64,"rcp":"RCP2.6","period":"2035","key":"TN","value":0.7,"estimate":"q95"},{"bfs_id":64,"rcp":"RCP2.6","period":"2060","key":"TN","value":0.1,"estimate":"q5"},{"bfs_id":64,"rcp":"RCP2.6","period":"2060","key":"TN","value":0.5,"estimate":"q50"},{"bfs_id":64,"rcp":"RCP2.6","period":"2060","key":"TN","value":1.1,"estimate":"q95"},{"bfs_id":64,"rcp":"RCP2.6","period":"2085","key":"TN","value":0.1,"estimate":"q5"},{"bfs_id":64,"rcp":"RCP2.6","period":"2085","key":"TN","value":0.6,"estimate":"q50"},{"bfs_id":64,"rcp":"RCP2.6","period":"2085","key":"TN","value":1,"estimate":"q95"},{"bfs_id":64,"rcp":"RCP8.5","period":"2035","key":"TN","value":0.2,"estimate":"q5"},{"bfs_id":64,"rcp":"RCP8.5","period":"2035","key":"TN","value":0.5,"estimate":"q50"},{"bfs_id":64,"rcp":"RCP8.5","period":"2035","key":"TN","value":1.9,"estimate":"q95"},{"bfs_id":64,"rcp":"RCP8.5","period":"2060","key":"TN","value":1.1,"estimate":"q5"},{"bfs_id":64,"rcp":"RCP8.5","period":"2060","key":"TN","value":2.9,"estimate":"q50"},{"bfs_id":64,"rcp":"RCP8.5","period":"2060","key":"TN","value":6,"estimate":"q95"},{"bfs_id":64,"rcp":"RCP8.5","period":"2085","key":"TN","value":5.3,"estimate":"q5"},{"bfs_id":64,"rcp":"RCP8.5","period":"2085","key":"TN","value":9.3,"estimate":"q50"},{"bfs_id":64,"rcp":"RCP8.5","period":"2085","key":"TN","value":23.8,"estimate":"q95"},{"bfs_id":64,"rcp":"RCP2.6","period":"2035","key":"pr","value":2.5,"estimate":"q5","season":"DJF"},{"bfs_id":64,"rcp":"RCP2.6","period":"2035","key":"pr","value":2.9,"estimate":"q5","season":"MAM"},{"bfs_id":64,"rcp":"RCP2.6","period":"2035","key":"pr","value":3.4,"estimate":"q5","season":"JJA"},{"bfs_id":64,"rcp":"RCP2.6","period":"2035","key":"pr","value":2.6,"estimate":"q5","season":"SON"},{"bfs_id":64,"rcp":"RCP2.6","period":"2035","key":"pr","value":2.8,"estimate":"q50","season":"DJF"},{"bfs_id":64,"rcp":"RCP2.6","period":"2035","key":"pr","value":3.3,"estimate":"q50","season":"MAM"},{"bfs_id":64,"rcp":"RCP2.6","period":"2035","key":"pr","value":3.7,"estimate":"q50","season":"JJA"},{"bfs_id":64,"rcp":"RCP2.6","period":"2035","key":"pr","value":2.9,"estimate":"q50","season":"SON"},{"bfs_id":64,"rcp":"RCP2.6","period":"2035","key":"pr","value":3.4,"estimate":"q95","season":"DJF"},{"bfs_id":64,"rcp":"RCP2.6","period":"2035","key":"pr","value":3.5,"estimate":"q95","season":"MAM"},{"bfs_id":64,"rcp":"RCP2.6","period":"2035","key":"pr","value":4.1,"estimate":"q95","season":"JJA"},{"bfs_id":64,"rcp":"RCP2.6","period":"2035","key":"pr","value":3.6,"estimate":"q95","season":"SON"},{"bfs_id":64,"rcp":"RCP2.6","period":"2060","key":"pr","value":2.5,"estimate":"q5","season":"DJF"},{"bfs_id":64,"rcp":"RCP2.6","period":"2060","key":"pr","value":2.9,"estimate":"q5","season":"MAM"},{"bfs_id":64,"rcp":"RCP2.6","period":"2060","key":"pr","value":3,"estimate":"q5","season":"JJA"},{"bfs_id":64,"rcp":"RCP2.6","period":"2060","key":"pr","value":2.7,"estimate":"q5","season":"SON"},{"bfs_id":64,"rcp":"RCP2.6","period":"2060","key":"pr","value":2.8,"estimate":"q50","season":"DJF"},{"bfs_id":64,"rcp":"RCP2.6","period":"2060","key":"pr","value":3.3,"estimate":"q50","season":"MAM"},{"bfs_id":64,"rcp":"RCP2.6","period":"2060","key":"pr","value":3.7,"estimate":"q50","season":"JJA"},{"bfs_id":64,"rcp":"RCP2.6","period":"2060","key":"pr","value":2.9,"estimate":"q50","season":"SON"},{"bfs_id":64,"rcp":"RCP2.6","period":"2060","key":"pr","value":3.1,"estimate":"q95","season":"DJF"},{"bfs_id":64,"rcp":"RCP2.6","period":"2060","key":"pr","value":3.5,"estimate":"q95","season":"MAM"},{"bfs_id":64,"rcp":"RCP2.6","period":"2060","key":"pr","value":4.2,"estimate":"q95","season":"JJA"},{"bfs_id":64,"rcp":"RCP2.6","period":"2060","key":"pr","value":3.4,"estimate":"q95","season":"SON"},{"bfs_id":64,"rcp":"RCP2.6","period":"2085","key":"pr","value":2.4,"estimate":"q5","season":"DJF"},{"bfs_id":64,"rcp":"RCP2.6","period":"2085","key":"pr","value":2.9,"estimate":"q5","season":"MAM"},{"bfs_id":64,"rcp":"RCP2.6","period":"2085","key":"pr","value":3,"estimate":"q5","season":"JJA"},{"bfs_id":64,"rcp":"RCP2.6","period":"2085","key":"pr","value":2.6,"estimate":"q5","season":"SON"},{"bfs_id":64,"rcp":"RCP2.6","period":"2085","key":"pr","value":2.8,"estimate":"q50","season":"DJF"},{"bfs_id":64,"rcp":"RCP2.6","period":"2085","key":"pr","value":3.2,"estimate":"q50","season":"MAM"},{"bfs_id":64,"rcp":"RCP2.6","period":"2085","key":"pr","value":3.7,"estimate":"q50","season":"JJA"},{"bfs_id":64,"rcp":"RCP2.6","period":"2085","key":"pr","value":2.9,"estimate":"q50","season":"SON"},{"bfs_id":64,"rcp":"RCP2.6","period":"2085","key":"pr","value":3.2,"estimate":"q95","season":"DJF"},{"bfs_id":64,"rcp":"RCP2.6","period":"2085","key":"pr","value":3.5,"estimate":"q95","season":"MAM"},{"bfs_id":64,"rcp":"RCP2.6","period":"2085","key":"pr","value":4.1,"estimate":"q95","season":"JJA"},{"bfs_id":64,"rcp":"RCP2.6","period":"2085","key":"pr","value":3.4,"estimate":"q95","season":"SON"},{"bfs_id":64,"rcp":"RCP8.5","period":"2035","key":"pr","value":2.6,"estimate":"q5","season":"DJF"},{"bfs_id":64,"rcp":"RCP8.5","period":"2035","key":"pr","value":3,"estimate":"q5","season":"MAM"},{"bfs_id":64,"rcp":"RCP8.5","period":"2035","key":"pr","value":3.2,"estimate":"q5","season":"JJA"},{"bfs_id":64,"rcp":"RCP8.5","period":"2035","key":"pr","value":2.7,"estimate":"q5","season":"SON"},{"bfs_id":64,"rcp":"RCP8.5","period":"2035","key":"pr","value":2.9,"estimate":"q50","season":"DJF"},{"bfs_id":64,"rcp":"RCP8.5","period":"2035","key":"pr","value":3.3,"estimate":"q50","season":"MAM"},{"bfs_id":64,"rcp":"RCP8.5","period":"2035","key":"pr","value":3.8,"estimate":"q50","season":"JJA"},{"bfs_id":64,"rcp":"RCP8.5","period":"2035","key":"pr","value":3.1,"estimate":"q50","season":"SON"},{"bfs_id":64,"rcp":"RCP8.5","period":"2035","key":"pr","value":3.2,"estimate":"q95","season":"DJF"},{"bfs_id":64,"rcp":"RCP8.5","period":"2035","key":"pr","value":3.6,"estimate":"q95","season":"MAM"},{"bfs_id":64,"rcp":"RCP8.5","period":"2035","key":"pr","value":4.2,"estimate":"q95","season":"JJA"},{"bfs_id":64,"rcp":"RCP8.5","period":"2035","key":"pr","value":3.4,"estimate":"q95","season":"SON"},{"bfs_id":64,"rcp":"RCP8.5","period":"2060","key":"pr","value":2.7,"estimate":"q5","season":"DJF"},{"bfs_id":64,"rcp":"RCP8.5","period":"2060","key":"pr","value":3.2,"estimate":"q5","season":"MAM"},{"bfs_id":64,"rcp":"RCP8.5","period":"2060","key":"pr","value":2.6,"estimate":"q5","season":"JJA"},{"bfs_id":64,"rcp":"RCP8.5","period":"2060","key":"pr","value":2.7,"estimate":"q5","season":"SON"},{"bfs_id":64,"rcp":"RCP8.5","period":"2060","key":"pr","value":3,"estimate":"q50","season":"DJF"},{"bfs_id":64,"rcp":"RCP8.5","period":"2060","key":"pr","value":3.5,"estimate":"q50","season":"MAM"},{"bfs_id":64,"rcp":"RCP8.5","period":"2060","key":"pr","value":3.6,"estimate":"q50","season":"JJA"},{"bfs_id":64,"rcp":"RCP8.5","period":"2060","key":"pr","value":3,"estimate":"q50","season":"SON"},{"bfs_id":64,"rcp":"RCP8.5","period":"2060","key":"pr","value":3.4,"estimate":"q95","season":"DJF"},{"bfs_id":64,"rcp":"RCP8.5","period":"2060","key":"pr","value":3.8,"estimate":"q95","season":"MAM"},{"bfs_id":64,"rcp":"RCP8.5","period":"2060","key":"pr","value":4.1,"estimate":"q95","season":"JJA"},{"bfs_id":64,"rcp":"RCP8.5","period":"2060","key":"pr","value":3.4,"estimate":"q95","season":"SON"},{"bfs_id":64,"rcp":"RCP8.5","period":"2085","key":"pr","value":3,"estimate":"q5","season":"DJF"},{"bfs_id":64,"rcp":"RCP8.5","period":"2085","key":"pr","value":3.2,"estimate":"q5","season":"MAM"},{"bfs_id":64,"rcp":"RCP8.5","period":"2085","key":"pr","value":2.3,"estimate":"q5","season":"JJA"},{"bfs_id":64,"rcp":"RCP8.5","period":"2085","key":"pr","value":2.5,"estimate":"q5","season":"SON"},{"bfs_id":64,"rcp":"RCP8.5","period":"2085","key":"pr","value":3.3,"estimate":"q50","season":"DJF"},{"bfs_id":64,"rcp":"RCP8.5","period":"2085","key":"pr","value":3.7,"estimate":"q50","season":"MAM"},{"bfs_id":64,"rcp":"RCP8.5","period":"2085","key":"pr","value":3.2,"estimate":"q50","season":"JJA"},{"bfs_id":64,"rcp":"RCP8.5","period":"2085","key":"pr","value":3,"estimate":"q50","season":"SON"},{"bfs_id":64,"rcp":"RCP8.5","period":"2085","key":"pr","value":3.9,"estimate":"q95","season":"DJF"},{"bfs_id":64,"rcp":"RCP8.5","period":"2085","key":"pr","value":3.9,"estimate":"q95","season":"MAM"},{"bfs_id":64,"rcp":"RCP8.5","period":"2085","key":"pr","value":3.8,"estimate":"q95","season":"JJA"},{"bfs_id":64,"rcp":"RCP8.5","period":"2085","key":"pr","value":3.8,"estimate":"q95","season":"SON"},{"bfs_id":64,"rcp":"RCP2.6","period":"2035","key":"tas","value":1.5,"estimate":"q5","season":"DJF"},{"bfs_id":64,"rcp":"RCP2.6","period":"2035","key":"tas","value":9.1,"estimate":"q5","season":"MAM"},{"bfs_id":64,"rcp":"RCP2.6","period":"2035","key":"tas","value":18.2,"estimate":"q5","season":"JJA"},{"bfs_id":64,"rcp":"RCP2.6","period":"2035","key":"tas","value":10,"estimate":"q5","season":"SON"},{"bfs_id":64,"rcp":"RCP2.6","period":"2035","key":"tas","value":2.1,"estimate":"q50","season":"DJF"},{"bfs_id":64,"rcp":"RCP2.6","period":"2035","key":"tas","value":9.7,"estimate":"q50","season":"MAM"},{"bfs_id":64,"rcp":"RCP2.6","period":"2035","key":"tas","value":18.8,"estimate":"q50","season":"JJA"},{"bfs_id":64,"rcp":"RCP2.6","period":"2035","key":"tas","value":10.4,"estimate":"q50","season":"SON"},{"bfs_id":64,"rcp":"RCP2.6","period":"2035","key":"tas","value":2.9,"estimate":"q95","season":"DJF"},{"bfs_id":64,"rcp":"RCP2.6","period":"2035","key":"tas","value":10,"estimate":"q95","season":"MAM"},{"bfs_id":64,"rcp":"RCP2.6","period":"2035","key":"tas","value":19.4,"estimate":"q95","season":"JJA"},{"bfs_id":64,"rcp":"RCP2.6","period":"2035","key":"tas","value":11.3,"estimate":"q95","season":"SON"},{"bfs_id":64,"rcp":"RCP2.6","period":"2060","key":"tas","value":1.5,"estimate":"q5","season":"DJF"},{"bfs_id":64,"rcp":"RCP2.6","period":"2060","key":"tas","value":9,"estimate":"q5","season":"MAM"},{"bfs_id":64,"rcp":"RCP2.6","period":"2060","key":"tas","value":18.5,"estimate":"q5","season":"JJA"},{"bfs_id":64,"rcp":"RCP2.6","period":"2060","key":"tas","value":10.3,"estimate":"q5","season":"SON"},{"bfs_id":64,"rcp":"RCP2.6","period":"2060","key":"tas","value":2.4,"estimate":"q50","season":"DJF"},{"bfs_id":64,"rcp":"RCP2.6","period":"2060","key":"tas","value":9.8,"estimate":"q50","season":"MAM"},{"bfs_id":64,"rcp":"RCP2.6","period":"2060","key":"tas","value":18.9,"estimate":"q50","season":"JJA"},{"bfs_id":64,"rcp":"RCP2.6","period":"2060","key":"tas","value":10.6,"estimate":"q50","season":"SON"},{"bfs_id":64,"rcp":"RCP2.6","period":"2060","key":"tas","value":2.9,"estimate":"q95","season":"DJF"},{"bfs_id":64,"rcp":"RCP2.6","period":"2060","key":"tas","value":10.2,"estimate":"q95","season":"MAM"},{"bfs_id":64,"rcp":"RCP2.6","period":"2060","key":"tas","value":19.5,"estimate":"q95","season":"JJA"},{"bfs_id":64,"rcp":"RCP2.6","period":"2060","key":"tas","value":11.6,"estimate":"q95","season":"SON"},{"bfs_id":64,"rcp":"RCP2.6","period":"2085","key":"tas","value":1.6,"estimate":"q5","season":"DJF"},{"bfs_id":64,"rcp":"RCP2.6","period":"2085","key":"tas","value":9.1,"estimate":"q5","season":"MAM"},{"bfs_id":64,"rcp":"RCP2.6","period":"2085","key":"tas","value":18.5,"estimate":"q5","season":"JJA"},{"bfs_id":64,"rcp":"RCP2.6","period":"2085","key":"tas","value":10.1,"estimate":"q5","season":"SON"},{"bfs_id":64,"rcp":"RCP2.6","period":"2085","key":"tas","value":2.3,"estimate":"q50","season":"DJF"},{"bfs_id":64,"rcp":"RCP2.6","period":"2085","key":"tas","value":9.9,"estimate":"q50","season":"MAM"},{"bfs_id":64,"rcp":"RCP2.6","period":"2085","key":"tas","value":18.9,"estimate":"q50","season":"JJA"},{"bfs_id":64,"rcp":"RCP2.6","period":"2085","key":"tas","value":10.6,"estimate":"q50","season":"SON"},{"bfs_id":64,"rcp":"RCP2.6","period":"2085","key":"tas","value":3,"estimate":"q95","season":"DJF"},{"bfs_id":64,"rcp":"RCP2.6","period":"2085","key":"tas","value":10.2,"estimate":"q95","season":"MAM"},{"bfs_id":64,"rcp":"RCP2.6","period":"2085","key":"tas","value":19.4,"estimate":"q95","season":"JJA"},{"bfs_id":64,"rcp":"RCP2.6","period":"2085","key":"tas","value":11.6,"estimate":"q95","season":"SON"},{"bfs_id":64,"rcp":"RCP8.5","period":"2035","key":"tas","value":1.4,"estimate":"q5","season":"DJF"},{"bfs_id":64,"rcp":"RCP8.5","period":"2035","key":"tas","value":9.4,"estimate":"q5","season":"MAM"},{"bfs_id":64,"rcp":"RCP8.5","period":"2035","key":"tas","value":18.7,"estimate":"q5","season":"JJA"},{"bfs_id":64,"rcp":"RCP8.5","period":"2035","key":"tas","value":10.3,"estimate":"q5","season":"SON"},{"bfs_id":64,"rcp":"RCP8.5","period":"2035","key":"tas","value":2.4,"estimate":"q50","season":"DJF"},{"bfs_id":64,"rcp":"RCP8.5","period":"2035","key":"tas","value":9.8,"estimate":"q50","season":"MAM"},{"bfs_id":64,"rcp":"RCP8.5","period":"2035","key":"tas","value":19.1,"estimate":"q50","season":"JJA"},{"bfs_id":64,"rcp":"RCP8.5","period":"2035","key":"tas","value":10.8,"estimate":"q50","season":"SON"},{"bfs_id":64,"rcp":"RCP8.5","period":"2035","key":"tas","value":2.8,"estimate":"q95","season":"DJF"},{"bfs_id":64,"rcp":"RCP8.5","period":"2035","key":"tas","value":10.1,"estimate":"q95","season":"MAM"},{"bfs_id":64,"rcp":"RCP8.5","period":"2035","key":"tas","value":19.6,"estimate":"q95","season":"JJA"},{"bfs_id":64,"rcp":"RCP8.5","period":"2035","key":"tas","value":11.6,"estimate":"q95","season":"SON"},{"bfs_id":64,"rcp":"RCP8.5","period":"2060","key":"tas","value":2.8,"estimate":"q5","season":"DJF"},{"bfs_id":64,"rcp":"RCP8.5","period":"2060","key":"tas","value":10.2,"estimate":"q5","season":"MAM"},{"bfs_id":64,"rcp":"RCP8.5","period":"2060","key":"tas","value":19.7,"estimate":"q5","season":"JJA"},{"bfs_id":64,"rcp":"RCP8.5","period":"2060","key":"tas","value":11.4,"estimate":"q5","season":"SON"},{"bfs_id":64,"rcp":"RCP8.5","period":"2060","key":"tas","value":3.2,"estimate":"q50","season":"DJF"},{"bfs_id":64,"rcp":"RCP8.5","period":"2060","key":"tas","value":10.7,"estimate":"q50","season":"MAM"},{"bfs_id":64,"rcp":"RCP8.5","period":"2060","key":"tas","value":20.3,"estimate":"q50","season":"JJA"},{"bfs_id":64,"rcp":"RCP8.5","period":"2060","key":"tas","value":12,"estimate":"q50","season":"SON"},{"bfs_id":64,"rcp":"RCP8.5","period":"2060","key":"tas","value":3.9,"estimate":"q95","season":"DJF"},{"bfs_id":64,"rcp":"RCP8.5","period":"2060","key":"tas","value":11.2,"estimate":"q95","season":"MAM"},{"bfs_id":64,"rcp":"RCP8.5","period":"2060","key":"tas","value":21.4,"estimate":"q95","season":"JJA"},{"bfs_id":64,"rcp":"RCP8.5","period":"2060","key":"tas","value":12.8,"estimate":"q95","season":"SON"},{"bfs_id":64,"rcp":"RCP8.5","period":"2085","key":"tas","value":4,"estimate":"q5","season":"DJF"},{"bfs_id":64,"rcp":"RCP8.5","period":"2085","key":"tas","value":11.2,"estimate":"q5","season":"MAM"},{"bfs_id":64,"rcp":"RCP8.5","period":"2085","key":"tas","value":21,"estimate":"q5","season":"JJA"},{"bfs_id":64,"rcp":"RCP8.5","period":"2085","key":"tas","value":12.3,"estimate":"q5","season":"SON"},{"bfs_id":64,"rcp":"RCP8.5","period":"2085","key":"tas","value":5.1,"estimate":"q50","season":"DJF"},{"bfs_id":64,"rcp":"RCP8.5","period":"2085","key":"tas","value":12,"estimate":"q50","season":"MAM"},{"bfs_id":64,"rcp":"RCP8.5","period":"2085","key":"tas","value":21.9,"estimate":"q50","season":"JJA"},{"bfs_id":64,"rcp":"RCP8.5","period":"2085","key":"tas","value":13.4,"estimate":"q50","season":"SON"},{"bfs_id":64,"rcp":"RCP8.5","period":"2085","key":"tas","value":5.7,"estimate":"q95","season":"DJF"},{"bfs_id":64,"rcp":"RCP8.5","period":"2085","key":"tas","value":12.9,"estimate":"q95","season":"MAM"},{"bfs_id":64,"rcp":"RCP8.5","period":"2085","key":"tas","value":24,"estimate":"q95","season":"JJA"},{"bfs_id":64,"rcp":"RCP8.5","period":"2085","key":"tas","value":15.1,"estimate":"q95","season":"SON"},{"bfs_id":64,"rcp":"obs","period":"1981-2010","key":"FD","value":90.2,"estimate":"yearly_mean"},{"bfs_id":64,"rcp":"obs","period":"1981-2010","key":"HD","value":6.6,"estimate":"yearly_mean"},{"bfs_id":64,"rcp":"obs","period":"1981-2010","key":"ID","value":22.8,"estimate":"yearly_mean"},{"bfs_id":64,"rcp":"obs","period":"1981-2010","key":"SD","value":42.2,"estimate":"yearly_mean"},{"bfs_id":64,"rcp":"obs","period":"1981-2010","key":"snowdays","value":19.2,"estimate":"yearly_mean"},{"bfs_id":64,"rcp":"obs","period":"1981-2010","key":"TN","value":0,"estimate":"yearly_mean"},{"bfs_id":64,"rcp":"obs","period":"1981-2010","key":"pr","value":2.5,"estimate":"mean","season":"DJF"},{"bfs_id":64,"rcp":"obs","period":"1981-2010","key":"pr","value":3.2,"estimate":"mean","season":"MAM"},{"bfs_id":64,"rcp":"obs","period":"1981-2010","key":"pr","value":4,"estimate":"mean","season":"JJA"},{"bfs_id":64,"rcp":"obs","period":"1981-2010","key":"pr","value":3,"estimate":"mean","season":"SON"},{"bfs_id":64,"rcp":"obs","period":"1981-2010","key":"tas","value":0.9,"estimate":"mean","season":"DJF"},{"bfs_id":64,"rcp":"obs","period":"1981-2010","key":"tas","value":9.1,"estimate":"mean","season":"MAM"},{"bfs_id":64,"rcp":"obs","period":"1981-2010","key":"tas","value":17.7,"estimate":"mean","season":"JJA"},{"bfs_id":64,"rcp":"obs","period":"1981-2010","key":"tas","value":9.3,"estimate":"mean","season":"SON"}]
