[{"bfs_id":3786,"rcp":"RCP2.6","period":"2035","key":"FD","value":204.4,"estimate":"q5"},{"bfs_id":3786,"rcp":"RCP2.6","period":"2035","key":"FD","value":213.7,"estimate":"q50"},{"bfs_id":3786,"rcp":"RCP2.6","period":"2035","key":"FD","value":224.1,"estimate":"q95"},{"bfs_id":3786,"rcp":"RCP2.6","period":"2060","key":"FD","value":196.6,"estimate":"q5"},{"bfs_id":3786,"rcp":"RCP2.6","period":"2060","key":"FD","value":209.7,"estimate":"q50"},{"bfs_id":3786,"rcp":"RCP2.6","period":"2060","key":"FD","value":223.4,"estimate":"q95"},{"bfs_id":3786,"rcp":"RCP2.6","period":"2085","key":"FD","value":196.8,"estimate":"q5"},{"bfs_id":3786,"rcp":"RCP2.6","period":"2085","key":"FD","value":210.1,"estimate":"q50"},{"bfs_id":3786,"rcp":"RCP2.6","period":"2085","key":"FD","value":224.7,"estimate":"q95"},{"bfs_id":3786,"rcp":"RCP8.5","period":"2035","key":"FD","value":199.4,"estimate":"q5"},{"bfs_id":3786,"rcp":"RCP8.5","period":"2035","key":"FD","value":209.2,"estimate":"q50"},{"bfs_id":3786,"rcp":"RCP8.5","period":"2035","key":"FD","value":218.2,"estimate":"q95"},{"bfs_id":3786,"rcp":"RCP8.5","period":"2060","key":"FD","value":175.7,"estimate":"q5"},{"bfs_id":3786,"rcp":"RCP8.5","period":"2060","key":"FD","value":186.9,"estimate":"q50"},{"bfs_id":3786,"rcp":"RCP8.5","period":"2060","key":"FD","value":201,"estimate":"q95"},{"bfs_id":3786,"rcp":"RCP8.5","period":"2085","key":"FD","value":151,"estimate":"q5"},{"bfs_id":3786,"rcp":"RCP8.5","period":"2085","key":"FD","value":164.9,"estimate":"q50"},{"bfs_id":3786,"rcp":"RCP8.5","period":"2085","key":"FD","value":179.7,"estimate":"q95"},{"bfs_id":3786,"rcp":"RCP2.6","period":"2035","key":"HD","value":0,"estimate":"q5"},{"bfs_id":3786,"rcp":"RCP2.6","period":"2035","key":"HD","value":0.2,"estimate":"q50"},{"bfs_id":3786,"rcp":"RCP2.6","period":"2035","key":"HD","value":1.4,"estimate":"q95"},{"bfs_id":3786,"rcp":"RCP2.6","period":"2060","key":"HD","value":0,"estimate":"q5"},{"bfs_id":3786,"rcp":"RCP2.6","period":"2060","key":"HD","value":0.2,"estimate":"q50"},{"bfs_id":3786,"rcp":"RCP2.6","period":"2060","key":"HD","value":1.8,"estimate":"q95"},{"bfs_id":3786,"rcp":"RCP2.6","period":"2085","key":"HD","value":0,"estimate":"q5"},{"bfs_id":3786,"rcp":"RCP2.6","period":"2085","key":"HD","value":0.2,"estimate":"q50"},{"bfs_id":3786,"rcp":"RCP2.6","period":"2085","key":"HD","value":1.8,"estimate":"q95"},{"bfs_id":3786,"rcp":"RCP8.5","period":"2035","key":"HD","value":0,"estimate":"q5"},{"bfs_id":3786,"rcp":"RCP8.5","period":"2035","key":"HD","value":0.1,"estimate":"q50"},{"bfs_id":3786,"rcp":"RCP8.5","period":"2035","key":"HD","value":2.4,"estimate":"q95"},{"bfs_id":3786,"rcp":"RCP8.5","period":"2060","key":"HD","value":0.2,"estimate":"q5"},{"bfs_id":3786,"rcp":"RCP8.5","period":"2060","key":"HD","value":1.3,"estimate":"q50"},{"bfs_id":3786,"rcp":"RCP8.5","period":"2060","key":"HD","value":8.7,"estimate":"q95"},{"bfs_id":3786,"rcp":"RCP8.5","period":"2085","key":"HD","value":1.2,"estimate":"q5"},{"bfs_id":3786,"rcp":"RCP8.5","period":"2085","key":"HD","value":6.3,"estimate":"q50"},{"bfs_id":3786,"rcp":"RCP8.5","period":"2085","key":"HD","value":33.5,"estimate":"q95"},{"bfs_id":3786,"rcp":"RCP2.6","period":"2035","key":"ID","value":48,"estimate":"q5"},{"bfs_id":3786,"rcp":"RCP2.6","period":"2035","key":"ID","value":55.7,"estimate":"q50"},{"bfs_id":3786,"rcp":"RCP2.6","period":"2035","key":"ID","value":60.7,"estimate":"q95"},{"bfs_id":3786,"rcp":"RCP2.6","period":"2060","key":"ID","value":45.4,"estimate":"q5"},{"bfs_id":3786,"rcp":"RCP2.6","period":"2060","key":"ID","value":51.7,"estimate":"q50"},{"bfs_id":3786,"rcp":"RCP2.6","period":"2060","key":"ID","value":59,"estimate":"q95"},{"bfs_id":3786,"rcp":"RCP2.6","period":"2085","key":"ID","value":44.1,"estimate":"q5"},{"bfs_id":3786,"rcp":"RCP2.6","period":"2085","key":"ID","value":53.5,"estimate":"q50"},{"bfs_id":3786,"rcp":"RCP2.6","period":"2085","key":"ID","value":59.9,"estimate":"q95"},{"bfs_id":3786,"rcp":"RCP8.5","period":"2035","key":"ID","value":45.2,"estimate":"q5"},{"bfs_id":3786,"rcp":"RCP8.5","period":"2035","key":"ID","value":52.5,"estimate":"q50"},{"bfs_id":3786,"rcp":"RCP8.5","period":"2035","key":"ID","value":58.3,"estimate":"q95"},{"bfs_id":3786,"rcp":"RCP8.5","period":"2060","key":"ID","value":33.9,"estimate":"q5"},{"bfs_id":3786,"rcp":"RCP8.5","period":"2060","key":"ID","value":41.6,"estimate":"q50"},{"bfs_id":3786,"rcp":"RCP8.5","period":"2060","key":"ID","value":45.8,"estimate":"q95"},{"bfs_id":3786,"rcp":"RCP8.5","period":"2085","key":"ID","value":22.9,"estimate":"q5"},{"bfs_id":3786,"rcp":"RCP8.5","period":"2085","key":"ID","value":27,"estimate":"q50"},{"bfs_id":3786,"rcp":"RCP8.5","period":"2085","key":"ID","value":34.9,"estimate":"q95"},{"bfs_id":3786,"rcp":"RCP2.6","period":"2035","key":"SD","value":4.1,"estimate":"q5"},{"bfs_id":3786,"rcp":"RCP2.6","period":"2035","key":"SD","value":7.2,"estimate":"q50"},{"bfs_id":3786,"rcp":"RCP2.6","period":"2035","key":"SD","value":19.8,"estimate":"q95"},{"bfs_id":3786,"rcp":"RCP2.6","period":"2060","key":"SD","value":4.7,"estimate":"q5"},{"bfs_id":3786,"rcp":"RCP2.6","period":"2060","key":"SD","value":8.9,"estimate":"q50"},{"bfs_id":3786,"rcp":"RCP2.6","period":"2060","key":"SD","value":22.4,"estimate":"q95"},{"bfs_id":3786,"rcp":"RCP2.6","period":"2085","key":"SD","value":4.5,"estimate":"q5"},{"bfs_id":3786,"rcp":"RCP2.6","period":"2085","key":"SD","value":7.2,"estimate":"q50"},{"bfs_id":3786,"rcp":"RCP2.6","period":"2085","key":"SD","value":21.6,"estimate":"q95"},{"bfs_id":3786,"rcp":"RCP8.5","period":"2035","key":"SD","value":5.8,"estimate":"q5"},{"bfs_id":3786,"rcp":"RCP8.5","period":"2035","key":"SD","value":8.6,"estimate":"q50"},{"bfs_id":3786,"rcp":"RCP8.5","period":"2035","key":"SD","value":26.5,"estimate":"q95"},{"bfs_id":3786,"rcp":"RCP8.5","period":"2060","key":"SD","value":13.2,"estimate":"q5"},{"bfs_id":3786,"rcp":"RCP8.5","period":"2060","key":"SD","value":21.6,"estimate":"q50"},{"bfs_id":3786,"rcp":"RCP8.5","period":"2060","key":"SD","value":46.1,"estimate":"q95"},{"bfs_id":3786,"rcp":"RCP8.5","period":"2085","key":"SD","value":28.9,"estimate":"q5"},{"bfs_id":3786,"rcp":"RCP8.5","period":"2085","key":"SD","value":43.7,"estimate":"q50"},{"bfs_id":3786,"rcp":"RCP8.5","period":"2085","key":"SD","value":83.3,"estimate":"q95"},{"bfs_id":3786,"rcp":"RCP2.6","period":"2035","key":"snowdays","value":24.5,"estimate":"q5"},{"bfs_id":3786,"rcp":"RCP2.6","period":"2035","key":"snowdays","value":29.7,"estimate":"q50"},{"bfs_id":3786,"rcp":"RCP2.6","period":"2035","key":"snowdays","value":40,"estimate":"q95"},{"bfs_id":3786,"rcp":"RCP2.6","period":"2060","key":"snowdays","value":24,"estimate":"q5"},{"bfs_id":3786,"rcp":"RCP2.6","period":"2060","key":"snowdays","value":30,"estimate":"q50"},{"bfs_id":3786,"rcp":"RCP2.6","period":"2060","key":"snowdays","value":40.1,"estimate":"q95"},{"bfs_id":3786,"rcp":"RCP2.6","period":"2085","key":"snowdays","value":23.6,"estimate":"q5"},{"bfs_id":3786,"rcp":"RCP2.6","period":"2085","key":"snowdays","value":29.3,"estimate":"q50"},{"bfs_id":3786,"rcp":"RCP2.6","period":"2085","key":"snowdays","value":40.1,"estimate":"q95"},{"bfs_id":3786,"rcp":"RCP8.5","period":"2035","key":"snowdays","value":23.5,"estimate":"q5"},{"bfs_id":3786,"rcp":"RCP8.5","period":"2035","key":"snowdays","value":29.3,"estimate":"q50"},{"bfs_id":3786,"rcp":"RCP8.5","period":"2035","key":"snowdays","value":35.2,"estimate":"q95"},{"bfs_id":3786,"rcp":"RCP8.5","period":"2060","key":"snowdays","value":19.9,"estimate":"q5"},{"bfs_id":3786,"rcp":"RCP8.5","period":"2060","key":"snowdays","value":24.7,"estimate":"q50"},{"bfs_id":3786,"rcp":"RCP8.5","period":"2060","key":"snowdays","value":33.1,"estimate":"q95"},{"bfs_id":3786,"rcp":"RCP8.5","period":"2085","key":"snowdays","value":15.8,"estimate":"q5"},{"bfs_id":3786,"rcp":"RCP8.5","period":"2085","key":"snowdays","value":20.8,"estimate":"q50"},{"bfs_id":3786,"rcp":"RCP8.5","period":"2085","key":"snowdays","value":31.1,"estimate":"q95"},{"bfs_id":3786,"rcp":"RCP2.6","period":"2035","key":"TN","value":0,"estimate":"q5"},{"bfs_id":3786,"rcp":"RCP2.6","period":"2035","key":"TN","value":0,"estimate":"q50"},{"bfs_id":3786,"rcp":"RCP2.6","period":"2035","key":"TN","value":0,"estimate":"q95"},{"bfs_id":3786,"rcp":"RCP2.6","period":"2060","key":"TN","value":0,"estimate":"q5"},{"bfs_id":3786,"rcp":"RCP2.6","period":"2060","key":"TN","value":0,"estimate":"q50"},{"bfs_id":3786,"rcp":"RCP2.6","period":"2060","key":"TN","value":0,"estimate":"q95"},{"bfs_id":3786,"rcp":"RCP2.6","period":"2085","key":"TN","value":0,"estimate":"q5"},{"bfs_id":3786,"rcp":"RCP2.6","period":"2085","key":"TN","value":0,"estimate":"q50"},{"bfs_id":3786,"rcp":"RCP2.6","period":"2085","key":"TN","value":0,"estimate":"q95"},{"bfs_id":3786,"rcp":"RCP8.5","period":"2035","key":"TN","value":0,"estimate":"q5"},{"bfs_id":3786,"rcp":"RCP8.5","period":"2035","key":"TN","value":0,"estimate":"q50"},{"bfs_id":3786,"rcp":"RCP8.5","period":"2035","key":"TN","value":0,"estimate":"q95"},{"bfs_id":3786,"rcp":"RCP8.5","period":"2060","key":"TN","value":0,"estimate":"q5"},{"bfs_id":3786,"rcp":"RCP8.5","period":"2060","key":"TN","value":0,"estimate":"q50"},{"bfs_id":3786,"rcp":"RCP8.5","period":"2060","key":"TN","value":0,"estimate":"q95"},{"bfs_id":3786,"rcp":"RCP8.5","period":"2085","key":"TN","value":0,"estimate":"q5"},{"bfs_id":3786,"rcp":"RCP8.5","period":"2085","key":"TN","value":0,"estimate":"q50"},{"bfs_id":3786,"rcp":"RCP8.5","period":"2085","key":"TN","value":0.2,"estimate":"q95"},{"bfs_id":3786,"rcp":"RCP2.6","period":"2035","key":"pr","value":1,"estimate":"q5","season":"DJF"},{"bfs_id":3786,"rcp":"RCP2.6","period":"2035","key":"pr","value":1.6,"estimate":"q5","season":"MAM"},{"bfs_id":3786,"rcp":"RCP2.6","period":"2035","key":"pr","value":2.4,"estimate":"q5","season":"JJA"},{"bfs_id":3786,"rcp":"RCP2.6","period":"2035","key":"pr","value":1.9,"estimate":"q5","season":"SON"},{"bfs_id":3786,"rcp":"RCP2.6","period":"2035","key":"pr","value":1.2,"estimate":"q50","season":"DJF"},{"bfs_id":3786,"rcp":"RCP2.6","period":"2035","key":"pr","value":1.8,"estimate":"q50","season":"MAM"},{"bfs_id":3786,"rcp":"RCP2.6","period":"2035","key":"pr","value":2.9,"estimate":"q50","season":"JJA"},{"bfs_id":3786,"rcp":"RCP2.6","period":"2035","key":"pr","value":2.4,"estimate":"q50","season":"SON"},{"bfs_id":3786,"rcp":"RCP2.6","period":"2035","key":"pr","value":1.4,"estimate":"q95","season":"DJF"},{"bfs_id":3786,"rcp":"RCP2.6","period":"2035","key":"pr","value":2,"estimate":"q95","season":"MAM"},{"bfs_id":3786,"rcp":"RCP2.6","period":"2035","key":"pr","value":3.2,"estimate":"q95","season":"JJA"},{"bfs_id":3786,"rcp":"RCP2.6","period":"2035","key":"pr","value":2.8,"estimate":"q95","season":"SON"},{"bfs_id":3786,"rcp":"RCP2.6","period":"2060","key":"pr","value":1.1,"estimate":"q5","season":"DJF"},{"bfs_id":3786,"rcp":"RCP2.6","period":"2060","key":"pr","value":1.5,"estimate":"q5","season":"MAM"},{"bfs_id":3786,"rcp":"RCP2.6","period":"2060","key":"pr","value":2.3,"estimate":"q5","season":"JJA"},{"bfs_id":3786,"rcp":"RCP2.6","period":"2060","key":"pr","value":2,"estimate":"q5","season":"SON"},{"bfs_id":3786,"rcp":"RCP2.6","period":"2060","key":"pr","value":1.3,"estimate":"q50","season":"DJF"},{"bfs_id":3786,"rcp":"RCP2.6","period":"2060","key":"pr","value":1.8,"estimate":"q50","season":"MAM"},{"bfs_id":3786,"rcp":"RCP2.6","period":"2060","key":"pr","value":2.8,"estimate":"q50","season":"JJA"},{"bfs_id":3786,"rcp":"RCP2.6","period":"2060","key":"pr","value":2.4,"estimate":"q50","season":"SON"},{"bfs_id":3786,"rcp":"RCP2.6","period":"2060","key":"pr","value":1.5,"estimate":"q95","season":"DJF"},{"bfs_id":3786,"rcp":"RCP2.6","period":"2060","key":"pr","value":2.1,"estimate":"q95","season":"MAM"},{"bfs_id":3786,"rcp":"RCP2.6","period":"2060","key":"pr","value":3.5,"estimate":"q95","season":"JJA"},{"bfs_id":3786,"rcp":"RCP2.6","period":"2060","key":"pr","value":2.7,"estimate":"q95","season":"SON"},{"bfs_id":3786,"rcp":"RCP2.6","period":"2085","key":"pr","value":1.1,"estimate":"q5","season":"DJF"},{"bfs_id":3786,"rcp":"RCP2.6","period":"2085","key":"pr","value":1.5,"estimate":"q5","season":"MAM"},{"bfs_id":3786,"rcp":"RCP2.6","period":"2085","key":"pr","value":2.3,"estimate":"q5","season":"JJA"},{"bfs_id":3786,"rcp":"RCP2.6","period":"2085","key":"pr","value":1.9,"estimate":"q5","season":"SON"},{"bfs_id":3786,"rcp":"RCP2.6","period":"2085","key":"pr","value":1.3,"estimate":"q50","season":"DJF"},{"bfs_id":3786,"rcp":"RCP2.6","period":"2085","key":"pr","value":1.8,"estimate":"q50","season":"MAM"},{"bfs_id":3786,"rcp":"RCP2.6","period":"2085","key":"pr","value":2.9,"estimate":"q50","season":"JJA"},{"bfs_id":3786,"rcp":"RCP2.6","period":"2085","key":"pr","value":2.3,"estimate":"q50","season":"SON"},{"bfs_id":3786,"rcp":"RCP2.6","period":"2085","key":"pr","value":1.5,"estimate":"q95","season":"DJF"},{"bfs_id":3786,"rcp":"RCP2.6","period":"2085","key":"pr","value":2.3,"estimate":"q95","season":"MAM"},{"bfs_id":3786,"rcp":"RCP2.6","period":"2085","key":"pr","value":3.3,"estimate":"q95","season":"JJA"},{"bfs_id":3786,"rcp":"RCP2.6","period":"2085","key":"pr","value":2.7,"estimate":"q95","season":"SON"},{"bfs_id":3786,"rcp":"RCP8.5","period":"2035","key":"pr","value":1.1,"estimate":"q5","season":"DJF"},{"bfs_id":3786,"rcp":"RCP8.5","period":"2035","key":"pr","value":1.6,"estimate":"q5","season":"MAM"},{"bfs_id":3786,"rcp":"RCP8.5","period":"2035","key":"pr","value":2.5,"estimate":"q5","season":"JJA"},{"bfs_id":3786,"rcp":"RCP8.5","period":"2035","key":"pr","value":2,"estimate":"q5","season":"SON"},{"bfs_id":3786,"rcp":"RCP8.5","period":"2035","key":"pr","value":1.2,"estimate":"q50","season":"DJF"},{"bfs_id":3786,"rcp":"RCP8.5","period":"2035","key":"pr","value":1.8,"estimate":"q50","season":"MAM"},{"bfs_id":3786,"rcp":"RCP8.5","period":"2035","key":"pr","value":2.8,"estimate":"q50","season":"JJA"},{"bfs_id":3786,"rcp":"RCP8.5","period":"2035","key":"pr","value":2.2,"estimate":"q50","season":"SON"},{"bfs_id":3786,"rcp":"RCP8.5","period":"2035","key":"pr","value":1.4,"estimate":"q95","season":"DJF"},{"bfs_id":3786,"rcp":"RCP8.5","period":"2035","key":"pr","value":2.1,"estimate":"q95","season":"MAM"},{"bfs_id":3786,"rcp":"RCP8.5","period":"2035","key":"pr","value":3.4,"estimate":"q95","season":"JJA"},{"bfs_id":3786,"rcp":"RCP8.5","period":"2035","key":"pr","value":2.7,"estimate":"q95","season":"SON"},{"bfs_id":3786,"rcp":"RCP8.5","period":"2060","key":"pr","value":1,"estimate":"q5","season":"DJF"},{"bfs_id":3786,"rcp":"RCP8.5","period":"2060","key":"pr","value":1.6,"estimate":"q5","season":"MAM"},{"bfs_id":3786,"rcp":"RCP8.5","period":"2060","key":"pr","value":2.2,"estimate":"q5","season":"JJA"},{"bfs_id":3786,"rcp":"RCP8.5","period":"2060","key":"pr","value":2,"estimate":"q5","season":"SON"},{"bfs_id":3786,"rcp":"RCP8.5","period":"2060","key":"pr","value":1.3,"estimate":"q50","season":"DJF"},{"bfs_id":3786,"rcp":"RCP8.5","period":"2060","key":"pr","value":1.9,"estimate":"q50","season":"MAM"},{"bfs_id":3786,"rcp":"RCP8.5","period":"2060","key":"pr","value":2.6,"estimate":"q50","season":"JJA"},{"bfs_id":3786,"rcp":"RCP8.5","period":"2060","key":"pr","value":2.4,"estimate":"q50","season":"SON"},{"bfs_id":3786,"rcp":"RCP8.5","period":"2060","key":"pr","value":1.6,"estimate":"q95","season":"DJF"},{"bfs_id":3786,"rcp":"RCP8.5","period":"2060","key":"pr","value":2.3,"estimate":"q95","season":"MAM"},{"bfs_id":3786,"rcp":"RCP8.5","period":"2060","key":"pr","value":3.6,"estimate":"q95","season":"JJA"},{"bfs_id":3786,"rcp":"RCP8.5","period":"2060","key":"pr","value":2.9,"estimate":"q95","season":"SON"},{"bfs_id":3786,"rcp":"RCP8.5","period":"2085","key":"pr","value":1.2,"estimate":"q5","season":"DJF"},{"bfs_id":3786,"rcp":"RCP8.5","period":"2085","key":"pr","value":1.6,"estimate":"q5","season":"MAM"},{"bfs_id":3786,"rcp":"RCP8.5","period":"2085","key":"pr","value":1.9,"estimate":"q5","season":"JJA"},{"bfs_id":3786,"rcp":"RCP8.5","period":"2085","key":"pr","value":2.1,"estimate":"q5","season":"SON"},{"bfs_id":3786,"rcp":"RCP8.5","period":"2085","key":"pr","value":1.4,"estimate":"q50","season":"DJF"},{"bfs_id":3786,"rcp":"RCP8.5","period":"2085","key":"pr","value":2,"estimate":"q50","season":"MAM"},{"bfs_id":3786,"rcp":"RCP8.5","period":"2085","key":"pr","value":2.4,"estimate":"q50","season":"JJA"},{"bfs_id":3786,"rcp":"RCP8.5","period":"2085","key":"pr","value":2.4,"estimate":"q50","season":"SON"},{"bfs_id":3786,"rcp":"RCP8.5","period":"2085","key":"pr","value":2,"estimate":"q95","season":"DJF"},{"bfs_id":3786,"rcp":"RCP8.5","period":"2085","key":"pr","value":2.3,"estimate":"q95","season":"MAM"},{"bfs_id":3786,"rcp":"RCP8.5","period":"2085","key":"pr","value":3.8,"estimate":"q95","season":"JJA"},{"bfs_id":3786,"rcp":"RCP8.5","period":"2085","key":"pr","value":2.9,"estimate":"q95","season":"SON"},{"bfs_id":3786,"rcp":"RCP2.6","period":"2035","key":"tas","value":-7.4,"estimate":"q5","season":"DJF"},{"bfs_id":3786,"rcp":"RCP2.6","period":"2035","key":"tas","value":1.6,"estimate":"q5","season":"MAM"},{"bfs_id":3786,"rcp":"RCP2.6","period":"2035","key":"tas","value":11.6,"estimate":"q5","season":"JJA"},{"bfs_id":3786,"rcp":"RCP2.6","period":"2035","key":"tas","value":3.4,"estimate":"q5","season":"SON"},{"bfs_id":3786,"rcp":"RCP2.6","period":"2035","key":"tas","value":-6.8,"estimate":"q50","season":"DJF"},{"bfs_id":3786,"rcp":"RCP2.6","period":"2035","key":"tas","value":2.2,"estimate":"q50","season":"MAM"},{"bfs_id":3786,"rcp":"RCP2.6","period":"2035","key":"tas","value":12.5,"estimate":"q50","season":"JJA"},{"bfs_id":3786,"rcp":"RCP2.6","period":"2035","key":"tas","value":4.1,"estimate":"q50","season":"SON"},{"bfs_id":3786,"rcp":"RCP2.6","period":"2035","key":"tas","value":-6.2,"estimate":"q95","season":"DJF"},{"bfs_id":3786,"rcp":"RCP2.6","period":"2035","key":"tas","value":2.7,"estimate":"q95","season":"MAM"},{"bfs_id":3786,"rcp":"RCP2.6","period":"2035","key":"tas","value":14.1,"estimate":"q95","season":"JJA"},{"bfs_id":3786,"rcp":"RCP2.6","period":"2035","key":"tas","value":5.3,"estimate":"q95","season":"SON"},{"bfs_id":3786,"rcp":"RCP2.6","period":"2060","key":"tas","value":-7.4,"estimate":"q5","season":"DJF"},{"bfs_id":3786,"rcp":"RCP2.6","period":"2060","key":"tas","value":1.4,"estimate":"q5","season":"MAM"},{"bfs_id":3786,"rcp":"RCP2.6","period":"2060","key":"tas","value":11.9,"estimate":"q5","season":"JJA"},{"bfs_id":3786,"rcp":"RCP2.6","period":"2060","key":"tas","value":3.6,"estimate":"q5","season":"SON"},{"bfs_id":3786,"rcp":"RCP2.6","period":"2060","key":"tas","value":-6.4,"estimate":"q50","season":"DJF"},{"bfs_id":3786,"rcp":"RCP2.6","period":"2060","key":"tas","value":2.1,"estimate":"q50","season":"MAM"},{"bfs_id":3786,"rcp":"RCP2.6","period":"2060","key":"tas","value":12.7,"estimate":"q50","season":"JJA"},{"bfs_id":3786,"rcp":"RCP2.6","period":"2060","key":"tas","value":4.6,"estimate":"q50","season":"SON"},{"bfs_id":3786,"rcp":"RCP2.6","period":"2060","key":"tas","value":-5.9,"estimate":"q95","season":"DJF"},{"bfs_id":3786,"rcp":"RCP2.6","period":"2060","key":"tas","value":2.8,"estimate":"q95","season":"MAM"},{"bfs_id":3786,"rcp":"RCP2.6","period":"2060","key":"tas","value":14.7,"estimate":"q95","season":"JJA"},{"bfs_id":3786,"rcp":"RCP2.6","period":"2060","key":"tas","value":5.7,"estimate":"q95","season":"SON"},{"bfs_id":3786,"rcp":"RCP2.6","period":"2085","key":"tas","value":-7.2,"estimate":"q5","season":"DJF"},{"bfs_id":3786,"rcp":"RCP2.6","period":"2085","key":"tas","value":1.6,"estimate":"q5","season":"MAM"},{"bfs_id":3786,"rcp":"RCP2.6","period":"2085","key":"tas","value":11.8,"estimate":"q5","season":"JJA"},{"bfs_id":3786,"rcp":"RCP2.6","period":"2085","key":"tas","value":3.5,"estimate":"q5","season":"SON"},{"bfs_id":3786,"rcp":"RCP2.6","period":"2085","key":"tas","value":-6.7,"estimate":"q50","season":"DJF"},{"bfs_id":3786,"rcp":"RCP2.6","period":"2085","key":"tas","value":2.2,"estimate":"q50","season":"MAM"},{"bfs_id":3786,"rcp":"RCP2.6","period":"2085","key":"tas","value":12.6,"estimate":"q50","season":"JJA"},{"bfs_id":3786,"rcp":"RCP2.6","period":"2085","key":"tas","value":4.3,"estimate":"q50","season":"SON"},{"bfs_id":3786,"rcp":"RCP2.6","period":"2085","key":"tas","value":-5.8,"estimate":"q95","season":"DJF"},{"bfs_id":3786,"rcp":"RCP2.6","period":"2085","key":"tas","value":3,"estimate":"q95","season":"MAM"},{"bfs_id":3786,"rcp":"RCP2.6","period":"2085","key":"tas","value":14.4,"estimate":"q95","season":"JJA"},{"bfs_id":3786,"rcp":"RCP2.6","period":"2085","key":"tas","value":5.8,"estimate":"q95","season":"SON"},{"bfs_id":3786,"rcp":"RCP8.5","period":"2035","key":"tas","value":-7.1,"estimate":"q5","season":"DJF"},{"bfs_id":3786,"rcp":"RCP8.5","period":"2035","key":"tas","value":1.9,"estimate":"q5","season":"MAM"},{"bfs_id":3786,"rcp":"RCP8.5","period":"2035","key":"tas","value":12.1,"estimate":"q5","season":"JJA"},{"bfs_id":3786,"rcp":"RCP8.5","period":"2035","key":"tas","value":3.9,"estimate":"q5","season":"SON"},{"bfs_id":3786,"rcp":"RCP8.5","period":"2035","key":"tas","value":-6.3,"estimate":"q50","season":"DJF"},{"bfs_id":3786,"rcp":"RCP8.5","period":"2035","key":"tas","value":2.1,"estimate":"q50","season":"MAM"},{"bfs_id":3786,"rcp":"RCP8.5","period":"2035","key":"tas","value":12.8,"estimate":"q50","season":"JJA"},{"bfs_id":3786,"rcp":"RCP8.5","period":"2035","key":"tas","value":4.5,"estimate":"q50","season":"SON"},{"bfs_id":3786,"rcp":"RCP8.5","period":"2035","key":"tas","value":-5.9,"estimate":"q95","season":"DJF"},{"bfs_id":3786,"rcp":"RCP8.5","period":"2035","key":"tas","value":2.8,"estimate":"q95","season":"MAM"},{"bfs_id":3786,"rcp":"RCP8.5","period":"2035","key":"tas","value":14.5,"estimate":"q95","season":"JJA"},{"bfs_id":3786,"rcp":"RCP8.5","period":"2035","key":"tas","value":5.5,"estimate":"q95","season":"SON"},{"bfs_id":3786,"rcp":"RCP8.5","period":"2060","key":"tas","value":-5.8,"estimate":"q5","season":"DJF"},{"bfs_id":3786,"rcp":"RCP8.5","period":"2060","key":"tas","value":2.7,"estimate":"q5","season":"MAM"},{"bfs_id":3786,"rcp":"RCP8.5","period":"2060","key":"tas","value":13.1,"estimate":"q5","season":"JJA"},{"bfs_id":3786,"rcp":"RCP8.5","period":"2060","key":"tas","value":5.2,"estimate":"q5","season":"SON"},{"bfs_id":3786,"rcp":"RCP8.5","period":"2060","key":"tas","value":-5.3,"estimate":"q50","season":"DJF"},{"bfs_id":3786,"rcp":"RCP8.5","period":"2060","key":"tas","value":3.4,"estimate":"q50","season":"MAM"},{"bfs_id":3786,"rcp":"RCP8.5","period":"2060","key":"tas","value":14.1,"estimate":"q50","season":"JJA"},{"bfs_id":3786,"rcp":"RCP8.5","period":"2060","key":"tas","value":6.3,"estimate":"q50","season":"SON"},{"bfs_id":3786,"rcp":"RCP8.5","period":"2060","key":"tas","value":-4.7,"estimate":"q95","season":"DJF"},{"bfs_id":3786,"rcp":"RCP8.5","period":"2060","key":"tas","value":4.2,"estimate":"q95","season":"MAM"},{"bfs_id":3786,"rcp":"RCP8.5","period":"2060","key":"tas","value":16.6,"estimate":"q95","season":"JJA"},{"bfs_id":3786,"rcp":"RCP8.5","period":"2060","key":"tas","value":7.8,"estimate":"q95","season":"SON"},{"bfs_id":3786,"rcp":"RCP8.5","period":"2085","key":"tas","value":-4.1,"estimate":"q5","season":"DJF"},{"bfs_id":3786,"rcp":"RCP8.5","period":"2085","key":"tas","value":4.2,"estimate":"q5","season":"MAM"},{"bfs_id":3786,"rcp":"RCP8.5","period":"2085","key":"tas","value":14.5,"estimate":"q5","season":"JJA"},{"bfs_id":3786,"rcp":"RCP8.5","period":"2085","key":"tas","value":6.8,"estimate":"q5","season":"SON"},{"bfs_id":3786,"rcp":"RCP8.5","period":"2085","key":"tas","value":-3.3,"estimate":"q50","season":"DJF"},{"bfs_id":3786,"rcp":"RCP8.5","period":"2085","key":"tas","value":5,"estimate":"q50","season":"MAM"},{"bfs_id":3786,"rcp":"RCP8.5","period":"2085","key":"tas","value":16.3,"estimate":"q50","season":"JJA"},{"bfs_id":3786,"rcp":"RCP8.5","period":"2085","key":"tas","value":7.9,"estimate":"q50","season":"SON"},{"bfs_id":3786,"rcp":"RCP8.5","period":"2085","key":"tas","value":-2.6,"estimate":"q95","season":"DJF"},{"bfs_id":3786,"rcp":"RCP8.5","period":"2085","key":"tas","value":7.2,"estimate":"q95","season":"MAM"},{"bfs_id":3786,"rcp":"RCP8.5","period":"2085","key":"tas","value":19.4,"estimate":"q95","season":"JJA"},{"bfs_id":3786,"rcp":"RCP8.5","period":"2085","key":"tas","value":10.2,"estimate":"q95","season":"SON"},{"bfs_id":3786,"rcp":"obs","period":"1981-2010","key":"FD","value":237.5,"estimate":"yearly_mean"},{"bfs_id":3786,"rcp":"obs","period":"1981-2010","key":"HD","value":0,"estimate":"yearly_mean"},{"bfs_id":3786,"rcp":"obs","period":"1981-2010","key":"ID","value":65.6,"estimate":"yearly_mean"},{"bfs_id":3786,"rcp":"obs","period":"1981-2010","key":"SD","value":2.2,"estimate":"yearly_mean"},{"bfs_id":3786,"rcp":"obs","period":"1981-2010","key":"snowdays","value":33.6,"estimate":"yearly_mean"},{"bfs_id":3786,"rcp":"obs","period":"1981-2010","key":"TN","value":0,"estimate":"yearly_mean"},{"bfs_id":3786,"rcp":"obs","period":"1981-2010","key":"pr","value":1,"estimate":"mean","season":"DJF"},{"bfs_id":3786,"rcp":"obs","period":"1981-2010","key":"pr","value":1.6,"estimate":"mean","season":"MAM"},{"bfs_id":3786,"rcp":"obs","period":"1981-2010","key":"pr","value":3,"estimate":"mean","season":"JJA"},{"bfs_id":3786,"rcp":"obs","period":"1981-2010","key":"pr","value":2.3,"estimate":"mean","season":"SON"},{"bfs_id":3786,"rcp":"obs","period":"1981-2010","key":"tas","value":-8.3,"estimate":"mean","season":"DJF"},{"bfs_id":3786,"rcp":"obs","period":"1981-2010","key":"tas","value":1.6,"estimate":"mean","season":"MAM"},{"bfs_id":3786,"rcp":"obs","period":"1981-2010","key":"tas","value":11,"estimate":"mean","season":"JJA"},{"bfs_id":3786,"rcp":"obs","period":"1981-2010","key":"tas","value":2.7,"estimate":"mean","season":"SON"}]
