[{"bfs_id":2226,"rcp":"RCP2.6","period":"2035","key":"FD","value":82.3,"estimate":"q5"},{"bfs_id":2226,"rcp":"RCP2.6","period":"2035","key":"FD","value":93.5,"estimate":"q50"},{"bfs_id":2226,"rcp":"RCP2.6","period":"2035","key":"FD","value":102.2,"estimate":"q95"},{"bfs_id":2226,"rcp":"RCP2.6","period":"2060","key":"FD","value":77.9,"estimate":"q5"},{"bfs_id":2226,"rcp":"RCP2.6","period":"2060","key":"FD","value":89.7,"estimate":"q50"},{"bfs_id":2226,"rcp":"RCP2.6","period":"2060","key":"FD","value":100.4,"estimate":"q95"},{"bfs_id":2226,"rcp":"RCP2.6","period":"2085","key":"FD","value":76.3,"estimate":"q5"},{"bfs_id":2226,"rcp":"RCP2.6","period":"2085","key":"FD","value":90.9,"estimate":"q50"},{"bfs_id":2226,"rcp":"RCP2.6","period":"2085","key":"FD","value":101.2,"estimate":"q95"},{"bfs_id":2226,"rcp":"RCP8.5","period":"2035","key":"FD","value":80.3,"estimate":"q5"},{"bfs_id":2226,"rcp":"RCP8.5","period":"2035","key":"FD","value":89.8,"estimate":"q50"},{"bfs_id":2226,"rcp":"RCP8.5","period":"2035","key":"FD","value":99,"estimate":"q95"},{"bfs_id":2226,"rcp":"RCP8.5","period":"2060","key":"FD","value":62.9,"estimate":"q5"},{"bfs_id":2226,"rcp":"RCP8.5","period":"2060","key":"FD","value":72.5,"estimate":"q50"},{"bfs_id":2226,"rcp":"RCP8.5","period":"2060","key":"FD","value":81.6,"estimate":"q95"},{"bfs_id":2226,"rcp":"RCP8.5","period":"2085","key":"FD","value":41.9,"estimate":"q5"},{"bfs_id":2226,"rcp":"RCP8.5","period":"2085","key":"FD","value":51.9,"estimate":"q50"},{"bfs_id":2226,"rcp":"RCP8.5","period":"2085","key":"FD","value":62.9,"estimate":"q95"},{"bfs_id":2226,"rcp":"RCP2.6","period":"2035","key":"HD","value":3.2,"estimate":"q5"},{"bfs_id":2226,"rcp":"RCP2.6","period":"2035","key":"HD","value":5,"estimate":"q50"},{"bfs_id":2226,"rcp":"RCP2.6","period":"2035","key":"HD","value":8,"estimate":"q95"},{"bfs_id":2226,"rcp":"RCP2.6","period":"2060","key":"HD","value":3.4,"estimate":"q5"},{"bfs_id":2226,"rcp":"RCP2.6","period":"2060","key":"HD","value":5.1,"estimate":"q50"},{"bfs_id":2226,"rcp":"RCP2.6","period":"2060","key":"HD","value":10.1,"estimate":"q95"},{"bfs_id":2226,"rcp":"RCP2.6","period":"2085","key":"HD","value":3.5,"estimate":"q5"},{"bfs_id":2226,"rcp":"RCP2.6","period":"2085","key":"HD","value":5.2,"estimate":"q50"},{"bfs_id":2226,"rcp":"RCP2.6","period":"2085","key":"HD","value":9.5,"estimate":"q95"},{"bfs_id":2226,"rcp":"RCP8.5","period":"2035","key":"HD","value":3.9,"estimate":"q5"},{"bfs_id":2226,"rcp":"RCP8.5","period":"2035","key":"HD","value":5.2,"estimate":"q50"},{"bfs_id":2226,"rcp":"RCP8.5","period":"2035","key":"HD","value":11.3,"estimate":"q95"},{"bfs_id":2226,"rcp":"RCP8.5","period":"2060","key":"HD","value":7.2,"estimate":"q5"},{"bfs_id":2226,"rcp":"RCP8.5","period":"2060","key":"HD","value":11.5,"estimate":"q50"},{"bfs_id":2226,"rcp":"RCP8.5","period":"2060","key":"HD","value":22.6,"estimate":"q95"},{"bfs_id":2226,"rcp":"RCP8.5","period":"2085","key":"HD","value":17.6,"estimate":"q5"},{"bfs_id":2226,"rcp":"RCP8.5","period":"2085","key":"HD","value":21.1,"estimate":"q50"},{"bfs_id":2226,"rcp":"RCP8.5","period":"2085","key":"HD","value":43.8,"estimate":"q95"},{"bfs_id":2226,"rcp":"RCP2.6","period":"2035","key":"ID","value":16.9,"estimate":"q5"},{"bfs_id":2226,"rcp":"RCP2.6","period":"2035","key":"ID","value":19.4,"estimate":"q50"},{"bfs_id":2226,"rcp":"RCP2.6","period":"2035","key":"ID","value":22.9,"estimate":"q95"},{"bfs_id":2226,"rcp":"RCP2.6","period":"2060","key":"ID","value":15.3,"estimate":"q5"},{"bfs_id":2226,"rcp":"RCP2.6","period":"2060","key":"ID","value":18.5,"estimate":"q50"},{"bfs_id":2226,"rcp":"RCP2.6","period":"2060","key":"ID","value":21.9,"estimate":"q95"},{"bfs_id":2226,"rcp":"RCP2.6","period":"2085","key":"ID","value":14.7,"estimate":"q5"},{"bfs_id":2226,"rcp":"RCP2.6","period":"2085","key":"ID","value":18.7,"estimate":"q50"},{"bfs_id":2226,"rcp":"RCP2.6","period":"2085","key":"ID","value":22.8,"estimate":"q95"},{"bfs_id":2226,"rcp":"RCP8.5","period":"2035","key":"ID","value":14.7,"estimate":"q5"},{"bfs_id":2226,"rcp":"RCP8.5","period":"2035","key":"ID","value":18.7,"estimate":"q50"},{"bfs_id":2226,"rcp":"RCP8.5","period":"2035","key":"ID","value":22.2,"estimate":"q95"},{"bfs_id":2226,"rcp":"RCP8.5","period":"2060","key":"ID","value":10.1,"estimate":"q5"},{"bfs_id":2226,"rcp":"RCP8.5","period":"2060","key":"ID","value":13.7,"estimate":"q50"},{"bfs_id":2226,"rcp":"RCP8.5","period":"2060","key":"ID","value":16.1,"estimate":"q95"},{"bfs_id":2226,"rcp":"RCP8.5","period":"2085","key":"ID","value":4.1,"estimate":"q5"},{"bfs_id":2226,"rcp":"RCP8.5","period":"2085","key":"ID","value":6.8,"estimate":"q50"},{"bfs_id":2226,"rcp":"RCP8.5","period":"2085","key":"ID","value":9.9,"estimate":"q95"},{"bfs_id":2226,"rcp":"RCP2.6","period":"2035","key":"SD","value":31.3,"estimate":"q5"},{"bfs_id":2226,"rcp":"RCP2.6","period":"2035","key":"SD","value":36.2,"estimate":"q50"},{"bfs_id":2226,"rcp":"RCP2.6","period":"2035","key":"SD","value":44.3,"estimate":"q95"},{"bfs_id":2226,"rcp":"RCP2.6","period":"2060","key":"SD","value":31.8,"estimate":"q5"},{"bfs_id":2226,"rcp":"RCP2.6","period":"2060","key":"SD","value":37.5,"estimate":"q50"},{"bfs_id":2226,"rcp":"RCP2.6","period":"2060","key":"SD","value":45.4,"estimate":"q95"},{"bfs_id":2226,"rcp":"RCP2.6","period":"2085","key":"SD","value":31.9,"estimate":"q5"},{"bfs_id":2226,"rcp":"RCP2.6","period":"2085","key":"SD","value":37.7,"estimate":"q50"},{"bfs_id":2226,"rcp":"RCP2.6","period":"2085","key":"SD","value":45,"estimate":"q95"},{"bfs_id":2226,"rcp":"RCP8.5","period":"2035","key":"SD","value":33.5,"estimate":"q5"},{"bfs_id":2226,"rcp":"RCP8.5","period":"2035","key":"SD","value":39.1,"estimate":"q50"},{"bfs_id":2226,"rcp":"RCP8.5","period":"2035","key":"SD","value":45.3,"estimate":"q95"},{"bfs_id":2226,"rcp":"RCP8.5","period":"2060","key":"SD","value":47.6,"estimate":"q5"},{"bfs_id":2226,"rcp":"RCP8.5","period":"2060","key":"SD","value":53.9,"estimate":"q50"},{"bfs_id":2226,"rcp":"RCP8.5","period":"2060","key":"SD","value":69.4,"estimate":"q95"},{"bfs_id":2226,"rcp":"RCP8.5","period":"2085","key":"SD","value":64.2,"estimate":"q5"},{"bfs_id":2226,"rcp":"RCP8.5","period":"2085","key":"SD","value":72,"estimate":"q50"},{"bfs_id":2226,"rcp":"RCP8.5","period":"2085","key":"SD","value":95.6,"estimate":"q95"},{"bfs_id":2226,"rcp":"RCP2.6","period":"2035","key":"snowdays","value":18.7,"estimate":"q5"},{"bfs_id":2226,"rcp":"RCP2.6","period":"2035","key":"snowdays","value":26.5,"estimate":"q50"},{"bfs_id":2226,"rcp":"RCP2.6","period":"2035","key":"snowdays","value":32.2,"estimate":"q95"},{"bfs_id":2226,"rcp":"RCP2.6","period":"2060","key":"snowdays","value":17.9,"estimate":"q5"},{"bfs_id":2226,"rcp":"RCP2.6","period":"2060","key":"snowdays","value":25,"estimate":"q50"},{"bfs_id":2226,"rcp":"RCP2.6","period":"2060","key":"snowdays","value":32.2,"estimate":"q95"},{"bfs_id":2226,"rcp":"RCP2.6","period":"2085","key":"snowdays","value":17.8,"estimate":"q5"},{"bfs_id":2226,"rcp":"RCP2.6","period":"2085","key":"snowdays","value":25.1,"estimate":"q50"},{"bfs_id":2226,"rcp":"RCP2.6","period":"2085","key":"snowdays","value":31.7,"estimate":"q95"},{"bfs_id":2226,"rcp":"RCP8.5","period":"2035","key":"snowdays","value":16.4,"estimate":"q5"},{"bfs_id":2226,"rcp":"RCP8.5","period":"2035","key":"snowdays","value":24.9,"estimate":"q50"},{"bfs_id":2226,"rcp":"RCP8.5","period":"2035","key":"snowdays","value":32.1,"estimate":"q95"},{"bfs_id":2226,"rcp":"RCP8.5","period":"2060","key":"snowdays","value":12.2,"estimate":"q5"},{"bfs_id":2226,"rcp":"RCP8.5","period":"2060","key":"snowdays","value":20.4,"estimate":"q50"},{"bfs_id":2226,"rcp":"RCP8.5","period":"2060","key":"snowdays","value":22.5,"estimate":"q95"},{"bfs_id":2226,"rcp":"RCP8.5","period":"2085","key":"snowdays","value":6.5,"estimate":"q5"},{"bfs_id":2226,"rcp":"RCP8.5","period":"2085","key":"snowdays","value":12.5,"estimate":"q50"},{"bfs_id":2226,"rcp":"RCP8.5","period":"2085","key":"snowdays","value":17.7,"estimate":"q95"},{"bfs_id":2226,"rcp":"RCP2.6","period":"2035","key":"TN","value":0,"estimate":"q5"},{"bfs_id":2226,"rcp":"RCP2.6","period":"2035","key":"TN","value":0.1,"estimate":"q50"},{"bfs_id":2226,"rcp":"RCP2.6","period":"2035","key":"TN","value":0.7,"estimate":"q95"},{"bfs_id":2226,"rcp":"RCP2.6","period":"2060","key":"TN","value":0,"estimate":"q5"},{"bfs_id":2226,"rcp":"RCP2.6","period":"2060","key":"TN","value":0.3,"estimate":"q50"},{"bfs_id":2226,"rcp":"RCP2.6","period":"2060","key":"TN","value":0.7,"estimate":"q95"},{"bfs_id":2226,"rcp":"RCP2.6","period":"2085","key":"TN","value":0,"estimate":"q5"},{"bfs_id":2226,"rcp":"RCP2.6","period":"2085","key":"TN","value":0.2,"estimate":"q50"},{"bfs_id":2226,"rcp":"RCP2.6","period":"2085","key":"TN","value":0.6,"estimate":"q95"},{"bfs_id":2226,"rcp":"RCP8.5","period":"2035","key":"TN","value":0.1,"estimate":"q5"},{"bfs_id":2226,"rcp":"RCP8.5","period":"2035","key":"TN","value":0.3,"estimate":"q50"},{"bfs_id":2226,"rcp":"RCP8.5","period":"2035","key":"TN","value":1.6,"estimate":"q95"},{"bfs_id":2226,"rcp":"RCP8.5","period":"2060","key":"TN","value":0.4,"estimate":"q5"},{"bfs_id":2226,"rcp":"RCP8.5","period":"2060","key":"TN","value":1.7,"estimate":"q50"},{"bfs_id":2226,"rcp":"RCP8.5","period":"2060","key":"TN","value":4.5,"estimate":"q95"},{"bfs_id":2226,"rcp":"RCP8.5","period":"2085","key":"TN","value":2.7,"estimate":"q5"},{"bfs_id":2226,"rcp":"RCP8.5","period":"2085","key":"TN","value":6.2,"estimate":"q50"},{"bfs_id":2226,"rcp":"RCP8.5","period":"2085","key":"TN","value":19.8,"estimate":"q95"},{"bfs_id":2226,"rcp":"RCP2.6","period":"2035","key":"pr","value":2.6,"estimate":"q5","season":"DJF"},{"bfs_id":2226,"rcp":"RCP2.6","period":"2035","key":"pr","value":3.2,"estimate":"q5","season":"MAM"},{"bfs_id":2226,"rcp":"RCP2.6","period":"2035","key":"pr","value":3,"estimate":"q5","season":"JJA"},{"bfs_id":2226,"rcp":"RCP2.6","period":"2035","key":"pr","value":2.8,"estimate":"q5","season":"SON"},{"bfs_id":2226,"rcp":"RCP2.6","period":"2035","key":"pr","value":3.1,"estimate":"q50","season":"DJF"},{"bfs_id":2226,"rcp":"RCP2.6","period":"2035","key":"pr","value":3.6,"estimate":"q50","season":"MAM"},{"bfs_id":2226,"rcp":"RCP2.6","period":"2035","key":"pr","value":3.9,"estimate":"q50","season":"JJA"},{"bfs_id":2226,"rcp":"RCP2.6","period":"2035","key":"pr","value":3.2,"estimate":"q50","season":"SON"},{"bfs_id":2226,"rcp":"RCP2.6","period":"2035","key":"pr","value":3.5,"estimate":"q95","season":"DJF"},{"bfs_id":2226,"rcp":"RCP2.6","period":"2035","key":"pr","value":4,"estimate":"q95","season":"MAM"},{"bfs_id":2226,"rcp":"RCP2.6","period":"2035","key":"pr","value":4.4,"estimate":"q95","season":"JJA"},{"bfs_id":2226,"rcp":"RCP2.6","period":"2035","key":"pr","value":3.8,"estimate":"q95","season":"SON"},{"bfs_id":2226,"rcp":"RCP2.6","period":"2060","key":"pr","value":2.6,"estimate":"q5","season":"DJF"},{"bfs_id":2226,"rcp":"RCP2.6","period":"2060","key":"pr","value":3.4,"estimate":"q5","season":"MAM"},{"bfs_id":2226,"rcp":"RCP2.6","period":"2060","key":"pr","value":3.1,"estimate":"q5","season":"JJA"},{"bfs_id":2226,"rcp":"RCP2.6","period":"2060","key":"pr","value":3,"estimate":"q5","season":"SON"},{"bfs_id":2226,"rcp":"RCP2.6","period":"2060","key":"pr","value":3,"estimate":"q50","season":"DJF"},{"bfs_id":2226,"rcp":"RCP2.6","period":"2060","key":"pr","value":3.7,"estimate":"q50","season":"MAM"},{"bfs_id":2226,"rcp":"RCP2.6","period":"2060","key":"pr","value":3.8,"estimate":"q50","season":"JJA"},{"bfs_id":2226,"rcp":"RCP2.6","period":"2060","key":"pr","value":3.2,"estimate":"q50","season":"SON"},{"bfs_id":2226,"rcp":"RCP2.6","period":"2060","key":"pr","value":3.4,"estimate":"q95","season":"DJF"},{"bfs_id":2226,"rcp":"RCP2.6","period":"2060","key":"pr","value":4,"estimate":"q95","season":"MAM"},{"bfs_id":2226,"rcp":"RCP2.6","period":"2060","key":"pr","value":4.5,"estimate":"q95","season":"JJA"},{"bfs_id":2226,"rcp":"RCP2.6","period":"2060","key":"pr","value":3.6,"estimate":"q95","season":"SON"},{"bfs_id":2226,"rcp":"RCP2.6","period":"2085","key":"pr","value":2.7,"estimate":"q5","season":"DJF"},{"bfs_id":2226,"rcp":"RCP2.6","period":"2085","key":"pr","value":3.3,"estimate":"q5","season":"MAM"},{"bfs_id":2226,"rcp":"RCP2.6","period":"2085","key":"pr","value":3.1,"estimate":"q5","season":"JJA"},{"bfs_id":2226,"rcp":"RCP2.6","period":"2085","key":"pr","value":2.7,"estimate":"q5","season":"SON"},{"bfs_id":2226,"rcp":"RCP2.6","period":"2085","key":"pr","value":3,"estimate":"q50","season":"DJF"},{"bfs_id":2226,"rcp":"RCP2.6","period":"2085","key":"pr","value":3.6,"estimate":"q50","season":"MAM"},{"bfs_id":2226,"rcp":"RCP2.6","period":"2085","key":"pr","value":3.9,"estimate":"q50","season":"JJA"},{"bfs_id":2226,"rcp":"RCP2.6","period":"2085","key":"pr","value":3.2,"estimate":"q50","season":"SON"},{"bfs_id":2226,"rcp":"RCP2.6","period":"2085","key":"pr","value":3.3,"estimate":"q95","season":"DJF"},{"bfs_id":2226,"rcp":"RCP2.6","period":"2085","key":"pr","value":4,"estimate":"q95","season":"MAM"},{"bfs_id":2226,"rcp":"RCP2.6","period":"2085","key":"pr","value":4.4,"estimate":"q95","season":"JJA"},{"bfs_id":2226,"rcp":"RCP2.6","period":"2085","key":"pr","value":3.7,"estimate":"q95","season":"SON"},{"bfs_id":2226,"rcp":"RCP8.5","period":"2035","key":"pr","value":2.7,"estimate":"q5","season":"DJF"},{"bfs_id":2226,"rcp":"RCP8.5","period":"2035","key":"pr","value":3.5,"estimate":"q5","season":"MAM"},{"bfs_id":2226,"rcp":"RCP8.5","period":"2035","key":"pr","value":2.9,"estimate":"q5","season":"JJA"},{"bfs_id":2226,"rcp":"RCP8.5","period":"2035","key":"pr","value":2.9,"estimate":"q5","season":"SON"},{"bfs_id":2226,"rcp":"RCP8.5","period":"2035","key":"pr","value":3.1,"estimate":"q50","season":"DJF"},{"bfs_id":2226,"rcp":"RCP8.5","period":"2035","key":"pr","value":3.7,"estimate":"q50","season":"MAM"},{"bfs_id":2226,"rcp":"RCP8.5","period":"2035","key":"pr","value":3.9,"estimate":"q50","season":"JJA"},{"bfs_id":2226,"rcp":"RCP8.5","period":"2035","key":"pr","value":3.4,"estimate":"q50","season":"SON"},{"bfs_id":2226,"rcp":"RCP8.5","period":"2035","key":"pr","value":3.5,"estimate":"q95","season":"DJF"},{"bfs_id":2226,"rcp":"RCP8.5","period":"2035","key":"pr","value":4.1,"estimate":"q95","season":"MAM"},{"bfs_id":2226,"rcp":"RCP8.5","period":"2035","key":"pr","value":4.4,"estimate":"q95","season":"JJA"},{"bfs_id":2226,"rcp":"RCP8.5","period":"2035","key":"pr","value":3.8,"estimate":"q95","season":"SON"},{"bfs_id":2226,"rcp":"RCP8.5","period":"2060","key":"pr","value":2.9,"estimate":"q5","season":"DJF"},{"bfs_id":2226,"rcp":"RCP8.5","period":"2060","key":"pr","value":3.5,"estimate":"q5","season":"MAM"},{"bfs_id":2226,"rcp":"RCP8.5","period":"2060","key":"pr","value":2.5,"estimate":"q5","season":"JJA"},{"bfs_id":2226,"rcp":"RCP8.5","period":"2060","key":"pr","value":2.8,"estimate":"q5","season":"SON"},{"bfs_id":2226,"rcp":"RCP8.5","period":"2060","key":"pr","value":3.2,"estimate":"q50","season":"DJF"},{"bfs_id":2226,"rcp":"RCP8.5","period":"2060","key":"pr","value":3.8,"estimate":"q50","season":"MAM"},{"bfs_id":2226,"rcp":"RCP8.5","period":"2060","key":"pr","value":3.7,"estimate":"q50","season":"JJA"},{"bfs_id":2226,"rcp":"RCP8.5","period":"2060","key":"pr","value":3.3,"estimate":"q50","season":"SON"},{"bfs_id":2226,"rcp":"RCP8.5","period":"2060","key":"pr","value":3.5,"estimate":"q95","season":"DJF"},{"bfs_id":2226,"rcp":"RCP8.5","period":"2060","key":"pr","value":4.2,"estimate":"q95","season":"MAM"},{"bfs_id":2226,"rcp":"RCP8.5","period":"2060","key":"pr","value":4.1,"estimate":"q95","season":"JJA"},{"bfs_id":2226,"rcp":"RCP8.5","period":"2060","key":"pr","value":3.7,"estimate":"q95","season":"SON"},{"bfs_id":2226,"rcp":"RCP8.5","period":"2085","key":"pr","value":3.1,"estimate":"q5","season":"DJF"},{"bfs_id":2226,"rcp":"RCP8.5","period":"2085","key":"pr","value":3.5,"estimate":"q5","season":"MAM"},{"bfs_id":2226,"rcp":"RCP8.5","period":"2085","key":"pr","value":1.9,"estimate":"q5","season":"JJA"},{"bfs_id":2226,"rcp":"RCP8.5","period":"2085","key":"pr","value":2.6,"estimate":"q5","season":"SON"},{"bfs_id":2226,"rcp":"RCP8.5","period":"2085","key":"pr","value":3.3,"estimate":"q50","season":"DJF"},{"bfs_id":2226,"rcp":"RCP8.5","period":"2085","key":"pr","value":3.9,"estimate":"q50","season":"MAM"},{"bfs_id":2226,"rcp":"RCP8.5","period":"2085","key":"pr","value":3.2,"estimate":"q50","season":"JJA"},{"bfs_id":2226,"rcp":"RCP8.5","period":"2085","key":"pr","value":3.1,"estimate":"q50","season":"SON"},{"bfs_id":2226,"rcp":"RCP8.5","period":"2085","key":"pr","value":3.8,"estimate":"q95","season":"DJF"},{"bfs_id":2226,"rcp":"RCP8.5","period":"2085","key":"pr","value":4.4,"estimate":"q95","season":"MAM"},{"bfs_id":2226,"rcp":"RCP8.5","period":"2085","key":"pr","value":3.7,"estimate":"q95","season":"JJA"},{"bfs_id":2226,"rcp":"RCP8.5","period":"2085","key":"pr","value":3.8,"estimate":"q95","season":"SON"},{"bfs_id":2226,"rcp":"RCP2.6","period":"2035","key":"tas","value":0.6,"estimate":"q5","season":"DJF"},{"bfs_id":2226,"rcp":"RCP2.6","period":"2035","key":"tas","value":7.4,"estimate":"q5","season":"MAM"},{"bfs_id":2226,"rcp":"RCP2.6","period":"2035","key":"tas","value":16.7,"estimate":"q5","season":"JJA"},{"bfs_id":2226,"rcp":"RCP2.6","period":"2035","key":"tas","value":8.9,"estimate":"q5","season":"SON"},{"bfs_id":2226,"rcp":"RCP2.6","period":"2035","key":"tas","value":1.1,"estimate":"q50","season":"DJF"},{"bfs_id":2226,"rcp":"RCP2.6","period":"2035","key":"tas","value":8,"estimate":"q50","season":"MAM"},{"bfs_id":2226,"rcp":"RCP2.6","period":"2035","key":"tas","value":17.3,"estimate":"q50","season":"JJA"},{"bfs_id":2226,"rcp":"RCP2.6","period":"2035","key":"tas","value":9.3,"estimate":"q50","season":"SON"},{"bfs_id":2226,"rcp":"RCP2.6","period":"2035","key":"tas","value":1.7,"estimate":"q95","season":"DJF"},{"bfs_id":2226,"rcp":"RCP2.6","period":"2035","key":"tas","value":8.4,"estimate":"q95","season":"MAM"},{"bfs_id":2226,"rcp":"RCP2.6","period":"2035","key":"tas","value":18,"estimate":"q95","season":"JJA"},{"bfs_id":2226,"rcp":"RCP2.6","period":"2035","key":"tas","value":10.1,"estimate":"q95","season":"SON"},{"bfs_id":2226,"rcp":"RCP2.6","period":"2060","key":"tas","value":0.6,"estimate":"q5","season":"DJF"},{"bfs_id":2226,"rcp":"RCP2.6","period":"2060","key":"tas","value":7.3,"estimate":"q5","season":"MAM"},{"bfs_id":2226,"rcp":"RCP2.6","period":"2060","key":"tas","value":16.9,"estimate":"q5","season":"JJA"},{"bfs_id":2226,"rcp":"RCP2.6","period":"2060","key":"tas","value":9.2,"estimate":"q5","season":"SON"},{"bfs_id":2226,"rcp":"RCP2.6","period":"2060","key":"tas","value":1.5,"estimate":"q50","season":"DJF"},{"bfs_id":2226,"rcp":"RCP2.6","period":"2060","key":"tas","value":8,"estimate":"q50","season":"MAM"},{"bfs_id":2226,"rcp":"RCP2.6","period":"2060","key":"tas","value":17.4,"estimate":"q50","season":"JJA"},{"bfs_id":2226,"rcp":"RCP2.6","period":"2060","key":"tas","value":9.6,"estimate":"q50","season":"SON"},{"bfs_id":2226,"rcp":"RCP2.6","period":"2060","key":"tas","value":1.9,"estimate":"q95","season":"DJF"},{"bfs_id":2226,"rcp":"RCP2.6","period":"2060","key":"tas","value":8.7,"estimate":"q95","season":"MAM"},{"bfs_id":2226,"rcp":"RCP2.6","period":"2060","key":"tas","value":18.1,"estimate":"q95","season":"JJA"},{"bfs_id":2226,"rcp":"RCP2.6","period":"2060","key":"tas","value":10.5,"estimate":"q95","season":"SON"},{"bfs_id":2226,"rcp":"RCP2.6","period":"2085","key":"tas","value":0.7,"estimate":"q5","season":"DJF"},{"bfs_id":2226,"rcp":"RCP2.6","period":"2085","key":"tas","value":7.4,"estimate":"q5","season":"MAM"},{"bfs_id":2226,"rcp":"RCP2.6","period":"2085","key":"tas","value":16.8,"estimate":"q5","season":"JJA"},{"bfs_id":2226,"rcp":"RCP2.6","period":"2085","key":"tas","value":9,"estimate":"q5","season":"SON"},{"bfs_id":2226,"rcp":"RCP2.6","period":"2085","key":"tas","value":1.4,"estimate":"q50","season":"DJF"},{"bfs_id":2226,"rcp":"RCP2.6","period":"2085","key":"tas","value":8.1,"estimate":"q50","season":"MAM"},{"bfs_id":2226,"rcp":"RCP2.6","period":"2085","key":"tas","value":17.4,"estimate":"q50","season":"JJA"},{"bfs_id":2226,"rcp":"RCP2.6","period":"2085","key":"tas","value":9.5,"estimate":"q50","season":"SON"},{"bfs_id":2226,"rcp":"RCP2.6","period":"2085","key":"tas","value":2.1,"estimate":"q95","season":"DJF"},{"bfs_id":2226,"rcp":"RCP2.6","period":"2085","key":"tas","value":8.7,"estimate":"q95","season":"MAM"},{"bfs_id":2226,"rcp":"RCP2.6","period":"2085","key":"tas","value":18.1,"estimate":"q95","season":"JJA"},{"bfs_id":2226,"rcp":"RCP2.6","period":"2085","key":"tas","value":10.5,"estimate":"q95","season":"SON"},{"bfs_id":2226,"rcp":"RCP8.5","period":"2035","key":"tas","value":0.7,"estimate":"q5","season":"DJF"},{"bfs_id":2226,"rcp":"RCP8.5","period":"2035","key":"tas","value":7.7,"estimate":"q5","season":"MAM"},{"bfs_id":2226,"rcp":"RCP8.5","period":"2035","key":"tas","value":17,"estimate":"q5","season":"JJA"},{"bfs_id":2226,"rcp":"RCP8.5","period":"2035","key":"tas","value":9.2,"estimate":"q5","season":"SON"},{"bfs_id":2226,"rcp":"RCP8.5","period":"2035","key":"tas","value":1.5,"estimate":"q50","season":"DJF"},{"bfs_id":2226,"rcp":"RCP8.5","period":"2035","key":"tas","value":8,"estimate":"q50","season":"MAM"},{"bfs_id":2226,"rcp":"RCP8.5","period":"2035","key":"tas","value":17.6,"estimate":"q50","season":"JJA"},{"bfs_id":2226,"rcp":"RCP8.5","period":"2035","key":"tas","value":9.6,"estimate":"q50","season":"SON"},{"bfs_id":2226,"rcp":"RCP8.5","period":"2035","key":"tas","value":1.9,"estimate":"q95","season":"DJF"},{"bfs_id":2226,"rcp":"RCP8.5","period":"2035","key":"tas","value":8.6,"estimate":"q95","season":"MAM"},{"bfs_id":2226,"rcp":"RCP8.5","period":"2035","key":"tas","value":18.3,"estimate":"q95","season":"JJA"},{"bfs_id":2226,"rcp":"RCP8.5","period":"2035","key":"tas","value":10.5,"estimate":"q95","season":"SON"},{"bfs_id":2226,"rcp":"RCP8.5","period":"2060","key":"tas","value":1.9,"estimate":"q5","season":"DJF"},{"bfs_id":2226,"rcp":"RCP8.5","period":"2060","key":"tas","value":8.5,"estimate":"q5","season":"MAM"},{"bfs_id":2226,"rcp":"RCP8.5","period":"2060","key":"tas","value":18.2,"estimate":"q5","season":"JJA"},{"bfs_id":2226,"rcp":"RCP8.5","period":"2060","key":"tas","value":10.3,"estimate":"q5","season":"SON"},{"bfs_id":2226,"rcp":"RCP8.5","period":"2060","key":"tas","value":2.3,"estimate":"q50","season":"DJF"},{"bfs_id":2226,"rcp":"RCP8.5","period":"2060","key":"tas","value":9.1,"estimate":"q50","season":"MAM"},{"bfs_id":2226,"rcp":"RCP8.5","period":"2060","key":"tas","value":18.7,"estimate":"q50","season":"JJA"},{"bfs_id":2226,"rcp":"RCP8.5","period":"2060","key":"tas","value":11,"estimate":"q50","season":"SON"},{"bfs_id":2226,"rcp":"RCP8.5","period":"2060","key":"tas","value":3.1,"estimate":"q95","season":"DJF"},{"bfs_id":2226,"rcp":"RCP8.5","period":"2060","key":"tas","value":9.8,"estimate":"q95","season":"MAM"},{"bfs_id":2226,"rcp":"RCP8.5","period":"2060","key":"tas","value":20,"estimate":"q95","season":"JJA"},{"bfs_id":2226,"rcp":"RCP8.5","period":"2060","key":"tas","value":11.8,"estimate":"q95","season":"SON"},{"bfs_id":2226,"rcp":"RCP8.5","period":"2085","key":"tas","value":3.1,"estimate":"q5","season":"DJF"},{"bfs_id":2226,"rcp":"RCP8.5","period":"2085","key":"tas","value":9.6,"estimate":"q5","season":"MAM"},{"bfs_id":2226,"rcp":"RCP8.5","period":"2085","key":"tas","value":19.6,"estimate":"q5","season":"JJA"},{"bfs_id":2226,"rcp":"RCP8.5","period":"2085","key":"tas","value":11.4,"estimate":"q5","season":"SON"},{"bfs_id":2226,"rcp":"RCP8.5","period":"2085","key":"tas","value":4.3,"estimate":"q50","season":"DJF"},{"bfs_id":2226,"rcp":"RCP8.5","period":"2085","key":"tas","value":10.5,"estimate":"q50","season":"MAM"},{"bfs_id":2226,"rcp":"RCP8.5","period":"2085","key":"tas","value":20.3,"estimate":"q50","season":"JJA"},{"bfs_id":2226,"rcp":"RCP8.5","period":"2085","key":"tas","value":12.4,"estimate":"q50","season":"SON"},{"bfs_id":2226,"rcp":"RCP8.5","period":"2085","key":"tas","value":5.2,"estimate":"q95","season":"DJF"},{"bfs_id":2226,"rcp":"RCP8.5","period":"2085","key":"tas","value":11.8,"estimate":"q95","season":"MAM"},{"bfs_id":2226,"rcp":"RCP8.5","period":"2085","key":"tas","value":22.6,"estimate":"q95","season":"JJA"},{"bfs_id":2226,"rcp":"RCP8.5","period":"2085","key":"tas","value":13.9,"estimate":"q95","season":"SON"},{"bfs_id":2226,"rcp":"obs","period":"1981-2010","key":"FD","value":109.4,"estimate":"yearly_mean"},{"bfs_id":2226,"rcp":"obs","period":"1981-2010","key":"HD","value":2,"estimate":"yearly_mean"},{"bfs_id":2226,"rcp":"obs","period":"1981-2010","key":"ID","value":27.5,"estimate":"yearly_mean"},{"bfs_id":2226,"rcp":"obs","period":"1981-2010","key":"SD","value":25.3,"estimate":"yearly_mean"},{"bfs_id":2226,"rcp":"obs","period":"1981-2010","key":"snowdays","value":28.4,"estimate":"yearly_mean"},{"bfs_id":2226,"rcp":"obs","period":"1981-2010","key":"TN","value":0,"estimate":"yearly_mean"},{"bfs_id":2226,"rcp":"obs","period":"1981-2010","key":"pr","value":2.7,"estimate":"mean","season":"DJF"},{"bfs_id":2226,"rcp":"obs","period":"1981-2010","key":"pr","value":3.6,"estimate":"mean","season":"MAM"},{"bfs_id":2226,"rcp":"obs","period":"1981-2010","key":"pr","value":4.4,"estimate":"mean","season":"JJA"},{"bfs_id":2226,"rcp":"obs","period":"1981-2010","key":"pr","value":3.3,"estimate":"mean","season":"SON"},{"bfs_id":2226,"rcp":"obs","period":"1981-2010","key":"tas","value":-0.1,"estimate":"mean","season":"DJF"},{"bfs_id":2226,"rcp":"obs","period":"1981-2010","key":"tas","value":7.3,"estimate":"mean","season":"MAM"},{"bfs_id":2226,"rcp":"obs","period":"1981-2010","key":"tas","value":16.1,"estimate":"mean","season":"JJA"},{"bfs_id":2226,"rcp":"obs","period":"1981-2010","key":"tas","value":8.2,"estimate":"mean","season":"SON"}]
