[{"bfs_id":6614,"rcp":"RCP2.6","period":"2035","key":"FD","value":48.6,"estimate":"q5"},{"bfs_id":6614,"rcp":"RCP2.6","period":"2035","key":"FD","value":57.2,"estimate":"q50"},{"bfs_id":6614,"rcp":"RCP2.6","period":"2035","key":"FD","value":62.9,"estimate":"q95"},{"bfs_id":6614,"rcp":"RCP2.6","period":"2060","key":"FD","value":45.3,"estimate":"q5"},{"bfs_id":6614,"rcp":"RCP2.6","period":"2060","key":"FD","value":53.7,"estimate":"q50"},{"bfs_id":6614,"rcp":"RCP2.6","period":"2060","key":"FD","value":59.7,"estimate":"q95"},{"bfs_id":6614,"rcp":"RCP2.6","period":"2085","key":"FD","value":43.2,"estimate":"q5"},{"bfs_id":6614,"rcp":"RCP2.6","period":"2085","key":"FD","value":54.6,"estimate":"q50"},{"bfs_id":6614,"rcp":"RCP2.6","period":"2085","key":"FD","value":60.8,"estimate":"q95"},{"bfs_id":6614,"rcp":"RCP8.5","period":"2035","key":"FD","value":45.3,"estimate":"q5"},{"bfs_id":6614,"rcp":"RCP8.5","period":"2035","key":"FD","value":54.2,"estimate":"q50"},{"bfs_id":6614,"rcp":"RCP8.5","period":"2035","key":"FD","value":58.7,"estimate":"q95"},{"bfs_id":6614,"rcp":"RCP8.5","period":"2060","key":"FD","value":32.7,"estimate":"q5"},{"bfs_id":6614,"rcp":"RCP8.5","period":"2060","key":"FD","value":39.3,"estimate":"q50"},{"bfs_id":6614,"rcp":"RCP8.5","period":"2060","key":"FD","value":45.9,"estimate":"q95"},{"bfs_id":6614,"rcp":"RCP8.5","period":"2085","key":"FD","value":17.6,"estimate":"q5"},{"bfs_id":6614,"rcp":"RCP8.5","period":"2085","key":"FD","value":22.7,"estimate":"q50"},{"bfs_id":6614,"rcp":"RCP8.5","period":"2085","key":"FD","value":31.5,"estimate":"q95"},{"bfs_id":6614,"rcp":"RCP2.6","period":"2035","key":"HD","value":15.9,"estimate":"q5"},{"bfs_id":6614,"rcp":"RCP2.6","period":"2035","key":"HD","value":21.1,"estimate":"q50"},{"bfs_id":6614,"rcp":"RCP2.6","period":"2035","key":"HD","value":27.7,"estimate":"q95"},{"bfs_id":6614,"rcp":"RCP2.6","period":"2060","key":"HD","value":17.8,"estimate":"q5"},{"bfs_id":6614,"rcp":"RCP2.6","period":"2060","key":"HD","value":21.1,"estimate":"q50"},{"bfs_id":6614,"rcp":"RCP2.6","period":"2060","key":"HD","value":29.3,"estimate":"q95"},{"bfs_id":6614,"rcp":"RCP2.6","period":"2085","key":"HD","value":16.5,"estimate":"q5"},{"bfs_id":6614,"rcp":"RCP2.6","period":"2085","key":"HD","value":20.2,"estimate":"q50"},{"bfs_id":6614,"rcp":"RCP2.6","period":"2085","key":"HD","value":28.7,"estimate":"q95"},{"bfs_id":6614,"rcp":"RCP8.5","period":"2035","key":"HD","value":18.8,"estimate":"q5"},{"bfs_id":6614,"rcp":"RCP8.5","period":"2035","key":"HD","value":22.6,"estimate":"q50"},{"bfs_id":6614,"rcp":"RCP8.5","period":"2035","key":"HD","value":29.1,"estimate":"q95"},{"bfs_id":6614,"rcp":"RCP8.5","period":"2060","key":"HD","value":27.3,"estimate":"q5"},{"bfs_id":6614,"rcp":"RCP8.5","period":"2060","key":"HD","value":34.2,"estimate":"q50"},{"bfs_id":6614,"rcp":"RCP8.5","period":"2060","key":"HD","value":49.9,"estimate":"q95"},{"bfs_id":6614,"rcp":"RCP8.5","period":"2085","key":"HD","value":44.2,"estimate":"q5"},{"bfs_id":6614,"rcp":"RCP8.5","period":"2085","key":"HD","value":53,"estimate":"q50"},{"bfs_id":6614,"rcp":"RCP8.5","period":"2085","key":"HD","value":74.4,"estimate":"q95"},{"bfs_id":6614,"rcp":"RCP2.6","period":"2035","key":"ID","value":4.3,"estimate":"q5"},{"bfs_id":6614,"rcp":"RCP2.6","period":"2035","key":"ID","value":5.8,"estimate":"q50"},{"bfs_id":6614,"rcp":"RCP2.6","period":"2035","key":"ID","value":8.4,"estimate":"q95"},{"bfs_id":6614,"rcp":"RCP2.6","period":"2060","key":"ID","value":3.4,"estimate":"q5"},{"bfs_id":6614,"rcp":"RCP2.6","period":"2060","key":"ID","value":6.2,"estimate":"q50"},{"bfs_id":6614,"rcp":"RCP2.6","period":"2060","key":"ID","value":8.6,"estimate":"q95"},{"bfs_id":6614,"rcp":"RCP2.6","period":"2085","key":"ID","value":3.9,"estimate":"q5"},{"bfs_id":6614,"rcp":"RCP2.6","period":"2085","key":"ID","value":5.6,"estimate":"q50"},{"bfs_id":6614,"rcp":"RCP2.6","period":"2085","key":"ID","value":8.2,"estimate":"q95"},{"bfs_id":6614,"rcp":"RCP8.5","period":"2035","key":"ID","value":3.6,"estimate":"q5"},{"bfs_id":6614,"rcp":"RCP8.5","period":"2035","key":"ID","value":5.9,"estimate":"q50"},{"bfs_id":6614,"rcp":"RCP8.5","period":"2035","key":"ID","value":7.4,"estimate":"q95"},{"bfs_id":6614,"rcp":"RCP8.5","period":"2060","key":"ID","value":2.3,"estimate":"q5"},{"bfs_id":6614,"rcp":"RCP8.5","period":"2060","key":"ID","value":3.6,"estimate":"q50"},{"bfs_id":6614,"rcp":"RCP8.5","period":"2060","key":"ID","value":4.9,"estimate":"q95"},{"bfs_id":6614,"rcp":"RCP8.5","period":"2085","key":"ID","value":0.6,"estimate":"q5"},{"bfs_id":6614,"rcp":"RCP8.5","period":"2085","key":"ID","value":1.3,"estimate":"q50"},{"bfs_id":6614,"rcp":"RCP8.5","period":"2085","key":"ID","value":2.7,"estimate":"q95"},{"bfs_id":6614,"rcp":"RCP2.6","period":"2035","key":"SD","value":61.1,"estimate":"q5"},{"bfs_id":6614,"rcp":"RCP2.6","period":"2035","key":"SD","value":69.1,"estimate":"q50"},{"bfs_id":6614,"rcp":"RCP2.6","period":"2035","key":"SD","value":77.4,"estimate":"q95"},{"bfs_id":6614,"rcp":"RCP2.6","period":"2060","key":"SD","value":63.5,"estimate":"q5"},{"bfs_id":6614,"rcp":"RCP2.6","period":"2060","key":"SD","value":70.7,"estimate":"q50"},{"bfs_id":6614,"rcp":"RCP2.6","period":"2060","key":"SD","value":77.8,"estimate":"q95"},{"bfs_id":6614,"rcp":"RCP2.6","period":"2085","key":"SD","value":63.8,"estimate":"q5"},{"bfs_id":6614,"rcp":"RCP2.6","period":"2085","key":"SD","value":71.1,"estimate":"q50"},{"bfs_id":6614,"rcp":"RCP2.6","period":"2085","key":"SD","value":77.6,"estimate":"q95"},{"bfs_id":6614,"rcp":"RCP8.5","period":"2035","key":"SD","value":66.1,"estimate":"q5"},{"bfs_id":6614,"rcp":"RCP8.5","period":"2035","key":"SD","value":72.5,"estimate":"q50"},{"bfs_id":6614,"rcp":"RCP8.5","period":"2035","key":"SD","value":77.8,"estimate":"q95"},{"bfs_id":6614,"rcp":"RCP8.5","period":"2060","key":"SD","value":82.6,"estimate":"q5"},{"bfs_id":6614,"rcp":"RCP8.5","period":"2060","key":"SD","value":89,"estimate":"q50"},{"bfs_id":6614,"rcp":"RCP8.5","period":"2060","key":"SD","value":100.5,"estimate":"q95"},{"bfs_id":6614,"rcp":"RCP8.5","period":"2085","key":"SD","value":97.7,"estimate":"q5"},{"bfs_id":6614,"rcp":"RCP8.5","period":"2085","key":"SD","value":110.1,"estimate":"q50"},{"bfs_id":6614,"rcp":"RCP8.5","period":"2085","key":"SD","value":124.8,"estimate":"q95"},{"bfs_id":6614,"rcp":"RCP2.6","period":"2035","key":"snowdays","value":5,"estimate":"q5"},{"bfs_id":6614,"rcp":"RCP2.6","period":"2035","key":"snowdays","value":8.6,"estimate":"q50"},{"bfs_id":6614,"rcp":"RCP2.6","period":"2035","key":"snowdays","value":10.3,"estimate":"q95"},{"bfs_id":6614,"rcp":"RCP2.6","period":"2060","key":"snowdays","value":4.8,"estimate":"q5"},{"bfs_id":6614,"rcp":"RCP2.6","period":"2060","key":"snowdays","value":7.3,"estimate":"q50"},{"bfs_id":6614,"rcp":"RCP2.6","period":"2060","key":"snowdays","value":10.3,"estimate":"q95"},{"bfs_id":6614,"rcp":"RCP2.6","period":"2085","key":"snowdays","value":4.5,"estimate":"q5"},{"bfs_id":6614,"rcp":"RCP2.6","period":"2085","key":"snowdays","value":7.8,"estimate":"q50"},{"bfs_id":6614,"rcp":"RCP2.6","period":"2085","key":"snowdays","value":10.5,"estimate":"q95"},{"bfs_id":6614,"rcp":"RCP8.5","period":"2035","key":"snowdays","value":4.3,"estimate":"q5"},{"bfs_id":6614,"rcp":"RCP8.5","period":"2035","key":"snowdays","value":7.7,"estimate":"q50"},{"bfs_id":6614,"rcp":"RCP8.5","period":"2035","key":"snowdays","value":10.7,"estimate":"q95"},{"bfs_id":6614,"rcp":"RCP8.5","period":"2060","key":"snowdays","value":3,"estimate":"q5"},{"bfs_id":6614,"rcp":"RCP8.5","period":"2060","key":"snowdays","value":5,"estimate":"q50"},{"bfs_id":6614,"rcp":"RCP8.5","period":"2060","key":"snowdays","value":7.5,"estimate":"q95"},{"bfs_id":6614,"rcp":"RCP8.5","period":"2085","key":"snowdays","value":0.9,"estimate":"q5"},{"bfs_id":6614,"rcp":"RCP8.5","period":"2085","key":"snowdays","value":2.8,"estimate":"q50"},{"bfs_id":6614,"rcp":"RCP8.5","period":"2085","key":"snowdays","value":4.5,"estimate":"q95"},{"bfs_id":6614,"rcp":"RCP2.6","period":"2035","key":"TN","value":0.9,"estimate":"q5"},{"bfs_id":6614,"rcp":"RCP2.6","period":"2035","key":"TN","value":2.4,"estimate":"q50"},{"bfs_id":6614,"rcp":"RCP2.6","period":"2035","key":"TN","value":3.7,"estimate":"q95"},{"bfs_id":6614,"rcp":"RCP2.6","period":"2060","key":"TN","value":1.4,"estimate":"q5"},{"bfs_id":6614,"rcp":"RCP2.6","period":"2060","key":"TN","value":2.1,"estimate":"q50"},{"bfs_id":6614,"rcp":"RCP2.6","period":"2060","key":"TN","value":4.6,"estimate":"q95"},{"bfs_id":6614,"rcp":"RCP2.6","period":"2085","key":"TN","value":1.1,"estimate":"q5"},{"bfs_id":6614,"rcp":"RCP2.6","period":"2085","key":"TN","value":2.1,"estimate":"q50"},{"bfs_id":6614,"rcp":"RCP2.6","period":"2085","key":"TN","value":4.1,"estimate":"q95"},{"bfs_id":6614,"rcp":"RCP8.5","period":"2035","key":"TN","value":1.8,"estimate":"q5"},{"bfs_id":6614,"rcp":"RCP8.5","period":"2035","key":"TN","value":2.8,"estimate":"q50"},{"bfs_id":6614,"rcp":"RCP8.5","period":"2035","key":"TN","value":6.1,"estimate":"q95"},{"bfs_id":6614,"rcp":"RCP8.5","period":"2060","key":"TN","value":4.6,"estimate":"q5"},{"bfs_id":6614,"rcp":"RCP8.5","period":"2060","key":"TN","value":10,"estimate":"q50"},{"bfs_id":6614,"rcp":"RCP8.5","period":"2060","key":"TN","value":15.9,"estimate":"q95"},{"bfs_id":6614,"rcp":"RCP8.5","period":"2085","key":"TN","value":14.8,"estimate":"q5"},{"bfs_id":6614,"rcp":"RCP8.5","period":"2085","key":"TN","value":20.7,"estimate":"q50"},{"bfs_id":6614,"rcp":"RCP8.5","period":"2085","key":"TN","value":43,"estimate":"q95"},{"bfs_id":6614,"rcp":"RCP2.6","period":"2035","key":"pr","value":2.1,"estimate":"q5","season":"DJF"},{"bfs_id":6614,"rcp":"RCP2.6","period":"2035","key":"pr","value":2.2,"estimate":"q5","season":"MAM"},{"bfs_id":6614,"rcp":"RCP2.6","period":"2035","key":"pr","value":1.9,"estimate":"q5","season":"JJA"},{"bfs_id":6614,"rcp":"RCP2.6","period":"2035","key":"pr","value":2.4,"estimate":"q5","season":"SON"},{"bfs_id":6614,"rcp":"RCP2.6","period":"2035","key":"pr","value":2.5,"estimate":"q50","season":"DJF"},{"bfs_id":6614,"rcp":"RCP2.6","period":"2035","key":"pr","value":2.6,"estimate":"q50","season":"MAM"},{"bfs_id":6614,"rcp":"RCP2.6","period":"2035","key":"pr","value":2.3,"estimate":"q50","season":"JJA"},{"bfs_id":6614,"rcp":"RCP2.6","period":"2035","key":"pr","value":2.8,"estimate":"q50","season":"SON"},{"bfs_id":6614,"rcp":"RCP2.6","period":"2035","key":"pr","value":2.9,"estimate":"q95","season":"DJF"},{"bfs_id":6614,"rcp":"RCP2.6","period":"2035","key":"pr","value":2.9,"estimate":"q95","season":"MAM"},{"bfs_id":6614,"rcp":"RCP2.6","period":"2035","key":"pr","value":2.8,"estimate":"q95","season":"JJA"},{"bfs_id":6614,"rcp":"RCP2.6","period":"2035","key":"pr","value":3.3,"estimate":"q95","season":"SON"},{"bfs_id":6614,"rcp":"RCP2.6","period":"2060","key":"pr","value":2.2,"estimate":"q5","season":"DJF"},{"bfs_id":6614,"rcp":"RCP2.6","period":"2060","key":"pr","value":2.3,"estimate":"q5","season":"MAM"},{"bfs_id":6614,"rcp":"RCP2.6","period":"2060","key":"pr","value":2,"estimate":"q5","season":"JJA"},{"bfs_id":6614,"rcp":"RCP2.6","period":"2060","key":"pr","value":2.6,"estimate":"q5","season":"SON"},{"bfs_id":6614,"rcp":"RCP2.6","period":"2060","key":"pr","value":2.5,"estimate":"q50","season":"DJF"},{"bfs_id":6614,"rcp":"RCP2.6","period":"2060","key":"pr","value":2.6,"estimate":"q50","season":"MAM"},{"bfs_id":6614,"rcp":"RCP2.6","period":"2060","key":"pr","value":2.3,"estimate":"q50","season":"JJA"},{"bfs_id":6614,"rcp":"RCP2.6","period":"2060","key":"pr","value":2.8,"estimate":"q50","season":"SON"},{"bfs_id":6614,"rcp":"RCP2.6","period":"2060","key":"pr","value":2.8,"estimate":"q95","season":"DJF"},{"bfs_id":6614,"rcp":"RCP2.6","period":"2060","key":"pr","value":3,"estimate":"q95","season":"MAM"},{"bfs_id":6614,"rcp":"RCP2.6","period":"2060","key":"pr","value":2.9,"estimate":"q95","season":"JJA"},{"bfs_id":6614,"rcp":"RCP2.6","period":"2060","key":"pr","value":3.1,"estimate":"q95","season":"SON"},{"bfs_id":6614,"rcp":"RCP2.6","period":"2085","key":"pr","value":2.2,"estimate":"q5","season":"DJF"},{"bfs_id":6614,"rcp":"RCP2.6","period":"2085","key":"pr","value":2.4,"estimate":"q5","season":"MAM"},{"bfs_id":6614,"rcp":"RCP2.6","period":"2085","key":"pr","value":2,"estimate":"q5","season":"JJA"},{"bfs_id":6614,"rcp":"RCP2.6","period":"2085","key":"pr","value":2.2,"estimate":"q5","season":"SON"},{"bfs_id":6614,"rcp":"RCP2.6","period":"2085","key":"pr","value":2.6,"estimate":"q50","season":"DJF"},{"bfs_id":6614,"rcp":"RCP2.6","period":"2085","key":"pr","value":2.6,"estimate":"q50","season":"MAM"},{"bfs_id":6614,"rcp":"RCP2.6","period":"2085","key":"pr","value":2.4,"estimate":"q50","season":"JJA"},{"bfs_id":6614,"rcp":"RCP2.6","period":"2085","key":"pr","value":2.8,"estimate":"q50","season":"SON"},{"bfs_id":6614,"rcp":"RCP2.6","period":"2085","key":"pr","value":2.8,"estimate":"q95","season":"DJF"},{"bfs_id":6614,"rcp":"RCP2.6","period":"2085","key":"pr","value":3.1,"estimate":"q95","season":"MAM"},{"bfs_id":6614,"rcp":"RCP2.6","period":"2085","key":"pr","value":2.9,"estimate":"q95","season":"JJA"},{"bfs_id":6614,"rcp":"RCP2.6","period":"2085","key":"pr","value":3.2,"estimate":"q95","season":"SON"},{"bfs_id":6614,"rcp":"RCP8.5","period":"2035","key":"pr","value":2.3,"estimate":"q5","season":"DJF"},{"bfs_id":6614,"rcp":"RCP8.5","period":"2035","key":"pr","value":2.4,"estimate":"q5","season":"MAM"},{"bfs_id":6614,"rcp":"RCP8.5","period":"2035","key":"pr","value":1.7,"estimate":"q5","season":"JJA"},{"bfs_id":6614,"rcp":"RCP8.5","period":"2035","key":"pr","value":2.4,"estimate":"q5","season":"SON"},{"bfs_id":6614,"rcp":"RCP8.5","period":"2035","key":"pr","value":2.6,"estimate":"q50","season":"DJF"},{"bfs_id":6614,"rcp":"RCP8.5","period":"2035","key":"pr","value":2.7,"estimate":"q50","season":"MAM"},{"bfs_id":6614,"rcp":"RCP8.5","period":"2035","key":"pr","value":2.4,"estimate":"q50","season":"JJA"},{"bfs_id":6614,"rcp":"RCP8.5","period":"2035","key":"pr","value":2.9,"estimate":"q50","season":"SON"},{"bfs_id":6614,"rcp":"RCP8.5","period":"2035","key":"pr","value":2.9,"estimate":"q95","season":"DJF"},{"bfs_id":6614,"rcp":"RCP8.5","period":"2035","key":"pr","value":3,"estimate":"q95","season":"MAM"},{"bfs_id":6614,"rcp":"RCP8.5","period":"2035","key":"pr","value":2.8,"estimate":"q95","season":"JJA"},{"bfs_id":6614,"rcp":"RCP8.5","period":"2035","key":"pr","value":3.2,"estimate":"q95","season":"SON"},{"bfs_id":6614,"rcp":"RCP8.5","period":"2060","key":"pr","value":2.4,"estimate":"q5","season":"DJF"},{"bfs_id":6614,"rcp":"RCP8.5","period":"2060","key":"pr","value":2.5,"estimate":"q5","season":"MAM"},{"bfs_id":6614,"rcp":"RCP8.5","period":"2060","key":"pr","value":1.4,"estimate":"q5","season":"JJA"},{"bfs_id":6614,"rcp":"RCP8.5","period":"2060","key":"pr","value":2.4,"estimate":"q5","season":"SON"},{"bfs_id":6614,"rcp":"RCP8.5","period":"2060","key":"pr","value":2.7,"estimate":"q50","season":"DJF"},{"bfs_id":6614,"rcp":"RCP8.5","period":"2060","key":"pr","value":2.8,"estimate":"q50","season":"MAM"},{"bfs_id":6614,"rcp":"RCP8.5","period":"2060","key":"pr","value":2.3,"estimate":"q50","season":"JJA"},{"bfs_id":6614,"rcp":"RCP8.5","period":"2060","key":"pr","value":2.9,"estimate":"q50","season":"SON"},{"bfs_id":6614,"rcp":"RCP8.5","period":"2060","key":"pr","value":2.9,"estimate":"q95","season":"DJF"},{"bfs_id":6614,"rcp":"RCP8.5","period":"2060","key":"pr","value":3,"estimate":"q95","season":"MAM"},{"bfs_id":6614,"rcp":"RCP8.5","period":"2060","key":"pr","value":2.7,"estimate":"q95","season":"JJA"},{"bfs_id":6614,"rcp":"RCP8.5","period":"2060","key":"pr","value":3.1,"estimate":"q95","season":"SON"},{"bfs_id":6614,"rcp":"RCP8.5","period":"2085","key":"pr","value":2.6,"estimate":"q5","season":"DJF"},{"bfs_id":6614,"rcp":"RCP8.5","period":"2085","key":"pr","value":2.4,"estimate":"q5","season":"MAM"},{"bfs_id":6614,"rcp":"RCP8.5","period":"2085","key":"pr","value":1.1,"estimate":"q5","season":"JJA"},{"bfs_id":6614,"rcp":"RCP8.5","period":"2085","key":"pr","value":2.2,"estimate":"q5","season":"SON"},{"bfs_id":6614,"rcp":"RCP8.5","period":"2085","key":"pr","value":3,"estimate":"q50","season":"DJF"},{"bfs_id":6614,"rcp":"RCP8.5","period":"2085","key":"pr","value":2.9,"estimate":"q50","season":"MAM"},{"bfs_id":6614,"rcp":"RCP8.5","period":"2085","key":"pr","value":1.9,"estimate":"q50","season":"JJA"},{"bfs_id":6614,"rcp":"RCP8.5","period":"2085","key":"pr","value":2.9,"estimate":"q50","season":"SON"},{"bfs_id":6614,"rcp":"RCP8.5","period":"2085","key":"pr","value":3.5,"estimate":"q95","season":"DJF"},{"bfs_id":6614,"rcp":"RCP8.5","period":"2085","key":"pr","value":3.2,"estimate":"q95","season":"MAM"},{"bfs_id":6614,"rcp":"RCP8.5","period":"2085","key":"pr","value":2.5,"estimate":"q95","season":"JJA"},{"bfs_id":6614,"rcp":"RCP8.5","period":"2085","key":"pr","value":3.4,"estimate":"q95","season":"SON"},{"bfs_id":6614,"rcp":"RCP2.6","period":"2035","key":"tas","value":2.9,"estimate":"q5","season":"DJF"},{"bfs_id":6614,"rcp":"RCP2.6","period":"2035","key":"tas","value":10.1,"estimate":"q5","season":"MAM"},{"bfs_id":6614,"rcp":"RCP2.6","period":"2035","key":"tas","value":19.4,"estimate":"q5","season":"JJA"},{"bfs_id":6614,"rcp":"RCP2.6","period":"2035","key":"tas","value":11.3,"estimate":"q5","season":"SON"},{"bfs_id":6614,"rcp":"RCP2.6","period":"2035","key":"tas","value":3.2,"estimate":"q50","season":"DJF"},{"bfs_id":6614,"rcp":"RCP2.6","period":"2035","key":"tas","value":10.6,"estimate":"q50","season":"MAM"},{"bfs_id":6614,"rcp":"RCP2.6","period":"2035","key":"tas","value":20.1,"estimate":"q50","season":"JJA"},{"bfs_id":6614,"rcp":"RCP2.6","period":"2035","key":"tas","value":11.7,"estimate":"q50","season":"SON"},{"bfs_id":6614,"rcp":"RCP2.6","period":"2035","key":"tas","value":3.9,"estimate":"q95","season":"DJF"},{"bfs_id":6614,"rcp":"RCP2.6","period":"2035","key":"tas","value":11,"estimate":"q95","season":"MAM"},{"bfs_id":6614,"rcp":"RCP2.6","period":"2035","key":"tas","value":20.8,"estimate":"q95","season":"JJA"},{"bfs_id":6614,"rcp":"RCP2.6","period":"2035","key":"tas","value":12.5,"estimate":"q95","season":"SON"},{"bfs_id":6614,"rcp":"RCP2.6","period":"2060","key":"tas","value":2.9,"estimate":"q5","season":"DJF"},{"bfs_id":6614,"rcp":"RCP2.6","period":"2060","key":"tas","value":10,"estimate":"q5","season":"MAM"},{"bfs_id":6614,"rcp":"RCP2.6","period":"2060","key":"tas","value":19.7,"estimate":"q5","season":"JJA"},{"bfs_id":6614,"rcp":"RCP2.6","period":"2060","key":"tas","value":11.6,"estimate":"q5","season":"SON"},{"bfs_id":6614,"rcp":"RCP2.6","period":"2060","key":"tas","value":3.6,"estimate":"q50","season":"DJF"},{"bfs_id":6614,"rcp":"RCP2.6","period":"2060","key":"tas","value":10.7,"estimate":"q50","season":"MAM"},{"bfs_id":6614,"rcp":"RCP2.6","period":"2060","key":"tas","value":20.2,"estimate":"q50","season":"JJA"},{"bfs_id":6614,"rcp":"RCP2.6","period":"2060","key":"tas","value":12,"estimate":"q50","season":"SON"},{"bfs_id":6614,"rcp":"RCP2.6","period":"2060","key":"tas","value":4.1,"estimate":"q95","season":"DJF"},{"bfs_id":6614,"rcp":"RCP2.6","period":"2060","key":"tas","value":11.2,"estimate":"q95","season":"MAM"},{"bfs_id":6614,"rcp":"RCP2.6","period":"2060","key":"tas","value":20.9,"estimate":"q95","season":"JJA"},{"bfs_id":6614,"rcp":"RCP2.6","period":"2060","key":"tas","value":12.9,"estimate":"q95","season":"SON"},{"bfs_id":6614,"rcp":"RCP2.6","period":"2085","key":"tas","value":2.9,"estimate":"q5","season":"DJF"},{"bfs_id":6614,"rcp":"RCP2.6","period":"2085","key":"tas","value":10.1,"estimate":"q5","season":"MAM"},{"bfs_id":6614,"rcp":"RCP2.6","period":"2085","key":"tas","value":19.7,"estimate":"q5","season":"JJA"},{"bfs_id":6614,"rcp":"RCP2.6","period":"2085","key":"tas","value":11.4,"estimate":"q5","season":"SON"},{"bfs_id":6614,"rcp":"RCP2.6","period":"2085","key":"tas","value":3.5,"estimate":"q50","season":"DJF"},{"bfs_id":6614,"rcp":"RCP2.6","period":"2085","key":"tas","value":10.7,"estimate":"q50","season":"MAM"},{"bfs_id":6614,"rcp":"RCP2.6","period":"2085","key":"tas","value":20.2,"estimate":"q50","season":"JJA"},{"bfs_id":6614,"rcp":"RCP2.6","period":"2085","key":"tas","value":12,"estimate":"q50","season":"SON"},{"bfs_id":6614,"rcp":"RCP2.6","period":"2085","key":"tas","value":4.2,"estimate":"q95","season":"DJF"},{"bfs_id":6614,"rcp":"RCP2.6","period":"2085","key":"tas","value":11.3,"estimate":"q95","season":"MAM"},{"bfs_id":6614,"rcp":"RCP2.6","period":"2085","key":"tas","value":20.8,"estimate":"q95","season":"JJA"},{"bfs_id":6614,"rcp":"RCP2.6","period":"2085","key":"tas","value":12.8,"estimate":"q95","season":"SON"},{"bfs_id":6614,"rcp":"RCP8.5","period":"2035","key":"tas","value":2.9,"estimate":"q5","season":"DJF"},{"bfs_id":6614,"rcp":"RCP8.5","period":"2035","key":"tas","value":10.3,"estimate":"q5","season":"MAM"},{"bfs_id":6614,"rcp":"RCP8.5","period":"2035","key":"tas","value":19.9,"estimate":"q5","season":"JJA"},{"bfs_id":6614,"rcp":"RCP8.5","period":"2035","key":"tas","value":11.7,"estimate":"q5","season":"SON"},{"bfs_id":6614,"rcp":"RCP8.5","period":"2035","key":"tas","value":3.6,"estimate":"q50","season":"DJF"},{"bfs_id":6614,"rcp":"RCP8.5","period":"2035","key":"tas","value":10.7,"estimate":"q50","season":"MAM"},{"bfs_id":6614,"rcp":"RCP8.5","period":"2035","key":"tas","value":20.4,"estimate":"q50","season":"JJA"},{"bfs_id":6614,"rcp":"RCP8.5","period":"2035","key":"tas","value":12.1,"estimate":"q50","season":"SON"},{"bfs_id":6614,"rcp":"RCP8.5","period":"2035","key":"tas","value":4,"estimate":"q95","season":"DJF"},{"bfs_id":6614,"rcp":"RCP8.5","period":"2035","key":"tas","value":11.2,"estimate":"q95","season":"MAM"},{"bfs_id":6614,"rcp":"RCP8.5","period":"2035","key":"tas","value":21,"estimate":"q95","season":"JJA"},{"bfs_id":6614,"rcp":"RCP8.5","period":"2035","key":"tas","value":12.9,"estimate":"q95","season":"SON"},{"bfs_id":6614,"rcp":"RCP8.5","period":"2060","key":"tas","value":4,"estimate":"q5","season":"DJF"},{"bfs_id":6614,"rcp":"RCP8.5","period":"2060","key":"tas","value":11.1,"estimate":"q5","season":"MAM"},{"bfs_id":6614,"rcp":"RCP8.5","period":"2060","key":"tas","value":21.1,"estimate":"q5","season":"JJA"},{"bfs_id":6614,"rcp":"RCP8.5","period":"2060","key":"tas","value":12.8,"estimate":"q5","season":"SON"},{"bfs_id":6614,"rcp":"RCP8.5","period":"2060","key":"tas","value":4.4,"estimate":"q50","season":"DJF"},{"bfs_id":6614,"rcp":"RCP8.5","period":"2060","key":"tas","value":11.6,"estimate":"q50","season":"MAM"},{"bfs_id":6614,"rcp":"RCP8.5","period":"2060","key":"tas","value":21.6,"estimate":"q50","season":"JJA"},{"bfs_id":6614,"rcp":"RCP8.5","period":"2060","key":"tas","value":13.4,"estimate":"q50","season":"SON"},{"bfs_id":6614,"rcp":"RCP8.5","period":"2060","key":"tas","value":5,"estimate":"q95","season":"DJF"},{"bfs_id":6614,"rcp":"RCP8.5","period":"2060","key":"tas","value":12.2,"estimate":"q95","season":"MAM"},{"bfs_id":6614,"rcp":"RCP8.5","period":"2060","key":"tas","value":22.7,"estimate":"q95","season":"JJA"},{"bfs_id":6614,"rcp":"RCP8.5","period":"2060","key":"tas","value":14.2,"estimate":"q95","season":"SON"},{"bfs_id":6614,"rcp":"RCP8.5","period":"2085","key":"tas","value":5,"estimate":"q5","season":"DJF"},{"bfs_id":6614,"rcp":"RCP8.5","period":"2085","key":"tas","value":12.1,"estimate":"q5","season":"MAM"},{"bfs_id":6614,"rcp":"RCP8.5","period":"2085","key":"tas","value":22.5,"estimate":"q5","season":"JJA"},{"bfs_id":6614,"rcp":"RCP8.5","period":"2085","key":"tas","value":13.8,"estimate":"q5","season":"SON"},{"bfs_id":6614,"rcp":"RCP8.5","period":"2085","key":"tas","value":6.1,"estimate":"q50","season":"DJF"},{"bfs_id":6614,"rcp":"RCP8.5","period":"2085","key":"tas","value":13,"estimate":"q50","season":"MAM"},{"bfs_id":6614,"rcp":"RCP8.5","period":"2085","key":"tas","value":23.4,"estimate":"q50","season":"JJA"},{"bfs_id":6614,"rcp":"RCP8.5","period":"2085","key":"tas","value":14.7,"estimate":"q50","season":"SON"},{"bfs_id":6614,"rcp":"RCP8.5","period":"2085","key":"tas","value":6.9,"estimate":"q95","season":"DJF"},{"bfs_id":6614,"rcp":"RCP8.5","period":"2085","key":"tas","value":14,"estimate":"q95","season":"MAM"},{"bfs_id":6614,"rcp":"RCP8.5","period":"2085","key":"tas","value":25.6,"estimate":"q95","season":"JJA"},{"bfs_id":6614,"rcp":"RCP8.5","period":"2085","key":"tas","value":16.2,"estimate":"q95","season":"SON"},{"bfs_id":6614,"rcp":"obs","period":"1981-2010","key":"FD","value":71.4,"estimate":"yearly_mean"},{"bfs_id":6614,"rcp":"obs","period":"1981-2010","key":"HD","value":12.2,"estimate":"yearly_mean"},{"bfs_id":6614,"rcp":"obs","period":"1981-2010","key":"ID","value":9.6,"estimate":"yearly_mean"},{"bfs_id":6614,"rcp":"obs","period":"1981-2010","key":"SD","value":55.2,"estimate":"yearly_mean"},{"bfs_id":6614,"rcp":"obs","period":"1981-2010","key":"snowdays","value":9.2,"estimate":"yearly_mean"},{"bfs_id":6614,"rcp":"obs","period":"1981-2010","key":"TN","value":0.5,"estimate":"yearly_mean"},{"bfs_id":6614,"rcp":"obs","period":"1981-2010","key":"pr","value":2.1,"estimate":"mean","season":"DJF"},{"bfs_id":6614,"rcp":"obs","period":"1981-2010","key":"pr","value":2.5,"estimate":"mean","season":"MAM"},{"bfs_id":6614,"rcp":"obs","period":"1981-2010","key":"pr","value":2.7,"estimate":"mean","season":"JJA"},{"bfs_id":6614,"rcp":"obs","period":"1981-2010","key":"pr","value":3,"estimate":"mean","season":"SON"},{"bfs_id":6614,"rcp":"obs","period":"1981-2010","key":"tas","value":2.2,"estimate":"mean","season":"DJF"},{"bfs_id":6614,"rcp":"obs","period":"1981-2010","key":"tas","value":9.9,"estimate":"mean","season":"MAM"},{"bfs_id":6614,"rcp":"obs","period":"1981-2010","key":"tas","value":19,"estimate":"mean","season":"JJA"},{"bfs_id":6614,"rcp":"obs","period":"1981-2010","key":"tas","value":10.6,"estimate":"mean","season":"SON"}]
