[{"bfs_id":3640,"rcp":"RCP2.6","period":"2035","key":"FD","value":80.3,"estimate":"q5"},{"bfs_id":3640,"rcp":"RCP2.6","period":"2035","key":"FD","value":90.6,"estimate":"q50"},{"bfs_id":3640,"rcp":"RCP2.6","period":"2035","key":"FD","value":96.5,"estimate":"q95"},{"bfs_id":3640,"rcp":"RCP2.6","period":"2060","key":"FD","value":76.2,"estimate":"q5"},{"bfs_id":3640,"rcp":"RCP2.6","period":"2060","key":"FD","value":86.7,"estimate":"q50"},{"bfs_id":3640,"rcp":"RCP2.6","period":"2060","key":"FD","value":95.7,"estimate":"q95"},{"bfs_id":3640,"rcp":"RCP2.6","period":"2085","key":"FD","value":74.2,"estimate":"q5"},{"bfs_id":3640,"rcp":"RCP2.6","period":"2085","key":"FD","value":89.2,"estimate":"q50"},{"bfs_id":3640,"rcp":"RCP2.6","period":"2085","key":"FD","value":96,"estimate":"q95"},{"bfs_id":3640,"rcp":"RCP8.5","period":"2035","key":"FD","value":75.9,"estimate":"q5"},{"bfs_id":3640,"rcp":"RCP8.5","period":"2035","key":"FD","value":86.8,"estimate":"q50"},{"bfs_id":3640,"rcp":"RCP8.5","period":"2035","key":"FD","value":91.6,"estimate":"q95"},{"bfs_id":3640,"rcp":"RCP8.5","period":"2060","key":"FD","value":60.5,"estimate":"q5"},{"bfs_id":3640,"rcp":"RCP8.5","period":"2060","key":"FD","value":69.1,"estimate":"q50"},{"bfs_id":3640,"rcp":"RCP8.5","period":"2060","key":"FD","value":78.4,"estimate":"q95"},{"bfs_id":3640,"rcp":"RCP8.5","period":"2085","key":"FD","value":37.6,"estimate":"q5"},{"bfs_id":3640,"rcp":"RCP8.5","period":"2085","key":"FD","value":50.2,"estimate":"q50"},{"bfs_id":3640,"rcp":"RCP8.5","period":"2085","key":"FD","value":61.6,"estimate":"q95"},{"bfs_id":3640,"rcp":"RCP2.6","period":"2035","key":"HD","value":6.4,"estimate":"q5"},{"bfs_id":3640,"rcp":"RCP2.6","period":"2035","key":"HD","value":9.1,"estimate":"q50"},{"bfs_id":3640,"rcp":"RCP2.6","period":"2035","key":"HD","value":14.2,"estimate":"q95"},{"bfs_id":3640,"rcp":"RCP2.6","period":"2060","key":"HD","value":7.3,"estimate":"q5"},{"bfs_id":3640,"rcp":"RCP2.6","period":"2060","key":"HD","value":10.5,"estimate":"q50"},{"bfs_id":3640,"rcp":"RCP2.6","period":"2060","key":"HD","value":15.9,"estimate":"q95"},{"bfs_id":3640,"rcp":"RCP2.6","period":"2085","key":"HD","value":6.4,"estimate":"q5"},{"bfs_id":3640,"rcp":"RCP2.6","period":"2085","key":"HD","value":10.3,"estimate":"q50"},{"bfs_id":3640,"rcp":"RCP2.6","period":"2085","key":"HD","value":16,"estimate":"q95"},{"bfs_id":3640,"rcp":"RCP8.5","period":"2035","key":"HD","value":8.4,"estimate":"q5"},{"bfs_id":3640,"rcp":"RCP8.5","period":"2035","key":"HD","value":11.4,"estimate":"q50"},{"bfs_id":3640,"rcp":"RCP8.5","period":"2035","key":"HD","value":20,"estimate":"q95"},{"bfs_id":3640,"rcp":"RCP8.5","period":"2060","key":"HD","value":16.2,"estimate":"q5"},{"bfs_id":3640,"rcp":"RCP8.5","period":"2060","key":"HD","value":25.1,"estimate":"q50"},{"bfs_id":3640,"rcp":"RCP8.5","period":"2060","key":"HD","value":39.1,"estimate":"q95"},{"bfs_id":3640,"rcp":"RCP8.5","period":"2085","key":"HD","value":30.9,"estimate":"q5"},{"bfs_id":3640,"rcp":"RCP8.5","period":"2085","key":"HD","value":43.7,"estimate":"q50"},{"bfs_id":3640,"rcp":"RCP8.5","period":"2085","key":"HD","value":69.4,"estimate":"q95"},{"bfs_id":3640,"rcp":"RCP2.6","period":"2035","key":"ID","value":13.8,"estimate":"q5"},{"bfs_id":3640,"rcp":"RCP2.6","period":"2035","key":"ID","value":17,"estimate":"q50"},{"bfs_id":3640,"rcp":"RCP2.6","period":"2035","key":"ID","value":21.3,"estimate":"q95"},{"bfs_id":3640,"rcp":"RCP2.6","period":"2060","key":"ID","value":14.1,"estimate":"q5"},{"bfs_id":3640,"rcp":"RCP2.6","period":"2060","key":"ID","value":15.9,"estimate":"q50"},{"bfs_id":3640,"rcp":"RCP2.6","period":"2060","key":"ID","value":20,"estimate":"q95"},{"bfs_id":3640,"rcp":"RCP2.6","period":"2085","key":"ID","value":12.4,"estimate":"q5"},{"bfs_id":3640,"rcp":"RCP2.6","period":"2085","key":"ID","value":17.6,"estimate":"q50"},{"bfs_id":3640,"rcp":"RCP2.6","period":"2085","key":"ID","value":20.1,"estimate":"q95"},{"bfs_id":3640,"rcp":"RCP8.5","period":"2035","key":"ID","value":13.1,"estimate":"q5"},{"bfs_id":3640,"rcp":"RCP8.5","period":"2035","key":"ID","value":15.8,"estimate":"q50"},{"bfs_id":3640,"rcp":"RCP8.5","period":"2035","key":"ID","value":19.7,"estimate":"q95"},{"bfs_id":3640,"rcp":"RCP8.5","period":"2060","key":"ID","value":7.9,"estimate":"q5"},{"bfs_id":3640,"rcp":"RCP8.5","period":"2060","key":"ID","value":11.7,"estimate":"q50"},{"bfs_id":3640,"rcp":"RCP8.5","period":"2060","key":"ID","value":13.6,"estimate":"q95"},{"bfs_id":3640,"rcp":"RCP8.5","period":"2085","key":"ID","value":3,"estimate":"q5"},{"bfs_id":3640,"rcp":"RCP8.5","period":"2085","key":"ID","value":5.4,"estimate":"q50"},{"bfs_id":3640,"rcp":"RCP8.5","period":"2085","key":"ID","value":8.6,"estimate":"q95"},{"bfs_id":3640,"rcp":"RCP2.6","period":"2035","key":"SD","value":39,"estimate":"q5"},{"bfs_id":3640,"rcp":"RCP2.6","period":"2035","key":"SD","value":46.2,"estimate":"q50"},{"bfs_id":3640,"rcp":"RCP2.6","period":"2035","key":"SD","value":56.8,"estimate":"q95"},{"bfs_id":3640,"rcp":"RCP2.6","period":"2060","key":"SD","value":40,"estimate":"q5"},{"bfs_id":3640,"rcp":"RCP2.6","period":"2060","key":"SD","value":47.5,"estimate":"q50"},{"bfs_id":3640,"rcp":"RCP2.6","period":"2060","key":"SD","value":58.9,"estimate":"q95"},{"bfs_id":3640,"rcp":"RCP2.6","period":"2085","key":"SD","value":39.7,"estimate":"q5"},{"bfs_id":3640,"rcp":"RCP2.6","period":"2085","key":"SD","value":46.8,"estimate":"q50"},{"bfs_id":3640,"rcp":"RCP2.6","period":"2085","key":"SD","value":58.3,"estimate":"q95"},{"bfs_id":3640,"rcp":"RCP8.5","period":"2035","key":"SD","value":42.7,"estimate":"q5"},{"bfs_id":3640,"rcp":"RCP8.5","period":"2035","key":"SD","value":50.2,"estimate":"q50"},{"bfs_id":3640,"rcp":"RCP8.5","period":"2035","key":"SD","value":57.6,"estimate":"q95"},{"bfs_id":3640,"rcp":"RCP8.5","period":"2060","key":"SD","value":56.8,"estimate":"q5"},{"bfs_id":3640,"rcp":"RCP8.5","period":"2060","key":"SD","value":69,"estimate":"q50"},{"bfs_id":3640,"rcp":"RCP8.5","period":"2060","key":"SD","value":88.2,"estimate":"q95"},{"bfs_id":3640,"rcp":"RCP8.5","period":"2085","key":"SD","value":78.9,"estimate":"q5"},{"bfs_id":3640,"rcp":"RCP8.5","period":"2085","key":"SD","value":99.8,"estimate":"q50"},{"bfs_id":3640,"rcp":"RCP8.5","period":"2085","key":"SD","value":124.2,"estimate":"q95"},{"bfs_id":3640,"rcp":"RCP2.6","period":"2035","key":"snowdays","value":8.3,"estimate":"q5"},{"bfs_id":3640,"rcp":"RCP2.6","period":"2035","key":"snowdays","value":13.6,"estimate":"q50"},{"bfs_id":3640,"rcp":"RCP2.6","period":"2035","key":"snowdays","value":19.7,"estimate":"q95"},{"bfs_id":3640,"rcp":"RCP2.6","period":"2060","key":"snowdays","value":6.9,"estimate":"q5"},{"bfs_id":3640,"rcp":"RCP2.6","period":"2060","key":"snowdays","value":12.5,"estimate":"q50"},{"bfs_id":3640,"rcp":"RCP2.6","period":"2060","key":"snowdays","value":20.7,"estimate":"q95"},{"bfs_id":3640,"rcp":"RCP2.6","period":"2085","key":"snowdays","value":7.1,"estimate":"q5"},{"bfs_id":3640,"rcp":"RCP2.6","period":"2085","key":"snowdays","value":13.1,"estimate":"q50"},{"bfs_id":3640,"rcp":"RCP2.6","period":"2085","key":"snowdays","value":20.6,"estimate":"q95"},{"bfs_id":3640,"rcp":"RCP8.5","period":"2035","key":"snowdays","value":8.4,"estimate":"q5"},{"bfs_id":3640,"rcp":"RCP8.5","period":"2035","key":"snowdays","value":14,"estimate":"q50"},{"bfs_id":3640,"rcp":"RCP8.5","period":"2035","key":"snowdays","value":18.6,"estimate":"q95"},{"bfs_id":3640,"rcp":"RCP8.5","period":"2060","key":"snowdays","value":5.2,"estimate":"q5"},{"bfs_id":3640,"rcp":"RCP8.5","period":"2060","key":"snowdays","value":9.9,"estimate":"q50"},{"bfs_id":3640,"rcp":"RCP8.5","period":"2060","key":"snowdays","value":15.5,"estimate":"q95"},{"bfs_id":3640,"rcp":"RCP8.5","period":"2085","key":"snowdays","value":3.1,"estimate":"q5"},{"bfs_id":3640,"rcp":"RCP8.5","period":"2085","key":"snowdays","value":5.6,"estimate":"q50"},{"bfs_id":3640,"rcp":"RCP8.5","period":"2085","key":"snowdays","value":10.8,"estimate":"q95"},{"bfs_id":3640,"rcp":"RCP2.6","period":"2035","key":"TN","value":0.1,"estimate":"q5"},{"bfs_id":3640,"rcp":"RCP2.6","period":"2035","key":"TN","value":0.5,"estimate":"q50"},{"bfs_id":3640,"rcp":"RCP2.6","period":"2035","key":"TN","value":1,"estimate":"q95"},{"bfs_id":3640,"rcp":"RCP2.6","period":"2060","key":"TN","value":0.2,"estimate":"q5"},{"bfs_id":3640,"rcp":"RCP2.6","period":"2060","key":"TN","value":0.6,"estimate":"q50"},{"bfs_id":3640,"rcp":"RCP2.6","period":"2060","key":"TN","value":1.8,"estimate":"q95"},{"bfs_id":3640,"rcp":"RCP2.6","period":"2085","key":"TN","value":0.2,"estimate":"q5"},{"bfs_id":3640,"rcp":"RCP2.6","period":"2085","key":"TN","value":0.7,"estimate":"q50"},{"bfs_id":3640,"rcp":"RCP2.6","period":"2085","key":"TN","value":1.4,"estimate":"q95"},{"bfs_id":3640,"rcp":"RCP8.5","period":"2035","key":"TN","value":0.3,"estimate":"q5"},{"bfs_id":3640,"rcp":"RCP8.5","period":"2035","key":"TN","value":0.7,"estimate":"q50"},{"bfs_id":3640,"rcp":"RCP8.5","period":"2035","key":"TN","value":2.3,"estimate":"q95"},{"bfs_id":3640,"rcp":"RCP8.5","period":"2060","key":"TN","value":1.5,"estimate":"q5"},{"bfs_id":3640,"rcp":"RCP8.5","period":"2060","key":"TN","value":4.2,"estimate":"q50"},{"bfs_id":3640,"rcp":"RCP8.5","period":"2060","key":"TN","value":8.4,"estimate":"q95"},{"bfs_id":3640,"rcp":"RCP8.5","period":"2085","key":"TN","value":6.5,"estimate":"q5"},{"bfs_id":3640,"rcp":"RCP8.5","period":"2085","key":"TN","value":14.5,"estimate":"q50"},{"bfs_id":3640,"rcp":"RCP8.5","period":"2085","key":"TN","value":29.6,"estimate":"q95"},{"bfs_id":3640,"rcp":"RCP2.6","period":"2035","key":"pr","value":1.4,"estimate":"q5","season":"DJF"},{"bfs_id":3640,"rcp":"RCP2.6","period":"2035","key":"pr","value":2,"estimate":"q5","season":"MAM"},{"bfs_id":3640,"rcp":"RCP2.6","period":"2035","key":"pr","value":2.7,"estimate":"q5","season":"JJA"},{"bfs_id":3640,"rcp":"RCP2.6","period":"2035","key":"pr","value":2.3,"estimate":"q5","season":"SON"},{"bfs_id":3640,"rcp":"RCP2.6","period":"2035","key":"pr","value":1.8,"estimate":"q50","season":"DJF"},{"bfs_id":3640,"rcp":"RCP2.6","period":"2035","key":"pr","value":2.3,"estimate":"q50","season":"MAM"},{"bfs_id":3640,"rcp":"RCP2.6","period":"2035","key":"pr","value":3.4,"estimate":"q50","season":"JJA"},{"bfs_id":3640,"rcp":"RCP2.6","period":"2035","key":"pr","value":2.7,"estimate":"q50","season":"SON"},{"bfs_id":3640,"rcp":"RCP2.6","period":"2035","key":"pr","value":2.2,"estimate":"q95","season":"DJF"},{"bfs_id":3640,"rcp":"RCP2.6","period":"2035","key":"pr","value":2.7,"estimate":"q95","season":"MAM"},{"bfs_id":3640,"rcp":"RCP2.6","period":"2035","key":"pr","value":3.8,"estimate":"q95","season":"JJA"},{"bfs_id":3640,"rcp":"RCP2.6","period":"2035","key":"pr","value":3.3,"estimate":"q95","season":"SON"},{"bfs_id":3640,"rcp":"RCP2.6","period":"2060","key":"pr","value":1.6,"estimate":"q5","season":"DJF"},{"bfs_id":3640,"rcp":"RCP2.6","period":"2060","key":"pr","value":2,"estimate":"q5","season":"MAM"},{"bfs_id":3640,"rcp":"RCP2.6","period":"2060","key":"pr","value":2.8,"estimate":"q5","season":"JJA"},{"bfs_id":3640,"rcp":"RCP2.6","period":"2060","key":"pr","value":2.2,"estimate":"q5","season":"SON"},{"bfs_id":3640,"rcp":"RCP2.6","period":"2060","key":"pr","value":1.9,"estimate":"q50","season":"DJF"},{"bfs_id":3640,"rcp":"RCP2.6","period":"2060","key":"pr","value":2.3,"estimate":"q50","season":"MAM"},{"bfs_id":3640,"rcp":"RCP2.6","period":"2060","key":"pr","value":3.4,"estimate":"q50","season":"JJA"},{"bfs_id":3640,"rcp":"RCP2.6","period":"2060","key":"pr","value":2.6,"estimate":"q50","season":"SON"},{"bfs_id":3640,"rcp":"RCP2.6","period":"2060","key":"pr","value":2.1,"estimate":"q95","season":"DJF"},{"bfs_id":3640,"rcp":"RCP2.6","period":"2060","key":"pr","value":2.7,"estimate":"q95","season":"MAM"},{"bfs_id":3640,"rcp":"RCP2.6","period":"2060","key":"pr","value":3.9,"estimate":"q95","season":"JJA"},{"bfs_id":3640,"rcp":"RCP2.6","period":"2060","key":"pr","value":3,"estimate":"q95","season":"SON"},{"bfs_id":3640,"rcp":"RCP2.6","period":"2085","key":"pr","value":1.6,"estimate":"q5","season":"DJF"},{"bfs_id":3640,"rcp":"RCP2.6","period":"2085","key":"pr","value":2,"estimate":"q5","season":"MAM"},{"bfs_id":3640,"rcp":"RCP2.6","period":"2085","key":"pr","value":2.8,"estimate":"q5","season":"JJA"},{"bfs_id":3640,"rcp":"RCP2.6","period":"2085","key":"pr","value":2.3,"estimate":"q5","season":"SON"},{"bfs_id":3640,"rcp":"RCP2.6","period":"2085","key":"pr","value":1.9,"estimate":"q50","season":"DJF"},{"bfs_id":3640,"rcp":"RCP2.6","period":"2085","key":"pr","value":2.3,"estimate":"q50","season":"MAM"},{"bfs_id":3640,"rcp":"RCP2.6","period":"2085","key":"pr","value":3.4,"estimate":"q50","season":"JJA"},{"bfs_id":3640,"rcp":"RCP2.6","period":"2085","key":"pr","value":2.6,"estimate":"q50","season":"SON"},{"bfs_id":3640,"rcp":"RCP2.6","period":"2085","key":"pr","value":2.1,"estimate":"q95","season":"DJF"},{"bfs_id":3640,"rcp":"RCP2.6","period":"2085","key":"pr","value":2.7,"estimate":"q95","season":"MAM"},{"bfs_id":3640,"rcp":"RCP2.6","period":"2085","key":"pr","value":3.9,"estimate":"q95","season":"JJA"},{"bfs_id":3640,"rcp":"RCP2.6","period":"2085","key":"pr","value":3.1,"estimate":"q95","season":"SON"},{"bfs_id":3640,"rcp":"RCP8.5","period":"2035","key":"pr","value":1.7,"estimate":"q5","season":"DJF"},{"bfs_id":3640,"rcp":"RCP8.5","period":"2035","key":"pr","value":2,"estimate":"q5","season":"MAM"},{"bfs_id":3640,"rcp":"RCP8.5","period":"2035","key":"pr","value":2.8,"estimate":"q5","season":"JJA"},{"bfs_id":3640,"rcp":"RCP8.5","period":"2035","key":"pr","value":2.3,"estimate":"q5","season":"SON"},{"bfs_id":3640,"rcp":"RCP8.5","period":"2035","key":"pr","value":1.9,"estimate":"q50","season":"DJF"},{"bfs_id":3640,"rcp":"RCP8.5","period":"2035","key":"pr","value":2.3,"estimate":"q50","season":"MAM"},{"bfs_id":3640,"rcp":"RCP8.5","period":"2035","key":"pr","value":3.4,"estimate":"q50","season":"JJA"},{"bfs_id":3640,"rcp":"RCP8.5","period":"2035","key":"pr","value":2.6,"estimate":"q50","season":"SON"},{"bfs_id":3640,"rcp":"RCP8.5","period":"2035","key":"pr","value":2.1,"estimate":"q95","season":"DJF"},{"bfs_id":3640,"rcp":"RCP8.5","period":"2035","key":"pr","value":2.7,"estimate":"q95","season":"MAM"},{"bfs_id":3640,"rcp":"RCP8.5","period":"2035","key":"pr","value":3.9,"estimate":"q95","season":"JJA"},{"bfs_id":3640,"rcp":"RCP8.5","period":"2035","key":"pr","value":3,"estimate":"q95","season":"SON"},{"bfs_id":3640,"rcp":"RCP8.5","period":"2060","key":"pr","value":1.6,"estimate":"q5","season":"DJF"},{"bfs_id":3640,"rcp":"RCP8.5","period":"2060","key":"pr","value":2.2,"estimate":"q5","season":"MAM"},{"bfs_id":3640,"rcp":"RCP8.5","period":"2060","key":"pr","value":2.6,"estimate":"q5","season":"JJA"},{"bfs_id":3640,"rcp":"RCP8.5","period":"2060","key":"pr","value":2.3,"estimate":"q5","season":"SON"},{"bfs_id":3640,"rcp":"RCP8.5","period":"2060","key":"pr","value":2,"estimate":"q50","season":"DJF"},{"bfs_id":3640,"rcp":"RCP8.5","period":"2060","key":"pr","value":2.5,"estimate":"q50","season":"MAM"},{"bfs_id":3640,"rcp":"RCP8.5","period":"2060","key":"pr","value":3.1,"estimate":"q50","season":"JJA"},{"bfs_id":3640,"rcp":"RCP8.5","period":"2060","key":"pr","value":2.7,"estimate":"q50","season":"SON"},{"bfs_id":3640,"rcp":"RCP8.5","period":"2060","key":"pr","value":2.2,"estimate":"q95","season":"DJF"},{"bfs_id":3640,"rcp":"RCP8.5","period":"2060","key":"pr","value":2.9,"estimate":"q95","season":"MAM"},{"bfs_id":3640,"rcp":"RCP8.5","period":"2060","key":"pr","value":4.1,"estimate":"q95","season":"JJA"},{"bfs_id":3640,"rcp":"RCP8.5","period":"2060","key":"pr","value":3.3,"estimate":"q95","season":"SON"},{"bfs_id":3640,"rcp":"RCP8.5","period":"2085","key":"pr","value":1.8,"estimate":"q5","season":"DJF"},{"bfs_id":3640,"rcp":"RCP8.5","period":"2085","key":"pr","value":2.2,"estimate":"q5","season":"MAM"},{"bfs_id":3640,"rcp":"RCP8.5","period":"2085","key":"pr","value":2,"estimate":"q5","season":"JJA"},{"bfs_id":3640,"rcp":"RCP8.5","period":"2085","key":"pr","value":2.4,"estimate":"q5","season":"SON"},{"bfs_id":3640,"rcp":"RCP8.5","period":"2085","key":"pr","value":2.2,"estimate":"q50","season":"DJF"},{"bfs_id":3640,"rcp":"RCP8.5","period":"2085","key":"pr","value":2.7,"estimate":"q50","season":"MAM"},{"bfs_id":3640,"rcp":"RCP8.5","period":"2085","key":"pr","value":2.8,"estimate":"q50","season":"JJA"},{"bfs_id":3640,"rcp":"RCP8.5","period":"2085","key":"pr","value":2.7,"estimate":"q50","season":"SON"},{"bfs_id":3640,"rcp":"RCP8.5","period":"2085","key":"pr","value":2.4,"estimate":"q95","season":"DJF"},{"bfs_id":3640,"rcp":"RCP8.5","period":"2085","key":"pr","value":3,"estimate":"q95","season":"MAM"},{"bfs_id":3640,"rcp":"RCP8.5","period":"2085","key":"pr","value":4.1,"estimate":"q95","season":"JJA"},{"bfs_id":3640,"rcp":"RCP8.5","period":"2085","key":"pr","value":3.4,"estimate":"q95","season":"SON"},{"bfs_id":3640,"rcp":"RCP2.6","period":"2035","key":"tas","value":0.8,"estimate":"q5","season":"DJF"},{"bfs_id":3640,"rcp":"RCP2.6","period":"2035","key":"tas","value":8,"estimate":"q5","season":"MAM"},{"bfs_id":3640,"rcp":"RCP2.6","period":"2035","key":"tas","value":17.3,"estimate":"q5","season":"JJA"},{"bfs_id":3640,"rcp":"RCP2.6","period":"2035","key":"tas","value":9.5,"estimate":"q5","season":"SON"},{"bfs_id":3640,"rcp":"RCP2.6","period":"2035","key":"tas","value":1.4,"estimate":"q50","season":"DJF"},{"bfs_id":3640,"rcp":"RCP2.6","period":"2035","key":"tas","value":8.7,"estimate":"q50","season":"MAM"},{"bfs_id":3640,"rcp":"RCP2.6","period":"2035","key":"tas","value":18.5,"estimate":"q50","season":"JJA"},{"bfs_id":3640,"rcp":"RCP2.6","period":"2035","key":"tas","value":10.1,"estimate":"q50","season":"SON"},{"bfs_id":3640,"rcp":"RCP2.6","period":"2035","key":"tas","value":1.9,"estimate":"q95","season":"DJF"},{"bfs_id":3640,"rcp":"RCP2.6","period":"2035","key":"tas","value":9.2,"estimate":"q95","season":"MAM"},{"bfs_id":3640,"rcp":"RCP2.6","period":"2035","key":"tas","value":19.5,"estimate":"q95","season":"JJA"},{"bfs_id":3640,"rcp":"RCP2.6","period":"2035","key":"tas","value":10.8,"estimate":"q95","season":"SON"},{"bfs_id":3640,"rcp":"RCP2.6","period":"2060","key":"tas","value":0.7,"estimate":"q5","season":"DJF"},{"bfs_id":3640,"rcp":"RCP2.6","period":"2060","key":"tas","value":8,"estimate":"q5","season":"MAM"},{"bfs_id":3640,"rcp":"RCP2.6","period":"2060","key":"tas","value":17.7,"estimate":"q5","season":"JJA"},{"bfs_id":3640,"rcp":"RCP2.6","period":"2060","key":"tas","value":9.8,"estimate":"q5","season":"SON"},{"bfs_id":3640,"rcp":"RCP2.6","period":"2060","key":"tas","value":1.7,"estimate":"q50","season":"DJF"},{"bfs_id":3640,"rcp":"RCP2.6","period":"2060","key":"tas","value":8.7,"estimate":"q50","season":"MAM"},{"bfs_id":3640,"rcp":"RCP2.6","period":"2060","key":"tas","value":18.7,"estimate":"q50","season":"JJA"},{"bfs_id":3640,"rcp":"RCP2.6","period":"2060","key":"tas","value":10.3,"estimate":"q50","season":"SON"},{"bfs_id":3640,"rcp":"RCP2.6","period":"2060","key":"tas","value":2.2,"estimate":"q95","season":"DJF"},{"bfs_id":3640,"rcp":"RCP2.6","period":"2060","key":"tas","value":9.3,"estimate":"q95","season":"MAM"},{"bfs_id":3640,"rcp":"RCP2.6","period":"2060","key":"tas","value":19.8,"estimate":"q95","season":"JJA"},{"bfs_id":3640,"rcp":"RCP2.6","period":"2060","key":"tas","value":11.2,"estimate":"q95","season":"SON"},{"bfs_id":3640,"rcp":"RCP2.6","period":"2085","key":"tas","value":0.9,"estimate":"q5","season":"DJF"},{"bfs_id":3640,"rcp":"RCP2.6","period":"2085","key":"tas","value":8,"estimate":"q5","season":"MAM"},{"bfs_id":3640,"rcp":"RCP2.6","period":"2085","key":"tas","value":17.6,"estimate":"q5","season":"JJA"},{"bfs_id":3640,"rcp":"RCP2.6","period":"2085","key":"tas","value":9.5,"estimate":"q5","season":"SON"},{"bfs_id":3640,"rcp":"RCP2.6","period":"2085","key":"tas","value":1.6,"estimate":"q50","season":"DJF"},{"bfs_id":3640,"rcp":"RCP2.6","period":"2085","key":"tas","value":8.7,"estimate":"q50","season":"MAM"},{"bfs_id":3640,"rcp":"RCP2.6","period":"2085","key":"tas","value":18.6,"estimate":"q50","season":"JJA"},{"bfs_id":3640,"rcp":"RCP2.6","period":"2085","key":"tas","value":10.3,"estimate":"q50","season":"SON"},{"bfs_id":3640,"rcp":"RCP2.6","period":"2085","key":"tas","value":2.3,"estimate":"q95","season":"DJF"},{"bfs_id":3640,"rcp":"RCP2.6","period":"2085","key":"tas","value":9.5,"estimate":"q95","season":"MAM"},{"bfs_id":3640,"rcp":"RCP2.6","period":"2085","key":"tas","value":19.5,"estimate":"q95","season":"JJA"},{"bfs_id":3640,"rcp":"RCP2.6","period":"2085","key":"tas","value":11.1,"estimate":"q95","season":"SON"},{"bfs_id":3640,"rcp":"RCP8.5","period":"2035","key":"tas","value":1,"estimate":"q5","season":"DJF"},{"bfs_id":3640,"rcp":"RCP8.5","period":"2035","key":"tas","value":8.3,"estimate":"q5","season":"MAM"},{"bfs_id":3640,"rcp":"RCP8.5","period":"2035","key":"tas","value":17.9,"estimate":"q5","season":"JJA"},{"bfs_id":3640,"rcp":"RCP8.5","period":"2035","key":"tas","value":10,"estimate":"q5","season":"SON"},{"bfs_id":3640,"rcp":"RCP8.5","period":"2035","key":"tas","value":1.8,"estimate":"q50","season":"DJF"},{"bfs_id":3640,"rcp":"RCP8.5","period":"2035","key":"tas","value":8.7,"estimate":"q50","season":"MAM"},{"bfs_id":3640,"rcp":"RCP8.5","period":"2035","key":"tas","value":18.8,"estimate":"q50","season":"JJA"},{"bfs_id":3640,"rcp":"RCP8.5","period":"2035","key":"tas","value":10.4,"estimate":"q50","season":"SON"},{"bfs_id":3640,"rcp":"RCP8.5","period":"2035","key":"tas","value":2.2,"estimate":"q95","season":"DJF"},{"bfs_id":3640,"rcp":"RCP8.5","period":"2035","key":"tas","value":9.4,"estimate":"q95","season":"MAM"},{"bfs_id":3640,"rcp":"RCP8.5","period":"2035","key":"tas","value":19.7,"estimate":"q95","season":"JJA"},{"bfs_id":3640,"rcp":"RCP8.5","period":"2035","key":"tas","value":11.2,"estimate":"q95","season":"SON"},{"bfs_id":3640,"rcp":"RCP8.5","period":"2060","key":"tas","value":2.3,"estimate":"q5","season":"DJF"},{"bfs_id":3640,"rcp":"RCP8.5","period":"2060","key":"tas","value":9.4,"estimate":"q5","season":"MAM"},{"bfs_id":3640,"rcp":"RCP8.5","period":"2060","key":"tas","value":19.1,"estimate":"q5","season":"JJA"},{"bfs_id":3640,"rcp":"RCP8.5","period":"2060","key":"tas","value":11.4,"estimate":"q5","season":"SON"},{"bfs_id":3640,"rcp":"RCP8.5","period":"2060","key":"tas","value":2.8,"estimate":"q50","season":"DJF"},{"bfs_id":3640,"rcp":"RCP8.5","period":"2060","key":"tas","value":10.1,"estimate":"q50","season":"MAM"},{"bfs_id":3640,"rcp":"RCP8.5","period":"2060","key":"tas","value":20.7,"estimate":"q50","season":"JJA"},{"bfs_id":3640,"rcp":"RCP8.5","period":"2060","key":"tas","value":12.1,"estimate":"q50","season":"SON"},{"bfs_id":3640,"rcp":"RCP8.5","period":"2060","key":"tas","value":3.5,"estimate":"q95","season":"DJF"},{"bfs_id":3640,"rcp":"RCP8.5","period":"2060","key":"tas","value":11.2,"estimate":"q95","season":"MAM"},{"bfs_id":3640,"rcp":"RCP8.5","period":"2060","key":"tas","value":21.9,"estimate":"q95","season":"JJA"},{"bfs_id":3640,"rcp":"RCP8.5","period":"2060","key":"tas","value":12.9,"estimate":"q95","season":"SON"},{"bfs_id":3640,"rcp":"RCP8.5","period":"2085","key":"tas","value":3.7,"estimate":"q5","season":"DJF"},{"bfs_id":3640,"rcp":"RCP8.5","period":"2085","key":"tas","value":10.8,"estimate":"q5","season":"MAM"},{"bfs_id":3640,"rcp":"RCP8.5","period":"2085","key":"tas","value":20.8,"estimate":"q5","season":"JJA"},{"bfs_id":3640,"rcp":"RCP8.5","period":"2085","key":"tas","value":12.8,"estimate":"q5","season":"SON"},{"bfs_id":3640,"rcp":"RCP8.5","period":"2085","key":"tas","value":4.8,"estimate":"q50","season":"DJF"},{"bfs_id":3640,"rcp":"RCP8.5","period":"2085","key":"tas","value":11.9,"estimate":"q50","season":"MAM"},{"bfs_id":3640,"rcp":"RCP8.5","period":"2085","key":"tas","value":23.1,"estimate":"q50","season":"JJA"},{"bfs_id":3640,"rcp":"RCP8.5","period":"2085","key":"tas","value":13.4,"estimate":"q50","season":"SON"},{"bfs_id":3640,"rcp":"RCP8.5","period":"2085","key":"tas","value":5.3,"estimate":"q95","season":"DJF"},{"bfs_id":3640,"rcp":"RCP8.5","period":"2085","key":"tas","value":13.8,"estimate":"q95","season":"MAM"},{"bfs_id":3640,"rcp":"RCP8.5","period":"2085","key":"tas","value":24.9,"estimate":"q95","season":"JJA"},{"bfs_id":3640,"rcp":"RCP8.5","period":"2085","key":"tas","value":15.3,"estimate":"q95","season":"SON"},{"bfs_id":3640,"rcp":"obs","period":"1981-2010","key":"FD","value":102.6,"estimate":"yearly_mean"},{"bfs_id":3640,"rcp":"obs","period":"1981-2010","key":"HD","value":4.1,"estimate":"yearly_mean"},{"bfs_id":3640,"rcp":"obs","period":"1981-2010","key":"ID","value":24,"estimate":"yearly_mean"},{"bfs_id":3640,"rcp":"obs","period":"1981-2010","key":"SD","value":31.3,"estimate":"yearly_mean"},{"bfs_id":3640,"rcp":"obs","period":"1981-2010","key":"snowdays","value":20.8,"estimate":"yearly_mean"},{"bfs_id":3640,"rcp":"obs","period":"1981-2010","key":"TN","value":0.1,"estimate":"yearly_mean"},{"bfs_id":3640,"rcp":"obs","period":"1981-2010","key":"pr","value":1.6,"estimate":"mean","season":"DJF"},{"bfs_id":3640,"rcp":"obs","period":"1981-2010","key":"pr","value":2.1,"estimate":"mean","season":"MAM"},{"bfs_id":3640,"rcp":"obs","period":"1981-2010","key":"pr","value":3.6,"estimate":"mean","season":"JJA"},{"bfs_id":3640,"rcp":"obs","period":"1981-2010","key":"pr","value":2.6,"estimate":"mean","season":"SON"},{"bfs_id":3640,"rcp":"obs","period":"1981-2010","key":"tas","value":0.2,"estimate":"mean","season":"DJF"},{"bfs_id":3640,"rcp":"obs","period":"1981-2010","key":"tas","value":8.1,"estimate":"mean","season":"MAM"},{"bfs_id":3640,"rcp":"obs","period":"1981-2010","key":"tas","value":16.5,"estimate":"mean","season":"JJA"},{"bfs_id":3640,"rcp":"obs","period":"1981-2010","key":"tas","value":8.9,"estimate":"mean","season":"SON"}]
