[{"bfs_id":5428,"rcp":"RCP2.6","period":"2035","key":"FD","value":59.8,"estimate":"q5"},{"bfs_id":5428,"rcp":"RCP2.6","period":"2035","key":"FD","value":70.5,"estimate":"q50"},{"bfs_id":5428,"rcp":"RCP2.6","period":"2035","key":"FD","value":77.7,"estimate":"q95"},{"bfs_id":5428,"rcp":"RCP2.6","period":"2060","key":"FD","value":55,"estimate":"q5"},{"bfs_id":5428,"rcp":"RCP2.6","period":"2060","key":"FD","value":65.7,"estimate":"q50"},{"bfs_id":5428,"rcp":"RCP2.6","period":"2060","key":"FD","value":74.7,"estimate":"q95"},{"bfs_id":5428,"rcp":"RCP2.6","period":"2085","key":"FD","value":53.7,"estimate":"q5"},{"bfs_id":5428,"rcp":"RCP2.6","period":"2085","key":"FD","value":66.8,"estimate":"q50"},{"bfs_id":5428,"rcp":"RCP2.6","period":"2085","key":"FD","value":75.7,"estimate":"q95"},{"bfs_id":5428,"rcp":"RCP8.5","period":"2035","key":"FD","value":55.2,"estimate":"q5"},{"bfs_id":5428,"rcp":"RCP8.5","period":"2035","key":"FD","value":67.6,"estimate":"q50"},{"bfs_id":5428,"rcp":"RCP8.5","period":"2035","key":"FD","value":71.6,"estimate":"q95"},{"bfs_id":5428,"rcp":"RCP8.5","period":"2060","key":"FD","value":41.9,"estimate":"q5"},{"bfs_id":5428,"rcp":"RCP8.5","period":"2060","key":"FD","value":51.2,"estimate":"q50"},{"bfs_id":5428,"rcp":"RCP8.5","period":"2060","key":"FD","value":57.6,"estimate":"q95"},{"bfs_id":5428,"rcp":"RCP8.5","period":"2085","key":"FD","value":25,"estimate":"q5"},{"bfs_id":5428,"rcp":"RCP8.5","period":"2085","key":"FD","value":30.6,"estimate":"q50"},{"bfs_id":5428,"rcp":"RCP8.5","period":"2085","key":"FD","value":41.9,"estimate":"q95"},{"bfs_id":5428,"rcp":"RCP2.6","period":"2035","key":"HD","value":5.1,"estimate":"q5"},{"bfs_id":5428,"rcp":"RCP2.6","period":"2035","key":"HD","value":9.5,"estimate":"q50"},{"bfs_id":5428,"rcp":"RCP2.6","period":"2035","key":"HD","value":13.8,"estimate":"q95"},{"bfs_id":5428,"rcp":"RCP2.6","period":"2060","key":"HD","value":7.1,"estimate":"q5"},{"bfs_id":5428,"rcp":"RCP2.6","period":"2060","key":"HD","value":9.4,"estimate":"q50"},{"bfs_id":5428,"rcp":"RCP2.6","period":"2060","key":"HD","value":17,"estimate":"q95"},{"bfs_id":5428,"rcp":"RCP2.6","period":"2085","key":"HD","value":5.7,"estimate":"q5"},{"bfs_id":5428,"rcp":"RCP2.6","period":"2085","key":"HD","value":8.7,"estimate":"q50"},{"bfs_id":5428,"rcp":"RCP2.6","period":"2085","key":"HD","value":16.3,"estimate":"q95"},{"bfs_id":5428,"rcp":"RCP8.5","period":"2035","key":"HD","value":8,"estimate":"q5"},{"bfs_id":5428,"rcp":"RCP8.5","period":"2035","key":"HD","value":9.4,"estimate":"q50"},{"bfs_id":5428,"rcp":"RCP8.5","period":"2035","key":"HD","value":15.4,"estimate":"q95"},{"bfs_id":5428,"rcp":"RCP8.5","period":"2060","key":"HD","value":12.4,"estimate":"q5"},{"bfs_id":5428,"rcp":"RCP8.5","period":"2060","key":"HD","value":17.7,"estimate":"q50"},{"bfs_id":5428,"rcp":"RCP8.5","period":"2060","key":"HD","value":31.5,"estimate":"q95"},{"bfs_id":5428,"rcp":"RCP8.5","period":"2085","key":"HD","value":24.6,"estimate":"q5"},{"bfs_id":5428,"rcp":"RCP8.5","period":"2085","key":"HD","value":34.3,"estimate":"q50"},{"bfs_id":5428,"rcp":"RCP8.5","period":"2085","key":"HD","value":56.4,"estimate":"q95"},{"bfs_id":5428,"rcp":"RCP2.6","period":"2035","key":"ID","value":10.3,"estimate":"q5"},{"bfs_id":5428,"rcp":"RCP2.6","period":"2035","key":"ID","value":13.8,"estimate":"q50"},{"bfs_id":5428,"rcp":"RCP2.6","period":"2035","key":"ID","value":16.6,"estimate":"q95"},{"bfs_id":5428,"rcp":"RCP2.6","period":"2060","key":"ID","value":9.1,"estimate":"q5"},{"bfs_id":5428,"rcp":"RCP2.6","period":"2060","key":"ID","value":13.5,"estimate":"q50"},{"bfs_id":5428,"rcp":"RCP2.6","period":"2060","key":"ID","value":15.2,"estimate":"q95"},{"bfs_id":5428,"rcp":"RCP2.6","period":"2085","key":"ID","value":9.4,"estimate":"q5"},{"bfs_id":5428,"rcp":"RCP2.6","period":"2085","key":"ID","value":12.9,"estimate":"q50"},{"bfs_id":5428,"rcp":"RCP2.6","period":"2085","key":"ID","value":16.4,"estimate":"q95"},{"bfs_id":5428,"rcp":"RCP8.5","period":"2035","key":"ID","value":9.6,"estimate":"q5"},{"bfs_id":5428,"rcp":"RCP8.5","period":"2035","key":"ID","value":12,"estimate":"q50"},{"bfs_id":5428,"rcp":"RCP8.5","period":"2035","key":"ID","value":15.7,"estimate":"q95"},{"bfs_id":5428,"rcp":"RCP8.5","period":"2060","key":"ID","value":6.3,"estimate":"q5"},{"bfs_id":5428,"rcp":"RCP8.5","period":"2060","key":"ID","value":8.8,"estimate":"q50"},{"bfs_id":5428,"rcp":"RCP8.5","period":"2060","key":"ID","value":10.9,"estimate":"q95"},{"bfs_id":5428,"rcp":"RCP8.5","period":"2085","key":"ID","value":2,"estimate":"q5"},{"bfs_id":5428,"rcp":"RCP8.5","period":"2085","key":"ID","value":4.1,"estimate":"q50"},{"bfs_id":5428,"rcp":"RCP8.5","period":"2085","key":"ID","value":5.6,"estimate":"q95"},{"bfs_id":5428,"rcp":"RCP2.6","period":"2035","key":"SD","value":40.4,"estimate":"q5"},{"bfs_id":5428,"rcp":"RCP2.6","period":"2035","key":"SD","value":46.9,"estimate":"q50"},{"bfs_id":5428,"rcp":"RCP2.6","period":"2035","key":"SD","value":54.2,"estimate":"q95"},{"bfs_id":5428,"rcp":"RCP2.6","period":"2060","key":"SD","value":42.6,"estimate":"q5"},{"bfs_id":5428,"rcp":"RCP2.6","period":"2060","key":"SD","value":48.1,"estimate":"q50"},{"bfs_id":5428,"rcp":"RCP2.6","period":"2060","key":"SD","value":55.2,"estimate":"q95"},{"bfs_id":5428,"rcp":"RCP2.6","period":"2085","key":"SD","value":42,"estimate":"q5"},{"bfs_id":5428,"rcp":"RCP2.6","period":"2085","key":"SD","value":47.1,"estimate":"q50"},{"bfs_id":5428,"rcp":"RCP2.6","period":"2085","key":"SD","value":54.6,"estimate":"q95"},{"bfs_id":5428,"rcp":"RCP8.5","period":"2035","key":"SD","value":46.3,"estimate":"q5"},{"bfs_id":5428,"rcp":"RCP8.5","period":"2035","key":"SD","value":49.7,"estimate":"q50"},{"bfs_id":5428,"rcp":"RCP8.5","period":"2035","key":"SD","value":56.3,"estimate":"q95"},{"bfs_id":5428,"rcp":"RCP8.5","period":"2060","key":"SD","value":58.6,"estimate":"q5"},{"bfs_id":5428,"rcp":"RCP8.5","period":"2060","key":"SD","value":64.7,"estimate":"q50"},{"bfs_id":5428,"rcp":"RCP8.5","period":"2060","key":"SD","value":80.6,"estimate":"q95"},{"bfs_id":5428,"rcp":"RCP8.5","period":"2085","key":"SD","value":75.7,"estimate":"q5"},{"bfs_id":5428,"rcp":"RCP8.5","period":"2085","key":"SD","value":86.2,"estimate":"q50"},{"bfs_id":5428,"rcp":"RCP8.5","period":"2085","key":"SD","value":107.1,"estimate":"q95"},{"bfs_id":5428,"rcp":"RCP2.6","period":"2035","key":"snowdays","value":12,"estimate":"q5"},{"bfs_id":5428,"rcp":"RCP2.6","period":"2035","key":"snowdays","value":17.1,"estimate":"q50"},{"bfs_id":5428,"rcp":"RCP2.6","period":"2035","key":"snowdays","value":22.6,"estimate":"q95"},{"bfs_id":5428,"rcp":"RCP2.6","period":"2060","key":"snowdays","value":11.3,"estimate":"q5"},{"bfs_id":5428,"rcp":"RCP2.6","period":"2060","key":"snowdays","value":16,"estimate":"q50"},{"bfs_id":5428,"rcp":"RCP2.6","period":"2060","key":"snowdays","value":21.7,"estimate":"q95"},{"bfs_id":5428,"rcp":"RCP2.6","period":"2085","key":"snowdays","value":11.2,"estimate":"q5"},{"bfs_id":5428,"rcp":"RCP2.6","period":"2085","key":"snowdays","value":16,"estimate":"q50"},{"bfs_id":5428,"rcp":"RCP2.6","period":"2085","key":"snowdays","value":22.2,"estimate":"q95"},{"bfs_id":5428,"rcp":"RCP8.5","period":"2035","key":"snowdays","value":9.9,"estimate":"q5"},{"bfs_id":5428,"rcp":"RCP8.5","period":"2035","key":"snowdays","value":15.7,"estimate":"q50"},{"bfs_id":5428,"rcp":"RCP8.5","period":"2035","key":"snowdays","value":21.1,"estimate":"q95"},{"bfs_id":5428,"rcp":"RCP8.5","period":"2060","key":"snowdays","value":7,"estimate":"q5"},{"bfs_id":5428,"rcp":"RCP8.5","period":"2060","key":"snowdays","value":10.7,"estimate":"q50"},{"bfs_id":5428,"rcp":"RCP8.5","period":"2060","key":"snowdays","value":15.6,"estimate":"q95"},{"bfs_id":5428,"rcp":"RCP8.5","period":"2085","key":"snowdays","value":2.8,"estimate":"q5"},{"bfs_id":5428,"rcp":"RCP8.5","period":"2085","key":"snowdays","value":6.4,"estimate":"q50"},{"bfs_id":5428,"rcp":"RCP8.5","period":"2085","key":"snowdays","value":10.9,"estimate":"q95"},{"bfs_id":5428,"rcp":"RCP2.6","period":"2035","key":"TN","value":0.2,"estimate":"q5"},{"bfs_id":5428,"rcp":"RCP2.6","period":"2035","key":"TN","value":1.1,"estimate":"q50"},{"bfs_id":5428,"rcp":"RCP2.6","period":"2035","key":"TN","value":1.5,"estimate":"q95"},{"bfs_id":5428,"rcp":"RCP2.6","period":"2060","key":"TN","value":0.3,"estimate":"q5"},{"bfs_id":5428,"rcp":"RCP2.6","period":"2060","key":"TN","value":1.1,"estimate":"q50"},{"bfs_id":5428,"rcp":"RCP2.6","period":"2060","key":"TN","value":2,"estimate":"q95"},{"bfs_id":5428,"rcp":"RCP2.6","period":"2085","key":"TN","value":0.3,"estimate":"q5"},{"bfs_id":5428,"rcp":"RCP2.6","period":"2085","key":"TN","value":1.2,"estimate":"q50"},{"bfs_id":5428,"rcp":"RCP2.6","period":"2085","key":"TN","value":2.1,"estimate":"q95"},{"bfs_id":5428,"rcp":"RCP8.5","period":"2035","key":"TN","value":0.6,"estimate":"q5"},{"bfs_id":5428,"rcp":"RCP8.5","period":"2035","key":"TN","value":1.4,"estimate":"q50"},{"bfs_id":5428,"rcp":"RCP8.5","period":"2035","key":"TN","value":4,"estimate":"q95"},{"bfs_id":5428,"rcp":"RCP8.5","period":"2060","key":"TN","value":2.8,"estimate":"q5"},{"bfs_id":5428,"rcp":"RCP8.5","period":"2060","key":"TN","value":4.5,"estimate":"q50"},{"bfs_id":5428,"rcp":"RCP8.5","period":"2060","key":"TN","value":9.4,"estimate":"q95"},{"bfs_id":5428,"rcp":"RCP8.5","period":"2085","key":"TN","value":9.1,"estimate":"q5"},{"bfs_id":5428,"rcp":"RCP8.5","period":"2085","key":"TN","value":12.1,"estimate":"q50"},{"bfs_id":5428,"rcp":"RCP8.5","period":"2085","key":"TN","value":32.6,"estimate":"q95"},{"bfs_id":5428,"rcp":"RCP2.6","period":"2035","key":"pr","value":3.4,"estimate":"q5","season":"DJF"},{"bfs_id":5428,"rcp":"RCP2.6","period":"2035","key":"pr","value":2.7,"estimate":"q5","season":"MAM"},{"bfs_id":5428,"rcp":"RCP2.6","period":"2035","key":"pr","value":2.4,"estimate":"q5","season":"JJA"},{"bfs_id":5428,"rcp":"RCP2.6","period":"2035","key":"pr","value":3,"estimate":"q5","season":"SON"},{"bfs_id":5428,"rcp":"RCP2.6","period":"2035","key":"pr","value":4,"estimate":"q50","season":"DJF"},{"bfs_id":5428,"rcp":"RCP2.6","period":"2035","key":"pr","value":3.3,"estimate":"q50","season":"MAM"},{"bfs_id":5428,"rcp":"RCP2.6","period":"2035","key":"pr","value":2.7,"estimate":"q50","season":"JJA"},{"bfs_id":5428,"rcp":"RCP2.6","period":"2035","key":"pr","value":3.6,"estimate":"q50","season":"SON"},{"bfs_id":5428,"rcp":"RCP2.6","period":"2035","key":"pr","value":4.6,"estimate":"q95","season":"DJF"},{"bfs_id":5428,"rcp":"RCP2.6","period":"2035","key":"pr","value":3.5,"estimate":"q95","season":"MAM"},{"bfs_id":5428,"rcp":"RCP2.6","period":"2035","key":"pr","value":3.2,"estimate":"q95","season":"JJA"},{"bfs_id":5428,"rcp":"RCP2.6","period":"2035","key":"pr","value":4,"estimate":"q95","season":"SON"},{"bfs_id":5428,"rcp":"RCP2.6","period":"2060","key":"pr","value":3.6,"estimate":"q5","season":"DJF"},{"bfs_id":5428,"rcp":"RCP2.6","period":"2060","key":"pr","value":2.9,"estimate":"q5","season":"MAM"},{"bfs_id":5428,"rcp":"RCP2.6","period":"2060","key":"pr","value":2.3,"estimate":"q5","season":"JJA"},{"bfs_id":5428,"rcp":"RCP2.6","period":"2060","key":"pr","value":3.2,"estimate":"q5","season":"SON"},{"bfs_id":5428,"rcp":"RCP2.6","period":"2060","key":"pr","value":4,"estimate":"q50","season":"DJF"},{"bfs_id":5428,"rcp":"RCP2.6","period":"2060","key":"pr","value":3.3,"estimate":"q50","season":"MAM"},{"bfs_id":5428,"rcp":"RCP2.6","period":"2060","key":"pr","value":2.7,"estimate":"q50","season":"JJA"},{"bfs_id":5428,"rcp":"RCP2.6","period":"2060","key":"pr","value":3.4,"estimate":"q50","season":"SON"},{"bfs_id":5428,"rcp":"RCP2.6","period":"2060","key":"pr","value":4.4,"estimate":"q95","season":"DJF"},{"bfs_id":5428,"rcp":"RCP2.6","period":"2060","key":"pr","value":3.6,"estimate":"q95","season":"MAM"},{"bfs_id":5428,"rcp":"RCP2.6","period":"2060","key":"pr","value":3.2,"estimate":"q95","season":"JJA"},{"bfs_id":5428,"rcp":"RCP2.6","period":"2060","key":"pr","value":3.9,"estimate":"q95","season":"SON"},{"bfs_id":5428,"rcp":"RCP2.6","period":"2085","key":"pr","value":3.5,"estimate":"q5","season":"DJF"},{"bfs_id":5428,"rcp":"RCP2.6","period":"2085","key":"pr","value":3,"estimate":"q5","season":"MAM"},{"bfs_id":5428,"rcp":"RCP2.6","period":"2085","key":"pr","value":2.3,"estimate":"q5","season":"JJA"},{"bfs_id":5428,"rcp":"RCP2.6","period":"2085","key":"pr","value":3,"estimate":"q5","season":"SON"},{"bfs_id":5428,"rcp":"RCP2.6","period":"2085","key":"pr","value":4,"estimate":"q50","season":"DJF"},{"bfs_id":5428,"rcp":"RCP2.6","period":"2085","key":"pr","value":3.3,"estimate":"q50","season":"MAM"},{"bfs_id":5428,"rcp":"RCP2.6","period":"2085","key":"pr","value":2.8,"estimate":"q50","season":"JJA"},{"bfs_id":5428,"rcp":"RCP2.6","period":"2085","key":"pr","value":3.4,"estimate":"q50","season":"SON"},{"bfs_id":5428,"rcp":"RCP2.6","period":"2085","key":"pr","value":4.4,"estimate":"q95","season":"DJF"},{"bfs_id":5428,"rcp":"RCP2.6","period":"2085","key":"pr","value":3.6,"estimate":"q95","season":"MAM"},{"bfs_id":5428,"rcp":"RCP2.6","period":"2085","key":"pr","value":3.2,"estimate":"q95","season":"JJA"},{"bfs_id":5428,"rcp":"RCP2.6","period":"2085","key":"pr","value":3.9,"estimate":"q95","season":"SON"},{"bfs_id":5428,"rcp":"RCP8.5","period":"2035","key":"pr","value":3.7,"estimate":"q5","season":"DJF"},{"bfs_id":5428,"rcp":"RCP8.5","period":"2035","key":"pr","value":2.9,"estimate":"q5","season":"MAM"},{"bfs_id":5428,"rcp":"RCP8.5","period":"2035","key":"pr","value":2.1,"estimate":"q5","season":"JJA"},{"bfs_id":5428,"rcp":"RCP8.5","period":"2035","key":"pr","value":3,"estimate":"q5","season":"SON"},{"bfs_id":5428,"rcp":"RCP8.5","period":"2035","key":"pr","value":4.1,"estimate":"q50","season":"DJF"},{"bfs_id":5428,"rcp":"RCP8.5","period":"2035","key":"pr","value":3.4,"estimate":"q50","season":"MAM"},{"bfs_id":5428,"rcp":"RCP8.5","period":"2035","key":"pr","value":2.8,"estimate":"q50","season":"JJA"},{"bfs_id":5428,"rcp":"RCP8.5","period":"2035","key":"pr","value":3.6,"estimate":"q50","season":"SON"},{"bfs_id":5428,"rcp":"RCP8.5","period":"2035","key":"pr","value":4.5,"estimate":"q95","season":"DJF"},{"bfs_id":5428,"rcp":"RCP8.5","period":"2035","key":"pr","value":3.6,"estimate":"q95","season":"MAM"},{"bfs_id":5428,"rcp":"RCP8.5","period":"2035","key":"pr","value":3.2,"estimate":"q95","season":"JJA"},{"bfs_id":5428,"rcp":"RCP8.5","period":"2035","key":"pr","value":4,"estimate":"q95","season":"SON"},{"bfs_id":5428,"rcp":"RCP8.5","period":"2060","key":"pr","value":3.8,"estimate":"q5","season":"DJF"},{"bfs_id":5428,"rcp":"RCP8.5","period":"2060","key":"pr","value":3.1,"estimate":"q5","season":"MAM"},{"bfs_id":5428,"rcp":"RCP8.5","period":"2060","key":"pr","value":1.8,"estimate":"q5","season":"JJA"},{"bfs_id":5428,"rcp":"RCP8.5","period":"2060","key":"pr","value":3.1,"estimate":"q5","season":"SON"},{"bfs_id":5428,"rcp":"RCP8.5","period":"2060","key":"pr","value":4.2,"estimate":"q50","season":"DJF"},{"bfs_id":5428,"rcp":"RCP8.5","period":"2060","key":"pr","value":3.4,"estimate":"q50","season":"MAM"},{"bfs_id":5428,"rcp":"RCP8.5","period":"2060","key":"pr","value":2.6,"estimate":"q50","season":"JJA"},{"bfs_id":5428,"rcp":"RCP8.5","period":"2060","key":"pr","value":3.6,"estimate":"q50","season":"SON"},{"bfs_id":5428,"rcp":"RCP8.5","period":"2060","key":"pr","value":4.6,"estimate":"q95","season":"DJF"},{"bfs_id":5428,"rcp":"RCP8.5","period":"2060","key":"pr","value":3.7,"estimate":"q95","season":"MAM"},{"bfs_id":5428,"rcp":"RCP8.5","period":"2060","key":"pr","value":3,"estimate":"q95","season":"JJA"},{"bfs_id":5428,"rcp":"RCP8.5","period":"2060","key":"pr","value":4,"estimate":"q95","season":"SON"},{"bfs_id":5428,"rcp":"RCP8.5","period":"2085","key":"pr","value":4.1,"estimate":"q5","season":"DJF"},{"bfs_id":5428,"rcp":"RCP8.5","period":"2085","key":"pr","value":3,"estimate":"q5","season":"MAM"},{"bfs_id":5428,"rcp":"RCP8.5","period":"2085","key":"pr","value":1.5,"estimate":"q5","season":"JJA"},{"bfs_id":5428,"rcp":"RCP8.5","period":"2085","key":"pr","value":3,"estimate":"q5","season":"SON"},{"bfs_id":5428,"rcp":"RCP8.5","period":"2085","key":"pr","value":4.6,"estimate":"q50","season":"DJF"},{"bfs_id":5428,"rcp":"RCP8.5","period":"2085","key":"pr","value":3.6,"estimate":"q50","season":"MAM"},{"bfs_id":5428,"rcp":"RCP8.5","period":"2085","key":"pr","value":2.3,"estimate":"q50","season":"JJA"},{"bfs_id":5428,"rcp":"RCP8.5","period":"2085","key":"pr","value":3.5,"estimate":"q50","season":"SON"},{"bfs_id":5428,"rcp":"RCP8.5","period":"2085","key":"pr","value":5.3,"estimate":"q95","season":"DJF"},{"bfs_id":5428,"rcp":"RCP8.5","period":"2085","key":"pr","value":3.9,"estimate":"q95","season":"MAM"},{"bfs_id":5428,"rcp":"RCP8.5","period":"2085","key":"pr","value":2.9,"estimate":"q95","season":"JJA"},{"bfs_id":5428,"rcp":"RCP8.5","period":"2085","key":"pr","value":4.4,"estimate":"q95","season":"SON"},{"bfs_id":5428,"rcp":"RCP2.6","period":"2035","key":"tas","value":1.8,"estimate":"q5","season":"DJF"},{"bfs_id":5428,"rcp":"RCP2.6","period":"2035","key":"tas","value":8.5,"estimate":"q5","season":"MAM"},{"bfs_id":5428,"rcp":"RCP2.6","period":"2035","key":"tas","value":17.8,"estimate":"q5","season":"JJA"},{"bfs_id":5428,"rcp":"RCP2.6","period":"2035","key":"tas","value":10.1,"estimate":"q5","season":"SON"},{"bfs_id":5428,"rcp":"RCP2.6","period":"2035","key":"tas","value":2.2,"estimate":"q50","season":"DJF"},{"bfs_id":5428,"rcp":"RCP2.6","period":"2035","key":"tas","value":9.1,"estimate":"q50","season":"MAM"},{"bfs_id":5428,"rcp":"RCP2.6","period":"2035","key":"tas","value":18.5,"estimate":"q50","season":"JJA"},{"bfs_id":5428,"rcp":"RCP2.6","period":"2035","key":"tas","value":10.5,"estimate":"q50","season":"SON"},{"bfs_id":5428,"rcp":"RCP2.6","period":"2035","key":"tas","value":2.8,"estimate":"q95","season":"DJF"},{"bfs_id":5428,"rcp":"RCP2.6","period":"2035","key":"tas","value":9.4,"estimate":"q95","season":"MAM"},{"bfs_id":5428,"rcp":"RCP2.6","period":"2035","key":"tas","value":19.2,"estimate":"q95","season":"JJA"},{"bfs_id":5428,"rcp":"RCP2.6","period":"2035","key":"tas","value":11.3,"estimate":"q95","season":"SON"},{"bfs_id":5428,"rcp":"RCP2.6","period":"2060","key":"tas","value":1.8,"estimate":"q5","season":"DJF"},{"bfs_id":5428,"rcp":"RCP2.6","period":"2060","key":"tas","value":8.3,"estimate":"q5","season":"MAM"},{"bfs_id":5428,"rcp":"RCP2.6","period":"2060","key":"tas","value":18.1,"estimate":"q5","season":"JJA"},{"bfs_id":5428,"rcp":"RCP2.6","period":"2060","key":"tas","value":10.3,"estimate":"q5","season":"SON"},{"bfs_id":5428,"rcp":"RCP2.6","period":"2060","key":"tas","value":2.6,"estimate":"q50","season":"DJF"},{"bfs_id":5428,"rcp":"RCP2.6","period":"2060","key":"tas","value":9.1,"estimate":"q50","season":"MAM"},{"bfs_id":5428,"rcp":"RCP2.6","period":"2060","key":"tas","value":18.6,"estimate":"q50","season":"JJA"},{"bfs_id":5428,"rcp":"RCP2.6","period":"2060","key":"tas","value":10.8,"estimate":"q50","season":"SON"},{"bfs_id":5428,"rcp":"RCP2.6","period":"2060","key":"tas","value":3.1,"estimate":"q95","season":"DJF"},{"bfs_id":5428,"rcp":"RCP2.6","period":"2060","key":"tas","value":9.7,"estimate":"q95","season":"MAM"},{"bfs_id":5428,"rcp":"RCP2.6","period":"2060","key":"tas","value":19.3,"estimate":"q95","season":"JJA"},{"bfs_id":5428,"rcp":"RCP2.6","period":"2060","key":"tas","value":11.7,"estimate":"q95","season":"SON"},{"bfs_id":5428,"rcp":"RCP2.6","period":"2085","key":"tas","value":1.9,"estimate":"q5","season":"DJF"},{"bfs_id":5428,"rcp":"RCP2.6","period":"2085","key":"tas","value":8.5,"estimate":"q5","season":"MAM"},{"bfs_id":5428,"rcp":"RCP2.6","period":"2085","key":"tas","value":18.1,"estimate":"q5","season":"JJA"},{"bfs_id":5428,"rcp":"RCP2.6","period":"2085","key":"tas","value":10.2,"estimate":"q5","season":"SON"},{"bfs_id":5428,"rcp":"RCP2.6","period":"2085","key":"tas","value":2.4,"estimate":"q50","season":"DJF"},{"bfs_id":5428,"rcp":"RCP2.6","period":"2085","key":"tas","value":9.2,"estimate":"q50","season":"MAM"},{"bfs_id":5428,"rcp":"RCP2.6","period":"2085","key":"tas","value":18.6,"estimate":"q50","season":"JJA"},{"bfs_id":5428,"rcp":"RCP2.6","period":"2085","key":"tas","value":10.8,"estimate":"q50","season":"SON"},{"bfs_id":5428,"rcp":"RCP2.6","period":"2085","key":"tas","value":3.2,"estimate":"q95","season":"DJF"},{"bfs_id":5428,"rcp":"RCP2.6","period":"2085","key":"tas","value":9.7,"estimate":"q95","season":"MAM"},{"bfs_id":5428,"rcp":"RCP2.6","period":"2085","key":"tas","value":19.3,"estimate":"q95","season":"JJA"},{"bfs_id":5428,"rcp":"RCP2.6","period":"2085","key":"tas","value":11.6,"estimate":"q95","season":"SON"},{"bfs_id":5428,"rcp":"RCP8.5","period":"2035","key":"tas","value":2,"estimate":"q5","season":"DJF"},{"bfs_id":5428,"rcp":"RCP8.5","period":"2035","key":"tas","value":8.7,"estimate":"q5","season":"MAM"},{"bfs_id":5428,"rcp":"RCP8.5","period":"2035","key":"tas","value":18.3,"estimate":"q5","season":"JJA"},{"bfs_id":5428,"rcp":"RCP8.5","period":"2035","key":"tas","value":10.4,"estimate":"q5","season":"SON"},{"bfs_id":5428,"rcp":"RCP8.5","period":"2035","key":"tas","value":2.6,"estimate":"q50","season":"DJF"},{"bfs_id":5428,"rcp":"RCP8.5","period":"2035","key":"tas","value":9.1,"estimate":"q50","season":"MAM"},{"bfs_id":5428,"rcp":"RCP8.5","period":"2035","key":"tas","value":18.9,"estimate":"q50","season":"JJA"},{"bfs_id":5428,"rcp":"RCP8.5","period":"2035","key":"tas","value":10.8,"estimate":"q50","season":"SON"},{"bfs_id":5428,"rcp":"RCP8.5","period":"2035","key":"tas","value":3,"estimate":"q95","season":"DJF"},{"bfs_id":5428,"rcp":"RCP8.5","period":"2035","key":"tas","value":9.6,"estimate":"q95","season":"MAM"},{"bfs_id":5428,"rcp":"RCP8.5","period":"2035","key":"tas","value":19.5,"estimate":"q95","season":"JJA"},{"bfs_id":5428,"rcp":"RCP8.5","period":"2035","key":"tas","value":11.7,"estimate":"q95","season":"SON"},{"bfs_id":5428,"rcp":"RCP8.5","period":"2060","key":"tas","value":3.1,"estimate":"q5","season":"DJF"},{"bfs_id":5428,"rcp":"RCP8.5","period":"2060","key":"tas","value":9.5,"estimate":"q5","season":"MAM"},{"bfs_id":5428,"rcp":"RCP8.5","period":"2060","key":"tas","value":19.5,"estimate":"q5","season":"JJA"},{"bfs_id":5428,"rcp":"RCP8.5","period":"2060","key":"tas","value":11.6,"estimate":"q5","season":"SON"},{"bfs_id":5428,"rcp":"RCP8.5","period":"2060","key":"tas","value":3.4,"estimate":"q50","season":"DJF"},{"bfs_id":5428,"rcp":"RCP8.5","period":"2060","key":"tas","value":10.1,"estimate":"q50","season":"MAM"},{"bfs_id":5428,"rcp":"RCP8.5","period":"2060","key":"tas","value":20,"estimate":"q50","season":"JJA"},{"bfs_id":5428,"rcp":"RCP8.5","period":"2060","key":"tas","value":12.1,"estimate":"q50","season":"SON"},{"bfs_id":5428,"rcp":"RCP8.5","period":"2060","key":"tas","value":4.1,"estimate":"q95","season":"DJF"},{"bfs_id":5428,"rcp":"RCP8.5","period":"2060","key":"tas","value":10.8,"estimate":"q95","season":"MAM"},{"bfs_id":5428,"rcp":"RCP8.5","period":"2060","key":"tas","value":21.3,"estimate":"q95","season":"JJA"},{"bfs_id":5428,"rcp":"RCP8.5","period":"2060","key":"tas","value":13,"estimate":"q95","season":"SON"},{"bfs_id":5428,"rcp":"RCP8.5","period":"2085","key":"tas","value":4,"estimate":"q5","season":"DJF"},{"bfs_id":5428,"rcp":"RCP8.5","period":"2085","key":"tas","value":10.5,"estimate":"q5","season":"MAM"},{"bfs_id":5428,"rcp":"RCP8.5","period":"2085","key":"tas","value":21,"estimate":"q5","season":"JJA"},{"bfs_id":5428,"rcp":"RCP8.5","period":"2085","key":"tas","value":12.6,"estimate":"q5","season":"SON"},{"bfs_id":5428,"rcp":"RCP8.5","period":"2085","key":"tas","value":5.1,"estimate":"q50","season":"DJF"},{"bfs_id":5428,"rcp":"RCP8.5","period":"2085","key":"tas","value":11.5,"estimate":"q50","season":"MAM"},{"bfs_id":5428,"rcp":"RCP8.5","period":"2085","key":"tas","value":21.8,"estimate":"q50","season":"JJA"},{"bfs_id":5428,"rcp":"RCP8.5","period":"2085","key":"tas","value":13.6,"estimate":"q50","season":"SON"},{"bfs_id":5428,"rcp":"RCP8.5","period":"2085","key":"tas","value":6,"estimate":"q95","season":"DJF"},{"bfs_id":5428,"rcp":"RCP8.5","period":"2085","key":"tas","value":12.7,"estimate":"q95","season":"MAM"},{"bfs_id":5428,"rcp":"RCP8.5","period":"2085","key":"tas","value":24,"estimate":"q95","season":"JJA"},{"bfs_id":5428,"rcp":"RCP8.5","period":"2085","key":"tas","value":15.1,"estimate":"q95","season":"SON"},{"bfs_id":5428,"rcp":"obs","period":"1981-2010","key":"FD","value":84.8,"estimate":"yearly_mean"},{"bfs_id":5428,"rcp":"obs","period":"1981-2010","key":"HD","value":4.3,"estimate":"yearly_mean"},{"bfs_id":5428,"rcp":"obs","period":"1981-2010","key":"ID","value":19.7,"estimate":"yearly_mean"},{"bfs_id":5428,"rcp":"obs","period":"1981-2010","key":"SD","value":34.7,"estimate":"yearly_mean"},{"bfs_id":5428,"rcp":"obs","period":"1981-2010","key":"snowdays","value":19.6,"estimate":"yearly_mean"},{"bfs_id":5428,"rcp":"obs","period":"1981-2010","key":"TN","value":0.1,"estimate":"yearly_mean"},{"bfs_id":5428,"rcp":"obs","period":"1981-2010","key":"pr","value":3.7,"estimate":"mean","season":"DJF"},{"bfs_id":5428,"rcp":"obs","period":"1981-2010","key":"pr","value":3,"estimate":"mean","season":"MAM"},{"bfs_id":5428,"rcp":"obs","period":"1981-2010","key":"pr","value":3,"estimate":"mean","season":"JJA"},{"bfs_id":5428,"rcp":"obs","period":"1981-2010","key":"pr","value":3.5,"estimate":"mean","season":"SON"},{"bfs_id":5428,"rcp":"obs","period":"1981-2010","key":"tas","value":1.2,"estimate":"mean","season":"DJF"},{"bfs_id":5428,"rcp":"obs","period":"1981-2010","key":"tas","value":8.4,"estimate":"mean","season":"MAM"},{"bfs_id":5428,"rcp":"obs","period":"1981-2010","key":"tas","value":17.3,"estimate":"mean","season":"JJA"},{"bfs_id":5428,"rcp":"obs","period":"1981-2010","key":"tas","value":9.4,"estimate":"mean","season":"SON"}]
