[{"bfs_id":5413,"rcp":"RCP2.6","period":"2035","key":"FD","value":64.6,"estimate":"q5"},{"bfs_id":5413,"rcp":"RCP2.6","period":"2035","key":"FD","value":76.3,"estimate":"q50"},{"bfs_id":5413,"rcp":"RCP2.6","period":"2035","key":"FD","value":86.6,"estimate":"q95"},{"bfs_id":5413,"rcp":"RCP2.6","period":"2060","key":"FD","value":62.2,"estimate":"q5"},{"bfs_id":5413,"rcp":"RCP2.6","period":"2060","key":"FD","value":71.7,"estimate":"q50"},{"bfs_id":5413,"rcp":"RCP2.6","period":"2060","key":"FD","value":81.7,"estimate":"q95"},{"bfs_id":5413,"rcp":"RCP2.6","period":"2085","key":"FD","value":60.6,"estimate":"q5"},{"bfs_id":5413,"rcp":"RCP2.6","period":"2085","key":"FD","value":74,"estimate":"q50"},{"bfs_id":5413,"rcp":"RCP2.6","period":"2085","key":"FD","value":83.1,"estimate":"q95"},{"bfs_id":5413,"rcp":"RCP8.5","period":"2035","key":"FD","value":62.2,"estimate":"q5"},{"bfs_id":5413,"rcp":"RCP8.5","period":"2035","key":"FD","value":73.9,"estimate":"q50"},{"bfs_id":5413,"rcp":"RCP8.5","period":"2035","key":"FD","value":79.9,"estimate":"q95"},{"bfs_id":5413,"rcp":"RCP8.5","period":"2060","key":"FD","value":46.6,"estimate":"q5"},{"bfs_id":5413,"rcp":"RCP8.5","period":"2060","key":"FD","value":56.4,"estimate":"q50"},{"bfs_id":5413,"rcp":"RCP8.5","period":"2060","key":"FD","value":63.8,"estimate":"q95"},{"bfs_id":5413,"rcp":"RCP8.5","period":"2085","key":"FD","value":27.8,"estimate":"q5"},{"bfs_id":5413,"rcp":"RCP8.5","period":"2085","key":"FD","value":36.4,"estimate":"q50"},{"bfs_id":5413,"rcp":"RCP8.5","period":"2085","key":"FD","value":46.2,"estimate":"q95"},{"bfs_id":5413,"rcp":"RCP2.6","period":"2035","key":"HD","value":2.9,"estimate":"q5"},{"bfs_id":5413,"rcp":"RCP2.6","period":"2035","key":"HD","value":5.3,"estimate":"q50"},{"bfs_id":5413,"rcp":"RCP2.6","period":"2035","key":"HD","value":8.6,"estimate":"q95"},{"bfs_id":5413,"rcp":"RCP2.6","period":"2060","key":"HD","value":3.6,"estimate":"q5"},{"bfs_id":5413,"rcp":"RCP2.6","period":"2060","key":"HD","value":5.3,"estimate":"q50"},{"bfs_id":5413,"rcp":"RCP2.6","period":"2060","key":"HD","value":10.9,"estimate":"q95"},{"bfs_id":5413,"rcp":"RCP2.6","period":"2085","key":"HD","value":3.5,"estimate":"q5"},{"bfs_id":5413,"rcp":"RCP2.6","period":"2085","key":"HD","value":5.4,"estimate":"q50"},{"bfs_id":5413,"rcp":"RCP2.6","period":"2085","key":"HD","value":10.3,"estimate":"q95"},{"bfs_id":5413,"rcp":"RCP8.5","period":"2035","key":"HD","value":4.1,"estimate":"q5"},{"bfs_id":5413,"rcp":"RCP8.5","period":"2035","key":"HD","value":5.9,"estimate":"q50"},{"bfs_id":5413,"rcp":"RCP8.5","period":"2035","key":"HD","value":13,"estimate":"q95"},{"bfs_id":5413,"rcp":"RCP8.5","period":"2060","key":"HD","value":7.8,"estimate":"q5"},{"bfs_id":5413,"rcp":"RCP8.5","period":"2060","key":"HD","value":13.9,"estimate":"q50"},{"bfs_id":5413,"rcp":"RCP8.5","period":"2060","key":"HD","value":27.3,"estimate":"q95"},{"bfs_id":5413,"rcp":"RCP8.5","period":"2085","key":"HD","value":17.3,"estimate":"q5"},{"bfs_id":5413,"rcp":"RCP8.5","period":"2085","key":"HD","value":23.8,"estimate":"q50"},{"bfs_id":5413,"rcp":"RCP8.5","period":"2085","key":"HD","value":48.5,"estimate":"q95"},{"bfs_id":5413,"rcp":"RCP2.6","period":"2035","key":"ID","value":8.8,"estimate":"q5"},{"bfs_id":5413,"rcp":"RCP2.6","period":"2035","key":"ID","value":11.1,"estimate":"q50"},{"bfs_id":5413,"rcp":"RCP2.6","period":"2035","key":"ID","value":14.1,"estimate":"q95"},{"bfs_id":5413,"rcp":"RCP2.6","period":"2060","key":"ID","value":7.7,"estimate":"q5"},{"bfs_id":5413,"rcp":"RCP2.6","period":"2060","key":"ID","value":10.1,"estimate":"q50"},{"bfs_id":5413,"rcp":"RCP2.6","period":"2060","key":"ID","value":12.8,"estimate":"q95"},{"bfs_id":5413,"rcp":"RCP2.6","period":"2085","key":"ID","value":8.2,"estimate":"q5"},{"bfs_id":5413,"rcp":"RCP2.6","period":"2085","key":"ID","value":10.1,"estimate":"q50"},{"bfs_id":5413,"rcp":"RCP2.6","period":"2085","key":"ID","value":13.3,"estimate":"q95"},{"bfs_id":5413,"rcp":"RCP8.5","period":"2035","key":"ID","value":7.6,"estimate":"q5"},{"bfs_id":5413,"rcp":"RCP8.5","period":"2035","key":"ID","value":10.1,"estimate":"q50"},{"bfs_id":5413,"rcp":"RCP8.5","period":"2035","key":"ID","value":13.3,"estimate":"q95"},{"bfs_id":5413,"rcp":"RCP8.5","period":"2060","key":"ID","value":4.5,"estimate":"q5"},{"bfs_id":5413,"rcp":"RCP8.5","period":"2060","key":"ID","value":7.1,"estimate":"q50"},{"bfs_id":5413,"rcp":"RCP8.5","period":"2060","key":"ID","value":8.9,"estimate":"q95"},{"bfs_id":5413,"rcp":"RCP8.5","period":"2085","key":"ID","value":1.4,"estimate":"q5"},{"bfs_id":5413,"rcp":"RCP8.5","period":"2085","key":"ID","value":3,"estimate":"q50"},{"bfs_id":5413,"rcp":"RCP8.5","period":"2085","key":"ID","value":4.9,"estimate":"q95"},{"bfs_id":5413,"rcp":"RCP2.6","period":"2035","key":"SD","value":35.7,"estimate":"q5"},{"bfs_id":5413,"rcp":"RCP2.6","period":"2035","key":"SD","value":40.8,"estimate":"q50"},{"bfs_id":5413,"rcp":"RCP2.6","period":"2035","key":"SD","value":49.8,"estimate":"q95"},{"bfs_id":5413,"rcp":"RCP2.6","period":"2060","key":"SD","value":36.7,"estimate":"q5"},{"bfs_id":5413,"rcp":"RCP2.6","period":"2060","key":"SD","value":41.6,"estimate":"q50"},{"bfs_id":5413,"rcp":"RCP2.6","period":"2060","key":"SD","value":48.9,"estimate":"q95"},{"bfs_id":5413,"rcp":"RCP2.6","period":"2085","key":"SD","value":36.2,"estimate":"q5"},{"bfs_id":5413,"rcp":"RCP2.6","period":"2085","key":"SD","value":42.6,"estimate":"q50"},{"bfs_id":5413,"rcp":"RCP2.6","period":"2085","key":"SD","value":48.4,"estimate":"q95"},{"bfs_id":5413,"rcp":"RCP8.5","period":"2035","key":"SD","value":37.4,"estimate":"q5"},{"bfs_id":5413,"rcp":"RCP8.5","period":"2035","key":"SD","value":44.5,"estimate":"q50"},{"bfs_id":5413,"rcp":"RCP8.5","period":"2035","key":"SD","value":49.4,"estimate":"q95"},{"bfs_id":5413,"rcp":"RCP8.5","period":"2060","key":"SD","value":51.6,"estimate":"q5"},{"bfs_id":5413,"rcp":"RCP8.5","period":"2060","key":"SD","value":61.3,"estimate":"q50"},{"bfs_id":5413,"rcp":"RCP8.5","period":"2060","key":"SD","value":78.6,"estimate":"q95"},{"bfs_id":5413,"rcp":"RCP8.5","period":"2085","key":"SD","value":70.3,"estimate":"q5"},{"bfs_id":5413,"rcp":"RCP8.5","period":"2085","key":"SD","value":79.2,"estimate":"q50"},{"bfs_id":5413,"rcp":"RCP8.5","period":"2085","key":"SD","value":104,"estimate":"q95"},{"bfs_id":5413,"rcp":"RCP2.6","period":"2035","key":"snowdays","value":10.9,"estimate":"q5"},{"bfs_id":5413,"rcp":"RCP2.6","period":"2035","key":"snowdays","value":16.7,"estimate":"q50"},{"bfs_id":5413,"rcp":"RCP2.6","period":"2035","key":"snowdays","value":20.8,"estimate":"q95"},{"bfs_id":5413,"rcp":"RCP2.6","period":"2060","key":"snowdays","value":10.9,"estimate":"q5"},{"bfs_id":5413,"rcp":"RCP2.6","period":"2060","key":"snowdays","value":15.9,"estimate":"q50"},{"bfs_id":5413,"rcp":"RCP2.6","period":"2060","key":"snowdays","value":20.6,"estimate":"q95"},{"bfs_id":5413,"rcp":"RCP2.6","period":"2085","key":"snowdays","value":10.3,"estimate":"q5"},{"bfs_id":5413,"rcp":"RCP2.6","period":"2085","key":"snowdays","value":15.9,"estimate":"q50"},{"bfs_id":5413,"rcp":"RCP2.6","period":"2085","key":"snowdays","value":20.9,"estimate":"q95"},{"bfs_id":5413,"rcp":"RCP8.5","period":"2035","key":"snowdays","value":10,"estimate":"q5"},{"bfs_id":5413,"rcp":"RCP8.5","period":"2035","key":"snowdays","value":15.5,"estimate":"q50"},{"bfs_id":5413,"rcp":"RCP8.5","period":"2035","key":"snowdays","value":21.1,"estimate":"q95"},{"bfs_id":5413,"rcp":"RCP8.5","period":"2060","key":"snowdays","value":6.8,"estimate":"q5"},{"bfs_id":5413,"rcp":"RCP8.5","period":"2060","key":"snowdays","value":11.2,"estimate":"q50"},{"bfs_id":5413,"rcp":"RCP8.5","period":"2060","key":"snowdays","value":16.5,"estimate":"q95"},{"bfs_id":5413,"rcp":"RCP8.5","period":"2085","key":"snowdays","value":2.9,"estimate":"q5"},{"bfs_id":5413,"rcp":"RCP8.5","period":"2085","key":"snowdays","value":7.3,"estimate":"q50"},{"bfs_id":5413,"rcp":"RCP8.5","period":"2085","key":"snowdays","value":10.3,"estimate":"q95"},{"bfs_id":5413,"rcp":"RCP2.6","period":"2035","key":"TN","value":0.1,"estimate":"q5"},{"bfs_id":5413,"rcp":"RCP2.6","period":"2035","key":"TN","value":0.6,"estimate":"q50"},{"bfs_id":5413,"rcp":"RCP2.6","period":"2035","key":"TN","value":1.3,"estimate":"q95"},{"bfs_id":5413,"rcp":"RCP2.6","period":"2060","key":"TN","value":0.2,"estimate":"q5"},{"bfs_id":5413,"rcp":"RCP2.6","period":"2060","key":"TN","value":0.8,"estimate":"q50"},{"bfs_id":5413,"rcp":"RCP2.6","period":"2060","key":"TN","value":1.7,"estimate":"q95"},{"bfs_id":5413,"rcp":"RCP2.6","period":"2085","key":"TN","value":0.2,"estimate":"q5"},{"bfs_id":5413,"rcp":"RCP2.6","period":"2085","key":"TN","value":0.7,"estimate":"q50"},{"bfs_id":5413,"rcp":"RCP2.6","period":"2085","key":"TN","value":1.5,"estimate":"q95"},{"bfs_id":5413,"rcp":"RCP8.5","period":"2035","key":"TN","value":0.4,"estimate":"q5"},{"bfs_id":5413,"rcp":"RCP8.5","period":"2035","key":"TN","value":1,"estimate":"q50"},{"bfs_id":5413,"rcp":"RCP8.5","period":"2035","key":"TN","value":3.1,"estimate":"q95"},{"bfs_id":5413,"rcp":"RCP8.5","period":"2060","key":"TN","value":1.8,"estimate":"q5"},{"bfs_id":5413,"rcp":"RCP8.5","period":"2060","key":"TN","value":4,"estimate":"q50"},{"bfs_id":5413,"rcp":"RCP8.5","period":"2060","key":"TN","value":10.6,"estimate":"q95"},{"bfs_id":5413,"rcp":"RCP8.5","period":"2085","key":"TN","value":8.1,"estimate":"q5"},{"bfs_id":5413,"rcp":"RCP8.5","period":"2085","key":"TN","value":13.9,"estimate":"q50"},{"bfs_id":5413,"rcp":"RCP8.5","period":"2085","key":"TN","value":33.3,"estimate":"q95"},{"bfs_id":5413,"rcp":"RCP2.6","period":"2035","key":"pr","value":2.8,"estimate":"q5","season":"DJF"},{"bfs_id":5413,"rcp":"RCP2.6","period":"2035","key":"pr","value":3,"estimate":"q5","season":"MAM"},{"bfs_id":5413,"rcp":"RCP2.6","period":"2035","key":"pr","value":2.9,"estimate":"q5","season":"JJA"},{"bfs_id":5413,"rcp":"RCP2.6","period":"2035","key":"pr","value":2.8,"estimate":"q5","season":"SON"},{"bfs_id":5413,"rcp":"RCP2.6","period":"2035","key":"pr","value":3.3,"estimate":"q50","season":"DJF"},{"bfs_id":5413,"rcp":"RCP2.6","period":"2035","key":"pr","value":3.4,"estimate":"q50","season":"MAM"},{"bfs_id":5413,"rcp":"RCP2.6","period":"2035","key":"pr","value":3.5,"estimate":"q50","season":"JJA"},{"bfs_id":5413,"rcp":"RCP2.6","period":"2035","key":"pr","value":3.2,"estimate":"q50","season":"SON"},{"bfs_id":5413,"rcp":"RCP2.6","period":"2035","key":"pr","value":3.8,"estimate":"q95","season":"DJF"},{"bfs_id":5413,"rcp":"RCP2.6","period":"2035","key":"pr","value":3.8,"estimate":"q95","season":"MAM"},{"bfs_id":5413,"rcp":"RCP2.6","period":"2035","key":"pr","value":4.1,"estimate":"q95","season":"JJA"},{"bfs_id":5413,"rcp":"RCP2.6","period":"2035","key":"pr","value":3.8,"estimate":"q95","season":"SON"},{"bfs_id":5413,"rcp":"RCP2.6","period":"2060","key":"pr","value":2.9,"estimate":"q5","season":"DJF"},{"bfs_id":5413,"rcp":"RCP2.6","period":"2060","key":"pr","value":3.1,"estimate":"q5","season":"MAM"},{"bfs_id":5413,"rcp":"RCP2.6","period":"2060","key":"pr","value":2.9,"estimate":"q5","season":"JJA"},{"bfs_id":5413,"rcp":"RCP2.6","period":"2060","key":"pr","value":2.9,"estimate":"q5","season":"SON"},{"bfs_id":5413,"rcp":"RCP2.6","period":"2060","key":"pr","value":3.3,"estimate":"q50","season":"DJF"},{"bfs_id":5413,"rcp":"RCP2.6","period":"2060","key":"pr","value":3.4,"estimate":"q50","season":"MAM"},{"bfs_id":5413,"rcp":"RCP2.6","period":"2060","key":"pr","value":3.5,"estimate":"q50","season":"JJA"},{"bfs_id":5413,"rcp":"RCP2.6","period":"2060","key":"pr","value":3.2,"estimate":"q50","season":"SON"},{"bfs_id":5413,"rcp":"RCP2.6","period":"2060","key":"pr","value":3.7,"estimate":"q95","season":"DJF"},{"bfs_id":5413,"rcp":"RCP2.6","period":"2060","key":"pr","value":3.9,"estimate":"q95","season":"MAM"},{"bfs_id":5413,"rcp":"RCP2.6","period":"2060","key":"pr","value":4.1,"estimate":"q95","season":"JJA"},{"bfs_id":5413,"rcp":"RCP2.6","period":"2060","key":"pr","value":3.6,"estimate":"q95","season":"SON"},{"bfs_id":5413,"rcp":"RCP2.6","period":"2085","key":"pr","value":2.9,"estimate":"q5","season":"DJF"},{"bfs_id":5413,"rcp":"RCP2.6","period":"2085","key":"pr","value":3.2,"estimate":"q5","season":"MAM"},{"bfs_id":5413,"rcp":"RCP2.6","period":"2085","key":"pr","value":2.9,"estimate":"q5","season":"JJA"},{"bfs_id":5413,"rcp":"RCP2.6","period":"2085","key":"pr","value":2.6,"estimate":"q5","season":"SON"},{"bfs_id":5413,"rcp":"RCP2.6","period":"2085","key":"pr","value":3.4,"estimate":"q50","season":"DJF"},{"bfs_id":5413,"rcp":"RCP2.6","period":"2085","key":"pr","value":3.4,"estimate":"q50","season":"MAM"},{"bfs_id":5413,"rcp":"RCP2.6","period":"2085","key":"pr","value":3.7,"estimate":"q50","season":"JJA"},{"bfs_id":5413,"rcp":"RCP2.6","period":"2085","key":"pr","value":3.2,"estimate":"q50","season":"SON"},{"bfs_id":5413,"rcp":"RCP2.6","period":"2085","key":"pr","value":3.8,"estimate":"q95","season":"DJF"},{"bfs_id":5413,"rcp":"RCP2.6","period":"2085","key":"pr","value":3.8,"estimate":"q95","season":"MAM"},{"bfs_id":5413,"rcp":"RCP2.6","period":"2085","key":"pr","value":4.1,"estimate":"q95","season":"JJA"},{"bfs_id":5413,"rcp":"RCP2.6","period":"2085","key":"pr","value":3.7,"estimate":"q95","season":"SON"},{"bfs_id":5413,"rcp":"RCP8.5","period":"2035","key":"pr","value":3,"estimate":"q5","season":"DJF"},{"bfs_id":5413,"rcp":"RCP8.5","period":"2035","key":"pr","value":3.2,"estimate":"q5","season":"MAM"},{"bfs_id":5413,"rcp":"RCP8.5","period":"2035","key":"pr","value":2.8,"estimate":"q5","season":"JJA"},{"bfs_id":5413,"rcp":"RCP8.5","period":"2035","key":"pr","value":2.8,"estimate":"q5","season":"SON"},{"bfs_id":5413,"rcp":"RCP8.5","period":"2035","key":"pr","value":3.6,"estimate":"q50","season":"DJF"},{"bfs_id":5413,"rcp":"RCP8.5","period":"2035","key":"pr","value":3.5,"estimate":"q50","season":"MAM"},{"bfs_id":5413,"rcp":"RCP8.5","period":"2035","key":"pr","value":3.6,"estimate":"q50","season":"JJA"},{"bfs_id":5413,"rcp":"RCP8.5","period":"2035","key":"pr","value":3.4,"estimate":"q50","season":"SON"},{"bfs_id":5413,"rcp":"RCP8.5","period":"2035","key":"pr","value":3.9,"estimate":"q95","season":"DJF"},{"bfs_id":5413,"rcp":"RCP8.5","period":"2035","key":"pr","value":3.8,"estimate":"q95","season":"MAM"},{"bfs_id":5413,"rcp":"RCP8.5","period":"2035","key":"pr","value":4.2,"estimate":"q95","season":"JJA"},{"bfs_id":5413,"rcp":"RCP8.5","period":"2035","key":"pr","value":3.8,"estimate":"q95","season":"SON"},{"bfs_id":5413,"rcp":"RCP8.5","period":"2060","key":"pr","value":3.2,"estimate":"q5","season":"DJF"},{"bfs_id":5413,"rcp":"RCP8.5","period":"2060","key":"pr","value":3.2,"estimate":"q5","season":"MAM"},{"bfs_id":5413,"rcp":"RCP8.5","period":"2060","key":"pr","value":2.4,"estimate":"q5","season":"JJA"},{"bfs_id":5413,"rcp":"RCP8.5","period":"2060","key":"pr","value":2.8,"estimate":"q5","season":"SON"},{"bfs_id":5413,"rcp":"RCP8.5","period":"2060","key":"pr","value":3.4,"estimate":"q50","season":"DJF"},{"bfs_id":5413,"rcp":"RCP8.5","period":"2060","key":"pr","value":3.6,"estimate":"q50","season":"MAM"},{"bfs_id":5413,"rcp":"RCP8.5","period":"2060","key":"pr","value":3.4,"estimate":"q50","season":"JJA"},{"bfs_id":5413,"rcp":"RCP8.5","period":"2060","key":"pr","value":3.3,"estimate":"q50","season":"SON"},{"bfs_id":5413,"rcp":"RCP8.5","period":"2060","key":"pr","value":3.9,"estimate":"q95","season":"DJF"},{"bfs_id":5413,"rcp":"RCP8.5","period":"2060","key":"pr","value":3.8,"estimate":"q95","season":"MAM"},{"bfs_id":5413,"rcp":"RCP8.5","period":"2060","key":"pr","value":4,"estimate":"q95","season":"JJA"},{"bfs_id":5413,"rcp":"RCP8.5","period":"2060","key":"pr","value":3.6,"estimate":"q95","season":"SON"},{"bfs_id":5413,"rcp":"RCP8.5","period":"2085","key":"pr","value":3.4,"estimate":"q5","season":"DJF"},{"bfs_id":5413,"rcp":"RCP8.5","period":"2085","key":"pr","value":3.2,"estimate":"q5","season":"MAM"},{"bfs_id":5413,"rcp":"RCP8.5","period":"2085","key":"pr","value":1.8,"estimate":"q5","season":"JJA"},{"bfs_id":5413,"rcp":"RCP8.5","period":"2085","key":"pr","value":2.5,"estimate":"q5","season":"SON"},{"bfs_id":5413,"rcp":"RCP8.5","period":"2085","key":"pr","value":3.8,"estimate":"q50","season":"DJF"},{"bfs_id":5413,"rcp":"RCP8.5","period":"2085","key":"pr","value":3.6,"estimate":"q50","season":"MAM"},{"bfs_id":5413,"rcp":"RCP8.5","period":"2085","key":"pr","value":2.9,"estimate":"q50","season":"JJA"},{"bfs_id":5413,"rcp":"RCP8.5","period":"2085","key":"pr","value":3,"estimate":"q50","season":"SON"},{"bfs_id":5413,"rcp":"RCP8.5","period":"2085","key":"pr","value":4.2,"estimate":"q95","season":"DJF"},{"bfs_id":5413,"rcp":"RCP8.5","period":"2085","key":"pr","value":4.2,"estimate":"q95","season":"MAM"},{"bfs_id":5413,"rcp":"RCP8.5","period":"2085","key":"pr","value":3.6,"estimate":"q95","season":"JJA"},{"bfs_id":5413,"rcp":"RCP8.5","period":"2085","key":"pr","value":3.8,"estimate":"q95","season":"SON"},{"bfs_id":5413,"rcp":"RCP2.6","period":"2035","key":"tas","value":1.4,"estimate":"q5","season":"DJF"},{"bfs_id":5413,"rcp":"RCP2.6","period":"2035","key":"tas","value":8.2,"estimate":"q5","season":"MAM"},{"bfs_id":5413,"rcp":"RCP2.6","period":"2035","key":"tas","value":17.3,"estimate":"q5","season":"JJA"},{"bfs_id":5413,"rcp":"RCP2.6","period":"2035","key":"tas","value":9.8,"estimate":"q5","season":"SON"},{"bfs_id":5413,"rcp":"RCP2.6","period":"2035","key":"tas","value":1.9,"estimate":"q50","season":"DJF"},{"bfs_id":5413,"rcp":"RCP2.6","period":"2035","key":"tas","value":8.9,"estimate":"q50","season":"MAM"},{"bfs_id":5413,"rcp":"RCP2.6","period":"2035","key":"tas","value":18.1,"estimate":"q50","season":"JJA"},{"bfs_id":5413,"rcp":"RCP2.6","period":"2035","key":"tas","value":10.2,"estimate":"q50","season":"SON"},{"bfs_id":5413,"rcp":"RCP2.6","period":"2035","key":"tas","value":2.5,"estimate":"q95","season":"DJF"},{"bfs_id":5413,"rcp":"RCP2.6","period":"2035","key":"tas","value":9.3,"estimate":"q95","season":"MAM"},{"bfs_id":5413,"rcp":"RCP2.6","period":"2035","key":"tas","value":18.8,"estimate":"q95","season":"JJA"},{"bfs_id":5413,"rcp":"RCP2.6","period":"2035","key":"tas","value":10.9,"estimate":"q95","season":"SON"},{"bfs_id":5413,"rcp":"RCP2.6","period":"2060","key":"tas","value":1.5,"estimate":"q5","season":"DJF"},{"bfs_id":5413,"rcp":"RCP2.6","period":"2060","key":"tas","value":8.2,"estimate":"q5","season":"MAM"},{"bfs_id":5413,"rcp":"RCP2.6","period":"2060","key":"tas","value":17.6,"estimate":"q5","season":"JJA"},{"bfs_id":5413,"rcp":"RCP2.6","period":"2060","key":"tas","value":10.1,"estimate":"q5","season":"SON"},{"bfs_id":5413,"rcp":"RCP2.6","period":"2060","key":"tas","value":2.2,"estimate":"q50","season":"DJF"},{"bfs_id":5413,"rcp":"RCP2.6","period":"2060","key":"tas","value":8.9,"estimate":"q50","season":"MAM"},{"bfs_id":5413,"rcp":"RCP2.6","period":"2060","key":"tas","value":18.1,"estimate":"q50","season":"JJA"},{"bfs_id":5413,"rcp":"RCP2.6","period":"2060","key":"tas","value":10.5,"estimate":"q50","season":"SON"},{"bfs_id":5413,"rcp":"RCP2.6","period":"2060","key":"tas","value":2.7,"estimate":"q95","season":"DJF"},{"bfs_id":5413,"rcp":"RCP2.6","period":"2060","key":"tas","value":9.5,"estimate":"q95","season":"MAM"},{"bfs_id":5413,"rcp":"RCP2.6","period":"2060","key":"tas","value":18.8,"estimate":"q95","season":"JJA"},{"bfs_id":5413,"rcp":"RCP2.6","period":"2060","key":"tas","value":11.3,"estimate":"q95","season":"SON"},{"bfs_id":5413,"rcp":"RCP2.6","period":"2085","key":"tas","value":1.5,"estimate":"q5","season":"DJF"},{"bfs_id":5413,"rcp":"RCP2.6","period":"2085","key":"tas","value":8.2,"estimate":"q5","season":"MAM"},{"bfs_id":5413,"rcp":"RCP2.6","period":"2085","key":"tas","value":17.5,"estimate":"q5","season":"JJA"},{"bfs_id":5413,"rcp":"RCP2.6","period":"2085","key":"tas","value":9.8,"estimate":"q5","season":"SON"},{"bfs_id":5413,"rcp":"RCP2.6","period":"2085","key":"tas","value":2.3,"estimate":"q50","season":"DJF"},{"bfs_id":5413,"rcp":"RCP2.6","period":"2085","key":"tas","value":8.9,"estimate":"q50","season":"MAM"},{"bfs_id":5413,"rcp":"RCP2.6","period":"2085","key":"tas","value":18.2,"estimate":"q50","season":"JJA"},{"bfs_id":5413,"rcp":"RCP2.6","period":"2085","key":"tas","value":10.5,"estimate":"q50","season":"SON"},{"bfs_id":5413,"rcp":"RCP2.6","period":"2085","key":"tas","value":2.8,"estimate":"q95","season":"DJF"},{"bfs_id":5413,"rcp":"RCP2.6","period":"2085","key":"tas","value":9.5,"estimate":"q95","season":"MAM"},{"bfs_id":5413,"rcp":"RCP2.6","period":"2085","key":"tas","value":18.7,"estimate":"q95","season":"JJA"},{"bfs_id":5413,"rcp":"RCP2.6","period":"2085","key":"tas","value":11.2,"estimate":"q95","season":"SON"},{"bfs_id":5413,"rcp":"RCP8.5","period":"2035","key":"tas","value":1.7,"estimate":"q5","season":"DJF"},{"bfs_id":5413,"rcp":"RCP8.5","period":"2035","key":"tas","value":8.5,"estimate":"q5","season":"MAM"},{"bfs_id":5413,"rcp":"RCP8.5","period":"2035","key":"tas","value":17.8,"estimate":"q5","season":"JJA"},{"bfs_id":5413,"rcp":"RCP8.5","period":"2035","key":"tas","value":10.1,"estimate":"q5","season":"SON"},{"bfs_id":5413,"rcp":"RCP8.5","period":"2035","key":"tas","value":2.3,"estimate":"q50","season":"DJF"},{"bfs_id":5413,"rcp":"RCP8.5","period":"2035","key":"tas","value":8.9,"estimate":"q50","season":"MAM"},{"bfs_id":5413,"rcp":"RCP8.5","period":"2035","key":"tas","value":18.4,"estimate":"q50","season":"JJA"},{"bfs_id":5413,"rcp":"RCP8.5","period":"2035","key":"tas","value":10.5,"estimate":"q50","season":"SON"},{"bfs_id":5413,"rcp":"RCP8.5","period":"2035","key":"tas","value":2.7,"estimate":"q95","season":"DJF"},{"bfs_id":5413,"rcp":"RCP8.5","period":"2035","key":"tas","value":9.5,"estimate":"q95","season":"MAM"},{"bfs_id":5413,"rcp":"RCP8.5","period":"2035","key":"tas","value":19,"estimate":"q95","season":"JJA"},{"bfs_id":5413,"rcp":"RCP8.5","period":"2035","key":"tas","value":11.3,"estimate":"q95","season":"SON"},{"bfs_id":5413,"rcp":"RCP8.5","period":"2060","key":"tas","value":2.6,"estimate":"q5","season":"DJF"},{"bfs_id":5413,"rcp":"RCP8.5","period":"2060","key":"tas","value":9.5,"estimate":"q5","season":"MAM"},{"bfs_id":5413,"rcp":"RCP8.5","period":"2060","key":"tas","value":18.9,"estimate":"q5","season":"JJA"},{"bfs_id":5413,"rcp":"RCP8.5","period":"2060","key":"tas","value":11.2,"estimate":"q5","season":"SON"},{"bfs_id":5413,"rcp":"RCP8.5","period":"2060","key":"tas","value":3.2,"estimate":"q50","season":"DJF"},{"bfs_id":5413,"rcp":"RCP8.5","period":"2060","key":"tas","value":10.1,"estimate":"q50","season":"MAM"},{"bfs_id":5413,"rcp":"RCP8.5","period":"2060","key":"tas","value":19.6,"estimate":"q50","season":"JJA"},{"bfs_id":5413,"rcp":"RCP8.5","period":"2060","key":"tas","value":11.9,"estimate":"q50","season":"SON"},{"bfs_id":5413,"rcp":"RCP8.5","period":"2060","key":"tas","value":3.7,"estimate":"q95","season":"DJF"},{"bfs_id":5413,"rcp":"RCP8.5","period":"2060","key":"tas","value":11.3,"estimate":"q95","season":"MAM"},{"bfs_id":5413,"rcp":"RCP8.5","period":"2060","key":"tas","value":20.8,"estimate":"q95","season":"JJA"},{"bfs_id":5413,"rcp":"RCP8.5","period":"2060","key":"tas","value":12.8,"estimate":"q95","season":"SON"},{"bfs_id":5413,"rcp":"RCP8.5","period":"2085","key":"tas","value":3.8,"estimate":"q5","season":"DJF"},{"bfs_id":5413,"rcp":"RCP8.5","period":"2085","key":"tas","value":10.8,"estimate":"q5","season":"MAM"},{"bfs_id":5413,"rcp":"RCP8.5","period":"2085","key":"tas","value":20.4,"estimate":"q5","season":"JJA"},{"bfs_id":5413,"rcp":"RCP8.5","period":"2085","key":"tas","value":12.4,"estimate":"q5","season":"SON"},{"bfs_id":5413,"rcp":"RCP8.5","period":"2085","key":"tas","value":5,"estimate":"q50","season":"DJF"},{"bfs_id":5413,"rcp":"RCP8.5","period":"2085","key":"tas","value":11.6,"estimate":"q50","season":"MAM"},{"bfs_id":5413,"rcp":"RCP8.5","period":"2085","key":"tas","value":21.1,"estimate":"q50","season":"JJA"},{"bfs_id":5413,"rcp":"RCP8.5","period":"2085","key":"tas","value":13.3,"estimate":"q50","season":"SON"},{"bfs_id":5413,"rcp":"RCP8.5","period":"2085","key":"tas","value":5.7,"estimate":"q95","season":"DJF"},{"bfs_id":5413,"rcp":"RCP8.5","period":"2085","key":"tas","value":13.5,"estimate":"q95","season":"MAM"},{"bfs_id":5413,"rcp":"RCP8.5","period":"2085","key":"tas","value":23.3,"estimate":"q95","season":"JJA"},{"bfs_id":5413,"rcp":"RCP8.5","period":"2085","key":"tas","value":14.7,"estimate":"q95","season":"SON"},{"bfs_id":5413,"rcp":"obs","period":"1981-2010","key":"FD","value":91.6,"estimate":"yearly_mean"},{"bfs_id":5413,"rcp":"obs","period":"1981-2010","key":"HD","value":2,"estimate":"yearly_mean"},{"bfs_id":5413,"rcp":"obs","period":"1981-2010","key":"ID","value":16.4,"estimate":"yearly_mean"},{"bfs_id":5413,"rcp":"obs","period":"1981-2010","key":"SD","value":27.7,"estimate":"yearly_mean"},{"bfs_id":5413,"rcp":"obs","period":"1981-2010","key":"snowdays","value":19.5,"estimate":"yearly_mean"},{"bfs_id":5413,"rcp":"obs","period":"1981-2010","key":"TN","value":0,"estimate":"yearly_mean"},{"bfs_id":5413,"rcp":"obs","period":"1981-2010","key":"pr","value":3,"estimate":"mean","season":"DJF"},{"bfs_id":5413,"rcp":"obs","period":"1981-2010","key":"pr","value":3.2,"estimate":"mean","season":"MAM"},{"bfs_id":5413,"rcp":"obs","period":"1981-2010","key":"pr","value":4.2,"estimate":"mean","season":"JJA"},{"bfs_id":5413,"rcp":"obs","period":"1981-2010","key":"pr","value":3.4,"estimate":"mean","season":"SON"},{"bfs_id":5413,"rcp":"obs","period":"1981-2010","key":"tas","value":0.9,"estimate":"mean","season":"DJF"},{"bfs_id":5413,"rcp":"obs","period":"1981-2010","key":"tas","value":8.1,"estimate":"mean","season":"MAM"},{"bfs_id":5413,"rcp":"obs","period":"1981-2010","key":"tas","value":16.8,"estimate":"mean","season":"JJA"},{"bfs_id":5413,"rcp":"obs","period":"1981-2010","key":"tas","value":9.1,"estimate":"mean","season":"SON"}]
