[{"bfs_id":742,"rcp":"RCP2.6","period":"2035","key":"FD","value":55.1,"estimate":"q5"},{"bfs_id":742,"rcp":"RCP2.6","period":"2035","key":"FD","value":66.1,"estimate":"q50"},{"bfs_id":742,"rcp":"RCP2.6","period":"2035","key":"FD","value":71.2,"estimate":"q95"},{"bfs_id":742,"rcp":"RCP2.6","period":"2060","key":"FD","value":52.4,"estimate":"q5"},{"bfs_id":742,"rcp":"RCP2.6","period":"2060","key":"FD","value":62.9,"estimate":"q50"},{"bfs_id":742,"rcp":"RCP2.6","period":"2060","key":"FD","value":67.8,"estimate":"q95"},{"bfs_id":742,"rcp":"RCP2.6","period":"2085","key":"FD","value":52.4,"estimate":"q5"},{"bfs_id":742,"rcp":"RCP2.6","period":"2085","key":"FD","value":63.1,"estimate":"q50"},{"bfs_id":742,"rcp":"RCP2.6","period":"2085","key":"FD","value":69.6,"estimate":"q95"},{"bfs_id":742,"rcp":"RCP8.5","period":"2035","key":"FD","value":53.3,"estimate":"q5"},{"bfs_id":742,"rcp":"RCP8.5","period":"2035","key":"FD","value":62.5,"estimate":"q50"},{"bfs_id":742,"rcp":"RCP8.5","period":"2035","key":"FD","value":66.8,"estimate":"q95"},{"bfs_id":742,"rcp":"RCP8.5","period":"2060","key":"FD","value":41,"estimate":"q5"},{"bfs_id":742,"rcp":"RCP8.5","period":"2060","key":"FD","value":47.5,"estimate":"q50"},{"bfs_id":742,"rcp":"RCP8.5","period":"2060","key":"FD","value":56.6,"estimate":"q95"},{"bfs_id":742,"rcp":"RCP8.5","period":"2085","key":"FD","value":24.8,"estimate":"q5"},{"bfs_id":742,"rcp":"RCP8.5","period":"2085","key":"FD","value":29.1,"estimate":"q50"},{"bfs_id":742,"rcp":"RCP8.5","period":"2085","key":"FD","value":41.4,"estimate":"q95"},{"bfs_id":742,"rcp":"RCP2.6","period":"2035","key":"HD","value":12,"estimate":"q5"},{"bfs_id":742,"rcp":"RCP2.6","period":"2035","key":"HD","value":15.9,"estimate":"q50"},{"bfs_id":742,"rcp":"RCP2.6","period":"2035","key":"HD","value":21.6,"estimate":"q95"},{"bfs_id":742,"rcp":"RCP2.6","period":"2060","key":"HD","value":13.3,"estimate":"q5"},{"bfs_id":742,"rcp":"RCP2.6","period":"2060","key":"HD","value":15.9,"estimate":"q50"},{"bfs_id":742,"rcp":"RCP2.6","period":"2060","key":"HD","value":24.7,"estimate":"q95"},{"bfs_id":742,"rcp":"RCP2.6","period":"2085","key":"HD","value":12.8,"estimate":"q5"},{"bfs_id":742,"rcp":"RCP2.6","period":"2085","key":"HD","value":15.3,"estimate":"q50"},{"bfs_id":742,"rcp":"RCP2.6","period":"2085","key":"HD","value":24.1,"estimate":"q95"},{"bfs_id":742,"rcp":"RCP8.5","period":"2035","key":"HD","value":13,"estimate":"q5"},{"bfs_id":742,"rcp":"RCP8.5","period":"2035","key":"HD","value":16.5,"estimate":"q50"},{"bfs_id":742,"rcp":"RCP8.5","period":"2035","key":"HD","value":23.3,"estimate":"q95"},{"bfs_id":742,"rcp":"RCP8.5","period":"2060","key":"HD","value":19.7,"estimate":"q5"},{"bfs_id":742,"rcp":"RCP8.5","period":"2060","key":"HD","value":26.6,"estimate":"q50"},{"bfs_id":742,"rcp":"RCP8.5","period":"2060","key":"HD","value":40,"estimate":"q95"},{"bfs_id":742,"rcp":"RCP8.5","period":"2085","key":"HD","value":35.1,"estimate":"q5"},{"bfs_id":742,"rcp":"RCP8.5","period":"2085","key":"HD","value":42.6,"estimate":"q50"},{"bfs_id":742,"rcp":"RCP8.5","period":"2085","key":"HD","value":64.4,"estimate":"q95"},{"bfs_id":742,"rcp":"RCP2.6","period":"2035","key":"ID","value":7.7,"estimate":"q5"},{"bfs_id":742,"rcp":"RCP2.6","period":"2035","key":"ID","value":10.7,"estimate":"q50"},{"bfs_id":742,"rcp":"RCP2.6","period":"2035","key":"ID","value":13.6,"estimate":"q95"},{"bfs_id":742,"rcp":"RCP2.6","period":"2060","key":"ID","value":7.4,"estimate":"q5"},{"bfs_id":742,"rcp":"RCP2.6","period":"2060","key":"ID","value":10.8,"estimate":"q50"},{"bfs_id":742,"rcp":"RCP2.6","period":"2060","key":"ID","value":12.6,"estimate":"q95"},{"bfs_id":742,"rcp":"RCP2.6","period":"2085","key":"ID","value":7.6,"estimate":"q5"},{"bfs_id":742,"rcp":"RCP2.6","period":"2085","key":"ID","value":10.1,"estimate":"q50"},{"bfs_id":742,"rcp":"RCP2.6","period":"2085","key":"ID","value":13.2,"estimate":"q95"},{"bfs_id":742,"rcp":"RCP8.5","period":"2035","key":"ID","value":7.6,"estimate":"q5"},{"bfs_id":742,"rcp":"RCP8.5","period":"2035","key":"ID","value":9.4,"estimate":"q50"},{"bfs_id":742,"rcp":"RCP8.5","period":"2035","key":"ID","value":12.9,"estimate":"q95"},{"bfs_id":742,"rcp":"RCP8.5","period":"2060","key":"ID","value":4.9,"estimate":"q5"},{"bfs_id":742,"rcp":"RCP8.5","period":"2060","key":"ID","value":6.9,"estimate":"q50"},{"bfs_id":742,"rcp":"RCP8.5","period":"2060","key":"ID","value":9,"estimate":"q95"},{"bfs_id":742,"rcp":"RCP8.5","period":"2085","key":"ID","value":1,"estimate":"q5"},{"bfs_id":742,"rcp":"RCP8.5","period":"2085","key":"ID","value":2.8,"estimate":"q50"},{"bfs_id":742,"rcp":"RCP8.5","period":"2085","key":"ID","value":5,"estimate":"q95"},{"bfs_id":742,"rcp":"RCP2.6","period":"2035","key":"SD","value":54.6,"estimate":"q5"},{"bfs_id":742,"rcp":"RCP2.6","period":"2035","key":"SD","value":61.6,"estimate":"q50"},{"bfs_id":742,"rcp":"RCP2.6","period":"2035","key":"SD","value":69.6,"estimate":"q95"},{"bfs_id":742,"rcp":"RCP2.6","period":"2060","key":"SD","value":55.6,"estimate":"q5"},{"bfs_id":742,"rcp":"RCP2.6","period":"2060","key":"SD","value":62.9,"estimate":"q50"},{"bfs_id":742,"rcp":"RCP2.6","period":"2060","key":"SD","value":69.3,"estimate":"q95"},{"bfs_id":742,"rcp":"RCP2.6","period":"2085","key":"SD","value":55.3,"estimate":"q5"},{"bfs_id":742,"rcp":"RCP2.6","period":"2085","key":"SD","value":63,"estimate":"q50"},{"bfs_id":742,"rcp":"RCP2.6","period":"2085","key":"SD","value":69,"estimate":"q95"},{"bfs_id":742,"rcp":"RCP8.5","period":"2035","key":"SD","value":57.7,"estimate":"q5"},{"bfs_id":742,"rcp":"RCP8.5","period":"2035","key":"SD","value":63.3,"estimate":"q50"},{"bfs_id":742,"rcp":"RCP8.5","period":"2035","key":"SD","value":70,"estimate":"q95"},{"bfs_id":742,"rcp":"RCP8.5","period":"2060","key":"SD","value":73.6,"estimate":"q5"},{"bfs_id":742,"rcp":"RCP8.5","period":"2060","key":"SD","value":78.5,"estimate":"q50"},{"bfs_id":742,"rcp":"RCP8.5","period":"2060","key":"SD","value":93,"estimate":"q95"},{"bfs_id":742,"rcp":"RCP8.5","period":"2085","key":"SD","value":88.8,"estimate":"q5"},{"bfs_id":742,"rcp":"RCP8.5","period":"2085","key":"SD","value":101.8,"estimate":"q50"},{"bfs_id":742,"rcp":"RCP8.5","period":"2085","key":"SD","value":119.2,"estimate":"q95"},{"bfs_id":742,"rcp":"RCP2.6","period":"2035","key":"snowdays","value":11.9,"estimate":"q5"},{"bfs_id":742,"rcp":"RCP2.6","period":"2035","key":"snowdays","value":16,"estimate":"q50"},{"bfs_id":742,"rcp":"RCP2.6","period":"2035","key":"snowdays","value":19.1,"estimate":"q95"},{"bfs_id":742,"rcp":"RCP2.6","period":"2060","key":"snowdays","value":10.9,"estimate":"q5"},{"bfs_id":742,"rcp":"RCP2.6","period":"2060","key":"snowdays","value":14.9,"estimate":"q50"},{"bfs_id":742,"rcp":"RCP2.6","period":"2060","key":"snowdays","value":18.5,"estimate":"q95"},{"bfs_id":742,"rcp":"RCP2.6","period":"2085","key":"snowdays","value":10.5,"estimate":"q5"},{"bfs_id":742,"rcp":"RCP2.6","period":"2085","key":"snowdays","value":15.3,"estimate":"q50"},{"bfs_id":742,"rcp":"RCP2.6","period":"2085","key":"snowdays","value":18.6,"estimate":"q95"},{"bfs_id":742,"rcp":"RCP8.5","period":"2035","key":"snowdays","value":10,"estimate":"q5"},{"bfs_id":742,"rcp":"RCP8.5","period":"2035","key":"snowdays","value":15.2,"estimate":"q50"},{"bfs_id":742,"rcp":"RCP8.5","period":"2035","key":"snowdays","value":17.4,"estimate":"q95"},{"bfs_id":742,"rcp":"RCP8.5","period":"2060","key":"snowdays","value":7.4,"estimate":"q5"},{"bfs_id":742,"rcp":"RCP8.5","period":"2060","key":"snowdays","value":10.9,"estimate":"q50"},{"bfs_id":742,"rcp":"RCP8.5","period":"2060","key":"snowdays","value":12.9,"estimate":"q95"},{"bfs_id":742,"rcp":"RCP8.5","period":"2085","key":"snowdays","value":3.1,"estimate":"q5"},{"bfs_id":742,"rcp":"RCP8.5","period":"2085","key":"snowdays","value":5.9,"estimate":"q50"},{"bfs_id":742,"rcp":"RCP8.5","period":"2085","key":"snowdays","value":9.1,"estimate":"q95"},{"bfs_id":742,"rcp":"RCP2.6","period":"2035","key":"TN","value":0.5,"estimate":"q5"},{"bfs_id":742,"rcp":"RCP2.6","period":"2035","key":"TN","value":1.1,"estimate":"q50"},{"bfs_id":742,"rcp":"RCP2.6","period":"2035","key":"TN","value":2.3,"estimate":"q95"},{"bfs_id":742,"rcp":"RCP2.6","period":"2060","key":"TN","value":0.7,"estimate":"q5"},{"bfs_id":742,"rcp":"RCP2.6","period":"2060","key":"TN","value":1.3,"estimate":"q50"},{"bfs_id":742,"rcp":"RCP2.6","period":"2060","key":"TN","value":2.9,"estimate":"q95"},{"bfs_id":742,"rcp":"RCP2.6","period":"2085","key":"TN","value":0.6,"estimate":"q5"},{"bfs_id":742,"rcp":"RCP2.6","period":"2085","key":"TN","value":1.3,"estimate":"q50"},{"bfs_id":742,"rcp":"RCP2.6","period":"2085","key":"TN","value":2.5,"estimate":"q95"},{"bfs_id":742,"rcp":"RCP8.5","period":"2035","key":"TN","value":0.9,"estimate":"q5"},{"bfs_id":742,"rcp":"RCP8.5","period":"2035","key":"TN","value":1.6,"estimate":"q50"},{"bfs_id":742,"rcp":"RCP8.5","period":"2035","key":"TN","value":3.8,"estimate":"q95"},{"bfs_id":742,"rcp":"RCP8.5","period":"2060","key":"TN","value":3.2,"estimate":"q5"},{"bfs_id":742,"rcp":"RCP8.5","period":"2060","key":"TN","value":6.3,"estimate":"q50"},{"bfs_id":742,"rcp":"RCP8.5","period":"2060","key":"TN","value":10.5,"estimate":"q95"},{"bfs_id":742,"rcp":"RCP8.5","period":"2085","key":"TN","value":10.1,"estimate":"q5"},{"bfs_id":742,"rcp":"RCP8.5","period":"2085","key":"TN","value":15.1,"estimate":"q50"},{"bfs_id":742,"rcp":"RCP8.5","period":"2085","key":"TN","value":35.2,"estimate":"q95"},{"bfs_id":742,"rcp":"RCP2.6","period":"2035","key":"pr","value":2.7,"estimate":"q5","season":"DJF"},{"bfs_id":742,"rcp":"RCP2.6","period":"2035","key":"pr","value":2.7,"estimate":"q5","season":"MAM"},{"bfs_id":742,"rcp":"RCP2.6","period":"2035","key":"pr","value":2.7,"estimate":"q5","season":"JJA"},{"bfs_id":742,"rcp":"RCP2.6","period":"2035","key":"pr","value":2.8,"estimate":"q5","season":"SON"},{"bfs_id":742,"rcp":"RCP2.6","period":"2035","key":"pr","value":3.1,"estimate":"q50","season":"DJF"},{"bfs_id":742,"rcp":"RCP2.6","period":"2035","key":"pr","value":3,"estimate":"q50","season":"MAM"},{"bfs_id":742,"rcp":"RCP2.6","period":"2035","key":"pr","value":3.1,"estimate":"q50","season":"JJA"},{"bfs_id":742,"rcp":"RCP2.6","period":"2035","key":"pr","value":3.1,"estimate":"q50","season":"SON"},{"bfs_id":742,"rcp":"RCP2.6","period":"2035","key":"pr","value":3.6,"estimate":"q95","season":"DJF"},{"bfs_id":742,"rcp":"RCP2.6","period":"2035","key":"pr","value":3.4,"estimate":"q95","season":"MAM"},{"bfs_id":742,"rcp":"RCP2.6","period":"2035","key":"pr","value":3.6,"estimate":"q95","season":"JJA"},{"bfs_id":742,"rcp":"RCP2.6","period":"2035","key":"pr","value":3.5,"estimate":"q95","season":"SON"},{"bfs_id":742,"rcp":"RCP2.6","period":"2060","key":"pr","value":2.7,"estimate":"q5","season":"DJF"},{"bfs_id":742,"rcp":"RCP2.6","period":"2060","key":"pr","value":2.8,"estimate":"q5","season":"MAM"},{"bfs_id":742,"rcp":"RCP2.6","period":"2060","key":"pr","value":2.5,"estimate":"q5","season":"JJA"},{"bfs_id":742,"rcp":"RCP2.6","period":"2060","key":"pr","value":2.9,"estimate":"q5","season":"SON"},{"bfs_id":742,"rcp":"RCP2.6","period":"2060","key":"pr","value":3.2,"estimate":"q50","season":"DJF"},{"bfs_id":742,"rcp":"RCP2.6","period":"2060","key":"pr","value":3.1,"estimate":"q50","season":"MAM"},{"bfs_id":742,"rcp":"RCP2.6","period":"2060","key":"pr","value":3.1,"estimate":"q50","season":"JJA"},{"bfs_id":742,"rcp":"RCP2.6","period":"2060","key":"pr","value":3.1,"estimate":"q50","season":"SON"},{"bfs_id":742,"rcp":"RCP2.6","period":"2060","key":"pr","value":3.4,"estimate":"q95","season":"DJF"},{"bfs_id":742,"rcp":"RCP2.6","period":"2060","key":"pr","value":3.3,"estimate":"q95","season":"MAM"},{"bfs_id":742,"rcp":"RCP2.6","period":"2060","key":"pr","value":3.6,"estimate":"q95","season":"JJA"},{"bfs_id":742,"rcp":"RCP2.6","period":"2060","key":"pr","value":3.4,"estimate":"q95","season":"SON"},{"bfs_id":742,"rcp":"RCP2.6","period":"2085","key":"pr","value":2.7,"estimate":"q5","season":"DJF"},{"bfs_id":742,"rcp":"RCP2.6","period":"2085","key":"pr","value":2.8,"estimate":"q5","season":"MAM"},{"bfs_id":742,"rcp":"RCP2.6","period":"2085","key":"pr","value":2.6,"estimate":"q5","season":"JJA"},{"bfs_id":742,"rcp":"RCP2.6","period":"2085","key":"pr","value":2.6,"estimate":"q5","season":"SON"},{"bfs_id":742,"rcp":"RCP2.6","period":"2085","key":"pr","value":3.2,"estimate":"q50","season":"DJF"},{"bfs_id":742,"rcp":"RCP2.6","period":"2085","key":"pr","value":3,"estimate":"q50","season":"MAM"},{"bfs_id":742,"rcp":"RCP2.6","period":"2085","key":"pr","value":3.1,"estimate":"q50","season":"JJA"},{"bfs_id":742,"rcp":"RCP2.6","period":"2085","key":"pr","value":3.1,"estimate":"q50","season":"SON"},{"bfs_id":742,"rcp":"RCP2.6","period":"2085","key":"pr","value":3.5,"estimate":"q95","season":"DJF"},{"bfs_id":742,"rcp":"RCP2.6","period":"2085","key":"pr","value":3.3,"estimate":"q95","season":"MAM"},{"bfs_id":742,"rcp":"RCP2.6","period":"2085","key":"pr","value":3.6,"estimate":"q95","season":"JJA"},{"bfs_id":742,"rcp":"RCP2.6","period":"2085","key":"pr","value":3.5,"estimate":"q95","season":"SON"},{"bfs_id":742,"rcp":"RCP8.5","period":"2035","key":"pr","value":2.8,"estimate":"q5","season":"DJF"},{"bfs_id":742,"rcp":"RCP8.5","period":"2035","key":"pr","value":2.9,"estimate":"q5","season":"MAM"},{"bfs_id":742,"rcp":"RCP8.5","period":"2035","key":"pr","value":2.4,"estimate":"q5","season":"JJA"},{"bfs_id":742,"rcp":"RCP8.5","period":"2035","key":"pr","value":2.7,"estimate":"q5","season":"SON"},{"bfs_id":742,"rcp":"RCP8.5","period":"2035","key":"pr","value":3.3,"estimate":"q50","season":"DJF"},{"bfs_id":742,"rcp":"RCP8.5","period":"2035","key":"pr","value":3.2,"estimate":"q50","season":"MAM"},{"bfs_id":742,"rcp":"RCP8.5","period":"2035","key":"pr","value":3.2,"estimate":"q50","season":"JJA"},{"bfs_id":742,"rcp":"RCP8.5","period":"2035","key":"pr","value":3.3,"estimate":"q50","season":"SON"},{"bfs_id":742,"rcp":"RCP8.5","period":"2035","key":"pr","value":3.5,"estimate":"q95","season":"DJF"},{"bfs_id":742,"rcp":"RCP8.5","period":"2035","key":"pr","value":3.4,"estimate":"q95","season":"MAM"},{"bfs_id":742,"rcp":"RCP8.5","period":"2035","key":"pr","value":3.5,"estimate":"q95","season":"JJA"},{"bfs_id":742,"rcp":"RCP8.5","period":"2035","key":"pr","value":3.6,"estimate":"q95","season":"SON"},{"bfs_id":742,"rcp":"RCP8.5","period":"2060","key":"pr","value":3,"estimate":"q5","season":"DJF"},{"bfs_id":742,"rcp":"RCP8.5","period":"2060","key":"pr","value":3.1,"estimate":"q5","season":"MAM"},{"bfs_id":742,"rcp":"RCP8.5","period":"2060","key":"pr","value":2.3,"estimate":"q5","season":"JJA"},{"bfs_id":742,"rcp":"RCP8.5","period":"2060","key":"pr","value":2.8,"estimate":"q5","season":"SON"},{"bfs_id":742,"rcp":"RCP8.5","period":"2060","key":"pr","value":3.3,"estimate":"q50","season":"DJF"},{"bfs_id":742,"rcp":"RCP8.5","period":"2060","key":"pr","value":3.3,"estimate":"q50","season":"MAM"},{"bfs_id":742,"rcp":"RCP8.5","period":"2060","key":"pr","value":3.1,"estimate":"q50","season":"JJA"},{"bfs_id":742,"rcp":"RCP8.5","period":"2060","key":"pr","value":3.2,"estimate":"q50","season":"SON"},{"bfs_id":742,"rcp":"RCP8.5","period":"2060","key":"pr","value":3.7,"estimate":"q95","season":"DJF"},{"bfs_id":742,"rcp":"RCP8.5","period":"2060","key":"pr","value":3.6,"estimate":"q95","season":"MAM"},{"bfs_id":742,"rcp":"RCP8.5","period":"2060","key":"pr","value":3.4,"estimate":"q95","season":"JJA"},{"bfs_id":742,"rcp":"RCP8.5","period":"2060","key":"pr","value":3.6,"estimate":"q95","season":"SON"},{"bfs_id":742,"rcp":"RCP8.5","period":"2085","key":"pr","value":3.1,"estimate":"q5","season":"DJF"},{"bfs_id":742,"rcp":"RCP8.5","period":"2085","key":"pr","value":3,"estimate":"q5","season":"MAM"},{"bfs_id":742,"rcp":"RCP8.5","period":"2085","key":"pr","value":1.7,"estimate":"q5","season":"JJA"},{"bfs_id":742,"rcp":"RCP8.5","period":"2085","key":"pr","value":2.6,"estimate":"q5","season":"SON"},{"bfs_id":742,"rcp":"RCP8.5","period":"2085","key":"pr","value":3.7,"estimate":"q50","season":"DJF"},{"bfs_id":742,"rcp":"RCP8.5","period":"2085","key":"pr","value":3.4,"estimate":"q50","season":"MAM"},{"bfs_id":742,"rcp":"RCP8.5","period":"2085","key":"pr","value":2.6,"estimate":"q50","season":"JJA"},{"bfs_id":742,"rcp":"RCP8.5","period":"2085","key":"pr","value":3.3,"estimate":"q50","season":"SON"},{"bfs_id":742,"rcp":"RCP8.5","period":"2085","key":"pr","value":4.1,"estimate":"q95","season":"DJF"},{"bfs_id":742,"rcp":"RCP8.5","period":"2085","key":"pr","value":3.8,"estimate":"q95","season":"MAM"},{"bfs_id":742,"rcp":"RCP8.5","period":"2085","key":"pr","value":3.3,"estimate":"q95","season":"JJA"},{"bfs_id":742,"rcp":"RCP8.5","period":"2085","key":"pr","value":3.7,"estimate":"q95","season":"SON"},{"bfs_id":742,"rcp":"RCP2.6","period":"2035","key":"tas","value":1.8,"estimate":"q5","season":"DJF"},{"bfs_id":742,"rcp":"RCP2.6","period":"2035","key":"tas","value":9.3,"estimate":"q5","season":"MAM"},{"bfs_id":742,"rcp":"RCP2.6","period":"2035","key":"tas","value":18.7,"estimate":"q5","season":"JJA"},{"bfs_id":742,"rcp":"RCP2.6","period":"2035","key":"tas","value":10.4,"estimate":"q5","season":"SON"},{"bfs_id":742,"rcp":"RCP2.6","period":"2035","key":"tas","value":2.2,"estimate":"q50","season":"DJF"},{"bfs_id":742,"rcp":"RCP2.6","period":"2035","key":"tas","value":10,"estimate":"q50","season":"MAM"},{"bfs_id":742,"rcp":"RCP2.6","period":"2035","key":"tas","value":19.3,"estimate":"q50","season":"JJA"},{"bfs_id":742,"rcp":"RCP2.6","period":"2035","key":"tas","value":10.7,"estimate":"q50","season":"SON"},{"bfs_id":742,"rcp":"RCP2.6","period":"2035","key":"tas","value":3,"estimate":"q95","season":"DJF"},{"bfs_id":742,"rcp":"RCP2.6","period":"2035","key":"tas","value":10.3,"estimate":"q95","season":"MAM"},{"bfs_id":742,"rcp":"RCP2.6","period":"2035","key":"tas","value":19.9,"estimate":"q95","season":"JJA"},{"bfs_id":742,"rcp":"RCP2.6","period":"2035","key":"tas","value":11.5,"estimate":"q95","season":"SON"},{"bfs_id":742,"rcp":"RCP2.6","period":"2060","key":"tas","value":1.8,"estimate":"q5","season":"DJF"},{"bfs_id":742,"rcp":"RCP2.6","period":"2060","key":"tas","value":9.2,"estimate":"q5","season":"MAM"},{"bfs_id":742,"rcp":"RCP2.6","period":"2060","key":"tas","value":19,"estimate":"q5","season":"JJA"},{"bfs_id":742,"rcp":"RCP2.6","period":"2060","key":"tas","value":10.7,"estimate":"q5","season":"SON"},{"bfs_id":742,"rcp":"RCP2.6","period":"2060","key":"tas","value":2.6,"estimate":"q50","season":"DJF"},{"bfs_id":742,"rcp":"RCP2.6","period":"2060","key":"tas","value":9.9,"estimate":"q50","season":"MAM"},{"bfs_id":742,"rcp":"RCP2.6","period":"2060","key":"tas","value":19.4,"estimate":"q50","season":"JJA"},{"bfs_id":742,"rcp":"RCP2.6","period":"2060","key":"tas","value":11,"estimate":"q50","season":"SON"},{"bfs_id":742,"rcp":"RCP2.6","period":"2060","key":"tas","value":3.1,"estimate":"q95","season":"DJF"},{"bfs_id":742,"rcp":"RCP2.6","period":"2060","key":"tas","value":10.5,"estimate":"q95","season":"MAM"},{"bfs_id":742,"rcp":"RCP2.6","period":"2060","key":"tas","value":20.1,"estimate":"q95","season":"JJA"},{"bfs_id":742,"rcp":"RCP2.6","period":"2060","key":"tas","value":12,"estimate":"q95","season":"SON"},{"bfs_id":742,"rcp":"RCP2.6","period":"2085","key":"tas","value":1.9,"estimate":"q5","season":"DJF"},{"bfs_id":742,"rcp":"RCP2.6","period":"2085","key":"tas","value":9.3,"estimate":"q5","season":"MAM"},{"bfs_id":742,"rcp":"RCP2.6","period":"2085","key":"tas","value":18.9,"estimate":"q5","season":"JJA"},{"bfs_id":742,"rcp":"RCP2.6","period":"2085","key":"tas","value":10.5,"estimate":"q5","season":"SON"},{"bfs_id":742,"rcp":"RCP2.6","period":"2085","key":"tas","value":2.5,"estimate":"q50","season":"DJF"},{"bfs_id":742,"rcp":"RCP2.6","period":"2085","key":"tas","value":10.1,"estimate":"q50","season":"MAM"},{"bfs_id":742,"rcp":"RCP2.6","period":"2085","key":"tas","value":19.4,"estimate":"q50","season":"JJA"},{"bfs_id":742,"rcp":"RCP2.6","period":"2085","key":"tas","value":11,"estimate":"q50","season":"SON"},{"bfs_id":742,"rcp":"RCP2.6","period":"2085","key":"tas","value":3.2,"estimate":"q95","season":"DJF"},{"bfs_id":742,"rcp":"RCP2.6","period":"2085","key":"tas","value":10.5,"estimate":"q95","season":"MAM"},{"bfs_id":742,"rcp":"RCP2.6","period":"2085","key":"tas","value":20,"estimate":"q95","season":"JJA"},{"bfs_id":742,"rcp":"RCP2.6","period":"2085","key":"tas","value":11.9,"estimate":"q95","season":"SON"},{"bfs_id":742,"rcp":"RCP8.5","period":"2035","key":"tas","value":1.8,"estimate":"q5","season":"DJF"},{"bfs_id":742,"rcp":"RCP8.5","period":"2035","key":"tas","value":9.6,"estimate":"q5","season":"MAM"},{"bfs_id":742,"rcp":"RCP8.5","period":"2035","key":"tas","value":19.2,"estimate":"q5","season":"JJA"},{"bfs_id":742,"rcp":"RCP8.5","period":"2035","key":"tas","value":10.7,"estimate":"q5","season":"SON"},{"bfs_id":742,"rcp":"RCP8.5","period":"2035","key":"tas","value":2.6,"estimate":"q50","season":"DJF"},{"bfs_id":742,"rcp":"RCP8.5","period":"2035","key":"tas","value":10,"estimate":"q50","season":"MAM"},{"bfs_id":742,"rcp":"RCP8.5","period":"2035","key":"tas","value":19.6,"estimate":"q50","season":"JJA"},{"bfs_id":742,"rcp":"RCP8.5","period":"2035","key":"tas","value":11.2,"estimate":"q50","season":"SON"},{"bfs_id":742,"rcp":"RCP8.5","period":"2035","key":"tas","value":3,"estimate":"q95","season":"DJF"},{"bfs_id":742,"rcp":"RCP8.5","period":"2035","key":"tas","value":10.4,"estimate":"q95","season":"MAM"},{"bfs_id":742,"rcp":"RCP8.5","period":"2035","key":"tas","value":20.2,"estimate":"q95","season":"JJA"},{"bfs_id":742,"rcp":"RCP8.5","period":"2035","key":"tas","value":12,"estimate":"q95","season":"SON"},{"bfs_id":742,"rcp":"RCP8.5","period":"2060","key":"tas","value":2.9,"estimate":"q5","season":"DJF"},{"bfs_id":742,"rcp":"RCP8.5","period":"2060","key":"tas","value":10.4,"estimate":"q5","season":"MAM"},{"bfs_id":742,"rcp":"RCP8.5","period":"2060","key":"tas","value":20.3,"estimate":"q5","season":"JJA"},{"bfs_id":742,"rcp":"RCP8.5","period":"2060","key":"tas","value":11.8,"estimate":"q5","season":"SON"},{"bfs_id":742,"rcp":"RCP8.5","period":"2060","key":"tas","value":3.4,"estimate":"q50","season":"DJF"},{"bfs_id":742,"rcp":"RCP8.5","period":"2060","key":"tas","value":10.9,"estimate":"q50","season":"MAM"},{"bfs_id":742,"rcp":"RCP8.5","period":"2060","key":"tas","value":20.7,"estimate":"q50","season":"JJA"},{"bfs_id":742,"rcp":"RCP8.5","period":"2060","key":"tas","value":12.4,"estimate":"q50","season":"SON"},{"bfs_id":742,"rcp":"RCP8.5","period":"2060","key":"tas","value":4,"estimate":"q95","season":"DJF"},{"bfs_id":742,"rcp":"RCP8.5","period":"2060","key":"tas","value":11.5,"estimate":"q95","season":"MAM"},{"bfs_id":742,"rcp":"RCP8.5","period":"2060","key":"tas","value":21.8,"estimate":"q95","season":"JJA"},{"bfs_id":742,"rcp":"RCP8.5","period":"2060","key":"tas","value":13.2,"estimate":"q95","season":"SON"},{"bfs_id":742,"rcp":"RCP8.5","period":"2085","key":"tas","value":4,"estimate":"q5","season":"DJF"},{"bfs_id":742,"rcp":"RCP8.5","period":"2085","key":"tas","value":11.4,"estimate":"q5","season":"MAM"},{"bfs_id":742,"rcp":"RCP8.5","period":"2085","key":"tas","value":21.6,"estimate":"q5","season":"JJA"},{"bfs_id":742,"rcp":"RCP8.5","period":"2085","key":"tas","value":12.9,"estimate":"q5","season":"SON"},{"bfs_id":742,"rcp":"RCP8.5","period":"2085","key":"tas","value":5,"estimate":"q50","season":"DJF"},{"bfs_id":742,"rcp":"RCP8.5","period":"2085","key":"tas","value":12.2,"estimate":"q50","season":"MAM"},{"bfs_id":742,"rcp":"RCP8.5","period":"2085","key":"tas","value":22.4,"estimate":"q50","season":"JJA"},{"bfs_id":742,"rcp":"RCP8.5","period":"2085","key":"tas","value":13.8,"estimate":"q50","season":"SON"},{"bfs_id":742,"rcp":"RCP8.5","period":"2085","key":"tas","value":5.8,"estimate":"q95","season":"DJF"},{"bfs_id":742,"rcp":"RCP8.5","period":"2085","key":"tas","value":13.4,"estimate":"q95","season":"MAM"},{"bfs_id":742,"rcp":"RCP8.5","period":"2085","key":"tas","value":24.6,"estimate":"q95","season":"JJA"},{"bfs_id":742,"rcp":"RCP8.5","period":"2085","key":"tas","value":15.3,"estimate":"q95","season":"SON"},{"bfs_id":742,"rcp":"obs","period":"1981-2010","key":"FD","value":79.4,"estimate":"yearly_mean"},{"bfs_id":742,"rcp":"obs","period":"1981-2010","key":"HD","value":8.7,"estimate":"yearly_mean"},{"bfs_id":742,"rcp":"obs","period":"1981-2010","key":"ID","value":15.6,"estimate":"yearly_mean"},{"bfs_id":742,"rcp":"obs","period":"1981-2010","key":"SD","value":47.9,"estimate":"yearly_mean"},{"bfs_id":742,"rcp":"obs","period":"1981-2010","key":"snowdays","value":16.7,"estimate":"yearly_mean"},{"bfs_id":742,"rcp":"obs","period":"1981-2010","key":"TN","value":0.1,"estimate":"yearly_mean"},{"bfs_id":742,"rcp":"obs","period":"1981-2010","key":"pr","value":2.8,"estimate":"mean","season":"DJF"},{"bfs_id":742,"rcp":"obs","period":"1981-2010","key":"pr","value":2.9,"estimate":"mean","season":"MAM"},{"bfs_id":742,"rcp":"obs","period":"1981-2010","key":"pr","value":3.4,"estimate":"mean","season":"JJA"},{"bfs_id":742,"rcp":"obs","period":"1981-2010","key":"pr","value":3.2,"estimate":"mean","season":"SON"},{"bfs_id":742,"rcp":"obs","period":"1981-2010","key":"tas","value":1.1,"estimate":"mean","season":"DJF"},{"bfs_id":742,"rcp":"obs","period":"1981-2010","key":"tas","value":9.3,"estimate":"mean","season":"MAM"},{"bfs_id":742,"rcp":"obs","period":"1981-2010","key":"tas","value":18.3,"estimate":"mean","season":"JJA"},{"bfs_id":742,"rcp":"obs","period":"1981-2010","key":"tas","value":9.7,"estimate":"mean","season":"SON"}]
