[{"bfs_id":1129,"rcp":"RCP2.6","period":"2035","key":"FD","value":73.4,"estimate":"q5"},{"bfs_id":1129,"rcp":"RCP2.6","period":"2035","key":"FD","value":84.4,"estimate":"q50"},{"bfs_id":1129,"rcp":"RCP2.6","period":"2035","key":"FD","value":92.5,"estimate":"q95"},{"bfs_id":1129,"rcp":"RCP2.6","period":"2060","key":"FD","value":70.1,"estimate":"q5"},{"bfs_id":1129,"rcp":"RCP2.6","period":"2060","key":"FD","value":81.1,"estimate":"q50"},{"bfs_id":1129,"rcp":"RCP2.6","period":"2060","key":"FD","value":89.1,"estimate":"q95"},{"bfs_id":1129,"rcp":"RCP2.6","period":"2085","key":"FD","value":69.5,"estimate":"q5"},{"bfs_id":1129,"rcp":"RCP2.6","period":"2085","key":"FD","value":81.8,"estimate":"q50"},{"bfs_id":1129,"rcp":"RCP2.6","period":"2085","key":"FD","value":89.6,"estimate":"q95"},{"bfs_id":1129,"rcp":"RCP8.5","period":"2035","key":"FD","value":70.2,"estimate":"q5"},{"bfs_id":1129,"rcp":"RCP8.5","period":"2035","key":"FD","value":81,"estimate":"q50"},{"bfs_id":1129,"rcp":"RCP8.5","period":"2035","key":"FD","value":87.9,"estimate":"q95"},{"bfs_id":1129,"rcp":"RCP8.5","period":"2060","key":"FD","value":57,"estimate":"q5"},{"bfs_id":1129,"rcp":"RCP8.5","period":"2060","key":"FD","value":66.1,"estimate":"q50"},{"bfs_id":1129,"rcp":"RCP8.5","period":"2060","key":"FD","value":72.5,"estimate":"q95"},{"bfs_id":1129,"rcp":"RCP8.5","period":"2085","key":"FD","value":37.2,"estimate":"q5"},{"bfs_id":1129,"rcp":"RCP8.5","period":"2085","key":"FD","value":44.7,"estimate":"q50"},{"bfs_id":1129,"rcp":"RCP8.5","period":"2085","key":"FD","value":55.7,"estimate":"q95"},{"bfs_id":1129,"rcp":"RCP2.6","period":"2035","key":"HD","value":5.9,"estimate":"q5"},{"bfs_id":1129,"rcp":"RCP2.6","period":"2035","key":"HD","value":8.3,"estimate":"q50"},{"bfs_id":1129,"rcp":"RCP2.6","period":"2035","key":"HD","value":13,"estimate":"q95"},{"bfs_id":1129,"rcp":"RCP2.6","period":"2060","key":"HD","value":6.2,"estimate":"q5"},{"bfs_id":1129,"rcp":"RCP2.6","period":"2060","key":"HD","value":8.8,"estimate":"q50"},{"bfs_id":1129,"rcp":"RCP2.6","period":"2060","key":"HD","value":15.4,"estimate":"q95"},{"bfs_id":1129,"rcp":"RCP2.6","period":"2085","key":"HD","value":6.4,"estimate":"q5"},{"bfs_id":1129,"rcp":"RCP2.6","period":"2085","key":"HD","value":7.8,"estimate":"q50"},{"bfs_id":1129,"rcp":"RCP2.6","period":"2085","key":"HD","value":14.8,"estimate":"q95"},{"bfs_id":1129,"rcp":"RCP8.5","period":"2035","key":"HD","value":6.8,"estimate":"q5"},{"bfs_id":1129,"rcp":"RCP8.5","period":"2035","key":"HD","value":8.6,"estimate":"q50"},{"bfs_id":1129,"rcp":"RCP8.5","period":"2035","key":"HD","value":14.3,"estimate":"q95"},{"bfs_id":1129,"rcp":"RCP8.5","period":"2060","key":"HD","value":11.7,"estimate":"q5"},{"bfs_id":1129,"rcp":"RCP8.5","period":"2060","key":"HD","value":17.3,"estimate":"q50"},{"bfs_id":1129,"rcp":"RCP8.5","period":"2060","key":"HD","value":29,"estimate":"q95"},{"bfs_id":1129,"rcp":"RCP8.5","period":"2085","key":"HD","value":23.6,"estimate":"q5"},{"bfs_id":1129,"rcp":"RCP8.5","period":"2085","key":"HD","value":27.1,"estimate":"q50"},{"bfs_id":1129,"rcp":"RCP8.5","period":"2085","key":"HD","value":53.7,"estimate":"q95"},{"bfs_id":1129,"rcp":"RCP2.6","period":"2035","key":"ID","value":16.6,"estimate":"q5"},{"bfs_id":1129,"rcp":"RCP2.6","period":"2035","key":"ID","value":20.3,"estimate":"q50"},{"bfs_id":1129,"rcp":"RCP2.6","period":"2035","key":"ID","value":23.4,"estimate":"q95"},{"bfs_id":1129,"rcp":"RCP2.6","period":"2060","key":"ID","value":15.4,"estimate":"q5"},{"bfs_id":1129,"rcp":"RCP2.6","period":"2060","key":"ID","value":18.9,"estimate":"q50"},{"bfs_id":1129,"rcp":"RCP2.6","period":"2060","key":"ID","value":22.8,"estimate":"q95"},{"bfs_id":1129,"rcp":"RCP2.6","period":"2085","key":"ID","value":15.1,"estimate":"q5"},{"bfs_id":1129,"rcp":"RCP2.6","period":"2085","key":"ID","value":18.6,"estimate":"q50"},{"bfs_id":1129,"rcp":"RCP2.6","period":"2085","key":"ID","value":22.8,"estimate":"q95"},{"bfs_id":1129,"rcp":"RCP8.5","period":"2035","key":"ID","value":14.9,"estimate":"q5"},{"bfs_id":1129,"rcp":"RCP8.5","period":"2035","key":"ID","value":18.3,"estimate":"q50"},{"bfs_id":1129,"rcp":"RCP8.5","period":"2035","key":"ID","value":22.7,"estimate":"q95"},{"bfs_id":1129,"rcp":"RCP8.5","period":"2060","key":"ID","value":10.6,"estimate":"q5"},{"bfs_id":1129,"rcp":"RCP8.5","period":"2060","key":"ID","value":14.1,"estimate":"q50"},{"bfs_id":1129,"rcp":"RCP8.5","period":"2060","key":"ID","value":16.3,"estimate":"q95"},{"bfs_id":1129,"rcp":"RCP8.5","period":"2085","key":"ID","value":3.9,"estimate":"q5"},{"bfs_id":1129,"rcp":"RCP8.5","period":"2085","key":"ID","value":7.3,"estimate":"q50"},{"bfs_id":1129,"rcp":"RCP8.5","period":"2085","key":"ID","value":9.6,"estimate":"q95"},{"bfs_id":1129,"rcp":"RCP2.6","period":"2035","key":"SD","value":40.2,"estimate":"q5"},{"bfs_id":1129,"rcp":"RCP2.6","period":"2035","key":"SD","value":44.7,"estimate":"q50"},{"bfs_id":1129,"rcp":"RCP2.6","period":"2035","key":"SD","value":53.1,"estimate":"q95"},{"bfs_id":1129,"rcp":"RCP2.6","period":"2060","key":"SD","value":40.3,"estimate":"q5"},{"bfs_id":1129,"rcp":"RCP2.6","period":"2060","key":"SD","value":46.2,"estimate":"q50"},{"bfs_id":1129,"rcp":"RCP2.6","period":"2060","key":"SD","value":53.3,"estimate":"q95"},{"bfs_id":1129,"rcp":"RCP2.6","period":"2085","key":"SD","value":40.1,"estimate":"q5"},{"bfs_id":1129,"rcp":"RCP2.6","period":"2085","key":"SD","value":47,"estimate":"q50"},{"bfs_id":1129,"rcp":"RCP2.6","period":"2085","key":"SD","value":52.8,"estimate":"q95"},{"bfs_id":1129,"rcp":"RCP8.5","period":"2035","key":"SD","value":42.4,"estimate":"q5"},{"bfs_id":1129,"rcp":"RCP8.5","period":"2035","key":"SD","value":46.8,"estimate":"q50"},{"bfs_id":1129,"rcp":"RCP8.5","period":"2035","key":"SD","value":54.7,"estimate":"q95"},{"bfs_id":1129,"rcp":"RCP8.5","period":"2060","key":"SD","value":56.2,"estimate":"q5"},{"bfs_id":1129,"rcp":"RCP8.5","period":"2060","key":"SD","value":62.9,"estimate":"q50"},{"bfs_id":1129,"rcp":"RCP8.5","period":"2060","key":"SD","value":79.2,"estimate":"q95"},{"bfs_id":1129,"rcp":"RCP8.5","period":"2085","key":"SD","value":72,"estimate":"q5"},{"bfs_id":1129,"rcp":"RCP8.5","period":"2085","key":"SD","value":83.7,"estimate":"q50"},{"bfs_id":1129,"rcp":"RCP8.5","period":"2085","key":"SD","value":105.7,"estimate":"q95"},{"bfs_id":1129,"rcp":"RCP2.6","period":"2035","key":"snowdays","value":18.6,"estimate":"q5"},{"bfs_id":1129,"rcp":"RCP2.6","period":"2035","key":"snowdays","value":24.3,"estimate":"q50"},{"bfs_id":1129,"rcp":"RCP2.6","period":"2035","key":"snowdays","value":27.8,"estimate":"q95"},{"bfs_id":1129,"rcp":"RCP2.6","period":"2060","key":"snowdays","value":18.2,"estimate":"q5"},{"bfs_id":1129,"rcp":"RCP2.6","period":"2060","key":"snowdays","value":23.3,"estimate":"q50"},{"bfs_id":1129,"rcp":"RCP2.6","period":"2060","key":"snowdays","value":28.9,"estimate":"q95"},{"bfs_id":1129,"rcp":"RCP2.6","period":"2085","key":"snowdays","value":18,"estimate":"q5"},{"bfs_id":1129,"rcp":"RCP2.6","period":"2085","key":"snowdays","value":23,"estimate":"q50"},{"bfs_id":1129,"rcp":"RCP2.6","period":"2085","key":"snowdays","value":28,"estimate":"q95"},{"bfs_id":1129,"rcp":"RCP8.5","period":"2035","key":"snowdays","value":16.1,"estimate":"q5"},{"bfs_id":1129,"rcp":"RCP8.5","period":"2035","key":"snowdays","value":22.9,"estimate":"q50"},{"bfs_id":1129,"rcp":"RCP8.5","period":"2035","key":"snowdays","value":28.7,"estimate":"q95"},{"bfs_id":1129,"rcp":"RCP8.5","period":"2060","key":"snowdays","value":12.1,"estimate":"q5"},{"bfs_id":1129,"rcp":"RCP8.5","period":"2060","key":"snowdays","value":18.3,"estimate":"q50"},{"bfs_id":1129,"rcp":"RCP8.5","period":"2060","key":"snowdays","value":21,"estimate":"q95"},{"bfs_id":1129,"rcp":"RCP8.5","period":"2085","key":"snowdays","value":6.3,"estimate":"q5"},{"bfs_id":1129,"rcp":"RCP8.5","period":"2085","key":"snowdays","value":11.4,"estimate":"q50"},{"bfs_id":1129,"rcp":"RCP8.5","period":"2085","key":"snowdays","value":16.9,"estimate":"q95"},{"bfs_id":1129,"rcp":"RCP2.6","period":"2035","key":"TN","value":0,"estimate":"q5"},{"bfs_id":1129,"rcp":"RCP2.6","period":"2035","key":"TN","value":0.2,"estimate":"q50"},{"bfs_id":1129,"rcp":"RCP2.6","period":"2035","key":"TN","value":0.6,"estimate":"q95"},{"bfs_id":1129,"rcp":"RCP2.6","period":"2060","key":"TN","value":0.1,"estimate":"q5"},{"bfs_id":1129,"rcp":"RCP2.6","period":"2060","key":"TN","value":0.3,"estimate":"q50"},{"bfs_id":1129,"rcp":"RCP2.6","period":"2060","key":"TN","value":0.8,"estimate":"q95"},{"bfs_id":1129,"rcp":"RCP2.6","period":"2085","key":"TN","value":0.1,"estimate":"q5"},{"bfs_id":1129,"rcp":"RCP2.6","period":"2085","key":"TN","value":0.3,"estimate":"q50"},{"bfs_id":1129,"rcp":"RCP2.6","period":"2085","key":"TN","value":0.7,"estimate":"q95"},{"bfs_id":1129,"rcp":"RCP8.5","period":"2035","key":"TN","value":0.2,"estimate":"q5"},{"bfs_id":1129,"rcp":"RCP8.5","period":"2035","key":"TN","value":0.3,"estimate":"q50"},{"bfs_id":1129,"rcp":"RCP8.5","period":"2035","key":"TN","value":1.6,"estimate":"q95"},{"bfs_id":1129,"rcp":"RCP8.5","period":"2060","key":"TN","value":0.5,"estimate":"q5"},{"bfs_id":1129,"rcp":"RCP8.5","period":"2060","key":"TN","value":1.9,"estimate":"q50"},{"bfs_id":1129,"rcp":"RCP8.5","period":"2060","key":"TN","value":4.8,"estimate":"q95"},{"bfs_id":1129,"rcp":"RCP8.5","period":"2085","key":"TN","value":3.5,"estimate":"q5"},{"bfs_id":1129,"rcp":"RCP8.5","period":"2085","key":"TN","value":6.6,"estimate":"q50"},{"bfs_id":1129,"rcp":"RCP8.5","period":"2085","key":"TN","value":20.1,"estimate":"q95"},{"bfs_id":1129,"rcp":"RCP2.6","period":"2035","key":"pr","value":2.8,"estimate":"q5","season":"DJF"},{"bfs_id":1129,"rcp":"RCP2.6","period":"2035","key":"pr","value":3.3,"estimate":"q5","season":"MAM"},{"bfs_id":1129,"rcp":"RCP2.6","period":"2035","key":"pr","value":3.4,"estimate":"q5","season":"JJA"},{"bfs_id":1129,"rcp":"RCP2.6","period":"2035","key":"pr","value":2.9,"estimate":"q5","season":"SON"},{"bfs_id":1129,"rcp":"RCP2.6","period":"2035","key":"pr","value":3.2,"estimate":"q50","season":"DJF"},{"bfs_id":1129,"rcp":"RCP2.6","period":"2035","key":"pr","value":3.7,"estimate":"q50","season":"MAM"},{"bfs_id":1129,"rcp":"RCP2.6","period":"2035","key":"pr","value":4,"estimate":"q50","season":"JJA"},{"bfs_id":1129,"rcp":"RCP2.6","period":"2035","key":"pr","value":3.1,"estimate":"q50","season":"SON"},{"bfs_id":1129,"rcp":"RCP2.6","period":"2035","key":"pr","value":3.8,"estimate":"q95","season":"DJF"},{"bfs_id":1129,"rcp":"RCP2.6","period":"2035","key":"pr","value":4,"estimate":"q95","season":"MAM"},{"bfs_id":1129,"rcp":"RCP2.6","period":"2035","key":"pr","value":4.3,"estimate":"q95","season":"JJA"},{"bfs_id":1129,"rcp":"RCP2.6","period":"2035","key":"pr","value":3.8,"estimate":"q95","season":"SON"},{"bfs_id":1129,"rcp":"RCP2.6","period":"2060","key":"pr","value":2.9,"estimate":"q5","season":"DJF"},{"bfs_id":1129,"rcp":"RCP2.6","period":"2060","key":"pr","value":3.3,"estimate":"q5","season":"MAM"},{"bfs_id":1129,"rcp":"RCP2.6","period":"2060","key":"pr","value":3.1,"estimate":"q5","season":"JJA"},{"bfs_id":1129,"rcp":"RCP2.6","period":"2060","key":"pr","value":2.9,"estimate":"q5","season":"SON"},{"bfs_id":1129,"rcp":"RCP2.6","period":"2060","key":"pr","value":3.2,"estimate":"q50","season":"DJF"},{"bfs_id":1129,"rcp":"RCP2.6","period":"2060","key":"pr","value":3.6,"estimate":"q50","season":"MAM"},{"bfs_id":1129,"rcp":"RCP2.6","period":"2060","key":"pr","value":3.9,"estimate":"q50","season":"JJA"},{"bfs_id":1129,"rcp":"RCP2.6","period":"2060","key":"pr","value":3.1,"estimate":"q50","season":"SON"},{"bfs_id":1129,"rcp":"RCP2.6","period":"2060","key":"pr","value":3.5,"estimate":"q95","season":"DJF"},{"bfs_id":1129,"rcp":"RCP2.6","period":"2060","key":"pr","value":4,"estimate":"q95","season":"MAM"},{"bfs_id":1129,"rcp":"RCP2.6","period":"2060","key":"pr","value":4.4,"estimate":"q95","season":"JJA"},{"bfs_id":1129,"rcp":"RCP2.6","period":"2060","key":"pr","value":3.6,"estimate":"q95","season":"SON"},{"bfs_id":1129,"rcp":"RCP2.6","period":"2085","key":"pr","value":2.9,"estimate":"q5","season":"DJF"},{"bfs_id":1129,"rcp":"RCP2.6","period":"2085","key":"pr","value":3.3,"estimate":"q5","season":"MAM"},{"bfs_id":1129,"rcp":"RCP2.6","period":"2085","key":"pr","value":3.2,"estimate":"q5","season":"JJA"},{"bfs_id":1129,"rcp":"RCP2.6","period":"2085","key":"pr","value":2.8,"estimate":"q5","season":"SON"},{"bfs_id":1129,"rcp":"RCP2.6","period":"2085","key":"pr","value":3.2,"estimate":"q50","season":"DJF"},{"bfs_id":1129,"rcp":"RCP2.6","period":"2085","key":"pr","value":3.6,"estimate":"q50","season":"MAM"},{"bfs_id":1129,"rcp":"RCP2.6","period":"2085","key":"pr","value":4,"estimate":"q50","season":"JJA"},{"bfs_id":1129,"rcp":"RCP2.6","period":"2085","key":"pr","value":3.1,"estimate":"q50","season":"SON"},{"bfs_id":1129,"rcp":"RCP2.6","period":"2085","key":"pr","value":3.6,"estimate":"q95","season":"DJF"},{"bfs_id":1129,"rcp":"RCP2.6","period":"2085","key":"pr","value":4,"estimate":"q95","season":"MAM"},{"bfs_id":1129,"rcp":"RCP2.6","period":"2085","key":"pr","value":4.4,"estimate":"q95","season":"JJA"},{"bfs_id":1129,"rcp":"RCP2.6","period":"2085","key":"pr","value":3.7,"estimate":"q95","season":"SON"},{"bfs_id":1129,"rcp":"RCP8.5","period":"2035","key":"pr","value":2.9,"estimate":"q5","season":"DJF"},{"bfs_id":1129,"rcp":"RCP8.5","period":"2035","key":"pr","value":3.4,"estimate":"q5","season":"MAM"},{"bfs_id":1129,"rcp":"RCP8.5","period":"2035","key":"pr","value":3.1,"estimate":"q5","season":"JJA"},{"bfs_id":1129,"rcp":"RCP8.5","period":"2035","key":"pr","value":2.9,"estimate":"q5","season":"SON"},{"bfs_id":1129,"rcp":"RCP8.5","period":"2035","key":"pr","value":3.4,"estimate":"q50","season":"DJF"},{"bfs_id":1129,"rcp":"RCP8.5","period":"2035","key":"pr","value":3.8,"estimate":"q50","season":"MAM"},{"bfs_id":1129,"rcp":"RCP8.5","period":"2035","key":"pr","value":4,"estimate":"q50","season":"JJA"},{"bfs_id":1129,"rcp":"RCP8.5","period":"2035","key":"pr","value":3.3,"estimate":"q50","season":"SON"},{"bfs_id":1129,"rcp":"RCP8.5","period":"2035","key":"pr","value":3.7,"estimate":"q95","season":"DJF"},{"bfs_id":1129,"rcp":"RCP8.5","period":"2035","key":"pr","value":4.1,"estimate":"q95","season":"MAM"},{"bfs_id":1129,"rcp":"RCP8.5","period":"2035","key":"pr","value":4.3,"estimate":"q95","season":"JJA"},{"bfs_id":1129,"rcp":"RCP8.5","period":"2035","key":"pr","value":3.8,"estimate":"q95","season":"SON"},{"bfs_id":1129,"rcp":"RCP8.5","period":"2060","key":"pr","value":3.1,"estimate":"q5","season":"DJF"},{"bfs_id":1129,"rcp":"RCP8.5","period":"2060","key":"pr","value":3.6,"estimate":"q5","season":"MAM"},{"bfs_id":1129,"rcp":"RCP8.5","period":"2060","key":"pr","value":2.8,"estimate":"q5","season":"JJA"},{"bfs_id":1129,"rcp":"RCP8.5","period":"2060","key":"pr","value":2.9,"estimate":"q5","season":"SON"},{"bfs_id":1129,"rcp":"RCP8.5","period":"2060","key":"pr","value":3.4,"estimate":"q50","season":"DJF"},{"bfs_id":1129,"rcp":"RCP8.5","period":"2060","key":"pr","value":3.8,"estimate":"q50","season":"MAM"},{"bfs_id":1129,"rcp":"RCP8.5","period":"2060","key":"pr","value":3.8,"estimate":"q50","season":"JJA"},{"bfs_id":1129,"rcp":"RCP8.5","period":"2060","key":"pr","value":3.3,"estimate":"q50","season":"SON"},{"bfs_id":1129,"rcp":"RCP8.5","period":"2060","key":"pr","value":3.7,"estimate":"q95","season":"DJF"},{"bfs_id":1129,"rcp":"RCP8.5","period":"2060","key":"pr","value":4.2,"estimate":"q95","season":"MAM"},{"bfs_id":1129,"rcp":"RCP8.5","period":"2060","key":"pr","value":4.1,"estimate":"q95","season":"JJA"},{"bfs_id":1129,"rcp":"RCP8.5","period":"2060","key":"pr","value":3.6,"estimate":"q95","season":"SON"},{"bfs_id":1129,"rcp":"RCP8.5","period":"2085","key":"pr","value":3.4,"estimate":"q5","season":"DJF"},{"bfs_id":1129,"rcp":"RCP8.5","period":"2085","key":"pr","value":3.4,"estimate":"q5","season":"MAM"},{"bfs_id":1129,"rcp":"RCP8.5","period":"2085","key":"pr","value":2.3,"estimate":"q5","season":"JJA"},{"bfs_id":1129,"rcp":"RCP8.5","period":"2085","key":"pr","value":2.6,"estimate":"q5","season":"SON"},{"bfs_id":1129,"rcp":"RCP8.5","period":"2085","key":"pr","value":3.7,"estimate":"q50","season":"DJF"},{"bfs_id":1129,"rcp":"RCP8.5","period":"2085","key":"pr","value":4,"estimate":"q50","season":"MAM"},{"bfs_id":1129,"rcp":"RCP8.5","period":"2085","key":"pr","value":3.3,"estimate":"q50","season":"JJA"},{"bfs_id":1129,"rcp":"RCP8.5","period":"2085","key":"pr","value":3.3,"estimate":"q50","season":"SON"},{"bfs_id":1129,"rcp":"RCP8.5","period":"2085","key":"pr","value":4.1,"estimate":"q95","season":"DJF"},{"bfs_id":1129,"rcp":"RCP8.5","period":"2085","key":"pr","value":4.5,"estimate":"q95","season":"MAM"},{"bfs_id":1129,"rcp":"RCP8.5","period":"2085","key":"pr","value":3.9,"estimate":"q95","season":"JJA"},{"bfs_id":1129,"rcp":"RCP8.5","period":"2085","key":"pr","value":3.8,"estimate":"q95","season":"SON"},{"bfs_id":1129,"rcp":"RCP2.6","period":"2035","key":"tas","value":0.8,"estimate":"q5","season":"DJF"},{"bfs_id":1129,"rcp":"RCP2.6","period":"2035","key":"tas","value":8.1,"estimate":"q5","season":"MAM"},{"bfs_id":1129,"rcp":"RCP2.6","period":"2035","key":"tas","value":17.3,"estimate":"q5","season":"JJA"},{"bfs_id":1129,"rcp":"RCP2.6","period":"2035","key":"tas","value":9.4,"estimate":"q5","season":"SON"},{"bfs_id":1129,"rcp":"RCP2.6","period":"2035","key":"tas","value":1.4,"estimate":"q50","season":"DJF"},{"bfs_id":1129,"rcp":"RCP2.6","period":"2035","key":"tas","value":8.7,"estimate":"q50","season":"MAM"},{"bfs_id":1129,"rcp":"RCP2.6","period":"2035","key":"tas","value":17.8,"estimate":"q50","season":"JJA"},{"bfs_id":1129,"rcp":"RCP2.6","period":"2035","key":"tas","value":9.7,"estimate":"q50","season":"SON"},{"bfs_id":1129,"rcp":"RCP2.6","period":"2035","key":"tas","value":2,"estimate":"q95","season":"DJF"},{"bfs_id":1129,"rcp":"RCP2.6","period":"2035","key":"tas","value":9,"estimate":"q95","season":"MAM"},{"bfs_id":1129,"rcp":"RCP2.6","period":"2035","key":"tas","value":18.5,"estimate":"q95","season":"JJA"},{"bfs_id":1129,"rcp":"RCP2.6","period":"2035","key":"tas","value":10.5,"estimate":"q95","season":"SON"},{"bfs_id":1129,"rcp":"RCP2.6","period":"2060","key":"tas","value":0.9,"estimate":"q5","season":"DJF"},{"bfs_id":1129,"rcp":"RCP2.6","period":"2060","key":"tas","value":8,"estimate":"q5","season":"MAM"},{"bfs_id":1129,"rcp":"RCP2.6","period":"2060","key":"tas","value":17.5,"estimate":"q5","season":"JJA"},{"bfs_id":1129,"rcp":"RCP2.6","period":"2060","key":"tas","value":9.6,"estimate":"q5","season":"SON"},{"bfs_id":1129,"rcp":"RCP2.6","period":"2060","key":"tas","value":1.7,"estimate":"q50","season":"DJF"},{"bfs_id":1129,"rcp":"RCP2.6","period":"2060","key":"tas","value":8.7,"estimate":"q50","season":"MAM"},{"bfs_id":1129,"rcp":"RCP2.6","period":"2060","key":"tas","value":17.9,"estimate":"q50","season":"JJA"},{"bfs_id":1129,"rcp":"RCP2.6","period":"2060","key":"tas","value":10,"estimate":"q50","season":"SON"},{"bfs_id":1129,"rcp":"RCP2.6","period":"2060","key":"tas","value":2.2,"estimate":"q95","season":"DJF"},{"bfs_id":1129,"rcp":"RCP2.6","period":"2060","key":"tas","value":9.2,"estimate":"q95","season":"MAM"},{"bfs_id":1129,"rcp":"RCP2.6","period":"2060","key":"tas","value":18.5,"estimate":"q95","season":"JJA"},{"bfs_id":1129,"rcp":"RCP2.6","period":"2060","key":"tas","value":11,"estimate":"q95","season":"SON"},{"bfs_id":1129,"rcp":"RCP2.6","period":"2085","key":"tas","value":1,"estimate":"q5","season":"DJF"},{"bfs_id":1129,"rcp":"RCP2.6","period":"2085","key":"tas","value":8.1,"estimate":"q5","season":"MAM"},{"bfs_id":1129,"rcp":"RCP2.6","period":"2085","key":"tas","value":17.4,"estimate":"q5","season":"JJA"},{"bfs_id":1129,"rcp":"RCP2.6","period":"2085","key":"tas","value":9.4,"estimate":"q5","season":"SON"},{"bfs_id":1129,"rcp":"RCP2.6","period":"2085","key":"tas","value":1.7,"estimate":"q50","season":"DJF"},{"bfs_id":1129,"rcp":"RCP2.6","period":"2085","key":"tas","value":8.8,"estimate":"q50","season":"MAM"},{"bfs_id":1129,"rcp":"RCP2.6","period":"2085","key":"tas","value":17.8,"estimate":"q50","season":"JJA"},{"bfs_id":1129,"rcp":"RCP2.6","period":"2085","key":"tas","value":9.9,"estimate":"q50","season":"SON"},{"bfs_id":1129,"rcp":"RCP2.6","period":"2085","key":"tas","value":2.3,"estimate":"q95","season":"DJF"},{"bfs_id":1129,"rcp":"RCP2.6","period":"2085","key":"tas","value":9.3,"estimate":"q95","season":"MAM"},{"bfs_id":1129,"rcp":"RCP2.6","period":"2085","key":"tas","value":18.4,"estimate":"q95","season":"JJA"},{"bfs_id":1129,"rcp":"RCP2.6","period":"2085","key":"tas","value":10.9,"estimate":"q95","season":"SON"},{"bfs_id":1129,"rcp":"RCP8.5","period":"2035","key":"tas","value":0.9,"estimate":"q5","season":"DJF"},{"bfs_id":1129,"rcp":"RCP8.5","period":"2035","key":"tas","value":8.3,"estimate":"q5","season":"MAM"},{"bfs_id":1129,"rcp":"RCP8.5","period":"2035","key":"tas","value":17.6,"estimate":"q5","season":"JJA"},{"bfs_id":1129,"rcp":"RCP8.5","period":"2035","key":"tas","value":9.6,"estimate":"q5","season":"SON"},{"bfs_id":1129,"rcp":"RCP8.5","period":"2035","key":"tas","value":1.7,"estimate":"q50","season":"DJF"},{"bfs_id":1129,"rcp":"RCP8.5","period":"2035","key":"tas","value":8.7,"estimate":"q50","season":"MAM"},{"bfs_id":1129,"rcp":"RCP8.5","period":"2035","key":"tas","value":18.1,"estimate":"q50","season":"JJA"},{"bfs_id":1129,"rcp":"RCP8.5","period":"2035","key":"tas","value":10.1,"estimate":"q50","season":"SON"},{"bfs_id":1129,"rcp":"RCP8.5","period":"2035","key":"tas","value":2.1,"estimate":"q95","season":"DJF"},{"bfs_id":1129,"rcp":"RCP8.5","period":"2035","key":"tas","value":9.1,"estimate":"q95","season":"MAM"},{"bfs_id":1129,"rcp":"RCP8.5","period":"2035","key":"tas","value":18.7,"estimate":"q95","season":"JJA"},{"bfs_id":1129,"rcp":"RCP8.5","period":"2035","key":"tas","value":11,"estimate":"q95","season":"SON"},{"bfs_id":1129,"rcp":"RCP8.5","period":"2060","key":"tas","value":2.1,"estimate":"q5","season":"DJF"},{"bfs_id":1129,"rcp":"RCP8.5","period":"2060","key":"tas","value":9.1,"estimate":"q5","season":"MAM"},{"bfs_id":1129,"rcp":"RCP8.5","period":"2060","key":"tas","value":18.7,"estimate":"q5","season":"JJA"},{"bfs_id":1129,"rcp":"RCP8.5","period":"2060","key":"tas","value":10.7,"estimate":"q5","season":"SON"},{"bfs_id":1129,"rcp":"RCP8.5","period":"2060","key":"tas","value":2.5,"estimate":"q50","season":"DJF"},{"bfs_id":1129,"rcp":"RCP8.5","period":"2060","key":"tas","value":9.6,"estimate":"q50","season":"MAM"},{"bfs_id":1129,"rcp":"RCP8.5","period":"2060","key":"tas","value":19.3,"estimate":"q50","season":"JJA"},{"bfs_id":1129,"rcp":"RCP8.5","period":"2060","key":"tas","value":11.3,"estimate":"q50","season":"SON"},{"bfs_id":1129,"rcp":"RCP8.5","period":"2060","key":"tas","value":3.2,"estimate":"q95","season":"DJF"},{"bfs_id":1129,"rcp":"RCP8.5","period":"2060","key":"tas","value":10.2,"estimate":"q95","season":"MAM"},{"bfs_id":1129,"rcp":"RCP8.5","period":"2060","key":"tas","value":20.4,"estimate":"q95","season":"JJA"},{"bfs_id":1129,"rcp":"RCP8.5","period":"2060","key":"tas","value":12.2,"estimate":"q95","season":"SON"},{"bfs_id":1129,"rcp":"RCP8.5","period":"2085","key":"tas","value":3.2,"estimate":"q5","season":"DJF"},{"bfs_id":1129,"rcp":"RCP8.5","period":"2085","key":"tas","value":10.2,"estimate":"q5","season":"MAM"},{"bfs_id":1129,"rcp":"RCP8.5","period":"2085","key":"tas","value":20.1,"estimate":"q5","season":"JJA"},{"bfs_id":1129,"rcp":"RCP8.5","period":"2085","key":"tas","value":11.8,"estimate":"q5","season":"SON"},{"bfs_id":1129,"rcp":"RCP8.5","period":"2085","key":"tas","value":4.3,"estimate":"q50","season":"DJF"},{"bfs_id":1129,"rcp":"RCP8.5","period":"2085","key":"tas","value":11.1,"estimate":"q50","season":"MAM"},{"bfs_id":1129,"rcp":"RCP8.5","period":"2085","key":"tas","value":20.9,"estimate":"q50","season":"JJA"},{"bfs_id":1129,"rcp":"RCP8.5","period":"2085","key":"tas","value":12.7,"estimate":"q50","season":"SON"},{"bfs_id":1129,"rcp":"RCP8.5","period":"2085","key":"tas","value":5,"estimate":"q95","season":"DJF"},{"bfs_id":1129,"rcp":"RCP8.5","period":"2085","key":"tas","value":11.9,"estimate":"q95","season":"MAM"},{"bfs_id":1129,"rcp":"RCP8.5","period":"2085","key":"tas","value":23.2,"estimate":"q95","season":"JJA"},{"bfs_id":1129,"rcp":"RCP8.5","period":"2085","key":"tas","value":14.4,"estimate":"q95","season":"SON"},{"bfs_id":1129,"rcp":"obs","period":"1981-2010","key":"FD","value":99.8,"estimate":"yearly_mean"},{"bfs_id":1129,"rcp":"obs","period":"1981-2010","key":"HD","value":4.1,"estimate":"yearly_mean"},{"bfs_id":1129,"rcp":"obs","period":"1981-2010","key":"ID","value":27.1,"estimate":"yearly_mean"},{"bfs_id":1129,"rcp":"obs","period":"1981-2010","key":"SD","value":33.6,"estimate":"yearly_mean"},{"bfs_id":1129,"rcp":"obs","period":"1981-2010","key":"snowdays","value":27.5,"estimate":"yearly_mean"},{"bfs_id":1129,"rcp":"obs","period":"1981-2010","key":"TN","value":0,"estimate":"yearly_mean"},{"bfs_id":1129,"rcp":"obs","period":"1981-2010","key":"pr","value":2.9,"estimate":"mean","season":"DJF"},{"bfs_id":1129,"rcp":"obs","period":"1981-2010","key":"pr","value":3.5,"estimate":"mean","season":"MAM"},{"bfs_id":1129,"rcp":"obs","period":"1981-2010","key":"pr","value":4.2,"estimate":"mean","season":"JJA"},{"bfs_id":1129,"rcp":"obs","period":"1981-2010","key":"pr","value":3.2,"estimate":"mean","season":"SON"},{"bfs_id":1129,"rcp":"obs","period":"1981-2010","key":"tas","value":0.2,"estimate":"mean","season":"DJF"},{"bfs_id":1129,"rcp":"obs","period":"1981-2010","key":"tas","value":8,"estimate":"mean","season":"MAM"},{"bfs_id":1129,"rcp":"obs","period":"1981-2010","key":"tas","value":16.7,"estimate":"mean","season":"JJA"},{"bfs_id":1129,"rcp":"obs","period":"1981-2010","key":"tas","value":8.7,"estimate":"mean","season":"SON"}]
