[{"bfs_id":5665,"rcp":"RCP2.6","period":"2035","key":"FD","value":66.9,"estimate":"q5"},{"bfs_id":5665,"rcp":"RCP2.6","period":"2035","key":"FD","value":78.6,"estimate":"q50"},{"bfs_id":5665,"rcp":"RCP2.6","period":"2035","key":"FD","value":85.3,"estimate":"q95"},{"bfs_id":5665,"rcp":"RCP2.6","period":"2060","key":"FD","value":63.1,"estimate":"q5"},{"bfs_id":5665,"rcp":"RCP2.6","period":"2060","key":"FD","value":73.7,"estimate":"q50"},{"bfs_id":5665,"rcp":"RCP2.6","period":"2060","key":"FD","value":80.6,"estimate":"q95"},{"bfs_id":5665,"rcp":"RCP2.6","period":"2085","key":"FD","value":61.2,"estimate":"q5"},{"bfs_id":5665,"rcp":"RCP2.6","period":"2085","key":"FD","value":75.2,"estimate":"q50"},{"bfs_id":5665,"rcp":"RCP2.6","period":"2085","key":"FD","value":83.3,"estimate":"q95"},{"bfs_id":5665,"rcp":"RCP8.5","period":"2035","key":"FD","value":64.1,"estimate":"q5"},{"bfs_id":5665,"rcp":"RCP8.5","period":"2035","key":"FD","value":74.9,"estimate":"q50"},{"bfs_id":5665,"rcp":"RCP8.5","period":"2035","key":"FD","value":80.8,"estimate":"q95"},{"bfs_id":5665,"rcp":"RCP8.5","period":"2060","key":"FD","value":48.6,"estimate":"q5"},{"bfs_id":5665,"rcp":"RCP8.5","period":"2060","key":"FD","value":58.8,"estimate":"q50"},{"bfs_id":5665,"rcp":"RCP8.5","period":"2060","key":"FD","value":65.9,"estimate":"q95"},{"bfs_id":5665,"rcp":"RCP8.5","period":"2085","key":"FD","value":30.1,"estimate":"q5"},{"bfs_id":5665,"rcp":"RCP8.5","period":"2085","key":"FD","value":37.8,"estimate":"q50"},{"bfs_id":5665,"rcp":"RCP8.5","period":"2085","key":"FD","value":49.2,"estimate":"q95"},{"bfs_id":5665,"rcp":"RCP2.6","period":"2035","key":"HD","value":5.8,"estimate":"q5"},{"bfs_id":5665,"rcp":"RCP2.6","period":"2035","key":"HD","value":9.9,"estimate":"q50"},{"bfs_id":5665,"rcp":"RCP2.6","period":"2035","key":"HD","value":14.6,"estimate":"q95"},{"bfs_id":5665,"rcp":"RCP2.6","period":"2060","key":"HD","value":7.1,"estimate":"q5"},{"bfs_id":5665,"rcp":"RCP2.6","period":"2060","key":"HD","value":9.9,"estimate":"q50"},{"bfs_id":5665,"rcp":"RCP2.6","period":"2060","key":"HD","value":17.8,"estimate":"q95"},{"bfs_id":5665,"rcp":"RCP2.6","period":"2085","key":"HD","value":7,"estimate":"q5"},{"bfs_id":5665,"rcp":"RCP2.6","period":"2085","key":"HD","value":9.1,"estimate":"q50"},{"bfs_id":5665,"rcp":"RCP2.6","period":"2085","key":"HD","value":16.9,"estimate":"q95"},{"bfs_id":5665,"rcp":"RCP8.5","period":"2035","key":"HD","value":8.1,"estimate":"q5"},{"bfs_id":5665,"rcp":"RCP8.5","period":"2035","key":"HD","value":9.9,"estimate":"q50"},{"bfs_id":5665,"rcp":"RCP8.5","period":"2035","key":"HD","value":15.4,"estimate":"q95"},{"bfs_id":5665,"rcp":"RCP8.5","period":"2060","key":"HD","value":12.9,"estimate":"q5"},{"bfs_id":5665,"rcp":"RCP8.5","period":"2060","key":"HD","value":18.2,"estimate":"q50"},{"bfs_id":5665,"rcp":"RCP8.5","period":"2060","key":"HD","value":32.4,"estimate":"q95"},{"bfs_id":5665,"rcp":"RCP8.5","period":"2085","key":"HD","value":25.6,"estimate":"q5"},{"bfs_id":5665,"rcp":"RCP8.5","period":"2085","key":"HD","value":33.4,"estimate":"q50"},{"bfs_id":5665,"rcp":"RCP8.5","period":"2085","key":"HD","value":55.1,"estimate":"q95"},{"bfs_id":5665,"rcp":"RCP2.6","period":"2035","key":"ID","value":11.5,"estimate":"q5"},{"bfs_id":5665,"rcp":"RCP2.6","period":"2035","key":"ID","value":15.1,"estimate":"q50"},{"bfs_id":5665,"rcp":"RCP2.6","period":"2035","key":"ID","value":18.6,"estimate":"q95"},{"bfs_id":5665,"rcp":"RCP2.6","period":"2060","key":"ID","value":10.8,"estimate":"q5"},{"bfs_id":5665,"rcp":"RCP2.6","period":"2060","key":"ID","value":14.7,"estimate":"q50"},{"bfs_id":5665,"rcp":"RCP2.6","period":"2060","key":"ID","value":17.3,"estimate":"q95"},{"bfs_id":5665,"rcp":"RCP2.6","period":"2085","key":"ID","value":10.8,"estimate":"q5"},{"bfs_id":5665,"rcp":"RCP2.6","period":"2085","key":"ID","value":14.3,"estimate":"q50"},{"bfs_id":5665,"rcp":"RCP2.6","period":"2085","key":"ID","value":18.2,"estimate":"q95"},{"bfs_id":5665,"rcp":"RCP8.5","period":"2035","key":"ID","value":10.9,"estimate":"q5"},{"bfs_id":5665,"rcp":"RCP8.5","period":"2035","key":"ID","value":14.3,"estimate":"q50"},{"bfs_id":5665,"rcp":"RCP8.5","period":"2035","key":"ID","value":17.3,"estimate":"q95"},{"bfs_id":5665,"rcp":"RCP8.5","period":"2060","key":"ID","value":7.4,"estimate":"q5"},{"bfs_id":5665,"rcp":"RCP8.5","period":"2060","key":"ID","value":10.1,"estimate":"q50"},{"bfs_id":5665,"rcp":"RCP8.5","period":"2060","key":"ID","value":12.4,"estimate":"q95"},{"bfs_id":5665,"rcp":"RCP8.5","period":"2085","key":"ID","value":2.6,"estimate":"q5"},{"bfs_id":5665,"rcp":"RCP8.5","period":"2085","key":"ID","value":4.5,"estimate":"q50"},{"bfs_id":5665,"rcp":"RCP8.5","period":"2085","key":"ID","value":7.3,"estimate":"q95"},{"bfs_id":5665,"rcp":"RCP2.6","period":"2035","key":"SD","value":41.9,"estimate":"q5"},{"bfs_id":5665,"rcp":"RCP2.6","period":"2035","key":"SD","value":48.8,"estimate":"q50"},{"bfs_id":5665,"rcp":"RCP2.6","period":"2035","key":"SD","value":56.9,"estimate":"q95"},{"bfs_id":5665,"rcp":"RCP2.6","period":"2060","key":"SD","value":43.9,"estimate":"q5"},{"bfs_id":5665,"rcp":"RCP2.6","period":"2060","key":"SD","value":49.7,"estimate":"q50"},{"bfs_id":5665,"rcp":"RCP2.6","period":"2060","key":"SD","value":57.5,"estimate":"q95"},{"bfs_id":5665,"rcp":"RCP2.6","period":"2085","key":"SD","value":43,"estimate":"q5"},{"bfs_id":5665,"rcp":"RCP2.6","period":"2085","key":"SD","value":49.9,"estimate":"q50"},{"bfs_id":5665,"rcp":"RCP2.6","period":"2085","key":"SD","value":56.9,"estimate":"q95"},{"bfs_id":5665,"rcp":"RCP8.5","period":"2035","key":"SD","value":44.7,"estimate":"q5"},{"bfs_id":5665,"rcp":"RCP8.5","period":"2035","key":"SD","value":51.1,"estimate":"q50"},{"bfs_id":5665,"rcp":"RCP8.5","period":"2035","key":"SD","value":58.2,"estimate":"q95"},{"bfs_id":5665,"rcp":"RCP8.5","period":"2060","key":"SD","value":60.3,"estimate":"q5"},{"bfs_id":5665,"rcp":"RCP8.5","period":"2060","key":"SD","value":67.5,"estimate":"q50"},{"bfs_id":5665,"rcp":"RCP8.5","period":"2060","key":"SD","value":81.2,"estimate":"q95"},{"bfs_id":5665,"rcp":"RCP8.5","period":"2085","key":"SD","value":76.4,"estimate":"q5"},{"bfs_id":5665,"rcp":"RCP8.5","period":"2085","key":"SD","value":88.1,"estimate":"q50"},{"bfs_id":5665,"rcp":"RCP8.5","period":"2085","key":"SD","value":108.5,"estimate":"q95"},{"bfs_id":5665,"rcp":"RCP2.6","period":"2035","key":"snowdays","value":13.2,"estimate":"q5"},{"bfs_id":5665,"rcp":"RCP2.6","period":"2035","key":"snowdays","value":18,"estimate":"q50"},{"bfs_id":5665,"rcp":"RCP2.6","period":"2035","key":"snowdays","value":23.2,"estimate":"q95"},{"bfs_id":5665,"rcp":"RCP2.6","period":"2060","key":"snowdays","value":12.5,"estimate":"q5"},{"bfs_id":5665,"rcp":"RCP2.6","period":"2060","key":"snowdays","value":17.4,"estimate":"q50"},{"bfs_id":5665,"rcp":"RCP2.6","period":"2060","key":"snowdays","value":21.5,"estimate":"q95"},{"bfs_id":5665,"rcp":"RCP2.6","period":"2085","key":"snowdays","value":12.4,"estimate":"q5"},{"bfs_id":5665,"rcp":"RCP2.6","period":"2085","key":"snowdays","value":17.6,"estimate":"q50"},{"bfs_id":5665,"rcp":"RCP2.6","period":"2085","key":"snowdays","value":22.5,"estimate":"q95"},{"bfs_id":5665,"rcp":"RCP8.5","period":"2035","key":"snowdays","value":10.8,"estimate":"q5"},{"bfs_id":5665,"rcp":"RCP8.5","period":"2035","key":"snowdays","value":16.5,"estimate":"q50"},{"bfs_id":5665,"rcp":"RCP8.5","period":"2035","key":"snowdays","value":22.2,"estimate":"q95"},{"bfs_id":5665,"rcp":"RCP8.5","period":"2060","key":"snowdays","value":8.3,"estimate":"q5"},{"bfs_id":5665,"rcp":"RCP8.5","period":"2060","key":"snowdays","value":12.3,"estimate":"q50"},{"bfs_id":5665,"rcp":"RCP8.5","period":"2060","key":"snowdays","value":16,"estimate":"q95"},{"bfs_id":5665,"rcp":"RCP8.5","period":"2085","key":"snowdays","value":3.7,"estimate":"q5"},{"bfs_id":5665,"rcp":"RCP8.5","period":"2085","key":"snowdays","value":7.4,"estimate":"q50"},{"bfs_id":5665,"rcp":"RCP8.5","period":"2085","key":"snowdays","value":11.8,"estimate":"q95"},{"bfs_id":5665,"rcp":"RCP2.6","period":"2035","key":"TN","value":0.1,"estimate":"q5"},{"bfs_id":5665,"rcp":"RCP2.6","period":"2035","key":"TN","value":0.3,"estimate":"q50"},{"bfs_id":5665,"rcp":"RCP2.6","period":"2035","key":"TN","value":0.9,"estimate":"q95"},{"bfs_id":5665,"rcp":"RCP2.6","period":"2060","key":"TN","value":0,"estimate":"q5"},{"bfs_id":5665,"rcp":"RCP2.6","period":"2060","key":"TN","value":0.4,"estimate":"q50"},{"bfs_id":5665,"rcp":"RCP2.6","period":"2060","key":"TN","value":1.1,"estimate":"q95"},{"bfs_id":5665,"rcp":"RCP2.6","period":"2085","key":"TN","value":0.1,"estimate":"q5"},{"bfs_id":5665,"rcp":"RCP2.6","period":"2085","key":"TN","value":0.5,"estimate":"q50"},{"bfs_id":5665,"rcp":"RCP2.6","period":"2085","key":"TN","value":0.8,"estimate":"q95"},{"bfs_id":5665,"rcp":"RCP8.5","period":"2035","key":"TN","value":0.2,"estimate":"q5"},{"bfs_id":5665,"rcp":"RCP8.5","period":"2035","key":"TN","value":0.5,"estimate":"q50"},{"bfs_id":5665,"rcp":"RCP8.5","period":"2035","key":"TN","value":2,"estimate":"q95"},{"bfs_id":5665,"rcp":"RCP8.5","period":"2060","key":"TN","value":0.9,"estimate":"q5"},{"bfs_id":5665,"rcp":"RCP8.5","period":"2060","key":"TN","value":2.6,"estimate":"q50"},{"bfs_id":5665,"rcp":"RCP8.5","period":"2060","key":"TN","value":5.8,"estimate":"q95"},{"bfs_id":5665,"rcp":"RCP8.5","period":"2085","key":"TN","value":5.7,"estimate":"q5"},{"bfs_id":5665,"rcp":"RCP8.5","period":"2085","key":"TN","value":9.5,"estimate":"q50"},{"bfs_id":5665,"rcp":"RCP8.5","period":"2085","key":"TN","value":25.9,"estimate":"q95"},{"bfs_id":5665,"rcp":"RCP2.6","period":"2035","key":"pr","value":2.5,"estimate":"q5","season":"DJF"},{"bfs_id":5665,"rcp":"RCP2.6","period":"2035","key":"pr","value":2.5,"estimate":"q5","season":"MAM"},{"bfs_id":5665,"rcp":"RCP2.6","period":"2035","key":"pr","value":2.4,"estimate":"q5","season":"JJA"},{"bfs_id":5665,"rcp":"RCP2.6","period":"2035","key":"pr","value":2.7,"estimate":"q5","season":"SON"},{"bfs_id":5665,"rcp":"RCP2.6","period":"2035","key":"pr","value":2.9,"estimate":"q50","season":"DJF"},{"bfs_id":5665,"rcp":"RCP2.6","period":"2035","key":"pr","value":2.9,"estimate":"q50","season":"MAM"},{"bfs_id":5665,"rcp":"RCP2.6","period":"2035","key":"pr","value":2.9,"estimate":"q50","season":"JJA"},{"bfs_id":5665,"rcp":"RCP2.6","period":"2035","key":"pr","value":3,"estimate":"q50","season":"SON"},{"bfs_id":5665,"rcp":"RCP2.6","period":"2035","key":"pr","value":3.4,"estimate":"q95","season":"DJF"},{"bfs_id":5665,"rcp":"RCP2.6","period":"2035","key":"pr","value":3.2,"estimate":"q95","season":"MAM"},{"bfs_id":5665,"rcp":"RCP2.6","period":"2035","key":"pr","value":3.4,"estimate":"q95","season":"JJA"},{"bfs_id":5665,"rcp":"RCP2.6","period":"2035","key":"pr","value":3.5,"estimate":"q95","season":"SON"},{"bfs_id":5665,"rcp":"RCP2.6","period":"2060","key":"pr","value":2.6,"estimate":"q5","season":"DJF"},{"bfs_id":5665,"rcp":"RCP2.6","period":"2060","key":"pr","value":2.7,"estimate":"q5","season":"MAM"},{"bfs_id":5665,"rcp":"RCP2.6","period":"2060","key":"pr","value":2.4,"estimate":"q5","season":"JJA"},{"bfs_id":5665,"rcp":"RCP2.6","period":"2060","key":"pr","value":2.8,"estimate":"q5","season":"SON"},{"bfs_id":5665,"rcp":"RCP2.6","period":"2060","key":"pr","value":2.9,"estimate":"q50","season":"DJF"},{"bfs_id":5665,"rcp":"RCP2.6","period":"2060","key":"pr","value":3,"estimate":"q50","season":"MAM"},{"bfs_id":5665,"rcp":"RCP2.6","period":"2060","key":"pr","value":2.9,"estimate":"q50","season":"JJA"},{"bfs_id":5665,"rcp":"RCP2.6","period":"2060","key":"pr","value":3,"estimate":"q50","season":"SON"},{"bfs_id":5665,"rcp":"RCP2.6","period":"2060","key":"pr","value":3.2,"estimate":"q95","season":"DJF"},{"bfs_id":5665,"rcp":"RCP2.6","period":"2060","key":"pr","value":3.3,"estimate":"q95","season":"MAM"},{"bfs_id":5665,"rcp":"RCP2.6","period":"2060","key":"pr","value":3.4,"estimate":"q95","season":"JJA"},{"bfs_id":5665,"rcp":"RCP2.6","period":"2060","key":"pr","value":3.4,"estimate":"q95","season":"SON"},{"bfs_id":5665,"rcp":"RCP2.6","period":"2085","key":"pr","value":2.6,"estimate":"q5","season":"DJF"},{"bfs_id":5665,"rcp":"RCP2.6","period":"2085","key":"pr","value":2.8,"estimate":"q5","season":"MAM"},{"bfs_id":5665,"rcp":"RCP2.6","period":"2085","key":"pr","value":2.4,"estimate":"q5","season":"JJA"},{"bfs_id":5665,"rcp":"RCP2.6","period":"2085","key":"pr","value":2.5,"estimate":"q5","season":"SON"},{"bfs_id":5665,"rcp":"RCP2.6","period":"2085","key":"pr","value":2.9,"estimate":"q50","season":"DJF"},{"bfs_id":5665,"rcp":"RCP2.6","period":"2085","key":"pr","value":2.9,"estimate":"q50","season":"MAM"},{"bfs_id":5665,"rcp":"RCP2.6","period":"2085","key":"pr","value":2.9,"estimate":"q50","season":"JJA"},{"bfs_id":5665,"rcp":"RCP2.6","period":"2085","key":"pr","value":3,"estimate":"q50","season":"SON"},{"bfs_id":5665,"rcp":"RCP2.6","period":"2085","key":"pr","value":3.3,"estimate":"q95","season":"DJF"},{"bfs_id":5665,"rcp":"RCP2.6","period":"2085","key":"pr","value":3.3,"estimate":"q95","season":"MAM"},{"bfs_id":5665,"rcp":"RCP2.6","period":"2085","key":"pr","value":3.3,"estimate":"q95","season":"JJA"},{"bfs_id":5665,"rcp":"RCP2.6","period":"2085","key":"pr","value":3.4,"estimate":"q95","season":"SON"},{"bfs_id":5665,"rcp":"RCP8.5","period":"2035","key":"pr","value":2.7,"estimate":"q5","season":"DJF"},{"bfs_id":5665,"rcp":"RCP8.5","period":"2035","key":"pr","value":2.8,"estimate":"q5","season":"MAM"},{"bfs_id":5665,"rcp":"RCP8.5","period":"2035","key":"pr","value":2.2,"estimate":"q5","season":"JJA"},{"bfs_id":5665,"rcp":"RCP8.5","period":"2035","key":"pr","value":2.6,"estimate":"q5","season":"SON"},{"bfs_id":5665,"rcp":"RCP8.5","period":"2035","key":"pr","value":3,"estimate":"q50","season":"DJF"},{"bfs_id":5665,"rcp":"RCP8.5","period":"2035","key":"pr","value":3,"estimate":"q50","season":"MAM"},{"bfs_id":5665,"rcp":"RCP8.5","period":"2035","key":"pr","value":3,"estimate":"q50","season":"JJA"},{"bfs_id":5665,"rcp":"RCP8.5","period":"2035","key":"pr","value":3.1,"estimate":"q50","season":"SON"},{"bfs_id":5665,"rcp":"RCP8.5","period":"2035","key":"pr","value":3.3,"estimate":"q95","season":"DJF"},{"bfs_id":5665,"rcp":"RCP8.5","period":"2035","key":"pr","value":3.3,"estimate":"q95","season":"MAM"},{"bfs_id":5665,"rcp":"RCP8.5","period":"2035","key":"pr","value":3.4,"estimate":"q95","season":"JJA"},{"bfs_id":5665,"rcp":"RCP8.5","period":"2035","key":"pr","value":3.5,"estimate":"q95","season":"SON"},{"bfs_id":5665,"rcp":"RCP8.5","period":"2060","key":"pr","value":2.8,"estimate":"q5","season":"DJF"},{"bfs_id":5665,"rcp":"RCP8.5","period":"2060","key":"pr","value":2.9,"estimate":"q5","season":"MAM"},{"bfs_id":5665,"rcp":"RCP8.5","period":"2060","key":"pr","value":1.9,"estimate":"q5","season":"JJA"},{"bfs_id":5665,"rcp":"RCP8.5","period":"2060","key":"pr","value":2.7,"estimate":"q5","season":"SON"},{"bfs_id":5665,"rcp":"RCP8.5","period":"2060","key":"pr","value":3.1,"estimate":"q50","season":"DJF"},{"bfs_id":5665,"rcp":"RCP8.5","period":"2060","key":"pr","value":3.1,"estimate":"q50","season":"MAM"},{"bfs_id":5665,"rcp":"RCP8.5","period":"2060","key":"pr","value":2.9,"estimate":"q50","season":"JJA"},{"bfs_id":5665,"rcp":"RCP8.5","period":"2060","key":"pr","value":3.1,"estimate":"q50","season":"SON"},{"bfs_id":5665,"rcp":"RCP8.5","period":"2060","key":"pr","value":3.4,"estimate":"q95","season":"DJF"},{"bfs_id":5665,"rcp":"RCP8.5","period":"2060","key":"pr","value":3.4,"estimate":"q95","season":"MAM"},{"bfs_id":5665,"rcp":"RCP8.5","period":"2060","key":"pr","value":3.2,"estimate":"q95","season":"JJA"},{"bfs_id":5665,"rcp":"RCP8.5","period":"2060","key":"pr","value":3.4,"estimate":"q95","season":"SON"},{"bfs_id":5665,"rcp":"RCP8.5","period":"2085","key":"pr","value":2.9,"estimate":"q5","season":"DJF"},{"bfs_id":5665,"rcp":"RCP8.5","period":"2085","key":"pr","value":2.8,"estimate":"q5","season":"MAM"},{"bfs_id":5665,"rcp":"RCP8.5","period":"2085","key":"pr","value":1.5,"estimate":"q5","season":"JJA"},{"bfs_id":5665,"rcp":"RCP8.5","period":"2085","key":"pr","value":2.4,"estimate":"q5","season":"SON"},{"bfs_id":5665,"rcp":"RCP8.5","period":"2085","key":"pr","value":3.4,"estimate":"q50","season":"DJF"},{"bfs_id":5665,"rcp":"RCP8.5","period":"2085","key":"pr","value":3.3,"estimate":"q50","season":"MAM"},{"bfs_id":5665,"rcp":"RCP8.5","period":"2085","key":"pr","value":2.4,"estimate":"q50","season":"JJA"},{"bfs_id":5665,"rcp":"RCP8.5","period":"2085","key":"pr","value":2.9,"estimate":"q50","season":"SON"},{"bfs_id":5665,"rcp":"RCP8.5","period":"2085","key":"pr","value":3.8,"estimate":"q95","season":"DJF"},{"bfs_id":5665,"rcp":"RCP8.5","period":"2085","key":"pr","value":3.6,"estimate":"q95","season":"MAM"},{"bfs_id":5665,"rcp":"RCP8.5","period":"2085","key":"pr","value":3.1,"estimate":"q95","season":"JJA"},{"bfs_id":5665,"rcp":"RCP8.5","period":"2085","key":"pr","value":3.5,"estimate":"q95","season":"SON"},{"bfs_id":5665,"rcp":"RCP2.6","period":"2035","key":"tas","value":1.4,"estimate":"q5","season":"DJF"},{"bfs_id":5665,"rcp":"RCP2.6","period":"2035","key":"tas","value":8.3,"estimate":"q5","season":"MAM"},{"bfs_id":5665,"rcp":"RCP2.6","period":"2035","key":"tas","value":17.6,"estimate":"q5","season":"JJA"},{"bfs_id":5665,"rcp":"RCP2.6","period":"2035","key":"tas","value":9.8,"estimate":"q5","season":"SON"},{"bfs_id":5665,"rcp":"RCP2.6","period":"2035","key":"tas","value":1.8,"estimate":"q50","season":"DJF"},{"bfs_id":5665,"rcp":"RCP2.6","period":"2035","key":"tas","value":9,"estimate":"q50","season":"MAM"},{"bfs_id":5665,"rcp":"RCP2.6","period":"2035","key":"tas","value":18.2,"estimate":"q50","season":"JJA"},{"bfs_id":5665,"rcp":"RCP2.6","period":"2035","key":"tas","value":10.1,"estimate":"q50","season":"SON"},{"bfs_id":5665,"rcp":"RCP2.6","period":"2035","key":"tas","value":2.5,"estimate":"q95","season":"DJF"},{"bfs_id":5665,"rcp":"RCP2.6","period":"2035","key":"tas","value":9.2,"estimate":"q95","season":"MAM"},{"bfs_id":5665,"rcp":"RCP2.6","period":"2035","key":"tas","value":18.9,"estimate":"q95","season":"JJA"},{"bfs_id":5665,"rcp":"RCP2.6","period":"2035","key":"tas","value":10.9,"estimate":"q95","season":"SON"},{"bfs_id":5665,"rcp":"RCP2.6","period":"2060","key":"tas","value":1.4,"estimate":"q5","season":"DJF"},{"bfs_id":5665,"rcp":"RCP2.6","period":"2060","key":"tas","value":8.2,"estimate":"q5","season":"MAM"},{"bfs_id":5665,"rcp":"RCP2.6","period":"2060","key":"tas","value":17.9,"estimate":"q5","season":"JJA"},{"bfs_id":5665,"rcp":"RCP2.6","period":"2060","key":"tas","value":10.1,"estimate":"q5","season":"SON"},{"bfs_id":5665,"rcp":"RCP2.6","period":"2060","key":"tas","value":2.2,"estimate":"q50","season":"DJF"},{"bfs_id":5665,"rcp":"RCP2.6","period":"2060","key":"tas","value":8.9,"estimate":"q50","season":"MAM"},{"bfs_id":5665,"rcp":"RCP2.6","period":"2060","key":"tas","value":18.4,"estimate":"q50","season":"JJA"},{"bfs_id":5665,"rcp":"RCP2.6","period":"2060","key":"tas","value":10.5,"estimate":"q50","season":"SON"},{"bfs_id":5665,"rcp":"RCP2.6","period":"2060","key":"tas","value":2.7,"estimate":"q95","season":"DJF"},{"bfs_id":5665,"rcp":"RCP2.6","period":"2060","key":"tas","value":9.5,"estimate":"q95","season":"MAM"},{"bfs_id":5665,"rcp":"RCP2.6","period":"2060","key":"tas","value":19.1,"estimate":"q95","season":"JJA"},{"bfs_id":5665,"rcp":"RCP2.6","period":"2060","key":"tas","value":11.4,"estimate":"q95","season":"SON"},{"bfs_id":5665,"rcp":"RCP2.6","period":"2085","key":"tas","value":1.4,"estimate":"q5","season":"DJF"},{"bfs_id":5665,"rcp":"RCP2.6","period":"2085","key":"tas","value":8.3,"estimate":"q5","season":"MAM"},{"bfs_id":5665,"rcp":"RCP2.6","period":"2085","key":"tas","value":17.8,"estimate":"q5","season":"JJA"},{"bfs_id":5665,"rcp":"RCP2.6","period":"2085","key":"tas","value":9.8,"estimate":"q5","season":"SON"},{"bfs_id":5665,"rcp":"RCP2.6","period":"2085","key":"tas","value":2.1,"estimate":"q50","season":"DJF"},{"bfs_id":5665,"rcp":"RCP2.6","period":"2085","key":"tas","value":9,"estimate":"q50","season":"MAM"},{"bfs_id":5665,"rcp":"RCP2.6","period":"2085","key":"tas","value":18.4,"estimate":"q50","season":"JJA"},{"bfs_id":5665,"rcp":"RCP2.6","period":"2085","key":"tas","value":10.4,"estimate":"q50","season":"SON"},{"bfs_id":5665,"rcp":"RCP2.6","period":"2085","key":"tas","value":2.8,"estimate":"q95","season":"DJF"},{"bfs_id":5665,"rcp":"RCP2.6","period":"2085","key":"tas","value":9.6,"estimate":"q95","season":"MAM"},{"bfs_id":5665,"rcp":"RCP2.6","period":"2085","key":"tas","value":19,"estimate":"q95","season":"JJA"},{"bfs_id":5665,"rcp":"RCP2.6","period":"2085","key":"tas","value":11.3,"estimate":"q95","season":"SON"},{"bfs_id":5665,"rcp":"RCP8.5","period":"2035","key":"tas","value":1.4,"estimate":"q5","season":"DJF"},{"bfs_id":5665,"rcp":"RCP8.5","period":"2035","key":"tas","value":8.5,"estimate":"q5","season":"MAM"},{"bfs_id":5665,"rcp":"RCP8.5","period":"2035","key":"tas","value":18.1,"estimate":"q5","season":"JJA"},{"bfs_id":5665,"rcp":"RCP8.5","period":"2035","key":"tas","value":10.1,"estimate":"q5","season":"SON"},{"bfs_id":5665,"rcp":"RCP8.5","period":"2035","key":"tas","value":2.2,"estimate":"q50","season":"DJF"},{"bfs_id":5665,"rcp":"RCP8.5","period":"2035","key":"tas","value":8.9,"estimate":"q50","season":"MAM"},{"bfs_id":5665,"rcp":"RCP8.5","period":"2035","key":"tas","value":18.6,"estimate":"q50","season":"JJA"},{"bfs_id":5665,"rcp":"RCP8.5","period":"2035","key":"tas","value":10.5,"estimate":"q50","season":"SON"},{"bfs_id":5665,"rcp":"RCP8.5","period":"2035","key":"tas","value":2.6,"estimate":"q95","season":"DJF"},{"bfs_id":5665,"rcp":"RCP8.5","period":"2035","key":"tas","value":9.4,"estimate":"q95","season":"MAM"},{"bfs_id":5665,"rcp":"RCP8.5","period":"2035","key":"tas","value":19.2,"estimate":"q95","season":"JJA"},{"bfs_id":5665,"rcp":"RCP8.5","period":"2035","key":"tas","value":11.4,"estimate":"q95","season":"SON"},{"bfs_id":5665,"rcp":"RCP8.5","period":"2060","key":"tas","value":2.6,"estimate":"q5","season":"DJF"},{"bfs_id":5665,"rcp":"RCP8.5","period":"2060","key":"tas","value":9.4,"estimate":"q5","season":"MAM"},{"bfs_id":5665,"rcp":"RCP8.5","period":"2060","key":"tas","value":19.2,"estimate":"q5","season":"JJA"},{"bfs_id":5665,"rcp":"RCP8.5","period":"2060","key":"tas","value":11.2,"estimate":"q5","season":"SON"},{"bfs_id":5665,"rcp":"RCP8.5","period":"2060","key":"tas","value":3,"estimate":"q50","season":"DJF"},{"bfs_id":5665,"rcp":"RCP8.5","period":"2060","key":"tas","value":9.9,"estimate":"q50","season":"MAM"},{"bfs_id":5665,"rcp":"RCP8.5","period":"2060","key":"tas","value":19.8,"estimate":"q50","season":"JJA"},{"bfs_id":5665,"rcp":"RCP8.5","period":"2060","key":"tas","value":11.8,"estimate":"q50","season":"SON"},{"bfs_id":5665,"rcp":"RCP8.5","period":"2060","key":"tas","value":3.8,"estimate":"q95","season":"DJF"},{"bfs_id":5665,"rcp":"RCP8.5","period":"2060","key":"tas","value":10.5,"estimate":"q95","season":"MAM"},{"bfs_id":5665,"rcp":"RCP8.5","period":"2060","key":"tas","value":20.9,"estimate":"q95","season":"JJA"},{"bfs_id":5665,"rcp":"RCP8.5","period":"2060","key":"tas","value":12.7,"estimate":"q95","season":"SON"},{"bfs_id":5665,"rcp":"RCP8.5","period":"2085","key":"tas","value":3.8,"estimate":"q5","season":"DJF"},{"bfs_id":5665,"rcp":"RCP8.5","period":"2085","key":"tas","value":10.4,"estimate":"q5","season":"MAM"},{"bfs_id":5665,"rcp":"RCP8.5","period":"2085","key":"tas","value":20.6,"estimate":"q5","season":"JJA"},{"bfs_id":5665,"rcp":"RCP8.5","period":"2085","key":"tas","value":12.3,"estimate":"q5","season":"SON"},{"bfs_id":5665,"rcp":"RCP8.5","period":"2085","key":"tas","value":4.8,"estimate":"q50","season":"DJF"},{"bfs_id":5665,"rcp":"RCP8.5","period":"2085","key":"tas","value":11.4,"estimate":"q50","season":"MAM"},{"bfs_id":5665,"rcp":"RCP8.5","period":"2085","key":"tas","value":21.5,"estimate":"q50","season":"JJA"},{"bfs_id":5665,"rcp":"RCP8.5","period":"2085","key":"tas","value":13.3,"estimate":"q50","season":"SON"},{"bfs_id":5665,"rcp":"RCP8.5","period":"2085","key":"tas","value":5.7,"estimate":"q95","season":"DJF"},{"bfs_id":5665,"rcp":"RCP8.5","period":"2085","key":"tas","value":12.4,"estimate":"q95","season":"MAM"},{"bfs_id":5665,"rcp":"RCP8.5","period":"2085","key":"tas","value":23.8,"estimate":"q95","season":"JJA"},{"bfs_id":5665,"rcp":"RCP8.5","period":"2085","key":"tas","value":14.8,"estimate":"q95","season":"SON"},{"bfs_id":5665,"rcp":"obs","period":"1981-2010","key":"FD","value":93.2,"estimate":"yearly_mean"},{"bfs_id":5665,"rcp":"obs","period":"1981-2010","key":"HD","value":4.5,"estimate":"yearly_mean"},{"bfs_id":5665,"rcp":"obs","period":"1981-2010","key":"ID","value":21.7,"estimate":"yearly_mean"},{"bfs_id":5665,"rcp":"obs","period":"1981-2010","key":"SD","value":36,"estimate":"yearly_mean"},{"bfs_id":5665,"rcp":"obs","period":"1981-2010","key":"snowdays","value":20.1,"estimate":"yearly_mean"},{"bfs_id":5665,"rcp":"obs","period":"1981-2010","key":"TN","value":0,"estimate":"yearly_mean"},{"bfs_id":5665,"rcp":"obs","period":"1981-2010","key":"pr","value":2.6,"estimate":"mean","season":"DJF"},{"bfs_id":5665,"rcp":"obs","period":"1981-2010","key":"pr","value":2.9,"estimate":"mean","season":"MAM"},{"bfs_id":5665,"rcp":"obs","period":"1981-2010","key":"pr","value":3.3,"estimate":"mean","season":"JJA"},{"bfs_id":5665,"rcp":"obs","period":"1981-2010","key":"pr","value":3.1,"estimate":"mean","season":"SON"},{"bfs_id":5665,"rcp":"obs","period":"1981-2010","key":"tas","value":0.7,"estimate":"mean","season":"DJF"},{"bfs_id":5665,"rcp":"obs","period":"1981-2010","key":"tas","value":8.2,"estimate":"mean","season":"MAM"},{"bfs_id":5665,"rcp":"obs","period":"1981-2010","key":"tas","value":17.1,"estimate":"mean","season":"JJA"},{"bfs_id":5665,"rcp":"obs","period":"1981-2010","key":"tas","value":9.1,"estimate":"mean","season":"SON"}]
