[{"bfs_id":3986,"rcp":"RCP2.6","period":"2035","key":"FD","value":122.1,"estimate":"q5"},{"bfs_id":3986,"rcp":"RCP2.6","period":"2035","key":"FD","value":133.5,"estimate":"q50"},{"bfs_id":3986,"rcp":"RCP2.6","period":"2035","key":"FD","value":143.2,"estimate":"q95"},{"bfs_id":3986,"rcp":"RCP2.6","period":"2060","key":"FD","value":119.6,"estimate":"q5"},{"bfs_id":3986,"rcp":"RCP2.6","period":"2060","key":"FD","value":131.1,"estimate":"q50"},{"bfs_id":3986,"rcp":"RCP2.6","period":"2060","key":"FD","value":142.2,"estimate":"q95"},{"bfs_id":3986,"rcp":"RCP2.6","period":"2085","key":"FD","value":117.6,"estimate":"q5"},{"bfs_id":3986,"rcp":"RCP2.6","period":"2085","key":"FD","value":131.8,"estimate":"q50"},{"bfs_id":3986,"rcp":"RCP2.6","period":"2085","key":"FD","value":140.9,"estimate":"q95"},{"bfs_id":3986,"rcp":"RCP8.5","period":"2035","key":"FD","value":120.3,"estimate":"q5"},{"bfs_id":3986,"rcp":"RCP8.5","period":"2035","key":"FD","value":128.9,"estimate":"q50"},{"bfs_id":3986,"rcp":"RCP8.5","period":"2035","key":"FD","value":138.1,"estimate":"q95"},{"bfs_id":3986,"rcp":"RCP8.5","period":"2060","key":"FD","value":101.6,"estimate":"q5"},{"bfs_id":3986,"rcp":"RCP8.5","period":"2060","key":"FD","value":107.7,"estimate":"q50"},{"bfs_id":3986,"rcp":"RCP8.5","period":"2060","key":"FD","value":121.1,"estimate":"q95"},{"bfs_id":3986,"rcp":"RCP8.5","period":"2085","key":"FD","value":74.5,"estimate":"q5"},{"bfs_id":3986,"rcp":"RCP8.5","period":"2085","key":"FD","value":87.1,"estimate":"q50"},{"bfs_id":3986,"rcp":"RCP8.5","period":"2085","key":"FD","value":101.6,"estimate":"q95"},{"bfs_id":3986,"rcp":"RCP2.6","period":"2035","key":"HD","value":0.1,"estimate":"q5"},{"bfs_id":3986,"rcp":"RCP2.6","period":"2035","key":"HD","value":0.3,"estimate":"q50"},{"bfs_id":3986,"rcp":"RCP2.6","period":"2035","key":"HD","value":0.8,"estimate":"q95"},{"bfs_id":3986,"rcp":"RCP2.6","period":"2060","key":"HD","value":0.1,"estimate":"q5"},{"bfs_id":3986,"rcp":"RCP2.6","period":"2060","key":"HD","value":0.4,"estimate":"q50"},{"bfs_id":3986,"rcp":"RCP2.6","period":"2060","key":"HD","value":1.2,"estimate":"q95"},{"bfs_id":3986,"rcp":"RCP2.6","period":"2085","key":"HD","value":0.1,"estimate":"q5"},{"bfs_id":3986,"rcp":"RCP2.6","period":"2085","key":"HD","value":0.4,"estimate":"q50"},{"bfs_id":3986,"rcp":"RCP2.6","period":"2085","key":"HD","value":1.1,"estimate":"q95"},{"bfs_id":3986,"rcp":"RCP8.5","period":"2035","key":"HD","value":0.2,"estimate":"q5"},{"bfs_id":3986,"rcp":"RCP8.5","period":"2035","key":"HD","value":0.5,"estimate":"q50"},{"bfs_id":3986,"rcp":"RCP8.5","period":"2035","key":"HD","value":3.2,"estimate":"q95"},{"bfs_id":3986,"rcp":"RCP8.5","period":"2060","key":"HD","value":0.7,"estimate":"q5"},{"bfs_id":3986,"rcp":"RCP8.5","period":"2060","key":"HD","value":2.3,"estimate":"q50"},{"bfs_id":3986,"rcp":"RCP8.5","period":"2060","key":"HD","value":10.3,"estimate":"q95"},{"bfs_id":3986,"rcp":"RCP8.5","period":"2085","key":"HD","value":2.8,"estimate":"q5"},{"bfs_id":3986,"rcp":"RCP8.5","period":"2085","key":"HD","value":8.7,"estimate":"q50"},{"bfs_id":3986,"rcp":"RCP8.5","period":"2085","key":"HD","value":30.5,"estimate":"q95"},{"bfs_id":3986,"rcp":"RCP2.6","period":"2035","key":"ID","value":29.5,"estimate":"q5"},{"bfs_id":3986,"rcp":"RCP2.6","period":"2035","key":"ID","value":35.4,"estimate":"q50"},{"bfs_id":3986,"rcp":"RCP2.6","period":"2035","key":"ID","value":39.6,"estimate":"q95"},{"bfs_id":3986,"rcp":"RCP2.6","period":"2060","key":"ID","value":28.9,"estimate":"q5"},{"bfs_id":3986,"rcp":"RCP2.6","period":"2060","key":"ID","value":32.8,"estimate":"q50"},{"bfs_id":3986,"rcp":"RCP2.6","period":"2060","key":"ID","value":39.2,"estimate":"q95"},{"bfs_id":3986,"rcp":"RCP2.6","period":"2085","key":"ID","value":27.4,"estimate":"q5"},{"bfs_id":3986,"rcp":"RCP2.6","period":"2085","key":"ID","value":33.7,"estimate":"q50"},{"bfs_id":3986,"rcp":"RCP2.6","period":"2085","key":"ID","value":39.2,"estimate":"q95"},{"bfs_id":3986,"rcp":"RCP8.5","period":"2035","key":"ID","value":27.7,"estimate":"q5"},{"bfs_id":3986,"rcp":"RCP8.5","period":"2035","key":"ID","value":33.2,"estimate":"q50"},{"bfs_id":3986,"rcp":"RCP8.5","period":"2035","key":"ID","value":38.5,"estimate":"q95"},{"bfs_id":3986,"rcp":"RCP8.5","period":"2060","key":"ID","value":19.8,"estimate":"q5"},{"bfs_id":3986,"rcp":"RCP8.5","period":"2060","key":"ID","value":25,"estimate":"q50"},{"bfs_id":3986,"rcp":"RCP8.5","period":"2060","key":"ID","value":27.4,"estimate":"q95"},{"bfs_id":3986,"rcp":"RCP8.5","period":"2085","key":"ID","value":9.4,"estimate":"q5"},{"bfs_id":3986,"rcp":"RCP8.5","period":"2085","key":"ID","value":13.7,"estimate":"q50"},{"bfs_id":3986,"rcp":"RCP8.5","period":"2085","key":"ID","value":19.3,"estimate":"q95"},{"bfs_id":3986,"rcp":"RCP2.6","period":"2035","key":"SD","value":9.2,"estimate":"q5"},{"bfs_id":3986,"rcp":"RCP2.6","period":"2035","key":"SD","value":13,"estimate":"q50"},{"bfs_id":3986,"rcp":"RCP2.6","period":"2035","key":"SD","value":17.9,"estimate":"q95"},{"bfs_id":3986,"rcp":"RCP2.6","period":"2060","key":"SD","value":10.5,"estimate":"q5"},{"bfs_id":3986,"rcp":"RCP2.6","period":"2060","key":"SD","value":12.8,"estimate":"q50"},{"bfs_id":3986,"rcp":"RCP2.6","period":"2060","key":"SD","value":20.7,"estimate":"q95"},{"bfs_id":3986,"rcp":"RCP2.6","period":"2085","key":"SD","value":9.1,"estimate":"q5"},{"bfs_id":3986,"rcp":"RCP2.6","period":"2085","key":"SD","value":13.2,"estimate":"q50"},{"bfs_id":3986,"rcp":"RCP2.6","period":"2085","key":"SD","value":20.1,"estimate":"q95"},{"bfs_id":3986,"rcp":"RCP8.5","period":"2035","key":"SD","value":11.7,"estimate":"q5"},{"bfs_id":3986,"rcp":"RCP8.5","period":"2035","key":"SD","value":14.8,"estimate":"q50"},{"bfs_id":3986,"rcp":"RCP8.5","period":"2035","key":"SD","value":22.9,"estimate":"q95"},{"bfs_id":3986,"rcp":"RCP8.5","period":"2060","key":"SD","value":19.2,"estimate":"q5"},{"bfs_id":3986,"rcp":"RCP8.5","period":"2060","key":"SD","value":28.6,"estimate":"q50"},{"bfs_id":3986,"rcp":"RCP8.5","period":"2060","key":"SD","value":51.9,"estimate":"q95"},{"bfs_id":3986,"rcp":"RCP8.5","period":"2085","key":"SD","value":36.2,"estimate":"q5"},{"bfs_id":3986,"rcp":"RCP8.5","period":"2085","key":"SD","value":43.9,"estimate":"q50"},{"bfs_id":3986,"rcp":"RCP8.5","period":"2085","key":"SD","value":89,"estimate":"q95"},{"bfs_id":3986,"rcp":"RCP2.6","period":"2035","key":"snowdays","value":31.4,"estimate":"q5"},{"bfs_id":3986,"rcp":"RCP2.6","period":"2035","key":"snowdays","value":37.9,"estimate":"q50"},{"bfs_id":3986,"rcp":"RCP2.6","period":"2035","key":"snowdays","value":47,"estimate":"q95"},{"bfs_id":3986,"rcp":"RCP2.6","period":"2060","key":"snowdays","value":28.6,"estimate":"q5"},{"bfs_id":3986,"rcp":"RCP2.6","period":"2060","key":"snowdays","value":35.4,"estimate":"q50"},{"bfs_id":3986,"rcp":"RCP2.6","period":"2060","key":"snowdays","value":45.6,"estimate":"q95"},{"bfs_id":3986,"rcp":"RCP2.6","period":"2085","key":"snowdays","value":29.9,"estimate":"q5"},{"bfs_id":3986,"rcp":"RCP2.6","period":"2085","key":"snowdays","value":36.3,"estimate":"q50"},{"bfs_id":3986,"rcp":"RCP2.6","period":"2085","key":"snowdays","value":47.5,"estimate":"q95"},{"bfs_id":3986,"rcp":"RCP8.5","period":"2035","key":"snowdays","value":31,"estimate":"q5"},{"bfs_id":3986,"rcp":"RCP8.5","period":"2035","key":"snowdays","value":36.8,"estimate":"q50"},{"bfs_id":3986,"rcp":"RCP8.5","period":"2035","key":"snowdays","value":43.6,"estimate":"q95"},{"bfs_id":3986,"rcp":"RCP8.5","period":"2060","key":"snowdays","value":24.4,"estimate":"q5"},{"bfs_id":3986,"rcp":"RCP8.5","period":"2060","key":"snowdays","value":29.1,"estimate":"q50"},{"bfs_id":3986,"rcp":"RCP8.5","period":"2060","key":"snowdays","value":38.1,"estimate":"q95"},{"bfs_id":3986,"rcp":"RCP8.5","period":"2085","key":"snowdays","value":16.4,"estimate":"q5"},{"bfs_id":3986,"rcp":"RCP8.5","period":"2085","key":"snowdays","value":22.7,"estimate":"q50"},{"bfs_id":3986,"rcp":"RCP8.5","period":"2085","key":"snowdays","value":30.4,"estimate":"q95"},{"bfs_id":3986,"rcp":"RCP2.6","period":"2035","key":"TN","value":0,"estimate":"q5"},{"bfs_id":3986,"rcp":"RCP2.6","period":"2035","key":"TN","value":0,"estimate":"q50"},{"bfs_id":3986,"rcp":"RCP2.6","period":"2035","key":"TN","value":0,"estimate":"q95"},{"bfs_id":3986,"rcp":"RCP2.6","period":"2060","key":"TN","value":0,"estimate":"q5"},{"bfs_id":3986,"rcp":"RCP2.6","period":"2060","key":"TN","value":0,"estimate":"q50"},{"bfs_id":3986,"rcp":"RCP2.6","period":"2060","key":"TN","value":0,"estimate":"q95"},{"bfs_id":3986,"rcp":"RCP2.6","period":"2085","key":"TN","value":0,"estimate":"q5"},{"bfs_id":3986,"rcp":"RCP2.6","period":"2085","key":"TN","value":0,"estimate":"q50"},{"bfs_id":3986,"rcp":"RCP2.6","period":"2085","key":"TN","value":0,"estimate":"q95"},{"bfs_id":3986,"rcp":"RCP8.5","period":"2035","key":"TN","value":0,"estimate":"q5"},{"bfs_id":3986,"rcp":"RCP8.5","period":"2035","key":"TN","value":0,"estimate":"q50"},{"bfs_id":3986,"rcp":"RCP8.5","period":"2035","key":"TN","value":0.1,"estimate":"q95"},{"bfs_id":3986,"rcp":"RCP8.5","period":"2060","key":"TN","value":0,"estimate":"q5"},{"bfs_id":3986,"rcp":"RCP8.5","period":"2060","key":"TN","value":0.1,"estimate":"q50"},{"bfs_id":3986,"rcp":"RCP8.5","period":"2060","key":"TN","value":1,"estimate":"q95"},{"bfs_id":3986,"rcp":"RCP8.5","period":"2085","key":"TN","value":0.1,"estimate":"q5"},{"bfs_id":3986,"rcp":"RCP8.5","period":"2085","key":"TN","value":1.2,"estimate":"q50"},{"bfs_id":3986,"rcp":"RCP8.5","period":"2085","key":"TN","value":8.7,"estimate":"q95"},{"bfs_id":3986,"rcp":"RCP2.6","period":"2035","key":"pr","value":2.6,"estimate":"q5","season":"DJF"},{"bfs_id":3986,"rcp":"RCP2.6","period":"2035","key":"pr","value":3.1,"estimate":"q5","season":"MAM"},{"bfs_id":3986,"rcp":"RCP2.6","period":"2035","key":"pr","value":3,"estimate":"q5","season":"JJA"},{"bfs_id":3986,"rcp":"RCP2.6","period":"2035","key":"pr","value":3.1,"estimate":"q5","season":"SON"},{"bfs_id":3986,"rcp":"RCP2.6","period":"2035","key":"pr","value":3.1,"estimate":"q50","season":"DJF"},{"bfs_id":3986,"rcp":"RCP2.6","period":"2035","key":"pr","value":3.4,"estimate":"q50","season":"MAM"},{"bfs_id":3986,"rcp":"RCP2.6","period":"2035","key":"pr","value":3.8,"estimate":"q50","season":"JJA"},{"bfs_id":3986,"rcp":"RCP2.6","period":"2035","key":"pr","value":3.5,"estimate":"q50","season":"SON"},{"bfs_id":3986,"rcp":"RCP2.6","period":"2035","key":"pr","value":3.7,"estimate":"q95","season":"DJF"},{"bfs_id":3986,"rcp":"RCP2.6","period":"2035","key":"pr","value":3.9,"estimate":"q95","season":"MAM"},{"bfs_id":3986,"rcp":"RCP2.6","period":"2035","key":"pr","value":4.2,"estimate":"q95","season":"JJA"},{"bfs_id":3986,"rcp":"RCP2.6","period":"2035","key":"pr","value":4.2,"estimate":"q95","season":"SON"},{"bfs_id":3986,"rcp":"RCP2.6","period":"2060","key":"pr","value":2.7,"estimate":"q5","season":"DJF"},{"bfs_id":3986,"rcp":"RCP2.6","period":"2060","key":"pr","value":3.1,"estimate":"q5","season":"MAM"},{"bfs_id":3986,"rcp":"RCP2.6","period":"2060","key":"pr","value":3.1,"estimate":"q5","season":"JJA"},{"bfs_id":3986,"rcp":"RCP2.6","period":"2060","key":"pr","value":3.2,"estimate":"q5","season":"SON"},{"bfs_id":3986,"rcp":"RCP2.6","period":"2060","key":"pr","value":3.2,"estimate":"q50","season":"DJF"},{"bfs_id":3986,"rcp":"RCP2.6","period":"2060","key":"pr","value":3.4,"estimate":"q50","season":"MAM"},{"bfs_id":3986,"rcp":"RCP2.6","period":"2060","key":"pr","value":3.8,"estimate":"q50","season":"JJA"},{"bfs_id":3986,"rcp":"RCP2.6","period":"2060","key":"pr","value":3.6,"estimate":"q50","season":"SON"},{"bfs_id":3986,"rcp":"RCP2.6","period":"2060","key":"pr","value":3.5,"estimate":"q95","season":"DJF"},{"bfs_id":3986,"rcp":"RCP2.6","period":"2060","key":"pr","value":3.9,"estimate":"q95","season":"MAM"},{"bfs_id":3986,"rcp":"RCP2.6","period":"2060","key":"pr","value":4.3,"estimate":"q95","season":"JJA"},{"bfs_id":3986,"rcp":"RCP2.6","period":"2060","key":"pr","value":4.1,"estimate":"q95","season":"SON"},{"bfs_id":3986,"rcp":"RCP2.6","period":"2085","key":"pr","value":2.7,"estimate":"q5","season":"DJF"},{"bfs_id":3986,"rcp":"RCP2.6","period":"2085","key":"pr","value":3.1,"estimate":"q5","season":"MAM"},{"bfs_id":3986,"rcp":"RCP2.6","period":"2085","key":"pr","value":3.2,"estimate":"q5","season":"JJA"},{"bfs_id":3986,"rcp":"RCP2.6","period":"2085","key":"pr","value":3.2,"estimate":"q5","season":"SON"},{"bfs_id":3986,"rcp":"RCP2.6","period":"2085","key":"pr","value":3.2,"estimate":"q50","season":"DJF"},{"bfs_id":3986,"rcp":"RCP2.6","period":"2085","key":"pr","value":3.5,"estimate":"q50","season":"MAM"},{"bfs_id":3986,"rcp":"RCP2.6","period":"2085","key":"pr","value":3.8,"estimate":"q50","season":"JJA"},{"bfs_id":3986,"rcp":"RCP2.6","period":"2085","key":"pr","value":3.5,"estimate":"q50","season":"SON"},{"bfs_id":3986,"rcp":"RCP2.6","period":"2085","key":"pr","value":3.6,"estimate":"q95","season":"DJF"},{"bfs_id":3986,"rcp":"RCP2.6","period":"2085","key":"pr","value":3.8,"estimate":"q95","season":"MAM"},{"bfs_id":3986,"rcp":"RCP2.6","period":"2085","key":"pr","value":4.2,"estimate":"q95","season":"JJA"},{"bfs_id":3986,"rcp":"RCP2.6","period":"2085","key":"pr","value":4.1,"estimate":"q95","season":"SON"},{"bfs_id":3986,"rcp":"RCP8.5","period":"2035","key":"pr","value":2.9,"estimate":"q5","season":"DJF"},{"bfs_id":3986,"rcp":"RCP8.5","period":"2035","key":"pr","value":3.1,"estimate":"q5","season":"MAM"},{"bfs_id":3986,"rcp":"RCP8.5","period":"2035","key":"pr","value":3.2,"estimate":"q5","season":"JJA"},{"bfs_id":3986,"rcp":"RCP8.5","period":"2035","key":"pr","value":3.1,"estimate":"q5","season":"SON"},{"bfs_id":3986,"rcp":"RCP8.5","period":"2035","key":"pr","value":3.2,"estimate":"q50","season":"DJF"},{"bfs_id":3986,"rcp":"RCP8.5","period":"2035","key":"pr","value":3.6,"estimate":"q50","season":"MAM"},{"bfs_id":3986,"rcp":"RCP8.5","period":"2035","key":"pr","value":3.8,"estimate":"q50","season":"JJA"},{"bfs_id":3986,"rcp":"RCP8.5","period":"2035","key":"pr","value":3.5,"estimate":"q50","season":"SON"},{"bfs_id":3986,"rcp":"RCP8.5","period":"2035","key":"pr","value":3.6,"estimate":"q95","season":"DJF"},{"bfs_id":3986,"rcp":"RCP8.5","period":"2035","key":"pr","value":3.9,"estimate":"q95","season":"MAM"},{"bfs_id":3986,"rcp":"RCP8.5","period":"2035","key":"pr","value":4.3,"estimate":"q95","season":"JJA"},{"bfs_id":3986,"rcp":"RCP8.5","period":"2035","key":"pr","value":4,"estimate":"q95","season":"SON"},{"bfs_id":3986,"rcp":"RCP8.5","period":"2060","key":"pr","value":2.8,"estimate":"q5","season":"DJF"},{"bfs_id":3986,"rcp":"RCP8.5","period":"2060","key":"pr","value":3.2,"estimate":"q5","season":"MAM"},{"bfs_id":3986,"rcp":"RCP8.5","period":"2060","key":"pr","value":2.8,"estimate":"q5","season":"JJA"},{"bfs_id":3986,"rcp":"RCP8.5","period":"2060","key":"pr","value":3.2,"estimate":"q5","season":"SON"},{"bfs_id":3986,"rcp":"RCP8.5","period":"2060","key":"pr","value":3.2,"estimate":"q50","season":"DJF"},{"bfs_id":3986,"rcp":"RCP8.5","period":"2060","key":"pr","value":3.7,"estimate":"q50","season":"MAM"},{"bfs_id":3986,"rcp":"RCP8.5","period":"2060","key":"pr","value":3.6,"estimate":"q50","season":"JJA"},{"bfs_id":3986,"rcp":"RCP8.5","period":"2060","key":"pr","value":3.6,"estimate":"q50","season":"SON"},{"bfs_id":3986,"rcp":"RCP8.5","period":"2060","key":"pr","value":3.7,"estimate":"q95","season":"DJF"},{"bfs_id":3986,"rcp":"RCP8.5","period":"2060","key":"pr","value":4.1,"estimate":"q95","season":"MAM"},{"bfs_id":3986,"rcp":"RCP8.5","period":"2060","key":"pr","value":4.4,"estimate":"q95","season":"JJA"},{"bfs_id":3986,"rcp":"RCP8.5","period":"2060","key":"pr","value":4.2,"estimate":"q95","season":"SON"},{"bfs_id":3986,"rcp":"RCP8.5","period":"2085","key":"pr","value":3,"estimate":"q5","season":"DJF"},{"bfs_id":3986,"rcp":"RCP8.5","period":"2085","key":"pr","value":3.3,"estimate":"q5","season":"MAM"},{"bfs_id":3986,"rcp":"RCP8.5","period":"2085","key":"pr","value":2.2,"estimate":"q5","season":"JJA"},{"bfs_id":3986,"rcp":"RCP8.5","period":"2085","key":"pr","value":3.1,"estimate":"q5","season":"SON"},{"bfs_id":3986,"rcp":"RCP8.5","period":"2085","key":"pr","value":3.6,"estimate":"q50","season":"DJF"},{"bfs_id":3986,"rcp":"RCP8.5","period":"2085","key":"pr","value":3.8,"estimate":"q50","season":"MAM"},{"bfs_id":3986,"rcp":"RCP8.5","period":"2085","key":"pr","value":3.4,"estimate":"q50","season":"JJA"},{"bfs_id":3986,"rcp":"RCP8.5","period":"2085","key":"pr","value":3.6,"estimate":"q50","season":"SON"},{"bfs_id":3986,"rcp":"RCP8.5","period":"2085","key":"pr","value":3.9,"estimate":"q95","season":"DJF"},{"bfs_id":3986,"rcp":"RCP8.5","period":"2085","key":"pr","value":4.4,"estimate":"q95","season":"MAM"},{"bfs_id":3986,"rcp":"RCP8.5","period":"2085","key":"pr","value":4.3,"estimate":"q95","season":"JJA"},{"bfs_id":3986,"rcp":"RCP8.5","period":"2085","key":"pr","value":4.3,"estimate":"q95","season":"SON"},{"bfs_id":3986,"rcp":"RCP2.6","period":"2035","key":"tas","value":-1.6,"estimate":"q5","season":"DJF"},{"bfs_id":3986,"rcp":"RCP2.6","period":"2035","key":"tas","value":4,"estimate":"q5","season":"MAM"},{"bfs_id":3986,"rcp":"RCP2.6","period":"2035","key":"tas","value":13.6,"estimate":"q5","season":"JJA"},{"bfs_id":3986,"rcp":"RCP2.6","period":"2035","key":"tas","value":6.6,"estimate":"q5","season":"SON"},{"bfs_id":3986,"rcp":"RCP2.6","period":"2035","key":"tas","value":-1,"estimate":"q50","season":"DJF"},{"bfs_id":3986,"rcp":"RCP2.6","period":"2035","key":"tas","value":4.8,"estimate":"q50","season":"MAM"},{"bfs_id":3986,"rcp":"RCP2.6","period":"2035","key":"tas","value":14.6,"estimate":"q50","season":"JJA"},{"bfs_id":3986,"rcp":"RCP2.6","period":"2035","key":"tas","value":7.2,"estimate":"q50","season":"SON"},{"bfs_id":3986,"rcp":"RCP2.6","period":"2035","key":"tas","value":-0.5,"estimate":"q95","season":"DJF"},{"bfs_id":3986,"rcp":"RCP2.6","period":"2035","key":"tas","value":5.1,"estimate":"q95","season":"MAM"},{"bfs_id":3986,"rcp":"RCP2.6","period":"2035","key":"tas","value":15.4,"estimate":"q95","season":"JJA"},{"bfs_id":3986,"rcp":"RCP2.6","period":"2035","key":"tas","value":8,"estimate":"q95","season":"SON"},{"bfs_id":3986,"rcp":"RCP2.6","period":"2060","key":"tas","value":-1.5,"estimate":"q5","season":"DJF"},{"bfs_id":3986,"rcp":"RCP2.6","period":"2060","key":"tas","value":4,"estimate":"q5","season":"MAM"},{"bfs_id":3986,"rcp":"RCP2.6","period":"2060","key":"tas","value":13.9,"estimate":"q5","season":"JJA"},{"bfs_id":3986,"rcp":"RCP2.6","period":"2060","key":"tas","value":7,"estimate":"q5","season":"SON"},{"bfs_id":3986,"rcp":"RCP2.6","period":"2060","key":"tas","value":-0.8,"estimate":"q50","season":"DJF"},{"bfs_id":3986,"rcp":"RCP2.6","period":"2060","key":"tas","value":4.6,"estimate":"q50","season":"MAM"},{"bfs_id":3986,"rcp":"RCP2.6","period":"2060","key":"tas","value":14.8,"estimate":"q50","season":"JJA"},{"bfs_id":3986,"rcp":"RCP2.6","period":"2060","key":"tas","value":7.4,"estimate":"q50","season":"SON"},{"bfs_id":3986,"rcp":"RCP2.6","period":"2060","key":"tas","value":-0.2,"estimate":"q95","season":"DJF"},{"bfs_id":3986,"rcp":"RCP2.6","period":"2060","key":"tas","value":5.2,"estimate":"q95","season":"MAM"},{"bfs_id":3986,"rcp":"RCP2.6","period":"2060","key":"tas","value":15.6,"estimate":"q95","season":"JJA"},{"bfs_id":3986,"rcp":"RCP2.6","period":"2060","key":"tas","value":8.3,"estimate":"q95","season":"SON"},{"bfs_id":3986,"rcp":"RCP2.6","period":"2085","key":"tas","value":-1.4,"estimate":"q5","season":"DJF"},{"bfs_id":3986,"rcp":"RCP2.6","period":"2085","key":"tas","value":4,"estimate":"q5","season":"MAM"},{"bfs_id":3986,"rcp":"RCP2.6","period":"2085","key":"tas","value":13.8,"estimate":"q5","season":"JJA"},{"bfs_id":3986,"rcp":"RCP2.6","period":"2085","key":"tas","value":6.7,"estimate":"q5","season":"SON"},{"bfs_id":3986,"rcp":"RCP2.6","period":"2085","key":"tas","value":-0.9,"estimate":"q50","season":"DJF"},{"bfs_id":3986,"rcp":"RCP2.6","period":"2085","key":"tas","value":4.7,"estimate":"q50","season":"MAM"},{"bfs_id":3986,"rcp":"RCP2.6","period":"2085","key":"tas","value":14.7,"estimate":"q50","season":"JJA"},{"bfs_id":3986,"rcp":"RCP2.6","period":"2085","key":"tas","value":7.5,"estimate":"q50","season":"SON"},{"bfs_id":3986,"rcp":"RCP2.6","period":"2085","key":"tas","value":-0.2,"estimate":"q95","season":"DJF"},{"bfs_id":3986,"rcp":"RCP2.6","period":"2085","key":"tas","value":5.3,"estimate":"q95","season":"MAM"},{"bfs_id":3986,"rcp":"RCP2.6","period":"2085","key":"tas","value":15.5,"estimate":"q95","season":"JJA"},{"bfs_id":3986,"rcp":"RCP2.6","period":"2085","key":"tas","value":8.3,"estimate":"q95","season":"SON"},{"bfs_id":3986,"rcp":"RCP8.5","period":"2035","key":"tas","value":-1.3,"estimate":"q5","season":"DJF"},{"bfs_id":3986,"rcp":"RCP8.5","period":"2035","key":"tas","value":4.4,"estimate":"q5","season":"MAM"},{"bfs_id":3986,"rcp":"RCP8.5","period":"2035","key":"tas","value":14.2,"estimate":"q5","season":"JJA"},{"bfs_id":3986,"rcp":"RCP8.5","period":"2035","key":"tas","value":7.2,"estimate":"q5","season":"SON"},{"bfs_id":3986,"rcp":"RCP8.5","period":"2035","key":"tas","value":-0.6,"estimate":"q50","season":"DJF"},{"bfs_id":3986,"rcp":"RCP8.5","period":"2035","key":"tas","value":4.7,"estimate":"q50","season":"MAM"},{"bfs_id":3986,"rcp":"RCP8.5","period":"2035","key":"tas","value":15,"estimate":"q50","season":"JJA"},{"bfs_id":3986,"rcp":"RCP8.5","period":"2035","key":"tas","value":7.6,"estimate":"q50","season":"SON"},{"bfs_id":3986,"rcp":"RCP8.5","period":"2035","key":"tas","value":-0.3,"estimate":"q95","season":"DJF"},{"bfs_id":3986,"rcp":"RCP8.5","period":"2035","key":"tas","value":5.4,"estimate":"q95","season":"MAM"},{"bfs_id":3986,"rcp":"RCP8.5","period":"2035","key":"tas","value":15.8,"estimate":"q95","season":"JJA"},{"bfs_id":3986,"rcp":"RCP8.5","period":"2035","key":"tas","value":8.5,"estimate":"q95","season":"SON"},{"bfs_id":3986,"rcp":"RCP8.5","period":"2060","key":"tas","value":-0.2,"estimate":"q5","season":"DJF"},{"bfs_id":3986,"rcp":"RCP8.5","period":"2060","key":"tas","value":5.3,"estimate":"q5","season":"MAM"},{"bfs_id":3986,"rcp":"RCP8.5","period":"2060","key":"tas","value":15.5,"estimate":"q5","season":"JJA"},{"bfs_id":3986,"rcp":"RCP8.5","period":"2060","key":"tas","value":8.3,"estimate":"q5","season":"SON"},{"bfs_id":3986,"rcp":"RCP8.5","period":"2060","key":"tas","value":0.2,"estimate":"q50","season":"DJF"},{"bfs_id":3986,"rcp":"RCP8.5","period":"2060","key":"tas","value":5.9,"estimate":"q50","season":"MAM"},{"bfs_id":3986,"rcp":"RCP8.5","period":"2060","key":"tas","value":16.4,"estimate":"q50","season":"JJA"},{"bfs_id":3986,"rcp":"RCP8.5","period":"2060","key":"tas","value":9.2,"estimate":"q50","season":"SON"},{"bfs_id":3986,"rcp":"RCP8.5","period":"2060","key":"tas","value":0.7,"estimate":"q95","season":"DJF"},{"bfs_id":3986,"rcp":"RCP8.5","period":"2060","key":"tas","value":7,"estimate":"q95","season":"MAM"},{"bfs_id":3986,"rcp":"RCP8.5","period":"2060","key":"tas","value":18.7,"estimate":"q95","season":"JJA"},{"bfs_id":3986,"rcp":"RCP8.5","period":"2060","key":"tas","value":10.3,"estimate":"q95","season":"SON"},{"bfs_id":3986,"rcp":"RCP8.5","period":"2085","key":"tas","value":1.3,"estimate":"q5","season":"DJF"},{"bfs_id":3986,"rcp":"RCP8.5","period":"2085","key":"tas","value":6.6,"estimate":"q5","season":"MAM"},{"bfs_id":3986,"rcp":"RCP8.5","period":"2085","key":"tas","value":17.1,"estimate":"q5","season":"JJA"},{"bfs_id":3986,"rcp":"RCP8.5","period":"2085","key":"tas","value":9.7,"estimate":"q5","season":"SON"},{"bfs_id":3986,"rcp":"RCP8.5","period":"2085","key":"tas","value":2,"estimate":"q50","season":"DJF"},{"bfs_id":3986,"rcp":"RCP8.5","period":"2085","key":"tas","value":7.6,"estimate":"q50","season":"MAM"},{"bfs_id":3986,"rcp":"RCP8.5","period":"2085","key":"tas","value":18.2,"estimate":"q50","season":"JJA"},{"bfs_id":3986,"rcp":"RCP8.5","period":"2085","key":"tas","value":10.5,"estimate":"q50","season":"SON"},{"bfs_id":3986,"rcp":"RCP8.5","period":"2085","key":"tas","value":2.6,"estimate":"q95","season":"DJF"},{"bfs_id":3986,"rcp":"RCP8.5","period":"2085","key":"tas","value":9.4,"estimate":"q95","season":"MAM"},{"bfs_id":3986,"rcp":"RCP8.5","period":"2085","key":"tas","value":22,"estimate":"q95","season":"JJA"},{"bfs_id":3986,"rcp":"RCP8.5","period":"2085","key":"tas","value":12.2,"estimate":"q95","season":"SON"},{"bfs_id":3986,"rcp":"obs","period":"1981-2010","key":"FD","value":149.8,"estimate":"yearly_mean"},{"bfs_id":3986,"rcp":"obs","period":"1981-2010","key":"HD","value":0.1,"estimate":"yearly_mean"},{"bfs_id":3986,"rcp":"obs","period":"1981-2010","key":"ID","value":46,"estimate":"yearly_mean"},{"bfs_id":3986,"rcp":"obs","period":"1981-2010","key":"SD","value":6,"estimate":"yearly_mean"},{"bfs_id":3986,"rcp":"obs","period":"1981-2010","key":"snowdays","value":55.8,"estimate":"yearly_mean"},{"bfs_id":3986,"rcp":"obs","period":"1981-2010","key":"TN","value":0,"estimate":"yearly_mean"},{"bfs_id":3986,"rcp":"obs","period":"1981-2010","key":"pr","value":2.9,"estimate":"mean","season":"DJF"},{"bfs_id":3986,"rcp":"obs","period":"1981-2010","key":"pr","value":3.4,"estimate":"mean","season":"MAM"},{"bfs_id":3986,"rcp":"obs","period":"1981-2010","key":"pr","value":4,"estimate":"mean","season":"JJA"},{"bfs_id":3986,"rcp":"obs","period":"1981-2010","key":"pr","value":3.7,"estimate":"mean","season":"SON"},{"bfs_id":3986,"rcp":"obs","period":"1981-2010","key":"tas","value":-2.1,"estimate":"mean","season":"DJF"},{"bfs_id":3986,"rcp":"obs","period":"1981-2010","key":"tas","value":3.9,"estimate":"mean","season":"MAM"},{"bfs_id":3986,"rcp":"obs","period":"1981-2010","key":"tas","value":12.8,"estimate":"mean","season":"JJA"},{"bfs_id":3986,"rcp":"obs","period":"1981-2010","key":"tas","value":6,"estimate":"mean","season":"SON"}]
