[{"bfs_id":2114,"rcp":"RCP2.6","period":"2035","key":"FD","value":84.2,"estimate":"q5"},{"bfs_id":2114,"rcp":"RCP2.6","period":"2035","key":"FD","value":95.6,"estimate":"q50"},{"bfs_id":2114,"rcp":"RCP2.6","period":"2035","key":"FD","value":103.6,"estimate":"q95"},{"bfs_id":2114,"rcp":"RCP2.6","period":"2060","key":"FD","value":79.9,"estimate":"q5"},{"bfs_id":2114,"rcp":"RCP2.6","period":"2060","key":"FD","value":91.8,"estimate":"q50"},{"bfs_id":2114,"rcp":"RCP2.6","period":"2060","key":"FD","value":101.4,"estimate":"q95"},{"bfs_id":2114,"rcp":"RCP2.6","period":"2085","key":"FD","value":78.7,"estimate":"q5"},{"bfs_id":2114,"rcp":"RCP2.6","period":"2085","key":"FD","value":92.2,"estimate":"q50"},{"bfs_id":2114,"rcp":"RCP2.6","period":"2085","key":"FD","value":102.5,"estimate":"q95"},{"bfs_id":2114,"rcp":"RCP8.5","period":"2035","key":"FD","value":81.9,"estimate":"q5"},{"bfs_id":2114,"rcp":"RCP8.5","period":"2035","key":"FD","value":91.8,"estimate":"q50"},{"bfs_id":2114,"rcp":"RCP8.5","period":"2035","key":"FD","value":101.2,"estimate":"q95"},{"bfs_id":2114,"rcp":"RCP8.5","period":"2060","key":"FD","value":65.5,"estimate":"q5"},{"bfs_id":2114,"rcp":"RCP8.5","period":"2060","key":"FD","value":75.2,"estimate":"q50"},{"bfs_id":2114,"rcp":"RCP8.5","period":"2060","key":"FD","value":83.8,"estimate":"q95"},{"bfs_id":2114,"rcp":"RCP8.5","period":"2085","key":"FD","value":42.6,"estimate":"q5"},{"bfs_id":2114,"rcp":"RCP8.5","period":"2085","key":"FD","value":53.6,"estimate":"q50"},{"bfs_id":2114,"rcp":"RCP8.5","period":"2085","key":"FD","value":64,"estimate":"q95"},{"bfs_id":2114,"rcp":"RCP2.6","period":"2035","key":"HD","value":3.4,"estimate":"q5"},{"bfs_id":2114,"rcp":"RCP2.6","period":"2035","key":"HD","value":5.7,"estimate":"q50"},{"bfs_id":2114,"rcp":"RCP2.6","period":"2035","key":"HD","value":9.1,"estimate":"q95"},{"bfs_id":2114,"rcp":"RCP2.6","period":"2060","key":"HD","value":4.1,"estimate":"q5"},{"bfs_id":2114,"rcp":"RCP2.6","period":"2060","key":"HD","value":6.1,"estimate":"q50"},{"bfs_id":2114,"rcp":"RCP2.6","period":"2060","key":"HD","value":11.4,"estimate":"q95"},{"bfs_id":2114,"rcp":"RCP2.6","period":"2085","key":"HD","value":4.1,"estimate":"q5"},{"bfs_id":2114,"rcp":"RCP2.6","period":"2085","key":"HD","value":5.8,"estimate":"q50"},{"bfs_id":2114,"rcp":"RCP2.6","period":"2085","key":"HD","value":10.8,"estimate":"q95"},{"bfs_id":2114,"rcp":"RCP8.5","period":"2035","key":"HD","value":4.4,"estimate":"q5"},{"bfs_id":2114,"rcp":"RCP8.5","period":"2035","key":"HD","value":5.7,"estimate":"q50"},{"bfs_id":2114,"rcp":"RCP8.5","period":"2035","key":"HD","value":11.5,"estimate":"q95"},{"bfs_id":2114,"rcp":"RCP8.5","period":"2060","key":"HD","value":8.3,"estimate":"q5"},{"bfs_id":2114,"rcp":"RCP8.5","period":"2060","key":"HD","value":12.2,"estimate":"q50"},{"bfs_id":2114,"rcp":"RCP8.5","period":"2060","key":"HD","value":24.4,"estimate":"q95"},{"bfs_id":2114,"rcp":"RCP8.5","period":"2085","key":"HD","value":18.9,"estimate":"q5"},{"bfs_id":2114,"rcp":"RCP8.5","period":"2085","key":"HD","value":24.6,"estimate":"q50"},{"bfs_id":2114,"rcp":"RCP8.5","period":"2085","key":"HD","value":46.1,"estimate":"q95"},{"bfs_id":2114,"rcp":"RCP2.6","period":"2035","key":"ID","value":17.5,"estimate":"q5"},{"bfs_id":2114,"rcp":"RCP2.6","period":"2035","key":"ID","value":19.9,"estimate":"q50"},{"bfs_id":2114,"rcp":"RCP2.6","period":"2035","key":"ID","value":22.9,"estimate":"q95"},{"bfs_id":2114,"rcp":"RCP2.6","period":"2060","key":"ID","value":15.6,"estimate":"q5"},{"bfs_id":2114,"rcp":"RCP2.6","period":"2060","key":"ID","value":18.9,"estimate":"q50"},{"bfs_id":2114,"rcp":"RCP2.6","period":"2060","key":"ID","value":22.6,"estimate":"q95"},{"bfs_id":2114,"rcp":"RCP2.6","period":"2085","key":"ID","value":15,"estimate":"q5"},{"bfs_id":2114,"rcp":"RCP2.6","period":"2085","key":"ID","value":19,"estimate":"q50"},{"bfs_id":2114,"rcp":"RCP2.6","period":"2085","key":"ID","value":23.5,"estimate":"q95"},{"bfs_id":2114,"rcp":"RCP8.5","period":"2035","key":"ID","value":15.1,"estimate":"q5"},{"bfs_id":2114,"rcp":"RCP8.5","period":"2035","key":"ID","value":19.4,"estimate":"q50"},{"bfs_id":2114,"rcp":"RCP8.5","period":"2035","key":"ID","value":22.4,"estimate":"q95"},{"bfs_id":2114,"rcp":"RCP8.5","period":"2060","key":"ID","value":10.3,"estimate":"q5"},{"bfs_id":2114,"rcp":"RCP8.5","period":"2060","key":"ID","value":13.7,"estimate":"q50"},{"bfs_id":2114,"rcp":"RCP8.5","period":"2060","key":"ID","value":16.7,"estimate":"q95"},{"bfs_id":2114,"rcp":"RCP8.5","period":"2085","key":"ID","value":4.2,"estimate":"q5"},{"bfs_id":2114,"rcp":"RCP8.5","period":"2085","key":"ID","value":7,"estimate":"q50"},{"bfs_id":2114,"rcp":"RCP8.5","period":"2085","key":"ID","value":9.6,"estimate":"q95"},{"bfs_id":2114,"rcp":"RCP2.6","period":"2035","key":"SD","value":31.9,"estimate":"q5"},{"bfs_id":2114,"rcp":"RCP2.6","period":"2035","key":"SD","value":36.9,"estimate":"q50"},{"bfs_id":2114,"rcp":"RCP2.6","period":"2035","key":"SD","value":44.3,"estimate":"q95"},{"bfs_id":2114,"rcp":"RCP2.6","period":"2060","key":"SD","value":32.1,"estimate":"q5"},{"bfs_id":2114,"rcp":"RCP2.6","period":"2060","key":"SD","value":37.8,"estimate":"q50"},{"bfs_id":2114,"rcp":"RCP2.6","period":"2060","key":"SD","value":45.5,"estimate":"q95"},{"bfs_id":2114,"rcp":"RCP2.6","period":"2085","key":"SD","value":32.3,"estimate":"q5"},{"bfs_id":2114,"rcp":"RCP2.6","period":"2085","key":"SD","value":38.1,"estimate":"q50"},{"bfs_id":2114,"rcp":"RCP2.6","period":"2085","key":"SD","value":45.1,"estimate":"q95"},{"bfs_id":2114,"rcp":"RCP8.5","period":"2035","key":"SD","value":33.9,"estimate":"q5"},{"bfs_id":2114,"rcp":"RCP8.5","period":"2035","key":"SD","value":39.1,"estimate":"q50"},{"bfs_id":2114,"rcp":"RCP8.5","period":"2035","key":"SD","value":45.2,"estimate":"q95"},{"bfs_id":2114,"rcp":"RCP8.5","period":"2060","key":"SD","value":48.1,"estimate":"q5"},{"bfs_id":2114,"rcp":"RCP8.5","period":"2060","key":"SD","value":54.5,"estimate":"q50"},{"bfs_id":2114,"rcp":"RCP8.5","period":"2060","key":"SD","value":69.9,"estimate":"q95"},{"bfs_id":2114,"rcp":"RCP8.5","period":"2085","key":"SD","value":64,"estimate":"q5"},{"bfs_id":2114,"rcp":"RCP8.5","period":"2085","key":"SD","value":72.7,"estimate":"q50"},{"bfs_id":2114,"rcp":"RCP8.5","period":"2085","key":"SD","value":96.2,"estimate":"q95"},{"bfs_id":2114,"rcp":"RCP2.6","period":"2035","key":"snowdays","value":17.7,"estimate":"q5"},{"bfs_id":2114,"rcp":"RCP2.6","period":"2035","key":"snowdays","value":25,"estimate":"q50"},{"bfs_id":2114,"rcp":"RCP2.6","period":"2035","key":"snowdays","value":30.9,"estimate":"q95"},{"bfs_id":2114,"rcp":"RCP2.6","period":"2060","key":"snowdays","value":17.1,"estimate":"q5"},{"bfs_id":2114,"rcp":"RCP2.6","period":"2060","key":"snowdays","value":22.9,"estimate":"q50"},{"bfs_id":2114,"rcp":"RCP2.6","period":"2060","key":"snowdays","value":30.3,"estimate":"q95"},{"bfs_id":2114,"rcp":"RCP2.6","period":"2085","key":"snowdays","value":17.1,"estimate":"q5"},{"bfs_id":2114,"rcp":"RCP2.6","period":"2085","key":"snowdays","value":23.8,"estimate":"q50"},{"bfs_id":2114,"rcp":"RCP2.6","period":"2085","key":"snowdays","value":30.3,"estimate":"q95"},{"bfs_id":2114,"rcp":"RCP8.5","period":"2035","key":"snowdays","value":15.7,"estimate":"q5"},{"bfs_id":2114,"rcp":"RCP8.5","period":"2035","key":"snowdays","value":23.4,"estimate":"q50"},{"bfs_id":2114,"rcp":"RCP8.5","period":"2035","key":"snowdays","value":29.3,"estimate":"q95"},{"bfs_id":2114,"rcp":"RCP8.5","period":"2060","key":"snowdays","value":11.4,"estimate":"q5"},{"bfs_id":2114,"rcp":"RCP8.5","period":"2060","key":"snowdays","value":18.4,"estimate":"q50"},{"bfs_id":2114,"rcp":"RCP8.5","period":"2060","key":"snowdays","value":20.9,"estimate":"q95"},{"bfs_id":2114,"rcp":"RCP8.5","period":"2085","key":"snowdays","value":6.1,"estimate":"q5"},{"bfs_id":2114,"rcp":"RCP8.5","period":"2085","key":"snowdays","value":11.6,"estimate":"q50"},{"bfs_id":2114,"rcp":"RCP8.5","period":"2085","key":"snowdays","value":17,"estimate":"q95"},{"bfs_id":2114,"rcp":"RCP2.6","period":"2035","key":"TN","value":0,"estimate":"q5"},{"bfs_id":2114,"rcp":"RCP2.6","period":"2035","key":"TN","value":0.1,"estimate":"q50"},{"bfs_id":2114,"rcp":"RCP2.6","period":"2035","key":"TN","value":0.5,"estimate":"q95"},{"bfs_id":2114,"rcp":"RCP2.6","period":"2060","key":"TN","value":0,"estimate":"q5"},{"bfs_id":2114,"rcp":"RCP2.6","period":"2060","key":"TN","value":0.2,"estimate":"q50"},{"bfs_id":2114,"rcp":"RCP2.6","period":"2060","key":"TN","value":0.6,"estimate":"q95"},{"bfs_id":2114,"rcp":"RCP2.6","period":"2085","key":"TN","value":0,"estimate":"q5"},{"bfs_id":2114,"rcp":"RCP2.6","period":"2085","key":"TN","value":0.2,"estimate":"q50"},{"bfs_id":2114,"rcp":"RCP2.6","period":"2085","key":"TN","value":0.5,"estimate":"q95"},{"bfs_id":2114,"rcp":"RCP8.5","period":"2035","key":"TN","value":0,"estimate":"q5"},{"bfs_id":2114,"rcp":"RCP8.5","period":"2035","key":"TN","value":0.2,"estimate":"q50"},{"bfs_id":2114,"rcp":"RCP8.5","period":"2035","key":"TN","value":1.3,"estimate":"q95"},{"bfs_id":2114,"rcp":"RCP8.5","period":"2060","key":"TN","value":0.3,"estimate":"q5"},{"bfs_id":2114,"rcp":"RCP8.5","period":"2060","key":"TN","value":1.4,"estimate":"q50"},{"bfs_id":2114,"rcp":"RCP8.5","period":"2060","key":"TN","value":3.9,"estimate":"q95"},{"bfs_id":2114,"rcp":"RCP8.5","period":"2085","key":"TN","value":2.5,"estimate":"q5"},{"bfs_id":2114,"rcp":"RCP8.5","period":"2085","key":"TN","value":5.5,"estimate":"q50"},{"bfs_id":2114,"rcp":"RCP8.5","period":"2085","key":"TN","value":19.4,"estimate":"q95"},{"bfs_id":2114,"rcp":"RCP2.6","period":"2035","key":"pr","value":2.6,"estimate":"q5","season":"DJF"},{"bfs_id":2114,"rcp":"RCP2.6","period":"2035","key":"pr","value":3,"estimate":"q5","season":"MAM"},{"bfs_id":2114,"rcp":"RCP2.6","period":"2035","key":"pr","value":2.6,"estimate":"q5","season":"JJA"},{"bfs_id":2114,"rcp":"RCP2.6","period":"2035","key":"pr","value":2.8,"estimate":"q5","season":"SON"},{"bfs_id":2114,"rcp":"RCP2.6","period":"2035","key":"pr","value":3,"estimate":"q50","season":"DJF"},{"bfs_id":2114,"rcp":"RCP2.6","period":"2035","key":"pr","value":3.4,"estimate":"q50","season":"MAM"},{"bfs_id":2114,"rcp":"RCP2.6","period":"2035","key":"pr","value":3.4,"estimate":"q50","season":"JJA"},{"bfs_id":2114,"rcp":"RCP2.6","period":"2035","key":"pr","value":3.1,"estimate":"q50","season":"SON"},{"bfs_id":2114,"rcp":"RCP2.6","period":"2035","key":"pr","value":3.5,"estimate":"q95","season":"DJF"},{"bfs_id":2114,"rcp":"RCP2.6","period":"2035","key":"pr","value":3.8,"estimate":"q95","season":"MAM"},{"bfs_id":2114,"rcp":"RCP2.6","period":"2035","key":"pr","value":3.9,"estimate":"q95","season":"JJA"},{"bfs_id":2114,"rcp":"RCP2.6","period":"2035","key":"pr","value":3.7,"estimate":"q95","season":"SON"},{"bfs_id":2114,"rcp":"RCP2.6","period":"2060","key":"pr","value":2.7,"estimate":"q5","season":"DJF"},{"bfs_id":2114,"rcp":"RCP2.6","period":"2060","key":"pr","value":3.2,"estimate":"q5","season":"MAM"},{"bfs_id":2114,"rcp":"RCP2.6","period":"2060","key":"pr","value":2.7,"estimate":"q5","season":"JJA"},{"bfs_id":2114,"rcp":"RCP2.6","period":"2060","key":"pr","value":2.9,"estimate":"q5","season":"SON"},{"bfs_id":2114,"rcp":"RCP2.6","period":"2060","key":"pr","value":3.1,"estimate":"q50","season":"DJF"},{"bfs_id":2114,"rcp":"RCP2.6","period":"2060","key":"pr","value":3.4,"estimate":"q50","season":"MAM"},{"bfs_id":2114,"rcp":"RCP2.6","period":"2060","key":"pr","value":3.4,"estimate":"q50","season":"JJA"},{"bfs_id":2114,"rcp":"RCP2.6","period":"2060","key":"pr","value":3.1,"estimate":"q50","season":"SON"},{"bfs_id":2114,"rcp":"RCP2.6","period":"2060","key":"pr","value":3.4,"estimate":"q95","season":"DJF"},{"bfs_id":2114,"rcp":"RCP2.6","period":"2060","key":"pr","value":3.8,"estimate":"q95","season":"MAM"},{"bfs_id":2114,"rcp":"RCP2.6","period":"2060","key":"pr","value":4,"estimate":"q95","season":"JJA"},{"bfs_id":2114,"rcp":"RCP2.6","period":"2060","key":"pr","value":3.6,"estimate":"q95","season":"SON"},{"bfs_id":2114,"rcp":"RCP2.6","period":"2085","key":"pr","value":2.8,"estimate":"q5","season":"DJF"},{"bfs_id":2114,"rcp":"RCP2.6","period":"2085","key":"pr","value":3.2,"estimate":"q5","season":"MAM"},{"bfs_id":2114,"rcp":"RCP2.6","period":"2085","key":"pr","value":2.7,"estimate":"q5","season":"JJA"},{"bfs_id":2114,"rcp":"RCP2.6","period":"2085","key":"pr","value":2.6,"estimate":"q5","season":"SON"},{"bfs_id":2114,"rcp":"RCP2.6","period":"2085","key":"pr","value":3,"estimate":"q50","season":"DJF"},{"bfs_id":2114,"rcp":"RCP2.6","period":"2085","key":"pr","value":3.4,"estimate":"q50","season":"MAM"},{"bfs_id":2114,"rcp":"RCP2.6","period":"2085","key":"pr","value":3.5,"estimate":"q50","season":"JJA"},{"bfs_id":2114,"rcp":"RCP2.6","period":"2085","key":"pr","value":3.2,"estimate":"q50","season":"SON"},{"bfs_id":2114,"rcp":"RCP2.6","period":"2085","key":"pr","value":3.4,"estimate":"q95","season":"DJF"},{"bfs_id":2114,"rcp":"RCP2.6","period":"2085","key":"pr","value":3.8,"estimate":"q95","season":"MAM"},{"bfs_id":2114,"rcp":"RCP2.6","period":"2085","key":"pr","value":3.9,"estimate":"q95","season":"JJA"},{"bfs_id":2114,"rcp":"RCP2.6","period":"2085","key":"pr","value":3.7,"estimate":"q95","season":"SON"},{"bfs_id":2114,"rcp":"RCP8.5","period":"2035","key":"pr","value":2.7,"estimate":"q5","season":"DJF"},{"bfs_id":2114,"rcp":"RCP8.5","period":"2035","key":"pr","value":3.3,"estimate":"q5","season":"MAM"},{"bfs_id":2114,"rcp":"RCP8.5","period":"2035","key":"pr","value":2.5,"estimate":"q5","season":"JJA"},{"bfs_id":2114,"rcp":"RCP8.5","period":"2035","key":"pr","value":2.8,"estimate":"q5","season":"SON"},{"bfs_id":2114,"rcp":"RCP8.5","period":"2035","key":"pr","value":3.2,"estimate":"q50","season":"DJF"},{"bfs_id":2114,"rcp":"RCP8.5","period":"2035","key":"pr","value":3.5,"estimate":"q50","season":"MAM"},{"bfs_id":2114,"rcp":"RCP8.5","period":"2035","key":"pr","value":3.5,"estimate":"q50","season":"JJA"},{"bfs_id":2114,"rcp":"RCP8.5","period":"2035","key":"pr","value":3.3,"estimate":"q50","season":"SON"},{"bfs_id":2114,"rcp":"RCP8.5","period":"2035","key":"pr","value":3.5,"estimate":"q95","season":"DJF"},{"bfs_id":2114,"rcp":"RCP8.5","period":"2035","key":"pr","value":3.8,"estimate":"q95","season":"MAM"},{"bfs_id":2114,"rcp":"RCP8.5","period":"2035","key":"pr","value":3.9,"estimate":"q95","season":"JJA"},{"bfs_id":2114,"rcp":"RCP8.5","period":"2035","key":"pr","value":3.7,"estimate":"q95","season":"SON"},{"bfs_id":2114,"rcp":"RCP8.5","period":"2060","key":"pr","value":2.9,"estimate":"q5","season":"DJF"},{"bfs_id":2114,"rcp":"RCP8.5","period":"2060","key":"pr","value":3.3,"estimate":"q5","season":"MAM"},{"bfs_id":2114,"rcp":"RCP8.5","period":"2060","key":"pr","value":2.2,"estimate":"q5","season":"JJA"},{"bfs_id":2114,"rcp":"RCP8.5","period":"2060","key":"pr","value":2.8,"estimate":"q5","season":"SON"},{"bfs_id":2114,"rcp":"RCP8.5","period":"2060","key":"pr","value":3.2,"estimate":"q50","season":"DJF"},{"bfs_id":2114,"rcp":"RCP8.5","period":"2060","key":"pr","value":3.6,"estimate":"q50","season":"MAM"},{"bfs_id":2114,"rcp":"RCP8.5","period":"2060","key":"pr","value":3.3,"estimate":"q50","season":"JJA"},{"bfs_id":2114,"rcp":"RCP8.5","period":"2060","key":"pr","value":3.3,"estimate":"q50","season":"SON"},{"bfs_id":2114,"rcp":"RCP8.5","period":"2060","key":"pr","value":3.5,"estimate":"q95","season":"DJF"},{"bfs_id":2114,"rcp":"RCP8.5","period":"2060","key":"pr","value":4,"estimate":"q95","season":"MAM"},{"bfs_id":2114,"rcp":"RCP8.5","period":"2060","key":"pr","value":3.7,"estimate":"q95","season":"JJA"},{"bfs_id":2114,"rcp":"RCP8.5","period":"2060","key":"pr","value":3.6,"estimate":"q95","season":"SON"},{"bfs_id":2114,"rcp":"RCP8.5","period":"2085","key":"pr","value":3.1,"estimate":"q5","season":"DJF"},{"bfs_id":2114,"rcp":"RCP8.5","period":"2085","key":"pr","value":3.3,"estimate":"q5","season":"MAM"},{"bfs_id":2114,"rcp":"RCP8.5","period":"2085","key":"pr","value":1.6,"estimate":"q5","season":"JJA"},{"bfs_id":2114,"rcp":"RCP8.5","period":"2085","key":"pr","value":2.6,"estimate":"q5","season":"SON"},{"bfs_id":2114,"rcp":"RCP8.5","period":"2085","key":"pr","value":3.4,"estimate":"q50","season":"DJF"},{"bfs_id":2114,"rcp":"RCP8.5","period":"2085","key":"pr","value":3.7,"estimate":"q50","season":"MAM"},{"bfs_id":2114,"rcp":"RCP8.5","period":"2085","key":"pr","value":2.9,"estimate":"q50","season":"JJA"},{"bfs_id":2114,"rcp":"RCP8.5","period":"2085","key":"pr","value":3,"estimate":"q50","season":"SON"},{"bfs_id":2114,"rcp":"RCP8.5","period":"2085","key":"pr","value":4,"estimate":"q95","season":"DJF"},{"bfs_id":2114,"rcp":"RCP8.5","period":"2085","key":"pr","value":4.1,"estimate":"q95","season":"MAM"},{"bfs_id":2114,"rcp":"RCP8.5","period":"2085","key":"pr","value":3.5,"estimate":"q95","season":"JJA"},{"bfs_id":2114,"rcp":"RCP8.5","period":"2085","key":"pr","value":3.8,"estimate":"q95","season":"SON"},{"bfs_id":2114,"rcp":"RCP2.6","period":"2035","key":"tas","value":0.5,"estimate":"q5","season":"DJF"},{"bfs_id":2114,"rcp":"RCP2.6","period":"2035","key":"tas","value":7.4,"estimate":"q5","season":"MAM"},{"bfs_id":2114,"rcp":"RCP2.6","period":"2035","key":"tas","value":16.6,"estimate":"q5","season":"JJA"},{"bfs_id":2114,"rcp":"RCP2.6","period":"2035","key":"tas","value":8.9,"estimate":"q5","season":"SON"},{"bfs_id":2114,"rcp":"RCP2.6","period":"2035","key":"tas","value":1.1,"estimate":"q50","season":"DJF"},{"bfs_id":2114,"rcp":"RCP2.6","period":"2035","key":"tas","value":8,"estimate":"q50","season":"MAM"},{"bfs_id":2114,"rcp":"RCP2.6","period":"2035","key":"tas","value":17.3,"estimate":"q50","season":"JJA"},{"bfs_id":2114,"rcp":"RCP2.6","period":"2035","key":"tas","value":9.3,"estimate":"q50","season":"SON"},{"bfs_id":2114,"rcp":"RCP2.6","period":"2035","key":"tas","value":1.7,"estimate":"q95","season":"DJF"},{"bfs_id":2114,"rcp":"RCP2.6","period":"2035","key":"tas","value":8.3,"estimate":"q95","season":"MAM"},{"bfs_id":2114,"rcp":"RCP2.6","period":"2035","key":"tas","value":18,"estimate":"q95","season":"JJA"},{"bfs_id":2114,"rcp":"RCP2.6","period":"2035","key":"tas","value":10.1,"estimate":"q95","season":"SON"},{"bfs_id":2114,"rcp":"RCP2.6","period":"2060","key":"tas","value":0.6,"estimate":"q5","season":"DJF"},{"bfs_id":2114,"rcp":"RCP2.6","period":"2060","key":"tas","value":7.3,"estimate":"q5","season":"MAM"},{"bfs_id":2114,"rcp":"RCP2.6","period":"2060","key":"tas","value":16.9,"estimate":"q5","season":"JJA"},{"bfs_id":2114,"rcp":"RCP2.6","period":"2060","key":"tas","value":9.2,"estimate":"q5","season":"SON"},{"bfs_id":2114,"rcp":"RCP2.6","period":"2060","key":"tas","value":1.4,"estimate":"q50","season":"DJF"},{"bfs_id":2114,"rcp":"RCP2.6","period":"2060","key":"tas","value":8,"estimate":"q50","season":"MAM"},{"bfs_id":2114,"rcp":"RCP2.6","period":"2060","key":"tas","value":17.4,"estimate":"q50","season":"JJA"},{"bfs_id":2114,"rcp":"RCP2.6","period":"2060","key":"tas","value":9.6,"estimate":"q50","season":"SON"},{"bfs_id":2114,"rcp":"RCP2.6","period":"2060","key":"tas","value":1.9,"estimate":"q95","season":"DJF"},{"bfs_id":2114,"rcp":"RCP2.6","period":"2060","key":"tas","value":8.6,"estimate":"q95","season":"MAM"},{"bfs_id":2114,"rcp":"RCP2.6","period":"2060","key":"tas","value":18.1,"estimate":"q95","season":"JJA"},{"bfs_id":2114,"rcp":"RCP2.6","period":"2060","key":"tas","value":10.5,"estimate":"q95","season":"SON"},{"bfs_id":2114,"rcp":"RCP2.6","period":"2085","key":"tas","value":0.6,"estimate":"q5","season":"DJF"},{"bfs_id":2114,"rcp":"RCP2.6","period":"2085","key":"tas","value":7.3,"estimate":"q5","season":"MAM"},{"bfs_id":2114,"rcp":"RCP2.6","period":"2085","key":"tas","value":16.8,"estimate":"q5","season":"JJA"},{"bfs_id":2114,"rcp":"RCP2.6","period":"2085","key":"tas","value":9,"estimate":"q5","season":"SON"},{"bfs_id":2114,"rcp":"RCP2.6","period":"2085","key":"tas","value":1.4,"estimate":"q50","season":"DJF"},{"bfs_id":2114,"rcp":"RCP2.6","period":"2085","key":"tas","value":8.1,"estimate":"q50","season":"MAM"},{"bfs_id":2114,"rcp":"RCP2.6","period":"2085","key":"tas","value":17.4,"estimate":"q50","season":"JJA"},{"bfs_id":2114,"rcp":"RCP2.6","period":"2085","key":"tas","value":9.5,"estimate":"q50","season":"SON"},{"bfs_id":2114,"rcp":"RCP2.6","period":"2085","key":"tas","value":2,"estimate":"q95","season":"DJF"},{"bfs_id":2114,"rcp":"RCP2.6","period":"2085","key":"tas","value":8.6,"estimate":"q95","season":"MAM"},{"bfs_id":2114,"rcp":"RCP2.6","period":"2085","key":"tas","value":18,"estimate":"q95","season":"JJA"},{"bfs_id":2114,"rcp":"RCP2.6","period":"2085","key":"tas","value":10.4,"estimate":"q95","season":"SON"},{"bfs_id":2114,"rcp":"RCP8.5","period":"2035","key":"tas","value":0.6,"estimate":"q5","season":"DJF"},{"bfs_id":2114,"rcp":"RCP8.5","period":"2035","key":"tas","value":7.6,"estimate":"q5","season":"MAM"},{"bfs_id":2114,"rcp":"RCP8.5","period":"2035","key":"tas","value":17,"estimate":"q5","season":"JJA"},{"bfs_id":2114,"rcp":"RCP8.5","period":"2035","key":"tas","value":9.2,"estimate":"q5","season":"SON"},{"bfs_id":2114,"rcp":"RCP8.5","period":"2035","key":"tas","value":1.4,"estimate":"q50","season":"DJF"},{"bfs_id":2114,"rcp":"RCP8.5","period":"2035","key":"tas","value":8,"estimate":"q50","season":"MAM"},{"bfs_id":2114,"rcp":"RCP8.5","period":"2035","key":"tas","value":17.6,"estimate":"q50","season":"JJA"},{"bfs_id":2114,"rcp":"RCP8.5","period":"2035","key":"tas","value":9.6,"estimate":"q50","season":"SON"},{"bfs_id":2114,"rcp":"RCP8.5","period":"2035","key":"tas","value":1.9,"estimate":"q95","season":"DJF"},{"bfs_id":2114,"rcp":"RCP8.5","period":"2035","key":"tas","value":8.5,"estimate":"q95","season":"MAM"},{"bfs_id":2114,"rcp":"RCP8.5","period":"2035","key":"tas","value":18.2,"estimate":"q95","season":"JJA"},{"bfs_id":2114,"rcp":"RCP8.5","period":"2035","key":"tas","value":10.5,"estimate":"q95","season":"SON"},{"bfs_id":2114,"rcp":"RCP8.5","period":"2060","key":"tas","value":1.8,"estimate":"q5","season":"DJF"},{"bfs_id":2114,"rcp":"RCP8.5","period":"2060","key":"tas","value":8.5,"estimate":"q5","season":"MAM"},{"bfs_id":2114,"rcp":"RCP8.5","period":"2060","key":"tas","value":18.2,"estimate":"q5","season":"JJA"},{"bfs_id":2114,"rcp":"RCP8.5","period":"2060","key":"tas","value":10.3,"estimate":"q5","season":"SON"},{"bfs_id":2114,"rcp":"RCP8.5","period":"2060","key":"tas","value":2.3,"estimate":"q50","season":"DJF"},{"bfs_id":2114,"rcp":"RCP8.5","period":"2060","key":"tas","value":9,"estimate":"q50","season":"MAM"},{"bfs_id":2114,"rcp":"RCP8.5","period":"2060","key":"tas","value":18.7,"estimate":"q50","season":"JJA"},{"bfs_id":2114,"rcp":"RCP8.5","period":"2060","key":"tas","value":10.9,"estimate":"q50","season":"SON"},{"bfs_id":2114,"rcp":"RCP8.5","period":"2060","key":"tas","value":3.1,"estimate":"q95","season":"DJF"},{"bfs_id":2114,"rcp":"RCP8.5","period":"2060","key":"tas","value":9.7,"estimate":"q95","season":"MAM"},{"bfs_id":2114,"rcp":"RCP8.5","period":"2060","key":"tas","value":20,"estimate":"q95","season":"JJA"},{"bfs_id":2114,"rcp":"RCP8.5","period":"2060","key":"tas","value":11.8,"estimate":"q95","season":"SON"},{"bfs_id":2114,"rcp":"RCP8.5","period":"2085","key":"tas","value":3.1,"estimate":"q5","season":"DJF"},{"bfs_id":2114,"rcp":"RCP8.5","period":"2085","key":"tas","value":9.5,"estimate":"q5","season":"MAM"},{"bfs_id":2114,"rcp":"RCP8.5","period":"2085","key":"tas","value":19.6,"estimate":"q5","season":"JJA"},{"bfs_id":2114,"rcp":"RCP8.5","period":"2085","key":"tas","value":11.4,"estimate":"q5","season":"SON"},{"bfs_id":2114,"rcp":"RCP8.5","period":"2085","key":"tas","value":4.2,"estimate":"q50","season":"DJF"},{"bfs_id":2114,"rcp":"RCP8.5","period":"2085","key":"tas","value":10.4,"estimate":"q50","season":"MAM"},{"bfs_id":2114,"rcp":"RCP8.5","period":"2085","key":"tas","value":20.3,"estimate":"q50","season":"JJA"},{"bfs_id":2114,"rcp":"RCP8.5","period":"2085","key":"tas","value":12.4,"estimate":"q50","season":"SON"},{"bfs_id":2114,"rcp":"RCP8.5","period":"2085","key":"tas","value":5.2,"estimate":"q95","season":"DJF"},{"bfs_id":2114,"rcp":"RCP8.5","period":"2085","key":"tas","value":11.6,"estimate":"q95","season":"MAM"},{"bfs_id":2114,"rcp":"RCP8.5","period":"2085","key":"tas","value":22.7,"estimate":"q95","season":"JJA"},{"bfs_id":2114,"rcp":"RCP8.5","period":"2085","key":"tas","value":13.9,"estimate":"q95","season":"SON"},{"bfs_id":2114,"rcp":"obs","period":"1981-2010","key":"FD","value":111.6,"estimate":"yearly_mean"},{"bfs_id":2114,"rcp":"obs","period":"1981-2010","key":"HD","value":2.4,"estimate":"yearly_mean"},{"bfs_id":2114,"rcp":"obs","period":"1981-2010","key":"ID","value":28.2,"estimate":"yearly_mean"},{"bfs_id":2114,"rcp":"obs","period":"1981-2010","key":"SD","value":25.6,"estimate":"yearly_mean"},{"bfs_id":2114,"rcp":"obs","period":"1981-2010","key":"snowdays","value":26.9,"estimate":"yearly_mean"},{"bfs_id":2114,"rcp":"obs","period":"1981-2010","key":"TN","value":0,"estimate":"yearly_mean"},{"bfs_id":2114,"rcp":"obs","period":"1981-2010","key":"pr","value":2.7,"estimate":"mean","season":"DJF"},{"bfs_id":2114,"rcp":"obs","period":"1981-2010","key":"pr","value":3.3,"estimate":"mean","season":"MAM"},{"bfs_id":2114,"rcp":"obs","period":"1981-2010","key":"pr","value":3.9,"estimate":"mean","season":"JJA"},{"bfs_id":2114,"rcp":"obs","period":"1981-2010","key":"pr","value":3.3,"estimate":"mean","season":"SON"},{"bfs_id":2114,"rcp":"obs","period":"1981-2010","key":"tas","value":-0.1,"estimate":"mean","season":"DJF"},{"bfs_id":2114,"rcp":"obs","period":"1981-2010","key":"tas","value":7.2,"estimate":"mean","season":"MAM"},{"bfs_id":2114,"rcp":"obs","period":"1981-2010","key":"tas","value":16.1,"estimate":"mean","season":"JJA"},{"bfs_id":2114,"rcp":"obs","period":"1981-2010","key":"tas","value":8.2,"estimate":"mean","season":"SON"}]
