[{"bfs_id":5798,"rcp":"RCP2.6","period":"2035","key":"FD","value":59.4,"estimate":"q5"},{"bfs_id":5798,"rcp":"RCP2.6","period":"2035","key":"FD","value":70.5,"estimate":"q50"},{"bfs_id":5798,"rcp":"RCP2.6","period":"2035","key":"FD","value":77.4,"estimate":"q95"},{"bfs_id":5798,"rcp":"RCP2.6","period":"2060","key":"FD","value":55.7,"estimate":"q5"},{"bfs_id":5798,"rcp":"RCP2.6","period":"2060","key":"FD","value":65.9,"estimate":"q50"},{"bfs_id":5798,"rcp":"RCP2.6","period":"2060","key":"FD","value":73.2,"estimate":"q95"},{"bfs_id":5798,"rcp":"RCP2.6","period":"2085","key":"FD","value":53.5,"estimate":"q5"},{"bfs_id":5798,"rcp":"RCP2.6","period":"2085","key":"FD","value":66.3,"estimate":"q50"},{"bfs_id":5798,"rcp":"RCP2.6","period":"2085","key":"FD","value":75.1,"estimate":"q95"},{"bfs_id":5798,"rcp":"RCP8.5","period":"2035","key":"FD","value":55.6,"estimate":"q5"},{"bfs_id":5798,"rcp":"RCP8.5","period":"2035","key":"FD","value":67.2,"estimate":"q50"},{"bfs_id":5798,"rcp":"RCP8.5","period":"2035","key":"FD","value":74.2,"estimate":"q95"},{"bfs_id":5798,"rcp":"RCP8.5","period":"2060","key":"FD","value":43,"estimate":"q5"},{"bfs_id":5798,"rcp":"RCP8.5","period":"2060","key":"FD","value":51.4,"estimate":"q50"},{"bfs_id":5798,"rcp":"RCP8.5","period":"2060","key":"FD","value":58.1,"estimate":"q95"},{"bfs_id":5798,"rcp":"RCP8.5","period":"2085","key":"FD","value":24.4,"estimate":"q5"},{"bfs_id":5798,"rcp":"RCP8.5","period":"2085","key":"FD","value":31.6,"estimate":"q50"},{"bfs_id":5798,"rcp":"RCP8.5","period":"2085","key":"FD","value":41.4,"estimate":"q95"},{"bfs_id":5798,"rcp":"RCP2.6","period":"2035","key":"HD","value":5.5,"estimate":"q5"},{"bfs_id":5798,"rcp":"RCP2.6","period":"2035","key":"HD","value":9.4,"estimate":"q50"},{"bfs_id":5798,"rcp":"RCP2.6","period":"2035","key":"HD","value":14.1,"estimate":"q95"},{"bfs_id":5798,"rcp":"RCP2.6","period":"2060","key":"HD","value":6.8,"estimate":"q5"},{"bfs_id":5798,"rcp":"RCP2.6","period":"2060","key":"HD","value":9.7,"estimate":"q50"},{"bfs_id":5798,"rcp":"RCP2.6","period":"2060","key":"HD","value":17.7,"estimate":"q95"},{"bfs_id":5798,"rcp":"RCP2.6","period":"2085","key":"HD","value":6.4,"estimate":"q5"},{"bfs_id":5798,"rcp":"RCP2.6","period":"2085","key":"HD","value":9,"estimate":"q50"},{"bfs_id":5798,"rcp":"RCP2.6","period":"2085","key":"HD","value":16.9,"estimate":"q95"},{"bfs_id":5798,"rcp":"RCP8.5","period":"2035","key":"HD","value":7.8,"estimate":"q5"},{"bfs_id":5798,"rcp":"RCP8.5","period":"2035","key":"HD","value":9.6,"estimate":"q50"},{"bfs_id":5798,"rcp":"RCP8.5","period":"2035","key":"HD","value":15.1,"estimate":"q95"},{"bfs_id":5798,"rcp":"RCP8.5","period":"2060","key":"HD","value":12.7,"estimate":"q5"},{"bfs_id":5798,"rcp":"RCP8.5","period":"2060","key":"HD","value":17.9,"estimate":"q50"},{"bfs_id":5798,"rcp":"RCP8.5","period":"2060","key":"HD","value":32.2,"estimate":"q95"},{"bfs_id":5798,"rcp":"RCP8.5","period":"2085","key":"HD","value":25.6,"estimate":"q5"},{"bfs_id":5798,"rcp":"RCP8.5","period":"2085","key":"HD","value":33.7,"estimate":"q50"},{"bfs_id":5798,"rcp":"RCP8.5","period":"2085","key":"HD","value":55.4,"estimate":"q95"},{"bfs_id":5798,"rcp":"RCP2.6","period":"2035","key":"ID","value":9.9,"estimate":"q5"},{"bfs_id":5798,"rcp":"RCP2.6","period":"2035","key":"ID","value":13.4,"estimate":"q50"},{"bfs_id":5798,"rcp":"RCP2.6","period":"2035","key":"ID","value":16.2,"estimate":"q95"},{"bfs_id":5798,"rcp":"RCP2.6","period":"2060","key":"ID","value":9.3,"estimate":"q5"},{"bfs_id":5798,"rcp":"RCP2.6","period":"2060","key":"ID","value":12.8,"estimate":"q50"},{"bfs_id":5798,"rcp":"RCP2.6","period":"2060","key":"ID","value":15.6,"estimate":"q95"},{"bfs_id":5798,"rcp":"RCP2.6","period":"2085","key":"ID","value":9.4,"estimate":"q5"},{"bfs_id":5798,"rcp":"RCP2.6","period":"2085","key":"ID","value":12.7,"estimate":"q50"},{"bfs_id":5798,"rcp":"RCP2.6","period":"2085","key":"ID","value":15.7,"estimate":"q95"},{"bfs_id":5798,"rcp":"RCP8.5","period":"2035","key":"ID","value":9.6,"estimate":"q5"},{"bfs_id":5798,"rcp":"RCP8.5","period":"2035","key":"ID","value":12,"estimate":"q50"},{"bfs_id":5798,"rcp":"RCP8.5","period":"2035","key":"ID","value":15.5,"estimate":"q95"},{"bfs_id":5798,"rcp":"RCP8.5","period":"2060","key":"ID","value":6.3,"estimate":"q5"},{"bfs_id":5798,"rcp":"RCP8.5","period":"2060","key":"ID","value":8.7,"estimate":"q50"},{"bfs_id":5798,"rcp":"RCP8.5","period":"2060","key":"ID","value":10.9,"estimate":"q95"},{"bfs_id":5798,"rcp":"RCP8.5","period":"2085","key":"ID","value":1.8,"estimate":"q5"},{"bfs_id":5798,"rcp":"RCP8.5","period":"2085","key":"ID","value":3.9,"estimate":"q50"},{"bfs_id":5798,"rcp":"RCP8.5","period":"2085","key":"ID","value":6.2,"estimate":"q95"},{"bfs_id":5798,"rcp":"RCP2.6","period":"2035","key":"SD","value":42.5,"estimate":"q5"},{"bfs_id":5798,"rcp":"RCP2.6","period":"2035","key":"SD","value":49.3,"estimate":"q50"},{"bfs_id":5798,"rcp":"RCP2.6","period":"2035","key":"SD","value":57.4,"estimate":"q95"},{"bfs_id":5798,"rcp":"RCP2.6","period":"2060","key":"SD","value":44.2,"estimate":"q5"},{"bfs_id":5798,"rcp":"RCP2.6","period":"2060","key":"SD","value":50.3,"estimate":"q50"},{"bfs_id":5798,"rcp":"RCP2.6","period":"2060","key":"SD","value":57.9,"estimate":"q95"},{"bfs_id":5798,"rcp":"RCP2.6","period":"2085","key":"SD","value":43.5,"estimate":"q5"},{"bfs_id":5798,"rcp":"RCP2.6","period":"2085","key":"SD","value":50,"estimate":"q50"},{"bfs_id":5798,"rcp":"RCP2.6","period":"2085","key":"SD","value":57.2,"estimate":"q95"},{"bfs_id":5798,"rcp":"RCP8.5","period":"2035","key":"SD","value":44.9,"estimate":"q5"},{"bfs_id":5798,"rcp":"RCP8.5","period":"2035","key":"SD","value":51.6,"estimate":"q50"},{"bfs_id":5798,"rcp":"RCP8.5","period":"2035","key":"SD","value":58.9,"estimate":"q95"},{"bfs_id":5798,"rcp":"RCP8.5","period":"2060","key":"SD","value":60.8,"estimate":"q5"},{"bfs_id":5798,"rcp":"RCP8.5","period":"2060","key":"SD","value":68.4,"estimate":"q50"},{"bfs_id":5798,"rcp":"RCP8.5","period":"2060","key":"SD","value":82.4,"estimate":"q95"},{"bfs_id":5798,"rcp":"RCP8.5","period":"2085","key":"SD","value":77.2,"estimate":"q5"},{"bfs_id":5798,"rcp":"RCP8.5","period":"2085","key":"SD","value":89.2,"estimate":"q50"},{"bfs_id":5798,"rcp":"RCP8.5","period":"2085","key":"SD","value":109,"estimate":"q95"},{"bfs_id":5798,"rcp":"RCP2.6","period":"2035","key":"snowdays","value":13.1,"estimate":"q5"},{"bfs_id":5798,"rcp":"RCP2.6","period":"2035","key":"snowdays","value":17.1,"estimate":"q50"},{"bfs_id":5798,"rcp":"RCP2.6","period":"2035","key":"snowdays","value":21.5,"estimate":"q95"},{"bfs_id":5798,"rcp":"RCP2.6","period":"2060","key":"snowdays","value":12.4,"estimate":"q5"},{"bfs_id":5798,"rcp":"RCP2.6","period":"2060","key":"snowdays","value":16.2,"estimate":"q50"},{"bfs_id":5798,"rcp":"RCP2.6","period":"2060","key":"snowdays","value":20.1,"estimate":"q95"},{"bfs_id":5798,"rcp":"RCP2.6","period":"2085","key":"snowdays","value":12.1,"estimate":"q5"},{"bfs_id":5798,"rcp":"RCP2.6","period":"2085","key":"snowdays","value":16.4,"estimate":"q50"},{"bfs_id":5798,"rcp":"RCP2.6","period":"2085","key":"snowdays","value":21.1,"estimate":"q95"},{"bfs_id":5798,"rcp":"RCP8.5","period":"2035","key":"snowdays","value":10,"estimate":"q5"},{"bfs_id":5798,"rcp":"RCP8.5","period":"2035","key":"snowdays","value":14.9,"estimate":"q50"},{"bfs_id":5798,"rcp":"RCP8.5","period":"2035","key":"snowdays","value":21.3,"estimate":"q95"},{"bfs_id":5798,"rcp":"RCP8.5","period":"2060","key":"snowdays","value":7.5,"estimate":"q5"},{"bfs_id":5798,"rcp":"RCP8.5","period":"2060","key":"snowdays","value":11.3,"estimate":"q50"},{"bfs_id":5798,"rcp":"RCP8.5","period":"2060","key":"snowdays","value":15.4,"estimate":"q95"},{"bfs_id":5798,"rcp":"RCP8.5","period":"2085","key":"snowdays","value":3.4,"estimate":"q5"},{"bfs_id":5798,"rcp":"RCP8.5","period":"2085","key":"snowdays","value":6.6,"estimate":"q50"},{"bfs_id":5798,"rcp":"RCP8.5","period":"2085","key":"snowdays","value":10.3,"estimate":"q95"},{"bfs_id":5798,"rcp":"RCP2.6","period":"2035","key":"TN","value":0.3,"estimate":"q5"},{"bfs_id":5798,"rcp":"RCP2.6","period":"2035","key":"TN","value":0.7,"estimate":"q50"},{"bfs_id":5798,"rcp":"RCP2.6","period":"2035","key":"TN","value":1.6,"estimate":"q95"},{"bfs_id":5798,"rcp":"RCP2.6","period":"2060","key":"TN","value":0.4,"estimate":"q5"},{"bfs_id":5798,"rcp":"RCP2.6","period":"2060","key":"TN","value":0.9,"estimate":"q50"},{"bfs_id":5798,"rcp":"RCP2.6","period":"2060","key":"TN","value":1.8,"estimate":"q95"},{"bfs_id":5798,"rcp":"RCP2.6","period":"2085","key":"TN","value":0.3,"estimate":"q5"},{"bfs_id":5798,"rcp":"RCP2.6","period":"2085","key":"TN","value":1.1,"estimate":"q50"},{"bfs_id":5798,"rcp":"RCP2.6","period":"2085","key":"TN","value":1.6,"estimate":"q95"},{"bfs_id":5798,"rcp":"RCP8.5","period":"2035","key":"TN","value":0.5,"estimate":"q5"},{"bfs_id":5798,"rcp":"RCP8.5","period":"2035","key":"TN","value":1,"estimate":"q50"},{"bfs_id":5798,"rcp":"RCP8.5","period":"2035","key":"TN","value":3.5,"estimate":"q95"},{"bfs_id":5798,"rcp":"RCP8.5","period":"2060","key":"TN","value":2.1,"estimate":"q5"},{"bfs_id":5798,"rcp":"RCP8.5","period":"2060","key":"TN","value":4.7,"estimate":"q50"},{"bfs_id":5798,"rcp":"RCP8.5","period":"2060","key":"TN","value":8.6,"estimate":"q95"},{"bfs_id":5798,"rcp":"RCP8.5","period":"2085","key":"TN","value":8.8,"estimate":"q5"},{"bfs_id":5798,"rcp":"RCP8.5","period":"2085","key":"TN","value":12.6,"estimate":"q50"},{"bfs_id":5798,"rcp":"RCP8.5","period":"2085","key":"TN","value":31.6,"estimate":"q95"},{"bfs_id":5798,"rcp":"RCP2.6","period":"2035","key":"pr","value":3,"estimate":"q5","season":"DJF"},{"bfs_id":5798,"rcp":"RCP2.6","period":"2035","key":"pr","value":3,"estimate":"q5","season":"MAM"},{"bfs_id":5798,"rcp":"RCP2.6","period":"2035","key":"pr","value":2.8,"estimate":"q5","season":"JJA"},{"bfs_id":5798,"rcp":"RCP2.6","period":"2035","key":"pr","value":3.2,"estimate":"q5","season":"SON"},{"bfs_id":5798,"rcp":"RCP2.6","period":"2035","key":"pr","value":3.4,"estimate":"q50","season":"DJF"},{"bfs_id":5798,"rcp":"RCP2.6","period":"2035","key":"pr","value":3.5,"estimate":"q50","season":"MAM"},{"bfs_id":5798,"rcp":"RCP2.6","period":"2035","key":"pr","value":3.3,"estimate":"q50","season":"JJA"},{"bfs_id":5798,"rcp":"RCP2.6","period":"2035","key":"pr","value":3.5,"estimate":"q50","season":"SON"},{"bfs_id":5798,"rcp":"RCP2.6","period":"2035","key":"pr","value":4,"estimate":"q95","season":"DJF"},{"bfs_id":5798,"rcp":"RCP2.6","period":"2035","key":"pr","value":3.8,"estimate":"q95","season":"MAM"},{"bfs_id":5798,"rcp":"RCP2.6","period":"2035","key":"pr","value":3.9,"estimate":"q95","season":"JJA"},{"bfs_id":5798,"rcp":"RCP2.6","period":"2035","key":"pr","value":4.1,"estimate":"q95","season":"SON"},{"bfs_id":5798,"rcp":"RCP2.6","period":"2060","key":"pr","value":3.1,"estimate":"q5","season":"DJF"},{"bfs_id":5798,"rcp":"RCP2.6","period":"2060","key":"pr","value":3.2,"estimate":"q5","season":"MAM"},{"bfs_id":5798,"rcp":"RCP2.6","period":"2060","key":"pr","value":2.8,"estimate":"q5","season":"JJA"},{"bfs_id":5798,"rcp":"RCP2.6","period":"2060","key":"pr","value":3.3,"estimate":"q5","season":"SON"},{"bfs_id":5798,"rcp":"RCP2.6","period":"2060","key":"pr","value":3.4,"estimate":"q50","season":"DJF"},{"bfs_id":5798,"rcp":"RCP2.6","period":"2060","key":"pr","value":3.5,"estimate":"q50","season":"MAM"},{"bfs_id":5798,"rcp":"RCP2.6","period":"2060","key":"pr","value":3.3,"estimate":"q50","season":"JJA"},{"bfs_id":5798,"rcp":"RCP2.6","period":"2060","key":"pr","value":3.6,"estimate":"q50","season":"SON"},{"bfs_id":5798,"rcp":"RCP2.6","period":"2060","key":"pr","value":3.9,"estimate":"q95","season":"DJF"},{"bfs_id":5798,"rcp":"RCP2.6","period":"2060","key":"pr","value":3.9,"estimate":"q95","season":"MAM"},{"bfs_id":5798,"rcp":"RCP2.6","period":"2060","key":"pr","value":3.9,"estimate":"q95","season":"JJA"},{"bfs_id":5798,"rcp":"RCP2.6","period":"2060","key":"pr","value":4.1,"estimate":"q95","season":"SON"},{"bfs_id":5798,"rcp":"RCP2.6","period":"2085","key":"pr","value":3.1,"estimate":"q5","season":"DJF"},{"bfs_id":5798,"rcp":"RCP2.6","period":"2085","key":"pr","value":3.2,"estimate":"q5","season":"MAM"},{"bfs_id":5798,"rcp":"RCP2.6","period":"2085","key":"pr","value":2.9,"estimate":"q5","season":"JJA"},{"bfs_id":5798,"rcp":"RCP2.6","period":"2085","key":"pr","value":3,"estimate":"q5","season":"SON"},{"bfs_id":5798,"rcp":"RCP2.6","period":"2085","key":"pr","value":3.5,"estimate":"q50","season":"DJF"},{"bfs_id":5798,"rcp":"RCP2.6","period":"2085","key":"pr","value":3.4,"estimate":"q50","season":"MAM"},{"bfs_id":5798,"rcp":"RCP2.6","period":"2085","key":"pr","value":3.4,"estimate":"q50","season":"JJA"},{"bfs_id":5798,"rcp":"RCP2.6","period":"2085","key":"pr","value":3.5,"estimate":"q50","season":"SON"},{"bfs_id":5798,"rcp":"RCP2.6","period":"2085","key":"pr","value":3.9,"estimate":"q95","season":"DJF"},{"bfs_id":5798,"rcp":"RCP2.6","period":"2085","key":"pr","value":3.9,"estimate":"q95","season":"MAM"},{"bfs_id":5798,"rcp":"RCP2.6","period":"2085","key":"pr","value":3.8,"estimate":"q95","season":"JJA"},{"bfs_id":5798,"rcp":"RCP2.6","period":"2085","key":"pr","value":4.1,"estimate":"q95","season":"SON"},{"bfs_id":5798,"rcp":"RCP8.5","period":"2035","key":"pr","value":3.2,"estimate":"q5","season":"DJF"},{"bfs_id":5798,"rcp":"RCP8.5","period":"2035","key":"pr","value":3.2,"estimate":"q5","season":"MAM"},{"bfs_id":5798,"rcp":"RCP8.5","period":"2035","key":"pr","value":2.5,"estimate":"q5","season":"JJA"},{"bfs_id":5798,"rcp":"RCP8.5","period":"2035","key":"pr","value":3.1,"estimate":"q5","season":"SON"},{"bfs_id":5798,"rcp":"RCP8.5","period":"2035","key":"pr","value":3.6,"estimate":"q50","season":"DJF"},{"bfs_id":5798,"rcp":"RCP8.5","period":"2035","key":"pr","value":3.6,"estimate":"q50","season":"MAM"},{"bfs_id":5798,"rcp":"RCP8.5","period":"2035","key":"pr","value":3.4,"estimate":"q50","season":"JJA"},{"bfs_id":5798,"rcp":"RCP8.5","period":"2035","key":"pr","value":3.8,"estimate":"q50","season":"SON"},{"bfs_id":5798,"rcp":"RCP8.5","period":"2035","key":"pr","value":4,"estimate":"q95","season":"DJF"},{"bfs_id":5798,"rcp":"RCP8.5","period":"2035","key":"pr","value":3.8,"estimate":"q95","season":"MAM"},{"bfs_id":5798,"rcp":"RCP8.5","period":"2035","key":"pr","value":3.9,"estimate":"q95","season":"JJA"},{"bfs_id":5798,"rcp":"RCP8.5","period":"2035","key":"pr","value":4.1,"estimate":"q95","season":"SON"},{"bfs_id":5798,"rcp":"RCP8.5","period":"2060","key":"pr","value":3.4,"estimate":"q5","season":"DJF"},{"bfs_id":5798,"rcp":"RCP8.5","period":"2060","key":"pr","value":3.4,"estimate":"q5","season":"MAM"},{"bfs_id":5798,"rcp":"RCP8.5","period":"2060","key":"pr","value":2.2,"estimate":"q5","season":"JJA"},{"bfs_id":5798,"rcp":"RCP8.5","period":"2060","key":"pr","value":3.2,"estimate":"q5","season":"SON"},{"bfs_id":5798,"rcp":"RCP8.5","period":"2060","key":"pr","value":3.6,"estimate":"q50","season":"DJF"},{"bfs_id":5798,"rcp":"RCP8.5","period":"2060","key":"pr","value":3.7,"estimate":"q50","season":"MAM"},{"bfs_id":5798,"rcp":"RCP8.5","period":"2060","key":"pr","value":3.3,"estimate":"q50","season":"JJA"},{"bfs_id":5798,"rcp":"RCP8.5","period":"2060","key":"pr","value":3.7,"estimate":"q50","season":"SON"},{"bfs_id":5798,"rcp":"RCP8.5","period":"2060","key":"pr","value":4,"estimate":"q95","season":"DJF"},{"bfs_id":5798,"rcp":"RCP8.5","period":"2060","key":"pr","value":4,"estimate":"q95","season":"MAM"},{"bfs_id":5798,"rcp":"RCP8.5","period":"2060","key":"pr","value":3.7,"estimate":"q95","season":"JJA"},{"bfs_id":5798,"rcp":"RCP8.5","period":"2060","key":"pr","value":4,"estimate":"q95","season":"SON"},{"bfs_id":5798,"rcp":"RCP8.5","period":"2085","key":"pr","value":3.5,"estimate":"q5","season":"DJF"},{"bfs_id":5798,"rcp":"RCP8.5","period":"2085","key":"pr","value":3.3,"estimate":"q5","season":"MAM"},{"bfs_id":5798,"rcp":"RCP8.5","period":"2085","key":"pr","value":1.7,"estimate":"q5","season":"JJA"},{"bfs_id":5798,"rcp":"RCP8.5","period":"2085","key":"pr","value":2.9,"estimate":"q5","season":"SON"},{"bfs_id":5798,"rcp":"RCP8.5","period":"2085","key":"pr","value":4,"estimate":"q50","season":"DJF"},{"bfs_id":5798,"rcp":"RCP8.5","period":"2085","key":"pr","value":3.8,"estimate":"q50","season":"MAM"},{"bfs_id":5798,"rcp":"RCP8.5","period":"2085","key":"pr","value":2.7,"estimate":"q50","season":"JJA"},{"bfs_id":5798,"rcp":"RCP8.5","period":"2085","key":"pr","value":3.5,"estimate":"q50","season":"SON"},{"bfs_id":5798,"rcp":"RCP8.5","period":"2085","key":"pr","value":4.5,"estimate":"q95","season":"DJF"},{"bfs_id":5798,"rcp":"RCP8.5","period":"2085","key":"pr","value":4.2,"estimate":"q95","season":"MAM"},{"bfs_id":5798,"rcp":"RCP8.5","period":"2085","key":"pr","value":3.4,"estimate":"q95","season":"JJA"},{"bfs_id":5798,"rcp":"RCP8.5","period":"2085","key":"pr","value":4.2,"estimate":"q95","season":"SON"},{"bfs_id":5798,"rcp":"RCP2.6","period":"2035","key":"tas","value":1.7,"estimate":"q5","season":"DJF"},{"bfs_id":5798,"rcp":"RCP2.6","period":"2035","key":"tas","value":8.5,"estimate":"q5","season":"MAM"},{"bfs_id":5798,"rcp":"RCP2.6","period":"2035","key":"tas","value":17.8,"estimate":"q5","season":"JJA"},{"bfs_id":5798,"rcp":"RCP2.6","period":"2035","key":"tas","value":10.1,"estimate":"q5","season":"SON"},{"bfs_id":5798,"rcp":"RCP2.6","period":"2035","key":"tas","value":2.1,"estimate":"q50","season":"DJF"},{"bfs_id":5798,"rcp":"RCP2.6","period":"2035","key":"tas","value":9.2,"estimate":"q50","season":"MAM"},{"bfs_id":5798,"rcp":"RCP2.6","period":"2035","key":"tas","value":18.5,"estimate":"q50","season":"JJA"},{"bfs_id":5798,"rcp":"RCP2.6","period":"2035","key":"tas","value":10.5,"estimate":"q50","season":"SON"},{"bfs_id":5798,"rcp":"RCP2.6","period":"2035","key":"tas","value":2.8,"estimate":"q95","season":"DJF"},{"bfs_id":5798,"rcp":"RCP2.6","period":"2035","key":"tas","value":9.4,"estimate":"q95","season":"MAM"},{"bfs_id":5798,"rcp":"RCP2.6","period":"2035","key":"tas","value":19.2,"estimate":"q95","season":"JJA"},{"bfs_id":5798,"rcp":"RCP2.6","period":"2035","key":"tas","value":11.3,"estimate":"q95","season":"SON"},{"bfs_id":5798,"rcp":"RCP2.6","period":"2060","key":"tas","value":1.7,"estimate":"q5","season":"DJF"},{"bfs_id":5798,"rcp":"RCP2.6","period":"2060","key":"tas","value":8.5,"estimate":"q5","season":"MAM"},{"bfs_id":5798,"rcp":"RCP2.6","period":"2060","key":"tas","value":18.1,"estimate":"q5","season":"JJA"},{"bfs_id":5798,"rcp":"RCP2.6","period":"2060","key":"tas","value":10.4,"estimate":"q5","season":"SON"},{"bfs_id":5798,"rcp":"RCP2.6","period":"2060","key":"tas","value":2.5,"estimate":"q50","season":"DJF"},{"bfs_id":5798,"rcp":"RCP2.6","period":"2060","key":"tas","value":9.1,"estimate":"q50","season":"MAM"},{"bfs_id":5798,"rcp":"RCP2.6","period":"2060","key":"tas","value":18.6,"estimate":"q50","season":"JJA"},{"bfs_id":5798,"rcp":"RCP2.6","period":"2060","key":"tas","value":10.8,"estimate":"q50","season":"SON"},{"bfs_id":5798,"rcp":"RCP2.6","period":"2060","key":"tas","value":3,"estimate":"q95","season":"DJF"},{"bfs_id":5798,"rcp":"RCP2.6","period":"2060","key":"tas","value":9.7,"estimate":"q95","season":"MAM"},{"bfs_id":5798,"rcp":"RCP2.6","period":"2060","key":"tas","value":19.3,"estimate":"q95","season":"JJA"},{"bfs_id":5798,"rcp":"RCP2.6","period":"2060","key":"tas","value":11.7,"estimate":"q95","season":"SON"},{"bfs_id":5798,"rcp":"RCP2.6","period":"2085","key":"tas","value":1.7,"estimate":"q5","season":"DJF"},{"bfs_id":5798,"rcp":"RCP2.6","period":"2085","key":"tas","value":8.5,"estimate":"q5","season":"MAM"},{"bfs_id":5798,"rcp":"RCP2.6","period":"2085","key":"tas","value":18,"estimate":"q5","season":"JJA"},{"bfs_id":5798,"rcp":"RCP2.6","period":"2085","key":"tas","value":10.2,"estimate":"q5","season":"SON"},{"bfs_id":5798,"rcp":"RCP2.6","period":"2085","key":"tas","value":2.4,"estimate":"q50","season":"DJF"},{"bfs_id":5798,"rcp":"RCP2.6","period":"2085","key":"tas","value":9.2,"estimate":"q50","season":"MAM"},{"bfs_id":5798,"rcp":"RCP2.6","period":"2085","key":"tas","value":18.7,"estimate":"q50","season":"JJA"},{"bfs_id":5798,"rcp":"RCP2.6","period":"2085","key":"tas","value":10.7,"estimate":"q50","season":"SON"},{"bfs_id":5798,"rcp":"RCP2.6","period":"2085","key":"tas","value":3.1,"estimate":"q95","season":"DJF"},{"bfs_id":5798,"rcp":"RCP2.6","period":"2085","key":"tas","value":9.8,"estimate":"q95","season":"MAM"},{"bfs_id":5798,"rcp":"RCP2.6","period":"2085","key":"tas","value":19.2,"estimate":"q95","season":"JJA"},{"bfs_id":5798,"rcp":"RCP2.6","period":"2085","key":"tas","value":11.6,"estimate":"q95","season":"SON"},{"bfs_id":5798,"rcp":"RCP8.5","period":"2035","key":"tas","value":1.6,"estimate":"q5","season":"DJF"},{"bfs_id":5798,"rcp":"RCP8.5","period":"2035","key":"tas","value":8.8,"estimate":"q5","season":"MAM"},{"bfs_id":5798,"rcp":"RCP8.5","period":"2035","key":"tas","value":18.3,"estimate":"q5","season":"JJA"},{"bfs_id":5798,"rcp":"RCP8.5","period":"2035","key":"tas","value":10.4,"estimate":"q5","season":"SON"},{"bfs_id":5798,"rcp":"RCP8.5","period":"2035","key":"tas","value":2.5,"estimate":"q50","season":"DJF"},{"bfs_id":5798,"rcp":"RCP8.5","period":"2035","key":"tas","value":9.2,"estimate":"q50","season":"MAM"},{"bfs_id":5798,"rcp":"RCP8.5","period":"2035","key":"tas","value":18.8,"estimate":"q50","season":"JJA"},{"bfs_id":5798,"rcp":"RCP8.5","period":"2035","key":"tas","value":10.8,"estimate":"q50","season":"SON"},{"bfs_id":5798,"rcp":"RCP8.5","period":"2035","key":"tas","value":2.9,"estimate":"q95","season":"DJF"},{"bfs_id":5798,"rcp":"RCP8.5","period":"2035","key":"tas","value":9.7,"estimate":"q95","season":"MAM"},{"bfs_id":5798,"rcp":"RCP8.5","period":"2035","key":"tas","value":19.4,"estimate":"q95","season":"JJA"},{"bfs_id":5798,"rcp":"RCP8.5","period":"2035","key":"tas","value":11.7,"estimate":"q95","season":"SON"},{"bfs_id":5798,"rcp":"RCP8.5","period":"2060","key":"tas","value":2.9,"estimate":"q5","season":"DJF"},{"bfs_id":5798,"rcp":"RCP8.5","period":"2060","key":"tas","value":9.6,"estimate":"q5","season":"MAM"},{"bfs_id":5798,"rcp":"RCP8.5","period":"2060","key":"tas","value":19.4,"estimate":"q5","season":"JJA"},{"bfs_id":5798,"rcp":"RCP8.5","period":"2060","key":"tas","value":11.5,"estimate":"q5","season":"SON"},{"bfs_id":5798,"rcp":"RCP8.5","period":"2060","key":"tas","value":3.3,"estimate":"q50","season":"DJF"},{"bfs_id":5798,"rcp":"RCP8.5","period":"2060","key":"tas","value":10.2,"estimate":"q50","season":"MAM"},{"bfs_id":5798,"rcp":"RCP8.5","period":"2060","key":"tas","value":20.1,"estimate":"q50","season":"JJA"},{"bfs_id":5798,"rcp":"RCP8.5","period":"2060","key":"tas","value":12.1,"estimate":"q50","season":"SON"},{"bfs_id":5798,"rcp":"RCP8.5","period":"2060","key":"tas","value":4,"estimate":"q95","season":"DJF"},{"bfs_id":5798,"rcp":"RCP8.5","period":"2060","key":"tas","value":10.8,"estimate":"q95","season":"MAM"},{"bfs_id":5798,"rcp":"RCP8.5","period":"2060","key":"tas","value":21.2,"estimate":"q95","season":"JJA"},{"bfs_id":5798,"rcp":"RCP8.5","period":"2060","key":"tas","value":13,"estimate":"q95","season":"SON"},{"bfs_id":5798,"rcp":"RCP8.5","period":"2085","key":"tas","value":4,"estimate":"q5","season":"DJF"},{"bfs_id":5798,"rcp":"RCP8.5","period":"2085","key":"tas","value":10.7,"estimate":"q5","season":"MAM"},{"bfs_id":5798,"rcp":"RCP8.5","period":"2085","key":"tas","value":20.9,"estimate":"q5","season":"JJA"},{"bfs_id":5798,"rcp":"RCP8.5","period":"2085","key":"tas","value":12.6,"estimate":"q5","season":"SON"},{"bfs_id":5798,"rcp":"RCP8.5","period":"2085","key":"tas","value":5.1,"estimate":"q50","season":"DJF"},{"bfs_id":5798,"rcp":"RCP8.5","period":"2085","key":"tas","value":11.6,"estimate":"q50","season":"MAM"},{"bfs_id":5798,"rcp":"RCP8.5","period":"2085","key":"tas","value":21.7,"estimate":"q50","season":"JJA"},{"bfs_id":5798,"rcp":"RCP8.5","period":"2085","key":"tas","value":13.6,"estimate":"q50","season":"SON"},{"bfs_id":5798,"rcp":"RCP8.5","period":"2085","key":"tas","value":6,"estimate":"q95","season":"DJF"},{"bfs_id":5798,"rcp":"RCP8.5","period":"2085","key":"tas","value":12.6,"estimate":"q95","season":"MAM"},{"bfs_id":5798,"rcp":"RCP8.5","period":"2085","key":"tas","value":24,"estimate":"q95","season":"JJA"},{"bfs_id":5798,"rcp":"RCP8.5","period":"2085","key":"tas","value":15.1,"estimate":"q95","season":"SON"},{"bfs_id":5798,"rcp":"obs","period":"1981-2010","key":"FD","value":84.5,"estimate":"yearly_mean"},{"bfs_id":5798,"rcp":"obs","period":"1981-2010","key":"HD","value":4.4,"estimate":"yearly_mean"},{"bfs_id":5798,"rcp":"obs","period":"1981-2010","key":"ID","value":19.2,"estimate":"yearly_mean"},{"bfs_id":5798,"rcp":"obs","period":"1981-2010","key":"SD","value":36.4,"estimate":"yearly_mean"},{"bfs_id":5798,"rcp":"obs","period":"1981-2010","key":"snowdays","value":20.1,"estimate":"yearly_mean"},{"bfs_id":5798,"rcp":"obs","period":"1981-2010","key":"TN","value":0.1,"estimate":"yearly_mean"},{"bfs_id":5798,"rcp":"obs","period":"1981-2010","key":"pr","value":3.1,"estimate":"mean","season":"DJF"},{"bfs_id":5798,"rcp":"obs","period":"1981-2010","key":"pr","value":3.4,"estimate":"mean","season":"MAM"},{"bfs_id":5798,"rcp":"obs","period":"1981-2010","key":"pr","value":3.7,"estimate":"mean","season":"JJA"},{"bfs_id":5798,"rcp":"obs","period":"1981-2010","key":"pr","value":3.8,"estimate":"mean","season":"SON"},{"bfs_id":5798,"rcp":"obs","period":"1981-2010","key":"tas","value":1,"estimate":"mean","season":"DJF"},{"bfs_id":5798,"rcp":"obs","period":"1981-2010","key":"tas","value":8.4,"estimate":"mean","season":"MAM"},{"bfs_id":5798,"rcp":"obs","period":"1981-2010","key":"tas","value":17.3,"estimate":"mean","season":"JJA"},{"bfs_id":5798,"rcp":"obs","period":"1981-2010","key":"tas","value":9.4,"estimate":"mean","season":"SON"}]
