[{"bfs_id":5203,"rcp":"RCP2.6","period":"2035","key":"FD","value":50.8,"estimate":"q5"},{"bfs_id":5203,"rcp":"RCP2.6","period":"2035","key":"FD","value":61.9,"estimate":"q50"},{"bfs_id":5203,"rcp":"RCP2.6","period":"2035","key":"FD","value":68,"estimate":"q95"},{"bfs_id":5203,"rcp":"RCP2.6","period":"2060","key":"FD","value":48.1,"estimate":"q5"},{"bfs_id":5203,"rcp":"RCP2.6","period":"2060","key":"FD","value":57,"estimate":"q50"},{"bfs_id":5203,"rcp":"RCP2.6","period":"2060","key":"FD","value":65.2,"estimate":"q95"},{"bfs_id":5203,"rcp":"RCP2.6","period":"2085","key":"FD","value":45,"estimate":"q5"},{"bfs_id":5203,"rcp":"RCP2.6","period":"2085","key":"FD","value":58.4,"estimate":"q50"},{"bfs_id":5203,"rcp":"RCP2.6","period":"2085","key":"FD","value":66.1,"estimate":"q95"},{"bfs_id":5203,"rcp":"RCP8.5","period":"2035","key":"FD","value":49,"estimate":"q5"},{"bfs_id":5203,"rcp":"RCP8.5","period":"2035","key":"FD","value":55.6,"estimate":"q50"},{"bfs_id":5203,"rcp":"RCP8.5","period":"2035","key":"FD","value":63.1,"estimate":"q95"},{"bfs_id":5203,"rcp":"RCP8.5","period":"2060","key":"FD","value":30.1,"estimate":"q5"},{"bfs_id":5203,"rcp":"RCP8.5","period":"2060","key":"FD","value":41.9,"estimate":"q50"},{"bfs_id":5203,"rcp":"RCP8.5","period":"2060","key":"FD","value":48.4,"estimate":"q95"},{"bfs_id":5203,"rcp":"RCP8.5","period":"2085","key":"FD","value":15,"estimate":"q5"},{"bfs_id":5203,"rcp":"RCP8.5","period":"2085","key":"FD","value":24.1,"estimate":"q50"},{"bfs_id":5203,"rcp":"RCP8.5","period":"2085","key":"FD","value":29.9,"estimate":"q95"},{"bfs_id":5203,"rcp":"RCP2.6","period":"2035","key":"HD","value":9.1,"estimate":"q5"},{"bfs_id":5203,"rcp":"RCP2.6","period":"2035","key":"HD","value":12.8,"estimate":"q50"},{"bfs_id":5203,"rcp":"RCP2.6","period":"2035","key":"HD","value":18.3,"estimate":"q95"},{"bfs_id":5203,"rcp":"RCP2.6","period":"2060","key":"HD","value":9.8,"estimate":"q5"},{"bfs_id":5203,"rcp":"RCP2.6","period":"2060","key":"HD","value":13.7,"estimate":"q50"},{"bfs_id":5203,"rcp":"RCP2.6","period":"2060","key":"HD","value":21.3,"estimate":"q95"},{"bfs_id":5203,"rcp":"RCP2.6","period":"2085","key":"HD","value":10.1,"estimate":"q5"},{"bfs_id":5203,"rcp":"RCP2.6","period":"2085","key":"HD","value":12.7,"estimate":"q50"},{"bfs_id":5203,"rcp":"RCP2.6","period":"2085","key":"HD","value":20.3,"estimate":"q95"},{"bfs_id":5203,"rcp":"RCP8.5","period":"2035","key":"HD","value":11.4,"estimate":"q5"},{"bfs_id":5203,"rcp":"RCP8.5","period":"2035","key":"HD","value":14.1,"estimate":"q50"},{"bfs_id":5203,"rcp":"RCP8.5","period":"2035","key":"HD","value":22.4,"estimate":"q95"},{"bfs_id":5203,"rcp":"RCP8.5","period":"2060","key":"HD","value":19.2,"estimate":"q5"},{"bfs_id":5203,"rcp":"RCP8.5","period":"2060","key":"HD","value":27.1,"estimate":"q50"},{"bfs_id":5203,"rcp":"RCP8.5","period":"2060","key":"HD","value":40.8,"estimate":"q95"},{"bfs_id":5203,"rcp":"RCP8.5","period":"2085","key":"HD","value":36.8,"estimate":"q5"},{"bfs_id":5203,"rcp":"RCP8.5","period":"2085","key":"HD","value":51.8,"estimate":"q50"},{"bfs_id":5203,"rcp":"RCP8.5","period":"2085","key":"HD","value":60.6,"estimate":"q95"},{"bfs_id":5203,"rcp":"RCP2.6","period":"2035","key":"ID","value":0.2,"estimate":"q5"},{"bfs_id":5203,"rcp":"RCP2.6","period":"2035","key":"ID","value":0.6,"estimate":"q50"},{"bfs_id":5203,"rcp":"RCP2.6","period":"2035","key":"ID","value":1.4,"estimate":"q95"},{"bfs_id":5203,"rcp":"RCP2.6","period":"2060","key":"ID","value":0.1,"estimate":"q5"},{"bfs_id":5203,"rcp":"RCP2.6","period":"2060","key":"ID","value":0.5,"estimate":"q50"},{"bfs_id":5203,"rcp":"RCP2.6","period":"2060","key":"ID","value":1.3,"estimate":"q95"},{"bfs_id":5203,"rcp":"RCP2.6","period":"2085","key":"ID","value":0.1,"estimate":"q5"},{"bfs_id":5203,"rcp":"RCP2.6","period":"2085","key":"ID","value":0.5,"estimate":"q50"},{"bfs_id":5203,"rcp":"RCP2.6","period":"2085","key":"ID","value":1.4,"estimate":"q95"},{"bfs_id":5203,"rcp":"RCP8.5","period":"2035","key":"ID","value":0.2,"estimate":"q5"},{"bfs_id":5203,"rcp":"RCP8.5","period":"2035","key":"ID","value":0.5,"estimate":"q50"},{"bfs_id":5203,"rcp":"RCP8.5","period":"2035","key":"ID","value":1.2,"estimate":"q95"},{"bfs_id":5203,"rcp":"RCP8.5","period":"2060","key":"ID","value":0,"estimate":"q5"},{"bfs_id":5203,"rcp":"RCP8.5","period":"2060","key":"ID","value":0.2,"estimate":"q50"},{"bfs_id":5203,"rcp":"RCP8.5","period":"2060","key":"ID","value":0.5,"estimate":"q95"},{"bfs_id":5203,"rcp":"RCP8.5","period":"2085","key":"ID","value":0,"estimate":"q5"},{"bfs_id":5203,"rcp":"RCP8.5","period":"2085","key":"ID","value":0,"estimate":"q50"},{"bfs_id":5203,"rcp":"RCP8.5","period":"2085","key":"ID","value":0.2,"estimate":"q95"},{"bfs_id":5203,"rcp":"RCP2.6","period":"2035","key":"SD","value":72.9,"estimate":"q5"},{"bfs_id":5203,"rcp":"RCP2.6","period":"2035","key":"SD","value":77.6,"estimate":"q50"},{"bfs_id":5203,"rcp":"RCP2.6","period":"2035","key":"SD","value":85.4,"estimate":"q95"},{"bfs_id":5203,"rcp":"RCP2.6","period":"2060","key":"SD","value":74.3,"estimate":"q5"},{"bfs_id":5203,"rcp":"RCP2.6","period":"2060","key":"SD","value":79.4,"estimate":"q50"},{"bfs_id":5203,"rcp":"RCP2.6","period":"2060","key":"SD","value":87.5,"estimate":"q95"},{"bfs_id":5203,"rcp":"RCP2.6","period":"2085","key":"SD","value":72.7,"estimate":"q5"},{"bfs_id":5203,"rcp":"RCP2.6","period":"2085","key":"SD","value":78.7,"estimate":"q50"},{"bfs_id":5203,"rcp":"RCP2.6","period":"2085","key":"SD","value":88.2,"estimate":"q95"},{"bfs_id":5203,"rcp":"RCP8.5","period":"2035","key":"SD","value":76,"estimate":"q5"},{"bfs_id":5203,"rcp":"RCP8.5","period":"2035","key":"SD","value":81.6,"estimate":"q50"},{"bfs_id":5203,"rcp":"RCP8.5","period":"2035","key":"SD","value":88,"estimate":"q95"},{"bfs_id":5203,"rcp":"RCP8.5","period":"2060","key":"SD","value":91.4,"estimate":"q5"},{"bfs_id":5203,"rcp":"RCP8.5","period":"2060","key":"SD","value":99.8,"estimate":"q50"},{"bfs_id":5203,"rcp":"RCP8.5","period":"2060","key":"SD","value":107.1,"estimate":"q95"},{"bfs_id":5203,"rcp":"RCP8.5","period":"2085","key":"SD","value":106.6,"estimate":"q5"},{"bfs_id":5203,"rcp":"RCP8.5","period":"2085","key":"SD","value":118.8,"estimate":"q50"},{"bfs_id":5203,"rcp":"RCP8.5","period":"2085","key":"SD","value":129.6,"estimate":"q95"},{"bfs_id":5203,"rcp":"RCP2.6","period":"2035","key":"snowdays","value":2.3,"estimate":"q5"},{"bfs_id":5203,"rcp":"RCP2.6","period":"2035","key":"snowdays","value":4.9,"estimate":"q50"},{"bfs_id":5203,"rcp":"RCP2.6","period":"2035","key":"snowdays","value":6.7,"estimate":"q95"},{"bfs_id":5203,"rcp":"RCP2.6","period":"2060","key":"snowdays","value":2,"estimate":"q5"},{"bfs_id":5203,"rcp":"RCP2.6","period":"2060","key":"snowdays","value":4.6,"estimate":"q50"},{"bfs_id":5203,"rcp":"RCP2.6","period":"2060","key":"snowdays","value":6.2,"estimate":"q95"},{"bfs_id":5203,"rcp":"RCP2.6","period":"2085","key":"snowdays","value":2.1,"estimate":"q5"},{"bfs_id":5203,"rcp":"RCP2.6","period":"2085","key":"snowdays","value":4.5,"estimate":"q50"},{"bfs_id":5203,"rcp":"RCP2.6","period":"2085","key":"snowdays","value":6.3,"estimate":"q95"},{"bfs_id":5203,"rcp":"RCP8.5","period":"2035","key":"snowdays","value":1.9,"estimate":"q5"},{"bfs_id":5203,"rcp":"RCP8.5","period":"2035","key":"snowdays","value":4.3,"estimate":"q50"},{"bfs_id":5203,"rcp":"RCP8.5","period":"2035","key":"snowdays","value":5.8,"estimate":"q95"},{"bfs_id":5203,"rcp":"RCP8.5","period":"2060","key":"snowdays","value":1.3,"estimate":"q5"},{"bfs_id":5203,"rcp":"RCP8.5","period":"2060","key":"snowdays","value":2.5,"estimate":"q50"},{"bfs_id":5203,"rcp":"RCP8.5","period":"2060","key":"snowdays","value":4.2,"estimate":"q95"},{"bfs_id":5203,"rcp":"RCP8.5","period":"2085","key":"snowdays","value":0.3,"estimate":"q5"},{"bfs_id":5203,"rcp":"RCP8.5","period":"2085","key":"snowdays","value":1.1,"estimate":"q50"},{"bfs_id":5203,"rcp":"RCP8.5","period":"2085","key":"snowdays","value":1.9,"estimate":"q95"},{"bfs_id":5203,"rcp":"RCP2.6","period":"2035","key":"TN","value":2.8,"estimate":"q5"},{"bfs_id":5203,"rcp":"RCP2.6","period":"2035","key":"TN","value":5.3,"estimate":"q50"},{"bfs_id":5203,"rcp":"RCP2.6","period":"2035","key":"TN","value":8.1,"estimate":"q95"},{"bfs_id":5203,"rcp":"RCP2.6","period":"2060","key":"TN","value":3.4,"estimate":"q5"},{"bfs_id":5203,"rcp":"RCP2.6","period":"2060","key":"TN","value":5.5,"estimate":"q50"},{"bfs_id":5203,"rcp":"RCP2.6","period":"2060","key":"TN","value":9.8,"estimate":"q95"},{"bfs_id":5203,"rcp":"RCP2.6","period":"2085","key":"TN","value":3.1,"estimate":"q5"},{"bfs_id":5203,"rcp":"RCP2.6","period":"2085","key":"TN","value":5,"estimate":"q50"},{"bfs_id":5203,"rcp":"RCP2.6","period":"2085","key":"TN","value":10.4,"estimate":"q95"},{"bfs_id":5203,"rcp":"RCP8.5","period":"2035","key":"TN","value":3.7,"estimate":"q5"},{"bfs_id":5203,"rcp":"RCP8.5","period":"2035","key":"TN","value":6.3,"estimate":"q50"},{"bfs_id":5203,"rcp":"RCP8.5","period":"2035","key":"TN","value":11.7,"estimate":"q95"},{"bfs_id":5203,"rcp":"RCP8.5","period":"2060","key":"TN","value":10.9,"estimate":"q5"},{"bfs_id":5203,"rcp":"RCP8.5","period":"2060","key":"TN","value":17.1,"estimate":"q50"},{"bfs_id":5203,"rcp":"RCP8.5","period":"2060","key":"TN","value":29.3,"estimate":"q95"},{"bfs_id":5203,"rcp":"RCP8.5","period":"2085","key":"TN","value":28.2,"estimate":"q5"},{"bfs_id":5203,"rcp":"RCP8.5","period":"2085","key":"TN","value":36.6,"estimate":"q50"},{"bfs_id":5203,"rcp":"RCP8.5","period":"2085","key":"TN","value":62.2,"estimate":"q95"},{"bfs_id":5203,"rcp":"RCP2.6","period":"2035","key":"pr","value":2.2,"estimate":"q5","season":"DJF"},{"bfs_id":5203,"rcp":"RCP2.6","period":"2035","key":"pr","value":4.8,"estimate":"q5","season":"MAM"},{"bfs_id":5203,"rcp":"RCP2.6","period":"2035","key":"pr","value":4.5,"estimate":"q5","season":"JJA"},{"bfs_id":5203,"rcp":"RCP2.6","period":"2035","key":"pr","value":4.8,"estimate":"q5","season":"SON"},{"bfs_id":5203,"rcp":"RCP2.6","period":"2035","key":"pr","value":3,"estimate":"q50","season":"DJF"},{"bfs_id":5203,"rcp":"RCP2.6","period":"2035","key":"pr","value":5.3,"estimate":"q50","season":"MAM"},{"bfs_id":5203,"rcp":"RCP2.6","period":"2035","key":"pr","value":5.3,"estimate":"q50","season":"JJA"},{"bfs_id":5203,"rcp":"RCP2.6","period":"2035","key":"pr","value":5.6,"estimate":"q50","season":"SON"},{"bfs_id":5203,"rcp":"RCP2.6","period":"2035","key":"pr","value":3.3,"estimate":"q95","season":"DJF"},{"bfs_id":5203,"rcp":"RCP2.6","period":"2035","key":"pr","value":5.9,"estimate":"q95","season":"MAM"},{"bfs_id":5203,"rcp":"RCP2.6","period":"2035","key":"pr","value":6.4,"estimate":"q95","season":"JJA"},{"bfs_id":5203,"rcp":"RCP2.6","period":"2035","key":"pr","value":6.5,"estimate":"q95","season":"SON"},{"bfs_id":5203,"rcp":"RCP2.6","period":"2060","key":"pr","value":2.4,"estimate":"q5","season":"DJF"},{"bfs_id":5203,"rcp":"RCP2.6","period":"2060","key":"pr","value":4.7,"estimate":"q5","season":"MAM"},{"bfs_id":5203,"rcp":"RCP2.6","period":"2060","key":"pr","value":4.4,"estimate":"q5","season":"JJA"},{"bfs_id":5203,"rcp":"RCP2.6","period":"2060","key":"pr","value":4.9,"estimate":"q5","season":"SON"},{"bfs_id":5203,"rcp":"RCP2.6","period":"2060","key":"pr","value":3,"estimate":"q50","season":"DJF"},{"bfs_id":5203,"rcp":"RCP2.6","period":"2060","key":"pr","value":5.3,"estimate":"q50","season":"MAM"},{"bfs_id":5203,"rcp":"RCP2.6","period":"2060","key":"pr","value":5.2,"estimate":"q50","season":"JJA"},{"bfs_id":5203,"rcp":"RCP2.6","period":"2060","key":"pr","value":5.5,"estimate":"q50","season":"SON"},{"bfs_id":5203,"rcp":"RCP2.6","period":"2060","key":"pr","value":3.8,"estimate":"q95","season":"DJF"},{"bfs_id":5203,"rcp":"RCP2.6","period":"2060","key":"pr","value":6.3,"estimate":"q95","season":"MAM"},{"bfs_id":5203,"rcp":"RCP2.6","period":"2060","key":"pr","value":6.5,"estimate":"q95","season":"JJA"},{"bfs_id":5203,"rcp":"RCP2.6","period":"2060","key":"pr","value":6.3,"estimate":"q95","season":"SON"},{"bfs_id":5203,"rcp":"RCP2.6","period":"2085","key":"pr","value":2.3,"estimate":"q5","season":"DJF"},{"bfs_id":5203,"rcp":"RCP2.6","period":"2085","key":"pr","value":4.8,"estimate":"q5","season":"MAM"},{"bfs_id":5203,"rcp":"RCP2.6","period":"2085","key":"pr","value":4.1,"estimate":"q5","season":"JJA"},{"bfs_id":5203,"rcp":"RCP2.6","period":"2085","key":"pr","value":4.9,"estimate":"q5","season":"SON"},{"bfs_id":5203,"rcp":"RCP2.6","period":"2085","key":"pr","value":3.2,"estimate":"q50","season":"DJF"},{"bfs_id":5203,"rcp":"RCP2.6","period":"2085","key":"pr","value":5.4,"estimate":"q50","season":"MAM"},{"bfs_id":5203,"rcp":"RCP2.6","period":"2085","key":"pr","value":5.3,"estimate":"q50","season":"JJA"},{"bfs_id":5203,"rcp":"RCP2.6","period":"2085","key":"pr","value":5.4,"estimate":"q50","season":"SON"},{"bfs_id":5203,"rcp":"RCP2.6","period":"2085","key":"pr","value":3.8,"estimate":"q95","season":"DJF"},{"bfs_id":5203,"rcp":"RCP2.6","period":"2085","key":"pr","value":6.2,"estimate":"q95","season":"MAM"},{"bfs_id":5203,"rcp":"RCP2.6","period":"2085","key":"pr","value":6.7,"estimate":"q95","season":"JJA"},{"bfs_id":5203,"rcp":"RCP2.6","period":"2085","key":"pr","value":6.6,"estimate":"q95","season":"SON"},{"bfs_id":5203,"rcp":"RCP8.5","period":"2035","key":"pr","value":2.4,"estimate":"q5","season":"DJF"},{"bfs_id":5203,"rcp":"RCP8.5","period":"2035","key":"pr","value":4.7,"estimate":"q5","season":"MAM"},{"bfs_id":5203,"rcp":"RCP8.5","period":"2035","key":"pr","value":4.3,"estimate":"q5","season":"JJA"},{"bfs_id":5203,"rcp":"RCP8.5","period":"2035","key":"pr","value":4.6,"estimate":"q5","season":"SON"},{"bfs_id":5203,"rcp":"RCP8.5","period":"2035","key":"pr","value":2.8,"estimate":"q50","season":"DJF"},{"bfs_id":5203,"rcp":"RCP8.5","period":"2035","key":"pr","value":5.2,"estimate":"q50","season":"MAM"},{"bfs_id":5203,"rcp":"RCP8.5","period":"2035","key":"pr","value":5,"estimate":"q50","season":"JJA"},{"bfs_id":5203,"rcp":"RCP8.5","period":"2035","key":"pr","value":5.4,"estimate":"q50","season":"SON"},{"bfs_id":5203,"rcp":"RCP8.5","period":"2035","key":"pr","value":3.3,"estimate":"q95","season":"DJF"},{"bfs_id":5203,"rcp":"RCP8.5","period":"2035","key":"pr","value":6.1,"estimate":"q95","season":"MAM"},{"bfs_id":5203,"rcp":"RCP8.5","period":"2035","key":"pr","value":6.5,"estimate":"q95","season":"JJA"},{"bfs_id":5203,"rcp":"RCP8.5","period":"2035","key":"pr","value":6.6,"estimate":"q95","season":"SON"},{"bfs_id":5203,"rcp":"RCP8.5","period":"2060","key":"pr","value":2.3,"estimate":"q5","season":"DJF"},{"bfs_id":5203,"rcp":"RCP8.5","period":"2060","key":"pr","value":4.6,"estimate":"q5","season":"MAM"},{"bfs_id":5203,"rcp":"RCP8.5","period":"2060","key":"pr","value":3.4,"estimate":"q5","season":"JJA"},{"bfs_id":5203,"rcp":"RCP8.5","period":"2060","key":"pr","value":4.9,"estimate":"q5","season":"SON"},{"bfs_id":5203,"rcp":"RCP8.5","period":"2060","key":"pr","value":3.1,"estimate":"q50","season":"DJF"},{"bfs_id":5203,"rcp":"RCP8.5","period":"2060","key":"pr","value":5.7,"estimate":"q50","season":"MAM"},{"bfs_id":5203,"rcp":"RCP8.5","period":"2060","key":"pr","value":4.7,"estimate":"q50","season":"JJA"},{"bfs_id":5203,"rcp":"RCP8.5","period":"2060","key":"pr","value":5.4,"estimate":"q50","season":"SON"},{"bfs_id":5203,"rcp":"RCP8.5","period":"2060","key":"pr","value":3.4,"estimate":"q95","season":"DJF"},{"bfs_id":5203,"rcp":"RCP8.5","period":"2060","key":"pr","value":6.2,"estimate":"q95","season":"MAM"},{"bfs_id":5203,"rcp":"RCP8.5","period":"2060","key":"pr","value":6.3,"estimate":"q95","season":"JJA"},{"bfs_id":5203,"rcp":"RCP8.5","period":"2060","key":"pr","value":6.2,"estimate":"q95","season":"SON"},{"bfs_id":5203,"rcp":"RCP8.5","period":"2085","key":"pr","value":2.8,"estimate":"q5","season":"DJF"},{"bfs_id":5203,"rcp":"RCP8.5","period":"2085","key":"pr","value":4.6,"estimate":"q5","season":"MAM"},{"bfs_id":5203,"rcp":"RCP8.5","period":"2085","key":"pr","value":3,"estimate":"q5","season":"JJA"},{"bfs_id":5203,"rcp":"RCP8.5","period":"2085","key":"pr","value":4.4,"estimate":"q5","season":"SON"},{"bfs_id":5203,"rcp":"RCP8.5","period":"2085","key":"pr","value":3.4,"estimate":"q50","season":"DJF"},{"bfs_id":5203,"rcp":"RCP8.5","period":"2085","key":"pr","value":5.3,"estimate":"q50","season":"MAM"},{"bfs_id":5203,"rcp":"RCP8.5","period":"2085","key":"pr","value":3.8,"estimate":"q50","season":"JJA"},{"bfs_id":5203,"rcp":"RCP8.5","period":"2085","key":"pr","value":5.4,"estimate":"q50","season":"SON"},{"bfs_id":5203,"rcp":"RCP8.5","period":"2085","key":"pr","value":4.1,"estimate":"q95","season":"DJF"},{"bfs_id":5203,"rcp":"RCP8.5","period":"2085","key":"pr","value":5.9,"estimate":"q95","season":"MAM"},{"bfs_id":5203,"rcp":"RCP8.5","period":"2085","key":"pr","value":5.8,"estimate":"q95","season":"JJA"},{"bfs_id":5203,"rcp":"RCP8.5","period":"2085","key":"pr","value":6.1,"estimate":"q95","season":"SON"},{"bfs_id":5203,"rcp":"RCP2.6","period":"2035","key":"tas","value":2.8,"estimate":"q5","season":"DJF"},{"bfs_id":5203,"rcp":"RCP2.6","period":"2035","key":"tas","value":11,"estimate":"q5","season":"MAM"},{"bfs_id":5203,"rcp":"RCP2.6","period":"2035","key":"tas","value":20.4,"estimate":"q5","season":"JJA"},{"bfs_id":5203,"rcp":"RCP2.6","period":"2035","key":"tas","value":11.8,"estimate":"q5","season":"SON"},{"bfs_id":5203,"rcp":"RCP2.6","period":"2035","key":"tas","value":3.4,"estimate":"q50","season":"DJF"},{"bfs_id":5203,"rcp":"RCP2.6","period":"2035","key":"tas","value":11.3,"estimate":"q50","season":"MAM"},{"bfs_id":5203,"rcp":"RCP2.6","period":"2035","key":"tas","value":20.9,"estimate":"q50","season":"JJA"},{"bfs_id":5203,"rcp":"RCP2.6","period":"2035","key":"tas","value":12.2,"estimate":"q50","season":"SON"},{"bfs_id":5203,"rcp":"RCP2.6","period":"2035","key":"tas","value":3.9,"estimate":"q95","season":"DJF"},{"bfs_id":5203,"rcp":"RCP2.6","period":"2035","key":"tas","value":11.6,"estimate":"q95","season":"MAM"},{"bfs_id":5203,"rcp":"RCP2.6","period":"2035","key":"tas","value":21.5,"estimate":"q95","season":"JJA"},{"bfs_id":5203,"rcp":"RCP2.6","period":"2035","key":"tas","value":12.9,"estimate":"q95","season":"SON"},{"bfs_id":5203,"rcp":"RCP2.6","period":"2060","key":"tas","value":2.9,"estimate":"q5","season":"DJF"},{"bfs_id":5203,"rcp":"RCP2.6","period":"2060","key":"tas","value":11,"estimate":"q5","season":"MAM"},{"bfs_id":5203,"rcp":"RCP2.6","period":"2060","key":"tas","value":20.6,"estimate":"q5","season":"JJA"},{"bfs_id":5203,"rcp":"RCP2.6","period":"2060","key":"tas","value":12.2,"estimate":"q5","season":"SON"},{"bfs_id":5203,"rcp":"RCP2.6","period":"2060","key":"tas","value":3.6,"estimate":"q50","season":"DJF"},{"bfs_id":5203,"rcp":"RCP2.6","period":"2060","key":"tas","value":11.4,"estimate":"q50","season":"MAM"},{"bfs_id":5203,"rcp":"RCP2.6","period":"2060","key":"tas","value":21,"estimate":"q50","season":"JJA"},{"bfs_id":5203,"rcp":"RCP2.6","period":"2060","key":"tas","value":12.4,"estimate":"q50","season":"SON"},{"bfs_id":5203,"rcp":"RCP2.6","period":"2060","key":"tas","value":4.1,"estimate":"q95","season":"DJF"},{"bfs_id":5203,"rcp":"RCP2.6","period":"2060","key":"tas","value":11.8,"estimate":"q95","season":"MAM"},{"bfs_id":5203,"rcp":"RCP2.6","period":"2060","key":"tas","value":21.7,"estimate":"q95","season":"JJA"},{"bfs_id":5203,"rcp":"RCP2.6","period":"2060","key":"tas","value":13.3,"estimate":"q95","season":"SON"},{"bfs_id":5203,"rcp":"RCP2.6","period":"2085","key":"tas","value":3,"estimate":"q5","season":"DJF"},{"bfs_id":5203,"rcp":"RCP2.6","period":"2085","key":"tas","value":10.9,"estimate":"q5","season":"MAM"},{"bfs_id":5203,"rcp":"RCP2.6","period":"2085","key":"tas","value":20.5,"estimate":"q5","season":"JJA"},{"bfs_id":5203,"rcp":"RCP2.6","period":"2085","key":"tas","value":11.8,"estimate":"q5","season":"SON"},{"bfs_id":5203,"rcp":"RCP2.6","period":"2085","key":"tas","value":3.5,"estimate":"q50","season":"DJF"},{"bfs_id":5203,"rcp":"RCP2.6","period":"2085","key":"tas","value":11.3,"estimate":"q50","season":"MAM"},{"bfs_id":5203,"rcp":"RCP2.6","period":"2085","key":"tas","value":20.9,"estimate":"q50","season":"JJA"},{"bfs_id":5203,"rcp":"RCP2.6","period":"2085","key":"tas","value":12.4,"estimate":"q50","season":"SON"},{"bfs_id":5203,"rcp":"RCP2.6","period":"2085","key":"tas","value":4.2,"estimate":"q95","season":"DJF"},{"bfs_id":5203,"rcp":"RCP2.6","period":"2085","key":"tas","value":11.8,"estimate":"q95","season":"MAM"},{"bfs_id":5203,"rcp":"RCP2.6","period":"2085","key":"tas","value":21.6,"estimate":"q95","season":"JJA"},{"bfs_id":5203,"rcp":"RCP2.6","period":"2085","key":"tas","value":13.2,"estimate":"q95","season":"SON"},{"bfs_id":5203,"rcp":"RCP8.5","period":"2035","key":"tas","value":2.9,"estimate":"q5","season":"DJF"},{"bfs_id":5203,"rcp":"RCP8.5","period":"2035","key":"tas","value":11.1,"estimate":"q5","season":"MAM"},{"bfs_id":5203,"rcp":"RCP8.5","period":"2035","key":"tas","value":20.8,"estimate":"q5","season":"JJA"},{"bfs_id":5203,"rcp":"RCP8.5","period":"2035","key":"tas","value":12.1,"estimate":"q5","season":"SON"},{"bfs_id":5203,"rcp":"RCP8.5","period":"2035","key":"tas","value":3.7,"estimate":"q50","season":"DJF"},{"bfs_id":5203,"rcp":"RCP8.5","period":"2035","key":"tas","value":11.4,"estimate":"q50","season":"MAM"},{"bfs_id":5203,"rcp":"RCP8.5","period":"2035","key":"tas","value":21.2,"estimate":"q50","season":"JJA"},{"bfs_id":5203,"rcp":"RCP8.5","period":"2035","key":"tas","value":12.6,"estimate":"q50","season":"SON"},{"bfs_id":5203,"rcp":"RCP8.5","period":"2035","key":"tas","value":4.1,"estimate":"q95","season":"DJF"},{"bfs_id":5203,"rcp":"RCP8.5","period":"2035","key":"tas","value":11.7,"estimate":"q95","season":"MAM"},{"bfs_id":5203,"rcp":"RCP8.5","period":"2035","key":"tas","value":21.6,"estimate":"q95","season":"JJA"},{"bfs_id":5203,"rcp":"RCP8.5","period":"2035","key":"tas","value":13.3,"estimate":"q95","season":"SON"},{"bfs_id":5203,"rcp":"RCP8.5","period":"2060","key":"tas","value":4.1,"estimate":"q5","season":"DJF"},{"bfs_id":5203,"rcp":"RCP8.5","period":"2060","key":"tas","value":12,"estimate":"q5","season":"MAM"},{"bfs_id":5203,"rcp":"RCP8.5","period":"2060","key":"tas","value":21.8,"estimate":"q5","season":"JJA"},{"bfs_id":5203,"rcp":"RCP8.5","period":"2060","key":"tas","value":13.2,"estimate":"q5","season":"SON"},{"bfs_id":5203,"rcp":"RCP8.5","period":"2060","key":"tas","value":4.5,"estimate":"q50","season":"DJF"},{"bfs_id":5203,"rcp":"RCP8.5","period":"2060","key":"tas","value":12.4,"estimate":"q50","season":"MAM"},{"bfs_id":5203,"rcp":"RCP8.5","period":"2060","key":"tas","value":22.3,"estimate":"q50","season":"JJA"},{"bfs_id":5203,"rcp":"RCP8.5","period":"2060","key":"tas","value":13.9,"estimate":"q50","season":"SON"},{"bfs_id":5203,"rcp":"RCP8.5","period":"2060","key":"tas","value":5.2,"estimate":"q95","season":"DJF"},{"bfs_id":5203,"rcp":"RCP8.5","period":"2060","key":"tas","value":12.9,"estimate":"q95","season":"MAM"},{"bfs_id":5203,"rcp":"RCP8.5","period":"2060","key":"tas","value":23.1,"estimate":"q95","season":"JJA"},{"bfs_id":5203,"rcp":"RCP8.5","period":"2060","key":"tas","value":14.5,"estimate":"q95","season":"SON"},{"bfs_id":5203,"rcp":"RCP8.5","period":"2085","key":"tas","value":5.4,"estimate":"q5","season":"DJF"},{"bfs_id":5203,"rcp":"RCP8.5","period":"2085","key":"tas","value":12.9,"estimate":"q5","season":"MAM"},{"bfs_id":5203,"rcp":"RCP8.5","period":"2085","key":"tas","value":23.3,"estimate":"q5","season":"JJA"},{"bfs_id":5203,"rcp":"RCP8.5","period":"2085","key":"tas","value":14.5,"estimate":"q5","season":"SON"},{"bfs_id":5203,"rcp":"RCP8.5","period":"2085","key":"tas","value":6.1,"estimate":"q50","season":"DJF"},{"bfs_id":5203,"rcp":"RCP8.5","period":"2085","key":"tas","value":13.7,"estimate":"q50","season":"MAM"},{"bfs_id":5203,"rcp":"RCP8.5","period":"2085","key":"tas","value":23.8,"estimate":"q50","season":"JJA"},{"bfs_id":5203,"rcp":"RCP8.5","period":"2085","key":"tas","value":15.2,"estimate":"q50","season":"SON"},{"bfs_id":5203,"rcp":"RCP8.5","period":"2085","key":"tas","value":6.9,"estimate":"q95","season":"DJF"},{"bfs_id":5203,"rcp":"RCP8.5","period":"2085","key":"tas","value":14.3,"estimate":"q95","season":"MAM"},{"bfs_id":5203,"rcp":"RCP8.5","period":"2085","key":"tas","value":25.4,"estimate":"q95","season":"JJA"},{"bfs_id":5203,"rcp":"RCP8.5","period":"2085","key":"tas","value":16.4,"estimate":"q95","season":"SON"},{"bfs_id":5203,"rcp":"obs","period":"1981-2010","key":"FD","value":75.3,"estimate":"yearly_mean"},{"bfs_id":5203,"rcp":"obs","period":"1981-2010","key":"HD","value":6.3,"estimate":"yearly_mean"},{"bfs_id":5203,"rcp":"obs","period":"1981-2010","key":"ID","value":1.6,"estimate":"yearly_mean"},{"bfs_id":5203,"rcp":"obs","period":"1981-2010","key":"SD","value":62.5,"estimate":"yearly_mean"},{"bfs_id":5203,"rcp":"obs","period":"1981-2010","key":"snowdays","value":7.9,"estimate":"yearly_mean"},{"bfs_id":5203,"rcp":"obs","period":"1981-2010","key":"TN","value":1.4,"estimate":"yearly_mean"},{"bfs_id":5203,"rcp":"obs","period":"1981-2010","key":"pr","value":2.5,"estimate":"mean","season":"DJF"},{"bfs_id":5203,"rcp":"obs","period":"1981-2010","key":"pr","value":5.2,"estimate":"mean","season":"MAM"},{"bfs_id":5203,"rcp":"obs","period":"1981-2010","key":"pr","value":5.2,"estimate":"mean","season":"JJA"},{"bfs_id":5203,"rcp":"obs","period":"1981-2010","key":"pr","value":5.7,"estimate":"mean","season":"SON"},{"bfs_id":5203,"rcp":"obs","period":"1981-2010","key":"tas","value":2.3,"estimate":"mean","season":"DJF"},{"bfs_id":5203,"rcp":"obs","period":"1981-2010","key":"tas","value":10.7,"estimate":"mean","season":"MAM"},{"bfs_id":5203,"rcp":"obs","period":"1981-2010","key":"tas","value":19.8,"estimate":"mean","season":"JJA"},{"bfs_id":5203,"rcp":"obs","period":"1981-2010","key":"tas","value":11.2,"estimate":"mean","season":"SON"}]
