[{"bfs_id":5425,"rcp":"RCP2.6","period":"2035","key":"FD","value":56.8,"estimate":"q5"},{"bfs_id":5425,"rcp":"RCP2.6","period":"2035","key":"FD","value":65.9,"estimate":"q50"},{"bfs_id":5425,"rcp":"RCP2.6","period":"2035","key":"FD","value":73.9,"estimate":"q95"},{"bfs_id":5425,"rcp":"RCP2.6","period":"2060","key":"FD","value":52.1,"estimate":"q5"},{"bfs_id":5425,"rcp":"RCP2.6","period":"2060","key":"FD","value":62.4,"estimate":"q50"},{"bfs_id":5425,"rcp":"RCP2.6","period":"2060","key":"FD","value":70.2,"estimate":"q95"},{"bfs_id":5425,"rcp":"RCP2.6","period":"2085","key":"FD","value":50.6,"estimate":"q5"},{"bfs_id":5425,"rcp":"RCP2.6","period":"2085","key":"FD","value":62.9,"estimate":"q50"},{"bfs_id":5425,"rcp":"RCP2.6","period":"2085","key":"FD","value":71.4,"estimate":"q95"},{"bfs_id":5425,"rcp":"RCP8.5","period":"2035","key":"FD","value":52.1,"estimate":"q5"},{"bfs_id":5425,"rcp":"RCP8.5","period":"2035","key":"FD","value":63.6,"estimate":"q50"},{"bfs_id":5425,"rcp":"RCP8.5","period":"2035","key":"FD","value":68.2,"estimate":"q95"},{"bfs_id":5425,"rcp":"RCP8.5","period":"2060","key":"FD","value":38.7,"estimate":"q5"},{"bfs_id":5425,"rcp":"RCP8.5","period":"2060","key":"FD","value":48.3,"estimate":"q50"},{"bfs_id":5425,"rcp":"RCP8.5","period":"2060","key":"FD","value":54.4,"estimate":"q95"},{"bfs_id":5425,"rcp":"RCP8.5","period":"2085","key":"FD","value":23.3,"estimate":"q5"},{"bfs_id":5425,"rcp":"RCP8.5","period":"2085","key":"FD","value":28.6,"estimate":"q50"},{"bfs_id":5425,"rcp":"RCP8.5","period":"2085","key":"FD","value":39.3,"estimate":"q95"},{"bfs_id":5425,"rcp":"RCP2.6","period":"2035","key":"HD","value":5.4,"estimate":"q5"},{"bfs_id":5425,"rcp":"RCP2.6","period":"2035","key":"HD","value":9.7,"estimate":"q50"},{"bfs_id":5425,"rcp":"RCP2.6","period":"2035","key":"HD","value":14.1,"estimate":"q95"},{"bfs_id":5425,"rcp":"RCP2.6","period":"2060","key":"HD","value":7.3,"estimate":"q5"},{"bfs_id":5425,"rcp":"RCP2.6","period":"2060","key":"HD","value":9.9,"estimate":"q50"},{"bfs_id":5425,"rcp":"RCP2.6","period":"2060","key":"HD","value":17.2,"estimate":"q95"},{"bfs_id":5425,"rcp":"RCP2.6","period":"2085","key":"HD","value":6.4,"estimate":"q5"},{"bfs_id":5425,"rcp":"RCP2.6","period":"2085","key":"HD","value":8.9,"estimate":"q50"},{"bfs_id":5425,"rcp":"RCP2.6","period":"2085","key":"HD","value":16.5,"estimate":"q95"},{"bfs_id":5425,"rcp":"RCP8.5","period":"2035","key":"HD","value":8.2,"estimate":"q5"},{"bfs_id":5425,"rcp":"RCP8.5","period":"2035","key":"HD","value":9.8,"estimate":"q50"},{"bfs_id":5425,"rcp":"RCP8.5","period":"2035","key":"HD","value":15.4,"estimate":"q95"},{"bfs_id":5425,"rcp":"RCP8.5","period":"2060","key":"HD","value":12.9,"estimate":"q5"},{"bfs_id":5425,"rcp":"RCP8.5","period":"2060","key":"HD","value":18.4,"estimate":"q50"},{"bfs_id":5425,"rcp":"RCP8.5","period":"2060","key":"HD","value":31.8,"estimate":"q95"},{"bfs_id":5425,"rcp":"RCP8.5","period":"2085","key":"HD","value":24.9,"estimate":"q5"},{"bfs_id":5425,"rcp":"RCP8.5","period":"2085","key":"HD","value":34.7,"estimate":"q50"},{"bfs_id":5425,"rcp":"RCP8.5","period":"2085","key":"HD","value":55.8,"estimate":"q95"},{"bfs_id":5425,"rcp":"RCP2.6","period":"2035","key":"ID","value":9.4,"estimate":"q5"},{"bfs_id":5425,"rcp":"RCP2.6","period":"2035","key":"ID","value":12.4,"estimate":"q50"},{"bfs_id":5425,"rcp":"RCP2.6","period":"2035","key":"ID","value":15.7,"estimate":"q95"},{"bfs_id":5425,"rcp":"RCP2.6","period":"2060","key":"ID","value":8.3,"estimate":"q5"},{"bfs_id":5425,"rcp":"RCP2.6","period":"2060","key":"ID","value":12.5,"estimate":"q50"},{"bfs_id":5425,"rcp":"RCP2.6","period":"2060","key":"ID","value":14.1,"estimate":"q95"},{"bfs_id":5425,"rcp":"RCP2.6","period":"2085","key":"ID","value":8.6,"estimate":"q5"},{"bfs_id":5425,"rcp":"RCP2.6","period":"2085","key":"ID","value":11.7,"estimate":"q50"},{"bfs_id":5425,"rcp":"RCP2.6","period":"2085","key":"ID","value":15,"estimate":"q95"},{"bfs_id":5425,"rcp":"RCP8.5","period":"2035","key":"ID","value":8.6,"estimate":"q5"},{"bfs_id":5425,"rcp":"RCP8.5","period":"2035","key":"ID","value":10.9,"estimate":"q50"},{"bfs_id":5425,"rcp":"RCP8.5","period":"2035","key":"ID","value":14.6,"estimate":"q95"},{"bfs_id":5425,"rcp":"RCP8.5","period":"2060","key":"ID","value":5.7,"estimate":"q5"},{"bfs_id":5425,"rcp":"RCP8.5","period":"2060","key":"ID","value":7.9,"estimate":"q50"},{"bfs_id":5425,"rcp":"RCP8.5","period":"2060","key":"ID","value":9.9,"estimate":"q95"},{"bfs_id":5425,"rcp":"RCP8.5","period":"2085","key":"ID","value":1.8,"estimate":"q5"},{"bfs_id":5425,"rcp":"RCP8.5","period":"2085","key":"ID","value":3.5,"estimate":"q50"},{"bfs_id":5425,"rcp":"RCP8.5","period":"2085","key":"ID","value":5.3,"estimate":"q95"},{"bfs_id":5425,"rcp":"RCP2.6","period":"2035","key":"SD","value":42.2,"estimate":"q5"},{"bfs_id":5425,"rcp":"RCP2.6","period":"2035","key":"SD","value":48.7,"estimate":"q50"},{"bfs_id":5425,"rcp":"RCP2.6","period":"2035","key":"SD","value":56.2,"estimate":"q95"},{"bfs_id":5425,"rcp":"RCP2.6","period":"2060","key":"SD","value":44.8,"estimate":"q5"},{"bfs_id":5425,"rcp":"RCP2.6","period":"2060","key":"SD","value":50.1,"estimate":"q50"},{"bfs_id":5425,"rcp":"RCP2.6","period":"2060","key":"SD","value":56.7,"estimate":"q95"},{"bfs_id":5425,"rcp":"RCP2.6","period":"2085","key":"SD","value":43.4,"estimate":"q5"},{"bfs_id":5425,"rcp":"RCP2.6","period":"2085","key":"SD","value":49.3,"estimate":"q50"},{"bfs_id":5425,"rcp":"RCP2.6","period":"2085","key":"SD","value":56.2,"estimate":"q95"},{"bfs_id":5425,"rcp":"RCP8.5","period":"2035","key":"SD","value":47,"estimate":"q5"},{"bfs_id":5425,"rcp":"RCP8.5","period":"2035","key":"SD","value":51.2,"estimate":"q50"},{"bfs_id":5425,"rcp":"RCP8.5","period":"2035","key":"SD","value":58.1,"estimate":"q95"},{"bfs_id":5425,"rcp":"RCP8.5","period":"2060","key":"SD","value":60.2,"estimate":"q5"},{"bfs_id":5425,"rcp":"RCP8.5","period":"2060","key":"SD","value":66.4,"estimate":"q50"},{"bfs_id":5425,"rcp":"RCP8.5","period":"2060","key":"SD","value":81,"estimate":"q95"},{"bfs_id":5425,"rcp":"RCP8.5","period":"2085","key":"SD","value":77.3,"estimate":"q5"},{"bfs_id":5425,"rcp":"RCP8.5","period":"2085","key":"SD","value":87.7,"estimate":"q50"},{"bfs_id":5425,"rcp":"RCP8.5","period":"2085","key":"SD","value":107.8,"estimate":"q95"},{"bfs_id":5425,"rcp":"RCP2.6","period":"2035","key":"snowdays","value":12.4,"estimate":"q5"},{"bfs_id":5425,"rcp":"RCP2.6","period":"2035","key":"snowdays","value":17.4,"estimate":"q50"},{"bfs_id":5425,"rcp":"RCP2.6","period":"2035","key":"snowdays","value":22.6,"estimate":"q95"},{"bfs_id":5425,"rcp":"RCP2.6","period":"2060","key":"snowdays","value":11.6,"estimate":"q5"},{"bfs_id":5425,"rcp":"RCP2.6","period":"2060","key":"snowdays","value":15.2,"estimate":"q50"},{"bfs_id":5425,"rcp":"RCP2.6","period":"2060","key":"snowdays","value":21.9,"estimate":"q95"},{"bfs_id":5425,"rcp":"RCP2.6","period":"2085","key":"snowdays","value":11.5,"estimate":"q5"},{"bfs_id":5425,"rcp":"RCP2.6","period":"2085","key":"snowdays","value":16.2,"estimate":"q50"},{"bfs_id":5425,"rcp":"RCP2.6","period":"2085","key":"snowdays","value":22.2,"estimate":"q95"},{"bfs_id":5425,"rcp":"RCP8.5","period":"2035","key":"snowdays","value":10.2,"estimate":"q5"},{"bfs_id":5425,"rcp":"RCP8.5","period":"2035","key":"snowdays","value":15.5,"estimate":"q50"},{"bfs_id":5425,"rcp":"RCP8.5","period":"2035","key":"snowdays","value":21.3,"estimate":"q95"},{"bfs_id":5425,"rcp":"RCP8.5","period":"2060","key":"snowdays","value":7.3,"estimate":"q5"},{"bfs_id":5425,"rcp":"RCP8.5","period":"2060","key":"snowdays","value":11.3,"estimate":"q50"},{"bfs_id":5425,"rcp":"RCP8.5","period":"2060","key":"snowdays","value":14.5,"estimate":"q95"},{"bfs_id":5425,"rcp":"RCP8.5","period":"2085","key":"snowdays","value":2.9,"estimate":"q5"},{"bfs_id":5425,"rcp":"RCP8.5","period":"2085","key":"snowdays","value":6.3,"estimate":"q50"},{"bfs_id":5425,"rcp":"RCP8.5","period":"2085","key":"snowdays","value":11,"estimate":"q95"},{"bfs_id":5425,"rcp":"RCP2.6","period":"2035","key":"TN","value":0.4,"estimate":"q5"},{"bfs_id":5425,"rcp":"RCP2.6","period":"2035","key":"TN","value":1.3,"estimate":"q50"},{"bfs_id":5425,"rcp":"RCP2.6","period":"2035","key":"TN","value":1.8,"estimate":"q95"},{"bfs_id":5425,"rcp":"RCP2.6","period":"2060","key":"TN","value":0.5,"estimate":"q5"},{"bfs_id":5425,"rcp":"RCP2.6","period":"2060","key":"TN","value":1.4,"estimate":"q50"},{"bfs_id":5425,"rcp":"RCP2.6","period":"2060","key":"TN","value":2.4,"estimate":"q95"},{"bfs_id":5425,"rcp":"RCP2.6","period":"2085","key":"TN","value":0.4,"estimate":"q5"},{"bfs_id":5425,"rcp":"RCP2.6","period":"2085","key":"TN","value":1.4,"estimate":"q50"},{"bfs_id":5425,"rcp":"RCP2.6","period":"2085","key":"TN","value":2.6,"estimate":"q95"},{"bfs_id":5425,"rcp":"RCP8.5","period":"2035","key":"TN","value":0.8,"estimate":"q5"},{"bfs_id":5425,"rcp":"RCP8.5","period":"2035","key":"TN","value":1.6,"estimate":"q50"},{"bfs_id":5425,"rcp":"RCP8.5","period":"2035","key":"TN","value":4.3,"estimate":"q95"},{"bfs_id":5425,"rcp":"RCP8.5","period":"2060","key":"TN","value":3,"estimate":"q5"},{"bfs_id":5425,"rcp":"RCP8.5","period":"2060","key":"TN","value":5.8,"estimate":"q50"},{"bfs_id":5425,"rcp":"RCP8.5","period":"2060","key":"TN","value":10.3,"estimate":"q95"},{"bfs_id":5425,"rcp":"RCP8.5","period":"2085","key":"TN","value":9.6,"estimate":"q5"},{"bfs_id":5425,"rcp":"RCP8.5","period":"2085","key":"TN","value":14,"estimate":"q50"},{"bfs_id":5425,"rcp":"RCP8.5","period":"2085","key":"TN","value":34.1,"estimate":"q95"},{"bfs_id":5425,"rcp":"RCP2.6","period":"2035","key":"pr","value":3.8,"estimate":"q5","season":"DJF"},{"bfs_id":5425,"rcp":"RCP2.6","period":"2035","key":"pr","value":2.9,"estimate":"q5","season":"MAM"},{"bfs_id":5425,"rcp":"RCP2.6","period":"2035","key":"pr","value":2.4,"estimate":"q5","season":"JJA"},{"bfs_id":5425,"rcp":"RCP2.6","period":"2035","key":"pr","value":3.2,"estimate":"q5","season":"SON"},{"bfs_id":5425,"rcp":"RCP2.6","period":"2035","key":"pr","value":4.4,"estimate":"q50","season":"DJF"},{"bfs_id":5425,"rcp":"RCP2.6","period":"2035","key":"pr","value":3.5,"estimate":"q50","season":"MAM"},{"bfs_id":5425,"rcp":"RCP2.6","period":"2035","key":"pr","value":2.8,"estimate":"q50","season":"JJA"},{"bfs_id":5425,"rcp":"RCP2.6","period":"2035","key":"pr","value":3.6,"estimate":"q50","season":"SON"},{"bfs_id":5425,"rcp":"RCP2.6","period":"2035","key":"pr","value":5.1,"estimate":"q95","season":"DJF"},{"bfs_id":5425,"rcp":"RCP2.6","period":"2035","key":"pr","value":3.7,"estimate":"q95","season":"MAM"},{"bfs_id":5425,"rcp":"RCP2.6","period":"2035","key":"pr","value":3.2,"estimate":"q95","season":"JJA"},{"bfs_id":5425,"rcp":"RCP2.6","period":"2035","key":"pr","value":4.2,"estimate":"q95","season":"SON"},{"bfs_id":5425,"rcp":"RCP2.6","period":"2060","key":"pr","value":4,"estimate":"q5","season":"DJF"},{"bfs_id":5425,"rcp":"RCP2.6","period":"2060","key":"pr","value":3.1,"estimate":"q5","season":"MAM"},{"bfs_id":5425,"rcp":"RCP2.6","period":"2060","key":"pr","value":2.4,"estimate":"q5","season":"JJA"},{"bfs_id":5425,"rcp":"RCP2.6","period":"2060","key":"pr","value":3.4,"estimate":"q5","season":"SON"},{"bfs_id":5425,"rcp":"RCP2.6","period":"2060","key":"pr","value":4.5,"estimate":"q50","season":"DJF"},{"bfs_id":5425,"rcp":"RCP2.6","period":"2060","key":"pr","value":3.4,"estimate":"q50","season":"MAM"},{"bfs_id":5425,"rcp":"RCP2.6","period":"2060","key":"pr","value":2.8,"estimate":"q50","season":"JJA"},{"bfs_id":5425,"rcp":"RCP2.6","period":"2060","key":"pr","value":3.6,"estimate":"q50","season":"SON"},{"bfs_id":5425,"rcp":"RCP2.6","period":"2060","key":"pr","value":4.9,"estimate":"q95","season":"DJF"},{"bfs_id":5425,"rcp":"RCP2.6","period":"2060","key":"pr","value":3.8,"estimate":"q95","season":"MAM"},{"bfs_id":5425,"rcp":"RCP2.6","period":"2060","key":"pr","value":3.2,"estimate":"q95","season":"JJA"},{"bfs_id":5425,"rcp":"RCP2.6","period":"2060","key":"pr","value":4,"estimate":"q95","season":"SON"},{"bfs_id":5425,"rcp":"RCP2.6","period":"2085","key":"pr","value":3.9,"estimate":"q5","season":"DJF"},{"bfs_id":5425,"rcp":"RCP2.6","period":"2085","key":"pr","value":3.2,"estimate":"q5","season":"MAM"},{"bfs_id":5425,"rcp":"RCP2.6","period":"2085","key":"pr","value":2.4,"estimate":"q5","season":"JJA"},{"bfs_id":5425,"rcp":"RCP2.6","period":"2085","key":"pr","value":3.2,"estimate":"q5","season":"SON"},{"bfs_id":5425,"rcp":"RCP2.6","period":"2085","key":"pr","value":4.5,"estimate":"q50","season":"DJF"},{"bfs_id":5425,"rcp":"RCP2.6","period":"2085","key":"pr","value":3.5,"estimate":"q50","season":"MAM"},{"bfs_id":5425,"rcp":"RCP2.6","period":"2085","key":"pr","value":2.8,"estimate":"q50","season":"JJA"},{"bfs_id":5425,"rcp":"RCP2.6","period":"2085","key":"pr","value":3.6,"estimate":"q50","season":"SON"},{"bfs_id":5425,"rcp":"RCP2.6","period":"2085","key":"pr","value":4.9,"estimate":"q95","season":"DJF"},{"bfs_id":5425,"rcp":"RCP2.6","period":"2085","key":"pr","value":3.8,"estimate":"q95","season":"MAM"},{"bfs_id":5425,"rcp":"RCP2.6","period":"2085","key":"pr","value":3.2,"estimate":"q95","season":"JJA"},{"bfs_id":5425,"rcp":"RCP2.6","period":"2085","key":"pr","value":4.1,"estimate":"q95","season":"SON"},{"bfs_id":5425,"rcp":"RCP8.5","period":"2035","key":"pr","value":4.1,"estimate":"q5","season":"DJF"},{"bfs_id":5425,"rcp":"RCP8.5","period":"2035","key":"pr","value":3.1,"estimate":"q5","season":"MAM"},{"bfs_id":5425,"rcp":"RCP8.5","period":"2035","key":"pr","value":2.2,"estimate":"q5","season":"JJA"},{"bfs_id":5425,"rcp":"RCP8.5","period":"2035","key":"pr","value":3.2,"estimate":"q5","season":"SON"},{"bfs_id":5425,"rcp":"RCP8.5","period":"2035","key":"pr","value":4.5,"estimate":"q50","season":"DJF"},{"bfs_id":5425,"rcp":"RCP8.5","period":"2035","key":"pr","value":3.6,"estimate":"q50","season":"MAM"},{"bfs_id":5425,"rcp":"RCP8.5","period":"2035","key":"pr","value":2.9,"estimate":"q50","season":"JJA"},{"bfs_id":5425,"rcp":"RCP8.5","period":"2035","key":"pr","value":3.8,"estimate":"q50","season":"SON"},{"bfs_id":5425,"rcp":"RCP8.5","period":"2035","key":"pr","value":5,"estimate":"q95","season":"DJF"},{"bfs_id":5425,"rcp":"RCP8.5","period":"2035","key":"pr","value":3.8,"estimate":"q95","season":"MAM"},{"bfs_id":5425,"rcp":"RCP8.5","period":"2035","key":"pr","value":3.2,"estimate":"q95","season":"JJA"},{"bfs_id":5425,"rcp":"RCP8.5","period":"2035","key":"pr","value":4.2,"estimate":"q95","season":"SON"},{"bfs_id":5425,"rcp":"RCP8.5","period":"2060","key":"pr","value":4.3,"estimate":"q5","season":"DJF"},{"bfs_id":5425,"rcp":"RCP8.5","period":"2060","key":"pr","value":3.2,"estimate":"q5","season":"MAM"},{"bfs_id":5425,"rcp":"RCP8.5","period":"2060","key":"pr","value":1.9,"estimate":"q5","season":"JJA"},{"bfs_id":5425,"rcp":"RCP8.5","period":"2060","key":"pr","value":3.3,"estimate":"q5","season":"SON"},{"bfs_id":5425,"rcp":"RCP8.5","period":"2060","key":"pr","value":4.6,"estimate":"q50","season":"DJF"},{"bfs_id":5425,"rcp":"RCP8.5","period":"2060","key":"pr","value":3.6,"estimate":"q50","season":"MAM"},{"bfs_id":5425,"rcp":"RCP8.5","period":"2060","key":"pr","value":2.6,"estimate":"q50","season":"JJA"},{"bfs_id":5425,"rcp":"RCP8.5","period":"2060","key":"pr","value":3.8,"estimate":"q50","season":"SON"},{"bfs_id":5425,"rcp":"RCP8.5","period":"2060","key":"pr","value":5.1,"estimate":"q95","season":"DJF"},{"bfs_id":5425,"rcp":"RCP8.5","period":"2060","key":"pr","value":3.9,"estimate":"q95","season":"MAM"},{"bfs_id":5425,"rcp":"RCP8.5","period":"2060","key":"pr","value":3.1,"estimate":"q95","season":"JJA"},{"bfs_id":5425,"rcp":"RCP8.5","period":"2060","key":"pr","value":4.1,"estimate":"q95","season":"SON"},{"bfs_id":5425,"rcp":"RCP8.5","period":"2085","key":"pr","value":4.5,"estimate":"q5","season":"DJF"},{"bfs_id":5425,"rcp":"RCP8.5","period":"2085","key":"pr","value":3.2,"estimate":"q5","season":"MAM"},{"bfs_id":5425,"rcp":"RCP8.5","period":"2085","key":"pr","value":1.6,"estimate":"q5","season":"JJA"},{"bfs_id":5425,"rcp":"RCP8.5","period":"2085","key":"pr","value":3.1,"estimate":"q5","season":"SON"},{"bfs_id":5425,"rcp":"RCP8.5","period":"2085","key":"pr","value":5,"estimate":"q50","season":"DJF"},{"bfs_id":5425,"rcp":"RCP8.5","period":"2085","key":"pr","value":3.8,"estimate":"q50","season":"MAM"},{"bfs_id":5425,"rcp":"RCP8.5","period":"2085","key":"pr","value":2.3,"estimate":"q50","season":"JJA"},{"bfs_id":5425,"rcp":"RCP8.5","period":"2085","key":"pr","value":3.7,"estimate":"q50","season":"SON"},{"bfs_id":5425,"rcp":"RCP8.5","period":"2085","key":"pr","value":5.8,"estimate":"q95","season":"DJF"},{"bfs_id":5425,"rcp":"RCP8.5","period":"2085","key":"pr","value":4.1,"estimate":"q95","season":"MAM"},{"bfs_id":5425,"rcp":"RCP8.5","period":"2085","key":"pr","value":2.9,"estimate":"q95","season":"JJA"},{"bfs_id":5425,"rcp":"RCP8.5","period":"2085","key":"pr","value":4.5,"estimate":"q95","season":"SON"},{"bfs_id":5425,"rcp":"RCP2.6","period":"2035","key":"tas","value":2,"estimate":"q5","season":"DJF"},{"bfs_id":5425,"rcp":"RCP2.6","period":"2035","key":"tas","value":8.8,"estimate":"q5","season":"MAM"},{"bfs_id":5425,"rcp":"RCP2.6","period":"2035","key":"tas","value":18,"estimate":"q5","season":"JJA"},{"bfs_id":5425,"rcp":"RCP2.6","period":"2035","key":"tas","value":10.3,"estimate":"q5","season":"SON"},{"bfs_id":5425,"rcp":"RCP2.6","period":"2035","key":"tas","value":2.3,"estimate":"q50","season":"DJF"},{"bfs_id":5425,"rcp":"RCP2.6","period":"2035","key":"tas","value":9.3,"estimate":"q50","season":"MAM"},{"bfs_id":5425,"rcp":"RCP2.6","period":"2035","key":"tas","value":18.7,"estimate":"q50","season":"JJA"},{"bfs_id":5425,"rcp":"RCP2.6","period":"2035","key":"tas","value":10.6,"estimate":"q50","season":"SON"},{"bfs_id":5425,"rcp":"RCP2.6","period":"2035","key":"tas","value":3,"estimate":"q95","season":"DJF"},{"bfs_id":5425,"rcp":"RCP2.6","period":"2035","key":"tas","value":9.6,"estimate":"q95","season":"MAM"},{"bfs_id":5425,"rcp":"RCP2.6","period":"2035","key":"tas","value":19.4,"estimate":"q95","season":"JJA"},{"bfs_id":5425,"rcp":"RCP2.6","period":"2035","key":"tas","value":11.4,"estimate":"q95","season":"SON"},{"bfs_id":5425,"rcp":"RCP2.6","period":"2060","key":"tas","value":2,"estimate":"q5","season":"DJF"},{"bfs_id":5425,"rcp":"RCP2.6","period":"2060","key":"tas","value":8.6,"estimate":"q5","season":"MAM"},{"bfs_id":5425,"rcp":"RCP2.6","period":"2060","key":"tas","value":18.3,"estimate":"q5","season":"JJA"},{"bfs_id":5425,"rcp":"RCP2.6","period":"2060","key":"tas","value":10.5,"estimate":"q5","season":"SON"},{"bfs_id":5425,"rcp":"RCP2.6","period":"2060","key":"tas","value":2.7,"estimate":"q50","season":"DJF"},{"bfs_id":5425,"rcp":"RCP2.6","period":"2060","key":"tas","value":9.3,"estimate":"q50","season":"MAM"},{"bfs_id":5425,"rcp":"RCP2.6","period":"2060","key":"tas","value":18.8,"estimate":"q50","season":"JJA"},{"bfs_id":5425,"rcp":"RCP2.6","period":"2060","key":"tas","value":11,"estimate":"q50","season":"SON"},{"bfs_id":5425,"rcp":"RCP2.6","period":"2060","key":"tas","value":3.2,"estimate":"q95","season":"DJF"},{"bfs_id":5425,"rcp":"RCP2.6","period":"2060","key":"tas","value":9.9,"estimate":"q95","season":"MAM"},{"bfs_id":5425,"rcp":"RCP2.6","period":"2060","key":"tas","value":19.5,"estimate":"q95","season":"JJA"},{"bfs_id":5425,"rcp":"RCP2.6","period":"2060","key":"tas","value":11.9,"estimate":"q95","season":"SON"},{"bfs_id":5425,"rcp":"RCP2.6","period":"2085","key":"tas","value":2,"estimate":"q5","season":"DJF"},{"bfs_id":5425,"rcp":"RCP2.6","period":"2085","key":"tas","value":8.7,"estimate":"q5","season":"MAM"},{"bfs_id":5425,"rcp":"RCP2.6","period":"2085","key":"tas","value":18.2,"estimate":"q5","season":"JJA"},{"bfs_id":5425,"rcp":"RCP2.6","period":"2085","key":"tas","value":10.4,"estimate":"q5","season":"SON"},{"bfs_id":5425,"rcp":"RCP2.6","period":"2085","key":"tas","value":2.6,"estimate":"q50","season":"DJF"},{"bfs_id":5425,"rcp":"RCP2.6","period":"2085","key":"tas","value":9.4,"estimate":"q50","season":"MAM"},{"bfs_id":5425,"rcp":"RCP2.6","period":"2085","key":"tas","value":18.8,"estimate":"q50","season":"JJA"},{"bfs_id":5425,"rcp":"RCP2.6","period":"2085","key":"tas","value":10.9,"estimate":"q50","season":"SON"},{"bfs_id":5425,"rcp":"RCP2.6","period":"2085","key":"tas","value":3.4,"estimate":"q95","season":"DJF"},{"bfs_id":5425,"rcp":"RCP2.6","period":"2085","key":"tas","value":9.9,"estimate":"q95","season":"MAM"},{"bfs_id":5425,"rcp":"RCP2.6","period":"2085","key":"tas","value":19.5,"estimate":"q95","season":"JJA"},{"bfs_id":5425,"rcp":"RCP2.6","period":"2085","key":"tas","value":11.8,"estimate":"q95","season":"SON"},{"bfs_id":5425,"rcp":"RCP8.5","period":"2035","key":"tas","value":2.1,"estimate":"q5","season":"DJF"},{"bfs_id":5425,"rcp":"RCP8.5","period":"2035","key":"tas","value":8.9,"estimate":"q5","season":"MAM"},{"bfs_id":5425,"rcp":"RCP8.5","period":"2035","key":"tas","value":18.5,"estimate":"q5","season":"JJA"},{"bfs_id":5425,"rcp":"RCP8.5","period":"2035","key":"tas","value":10.5,"estimate":"q5","season":"SON"},{"bfs_id":5425,"rcp":"RCP8.5","period":"2035","key":"tas","value":2.7,"estimate":"q50","season":"DJF"},{"bfs_id":5425,"rcp":"RCP8.5","period":"2035","key":"tas","value":9.3,"estimate":"q50","season":"MAM"},{"bfs_id":5425,"rcp":"RCP8.5","period":"2035","key":"tas","value":19.1,"estimate":"q50","season":"JJA"},{"bfs_id":5425,"rcp":"RCP8.5","period":"2035","key":"tas","value":11,"estimate":"q50","season":"SON"},{"bfs_id":5425,"rcp":"RCP8.5","period":"2035","key":"tas","value":3.1,"estimate":"q95","season":"DJF"},{"bfs_id":5425,"rcp":"RCP8.5","period":"2035","key":"tas","value":9.8,"estimate":"q95","season":"MAM"},{"bfs_id":5425,"rcp":"RCP8.5","period":"2035","key":"tas","value":19.7,"estimate":"q95","season":"JJA"},{"bfs_id":5425,"rcp":"RCP8.5","period":"2035","key":"tas","value":11.9,"estimate":"q95","season":"SON"},{"bfs_id":5425,"rcp":"RCP8.5","period":"2060","key":"tas","value":3.3,"estimate":"q5","season":"DJF"},{"bfs_id":5425,"rcp":"RCP8.5","period":"2060","key":"tas","value":9.7,"estimate":"q5","season":"MAM"},{"bfs_id":5425,"rcp":"RCP8.5","period":"2060","key":"tas","value":19.7,"estimate":"q5","season":"JJA"},{"bfs_id":5425,"rcp":"RCP8.5","period":"2060","key":"tas","value":11.8,"estimate":"q5","season":"SON"},{"bfs_id":5425,"rcp":"RCP8.5","period":"2060","key":"tas","value":3.5,"estimate":"q50","season":"DJF"},{"bfs_id":5425,"rcp":"RCP8.5","period":"2060","key":"tas","value":10.3,"estimate":"q50","season":"MAM"},{"bfs_id":5425,"rcp":"RCP8.5","period":"2060","key":"tas","value":20.2,"estimate":"q50","season":"JJA"},{"bfs_id":5425,"rcp":"RCP8.5","period":"2060","key":"tas","value":12.3,"estimate":"q50","season":"SON"},{"bfs_id":5425,"rcp":"RCP8.5","period":"2060","key":"tas","value":4.2,"estimate":"q95","season":"DJF"},{"bfs_id":5425,"rcp":"RCP8.5","period":"2060","key":"tas","value":11,"estimate":"q95","season":"MAM"},{"bfs_id":5425,"rcp":"RCP8.5","period":"2060","key":"tas","value":21.5,"estimate":"q95","season":"JJA"},{"bfs_id":5425,"rcp":"RCP8.5","period":"2060","key":"tas","value":13.2,"estimate":"q95","season":"SON"},{"bfs_id":5425,"rcp":"RCP8.5","period":"2085","key":"tas","value":4.2,"estimate":"q5","season":"DJF"},{"bfs_id":5425,"rcp":"RCP8.5","period":"2085","key":"tas","value":10.7,"estimate":"q5","season":"MAM"},{"bfs_id":5425,"rcp":"RCP8.5","period":"2085","key":"tas","value":21.2,"estimate":"q5","season":"JJA"},{"bfs_id":5425,"rcp":"RCP8.5","period":"2085","key":"tas","value":12.8,"estimate":"q5","season":"SON"},{"bfs_id":5425,"rcp":"RCP8.5","period":"2085","key":"tas","value":5.2,"estimate":"q50","season":"DJF"},{"bfs_id":5425,"rcp":"RCP8.5","period":"2085","key":"tas","value":11.7,"estimate":"q50","season":"MAM"},{"bfs_id":5425,"rcp":"RCP8.5","period":"2085","key":"tas","value":21.9,"estimate":"q50","season":"JJA"},{"bfs_id":5425,"rcp":"RCP8.5","period":"2085","key":"tas","value":13.7,"estimate":"q50","season":"SON"},{"bfs_id":5425,"rcp":"RCP8.5","period":"2085","key":"tas","value":6.1,"estimate":"q95","season":"DJF"},{"bfs_id":5425,"rcp":"RCP8.5","period":"2085","key":"tas","value":12.9,"estimate":"q95","season":"MAM"},{"bfs_id":5425,"rcp":"RCP8.5","period":"2085","key":"tas","value":24.1,"estimate":"q95","season":"JJA"},{"bfs_id":5425,"rcp":"RCP8.5","period":"2085","key":"tas","value":15.3,"estimate":"q95","season":"SON"},{"bfs_id":5425,"rcp":"obs","period":"1981-2010","key":"FD","value":80.4,"estimate":"yearly_mean"},{"bfs_id":5425,"rcp":"obs","period":"1981-2010","key":"HD","value":4.6,"estimate":"yearly_mean"},{"bfs_id":5425,"rcp":"obs","period":"1981-2010","key":"ID","value":18,"estimate":"yearly_mean"},{"bfs_id":5425,"rcp":"obs","period":"1981-2010","key":"SD","value":36.1,"estimate":"yearly_mean"},{"bfs_id":5425,"rcp":"obs","period":"1981-2010","key":"snowdays","value":19.6,"estimate":"yearly_mean"},{"bfs_id":5425,"rcp":"obs","period":"1981-2010","key":"TN","value":0.1,"estimate":"yearly_mean"},{"bfs_id":5425,"rcp":"obs","period":"1981-2010","key":"pr","value":4.2,"estimate":"mean","season":"DJF"},{"bfs_id":5425,"rcp":"obs","period":"1981-2010","key":"pr","value":3.2,"estimate":"mean","season":"MAM"},{"bfs_id":5425,"rcp":"obs","period":"1981-2010","key":"pr","value":3.1,"estimate":"mean","season":"JJA"},{"bfs_id":5425,"rcp":"obs","period":"1981-2010","key":"pr","value":3.7,"estimate":"mean","season":"SON"},{"bfs_id":5425,"rcp":"obs","period":"1981-2010","key":"tas","value":1.3,"estimate":"mean","season":"DJF"},{"bfs_id":5425,"rcp":"obs","period":"1981-2010","key":"tas","value":8.6,"estimate":"mean","season":"MAM"},{"bfs_id":5425,"rcp":"obs","period":"1981-2010","key":"tas","value":17.6,"estimate":"mean","season":"JJA"},{"bfs_id":5425,"rcp":"obs","period":"1981-2010","key":"tas","value":9.6,"estimate":"mean","season":"SON"}]
