[{"bfs_id":2964,"rcp":"RCP2.6","period":"2035","key":"FD","value":57.8,"estimate":"q5"},{"bfs_id":2964,"rcp":"RCP2.6","period":"2035","key":"FD","value":68.8,"estimate":"q50"},{"bfs_id":2964,"rcp":"RCP2.6","period":"2035","key":"FD","value":73.9,"estimate":"q95"},{"bfs_id":2964,"rcp":"RCP2.6","period":"2060","key":"FD","value":56,"estimate":"q5"},{"bfs_id":2964,"rcp":"RCP2.6","period":"2060","key":"FD","value":66.3,"estimate":"q50"},{"bfs_id":2964,"rcp":"RCP2.6","period":"2060","key":"FD","value":71.9,"estimate":"q95"},{"bfs_id":2964,"rcp":"RCP2.6","period":"2085","key":"FD","value":56.8,"estimate":"q5"},{"bfs_id":2964,"rcp":"RCP2.6","period":"2085","key":"FD","value":66.7,"estimate":"q50"},{"bfs_id":2964,"rcp":"RCP2.6","period":"2085","key":"FD","value":73.4,"estimate":"q95"},{"bfs_id":2964,"rcp":"RCP8.5","period":"2035","key":"FD","value":55.3,"estimate":"q5"},{"bfs_id":2964,"rcp":"RCP8.5","period":"2035","key":"FD","value":64.5,"estimate":"q50"},{"bfs_id":2964,"rcp":"RCP8.5","period":"2035","key":"FD","value":70.6,"estimate":"q95"},{"bfs_id":2964,"rcp":"RCP8.5","period":"2060","key":"FD","value":44.4,"estimate":"q5"},{"bfs_id":2964,"rcp":"RCP8.5","period":"2060","key":"FD","value":50.6,"estimate":"q50"},{"bfs_id":2964,"rcp":"RCP8.5","period":"2060","key":"FD","value":57.4,"estimate":"q95"},{"bfs_id":2964,"rcp":"RCP8.5","period":"2085","key":"FD","value":25,"estimate":"q5"},{"bfs_id":2964,"rcp":"RCP8.5","period":"2085","key":"FD","value":30.9,"estimate":"q50"},{"bfs_id":2964,"rcp":"RCP8.5","period":"2085","key":"FD","value":40.9,"estimate":"q95"},{"bfs_id":2964,"rcp":"RCP2.6","period":"2035","key":"HD","value":8.8,"estimate":"q5"},{"bfs_id":2964,"rcp":"RCP2.6","period":"2035","key":"HD","value":11.7,"estimate":"q50"},{"bfs_id":2964,"rcp":"RCP2.6","period":"2035","key":"HD","value":16.8,"estimate":"q95"},{"bfs_id":2964,"rcp":"RCP2.6","period":"2060","key":"HD","value":9.3,"estimate":"q5"},{"bfs_id":2964,"rcp":"RCP2.6","period":"2060","key":"HD","value":11.8,"estimate":"q50"},{"bfs_id":2964,"rcp":"RCP2.6","period":"2060","key":"HD","value":19,"estimate":"q95"},{"bfs_id":2964,"rcp":"RCP2.6","period":"2085","key":"HD","value":9.8,"estimate":"q5"},{"bfs_id":2964,"rcp":"RCP2.6","period":"2085","key":"HD","value":11.7,"estimate":"q50"},{"bfs_id":2964,"rcp":"RCP2.6","period":"2085","key":"HD","value":18.3,"estimate":"q95"},{"bfs_id":2964,"rcp":"RCP8.5","period":"2035","key":"HD","value":10,"estimate":"q5"},{"bfs_id":2964,"rcp":"RCP8.5","period":"2035","key":"HD","value":12.3,"estimate":"q50"},{"bfs_id":2964,"rcp":"RCP8.5","period":"2035","key":"HD","value":18.8,"estimate":"q95"},{"bfs_id":2964,"rcp":"RCP8.5","period":"2060","key":"HD","value":15.5,"estimate":"q5"},{"bfs_id":2964,"rcp":"RCP8.5","period":"2060","key":"HD","value":22.1,"estimate":"q50"},{"bfs_id":2964,"rcp":"RCP8.5","period":"2060","key":"HD","value":32.6,"estimate":"q95"},{"bfs_id":2964,"rcp":"RCP8.5","period":"2085","key":"HD","value":29,"estimate":"q5"},{"bfs_id":2964,"rcp":"RCP8.5","period":"2085","key":"HD","value":32.9,"estimate":"q50"},{"bfs_id":2964,"rcp":"RCP8.5","period":"2085","key":"HD","value":58.9,"estimate":"q95"},{"bfs_id":2964,"rcp":"RCP2.6","period":"2035","key":"ID","value":10.4,"estimate":"q5"},{"bfs_id":2964,"rcp":"RCP2.6","period":"2035","key":"ID","value":14.4,"estimate":"q50"},{"bfs_id":2964,"rcp":"RCP2.6","period":"2035","key":"ID","value":18.2,"estimate":"q95"},{"bfs_id":2964,"rcp":"RCP2.6","period":"2060","key":"ID","value":10.6,"estimate":"q5"},{"bfs_id":2964,"rcp":"RCP2.6","period":"2060","key":"ID","value":14.7,"estimate":"q50"},{"bfs_id":2964,"rcp":"RCP2.6","period":"2060","key":"ID","value":18.2,"estimate":"q95"},{"bfs_id":2964,"rcp":"RCP2.6","period":"2085","key":"ID","value":10.8,"estimate":"q5"},{"bfs_id":2964,"rcp":"RCP2.6","period":"2085","key":"ID","value":14.2,"estimate":"q50"},{"bfs_id":2964,"rcp":"RCP2.6","period":"2085","key":"ID","value":17.1,"estimate":"q95"},{"bfs_id":2964,"rcp":"RCP8.5","period":"2035","key":"ID","value":10.9,"estimate":"q5"},{"bfs_id":2964,"rcp":"RCP8.5","period":"2035","key":"ID","value":13.2,"estimate":"q50"},{"bfs_id":2964,"rcp":"RCP8.5","period":"2035","key":"ID","value":18.3,"estimate":"q95"},{"bfs_id":2964,"rcp":"RCP8.5","period":"2060","key":"ID","value":6.2,"estimate":"q5"},{"bfs_id":2964,"rcp":"RCP8.5","period":"2060","key":"ID","value":9.7,"estimate":"q50"},{"bfs_id":2964,"rcp":"RCP8.5","period":"2060","key":"ID","value":12.1,"estimate":"q95"},{"bfs_id":2964,"rcp":"RCP8.5","period":"2085","key":"ID","value":1.8,"estimate":"q5"},{"bfs_id":2964,"rcp":"RCP8.5","period":"2085","key":"ID","value":4.4,"estimate":"q50"},{"bfs_id":2964,"rcp":"RCP8.5","period":"2085","key":"ID","value":6.8,"estimate":"q95"},{"bfs_id":2964,"rcp":"RCP2.6","period":"2035","key":"SD","value":49.9,"estimate":"q5"},{"bfs_id":2964,"rcp":"RCP2.6","period":"2035","key":"SD","value":55.3,"estimate":"q50"},{"bfs_id":2964,"rcp":"RCP2.6","period":"2035","key":"SD","value":63.4,"estimate":"q95"},{"bfs_id":2964,"rcp":"RCP2.6","period":"2060","key":"SD","value":50.6,"estimate":"q5"},{"bfs_id":2964,"rcp":"RCP2.6","period":"2060","key":"SD","value":57.5,"estimate":"q50"},{"bfs_id":2964,"rcp":"RCP2.6","period":"2060","key":"SD","value":64.2,"estimate":"q95"},{"bfs_id":2964,"rcp":"RCP2.6","period":"2085","key":"SD","value":49.6,"estimate":"q5"},{"bfs_id":2964,"rcp":"RCP2.6","period":"2085","key":"SD","value":57.4,"estimate":"q50"},{"bfs_id":2964,"rcp":"RCP2.6","period":"2085","key":"SD","value":65.2,"estimate":"q95"},{"bfs_id":2964,"rcp":"RCP8.5","period":"2035","key":"SD","value":52.6,"estimate":"q5"},{"bfs_id":2964,"rcp":"RCP8.5","period":"2035","key":"SD","value":58,"estimate":"q50"},{"bfs_id":2964,"rcp":"RCP8.5","period":"2035","key":"SD","value":65.2,"estimate":"q95"},{"bfs_id":2964,"rcp":"RCP8.5","period":"2060","key":"SD","value":67.6,"estimate":"q5"},{"bfs_id":2964,"rcp":"RCP8.5","period":"2060","key":"SD","value":72.5,"estimate":"q50"},{"bfs_id":2964,"rcp":"RCP8.5","period":"2060","key":"SD","value":87,"estimate":"q95"},{"bfs_id":2964,"rcp":"RCP8.5","period":"2085","key":"SD","value":82.3,"estimate":"q5"},{"bfs_id":2964,"rcp":"RCP8.5","period":"2085","key":"SD","value":93.9,"estimate":"q50"},{"bfs_id":2964,"rcp":"RCP8.5","period":"2085","key":"SD","value":112.4,"estimate":"q95"},{"bfs_id":2964,"rcp":"RCP2.6","period":"2035","key":"snowdays","value":10.7,"estimate":"q5"},{"bfs_id":2964,"rcp":"RCP2.6","period":"2035","key":"snowdays","value":15,"estimate":"q50"},{"bfs_id":2964,"rcp":"RCP2.6","period":"2035","key":"snowdays","value":17.1,"estimate":"q95"},{"bfs_id":2964,"rcp":"RCP2.6","period":"2060","key":"snowdays","value":10.4,"estimate":"q5"},{"bfs_id":2964,"rcp":"RCP2.6","period":"2060","key":"snowdays","value":14.7,"estimate":"q50"},{"bfs_id":2964,"rcp":"RCP2.6","period":"2060","key":"snowdays","value":17,"estimate":"q95"},{"bfs_id":2964,"rcp":"RCP2.6","period":"2085","key":"snowdays","value":9.8,"estimate":"q5"},{"bfs_id":2964,"rcp":"RCP2.6","period":"2085","key":"snowdays","value":14.4,"estimate":"q50"},{"bfs_id":2964,"rcp":"RCP2.6","period":"2085","key":"snowdays","value":17.5,"estimate":"q95"},{"bfs_id":2964,"rcp":"RCP8.5","period":"2035","key":"snowdays","value":9.9,"estimate":"q5"},{"bfs_id":2964,"rcp":"RCP8.5","period":"2035","key":"snowdays","value":14.1,"estimate":"q50"},{"bfs_id":2964,"rcp":"RCP8.5","period":"2035","key":"snowdays","value":16.5,"estimate":"q95"},{"bfs_id":2964,"rcp":"RCP8.5","period":"2060","key":"snowdays","value":7.1,"estimate":"q5"},{"bfs_id":2964,"rcp":"RCP8.5","period":"2060","key":"snowdays","value":10.4,"estimate":"q50"},{"bfs_id":2964,"rcp":"RCP8.5","period":"2060","key":"snowdays","value":12.5,"estimate":"q95"},{"bfs_id":2964,"rcp":"RCP8.5","period":"2085","key":"snowdays","value":2.7,"estimate":"q5"},{"bfs_id":2964,"rcp":"RCP8.5","period":"2085","key":"snowdays","value":6.1,"estimate":"q50"},{"bfs_id":2964,"rcp":"RCP8.5","period":"2085","key":"snowdays","value":7.9,"estimate":"q95"},{"bfs_id":2964,"rcp":"RCP2.6","period":"2035","key":"TN","value":0.2,"estimate":"q5"},{"bfs_id":2964,"rcp":"RCP2.6","period":"2035","key":"TN","value":0.7,"estimate":"q50"},{"bfs_id":2964,"rcp":"RCP2.6","period":"2035","key":"TN","value":1.5,"estimate":"q95"},{"bfs_id":2964,"rcp":"RCP2.6","period":"2060","key":"TN","value":0.3,"estimate":"q5"},{"bfs_id":2964,"rcp":"RCP2.6","period":"2060","key":"TN","value":0.9,"estimate":"q50"},{"bfs_id":2964,"rcp":"RCP2.6","period":"2060","key":"TN","value":1.9,"estimate":"q95"},{"bfs_id":2964,"rcp":"RCP2.6","period":"2085","key":"TN","value":0.4,"estimate":"q5"},{"bfs_id":2964,"rcp":"RCP2.6","period":"2085","key":"TN","value":0.9,"estimate":"q50"},{"bfs_id":2964,"rcp":"RCP2.6","period":"2085","key":"TN","value":1.5,"estimate":"q95"},{"bfs_id":2964,"rcp":"RCP8.5","period":"2035","key":"TN","value":0.5,"estimate":"q5"},{"bfs_id":2964,"rcp":"RCP8.5","period":"2035","key":"TN","value":0.9,"estimate":"q50"},{"bfs_id":2964,"rcp":"RCP8.5","period":"2035","key":"TN","value":2.7,"estimate":"q95"},{"bfs_id":2964,"rcp":"RCP8.5","period":"2060","key":"TN","value":1.9,"estimate":"q5"},{"bfs_id":2964,"rcp":"RCP8.5","period":"2060","key":"TN","value":4.1,"estimate":"q50"},{"bfs_id":2964,"rcp":"RCP8.5","period":"2060","key":"TN","value":8.2,"estimate":"q95"},{"bfs_id":2964,"rcp":"RCP8.5","period":"2085","key":"TN","value":7.6,"estimate":"q5"},{"bfs_id":2964,"rcp":"RCP8.5","period":"2085","key":"TN","value":11.6,"estimate":"q50"},{"bfs_id":2964,"rcp":"RCP8.5","period":"2085","key":"TN","value":28.6,"estimate":"q95"},{"bfs_id":2964,"rcp":"RCP2.6","period":"2035","key":"pr","value":2.1,"estimate":"q5","season":"DJF"},{"bfs_id":2964,"rcp":"RCP2.6","period":"2035","key":"pr","value":2.3,"estimate":"q5","season":"MAM"},{"bfs_id":2964,"rcp":"RCP2.6","period":"2035","key":"pr","value":2.8,"estimate":"q5","season":"JJA"},{"bfs_id":2964,"rcp":"RCP2.6","period":"2035","key":"pr","value":2.1,"estimate":"q5","season":"SON"},{"bfs_id":2964,"rcp":"RCP2.6","period":"2035","key":"pr","value":2.4,"estimate":"q50","season":"DJF"},{"bfs_id":2964,"rcp":"RCP2.6","period":"2035","key":"pr","value":2.7,"estimate":"q50","season":"MAM"},{"bfs_id":2964,"rcp":"RCP2.6","period":"2035","key":"pr","value":3,"estimate":"q50","season":"JJA"},{"bfs_id":2964,"rcp":"RCP2.6","period":"2035","key":"pr","value":2.4,"estimate":"q50","season":"SON"},{"bfs_id":2964,"rcp":"RCP2.6","period":"2035","key":"pr","value":2.9,"estimate":"q95","season":"DJF"},{"bfs_id":2964,"rcp":"RCP2.6","period":"2035","key":"pr","value":2.9,"estimate":"q95","season":"MAM"},{"bfs_id":2964,"rcp":"RCP2.6","period":"2035","key":"pr","value":3.4,"estimate":"q95","season":"JJA"},{"bfs_id":2964,"rcp":"RCP2.6","period":"2035","key":"pr","value":3,"estimate":"q95","season":"SON"},{"bfs_id":2964,"rcp":"RCP2.6","period":"2060","key":"pr","value":2.1,"estimate":"q5","season":"DJF"},{"bfs_id":2964,"rcp":"RCP2.6","period":"2060","key":"pr","value":2.4,"estimate":"q5","season":"MAM"},{"bfs_id":2964,"rcp":"RCP2.6","period":"2060","key":"pr","value":2.7,"estimate":"q5","season":"JJA"},{"bfs_id":2964,"rcp":"RCP2.6","period":"2060","key":"pr","value":2.2,"estimate":"q5","season":"SON"},{"bfs_id":2964,"rcp":"RCP2.6","period":"2060","key":"pr","value":2.4,"estimate":"q50","season":"DJF"},{"bfs_id":2964,"rcp":"RCP2.6","period":"2060","key":"pr","value":2.7,"estimate":"q50","season":"MAM"},{"bfs_id":2964,"rcp":"RCP2.6","period":"2060","key":"pr","value":3,"estimate":"q50","season":"JJA"},{"bfs_id":2964,"rcp":"RCP2.6","period":"2060","key":"pr","value":2.5,"estimate":"q50","season":"SON"},{"bfs_id":2964,"rcp":"RCP2.6","period":"2060","key":"pr","value":2.7,"estimate":"q95","season":"DJF"},{"bfs_id":2964,"rcp":"RCP2.6","period":"2060","key":"pr","value":2.9,"estimate":"q95","season":"MAM"},{"bfs_id":2964,"rcp":"RCP2.6","period":"2060","key":"pr","value":3.4,"estimate":"q95","season":"JJA"},{"bfs_id":2964,"rcp":"RCP2.6","period":"2060","key":"pr","value":2.9,"estimate":"q95","season":"SON"},{"bfs_id":2964,"rcp":"RCP2.6","period":"2085","key":"pr","value":2.1,"estimate":"q5","season":"DJF"},{"bfs_id":2964,"rcp":"RCP2.6","period":"2085","key":"pr","value":2.3,"estimate":"q5","season":"MAM"},{"bfs_id":2964,"rcp":"RCP2.6","period":"2085","key":"pr","value":2.7,"estimate":"q5","season":"JJA"},{"bfs_id":2964,"rcp":"RCP2.6","period":"2085","key":"pr","value":2.2,"estimate":"q5","season":"SON"},{"bfs_id":2964,"rcp":"RCP2.6","period":"2085","key":"pr","value":2.4,"estimate":"q50","season":"DJF"},{"bfs_id":2964,"rcp":"RCP2.6","period":"2085","key":"pr","value":2.7,"estimate":"q50","season":"MAM"},{"bfs_id":2964,"rcp":"RCP2.6","period":"2085","key":"pr","value":3.1,"estimate":"q50","season":"JJA"},{"bfs_id":2964,"rcp":"RCP2.6","period":"2085","key":"pr","value":2.5,"estimate":"q50","season":"SON"},{"bfs_id":2964,"rcp":"RCP2.6","period":"2085","key":"pr","value":2.7,"estimate":"q95","season":"DJF"},{"bfs_id":2964,"rcp":"RCP2.6","period":"2085","key":"pr","value":2.9,"estimate":"q95","season":"MAM"},{"bfs_id":2964,"rcp":"RCP2.6","period":"2085","key":"pr","value":3.4,"estimate":"q95","season":"JJA"},{"bfs_id":2964,"rcp":"RCP2.6","period":"2085","key":"pr","value":2.9,"estimate":"q95","season":"SON"},{"bfs_id":2964,"rcp":"RCP8.5","period":"2035","key":"pr","value":2.2,"estimate":"q5","season":"DJF"},{"bfs_id":2964,"rcp":"RCP8.5","period":"2035","key":"pr","value":2.4,"estimate":"q5","season":"MAM"},{"bfs_id":2964,"rcp":"RCP8.5","period":"2035","key":"pr","value":2.6,"estimate":"q5","season":"JJA"},{"bfs_id":2964,"rcp":"RCP8.5","period":"2035","key":"pr","value":2.3,"estimate":"q5","season":"SON"},{"bfs_id":2964,"rcp":"RCP8.5","period":"2035","key":"pr","value":2.5,"estimate":"q50","season":"DJF"},{"bfs_id":2964,"rcp":"RCP8.5","period":"2035","key":"pr","value":2.7,"estimate":"q50","season":"MAM"},{"bfs_id":2964,"rcp":"RCP8.5","period":"2035","key":"pr","value":3.1,"estimate":"q50","season":"JJA"},{"bfs_id":2964,"rcp":"RCP8.5","period":"2035","key":"pr","value":2.6,"estimate":"q50","season":"SON"},{"bfs_id":2964,"rcp":"RCP8.5","period":"2035","key":"pr","value":2.7,"estimate":"q95","season":"DJF"},{"bfs_id":2964,"rcp":"RCP8.5","period":"2035","key":"pr","value":2.9,"estimate":"q95","season":"MAM"},{"bfs_id":2964,"rcp":"RCP8.5","period":"2035","key":"pr","value":3.4,"estimate":"q95","season":"JJA"},{"bfs_id":2964,"rcp":"RCP8.5","period":"2035","key":"pr","value":2.9,"estimate":"q95","season":"SON"},{"bfs_id":2964,"rcp":"RCP8.5","period":"2060","key":"pr","value":2.2,"estimate":"q5","season":"DJF"},{"bfs_id":2964,"rcp":"RCP8.5","period":"2060","key":"pr","value":2.6,"estimate":"q5","season":"MAM"},{"bfs_id":2964,"rcp":"RCP8.5","period":"2060","key":"pr","value":2.3,"estimate":"q5","season":"JJA"},{"bfs_id":2964,"rcp":"RCP8.5","period":"2060","key":"pr","value":2.2,"estimate":"q5","season":"SON"},{"bfs_id":2964,"rcp":"RCP8.5","period":"2060","key":"pr","value":2.6,"estimate":"q50","season":"DJF"},{"bfs_id":2964,"rcp":"RCP8.5","period":"2060","key":"pr","value":2.9,"estimate":"q50","season":"MAM"},{"bfs_id":2964,"rcp":"RCP8.5","period":"2060","key":"pr","value":3,"estimate":"q50","season":"JJA"},{"bfs_id":2964,"rcp":"RCP8.5","period":"2060","key":"pr","value":2.6,"estimate":"q50","season":"SON"},{"bfs_id":2964,"rcp":"RCP8.5","period":"2060","key":"pr","value":2.9,"estimate":"q95","season":"DJF"},{"bfs_id":2964,"rcp":"RCP8.5","period":"2060","key":"pr","value":3.1,"estimate":"q95","season":"MAM"},{"bfs_id":2964,"rcp":"RCP8.5","period":"2060","key":"pr","value":3.4,"estimate":"q95","season":"JJA"},{"bfs_id":2964,"rcp":"RCP8.5","period":"2060","key":"pr","value":3,"estimate":"q95","season":"SON"},{"bfs_id":2964,"rcp":"RCP8.5","period":"2085","key":"pr","value":2.4,"estimate":"q5","season":"DJF"},{"bfs_id":2964,"rcp":"RCP8.5","period":"2085","key":"pr","value":2.6,"estimate":"q5","season":"MAM"},{"bfs_id":2964,"rcp":"RCP8.5","period":"2085","key":"pr","value":1.9,"estimate":"q5","season":"JJA"},{"bfs_id":2964,"rcp":"RCP8.5","period":"2085","key":"pr","value":2.2,"estimate":"q5","season":"SON"},{"bfs_id":2964,"rcp":"RCP8.5","period":"2085","key":"pr","value":2.9,"estimate":"q50","season":"DJF"},{"bfs_id":2964,"rcp":"RCP8.5","period":"2085","key":"pr","value":3,"estimate":"q50","season":"MAM"},{"bfs_id":2964,"rcp":"RCP8.5","period":"2085","key":"pr","value":2.8,"estimate":"q50","season":"JJA"},{"bfs_id":2964,"rcp":"RCP8.5","period":"2085","key":"pr","value":2.6,"estimate":"q50","season":"SON"},{"bfs_id":2964,"rcp":"RCP8.5","period":"2085","key":"pr","value":3.3,"estimate":"q95","season":"DJF"},{"bfs_id":2964,"rcp":"RCP8.5","period":"2085","key":"pr","value":3.3,"estimate":"q95","season":"MAM"},{"bfs_id":2964,"rcp":"RCP8.5","period":"2085","key":"pr","value":3.2,"estimate":"q95","season":"JJA"},{"bfs_id":2964,"rcp":"RCP8.5","period":"2085","key":"pr","value":3.4,"estimate":"q95","season":"SON"},{"bfs_id":2964,"rcp":"RCP2.6","period":"2035","key":"tas","value":1.4,"estimate":"q5","season":"DJF"},{"bfs_id":2964,"rcp":"RCP2.6","period":"2035","key":"tas","value":9.4,"estimate":"q5","season":"MAM"},{"bfs_id":2964,"rcp":"RCP2.6","period":"2035","key":"tas","value":18.5,"estimate":"q5","season":"JJA"},{"bfs_id":2964,"rcp":"RCP2.6","period":"2035","key":"tas","value":10.2,"estimate":"q5","season":"SON"},{"bfs_id":2964,"rcp":"RCP2.6","period":"2035","key":"tas","value":2.1,"estimate":"q50","season":"DJF"},{"bfs_id":2964,"rcp":"RCP2.6","period":"2035","key":"tas","value":9.9,"estimate":"q50","season":"MAM"},{"bfs_id":2964,"rcp":"RCP2.6","period":"2035","key":"tas","value":19.1,"estimate":"q50","season":"JJA"},{"bfs_id":2964,"rcp":"RCP2.6","period":"2035","key":"tas","value":10.5,"estimate":"q50","season":"SON"},{"bfs_id":2964,"rcp":"RCP2.6","period":"2035","key":"tas","value":2.9,"estimate":"q95","season":"DJF"},{"bfs_id":2964,"rcp":"RCP2.6","period":"2035","key":"tas","value":10.3,"estimate":"q95","season":"MAM"},{"bfs_id":2964,"rcp":"RCP2.6","period":"2035","key":"tas","value":19.6,"estimate":"q95","season":"JJA"},{"bfs_id":2964,"rcp":"RCP2.6","period":"2035","key":"tas","value":11.4,"estimate":"q95","season":"SON"},{"bfs_id":2964,"rcp":"RCP2.6","period":"2060","key":"tas","value":1.5,"estimate":"q5","season":"DJF"},{"bfs_id":2964,"rcp":"RCP2.6","period":"2060","key":"tas","value":9.3,"estimate":"q5","season":"MAM"},{"bfs_id":2964,"rcp":"RCP2.6","period":"2060","key":"tas","value":18.8,"estimate":"q5","season":"JJA"},{"bfs_id":2964,"rcp":"RCP2.6","period":"2060","key":"tas","value":10.5,"estimate":"q5","season":"SON"},{"bfs_id":2964,"rcp":"RCP2.6","period":"2060","key":"tas","value":2.4,"estimate":"q50","season":"DJF"},{"bfs_id":2964,"rcp":"RCP2.6","period":"2060","key":"tas","value":10,"estimate":"q50","season":"MAM"},{"bfs_id":2964,"rcp":"RCP2.6","period":"2060","key":"tas","value":19.2,"estimate":"q50","season":"JJA"},{"bfs_id":2964,"rcp":"RCP2.6","period":"2060","key":"tas","value":10.8,"estimate":"q50","season":"SON"},{"bfs_id":2964,"rcp":"RCP2.6","period":"2060","key":"tas","value":3,"estimate":"q95","season":"DJF"},{"bfs_id":2964,"rcp":"RCP2.6","period":"2060","key":"tas","value":10.4,"estimate":"q95","season":"MAM"},{"bfs_id":2964,"rcp":"RCP2.6","period":"2060","key":"tas","value":19.8,"estimate":"q95","season":"JJA"},{"bfs_id":2964,"rcp":"RCP2.6","period":"2060","key":"tas","value":11.7,"estimate":"q95","season":"SON"},{"bfs_id":2964,"rcp":"RCP2.6","period":"2085","key":"tas","value":1.6,"estimate":"q5","season":"DJF"},{"bfs_id":2964,"rcp":"RCP2.6","period":"2085","key":"tas","value":9.4,"estimate":"q5","season":"MAM"},{"bfs_id":2964,"rcp":"RCP2.6","period":"2085","key":"tas","value":18.7,"estimate":"q5","season":"JJA"},{"bfs_id":2964,"rcp":"RCP2.6","period":"2085","key":"tas","value":10.2,"estimate":"q5","season":"SON"},{"bfs_id":2964,"rcp":"RCP2.6","period":"2085","key":"tas","value":2.3,"estimate":"q50","season":"DJF"},{"bfs_id":2964,"rcp":"RCP2.6","period":"2085","key":"tas","value":10.1,"estimate":"q50","season":"MAM"},{"bfs_id":2964,"rcp":"RCP2.6","period":"2085","key":"tas","value":19.1,"estimate":"q50","season":"JJA"},{"bfs_id":2964,"rcp":"RCP2.6","period":"2085","key":"tas","value":10.7,"estimate":"q50","season":"SON"},{"bfs_id":2964,"rcp":"RCP2.6","period":"2085","key":"tas","value":3,"estimate":"q95","season":"DJF"},{"bfs_id":2964,"rcp":"RCP2.6","period":"2085","key":"tas","value":10.5,"estimate":"q95","season":"MAM"},{"bfs_id":2964,"rcp":"RCP2.6","period":"2085","key":"tas","value":19.7,"estimate":"q95","season":"JJA"},{"bfs_id":2964,"rcp":"RCP2.6","period":"2085","key":"tas","value":11.7,"estimate":"q95","season":"SON"},{"bfs_id":2964,"rcp":"RCP8.5","period":"2035","key":"tas","value":1.4,"estimate":"q5","season":"DJF"},{"bfs_id":2964,"rcp":"RCP8.5","period":"2035","key":"tas","value":9.6,"estimate":"q5","season":"MAM"},{"bfs_id":2964,"rcp":"RCP8.5","period":"2035","key":"tas","value":18.9,"estimate":"q5","season":"JJA"},{"bfs_id":2964,"rcp":"RCP8.5","period":"2035","key":"tas","value":10.4,"estimate":"q5","season":"SON"},{"bfs_id":2964,"rcp":"RCP8.5","period":"2035","key":"tas","value":2.5,"estimate":"q50","season":"DJF"},{"bfs_id":2964,"rcp":"RCP8.5","period":"2035","key":"tas","value":10,"estimate":"q50","season":"MAM"},{"bfs_id":2964,"rcp":"RCP8.5","period":"2035","key":"tas","value":19.3,"estimate":"q50","season":"JJA"},{"bfs_id":2964,"rcp":"RCP8.5","period":"2035","key":"tas","value":11,"estimate":"q50","season":"SON"},{"bfs_id":2964,"rcp":"RCP8.5","period":"2035","key":"tas","value":2.9,"estimate":"q95","season":"DJF"},{"bfs_id":2964,"rcp":"RCP8.5","period":"2035","key":"tas","value":10.4,"estimate":"q95","season":"MAM"},{"bfs_id":2964,"rcp":"RCP8.5","period":"2035","key":"tas","value":19.9,"estimate":"q95","season":"JJA"},{"bfs_id":2964,"rcp":"RCP8.5","period":"2035","key":"tas","value":11.7,"estimate":"q95","season":"SON"},{"bfs_id":2964,"rcp":"RCP8.5","period":"2060","key":"tas","value":2.8,"estimate":"q5","season":"DJF"},{"bfs_id":2964,"rcp":"RCP8.5","period":"2060","key":"tas","value":10.4,"estimate":"q5","season":"MAM"},{"bfs_id":2964,"rcp":"RCP8.5","period":"2060","key":"tas","value":20,"estimate":"q5","season":"JJA"},{"bfs_id":2964,"rcp":"RCP8.5","period":"2060","key":"tas","value":11.5,"estimate":"q5","season":"SON"},{"bfs_id":2964,"rcp":"RCP8.5","period":"2060","key":"tas","value":3.3,"estimate":"q50","season":"DJF"},{"bfs_id":2964,"rcp":"RCP8.5","period":"2060","key":"tas","value":11,"estimate":"q50","season":"MAM"},{"bfs_id":2964,"rcp":"RCP8.5","period":"2060","key":"tas","value":20.5,"estimate":"q50","season":"JJA"},{"bfs_id":2964,"rcp":"RCP8.5","period":"2060","key":"tas","value":12.1,"estimate":"q50","season":"SON"},{"bfs_id":2964,"rcp":"RCP8.5","period":"2060","key":"tas","value":3.9,"estimate":"q95","season":"DJF"},{"bfs_id":2964,"rcp":"RCP8.5","period":"2060","key":"tas","value":11.5,"estimate":"q95","season":"MAM"},{"bfs_id":2964,"rcp":"RCP8.5","period":"2060","key":"tas","value":21.5,"estimate":"q95","season":"JJA"},{"bfs_id":2964,"rcp":"RCP8.5","period":"2060","key":"tas","value":12.9,"estimate":"q95","season":"SON"},{"bfs_id":2964,"rcp":"RCP8.5","period":"2085","key":"tas","value":4,"estimate":"q5","season":"DJF"},{"bfs_id":2964,"rcp":"RCP8.5","period":"2085","key":"tas","value":11.5,"estimate":"q5","season":"MAM"},{"bfs_id":2964,"rcp":"RCP8.5","period":"2085","key":"tas","value":21.3,"estimate":"q5","season":"JJA"},{"bfs_id":2964,"rcp":"RCP8.5","period":"2085","key":"tas","value":12.5,"estimate":"q5","season":"SON"},{"bfs_id":2964,"rcp":"RCP8.5","period":"2085","key":"tas","value":5,"estimate":"q50","season":"DJF"},{"bfs_id":2964,"rcp":"RCP8.5","period":"2085","key":"tas","value":12.2,"estimate":"q50","season":"MAM"},{"bfs_id":2964,"rcp":"RCP8.5","period":"2085","key":"tas","value":22.1,"estimate":"q50","season":"JJA"},{"bfs_id":2964,"rcp":"RCP8.5","period":"2085","key":"tas","value":13.5,"estimate":"q50","season":"SON"},{"bfs_id":2964,"rcp":"RCP8.5","period":"2085","key":"tas","value":5.8,"estimate":"q95","season":"DJF"},{"bfs_id":2964,"rcp":"RCP8.5","period":"2085","key":"tas","value":13.1,"estimate":"q95","season":"MAM"},{"bfs_id":2964,"rcp":"RCP8.5","period":"2085","key":"tas","value":24.2,"estimate":"q95","season":"JJA"},{"bfs_id":2964,"rcp":"RCP8.5","period":"2085","key":"tas","value":15.2,"estimate":"q95","season":"SON"},{"bfs_id":2964,"rcp":"obs","period":"1981-2010","key":"FD","value":83.3,"estimate":"yearly_mean"},{"bfs_id":2964,"rcp":"obs","period":"1981-2010","key":"HD","value":6.4,"estimate":"yearly_mean"},{"bfs_id":2964,"rcp":"obs","period":"1981-2010","key":"ID","value":21.3,"estimate":"yearly_mean"},{"bfs_id":2964,"rcp":"obs","period":"1981-2010","key":"SD","value":43.8,"estimate":"yearly_mean"},{"bfs_id":2964,"rcp":"obs","period":"1981-2010","key":"snowdays","value":16,"estimate":"yearly_mean"},{"bfs_id":2964,"rcp":"obs","period":"1981-2010","key":"TN","value":0,"estimate":"yearly_mean"},{"bfs_id":2964,"rcp":"obs","period":"1981-2010","key":"pr","value":2.2,"estimate":"mean","season":"DJF"},{"bfs_id":2964,"rcp":"obs","period":"1981-2010","key":"pr","value":2.6,"estimate":"mean","season":"MAM"},{"bfs_id":2964,"rcp":"obs","period":"1981-2010","key":"pr","value":3.2,"estimate":"mean","season":"JJA"},{"bfs_id":2964,"rcp":"obs","period":"1981-2010","key":"pr","value":2.5,"estimate":"mean","season":"SON"},{"bfs_id":2964,"rcp":"obs","period":"1981-2010","key":"tas","value":0.9,"estimate":"mean","season":"DJF"},{"bfs_id":2964,"rcp":"obs","period":"1981-2010","key":"tas","value":9.3,"estimate":"mean","season":"MAM"},{"bfs_id":2964,"rcp":"obs","period":"1981-2010","key":"tas","value":18,"estimate":"mean","season":"JJA"},{"bfs_id":2964,"rcp":"obs","period":"1981-2010","key":"tas","value":9.5,"estimate":"mean","season":"SON"}]
