[{"bfs_id":4234,"rcp":"RCP2.6","period":"2035","key":"FD","value":52.6,"estimate":"q5"},{"bfs_id":4234,"rcp":"RCP2.6","period":"2035","key":"FD","value":62.7,"estimate":"q50"},{"bfs_id":4234,"rcp":"RCP2.6","period":"2035","key":"FD","value":68.2,"estimate":"q95"},{"bfs_id":4234,"rcp":"RCP2.6","period":"2060","key":"FD","value":48.8,"estimate":"q5"},{"bfs_id":4234,"rcp":"RCP2.6","period":"2060","key":"FD","value":59.3,"estimate":"q50"},{"bfs_id":4234,"rcp":"RCP2.6","period":"2060","key":"FD","value":64.7,"estimate":"q95"},{"bfs_id":4234,"rcp":"RCP2.6","period":"2085","key":"FD","value":48.8,"estimate":"q5"},{"bfs_id":4234,"rcp":"RCP2.6","period":"2085","key":"FD","value":60.4,"estimate":"q50"},{"bfs_id":4234,"rcp":"RCP2.6","period":"2085","key":"FD","value":65.9,"estimate":"q95"},{"bfs_id":4234,"rcp":"RCP8.5","period":"2035","key":"FD","value":49,"estimate":"q5"},{"bfs_id":4234,"rcp":"RCP8.5","period":"2035","key":"FD","value":59.5,"estimate":"q50"},{"bfs_id":4234,"rcp":"RCP8.5","period":"2035","key":"FD","value":65.3,"estimate":"q95"},{"bfs_id":4234,"rcp":"RCP8.5","period":"2060","key":"FD","value":38.9,"estimate":"q5"},{"bfs_id":4234,"rcp":"RCP8.5","period":"2060","key":"FD","value":45.9,"estimate":"q50"},{"bfs_id":4234,"rcp":"RCP8.5","period":"2060","key":"FD","value":52.5,"estimate":"q95"},{"bfs_id":4234,"rcp":"RCP8.5","period":"2085","key":"FD","value":22.8,"estimate":"q5"},{"bfs_id":4234,"rcp":"RCP8.5","period":"2085","key":"FD","value":28.7,"estimate":"q50"},{"bfs_id":4234,"rcp":"RCP8.5","period":"2085","key":"FD","value":37,"estimate":"q95"},{"bfs_id":4234,"rcp":"RCP2.6","period":"2035","key":"HD","value":12.3,"estimate":"q5"},{"bfs_id":4234,"rcp":"RCP2.6","period":"2035","key":"HD","value":15.2,"estimate":"q50"},{"bfs_id":4234,"rcp":"RCP2.6","period":"2035","key":"HD","value":21.5,"estimate":"q95"},{"bfs_id":4234,"rcp":"RCP2.6","period":"2060","key":"HD","value":13.2,"estimate":"q5"},{"bfs_id":4234,"rcp":"RCP2.6","period":"2060","key":"HD","value":15.4,"estimate":"q50"},{"bfs_id":4234,"rcp":"RCP2.6","period":"2060","key":"HD","value":23.5,"estimate":"q95"},{"bfs_id":4234,"rcp":"RCP2.6","period":"2085","key":"HD","value":12.4,"estimate":"q5"},{"bfs_id":4234,"rcp":"RCP2.6","period":"2085","key":"HD","value":14.9,"estimate":"q50"},{"bfs_id":4234,"rcp":"RCP2.6","period":"2085","key":"HD","value":22.7,"estimate":"q95"},{"bfs_id":4234,"rcp":"RCP8.5","period":"2035","key":"HD","value":12.9,"estimate":"q5"},{"bfs_id":4234,"rcp":"RCP8.5","period":"2035","key":"HD","value":17.3,"estimate":"q50"},{"bfs_id":4234,"rcp":"RCP8.5","period":"2035","key":"HD","value":23.6,"estimate":"q95"},{"bfs_id":4234,"rcp":"RCP8.5","period":"2060","key":"HD","value":20.2,"estimate":"q5"},{"bfs_id":4234,"rcp":"RCP8.5","period":"2060","key":"HD","value":27.1,"estimate":"q50"},{"bfs_id":4234,"rcp":"RCP8.5","period":"2060","key":"HD","value":39.5,"estimate":"q95"},{"bfs_id":4234,"rcp":"RCP8.5","period":"2085","key":"HD","value":33.7,"estimate":"q5"},{"bfs_id":4234,"rcp":"RCP8.5","period":"2085","key":"HD","value":39.2,"estimate":"q50"},{"bfs_id":4234,"rcp":"RCP8.5","period":"2085","key":"HD","value":67.6,"estimate":"q95"},{"bfs_id":4234,"rcp":"RCP2.6","period":"2035","key":"ID","value":8.2,"estimate":"q5"},{"bfs_id":4234,"rcp":"RCP2.6","period":"2035","key":"ID","value":11.5,"estimate":"q50"},{"bfs_id":4234,"rcp":"RCP2.6","period":"2035","key":"ID","value":15.4,"estimate":"q95"},{"bfs_id":4234,"rcp":"RCP2.6","period":"2060","key":"ID","value":7.7,"estimate":"q5"},{"bfs_id":4234,"rcp":"RCP2.6","period":"2060","key":"ID","value":11.6,"estimate":"q50"},{"bfs_id":4234,"rcp":"RCP2.6","period":"2060","key":"ID","value":14.2,"estimate":"q95"},{"bfs_id":4234,"rcp":"RCP2.6","period":"2085","key":"ID","value":7.9,"estimate":"q5"},{"bfs_id":4234,"rcp":"RCP2.6","period":"2085","key":"ID","value":10.3,"estimate":"q50"},{"bfs_id":4234,"rcp":"RCP2.6","period":"2085","key":"ID","value":13.3,"estimate":"q95"},{"bfs_id":4234,"rcp":"RCP8.5","period":"2035","key":"ID","value":8.2,"estimate":"q5"},{"bfs_id":4234,"rcp":"RCP8.5","period":"2035","key":"ID","value":10.1,"estimate":"q50"},{"bfs_id":4234,"rcp":"RCP8.5","period":"2035","key":"ID","value":15,"estimate":"q95"},{"bfs_id":4234,"rcp":"RCP8.5","period":"2060","key":"ID","value":4.8,"estimate":"q5"},{"bfs_id":4234,"rcp":"RCP8.5","period":"2060","key":"ID","value":7.3,"estimate":"q50"},{"bfs_id":4234,"rcp":"RCP8.5","period":"2060","key":"ID","value":9.6,"estimate":"q95"},{"bfs_id":4234,"rcp":"RCP8.5","period":"2085","key":"ID","value":1.2,"estimate":"q5"},{"bfs_id":4234,"rcp":"RCP8.5","period":"2085","key":"ID","value":3.3,"estimate":"q50"},{"bfs_id":4234,"rcp":"RCP8.5","period":"2085","key":"ID","value":5.6,"estimate":"q95"},{"bfs_id":4234,"rcp":"RCP2.6","period":"2035","key":"SD","value":55.5,"estimate":"q5"},{"bfs_id":4234,"rcp":"RCP2.6","period":"2035","key":"SD","value":61.4,"estimate":"q50"},{"bfs_id":4234,"rcp":"RCP2.6","period":"2035","key":"SD","value":69.5,"estimate":"q95"},{"bfs_id":4234,"rcp":"RCP2.6","period":"2060","key":"SD","value":56.1,"estimate":"q5"},{"bfs_id":4234,"rcp":"RCP2.6","period":"2060","key":"SD","value":62.7,"estimate":"q50"},{"bfs_id":4234,"rcp":"RCP2.6","period":"2060","key":"SD","value":68.8,"estimate":"q95"},{"bfs_id":4234,"rcp":"RCP2.6","period":"2085","key":"SD","value":55.1,"estimate":"q5"},{"bfs_id":4234,"rcp":"RCP2.6","period":"2085","key":"SD","value":63,"estimate":"q50"},{"bfs_id":4234,"rcp":"RCP2.6","period":"2085","key":"SD","value":68.3,"estimate":"q95"},{"bfs_id":4234,"rcp":"RCP8.5","period":"2035","key":"SD","value":58.1,"estimate":"q5"},{"bfs_id":4234,"rcp":"RCP8.5","period":"2035","key":"SD","value":64.1,"estimate":"q50"},{"bfs_id":4234,"rcp":"RCP8.5","period":"2035","key":"SD","value":69.9,"estimate":"q95"},{"bfs_id":4234,"rcp":"RCP8.5","period":"2060","key":"SD","value":73.2,"estimate":"q5"},{"bfs_id":4234,"rcp":"RCP8.5","period":"2060","key":"SD","value":78.9,"estimate":"q50"},{"bfs_id":4234,"rcp":"RCP8.5","period":"2060","key":"SD","value":93.6,"estimate":"q95"},{"bfs_id":4234,"rcp":"RCP8.5","period":"2085","key":"SD","value":88.7,"estimate":"q5"},{"bfs_id":4234,"rcp":"RCP8.5","period":"2085","key":"SD","value":102.2,"estimate":"q50"},{"bfs_id":4234,"rcp":"RCP8.5","period":"2085","key":"SD","value":120.2,"estimate":"q95"},{"bfs_id":4234,"rcp":"RCP2.6","period":"2035","key":"snowdays","value":10,"estimate":"q5"},{"bfs_id":4234,"rcp":"RCP2.6","period":"2035","key":"snowdays","value":14.5,"estimate":"q50"},{"bfs_id":4234,"rcp":"RCP2.6","period":"2035","key":"snowdays","value":16.4,"estimate":"q95"},{"bfs_id":4234,"rcp":"RCP2.6","period":"2060","key":"snowdays","value":8.9,"estimate":"q5"},{"bfs_id":4234,"rcp":"RCP2.6","period":"2060","key":"snowdays","value":13.7,"estimate":"q50"},{"bfs_id":4234,"rcp":"RCP2.6","period":"2060","key":"snowdays","value":16.4,"estimate":"q95"},{"bfs_id":4234,"rcp":"RCP2.6","period":"2085","key":"snowdays","value":8.8,"estimate":"q5"},{"bfs_id":4234,"rcp":"RCP2.6","period":"2085","key":"snowdays","value":14.1,"estimate":"q50"},{"bfs_id":4234,"rcp":"RCP2.6","period":"2085","key":"snowdays","value":16.1,"estimate":"q95"},{"bfs_id":4234,"rcp":"RCP8.5","period":"2035","key":"snowdays","value":8.3,"estimate":"q5"},{"bfs_id":4234,"rcp":"RCP8.5","period":"2035","key":"snowdays","value":13.1,"estimate":"q50"},{"bfs_id":4234,"rcp":"RCP8.5","period":"2035","key":"snowdays","value":16.4,"estimate":"q95"},{"bfs_id":4234,"rcp":"RCP8.5","period":"2060","key":"snowdays","value":6.2,"estimate":"q5"},{"bfs_id":4234,"rcp":"RCP8.5","period":"2060","key":"snowdays","value":9.4,"estimate":"q50"},{"bfs_id":4234,"rcp":"RCP8.5","period":"2060","key":"snowdays","value":12.3,"estimate":"q95"},{"bfs_id":4234,"rcp":"RCP8.5","period":"2085","key":"snowdays","value":2.6,"estimate":"q5"},{"bfs_id":4234,"rcp":"RCP8.5","period":"2085","key":"snowdays","value":5.4,"estimate":"q50"},{"bfs_id":4234,"rcp":"RCP8.5","period":"2085","key":"snowdays","value":7.7,"estimate":"q95"},{"bfs_id":4234,"rcp":"RCP2.6","period":"2035","key":"TN","value":0.5,"estimate":"q5"},{"bfs_id":4234,"rcp":"RCP2.6","period":"2035","key":"TN","value":1.1,"estimate":"q50"},{"bfs_id":4234,"rcp":"RCP2.6","period":"2035","key":"TN","value":2.3,"estimate":"q95"},{"bfs_id":4234,"rcp":"RCP2.6","period":"2060","key":"TN","value":0.6,"estimate":"q5"},{"bfs_id":4234,"rcp":"RCP2.6","period":"2060","key":"TN","value":1.2,"estimate":"q50"},{"bfs_id":4234,"rcp":"RCP2.6","period":"2060","key":"TN","value":2.9,"estimate":"q95"},{"bfs_id":4234,"rcp":"RCP2.6","period":"2085","key":"TN","value":0.6,"estimate":"q5"},{"bfs_id":4234,"rcp":"RCP2.6","period":"2085","key":"TN","value":1.3,"estimate":"q50"},{"bfs_id":4234,"rcp":"RCP2.6","period":"2085","key":"TN","value":2.3,"estimate":"q95"},{"bfs_id":4234,"rcp":"RCP8.5","period":"2035","key":"TN","value":0.8,"estimate":"q5"},{"bfs_id":4234,"rcp":"RCP8.5","period":"2035","key":"TN","value":1.4,"estimate":"q50"},{"bfs_id":4234,"rcp":"RCP8.5","period":"2035","key":"TN","value":3.7,"estimate":"q95"},{"bfs_id":4234,"rcp":"RCP8.5","period":"2060","key":"TN","value":3,"estimate":"q5"},{"bfs_id":4234,"rcp":"RCP8.5","period":"2060","key":"TN","value":5.4,"estimate":"q50"},{"bfs_id":4234,"rcp":"RCP8.5","period":"2060","key":"TN","value":11.1,"estimate":"q95"},{"bfs_id":4234,"rcp":"RCP8.5","period":"2085","key":"TN","value":9.9,"estimate":"q5"},{"bfs_id":4234,"rcp":"RCP8.5","period":"2085","key":"TN","value":15.2,"estimate":"q50"},{"bfs_id":4234,"rcp":"RCP8.5","period":"2085","key":"TN","value":34,"estimate":"q95"},{"bfs_id":4234,"rcp":"RCP2.6","period":"2035","key":"pr","value":2.2,"estimate":"q5","season":"DJF"},{"bfs_id":4234,"rcp":"RCP2.6","period":"2035","key":"pr","value":2.8,"estimate":"q5","season":"MAM"},{"bfs_id":4234,"rcp":"RCP2.6","period":"2035","key":"pr","value":3.3,"estimate":"q5","season":"JJA"},{"bfs_id":4234,"rcp":"RCP2.6","period":"2035","key":"pr","value":2.4,"estimate":"q5","season":"SON"},{"bfs_id":4234,"rcp":"RCP2.6","period":"2035","key":"pr","value":2.6,"estimate":"q50","season":"DJF"},{"bfs_id":4234,"rcp":"RCP2.6","period":"2035","key":"pr","value":3.2,"estimate":"q50","season":"MAM"},{"bfs_id":4234,"rcp":"RCP2.6","period":"2035","key":"pr","value":3.8,"estimate":"q50","season":"JJA"},{"bfs_id":4234,"rcp":"RCP2.6","period":"2035","key":"pr","value":2.8,"estimate":"q50","season":"SON"},{"bfs_id":4234,"rcp":"RCP2.6","period":"2035","key":"pr","value":3,"estimate":"q95","season":"DJF"},{"bfs_id":4234,"rcp":"RCP2.6","period":"2035","key":"pr","value":3.5,"estimate":"q95","season":"MAM"},{"bfs_id":4234,"rcp":"RCP2.6","period":"2035","key":"pr","value":4.1,"estimate":"q95","season":"JJA"},{"bfs_id":4234,"rcp":"RCP2.6","period":"2035","key":"pr","value":3.4,"estimate":"q95","season":"SON"},{"bfs_id":4234,"rcp":"RCP2.6","period":"2060","key":"pr","value":2.2,"estimate":"q5","season":"DJF"},{"bfs_id":4234,"rcp":"RCP2.6","period":"2060","key":"pr","value":2.9,"estimate":"q5","season":"MAM"},{"bfs_id":4234,"rcp":"RCP2.6","period":"2060","key":"pr","value":3.1,"estimate":"q5","season":"JJA"},{"bfs_id":4234,"rcp":"RCP2.6","period":"2060","key":"pr","value":2.6,"estimate":"q5","season":"SON"},{"bfs_id":4234,"rcp":"RCP2.6","period":"2060","key":"pr","value":2.6,"estimate":"q50","season":"DJF"},{"bfs_id":4234,"rcp":"RCP2.6","period":"2060","key":"pr","value":3.2,"estimate":"q50","season":"MAM"},{"bfs_id":4234,"rcp":"RCP2.6","period":"2060","key":"pr","value":3.8,"estimate":"q50","season":"JJA"},{"bfs_id":4234,"rcp":"RCP2.6","period":"2060","key":"pr","value":2.8,"estimate":"q50","season":"SON"},{"bfs_id":4234,"rcp":"RCP2.6","period":"2060","key":"pr","value":2.8,"estimate":"q95","season":"DJF"},{"bfs_id":4234,"rcp":"RCP2.6","period":"2060","key":"pr","value":3.4,"estimate":"q95","season":"MAM"},{"bfs_id":4234,"rcp":"RCP2.6","period":"2060","key":"pr","value":4.3,"estimate":"q95","season":"JJA"},{"bfs_id":4234,"rcp":"RCP2.6","period":"2060","key":"pr","value":3.2,"estimate":"q95","season":"SON"},{"bfs_id":4234,"rcp":"RCP2.6","period":"2085","key":"pr","value":2.2,"estimate":"q5","season":"DJF"},{"bfs_id":4234,"rcp":"RCP2.6","period":"2085","key":"pr","value":2.9,"estimate":"q5","season":"MAM"},{"bfs_id":4234,"rcp":"RCP2.6","period":"2085","key":"pr","value":3.1,"estimate":"q5","season":"JJA"},{"bfs_id":4234,"rcp":"RCP2.6","period":"2085","key":"pr","value":2.4,"estimate":"q5","season":"SON"},{"bfs_id":4234,"rcp":"RCP2.6","period":"2085","key":"pr","value":2.5,"estimate":"q50","season":"DJF"},{"bfs_id":4234,"rcp":"RCP2.6","period":"2085","key":"pr","value":3.1,"estimate":"q50","season":"MAM"},{"bfs_id":4234,"rcp":"RCP2.6","period":"2085","key":"pr","value":3.8,"estimate":"q50","season":"JJA"},{"bfs_id":4234,"rcp":"RCP2.6","period":"2085","key":"pr","value":2.8,"estimate":"q50","season":"SON"},{"bfs_id":4234,"rcp":"RCP2.6","period":"2085","key":"pr","value":2.9,"estimate":"q95","season":"DJF"},{"bfs_id":4234,"rcp":"RCP2.6","period":"2085","key":"pr","value":3.5,"estimate":"q95","season":"MAM"},{"bfs_id":4234,"rcp":"RCP2.6","period":"2085","key":"pr","value":4.2,"estimate":"q95","season":"JJA"},{"bfs_id":4234,"rcp":"RCP2.6","period":"2085","key":"pr","value":3.2,"estimate":"q95","season":"SON"},{"bfs_id":4234,"rcp":"RCP8.5","period":"2035","key":"pr","value":2.3,"estimate":"q5","season":"DJF"},{"bfs_id":4234,"rcp":"RCP8.5","period":"2035","key":"pr","value":2.9,"estimate":"q5","season":"MAM"},{"bfs_id":4234,"rcp":"RCP8.5","period":"2035","key":"pr","value":3.2,"estimate":"q5","season":"JJA"},{"bfs_id":4234,"rcp":"RCP8.5","period":"2035","key":"pr","value":2.5,"estimate":"q5","season":"SON"},{"bfs_id":4234,"rcp":"RCP8.5","period":"2035","key":"pr","value":2.7,"estimate":"q50","season":"DJF"},{"bfs_id":4234,"rcp":"RCP8.5","period":"2035","key":"pr","value":3.3,"estimate":"q50","season":"MAM"},{"bfs_id":4234,"rcp":"RCP8.5","period":"2035","key":"pr","value":3.9,"estimate":"q50","season":"JJA"},{"bfs_id":4234,"rcp":"RCP8.5","period":"2035","key":"pr","value":2.9,"estimate":"q50","season":"SON"},{"bfs_id":4234,"rcp":"RCP8.5","period":"2035","key":"pr","value":2.9,"estimate":"q95","season":"DJF"},{"bfs_id":4234,"rcp":"RCP8.5","period":"2035","key":"pr","value":3.6,"estimate":"q95","season":"MAM"},{"bfs_id":4234,"rcp":"RCP8.5","period":"2035","key":"pr","value":4.3,"estimate":"q95","season":"JJA"},{"bfs_id":4234,"rcp":"RCP8.5","period":"2035","key":"pr","value":3.3,"estimate":"q95","season":"SON"},{"bfs_id":4234,"rcp":"RCP8.5","period":"2060","key":"pr","value":2.5,"estimate":"q5","season":"DJF"},{"bfs_id":4234,"rcp":"RCP8.5","period":"2060","key":"pr","value":3.2,"estimate":"q5","season":"MAM"},{"bfs_id":4234,"rcp":"RCP8.5","period":"2060","key":"pr","value":2.6,"estimate":"q5","season":"JJA"},{"bfs_id":4234,"rcp":"RCP8.5","period":"2060","key":"pr","value":2.5,"estimate":"q5","season":"SON"},{"bfs_id":4234,"rcp":"RCP8.5","period":"2060","key":"pr","value":2.7,"estimate":"q50","season":"DJF"},{"bfs_id":4234,"rcp":"RCP8.5","period":"2060","key":"pr","value":3.4,"estimate":"q50","season":"MAM"},{"bfs_id":4234,"rcp":"RCP8.5","period":"2060","key":"pr","value":3.7,"estimate":"q50","season":"JJA"},{"bfs_id":4234,"rcp":"RCP8.5","period":"2060","key":"pr","value":2.8,"estimate":"q50","season":"SON"},{"bfs_id":4234,"rcp":"RCP8.5","period":"2060","key":"pr","value":3,"estimate":"q95","season":"DJF"},{"bfs_id":4234,"rcp":"RCP8.5","period":"2060","key":"pr","value":3.8,"estimate":"q95","season":"MAM"},{"bfs_id":4234,"rcp":"RCP8.5","period":"2060","key":"pr","value":4,"estimate":"q95","season":"JJA"},{"bfs_id":4234,"rcp":"RCP8.5","period":"2060","key":"pr","value":3.2,"estimate":"q95","season":"SON"},{"bfs_id":4234,"rcp":"RCP8.5","period":"2085","key":"pr","value":2.7,"estimate":"q5","season":"DJF"},{"bfs_id":4234,"rcp":"RCP8.5","period":"2085","key":"pr","value":3.2,"estimate":"q5","season":"MAM"},{"bfs_id":4234,"rcp":"RCP8.5","period":"2085","key":"pr","value":2.2,"estimate":"q5","season":"JJA"},{"bfs_id":4234,"rcp":"RCP8.5","period":"2085","key":"pr","value":2.3,"estimate":"q5","season":"SON"},{"bfs_id":4234,"rcp":"RCP8.5","period":"2085","key":"pr","value":3,"estimate":"q50","season":"DJF"},{"bfs_id":4234,"rcp":"RCP8.5","period":"2085","key":"pr","value":3.5,"estimate":"q50","season":"MAM"},{"bfs_id":4234,"rcp":"RCP8.5","period":"2085","key":"pr","value":3.3,"estimate":"q50","season":"JJA"},{"bfs_id":4234,"rcp":"RCP8.5","period":"2085","key":"pr","value":2.9,"estimate":"q50","season":"SON"},{"bfs_id":4234,"rcp":"RCP8.5","period":"2085","key":"pr","value":3.3,"estimate":"q95","season":"DJF"},{"bfs_id":4234,"rcp":"RCP8.5","period":"2085","key":"pr","value":3.9,"estimate":"q95","season":"MAM"},{"bfs_id":4234,"rcp":"RCP8.5","period":"2085","key":"pr","value":3.8,"estimate":"q95","season":"JJA"},{"bfs_id":4234,"rcp":"RCP8.5","period":"2085","key":"pr","value":3.4,"estimate":"q95","season":"SON"},{"bfs_id":4234,"rcp":"RCP2.6","period":"2035","key":"tas","value":2.1,"estimate":"q5","season":"DJF"},{"bfs_id":4234,"rcp":"RCP2.6","period":"2035","key":"tas","value":9.8,"estimate":"q5","season":"MAM"},{"bfs_id":4234,"rcp":"RCP2.6","period":"2035","key":"tas","value":18.9,"estimate":"q5","season":"JJA"},{"bfs_id":4234,"rcp":"RCP2.6","period":"2035","key":"tas","value":10.6,"estimate":"q5","season":"SON"},{"bfs_id":4234,"rcp":"RCP2.6","period":"2035","key":"tas","value":2.7,"estimate":"q50","season":"DJF"},{"bfs_id":4234,"rcp":"RCP2.6","period":"2035","key":"tas","value":10.4,"estimate":"q50","season":"MAM"},{"bfs_id":4234,"rcp":"RCP2.6","period":"2035","key":"tas","value":19.5,"estimate":"q50","season":"JJA"},{"bfs_id":4234,"rcp":"RCP2.6","period":"2035","key":"tas","value":11,"estimate":"q50","season":"SON"},{"bfs_id":4234,"rcp":"RCP2.6","period":"2035","key":"tas","value":3.4,"estimate":"q95","season":"DJF"},{"bfs_id":4234,"rcp":"RCP2.6","period":"2035","key":"tas","value":10.7,"estimate":"q95","season":"MAM"},{"bfs_id":4234,"rcp":"RCP2.6","period":"2035","key":"tas","value":20.1,"estimate":"q95","season":"JJA"},{"bfs_id":4234,"rcp":"RCP2.6","period":"2035","key":"tas","value":11.9,"estimate":"q95","season":"SON"},{"bfs_id":4234,"rcp":"RCP2.6","period":"2060","key":"tas","value":2.1,"estimate":"q5","season":"DJF"},{"bfs_id":4234,"rcp":"RCP2.6","period":"2060","key":"tas","value":9.7,"estimate":"q5","season":"MAM"},{"bfs_id":4234,"rcp":"RCP2.6","period":"2060","key":"tas","value":19.2,"estimate":"q5","season":"JJA"},{"bfs_id":4234,"rcp":"RCP2.6","period":"2060","key":"tas","value":10.9,"estimate":"q5","season":"SON"},{"bfs_id":4234,"rcp":"RCP2.6","period":"2060","key":"tas","value":2.9,"estimate":"q50","season":"DJF"},{"bfs_id":4234,"rcp":"RCP2.6","period":"2060","key":"tas","value":10.4,"estimate":"q50","season":"MAM"},{"bfs_id":4234,"rcp":"RCP2.6","period":"2060","key":"tas","value":19.6,"estimate":"q50","season":"JJA"},{"bfs_id":4234,"rcp":"RCP2.6","period":"2060","key":"tas","value":11.2,"estimate":"q50","season":"SON"},{"bfs_id":4234,"rcp":"RCP2.6","period":"2060","key":"tas","value":3.5,"estimate":"q95","season":"DJF"},{"bfs_id":4234,"rcp":"RCP2.6","period":"2060","key":"tas","value":10.9,"estimate":"q95","season":"MAM"},{"bfs_id":4234,"rcp":"RCP2.6","period":"2060","key":"tas","value":20.2,"estimate":"q95","season":"JJA"},{"bfs_id":4234,"rcp":"RCP2.6","period":"2060","key":"tas","value":12.2,"estimate":"q95","season":"SON"},{"bfs_id":4234,"rcp":"RCP2.6","period":"2085","key":"tas","value":2.2,"estimate":"q5","season":"DJF"},{"bfs_id":4234,"rcp":"RCP2.6","period":"2085","key":"tas","value":9.8,"estimate":"q5","season":"MAM"},{"bfs_id":4234,"rcp":"RCP2.6","period":"2085","key":"tas","value":19.1,"estimate":"q5","season":"JJA"},{"bfs_id":4234,"rcp":"RCP2.6","period":"2085","key":"tas","value":10.7,"estimate":"q5","season":"SON"},{"bfs_id":4234,"rcp":"RCP2.6","period":"2085","key":"tas","value":2.9,"estimate":"q50","season":"DJF"},{"bfs_id":4234,"rcp":"RCP2.6","period":"2085","key":"tas","value":10.5,"estimate":"q50","season":"MAM"},{"bfs_id":4234,"rcp":"RCP2.6","period":"2085","key":"tas","value":19.5,"estimate":"q50","season":"JJA"},{"bfs_id":4234,"rcp":"RCP2.6","period":"2085","key":"tas","value":11.2,"estimate":"q50","season":"SON"},{"bfs_id":4234,"rcp":"RCP2.6","period":"2085","key":"tas","value":3.5,"estimate":"q95","season":"DJF"},{"bfs_id":4234,"rcp":"RCP2.6","period":"2085","key":"tas","value":10.9,"estimate":"q95","season":"MAM"},{"bfs_id":4234,"rcp":"RCP2.6","period":"2085","key":"tas","value":20.1,"estimate":"q95","season":"JJA"},{"bfs_id":4234,"rcp":"RCP2.6","period":"2085","key":"tas","value":12.2,"estimate":"q95","season":"SON"},{"bfs_id":4234,"rcp":"RCP8.5","period":"2035","key":"tas","value":2,"estimate":"q5","season":"DJF"},{"bfs_id":4234,"rcp":"RCP8.5","period":"2035","key":"tas","value":10.1,"estimate":"q5","season":"MAM"},{"bfs_id":4234,"rcp":"RCP8.5","period":"2035","key":"tas","value":19.3,"estimate":"q5","season":"JJA"},{"bfs_id":4234,"rcp":"RCP8.5","period":"2035","key":"tas","value":10.9,"estimate":"q5","season":"SON"},{"bfs_id":4234,"rcp":"RCP8.5","period":"2035","key":"tas","value":2.9,"estimate":"q50","season":"DJF"},{"bfs_id":4234,"rcp":"RCP8.5","period":"2035","key":"tas","value":10.4,"estimate":"q50","season":"MAM"},{"bfs_id":4234,"rcp":"RCP8.5","period":"2035","key":"tas","value":19.7,"estimate":"q50","season":"JJA"},{"bfs_id":4234,"rcp":"RCP8.5","period":"2035","key":"tas","value":11.4,"estimate":"q50","season":"SON"},{"bfs_id":4234,"rcp":"RCP8.5","period":"2035","key":"tas","value":3.4,"estimate":"q95","season":"DJF"},{"bfs_id":4234,"rcp":"RCP8.5","period":"2035","key":"tas","value":10.8,"estimate":"q95","season":"MAM"},{"bfs_id":4234,"rcp":"RCP8.5","period":"2035","key":"tas","value":20.3,"estimate":"q95","season":"JJA"},{"bfs_id":4234,"rcp":"RCP8.5","period":"2035","key":"tas","value":12.2,"estimate":"q95","season":"SON"},{"bfs_id":4234,"rcp":"RCP8.5","period":"2060","key":"tas","value":3.4,"estimate":"q5","season":"DJF"},{"bfs_id":4234,"rcp":"RCP8.5","period":"2060","key":"tas","value":10.8,"estimate":"q5","season":"MAM"},{"bfs_id":4234,"rcp":"RCP8.5","period":"2060","key":"tas","value":20.4,"estimate":"q5","season":"JJA"},{"bfs_id":4234,"rcp":"RCP8.5","period":"2060","key":"tas","value":12,"estimate":"q5","season":"SON"},{"bfs_id":4234,"rcp":"RCP8.5","period":"2060","key":"tas","value":3.7,"estimate":"q50","season":"DJF"},{"bfs_id":4234,"rcp":"RCP8.5","period":"2060","key":"tas","value":11.3,"estimate":"q50","season":"MAM"},{"bfs_id":4234,"rcp":"RCP8.5","period":"2060","key":"tas","value":20.9,"estimate":"q50","season":"JJA"},{"bfs_id":4234,"rcp":"RCP8.5","period":"2060","key":"tas","value":12.6,"estimate":"q50","season":"SON"},{"bfs_id":4234,"rcp":"RCP8.5","period":"2060","key":"tas","value":4.4,"estimate":"q95","season":"DJF"},{"bfs_id":4234,"rcp":"RCP8.5","period":"2060","key":"tas","value":11.9,"estimate":"q95","season":"MAM"},{"bfs_id":4234,"rcp":"RCP8.5","period":"2060","key":"tas","value":22,"estimate":"q95","season":"JJA"},{"bfs_id":4234,"rcp":"RCP8.5","period":"2060","key":"tas","value":13.4,"estimate":"q95","season":"SON"},{"bfs_id":4234,"rcp":"RCP8.5","period":"2085","key":"tas","value":4.5,"estimate":"q5","season":"DJF"},{"bfs_id":4234,"rcp":"RCP8.5","period":"2085","key":"tas","value":11.9,"estimate":"q5","season":"MAM"},{"bfs_id":4234,"rcp":"RCP8.5","period":"2085","key":"tas","value":21.7,"estimate":"q5","season":"JJA"},{"bfs_id":4234,"rcp":"RCP8.5","period":"2085","key":"tas","value":12.9,"estimate":"q5","season":"SON"},{"bfs_id":4234,"rcp":"RCP8.5","period":"2085","key":"tas","value":5.5,"estimate":"q50","season":"DJF"},{"bfs_id":4234,"rcp":"RCP8.5","period":"2085","key":"tas","value":12.7,"estimate":"q50","season":"MAM"},{"bfs_id":4234,"rcp":"RCP8.5","period":"2085","key":"tas","value":22.5,"estimate":"q50","season":"JJA"},{"bfs_id":4234,"rcp":"RCP8.5","period":"2085","key":"tas","value":13.9,"estimate":"q50","season":"SON"},{"bfs_id":4234,"rcp":"RCP8.5","period":"2085","key":"tas","value":6.2,"estimate":"q95","season":"DJF"},{"bfs_id":4234,"rcp":"RCP8.5","period":"2085","key":"tas","value":13.5,"estimate":"q95","season":"MAM"},{"bfs_id":4234,"rcp":"RCP8.5","period":"2085","key":"tas","value":24.7,"estimate":"q95","season":"JJA"},{"bfs_id":4234,"rcp":"RCP8.5","period":"2085","key":"tas","value":15.6,"estimate":"q95","season":"SON"},{"bfs_id":4234,"rcp":"obs","period":"1981-2010","key":"FD","value":75.8,"estimate":"yearly_mean"},{"bfs_id":4234,"rcp":"obs","period":"1981-2010","key":"HD","value":8.9,"estimate":"yearly_mean"},{"bfs_id":4234,"rcp":"obs","period":"1981-2010","key":"ID","value":17.1,"estimate":"yearly_mean"},{"bfs_id":4234,"rcp":"obs","period":"1981-2010","key":"SD","value":48.3,"estimate":"yearly_mean"},{"bfs_id":4234,"rcp":"obs","period":"1981-2010","key":"snowdays","value":14.9,"estimate":"yearly_mean"},{"bfs_id":4234,"rcp":"obs","period":"1981-2010","key":"TN","value":0,"estimate":"yearly_mean"},{"bfs_id":4234,"rcp":"obs","period":"1981-2010","key":"pr","value":2.3,"estimate":"mean","season":"DJF"},{"bfs_id":4234,"rcp":"obs","period":"1981-2010","key":"pr","value":3.1,"estimate":"mean","season":"MAM"},{"bfs_id":4234,"rcp":"obs","period":"1981-2010","key":"pr","value":4.1,"estimate":"mean","season":"JJA"},{"bfs_id":4234,"rcp":"obs","period":"1981-2010","key":"pr","value":2.8,"estimate":"mean","season":"SON"},{"bfs_id":4234,"rcp":"obs","period":"1981-2010","key":"tas","value":1.4,"estimate":"mean","season":"DJF"},{"bfs_id":4234,"rcp":"obs","period":"1981-2010","key":"tas","value":9.8,"estimate":"mean","season":"MAM"},{"bfs_id":4234,"rcp":"obs","period":"1981-2010","key":"tas","value":18.4,"estimate":"mean","season":"JJA"},{"bfs_id":4234,"rcp":"obs","period":"1981-2010","key":"tas","value":10,"estimate":"mean","season":"SON"}]
