[{"bfs_id":2197,"rcp":"RCP2.6","period":"2035","key":"FD","value":72.5,"estimate":"q5"},{"bfs_id":2197,"rcp":"RCP2.6","period":"2035","key":"FD","value":85.8,"estimate":"q50"},{"bfs_id":2197,"rcp":"RCP2.6","period":"2035","key":"FD","value":93.7,"estimate":"q95"},{"bfs_id":2197,"rcp":"RCP2.6","period":"2060","key":"FD","value":69.6,"estimate":"q5"},{"bfs_id":2197,"rcp":"RCP2.6","period":"2060","key":"FD","value":81.9,"estimate":"q50"},{"bfs_id":2197,"rcp":"RCP2.6","period":"2060","key":"FD","value":90.2,"estimate":"q95"},{"bfs_id":2197,"rcp":"RCP2.6","period":"2085","key":"FD","value":69.3,"estimate":"q5"},{"bfs_id":2197,"rcp":"RCP2.6","period":"2085","key":"FD","value":82.9,"estimate":"q50"},{"bfs_id":2197,"rcp":"RCP2.6","period":"2085","key":"FD","value":92,"estimate":"q95"},{"bfs_id":2197,"rcp":"RCP8.5","period":"2035","key":"FD","value":71.7,"estimate":"q5"},{"bfs_id":2197,"rcp":"RCP8.5","period":"2035","key":"FD","value":82.3,"estimate":"q50"},{"bfs_id":2197,"rcp":"RCP8.5","period":"2035","key":"FD","value":89.6,"estimate":"q95"},{"bfs_id":2197,"rcp":"RCP8.5","period":"2060","key":"FD","value":55.6,"estimate":"q5"},{"bfs_id":2197,"rcp":"RCP8.5","period":"2060","key":"FD","value":66.2,"estimate":"q50"},{"bfs_id":2197,"rcp":"RCP8.5","period":"2060","key":"FD","value":73,"estimate":"q95"},{"bfs_id":2197,"rcp":"RCP8.5","period":"2085","key":"FD","value":35.4,"estimate":"q5"},{"bfs_id":2197,"rcp":"RCP8.5","period":"2085","key":"FD","value":44.3,"estimate":"q50"},{"bfs_id":2197,"rcp":"RCP8.5","period":"2085","key":"FD","value":55.1,"estimate":"q95"},{"bfs_id":2197,"rcp":"RCP2.6","period":"2035","key":"HD","value":7.6,"estimate":"q5"},{"bfs_id":2197,"rcp":"RCP2.6","period":"2035","key":"HD","value":10.9,"estimate":"q50"},{"bfs_id":2197,"rcp":"RCP2.6","period":"2035","key":"HD","value":16.4,"estimate":"q95"},{"bfs_id":2197,"rcp":"RCP2.6","period":"2060","key":"HD","value":9.1,"estimate":"q5"},{"bfs_id":2197,"rcp":"RCP2.6","period":"2060","key":"HD","value":12,"estimate":"q50"},{"bfs_id":2197,"rcp":"RCP2.6","period":"2060","key":"HD","value":19.8,"estimate":"q95"},{"bfs_id":2197,"rcp":"RCP2.6","period":"2085","key":"HD","value":8.6,"estimate":"q5"},{"bfs_id":2197,"rcp":"RCP2.6","period":"2085","key":"HD","value":10.7,"estimate":"q50"},{"bfs_id":2197,"rcp":"RCP2.6","period":"2085","key":"HD","value":19,"estimate":"q95"},{"bfs_id":2197,"rcp":"RCP8.5","period":"2035","key":"HD","value":9.5,"estimate":"q5"},{"bfs_id":2197,"rcp":"RCP8.5","period":"2035","key":"HD","value":11.5,"estimate":"q50"},{"bfs_id":2197,"rcp":"RCP8.5","period":"2035","key":"HD","value":17.5,"estimate":"q95"},{"bfs_id":2197,"rcp":"RCP8.5","period":"2060","key":"HD","value":15.2,"estimate":"q5"},{"bfs_id":2197,"rcp":"RCP8.5","period":"2060","key":"HD","value":21.3,"estimate":"q50"},{"bfs_id":2197,"rcp":"RCP8.5","period":"2060","key":"HD","value":35.1,"estimate":"q95"},{"bfs_id":2197,"rcp":"RCP8.5","period":"2085","key":"HD","value":28.8,"estimate":"q5"},{"bfs_id":2197,"rcp":"RCP8.5","period":"2085","key":"HD","value":35.2,"estimate":"q50"},{"bfs_id":2197,"rcp":"RCP8.5","period":"2085","key":"HD","value":58.5,"estimate":"q95"},{"bfs_id":2197,"rcp":"RCP2.6","period":"2035","key":"ID","value":10.5,"estimate":"q5"},{"bfs_id":2197,"rcp":"RCP2.6","period":"2035","key":"ID","value":14.1,"estimate":"q50"},{"bfs_id":2197,"rcp":"RCP2.6","period":"2035","key":"ID","value":17.4,"estimate":"q95"},{"bfs_id":2197,"rcp":"RCP2.6","period":"2060","key":"ID","value":9.9,"estimate":"q5"},{"bfs_id":2197,"rcp":"RCP2.6","period":"2060","key":"ID","value":13.5,"estimate":"q50"},{"bfs_id":2197,"rcp":"RCP2.6","period":"2060","key":"ID","value":16,"estimate":"q95"},{"bfs_id":2197,"rcp":"RCP2.6","period":"2085","key":"ID","value":10.1,"estimate":"q5"},{"bfs_id":2197,"rcp":"RCP2.6","period":"2085","key":"ID","value":12.6,"estimate":"q50"},{"bfs_id":2197,"rcp":"RCP2.6","period":"2085","key":"ID","value":16.7,"estimate":"q95"},{"bfs_id":2197,"rcp":"RCP8.5","period":"2035","key":"ID","value":10.2,"estimate":"q5"},{"bfs_id":2197,"rcp":"RCP8.5","period":"2035","key":"ID","value":13,"estimate":"q50"},{"bfs_id":2197,"rcp":"RCP8.5","period":"2035","key":"ID","value":16.4,"estimate":"q95"},{"bfs_id":2197,"rcp":"RCP8.5","period":"2060","key":"ID","value":7.1,"estimate":"q5"},{"bfs_id":2197,"rcp":"RCP8.5","period":"2060","key":"ID","value":9.4,"estimate":"q50"},{"bfs_id":2197,"rcp":"RCP8.5","period":"2060","key":"ID","value":11.6,"estimate":"q95"},{"bfs_id":2197,"rcp":"RCP8.5","period":"2085","key":"ID","value":2.3,"estimate":"q5"},{"bfs_id":2197,"rcp":"RCP8.5","period":"2085","key":"ID","value":4.3,"estimate":"q50"},{"bfs_id":2197,"rcp":"RCP8.5","period":"2085","key":"ID","value":6.9,"estimate":"q95"},{"bfs_id":2197,"rcp":"RCP2.6","period":"2035","key":"SD","value":49,"estimate":"q5"},{"bfs_id":2197,"rcp":"RCP2.6","period":"2035","key":"SD","value":55.4,"estimate":"q50"},{"bfs_id":2197,"rcp":"RCP2.6","period":"2035","key":"SD","value":64.2,"estimate":"q95"},{"bfs_id":2197,"rcp":"RCP2.6","period":"2060","key":"SD","value":49.3,"estimate":"q5"},{"bfs_id":2197,"rcp":"RCP2.6","period":"2060","key":"SD","value":56.6,"estimate":"q50"},{"bfs_id":2197,"rcp":"RCP2.6","period":"2060","key":"SD","value":64.4,"estimate":"q95"},{"bfs_id":2197,"rcp":"RCP2.6","period":"2085","key":"SD","value":49.9,"estimate":"q5"},{"bfs_id":2197,"rcp":"RCP2.6","period":"2085","key":"SD","value":56.8,"estimate":"q50"},{"bfs_id":2197,"rcp":"RCP2.6","period":"2085","key":"SD","value":63.9,"estimate":"q95"},{"bfs_id":2197,"rcp":"RCP8.5","period":"2035","key":"SD","value":51.6,"estimate":"q5"},{"bfs_id":2197,"rcp":"RCP8.5","period":"2035","key":"SD","value":57.9,"estimate":"q50"},{"bfs_id":2197,"rcp":"RCP8.5","period":"2035","key":"SD","value":65.1,"estimate":"q95"},{"bfs_id":2197,"rcp":"RCP8.5","period":"2060","key":"SD","value":67.5,"estimate":"q5"},{"bfs_id":2197,"rcp":"RCP8.5","period":"2060","key":"SD","value":74.2,"estimate":"q50"},{"bfs_id":2197,"rcp":"RCP8.5","period":"2060","key":"SD","value":87.9,"estimate":"q95"},{"bfs_id":2197,"rcp":"RCP8.5","period":"2085","key":"SD","value":82.8,"estimate":"q5"},{"bfs_id":2197,"rcp":"RCP8.5","period":"2085","key":"SD","value":95.2,"estimate":"q50"},{"bfs_id":2197,"rcp":"RCP8.5","period":"2085","key":"SD","value":114.8,"estimate":"q95"},{"bfs_id":2197,"rcp":"RCP2.6","period":"2035","key":"snowdays","value":13.3,"estimate":"q5"},{"bfs_id":2197,"rcp":"RCP2.6","period":"2035","key":"snowdays","value":19.7,"estimate":"q50"},{"bfs_id":2197,"rcp":"RCP2.6","period":"2035","key":"snowdays","value":24.7,"estimate":"q95"},{"bfs_id":2197,"rcp":"RCP2.6","period":"2060","key":"snowdays","value":12.9,"estimate":"q5"},{"bfs_id":2197,"rcp":"RCP2.6","period":"2060","key":"snowdays","value":17.9,"estimate":"q50"},{"bfs_id":2197,"rcp":"RCP2.6","period":"2060","key":"snowdays","value":23.7,"estimate":"q95"},{"bfs_id":2197,"rcp":"RCP2.6","period":"2085","key":"snowdays","value":12.8,"estimate":"q5"},{"bfs_id":2197,"rcp":"RCP2.6","period":"2085","key":"snowdays","value":18.6,"estimate":"q50"},{"bfs_id":2197,"rcp":"RCP2.6","period":"2085","key":"snowdays","value":24,"estimate":"q95"},{"bfs_id":2197,"rcp":"RCP8.5","period":"2035","key":"snowdays","value":11.2,"estimate":"q5"},{"bfs_id":2197,"rcp":"RCP8.5","period":"2035","key":"snowdays","value":17.8,"estimate":"q50"},{"bfs_id":2197,"rcp":"RCP8.5","period":"2035","key":"snowdays","value":23,"estimate":"q95"},{"bfs_id":2197,"rcp":"RCP8.5","period":"2060","key":"snowdays","value":8.7,"estimate":"q5"},{"bfs_id":2197,"rcp":"RCP8.5","period":"2060","key":"snowdays","value":14.4,"estimate":"q50"},{"bfs_id":2197,"rcp":"RCP8.5","period":"2060","key":"snowdays","value":16.6,"estimate":"q95"},{"bfs_id":2197,"rcp":"RCP8.5","period":"2085","key":"snowdays","value":4.1,"estimate":"q5"},{"bfs_id":2197,"rcp":"RCP8.5","period":"2085","key":"snowdays","value":8.3,"estimate":"q50"},{"bfs_id":2197,"rcp":"RCP8.5","period":"2085","key":"snowdays","value":14.1,"estimate":"q95"},{"bfs_id":2197,"rcp":"RCP2.6","period":"2035","key":"TN","value":0.1,"estimate":"q5"},{"bfs_id":2197,"rcp":"RCP2.6","period":"2035","key":"TN","value":0.3,"estimate":"q50"},{"bfs_id":2197,"rcp":"RCP2.6","period":"2035","key":"TN","value":1,"estimate":"q95"},{"bfs_id":2197,"rcp":"RCP2.6","period":"2060","key":"TN","value":0.2,"estimate":"q5"},{"bfs_id":2197,"rcp":"RCP2.6","period":"2060","key":"TN","value":0.5,"estimate":"q50"},{"bfs_id":2197,"rcp":"RCP2.6","period":"2060","key":"TN","value":1.1,"estimate":"q95"},{"bfs_id":2197,"rcp":"RCP2.6","period":"2085","key":"TN","value":0.1,"estimate":"q5"},{"bfs_id":2197,"rcp":"RCP2.6","period":"2085","key":"TN","value":0.4,"estimate":"q50"},{"bfs_id":2197,"rcp":"RCP2.6","period":"2085","key":"TN","value":1,"estimate":"q95"},{"bfs_id":2197,"rcp":"RCP8.5","period":"2035","key":"TN","value":0.2,"estimate":"q5"},{"bfs_id":2197,"rcp":"RCP8.5","period":"2035","key":"TN","value":0.5,"estimate":"q50"},{"bfs_id":2197,"rcp":"RCP8.5","period":"2035","key":"TN","value":2,"estimate":"q95"},{"bfs_id":2197,"rcp":"RCP8.5","period":"2060","key":"TN","value":0.9,"estimate":"q5"},{"bfs_id":2197,"rcp":"RCP8.5","period":"2060","key":"TN","value":2.6,"estimate":"q50"},{"bfs_id":2197,"rcp":"RCP8.5","period":"2060","key":"TN","value":6.1,"estimate":"q95"},{"bfs_id":2197,"rcp":"RCP8.5","period":"2085","key":"TN","value":5.1,"estimate":"q5"},{"bfs_id":2197,"rcp":"RCP8.5","period":"2085","key":"TN","value":9,"estimate":"q50"},{"bfs_id":2197,"rcp":"RCP8.5","period":"2085","key":"TN","value":25.2,"estimate":"q95"},{"bfs_id":2197,"rcp":"RCP2.6","period":"2035","key":"pr","value":2.2,"estimate":"q5","season":"DJF"},{"bfs_id":2197,"rcp":"RCP2.6","period":"2035","key":"pr","value":2.7,"estimate":"q5","season":"MAM"},{"bfs_id":2197,"rcp":"RCP2.6","period":"2035","key":"pr","value":2.5,"estimate":"q5","season":"JJA"},{"bfs_id":2197,"rcp":"RCP2.6","period":"2035","key":"pr","value":2.5,"estimate":"q5","season":"SON"},{"bfs_id":2197,"rcp":"RCP2.6","period":"2035","key":"pr","value":2.5,"estimate":"q50","season":"DJF"},{"bfs_id":2197,"rcp":"RCP2.6","period":"2035","key":"pr","value":3.1,"estimate":"q50","season":"MAM"},{"bfs_id":2197,"rcp":"RCP2.6","period":"2035","key":"pr","value":3.3,"estimate":"q50","season":"JJA"},{"bfs_id":2197,"rcp":"RCP2.6","period":"2035","key":"pr","value":2.8,"estimate":"q50","season":"SON"},{"bfs_id":2197,"rcp":"RCP2.6","period":"2035","key":"pr","value":3,"estimate":"q95","season":"DJF"},{"bfs_id":2197,"rcp":"RCP2.6","period":"2035","key":"pr","value":3.4,"estimate":"q95","season":"MAM"},{"bfs_id":2197,"rcp":"RCP2.6","period":"2035","key":"pr","value":3.8,"estimate":"q95","season":"JJA"},{"bfs_id":2197,"rcp":"RCP2.6","period":"2035","key":"pr","value":3.4,"estimate":"q95","season":"SON"},{"bfs_id":2197,"rcp":"RCP2.6","period":"2060","key":"pr","value":2.2,"estimate":"q5","season":"DJF"},{"bfs_id":2197,"rcp":"RCP2.6","period":"2060","key":"pr","value":2.9,"estimate":"q5","season":"MAM"},{"bfs_id":2197,"rcp":"RCP2.6","period":"2060","key":"pr","value":2.6,"estimate":"q5","season":"JJA"},{"bfs_id":2197,"rcp":"RCP2.6","period":"2060","key":"pr","value":2.6,"estimate":"q5","season":"SON"},{"bfs_id":2197,"rcp":"RCP2.6","period":"2060","key":"pr","value":2.6,"estimate":"q50","season":"DJF"},{"bfs_id":2197,"rcp":"RCP2.6","period":"2060","key":"pr","value":3.1,"estimate":"q50","season":"MAM"},{"bfs_id":2197,"rcp":"RCP2.6","period":"2060","key":"pr","value":3.3,"estimate":"q50","season":"JJA"},{"bfs_id":2197,"rcp":"RCP2.6","period":"2060","key":"pr","value":2.8,"estimate":"q50","season":"SON"},{"bfs_id":2197,"rcp":"RCP2.6","period":"2060","key":"pr","value":2.8,"estimate":"q95","season":"DJF"},{"bfs_id":2197,"rcp":"RCP2.6","period":"2060","key":"pr","value":3.4,"estimate":"q95","season":"MAM"},{"bfs_id":2197,"rcp":"RCP2.6","period":"2060","key":"pr","value":3.9,"estimate":"q95","season":"JJA"},{"bfs_id":2197,"rcp":"RCP2.6","period":"2060","key":"pr","value":3.2,"estimate":"q95","season":"SON"},{"bfs_id":2197,"rcp":"RCP2.6","period":"2085","key":"pr","value":2.3,"estimate":"q5","season":"DJF"},{"bfs_id":2197,"rcp":"RCP2.6","period":"2085","key":"pr","value":2.9,"estimate":"q5","season":"MAM"},{"bfs_id":2197,"rcp":"RCP2.6","period":"2085","key":"pr","value":2.6,"estimate":"q5","season":"JJA"},{"bfs_id":2197,"rcp":"RCP2.6","period":"2085","key":"pr","value":2.4,"estimate":"q5","season":"SON"},{"bfs_id":2197,"rcp":"RCP2.6","period":"2085","key":"pr","value":2.5,"estimate":"q50","season":"DJF"},{"bfs_id":2197,"rcp":"RCP2.6","period":"2085","key":"pr","value":3.1,"estimate":"q50","season":"MAM"},{"bfs_id":2197,"rcp":"RCP2.6","period":"2085","key":"pr","value":3.3,"estimate":"q50","season":"JJA"},{"bfs_id":2197,"rcp":"RCP2.6","period":"2085","key":"pr","value":2.9,"estimate":"q50","season":"SON"},{"bfs_id":2197,"rcp":"RCP2.6","period":"2085","key":"pr","value":2.9,"estimate":"q95","season":"DJF"},{"bfs_id":2197,"rcp":"RCP2.6","period":"2085","key":"pr","value":3.4,"estimate":"q95","season":"MAM"},{"bfs_id":2197,"rcp":"RCP2.6","period":"2085","key":"pr","value":3.7,"estimate":"q95","season":"JJA"},{"bfs_id":2197,"rcp":"RCP2.6","period":"2085","key":"pr","value":3.3,"estimate":"q95","season":"SON"},{"bfs_id":2197,"rcp":"RCP8.5","period":"2035","key":"pr","value":2.3,"estimate":"q5","season":"DJF"},{"bfs_id":2197,"rcp":"RCP8.5","period":"2035","key":"pr","value":3,"estimate":"q5","season":"MAM"},{"bfs_id":2197,"rcp":"RCP8.5","period":"2035","key":"pr","value":2.4,"estimate":"q5","season":"JJA"},{"bfs_id":2197,"rcp":"RCP8.5","period":"2035","key":"pr","value":2.5,"estimate":"q5","season":"SON"},{"bfs_id":2197,"rcp":"RCP8.5","period":"2035","key":"pr","value":2.7,"estimate":"q50","season":"DJF"},{"bfs_id":2197,"rcp":"RCP8.5","period":"2035","key":"pr","value":3.2,"estimate":"q50","season":"MAM"},{"bfs_id":2197,"rcp":"RCP8.5","period":"2035","key":"pr","value":3.4,"estimate":"q50","season":"JJA"},{"bfs_id":2197,"rcp":"RCP8.5","period":"2035","key":"pr","value":3,"estimate":"q50","season":"SON"},{"bfs_id":2197,"rcp":"RCP8.5","period":"2035","key":"pr","value":2.9,"estimate":"q95","season":"DJF"},{"bfs_id":2197,"rcp":"RCP8.5","period":"2035","key":"pr","value":3.5,"estimate":"q95","season":"MAM"},{"bfs_id":2197,"rcp":"RCP8.5","period":"2035","key":"pr","value":3.8,"estimate":"q95","season":"JJA"},{"bfs_id":2197,"rcp":"RCP8.5","period":"2035","key":"pr","value":3.4,"estimate":"q95","season":"SON"},{"bfs_id":2197,"rcp":"RCP8.5","period":"2060","key":"pr","value":2.4,"estimate":"q5","season":"DJF"},{"bfs_id":2197,"rcp":"RCP8.5","period":"2060","key":"pr","value":3,"estimate":"q5","season":"MAM"},{"bfs_id":2197,"rcp":"RCP8.5","period":"2060","key":"pr","value":2.1,"estimate":"q5","season":"JJA"},{"bfs_id":2197,"rcp":"RCP8.5","period":"2060","key":"pr","value":2.5,"estimate":"q5","season":"SON"},{"bfs_id":2197,"rcp":"RCP8.5","period":"2060","key":"pr","value":2.7,"estimate":"q50","season":"DJF"},{"bfs_id":2197,"rcp":"RCP8.5","period":"2060","key":"pr","value":3.3,"estimate":"q50","season":"MAM"},{"bfs_id":2197,"rcp":"RCP8.5","period":"2060","key":"pr","value":3.2,"estimate":"q50","season":"JJA"},{"bfs_id":2197,"rcp":"RCP8.5","period":"2060","key":"pr","value":2.9,"estimate":"q50","season":"SON"},{"bfs_id":2197,"rcp":"RCP8.5","period":"2060","key":"pr","value":3,"estimate":"q95","season":"DJF"},{"bfs_id":2197,"rcp":"RCP8.5","period":"2060","key":"pr","value":3.6,"estimate":"q95","season":"MAM"},{"bfs_id":2197,"rcp":"RCP8.5","period":"2060","key":"pr","value":3.5,"estimate":"q95","season":"JJA"},{"bfs_id":2197,"rcp":"RCP8.5","period":"2060","key":"pr","value":3.3,"estimate":"q95","season":"SON"},{"bfs_id":2197,"rcp":"RCP8.5","period":"2085","key":"pr","value":2.7,"estimate":"q5","season":"DJF"},{"bfs_id":2197,"rcp":"RCP8.5","period":"2085","key":"pr","value":3,"estimate":"q5","season":"MAM"},{"bfs_id":2197,"rcp":"RCP8.5","period":"2085","key":"pr","value":1.5,"estimate":"q5","season":"JJA"},{"bfs_id":2197,"rcp":"RCP8.5","period":"2085","key":"pr","value":2.3,"estimate":"q5","season":"SON"},{"bfs_id":2197,"rcp":"RCP8.5","period":"2085","key":"pr","value":2.9,"estimate":"q50","season":"DJF"},{"bfs_id":2197,"rcp":"RCP8.5","period":"2085","key":"pr","value":3.4,"estimate":"q50","season":"MAM"},{"bfs_id":2197,"rcp":"RCP8.5","period":"2085","key":"pr","value":2.7,"estimate":"q50","season":"JJA"},{"bfs_id":2197,"rcp":"RCP8.5","period":"2085","key":"pr","value":2.8,"estimate":"q50","season":"SON"},{"bfs_id":2197,"rcp":"RCP8.5","period":"2085","key":"pr","value":3.3,"estimate":"q95","season":"DJF"},{"bfs_id":2197,"rcp":"RCP8.5","period":"2085","key":"pr","value":3.8,"estimate":"q95","season":"MAM"},{"bfs_id":2197,"rcp":"RCP8.5","period":"2085","key":"pr","value":3.4,"estimate":"q95","season":"JJA"},{"bfs_id":2197,"rcp":"RCP8.5","period":"2085","key":"pr","value":3.5,"estimate":"q95","season":"SON"},{"bfs_id":2197,"rcp":"RCP2.6","period":"2035","key":"tas","value":1.2,"estimate":"q5","season":"DJF"},{"bfs_id":2197,"rcp":"RCP2.6","period":"2035","key":"tas","value":8.5,"estimate":"q5","season":"MAM"},{"bfs_id":2197,"rcp":"RCP2.6","period":"2035","key":"tas","value":17.7,"estimate":"q5","season":"JJA"},{"bfs_id":2197,"rcp":"RCP2.6","period":"2035","key":"tas","value":9.7,"estimate":"q5","season":"SON"},{"bfs_id":2197,"rcp":"RCP2.6","period":"2035","key":"tas","value":1.7,"estimate":"q50","season":"DJF"},{"bfs_id":2197,"rcp":"RCP2.6","period":"2035","key":"tas","value":9.1,"estimate":"q50","season":"MAM"},{"bfs_id":2197,"rcp":"RCP2.6","period":"2035","key":"tas","value":18.3,"estimate":"q50","season":"JJA"},{"bfs_id":2197,"rcp":"RCP2.6","period":"2035","key":"tas","value":10,"estimate":"q50","season":"SON"},{"bfs_id":2197,"rcp":"RCP2.6","period":"2035","key":"tas","value":2.4,"estimate":"q95","season":"DJF"},{"bfs_id":2197,"rcp":"RCP2.6","period":"2035","key":"tas","value":9.4,"estimate":"q95","season":"MAM"},{"bfs_id":2197,"rcp":"RCP2.6","period":"2035","key":"tas","value":19,"estimate":"q95","season":"JJA"},{"bfs_id":2197,"rcp":"RCP2.6","period":"2035","key":"tas","value":10.8,"estimate":"q95","season":"SON"},{"bfs_id":2197,"rcp":"RCP2.6","period":"2060","key":"tas","value":1.2,"estimate":"q5","season":"DJF"},{"bfs_id":2197,"rcp":"RCP2.6","period":"2060","key":"tas","value":8.4,"estimate":"q5","season":"MAM"},{"bfs_id":2197,"rcp":"RCP2.6","period":"2060","key":"tas","value":18,"estimate":"q5","season":"JJA"},{"bfs_id":2197,"rcp":"RCP2.6","period":"2060","key":"tas","value":10,"estimate":"q5","season":"SON"},{"bfs_id":2197,"rcp":"RCP2.6","period":"2060","key":"tas","value":2.1,"estimate":"q50","season":"DJF"},{"bfs_id":2197,"rcp":"RCP2.6","period":"2060","key":"tas","value":9.1,"estimate":"q50","season":"MAM"},{"bfs_id":2197,"rcp":"RCP2.6","period":"2060","key":"tas","value":18.4,"estimate":"q50","season":"JJA"},{"bfs_id":2197,"rcp":"RCP2.6","period":"2060","key":"tas","value":10.3,"estimate":"q50","season":"SON"},{"bfs_id":2197,"rcp":"RCP2.6","period":"2060","key":"tas","value":2.6,"estimate":"q95","season":"DJF"},{"bfs_id":2197,"rcp":"RCP2.6","period":"2060","key":"tas","value":9.6,"estimate":"q95","season":"MAM"},{"bfs_id":2197,"rcp":"RCP2.6","period":"2060","key":"tas","value":19.1,"estimate":"q95","season":"JJA"},{"bfs_id":2197,"rcp":"RCP2.6","period":"2060","key":"tas","value":11.3,"estimate":"q95","season":"SON"},{"bfs_id":2197,"rcp":"RCP2.6","period":"2085","key":"tas","value":1.2,"estimate":"q5","season":"DJF"},{"bfs_id":2197,"rcp":"RCP2.6","period":"2085","key":"tas","value":8.4,"estimate":"q5","season":"MAM"},{"bfs_id":2197,"rcp":"RCP2.6","period":"2085","key":"tas","value":17.9,"estimate":"q5","season":"JJA"},{"bfs_id":2197,"rcp":"RCP2.6","period":"2085","key":"tas","value":9.7,"estimate":"q5","season":"SON"},{"bfs_id":2197,"rcp":"RCP2.6","period":"2085","key":"tas","value":2,"estimate":"q50","season":"DJF"},{"bfs_id":2197,"rcp":"RCP2.6","period":"2085","key":"tas","value":9.1,"estimate":"q50","season":"MAM"},{"bfs_id":2197,"rcp":"RCP2.6","period":"2085","key":"tas","value":18.4,"estimate":"q50","season":"JJA"},{"bfs_id":2197,"rcp":"RCP2.6","period":"2085","key":"tas","value":10.2,"estimate":"q50","season":"SON"},{"bfs_id":2197,"rcp":"RCP2.6","period":"2085","key":"tas","value":2.7,"estimate":"q95","season":"DJF"},{"bfs_id":2197,"rcp":"RCP2.6","period":"2085","key":"tas","value":9.7,"estimate":"q95","season":"MAM"},{"bfs_id":2197,"rcp":"RCP2.6","period":"2085","key":"tas","value":19,"estimate":"q95","season":"JJA"},{"bfs_id":2197,"rcp":"RCP2.6","period":"2085","key":"tas","value":11.2,"estimate":"q95","season":"SON"},{"bfs_id":2197,"rcp":"RCP8.5","period":"2035","key":"tas","value":1.1,"estimate":"q5","season":"DJF"},{"bfs_id":2197,"rcp":"RCP8.5","period":"2035","key":"tas","value":8.7,"estimate":"q5","season":"MAM"},{"bfs_id":2197,"rcp":"RCP8.5","period":"2035","key":"tas","value":18.1,"estimate":"q5","season":"JJA"},{"bfs_id":2197,"rcp":"RCP8.5","period":"2035","key":"tas","value":10,"estimate":"q5","season":"SON"},{"bfs_id":2197,"rcp":"RCP8.5","period":"2035","key":"tas","value":2.1,"estimate":"q50","season":"DJF"},{"bfs_id":2197,"rcp":"RCP8.5","period":"2035","key":"tas","value":9.1,"estimate":"q50","season":"MAM"},{"bfs_id":2197,"rcp":"RCP8.5","period":"2035","key":"tas","value":18.6,"estimate":"q50","season":"JJA"},{"bfs_id":2197,"rcp":"RCP8.5","period":"2035","key":"tas","value":10.4,"estimate":"q50","season":"SON"},{"bfs_id":2197,"rcp":"RCP8.5","period":"2035","key":"tas","value":2.5,"estimate":"q95","season":"DJF"},{"bfs_id":2197,"rcp":"RCP8.5","period":"2035","key":"tas","value":9.5,"estimate":"q95","season":"MAM"},{"bfs_id":2197,"rcp":"RCP8.5","period":"2035","key":"tas","value":19.2,"estimate":"q95","season":"JJA"},{"bfs_id":2197,"rcp":"RCP8.5","period":"2035","key":"tas","value":11.3,"estimate":"q95","season":"SON"},{"bfs_id":2197,"rcp":"RCP8.5","period":"2060","key":"tas","value":2.4,"estimate":"q5","season":"DJF"},{"bfs_id":2197,"rcp":"RCP8.5","period":"2060","key":"tas","value":9.5,"estimate":"q5","season":"MAM"},{"bfs_id":2197,"rcp":"RCP8.5","period":"2060","key":"tas","value":19.2,"estimate":"q5","season":"JJA"},{"bfs_id":2197,"rcp":"RCP8.5","period":"2060","key":"tas","value":11,"estimate":"q5","season":"SON"},{"bfs_id":2197,"rcp":"RCP8.5","period":"2060","key":"tas","value":2.9,"estimate":"q50","season":"DJF"},{"bfs_id":2197,"rcp":"RCP8.5","period":"2060","key":"tas","value":10.1,"estimate":"q50","season":"MAM"},{"bfs_id":2197,"rcp":"RCP8.5","period":"2060","key":"tas","value":19.7,"estimate":"q50","season":"JJA"},{"bfs_id":2197,"rcp":"RCP8.5","period":"2060","key":"tas","value":11.7,"estimate":"q50","season":"SON"},{"bfs_id":2197,"rcp":"RCP8.5","period":"2060","key":"tas","value":3.7,"estimate":"q95","season":"DJF"},{"bfs_id":2197,"rcp":"RCP8.5","period":"2060","key":"tas","value":10.6,"estimate":"q95","season":"MAM"},{"bfs_id":2197,"rcp":"RCP8.5","period":"2060","key":"tas","value":20.8,"estimate":"q95","season":"JJA"},{"bfs_id":2197,"rcp":"RCP8.5","period":"2060","key":"tas","value":12.6,"estimate":"q95","season":"SON"},{"bfs_id":2197,"rcp":"RCP8.5","period":"2085","key":"tas","value":3.7,"estimate":"q5","season":"DJF"},{"bfs_id":2197,"rcp":"RCP8.5","period":"2085","key":"tas","value":10.5,"estimate":"q5","season":"MAM"},{"bfs_id":2197,"rcp":"RCP8.5","period":"2085","key":"tas","value":20.6,"estimate":"q5","season":"JJA"},{"bfs_id":2197,"rcp":"RCP8.5","period":"2085","key":"tas","value":12.1,"estimate":"q5","season":"SON"},{"bfs_id":2197,"rcp":"RCP8.5","period":"2085","key":"tas","value":4.8,"estimate":"q50","season":"DJF"},{"bfs_id":2197,"rcp":"RCP8.5","period":"2085","key":"tas","value":11.5,"estimate":"q50","season":"MAM"},{"bfs_id":2197,"rcp":"RCP8.5","period":"2085","key":"tas","value":21.3,"estimate":"q50","season":"JJA"},{"bfs_id":2197,"rcp":"RCP8.5","period":"2085","key":"tas","value":13.1,"estimate":"q50","season":"SON"},{"bfs_id":2197,"rcp":"RCP8.5","period":"2085","key":"tas","value":5.7,"estimate":"q95","season":"DJF"},{"bfs_id":2197,"rcp":"RCP8.5","period":"2085","key":"tas","value":12.4,"estimate":"q95","season":"MAM"},{"bfs_id":2197,"rcp":"RCP8.5","period":"2085","key":"tas","value":23.7,"estimate":"q95","season":"JJA"},{"bfs_id":2197,"rcp":"RCP8.5","period":"2085","key":"tas","value":14.6,"estimate":"q95","season":"SON"},{"bfs_id":2197,"rcp":"obs","period":"1981-2010","key":"FD","value":100.5,"estimate":"yearly_mean"},{"bfs_id":2197,"rcp":"obs","period":"1981-2010","key":"HD","value":5.7,"estimate":"yearly_mean"},{"bfs_id":2197,"rcp":"obs","period":"1981-2010","key":"ID","value":20.2,"estimate":"yearly_mean"},{"bfs_id":2197,"rcp":"obs","period":"1981-2010","key":"SD","value":42.1,"estimate":"yearly_mean"},{"bfs_id":2197,"rcp":"obs","period":"1981-2010","key":"snowdays","value":20.4,"estimate":"yearly_mean"},{"bfs_id":2197,"rcp":"obs","period":"1981-2010","key":"TN","value":0,"estimate":"yearly_mean"},{"bfs_id":2197,"rcp":"obs","period":"1981-2010","key":"pr","value":2.2,"estimate":"mean","season":"DJF"},{"bfs_id":2197,"rcp":"obs","period":"1981-2010","key":"pr","value":3.1,"estimate":"mean","season":"MAM"},{"bfs_id":2197,"rcp":"obs","period":"1981-2010","key":"pr","value":3.7,"estimate":"mean","season":"JJA"},{"bfs_id":2197,"rcp":"obs","period":"1981-2010","key":"pr","value":3,"estimate":"mean","season":"SON"},{"bfs_id":2197,"rcp":"obs","period":"1981-2010","key":"tas","value":0.5,"estimate":"mean","season":"DJF"},{"bfs_id":2197,"rcp":"obs","period":"1981-2010","key":"tas","value":8.4,"estimate":"mean","season":"MAM"},{"bfs_id":2197,"rcp":"obs","period":"1981-2010","key":"tas","value":17.2,"estimate":"mean","season":"JJA"},{"bfs_id":2197,"rcp":"obs","period":"1981-2010","key":"tas","value":9,"estimate":"mean","season":"SON"}]
