[{"bfs_id":5193,"rcp":"RCP2.6","period":"2035","key":"FD","value":30.3,"estimate":"q5"},{"bfs_id":5193,"rcp":"RCP2.6","period":"2035","key":"FD","value":36.2,"estimate":"q50"},{"bfs_id":5193,"rcp":"RCP2.6","period":"2035","key":"FD","value":46,"estimate":"q95"},{"bfs_id":5193,"rcp":"RCP2.6","period":"2060","key":"FD","value":27.4,"estimate":"q5"},{"bfs_id":5193,"rcp":"RCP2.6","period":"2060","key":"FD","value":35.1,"estimate":"q50"},{"bfs_id":5193,"rcp":"RCP2.6","period":"2060","key":"FD","value":42.8,"estimate":"q95"},{"bfs_id":5193,"rcp":"RCP2.6","period":"2085","key":"FD","value":25.8,"estimate":"q5"},{"bfs_id":5193,"rcp":"RCP2.6","period":"2085","key":"FD","value":35.6,"estimate":"q50"},{"bfs_id":5193,"rcp":"RCP2.6","period":"2085","key":"FD","value":43.8,"estimate":"q95"},{"bfs_id":5193,"rcp":"RCP8.5","period":"2035","key":"FD","value":23.8,"estimate":"q5"},{"bfs_id":5193,"rcp":"RCP8.5","period":"2035","key":"FD","value":34.2,"estimate":"q50"},{"bfs_id":5193,"rcp":"RCP8.5","period":"2035","key":"FD","value":40.2,"estimate":"q95"},{"bfs_id":5193,"rcp":"RCP8.5","period":"2060","key":"FD","value":15.8,"estimate":"q5"},{"bfs_id":5193,"rcp":"RCP8.5","period":"2060","key":"FD","value":23,"estimate":"q50"},{"bfs_id":5193,"rcp":"RCP8.5","period":"2060","key":"FD","value":29.4,"estimate":"q95"},{"bfs_id":5193,"rcp":"RCP8.5","period":"2085","key":"FD","value":5.3,"estimate":"q5"},{"bfs_id":5193,"rcp":"RCP8.5","period":"2085","key":"FD","value":11.2,"estimate":"q50"},{"bfs_id":5193,"rcp":"RCP8.5","period":"2085","key":"FD","value":15.5,"estimate":"q95"},{"bfs_id":5193,"rcp":"RCP2.6","period":"2035","key":"HD","value":10.6,"estimate":"q5"},{"bfs_id":5193,"rcp":"RCP2.6","period":"2035","key":"HD","value":15,"estimate":"q50"},{"bfs_id":5193,"rcp":"RCP2.6","period":"2035","key":"HD","value":20.4,"estimate":"q95"},{"bfs_id":5193,"rcp":"RCP2.6","period":"2060","key":"HD","value":11.2,"estimate":"q5"},{"bfs_id":5193,"rcp":"RCP2.6","period":"2060","key":"HD","value":15.8,"estimate":"q50"},{"bfs_id":5193,"rcp":"RCP2.6","period":"2060","key":"HD","value":23.8,"estimate":"q95"},{"bfs_id":5193,"rcp":"RCP2.6","period":"2085","key":"HD","value":11.6,"estimate":"q5"},{"bfs_id":5193,"rcp":"RCP2.6","period":"2085","key":"HD","value":14.7,"estimate":"q50"},{"bfs_id":5193,"rcp":"RCP2.6","period":"2085","key":"HD","value":22.7,"estimate":"q95"},{"bfs_id":5193,"rcp":"RCP8.5","period":"2035","key":"HD","value":13.2,"estimate":"q5"},{"bfs_id":5193,"rcp":"RCP8.5","period":"2035","key":"HD","value":16.4,"estimate":"q50"},{"bfs_id":5193,"rcp":"RCP8.5","period":"2035","key":"HD","value":24.5,"estimate":"q95"},{"bfs_id":5193,"rcp":"RCP8.5","period":"2060","key":"HD","value":22,"estimate":"q5"},{"bfs_id":5193,"rcp":"RCP8.5","period":"2060","key":"HD","value":29.5,"estimate":"q50"},{"bfs_id":5193,"rcp":"RCP8.5","period":"2060","key":"HD","value":43.3,"estimate":"q95"},{"bfs_id":5193,"rcp":"RCP8.5","period":"2085","key":"HD","value":39.8,"estimate":"q5"},{"bfs_id":5193,"rcp":"RCP8.5","period":"2085","key":"HD","value":55.5,"estimate":"q50"},{"bfs_id":5193,"rcp":"RCP8.5","period":"2085","key":"HD","value":63.4,"estimate":"q95"},{"bfs_id":5193,"rcp":"RCP2.6","period":"2035","key":"ID","value":0.1,"estimate":"q5"},{"bfs_id":5193,"rcp":"RCP2.6","period":"2035","key":"ID","value":0.3,"estimate":"q50"},{"bfs_id":5193,"rcp":"RCP2.6","period":"2035","key":"ID","value":1.1,"estimate":"q95"},{"bfs_id":5193,"rcp":"RCP2.6","period":"2060","key":"ID","value":0,"estimate":"q5"},{"bfs_id":5193,"rcp":"RCP2.6","period":"2060","key":"ID","value":0.2,"estimate":"q50"},{"bfs_id":5193,"rcp":"RCP2.6","period":"2060","key":"ID","value":0.8,"estimate":"q95"},{"bfs_id":5193,"rcp":"RCP2.6","period":"2085","key":"ID","value":0,"estimate":"q5"},{"bfs_id":5193,"rcp":"RCP2.6","period":"2085","key":"ID","value":0.3,"estimate":"q50"},{"bfs_id":5193,"rcp":"RCP2.6","period":"2085","key":"ID","value":0.9,"estimate":"q95"},{"bfs_id":5193,"rcp":"RCP8.5","period":"2035","key":"ID","value":0.1,"estimate":"q5"},{"bfs_id":5193,"rcp":"RCP8.5","period":"2035","key":"ID","value":0.3,"estimate":"q50"},{"bfs_id":5193,"rcp":"RCP8.5","period":"2035","key":"ID","value":0.9,"estimate":"q95"},{"bfs_id":5193,"rcp":"RCP8.5","period":"2060","key":"ID","value":0,"estimate":"q5"},{"bfs_id":5193,"rcp":"RCP8.5","period":"2060","key":"ID","value":0.1,"estimate":"q50"},{"bfs_id":5193,"rcp":"RCP8.5","period":"2060","key":"ID","value":0.3,"estimate":"q95"},{"bfs_id":5193,"rcp":"RCP8.5","period":"2085","key":"ID","value":0,"estimate":"q5"},{"bfs_id":5193,"rcp":"RCP8.5","period":"2085","key":"ID","value":0,"estimate":"q50"},{"bfs_id":5193,"rcp":"RCP8.5","period":"2085","key":"ID","value":0.1,"estimate":"q95"},{"bfs_id":5193,"rcp":"RCP2.6","period":"2035","key":"SD","value":75.2,"estimate":"q5"},{"bfs_id":5193,"rcp":"RCP2.6","period":"2035","key":"SD","value":79.6,"estimate":"q50"},{"bfs_id":5193,"rcp":"RCP2.6","period":"2035","key":"SD","value":86.9,"estimate":"q95"},{"bfs_id":5193,"rcp":"RCP2.6","period":"2060","key":"SD","value":76.5,"estimate":"q5"},{"bfs_id":5193,"rcp":"RCP2.6","period":"2060","key":"SD","value":81.7,"estimate":"q50"},{"bfs_id":5193,"rcp":"RCP2.6","period":"2060","key":"SD","value":89.3,"estimate":"q95"},{"bfs_id":5193,"rcp":"RCP2.6","period":"2085","key":"SD","value":74.7,"estimate":"q5"},{"bfs_id":5193,"rcp":"RCP2.6","period":"2085","key":"SD","value":81,"estimate":"q50"},{"bfs_id":5193,"rcp":"RCP2.6","period":"2085","key":"SD","value":89.8,"estimate":"q95"},{"bfs_id":5193,"rcp":"RCP8.5","period":"2035","key":"SD","value":78.8,"estimate":"q5"},{"bfs_id":5193,"rcp":"RCP8.5","period":"2035","key":"SD","value":83.5,"estimate":"q50"},{"bfs_id":5193,"rcp":"RCP8.5","period":"2035","key":"SD","value":89.8,"estimate":"q95"},{"bfs_id":5193,"rcp":"RCP8.5","period":"2060","key":"SD","value":93.7,"estimate":"q5"},{"bfs_id":5193,"rcp":"RCP8.5","period":"2060","key":"SD","value":101.7,"estimate":"q50"},{"bfs_id":5193,"rcp":"RCP8.5","period":"2060","key":"SD","value":108.8,"estimate":"q95"},{"bfs_id":5193,"rcp":"RCP8.5","period":"2085","key":"SD","value":108,"estimate":"q5"},{"bfs_id":5193,"rcp":"RCP8.5","period":"2085","key":"SD","value":120.3,"estimate":"q50"},{"bfs_id":5193,"rcp":"RCP8.5","period":"2085","key":"SD","value":131.1,"estimate":"q95"},{"bfs_id":5193,"rcp":"RCP2.6","period":"2035","key":"snowdays","value":1.2,"estimate":"q5"},{"bfs_id":5193,"rcp":"RCP2.6","period":"2035","key":"snowdays","value":2.4,"estimate":"q50"},{"bfs_id":5193,"rcp":"RCP2.6","period":"2035","key":"snowdays","value":3.9,"estimate":"q95"},{"bfs_id":5193,"rcp":"RCP2.6","period":"2060","key":"snowdays","value":0.9,"estimate":"q5"},{"bfs_id":5193,"rcp":"RCP2.6","period":"2060","key":"snowdays","value":2.4,"estimate":"q50"},{"bfs_id":5193,"rcp":"RCP2.6","period":"2060","key":"snowdays","value":3.5,"estimate":"q95"},{"bfs_id":5193,"rcp":"RCP2.6","period":"2085","key":"snowdays","value":1,"estimate":"q5"},{"bfs_id":5193,"rcp":"RCP2.6","period":"2085","key":"snowdays","value":2.5,"estimate":"q50"},{"bfs_id":5193,"rcp":"RCP2.6","period":"2085","key":"snowdays","value":3.6,"estimate":"q95"},{"bfs_id":5193,"rcp":"RCP8.5","period":"2035","key":"snowdays","value":0.9,"estimate":"q5"},{"bfs_id":5193,"rcp":"RCP8.5","period":"2035","key":"snowdays","value":2.4,"estimate":"q50"},{"bfs_id":5193,"rcp":"RCP8.5","period":"2035","key":"snowdays","value":3.5,"estimate":"q95"},{"bfs_id":5193,"rcp":"RCP8.5","period":"2060","key":"snowdays","value":0.4,"estimate":"q5"},{"bfs_id":5193,"rcp":"RCP8.5","period":"2060","key":"snowdays","value":1.2,"estimate":"q50"},{"bfs_id":5193,"rcp":"RCP8.5","period":"2060","key":"snowdays","value":2.1,"estimate":"q95"},{"bfs_id":5193,"rcp":"RCP8.5","period":"2085","key":"snowdays","value":0.1,"estimate":"q5"},{"bfs_id":5193,"rcp":"RCP8.5","period":"2085","key":"snowdays","value":0.4,"estimate":"q50"},{"bfs_id":5193,"rcp":"RCP8.5","period":"2085","key":"snowdays","value":0.9,"estimate":"q95"},{"bfs_id":5193,"rcp":"RCP2.6","period":"2035","key":"TN","value":7.6,"estimate":"q5"},{"bfs_id":5193,"rcp":"RCP2.6","period":"2035","key":"TN","value":12.5,"estimate":"q50"},{"bfs_id":5193,"rcp":"RCP2.6","period":"2035","key":"TN","value":16.3,"estimate":"q95"},{"bfs_id":5193,"rcp":"RCP2.6","period":"2060","key":"TN","value":9.8,"estimate":"q5"},{"bfs_id":5193,"rcp":"RCP2.6","period":"2060","key":"TN","value":12.9,"estimate":"q50"},{"bfs_id":5193,"rcp":"RCP2.6","period":"2060","key":"TN","value":19.8,"estimate":"q95"},{"bfs_id":5193,"rcp":"RCP2.6","period":"2085","key":"TN","value":9.1,"estimate":"q5"},{"bfs_id":5193,"rcp":"RCP2.6","period":"2085","key":"TN","value":12.3,"estimate":"q50"},{"bfs_id":5193,"rcp":"RCP2.6","period":"2085","key":"TN","value":19.4,"estimate":"q95"},{"bfs_id":5193,"rcp":"RCP8.5","period":"2035","key":"TN","value":11.4,"estimate":"q5"},{"bfs_id":5193,"rcp":"RCP8.5","period":"2035","key":"TN","value":14.6,"estimate":"q50"},{"bfs_id":5193,"rcp":"RCP8.5","period":"2035","key":"TN","value":20.6,"estimate":"q95"},{"bfs_id":5193,"rcp":"RCP8.5","period":"2060","key":"TN","value":23.5,"estimate":"q5"},{"bfs_id":5193,"rcp":"RCP8.5","period":"2060","key":"TN","value":27.5,"estimate":"q50"},{"bfs_id":5193,"rcp":"RCP8.5","period":"2060","key":"TN","value":44.3,"estimate":"q95"},{"bfs_id":5193,"rcp":"RCP8.5","period":"2085","key":"TN","value":46.1,"estimate":"q5"},{"bfs_id":5193,"rcp":"RCP8.5","period":"2085","key":"TN","value":51.8,"estimate":"q50"},{"bfs_id":5193,"rcp":"RCP8.5","period":"2085","key":"TN","value":76.7,"estimate":"q95"},{"bfs_id":5193,"rcp":"RCP2.6","period":"2035","key":"pr","value":2.2,"estimate":"q5","season":"DJF"},{"bfs_id":5193,"rcp":"RCP2.6","period":"2035","key":"pr","value":4.7,"estimate":"q5","season":"MAM"},{"bfs_id":5193,"rcp":"RCP2.6","period":"2035","key":"pr","value":4.5,"estimate":"q5","season":"JJA"},{"bfs_id":5193,"rcp":"RCP2.6","period":"2035","key":"pr","value":4.8,"estimate":"q5","season":"SON"},{"bfs_id":5193,"rcp":"RCP2.6","period":"2035","key":"pr","value":2.9,"estimate":"q50","season":"DJF"},{"bfs_id":5193,"rcp":"RCP2.6","period":"2035","key":"pr","value":5.3,"estimate":"q50","season":"MAM"},{"bfs_id":5193,"rcp":"RCP2.6","period":"2035","key":"pr","value":5.5,"estimate":"q50","season":"JJA"},{"bfs_id":5193,"rcp":"RCP2.6","period":"2035","key":"pr","value":5.7,"estimate":"q50","season":"SON"},{"bfs_id":5193,"rcp":"RCP2.6","period":"2035","key":"pr","value":3.2,"estimate":"q95","season":"DJF"},{"bfs_id":5193,"rcp":"RCP2.6","period":"2035","key":"pr","value":6,"estimate":"q95","season":"MAM"},{"bfs_id":5193,"rcp":"RCP2.6","period":"2035","key":"pr","value":6.3,"estimate":"q95","season":"JJA"},{"bfs_id":5193,"rcp":"RCP2.6","period":"2035","key":"pr","value":6.6,"estimate":"q95","season":"SON"},{"bfs_id":5193,"rcp":"RCP2.6","period":"2060","key":"pr","value":2.3,"estimate":"q5","season":"DJF"},{"bfs_id":5193,"rcp":"RCP2.6","period":"2060","key":"pr","value":4.5,"estimate":"q5","season":"MAM"},{"bfs_id":5193,"rcp":"RCP2.6","period":"2060","key":"pr","value":4.4,"estimate":"q5","season":"JJA"},{"bfs_id":5193,"rcp":"RCP2.6","period":"2060","key":"pr","value":4.9,"estimate":"q5","season":"SON"},{"bfs_id":5193,"rcp":"RCP2.6","period":"2060","key":"pr","value":2.9,"estimate":"q50","season":"DJF"},{"bfs_id":5193,"rcp":"RCP2.6","period":"2060","key":"pr","value":5.2,"estimate":"q50","season":"MAM"},{"bfs_id":5193,"rcp":"RCP2.6","period":"2060","key":"pr","value":5.4,"estimate":"q50","season":"JJA"},{"bfs_id":5193,"rcp":"RCP2.6","period":"2060","key":"pr","value":5.6,"estimate":"q50","season":"SON"},{"bfs_id":5193,"rcp":"RCP2.6","period":"2060","key":"pr","value":3.7,"estimate":"q95","season":"DJF"},{"bfs_id":5193,"rcp":"RCP2.6","period":"2060","key":"pr","value":6.1,"estimate":"q95","season":"MAM"},{"bfs_id":5193,"rcp":"RCP2.6","period":"2060","key":"pr","value":6.5,"estimate":"q95","season":"JJA"},{"bfs_id":5193,"rcp":"RCP2.6","period":"2060","key":"pr","value":6.3,"estimate":"q95","season":"SON"},{"bfs_id":5193,"rcp":"RCP2.6","period":"2085","key":"pr","value":2.2,"estimate":"q5","season":"DJF"},{"bfs_id":5193,"rcp":"RCP2.6","period":"2085","key":"pr","value":4.7,"estimate":"q5","season":"MAM"},{"bfs_id":5193,"rcp":"RCP2.6","period":"2085","key":"pr","value":4.2,"estimate":"q5","season":"JJA"},{"bfs_id":5193,"rcp":"RCP2.6","period":"2085","key":"pr","value":5,"estimate":"q5","season":"SON"},{"bfs_id":5193,"rcp":"RCP2.6","period":"2085","key":"pr","value":3.1,"estimate":"q50","season":"DJF"},{"bfs_id":5193,"rcp":"RCP2.6","period":"2085","key":"pr","value":5.5,"estimate":"q50","season":"MAM"},{"bfs_id":5193,"rcp":"RCP2.6","period":"2085","key":"pr","value":5.4,"estimate":"q50","season":"JJA"},{"bfs_id":5193,"rcp":"RCP2.6","period":"2085","key":"pr","value":5.5,"estimate":"q50","season":"SON"},{"bfs_id":5193,"rcp":"RCP2.6","period":"2085","key":"pr","value":3.8,"estimate":"q95","season":"DJF"},{"bfs_id":5193,"rcp":"RCP2.6","period":"2085","key":"pr","value":6.3,"estimate":"q95","season":"MAM"},{"bfs_id":5193,"rcp":"RCP2.6","period":"2085","key":"pr","value":6.7,"estimate":"q95","season":"JJA"},{"bfs_id":5193,"rcp":"RCP2.6","period":"2085","key":"pr","value":6.7,"estimate":"q95","season":"SON"},{"bfs_id":5193,"rcp":"RCP8.5","period":"2035","key":"pr","value":2.4,"estimate":"q5","season":"DJF"},{"bfs_id":5193,"rcp":"RCP8.5","period":"2035","key":"pr","value":4.9,"estimate":"q5","season":"MAM"},{"bfs_id":5193,"rcp":"RCP8.5","period":"2035","key":"pr","value":4.4,"estimate":"q5","season":"JJA"},{"bfs_id":5193,"rcp":"RCP8.5","period":"2035","key":"pr","value":4.7,"estimate":"q5","season":"SON"},{"bfs_id":5193,"rcp":"RCP8.5","period":"2035","key":"pr","value":2.8,"estimate":"q50","season":"DJF"},{"bfs_id":5193,"rcp":"RCP8.5","period":"2035","key":"pr","value":5.3,"estimate":"q50","season":"MAM"},{"bfs_id":5193,"rcp":"RCP8.5","period":"2035","key":"pr","value":5.2,"estimate":"q50","season":"JJA"},{"bfs_id":5193,"rcp":"RCP8.5","period":"2035","key":"pr","value":5.5,"estimate":"q50","season":"SON"},{"bfs_id":5193,"rcp":"RCP8.5","period":"2035","key":"pr","value":3.2,"estimate":"q95","season":"DJF"},{"bfs_id":5193,"rcp":"RCP8.5","period":"2035","key":"pr","value":6.1,"estimate":"q95","season":"MAM"},{"bfs_id":5193,"rcp":"RCP8.5","period":"2035","key":"pr","value":6.6,"estimate":"q95","season":"JJA"},{"bfs_id":5193,"rcp":"RCP8.5","period":"2035","key":"pr","value":6.5,"estimate":"q95","season":"SON"},{"bfs_id":5193,"rcp":"RCP8.5","period":"2060","key":"pr","value":2.2,"estimate":"q5","season":"DJF"},{"bfs_id":5193,"rcp":"RCP8.5","period":"2060","key":"pr","value":4.7,"estimate":"q5","season":"MAM"},{"bfs_id":5193,"rcp":"RCP8.5","period":"2060","key":"pr","value":3.5,"estimate":"q5","season":"JJA"},{"bfs_id":5193,"rcp":"RCP8.5","period":"2060","key":"pr","value":5,"estimate":"q5","season":"SON"},{"bfs_id":5193,"rcp":"RCP8.5","period":"2060","key":"pr","value":3.1,"estimate":"q50","season":"DJF"},{"bfs_id":5193,"rcp":"RCP8.5","period":"2060","key":"pr","value":5.6,"estimate":"q50","season":"MAM"},{"bfs_id":5193,"rcp":"RCP8.5","period":"2060","key":"pr","value":4.8,"estimate":"q50","season":"JJA"},{"bfs_id":5193,"rcp":"RCP8.5","period":"2060","key":"pr","value":5.5,"estimate":"q50","season":"SON"},{"bfs_id":5193,"rcp":"RCP8.5","period":"2060","key":"pr","value":3.3,"estimate":"q95","season":"DJF"},{"bfs_id":5193,"rcp":"RCP8.5","period":"2060","key":"pr","value":6.1,"estimate":"q95","season":"MAM"},{"bfs_id":5193,"rcp":"RCP8.5","period":"2060","key":"pr","value":6.5,"estimate":"q95","season":"JJA"},{"bfs_id":5193,"rcp":"RCP8.5","period":"2060","key":"pr","value":6.4,"estimate":"q95","season":"SON"},{"bfs_id":5193,"rcp":"RCP8.5","period":"2085","key":"pr","value":2.8,"estimate":"q5","season":"DJF"},{"bfs_id":5193,"rcp":"RCP8.5","period":"2085","key":"pr","value":4.7,"estimate":"q5","season":"MAM"},{"bfs_id":5193,"rcp":"RCP8.5","period":"2085","key":"pr","value":3,"estimate":"q5","season":"JJA"},{"bfs_id":5193,"rcp":"RCP8.5","period":"2085","key":"pr","value":4.5,"estimate":"q5","season":"SON"},{"bfs_id":5193,"rcp":"RCP8.5","period":"2085","key":"pr","value":3.3,"estimate":"q50","season":"DJF"},{"bfs_id":5193,"rcp":"RCP8.5","period":"2085","key":"pr","value":5.4,"estimate":"q50","season":"MAM"},{"bfs_id":5193,"rcp":"RCP8.5","period":"2085","key":"pr","value":3.8,"estimate":"q50","season":"JJA"},{"bfs_id":5193,"rcp":"RCP8.5","period":"2085","key":"pr","value":5.5,"estimate":"q50","season":"SON"},{"bfs_id":5193,"rcp":"RCP8.5","period":"2085","key":"pr","value":4,"estimate":"q95","season":"DJF"},{"bfs_id":5193,"rcp":"RCP8.5","period":"2085","key":"pr","value":5.9,"estimate":"q95","season":"MAM"},{"bfs_id":5193,"rcp":"RCP8.5","period":"2085","key":"pr","value":5.8,"estimate":"q95","season":"JJA"},{"bfs_id":5193,"rcp":"RCP8.5","period":"2085","key":"pr","value":6.2,"estimate":"q95","season":"SON"},{"bfs_id":5193,"rcp":"RCP2.6","period":"2035","key":"tas","value":3.8,"estimate":"q5","season":"DJF"},{"bfs_id":5193,"rcp":"RCP2.6","period":"2035","key":"tas","value":11.6,"estimate":"q5","season":"MAM"},{"bfs_id":5193,"rcp":"RCP2.6","period":"2035","key":"tas","value":21.1,"estimate":"q5","season":"JJA"},{"bfs_id":5193,"rcp":"RCP2.6","period":"2035","key":"tas","value":12.6,"estimate":"q5","season":"SON"},{"bfs_id":5193,"rcp":"RCP2.6","period":"2035","key":"tas","value":4.3,"estimate":"q50","season":"DJF"},{"bfs_id":5193,"rcp":"RCP2.6","period":"2035","key":"tas","value":12,"estimate":"q50","season":"MAM"},{"bfs_id":5193,"rcp":"RCP2.6","period":"2035","key":"tas","value":21.6,"estimate":"q50","season":"JJA"},{"bfs_id":5193,"rcp":"RCP2.6","period":"2035","key":"tas","value":13,"estimate":"q50","season":"SON"},{"bfs_id":5193,"rcp":"RCP2.6","period":"2035","key":"tas","value":4.8,"estimate":"q95","season":"DJF"},{"bfs_id":5193,"rcp":"RCP2.6","period":"2035","key":"tas","value":12.3,"estimate":"q95","season":"MAM"},{"bfs_id":5193,"rcp":"RCP2.6","period":"2035","key":"tas","value":22.1,"estimate":"q95","season":"JJA"},{"bfs_id":5193,"rcp":"RCP2.6","period":"2035","key":"tas","value":13.6,"estimate":"q95","season":"SON"},{"bfs_id":5193,"rcp":"RCP2.6","period":"2060","key":"tas","value":3.9,"estimate":"q5","season":"DJF"},{"bfs_id":5193,"rcp":"RCP2.6","period":"2060","key":"tas","value":11.7,"estimate":"q5","season":"MAM"},{"bfs_id":5193,"rcp":"RCP2.6","period":"2060","key":"tas","value":21.3,"estimate":"q5","season":"JJA"},{"bfs_id":5193,"rcp":"RCP2.6","period":"2060","key":"tas","value":13,"estimate":"q5","season":"SON"},{"bfs_id":5193,"rcp":"RCP2.6","period":"2060","key":"tas","value":4.5,"estimate":"q50","season":"DJF"},{"bfs_id":5193,"rcp":"RCP2.6","period":"2060","key":"tas","value":12.1,"estimate":"q50","season":"MAM"},{"bfs_id":5193,"rcp":"RCP2.6","period":"2060","key":"tas","value":21.6,"estimate":"q50","season":"JJA"},{"bfs_id":5193,"rcp":"RCP2.6","period":"2060","key":"tas","value":13.3,"estimate":"q50","season":"SON"},{"bfs_id":5193,"rcp":"RCP2.6","period":"2060","key":"tas","value":5,"estimate":"q95","season":"DJF"},{"bfs_id":5193,"rcp":"RCP2.6","period":"2060","key":"tas","value":12.4,"estimate":"q95","season":"MAM"},{"bfs_id":5193,"rcp":"RCP2.6","period":"2060","key":"tas","value":22.4,"estimate":"q95","season":"JJA"},{"bfs_id":5193,"rcp":"RCP2.6","period":"2060","key":"tas","value":14.1,"estimate":"q95","season":"SON"},{"bfs_id":5193,"rcp":"RCP2.6","period":"2085","key":"tas","value":3.9,"estimate":"q5","season":"DJF"},{"bfs_id":5193,"rcp":"RCP2.6","period":"2085","key":"tas","value":11.5,"estimate":"q5","season":"MAM"},{"bfs_id":5193,"rcp":"RCP2.6","period":"2085","key":"tas","value":21.2,"estimate":"q5","season":"JJA"},{"bfs_id":5193,"rcp":"RCP2.6","period":"2085","key":"tas","value":12.6,"estimate":"q5","season":"SON"},{"bfs_id":5193,"rcp":"RCP2.6","period":"2085","key":"tas","value":4.5,"estimate":"q50","season":"DJF"},{"bfs_id":5193,"rcp":"RCP2.6","period":"2085","key":"tas","value":12,"estimate":"q50","season":"MAM"},{"bfs_id":5193,"rcp":"RCP2.6","period":"2085","key":"tas","value":21.6,"estimate":"q50","season":"JJA"},{"bfs_id":5193,"rcp":"RCP2.6","period":"2085","key":"tas","value":13.2,"estimate":"q50","season":"SON"},{"bfs_id":5193,"rcp":"RCP2.6","period":"2085","key":"tas","value":5.1,"estimate":"q95","season":"DJF"},{"bfs_id":5193,"rcp":"RCP2.6","period":"2085","key":"tas","value":12.4,"estimate":"q95","season":"MAM"},{"bfs_id":5193,"rcp":"RCP2.6","period":"2085","key":"tas","value":22.3,"estimate":"q95","season":"JJA"},{"bfs_id":5193,"rcp":"RCP2.6","period":"2085","key":"tas","value":14,"estimate":"q95","season":"SON"},{"bfs_id":5193,"rcp":"RCP8.5","period":"2035","key":"tas","value":3.9,"estimate":"q5","season":"DJF"},{"bfs_id":5193,"rcp":"RCP8.5","period":"2035","key":"tas","value":11.8,"estimate":"q5","season":"MAM"},{"bfs_id":5193,"rcp":"RCP8.5","period":"2035","key":"tas","value":21.4,"estimate":"q5","season":"JJA"},{"bfs_id":5193,"rcp":"RCP8.5","period":"2035","key":"tas","value":12.9,"estimate":"q5","season":"SON"},{"bfs_id":5193,"rcp":"RCP8.5","period":"2035","key":"tas","value":4.6,"estimate":"q50","season":"DJF"},{"bfs_id":5193,"rcp":"RCP8.5","period":"2035","key":"tas","value":12,"estimate":"q50","season":"MAM"},{"bfs_id":5193,"rcp":"RCP8.5","period":"2035","key":"tas","value":21.9,"estimate":"q50","season":"JJA"},{"bfs_id":5193,"rcp":"RCP8.5","period":"2035","key":"tas","value":13.4,"estimate":"q50","season":"SON"},{"bfs_id":5193,"rcp":"RCP8.5","period":"2035","key":"tas","value":5.1,"estimate":"q95","season":"DJF"},{"bfs_id":5193,"rcp":"RCP8.5","period":"2035","key":"tas","value":12.4,"estimate":"q95","season":"MAM"},{"bfs_id":5193,"rcp":"RCP8.5","period":"2035","key":"tas","value":22.3,"estimate":"q95","season":"JJA"},{"bfs_id":5193,"rcp":"RCP8.5","period":"2035","key":"tas","value":14.1,"estimate":"q95","season":"SON"},{"bfs_id":5193,"rcp":"RCP8.5","period":"2060","key":"tas","value":5,"estimate":"q5","season":"DJF"},{"bfs_id":5193,"rcp":"RCP8.5","period":"2060","key":"tas","value":12.7,"estimate":"q5","season":"MAM"},{"bfs_id":5193,"rcp":"RCP8.5","period":"2060","key":"tas","value":22.5,"estimate":"q5","season":"JJA"},{"bfs_id":5193,"rcp":"RCP8.5","period":"2060","key":"tas","value":14,"estimate":"q5","season":"SON"},{"bfs_id":5193,"rcp":"RCP8.5","period":"2060","key":"tas","value":5.4,"estimate":"q50","season":"DJF"},{"bfs_id":5193,"rcp":"RCP8.5","period":"2060","key":"tas","value":13.1,"estimate":"q50","season":"MAM"},{"bfs_id":5193,"rcp":"RCP8.5","period":"2060","key":"tas","value":23,"estimate":"q50","season":"JJA"},{"bfs_id":5193,"rcp":"RCP8.5","period":"2060","key":"tas","value":14.7,"estimate":"q50","season":"SON"},{"bfs_id":5193,"rcp":"RCP8.5","period":"2060","key":"tas","value":6,"estimate":"q95","season":"DJF"},{"bfs_id":5193,"rcp":"RCP8.5","period":"2060","key":"tas","value":13.5,"estimate":"q95","season":"MAM"},{"bfs_id":5193,"rcp":"RCP8.5","period":"2060","key":"tas","value":23.8,"estimate":"q95","season":"JJA"},{"bfs_id":5193,"rcp":"RCP8.5","period":"2060","key":"tas","value":15.3,"estimate":"q95","season":"SON"},{"bfs_id":5193,"rcp":"RCP8.5","period":"2085","key":"tas","value":6.2,"estimate":"q5","season":"DJF"},{"bfs_id":5193,"rcp":"RCP8.5","period":"2085","key":"tas","value":13.6,"estimate":"q5","season":"MAM"},{"bfs_id":5193,"rcp":"RCP8.5","period":"2085","key":"tas","value":23.9,"estimate":"q5","season":"JJA"},{"bfs_id":5193,"rcp":"RCP8.5","period":"2085","key":"tas","value":15.3,"estimate":"q5","season":"SON"},{"bfs_id":5193,"rcp":"RCP8.5","period":"2085","key":"tas","value":7,"estimate":"q50","season":"DJF"},{"bfs_id":5193,"rcp":"RCP8.5","period":"2085","key":"tas","value":14.4,"estimate":"q50","season":"MAM"},{"bfs_id":5193,"rcp":"RCP8.5","period":"2085","key":"tas","value":24.5,"estimate":"q50","season":"JJA"},{"bfs_id":5193,"rcp":"RCP8.5","period":"2085","key":"tas","value":16,"estimate":"q50","season":"SON"},{"bfs_id":5193,"rcp":"RCP8.5","period":"2085","key":"tas","value":7.7,"estimate":"q95","season":"DJF"},{"bfs_id":5193,"rcp":"RCP8.5","period":"2085","key":"tas","value":15.1,"estimate":"q95","season":"MAM"},{"bfs_id":5193,"rcp":"RCP8.5","period":"2085","key":"tas","value":26,"estimate":"q95","season":"JJA"},{"bfs_id":5193,"rcp":"RCP8.5","period":"2085","key":"tas","value":17.1,"estimate":"q95","season":"SON"},{"bfs_id":5193,"rcp":"obs","period":"1981-2010","key":"FD","value":51.1,"estimate":"yearly_mean"},{"bfs_id":5193,"rcp":"obs","period":"1981-2010","key":"HD","value":7.5,"estimate":"yearly_mean"},{"bfs_id":5193,"rcp":"obs","period":"1981-2010","key":"ID","value":1,"estimate":"yearly_mean"},{"bfs_id":5193,"rcp":"obs","period":"1981-2010","key":"SD","value":64.6,"estimate":"yearly_mean"},{"bfs_id":5193,"rcp":"obs","period":"1981-2010","key":"snowdays","value":6,"estimate":"yearly_mean"},{"bfs_id":5193,"rcp":"obs","period":"1981-2010","key":"TN","value":4.4,"estimate":"yearly_mean"},{"bfs_id":5193,"rcp":"obs","period":"1981-2010","key":"pr","value":2.4,"estimate":"mean","season":"DJF"},{"bfs_id":5193,"rcp":"obs","period":"1981-2010","key":"pr","value":5.3,"estimate":"mean","season":"MAM"},{"bfs_id":5193,"rcp":"obs","period":"1981-2010","key":"pr","value":5.4,"estimate":"mean","season":"JJA"},{"bfs_id":5193,"rcp":"obs","period":"1981-2010","key":"pr","value":5.8,"estimate":"mean","season":"SON"},{"bfs_id":5193,"rcp":"obs","period":"1981-2010","key":"tas","value":3.2,"estimate":"mean","season":"DJF"},{"bfs_id":5193,"rcp":"obs","period":"1981-2010","key":"tas","value":11.3,"estimate":"mean","season":"MAM"},{"bfs_id":5193,"rcp":"obs","period":"1981-2010","key":"tas","value":20.5,"estimate":"mean","season":"JJA"},{"bfs_id":5193,"rcp":"obs","period":"1981-2010","key":"tas","value":12.1,"estimate":"mean","season":"SON"}]
