[{"bfs_id":3441,"rcp":"RCP2.6","period":"2035","key":"FD","value":70.8,"estimate":"q5"},{"bfs_id":3441,"rcp":"RCP2.6","period":"2035","key":"FD","value":83.4,"estimate":"q50"},{"bfs_id":3441,"rcp":"RCP2.6","period":"2035","key":"FD","value":91.8,"estimate":"q95"},{"bfs_id":3441,"rcp":"RCP2.6","period":"2060","key":"FD","value":67.5,"estimate":"q5"},{"bfs_id":3441,"rcp":"RCP2.6","period":"2060","key":"FD","value":79,"estimate":"q50"},{"bfs_id":3441,"rcp":"RCP2.6","period":"2060","key":"FD","value":88.1,"estimate":"q95"},{"bfs_id":3441,"rcp":"RCP2.6","period":"2085","key":"FD","value":67.5,"estimate":"q5"},{"bfs_id":3441,"rcp":"RCP2.6","period":"2085","key":"FD","value":80.4,"estimate":"q50"},{"bfs_id":3441,"rcp":"RCP2.6","period":"2085","key":"FD","value":89.5,"estimate":"q95"},{"bfs_id":3441,"rcp":"RCP8.5","period":"2035","key":"FD","value":70.2,"estimate":"q5"},{"bfs_id":3441,"rcp":"RCP8.5","period":"2035","key":"FD","value":77.7,"estimate":"q50"},{"bfs_id":3441,"rcp":"RCP8.5","period":"2035","key":"FD","value":85.9,"estimate":"q95"},{"bfs_id":3441,"rcp":"RCP8.5","period":"2060","key":"FD","value":55.2,"estimate":"q5"},{"bfs_id":3441,"rcp":"RCP8.5","period":"2060","key":"FD","value":64.7,"estimate":"q50"},{"bfs_id":3441,"rcp":"RCP8.5","period":"2060","key":"FD","value":69.6,"estimate":"q95"},{"bfs_id":3441,"rcp":"RCP8.5","period":"2085","key":"FD","value":34.7,"estimate":"q5"},{"bfs_id":3441,"rcp":"RCP8.5","period":"2085","key":"FD","value":43,"estimate":"q50"},{"bfs_id":3441,"rcp":"RCP8.5","period":"2085","key":"FD","value":51.1,"estimate":"q95"},{"bfs_id":3441,"rcp":"RCP2.6","period":"2035","key":"HD","value":1.8,"estimate":"q5"},{"bfs_id":3441,"rcp":"RCP2.6","period":"2035","key":"HD","value":3.3,"estimate":"q50"},{"bfs_id":3441,"rcp":"RCP2.6","period":"2035","key":"HD","value":5.4,"estimate":"q95"},{"bfs_id":3441,"rcp":"RCP2.6","period":"2060","key":"HD","value":2,"estimate":"q5"},{"bfs_id":3441,"rcp":"RCP2.6","period":"2060","key":"HD","value":3.6,"estimate":"q50"},{"bfs_id":3441,"rcp":"RCP2.6","period":"2060","key":"HD","value":6.3,"estimate":"q95"},{"bfs_id":3441,"rcp":"RCP2.6","period":"2085","key":"HD","value":2.3,"estimate":"q5"},{"bfs_id":3441,"rcp":"RCP2.6","period":"2085","key":"HD","value":3.3,"estimate":"q50"},{"bfs_id":3441,"rcp":"RCP2.6","period":"2085","key":"HD","value":5.9,"estimate":"q95"},{"bfs_id":3441,"rcp":"RCP8.5","period":"2035","key":"HD","value":2.5,"estimate":"q5"},{"bfs_id":3441,"rcp":"RCP8.5","period":"2035","key":"HD","value":3.4,"estimate":"q50"},{"bfs_id":3441,"rcp":"RCP8.5","period":"2035","key":"HD","value":8.5,"estimate":"q95"},{"bfs_id":3441,"rcp":"RCP8.5","period":"2060","key":"HD","value":4.8,"estimate":"q5"},{"bfs_id":3441,"rcp":"RCP8.5","period":"2060","key":"HD","value":8.8,"estimate":"q50"},{"bfs_id":3441,"rcp":"RCP8.5","period":"2060","key":"HD","value":18.8,"estimate":"q95"},{"bfs_id":3441,"rcp":"RCP8.5","period":"2085","key":"HD","value":11.8,"estimate":"q5"},{"bfs_id":3441,"rcp":"RCP8.5","period":"2085","key":"HD","value":16,"estimate":"q50"},{"bfs_id":3441,"rcp":"RCP8.5","period":"2085","key":"HD","value":39.3,"estimate":"q95"},{"bfs_id":3441,"rcp":"RCP2.6","period":"2035","key":"ID","value":20.9,"estimate":"q5"},{"bfs_id":3441,"rcp":"RCP2.6","period":"2035","key":"ID","value":25.3,"estimate":"q50"},{"bfs_id":3441,"rcp":"RCP2.6","period":"2035","key":"ID","value":29.4,"estimate":"q95"},{"bfs_id":3441,"rcp":"RCP2.6","period":"2060","key":"ID","value":19.1,"estimate":"q5"},{"bfs_id":3441,"rcp":"RCP2.6","period":"2060","key":"ID","value":23.5,"estimate":"q50"},{"bfs_id":3441,"rcp":"RCP2.6","period":"2060","key":"ID","value":29.3,"estimate":"q95"},{"bfs_id":3441,"rcp":"RCP2.6","period":"2085","key":"ID","value":18.4,"estimate":"q5"},{"bfs_id":3441,"rcp":"RCP2.6","period":"2085","key":"ID","value":24.1,"estimate":"q50"},{"bfs_id":3441,"rcp":"RCP2.6","period":"2085","key":"ID","value":27.8,"estimate":"q95"},{"bfs_id":3441,"rcp":"RCP8.5","period":"2035","key":"ID","value":19.1,"estimate":"q5"},{"bfs_id":3441,"rcp":"RCP8.5","period":"2035","key":"ID","value":23.9,"estimate":"q50"},{"bfs_id":3441,"rcp":"RCP8.5","period":"2035","key":"ID","value":28.5,"estimate":"q95"},{"bfs_id":3441,"rcp":"RCP8.5","period":"2060","key":"ID","value":13.9,"estimate":"q5"},{"bfs_id":3441,"rcp":"RCP8.5","period":"2060","key":"ID","value":17.3,"estimate":"q50"},{"bfs_id":3441,"rcp":"RCP8.5","period":"2060","key":"ID","value":20.7,"estimate":"q95"},{"bfs_id":3441,"rcp":"RCP8.5","period":"2085","key":"ID","value":5.7,"estimate":"q5"},{"bfs_id":3441,"rcp":"RCP8.5","period":"2085","key":"ID","value":9.2,"estimate":"q50"},{"bfs_id":3441,"rcp":"RCP8.5","period":"2085","key":"ID","value":12.3,"estimate":"q95"},{"bfs_id":3441,"rcp":"RCP2.6","period":"2035","key":"SD","value":26.3,"estimate":"q5"},{"bfs_id":3441,"rcp":"RCP2.6","period":"2035","key":"SD","value":29.7,"estimate":"q50"},{"bfs_id":3441,"rcp":"RCP2.6","period":"2035","key":"SD","value":37.2,"estimate":"q95"},{"bfs_id":3441,"rcp":"RCP2.6","period":"2060","key":"SD","value":26.2,"estimate":"q5"},{"bfs_id":3441,"rcp":"RCP2.6","period":"2060","key":"SD","value":31.3,"estimate":"q50"},{"bfs_id":3441,"rcp":"RCP2.6","period":"2060","key":"SD","value":37.3,"estimate":"q95"},{"bfs_id":3441,"rcp":"RCP2.6","period":"2085","key":"SD","value":26,"estimate":"q5"},{"bfs_id":3441,"rcp":"RCP2.6","period":"2085","key":"SD","value":31.2,"estimate":"q50"},{"bfs_id":3441,"rcp":"RCP2.6","period":"2085","key":"SD","value":36.7,"estimate":"q95"},{"bfs_id":3441,"rcp":"RCP8.5","period":"2035","key":"SD","value":27.6,"estimate":"q5"},{"bfs_id":3441,"rcp":"RCP8.5","period":"2035","key":"SD","value":32.5,"estimate":"q50"},{"bfs_id":3441,"rcp":"RCP8.5","period":"2035","key":"SD","value":38.3,"estimate":"q95"},{"bfs_id":3441,"rcp":"RCP8.5","period":"2060","key":"SD","value":37.6,"estimate":"q5"},{"bfs_id":3441,"rcp":"RCP8.5","period":"2060","key":"SD","value":44.2,"estimate":"q50"},{"bfs_id":3441,"rcp":"RCP8.5","period":"2060","key":"SD","value":60.5,"estimate":"q95"},{"bfs_id":3441,"rcp":"RCP8.5","period":"2085","key":"SD","value":53.5,"estimate":"q5"},{"bfs_id":3441,"rcp":"RCP8.5","period":"2085","key":"SD","value":61.1,"estimate":"q50"},{"bfs_id":3441,"rcp":"RCP8.5","period":"2085","key":"SD","value":86,"estimate":"q95"},{"bfs_id":3441,"rcp":"RCP2.6","period":"2035","key":"snowdays","value":17.7,"estimate":"q5"},{"bfs_id":3441,"rcp":"RCP2.6","period":"2035","key":"snowdays","value":26,"estimate":"q50"},{"bfs_id":3441,"rcp":"RCP2.6","period":"2035","key":"snowdays","value":30.5,"estimate":"q95"},{"bfs_id":3441,"rcp":"RCP2.6","period":"2060","key":"snowdays","value":17,"estimate":"q5"},{"bfs_id":3441,"rcp":"RCP2.6","period":"2060","key":"snowdays","value":25.7,"estimate":"q50"},{"bfs_id":3441,"rcp":"RCP2.6","period":"2060","key":"snowdays","value":31.5,"estimate":"q95"},{"bfs_id":3441,"rcp":"RCP2.6","period":"2085","key":"snowdays","value":16.9,"estimate":"q5"},{"bfs_id":3441,"rcp":"RCP2.6","period":"2085","key":"snowdays","value":25.3,"estimate":"q50"},{"bfs_id":3441,"rcp":"RCP2.6","period":"2085","key":"snowdays","value":30,"estimate":"q95"},{"bfs_id":3441,"rcp":"RCP8.5","period":"2035","key":"snowdays","value":16.7,"estimate":"q5"},{"bfs_id":3441,"rcp":"RCP8.5","period":"2035","key":"snowdays","value":25.9,"estimate":"q50"},{"bfs_id":3441,"rcp":"RCP8.5","period":"2035","key":"snowdays","value":32,"estimate":"q95"},{"bfs_id":3441,"rcp":"RCP8.5","period":"2060","key":"snowdays","value":12.3,"estimate":"q5"},{"bfs_id":3441,"rcp":"RCP8.5","period":"2060","key":"snowdays","value":20.5,"estimate":"q50"},{"bfs_id":3441,"rcp":"RCP8.5","period":"2060","key":"snowdays","value":24.3,"estimate":"q95"},{"bfs_id":3441,"rcp":"RCP8.5","period":"2085","key":"snowdays","value":6.6,"estimate":"q5"},{"bfs_id":3441,"rcp":"RCP8.5","period":"2085","key":"snowdays","value":13.2,"estimate":"q50"},{"bfs_id":3441,"rcp":"RCP8.5","period":"2085","key":"snowdays","value":19.8,"estimate":"q95"},{"bfs_id":3441,"rcp":"RCP2.6","period":"2035","key":"TN","value":0.4,"estimate":"q5"},{"bfs_id":3441,"rcp":"RCP2.6","period":"2035","key":"TN","value":1.2,"estimate":"q50"},{"bfs_id":3441,"rcp":"RCP2.6","period":"2035","key":"TN","value":2,"estimate":"q95"},{"bfs_id":3441,"rcp":"RCP2.6","period":"2060","key":"TN","value":0.6,"estimate":"q5"},{"bfs_id":3441,"rcp":"RCP2.6","period":"2060","key":"TN","value":1.2,"estimate":"q50"},{"bfs_id":3441,"rcp":"RCP2.6","period":"2060","key":"TN","value":2.5,"estimate":"q95"},{"bfs_id":3441,"rcp":"RCP2.6","period":"2085","key":"TN","value":0.6,"estimate":"q5"},{"bfs_id":3441,"rcp":"RCP2.6","period":"2085","key":"TN","value":1.3,"estimate":"q50"},{"bfs_id":3441,"rcp":"RCP2.6","period":"2085","key":"TN","value":2.2,"estimate":"q95"},{"bfs_id":3441,"rcp":"RCP8.5","period":"2035","key":"TN","value":0.8,"estimate":"q5"},{"bfs_id":3441,"rcp":"RCP8.5","period":"2035","key":"TN","value":1.4,"estimate":"q50"},{"bfs_id":3441,"rcp":"RCP8.5","period":"2035","key":"TN","value":4.1,"estimate":"q95"},{"bfs_id":3441,"rcp":"RCP8.5","period":"2060","key":"TN","value":2.8,"estimate":"q5"},{"bfs_id":3441,"rcp":"RCP8.5","period":"2060","key":"TN","value":5.2,"estimate":"q50"},{"bfs_id":3441,"rcp":"RCP8.5","period":"2060","key":"TN","value":10.9,"estimate":"q95"},{"bfs_id":3441,"rcp":"RCP8.5","period":"2085","key":"TN","value":9.2,"estimate":"q5"},{"bfs_id":3441,"rcp":"RCP8.5","period":"2085","key":"TN","value":14.6,"estimate":"q50"},{"bfs_id":3441,"rcp":"RCP8.5","period":"2085","key":"TN","value":31.8,"estimate":"q95"},{"bfs_id":3441,"rcp":"RCP2.6","period":"2035","key":"pr","value":2.7,"estimate":"q5","season":"DJF"},{"bfs_id":3441,"rcp":"RCP2.6","period":"2035","key":"pr","value":3.4,"estimate":"q5","season":"MAM"},{"bfs_id":3441,"rcp":"RCP2.6","period":"2035","key":"pr","value":4.6,"estimate":"q5","season":"JJA"},{"bfs_id":3441,"rcp":"RCP2.6","period":"2035","key":"pr","value":3,"estimate":"q5","season":"SON"},{"bfs_id":3441,"rcp":"RCP2.6","period":"2035","key":"pr","value":2.9,"estimate":"q50","season":"DJF"},{"bfs_id":3441,"rcp":"RCP2.6","period":"2035","key":"pr","value":3.9,"estimate":"q50","season":"MAM"},{"bfs_id":3441,"rcp":"RCP2.6","period":"2035","key":"pr","value":5,"estimate":"q50","season":"JJA"},{"bfs_id":3441,"rcp":"RCP2.6","period":"2035","key":"pr","value":3.4,"estimate":"q50","season":"SON"},{"bfs_id":3441,"rcp":"RCP2.6","period":"2035","key":"pr","value":3.6,"estimate":"q95","season":"DJF"},{"bfs_id":3441,"rcp":"RCP2.6","period":"2035","key":"pr","value":4.3,"estimate":"q95","season":"MAM"},{"bfs_id":3441,"rcp":"RCP2.6","period":"2035","key":"pr","value":5.9,"estimate":"q95","season":"JJA"},{"bfs_id":3441,"rcp":"RCP2.6","period":"2035","key":"pr","value":4.1,"estimate":"q95","season":"SON"},{"bfs_id":3441,"rcp":"RCP2.6","period":"2060","key":"pr","value":2.6,"estimate":"q5","season":"DJF"},{"bfs_id":3441,"rcp":"RCP2.6","period":"2060","key":"pr","value":3.5,"estimate":"q5","season":"MAM"},{"bfs_id":3441,"rcp":"RCP2.6","period":"2060","key":"pr","value":4.4,"estimate":"q5","season":"JJA"},{"bfs_id":3441,"rcp":"RCP2.6","period":"2060","key":"pr","value":3,"estimate":"q5","season":"SON"},{"bfs_id":3441,"rcp":"RCP2.6","period":"2060","key":"pr","value":3,"estimate":"q50","season":"DJF"},{"bfs_id":3441,"rcp":"RCP2.6","period":"2060","key":"pr","value":3.9,"estimate":"q50","season":"MAM"},{"bfs_id":3441,"rcp":"RCP2.6","period":"2060","key":"pr","value":5,"estimate":"q50","season":"JJA"},{"bfs_id":3441,"rcp":"RCP2.6","period":"2060","key":"pr","value":3.3,"estimate":"q50","season":"SON"},{"bfs_id":3441,"rcp":"RCP2.6","period":"2060","key":"pr","value":3.3,"estimate":"q95","season":"DJF"},{"bfs_id":3441,"rcp":"RCP2.6","period":"2060","key":"pr","value":4.4,"estimate":"q95","season":"MAM"},{"bfs_id":3441,"rcp":"RCP2.6","period":"2060","key":"pr","value":6.2,"estimate":"q95","season":"JJA"},{"bfs_id":3441,"rcp":"RCP2.6","period":"2060","key":"pr","value":4,"estimate":"q95","season":"SON"},{"bfs_id":3441,"rcp":"RCP2.6","period":"2085","key":"pr","value":2.6,"estimate":"q5","season":"DJF"},{"bfs_id":3441,"rcp":"RCP2.6","period":"2085","key":"pr","value":3.5,"estimate":"q5","season":"MAM"},{"bfs_id":3441,"rcp":"RCP2.6","period":"2085","key":"pr","value":4.4,"estimate":"q5","season":"JJA"},{"bfs_id":3441,"rcp":"RCP2.6","period":"2085","key":"pr","value":3.1,"estimate":"q5","season":"SON"},{"bfs_id":3441,"rcp":"RCP2.6","period":"2085","key":"pr","value":3,"estimate":"q50","season":"DJF"},{"bfs_id":3441,"rcp":"RCP2.6","period":"2085","key":"pr","value":3.9,"estimate":"q50","season":"MAM"},{"bfs_id":3441,"rcp":"RCP2.6","period":"2085","key":"pr","value":4.9,"estimate":"q50","season":"JJA"},{"bfs_id":3441,"rcp":"RCP2.6","period":"2085","key":"pr","value":3.4,"estimate":"q50","season":"SON"},{"bfs_id":3441,"rcp":"RCP2.6","period":"2085","key":"pr","value":3.4,"estimate":"q95","season":"DJF"},{"bfs_id":3441,"rcp":"RCP2.6","period":"2085","key":"pr","value":4.3,"estimate":"q95","season":"MAM"},{"bfs_id":3441,"rcp":"RCP2.6","period":"2085","key":"pr","value":6.3,"estimate":"q95","season":"JJA"},{"bfs_id":3441,"rcp":"RCP2.6","period":"2085","key":"pr","value":4,"estimate":"q95","season":"SON"},{"bfs_id":3441,"rcp":"RCP8.5","period":"2035","key":"pr","value":2.7,"estimate":"q5","season":"DJF"},{"bfs_id":3441,"rcp":"RCP8.5","period":"2035","key":"pr","value":3.6,"estimate":"q5","season":"MAM"},{"bfs_id":3441,"rcp":"RCP8.5","period":"2035","key":"pr","value":4.6,"estimate":"q5","season":"JJA"},{"bfs_id":3441,"rcp":"RCP8.5","period":"2035","key":"pr","value":3.1,"estimate":"q5","season":"SON"},{"bfs_id":3441,"rcp":"RCP8.5","period":"2035","key":"pr","value":3.1,"estimate":"q50","season":"DJF"},{"bfs_id":3441,"rcp":"RCP8.5","period":"2035","key":"pr","value":3.9,"estimate":"q50","season":"MAM"},{"bfs_id":3441,"rcp":"RCP8.5","period":"2035","key":"pr","value":4.9,"estimate":"q50","season":"JJA"},{"bfs_id":3441,"rcp":"RCP8.5","period":"2035","key":"pr","value":3.5,"estimate":"q50","season":"SON"},{"bfs_id":3441,"rcp":"RCP8.5","period":"2035","key":"pr","value":3.4,"estimate":"q95","season":"DJF"},{"bfs_id":3441,"rcp":"RCP8.5","period":"2035","key":"pr","value":4.4,"estimate":"q95","season":"MAM"},{"bfs_id":3441,"rcp":"RCP8.5","period":"2035","key":"pr","value":5.6,"estimate":"q95","season":"JJA"},{"bfs_id":3441,"rcp":"RCP8.5","period":"2035","key":"pr","value":4,"estimate":"q95","season":"SON"},{"bfs_id":3441,"rcp":"RCP8.5","period":"2060","key":"pr","value":2.8,"estimate":"q5","season":"DJF"},{"bfs_id":3441,"rcp":"RCP8.5","period":"2060","key":"pr","value":3.8,"estimate":"q5","season":"MAM"},{"bfs_id":3441,"rcp":"RCP8.5","period":"2060","key":"pr","value":4.2,"estimate":"q5","season":"JJA"},{"bfs_id":3441,"rcp":"RCP8.5","period":"2060","key":"pr","value":3.1,"estimate":"q5","season":"SON"},{"bfs_id":3441,"rcp":"RCP8.5","period":"2060","key":"pr","value":3.2,"estimate":"q50","season":"DJF"},{"bfs_id":3441,"rcp":"RCP8.5","period":"2060","key":"pr","value":4.1,"estimate":"q50","season":"MAM"},{"bfs_id":3441,"rcp":"RCP8.5","period":"2060","key":"pr","value":4.7,"estimate":"q50","season":"JJA"},{"bfs_id":3441,"rcp":"RCP8.5","period":"2060","key":"pr","value":3.4,"estimate":"q50","season":"SON"},{"bfs_id":3441,"rcp":"RCP8.5","period":"2060","key":"pr","value":3.5,"estimate":"q95","season":"DJF"},{"bfs_id":3441,"rcp":"RCP8.5","period":"2060","key":"pr","value":4.8,"estimate":"q95","season":"MAM"},{"bfs_id":3441,"rcp":"RCP8.5","period":"2060","key":"pr","value":5.9,"estimate":"q95","season":"JJA"},{"bfs_id":3441,"rcp":"RCP8.5","period":"2060","key":"pr","value":3.9,"estimate":"q95","season":"SON"},{"bfs_id":3441,"rcp":"RCP8.5","period":"2085","key":"pr","value":3.1,"estimate":"q5","season":"DJF"},{"bfs_id":3441,"rcp":"RCP8.5","period":"2085","key":"pr","value":3.8,"estimate":"q5","season":"MAM"},{"bfs_id":3441,"rcp":"RCP8.5","period":"2085","key":"pr","value":3.7,"estimate":"q5","season":"JJA"},{"bfs_id":3441,"rcp":"RCP8.5","period":"2085","key":"pr","value":2.7,"estimate":"q5","season":"SON"},{"bfs_id":3441,"rcp":"RCP8.5","period":"2085","key":"pr","value":3.3,"estimate":"q50","season":"DJF"},{"bfs_id":3441,"rcp":"RCP8.5","period":"2085","key":"pr","value":4.3,"estimate":"q50","season":"MAM"},{"bfs_id":3441,"rcp":"RCP8.5","period":"2085","key":"pr","value":4.2,"estimate":"q50","season":"JJA"},{"bfs_id":3441,"rcp":"RCP8.5","period":"2085","key":"pr","value":3.3,"estimate":"q50","season":"SON"},{"bfs_id":3441,"rcp":"RCP8.5","period":"2085","key":"pr","value":3.9,"estimate":"q95","season":"DJF"},{"bfs_id":3441,"rcp":"RCP8.5","period":"2085","key":"pr","value":4.9,"estimate":"q95","season":"MAM"},{"bfs_id":3441,"rcp":"RCP8.5","period":"2085","key":"pr","value":4.9,"estimate":"q95","season":"JJA"},{"bfs_id":3441,"rcp":"RCP8.5","period":"2085","key":"pr","value":4.2,"estimate":"q95","season":"SON"},{"bfs_id":3441,"rcp":"RCP2.6","period":"2035","key":"tas","value":0.7,"estimate":"q5","season":"DJF"},{"bfs_id":3441,"rcp":"RCP2.6","period":"2035","key":"tas","value":7.8,"estimate":"q5","season":"MAM"},{"bfs_id":3441,"rcp":"RCP2.6","period":"2035","key":"tas","value":16.9,"estimate":"q5","season":"JJA"},{"bfs_id":3441,"rcp":"RCP2.6","period":"2035","key":"tas","value":9.2,"estimate":"q5","season":"SON"},{"bfs_id":3441,"rcp":"RCP2.6","period":"2035","key":"tas","value":1.3,"estimate":"q50","season":"DJF"},{"bfs_id":3441,"rcp":"RCP2.6","period":"2035","key":"tas","value":8.4,"estimate":"q50","season":"MAM"},{"bfs_id":3441,"rcp":"RCP2.6","period":"2035","key":"tas","value":17.5,"estimate":"q50","season":"JJA"},{"bfs_id":3441,"rcp":"RCP2.6","period":"2035","key":"tas","value":9.5,"estimate":"q50","season":"SON"},{"bfs_id":3441,"rcp":"RCP2.6","period":"2035","key":"tas","value":2.1,"estimate":"q95","season":"DJF"},{"bfs_id":3441,"rcp":"RCP2.6","period":"2035","key":"tas","value":8.8,"estimate":"q95","season":"MAM"},{"bfs_id":3441,"rcp":"RCP2.6","period":"2035","key":"tas","value":18.2,"estimate":"q95","season":"JJA"},{"bfs_id":3441,"rcp":"RCP2.6","period":"2035","key":"tas","value":10.5,"estimate":"q95","season":"SON"},{"bfs_id":3441,"rcp":"RCP2.6","period":"2060","key":"tas","value":0.7,"estimate":"q5","season":"DJF"},{"bfs_id":3441,"rcp":"RCP2.6","period":"2060","key":"tas","value":7.7,"estimate":"q5","season":"MAM"},{"bfs_id":3441,"rcp":"RCP2.6","period":"2060","key":"tas","value":17.2,"estimate":"q5","season":"JJA"},{"bfs_id":3441,"rcp":"RCP2.6","period":"2060","key":"tas","value":9.5,"estimate":"q5","season":"SON"},{"bfs_id":3441,"rcp":"RCP2.6","period":"2060","key":"tas","value":1.6,"estimate":"q50","season":"DJF"},{"bfs_id":3441,"rcp":"RCP2.6","period":"2060","key":"tas","value":8.5,"estimate":"q50","season":"MAM"},{"bfs_id":3441,"rcp":"RCP2.6","period":"2060","key":"tas","value":17.6,"estimate":"q50","season":"JJA"},{"bfs_id":3441,"rcp":"RCP2.6","period":"2060","key":"tas","value":9.8,"estimate":"q50","season":"SON"},{"bfs_id":3441,"rcp":"RCP2.6","period":"2060","key":"tas","value":2.3,"estimate":"q95","season":"DJF"},{"bfs_id":3441,"rcp":"RCP2.6","period":"2060","key":"tas","value":9,"estimate":"q95","season":"MAM"},{"bfs_id":3441,"rcp":"RCP2.6","period":"2060","key":"tas","value":18.4,"estimate":"q95","season":"JJA"},{"bfs_id":3441,"rcp":"RCP2.6","period":"2060","key":"tas","value":10.9,"estimate":"q95","season":"SON"},{"bfs_id":3441,"rcp":"RCP2.6","period":"2085","key":"tas","value":0.8,"estimate":"q5","season":"DJF"},{"bfs_id":3441,"rcp":"RCP2.6","period":"2085","key":"tas","value":7.8,"estimate":"q5","season":"MAM"},{"bfs_id":3441,"rcp":"RCP2.6","period":"2085","key":"tas","value":17.1,"estimate":"q5","season":"JJA"},{"bfs_id":3441,"rcp":"RCP2.6","period":"2085","key":"tas","value":9.3,"estimate":"q5","season":"SON"},{"bfs_id":3441,"rcp":"RCP2.6","period":"2085","key":"tas","value":1.5,"estimate":"q50","season":"DJF"},{"bfs_id":3441,"rcp":"RCP2.6","period":"2085","key":"tas","value":8.5,"estimate":"q50","season":"MAM"},{"bfs_id":3441,"rcp":"RCP2.6","period":"2085","key":"tas","value":17.6,"estimate":"q50","season":"JJA"},{"bfs_id":3441,"rcp":"RCP2.6","period":"2085","key":"tas","value":9.7,"estimate":"q50","season":"SON"},{"bfs_id":3441,"rcp":"RCP2.6","period":"2085","key":"tas","value":2.3,"estimate":"q95","season":"DJF"},{"bfs_id":3441,"rcp":"RCP2.6","period":"2085","key":"tas","value":9,"estimate":"q95","season":"MAM"},{"bfs_id":3441,"rcp":"RCP2.6","period":"2085","key":"tas","value":18.2,"estimate":"q95","season":"JJA"},{"bfs_id":3441,"rcp":"RCP2.6","period":"2085","key":"tas","value":10.8,"estimate":"q95","season":"SON"},{"bfs_id":3441,"rcp":"RCP8.5","period":"2035","key":"tas","value":0.7,"estimate":"q5","season":"DJF"},{"bfs_id":3441,"rcp":"RCP8.5","period":"2035","key":"tas","value":8.1,"estimate":"q5","season":"MAM"},{"bfs_id":3441,"rcp":"RCP8.5","period":"2035","key":"tas","value":17.4,"estimate":"q5","season":"JJA"},{"bfs_id":3441,"rcp":"RCP8.5","period":"2035","key":"tas","value":9.5,"estimate":"q5","season":"SON"},{"bfs_id":3441,"rcp":"RCP8.5","period":"2035","key":"tas","value":1.6,"estimate":"q50","season":"DJF"},{"bfs_id":3441,"rcp":"RCP8.5","period":"2035","key":"tas","value":8.5,"estimate":"q50","season":"MAM"},{"bfs_id":3441,"rcp":"RCP8.5","period":"2035","key":"tas","value":17.8,"estimate":"q50","season":"JJA"},{"bfs_id":3441,"rcp":"RCP8.5","period":"2035","key":"tas","value":10,"estimate":"q50","season":"SON"},{"bfs_id":3441,"rcp":"RCP8.5","period":"2035","key":"tas","value":2.1,"estimate":"q95","season":"DJF"},{"bfs_id":3441,"rcp":"RCP8.5","period":"2035","key":"tas","value":8.9,"estimate":"q95","season":"MAM"},{"bfs_id":3441,"rcp":"RCP8.5","period":"2035","key":"tas","value":18.5,"estimate":"q95","season":"JJA"},{"bfs_id":3441,"rcp":"RCP8.5","period":"2035","key":"tas","value":10.9,"estimate":"q95","season":"SON"},{"bfs_id":3441,"rcp":"RCP8.5","period":"2060","key":"tas","value":2.2,"estimate":"q5","season":"DJF"},{"bfs_id":3441,"rcp":"RCP8.5","period":"2060","key":"tas","value":8.9,"estimate":"q5","season":"MAM"},{"bfs_id":3441,"rcp":"RCP8.5","period":"2060","key":"tas","value":18.5,"estimate":"q5","season":"JJA"},{"bfs_id":3441,"rcp":"RCP8.5","period":"2060","key":"tas","value":10.6,"estimate":"q5","season":"SON"},{"bfs_id":3441,"rcp":"RCP8.5","period":"2060","key":"tas","value":2.5,"estimate":"q50","season":"DJF"},{"bfs_id":3441,"rcp":"RCP8.5","period":"2060","key":"tas","value":9.5,"estimate":"q50","season":"MAM"},{"bfs_id":3441,"rcp":"RCP8.5","period":"2060","key":"tas","value":19,"estimate":"q50","season":"JJA"},{"bfs_id":3441,"rcp":"RCP8.5","period":"2060","key":"tas","value":11.2,"estimate":"q50","season":"SON"},{"bfs_id":3441,"rcp":"RCP8.5","period":"2060","key":"tas","value":3.3,"estimate":"q95","season":"DJF"},{"bfs_id":3441,"rcp":"RCP8.5","period":"2060","key":"tas","value":10.2,"estimate":"q95","season":"MAM"},{"bfs_id":3441,"rcp":"RCP8.5","period":"2060","key":"tas","value":20.3,"estimate":"q95","season":"JJA"},{"bfs_id":3441,"rcp":"RCP8.5","period":"2060","key":"tas","value":12.1,"estimate":"q95","season":"SON"},{"bfs_id":3441,"rcp":"RCP8.5","period":"2085","key":"tas","value":3.4,"estimate":"q5","season":"DJF"},{"bfs_id":3441,"rcp":"RCP8.5","period":"2085","key":"tas","value":10,"estimate":"q5","season":"MAM"},{"bfs_id":3441,"rcp":"RCP8.5","period":"2085","key":"tas","value":19.9,"estimate":"q5","season":"JJA"},{"bfs_id":3441,"rcp":"RCP8.5","period":"2085","key":"tas","value":11.5,"estimate":"q5","season":"SON"},{"bfs_id":3441,"rcp":"RCP8.5","period":"2085","key":"tas","value":4.6,"estimate":"q50","season":"DJF"},{"bfs_id":3441,"rcp":"RCP8.5","period":"2085","key":"tas","value":11,"estimate":"q50","season":"MAM"},{"bfs_id":3441,"rcp":"RCP8.5","period":"2085","key":"tas","value":20.7,"estimate":"q50","season":"JJA"},{"bfs_id":3441,"rcp":"RCP8.5","period":"2085","key":"tas","value":12.6,"estimate":"q50","season":"SON"},{"bfs_id":3441,"rcp":"RCP8.5","period":"2085","key":"tas","value":5.4,"estimate":"q95","season":"DJF"},{"bfs_id":3441,"rcp":"RCP8.5","period":"2085","key":"tas","value":12,"estimate":"q95","season":"MAM"},{"bfs_id":3441,"rcp":"RCP8.5","period":"2085","key":"tas","value":23.1,"estimate":"q95","season":"JJA"},{"bfs_id":3441,"rcp":"RCP8.5","period":"2085","key":"tas","value":14.4,"estimate":"q95","season":"SON"},{"bfs_id":3441,"rcp":"obs","period":"1981-2010","key":"FD","value":98.2,"estimate":"yearly_mean"},{"bfs_id":3441,"rcp":"obs","period":"1981-2010","key":"HD","value":1.3,"estimate":"yearly_mean"},{"bfs_id":3441,"rcp":"obs","period":"1981-2010","key":"ID","value":33.6,"estimate":"yearly_mean"},{"bfs_id":3441,"rcp":"obs","period":"1981-2010","key":"SD","value":21.1,"estimate":"yearly_mean"},{"bfs_id":3441,"rcp":"obs","period":"1981-2010","key":"snowdays","value":30.2,"estimate":"yearly_mean"},{"bfs_id":3441,"rcp":"obs","period":"1981-2010","key":"TN","value":0.1,"estimate":"yearly_mean"},{"bfs_id":3441,"rcp":"obs","period":"1981-2010","key":"pr","value":2.6,"estimate":"mean","season":"DJF"},{"bfs_id":3441,"rcp":"obs","period":"1981-2010","key":"pr","value":3.7,"estimate":"mean","season":"MAM"},{"bfs_id":3441,"rcp":"obs","period":"1981-2010","key":"pr","value":5.2,"estimate":"mean","season":"JJA"},{"bfs_id":3441,"rcp":"obs","period":"1981-2010","key":"pr","value":3.4,"estimate":"mean","season":"SON"},{"bfs_id":3441,"rcp":"obs","period":"1981-2010","key":"tas","value":0.1,"estimate":"mean","season":"DJF"},{"bfs_id":3441,"rcp":"obs","period":"1981-2010","key":"tas","value":7.7,"estimate":"mean","season":"MAM"},{"bfs_id":3441,"rcp":"obs","period":"1981-2010","key":"tas","value":16.3,"estimate":"mean","season":"JJA"},{"bfs_id":3441,"rcp":"obs","period":"1981-2010","key":"tas","value":8.5,"estimate":"mean","season":"SON"}]
