[{"bfs_id":3513,"rcp":"RCP2.6","period":"2035","key":"FD","value":119.8,"estimate":"q5"},{"bfs_id":3513,"rcp":"RCP2.6","period":"2035","key":"FD","value":131.9,"estimate":"q50"},{"bfs_id":3513,"rcp":"RCP2.6","period":"2035","key":"FD","value":137.9,"estimate":"q95"},{"bfs_id":3513,"rcp":"RCP2.6","period":"2060","key":"FD","value":117.2,"estimate":"q5"},{"bfs_id":3513,"rcp":"RCP2.6","period":"2060","key":"FD","value":127.7,"estimate":"q50"},{"bfs_id":3513,"rcp":"RCP2.6","period":"2060","key":"FD","value":139.8,"estimate":"q95"},{"bfs_id":3513,"rcp":"RCP2.6","period":"2085","key":"FD","value":117.2,"estimate":"q5"},{"bfs_id":3513,"rcp":"RCP2.6","period":"2085","key":"FD","value":129.6,"estimate":"q50"},{"bfs_id":3513,"rcp":"RCP2.6","period":"2085","key":"FD","value":138.5,"estimate":"q95"},{"bfs_id":3513,"rcp":"RCP8.5","period":"2035","key":"FD","value":117.9,"estimate":"q5"},{"bfs_id":3513,"rcp":"RCP8.5","period":"2035","key":"FD","value":127.1,"estimate":"q50"},{"bfs_id":3513,"rcp":"RCP8.5","period":"2035","key":"FD","value":135.1,"estimate":"q95"},{"bfs_id":3513,"rcp":"RCP8.5","period":"2060","key":"FD","value":100.2,"estimate":"q5"},{"bfs_id":3513,"rcp":"RCP8.5","period":"2060","key":"FD","value":110.2,"estimate":"q50"},{"bfs_id":3513,"rcp":"RCP8.5","period":"2060","key":"FD","value":119.6,"estimate":"q95"},{"bfs_id":3513,"rcp":"RCP8.5","period":"2085","key":"FD","value":75.9,"estimate":"q5"},{"bfs_id":3513,"rcp":"RCP8.5","period":"2085","key":"FD","value":87.9,"estimate":"q50"},{"bfs_id":3513,"rcp":"RCP8.5","period":"2085","key":"FD","value":99.7,"estimate":"q95"},{"bfs_id":3513,"rcp":"RCP2.6","period":"2035","key":"HD","value":0.2,"estimate":"q5"},{"bfs_id":3513,"rcp":"RCP2.6","period":"2035","key":"HD","value":0.5,"estimate":"q50"},{"bfs_id":3513,"rcp":"RCP2.6","period":"2035","key":"HD","value":1.3,"estimate":"q95"},{"bfs_id":3513,"rcp":"RCP2.6","period":"2060","key":"HD","value":0.2,"estimate":"q5"},{"bfs_id":3513,"rcp":"RCP2.6","period":"2060","key":"HD","value":0.7,"estimate":"q50"},{"bfs_id":3513,"rcp":"RCP2.6","period":"2060","key":"HD","value":1.7,"estimate":"q95"},{"bfs_id":3513,"rcp":"RCP2.6","period":"2085","key":"HD","value":0.2,"estimate":"q5"},{"bfs_id":3513,"rcp":"RCP2.6","period":"2085","key":"HD","value":0.7,"estimate":"q50"},{"bfs_id":3513,"rcp":"RCP2.6","period":"2085","key":"HD","value":1.6,"estimate":"q95"},{"bfs_id":3513,"rcp":"RCP8.5","period":"2035","key":"HD","value":0.3,"estimate":"q5"},{"bfs_id":3513,"rcp":"RCP8.5","period":"2035","key":"HD","value":0.9,"estimate":"q50"},{"bfs_id":3513,"rcp":"RCP8.5","period":"2035","key":"HD","value":4.6,"estimate":"q95"},{"bfs_id":3513,"rcp":"RCP8.5","period":"2060","key":"HD","value":1.2,"estimate":"q5"},{"bfs_id":3513,"rcp":"RCP8.5","period":"2060","key":"HD","value":3,"estimate":"q50"},{"bfs_id":3513,"rcp":"RCP8.5","period":"2060","key":"HD","value":11,"estimate":"q95"},{"bfs_id":3513,"rcp":"RCP8.5","period":"2085","key":"HD","value":4.9,"estimate":"q5"},{"bfs_id":3513,"rcp":"RCP8.5","period":"2085","key":"HD","value":11.6,"estimate":"q50"},{"bfs_id":3513,"rcp":"RCP8.5","period":"2085","key":"HD","value":34.9,"estimate":"q95"},{"bfs_id":3513,"rcp":"RCP2.6","period":"2035","key":"ID","value":27,"estimate":"q5"},{"bfs_id":3513,"rcp":"RCP2.6","period":"2035","key":"ID","value":32.1,"estimate":"q50"},{"bfs_id":3513,"rcp":"RCP2.6","period":"2035","key":"ID","value":36.3,"estimate":"q95"},{"bfs_id":3513,"rcp":"RCP2.6","period":"2060","key":"ID","value":26.4,"estimate":"q5"},{"bfs_id":3513,"rcp":"RCP2.6","period":"2060","key":"ID","value":30.2,"estimate":"q50"},{"bfs_id":3513,"rcp":"RCP2.6","period":"2060","key":"ID","value":35,"estimate":"q95"},{"bfs_id":3513,"rcp":"RCP2.6","period":"2085","key":"ID","value":25,"estimate":"q5"},{"bfs_id":3513,"rcp":"RCP2.6","period":"2085","key":"ID","value":31.5,"estimate":"q50"},{"bfs_id":3513,"rcp":"RCP2.6","period":"2085","key":"ID","value":35.4,"estimate":"q95"},{"bfs_id":3513,"rcp":"RCP8.5","period":"2035","key":"ID","value":24.8,"estimate":"q5"},{"bfs_id":3513,"rcp":"RCP8.5","period":"2035","key":"ID","value":29.9,"estimate":"q50"},{"bfs_id":3513,"rcp":"RCP8.5","period":"2035","key":"ID","value":35.1,"estimate":"q95"},{"bfs_id":3513,"rcp":"RCP8.5","period":"2060","key":"ID","value":17.7,"estimate":"q5"},{"bfs_id":3513,"rcp":"RCP8.5","period":"2060","key":"ID","value":23.1,"estimate":"q50"},{"bfs_id":3513,"rcp":"RCP8.5","period":"2060","key":"ID","value":25.6,"estimate":"q95"},{"bfs_id":3513,"rcp":"RCP8.5","period":"2085","key":"ID","value":7.9,"estimate":"q5"},{"bfs_id":3513,"rcp":"RCP8.5","period":"2085","key":"ID","value":12.6,"estimate":"q50"},{"bfs_id":3513,"rcp":"RCP8.5","period":"2085","key":"ID","value":17.6,"estimate":"q95"},{"bfs_id":3513,"rcp":"RCP2.6","period":"2035","key":"SD","value":12,"estimate":"q5"},{"bfs_id":3513,"rcp":"RCP2.6","period":"2035","key":"SD","value":17,"estimate":"q50"},{"bfs_id":3513,"rcp":"RCP2.6","period":"2035","key":"SD","value":23.7,"estimate":"q95"},{"bfs_id":3513,"rcp":"RCP2.6","period":"2060","key":"SD","value":14,"estimate":"q5"},{"bfs_id":3513,"rcp":"RCP2.6","period":"2060","key":"SD","value":18.9,"estimate":"q50"},{"bfs_id":3513,"rcp":"RCP2.6","period":"2060","key":"SD","value":24.1,"estimate":"q95"},{"bfs_id":3513,"rcp":"RCP2.6","period":"2085","key":"SD","value":12.6,"estimate":"q5"},{"bfs_id":3513,"rcp":"RCP2.6","period":"2085","key":"SD","value":18,"estimate":"q50"},{"bfs_id":3513,"rcp":"RCP2.6","period":"2085","key":"SD","value":24,"estimate":"q95"},{"bfs_id":3513,"rcp":"RCP8.5","period":"2035","key":"SD","value":15.8,"estimate":"q5"},{"bfs_id":3513,"rcp":"RCP8.5","period":"2035","key":"SD","value":19.4,"estimate":"q50"},{"bfs_id":3513,"rcp":"RCP8.5","period":"2035","key":"SD","value":29,"estimate":"q95"},{"bfs_id":3513,"rcp":"RCP8.5","period":"2060","key":"SD","value":25.8,"estimate":"q5"},{"bfs_id":3513,"rcp":"RCP8.5","period":"2060","key":"SD","value":34.9,"estimate":"q50"},{"bfs_id":3513,"rcp":"RCP8.5","period":"2060","key":"SD","value":51.3,"estimate":"q95"},{"bfs_id":3513,"rcp":"RCP8.5","period":"2085","key":"SD","value":41.8,"estimate":"q5"},{"bfs_id":3513,"rcp":"RCP8.5","period":"2085","key":"SD","value":57.3,"estimate":"q50"},{"bfs_id":3513,"rcp":"RCP8.5","period":"2085","key":"SD","value":84.4,"estimate":"q95"},{"bfs_id":3513,"rcp":"RCP2.6","period":"2035","key":"snowdays","value":19,"estimate":"q5"},{"bfs_id":3513,"rcp":"RCP2.6","period":"2035","key":"snowdays","value":27.7,"estimate":"q50"},{"bfs_id":3513,"rcp":"RCP2.6","period":"2035","key":"snowdays","value":37.6,"estimate":"q95"},{"bfs_id":3513,"rcp":"RCP2.6","period":"2060","key":"snowdays","value":17.9,"estimate":"q5"},{"bfs_id":3513,"rcp":"RCP2.6","period":"2060","key":"snowdays","value":25.6,"estimate":"q50"},{"bfs_id":3513,"rcp":"RCP2.6","period":"2060","key":"snowdays","value":37.7,"estimate":"q95"},{"bfs_id":3513,"rcp":"RCP2.6","period":"2085","key":"snowdays","value":17.2,"estimate":"q5"},{"bfs_id":3513,"rcp":"RCP2.6","period":"2085","key":"snowdays","value":26.8,"estimate":"q50"},{"bfs_id":3513,"rcp":"RCP2.6","period":"2085","key":"snowdays","value":37.4,"estimate":"q95"},{"bfs_id":3513,"rcp":"RCP8.5","period":"2035","key":"snowdays","value":19,"estimate":"q5"},{"bfs_id":3513,"rcp":"RCP8.5","period":"2035","key":"snowdays","value":26.8,"estimate":"q50"},{"bfs_id":3513,"rcp":"RCP8.5","period":"2035","key":"snowdays","value":34.5,"estimate":"q95"},{"bfs_id":3513,"rcp":"RCP8.5","period":"2060","key":"snowdays","value":15.4,"estimate":"q5"},{"bfs_id":3513,"rcp":"RCP8.5","period":"2060","key":"snowdays","value":21.8,"estimate":"q50"},{"bfs_id":3513,"rcp":"RCP8.5","period":"2060","key":"snowdays","value":30.7,"estimate":"q95"},{"bfs_id":3513,"rcp":"RCP8.5","period":"2085","key":"snowdays","value":10.4,"estimate":"q5"},{"bfs_id":3513,"rcp":"RCP8.5","period":"2085","key":"snowdays","value":15.4,"estimate":"q50"},{"bfs_id":3513,"rcp":"RCP8.5","period":"2085","key":"snowdays","value":24,"estimate":"q95"},{"bfs_id":3513,"rcp":"RCP2.6","period":"2035","key":"TN","value":0,"estimate":"q5"},{"bfs_id":3513,"rcp":"RCP2.6","period":"2035","key":"TN","value":0,"estimate":"q50"},{"bfs_id":3513,"rcp":"RCP2.6","period":"2035","key":"TN","value":0,"estimate":"q95"},{"bfs_id":3513,"rcp":"RCP2.6","period":"2060","key":"TN","value":0,"estimate":"q5"},{"bfs_id":3513,"rcp":"RCP2.6","period":"2060","key":"TN","value":0,"estimate":"q50"},{"bfs_id":3513,"rcp":"RCP2.6","period":"2060","key":"TN","value":0,"estimate":"q95"},{"bfs_id":3513,"rcp":"RCP2.6","period":"2085","key":"TN","value":0,"estimate":"q5"},{"bfs_id":3513,"rcp":"RCP2.6","period":"2085","key":"TN","value":0,"estimate":"q50"},{"bfs_id":3513,"rcp":"RCP2.6","period":"2085","key":"TN","value":0,"estimate":"q95"},{"bfs_id":3513,"rcp":"RCP8.5","period":"2035","key":"TN","value":0,"estimate":"q5"},{"bfs_id":3513,"rcp":"RCP8.5","period":"2035","key":"TN","value":0,"estimate":"q50"},{"bfs_id":3513,"rcp":"RCP8.5","period":"2035","key":"TN","value":0.1,"estimate":"q95"},{"bfs_id":3513,"rcp":"RCP8.5","period":"2060","key":"TN","value":0,"estimate":"q5"},{"bfs_id":3513,"rcp":"RCP8.5","period":"2060","key":"TN","value":0.3,"estimate":"q50"},{"bfs_id":3513,"rcp":"RCP8.5","period":"2060","key":"TN","value":0.7,"estimate":"q95"},{"bfs_id":3513,"rcp":"RCP8.5","period":"2085","key":"TN","value":0.1,"estimate":"q5"},{"bfs_id":3513,"rcp":"RCP8.5","period":"2085","key":"TN","value":1.8,"estimate":"q50"},{"bfs_id":3513,"rcp":"RCP8.5","period":"2085","key":"TN","value":6.1,"estimate":"q95"},{"bfs_id":3513,"rcp":"RCP2.6","period":"2035","key":"pr","value":1.5,"estimate":"q5","season":"DJF"},{"bfs_id":3513,"rcp":"RCP2.6","period":"2035","key":"pr","value":2.1,"estimate":"q5","season":"MAM"},{"bfs_id":3513,"rcp":"RCP2.6","period":"2035","key":"pr","value":3,"estimate":"q5","season":"JJA"},{"bfs_id":3513,"rcp":"RCP2.6","period":"2035","key":"pr","value":2.3,"estimate":"q5","season":"SON"},{"bfs_id":3513,"rcp":"RCP2.6","period":"2035","key":"pr","value":1.9,"estimate":"q50","season":"DJF"},{"bfs_id":3513,"rcp":"RCP2.6","period":"2035","key":"pr","value":2.5,"estimate":"q50","season":"MAM"},{"bfs_id":3513,"rcp":"RCP2.6","period":"2035","key":"pr","value":3.7,"estimate":"q50","season":"JJA"},{"bfs_id":3513,"rcp":"RCP2.6","period":"2035","key":"pr","value":2.8,"estimate":"q50","season":"SON"},{"bfs_id":3513,"rcp":"RCP2.6","period":"2035","key":"pr","value":2.2,"estimate":"q95","season":"DJF"},{"bfs_id":3513,"rcp":"RCP2.6","period":"2035","key":"pr","value":2.8,"estimate":"q95","season":"MAM"},{"bfs_id":3513,"rcp":"RCP2.6","period":"2035","key":"pr","value":4.2,"estimate":"q95","season":"JJA"},{"bfs_id":3513,"rcp":"RCP2.6","period":"2035","key":"pr","value":3.4,"estimate":"q95","season":"SON"},{"bfs_id":3513,"rcp":"RCP2.6","period":"2060","key":"pr","value":1.6,"estimate":"q5","season":"DJF"},{"bfs_id":3513,"rcp":"RCP2.6","period":"2060","key":"pr","value":2.1,"estimate":"q5","season":"MAM"},{"bfs_id":3513,"rcp":"RCP2.6","period":"2060","key":"pr","value":3,"estimate":"q5","season":"JJA"},{"bfs_id":3513,"rcp":"RCP2.6","period":"2060","key":"pr","value":2.3,"estimate":"q5","season":"SON"},{"bfs_id":3513,"rcp":"RCP2.6","period":"2060","key":"pr","value":1.9,"estimate":"q50","season":"DJF"},{"bfs_id":3513,"rcp":"RCP2.6","period":"2060","key":"pr","value":2.4,"estimate":"q50","season":"MAM"},{"bfs_id":3513,"rcp":"RCP2.6","period":"2060","key":"pr","value":3.7,"estimate":"q50","season":"JJA"},{"bfs_id":3513,"rcp":"RCP2.6","period":"2060","key":"pr","value":2.8,"estimate":"q50","season":"SON"},{"bfs_id":3513,"rcp":"RCP2.6","period":"2060","key":"pr","value":2.1,"estimate":"q95","season":"DJF"},{"bfs_id":3513,"rcp":"RCP2.6","period":"2060","key":"pr","value":2.8,"estimate":"q95","season":"MAM"},{"bfs_id":3513,"rcp":"RCP2.6","period":"2060","key":"pr","value":4.3,"estimate":"q95","season":"JJA"},{"bfs_id":3513,"rcp":"RCP2.6","period":"2060","key":"pr","value":3.1,"estimate":"q95","season":"SON"},{"bfs_id":3513,"rcp":"RCP2.6","period":"2085","key":"pr","value":1.6,"estimate":"q5","season":"DJF"},{"bfs_id":3513,"rcp":"RCP2.6","period":"2085","key":"pr","value":2.1,"estimate":"q5","season":"MAM"},{"bfs_id":3513,"rcp":"RCP2.6","period":"2085","key":"pr","value":3,"estimate":"q5","season":"JJA"},{"bfs_id":3513,"rcp":"RCP2.6","period":"2085","key":"pr","value":2.3,"estimate":"q5","season":"SON"},{"bfs_id":3513,"rcp":"RCP2.6","period":"2085","key":"pr","value":1.9,"estimate":"q50","season":"DJF"},{"bfs_id":3513,"rcp":"RCP2.6","period":"2085","key":"pr","value":2.5,"estimate":"q50","season":"MAM"},{"bfs_id":3513,"rcp":"RCP2.6","period":"2085","key":"pr","value":3.7,"estimate":"q50","season":"JJA"},{"bfs_id":3513,"rcp":"RCP2.6","period":"2085","key":"pr","value":2.7,"estimate":"q50","season":"SON"},{"bfs_id":3513,"rcp":"RCP2.6","period":"2085","key":"pr","value":2.2,"estimate":"q95","season":"DJF"},{"bfs_id":3513,"rcp":"RCP2.6","period":"2085","key":"pr","value":2.9,"estimate":"q95","season":"MAM"},{"bfs_id":3513,"rcp":"RCP2.6","period":"2085","key":"pr","value":4.3,"estimate":"q95","season":"JJA"},{"bfs_id":3513,"rcp":"RCP2.6","period":"2085","key":"pr","value":3.2,"estimate":"q95","season":"SON"},{"bfs_id":3513,"rcp":"RCP8.5","period":"2035","key":"pr","value":1.7,"estimate":"q5","season":"DJF"},{"bfs_id":3513,"rcp":"RCP8.5","period":"2035","key":"pr","value":2.2,"estimate":"q5","season":"MAM"},{"bfs_id":3513,"rcp":"RCP8.5","period":"2035","key":"pr","value":3.2,"estimate":"q5","season":"JJA"},{"bfs_id":3513,"rcp":"RCP8.5","period":"2035","key":"pr","value":2.4,"estimate":"q5","season":"SON"},{"bfs_id":3513,"rcp":"RCP8.5","period":"2035","key":"pr","value":1.9,"estimate":"q50","season":"DJF"},{"bfs_id":3513,"rcp":"RCP8.5","period":"2035","key":"pr","value":2.4,"estimate":"q50","season":"MAM"},{"bfs_id":3513,"rcp":"RCP8.5","period":"2035","key":"pr","value":3.7,"estimate":"q50","season":"JJA"},{"bfs_id":3513,"rcp":"RCP8.5","period":"2035","key":"pr","value":2.6,"estimate":"q50","season":"SON"},{"bfs_id":3513,"rcp":"RCP8.5","period":"2035","key":"pr","value":2.2,"estimate":"q95","season":"DJF"},{"bfs_id":3513,"rcp":"RCP8.5","period":"2035","key":"pr","value":2.8,"estimate":"q95","season":"MAM"},{"bfs_id":3513,"rcp":"RCP8.5","period":"2035","key":"pr","value":4.3,"estimate":"q95","season":"JJA"},{"bfs_id":3513,"rcp":"RCP8.5","period":"2035","key":"pr","value":3.1,"estimate":"q95","season":"SON"},{"bfs_id":3513,"rcp":"RCP8.5","period":"2060","key":"pr","value":1.6,"estimate":"q5","season":"DJF"},{"bfs_id":3513,"rcp":"RCP8.5","period":"2060","key":"pr","value":2.3,"estimate":"q5","season":"MAM"},{"bfs_id":3513,"rcp":"RCP8.5","period":"2060","key":"pr","value":2.9,"estimate":"q5","season":"JJA"},{"bfs_id":3513,"rcp":"RCP8.5","period":"2060","key":"pr","value":2.4,"estimate":"q5","season":"SON"},{"bfs_id":3513,"rcp":"RCP8.5","period":"2060","key":"pr","value":2,"estimate":"q50","season":"DJF"},{"bfs_id":3513,"rcp":"RCP8.5","period":"2060","key":"pr","value":2.6,"estimate":"q50","season":"MAM"},{"bfs_id":3513,"rcp":"RCP8.5","period":"2060","key":"pr","value":3.4,"estimate":"q50","season":"JJA"},{"bfs_id":3513,"rcp":"RCP8.5","period":"2060","key":"pr","value":2.7,"estimate":"q50","season":"SON"},{"bfs_id":3513,"rcp":"RCP8.5","period":"2060","key":"pr","value":2.3,"estimate":"q95","season":"DJF"},{"bfs_id":3513,"rcp":"RCP8.5","period":"2060","key":"pr","value":3,"estimate":"q95","season":"MAM"},{"bfs_id":3513,"rcp":"RCP8.5","period":"2060","key":"pr","value":4.5,"estimate":"q95","season":"JJA"},{"bfs_id":3513,"rcp":"RCP8.5","period":"2060","key":"pr","value":3.3,"estimate":"q95","season":"SON"},{"bfs_id":3513,"rcp":"RCP8.5","period":"2085","key":"pr","value":1.8,"estimate":"q5","season":"DJF"},{"bfs_id":3513,"rcp":"RCP8.5","period":"2085","key":"pr","value":2.4,"estimate":"q5","season":"MAM"},{"bfs_id":3513,"rcp":"RCP8.5","period":"2085","key":"pr","value":2.3,"estimate":"q5","season":"JJA"},{"bfs_id":3513,"rcp":"RCP8.5","period":"2085","key":"pr","value":2.4,"estimate":"q5","season":"SON"},{"bfs_id":3513,"rcp":"RCP8.5","period":"2085","key":"pr","value":2.2,"estimate":"q50","season":"DJF"},{"bfs_id":3513,"rcp":"RCP8.5","period":"2085","key":"pr","value":2.8,"estimate":"q50","season":"MAM"},{"bfs_id":3513,"rcp":"RCP8.5","period":"2085","key":"pr","value":3.1,"estimate":"q50","season":"JJA"},{"bfs_id":3513,"rcp":"RCP8.5","period":"2085","key":"pr","value":2.7,"estimate":"q50","season":"SON"},{"bfs_id":3513,"rcp":"RCP8.5","period":"2085","key":"pr","value":2.5,"estimate":"q95","season":"DJF"},{"bfs_id":3513,"rcp":"RCP8.5","period":"2085","key":"pr","value":3.1,"estimate":"q95","season":"MAM"},{"bfs_id":3513,"rcp":"RCP8.5","period":"2085","key":"pr","value":4.6,"estimate":"q95","season":"JJA"},{"bfs_id":3513,"rcp":"RCP8.5","period":"2085","key":"pr","value":3.3,"estimate":"q95","season":"SON"},{"bfs_id":3513,"rcp":"RCP2.6","period":"2035","key":"tas","value":-1.7,"estimate":"q5","season":"DJF"},{"bfs_id":3513,"rcp":"RCP2.6","period":"2035","key":"tas","value":4.7,"estimate":"q5","season":"MAM"},{"bfs_id":3513,"rcp":"RCP2.6","period":"2035","key":"tas","value":14.2,"estimate":"q5","season":"JJA"},{"bfs_id":3513,"rcp":"RCP2.6","period":"2035","key":"tas","value":6.9,"estimate":"q5","season":"SON"},{"bfs_id":3513,"rcp":"RCP2.6","period":"2035","key":"tas","value":-1.2,"estimate":"q50","season":"DJF"},{"bfs_id":3513,"rcp":"RCP2.6","period":"2035","key":"tas","value":5.4,"estimate":"q50","season":"MAM"},{"bfs_id":3513,"rcp":"RCP2.6","period":"2035","key":"tas","value":15.3,"estimate":"q50","season":"JJA"},{"bfs_id":3513,"rcp":"RCP2.6","period":"2035","key":"tas","value":7.5,"estimate":"q50","season":"SON"},{"bfs_id":3513,"rcp":"RCP2.6","period":"2035","key":"tas","value":-0.7,"estimate":"q95","season":"DJF"},{"bfs_id":3513,"rcp":"RCP2.6","period":"2035","key":"tas","value":5.9,"estimate":"q95","season":"MAM"},{"bfs_id":3513,"rcp":"RCP2.6","period":"2035","key":"tas","value":16.4,"estimate":"q95","season":"JJA"},{"bfs_id":3513,"rcp":"RCP2.6","period":"2035","key":"tas","value":8.2,"estimate":"q95","season":"SON"},{"bfs_id":3513,"rcp":"RCP2.6","period":"2060","key":"tas","value":-1.8,"estimate":"q5","season":"DJF"},{"bfs_id":3513,"rcp":"RCP2.6","period":"2060","key":"tas","value":4.7,"estimate":"q5","season":"MAM"},{"bfs_id":3513,"rcp":"RCP2.6","period":"2060","key":"tas","value":14.5,"estimate":"q5","season":"JJA"},{"bfs_id":3513,"rcp":"RCP2.6","period":"2060","key":"tas","value":7.2,"estimate":"q5","season":"SON"},{"bfs_id":3513,"rcp":"RCP2.6","period":"2060","key":"tas","value":-0.9,"estimate":"q50","season":"DJF"},{"bfs_id":3513,"rcp":"RCP2.6","period":"2060","key":"tas","value":5.4,"estimate":"q50","season":"MAM"},{"bfs_id":3513,"rcp":"RCP2.6","period":"2060","key":"tas","value":15.6,"estimate":"q50","season":"JJA"},{"bfs_id":3513,"rcp":"RCP2.6","period":"2060","key":"tas","value":7.6,"estimate":"q50","season":"SON"},{"bfs_id":3513,"rcp":"RCP2.6","period":"2060","key":"tas","value":-0.4,"estimate":"q95","season":"DJF"},{"bfs_id":3513,"rcp":"RCP2.6","period":"2060","key":"tas","value":6,"estimate":"q95","season":"MAM"},{"bfs_id":3513,"rcp":"RCP2.6","period":"2060","key":"tas","value":16.8,"estimate":"q95","season":"JJA"},{"bfs_id":3513,"rcp":"RCP2.6","period":"2060","key":"tas","value":8.6,"estimate":"q95","season":"SON"},{"bfs_id":3513,"rcp":"RCP2.6","period":"2085","key":"tas","value":-1.6,"estimate":"q5","season":"DJF"},{"bfs_id":3513,"rcp":"RCP2.6","period":"2085","key":"tas","value":4.7,"estimate":"q5","season":"MAM"},{"bfs_id":3513,"rcp":"RCP2.6","period":"2085","key":"tas","value":14.5,"estimate":"q5","season":"JJA"},{"bfs_id":3513,"rcp":"RCP2.6","period":"2085","key":"tas","value":6.9,"estimate":"q5","season":"SON"},{"bfs_id":3513,"rcp":"RCP2.6","period":"2085","key":"tas","value":-1,"estimate":"q50","season":"DJF"},{"bfs_id":3513,"rcp":"RCP2.6","period":"2085","key":"tas","value":5.3,"estimate":"q50","season":"MAM"},{"bfs_id":3513,"rcp":"RCP2.6","period":"2085","key":"tas","value":15.5,"estimate":"q50","season":"JJA"},{"bfs_id":3513,"rcp":"RCP2.6","period":"2085","key":"tas","value":7.7,"estimate":"q50","season":"SON"},{"bfs_id":3513,"rcp":"RCP2.6","period":"2085","key":"tas","value":-0.3,"estimate":"q95","season":"DJF"},{"bfs_id":3513,"rcp":"RCP2.6","period":"2085","key":"tas","value":6.1,"estimate":"q95","season":"MAM"},{"bfs_id":3513,"rcp":"RCP2.6","period":"2085","key":"tas","value":16.4,"estimate":"q95","season":"JJA"},{"bfs_id":3513,"rcp":"RCP2.6","period":"2085","key":"tas","value":8.5,"estimate":"q95","season":"SON"},{"bfs_id":3513,"rcp":"RCP8.5","period":"2035","key":"tas","value":-1.6,"estimate":"q5","season":"DJF"},{"bfs_id":3513,"rcp":"RCP8.5","period":"2035","key":"tas","value":5,"estimate":"q5","season":"MAM"},{"bfs_id":3513,"rcp":"RCP8.5","period":"2035","key":"tas","value":14.7,"estimate":"q5","season":"JJA"},{"bfs_id":3513,"rcp":"RCP8.5","period":"2035","key":"tas","value":7.4,"estimate":"q5","season":"SON"},{"bfs_id":3513,"rcp":"RCP8.5","period":"2035","key":"tas","value":-0.8,"estimate":"q50","season":"DJF"},{"bfs_id":3513,"rcp":"RCP8.5","period":"2035","key":"tas","value":5.3,"estimate":"q50","season":"MAM"},{"bfs_id":3513,"rcp":"RCP8.5","period":"2035","key":"tas","value":15.6,"estimate":"q50","season":"JJA"},{"bfs_id":3513,"rcp":"RCP8.5","period":"2035","key":"tas","value":7.8,"estimate":"q50","season":"SON"},{"bfs_id":3513,"rcp":"RCP8.5","period":"2035","key":"tas","value":-0.5,"estimate":"q95","season":"DJF"},{"bfs_id":3513,"rcp":"RCP8.5","period":"2035","key":"tas","value":6,"estimate":"q95","season":"MAM"},{"bfs_id":3513,"rcp":"RCP8.5","period":"2035","key":"tas","value":16.7,"estimate":"q95","season":"JJA"},{"bfs_id":3513,"rcp":"RCP8.5","period":"2035","key":"tas","value":8.5,"estimate":"q95","season":"SON"},{"bfs_id":3513,"rcp":"RCP8.5","period":"2060","key":"tas","value":-0.3,"estimate":"q5","season":"DJF"},{"bfs_id":3513,"rcp":"RCP8.5","period":"2060","key":"tas","value":5.9,"estimate":"q5","season":"MAM"},{"bfs_id":3513,"rcp":"RCP8.5","period":"2060","key":"tas","value":15.9,"estimate":"q5","season":"JJA"},{"bfs_id":3513,"rcp":"RCP8.5","period":"2060","key":"tas","value":8.7,"estimate":"q5","season":"SON"},{"bfs_id":3513,"rcp":"RCP8.5","period":"2060","key":"tas","value":0.1,"estimate":"q50","season":"DJF"},{"bfs_id":3513,"rcp":"RCP8.5","period":"2060","key":"tas","value":6.6,"estimate":"q50","season":"MAM"},{"bfs_id":3513,"rcp":"RCP8.5","period":"2060","key":"tas","value":17.6,"estimate":"q50","season":"JJA"},{"bfs_id":3513,"rcp":"RCP8.5","period":"2060","key":"tas","value":9.4,"estimate":"q50","season":"SON"},{"bfs_id":3513,"rcp":"RCP8.5","period":"2060","key":"tas","value":0.7,"estimate":"q95","season":"DJF"},{"bfs_id":3513,"rcp":"RCP8.5","period":"2060","key":"tas","value":7.6,"estimate":"q95","season":"MAM"},{"bfs_id":3513,"rcp":"RCP8.5","period":"2060","key":"tas","value":19.1,"estimate":"q95","season":"JJA"},{"bfs_id":3513,"rcp":"RCP8.5","period":"2060","key":"tas","value":10.4,"estimate":"q95","season":"SON"},{"bfs_id":3513,"rcp":"RCP8.5","period":"2085","key":"tas","value":0.9,"estimate":"q5","season":"DJF"},{"bfs_id":3513,"rcp":"RCP8.5","period":"2085","key":"tas","value":7.3,"estimate":"q5","season":"MAM"},{"bfs_id":3513,"rcp":"RCP8.5","period":"2085","key":"tas","value":17.7,"estimate":"q5","season":"JJA"},{"bfs_id":3513,"rcp":"RCP8.5","period":"2085","key":"tas","value":10,"estimate":"q5","season":"SON"},{"bfs_id":3513,"rcp":"RCP8.5","period":"2085","key":"tas","value":1.9,"estimate":"q50","season":"DJF"},{"bfs_id":3513,"rcp":"RCP8.5","period":"2085","key":"tas","value":8.3,"estimate":"q50","season":"MAM"},{"bfs_id":3513,"rcp":"RCP8.5","period":"2085","key":"tas","value":19.8,"estimate":"q50","season":"JJA"},{"bfs_id":3513,"rcp":"RCP8.5","period":"2085","key":"tas","value":10.8,"estimate":"q50","season":"SON"},{"bfs_id":3513,"rcp":"RCP8.5","period":"2085","key":"tas","value":2.2,"estimate":"q95","season":"DJF"},{"bfs_id":3513,"rcp":"RCP8.5","period":"2085","key":"tas","value":10.4,"estimate":"q95","season":"MAM"},{"bfs_id":3513,"rcp":"RCP8.5","period":"2085","key":"tas","value":22.1,"estimate":"q95","season":"JJA"},{"bfs_id":3513,"rcp":"RCP8.5","period":"2085","key":"tas","value":12.4,"estimate":"q95","season":"SON"},{"bfs_id":3513,"rcp":"obs","period":"1981-2010","key":"FD","value":144.7,"estimate":"yearly_mean"},{"bfs_id":3513,"rcp":"obs","period":"1981-2010","key":"HD","value":0.1,"estimate":"yearly_mean"},{"bfs_id":3513,"rcp":"obs","period":"1981-2010","key":"ID","value":41.4,"estimate":"yearly_mean"},{"bfs_id":3513,"rcp":"obs","period":"1981-2010","key":"SD","value":8.3,"estimate":"yearly_mean"},{"bfs_id":3513,"rcp":"obs","period":"1981-2010","key":"snowdays","value":38.2,"estimate":"yearly_mean"},{"bfs_id":3513,"rcp":"obs","period":"1981-2010","key":"TN","value":0,"estimate":"yearly_mean"},{"bfs_id":3513,"rcp":"obs","period":"1981-2010","key":"pr","value":1.7,"estimate":"mean","season":"DJF"},{"bfs_id":3513,"rcp":"obs","period":"1981-2010","key":"pr","value":2.2,"estimate":"mean","season":"MAM"},{"bfs_id":3513,"rcp":"obs","period":"1981-2010","key":"pr","value":4,"estimate":"mean","season":"JJA"},{"bfs_id":3513,"rcp":"obs","period":"1981-2010","key":"pr","value":2.6,"estimate":"mean","season":"SON"},{"bfs_id":3513,"rcp":"obs","period":"1981-2010","key":"tas","value":-2.2,"estimate":"mean","season":"DJF"},{"bfs_id":3513,"rcp":"obs","period":"1981-2010","key":"tas","value":4.7,"estimate":"mean","season":"MAM"},{"bfs_id":3513,"rcp":"obs","period":"1981-2010","key":"tas","value":13.4,"estimate":"mean","season":"JJA"},{"bfs_id":3513,"rcp":"obs","period":"1981-2010","key":"tas","value":6.2,"estimate":"mean","season":"SON"}]
