[{"bfs_id":2134,"rcp":"RCP2.6","period":"2035","key":"FD","value":99.8,"estimate":"q5"},{"bfs_id":2134,"rcp":"RCP2.6","period":"2035","key":"FD","value":111.3,"estimate":"q50"},{"bfs_id":2134,"rcp":"RCP2.6","period":"2035","key":"FD","value":119.5,"estimate":"q95"},{"bfs_id":2134,"rcp":"RCP2.6","period":"2060","key":"FD","value":95.6,"estimate":"q5"},{"bfs_id":2134,"rcp":"RCP2.6","period":"2060","key":"FD","value":106.3,"estimate":"q50"},{"bfs_id":2134,"rcp":"RCP2.6","period":"2060","key":"FD","value":121.7,"estimate":"q95"},{"bfs_id":2134,"rcp":"RCP2.6","period":"2085","key":"FD","value":94.4,"estimate":"q5"},{"bfs_id":2134,"rcp":"RCP2.6","period":"2085","key":"FD","value":107.7,"estimate":"q50"},{"bfs_id":2134,"rcp":"RCP2.6","period":"2085","key":"FD","value":119.2,"estimate":"q95"},{"bfs_id":2134,"rcp":"RCP8.5","period":"2035","key":"FD","value":97.8,"estimate":"q5"},{"bfs_id":2134,"rcp":"RCP8.5","period":"2035","key":"FD","value":109.2,"estimate":"q50"},{"bfs_id":2134,"rcp":"RCP8.5","period":"2035","key":"FD","value":116.8,"estimate":"q95"},{"bfs_id":2134,"rcp":"RCP8.5","period":"2060","key":"FD","value":78.3,"estimate":"q5"},{"bfs_id":2134,"rcp":"RCP8.5","period":"2060","key":"FD","value":87.6,"estimate":"q50"},{"bfs_id":2134,"rcp":"RCP8.5","period":"2060","key":"FD","value":97.1,"estimate":"q95"},{"bfs_id":2134,"rcp":"RCP8.5","period":"2085","key":"FD","value":53.9,"estimate":"q5"},{"bfs_id":2134,"rcp":"RCP8.5","period":"2085","key":"FD","value":65.8,"estimate":"q50"},{"bfs_id":2134,"rcp":"RCP8.5","period":"2085","key":"FD","value":74.3,"estimate":"q95"},{"bfs_id":2134,"rcp":"RCP2.6","period":"2035","key":"HD","value":1.1,"estimate":"q5"},{"bfs_id":2134,"rcp":"RCP2.6","period":"2035","key":"HD","value":2,"estimate":"q50"},{"bfs_id":2134,"rcp":"RCP2.6","period":"2035","key":"HD","value":3.9,"estimate":"q95"},{"bfs_id":2134,"rcp":"RCP2.6","period":"2060","key":"HD","value":1.5,"estimate":"q5"},{"bfs_id":2134,"rcp":"RCP2.6","period":"2060","key":"HD","value":2.5,"estimate":"q50"},{"bfs_id":2134,"rcp":"RCP2.6","period":"2060","key":"HD","value":5.6,"estimate":"q95"},{"bfs_id":2134,"rcp":"RCP2.6","period":"2085","key":"HD","value":1.6,"estimate":"q5"},{"bfs_id":2134,"rcp":"RCP2.6","period":"2085","key":"HD","value":2.3,"estimate":"q50"},{"bfs_id":2134,"rcp":"RCP2.6","period":"2085","key":"HD","value":5.2,"estimate":"q95"},{"bfs_id":2134,"rcp":"RCP8.5","period":"2035","key":"HD","value":1.6,"estimate":"q5"},{"bfs_id":2134,"rcp":"RCP8.5","period":"2035","key":"HD","value":3,"estimate":"q50"},{"bfs_id":2134,"rcp":"RCP8.5","period":"2035","key":"HD","value":7.6,"estimate":"q95"},{"bfs_id":2134,"rcp":"RCP8.5","period":"2060","key":"HD","value":3.8,"estimate":"q5"},{"bfs_id":2134,"rcp":"RCP8.5","period":"2060","key":"HD","value":7.1,"estimate":"q50"},{"bfs_id":2134,"rcp":"RCP8.5","period":"2060","key":"HD","value":16.8,"estimate":"q95"},{"bfs_id":2134,"rcp":"RCP8.5","period":"2085","key":"HD","value":10.8,"estimate":"q5"},{"bfs_id":2134,"rcp":"RCP8.5","period":"2085","key":"HD","value":14.3,"estimate":"q50"},{"bfs_id":2134,"rcp":"RCP8.5","period":"2085","key":"HD","value":37.8,"estimate":"q95"},{"bfs_id":2134,"rcp":"RCP2.6","period":"2035","key":"ID","value":18.1,"estimate":"q5"},{"bfs_id":2134,"rcp":"RCP2.6","period":"2035","key":"ID","value":21.6,"estimate":"q50"},{"bfs_id":2134,"rcp":"RCP2.6","period":"2035","key":"ID","value":26.6,"estimate":"q95"},{"bfs_id":2134,"rcp":"RCP2.6","period":"2060","key":"ID","value":17.1,"estimate":"q5"},{"bfs_id":2134,"rcp":"RCP2.6","period":"2060","key":"ID","value":20,"estimate":"q50"},{"bfs_id":2134,"rcp":"RCP2.6","period":"2060","key":"ID","value":25.2,"estimate":"q95"},{"bfs_id":2134,"rcp":"RCP2.6","period":"2085","key":"ID","value":16.3,"estimate":"q5"},{"bfs_id":2134,"rcp":"RCP2.6","period":"2085","key":"ID","value":20.4,"estimate":"q50"},{"bfs_id":2134,"rcp":"RCP2.6","period":"2085","key":"ID","value":25.3,"estimate":"q95"},{"bfs_id":2134,"rcp":"RCP8.5","period":"2035","key":"ID","value":16.3,"estimate":"q5"},{"bfs_id":2134,"rcp":"RCP8.5","period":"2035","key":"ID","value":20.4,"estimate":"q50"},{"bfs_id":2134,"rcp":"RCP8.5","period":"2035","key":"ID","value":24.8,"estimate":"q95"},{"bfs_id":2134,"rcp":"RCP8.5","period":"2060","key":"ID","value":11,"estimate":"q5"},{"bfs_id":2134,"rcp":"RCP8.5","period":"2060","key":"ID","value":15.4,"estimate":"q50"},{"bfs_id":2134,"rcp":"RCP8.5","period":"2060","key":"ID","value":17.4,"estimate":"q95"},{"bfs_id":2134,"rcp":"RCP8.5","period":"2085","key":"ID","value":4.5,"estimate":"q5"},{"bfs_id":2134,"rcp":"RCP8.5","period":"2085","key":"ID","value":7.5,"estimate":"q50"},{"bfs_id":2134,"rcp":"RCP8.5","period":"2085","key":"ID","value":11.9,"estimate":"q95"},{"bfs_id":2134,"rcp":"RCP2.6","period":"2035","key":"SD","value":19,"estimate":"q5"},{"bfs_id":2134,"rcp":"RCP2.6","period":"2035","key":"SD","value":23.2,"estimate":"q50"},{"bfs_id":2134,"rcp":"RCP2.6","period":"2035","key":"SD","value":30.7,"estimate":"q95"},{"bfs_id":2134,"rcp":"RCP2.6","period":"2060","key":"SD","value":20.1,"estimate":"q5"},{"bfs_id":2134,"rcp":"RCP2.6","period":"2060","key":"SD","value":23.9,"estimate":"q50"},{"bfs_id":2134,"rcp":"RCP2.6","period":"2060","key":"SD","value":32.4,"estimate":"q95"},{"bfs_id":2134,"rcp":"RCP2.6","period":"2085","key":"SD","value":19.1,"estimate":"q5"},{"bfs_id":2134,"rcp":"RCP2.6","period":"2085","key":"SD","value":24.2,"estimate":"q50"},{"bfs_id":2134,"rcp":"RCP2.6","period":"2085","key":"SD","value":31.9,"estimate":"q95"},{"bfs_id":2134,"rcp":"RCP8.5","period":"2035","key":"SD","value":20.6,"estimate":"q5"},{"bfs_id":2134,"rcp":"RCP8.5","period":"2035","key":"SD","value":25.9,"estimate":"q50"},{"bfs_id":2134,"rcp":"RCP8.5","period":"2035","key":"SD","value":32.4,"estimate":"q95"},{"bfs_id":2134,"rcp":"RCP8.5","period":"2060","key":"SD","value":30.9,"estimate":"q5"},{"bfs_id":2134,"rcp":"RCP8.5","period":"2060","key":"SD","value":39.8,"estimate":"q50"},{"bfs_id":2134,"rcp":"RCP8.5","period":"2060","key":"SD","value":55.9,"estimate":"q95"},{"bfs_id":2134,"rcp":"RCP8.5","period":"2085","key":"SD","value":50.2,"estimate":"q5"},{"bfs_id":2134,"rcp":"RCP8.5","period":"2085","key":"SD","value":54.6,"estimate":"q50"},{"bfs_id":2134,"rcp":"RCP8.5","period":"2085","key":"SD","value":80.4,"estimate":"q95"},{"bfs_id":2134,"rcp":"RCP2.6","period":"2035","key":"snowdays","value":23.7,"estimate":"q5"},{"bfs_id":2134,"rcp":"RCP2.6","period":"2035","key":"snowdays","value":31.6,"estimate":"q50"},{"bfs_id":2134,"rcp":"RCP2.6","period":"2035","key":"snowdays","value":40.3,"estimate":"q95"},{"bfs_id":2134,"rcp":"RCP2.6","period":"2060","key":"snowdays","value":23,"estimate":"q5"},{"bfs_id":2134,"rcp":"RCP2.6","period":"2060","key":"snowdays","value":29.2,"estimate":"q50"},{"bfs_id":2134,"rcp":"RCP2.6","period":"2060","key":"snowdays","value":39.3,"estimate":"q95"},{"bfs_id":2134,"rcp":"RCP2.6","period":"2085","key":"snowdays","value":23.1,"estimate":"q5"},{"bfs_id":2134,"rcp":"RCP2.6","period":"2085","key":"snowdays","value":30.6,"estimate":"q50"},{"bfs_id":2134,"rcp":"RCP2.6","period":"2085","key":"snowdays","value":40.5,"estimate":"q95"},{"bfs_id":2134,"rcp":"RCP8.5","period":"2035","key":"snowdays","value":22.6,"estimate":"q5"},{"bfs_id":2134,"rcp":"RCP8.5","period":"2035","key":"snowdays","value":31,"estimate":"q50"},{"bfs_id":2134,"rcp":"RCP8.5","period":"2035","key":"snowdays","value":36.4,"estimate":"q95"},{"bfs_id":2134,"rcp":"RCP8.5","period":"2060","key":"snowdays","value":16.6,"estimate":"q5"},{"bfs_id":2134,"rcp":"RCP8.5","period":"2060","key":"snowdays","value":24.3,"estimate":"q50"},{"bfs_id":2134,"rcp":"RCP8.5","period":"2060","key":"snowdays","value":30.5,"estimate":"q95"},{"bfs_id":2134,"rcp":"RCP8.5","period":"2085","key":"snowdays","value":10.4,"estimate":"q5"},{"bfs_id":2134,"rcp":"RCP8.5","period":"2085","key":"snowdays","value":16.7,"estimate":"q50"},{"bfs_id":2134,"rcp":"RCP8.5","period":"2085","key":"snowdays","value":22.6,"estimate":"q95"},{"bfs_id":2134,"rcp":"RCP2.6","period":"2035","key":"TN","value":0,"estimate":"q5"},{"bfs_id":2134,"rcp":"RCP2.6","period":"2035","key":"TN","value":0,"estimate":"q50"},{"bfs_id":2134,"rcp":"RCP2.6","period":"2035","key":"TN","value":0.2,"estimate":"q95"},{"bfs_id":2134,"rcp":"RCP2.6","period":"2060","key":"TN","value":0,"estimate":"q5"},{"bfs_id":2134,"rcp":"RCP2.6","period":"2060","key":"TN","value":0.1,"estimate":"q50"},{"bfs_id":2134,"rcp":"RCP2.6","period":"2060","key":"TN","value":0.4,"estimate":"q95"},{"bfs_id":2134,"rcp":"RCP2.6","period":"2085","key":"TN","value":0,"estimate":"q5"},{"bfs_id":2134,"rcp":"RCP2.6","period":"2085","key":"TN","value":0.1,"estimate":"q50"},{"bfs_id":2134,"rcp":"RCP2.6","period":"2085","key":"TN","value":0.3,"estimate":"q95"},{"bfs_id":2134,"rcp":"RCP8.5","period":"2035","key":"TN","value":0,"estimate":"q5"},{"bfs_id":2134,"rcp":"RCP8.5","period":"2035","key":"TN","value":0.1,"estimate":"q50"},{"bfs_id":2134,"rcp":"RCP8.5","period":"2035","key":"TN","value":0.7,"estimate":"q95"},{"bfs_id":2134,"rcp":"RCP8.5","period":"2060","key":"TN","value":0.1,"estimate":"q5"},{"bfs_id":2134,"rcp":"RCP8.5","period":"2060","key":"TN","value":0.5,"estimate":"q50"},{"bfs_id":2134,"rcp":"RCP8.5","period":"2060","key":"TN","value":2.7,"estimate":"q95"},{"bfs_id":2134,"rcp":"RCP8.5","period":"2085","key":"TN","value":0.8,"estimate":"q5"},{"bfs_id":2134,"rcp":"RCP8.5","period":"2085","key":"TN","value":3.7,"estimate":"q50"},{"bfs_id":2134,"rcp":"RCP8.5","period":"2085","key":"TN","value":12.9,"estimate":"q95"},{"bfs_id":2134,"rcp":"RCP2.6","period":"2035","key":"pr","value":2.7,"estimate":"q5","season":"DJF"},{"bfs_id":2134,"rcp":"RCP2.6","period":"2035","key":"pr","value":3.2,"estimate":"q5","season":"MAM"},{"bfs_id":2134,"rcp":"RCP2.6","period":"2035","key":"pr","value":3.1,"estimate":"q5","season":"JJA"},{"bfs_id":2134,"rcp":"RCP2.6","period":"2035","key":"pr","value":2.8,"estimate":"q5","season":"SON"},{"bfs_id":2134,"rcp":"RCP2.6","period":"2035","key":"pr","value":3.2,"estimate":"q50","season":"DJF"},{"bfs_id":2134,"rcp":"RCP2.6","period":"2035","key":"pr","value":3.6,"estimate":"q50","season":"MAM"},{"bfs_id":2134,"rcp":"RCP2.6","period":"2035","key":"pr","value":3.8,"estimate":"q50","season":"JJA"},{"bfs_id":2134,"rcp":"RCP2.6","period":"2035","key":"pr","value":3.2,"estimate":"q50","season":"SON"},{"bfs_id":2134,"rcp":"RCP2.6","period":"2035","key":"pr","value":3.6,"estimate":"q95","season":"DJF"},{"bfs_id":2134,"rcp":"RCP2.6","period":"2035","key":"pr","value":4.1,"estimate":"q95","season":"MAM"},{"bfs_id":2134,"rcp":"RCP2.6","period":"2035","key":"pr","value":4.5,"estimate":"q95","season":"JJA"},{"bfs_id":2134,"rcp":"RCP2.6","period":"2035","key":"pr","value":3.8,"estimate":"q95","season":"SON"},{"bfs_id":2134,"rcp":"RCP2.6","period":"2060","key":"pr","value":2.8,"estimate":"q5","season":"DJF"},{"bfs_id":2134,"rcp":"RCP2.6","period":"2060","key":"pr","value":3.4,"estimate":"q5","season":"MAM"},{"bfs_id":2134,"rcp":"RCP2.6","period":"2060","key":"pr","value":3.2,"estimate":"q5","season":"JJA"},{"bfs_id":2134,"rcp":"RCP2.6","period":"2060","key":"pr","value":2.9,"estimate":"q5","season":"SON"},{"bfs_id":2134,"rcp":"RCP2.6","period":"2060","key":"pr","value":3.2,"estimate":"q50","season":"DJF"},{"bfs_id":2134,"rcp":"RCP2.6","period":"2060","key":"pr","value":3.6,"estimate":"q50","season":"MAM"},{"bfs_id":2134,"rcp":"RCP2.6","period":"2060","key":"pr","value":3.9,"estimate":"q50","season":"JJA"},{"bfs_id":2134,"rcp":"RCP2.6","period":"2060","key":"pr","value":3.2,"estimate":"q50","season":"SON"},{"bfs_id":2134,"rcp":"RCP2.6","period":"2060","key":"pr","value":3.5,"estimate":"q95","season":"DJF"},{"bfs_id":2134,"rcp":"RCP2.6","period":"2060","key":"pr","value":4,"estimate":"q95","season":"MAM"},{"bfs_id":2134,"rcp":"RCP2.6","period":"2060","key":"pr","value":4.6,"estimate":"q95","season":"JJA"},{"bfs_id":2134,"rcp":"RCP2.6","period":"2060","key":"pr","value":3.7,"estimate":"q95","season":"SON"},{"bfs_id":2134,"rcp":"RCP2.6","period":"2085","key":"pr","value":2.8,"estimate":"q5","season":"DJF"},{"bfs_id":2134,"rcp":"RCP2.6","period":"2085","key":"pr","value":3.3,"estimate":"q5","season":"MAM"},{"bfs_id":2134,"rcp":"RCP2.6","period":"2085","key":"pr","value":3.2,"estimate":"q5","season":"JJA"},{"bfs_id":2134,"rcp":"RCP2.6","period":"2085","key":"pr","value":2.7,"estimate":"q5","season":"SON"},{"bfs_id":2134,"rcp":"RCP2.6","period":"2085","key":"pr","value":3.1,"estimate":"q50","season":"DJF"},{"bfs_id":2134,"rcp":"RCP2.6","period":"2085","key":"pr","value":3.5,"estimate":"q50","season":"MAM"},{"bfs_id":2134,"rcp":"RCP2.6","period":"2085","key":"pr","value":4.1,"estimate":"q50","season":"JJA"},{"bfs_id":2134,"rcp":"RCP2.6","period":"2085","key":"pr","value":3.2,"estimate":"q50","season":"SON"},{"bfs_id":2134,"rcp":"RCP2.6","period":"2085","key":"pr","value":3.6,"estimate":"q95","season":"DJF"},{"bfs_id":2134,"rcp":"RCP2.6","period":"2085","key":"pr","value":4,"estimate":"q95","season":"MAM"},{"bfs_id":2134,"rcp":"RCP2.6","period":"2085","key":"pr","value":4.6,"estimate":"q95","season":"JJA"},{"bfs_id":2134,"rcp":"RCP2.6","period":"2085","key":"pr","value":3.7,"estimate":"q95","season":"SON"},{"bfs_id":2134,"rcp":"RCP8.5","period":"2035","key":"pr","value":2.8,"estimate":"q5","season":"DJF"},{"bfs_id":2134,"rcp":"RCP8.5","period":"2035","key":"pr","value":3.4,"estimate":"q5","season":"MAM"},{"bfs_id":2134,"rcp":"RCP8.5","period":"2035","key":"pr","value":3.1,"estimate":"q5","season":"JJA"},{"bfs_id":2134,"rcp":"RCP8.5","period":"2035","key":"pr","value":2.9,"estimate":"q5","season":"SON"},{"bfs_id":2134,"rcp":"RCP8.5","period":"2035","key":"pr","value":3.4,"estimate":"q50","season":"DJF"},{"bfs_id":2134,"rcp":"RCP8.5","period":"2035","key":"pr","value":3.6,"estimate":"q50","season":"MAM"},{"bfs_id":2134,"rcp":"RCP8.5","period":"2035","key":"pr","value":4,"estimate":"q50","season":"JJA"},{"bfs_id":2134,"rcp":"RCP8.5","period":"2035","key":"pr","value":3.4,"estimate":"q50","season":"SON"},{"bfs_id":2134,"rcp":"RCP8.5","period":"2035","key":"pr","value":3.6,"estimate":"q95","season":"DJF"},{"bfs_id":2134,"rcp":"RCP8.5","period":"2035","key":"pr","value":4.1,"estimate":"q95","season":"MAM"},{"bfs_id":2134,"rcp":"RCP8.5","period":"2035","key":"pr","value":4.5,"estimate":"q95","season":"JJA"},{"bfs_id":2134,"rcp":"RCP8.5","period":"2035","key":"pr","value":3.9,"estimate":"q95","season":"SON"},{"bfs_id":2134,"rcp":"RCP8.5","period":"2060","key":"pr","value":3,"estimate":"q5","season":"DJF"},{"bfs_id":2134,"rcp":"RCP8.5","period":"2060","key":"pr","value":3.4,"estimate":"q5","season":"MAM"},{"bfs_id":2134,"rcp":"RCP8.5","period":"2060","key":"pr","value":2.7,"estimate":"q5","season":"JJA"},{"bfs_id":2134,"rcp":"RCP8.5","period":"2060","key":"pr","value":2.9,"estimate":"q5","season":"SON"},{"bfs_id":2134,"rcp":"RCP8.5","period":"2060","key":"pr","value":3.3,"estimate":"q50","season":"DJF"},{"bfs_id":2134,"rcp":"RCP8.5","period":"2060","key":"pr","value":3.8,"estimate":"q50","season":"MAM"},{"bfs_id":2134,"rcp":"RCP8.5","period":"2060","key":"pr","value":3.7,"estimate":"q50","season":"JJA"},{"bfs_id":2134,"rcp":"RCP8.5","period":"2060","key":"pr","value":3.3,"estimate":"q50","season":"SON"},{"bfs_id":2134,"rcp":"RCP8.5","period":"2060","key":"pr","value":3.6,"estimate":"q95","season":"DJF"},{"bfs_id":2134,"rcp":"RCP8.5","period":"2060","key":"pr","value":4.1,"estimate":"q95","season":"MAM"},{"bfs_id":2134,"rcp":"RCP8.5","period":"2060","key":"pr","value":4.3,"estimate":"q95","season":"JJA"},{"bfs_id":2134,"rcp":"RCP8.5","period":"2060","key":"pr","value":3.7,"estimate":"q95","season":"SON"},{"bfs_id":2134,"rcp":"RCP8.5","period":"2085","key":"pr","value":3.2,"estimate":"q5","season":"DJF"},{"bfs_id":2134,"rcp":"RCP8.5","period":"2085","key":"pr","value":3.5,"estimate":"q5","season":"MAM"},{"bfs_id":2134,"rcp":"RCP8.5","period":"2085","key":"pr","value":2.1,"estimate":"q5","season":"JJA"},{"bfs_id":2134,"rcp":"RCP8.5","period":"2085","key":"pr","value":2.7,"estimate":"q5","season":"SON"},{"bfs_id":2134,"rcp":"RCP8.5","period":"2085","key":"pr","value":3.5,"estimate":"q50","season":"DJF"},{"bfs_id":2134,"rcp":"RCP8.5","period":"2085","key":"pr","value":3.9,"estimate":"q50","season":"MAM"},{"bfs_id":2134,"rcp":"RCP8.5","period":"2085","key":"pr","value":3.1,"estimate":"q50","season":"JJA"},{"bfs_id":2134,"rcp":"RCP8.5","period":"2085","key":"pr","value":3.1,"estimate":"q50","season":"SON"},{"bfs_id":2134,"rcp":"RCP8.5","period":"2085","key":"pr","value":4.2,"estimate":"q95","season":"DJF"},{"bfs_id":2134,"rcp":"RCP8.5","period":"2085","key":"pr","value":4.2,"estimate":"q95","season":"MAM"},{"bfs_id":2134,"rcp":"RCP8.5","period":"2085","key":"pr","value":3.8,"estimate":"q95","season":"JJA"},{"bfs_id":2134,"rcp":"RCP8.5","period":"2085","key":"pr","value":3.8,"estimate":"q95","season":"SON"},{"bfs_id":2134,"rcp":"RCP2.6","period":"2035","key":"tas","value":-0.5,"estimate":"q5","season":"DJF"},{"bfs_id":2134,"rcp":"RCP2.6","period":"2035","key":"tas","value":6,"estimate":"q5","season":"MAM"},{"bfs_id":2134,"rcp":"RCP2.6","period":"2035","key":"tas","value":15.3,"estimate":"q5","season":"JJA"},{"bfs_id":2134,"rcp":"RCP2.6","period":"2035","key":"tas","value":8,"estimate":"q5","season":"SON"},{"bfs_id":2134,"rcp":"RCP2.6","period":"2035","key":"tas","value":0,"estimate":"q50","season":"DJF"},{"bfs_id":2134,"rcp":"RCP2.6","period":"2035","key":"tas","value":6.8,"estimate":"q50","season":"MAM"},{"bfs_id":2134,"rcp":"RCP2.6","period":"2035","key":"tas","value":16.1,"estimate":"q50","season":"JJA"},{"bfs_id":2134,"rcp":"RCP2.6","period":"2035","key":"tas","value":8.4,"estimate":"q50","season":"SON"},{"bfs_id":2134,"rcp":"RCP2.6","period":"2035","key":"tas","value":0.6,"estimate":"q95","season":"DJF"},{"bfs_id":2134,"rcp":"RCP2.6","period":"2035","key":"tas","value":7.1,"estimate":"q95","season":"MAM"},{"bfs_id":2134,"rcp":"RCP2.6","period":"2035","key":"tas","value":16.8,"estimate":"q95","season":"JJA"},{"bfs_id":2134,"rcp":"RCP2.6","period":"2035","key":"tas","value":9.2,"estimate":"q95","season":"SON"},{"bfs_id":2134,"rcp":"RCP2.6","period":"2060","key":"tas","value":-0.3,"estimate":"q5","season":"DJF"},{"bfs_id":2134,"rcp":"RCP2.6","period":"2060","key":"tas","value":6,"estimate":"q5","season":"MAM"},{"bfs_id":2134,"rcp":"RCP2.6","period":"2060","key":"tas","value":15.6,"estimate":"q5","season":"JJA"},{"bfs_id":2134,"rcp":"RCP2.6","period":"2060","key":"tas","value":8.3,"estimate":"q5","season":"SON"},{"bfs_id":2134,"rcp":"RCP2.6","period":"2060","key":"tas","value":0.4,"estimate":"q50","season":"DJF"},{"bfs_id":2134,"rcp":"RCP2.6","period":"2060","key":"tas","value":6.7,"estimate":"q50","season":"MAM"},{"bfs_id":2134,"rcp":"RCP2.6","period":"2060","key":"tas","value":16.2,"estimate":"q50","season":"JJA"},{"bfs_id":2134,"rcp":"RCP2.6","period":"2060","key":"tas","value":8.7,"estimate":"q50","season":"SON"},{"bfs_id":2134,"rcp":"RCP2.6","period":"2060","key":"tas","value":0.9,"estimate":"q95","season":"DJF"},{"bfs_id":2134,"rcp":"RCP2.6","period":"2060","key":"tas","value":7.4,"estimate":"q95","season":"MAM"},{"bfs_id":2134,"rcp":"RCP2.6","period":"2060","key":"tas","value":16.8,"estimate":"q95","season":"JJA"},{"bfs_id":2134,"rcp":"RCP2.6","period":"2060","key":"tas","value":9.5,"estimate":"q95","season":"SON"},{"bfs_id":2134,"rcp":"RCP2.6","period":"2085","key":"tas","value":-0.3,"estimate":"q5","season":"DJF"},{"bfs_id":2134,"rcp":"RCP2.6","period":"2085","key":"tas","value":6.1,"estimate":"q5","season":"MAM"},{"bfs_id":2134,"rcp":"RCP2.6","period":"2085","key":"tas","value":15.5,"estimate":"q5","season":"JJA"},{"bfs_id":2134,"rcp":"RCP2.6","period":"2085","key":"tas","value":8,"estimate":"q5","season":"SON"},{"bfs_id":2134,"rcp":"RCP2.6","period":"2085","key":"tas","value":0.4,"estimate":"q50","season":"DJF"},{"bfs_id":2134,"rcp":"RCP2.6","period":"2085","key":"tas","value":6.8,"estimate":"q50","season":"MAM"},{"bfs_id":2134,"rcp":"RCP2.6","period":"2085","key":"tas","value":16.2,"estimate":"q50","season":"JJA"},{"bfs_id":2134,"rcp":"RCP2.6","period":"2085","key":"tas","value":8.7,"estimate":"q50","season":"SON"},{"bfs_id":2134,"rcp":"RCP2.6","period":"2085","key":"tas","value":1,"estimate":"q95","season":"DJF"},{"bfs_id":2134,"rcp":"RCP2.6","period":"2085","key":"tas","value":7.3,"estimate":"q95","season":"MAM"},{"bfs_id":2134,"rcp":"RCP2.6","period":"2085","key":"tas","value":16.8,"estimate":"q95","season":"JJA"},{"bfs_id":2134,"rcp":"RCP2.6","period":"2085","key":"tas","value":9.5,"estimate":"q95","season":"SON"},{"bfs_id":2134,"rcp":"RCP8.5","period":"2035","key":"tas","value":-0.1,"estimate":"q5","season":"DJF"},{"bfs_id":2134,"rcp":"RCP8.5","period":"2035","key":"tas","value":6.4,"estimate":"q5","season":"MAM"},{"bfs_id":2134,"rcp":"RCP8.5","period":"2035","key":"tas","value":15.7,"estimate":"q5","season":"JJA"},{"bfs_id":2134,"rcp":"RCP8.5","period":"2035","key":"tas","value":8.3,"estimate":"q5","season":"SON"},{"bfs_id":2134,"rcp":"RCP8.5","period":"2035","key":"tas","value":0.5,"estimate":"q50","season":"DJF"},{"bfs_id":2134,"rcp":"RCP8.5","period":"2035","key":"tas","value":6.8,"estimate":"q50","season":"MAM"},{"bfs_id":2134,"rcp":"RCP8.5","period":"2035","key":"tas","value":16.4,"estimate":"q50","season":"JJA"},{"bfs_id":2134,"rcp":"RCP8.5","period":"2035","key":"tas","value":8.7,"estimate":"q50","season":"SON"},{"bfs_id":2134,"rcp":"RCP8.5","period":"2035","key":"tas","value":0.9,"estimate":"q95","season":"DJF"},{"bfs_id":2134,"rcp":"RCP8.5","period":"2035","key":"tas","value":7.4,"estimate":"q95","season":"MAM"},{"bfs_id":2134,"rcp":"RCP8.5","period":"2035","key":"tas","value":17,"estimate":"q95","season":"JJA"},{"bfs_id":2134,"rcp":"RCP8.5","period":"2035","key":"tas","value":9.5,"estimate":"q95","season":"SON"},{"bfs_id":2134,"rcp":"RCP8.5","period":"2060","key":"tas","value":1,"estimate":"q5","season":"DJF"},{"bfs_id":2134,"rcp":"RCP8.5","period":"2060","key":"tas","value":7.3,"estimate":"q5","season":"MAM"},{"bfs_id":2134,"rcp":"RCP8.5","period":"2060","key":"tas","value":16.9,"estimate":"q5","season":"JJA"},{"bfs_id":2134,"rcp":"RCP8.5","period":"2060","key":"tas","value":9.5,"estimate":"q5","season":"SON"},{"bfs_id":2134,"rcp":"RCP8.5","period":"2060","key":"tas","value":1.3,"estimate":"q50","season":"DJF"},{"bfs_id":2134,"rcp":"RCP8.5","period":"2060","key":"tas","value":7.9,"estimate":"q50","season":"MAM"},{"bfs_id":2134,"rcp":"RCP8.5","period":"2060","key":"tas","value":17.6,"estimate":"q50","season":"JJA"},{"bfs_id":2134,"rcp":"RCP8.5","period":"2060","key":"tas","value":10.1,"estimate":"q50","season":"SON"},{"bfs_id":2134,"rcp":"RCP8.5","period":"2060","key":"tas","value":1.9,"estimate":"q95","season":"DJF"},{"bfs_id":2134,"rcp":"RCP8.5","period":"2060","key":"tas","value":9.1,"estimate":"q95","season":"MAM"},{"bfs_id":2134,"rcp":"RCP8.5","period":"2060","key":"tas","value":18.8,"estimate":"q95","season":"JJA"},{"bfs_id":2134,"rcp":"RCP8.5","period":"2060","key":"tas","value":10.9,"estimate":"q95","season":"SON"},{"bfs_id":2134,"rcp":"RCP8.5","period":"2085","key":"tas","value":2.1,"estimate":"q5","season":"DJF"},{"bfs_id":2134,"rcp":"RCP8.5","period":"2085","key":"tas","value":8.5,"estimate":"q5","season":"MAM"},{"bfs_id":2134,"rcp":"RCP8.5","period":"2085","key":"tas","value":18.4,"estimate":"q5","season":"JJA"},{"bfs_id":2134,"rcp":"RCP8.5","period":"2085","key":"tas","value":10.6,"estimate":"q5","season":"SON"},{"bfs_id":2134,"rcp":"RCP8.5","period":"2085","key":"tas","value":3.3,"estimate":"q50","season":"DJF"},{"bfs_id":2134,"rcp":"RCP8.5","period":"2085","key":"tas","value":9.4,"estimate":"q50","season":"MAM"},{"bfs_id":2134,"rcp":"RCP8.5","period":"2085","key":"tas","value":19.1,"estimate":"q50","season":"JJA"},{"bfs_id":2134,"rcp":"RCP8.5","period":"2085","key":"tas","value":11.5,"estimate":"q50","season":"SON"},{"bfs_id":2134,"rcp":"RCP8.5","period":"2085","key":"tas","value":4,"estimate":"q95","season":"DJF"},{"bfs_id":2134,"rcp":"RCP8.5","period":"2085","key":"tas","value":11.2,"estimate":"q95","season":"MAM"},{"bfs_id":2134,"rcp":"RCP8.5","period":"2085","key":"tas","value":21.1,"estimate":"q95","season":"JJA"},{"bfs_id":2134,"rcp":"RCP8.5","period":"2085","key":"tas","value":13,"estimate":"q95","season":"SON"},{"bfs_id":2134,"rcp":"obs","period":"1981-2010","key":"FD","value":127.5,"estimate":"yearly_mean"},{"bfs_id":2134,"rcp":"obs","period":"1981-2010","key":"HD","value":0.6,"estimate":"yearly_mean"},{"bfs_id":2134,"rcp":"obs","period":"1981-2010","key":"ID","value":29.9,"estimate":"yearly_mean"},{"bfs_id":2134,"rcp":"obs","period":"1981-2010","key":"SD","value":13.6,"estimate":"yearly_mean"},{"bfs_id":2134,"rcp":"obs","period":"1981-2010","key":"snowdays","value":37.2,"estimate":"yearly_mean"},{"bfs_id":2134,"rcp":"obs","period":"1981-2010","key":"TN","value":0,"estimate":"yearly_mean"},{"bfs_id":2134,"rcp":"obs","period":"1981-2010","key":"pr","value":2.8,"estimate":"mean","season":"DJF"},{"bfs_id":2134,"rcp":"obs","period":"1981-2010","key":"pr","value":3.5,"estimate":"mean","season":"MAM"},{"bfs_id":2134,"rcp":"obs","period":"1981-2010","key":"pr","value":4.6,"estimate":"mean","season":"JJA"},{"bfs_id":2134,"rcp":"obs","period":"1981-2010","key":"pr","value":3.3,"estimate":"mean","season":"SON"},{"bfs_id":2134,"rcp":"obs","period":"1981-2010","key":"tas","value":-1,"estimate":"mean","season":"DJF"},{"bfs_id":2134,"rcp":"obs","period":"1981-2010","key":"tas","value":6,"estimate":"mean","season":"MAM"},{"bfs_id":2134,"rcp":"obs","period":"1981-2010","key":"tas","value":14.7,"estimate":"mean","season":"JJA"},{"bfs_id":2134,"rcp":"obs","period":"1981-2010","key":"tas","value":7.3,"estimate":"mean","season":"SON"}]
