[{"bfs_id":627,"rcp":"RCP2.6","period":"2035","key":"FD","value":80,"estimate":"q5"},{"bfs_id":627,"rcp":"RCP2.6","period":"2035","key":"FD","value":92.4,"estimate":"q50"},{"bfs_id":627,"rcp":"RCP2.6","period":"2035","key":"FD","value":100.1,"estimate":"q95"},{"bfs_id":627,"rcp":"RCP2.6","period":"2060","key":"FD","value":78.4,"estimate":"q5"},{"bfs_id":627,"rcp":"RCP2.6","period":"2060","key":"FD","value":88.9,"estimate":"q50"},{"bfs_id":627,"rcp":"RCP2.6","period":"2060","key":"FD","value":96.9,"estimate":"q95"},{"bfs_id":627,"rcp":"RCP2.6","period":"2085","key":"FD","value":76.6,"estimate":"q5"},{"bfs_id":627,"rcp":"RCP2.6","period":"2085","key":"FD","value":89.4,"estimate":"q50"},{"bfs_id":627,"rcp":"RCP2.6","period":"2085","key":"FD","value":98.3,"estimate":"q95"},{"bfs_id":627,"rcp":"RCP8.5","period":"2035","key":"FD","value":78.3,"estimate":"q5"},{"bfs_id":627,"rcp":"RCP8.5","period":"2035","key":"FD","value":88.4,"estimate":"q50"},{"bfs_id":627,"rcp":"RCP8.5","period":"2035","key":"FD","value":97.3,"estimate":"q95"},{"bfs_id":627,"rcp":"RCP8.5","period":"2060","key":"FD","value":63.9,"estimate":"q5"},{"bfs_id":627,"rcp":"RCP8.5","period":"2060","key":"FD","value":71.6,"estimate":"q50"},{"bfs_id":627,"rcp":"RCP8.5","period":"2060","key":"FD","value":81,"estimate":"q95"},{"bfs_id":627,"rcp":"RCP8.5","period":"2085","key":"FD","value":41.8,"estimate":"q5"},{"bfs_id":627,"rcp":"RCP8.5","period":"2085","key":"FD","value":49.9,"estimate":"q50"},{"bfs_id":627,"rcp":"RCP8.5","period":"2085","key":"FD","value":61.8,"estimate":"q95"},{"bfs_id":627,"rcp":"RCP2.6","period":"2035","key":"HD","value":6.7,"estimate":"q5"},{"bfs_id":627,"rcp":"RCP2.6","period":"2035","key":"HD","value":9.4,"estimate":"q50"},{"bfs_id":627,"rcp":"RCP2.6","period":"2035","key":"HD","value":14.9,"estimate":"q95"},{"bfs_id":627,"rcp":"RCP2.6","period":"2060","key":"HD","value":7.5,"estimate":"q5"},{"bfs_id":627,"rcp":"RCP2.6","period":"2060","key":"HD","value":10.1,"estimate":"q50"},{"bfs_id":627,"rcp":"RCP2.6","period":"2060","key":"HD","value":17.7,"estimate":"q95"},{"bfs_id":627,"rcp":"RCP2.6","period":"2085","key":"HD","value":7.3,"estimate":"q5"},{"bfs_id":627,"rcp":"RCP2.6","period":"2085","key":"HD","value":9.1,"estimate":"q50"},{"bfs_id":627,"rcp":"RCP2.6","period":"2085","key":"HD","value":17,"estimate":"q95"},{"bfs_id":627,"rcp":"RCP8.5","period":"2035","key":"HD","value":7.9,"estimate":"q5"},{"bfs_id":627,"rcp":"RCP8.5","period":"2035","key":"HD","value":9.8,"estimate":"q50"},{"bfs_id":627,"rcp":"RCP8.5","period":"2035","key":"HD","value":15.3,"estimate":"q95"},{"bfs_id":627,"rcp":"RCP8.5","period":"2060","key":"HD","value":12.9,"estimate":"q5"},{"bfs_id":627,"rcp":"RCP8.5","period":"2060","key":"HD","value":20,"estimate":"q50"},{"bfs_id":627,"rcp":"RCP8.5","period":"2060","key":"HD","value":31.9,"estimate":"q95"},{"bfs_id":627,"rcp":"RCP8.5","period":"2085","key":"HD","value":26.3,"estimate":"q5"},{"bfs_id":627,"rcp":"RCP8.5","period":"2085","key":"HD","value":31.4,"estimate":"q50"},{"bfs_id":627,"rcp":"RCP8.5","period":"2085","key":"HD","value":56.4,"estimate":"q95"},{"bfs_id":627,"rcp":"RCP2.6","period":"2035","key":"ID","value":14.1,"estimate":"q5"},{"bfs_id":627,"rcp":"RCP2.6","period":"2035","key":"ID","value":17.7,"estimate":"q50"},{"bfs_id":627,"rcp":"RCP2.6","period":"2035","key":"ID","value":20.4,"estimate":"q95"},{"bfs_id":627,"rcp":"RCP2.6","period":"2060","key":"ID","value":13.2,"estimate":"q5"},{"bfs_id":627,"rcp":"RCP2.6","period":"2060","key":"ID","value":17.1,"estimate":"q50"},{"bfs_id":627,"rcp":"RCP2.6","period":"2060","key":"ID","value":19.5,"estimate":"q95"},{"bfs_id":627,"rcp":"RCP2.6","period":"2085","key":"ID","value":13.1,"estimate":"q5"},{"bfs_id":627,"rcp":"RCP2.6","period":"2085","key":"ID","value":16.6,"estimate":"q50"},{"bfs_id":627,"rcp":"RCP2.6","period":"2085","key":"ID","value":20.1,"estimate":"q95"},{"bfs_id":627,"rcp":"RCP8.5","period":"2035","key":"ID","value":13.4,"estimate":"q5"},{"bfs_id":627,"rcp":"RCP8.5","period":"2035","key":"ID","value":16.4,"estimate":"q50"},{"bfs_id":627,"rcp":"RCP8.5","period":"2035","key":"ID","value":20,"estimate":"q95"},{"bfs_id":627,"rcp":"RCP8.5","period":"2060","key":"ID","value":9.6,"estimate":"q5"},{"bfs_id":627,"rcp":"RCP8.5","period":"2060","key":"ID","value":12.2,"estimate":"q50"},{"bfs_id":627,"rcp":"RCP8.5","period":"2060","key":"ID","value":14,"estimate":"q95"},{"bfs_id":627,"rcp":"RCP8.5","period":"2085","key":"ID","value":3.5,"estimate":"q5"},{"bfs_id":627,"rcp":"RCP8.5","period":"2085","key":"ID","value":5.6,"estimate":"q50"},{"bfs_id":627,"rcp":"RCP8.5","period":"2085","key":"ID","value":8.5,"estimate":"q95"},{"bfs_id":627,"rcp":"RCP2.6","period":"2035","key":"SD","value":44.3,"estimate":"q5"},{"bfs_id":627,"rcp":"RCP2.6","period":"2035","key":"SD","value":49.6,"estimate":"q50"},{"bfs_id":627,"rcp":"RCP2.6","period":"2035","key":"SD","value":58.7,"estimate":"q95"},{"bfs_id":627,"rcp":"RCP2.6","period":"2060","key":"SD","value":44.8,"estimate":"q5"},{"bfs_id":627,"rcp":"RCP2.6","period":"2060","key":"SD","value":51.1,"estimate":"q50"},{"bfs_id":627,"rcp":"RCP2.6","period":"2060","key":"SD","value":59.1,"estimate":"q95"},{"bfs_id":627,"rcp":"RCP2.6","period":"2085","key":"SD","value":44.9,"estimate":"q5"},{"bfs_id":627,"rcp":"RCP2.6","period":"2085","key":"SD","value":51.7,"estimate":"q50"},{"bfs_id":627,"rcp":"RCP2.6","period":"2085","key":"SD","value":58.6,"estimate":"q95"},{"bfs_id":627,"rcp":"RCP8.5","period":"2035","key":"SD","value":47.1,"estimate":"q5"},{"bfs_id":627,"rcp":"RCP8.5","period":"2035","key":"SD","value":51.9,"estimate":"q50"},{"bfs_id":627,"rcp":"RCP8.5","period":"2035","key":"SD","value":59.6,"estimate":"q95"},{"bfs_id":627,"rcp":"RCP8.5","period":"2060","key":"SD","value":61.7,"estimate":"q5"},{"bfs_id":627,"rcp":"RCP8.5","period":"2060","key":"SD","value":68.8,"estimate":"q50"},{"bfs_id":627,"rcp":"RCP8.5","period":"2060","key":"SD","value":83.4,"estimate":"q95"},{"bfs_id":627,"rcp":"RCP8.5","period":"2085","key":"SD","value":77.8,"estimate":"q5"},{"bfs_id":627,"rcp":"RCP8.5","period":"2085","key":"SD","value":90.1,"estimate":"q50"},{"bfs_id":627,"rcp":"RCP8.5","period":"2085","key":"SD","value":110.7,"estimate":"q95"},{"bfs_id":627,"rcp":"RCP2.6","period":"2035","key":"snowdays","value":17.6,"estimate":"q5"},{"bfs_id":627,"rcp":"RCP2.6","period":"2035","key":"snowdays","value":23.8,"estimate":"q50"},{"bfs_id":627,"rcp":"RCP2.6","period":"2035","key":"snowdays","value":28.6,"estimate":"q95"},{"bfs_id":627,"rcp":"RCP2.6","period":"2060","key":"snowdays","value":16.9,"estimate":"q5"},{"bfs_id":627,"rcp":"RCP2.6","period":"2060","key":"snowdays","value":21.9,"estimate":"q50"},{"bfs_id":627,"rcp":"RCP2.6","period":"2060","key":"snowdays","value":27.5,"estimate":"q95"},{"bfs_id":627,"rcp":"RCP2.6","period":"2085","key":"snowdays","value":17.2,"estimate":"q5"},{"bfs_id":627,"rcp":"RCP2.6","period":"2085","key":"snowdays","value":22.7,"estimate":"q50"},{"bfs_id":627,"rcp":"RCP2.6","period":"2085","key":"snowdays","value":28,"estimate":"q95"},{"bfs_id":627,"rcp":"RCP8.5","period":"2035","key":"snowdays","value":14.7,"estimate":"q5"},{"bfs_id":627,"rcp":"RCP8.5","period":"2035","key":"snowdays","value":21.7,"estimate":"q50"},{"bfs_id":627,"rcp":"RCP8.5","period":"2035","key":"snowdays","value":26.7,"estimate":"q95"},{"bfs_id":627,"rcp":"RCP8.5","period":"2060","key":"snowdays","value":11.9,"estimate":"q5"},{"bfs_id":627,"rcp":"RCP8.5","period":"2060","key":"snowdays","value":17.6,"estimate":"q50"},{"bfs_id":627,"rcp":"RCP8.5","period":"2060","key":"snowdays","value":20.7,"estimate":"q95"},{"bfs_id":627,"rcp":"RCP8.5","period":"2085","key":"snowdays","value":6.2,"estimate":"q5"},{"bfs_id":627,"rcp":"RCP8.5","period":"2085","key":"snowdays","value":10.9,"estimate":"q50"},{"bfs_id":627,"rcp":"RCP8.5","period":"2085","key":"snowdays","value":15.1,"estimate":"q95"},{"bfs_id":627,"rcp":"RCP2.6","period":"2035","key":"TN","value":0,"estimate":"q5"},{"bfs_id":627,"rcp":"RCP2.6","period":"2035","key":"TN","value":0.1,"estimate":"q50"},{"bfs_id":627,"rcp":"RCP2.6","period":"2035","key":"TN","value":0.5,"estimate":"q95"},{"bfs_id":627,"rcp":"RCP2.6","period":"2060","key":"TN","value":0,"estimate":"q5"},{"bfs_id":627,"rcp":"RCP2.6","period":"2060","key":"TN","value":0.2,"estimate":"q50"},{"bfs_id":627,"rcp":"RCP2.6","period":"2060","key":"TN","value":0.7,"estimate":"q95"},{"bfs_id":627,"rcp":"RCP2.6","period":"2085","key":"TN","value":0,"estimate":"q5"},{"bfs_id":627,"rcp":"RCP2.6","period":"2085","key":"TN","value":0.2,"estimate":"q50"},{"bfs_id":627,"rcp":"RCP2.6","period":"2085","key":"TN","value":0.6,"estimate":"q95"},{"bfs_id":627,"rcp":"RCP8.5","period":"2035","key":"TN","value":0,"estimate":"q5"},{"bfs_id":627,"rcp":"RCP8.5","period":"2035","key":"TN","value":0.1,"estimate":"q50"},{"bfs_id":627,"rcp":"RCP8.5","period":"2035","key":"TN","value":1.1,"estimate":"q95"},{"bfs_id":627,"rcp":"RCP8.5","period":"2060","key":"TN","value":0.2,"estimate":"q5"},{"bfs_id":627,"rcp":"RCP8.5","period":"2060","key":"TN","value":1.2,"estimate":"q50"},{"bfs_id":627,"rcp":"RCP8.5","period":"2060","key":"TN","value":3.5,"estimate":"q95"},{"bfs_id":627,"rcp":"RCP8.5","period":"2085","key":"TN","value":2.2,"estimate":"q5"},{"bfs_id":627,"rcp":"RCP8.5","period":"2085","key":"TN","value":5.4,"estimate":"q50"},{"bfs_id":627,"rcp":"RCP8.5","period":"2085","key":"TN","value":17.1,"estimate":"q95"},{"bfs_id":627,"rcp":"RCP2.6","period":"2035","key":"pr","value":2.4,"estimate":"q5","season":"DJF"},{"bfs_id":627,"rcp":"RCP2.6","period":"2035","key":"pr","value":3.1,"estimate":"q5","season":"MAM"},{"bfs_id":627,"rcp":"RCP2.6","period":"2035","key":"pr","value":3.2,"estimate":"q5","season":"JJA"},{"bfs_id":627,"rcp":"RCP2.6","period":"2035","key":"pr","value":2.7,"estimate":"q5","season":"SON"},{"bfs_id":627,"rcp":"RCP2.6","period":"2035","key":"pr","value":2.9,"estimate":"q50","season":"DJF"},{"bfs_id":627,"rcp":"RCP2.6","period":"2035","key":"pr","value":3.5,"estimate":"q50","season":"MAM"},{"bfs_id":627,"rcp":"RCP2.6","period":"2035","key":"pr","value":3.9,"estimate":"q50","season":"JJA"},{"bfs_id":627,"rcp":"RCP2.6","period":"2035","key":"pr","value":2.9,"estimate":"q50","season":"SON"},{"bfs_id":627,"rcp":"RCP2.6","period":"2035","key":"pr","value":3.2,"estimate":"q95","season":"DJF"},{"bfs_id":627,"rcp":"RCP2.6","period":"2035","key":"pr","value":3.8,"estimate":"q95","season":"MAM"},{"bfs_id":627,"rcp":"RCP2.6","period":"2035","key":"pr","value":4.4,"estimate":"q95","season":"JJA"},{"bfs_id":627,"rcp":"RCP2.6","period":"2035","key":"pr","value":3.6,"estimate":"q95","season":"SON"},{"bfs_id":627,"rcp":"RCP2.6","period":"2060","key":"pr","value":2.5,"estimate":"q5","season":"DJF"},{"bfs_id":627,"rcp":"RCP2.6","period":"2060","key":"pr","value":3.2,"estimate":"q5","season":"MAM"},{"bfs_id":627,"rcp":"RCP2.6","period":"2060","key":"pr","value":3,"estimate":"q5","season":"JJA"},{"bfs_id":627,"rcp":"RCP2.6","period":"2060","key":"pr","value":2.7,"estimate":"q5","season":"SON"},{"bfs_id":627,"rcp":"RCP2.6","period":"2060","key":"pr","value":2.8,"estimate":"q50","season":"DJF"},{"bfs_id":627,"rcp":"RCP2.6","period":"2060","key":"pr","value":3.4,"estimate":"q50","season":"MAM"},{"bfs_id":627,"rcp":"RCP2.6","period":"2060","key":"pr","value":3.8,"estimate":"q50","season":"JJA"},{"bfs_id":627,"rcp":"RCP2.6","period":"2060","key":"pr","value":3,"estimate":"q50","season":"SON"},{"bfs_id":627,"rcp":"RCP2.6","period":"2060","key":"pr","value":3.1,"estimate":"q95","season":"DJF"},{"bfs_id":627,"rcp":"RCP2.6","period":"2060","key":"pr","value":3.8,"estimate":"q95","season":"MAM"},{"bfs_id":627,"rcp":"RCP2.6","period":"2060","key":"pr","value":4.5,"estimate":"q95","season":"JJA"},{"bfs_id":627,"rcp":"RCP2.6","period":"2060","key":"pr","value":3.4,"estimate":"q95","season":"SON"},{"bfs_id":627,"rcp":"RCP2.6","period":"2085","key":"pr","value":2.4,"estimate":"q5","season":"DJF"},{"bfs_id":627,"rcp":"RCP2.6","period":"2085","key":"pr","value":3.2,"estimate":"q5","season":"MAM"},{"bfs_id":627,"rcp":"RCP2.6","period":"2085","key":"pr","value":3.1,"estimate":"q5","season":"JJA"},{"bfs_id":627,"rcp":"RCP2.6","period":"2085","key":"pr","value":2.6,"estimate":"q5","season":"SON"},{"bfs_id":627,"rcp":"RCP2.6","period":"2085","key":"pr","value":2.7,"estimate":"q50","season":"DJF"},{"bfs_id":627,"rcp":"RCP2.6","period":"2085","key":"pr","value":3.4,"estimate":"q50","season":"MAM"},{"bfs_id":627,"rcp":"RCP2.6","period":"2085","key":"pr","value":3.9,"estimate":"q50","season":"JJA"},{"bfs_id":627,"rcp":"RCP2.6","period":"2085","key":"pr","value":3,"estimate":"q50","season":"SON"},{"bfs_id":627,"rcp":"RCP2.6","period":"2085","key":"pr","value":3.1,"estimate":"q95","season":"DJF"},{"bfs_id":627,"rcp":"RCP2.6","period":"2085","key":"pr","value":3.8,"estimate":"q95","season":"MAM"},{"bfs_id":627,"rcp":"RCP2.6","period":"2085","key":"pr","value":4.5,"estimate":"q95","season":"JJA"},{"bfs_id":627,"rcp":"RCP2.6","period":"2085","key":"pr","value":3.5,"estimate":"q95","season":"SON"},{"bfs_id":627,"rcp":"RCP8.5","period":"2035","key":"pr","value":2.5,"estimate":"q5","season":"DJF"},{"bfs_id":627,"rcp":"RCP8.5","period":"2035","key":"pr","value":3.2,"estimate":"q5","season":"MAM"},{"bfs_id":627,"rcp":"RCP8.5","period":"2035","key":"pr","value":3,"estimate":"q5","season":"JJA"},{"bfs_id":627,"rcp":"RCP8.5","period":"2035","key":"pr","value":2.7,"estimate":"q5","season":"SON"},{"bfs_id":627,"rcp":"RCP8.5","period":"2035","key":"pr","value":3,"estimate":"q50","season":"DJF"},{"bfs_id":627,"rcp":"RCP8.5","period":"2035","key":"pr","value":3.6,"estimate":"q50","season":"MAM"},{"bfs_id":627,"rcp":"RCP8.5","period":"2035","key":"pr","value":4,"estimate":"q50","season":"JJA"},{"bfs_id":627,"rcp":"RCP8.5","period":"2035","key":"pr","value":3.1,"estimate":"q50","season":"SON"},{"bfs_id":627,"rcp":"RCP8.5","period":"2035","key":"pr","value":3.2,"estimate":"q95","season":"DJF"},{"bfs_id":627,"rcp":"RCP8.5","period":"2035","key":"pr","value":3.9,"estimate":"q95","season":"MAM"},{"bfs_id":627,"rcp":"RCP8.5","period":"2035","key":"pr","value":4.5,"estimate":"q95","season":"JJA"},{"bfs_id":627,"rcp":"RCP8.5","period":"2035","key":"pr","value":3.6,"estimate":"q95","season":"SON"},{"bfs_id":627,"rcp":"RCP8.5","period":"2060","key":"pr","value":2.7,"estimate":"q5","season":"DJF"},{"bfs_id":627,"rcp":"RCP8.5","period":"2060","key":"pr","value":3.4,"estimate":"q5","season":"MAM"},{"bfs_id":627,"rcp":"RCP8.5","period":"2060","key":"pr","value":2.6,"estimate":"q5","season":"JJA"},{"bfs_id":627,"rcp":"RCP8.5","period":"2060","key":"pr","value":2.7,"estimate":"q5","season":"SON"},{"bfs_id":627,"rcp":"RCP8.5","period":"2060","key":"pr","value":2.9,"estimate":"q50","season":"DJF"},{"bfs_id":627,"rcp":"RCP8.5","period":"2060","key":"pr","value":3.6,"estimate":"q50","season":"MAM"},{"bfs_id":627,"rcp":"RCP8.5","period":"2060","key":"pr","value":3.8,"estimate":"q50","season":"JJA"},{"bfs_id":627,"rcp":"RCP8.5","period":"2060","key":"pr","value":3.1,"estimate":"q50","season":"SON"},{"bfs_id":627,"rcp":"RCP8.5","period":"2060","key":"pr","value":3.2,"estimate":"q95","season":"DJF"},{"bfs_id":627,"rcp":"RCP8.5","period":"2060","key":"pr","value":4.1,"estimate":"q95","season":"MAM"},{"bfs_id":627,"rcp":"RCP8.5","period":"2060","key":"pr","value":4.2,"estimate":"q95","season":"JJA"},{"bfs_id":627,"rcp":"RCP8.5","period":"2060","key":"pr","value":3.5,"estimate":"q95","season":"SON"},{"bfs_id":627,"rcp":"RCP8.5","period":"2085","key":"pr","value":2.9,"estimate":"q5","season":"DJF"},{"bfs_id":627,"rcp":"RCP8.5","period":"2085","key":"pr","value":3.4,"estimate":"q5","season":"MAM"},{"bfs_id":627,"rcp":"RCP8.5","period":"2085","key":"pr","value":2,"estimate":"q5","season":"JJA"},{"bfs_id":627,"rcp":"RCP8.5","period":"2085","key":"pr","value":2.6,"estimate":"q5","season":"SON"},{"bfs_id":627,"rcp":"RCP8.5","period":"2085","key":"pr","value":3.1,"estimate":"q50","season":"DJF"},{"bfs_id":627,"rcp":"RCP8.5","period":"2085","key":"pr","value":3.8,"estimate":"q50","season":"MAM"},{"bfs_id":627,"rcp":"RCP8.5","period":"2085","key":"pr","value":3.2,"estimate":"q50","season":"JJA"},{"bfs_id":627,"rcp":"RCP8.5","period":"2085","key":"pr","value":3,"estimate":"q50","season":"SON"},{"bfs_id":627,"rcp":"RCP8.5","period":"2085","key":"pr","value":3.6,"estimate":"q95","season":"DJF"},{"bfs_id":627,"rcp":"RCP8.5","period":"2085","key":"pr","value":4.2,"estimate":"q95","season":"MAM"},{"bfs_id":627,"rcp":"RCP8.5","period":"2085","key":"pr","value":3.9,"estimate":"q95","season":"JJA"},{"bfs_id":627,"rcp":"RCP8.5","period":"2085","key":"pr","value":3.7,"estimate":"q95","season":"SON"},{"bfs_id":627,"rcp":"RCP2.6","period":"2035","key":"tas","value":0.7,"estimate":"q5","season":"DJF"},{"bfs_id":627,"rcp":"RCP2.6","period":"2035","key":"tas","value":8.1,"estimate":"q5","season":"MAM"},{"bfs_id":627,"rcp":"RCP2.6","period":"2035","key":"tas","value":17.2,"estimate":"q5","season":"JJA"},{"bfs_id":627,"rcp":"RCP2.6","period":"2035","key":"tas","value":9.3,"estimate":"q5","season":"SON"},{"bfs_id":627,"rcp":"RCP2.6","period":"2035","key":"tas","value":1.1,"estimate":"q50","season":"DJF"},{"bfs_id":627,"rcp":"RCP2.6","period":"2035","key":"tas","value":8.7,"estimate":"q50","season":"MAM"},{"bfs_id":627,"rcp":"RCP2.6","period":"2035","key":"tas","value":17.9,"estimate":"q50","season":"JJA"},{"bfs_id":627,"rcp":"RCP2.6","period":"2035","key":"tas","value":9.6,"estimate":"q50","season":"SON"},{"bfs_id":627,"rcp":"RCP2.6","period":"2035","key":"tas","value":1.9,"estimate":"q95","season":"DJF"},{"bfs_id":627,"rcp":"RCP2.6","period":"2035","key":"tas","value":9,"estimate":"q95","season":"MAM"},{"bfs_id":627,"rcp":"RCP2.6","period":"2035","key":"tas","value":18.5,"estimate":"q95","season":"JJA"},{"bfs_id":627,"rcp":"RCP2.6","period":"2035","key":"tas","value":10.5,"estimate":"q95","season":"SON"},{"bfs_id":627,"rcp":"RCP2.6","period":"2060","key":"tas","value":0.7,"estimate":"q5","season":"DJF"},{"bfs_id":627,"rcp":"RCP2.6","period":"2060","key":"tas","value":8,"estimate":"q5","season":"MAM"},{"bfs_id":627,"rcp":"RCP2.6","period":"2060","key":"tas","value":17.5,"estimate":"q5","season":"JJA"},{"bfs_id":627,"rcp":"RCP2.6","period":"2060","key":"tas","value":9.5,"estimate":"q5","season":"SON"},{"bfs_id":627,"rcp":"RCP2.6","period":"2060","key":"tas","value":1.5,"estimate":"q50","season":"DJF"},{"bfs_id":627,"rcp":"RCP2.6","period":"2060","key":"tas","value":8.6,"estimate":"q50","season":"MAM"},{"bfs_id":627,"rcp":"RCP2.6","period":"2060","key":"tas","value":18,"estimate":"q50","season":"JJA"},{"bfs_id":627,"rcp":"RCP2.6","period":"2060","key":"tas","value":9.9,"estimate":"q50","season":"SON"},{"bfs_id":627,"rcp":"RCP2.6","period":"2060","key":"tas","value":2,"estimate":"q95","season":"DJF"},{"bfs_id":627,"rcp":"RCP2.6","period":"2060","key":"tas","value":9.3,"estimate":"q95","season":"MAM"},{"bfs_id":627,"rcp":"RCP2.6","period":"2060","key":"tas","value":18.6,"estimate":"q95","season":"JJA"},{"bfs_id":627,"rcp":"RCP2.6","period":"2060","key":"tas","value":10.9,"estimate":"q95","season":"SON"},{"bfs_id":627,"rcp":"RCP2.6","period":"2085","key":"tas","value":0.8,"estimate":"q5","season":"DJF"},{"bfs_id":627,"rcp":"RCP2.6","period":"2085","key":"tas","value":8,"estimate":"q5","season":"MAM"},{"bfs_id":627,"rcp":"RCP2.6","period":"2085","key":"tas","value":17.5,"estimate":"q5","season":"JJA"},{"bfs_id":627,"rcp":"RCP2.6","period":"2085","key":"tas","value":9.3,"estimate":"q5","season":"SON"},{"bfs_id":627,"rcp":"RCP2.6","period":"2085","key":"tas","value":1.5,"estimate":"q50","season":"DJF"},{"bfs_id":627,"rcp":"RCP2.6","period":"2085","key":"tas","value":8.7,"estimate":"q50","season":"MAM"},{"bfs_id":627,"rcp":"RCP2.6","period":"2085","key":"tas","value":17.9,"estimate":"q50","season":"JJA"},{"bfs_id":627,"rcp":"RCP2.6","period":"2085","key":"tas","value":9.8,"estimate":"q50","season":"SON"},{"bfs_id":627,"rcp":"RCP2.6","period":"2085","key":"tas","value":2.1,"estimate":"q95","season":"DJF"},{"bfs_id":627,"rcp":"RCP2.6","period":"2085","key":"tas","value":9.2,"estimate":"q95","season":"MAM"},{"bfs_id":627,"rcp":"RCP2.6","period":"2085","key":"tas","value":18.5,"estimate":"q95","season":"JJA"},{"bfs_id":627,"rcp":"RCP2.6","period":"2085","key":"tas","value":10.8,"estimate":"q95","season":"SON"},{"bfs_id":627,"rcp":"RCP8.5","period":"2035","key":"tas","value":0.6,"estimate":"q5","season":"DJF"},{"bfs_id":627,"rcp":"RCP8.5","period":"2035","key":"tas","value":8.3,"estimate":"q5","season":"MAM"},{"bfs_id":627,"rcp":"RCP8.5","period":"2035","key":"tas","value":17.7,"estimate":"q5","season":"JJA"},{"bfs_id":627,"rcp":"RCP8.5","period":"2035","key":"tas","value":9.6,"estimate":"q5","season":"SON"},{"bfs_id":627,"rcp":"RCP8.5","period":"2035","key":"tas","value":1.5,"estimate":"q50","season":"DJF"},{"bfs_id":627,"rcp":"RCP8.5","period":"2035","key":"tas","value":8.6,"estimate":"q50","season":"MAM"},{"bfs_id":627,"rcp":"RCP8.5","period":"2035","key":"tas","value":18.1,"estimate":"q50","season":"JJA"},{"bfs_id":627,"rcp":"RCP8.5","period":"2035","key":"tas","value":10,"estimate":"q50","season":"SON"},{"bfs_id":627,"rcp":"RCP8.5","period":"2035","key":"tas","value":1.9,"estimate":"q95","season":"DJF"},{"bfs_id":627,"rcp":"RCP8.5","period":"2035","key":"tas","value":9.1,"estimate":"q95","season":"MAM"},{"bfs_id":627,"rcp":"RCP8.5","period":"2035","key":"tas","value":18.7,"estimate":"q95","season":"JJA"},{"bfs_id":627,"rcp":"RCP8.5","period":"2035","key":"tas","value":10.9,"estimate":"q95","season":"SON"},{"bfs_id":627,"rcp":"RCP8.5","period":"2060","key":"tas","value":1.8,"estimate":"q5","season":"DJF"},{"bfs_id":627,"rcp":"RCP8.5","period":"2060","key":"tas","value":9.1,"estimate":"q5","season":"MAM"},{"bfs_id":627,"rcp":"RCP8.5","period":"2060","key":"tas","value":18.8,"estimate":"q5","season":"JJA"},{"bfs_id":627,"rcp":"RCP8.5","period":"2060","key":"tas","value":10.6,"estimate":"q5","season":"SON"},{"bfs_id":627,"rcp":"RCP8.5","period":"2060","key":"tas","value":2.3,"estimate":"q50","season":"DJF"},{"bfs_id":627,"rcp":"RCP8.5","period":"2060","key":"tas","value":9.7,"estimate":"q50","season":"MAM"},{"bfs_id":627,"rcp":"RCP8.5","period":"2060","key":"tas","value":19.3,"estimate":"q50","season":"JJA"},{"bfs_id":627,"rcp":"RCP8.5","period":"2060","key":"tas","value":11.3,"estimate":"q50","season":"SON"},{"bfs_id":627,"rcp":"RCP8.5","period":"2060","key":"tas","value":3,"estimate":"q95","season":"DJF"},{"bfs_id":627,"rcp":"RCP8.5","period":"2060","key":"tas","value":10.2,"estimate":"q95","season":"MAM"},{"bfs_id":627,"rcp":"RCP8.5","period":"2060","key":"tas","value":20.3,"estimate":"q95","season":"JJA"},{"bfs_id":627,"rcp":"RCP8.5","period":"2060","key":"tas","value":12.2,"estimate":"q95","season":"SON"},{"bfs_id":627,"rcp":"RCP8.5","period":"2085","key":"tas","value":3.1,"estimate":"q5","season":"DJF"},{"bfs_id":627,"rcp":"RCP8.5","period":"2085","key":"tas","value":10.2,"estimate":"q5","season":"MAM"},{"bfs_id":627,"rcp":"RCP8.5","period":"2085","key":"tas","value":20.2,"estimate":"q5","season":"JJA"},{"bfs_id":627,"rcp":"RCP8.5","period":"2085","key":"tas","value":11.7,"estimate":"q5","season":"SON"},{"bfs_id":627,"rcp":"RCP8.5","period":"2085","key":"tas","value":4.2,"estimate":"q50","season":"DJF"},{"bfs_id":627,"rcp":"RCP8.5","period":"2085","key":"tas","value":11.1,"estimate":"q50","season":"MAM"},{"bfs_id":627,"rcp":"RCP8.5","period":"2085","key":"tas","value":20.9,"estimate":"q50","season":"JJA"},{"bfs_id":627,"rcp":"RCP8.5","period":"2085","key":"tas","value":12.6,"estimate":"q50","season":"SON"},{"bfs_id":627,"rcp":"RCP8.5","period":"2085","key":"tas","value":4.9,"estimate":"q95","season":"DJF"},{"bfs_id":627,"rcp":"RCP8.5","period":"2085","key":"tas","value":12.1,"estimate":"q95","season":"MAM"},{"bfs_id":627,"rcp":"RCP8.5","period":"2085","key":"tas","value":23.2,"estimate":"q95","season":"JJA"},{"bfs_id":627,"rcp":"RCP8.5","period":"2085","key":"tas","value":14.3,"estimate":"q95","season":"SON"},{"bfs_id":627,"rcp":"obs","period":"1981-2010","key":"FD","value":107.8,"estimate":"yearly_mean"},{"bfs_id":627,"rcp":"obs","period":"1981-2010","key":"HD","value":4.6,"estimate":"yearly_mean"},{"bfs_id":627,"rcp":"obs","period":"1981-2010","key":"ID","value":24.5,"estimate":"yearly_mean"},{"bfs_id":627,"rcp":"obs","period":"1981-2010","key":"SD","value":37.3,"estimate":"yearly_mean"},{"bfs_id":627,"rcp":"obs","period":"1981-2010","key":"snowdays","value":24.9,"estimate":"yearly_mean"},{"bfs_id":627,"rcp":"obs","period":"1981-2010","key":"TN","value":0,"estimate":"yearly_mean"},{"bfs_id":627,"rcp":"obs","period":"1981-2010","key":"pr","value":2.4,"estimate":"mean","season":"DJF"},{"bfs_id":627,"rcp":"obs","period":"1981-2010","key":"pr","value":3.4,"estimate":"mean","season":"MAM"},{"bfs_id":627,"rcp":"obs","period":"1981-2010","key":"pr","value":4.3,"estimate":"mean","season":"JJA"},{"bfs_id":627,"rcp":"obs","period":"1981-2010","key":"pr","value":3.1,"estimate":"mean","season":"SON"},{"bfs_id":627,"rcp":"obs","period":"1981-2010","key":"tas","value":-0,"estimate":"mean","season":"DJF"},{"bfs_id":627,"rcp":"obs","period":"1981-2010","key":"tas","value":8,"estimate":"mean","season":"MAM"},{"bfs_id":627,"rcp":"obs","period":"1981-2010","key":"tas","value":16.7,"estimate":"mean","season":"JJA"},{"bfs_id":627,"rcp":"obs","period":"1981-2010","key":"tas","value":8.6,"estimate":"mean","season":"SON"}]
