[{"bfs_id":703,"rcp":"RCP2.6","period":"2035","key":"FD","value":85.4,"estimate":"q5"},{"bfs_id":703,"rcp":"RCP2.6","period":"2035","key":"FD","value":97.4,"estimate":"q50"},{"bfs_id":703,"rcp":"RCP2.6","period":"2035","key":"FD","value":105.5,"estimate":"q95"},{"bfs_id":703,"rcp":"RCP2.6","period":"2060","key":"FD","value":82.9,"estimate":"q5"},{"bfs_id":703,"rcp":"RCP2.6","period":"2060","key":"FD","value":94,"estimate":"q50"},{"bfs_id":703,"rcp":"RCP2.6","period":"2060","key":"FD","value":103.2,"estimate":"q95"},{"bfs_id":703,"rcp":"RCP2.6","period":"2085","key":"FD","value":83.5,"estimate":"q5"},{"bfs_id":703,"rcp":"RCP2.6","period":"2085","key":"FD","value":95.4,"estimate":"q50"},{"bfs_id":703,"rcp":"RCP2.6","period":"2085","key":"FD","value":103.3,"estimate":"q95"},{"bfs_id":703,"rcp":"RCP8.5","period":"2035","key":"FD","value":83.5,"estimate":"q5"},{"bfs_id":703,"rcp":"RCP8.5","period":"2035","key":"FD","value":94.2,"estimate":"q50"},{"bfs_id":703,"rcp":"RCP8.5","period":"2035","key":"FD","value":102.1,"estimate":"q95"},{"bfs_id":703,"rcp":"RCP8.5","period":"2060","key":"FD","value":69.9,"estimate":"q5"},{"bfs_id":703,"rcp":"RCP8.5","period":"2060","key":"FD","value":75.7,"estimate":"q50"},{"bfs_id":703,"rcp":"RCP8.5","period":"2060","key":"FD","value":87.7,"estimate":"q95"},{"bfs_id":703,"rcp":"RCP8.5","period":"2085","key":"FD","value":44.8,"estimate":"q5"},{"bfs_id":703,"rcp":"RCP8.5","period":"2085","key":"FD","value":53.4,"estimate":"q50"},{"bfs_id":703,"rcp":"RCP8.5","period":"2085","key":"FD","value":67.2,"estimate":"q95"},{"bfs_id":703,"rcp":"RCP2.6","period":"2035","key":"HD","value":3.4,"estimate":"q5"},{"bfs_id":703,"rcp":"RCP2.6","period":"2035","key":"HD","value":5.5,"estimate":"q50"},{"bfs_id":703,"rcp":"RCP2.6","period":"2035","key":"HD","value":7.9,"estimate":"q95"},{"bfs_id":703,"rcp":"RCP2.6","period":"2060","key":"HD","value":3.8,"estimate":"q5"},{"bfs_id":703,"rcp":"RCP2.6","period":"2060","key":"HD","value":5.8,"estimate":"q50"},{"bfs_id":703,"rcp":"RCP2.6","period":"2060","key":"HD","value":9.9,"estimate":"q95"},{"bfs_id":703,"rcp":"RCP2.6","period":"2085","key":"HD","value":3.8,"estimate":"q5"},{"bfs_id":703,"rcp":"RCP2.6","period":"2085","key":"HD","value":5,"estimate":"q50"},{"bfs_id":703,"rcp":"RCP2.6","period":"2085","key":"HD","value":9.4,"estimate":"q95"},{"bfs_id":703,"rcp":"RCP8.5","period":"2035","key":"HD","value":4,"estimate":"q5"},{"bfs_id":703,"rcp":"RCP8.5","period":"2035","key":"HD","value":5.1,"estimate":"q50"},{"bfs_id":703,"rcp":"RCP8.5","period":"2035","key":"HD","value":10.9,"estimate":"q95"},{"bfs_id":703,"rcp":"RCP8.5","period":"2060","key":"HD","value":7.2,"estimate":"q5"},{"bfs_id":703,"rcp":"RCP8.5","period":"2060","key":"HD","value":12.2,"estimate":"q50"},{"bfs_id":703,"rcp":"RCP8.5","period":"2060","key":"HD","value":22.3,"estimate":"q95"},{"bfs_id":703,"rcp":"RCP8.5","period":"2085","key":"HD","value":16.8,"estimate":"q5"},{"bfs_id":703,"rcp":"RCP8.5","period":"2085","key":"HD","value":22.9,"estimate":"q50"},{"bfs_id":703,"rcp":"RCP8.5","period":"2085","key":"HD","value":42.3,"estimate":"q95"},{"bfs_id":703,"rcp":"RCP2.6","period":"2035","key":"ID","value":16.3,"estimate":"q5"},{"bfs_id":703,"rcp":"RCP2.6","period":"2035","key":"ID","value":20.2,"estimate":"q50"},{"bfs_id":703,"rcp":"RCP2.6","period":"2035","key":"ID","value":22.8,"estimate":"q95"},{"bfs_id":703,"rcp":"RCP2.6","period":"2060","key":"ID","value":15.3,"estimate":"q5"},{"bfs_id":703,"rcp":"RCP2.6","period":"2060","key":"ID","value":19,"estimate":"q50"},{"bfs_id":703,"rcp":"RCP2.6","period":"2060","key":"ID","value":22.4,"estimate":"q95"},{"bfs_id":703,"rcp":"RCP2.6","period":"2085","key":"ID","value":14.2,"estimate":"q5"},{"bfs_id":703,"rcp":"RCP2.6","period":"2085","key":"ID","value":19.2,"estimate":"q50"},{"bfs_id":703,"rcp":"RCP2.6","period":"2085","key":"ID","value":22.6,"estimate":"q95"},{"bfs_id":703,"rcp":"RCP8.5","period":"2035","key":"ID","value":14.9,"estimate":"q5"},{"bfs_id":703,"rcp":"RCP8.5","period":"2035","key":"ID","value":18.5,"estimate":"q50"},{"bfs_id":703,"rcp":"RCP8.5","period":"2035","key":"ID","value":22.5,"estimate":"q95"},{"bfs_id":703,"rcp":"RCP8.5","period":"2060","key":"ID","value":10.3,"estimate":"q5"},{"bfs_id":703,"rcp":"RCP8.5","period":"2060","key":"ID","value":13.6,"estimate":"q50"},{"bfs_id":703,"rcp":"RCP8.5","period":"2060","key":"ID","value":16.2,"estimate":"q95"},{"bfs_id":703,"rcp":"RCP8.5","period":"2085","key":"ID","value":3.8,"estimate":"q5"},{"bfs_id":703,"rcp":"RCP8.5","period":"2085","key":"ID","value":6.8,"estimate":"q50"},{"bfs_id":703,"rcp":"RCP8.5","period":"2085","key":"ID","value":9.4,"estimate":"q95"},{"bfs_id":703,"rcp":"RCP2.6","period":"2035","key":"SD","value":28.4,"estimate":"q5"},{"bfs_id":703,"rcp":"RCP2.6","period":"2035","key":"SD","value":33.9,"estimate":"q50"},{"bfs_id":703,"rcp":"RCP2.6","period":"2035","key":"SD","value":40.4,"estimate":"q95"},{"bfs_id":703,"rcp":"RCP2.6","period":"2060","key":"SD","value":29.3,"estimate":"q5"},{"bfs_id":703,"rcp":"RCP2.6","period":"2060","key":"SD","value":35.7,"estimate":"q50"},{"bfs_id":703,"rcp":"RCP2.6","period":"2060","key":"SD","value":42.2,"estimate":"q95"},{"bfs_id":703,"rcp":"RCP2.6","period":"2085","key":"SD","value":29.6,"estimate":"q5"},{"bfs_id":703,"rcp":"RCP2.6","period":"2085","key":"SD","value":34.4,"estimate":"q50"},{"bfs_id":703,"rcp":"RCP2.6","period":"2085","key":"SD","value":41.8,"estimate":"q95"},{"bfs_id":703,"rcp":"RCP8.5","period":"2035","key":"SD","value":31.8,"estimate":"q5"},{"bfs_id":703,"rcp":"RCP8.5","period":"2035","key":"SD","value":36.3,"estimate":"q50"},{"bfs_id":703,"rcp":"RCP8.5","period":"2035","key":"SD","value":42.1,"estimate":"q95"},{"bfs_id":703,"rcp":"RCP8.5","period":"2060","key":"SD","value":42.9,"estimate":"q5"},{"bfs_id":703,"rcp":"RCP8.5","period":"2060","key":"SD","value":49.6,"estimate":"q50"},{"bfs_id":703,"rcp":"RCP8.5","period":"2060","key":"SD","value":66.3,"estimate":"q95"},{"bfs_id":703,"rcp":"RCP8.5","period":"2085","key":"SD","value":60.4,"estimate":"q5"},{"bfs_id":703,"rcp":"RCP8.5","period":"2085","key":"SD","value":70.5,"estimate":"q50"},{"bfs_id":703,"rcp":"RCP8.5","period":"2085","key":"SD","value":92.5,"estimate":"q95"},{"bfs_id":703,"rcp":"RCP2.6","period":"2035","key":"snowdays","value":24.4,"estimate":"q5"},{"bfs_id":703,"rcp":"RCP2.6","period":"2035","key":"snowdays","value":29.2,"estimate":"q50"},{"bfs_id":703,"rcp":"RCP2.6","period":"2035","key":"snowdays","value":36.5,"estimate":"q95"},{"bfs_id":703,"rcp":"RCP2.6","period":"2060","key":"snowdays","value":23.5,"estimate":"q5"},{"bfs_id":703,"rcp":"RCP2.6","period":"2060","key":"snowdays","value":28,"estimate":"q50"},{"bfs_id":703,"rcp":"RCP2.6","period":"2060","key":"snowdays","value":36.4,"estimate":"q95"},{"bfs_id":703,"rcp":"RCP2.6","period":"2085","key":"snowdays","value":22.7,"estimate":"q5"},{"bfs_id":703,"rcp":"RCP2.6","period":"2085","key":"snowdays","value":28.1,"estimate":"q50"},{"bfs_id":703,"rcp":"RCP2.6","period":"2085","key":"snowdays","value":37.3,"estimate":"q95"},{"bfs_id":703,"rcp":"RCP8.5","period":"2035","key":"snowdays","value":22.3,"estimate":"q5"},{"bfs_id":703,"rcp":"RCP8.5","period":"2035","key":"snowdays","value":27.3,"estimate":"q50"},{"bfs_id":703,"rcp":"RCP8.5","period":"2035","key":"snowdays","value":36.1,"estimate":"q95"},{"bfs_id":703,"rcp":"RCP8.5","period":"2060","key":"snowdays","value":17.1,"estimate":"q5"},{"bfs_id":703,"rcp":"RCP8.5","period":"2060","key":"snowdays","value":21.4,"estimate":"q50"},{"bfs_id":703,"rcp":"RCP8.5","period":"2060","key":"snowdays","value":27.2,"estimate":"q95"},{"bfs_id":703,"rcp":"RCP8.5","period":"2085","key":"snowdays","value":9.2,"estimate":"q5"},{"bfs_id":703,"rcp":"RCP8.5","period":"2085","key":"snowdays","value":13.5,"estimate":"q50"},{"bfs_id":703,"rcp":"RCP8.5","period":"2085","key":"snowdays","value":19.9,"estimate":"q95"},{"bfs_id":703,"rcp":"RCP2.6","period":"2035","key":"TN","value":0,"estimate":"q5"},{"bfs_id":703,"rcp":"RCP2.6","period":"2035","key":"TN","value":0.1,"estimate":"q50"},{"bfs_id":703,"rcp":"RCP2.6","period":"2035","key":"TN","value":0.4,"estimate":"q95"},{"bfs_id":703,"rcp":"RCP2.6","period":"2060","key":"TN","value":0,"estimate":"q5"},{"bfs_id":703,"rcp":"RCP2.6","period":"2060","key":"TN","value":0.2,"estimate":"q50"},{"bfs_id":703,"rcp":"RCP2.6","period":"2060","key":"TN","value":0.6,"estimate":"q95"},{"bfs_id":703,"rcp":"RCP2.6","period":"2085","key":"TN","value":0,"estimate":"q5"},{"bfs_id":703,"rcp":"RCP2.6","period":"2085","key":"TN","value":0.1,"estimate":"q50"},{"bfs_id":703,"rcp":"RCP2.6","period":"2085","key":"TN","value":0.5,"estimate":"q95"},{"bfs_id":703,"rcp":"RCP8.5","period":"2035","key":"TN","value":0,"estimate":"q5"},{"bfs_id":703,"rcp":"RCP8.5","period":"2035","key":"TN","value":0.2,"estimate":"q50"},{"bfs_id":703,"rcp":"RCP8.5","period":"2035","key":"TN","value":1.1,"estimate":"q95"},{"bfs_id":703,"rcp":"RCP8.5","period":"2060","key":"TN","value":0.2,"estimate":"q5"},{"bfs_id":703,"rcp":"RCP8.5","period":"2060","key":"TN","value":1.1,"estimate":"q50"},{"bfs_id":703,"rcp":"RCP8.5","period":"2060","key":"TN","value":3.3,"estimate":"q95"},{"bfs_id":703,"rcp":"RCP8.5","period":"2085","key":"TN","value":2.1,"estimate":"q5"},{"bfs_id":703,"rcp":"RCP8.5","period":"2085","key":"TN","value":4.7,"estimate":"q50"},{"bfs_id":703,"rcp":"RCP8.5","period":"2085","key":"TN","value":16.6,"estimate":"q95"},{"bfs_id":703,"rcp":"RCP2.6","period":"2035","key":"pr","value":3.4,"estimate":"q5","season":"DJF"},{"bfs_id":703,"rcp":"RCP2.6","period":"2035","key":"pr","value":3.3,"estimate":"q5","season":"MAM"},{"bfs_id":703,"rcp":"RCP2.6","period":"2035","key":"pr","value":3.3,"estimate":"q5","season":"JJA"},{"bfs_id":703,"rcp":"RCP2.6","period":"2035","key":"pr","value":3.3,"estimate":"q5","season":"SON"},{"bfs_id":703,"rcp":"RCP2.6","period":"2035","key":"pr","value":4,"estimate":"q50","season":"DJF"},{"bfs_id":703,"rcp":"RCP2.6","period":"2035","key":"pr","value":3.8,"estimate":"q50","season":"MAM"},{"bfs_id":703,"rcp":"RCP2.6","period":"2035","key":"pr","value":3.7,"estimate":"q50","season":"JJA"},{"bfs_id":703,"rcp":"RCP2.6","period":"2035","key":"pr","value":3.6,"estimate":"q50","season":"SON"},{"bfs_id":703,"rcp":"RCP2.6","period":"2035","key":"pr","value":4.6,"estimate":"q95","season":"DJF"},{"bfs_id":703,"rcp":"RCP2.6","period":"2035","key":"pr","value":4.1,"estimate":"q95","season":"MAM"},{"bfs_id":703,"rcp":"RCP2.6","period":"2035","key":"pr","value":4.2,"estimate":"q95","season":"JJA"},{"bfs_id":703,"rcp":"RCP2.6","period":"2035","key":"pr","value":4.1,"estimate":"q95","season":"SON"},{"bfs_id":703,"rcp":"RCP2.6","period":"2060","key":"pr","value":3.5,"estimate":"q5","season":"DJF"},{"bfs_id":703,"rcp":"RCP2.6","period":"2060","key":"pr","value":3.4,"estimate":"q5","season":"MAM"},{"bfs_id":703,"rcp":"RCP2.6","period":"2060","key":"pr","value":3,"estimate":"q5","season":"JJA"},{"bfs_id":703,"rcp":"RCP2.6","period":"2060","key":"pr","value":3.5,"estimate":"q5","season":"SON"},{"bfs_id":703,"rcp":"RCP2.6","period":"2060","key":"pr","value":4.1,"estimate":"q50","season":"DJF"},{"bfs_id":703,"rcp":"RCP2.6","period":"2060","key":"pr","value":3.8,"estimate":"q50","season":"MAM"},{"bfs_id":703,"rcp":"RCP2.6","period":"2060","key":"pr","value":3.6,"estimate":"q50","season":"JJA"},{"bfs_id":703,"rcp":"RCP2.6","period":"2060","key":"pr","value":3.6,"estimate":"q50","season":"SON"},{"bfs_id":703,"rcp":"RCP2.6","period":"2060","key":"pr","value":4.4,"estimate":"q95","season":"DJF"},{"bfs_id":703,"rcp":"RCP2.6","period":"2060","key":"pr","value":4.1,"estimate":"q95","season":"MAM"},{"bfs_id":703,"rcp":"RCP2.6","period":"2060","key":"pr","value":4.2,"estimate":"q95","season":"JJA"},{"bfs_id":703,"rcp":"RCP2.6","period":"2060","key":"pr","value":4.2,"estimate":"q95","season":"SON"},{"bfs_id":703,"rcp":"RCP2.6","period":"2085","key":"pr","value":3.5,"estimate":"q5","season":"DJF"},{"bfs_id":703,"rcp":"RCP2.6","period":"2085","key":"pr","value":3.5,"estimate":"q5","season":"MAM"},{"bfs_id":703,"rcp":"RCP2.6","period":"2085","key":"pr","value":3,"estimate":"q5","season":"JJA"},{"bfs_id":703,"rcp":"RCP2.6","period":"2085","key":"pr","value":3.2,"estimate":"q5","season":"SON"},{"bfs_id":703,"rcp":"RCP2.6","period":"2085","key":"pr","value":4.1,"estimate":"q50","season":"DJF"},{"bfs_id":703,"rcp":"RCP2.6","period":"2085","key":"pr","value":3.8,"estimate":"q50","season":"MAM"},{"bfs_id":703,"rcp":"RCP2.6","period":"2085","key":"pr","value":3.7,"estimate":"q50","season":"JJA"},{"bfs_id":703,"rcp":"RCP2.6","period":"2085","key":"pr","value":3.6,"estimate":"q50","season":"SON"},{"bfs_id":703,"rcp":"RCP2.6","period":"2085","key":"pr","value":4.5,"estimate":"q95","season":"DJF"},{"bfs_id":703,"rcp":"RCP2.6","period":"2085","key":"pr","value":4.1,"estimate":"q95","season":"MAM"},{"bfs_id":703,"rcp":"RCP2.6","period":"2085","key":"pr","value":4.1,"estimate":"q95","season":"JJA"},{"bfs_id":703,"rcp":"RCP2.6","period":"2085","key":"pr","value":4.1,"estimate":"q95","season":"SON"},{"bfs_id":703,"rcp":"RCP8.5","period":"2035","key":"pr","value":3.7,"estimate":"q5","season":"DJF"},{"bfs_id":703,"rcp":"RCP8.5","period":"2035","key":"pr","value":3.6,"estimate":"q5","season":"MAM"},{"bfs_id":703,"rcp":"RCP8.5","period":"2035","key":"pr","value":3,"estimate":"q5","season":"JJA"},{"bfs_id":703,"rcp":"RCP8.5","period":"2035","key":"pr","value":3.3,"estimate":"q5","season":"SON"},{"bfs_id":703,"rcp":"RCP8.5","period":"2035","key":"pr","value":4.2,"estimate":"q50","season":"DJF"},{"bfs_id":703,"rcp":"RCP8.5","period":"2035","key":"pr","value":3.9,"estimate":"q50","season":"MAM"},{"bfs_id":703,"rcp":"RCP8.5","period":"2035","key":"pr","value":3.8,"estimate":"q50","season":"JJA"},{"bfs_id":703,"rcp":"RCP8.5","period":"2035","key":"pr","value":3.8,"estimate":"q50","season":"SON"},{"bfs_id":703,"rcp":"RCP8.5","period":"2035","key":"pr","value":4.5,"estimate":"q95","season":"DJF"},{"bfs_id":703,"rcp":"RCP8.5","period":"2035","key":"pr","value":4.2,"estimate":"q95","season":"MAM"},{"bfs_id":703,"rcp":"RCP8.5","period":"2035","key":"pr","value":4.1,"estimate":"q95","season":"JJA"},{"bfs_id":703,"rcp":"RCP8.5","period":"2035","key":"pr","value":4.2,"estimate":"q95","season":"SON"},{"bfs_id":703,"rcp":"RCP8.5","period":"2060","key":"pr","value":3.8,"estimate":"q5","season":"DJF"},{"bfs_id":703,"rcp":"RCP8.5","period":"2060","key":"pr","value":3.7,"estimate":"q5","season":"MAM"},{"bfs_id":703,"rcp":"RCP8.5","period":"2060","key":"pr","value":2.8,"estimate":"q5","season":"JJA"},{"bfs_id":703,"rcp":"RCP8.5","period":"2060","key":"pr","value":3.3,"estimate":"q5","season":"SON"},{"bfs_id":703,"rcp":"RCP8.5","period":"2060","key":"pr","value":4.1,"estimate":"q50","season":"DJF"},{"bfs_id":703,"rcp":"RCP8.5","period":"2060","key":"pr","value":4,"estimate":"q50","season":"MAM"},{"bfs_id":703,"rcp":"RCP8.5","period":"2060","key":"pr","value":3.5,"estimate":"q50","season":"JJA"},{"bfs_id":703,"rcp":"RCP8.5","period":"2060","key":"pr","value":3.8,"estimate":"q50","season":"SON"},{"bfs_id":703,"rcp":"RCP8.5","period":"2060","key":"pr","value":4.7,"estimate":"q95","season":"DJF"},{"bfs_id":703,"rcp":"RCP8.5","period":"2060","key":"pr","value":4.3,"estimate":"q95","season":"MAM"},{"bfs_id":703,"rcp":"RCP8.5","period":"2060","key":"pr","value":3.9,"estimate":"q95","season":"JJA"},{"bfs_id":703,"rcp":"RCP8.5","period":"2060","key":"pr","value":4.2,"estimate":"q95","season":"SON"},{"bfs_id":703,"rcp":"RCP8.5","period":"2085","key":"pr","value":4,"estimate":"q5","season":"DJF"},{"bfs_id":703,"rcp":"RCP8.5","period":"2085","key":"pr","value":3.6,"estimate":"q5","season":"MAM"},{"bfs_id":703,"rcp":"RCP8.5","period":"2085","key":"pr","value":2.2,"estimate":"q5","season":"JJA"},{"bfs_id":703,"rcp":"RCP8.5","period":"2085","key":"pr","value":3.2,"estimate":"q5","season":"SON"},{"bfs_id":703,"rcp":"RCP8.5","period":"2085","key":"pr","value":4.6,"estimate":"q50","season":"DJF"},{"bfs_id":703,"rcp":"RCP8.5","period":"2085","key":"pr","value":4,"estimate":"q50","season":"MAM"},{"bfs_id":703,"rcp":"RCP8.5","period":"2085","key":"pr","value":3,"estimate":"q50","season":"JJA"},{"bfs_id":703,"rcp":"RCP8.5","period":"2085","key":"pr","value":3.7,"estimate":"q50","season":"SON"},{"bfs_id":703,"rcp":"RCP8.5","period":"2085","key":"pr","value":5,"estimate":"q95","season":"DJF"},{"bfs_id":703,"rcp":"RCP8.5","period":"2085","key":"pr","value":4.4,"estimate":"q95","season":"MAM"},{"bfs_id":703,"rcp":"RCP8.5","period":"2085","key":"pr","value":3.7,"estimate":"q95","season":"JJA"},{"bfs_id":703,"rcp":"RCP8.5","period":"2085","key":"pr","value":4.4,"estimate":"q95","season":"SON"},{"bfs_id":703,"rcp":"RCP2.6","period":"2035","key":"tas","value":0.2,"estimate":"q5","season":"DJF"},{"bfs_id":703,"rcp":"RCP2.6","period":"2035","key":"tas","value":7,"estimate":"q5","season":"MAM"},{"bfs_id":703,"rcp":"RCP2.6","period":"2035","key":"tas","value":16.3,"estimate":"q5","season":"JJA"},{"bfs_id":703,"rcp":"RCP2.6","period":"2035","key":"tas","value":8.6,"estimate":"q5","season":"SON"},{"bfs_id":703,"rcp":"RCP2.6","period":"2035","key":"tas","value":0.6,"estimate":"q50","season":"DJF"},{"bfs_id":703,"rcp":"RCP2.6","period":"2035","key":"tas","value":7.6,"estimate":"q50","season":"MAM"},{"bfs_id":703,"rcp":"RCP2.6","period":"2035","key":"tas","value":16.8,"estimate":"q50","season":"JJA"},{"bfs_id":703,"rcp":"RCP2.6","period":"2035","key":"tas","value":9,"estimate":"q50","season":"SON"},{"bfs_id":703,"rcp":"RCP2.6","period":"2035","key":"tas","value":1.4,"estimate":"q95","season":"DJF"},{"bfs_id":703,"rcp":"RCP2.6","period":"2035","key":"tas","value":7.9,"estimate":"q95","season":"MAM"},{"bfs_id":703,"rcp":"RCP2.6","period":"2035","key":"tas","value":17.5,"estimate":"q95","season":"JJA"},{"bfs_id":703,"rcp":"RCP2.6","period":"2035","key":"tas","value":9.8,"estimate":"q95","season":"SON"},{"bfs_id":703,"rcp":"RCP2.6","period":"2060","key":"tas","value":0.3,"estimate":"q5","season":"DJF"},{"bfs_id":703,"rcp":"RCP2.6","period":"2060","key":"tas","value":6.9,"estimate":"q5","season":"MAM"},{"bfs_id":703,"rcp":"RCP2.6","period":"2060","key":"tas","value":16.5,"estimate":"q5","season":"JJA"},{"bfs_id":703,"rcp":"RCP2.6","period":"2060","key":"tas","value":8.9,"estimate":"q5","season":"SON"},{"bfs_id":703,"rcp":"RCP2.6","period":"2060","key":"tas","value":1,"estimate":"q50","season":"DJF"},{"bfs_id":703,"rcp":"RCP2.6","period":"2060","key":"tas","value":7.6,"estimate":"q50","season":"MAM"},{"bfs_id":703,"rcp":"RCP2.6","period":"2060","key":"tas","value":17,"estimate":"q50","season":"JJA"},{"bfs_id":703,"rcp":"RCP2.6","period":"2060","key":"tas","value":9.2,"estimate":"q50","season":"SON"},{"bfs_id":703,"rcp":"RCP2.6","period":"2060","key":"tas","value":1.6,"estimate":"q95","season":"DJF"},{"bfs_id":703,"rcp":"RCP2.6","period":"2060","key":"tas","value":8.1,"estimate":"q95","season":"MAM"},{"bfs_id":703,"rcp":"RCP2.6","period":"2060","key":"tas","value":17.7,"estimate":"q95","season":"JJA"},{"bfs_id":703,"rcp":"RCP2.6","period":"2060","key":"tas","value":10.2,"estimate":"q95","season":"SON"},{"bfs_id":703,"rcp":"RCP2.6","period":"2085","key":"tas","value":0.3,"estimate":"q5","season":"DJF"},{"bfs_id":703,"rcp":"RCP2.6","period":"2085","key":"tas","value":6.9,"estimate":"q5","season":"MAM"},{"bfs_id":703,"rcp":"RCP2.6","period":"2085","key":"tas","value":16.5,"estimate":"q5","season":"JJA"},{"bfs_id":703,"rcp":"RCP2.6","period":"2085","key":"tas","value":8.7,"estimate":"q5","season":"SON"},{"bfs_id":703,"rcp":"RCP2.6","period":"2085","key":"tas","value":0.9,"estimate":"q50","season":"DJF"},{"bfs_id":703,"rcp":"RCP2.6","period":"2085","key":"tas","value":7.7,"estimate":"q50","season":"MAM"},{"bfs_id":703,"rcp":"RCP2.6","period":"2085","key":"tas","value":17,"estimate":"q50","season":"JJA"},{"bfs_id":703,"rcp":"RCP2.6","period":"2085","key":"tas","value":9.2,"estimate":"q50","season":"SON"},{"bfs_id":703,"rcp":"RCP2.6","period":"2085","key":"tas","value":1.7,"estimate":"q95","season":"DJF"},{"bfs_id":703,"rcp":"RCP2.6","period":"2085","key":"tas","value":8.2,"estimate":"q95","season":"MAM"},{"bfs_id":703,"rcp":"RCP2.6","period":"2085","key":"tas","value":17.6,"estimate":"q95","season":"JJA"},{"bfs_id":703,"rcp":"RCP2.6","period":"2085","key":"tas","value":10.2,"estimate":"q95","season":"SON"},{"bfs_id":703,"rcp":"RCP8.5","period":"2035","key":"tas","value":0.3,"estimate":"q5","season":"DJF"},{"bfs_id":703,"rcp":"RCP8.5","period":"2035","key":"tas","value":7.2,"estimate":"q5","season":"MAM"},{"bfs_id":703,"rcp":"RCP8.5","period":"2035","key":"tas","value":16.7,"estimate":"q5","season":"JJA"},{"bfs_id":703,"rcp":"RCP8.5","period":"2035","key":"tas","value":8.9,"estimate":"q5","season":"SON"},{"bfs_id":703,"rcp":"RCP8.5","period":"2035","key":"tas","value":1.1,"estimate":"q50","season":"DJF"},{"bfs_id":703,"rcp":"RCP8.5","period":"2035","key":"tas","value":7.6,"estimate":"q50","season":"MAM"},{"bfs_id":703,"rcp":"RCP8.5","period":"2035","key":"tas","value":17.2,"estimate":"q50","season":"JJA"},{"bfs_id":703,"rcp":"RCP8.5","period":"2035","key":"tas","value":9.4,"estimate":"q50","season":"SON"},{"bfs_id":703,"rcp":"RCP8.5","period":"2035","key":"tas","value":1.5,"estimate":"q95","season":"DJF"},{"bfs_id":703,"rcp":"RCP8.5","period":"2035","key":"tas","value":8.1,"estimate":"q95","season":"MAM"},{"bfs_id":703,"rcp":"RCP8.5","period":"2035","key":"tas","value":17.8,"estimate":"q95","season":"JJA"},{"bfs_id":703,"rcp":"RCP8.5","period":"2035","key":"tas","value":10.2,"estimate":"q95","season":"SON"},{"bfs_id":703,"rcp":"RCP8.5","period":"2060","key":"tas","value":1.5,"estimate":"q5","season":"DJF"},{"bfs_id":703,"rcp":"RCP8.5","period":"2060","key":"tas","value":8,"estimate":"q5","season":"MAM"},{"bfs_id":703,"rcp":"RCP8.5","period":"2060","key":"tas","value":17.8,"estimate":"q5","season":"JJA"},{"bfs_id":703,"rcp":"RCP8.5","period":"2060","key":"tas","value":10,"estimate":"q5","season":"SON"},{"bfs_id":703,"rcp":"RCP8.5","period":"2060","key":"tas","value":1.9,"estimate":"q50","season":"DJF"},{"bfs_id":703,"rcp":"RCP8.5","period":"2060","key":"tas","value":8.5,"estimate":"q50","season":"MAM"},{"bfs_id":703,"rcp":"RCP8.5","period":"2060","key":"tas","value":18.4,"estimate":"q50","season":"JJA"},{"bfs_id":703,"rcp":"RCP8.5","period":"2060","key":"tas","value":10.6,"estimate":"q50","season":"SON"},{"bfs_id":703,"rcp":"RCP8.5","period":"2060","key":"tas","value":2.6,"estimate":"q95","season":"DJF"},{"bfs_id":703,"rcp":"RCP8.5","period":"2060","key":"tas","value":9.3,"estimate":"q95","season":"MAM"},{"bfs_id":703,"rcp":"RCP8.5","period":"2060","key":"tas","value":19.5,"estimate":"q95","season":"JJA"},{"bfs_id":703,"rcp":"RCP8.5","period":"2060","key":"tas","value":11.5,"estimate":"q95","season":"SON"},{"bfs_id":703,"rcp":"RCP8.5","period":"2085","key":"tas","value":2.6,"estimate":"q5","season":"DJF"},{"bfs_id":703,"rcp":"RCP8.5","period":"2085","key":"tas","value":9.1,"estimate":"q5","season":"MAM"},{"bfs_id":703,"rcp":"RCP8.5","period":"2085","key":"tas","value":19.3,"estimate":"q5","season":"JJA"},{"bfs_id":703,"rcp":"RCP8.5","period":"2085","key":"tas","value":11.1,"estimate":"q5","season":"SON"},{"bfs_id":703,"rcp":"RCP8.5","period":"2085","key":"tas","value":3.6,"estimate":"q50","season":"DJF"},{"bfs_id":703,"rcp":"RCP8.5","period":"2085","key":"tas","value":9.9,"estimate":"q50","season":"MAM"},{"bfs_id":703,"rcp":"RCP8.5","period":"2085","key":"tas","value":20.1,"estimate":"q50","season":"JJA"},{"bfs_id":703,"rcp":"RCP8.5","period":"2085","key":"tas","value":12,"estimate":"q50","season":"SON"},{"bfs_id":703,"rcp":"RCP8.5","period":"2085","key":"tas","value":4.4,"estimate":"q95","season":"DJF"},{"bfs_id":703,"rcp":"RCP8.5","period":"2085","key":"tas","value":11,"estimate":"q95","season":"MAM"},{"bfs_id":703,"rcp":"RCP8.5","period":"2085","key":"tas","value":22.4,"estimate":"q95","season":"JJA"},{"bfs_id":703,"rcp":"RCP8.5","period":"2085","key":"tas","value":13.6,"estimate":"q95","season":"SON"},{"bfs_id":703,"rcp":"obs","period":"1981-2010","key":"FD","value":113,"estimate":"yearly_mean"},{"bfs_id":703,"rcp":"obs","period":"1981-2010","key":"HD","value":2.4,"estimate":"yearly_mean"},{"bfs_id":703,"rcp":"obs","period":"1981-2010","key":"ID","value":27.2,"estimate":"yearly_mean"},{"bfs_id":703,"rcp":"obs","period":"1981-2010","key":"SD","value":24,"estimate":"yearly_mean"},{"bfs_id":703,"rcp":"obs","period":"1981-2010","key":"snowdays","value":34.7,"estimate":"yearly_mean"},{"bfs_id":703,"rcp":"obs","period":"1981-2010","key":"TN","value":0,"estimate":"yearly_mean"},{"bfs_id":703,"rcp":"obs","period":"1981-2010","key":"pr","value":3.8,"estimate":"mean","season":"DJF"},{"bfs_id":703,"rcp":"obs","period":"1981-2010","key":"pr","value":3.7,"estimate":"mean","season":"MAM"},{"bfs_id":703,"rcp":"obs","period":"1981-2010","key":"pr","value":4,"estimate":"mean","season":"JJA"},{"bfs_id":703,"rcp":"obs","period":"1981-2010","key":"pr","value":3.7,"estimate":"mean","season":"SON"},{"bfs_id":703,"rcp":"obs","period":"1981-2010","key":"tas","value":-0.4,"estimate":"mean","season":"DJF"},{"bfs_id":703,"rcp":"obs","period":"1981-2010","key":"tas","value":6.9,"estimate":"mean","season":"MAM"},{"bfs_id":703,"rcp":"obs","period":"1981-2010","key":"tas","value":15.7,"estimate":"mean","season":"JJA"},{"bfs_id":703,"rcp":"obs","period":"1981-2010","key":"tas","value":7.9,"estimate":"mean","season":"SON"}]
