[{"bfs_id":4310,"rcp":"RCP2.6","period":"2035","key":"FD","value":55.5,"estimate":"q5"},{"bfs_id":4310,"rcp":"RCP2.6","period":"2035","key":"FD","value":66.4,"estimate":"q50"},{"bfs_id":4310,"rcp":"RCP2.6","period":"2035","key":"FD","value":72,"estimate":"q95"},{"bfs_id":4310,"rcp":"RCP2.6","period":"2060","key":"FD","value":52.9,"estimate":"q5"},{"bfs_id":4310,"rcp":"RCP2.6","period":"2060","key":"FD","value":63.5,"estimate":"q50"},{"bfs_id":4310,"rcp":"RCP2.6","period":"2060","key":"FD","value":69.6,"estimate":"q95"},{"bfs_id":4310,"rcp":"RCP2.6","period":"2085","key":"FD","value":54.1,"estimate":"q5"},{"bfs_id":4310,"rcp":"RCP2.6","period":"2085","key":"FD","value":64.8,"estimate":"q50"},{"bfs_id":4310,"rcp":"RCP2.6","period":"2085","key":"FD","value":71,"estimate":"q95"},{"bfs_id":4310,"rcp":"RCP8.5","period":"2035","key":"FD","value":51.8,"estimate":"q5"},{"bfs_id":4310,"rcp":"RCP8.5","period":"2035","key":"FD","value":63,"estimate":"q50"},{"bfs_id":4310,"rcp":"RCP8.5","period":"2035","key":"FD","value":68.7,"estimate":"q95"},{"bfs_id":4310,"rcp":"RCP8.5","period":"2060","key":"FD","value":40,"estimate":"q5"},{"bfs_id":4310,"rcp":"RCP8.5","period":"2060","key":"FD","value":49.1,"estimate":"q50"},{"bfs_id":4310,"rcp":"RCP8.5","period":"2060","key":"FD","value":55.9,"estimate":"q95"},{"bfs_id":4310,"rcp":"RCP8.5","period":"2085","key":"FD","value":21.2,"estimate":"q5"},{"bfs_id":4310,"rcp":"RCP8.5","period":"2085","key":"FD","value":29.5,"estimate":"q50"},{"bfs_id":4310,"rcp":"RCP8.5","period":"2085","key":"FD","value":41.2,"estimate":"q95"},{"bfs_id":4310,"rcp":"RCP2.6","period":"2035","key":"HD","value":15.6,"estimate":"q5"},{"bfs_id":4310,"rcp":"RCP2.6","period":"2035","key":"HD","value":19.6,"estimate":"q50"},{"bfs_id":4310,"rcp":"RCP2.6","period":"2035","key":"HD","value":24.7,"estimate":"q95"},{"bfs_id":4310,"rcp":"RCP2.6","period":"2060","key":"HD","value":15.5,"estimate":"q5"},{"bfs_id":4310,"rcp":"RCP2.6","period":"2060","key":"HD","value":19.6,"estimate":"q50"},{"bfs_id":4310,"rcp":"RCP2.6","period":"2060","key":"HD","value":26.6,"estimate":"q95"},{"bfs_id":4310,"rcp":"RCP2.6","period":"2085","key":"HD","value":16.1,"estimate":"q5"},{"bfs_id":4310,"rcp":"RCP2.6","period":"2085","key":"HD","value":20.1,"estimate":"q50"},{"bfs_id":4310,"rcp":"RCP2.6","period":"2085","key":"HD","value":26,"estimate":"q95"},{"bfs_id":4310,"rcp":"RCP8.5","period":"2035","key":"HD","value":17.1,"estimate":"q5"},{"bfs_id":4310,"rcp":"RCP8.5","period":"2035","key":"HD","value":20.7,"estimate":"q50"},{"bfs_id":4310,"rcp":"RCP8.5","period":"2035","key":"HD","value":26.8,"estimate":"q95"},{"bfs_id":4310,"rcp":"RCP8.5","period":"2060","key":"HD","value":24.6,"estimate":"q5"},{"bfs_id":4310,"rcp":"RCP8.5","period":"2060","key":"HD","value":31,"estimate":"q50"},{"bfs_id":4310,"rcp":"RCP8.5","period":"2060","key":"HD","value":45.3,"estimate":"q95"},{"bfs_id":4310,"rcp":"RCP8.5","period":"2085","key":"HD","value":39.6,"estimate":"q5"},{"bfs_id":4310,"rcp":"RCP8.5","period":"2085","key":"HD","value":47.6,"estimate":"q50"},{"bfs_id":4310,"rcp":"RCP8.5","period":"2085","key":"HD","value":71.5,"estimate":"q95"},{"bfs_id":4310,"rcp":"RCP2.6","period":"2035","key":"ID","value":8.6,"estimate":"q5"},{"bfs_id":4310,"rcp":"RCP2.6","period":"2035","key":"ID","value":11.3,"estimate":"q50"},{"bfs_id":4310,"rcp":"RCP2.6","period":"2035","key":"ID","value":14.9,"estimate":"q95"},{"bfs_id":4310,"rcp":"RCP2.6","period":"2060","key":"ID","value":7.9,"estimate":"q5"},{"bfs_id":4310,"rcp":"RCP2.6","period":"2060","key":"ID","value":11.3,"estimate":"q50"},{"bfs_id":4310,"rcp":"RCP2.6","period":"2060","key":"ID","value":13,"estimate":"q95"},{"bfs_id":4310,"rcp":"RCP2.6","period":"2085","key":"ID","value":8.1,"estimate":"q5"},{"bfs_id":4310,"rcp":"RCP2.6","period":"2085","key":"ID","value":10.6,"estimate":"q50"},{"bfs_id":4310,"rcp":"RCP2.6","period":"2085","key":"ID","value":13.2,"estimate":"q95"},{"bfs_id":4310,"rcp":"RCP8.5","period":"2035","key":"ID","value":8.1,"estimate":"q5"},{"bfs_id":4310,"rcp":"RCP8.5","period":"2035","key":"ID","value":10.5,"estimate":"q50"},{"bfs_id":4310,"rcp":"RCP8.5","period":"2035","key":"ID","value":14.1,"estimate":"q95"},{"bfs_id":4310,"rcp":"RCP8.5","period":"2060","key":"ID","value":4.9,"estimate":"q5"},{"bfs_id":4310,"rcp":"RCP8.5","period":"2060","key":"ID","value":6.9,"estimate":"q50"},{"bfs_id":4310,"rcp":"RCP8.5","period":"2060","key":"ID","value":9.2,"estimate":"q95"},{"bfs_id":4310,"rcp":"RCP8.5","period":"2085","key":"ID","value":1.1,"estimate":"q5"},{"bfs_id":4310,"rcp":"RCP8.5","period":"2085","key":"ID","value":3,"estimate":"q50"},{"bfs_id":4310,"rcp":"RCP8.5","period":"2085","key":"ID","value":5.1,"estimate":"q95"},{"bfs_id":4310,"rcp":"RCP2.6","period":"2035","key":"SD","value":60.8,"estimate":"q5"},{"bfs_id":4310,"rcp":"RCP2.6","period":"2035","key":"SD","value":66.3,"estimate":"q50"},{"bfs_id":4310,"rcp":"RCP2.6","period":"2035","key":"SD","value":74.7,"estimate":"q95"},{"bfs_id":4310,"rcp":"RCP2.6","period":"2060","key":"SD","value":61.2,"estimate":"q5"},{"bfs_id":4310,"rcp":"RCP2.6","period":"2060","key":"SD","value":68.1,"estimate":"q50"},{"bfs_id":4310,"rcp":"RCP2.6","period":"2060","key":"SD","value":74.3,"estimate":"q95"},{"bfs_id":4310,"rcp":"RCP2.6","period":"2085","key":"SD","value":60.2,"estimate":"q5"},{"bfs_id":4310,"rcp":"RCP2.6","period":"2085","key":"SD","value":67.8,"estimate":"q50"},{"bfs_id":4310,"rcp":"RCP2.6","period":"2085","key":"SD","value":75.3,"estimate":"q95"},{"bfs_id":4310,"rcp":"RCP8.5","period":"2035","key":"SD","value":63.2,"estimate":"q5"},{"bfs_id":4310,"rcp":"RCP8.5","period":"2035","key":"SD","value":69.1,"estimate":"q50"},{"bfs_id":4310,"rcp":"RCP8.5","period":"2035","key":"SD","value":75.3,"estimate":"q95"},{"bfs_id":4310,"rcp":"RCP8.5","period":"2060","key":"SD","value":79.6,"estimate":"q5"},{"bfs_id":4310,"rcp":"RCP8.5","period":"2060","key":"SD","value":84.7,"estimate":"q50"},{"bfs_id":4310,"rcp":"RCP8.5","period":"2060","key":"SD","value":98.7,"estimate":"q95"},{"bfs_id":4310,"rcp":"RCP8.5","period":"2085","key":"SD","value":93.1,"estimate":"q5"},{"bfs_id":4310,"rcp":"RCP8.5","period":"2085","key":"SD","value":107,"estimate":"q50"},{"bfs_id":4310,"rcp":"RCP8.5","period":"2085","key":"SD","value":123.5,"estimate":"q95"},{"bfs_id":4310,"rcp":"RCP2.6","period":"2035","key":"snowdays","value":9.8,"estimate":"q5"},{"bfs_id":4310,"rcp":"RCP2.6","period":"2035","key":"snowdays","value":13.7,"estimate":"q50"},{"bfs_id":4310,"rcp":"RCP2.6","period":"2035","key":"snowdays","value":16.1,"estimate":"q95"},{"bfs_id":4310,"rcp":"RCP2.6","period":"2060","key":"snowdays","value":9.1,"estimate":"q5"},{"bfs_id":4310,"rcp":"RCP2.6","period":"2060","key":"snowdays","value":13,"estimate":"q50"},{"bfs_id":4310,"rcp":"RCP2.6","period":"2060","key":"snowdays","value":15.4,"estimate":"q95"},{"bfs_id":4310,"rcp":"RCP2.6","period":"2085","key":"snowdays","value":9.3,"estimate":"q5"},{"bfs_id":4310,"rcp":"RCP2.6","period":"2085","key":"snowdays","value":13.2,"estimate":"q50"},{"bfs_id":4310,"rcp":"RCP2.6","period":"2085","key":"snowdays","value":16,"estimate":"q95"},{"bfs_id":4310,"rcp":"RCP8.5","period":"2035","key":"snowdays","value":8.4,"estimate":"q5"},{"bfs_id":4310,"rcp":"RCP8.5","period":"2035","key":"snowdays","value":12.9,"estimate":"q50"},{"bfs_id":4310,"rcp":"RCP8.5","period":"2035","key":"snowdays","value":15.6,"estimate":"q95"},{"bfs_id":4310,"rcp":"RCP8.5","period":"2060","key":"snowdays","value":5.7,"estimate":"q5"},{"bfs_id":4310,"rcp":"RCP8.5","period":"2060","key":"snowdays","value":9.3,"estimate":"q50"},{"bfs_id":4310,"rcp":"RCP8.5","period":"2060","key":"snowdays","value":11.4,"estimate":"q95"},{"bfs_id":4310,"rcp":"RCP8.5","period":"2085","key":"snowdays","value":1.8,"estimate":"q5"},{"bfs_id":4310,"rcp":"RCP8.5","period":"2085","key":"snowdays","value":5,"estimate":"q50"},{"bfs_id":4310,"rcp":"RCP8.5","period":"2085","key":"snowdays","value":6.9,"estimate":"q95"},{"bfs_id":4310,"rcp":"RCP2.6","period":"2035","key":"TN","value":0.2,"estimate":"q5"},{"bfs_id":4310,"rcp":"RCP2.6","period":"2035","key":"TN","value":0.7,"estimate":"q50"},{"bfs_id":4310,"rcp":"RCP2.6","period":"2035","key":"TN","value":1.3,"estimate":"q95"},{"bfs_id":4310,"rcp":"RCP2.6","period":"2060","key":"TN","value":0.2,"estimate":"q5"},{"bfs_id":4310,"rcp":"RCP2.6","period":"2060","key":"TN","value":0.8,"estimate":"q50"},{"bfs_id":4310,"rcp":"RCP2.6","period":"2060","key":"TN","value":1.7,"estimate":"q95"},{"bfs_id":4310,"rcp":"RCP2.6","period":"2085","key":"TN","value":0.2,"estimate":"q5"},{"bfs_id":4310,"rcp":"RCP2.6","period":"2085","key":"TN","value":0.9,"estimate":"q50"},{"bfs_id":4310,"rcp":"RCP2.6","period":"2085","key":"TN","value":1.2,"estimate":"q95"},{"bfs_id":4310,"rcp":"RCP8.5","period":"2035","key":"TN","value":0.4,"estimate":"q5"},{"bfs_id":4310,"rcp":"RCP8.5","period":"2035","key":"TN","value":0.9,"estimate":"q50"},{"bfs_id":4310,"rcp":"RCP8.5","period":"2035","key":"TN","value":2.9,"estimate":"q95"},{"bfs_id":4310,"rcp":"RCP8.5","period":"2060","key":"TN","value":1.7,"estimate":"q5"},{"bfs_id":4310,"rcp":"RCP8.5","period":"2060","key":"TN","value":3.8,"estimate":"q50"},{"bfs_id":4310,"rcp":"RCP8.5","period":"2060","key":"TN","value":8.9,"estimate":"q95"},{"bfs_id":4310,"rcp":"RCP8.5","period":"2085","key":"TN","value":6.9,"estimate":"q5"},{"bfs_id":4310,"rcp":"RCP8.5","period":"2085","key":"TN","value":11.1,"estimate":"q50"},{"bfs_id":4310,"rcp":"RCP8.5","period":"2085","key":"TN","value":27.1,"estimate":"q95"},{"bfs_id":4310,"rcp":"RCP2.6","period":"2035","key":"pr","value":2.9,"estimate":"q5","season":"DJF"},{"bfs_id":4310,"rcp":"RCP2.6","period":"2035","key":"pr","value":2.5,"estimate":"q5","season":"MAM"},{"bfs_id":4310,"rcp":"RCP2.6","period":"2035","key":"pr","value":2.5,"estimate":"q5","season":"JJA"},{"bfs_id":4310,"rcp":"RCP2.6","period":"2035","key":"pr","value":2.5,"estimate":"q5","season":"SON"},{"bfs_id":4310,"rcp":"RCP2.6","period":"2035","key":"pr","value":3.3,"estimate":"q50","season":"DJF"},{"bfs_id":4310,"rcp":"RCP2.6","period":"2035","key":"pr","value":2.9,"estimate":"q50","season":"MAM"},{"bfs_id":4310,"rcp":"RCP2.6","period":"2035","key":"pr","value":2.8,"estimate":"q50","season":"JJA"},{"bfs_id":4310,"rcp":"RCP2.6","period":"2035","key":"pr","value":2.8,"estimate":"q50","season":"SON"},{"bfs_id":4310,"rcp":"RCP2.6","period":"2035","key":"pr","value":4,"estimate":"q95","season":"DJF"},{"bfs_id":4310,"rcp":"RCP2.6","period":"2035","key":"pr","value":3.2,"estimate":"q95","season":"MAM"},{"bfs_id":4310,"rcp":"RCP2.6","period":"2035","key":"pr","value":3.1,"estimate":"q95","season":"JJA"},{"bfs_id":4310,"rcp":"RCP2.6","period":"2035","key":"pr","value":3.4,"estimate":"q95","season":"SON"},{"bfs_id":4310,"rcp":"RCP2.6","period":"2060","key":"pr","value":2.9,"estimate":"q5","season":"DJF"},{"bfs_id":4310,"rcp":"RCP2.6","period":"2060","key":"pr","value":2.7,"estimate":"q5","season":"MAM"},{"bfs_id":4310,"rcp":"RCP2.6","period":"2060","key":"pr","value":2.3,"estimate":"q5","season":"JJA"},{"bfs_id":4310,"rcp":"RCP2.6","period":"2060","key":"pr","value":2.6,"estimate":"q5","season":"SON"},{"bfs_id":4310,"rcp":"RCP2.6","period":"2060","key":"pr","value":3.4,"estimate":"q50","season":"DJF"},{"bfs_id":4310,"rcp":"RCP2.6","period":"2060","key":"pr","value":2.9,"estimate":"q50","season":"MAM"},{"bfs_id":4310,"rcp":"RCP2.6","period":"2060","key":"pr","value":2.8,"estimate":"q50","season":"JJA"},{"bfs_id":4310,"rcp":"RCP2.6","period":"2060","key":"pr","value":2.8,"estimate":"q50","season":"SON"},{"bfs_id":4310,"rcp":"RCP2.6","period":"2060","key":"pr","value":3.8,"estimate":"q95","season":"DJF"},{"bfs_id":4310,"rcp":"RCP2.6","period":"2060","key":"pr","value":3.2,"estimate":"q95","season":"MAM"},{"bfs_id":4310,"rcp":"RCP2.6","period":"2060","key":"pr","value":3.1,"estimate":"q95","season":"JJA"},{"bfs_id":4310,"rcp":"RCP2.6","period":"2060","key":"pr","value":3.2,"estimate":"q95","season":"SON"},{"bfs_id":4310,"rcp":"RCP2.6","period":"2085","key":"pr","value":3,"estimate":"q5","season":"DJF"},{"bfs_id":4310,"rcp":"RCP2.6","period":"2085","key":"pr","value":2.6,"estimate":"q5","season":"MAM"},{"bfs_id":4310,"rcp":"RCP2.6","period":"2085","key":"pr","value":2.3,"estimate":"q5","season":"JJA"},{"bfs_id":4310,"rcp":"RCP2.6","period":"2085","key":"pr","value":2.5,"estimate":"q5","season":"SON"},{"bfs_id":4310,"rcp":"RCP2.6","period":"2085","key":"pr","value":3.4,"estimate":"q50","season":"DJF"},{"bfs_id":4310,"rcp":"RCP2.6","period":"2085","key":"pr","value":2.8,"estimate":"q50","season":"MAM"},{"bfs_id":4310,"rcp":"RCP2.6","period":"2085","key":"pr","value":2.9,"estimate":"q50","season":"JJA"},{"bfs_id":4310,"rcp":"RCP2.6","period":"2085","key":"pr","value":2.8,"estimate":"q50","season":"SON"},{"bfs_id":4310,"rcp":"RCP2.6","period":"2085","key":"pr","value":3.9,"estimate":"q95","season":"DJF"},{"bfs_id":4310,"rcp":"RCP2.6","period":"2085","key":"pr","value":3.2,"estimate":"q95","season":"MAM"},{"bfs_id":4310,"rcp":"RCP2.6","period":"2085","key":"pr","value":3.1,"estimate":"q95","season":"JJA"},{"bfs_id":4310,"rcp":"RCP2.6","period":"2085","key":"pr","value":3.2,"estimate":"q95","season":"SON"},{"bfs_id":4310,"rcp":"RCP8.5","period":"2035","key":"pr","value":3.1,"estimate":"q5","season":"DJF"},{"bfs_id":4310,"rcp":"RCP8.5","period":"2035","key":"pr","value":2.7,"estimate":"q5","season":"MAM"},{"bfs_id":4310,"rcp":"RCP8.5","period":"2035","key":"pr","value":2.3,"estimate":"q5","season":"JJA"},{"bfs_id":4310,"rcp":"RCP8.5","period":"2035","key":"pr","value":2.6,"estimate":"q5","season":"SON"},{"bfs_id":4310,"rcp":"RCP8.5","period":"2035","key":"pr","value":3.5,"estimate":"q50","season":"DJF"},{"bfs_id":4310,"rcp":"RCP8.5","period":"2035","key":"pr","value":3,"estimate":"q50","season":"MAM"},{"bfs_id":4310,"rcp":"RCP8.5","period":"2035","key":"pr","value":2.9,"estimate":"q50","season":"JJA"},{"bfs_id":4310,"rcp":"RCP8.5","period":"2035","key":"pr","value":2.9,"estimate":"q50","season":"SON"},{"bfs_id":4310,"rcp":"RCP8.5","period":"2035","key":"pr","value":3.8,"estimate":"q95","season":"DJF"},{"bfs_id":4310,"rcp":"RCP8.5","period":"2035","key":"pr","value":3.2,"estimate":"q95","season":"MAM"},{"bfs_id":4310,"rcp":"RCP8.5","period":"2035","key":"pr","value":3.1,"estimate":"q95","season":"JJA"},{"bfs_id":4310,"rcp":"RCP8.5","period":"2035","key":"pr","value":3.3,"estimate":"q95","season":"SON"},{"bfs_id":4310,"rcp":"RCP8.5","period":"2060","key":"pr","value":3.2,"estimate":"q5","season":"DJF"},{"bfs_id":4310,"rcp":"RCP8.5","period":"2060","key":"pr","value":2.9,"estimate":"q5","season":"MAM"},{"bfs_id":4310,"rcp":"RCP8.5","period":"2060","key":"pr","value":2.2,"estimate":"q5","season":"JJA"},{"bfs_id":4310,"rcp":"RCP8.5","period":"2060","key":"pr","value":2.5,"estimate":"q5","season":"SON"},{"bfs_id":4310,"rcp":"RCP8.5","period":"2060","key":"pr","value":3.6,"estimate":"q50","season":"DJF"},{"bfs_id":4310,"rcp":"RCP8.5","period":"2060","key":"pr","value":3.1,"estimate":"q50","season":"MAM"},{"bfs_id":4310,"rcp":"RCP8.5","period":"2060","key":"pr","value":2.7,"estimate":"q50","season":"JJA"},{"bfs_id":4310,"rcp":"RCP8.5","period":"2060","key":"pr","value":2.9,"estimate":"q50","season":"SON"},{"bfs_id":4310,"rcp":"RCP8.5","period":"2060","key":"pr","value":4.2,"estimate":"q95","season":"DJF"},{"bfs_id":4310,"rcp":"RCP8.5","period":"2060","key":"pr","value":3.5,"estimate":"q95","season":"MAM"},{"bfs_id":4310,"rcp":"RCP8.5","period":"2060","key":"pr","value":3,"estimate":"q95","season":"JJA"},{"bfs_id":4310,"rcp":"RCP8.5","period":"2060","key":"pr","value":3.4,"estimate":"q95","season":"SON"},{"bfs_id":4310,"rcp":"RCP8.5","period":"2085","key":"pr","value":3.4,"estimate":"q5","season":"DJF"},{"bfs_id":4310,"rcp":"RCP8.5","period":"2085","key":"pr","value":2.8,"estimate":"q5","season":"MAM"},{"bfs_id":4310,"rcp":"RCP8.5","period":"2085","key":"pr","value":1.6,"estimate":"q5","season":"JJA"},{"bfs_id":4310,"rcp":"RCP8.5","period":"2085","key":"pr","value":2.5,"estimate":"q5","season":"SON"},{"bfs_id":4310,"rcp":"RCP8.5","period":"2085","key":"pr","value":4,"estimate":"q50","season":"DJF"},{"bfs_id":4310,"rcp":"RCP8.5","period":"2085","key":"pr","value":3.3,"estimate":"q50","season":"MAM"},{"bfs_id":4310,"rcp":"RCP8.5","period":"2085","key":"pr","value":2.5,"estimate":"q50","season":"JJA"},{"bfs_id":4310,"rcp":"RCP8.5","period":"2085","key":"pr","value":2.9,"estimate":"q50","season":"SON"},{"bfs_id":4310,"rcp":"RCP8.5","period":"2085","key":"pr","value":4.9,"estimate":"q95","season":"DJF"},{"bfs_id":4310,"rcp":"RCP8.5","period":"2085","key":"pr","value":3.6,"estimate":"q95","season":"MAM"},{"bfs_id":4310,"rcp":"RCP8.5","period":"2085","key":"pr","value":3.1,"estimate":"q95","season":"JJA"},{"bfs_id":4310,"rcp":"RCP8.5","period":"2085","key":"pr","value":3.4,"estimate":"q95","season":"SON"},{"bfs_id":4310,"rcp":"RCP2.6","period":"2035","key":"tas","value":1.8,"estimate":"q5","season":"DJF"},{"bfs_id":4310,"rcp":"RCP2.6","period":"2035","key":"tas","value":9.8,"estimate":"q5","season":"MAM"},{"bfs_id":4310,"rcp":"RCP2.6","period":"2035","key":"tas","value":19,"estimate":"q5","season":"JJA"},{"bfs_id":4310,"rcp":"RCP2.6","period":"2035","key":"tas","value":10.5,"estimate":"q5","season":"SON"},{"bfs_id":4310,"rcp":"RCP2.6","period":"2035","key":"tas","value":2.4,"estimate":"q50","season":"DJF"},{"bfs_id":4310,"rcp":"RCP2.6","period":"2035","key":"tas","value":10.4,"estimate":"q50","season":"MAM"},{"bfs_id":4310,"rcp":"RCP2.6","period":"2035","key":"tas","value":19.5,"estimate":"q50","season":"JJA"},{"bfs_id":4310,"rcp":"RCP2.6","period":"2035","key":"tas","value":10.8,"estimate":"q50","season":"SON"},{"bfs_id":4310,"rcp":"RCP2.6","period":"2035","key":"tas","value":3.2,"estimate":"q95","season":"DJF"},{"bfs_id":4310,"rcp":"RCP2.6","period":"2035","key":"tas","value":10.7,"estimate":"q95","season":"MAM"},{"bfs_id":4310,"rcp":"RCP2.6","period":"2035","key":"tas","value":20,"estimate":"q95","season":"JJA"},{"bfs_id":4310,"rcp":"RCP2.6","period":"2035","key":"tas","value":11.7,"estimate":"q95","season":"SON"},{"bfs_id":4310,"rcp":"RCP2.6","period":"2060","key":"tas","value":1.9,"estimate":"q5","season":"DJF"},{"bfs_id":4310,"rcp":"RCP2.6","period":"2060","key":"tas","value":9.7,"estimate":"q5","season":"MAM"},{"bfs_id":4310,"rcp":"RCP2.6","period":"2060","key":"tas","value":19.2,"estimate":"q5","season":"JJA"},{"bfs_id":4310,"rcp":"RCP2.6","period":"2060","key":"tas","value":10.8,"estimate":"q5","season":"SON"},{"bfs_id":4310,"rcp":"RCP2.6","period":"2060","key":"tas","value":2.7,"estimate":"q50","season":"DJF"},{"bfs_id":4310,"rcp":"RCP2.6","period":"2060","key":"tas","value":10.4,"estimate":"q50","season":"MAM"},{"bfs_id":4310,"rcp":"RCP2.6","period":"2060","key":"tas","value":19.6,"estimate":"q50","season":"JJA"},{"bfs_id":4310,"rcp":"RCP2.6","period":"2060","key":"tas","value":11.1,"estimate":"q50","season":"SON"},{"bfs_id":4310,"rcp":"RCP2.6","period":"2060","key":"tas","value":3.3,"estimate":"q95","season":"DJF"},{"bfs_id":4310,"rcp":"RCP2.6","period":"2060","key":"tas","value":10.8,"estimate":"q95","season":"MAM"},{"bfs_id":4310,"rcp":"RCP2.6","period":"2060","key":"tas","value":20.2,"estimate":"q95","season":"JJA"},{"bfs_id":4310,"rcp":"RCP2.6","period":"2060","key":"tas","value":12.1,"estimate":"q95","season":"SON"},{"bfs_id":4310,"rcp":"RCP2.6","period":"2085","key":"tas","value":2,"estimate":"q5","season":"DJF"},{"bfs_id":4310,"rcp":"RCP2.6","period":"2085","key":"tas","value":9.8,"estimate":"q5","season":"MAM"},{"bfs_id":4310,"rcp":"RCP2.6","period":"2085","key":"tas","value":19.1,"estimate":"q5","season":"JJA"},{"bfs_id":4310,"rcp":"RCP2.6","period":"2085","key":"tas","value":10.5,"estimate":"q5","season":"SON"},{"bfs_id":4310,"rcp":"RCP2.6","period":"2085","key":"tas","value":2.7,"estimate":"q50","season":"DJF"},{"bfs_id":4310,"rcp":"RCP2.6","period":"2085","key":"tas","value":10.5,"estimate":"q50","season":"MAM"},{"bfs_id":4310,"rcp":"RCP2.6","period":"2085","key":"tas","value":19.6,"estimate":"q50","season":"JJA"},{"bfs_id":4310,"rcp":"RCP2.6","period":"2085","key":"tas","value":11.2,"estimate":"q50","season":"SON"},{"bfs_id":4310,"rcp":"RCP2.6","period":"2085","key":"tas","value":3.3,"estimate":"q95","season":"DJF"},{"bfs_id":4310,"rcp":"RCP2.6","period":"2085","key":"tas","value":10.9,"estimate":"q95","season":"MAM"},{"bfs_id":4310,"rcp":"RCP2.6","period":"2085","key":"tas","value":20.2,"estimate":"q95","season":"JJA"},{"bfs_id":4310,"rcp":"RCP2.6","period":"2085","key":"tas","value":12,"estimate":"q95","season":"SON"},{"bfs_id":4310,"rcp":"RCP8.5","period":"2035","key":"tas","value":1.8,"estimate":"q5","season":"DJF"},{"bfs_id":4310,"rcp":"RCP8.5","period":"2035","key":"tas","value":10,"estimate":"q5","season":"MAM"},{"bfs_id":4310,"rcp":"RCP8.5","period":"2035","key":"tas","value":19.3,"estimate":"q5","season":"JJA"},{"bfs_id":4310,"rcp":"RCP8.5","period":"2035","key":"tas","value":10.8,"estimate":"q5","season":"SON"},{"bfs_id":4310,"rcp":"RCP8.5","period":"2035","key":"tas","value":2.8,"estimate":"q50","season":"DJF"},{"bfs_id":4310,"rcp":"RCP8.5","period":"2035","key":"tas","value":10.5,"estimate":"q50","season":"MAM"},{"bfs_id":4310,"rcp":"RCP8.5","period":"2035","key":"tas","value":19.7,"estimate":"q50","season":"JJA"},{"bfs_id":4310,"rcp":"RCP8.5","period":"2035","key":"tas","value":11.3,"estimate":"q50","season":"SON"},{"bfs_id":4310,"rcp":"RCP8.5","period":"2035","key":"tas","value":3.2,"estimate":"q95","season":"DJF"},{"bfs_id":4310,"rcp":"RCP8.5","period":"2035","key":"tas","value":10.9,"estimate":"q95","season":"MAM"},{"bfs_id":4310,"rcp":"RCP8.5","period":"2035","key":"tas","value":20.3,"estimate":"q95","season":"JJA"},{"bfs_id":4310,"rcp":"RCP8.5","period":"2035","key":"tas","value":12.1,"estimate":"q95","season":"SON"},{"bfs_id":4310,"rcp":"RCP8.5","period":"2060","key":"tas","value":3.1,"estimate":"q5","season":"DJF"},{"bfs_id":4310,"rcp":"RCP8.5","period":"2060","key":"tas","value":10.8,"estimate":"q5","season":"MAM"},{"bfs_id":4310,"rcp":"RCP8.5","period":"2060","key":"tas","value":20.4,"estimate":"q5","season":"JJA"},{"bfs_id":4310,"rcp":"RCP8.5","period":"2060","key":"tas","value":11.9,"estimate":"q5","season":"SON"},{"bfs_id":4310,"rcp":"RCP8.5","period":"2060","key":"tas","value":3.5,"estimate":"q50","season":"DJF"},{"bfs_id":4310,"rcp":"RCP8.5","period":"2060","key":"tas","value":11.3,"estimate":"q50","season":"MAM"},{"bfs_id":4310,"rcp":"RCP8.5","period":"2060","key":"tas","value":21,"estimate":"q50","season":"JJA"},{"bfs_id":4310,"rcp":"RCP8.5","period":"2060","key":"tas","value":12.4,"estimate":"q50","season":"SON"},{"bfs_id":4310,"rcp":"RCP8.5","period":"2060","key":"tas","value":4.2,"estimate":"q95","season":"DJF"},{"bfs_id":4310,"rcp":"RCP8.5","period":"2060","key":"tas","value":12,"estimate":"q95","season":"MAM"},{"bfs_id":4310,"rcp":"RCP8.5","period":"2060","key":"tas","value":21.9,"estimate":"q95","season":"JJA"},{"bfs_id":4310,"rcp":"RCP8.5","period":"2060","key":"tas","value":13.3,"estimate":"q95","season":"SON"},{"bfs_id":4310,"rcp":"RCP8.5","period":"2085","key":"tas","value":4.3,"estimate":"q5","season":"DJF"},{"bfs_id":4310,"rcp":"RCP8.5","period":"2085","key":"tas","value":11.9,"estimate":"q5","season":"MAM"},{"bfs_id":4310,"rcp":"RCP8.5","period":"2085","key":"tas","value":21.7,"estimate":"q5","season":"JJA"},{"bfs_id":4310,"rcp":"RCP8.5","period":"2085","key":"tas","value":12.9,"estimate":"q5","season":"SON"},{"bfs_id":4310,"rcp":"RCP8.5","period":"2085","key":"tas","value":5.3,"estimate":"q50","season":"DJF"},{"bfs_id":4310,"rcp":"RCP8.5","period":"2085","key":"tas","value":12.5,"estimate":"q50","season":"MAM"},{"bfs_id":4310,"rcp":"RCP8.5","period":"2085","key":"tas","value":22.5,"estimate":"q50","season":"JJA"},{"bfs_id":4310,"rcp":"RCP8.5","period":"2085","key":"tas","value":13.8,"estimate":"q50","season":"SON"},{"bfs_id":4310,"rcp":"RCP8.5","period":"2085","key":"tas","value":6,"estimate":"q95","season":"DJF"},{"bfs_id":4310,"rcp":"RCP8.5","period":"2085","key":"tas","value":13.6,"estimate":"q95","season":"MAM"},{"bfs_id":4310,"rcp":"RCP8.5","period":"2085","key":"tas","value":24.8,"estimate":"q95","season":"JJA"},{"bfs_id":4310,"rcp":"RCP8.5","period":"2085","key":"tas","value":15.5,"estimate":"q95","season":"SON"},{"bfs_id":4310,"rcp":"obs","period":"1981-2010","key":"FD","value":81.1,"estimate":"yearly_mean"},{"bfs_id":4310,"rcp":"obs","period":"1981-2010","key":"HD","value":11.7,"estimate":"yearly_mean"},{"bfs_id":4310,"rcp":"obs","period":"1981-2010","key":"ID","value":16.9,"estimate":"yearly_mean"},{"bfs_id":4310,"rcp":"obs","period":"1981-2010","key":"SD","value":54,"estimate":"yearly_mean"},{"bfs_id":4310,"rcp":"obs","period":"1981-2010","key":"snowdays","value":14.1,"estimate":"yearly_mean"},{"bfs_id":4310,"rcp":"obs","period":"1981-2010","key":"TN","value":0,"estimate":"yearly_mean"},{"bfs_id":4310,"rcp":"obs","period":"1981-2010","key":"pr","value":3.2,"estimate":"mean","season":"DJF"},{"bfs_id":4310,"rcp":"obs","period":"1981-2010","key":"pr","value":2.8,"estimate":"mean","season":"MAM"},{"bfs_id":4310,"rcp":"obs","period":"1981-2010","key":"pr","value":3,"estimate":"mean","season":"JJA"},{"bfs_id":4310,"rcp":"obs","period":"1981-2010","key":"pr","value":2.8,"estimate":"mean","season":"SON"},{"bfs_id":4310,"rcp":"obs","period":"1981-2010","key":"tas","value":1.2,"estimate":"mean","season":"DJF"},{"bfs_id":4310,"rcp":"obs","period":"1981-2010","key":"tas","value":9.8,"estimate":"mean","season":"MAM"},{"bfs_id":4310,"rcp":"obs","period":"1981-2010","key":"tas","value":18.4,"estimate":"mean","season":"JJA"},{"bfs_id":4310,"rcp":"obs","period":"1981-2010","key":"tas","value":9.8,"estimate":"mean","season":"SON"}]
