[{"bfs_id":4280,"rcp":"RCP2.6","period":"2035","key":"FD","value":63.2,"estimate":"q5"},{"bfs_id":4280,"rcp":"RCP2.6","period":"2035","key":"FD","value":74.3,"estimate":"q50"},{"bfs_id":4280,"rcp":"RCP2.6","period":"2035","key":"FD","value":80.9,"estimate":"q95"},{"bfs_id":4280,"rcp":"RCP2.6","period":"2060","key":"FD","value":61.8,"estimate":"q5"},{"bfs_id":4280,"rcp":"RCP2.6","period":"2060","key":"FD","value":70.1,"estimate":"q50"},{"bfs_id":4280,"rcp":"RCP2.6","period":"2060","key":"FD","value":77.1,"estimate":"q95"},{"bfs_id":4280,"rcp":"RCP2.6","period":"2085","key":"FD","value":62.9,"estimate":"q5"},{"bfs_id":4280,"rcp":"RCP2.6","period":"2085","key":"FD","value":72.7,"estimate":"q50"},{"bfs_id":4280,"rcp":"RCP2.6","period":"2085","key":"FD","value":79.4,"estimate":"q95"},{"bfs_id":4280,"rcp":"RCP8.5","period":"2035","key":"FD","value":59.7,"estimate":"q5"},{"bfs_id":4280,"rcp":"RCP8.5","period":"2035","key":"FD","value":70.5,"estimate":"q50"},{"bfs_id":4280,"rcp":"RCP8.5","period":"2035","key":"FD","value":77.1,"estimate":"q95"},{"bfs_id":4280,"rcp":"RCP8.5","period":"2060","key":"FD","value":49.2,"estimate":"q5"},{"bfs_id":4280,"rcp":"RCP8.5","period":"2060","key":"FD","value":57.3,"estimate":"q50"},{"bfs_id":4280,"rcp":"RCP8.5","period":"2060","key":"FD","value":64.9,"estimate":"q95"},{"bfs_id":4280,"rcp":"RCP8.5","period":"2085","key":"FD","value":30.8,"estimate":"q5"},{"bfs_id":4280,"rcp":"RCP8.5","period":"2085","key":"FD","value":37.5,"estimate":"q50"},{"bfs_id":4280,"rcp":"RCP8.5","period":"2085","key":"FD","value":49.1,"estimate":"q95"},{"bfs_id":4280,"rcp":"RCP2.6","period":"2035","key":"HD","value":13.2,"estimate":"q5"},{"bfs_id":4280,"rcp":"RCP2.6","period":"2035","key":"HD","value":16.7,"estimate":"q50"},{"bfs_id":4280,"rcp":"RCP2.6","period":"2035","key":"HD","value":21.9,"estimate":"q95"},{"bfs_id":4280,"rcp":"RCP2.6","period":"2060","key":"HD","value":14.1,"estimate":"q5"},{"bfs_id":4280,"rcp":"RCP2.6","period":"2060","key":"HD","value":16.8,"estimate":"q50"},{"bfs_id":4280,"rcp":"RCP2.6","period":"2060","key":"HD","value":24.6,"estimate":"q95"},{"bfs_id":4280,"rcp":"RCP2.6","period":"2085","key":"HD","value":13.5,"estimate":"q5"},{"bfs_id":4280,"rcp":"RCP2.6","period":"2085","key":"HD","value":16.8,"estimate":"q50"},{"bfs_id":4280,"rcp":"RCP2.6","period":"2085","key":"HD","value":23.8,"estimate":"q95"},{"bfs_id":4280,"rcp":"RCP8.5","period":"2035","key":"HD","value":13.6,"estimate":"q5"},{"bfs_id":4280,"rcp":"RCP8.5","period":"2035","key":"HD","value":17.7,"estimate":"q50"},{"bfs_id":4280,"rcp":"RCP8.5","period":"2035","key":"HD","value":24.2,"estimate":"q95"},{"bfs_id":4280,"rcp":"RCP8.5","period":"2060","key":"HD","value":21.4,"estimate":"q5"},{"bfs_id":4280,"rcp":"RCP8.5","period":"2060","key":"HD","value":27.4,"estimate":"q50"},{"bfs_id":4280,"rcp":"RCP8.5","period":"2060","key":"HD","value":40.2,"estimate":"q95"},{"bfs_id":4280,"rcp":"RCP8.5","period":"2085","key":"HD","value":36.5,"estimate":"q5"},{"bfs_id":4280,"rcp":"RCP8.5","period":"2085","key":"HD","value":43.1,"estimate":"q50"},{"bfs_id":4280,"rcp":"RCP8.5","period":"2085","key":"HD","value":68,"estimate":"q95"},{"bfs_id":4280,"rcp":"RCP2.6","period":"2035","key":"ID","value":9.8,"estimate":"q5"},{"bfs_id":4280,"rcp":"RCP2.6","period":"2035","key":"ID","value":13.1,"estimate":"q50"},{"bfs_id":4280,"rcp":"RCP2.6","period":"2035","key":"ID","value":16.8,"estimate":"q95"},{"bfs_id":4280,"rcp":"RCP2.6","period":"2060","key":"ID","value":9.5,"estimate":"q5"},{"bfs_id":4280,"rcp":"RCP2.6","period":"2060","key":"ID","value":13.7,"estimate":"q50"},{"bfs_id":4280,"rcp":"RCP2.6","period":"2060","key":"ID","value":15.8,"estimate":"q95"},{"bfs_id":4280,"rcp":"RCP2.6","period":"2085","key":"ID","value":9.7,"estimate":"q5"},{"bfs_id":4280,"rcp":"RCP2.6","period":"2085","key":"ID","value":13,"estimate":"q50"},{"bfs_id":4280,"rcp":"RCP2.6","period":"2085","key":"ID","value":15.4,"estimate":"q95"},{"bfs_id":4280,"rcp":"RCP8.5","period":"2035","key":"ID","value":9.9,"estimate":"q5"},{"bfs_id":4280,"rcp":"RCP8.5","period":"2035","key":"ID","value":11.6,"estimate":"q50"},{"bfs_id":4280,"rcp":"RCP8.5","period":"2035","key":"ID","value":17,"estimate":"q95"},{"bfs_id":4280,"rcp":"RCP8.5","period":"2060","key":"ID","value":6.5,"estimate":"q5"},{"bfs_id":4280,"rcp":"RCP8.5","period":"2060","key":"ID","value":9.1,"estimate":"q50"},{"bfs_id":4280,"rcp":"RCP8.5","period":"2060","key":"ID","value":11.6,"estimate":"q95"},{"bfs_id":4280,"rcp":"RCP8.5","period":"2085","key":"ID","value":1.6,"estimate":"q5"},{"bfs_id":4280,"rcp":"RCP8.5","period":"2085","key":"ID","value":4.2,"estimate":"q50"},{"bfs_id":4280,"rcp":"RCP8.5","period":"2085","key":"ID","value":6.4,"estimate":"q95"},{"bfs_id":4280,"rcp":"RCP2.6","period":"2035","key":"SD","value":54.8,"estimate":"q5"},{"bfs_id":4280,"rcp":"RCP2.6","period":"2035","key":"SD","value":61.1,"estimate":"q50"},{"bfs_id":4280,"rcp":"RCP2.6","period":"2035","key":"SD","value":68.7,"estimate":"q95"},{"bfs_id":4280,"rcp":"RCP2.6","period":"2060","key":"SD","value":55.4,"estimate":"q5"},{"bfs_id":4280,"rcp":"RCP2.6","period":"2060","key":"SD","value":62.2,"estimate":"q50"},{"bfs_id":4280,"rcp":"RCP2.6","period":"2060","key":"SD","value":68.3,"estimate":"q95"},{"bfs_id":4280,"rcp":"RCP2.6","period":"2085","key":"SD","value":54.7,"estimate":"q5"},{"bfs_id":4280,"rcp":"RCP2.6","period":"2085","key":"SD","value":62.6,"estimate":"q50"},{"bfs_id":4280,"rcp":"RCP2.6","period":"2085","key":"SD","value":68.8,"estimate":"q95"},{"bfs_id":4280,"rcp":"RCP8.5","period":"2035","key":"SD","value":57.5,"estimate":"q5"},{"bfs_id":4280,"rcp":"RCP8.5","period":"2035","key":"SD","value":63.7,"estimate":"q50"},{"bfs_id":4280,"rcp":"RCP8.5","period":"2035","key":"SD","value":68.9,"estimate":"q95"},{"bfs_id":4280,"rcp":"RCP8.5","period":"2060","key":"SD","value":73.6,"estimate":"q5"},{"bfs_id":4280,"rcp":"RCP8.5","period":"2060","key":"SD","value":78.4,"estimate":"q50"},{"bfs_id":4280,"rcp":"RCP8.5","period":"2060","key":"SD","value":92.7,"estimate":"q95"},{"bfs_id":4280,"rcp":"RCP8.5","period":"2085","key":"SD","value":88.7,"estimate":"q5"},{"bfs_id":4280,"rcp":"RCP8.5","period":"2085","key":"SD","value":102,"estimate":"q50"},{"bfs_id":4280,"rcp":"RCP8.5","period":"2085","key":"SD","value":118.5,"estimate":"q95"},{"bfs_id":4280,"rcp":"RCP2.6","period":"2035","key":"snowdays","value":14.7,"estimate":"q5"},{"bfs_id":4280,"rcp":"RCP2.6","period":"2035","key":"snowdays","value":18.9,"estimate":"q50"},{"bfs_id":4280,"rcp":"RCP2.6","period":"2035","key":"snowdays","value":21.2,"estimate":"q95"},{"bfs_id":4280,"rcp":"RCP2.6","period":"2060","key":"snowdays","value":13.6,"estimate":"q5"},{"bfs_id":4280,"rcp":"RCP2.6","period":"2060","key":"snowdays","value":17.9,"estimate":"q50"},{"bfs_id":4280,"rcp":"RCP2.6","period":"2060","key":"snowdays","value":21.2,"estimate":"q95"},{"bfs_id":4280,"rcp":"RCP2.6","period":"2085","key":"snowdays","value":13.4,"estimate":"q5"},{"bfs_id":4280,"rcp":"RCP2.6","period":"2085","key":"snowdays","value":18.4,"estimate":"q50"},{"bfs_id":4280,"rcp":"RCP2.6","period":"2085","key":"snowdays","value":20.6,"estimate":"q95"},{"bfs_id":4280,"rcp":"RCP8.5","period":"2035","key":"snowdays","value":12.9,"estimate":"q5"},{"bfs_id":4280,"rcp":"RCP8.5","period":"2035","key":"snowdays","value":18,"estimate":"q50"},{"bfs_id":4280,"rcp":"RCP8.5","period":"2035","key":"snowdays","value":20.4,"estimate":"q95"},{"bfs_id":4280,"rcp":"RCP8.5","period":"2060","key":"snowdays","value":9.5,"estimate":"q5"},{"bfs_id":4280,"rcp":"RCP8.5","period":"2060","key":"snowdays","value":13.6,"estimate":"q50"},{"bfs_id":4280,"rcp":"RCP8.5","period":"2060","key":"snowdays","value":16.1,"estimate":"q95"},{"bfs_id":4280,"rcp":"RCP8.5","period":"2085","key":"snowdays","value":3.9,"estimate":"q5"},{"bfs_id":4280,"rcp":"RCP8.5","period":"2085","key":"snowdays","value":7.5,"estimate":"q50"},{"bfs_id":4280,"rcp":"RCP8.5","period":"2085","key":"snowdays","value":10.7,"estimate":"q95"},{"bfs_id":4280,"rcp":"RCP2.6","period":"2035","key":"TN","value":0.1,"estimate":"q5"},{"bfs_id":4280,"rcp":"RCP2.6","period":"2035","key":"TN","value":0.4,"estimate":"q50"},{"bfs_id":4280,"rcp":"RCP2.6","period":"2035","key":"TN","value":0.7,"estimate":"q95"},{"bfs_id":4280,"rcp":"RCP2.6","period":"2060","key":"TN","value":0.1,"estimate":"q5"},{"bfs_id":4280,"rcp":"RCP2.6","period":"2060","key":"TN","value":0.5,"estimate":"q50"},{"bfs_id":4280,"rcp":"RCP2.6","period":"2060","key":"TN","value":1,"estimate":"q95"},{"bfs_id":4280,"rcp":"RCP2.6","period":"2085","key":"TN","value":0.1,"estimate":"q5"},{"bfs_id":4280,"rcp":"RCP2.6","period":"2085","key":"TN","value":0.5,"estimate":"q50"},{"bfs_id":4280,"rcp":"RCP2.6","period":"2085","key":"TN","value":1,"estimate":"q95"},{"bfs_id":4280,"rcp":"RCP8.5","period":"2035","key":"TN","value":0.1,"estimate":"q5"},{"bfs_id":4280,"rcp":"RCP8.5","period":"2035","key":"TN","value":0.5,"estimate":"q50"},{"bfs_id":4280,"rcp":"RCP8.5","period":"2035","key":"TN","value":1.9,"estimate":"q95"},{"bfs_id":4280,"rcp":"RCP8.5","period":"2060","key":"TN","value":1,"estimate":"q5"},{"bfs_id":4280,"rcp":"RCP8.5","period":"2060","key":"TN","value":2.7,"estimate":"q50"},{"bfs_id":4280,"rcp":"RCP8.5","period":"2060","key":"TN","value":6.5,"estimate":"q95"},{"bfs_id":4280,"rcp":"RCP8.5","period":"2085","key":"TN","value":5,"estimate":"q5"},{"bfs_id":4280,"rcp":"RCP8.5","period":"2085","key":"TN","value":8.7,"estimate":"q50"},{"bfs_id":4280,"rcp":"RCP8.5","period":"2085","key":"TN","value":23,"estimate":"q95"},{"bfs_id":4280,"rcp":"RCP2.6","period":"2035","key":"pr","value":2.6,"estimate":"q5","season":"DJF"},{"bfs_id":4280,"rcp":"RCP2.6","period":"2035","key":"pr","value":2.7,"estimate":"q5","season":"MAM"},{"bfs_id":4280,"rcp":"RCP2.6","period":"2035","key":"pr","value":3,"estimate":"q5","season":"JJA"},{"bfs_id":4280,"rcp":"RCP2.6","period":"2035","key":"pr","value":2.7,"estimate":"q5","season":"SON"},{"bfs_id":4280,"rcp":"RCP2.6","period":"2035","key":"pr","value":3,"estimate":"q50","season":"DJF"},{"bfs_id":4280,"rcp":"RCP2.6","period":"2035","key":"pr","value":3,"estimate":"q50","season":"MAM"},{"bfs_id":4280,"rcp":"RCP2.6","period":"2035","key":"pr","value":3.4,"estimate":"q50","season":"JJA"},{"bfs_id":4280,"rcp":"RCP2.6","period":"2035","key":"pr","value":2.9,"estimate":"q50","season":"SON"},{"bfs_id":4280,"rcp":"RCP2.6","period":"2035","key":"pr","value":3.5,"estimate":"q95","season":"DJF"},{"bfs_id":4280,"rcp":"RCP2.6","period":"2035","key":"pr","value":3.3,"estimate":"q95","season":"MAM"},{"bfs_id":4280,"rcp":"RCP2.6","period":"2035","key":"pr","value":3.7,"estimate":"q95","season":"JJA"},{"bfs_id":4280,"rcp":"RCP2.6","period":"2035","key":"pr","value":3.4,"estimate":"q95","season":"SON"},{"bfs_id":4280,"rcp":"RCP2.6","period":"2060","key":"pr","value":2.7,"estimate":"q5","season":"DJF"},{"bfs_id":4280,"rcp":"RCP2.6","period":"2060","key":"pr","value":2.8,"estimate":"q5","season":"MAM"},{"bfs_id":4280,"rcp":"RCP2.6","period":"2060","key":"pr","value":2.9,"estimate":"q5","season":"JJA"},{"bfs_id":4280,"rcp":"RCP2.6","period":"2060","key":"pr","value":2.7,"estimate":"q5","season":"SON"},{"bfs_id":4280,"rcp":"RCP2.6","period":"2060","key":"pr","value":3,"estimate":"q50","season":"DJF"},{"bfs_id":4280,"rcp":"RCP2.6","period":"2060","key":"pr","value":3,"estimate":"q50","season":"MAM"},{"bfs_id":4280,"rcp":"RCP2.6","period":"2060","key":"pr","value":3.3,"estimate":"q50","season":"JJA"},{"bfs_id":4280,"rcp":"RCP2.6","period":"2060","key":"pr","value":2.9,"estimate":"q50","season":"SON"},{"bfs_id":4280,"rcp":"RCP2.6","period":"2060","key":"pr","value":3.3,"estimate":"q95","season":"DJF"},{"bfs_id":4280,"rcp":"RCP2.6","period":"2060","key":"pr","value":3.3,"estimate":"q95","season":"MAM"},{"bfs_id":4280,"rcp":"RCP2.6","period":"2060","key":"pr","value":3.8,"estimate":"q95","season":"JJA"},{"bfs_id":4280,"rcp":"RCP2.6","period":"2060","key":"pr","value":3.4,"estimate":"q95","season":"SON"},{"bfs_id":4280,"rcp":"RCP2.6","period":"2085","key":"pr","value":2.7,"estimate":"q5","season":"DJF"},{"bfs_id":4280,"rcp":"RCP2.6","period":"2085","key":"pr","value":2.7,"estimate":"q5","season":"MAM"},{"bfs_id":4280,"rcp":"RCP2.6","period":"2085","key":"pr","value":2.9,"estimate":"q5","season":"JJA"},{"bfs_id":4280,"rcp":"RCP2.6","period":"2085","key":"pr","value":2.6,"estimate":"q5","season":"SON"},{"bfs_id":4280,"rcp":"RCP2.6","period":"2085","key":"pr","value":3,"estimate":"q50","season":"DJF"},{"bfs_id":4280,"rcp":"RCP2.6","period":"2085","key":"pr","value":3,"estimate":"q50","season":"MAM"},{"bfs_id":4280,"rcp":"RCP2.6","period":"2085","key":"pr","value":3.4,"estimate":"q50","season":"JJA"},{"bfs_id":4280,"rcp":"RCP2.6","period":"2085","key":"pr","value":2.9,"estimate":"q50","season":"SON"},{"bfs_id":4280,"rcp":"RCP2.6","period":"2085","key":"pr","value":3.4,"estimate":"q95","season":"DJF"},{"bfs_id":4280,"rcp":"RCP2.6","period":"2085","key":"pr","value":3.3,"estimate":"q95","season":"MAM"},{"bfs_id":4280,"rcp":"RCP2.6","period":"2085","key":"pr","value":3.9,"estimate":"q95","season":"JJA"},{"bfs_id":4280,"rcp":"RCP2.6","period":"2085","key":"pr","value":3.3,"estimate":"q95","season":"SON"},{"bfs_id":4280,"rcp":"RCP8.5","period":"2035","key":"pr","value":2.7,"estimate":"q5","season":"DJF"},{"bfs_id":4280,"rcp":"RCP8.5","period":"2035","key":"pr","value":2.8,"estimate":"q5","season":"MAM"},{"bfs_id":4280,"rcp":"RCP8.5","period":"2035","key":"pr","value":2.9,"estimate":"q5","season":"JJA"},{"bfs_id":4280,"rcp":"RCP8.5","period":"2035","key":"pr","value":2.7,"estimate":"q5","season":"SON"},{"bfs_id":4280,"rcp":"RCP8.5","period":"2035","key":"pr","value":3.1,"estimate":"q50","season":"DJF"},{"bfs_id":4280,"rcp":"RCP8.5","period":"2035","key":"pr","value":3.1,"estimate":"q50","season":"MAM"},{"bfs_id":4280,"rcp":"RCP8.5","period":"2035","key":"pr","value":3.5,"estimate":"q50","season":"JJA"},{"bfs_id":4280,"rcp":"RCP8.5","period":"2035","key":"pr","value":3,"estimate":"q50","season":"SON"},{"bfs_id":4280,"rcp":"RCP8.5","period":"2035","key":"pr","value":3.4,"estimate":"q95","season":"DJF"},{"bfs_id":4280,"rcp":"RCP8.5","period":"2035","key":"pr","value":3.3,"estimate":"q95","season":"MAM"},{"bfs_id":4280,"rcp":"RCP8.5","period":"2035","key":"pr","value":3.8,"estimate":"q95","season":"JJA"},{"bfs_id":4280,"rcp":"RCP8.5","period":"2035","key":"pr","value":3.4,"estimate":"q95","season":"SON"},{"bfs_id":4280,"rcp":"RCP8.5","period":"2060","key":"pr","value":2.9,"estimate":"q5","season":"DJF"},{"bfs_id":4280,"rcp":"RCP8.5","period":"2060","key":"pr","value":3,"estimate":"q5","season":"MAM"},{"bfs_id":4280,"rcp":"RCP8.5","period":"2060","key":"pr","value":2.6,"estimate":"q5","season":"JJA"},{"bfs_id":4280,"rcp":"RCP8.5","period":"2060","key":"pr","value":2.6,"estimate":"q5","season":"SON"},{"bfs_id":4280,"rcp":"RCP8.5","period":"2060","key":"pr","value":3.2,"estimate":"q50","season":"DJF"},{"bfs_id":4280,"rcp":"RCP8.5","period":"2060","key":"pr","value":3.1,"estimate":"q50","season":"MAM"},{"bfs_id":4280,"rcp":"RCP8.5","period":"2060","key":"pr","value":3.3,"estimate":"q50","season":"JJA"},{"bfs_id":4280,"rcp":"RCP8.5","period":"2060","key":"pr","value":3,"estimate":"q50","season":"SON"},{"bfs_id":4280,"rcp":"RCP8.5","period":"2060","key":"pr","value":3.6,"estimate":"q95","season":"DJF"},{"bfs_id":4280,"rcp":"RCP8.5","period":"2060","key":"pr","value":3.5,"estimate":"q95","season":"MAM"},{"bfs_id":4280,"rcp":"RCP8.5","period":"2060","key":"pr","value":3.8,"estimate":"q95","season":"JJA"},{"bfs_id":4280,"rcp":"RCP8.5","period":"2060","key":"pr","value":3.3,"estimate":"q95","season":"SON"},{"bfs_id":4280,"rcp":"RCP8.5","period":"2085","key":"pr","value":3.1,"estimate":"q5","season":"DJF"},{"bfs_id":4280,"rcp":"RCP8.5","period":"2085","key":"pr","value":2.9,"estimate":"q5","season":"MAM"},{"bfs_id":4280,"rcp":"RCP8.5","period":"2085","key":"pr","value":2.4,"estimate":"q5","season":"JJA"},{"bfs_id":4280,"rcp":"RCP8.5","period":"2085","key":"pr","value":2.6,"estimate":"q5","season":"SON"},{"bfs_id":4280,"rcp":"RCP8.5","period":"2085","key":"pr","value":3.5,"estimate":"q50","season":"DJF"},{"bfs_id":4280,"rcp":"RCP8.5","period":"2085","key":"pr","value":3.3,"estimate":"q50","season":"MAM"},{"bfs_id":4280,"rcp":"RCP8.5","period":"2085","key":"pr","value":2.9,"estimate":"q50","season":"JJA"},{"bfs_id":4280,"rcp":"RCP8.5","period":"2085","key":"pr","value":3,"estimate":"q50","season":"SON"},{"bfs_id":4280,"rcp":"RCP8.5","period":"2085","key":"pr","value":3.9,"estimate":"q95","season":"DJF"},{"bfs_id":4280,"rcp":"RCP8.5","period":"2085","key":"pr","value":3.7,"estimate":"q95","season":"MAM"},{"bfs_id":4280,"rcp":"RCP8.5","period":"2085","key":"pr","value":3.5,"estimate":"q95","season":"JJA"},{"bfs_id":4280,"rcp":"RCP8.5","period":"2085","key":"pr","value":3.5,"estimate":"q95","season":"SON"},{"bfs_id":4280,"rcp":"RCP2.6","period":"2035","key":"tas","value":1.4,"estimate":"q5","season":"DJF"},{"bfs_id":4280,"rcp":"RCP2.6","period":"2035","key":"tas","value":9.1,"estimate":"q5","season":"MAM"},{"bfs_id":4280,"rcp":"RCP2.6","period":"2035","key":"tas","value":18.2,"estimate":"q5","season":"JJA"},{"bfs_id":4280,"rcp":"RCP2.6","period":"2035","key":"tas","value":10,"estimate":"q5","season":"SON"},{"bfs_id":4280,"rcp":"RCP2.6","period":"2035","key":"tas","value":2,"estimate":"q50","season":"DJF"},{"bfs_id":4280,"rcp":"RCP2.6","period":"2035","key":"tas","value":9.6,"estimate":"q50","season":"MAM"},{"bfs_id":4280,"rcp":"RCP2.6","period":"2035","key":"tas","value":18.8,"estimate":"q50","season":"JJA"},{"bfs_id":4280,"rcp":"RCP2.6","period":"2035","key":"tas","value":10.4,"estimate":"q50","season":"SON"},{"bfs_id":4280,"rcp":"RCP2.6","period":"2035","key":"tas","value":2.7,"estimate":"q95","season":"DJF"},{"bfs_id":4280,"rcp":"RCP2.6","period":"2035","key":"tas","value":9.9,"estimate":"q95","season":"MAM"},{"bfs_id":4280,"rcp":"RCP2.6","period":"2035","key":"tas","value":19.3,"estimate":"q95","season":"JJA"},{"bfs_id":4280,"rcp":"RCP2.6","period":"2035","key":"tas","value":11.2,"estimate":"q95","season":"SON"},{"bfs_id":4280,"rcp":"RCP2.6","period":"2060","key":"tas","value":1.5,"estimate":"q5","season":"DJF"},{"bfs_id":4280,"rcp":"RCP2.6","period":"2060","key":"tas","value":9,"estimate":"q5","season":"MAM"},{"bfs_id":4280,"rcp":"RCP2.6","period":"2060","key":"tas","value":18.5,"estimate":"q5","season":"JJA"},{"bfs_id":4280,"rcp":"RCP2.6","period":"2060","key":"tas","value":10.3,"estimate":"q5","season":"SON"},{"bfs_id":4280,"rcp":"RCP2.6","period":"2060","key":"tas","value":2.3,"estimate":"q50","season":"DJF"},{"bfs_id":4280,"rcp":"RCP2.6","period":"2060","key":"tas","value":9.6,"estimate":"q50","season":"MAM"},{"bfs_id":4280,"rcp":"RCP2.6","period":"2060","key":"tas","value":18.9,"estimate":"q50","season":"JJA"},{"bfs_id":4280,"rcp":"RCP2.6","period":"2060","key":"tas","value":10.6,"estimate":"q50","season":"SON"},{"bfs_id":4280,"rcp":"RCP2.6","period":"2060","key":"tas","value":2.8,"estimate":"q95","season":"DJF"},{"bfs_id":4280,"rcp":"RCP2.6","period":"2060","key":"tas","value":10,"estimate":"q95","season":"MAM"},{"bfs_id":4280,"rcp":"RCP2.6","period":"2060","key":"tas","value":19.5,"estimate":"q95","season":"JJA"},{"bfs_id":4280,"rcp":"RCP2.6","period":"2060","key":"tas","value":11.6,"estimate":"q95","season":"SON"},{"bfs_id":4280,"rcp":"RCP2.6","period":"2085","key":"tas","value":1.5,"estimate":"q5","season":"DJF"},{"bfs_id":4280,"rcp":"RCP2.6","period":"2085","key":"tas","value":9.1,"estimate":"q5","season":"MAM"},{"bfs_id":4280,"rcp":"RCP2.6","period":"2085","key":"tas","value":18.4,"estimate":"q5","season":"JJA"},{"bfs_id":4280,"rcp":"RCP2.6","period":"2085","key":"tas","value":10.1,"estimate":"q5","season":"SON"},{"bfs_id":4280,"rcp":"RCP2.6","period":"2085","key":"tas","value":2.2,"estimate":"q50","season":"DJF"},{"bfs_id":4280,"rcp":"RCP2.6","period":"2085","key":"tas","value":9.8,"estimate":"q50","season":"MAM"},{"bfs_id":4280,"rcp":"RCP2.6","period":"2085","key":"tas","value":18.8,"estimate":"q50","season":"JJA"},{"bfs_id":4280,"rcp":"RCP2.6","period":"2085","key":"tas","value":10.6,"estimate":"q50","season":"SON"},{"bfs_id":4280,"rcp":"RCP2.6","period":"2085","key":"tas","value":2.8,"estimate":"q95","season":"DJF"},{"bfs_id":4280,"rcp":"RCP2.6","period":"2085","key":"tas","value":10.1,"estimate":"q95","season":"MAM"},{"bfs_id":4280,"rcp":"RCP2.6","period":"2085","key":"tas","value":19.4,"estimate":"q95","season":"JJA"},{"bfs_id":4280,"rcp":"RCP2.6","period":"2085","key":"tas","value":11.5,"estimate":"q95","season":"SON"},{"bfs_id":4280,"rcp":"RCP8.5","period":"2035","key":"tas","value":1.4,"estimate":"q5","season":"DJF"},{"bfs_id":4280,"rcp":"RCP8.5","period":"2035","key":"tas","value":9.3,"estimate":"q5","season":"MAM"},{"bfs_id":4280,"rcp":"RCP8.5","period":"2035","key":"tas","value":18.6,"estimate":"q5","season":"JJA"},{"bfs_id":4280,"rcp":"RCP8.5","period":"2035","key":"tas","value":10.3,"estimate":"q5","season":"SON"},{"bfs_id":4280,"rcp":"RCP8.5","period":"2035","key":"tas","value":2.3,"estimate":"q50","season":"DJF"},{"bfs_id":4280,"rcp":"RCP8.5","period":"2035","key":"tas","value":9.7,"estimate":"q50","season":"MAM"},{"bfs_id":4280,"rcp":"RCP8.5","period":"2035","key":"tas","value":19.1,"estimate":"q50","season":"JJA"},{"bfs_id":4280,"rcp":"RCP8.5","period":"2035","key":"tas","value":10.8,"estimate":"q50","season":"SON"},{"bfs_id":4280,"rcp":"RCP8.5","period":"2035","key":"tas","value":2.7,"estimate":"q95","season":"DJF"},{"bfs_id":4280,"rcp":"RCP8.5","period":"2035","key":"tas","value":10,"estimate":"q95","season":"MAM"},{"bfs_id":4280,"rcp":"RCP8.5","period":"2035","key":"tas","value":19.5,"estimate":"q95","season":"JJA"},{"bfs_id":4280,"rcp":"RCP8.5","period":"2035","key":"tas","value":11.6,"estimate":"q95","season":"SON"},{"bfs_id":4280,"rcp":"RCP8.5","period":"2060","key":"tas","value":2.7,"estimate":"q5","season":"DJF"},{"bfs_id":4280,"rcp":"RCP8.5","period":"2060","key":"tas","value":10.1,"estimate":"q5","season":"MAM"},{"bfs_id":4280,"rcp":"RCP8.5","period":"2060","key":"tas","value":19.6,"estimate":"q5","season":"JJA"},{"bfs_id":4280,"rcp":"RCP8.5","period":"2060","key":"tas","value":11.3,"estimate":"q5","season":"SON"},{"bfs_id":4280,"rcp":"RCP8.5","period":"2060","key":"tas","value":3,"estimate":"q50","season":"DJF"},{"bfs_id":4280,"rcp":"RCP8.5","period":"2060","key":"tas","value":10.6,"estimate":"q50","season":"MAM"},{"bfs_id":4280,"rcp":"RCP8.5","period":"2060","key":"tas","value":20.2,"estimate":"q50","season":"JJA"},{"bfs_id":4280,"rcp":"RCP8.5","period":"2060","key":"tas","value":11.9,"estimate":"q50","season":"SON"},{"bfs_id":4280,"rcp":"RCP8.5","period":"2060","key":"tas","value":3.7,"estimate":"q95","season":"DJF"},{"bfs_id":4280,"rcp":"RCP8.5","period":"2060","key":"tas","value":11.1,"estimate":"q95","season":"MAM"},{"bfs_id":4280,"rcp":"RCP8.5","period":"2060","key":"tas","value":21.2,"estimate":"q95","season":"JJA"},{"bfs_id":4280,"rcp":"RCP8.5","period":"2060","key":"tas","value":12.8,"estimate":"q95","season":"SON"},{"bfs_id":4280,"rcp":"RCP8.5","period":"2085","key":"tas","value":3.7,"estimate":"q5","season":"DJF"},{"bfs_id":4280,"rcp":"RCP8.5","period":"2085","key":"tas","value":11.1,"estimate":"q5","season":"MAM"},{"bfs_id":4280,"rcp":"RCP8.5","period":"2085","key":"tas","value":20.9,"estimate":"q5","season":"JJA"},{"bfs_id":4280,"rcp":"RCP8.5","period":"2085","key":"tas","value":12.3,"estimate":"q5","season":"SON"},{"bfs_id":4280,"rcp":"RCP8.5","period":"2085","key":"tas","value":4.8,"estimate":"q50","season":"DJF"},{"bfs_id":4280,"rcp":"RCP8.5","period":"2085","key":"tas","value":11.8,"estimate":"q50","season":"MAM"},{"bfs_id":4280,"rcp":"RCP8.5","period":"2085","key":"tas","value":21.8,"estimate":"q50","season":"JJA"},{"bfs_id":4280,"rcp":"RCP8.5","period":"2085","key":"tas","value":13.3,"estimate":"q50","season":"SON"},{"bfs_id":4280,"rcp":"RCP8.5","period":"2085","key":"tas","value":5.4,"estimate":"q95","season":"DJF"},{"bfs_id":4280,"rcp":"RCP8.5","period":"2085","key":"tas","value":12.7,"estimate":"q95","season":"MAM"},{"bfs_id":4280,"rcp":"RCP8.5","period":"2085","key":"tas","value":23.8,"estimate":"q95","season":"JJA"},{"bfs_id":4280,"rcp":"RCP8.5","period":"2085","key":"tas","value":15,"estimate":"q95","season":"SON"},{"bfs_id":4280,"rcp":"obs","period":"1981-2010","key":"FD","value":88.5,"estimate":"yearly_mean"},{"bfs_id":4280,"rcp":"obs","period":"1981-2010","key":"HD","value":9.7,"estimate":"yearly_mean"},{"bfs_id":4280,"rcp":"obs","period":"1981-2010","key":"ID","value":19.2,"estimate":"yearly_mean"},{"bfs_id":4280,"rcp":"obs","period":"1981-2010","key":"SD","value":48.2,"estimate":"yearly_mean"},{"bfs_id":4280,"rcp":"obs","period":"1981-2010","key":"snowdays","value":19.3,"estimate":"yearly_mean"},{"bfs_id":4280,"rcp":"obs","period":"1981-2010","key":"TN","value":0,"estimate":"yearly_mean"},{"bfs_id":4280,"rcp":"obs","period":"1981-2010","key":"pr","value":2.8,"estimate":"mean","season":"DJF"},{"bfs_id":4280,"rcp":"obs","period":"1981-2010","key":"pr","value":2.9,"estimate":"mean","season":"MAM"},{"bfs_id":4280,"rcp":"obs","period":"1981-2010","key":"pr","value":3.6,"estimate":"mean","season":"JJA"},{"bfs_id":4280,"rcp":"obs","period":"1981-2010","key":"pr","value":2.9,"estimate":"mean","season":"SON"},{"bfs_id":4280,"rcp":"obs","period":"1981-2010","key":"tas","value":0.8,"estimate":"mean","season":"DJF"},{"bfs_id":4280,"rcp":"obs","period":"1981-2010","key":"tas","value":9,"estimate":"mean","season":"MAM"},{"bfs_id":4280,"rcp":"obs","period":"1981-2010","key":"tas","value":17.8,"estimate":"mean","season":"JJA"},{"bfs_id":4280,"rcp":"obs","period":"1981-2010","key":"tas","value":9.4,"estimate":"mean","season":"SON"}]
