[{"bfs_id":5891,"rcp":"RCP2.6","period":"2035","key":"FD","value":61.1,"estimate":"q5"},{"bfs_id":5891,"rcp":"RCP2.6","period":"2035","key":"FD","value":72.7,"estimate":"q50"},{"bfs_id":5891,"rcp":"RCP2.6","period":"2035","key":"FD","value":82.7,"estimate":"q95"},{"bfs_id":5891,"rcp":"RCP2.6","period":"2060","key":"FD","value":58.5,"estimate":"q5"},{"bfs_id":5891,"rcp":"RCP2.6","period":"2060","key":"FD","value":67.4,"estimate":"q50"},{"bfs_id":5891,"rcp":"RCP2.6","period":"2060","key":"FD","value":77.4,"estimate":"q95"},{"bfs_id":5891,"rcp":"RCP2.6","period":"2085","key":"FD","value":56.8,"estimate":"q5"},{"bfs_id":5891,"rcp":"RCP2.6","period":"2085","key":"FD","value":69.9,"estimate":"q50"},{"bfs_id":5891,"rcp":"RCP2.6","period":"2085","key":"FD","value":78.8,"estimate":"q95"},{"bfs_id":5891,"rcp":"RCP8.5","period":"2035","key":"FD","value":58.1,"estimate":"q5"},{"bfs_id":5891,"rcp":"RCP8.5","period":"2035","key":"FD","value":69.4,"estimate":"q50"},{"bfs_id":5891,"rcp":"RCP8.5","period":"2035","key":"FD","value":76.3,"estimate":"q95"},{"bfs_id":5891,"rcp":"RCP8.5","period":"2060","key":"FD","value":43.9,"estimate":"q5"},{"bfs_id":5891,"rcp":"RCP8.5","period":"2060","key":"FD","value":52.9,"estimate":"q50"},{"bfs_id":5891,"rcp":"RCP8.5","period":"2060","key":"FD","value":59.4,"estimate":"q95"},{"bfs_id":5891,"rcp":"RCP8.5","period":"2085","key":"FD","value":23.8,"estimate":"q5"},{"bfs_id":5891,"rcp":"RCP8.5","period":"2085","key":"FD","value":33.6,"estimate":"q50"},{"bfs_id":5891,"rcp":"RCP8.5","period":"2085","key":"FD","value":42.5,"estimate":"q95"},{"bfs_id":5891,"rcp":"RCP2.6","period":"2035","key":"HD","value":2.6,"estimate":"q5"},{"bfs_id":5891,"rcp":"RCP2.6","period":"2035","key":"HD","value":4.6,"estimate":"q50"},{"bfs_id":5891,"rcp":"RCP2.6","period":"2035","key":"HD","value":7.6,"estimate":"q95"},{"bfs_id":5891,"rcp":"RCP2.6","period":"2060","key":"HD","value":3.2,"estimate":"q5"},{"bfs_id":5891,"rcp":"RCP2.6","period":"2060","key":"HD","value":4.8,"estimate":"q50"},{"bfs_id":5891,"rcp":"RCP2.6","period":"2060","key":"HD","value":9.6,"estimate":"q95"},{"bfs_id":5891,"rcp":"RCP2.6","period":"2085","key":"HD","value":3.2,"estimate":"q5"},{"bfs_id":5891,"rcp":"RCP2.6","period":"2085","key":"HD","value":4.9,"estimate":"q50"},{"bfs_id":5891,"rcp":"RCP2.6","period":"2085","key":"HD","value":9,"estimate":"q95"},{"bfs_id":5891,"rcp":"RCP8.5","period":"2035","key":"HD","value":3.6,"estimate":"q5"},{"bfs_id":5891,"rcp":"RCP8.5","period":"2035","key":"HD","value":5.4,"estimate":"q50"},{"bfs_id":5891,"rcp":"RCP8.5","period":"2035","key":"HD","value":11.9,"estimate":"q95"},{"bfs_id":5891,"rcp":"RCP8.5","period":"2060","key":"HD","value":7.2,"estimate":"q5"},{"bfs_id":5891,"rcp":"RCP8.5","period":"2060","key":"HD","value":11.9,"estimate":"q50"},{"bfs_id":5891,"rcp":"RCP8.5","period":"2060","key":"HD","value":23.7,"estimate":"q95"},{"bfs_id":5891,"rcp":"RCP8.5","period":"2085","key":"HD","value":16.5,"estimate":"q5"},{"bfs_id":5891,"rcp":"RCP8.5","period":"2085","key":"HD","value":22.1,"estimate":"q50"},{"bfs_id":5891,"rcp":"RCP8.5","period":"2085","key":"HD","value":45.2,"estimate":"q95"},{"bfs_id":5891,"rcp":"RCP2.6","period":"2035","key":"ID","value":10.4,"estimate":"q5"},{"bfs_id":5891,"rcp":"RCP2.6","period":"2035","key":"ID","value":12.8,"estimate":"q50"},{"bfs_id":5891,"rcp":"RCP2.6","period":"2035","key":"ID","value":15.7,"estimate":"q95"},{"bfs_id":5891,"rcp":"RCP2.6","period":"2060","key":"ID","value":9.5,"estimate":"q5"},{"bfs_id":5891,"rcp":"RCP2.6","period":"2060","key":"ID","value":12.3,"estimate":"q50"},{"bfs_id":5891,"rcp":"RCP2.6","period":"2060","key":"ID","value":14.6,"estimate":"q95"},{"bfs_id":5891,"rcp":"RCP2.6","period":"2085","key":"ID","value":9.4,"estimate":"q5"},{"bfs_id":5891,"rcp":"RCP2.6","period":"2085","key":"ID","value":12.1,"estimate":"q50"},{"bfs_id":5891,"rcp":"RCP2.6","period":"2085","key":"ID","value":15.3,"estimate":"q95"},{"bfs_id":5891,"rcp":"RCP8.5","period":"2035","key":"ID","value":9.2,"estimate":"q5"},{"bfs_id":5891,"rcp":"RCP8.5","period":"2035","key":"ID","value":11.8,"estimate":"q50"},{"bfs_id":5891,"rcp":"RCP8.5","period":"2035","key":"ID","value":14.7,"estimate":"q95"},{"bfs_id":5891,"rcp":"RCP8.5","period":"2060","key":"ID","value":5.5,"estimate":"q5"},{"bfs_id":5891,"rcp":"RCP8.5","period":"2060","key":"ID","value":8.3,"estimate":"q50"},{"bfs_id":5891,"rcp":"RCP8.5","period":"2060","key":"ID","value":10.3,"estimate":"q95"},{"bfs_id":5891,"rcp":"RCP8.5","period":"2085","key":"ID","value":1.8,"estimate":"q5"},{"bfs_id":5891,"rcp":"RCP8.5","period":"2085","key":"ID","value":3.6,"estimate":"q50"},{"bfs_id":5891,"rcp":"RCP8.5","period":"2085","key":"ID","value":5.4,"estimate":"q95"},{"bfs_id":5891,"rcp":"RCP2.6","period":"2035","key":"SD","value":33.9,"estimate":"q5"},{"bfs_id":5891,"rcp":"RCP2.6","period":"2035","key":"SD","value":38.6,"estimate":"q50"},{"bfs_id":5891,"rcp":"RCP2.6","period":"2035","key":"SD","value":46.8,"estimate":"q95"},{"bfs_id":5891,"rcp":"RCP2.6","period":"2060","key":"SD","value":34.6,"estimate":"q5"},{"bfs_id":5891,"rcp":"RCP2.6","period":"2060","key":"SD","value":39.6,"estimate":"q50"},{"bfs_id":5891,"rcp":"RCP2.6","period":"2060","key":"SD","value":47,"estimate":"q95"},{"bfs_id":5891,"rcp":"RCP2.6","period":"2085","key":"SD","value":33.8,"estimate":"q5"},{"bfs_id":5891,"rcp":"RCP2.6","period":"2085","key":"SD","value":40,"estimate":"q50"},{"bfs_id":5891,"rcp":"RCP2.6","period":"2085","key":"SD","value":46.5,"estimate":"q95"},{"bfs_id":5891,"rcp":"RCP8.5","period":"2035","key":"SD","value":35.3,"estimate":"q5"},{"bfs_id":5891,"rcp":"RCP8.5","period":"2035","key":"SD","value":42,"estimate":"q50"},{"bfs_id":5891,"rcp":"RCP8.5","period":"2035","key":"SD","value":47,"estimate":"q95"},{"bfs_id":5891,"rcp":"RCP8.5","period":"2060","key":"SD","value":49.1,"estimate":"q5"},{"bfs_id":5891,"rcp":"RCP8.5","period":"2060","key":"SD","value":56.9,"estimate":"q50"},{"bfs_id":5891,"rcp":"RCP8.5","period":"2060","key":"SD","value":73.1,"estimate":"q95"},{"bfs_id":5891,"rcp":"RCP8.5","period":"2085","key":"SD","value":66.8,"estimate":"q5"},{"bfs_id":5891,"rcp":"RCP8.5","period":"2085","key":"SD","value":76.8,"estimate":"q50"},{"bfs_id":5891,"rcp":"RCP8.5","period":"2085","key":"SD","value":97.1,"estimate":"q95"},{"bfs_id":5891,"rcp":"RCP2.6","period":"2035","key":"snowdays","value":13.2,"estimate":"q5"},{"bfs_id":5891,"rcp":"RCP2.6","period":"2035","key":"snowdays","value":18.8,"estimate":"q50"},{"bfs_id":5891,"rcp":"RCP2.6","period":"2035","key":"snowdays","value":24,"estimate":"q95"},{"bfs_id":5891,"rcp":"RCP2.6","period":"2060","key":"snowdays","value":12.5,"estimate":"q5"},{"bfs_id":5891,"rcp":"RCP2.6","period":"2060","key":"snowdays","value":18.3,"estimate":"q50"},{"bfs_id":5891,"rcp":"RCP2.6","period":"2060","key":"snowdays","value":23.6,"estimate":"q95"},{"bfs_id":5891,"rcp":"RCP2.6","period":"2085","key":"snowdays","value":11.9,"estimate":"q5"},{"bfs_id":5891,"rcp":"RCP2.6","period":"2085","key":"snowdays","value":17.8,"estimate":"q50"},{"bfs_id":5891,"rcp":"RCP2.6","period":"2085","key":"snowdays","value":23.9,"estimate":"q95"},{"bfs_id":5891,"rcp":"RCP8.5","period":"2035","key":"snowdays","value":11.3,"estimate":"q5"},{"bfs_id":5891,"rcp":"RCP8.5","period":"2035","key":"snowdays","value":18.3,"estimate":"q50"},{"bfs_id":5891,"rcp":"RCP8.5","period":"2035","key":"snowdays","value":23.5,"estimate":"q95"},{"bfs_id":5891,"rcp":"RCP8.5","period":"2060","key":"snowdays","value":8,"estimate":"q5"},{"bfs_id":5891,"rcp":"RCP8.5","period":"2060","key":"snowdays","value":12.8,"estimate":"q50"},{"bfs_id":5891,"rcp":"RCP8.5","period":"2060","key":"snowdays","value":17.8,"estimate":"q95"},{"bfs_id":5891,"rcp":"RCP8.5","period":"2085","key":"snowdays","value":3.3,"estimate":"q5"},{"bfs_id":5891,"rcp":"RCP8.5","period":"2085","key":"snowdays","value":8.3,"estimate":"q50"},{"bfs_id":5891,"rcp":"RCP8.5","period":"2085","key":"snowdays","value":11.7,"estimate":"q95"},{"bfs_id":5891,"rcp":"RCP2.6","period":"2035","key":"TN","value":0.4,"estimate":"q5"},{"bfs_id":5891,"rcp":"RCP2.6","period":"2035","key":"TN","value":0.8,"estimate":"q50"},{"bfs_id":5891,"rcp":"RCP2.6","period":"2035","key":"TN","value":2,"estimate":"q95"},{"bfs_id":5891,"rcp":"RCP2.6","period":"2060","key":"TN","value":0.4,"estimate":"q5"},{"bfs_id":5891,"rcp":"RCP2.6","period":"2060","key":"TN","value":1.1,"estimate":"q50"},{"bfs_id":5891,"rcp":"RCP2.6","period":"2060","key":"TN","value":2.4,"estimate":"q95"},{"bfs_id":5891,"rcp":"RCP2.6","period":"2085","key":"TN","value":0.3,"estimate":"q5"},{"bfs_id":5891,"rcp":"RCP2.6","period":"2085","key":"TN","value":1,"estimate":"q50"},{"bfs_id":5891,"rcp":"RCP2.6","period":"2085","key":"TN","value":2.1,"estimate":"q95"},{"bfs_id":5891,"rcp":"RCP8.5","period":"2035","key":"TN","value":0.7,"estimate":"q5"},{"bfs_id":5891,"rcp":"RCP8.5","period":"2035","key":"TN","value":1.3,"estimate":"q50"},{"bfs_id":5891,"rcp":"RCP8.5","period":"2035","key":"TN","value":4.1,"estimate":"q95"},{"bfs_id":5891,"rcp":"RCP8.5","period":"2060","key":"TN","value":2.6,"estimate":"q5"},{"bfs_id":5891,"rcp":"RCP8.5","period":"2060","key":"TN","value":4.9,"estimate":"q50"},{"bfs_id":5891,"rcp":"RCP8.5","period":"2060","key":"TN","value":11.4,"estimate":"q95"},{"bfs_id":5891,"rcp":"RCP8.5","period":"2085","key":"TN","value":10.2,"estimate":"q5"},{"bfs_id":5891,"rcp":"RCP8.5","period":"2085","key":"TN","value":15.9,"estimate":"q50"},{"bfs_id":5891,"rcp":"RCP8.5","period":"2085","key":"TN","value":36.4,"estimate":"q95"},{"bfs_id":5891,"rcp":"RCP2.6","period":"2035","key":"pr","value":3.4,"estimate":"q5","season":"DJF"},{"bfs_id":5891,"rcp":"RCP2.6","period":"2035","key":"pr","value":3.7,"estimate":"q5","season":"MAM"},{"bfs_id":5891,"rcp":"RCP2.6","period":"2035","key":"pr","value":3.3,"estimate":"q5","season":"JJA"},{"bfs_id":5891,"rcp":"RCP2.6","period":"2035","key":"pr","value":3.4,"estimate":"q5","season":"SON"},{"bfs_id":5891,"rcp":"RCP2.6","period":"2035","key":"pr","value":4,"estimate":"q50","season":"DJF"},{"bfs_id":5891,"rcp":"RCP2.6","period":"2035","key":"pr","value":4.2,"estimate":"q50","season":"MAM"},{"bfs_id":5891,"rcp":"RCP2.6","period":"2035","key":"pr","value":4.1,"estimate":"q50","season":"JJA"},{"bfs_id":5891,"rcp":"RCP2.6","period":"2035","key":"pr","value":3.9,"estimate":"q50","season":"SON"},{"bfs_id":5891,"rcp":"RCP2.6","period":"2035","key":"pr","value":4.7,"estimate":"q95","season":"DJF"},{"bfs_id":5891,"rcp":"RCP2.6","period":"2035","key":"pr","value":4.7,"estimate":"q95","season":"MAM"},{"bfs_id":5891,"rcp":"RCP2.6","period":"2035","key":"pr","value":4.8,"estimate":"q95","season":"JJA"},{"bfs_id":5891,"rcp":"RCP2.6","period":"2035","key":"pr","value":4.5,"estimate":"q95","season":"SON"},{"bfs_id":5891,"rcp":"RCP2.6","period":"2060","key":"pr","value":3.6,"estimate":"q5","season":"DJF"},{"bfs_id":5891,"rcp":"RCP2.6","period":"2060","key":"pr","value":3.8,"estimate":"q5","season":"MAM"},{"bfs_id":5891,"rcp":"RCP2.6","period":"2060","key":"pr","value":3.3,"estimate":"q5","season":"JJA"},{"bfs_id":5891,"rcp":"RCP2.6","period":"2060","key":"pr","value":3.5,"estimate":"q5","season":"SON"},{"bfs_id":5891,"rcp":"RCP2.6","period":"2060","key":"pr","value":4,"estimate":"q50","season":"DJF"},{"bfs_id":5891,"rcp":"RCP2.6","period":"2060","key":"pr","value":4.1,"estimate":"q50","season":"MAM"},{"bfs_id":5891,"rcp":"RCP2.6","period":"2060","key":"pr","value":4.1,"estimate":"q50","season":"JJA"},{"bfs_id":5891,"rcp":"RCP2.6","period":"2060","key":"pr","value":3.9,"estimate":"q50","season":"SON"},{"bfs_id":5891,"rcp":"RCP2.6","period":"2060","key":"pr","value":4.5,"estimate":"q95","season":"DJF"},{"bfs_id":5891,"rcp":"RCP2.6","period":"2060","key":"pr","value":4.7,"estimate":"q95","season":"MAM"},{"bfs_id":5891,"rcp":"RCP2.6","period":"2060","key":"pr","value":4.8,"estimate":"q95","season":"JJA"},{"bfs_id":5891,"rcp":"RCP2.6","period":"2060","key":"pr","value":4.4,"estimate":"q95","season":"SON"},{"bfs_id":5891,"rcp":"RCP2.6","period":"2085","key":"pr","value":3.5,"estimate":"q5","season":"DJF"},{"bfs_id":5891,"rcp":"RCP2.6","period":"2085","key":"pr","value":3.9,"estimate":"q5","season":"MAM"},{"bfs_id":5891,"rcp":"RCP2.6","period":"2085","key":"pr","value":3.3,"estimate":"q5","season":"JJA"},{"bfs_id":5891,"rcp":"RCP2.6","period":"2085","key":"pr","value":3.2,"estimate":"q5","season":"SON"},{"bfs_id":5891,"rcp":"RCP2.6","period":"2085","key":"pr","value":4.1,"estimate":"q50","season":"DJF"},{"bfs_id":5891,"rcp":"RCP2.6","period":"2085","key":"pr","value":4.1,"estimate":"q50","season":"MAM"},{"bfs_id":5891,"rcp":"RCP2.6","period":"2085","key":"pr","value":4.3,"estimate":"q50","season":"JJA"},{"bfs_id":5891,"rcp":"RCP2.6","period":"2085","key":"pr","value":3.9,"estimate":"q50","season":"SON"},{"bfs_id":5891,"rcp":"RCP2.6","period":"2085","key":"pr","value":4.6,"estimate":"q95","season":"DJF"},{"bfs_id":5891,"rcp":"RCP2.6","period":"2085","key":"pr","value":4.7,"estimate":"q95","season":"MAM"},{"bfs_id":5891,"rcp":"RCP2.6","period":"2085","key":"pr","value":4.8,"estimate":"q95","season":"JJA"},{"bfs_id":5891,"rcp":"RCP2.6","period":"2085","key":"pr","value":4.5,"estimate":"q95","season":"SON"},{"bfs_id":5891,"rcp":"RCP8.5","period":"2035","key":"pr","value":3.7,"estimate":"q5","season":"DJF"},{"bfs_id":5891,"rcp":"RCP8.5","period":"2035","key":"pr","value":4,"estimate":"q5","season":"MAM"},{"bfs_id":5891,"rcp":"RCP8.5","period":"2035","key":"pr","value":3.2,"estimate":"q5","season":"JJA"},{"bfs_id":5891,"rcp":"RCP8.5","period":"2035","key":"pr","value":3.4,"estimate":"q5","season":"SON"},{"bfs_id":5891,"rcp":"RCP8.5","period":"2035","key":"pr","value":4.3,"estimate":"q50","season":"DJF"},{"bfs_id":5891,"rcp":"RCP8.5","period":"2035","key":"pr","value":4.3,"estimate":"q50","season":"MAM"},{"bfs_id":5891,"rcp":"RCP8.5","period":"2035","key":"pr","value":4.2,"estimate":"q50","season":"JJA"},{"bfs_id":5891,"rcp":"RCP8.5","period":"2035","key":"pr","value":4.1,"estimate":"q50","season":"SON"},{"bfs_id":5891,"rcp":"RCP8.5","period":"2035","key":"pr","value":4.7,"estimate":"q95","season":"DJF"},{"bfs_id":5891,"rcp":"RCP8.5","period":"2035","key":"pr","value":4.7,"estimate":"q95","season":"MAM"},{"bfs_id":5891,"rcp":"RCP8.5","period":"2035","key":"pr","value":4.9,"estimate":"q95","season":"JJA"},{"bfs_id":5891,"rcp":"RCP8.5","period":"2035","key":"pr","value":4.5,"estimate":"q95","season":"SON"},{"bfs_id":5891,"rcp":"RCP8.5","period":"2060","key":"pr","value":3.9,"estimate":"q5","season":"DJF"},{"bfs_id":5891,"rcp":"RCP8.5","period":"2060","key":"pr","value":3.9,"estimate":"q5","season":"MAM"},{"bfs_id":5891,"rcp":"RCP8.5","period":"2060","key":"pr","value":2.8,"estimate":"q5","season":"JJA"},{"bfs_id":5891,"rcp":"RCP8.5","period":"2060","key":"pr","value":3.4,"estimate":"q5","season":"SON"},{"bfs_id":5891,"rcp":"RCP8.5","period":"2060","key":"pr","value":4.2,"estimate":"q50","season":"DJF"},{"bfs_id":5891,"rcp":"RCP8.5","period":"2060","key":"pr","value":4.3,"estimate":"q50","season":"MAM"},{"bfs_id":5891,"rcp":"RCP8.5","period":"2060","key":"pr","value":3.9,"estimate":"q50","season":"JJA"},{"bfs_id":5891,"rcp":"RCP8.5","period":"2060","key":"pr","value":4,"estimate":"q50","season":"SON"},{"bfs_id":5891,"rcp":"RCP8.5","period":"2060","key":"pr","value":4.6,"estimate":"q95","season":"DJF"},{"bfs_id":5891,"rcp":"RCP8.5","period":"2060","key":"pr","value":4.7,"estimate":"q95","season":"MAM"},{"bfs_id":5891,"rcp":"RCP8.5","period":"2060","key":"pr","value":4.7,"estimate":"q95","season":"JJA"},{"bfs_id":5891,"rcp":"RCP8.5","period":"2060","key":"pr","value":4.4,"estimate":"q95","season":"SON"},{"bfs_id":5891,"rcp":"RCP8.5","period":"2085","key":"pr","value":4.1,"estimate":"q5","season":"DJF"},{"bfs_id":5891,"rcp":"RCP8.5","period":"2085","key":"pr","value":4,"estimate":"q5","season":"MAM"},{"bfs_id":5891,"rcp":"RCP8.5","period":"2085","key":"pr","value":2.1,"estimate":"q5","season":"JJA"},{"bfs_id":5891,"rcp":"RCP8.5","period":"2085","key":"pr","value":3.1,"estimate":"q5","season":"SON"},{"bfs_id":5891,"rcp":"RCP8.5","period":"2085","key":"pr","value":4.5,"estimate":"q50","season":"DJF"},{"bfs_id":5891,"rcp":"RCP8.5","period":"2085","key":"pr","value":4.5,"estimate":"q50","season":"MAM"},{"bfs_id":5891,"rcp":"RCP8.5","period":"2085","key":"pr","value":3.4,"estimate":"q50","season":"JJA"},{"bfs_id":5891,"rcp":"RCP8.5","period":"2085","key":"pr","value":3.7,"estimate":"q50","season":"SON"},{"bfs_id":5891,"rcp":"RCP8.5","period":"2085","key":"pr","value":5.2,"estimate":"q95","season":"DJF"},{"bfs_id":5891,"rcp":"RCP8.5","period":"2085","key":"pr","value":5,"estimate":"q95","season":"MAM"},{"bfs_id":5891,"rcp":"RCP8.5","period":"2085","key":"pr","value":4.1,"estimate":"q95","season":"JJA"},{"bfs_id":5891,"rcp":"RCP8.5","period":"2085","key":"pr","value":4.5,"estimate":"q95","season":"SON"},{"bfs_id":5891,"rcp":"RCP2.6","period":"2035","key":"tas","value":1.4,"estimate":"q5","season":"DJF"},{"bfs_id":5891,"rcp":"RCP2.6","period":"2035","key":"tas","value":7.8,"estimate":"q5","season":"MAM"},{"bfs_id":5891,"rcp":"RCP2.6","period":"2035","key":"tas","value":17.1,"estimate":"q5","season":"JJA"},{"bfs_id":5891,"rcp":"RCP2.6","period":"2035","key":"tas","value":9.8,"estimate":"q5","season":"SON"},{"bfs_id":5891,"rcp":"RCP2.6","period":"2035","key":"tas","value":1.9,"estimate":"q50","season":"DJF"},{"bfs_id":5891,"rcp":"RCP2.6","period":"2035","key":"tas","value":8.6,"estimate":"q50","season":"MAM"},{"bfs_id":5891,"rcp":"RCP2.6","period":"2035","key":"tas","value":17.9,"estimate":"q50","season":"JJA"},{"bfs_id":5891,"rcp":"RCP2.6","period":"2035","key":"tas","value":10.1,"estimate":"q50","season":"SON"},{"bfs_id":5891,"rcp":"RCP2.6","period":"2035","key":"tas","value":2.5,"estimate":"q95","season":"DJF"},{"bfs_id":5891,"rcp":"RCP2.6","period":"2035","key":"tas","value":8.9,"estimate":"q95","season":"MAM"},{"bfs_id":5891,"rcp":"RCP2.6","period":"2035","key":"tas","value":18.6,"estimate":"q95","season":"JJA"},{"bfs_id":5891,"rcp":"RCP2.6","period":"2035","key":"tas","value":10.9,"estimate":"q95","season":"SON"},{"bfs_id":5891,"rcp":"RCP2.6","period":"2060","key":"tas","value":1.5,"estimate":"q5","season":"DJF"},{"bfs_id":5891,"rcp":"RCP2.6","period":"2060","key":"tas","value":7.8,"estimate":"q5","season":"MAM"},{"bfs_id":5891,"rcp":"RCP2.6","period":"2060","key":"tas","value":17.4,"estimate":"q5","season":"JJA"},{"bfs_id":5891,"rcp":"RCP2.6","period":"2060","key":"tas","value":10,"estimate":"q5","season":"SON"},{"bfs_id":5891,"rcp":"RCP2.6","period":"2060","key":"tas","value":2.2,"estimate":"q50","season":"DJF"},{"bfs_id":5891,"rcp":"RCP2.6","period":"2060","key":"tas","value":8.5,"estimate":"q50","season":"MAM"},{"bfs_id":5891,"rcp":"RCP2.6","period":"2060","key":"tas","value":18,"estimate":"q50","season":"JJA"},{"bfs_id":5891,"rcp":"RCP2.6","period":"2060","key":"tas","value":10.5,"estimate":"q50","season":"SON"},{"bfs_id":5891,"rcp":"RCP2.6","period":"2060","key":"tas","value":2.7,"estimate":"q95","season":"DJF"},{"bfs_id":5891,"rcp":"RCP2.6","period":"2060","key":"tas","value":9.2,"estimate":"q95","season":"MAM"},{"bfs_id":5891,"rcp":"RCP2.6","period":"2060","key":"tas","value":18.7,"estimate":"q95","season":"JJA"},{"bfs_id":5891,"rcp":"RCP2.6","period":"2060","key":"tas","value":11.3,"estimate":"q95","season":"SON"},{"bfs_id":5891,"rcp":"RCP2.6","period":"2085","key":"tas","value":1.5,"estimate":"q5","season":"DJF"},{"bfs_id":5891,"rcp":"RCP2.6","period":"2085","key":"tas","value":7.9,"estimate":"q5","season":"MAM"},{"bfs_id":5891,"rcp":"RCP2.6","period":"2085","key":"tas","value":17.3,"estimate":"q5","season":"JJA"},{"bfs_id":5891,"rcp":"RCP2.6","period":"2085","key":"tas","value":9.8,"estimate":"q5","season":"SON"},{"bfs_id":5891,"rcp":"RCP2.6","period":"2085","key":"tas","value":2.3,"estimate":"q50","season":"DJF"},{"bfs_id":5891,"rcp":"RCP2.6","period":"2085","key":"tas","value":8.6,"estimate":"q50","season":"MAM"},{"bfs_id":5891,"rcp":"RCP2.6","period":"2085","key":"tas","value":18.1,"estimate":"q50","season":"JJA"},{"bfs_id":5891,"rcp":"RCP2.6","period":"2085","key":"tas","value":10.5,"estimate":"q50","season":"SON"},{"bfs_id":5891,"rcp":"RCP2.6","period":"2085","key":"tas","value":2.8,"estimate":"q95","season":"DJF"},{"bfs_id":5891,"rcp":"RCP2.6","period":"2085","key":"tas","value":9.1,"estimate":"q95","season":"MAM"},{"bfs_id":5891,"rcp":"RCP2.6","period":"2085","key":"tas","value":18.6,"estimate":"q95","season":"JJA"},{"bfs_id":5891,"rcp":"RCP2.6","period":"2085","key":"tas","value":11.2,"estimate":"q95","season":"SON"},{"bfs_id":5891,"rcp":"RCP8.5","period":"2035","key":"tas","value":1.7,"estimate":"q5","season":"DJF"},{"bfs_id":5891,"rcp":"RCP8.5","period":"2035","key":"tas","value":8.2,"estimate":"q5","season":"MAM"},{"bfs_id":5891,"rcp":"RCP8.5","period":"2035","key":"tas","value":17.6,"estimate":"q5","season":"JJA"},{"bfs_id":5891,"rcp":"RCP8.5","period":"2035","key":"tas","value":10,"estimate":"q5","season":"SON"},{"bfs_id":5891,"rcp":"RCP8.5","period":"2035","key":"tas","value":2.3,"estimate":"q50","season":"DJF"},{"bfs_id":5891,"rcp":"RCP8.5","period":"2035","key":"tas","value":8.6,"estimate":"q50","season":"MAM"},{"bfs_id":5891,"rcp":"RCP8.5","period":"2035","key":"tas","value":18.3,"estimate":"q50","season":"JJA"},{"bfs_id":5891,"rcp":"RCP8.5","period":"2035","key":"tas","value":10.5,"estimate":"q50","season":"SON"},{"bfs_id":5891,"rcp":"RCP8.5","period":"2035","key":"tas","value":2.7,"estimate":"q95","season":"DJF"},{"bfs_id":5891,"rcp":"RCP8.5","period":"2035","key":"tas","value":9.2,"estimate":"q95","season":"MAM"},{"bfs_id":5891,"rcp":"RCP8.5","period":"2035","key":"tas","value":18.9,"estimate":"q95","season":"JJA"},{"bfs_id":5891,"rcp":"RCP8.5","period":"2035","key":"tas","value":11.3,"estimate":"q95","season":"SON"},{"bfs_id":5891,"rcp":"RCP8.5","period":"2060","key":"tas","value":2.7,"estimate":"q5","season":"DJF"},{"bfs_id":5891,"rcp":"RCP8.5","period":"2060","key":"tas","value":9.1,"estimate":"q5","season":"MAM"},{"bfs_id":5891,"rcp":"RCP8.5","period":"2060","key":"tas","value":18.8,"estimate":"q5","season":"JJA"},{"bfs_id":5891,"rcp":"RCP8.5","period":"2060","key":"tas","value":11.2,"estimate":"q5","season":"SON"},{"bfs_id":5891,"rcp":"RCP8.5","period":"2060","key":"tas","value":3.2,"estimate":"q50","season":"DJF"},{"bfs_id":5891,"rcp":"RCP8.5","period":"2060","key":"tas","value":9.7,"estimate":"q50","season":"MAM"},{"bfs_id":5891,"rcp":"RCP8.5","period":"2060","key":"tas","value":19.5,"estimate":"q50","season":"JJA"},{"bfs_id":5891,"rcp":"RCP8.5","period":"2060","key":"tas","value":11.9,"estimate":"q50","season":"SON"},{"bfs_id":5891,"rcp":"RCP8.5","period":"2060","key":"tas","value":3.8,"estimate":"q95","season":"DJF"},{"bfs_id":5891,"rcp":"RCP8.5","period":"2060","key":"tas","value":10.9,"estimate":"q95","season":"MAM"},{"bfs_id":5891,"rcp":"RCP8.5","period":"2060","key":"tas","value":20.7,"estimate":"q95","season":"JJA"},{"bfs_id":5891,"rcp":"RCP8.5","period":"2060","key":"tas","value":12.7,"estimate":"q95","season":"SON"},{"bfs_id":5891,"rcp":"RCP8.5","period":"2085","key":"tas","value":3.9,"estimate":"q5","season":"DJF"},{"bfs_id":5891,"rcp":"RCP8.5","period":"2085","key":"tas","value":10.4,"estimate":"q5","season":"MAM"},{"bfs_id":5891,"rcp":"RCP8.5","period":"2085","key":"tas","value":20.3,"estimate":"q5","season":"JJA"},{"bfs_id":5891,"rcp":"RCP8.5","period":"2085","key":"tas","value":12.3,"estimate":"q5","season":"SON"},{"bfs_id":5891,"rcp":"RCP8.5","period":"2085","key":"tas","value":5.1,"estimate":"q50","season":"DJF"},{"bfs_id":5891,"rcp":"RCP8.5","period":"2085","key":"tas","value":11.3,"estimate":"q50","season":"MAM"},{"bfs_id":5891,"rcp":"RCP8.5","period":"2085","key":"tas","value":21,"estimate":"q50","season":"JJA"},{"bfs_id":5891,"rcp":"RCP8.5","period":"2085","key":"tas","value":13.3,"estimate":"q50","season":"SON"},{"bfs_id":5891,"rcp":"RCP8.5","period":"2085","key":"tas","value":5.9,"estimate":"q95","season":"DJF"},{"bfs_id":5891,"rcp":"RCP8.5","period":"2085","key":"tas","value":13,"estimate":"q95","season":"MAM"},{"bfs_id":5891,"rcp":"RCP8.5","period":"2085","key":"tas","value":23.3,"estimate":"q95","season":"JJA"},{"bfs_id":5891,"rcp":"RCP8.5","period":"2085","key":"tas","value":14.8,"estimate":"q95","season":"SON"},{"bfs_id":5891,"rcp":"obs","period":"1981-2010","key":"FD","value":88.1,"estimate":"yearly_mean"},{"bfs_id":5891,"rcp":"obs","period":"1981-2010","key":"HD","value":1.7,"estimate":"yearly_mean"},{"bfs_id":5891,"rcp":"obs","period":"1981-2010","key":"ID","value":18.8,"estimate":"yearly_mean"},{"bfs_id":5891,"rcp":"obs","period":"1981-2010","key":"SD","value":25.9,"estimate":"yearly_mean"},{"bfs_id":5891,"rcp":"obs","period":"1981-2010","key":"snowdays","value":23.9,"estimate":"yearly_mean"},{"bfs_id":5891,"rcp":"obs","period":"1981-2010","key":"TN","value":0.1,"estimate":"yearly_mean"},{"bfs_id":5891,"rcp":"obs","period":"1981-2010","key":"pr","value":3.6,"estimate":"mean","season":"DJF"},{"bfs_id":5891,"rcp":"obs","period":"1981-2010","key":"pr","value":4,"estimate":"mean","season":"MAM"},{"bfs_id":5891,"rcp":"obs","period":"1981-2010","key":"pr","value":4.8,"estimate":"mean","season":"JJA"},{"bfs_id":5891,"rcp":"obs","period":"1981-2010","key":"pr","value":4.1,"estimate":"mean","season":"SON"},{"bfs_id":5891,"rcp":"obs","period":"1981-2010","key":"tas","value":0.9,"estimate":"mean","season":"DJF"},{"bfs_id":5891,"rcp":"obs","period":"1981-2010","key":"tas","value":7.8,"estimate":"mean","season":"MAM"},{"bfs_id":5891,"rcp":"obs","period":"1981-2010","key":"tas","value":16.6,"estimate":"mean","season":"JJA"},{"bfs_id":5891,"rcp":"obs","period":"1981-2010","key":"tas","value":9.1,"estimate":"mean","season":"SON"}]
