[{"bfs_id":3945,"rcp":"RCP2.6","period":"2035","key":"FD","value":87.7,"estimate":"q5"},{"bfs_id":3945,"rcp":"RCP2.6","period":"2035","key":"FD","value":99.3,"estimate":"q50"},{"bfs_id":3945,"rcp":"RCP2.6","period":"2035","key":"FD","value":105.5,"estimate":"q95"},{"bfs_id":3945,"rcp":"RCP2.6","period":"2060","key":"FD","value":83.9,"estimate":"q5"},{"bfs_id":3945,"rcp":"RCP2.6","period":"2060","key":"FD","value":94.9,"estimate":"q50"},{"bfs_id":3945,"rcp":"RCP2.6","period":"2060","key":"FD","value":106.5,"estimate":"q95"},{"bfs_id":3945,"rcp":"RCP2.6","period":"2085","key":"FD","value":81.9,"estimate":"q5"},{"bfs_id":3945,"rcp":"RCP2.6","period":"2085","key":"FD","value":97.6,"estimate":"q50"},{"bfs_id":3945,"rcp":"RCP2.6","period":"2085","key":"FD","value":104.7,"estimate":"q95"},{"bfs_id":3945,"rcp":"RCP8.5","period":"2035","key":"FD","value":84.4,"estimate":"q5"},{"bfs_id":3945,"rcp":"RCP8.5","period":"2035","key":"FD","value":95.6,"estimate":"q50"},{"bfs_id":3945,"rcp":"RCP8.5","period":"2035","key":"FD","value":100.8,"estimate":"q95"},{"bfs_id":3945,"rcp":"RCP8.5","period":"2060","key":"FD","value":67.2,"estimate":"q5"},{"bfs_id":3945,"rcp":"RCP8.5","period":"2060","key":"FD","value":76.9,"estimate":"q50"},{"bfs_id":3945,"rcp":"RCP8.5","period":"2060","key":"FD","value":85.4,"estimate":"q95"},{"bfs_id":3945,"rcp":"RCP8.5","period":"2085","key":"FD","value":43,"estimate":"q5"},{"bfs_id":3945,"rcp":"RCP8.5","period":"2085","key":"FD","value":55.9,"estimate":"q50"},{"bfs_id":3945,"rcp":"RCP8.5","period":"2085","key":"FD","value":66.5,"estimate":"q95"},{"bfs_id":3945,"rcp":"RCP2.6","period":"2035","key":"HD","value":5.5,"estimate":"q5"},{"bfs_id":3945,"rcp":"RCP2.6","period":"2035","key":"HD","value":7.9,"estimate":"q50"},{"bfs_id":3945,"rcp":"RCP2.6","period":"2035","key":"HD","value":13.6,"estimate":"q95"},{"bfs_id":3945,"rcp":"RCP2.6","period":"2060","key":"HD","value":5.9,"estimate":"q5"},{"bfs_id":3945,"rcp":"RCP2.6","period":"2060","key":"HD","value":9.2,"estimate":"q50"},{"bfs_id":3945,"rcp":"RCP2.6","period":"2060","key":"HD","value":15.5,"estimate":"q95"},{"bfs_id":3945,"rcp":"RCP2.6","period":"2085","key":"HD","value":5.6,"estimate":"q5"},{"bfs_id":3945,"rcp":"RCP2.6","period":"2085","key":"HD","value":9.2,"estimate":"q50"},{"bfs_id":3945,"rcp":"RCP2.6","period":"2085","key":"HD","value":15.3,"estimate":"q95"},{"bfs_id":3945,"rcp":"RCP8.5","period":"2035","key":"HD","value":7.1,"estimate":"q5"},{"bfs_id":3945,"rcp":"RCP8.5","period":"2035","key":"HD","value":10.5,"estimate":"q50"},{"bfs_id":3945,"rcp":"RCP8.5","period":"2035","key":"HD","value":18.9,"estimate":"q95"},{"bfs_id":3945,"rcp":"RCP8.5","period":"2060","key":"HD","value":12.7,"estimate":"q5"},{"bfs_id":3945,"rcp":"RCP8.5","period":"2060","key":"HD","value":22.3,"estimate":"q50"},{"bfs_id":3945,"rcp":"RCP8.5","period":"2060","key":"HD","value":37,"estimate":"q95"},{"bfs_id":3945,"rcp":"RCP8.5","period":"2085","key":"HD","value":25.9,"estimate":"q5"},{"bfs_id":3945,"rcp":"RCP8.5","period":"2085","key":"HD","value":35.9,"estimate":"q50"},{"bfs_id":3945,"rcp":"RCP8.5","period":"2085","key":"HD","value":66.3,"estimate":"q95"},{"bfs_id":3945,"rcp":"RCP2.6","period":"2035","key":"ID","value":18.7,"estimate":"q5"},{"bfs_id":3945,"rcp":"RCP2.6","period":"2035","key":"ID","value":22.1,"estimate":"q50"},{"bfs_id":3945,"rcp":"RCP2.6","period":"2035","key":"ID","value":27,"estimate":"q95"},{"bfs_id":3945,"rcp":"RCP2.6","period":"2060","key":"ID","value":17.1,"estimate":"q5"},{"bfs_id":3945,"rcp":"RCP2.6","period":"2060","key":"ID","value":20.9,"estimate":"q50"},{"bfs_id":3945,"rcp":"RCP2.6","period":"2060","key":"ID","value":25.4,"estimate":"q95"},{"bfs_id":3945,"rcp":"RCP2.6","period":"2085","key":"ID","value":17,"estimate":"q5"},{"bfs_id":3945,"rcp":"RCP2.6","period":"2085","key":"ID","value":22.1,"estimate":"q50"},{"bfs_id":3945,"rcp":"RCP2.6","period":"2085","key":"ID","value":25.7,"estimate":"q95"},{"bfs_id":3945,"rcp":"RCP8.5","period":"2035","key":"ID","value":16.7,"estimate":"q5"},{"bfs_id":3945,"rcp":"RCP8.5","period":"2035","key":"ID","value":21.7,"estimate":"q50"},{"bfs_id":3945,"rcp":"RCP8.5","period":"2035","key":"ID","value":26,"estimate":"q95"},{"bfs_id":3945,"rcp":"RCP8.5","period":"2060","key":"ID","value":11.7,"estimate":"q5"},{"bfs_id":3945,"rcp":"RCP8.5","period":"2060","key":"ID","value":15.7,"estimate":"q50"},{"bfs_id":3945,"rcp":"RCP8.5","period":"2060","key":"ID","value":17.9,"estimate":"q95"},{"bfs_id":3945,"rcp":"RCP8.5","period":"2085","key":"ID","value":5,"estimate":"q5"},{"bfs_id":3945,"rcp":"RCP8.5","period":"2085","key":"ID","value":8,"estimate":"q50"},{"bfs_id":3945,"rcp":"RCP8.5","period":"2085","key":"ID","value":12.1,"estimate":"q95"},{"bfs_id":3945,"rcp":"RCP2.6","period":"2035","key":"SD","value":34.3,"estimate":"q5"},{"bfs_id":3945,"rcp":"RCP2.6","period":"2035","key":"SD","value":40.6,"estimate":"q50"},{"bfs_id":3945,"rcp":"RCP2.6","period":"2035","key":"SD","value":52.3,"estimate":"q95"},{"bfs_id":3945,"rcp":"RCP2.6","period":"2060","key":"SD","value":35.9,"estimate":"q5"},{"bfs_id":3945,"rcp":"RCP2.6","period":"2060","key":"SD","value":42.7,"estimate":"q50"},{"bfs_id":3945,"rcp":"RCP2.6","period":"2060","key":"SD","value":52.3,"estimate":"q95"},{"bfs_id":3945,"rcp":"RCP2.6","period":"2085","key":"SD","value":35.2,"estimate":"q5"},{"bfs_id":3945,"rcp":"RCP2.6","period":"2085","key":"SD","value":42.7,"estimate":"q50"},{"bfs_id":3945,"rcp":"RCP2.6","period":"2085","key":"SD","value":51.6,"estimate":"q95"},{"bfs_id":3945,"rcp":"RCP8.5","period":"2035","key":"SD","value":38.3,"estimate":"q5"},{"bfs_id":3945,"rcp":"RCP8.5","period":"2035","key":"SD","value":44.9,"estimate":"q50"},{"bfs_id":3945,"rcp":"RCP8.5","period":"2035","key":"SD","value":53,"estimate":"q95"},{"bfs_id":3945,"rcp":"RCP8.5","period":"2060","key":"SD","value":50.1,"estimate":"q5"},{"bfs_id":3945,"rcp":"RCP8.5","period":"2060","key":"SD","value":62.2,"estimate":"q50"},{"bfs_id":3945,"rcp":"RCP8.5","period":"2060","key":"SD","value":81.5,"estimate":"q95"},{"bfs_id":3945,"rcp":"RCP8.5","period":"2085","key":"SD","value":70.3,"estimate":"q5"},{"bfs_id":3945,"rcp":"RCP8.5","period":"2085","key":"SD","value":92.8,"estimate":"q50"},{"bfs_id":3945,"rcp":"RCP8.5","period":"2085","key":"SD","value":117.7,"estimate":"q95"},{"bfs_id":3945,"rcp":"RCP2.6","period":"2035","key":"snowdays","value":13.9,"estimate":"q5"},{"bfs_id":3945,"rcp":"RCP2.6","period":"2035","key":"snowdays","value":21.6,"estimate":"q50"},{"bfs_id":3945,"rcp":"RCP2.6","period":"2035","key":"snowdays","value":27,"estimate":"q95"},{"bfs_id":3945,"rcp":"RCP2.6","period":"2060","key":"snowdays","value":12.4,"estimate":"q5"},{"bfs_id":3945,"rcp":"RCP2.6","period":"2060","key":"snowdays","value":20.3,"estimate":"q50"},{"bfs_id":3945,"rcp":"RCP2.6","period":"2060","key":"snowdays","value":27,"estimate":"q95"},{"bfs_id":3945,"rcp":"RCP2.6","period":"2085","key":"snowdays","value":12.3,"estimate":"q5"},{"bfs_id":3945,"rcp":"RCP2.6","period":"2085","key":"snowdays","value":20.7,"estimate":"q50"},{"bfs_id":3945,"rcp":"RCP2.6","period":"2085","key":"snowdays","value":27.4,"estimate":"q95"},{"bfs_id":3945,"rcp":"RCP8.5","period":"2035","key":"snowdays","value":13,"estimate":"q5"},{"bfs_id":3945,"rcp":"RCP8.5","period":"2035","key":"snowdays","value":20.7,"estimate":"q50"},{"bfs_id":3945,"rcp":"RCP8.5","period":"2035","key":"snowdays","value":25.2,"estimate":"q95"},{"bfs_id":3945,"rcp":"RCP8.5","period":"2060","key":"snowdays","value":10.3,"estimate":"q5"},{"bfs_id":3945,"rcp":"RCP8.5","period":"2060","key":"snowdays","value":15.6,"estimate":"q50"},{"bfs_id":3945,"rcp":"RCP8.5","period":"2060","key":"snowdays","value":21.1,"estimate":"q95"},{"bfs_id":3945,"rcp":"RCP8.5","period":"2085","key":"snowdays","value":6.1,"estimate":"q5"},{"bfs_id":3945,"rcp":"RCP8.5","period":"2085","key":"snowdays","value":10.8,"estimate":"q50"},{"bfs_id":3945,"rcp":"RCP8.5","period":"2085","key":"snowdays","value":15.2,"estimate":"q95"},{"bfs_id":3945,"rcp":"RCP2.6","period":"2035","key":"TN","value":0,"estimate":"q5"},{"bfs_id":3945,"rcp":"RCP2.6","period":"2035","key":"TN","value":0.3,"estimate":"q50"},{"bfs_id":3945,"rcp":"RCP2.6","period":"2035","key":"TN","value":1,"estimate":"q95"},{"bfs_id":3945,"rcp":"RCP2.6","period":"2060","key":"TN","value":0.1,"estimate":"q5"},{"bfs_id":3945,"rcp":"RCP2.6","period":"2060","key":"TN","value":0.4,"estimate":"q50"},{"bfs_id":3945,"rcp":"RCP2.6","period":"2060","key":"TN","value":1.6,"estimate":"q95"},{"bfs_id":3945,"rcp":"RCP2.6","period":"2085","key":"TN","value":0.1,"estimate":"q5"},{"bfs_id":3945,"rcp":"RCP2.6","period":"2085","key":"TN","value":0.3,"estimate":"q50"},{"bfs_id":3945,"rcp":"RCP2.6","period":"2085","key":"TN","value":0.9,"estimate":"q95"},{"bfs_id":3945,"rcp":"RCP8.5","period":"2035","key":"TN","value":0.2,"estimate":"q5"},{"bfs_id":3945,"rcp":"RCP8.5","period":"2035","key":"TN","value":0.4,"estimate":"q50"},{"bfs_id":3945,"rcp":"RCP8.5","period":"2035","key":"TN","value":2.3,"estimate":"q95"},{"bfs_id":3945,"rcp":"RCP8.5","period":"2060","key":"TN","value":0.9,"estimate":"q5"},{"bfs_id":3945,"rcp":"RCP8.5","period":"2060","key":"TN","value":3.1,"estimate":"q50"},{"bfs_id":3945,"rcp":"RCP8.5","period":"2060","key":"TN","value":8.7,"estimate":"q95"},{"bfs_id":3945,"rcp":"RCP8.5","period":"2085","key":"TN","value":5.1,"estimate":"q5"},{"bfs_id":3945,"rcp":"RCP8.5","period":"2085","key":"TN","value":13.9,"estimate":"q50"},{"bfs_id":3945,"rcp":"RCP8.5","period":"2085","key":"TN","value":26.8,"estimate":"q95"},{"bfs_id":3945,"rcp":"RCP2.6","period":"2035","key":"pr","value":1.9,"estimate":"q5","season":"DJF"},{"bfs_id":3945,"rcp":"RCP2.6","period":"2035","key":"pr","value":2.2,"estimate":"q5","season":"MAM"},{"bfs_id":3945,"rcp":"RCP2.6","period":"2035","key":"pr","value":2.8,"estimate":"q5","season":"JJA"},{"bfs_id":3945,"rcp":"RCP2.6","period":"2035","key":"pr","value":2.2,"estimate":"q5","season":"SON"},{"bfs_id":3945,"rcp":"RCP2.6","period":"2035","key":"pr","value":2.3,"estimate":"q50","season":"DJF"},{"bfs_id":3945,"rcp":"RCP2.6","period":"2035","key":"pr","value":2.6,"estimate":"q50","season":"MAM"},{"bfs_id":3945,"rcp":"RCP2.6","period":"2035","key":"pr","value":3.3,"estimate":"q50","season":"JJA"},{"bfs_id":3945,"rcp":"RCP2.6","period":"2035","key":"pr","value":2.6,"estimate":"q50","season":"SON"},{"bfs_id":3945,"rcp":"RCP2.6","period":"2035","key":"pr","value":2.9,"estimate":"q95","season":"DJF"},{"bfs_id":3945,"rcp":"RCP2.6","period":"2035","key":"pr","value":2.8,"estimate":"q95","season":"MAM"},{"bfs_id":3945,"rcp":"RCP2.6","period":"2035","key":"pr","value":4,"estimate":"q95","season":"JJA"},{"bfs_id":3945,"rcp":"RCP2.6","period":"2035","key":"pr","value":3.3,"estimate":"q95","season":"SON"},{"bfs_id":3945,"rcp":"RCP2.6","period":"2060","key":"pr","value":2,"estimate":"q5","season":"DJF"},{"bfs_id":3945,"rcp":"RCP2.6","period":"2060","key":"pr","value":2.3,"estimate":"q5","season":"MAM"},{"bfs_id":3945,"rcp":"RCP2.6","period":"2060","key":"pr","value":2.9,"estimate":"q5","season":"JJA"},{"bfs_id":3945,"rcp":"RCP2.6","period":"2060","key":"pr","value":2.3,"estimate":"q5","season":"SON"},{"bfs_id":3945,"rcp":"RCP2.6","period":"2060","key":"pr","value":2.4,"estimate":"q50","season":"DJF"},{"bfs_id":3945,"rcp":"RCP2.6","period":"2060","key":"pr","value":2.5,"estimate":"q50","season":"MAM"},{"bfs_id":3945,"rcp":"RCP2.6","period":"2060","key":"pr","value":3.5,"estimate":"q50","season":"JJA"},{"bfs_id":3945,"rcp":"RCP2.6","period":"2060","key":"pr","value":2.7,"estimate":"q50","season":"SON"},{"bfs_id":3945,"rcp":"RCP2.6","period":"2060","key":"pr","value":2.7,"estimate":"q95","season":"DJF"},{"bfs_id":3945,"rcp":"RCP2.6","period":"2060","key":"pr","value":2.9,"estimate":"q95","season":"MAM"},{"bfs_id":3945,"rcp":"RCP2.6","period":"2060","key":"pr","value":3.9,"estimate":"q95","season":"JJA"},{"bfs_id":3945,"rcp":"RCP2.6","period":"2060","key":"pr","value":3.1,"estimate":"q95","season":"SON"},{"bfs_id":3945,"rcp":"RCP2.6","period":"2085","key":"pr","value":2,"estimate":"q5","season":"DJF"},{"bfs_id":3945,"rcp":"RCP2.6","period":"2085","key":"pr","value":2.3,"estimate":"q5","season":"MAM"},{"bfs_id":3945,"rcp":"RCP2.6","period":"2085","key":"pr","value":2.9,"estimate":"q5","season":"JJA"},{"bfs_id":3945,"rcp":"RCP2.6","period":"2085","key":"pr","value":2.3,"estimate":"q5","season":"SON"},{"bfs_id":3945,"rcp":"RCP2.6","period":"2085","key":"pr","value":2.3,"estimate":"q50","season":"DJF"},{"bfs_id":3945,"rcp":"RCP2.6","period":"2085","key":"pr","value":2.5,"estimate":"q50","season":"MAM"},{"bfs_id":3945,"rcp":"RCP2.6","period":"2085","key":"pr","value":3.5,"estimate":"q50","season":"JJA"},{"bfs_id":3945,"rcp":"RCP2.6","period":"2085","key":"pr","value":2.6,"estimate":"q50","season":"SON"},{"bfs_id":3945,"rcp":"RCP2.6","period":"2085","key":"pr","value":2.8,"estimate":"q95","season":"DJF"},{"bfs_id":3945,"rcp":"RCP2.6","period":"2085","key":"pr","value":2.8,"estimate":"q95","season":"MAM"},{"bfs_id":3945,"rcp":"RCP2.6","period":"2085","key":"pr","value":3.8,"estimate":"q95","season":"JJA"},{"bfs_id":3945,"rcp":"RCP2.6","period":"2085","key":"pr","value":3.2,"estimate":"q95","season":"SON"},{"bfs_id":3945,"rcp":"RCP8.5","period":"2035","key":"pr","value":2.1,"estimate":"q5","season":"DJF"},{"bfs_id":3945,"rcp":"RCP8.5","period":"2035","key":"pr","value":2.3,"estimate":"q5","season":"MAM"},{"bfs_id":3945,"rcp":"RCP8.5","period":"2035","key":"pr","value":2.9,"estimate":"q5","season":"JJA"},{"bfs_id":3945,"rcp":"RCP8.5","period":"2035","key":"pr","value":2.4,"estimate":"q5","season":"SON"},{"bfs_id":3945,"rcp":"RCP8.5","period":"2035","key":"pr","value":2.5,"estimate":"q50","season":"DJF"},{"bfs_id":3945,"rcp":"RCP8.5","period":"2035","key":"pr","value":2.6,"estimate":"q50","season":"MAM"},{"bfs_id":3945,"rcp":"RCP8.5","period":"2035","key":"pr","value":3.5,"estimate":"q50","season":"JJA"},{"bfs_id":3945,"rcp":"RCP8.5","period":"2035","key":"pr","value":2.7,"estimate":"q50","season":"SON"},{"bfs_id":3945,"rcp":"RCP8.5","period":"2035","key":"pr","value":2.7,"estimate":"q95","season":"DJF"},{"bfs_id":3945,"rcp":"RCP8.5","period":"2035","key":"pr","value":2.9,"estimate":"q95","season":"MAM"},{"bfs_id":3945,"rcp":"RCP8.5","period":"2035","key":"pr","value":3.8,"estimate":"q95","season":"JJA"},{"bfs_id":3945,"rcp":"RCP8.5","period":"2035","key":"pr","value":3.1,"estimate":"q95","season":"SON"},{"bfs_id":3945,"rcp":"RCP8.5","period":"2060","key":"pr","value":2.2,"estimate":"q5","season":"DJF"},{"bfs_id":3945,"rcp":"RCP8.5","period":"2060","key":"pr","value":2.5,"estimate":"q5","season":"MAM"},{"bfs_id":3945,"rcp":"RCP8.5","period":"2060","key":"pr","value":2.3,"estimate":"q5","season":"JJA"},{"bfs_id":3945,"rcp":"RCP8.5","period":"2060","key":"pr","value":2.5,"estimate":"q5","season":"SON"},{"bfs_id":3945,"rcp":"RCP8.5","period":"2060","key":"pr","value":2.5,"estimate":"q50","season":"DJF"},{"bfs_id":3945,"rcp":"RCP8.5","period":"2060","key":"pr","value":2.8,"estimate":"q50","season":"MAM"},{"bfs_id":3945,"rcp":"RCP8.5","period":"2060","key":"pr","value":3.3,"estimate":"q50","season":"JJA"},{"bfs_id":3945,"rcp":"RCP8.5","period":"2060","key":"pr","value":2.7,"estimate":"q50","season":"SON"},{"bfs_id":3945,"rcp":"RCP8.5","period":"2060","key":"pr","value":2.9,"estimate":"q95","season":"DJF"},{"bfs_id":3945,"rcp":"RCP8.5","period":"2060","key":"pr","value":3.1,"estimate":"q95","season":"MAM"},{"bfs_id":3945,"rcp":"RCP8.5","period":"2060","key":"pr","value":4,"estimate":"q95","season":"JJA"},{"bfs_id":3945,"rcp":"RCP8.5","period":"2060","key":"pr","value":3.1,"estimate":"q95","season":"SON"},{"bfs_id":3945,"rcp":"RCP8.5","period":"2085","key":"pr","value":2.4,"estimate":"q5","season":"DJF"},{"bfs_id":3945,"rcp":"RCP8.5","period":"2085","key":"pr","value":2.5,"estimate":"q5","season":"MAM"},{"bfs_id":3945,"rcp":"RCP8.5","period":"2085","key":"pr","value":2,"estimate":"q5","season":"JJA"},{"bfs_id":3945,"rcp":"RCP8.5","period":"2085","key":"pr","value":2.3,"estimate":"q5","season":"SON"},{"bfs_id":3945,"rcp":"RCP8.5","period":"2085","key":"pr","value":2.8,"estimate":"q50","season":"DJF"},{"bfs_id":3945,"rcp":"RCP8.5","period":"2085","key":"pr","value":2.9,"estimate":"q50","season":"MAM"},{"bfs_id":3945,"rcp":"RCP8.5","period":"2085","key":"pr","value":3.1,"estimate":"q50","season":"JJA"},{"bfs_id":3945,"rcp":"RCP8.5","period":"2085","key":"pr","value":2.7,"estimate":"q50","season":"SON"},{"bfs_id":3945,"rcp":"RCP8.5","period":"2085","key":"pr","value":3.3,"estimate":"q95","season":"DJF"},{"bfs_id":3945,"rcp":"RCP8.5","period":"2085","key":"pr","value":3.4,"estimate":"q95","season":"MAM"},{"bfs_id":3945,"rcp":"RCP8.5","period":"2085","key":"pr","value":3.7,"estimate":"q95","season":"JJA"},{"bfs_id":3945,"rcp":"RCP8.5","period":"2085","key":"pr","value":3.3,"estimate":"q95","season":"SON"},{"bfs_id":3945,"rcp":"RCP2.6","period":"2035","key":"tas","value":0.3,"estimate":"q5","season":"DJF"},{"bfs_id":3945,"rcp":"RCP2.6","period":"2035","key":"tas","value":7.4,"estimate":"q5","season":"MAM"},{"bfs_id":3945,"rcp":"RCP2.6","period":"2035","key":"tas","value":16.6,"estimate":"q5","season":"JJA"},{"bfs_id":3945,"rcp":"RCP2.6","period":"2035","key":"tas","value":9,"estimate":"q5","season":"SON"},{"bfs_id":3945,"rcp":"RCP2.6","period":"2035","key":"tas","value":1,"estimate":"q50","season":"DJF"},{"bfs_id":3945,"rcp":"RCP2.6","period":"2035","key":"tas","value":8,"estimate":"q50","season":"MAM"},{"bfs_id":3945,"rcp":"RCP2.6","period":"2035","key":"tas","value":17.7,"estimate":"q50","season":"JJA"},{"bfs_id":3945,"rcp":"RCP2.6","period":"2035","key":"tas","value":9.5,"estimate":"q50","season":"SON"},{"bfs_id":3945,"rcp":"RCP2.6","period":"2035","key":"tas","value":1.5,"estimate":"q95","season":"DJF"},{"bfs_id":3945,"rcp":"RCP2.6","period":"2035","key":"tas","value":8.5,"estimate":"q95","season":"MAM"},{"bfs_id":3945,"rcp":"RCP2.6","period":"2035","key":"tas","value":18.6,"estimate":"q95","season":"JJA"},{"bfs_id":3945,"rcp":"RCP2.6","period":"2035","key":"tas","value":10.4,"estimate":"q95","season":"SON"},{"bfs_id":3945,"rcp":"RCP2.6","period":"2060","key":"tas","value":0.3,"estimate":"q5","season":"DJF"},{"bfs_id":3945,"rcp":"RCP2.6","period":"2060","key":"tas","value":7.2,"estimate":"q5","season":"MAM"},{"bfs_id":3945,"rcp":"RCP2.6","period":"2060","key":"tas","value":16.9,"estimate":"q5","season":"JJA"},{"bfs_id":3945,"rcp":"RCP2.6","period":"2060","key":"tas","value":9.4,"estimate":"q5","season":"SON"},{"bfs_id":3945,"rcp":"RCP2.6","period":"2060","key":"tas","value":1.2,"estimate":"q50","season":"DJF"},{"bfs_id":3945,"rcp":"RCP2.6","period":"2060","key":"tas","value":8,"estimate":"q50","season":"MAM"},{"bfs_id":3945,"rcp":"RCP2.6","period":"2060","key":"tas","value":17.9,"estimate":"q50","season":"JJA"},{"bfs_id":3945,"rcp":"RCP2.6","period":"2060","key":"tas","value":9.8,"estimate":"q50","season":"SON"},{"bfs_id":3945,"rcp":"RCP2.6","period":"2060","key":"tas","value":1.8,"estimate":"q95","season":"DJF"},{"bfs_id":3945,"rcp":"RCP2.6","period":"2060","key":"tas","value":8.6,"estimate":"q95","season":"MAM"},{"bfs_id":3945,"rcp":"RCP2.6","period":"2060","key":"tas","value":18.9,"estimate":"q95","season":"JJA"},{"bfs_id":3945,"rcp":"RCP2.6","period":"2060","key":"tas","value":10.8,"estimate":"q95","season":"SON"},{"bfs_id":3945,"rcp":"RCP2.6","period":"2085","key":"tas","value":0.4,"estimate":"q5","season":"DJF"},{"bfs_id":3945,"rcp":"RCP2.6","period":"2085","key":"tas","value":7.3,"estimate":"q5","season":"MAM"},{"bfs_id":3945,"rcp":"RCP2.6","period":"2085","key":"tas","value":16.8,"estimate":"q5","season":"JJA"},{"bfs_id":3945,"rcp":"RCP2.6","period":"2085","key":"tas","value":9.1,"estimate":"q5","season":"SON"},{"bfs_id":3945,"rcp":"RCP2.6","period":"2085","key":"tas","value":1.2,"estimate":"q50","season":"DJF"},{"bfs_id":3945,"rcp":"RCP2.6","period":"2085","key":"tas","value":8,"estimate":"q50","season":"MAM"},{"bfs_id":3945,"rcp":"RCP2.6","period":"2085","key":"tas","value":17.9,"estimate":"q50","season":"JJA"},{"bfs_id":3945,"rcp":"RCP2.6","period":"2085","key":"tas","value":9.9,"estimate":"q50","season":"SON"},{"bfs_id":3945,"rcp":"RCP2.6","period":"2085","key":"tas","value":2,"estimate":"q95","season":"DJF"},{"bfs_id":3945,"rcp":"RCP2.6","period":"2085","key":"tas","value":8.7,"estimate":"q95","season":"MAM"},{"bfs_id":3945,"rcp":"RCP2.6","period":"2085","key":"tas","value":18.8,"estimate":"q95","season":"JJA"},{"bfs_id":3945,"rcp":"RCP2.6","period":"2085","key":"tas","value":10.7,"estimate":"q95","season":"SON"},{"bfs_id":3945,"rcp":"RCP8.5","period":"2035","key":"tas","value":0.4,"estimate":"q5","season":"DJF"},{"bfs_id":3945,"rcp":"RCP8.5","period":"2035","key":"tas","value":7.6,"estimate":"q5","season":"MAM"},{"bfs_id":3945,"rcp":"RCP8.5","period":"2035","key":"tas","value":17.2,"estimate":"q5","season":"JJA"},{"bfs_id":3945,"rcp":"RCP8.5","period":"2035","key":"tas","value":9.5,"estimate":"q5","season":"SON"},{"bfs_id":3945,"rcp":"RCP8.5","period":"2035","key":"tas","value":1.4,"estimate":"q50","season":"DJF"},{"bfs_id":3945,"rcp":"RCP8.5","period":"2035","key":"tas","value":8.1,"estimate":"q50","season":"MAM"},{"bfs_id":3945,"rcp":"RCP8.5","period":"2035","key":"tas","value":18.1,"estimate":"q50","season":"JJA"},{"bfs_id":3945,"rcp":"RCP8.5","period":"2035","key":"tas","value":9.9,"estimate":"q50","season":"SON"},{"bfs_id":3945,"rcp":"RCP8.5","period":"2035","key":"tas","value":1.8,"estimate":"q95","season":"DJF"},{"bfs_id":3945,"rcp":"RCP8.5","period":"2035","key":"tas","value":8.8,"estimate":"q95","season":"MAM"},{"bfs_id":3945,"rcp":"RCP8.5","period":"2035","key":"tas","value":19.2,"estimate":"q95","season":"JJA"},{"bfs_id":3945,"rcp":"RCP8.5","period":"2035","key":"tas","value":10.8,"estimate":"q95","season":"SON"},{"bfs_id":3945,"rcp":"RCP8.5","period":"2060","key":"tas","value":1.8,"estimate":"q5","season":"DJF"},{"bfs_id":3945,"rcp":"RCP8.5","period":"2060","key":"tas","value":8.7,"estimate":"q5","season":"MAM"},{"bfs_id":3945,"rcp":"RCP8.5","period":"2060","key":"tas","value":18.5,"estimate":"q5","season":"JJA"},{"bfs_id":3945,"rcp":"RCP8.5","period":"2060","key":"tas","value":10.8,"estimate":"q5","season":"SON"},{"bfs_id":3945,"rcp":"RCP8.5","period":"2060","key":"tas","value":2.4,"estimate":"q50","season":"DJF"},{"bfs_id":3945,"rcp":"RCP8.5","period":"2060","key":"tas","value":9.4,"estimate":"q50","season":"MAM"},{"bfs_id":3945,"rcp":"RCP8.5","period":"2060","key":"tas","value":19.8,"estimate":"q50","season":"JJA"},{"bfs_id":3945,"rcp":"RCP8.5","period":"2060","key":"tas","value":11.7,"estimate":"q50","season":"SON"},{"bfs_id":3945,"rcp":"RCP8.5","period":"2060","key":"tas","value":3.1,"estimate":"q95","season":"DJF"},{"bfs_id":3945,"rcp":"RCP8.5","period":"2060","key":"tas","value":10.7,"estimate":"q95","season":"MAM"},{"bfs_id":3945,"rcp":"RCP8.5","period":"2060","key":"tas","value":21.5,"estimate":"q95","season":"JJA"},{"bfs_id":3945,"rcp":"RCP8.5","period":"2060","key":"tas","value":12.5,"estimate":"q95","season":"SON"},{"bfs_id":3945,"rcp":"RCP8.5","period":"2085","key":"tas","value":3.3,"estimate":"q5","season":"DJF"},{"bfs_id":3945,"rcp":"RCP8.5","period":"2085","key":"tas","value":10.1,"estimate":"q5","season":"MAM"},{"bfs_id":3945,"rcp":"RCP8.5","period":"2085","key":"tas","value":20.2,"estimate":"q5","season":"JJA"},{"bfs_id":3945,"rcp":"RCP8.5","period":"2085","key":"tas","value":12.4,"estimate":"q5","season":"SON"},{"bfs_id":3945,"rcp":"RCP8.5","period":"2085","key":"tas","value":4.6,"estimate":"q50","season":"DJF"},{"bfs_id":3945,"rcp":"RCP8.5","period":"2085","key":"tas","value":11.2,"estimate":"q50","season":"MAM"},{"bfs_id":3945,"rcp":"RCP8.5","period":"2085","key":"tas","value":22.3,"estimate":"q50","season":"JJA"},{"bfs_id":3945,"rcp":"RCP8.5","period":"2085","key":"tas","value":13.1,"estimate":"q50","season":"SON"},{"bfs_id":3945,"rcp":"RCP8.5","period":"2085","key":"tas","value":5.1,"estimate":"q95","season":"DJF"},{"bfs_id":3945,"rcp":"RCP8.5","period":"2085","key":"tas","value":13.3,"estimate":"q95","season":"MAM"},{"bfs_id":3945,"rcp":"RCP8.5","period":"2085","key":"tas","value":24.6,"estimate":"q95","season":"JJA"},{"bfs_id":3945,"rcp":"RCP8.5","period":"2085","key":"tas","value":14.9,"estimate":"q95","season":"SON"},{"bfs_id":3945,"rcp":"obs","period":"1981-2010","key":"FD","value":113.3,"estimate":"yearly_mean"},{"bfs_id":3945,"rcp":"obs","period":"1981-2010","key":"HD","value":3.6,"estimate":"yearly_mean"},{"bfs_id":3945,"rcp":"obs","period":"1981-2010","key":"ID","value":30.2,"estimate":"yearly_mean"},{"bfs_id":3945,"rcp":"obs","period":"1981-2010","key":"SD","value":28.1,"estimate":"yearly_mean"},{"bfs_id":3945,"rcp":"obs","period":"1981-2010","key":"snowdays","value":29.4,"estimate":"yearly_mean"},{"bfs_id":3945,"rcp":"obs","period":"1981-2010","key":"TN","value":0,"estimate":"yearly_mean"},{"bfs_id":3945,"rcp":"obs","period":"1981-2010","key":"pr","value":2.2,"estimate":"mean","season":"DJF"},{"bfs_id":3945,"rcp":"obs","period":"1981-2010","key":"pr","value":2.3,"estimate":"mean","season":"MAM"},{"bfs_id":3945,"rcp":"obs","period":"1981-2010","key":"pr","value":3.8,"estimate":"mean","season":"JJA"},{"bfs_id":3945,"rcp":"obs","period":"1981-2010","key":"pr","value":2.6,"estimate":"mean","season":"SON"},{"bfs_id":3945,"rcp":"obs","period":"1981-2010","key":"tas","value":-0.2,"estimate":"mean","season":"DJF"},{"bfs_id":3945,"rcp":"obs","period":"1981-2010","key":"tas","value":7.4,"estimate":"mean","season":"MAM"},{"bfs_id":3945,"rcp":"obs","period":"1981-2010","key":"tas","value":15.8,"estimate":"mean","season":"JJA"},{"bfs_id":3945,"rcp":"obs","period":"1981-2010","key":"tas","value":8.4,"estimate":"mean","season":"SON"}]
