[{"bfs_id":2616,"rcp":"RCP2.6","period":"2035","key":"FD","value":63.6,"estimate":"q5"},{"bfs_id":2616,"rcp":"RCP2.6","period":"2035","key":"FD","value":77.3,"estimate":"q50"},{"bfs_id":2616,"rcp":"RCP2.6","period":"2035","key":"FD","value":83.3,"estimate":"q95"},{"bfs_id":2616,"rcp":"RCP2.6","period":"2060","key":"FD","value":64.1,"estimate":"q5"},{"bfs_id":2616,"rcp":"RCP2.6","period":"2060","key":"FD","value":74.1,"estimate":"q50"},{"bfs_id":2616,"rcp":"RCP2.6","period":"2060","key":"FD","value":81.1,"estimate":"q95"},{"bfs_id":2616,"rcp":"RCP2.6","period":"2085","key":"FD","value":63.1,"estimate":"q5"},{"bfs_id":2616,"rcp":"RCP2.6","period":"2085","key":"FD","value":74.5,"estimate":"q50"},{"bfs_id":2616,"rcp":"RCP2.6","period":"2085","key":"FD","value":81.4,"estimate":"q95"},{"bfs_id":2616,"rcp":"RCP8.5","period":"2035","key":"FD","value":61.3,"estimate":"q5"},{"bfs_id":2616,"rcp":"RCP8.5","period":"2035","key":"FD","value":72.3,"estimate":"q50"},{"bfs_id":2616,"rcp":"RCP8.5","period":"2035","key":"FD","value":78.8,"estimate":"q95"},{"bfs_id":2616,"rcp":"RCP8.5","period":"2060","key":"FD","value":51.4,"estimate":"q5"},{"bfs_id":2616,"rcp":"RCP8.5","period":"2060","key":"FD","value":58.3,"estimate":"q50"},{"bfs_id":2616,"rcp":"RCP8.5","period":"2060","key":"FD","value":65.6,"estimate":"q95"},{"bfs_id":2616,"rcp":"RCP8.5","period":"2085","key":"FD","value":32.2,"estimate":"q5"},{"bfs_id":2616,"rcp":"RCP8.5","period":"2085","key":"FD","value":37.2,"estimate":"q50"},{"bfs_id":2616,"rcp":"RCP8.5","period":"2085","key":"FD","value":49.9,"estimate":"q95"},{"bfs_id":2616,"rcp":"RCP2.6","period":"2035","key":"HD","value":5.6,"estimate":"q5"},{"bfs_id":2616,"rcp":"RCP2.6","period":"2035","key":"HD","value":8.4,"estimate":"q50"},{"bfs_id":2616,"rcp":"RCP2.6","period":"2035","key":"HD","value":12.8,"estimate":"q95"},{"bfs_id":2616,"rcp":"RCP2.6","period":"2060","key":"HD","value":6.1,"estimate":"q5"},{"bfs_id":2616,"rcp":"RCP2.6","period":"2060","key":"HD","value":8.8,"estimate":"q50"},{"bfs_id":2616,"rcp":"RCP2.6","period":"2060","key":"HD","value":14.8,"estimate":"q95"},{"bfs_id":2616,"rcp":"RCP2.6","period":"2085","key":"HD","value":6.2,"estimate":"q5"},{"bfs_id":2616,"rcp":"RCP2.6","period":"2085","key":"HD","value":7.7,"estimate":"q50"},{"bfs_id":2616,"rcp":"RCP2.6","period":"2085","key":"HD","value":14.3,"estimate":"q95"},{"bfs_id":2616,"rcp":"RCP8.5","period":"2035","key":"HD","value":7.1,"estimate":"q5"},{"bfs_id":2616,"rcp":"RCP8.5","period":"2035","key":"HD","value":8.2,"estimate":"q50"},{"bfs_id":2616,"rcp":"RCP8.5","period":"2035","key":"HD","value":14.2,"estimate":"q95"},{"bfs_id":2616,"rcp":"RCP8.5","period":"2060","key":"HD","value":11.5,"estimate":"q5"},{"bfs_id":2616,"rcp":"RCP8.5","period":"2060","key":"HD","value":16.3,"estimate":"q50"},{"bfs_id":2616,"rcp":"RCP8.5","period":"2060","key":"HD","value":27.9,"estimate":"q95"},{"bfs_id":2616,"rcp":"RCP8.5","period":"2085","key":"HD","value":22.5,"estimate":"q5"},{"bfs_id":2616,"rcp":"RCP8.5","period":"2085","key":"HD","value":28.6,"estimate":"q50"},{"bfs_id":2616,"rcp":"RCP8.5","period":"2085","key":"HD","value":52.7,"estimate":"q95"},{"bfs_id":2616,"rcp":"RCP2.6","period":"2035","key":"ID","value":14.2,"estimate":"q5"},{"bfs_id":2616,"rcp":"RCP2.6","period":"2035","key":"ID","value":17.9,"estimate":"q50"},{"bfs_id":2616,"rcp":"RCP2.6","period":"2035","key":"ID","value":21.2,"estimate":"q95"},{"bfs_id":2616,"rcp":"RCP2.6","period":"2060","key":"ID","value":13.1,"estimate":"q5"},{"bfs_id":2616,"rcp":"RCP2.6","period":"2060","key":"ID","value":17,"estimate":"q50"},{"bfs_id":2616,"rcp":"RCP2.6","period":"2060","key":"ID","value":20.3,"estimate":"q95"},{"bfs_id":2616,"rcp":"RCP2.6","period":"2085","key":"ID","value":12.8,"estimate":"q5"},{"bfs_id":2616,"rcp":"RCP2.6","period":"2085","key":"ID","value":16.8,"estimate":"q50"},{"bfs_id":2616,"rcp":"RCP2.6","period":"2085","key":"ID","value":21,"estimate":"q95"},{"bfs_id":2616,"rcp":"RCP8.5","period":"2035","key":"ID","value":12.9,"estimate":"q5"},{"bfs_id":2616,"rcp":"RCP8.5","period":"2035","key":"ID","value":16.4,"estimate":"q50"},{"bfs_id":2616,"rcp":"RCP8.5","period":"2035","key":"ID","value":21,"estimate":"q95"},{"bfs_id":2616,"rcp":"RCP8.5","period":"2060","key":"ID","value":9,"estimate":"q5"},{"bfs_id":2616,"rcp":"RCP8.5","period":"2060","key":"ID","value":12.4,"estimate":"q50"},{"bfs_id":2616,"rcp":"RCP8.5","period":"2060","key":"ID","value":14,"estimate":"q95"},{"bfs_id":2616,"rcp":"RCP8.5","period":"2085","key":"ID","value":2.9,"estimate":"q5"},{"bfs_id":2616,"rcp":"RCP8.5","period":"2085","key":"ID","value":5.9,"estimate":"q50"},{"bfs_id":2616,"rcp":"RCP8.5","period":"2085","key":"ID","value":8.4,"estimate":"q95"},{"bfs_id":2616,"rcp":"RCP2.6","period":"2035","key":"SD","value":37.5,"estimate":"q5"},{"bfs_id":2616,"rcp":"RCP2.6","period":"2035","key":"SD","value":43.2,"estimate":"q50"},{"bfs_id":2616,"rcp":"RCP2.6","period":"2035","key":"SD","value":50.3,"estimate":"q95"},{"bfs_id":2616,"rcp":"RCP2.6","period":"2060","key":"SD","value":38.3,"estimate":"q5"},{"bfs_id":2616,"rcp":"RCP2.6","period":"2060","key":"SD","value":43.8,"estimate":"q50"},{"bfs_id":2616,"rcp":"RCP2.6","period":"2060","key":"SD","value":51,"estimate":"q95"},{"bfs_id":2616,"rcp":"RCP2.6","period":"2085","key":"SD","value":37.9,"estimate":"q5"},{"bfs_id":2616,"rcp":"RCP2.6","period":"2085","key":"SD","value":45.2,"estimate":"q50"},{"bfs_id":2616,"rcp":"RCP2.6","period":"2085","key":"SD","value":50.7,"estimate":"q95"},{"bfs_id":2616,"rcp":"RCP8.5","period":"2035","key":"SD","value":40.2,"estimate":"q5"},{"bfs_id":2616,"rcp":"RCP8.5","period":"2035","key":"SD","value":44.8,"estimate":"q50"},{"bfs_id":2616,"rcp":"RCP8.5","period":"2035","key":"SD","value":50.4,"estimate":"q95"},{"bfs_id":2616,"rcp":"RCP8.5","period":"2060","key":"SD","value":53.8,"estimate":"q5"},{"bfs_id":2616,"rcp":"RCP8.5","period":"2060","key":"SD","value":59.3,"estimate":"q50"},{"bfs_id":2616,"rcp":"RCP8.5","period":"2060","key":"SD","value":76.5,"estimate":"q95"},{"bfs_id":2616,"rcp":"RCP8.5","period":"2085","key":"SD","value":70.1,"estimate":"q5"},{"bfs_id":2616,"rcp":"RCP8.5","period":"2085","key":"SD","value":83.9,"estimate":"q50"},{"bfs_id":2616,"rcp":"RCP8.5","period":"2085","key":"SD","value":101.5,"estimate":"q95"},{"bfs_id":2616,"rcp":"RCP2.6","period":"2035","key":"snowdays","value":17,"estimate":"q5"},{"bfs_id":2616,"rcp":"RCP2.6","period":"2035","key":"snowdays","value":20.1,"estimate":"q50"},{"bfs_id":2616,"rcp":"RCP2.6","period":"2035","key":"snowdays","value":24.3,"estimate":"q95"},{"bfs_id":2616,"rcp":"RCP2.6","period":"2060","key":"snowdays","value":15.7,"estimate":"q5"},{"bfs_id":2616,"rcp":"RCP2.6","period":"2060","key":"snowdays","value":19.1,"estimate":"q50"},{"bfs_id":2616,"rcp":"RCP2.6","period":"2060","key":"snowdays","value":25.6,"estimate":"q95"},{"bfs_id":2616,"rcp":"RCP2.6","period":"2085","key":"snowdays","value":15.7,"estimate":"q5"},{"bfs_id":2616,"rcp":"RCP2.6","period":"2085","key":"snowdays","value":19.2,"estimate":"q50"},{"bfs_id":2616,"rcp":"RCP2.6","period":"2085","key":"snowdays","value":23.3,"estimate":"q95"},{"bfs_id":2616,"rcp":"RCP8.5","period":"2035","key":"snowdays","value":14.6,"estimate":"q5"},{"bfs_id":2616,"rcp":"RCP8.5","period":"2035","key":"snowdays","value":19,"estimate":"q50"},{"bfs_id":2616,"rcp":"RCP8.5","period":"2035","key":"snowdays","value":24,"estimate":"q95"},{"bfs_id":2616,"rcp":"RCP8.5","period":"2060","key":"snowdays","value":10.9,"estimate":"q5"},{"bfs_id":2616,"rcp":"RCP8.5","period":"2060","key":"snowdays","value":14,"estimate":"q50"},{"bfs_id":2616,"rcp":"RCP8.5","period":"2060","key":"snowdays","value":17.1,"estimate":"q95"},{"bfs_id":2616,"rcp":"RCP8.5","period":"2085","key":"snowdays","value":4.9,"estimate":"q5"},{"bfs_id":2616,"rcp":"RCP8.5","period":"2085","key":"snowdays","value":7.5,"estimate":"q50"},{"bfs_id":2616,"rcp":"RCP8.5","period":"2085","key":"snowdays","value":13.7,"estimate":"q95"},{"bfs_id":2616,"rcp":"RCP2.6","period":"2035","key":"TN","value":0.2,"estimate":"q5"},{"bfs_id":2616,"rcp":"RCP2.6","period":"2035","key":"TN","value":0.6,"estimate":"q50"},{"bfs_id":2616,"rcp":"RCP2.6","period":"2035","key":"TN","value":1.2,"estimate":"q95"},{"bfs_id":2616,"rcp":"RCP2.6","period":"2060","key":"TN","value":0.3,"estimate":"q5"},{"bfs_id":2616,"rcp":"RCP2.6","period":"2060","key":"TN","value":0.7,"estimate":"q50"},{"bfs_id":2616,"rcp":"RCP2.6","period":"2060","key":"TN","value":1.7,"estimate":"q95"},{"bfs_id":2616,"rcp":"RCP2.6","period":"2085","key":"TN","value":0.2,"estimate":"q5"},{"bfs_id":2616,"rcp":"RCP2.6","period":"2085","key":"TN","value":0.7,"estimate":"q50"},{"bfs_id":2616,"rcp":"RCP2.6","period":"2085","key":"TN","value":1.5,"estimate":"q95"},{"bfs_id":2616,"rcp":"RCP8.5","period":"2035","key":"TN","value":0.3,"estimate":"q5"},{"bfs_id":2616,"rcp":"RCP8.5","period":"2035","key":"TN","value":0.9,"estimate":"q50"},{"bfs_id":2616,"rcp":"RCP8.5","period":"2035","key":"TN","value":2.5,"estimate":"q95"},{"bfs_id":2616,"rcp":"RCP8.5","period":"2060","key":"TN","value":1.6,"estimate":"q5"},{"bfs_id":2616,"rcp":"RCP8.5","period":"2060","key":"TN","value":3.6,"estimate":"q50"},{"bfs_id":2616,"rcp":"RCP8.5","period":"2060","key":"TN","value":7.9,"estimate":"q95"},{"bfs_id":2616,"rcp":"RCP8.5","period":"2085","key":"TN","value":6.9,"estimate":"q5"},{"bfs_id":2616,"rcp":"RCP8.5","period":"2085","key":"TN","value":10.9,"estimate":"q50"},{"bfs_id":2616,"rcp":"RCP8.5","period":"2085","key":"TN","value":26.4,"estimate":"q95"},{"bfs_id":2616,"rcp":"RCP2.6","period":"2035","key":"pr","value":2.5,"estimate":"q5","season":"DJF"},{"bfs_id":2616,"rcp":"RCP2.6","period":"2035","key":"pr","value":3,"estimate":"q5","season":"MAM"},{"bfs_id":2616,"rcp":"RCP2.6","period":"2035","key":"pr","value":3.3,"estimate":"q5","season":"JJA"},{"bfs_id":2616,"rcp":"RCP2.6","period":"2035","key":"pr","value":2.8,"estimate":"q5","season":"SON"},{"bfs_id":2616,"rcp":"RCP2.6","period":"2035","key":"pr","value":2.9,"estimate":"q50","season":"DJF"},{"bfs_id":2616,"rcp":"RCP2.6","period":"2035","key":"pr","value":3.4,"estimate":"q50","season":"MAM"},{"bfs_id":2616,"rcp":"RCP2.6","period":"2035","key":"pr","value":3.6,"estimate":"q50","season":"JJA"},{"bfs_id":2616,"rcp":"RCP2.6","period":"2035","key":"pr","value":3.1,"estimate":"q50","season":"SON"},{"bfs_id":2616,"rcp":"RCP2.6","period":"2035","key":"pr","value":3.3,"estimate":"q95","season":"DJF"},{"bfs_id":2616,"rcp":"RCP2.6","period":"2035","key":"pr","value":3.6,"estimate":"q95","season":"MAM"},{"bfs_id":2616,"rcp":"RCP2.6","period":"2035","key":"pr","value":4.1,"estimate":"q95","season":"JJA"},{"bfs_id":2616,"rcp":"RCP2.6","period":"2035","key":"pr","value":3.6,"estimate":"q95","season":"SON"},{"bfs_id":2616,"rcp":"RCP2.6","period":"2060","key":"pr","value":2.6,"estimate":"q5","season":"DJF"},{"bfs_id":2616,"rcp":"RCP2.6","period":"2060","key":"pr","value":3.1,"estimate":"q5","season":"MAM"},{"bfs_id":2616,"rcp":"RCP2.6","period":"2060","key":"pr","value":2.9,"estimate":"q5","season":"JJA"},{"bfs_id":2616,"rcp":"RCP2.6","period":"2060","key":"pr","value":2.9,"estimate":"q5","season":"SON"},{"bfs_id":2616,"rcp":"RCP2.6","period":"2060","key":"pr","value":2.9,"estimate":"q50","season":"DJF"},{"bfs_id":2616,"rcp":"RCP2.6","period":"2060","key":"pr","value":3.3,"estimate":"q50","season":"MAM"},{"bfs_id":2616,"rcp":"RCP2.6","period":"2060","key":"pr","value":3.5,"estimate":"q50","season":"JJA"},{"bfs_id":2616,"rcp":"RCP2.6","period":"2060","key":"pr","value":3.1,"estimate":"q50","season":"SON"},{"bfs_id":2616,"rcp":"RCP2.6","period":"2060","key":"pr","value":3.2,"estimate":"q95","season":"DJF"},{"bfs_id":2616,"rcp":"RCP2.6","period":"2060","key":"pr","value":3.7,"estimate":"q95","season":"MAM"},{"bfs_id":2616,"rcp":"RCP2.6","period":"2060","key":"pr","value":4.2,"estimate":"q95","season":"JJA"},{"bfs_id":2616,"rcp":"RCP2.6","period":"2060","key":"pr","value":3.5,"estimate":"q95","season":"SON"},{"bfs_id":2616,"rcp":"RCP2.6","period":"2085","key":"pr","value":2.6,"estimate":"q5","season":"DJF"},{"bfs_id":2616,"rcp":"RCP2.6","period":"2085","key":"pr","value":3.1,"estimate":"q5","season":"MAM"},{"bfs_id":2616,"rcp":"RCP2.6","period":"2085","key":"pr","value":3,"estimate":"q5","season":"JJA"},{"bfs_id":2616,"rcp":"RCP2.6","period":"2085","key":"pr","value":2.8,"estimate":"q5","season":"SON"},{"bfs_id":2616,"rcp":"RCP2.6","period":"2085","key":"pr","value":2.9,"estimate":"q50","season":"DJF"},{"bfs_id":2616,"rcp":"RCP2.6","period":"2085","key":"pr","value":3.3,"estimate":"q50","season":"MAM"},{"bfs_id":2616,"rcp":"RCP2.6","period":"2085","key":"pr","value":3.6,"estimate":"q50","season":"JJA"},{"bfs_id":2616,"rcp":"RCP2.6","period":"2085","key":"pr","value":3,"estimate":"q50","season":"SON"},{"bfs_id":2616,"rcp":"RCP2.6","period":"2085","key":"pr","value":3.3,"estimate":"q95","season":"DJF"},{"bfs_id":2616,"rcp":"RCP2.6","period":"2085","key":"pr","value":3.7,"estimate":"q95","season":"MAM"},{"bfs_id":2616,"rcp":"RCP2.6","period":"2085","key":"pr","value":4.1,"estimate":"q95","season":"JJA"},{"bfs_id":2616,"rcp":"RCP2.6","period":"2085","key":"pr","value":3.4,"estimate":"q95","season":"SON"},{"bfs_id":2616,"rcp":"RCP8.5","period":"2035","key":"pr","value":2.7,"estimate":"q5","season":"DJF"},{"bfs_id":2616,"rcp":"RCP8.5","period":"2035","key":"pr","value":3.1,"estimate":"q5","season":"MAM"},{"bfs_id":2616,"rcp":"RCP8.5","period":"2035","key":"pr","value":3.1,"estimate":"q5","season":"JJA"},{"bfs_id":2616,"rcp":"RCP8.5","period":"2035","key":"pr","value":2.8,"estimate":"q5","season":"SON"},{"bfs_id":2616,"rcp":"RCP8.5","period":"2035","key":"pr","value":3,"estimate":"q50","season":"DJF"},{"bfs_id":2616,"rcp":"RCP8.5","period":"2035","key":"pr","value":3.4,"estimate":"q50","season":"MAM"},{"bfs_id":2616,"rcp":"RCP8.5","period":"2035","key":"pr","value":3.7,"estimate":"q50","season":"JJA"},{"bfs_id":2616,"rcp":"RCP8.5","period":"2035","key":"pr","value":3.2,"estimate":"q50","season":"SON"},{"bfs_id":2616,"rcp":"RCP8.5","period":"2035","key":"pr","value":3.2,"estimate":"q95","season":"DJF"},{"bfs_id":2616,"rcp":"RCP8.5","period":"2035","key":"pr","value":3.7,"estimate":"q95","season":"MAM"},{"bfs_id":2616,"rcp":"RCP8.5","period":"2035","key":"pr","value":4.1,"estimate":"q95","season":"JJA"},{"bfs_id":2616,"rcp":"RCP8.5","period":"2035","key":"pr","value":3.6,"estimate":"q95","season":"SON"},{"bfs_id":2616,"rcp":"RCP8.5","period":"2060","key":"pr","value":2.8,"estimate":"q5","season":"DJF"},{"bfs_id":2616,"rcp":"RCP8.5","period":"2060","key":"pr","value":3.3,"estimate":"q5","season":"MAM"},{"bfs_id":2616,"rcp":"RCP8.5","period":"2060","key":"pr","value":2.8,"estimate":"q5","season":"JJA"},{"bfs_id":2616,"rcp":"RCP8.5","period":"2060","key":"pr","value":2.7,"estimate":"q5","season":"SON"},{"bfs_id":2616,"rcp":"RCP8.5","period":"2060","key":"pr","value":3.1,"estimate":"q50","season":"DJF"},{"bfs_id":2616,"rcp":"RCP8.5","period":"2060","key":"pr","value":3.5,"estimate":"q50","season":"MAM"},{"bfs_id":2616,"rcp":"RCP8.5","period":"2060","key":"pr","value":3.5,"estimate":"q50","season":"JJA"},{"bfs_id":2616,"rcp":"RCP8.5","period":"2060","key":"pr","value":3.2,"estimate":"q50","season":"SON"},{"bfs_id":2616,"rcp":"RCP8.5","period":"2060","key":"pr","value":3.3,"estimate":"q95","season":"DJF"},{"bfs_id":2616,"rcp":"RCP8.5","period":"2060","key":"pr","value":3.9,"estimate":"q95","season":"MAM"},{"bfs_id":2616,"rcp":"RCP8.5","period":"2060","key":"pr","value":3.9,"estimate":"q95","season":"JJA"},{"bfs_id":2616,"rcp":"RCP8.5","period":"2060","key":"pr","value":3.5,"estimate":"q95","season":"SON"},{"bfs_id":2616,"rcp":"RCP8.5","period":"2085","key":"pr","value":2.9,"estimate":"q5","season":"DJF"},{"bfs_id":2616,"rcp":"RCP8.5","period":"2085","key":"pr","value":3.2,"estimate":"q5","season":"MAM"},{"bfs_id":2616,"rcp":"RCP8.5","period":"2085","key":"pr","value":2.3,"estimate":"q5","season":"JJA"},{"bfs_id":2616,"rcp":"RCP8.5","period":"2085","key":"pr","value":2.7,"estimate":"q5","season":"SON"},{"bfs_id":2616,"rcp":"RCP8.5","period":"2085","key":"pr","value":3.3,"estimate":"q50","season":"DJF"},{"bfs_id":2616,"rcp":"RCP8.5","period":"2085","key":"pr","value":3.6,"estimate":"q50","season":"MAM"},{"bfs_id":2616,"rcp":"RCP8.5","period":"2085","key":"pr","value":3.1,"estimate":"q50","season":"JJA"},{"bfs_id":2616,"rcp":"RCP8.5","period":"2085","key":"pr","value":3.2,"estimate":"q50","season":"SON"},{"bfs_id":2616,"rcp":"RCP8.5","period":"2085","key":"pr","value":3.8,"estimate":"q95","season":"DJF"},{"bfs_id":2616,"rcp":"RCP8.5","period":"2085","key":"pr","value":4,"estimate":"q95","season":"MAM"},{"bfs_id":2616,"rcp":"RCP8.5","period":"2085","key":"pr","value":3.5,"estimate":"q95","season":"JJA"},{"bfs_id":2616,"rcp":"RCP8.5","period":"2085","key":"pr","value":3.6,"estimate":"q95","season":"SON"},{"bfs_id":2616,"rcp":"RCP2.6","period":"2035","key":"tas","value":1.3,"estimate":"q5","season":"DJF"},{"bfs_id":2616,"rcp":"RCP2.6","period":"2035","key":"tas","value":8.4,"estimate":"q5","season":"MAM"},{"bfs_id":2616,"rcp":"RCP2.6","period":"2035","key":"tas","value":17.5,"estimate":"q5","season":"JJA"},{"bfs_id":2616,"rcp":"RCP2.6","period":"2035","key":"tas","value":9.7,"estimate":"q5","season":"SON"},{"bfs_id":2616,"rcp":"RCP2.6","period":"2035","key":"tas","value":1.8,"estimate":"q50","season":"DJF"},{"bfs_id":2616,"rcp":"RCP2.6","period":"2035","key":"tas","value":9,"estimate":"q50","season":"MAM"},{"bfs_id":2616,"rcp":"RCP2.6","period":"2035","key":"tas","value":18,"estimate":"q50","season":"JJA"},{"bfs_id":2616,"rcp":"RCP2.6","period":"2035","key":"tas","value":10,"estimate":"q50","season":"SON"},{"bfs_id":2616,"rcp":"RCP2.6","period":"2035","key":"tas","value":2.7,"estimate":"q95","season":"DJF"},{"bfs_id":2616,"rcp":"RCP2.6","period":"2035","key":"tas","value":9.3,"estimate":"q95","season":"MAM"},{"bfs_id":2616,"rcp":"RCP2.6","period":"2035","key":"tas","value":18.6,"estimate":"q95","season":"JJA"},{"bfs_id":2616,"rcp":"RCP2.6","period":"2035","key":"tas","value":10.9,"estimate":"q95","season":"SON"},{"bfs_id":2616,"rcp":"RCP2.6","period":"2060","key":"tas","value":1.3,"estimate":"q5","season":"DJF"},{"bfs_id":2616,"rcp":"RCP2.6","period":"2060","key":"tas","value":8.3,"estimate":"q5","season":"MAM"},{"bfs_id":2616,"rcp":"RCP2.6","period":"2060","key":"tas","value":17.7,"estimate":"q5","season":"JJA"},{"bfs_id":2616,"rcp":"RCP2.6","period":"2060","key":"tas","value":10,"estimate":"q5","season":"SON"},{"bfs_id":2616,"rcp":"RCP2.6","period":"2060","key":"tas","value":2.2,"estimate":"q50","season":"DJF"},{"bfs_id":2616,"rcp":"RCP2.6","period":"2060","key":"tas","value":9,"estimate":"q50","season":"MAM"},{"bfs_id":2616,"rcp":"RCP2.6","period":"2060","key":"tas","value":18.1,"estimate":"q50","season":"JJA"},{"bfs_id":2616,"rcp":"RCP2.6","period":"2060","key":"tas","value":10.3,"estimate":"q50","season":"SON"},{"bfs_id":2616,"rcp":"RCP2.6","period":"2060","key":"tas","value":2.8,"estimate":"q95","season":"DJF"},{"bfs_id":2616,"rcp":"RCP2.6","period":"2060","key":"tas","value":9.4,"estimate":"q95","season":"MAM"},{"bfs_id":2616,"rcp":"RCP2.6","period":"2060","key":"tas","value":18.8,"estimate":"q95","season":"JJA"},{"bfs_id":2616,"rcp":"RCP2.6","period":"2060","key":"tas","value":11.3,"estimate":"q95","season":"SON"},{"bfs_id":2616,"rcp":"RCP2.6","period":"2085","key":"tas","value":1.4,"estimate":"q5","season":"DJF"},{"bfs_id":2616,"rcp":"RCP2.6","period":"2085","key":"tas","value":8.3,"estimate":"q5","season":"MAM"},{"bfs_id":2616,"rcp":"RCP2.6","period":"2085","key":"tas","value":17.6,"estimate":"q5","season":"JJA"},{"bfs_id":2616,"rcp":"RCP2.6","period":"2085","key":"tas","value":9.7,"estimate":"q5","season":"SON"},{"bfs_id":2616,"rcp":"RCP2.6","period":"2085","key":"tas","value":2.1,"estimate":"q50","season":"DJF"},{"bfs_id":2616,"rcp":"RCP2.6","period":"2085","key":"tas","value":9.1,"estimate":"q50","season":"MAM"},{"bfs_id":2616,"rcp":"RCP2.6","period":"2085","key":"tas","value":18.1,"estimate":"q50","season":"JJA"},{"bfs_id":2616,"rcp":"RCP2.6","period":"2085","key":"tas","value":10.2,"estimate":"q50","season":"SON"},{"bfs_id":2616,"rcp":"RCP2.6","period":"2085","key":"tas","value":2.8,"estimate":"q95","season":"DJF"},{"bfs_id":2616,"rcp":"RCP2.6","period":"2085","key":"tas","value":9.5,"estimate":"q95","season":"MAM"},{"bfs_id":2616,"rcp":"RCP2.6","period":"2085","key":"tas","value":18.7,"estimate":"q95","season":"JJA"},{"bfs_id":2616,"rcp":"RCP2.6","period":"2085","key":"tas","value":11.2,"estimate":"q95","season":"SON"},{"bfs_id":2616,"rcp":"RCP8.5","period":"2035","key":"tas","value":1.2,"estimate":"q5","season":"DJF"},{"bfs_id":2616,"rcp":"RCP8.5","period":"2035","key":"tas","value":8.6,"estimate":"q5","season":"MAM"},{"bfs_id":2616,"rcp":"RCP8.5","period":"2035","key":"tas","value":17.8,"estimate":"q5","season":"JJA"},{"bfs_id":2616,"rcp":"RCP8.5","period":"2035","key":"tas","value":10,"estimate":"q5","season":"SON"},{"bfs_id":2616,"rcp":"RCP8.5","period":"2035","key":"tas","value":2.3,"estimate":"q50","season":"DJF"},{"bfs_id":2616,"rcp":"RCP8.5","period":"2035","key":"tas","value":9,"estimate":"q50","season":"MAM"},{"bfs_id":2616,"rcp":"RCP8.5","period":"2035","key":"tas","value":18.3,"estimate":"q50","season":"JJA"},{"bfs_id":2616,"rcp":"RCP8.5","period":"2035","key":"tas","value":10.5,"estimate":"q50","season":"SON"},{"bfs_id":2616,"rcp":"RCP8.5","period":"2035","key":"tas","value":2.8,"estimate":"q95","season":"DJF"},{"bfs_id":2616,"rcp":"RCP8.5","period":"2035","key":"tas","value":9.4,"estimate":"q95","season":"MAM"},{"bfs_id":2616,"rcp":"RCP8.5","period":"2035","key":"tas","value":18.9,"estimate":"q95","season":"JJA"},{"bfs_id":2616,"rcp":"RCP8.5","period":"2035","key":"tas","value":11.3,"estimate":"q95","season":"SON"},{"bfs_id":2616,"rcp":"RCP8.5","period":"2060","key":"tas","value":2.7,"estimate":"q5","season":"DJF"},{"bfs_id":2616,"rcp":"RCP8.5","period":"2060","key":"tas","value":9.4,"estimate":"q5","season":"MAM"},{"bfs_id":2616,"rcp":"RCP8.5","period":"2060","key":"tas","value":18.9,"estimate":"q5","season":"JJA"},{"bfs_id":2616,"rcp":"RCP8.5","period":"2060","key":"tas","value":11,"estimate":"q5","season":"SON"},{"bfs_id":2616,"rcp":"RCP8.5","period":"2060","key":"tas","value":3.1,"estimate":"q50","season":"DJF"},{"bfs_id":2616,"rcp":"RCP8.5","period":"2060","key":"tas","value":9.9,"estimate":"q50","season":"MAM"},{"bfs_id":2616,"rcp":"RCP8.5","period":"2060","key":"tas","value":19.5,"estimate":"q50","season":"JJA"},{"bfs_id":2616,"rcp":"RCP8.5","period":"2060","key":"tas","value":11.7,"estimate":"q50","season":"SON"},{"bfs_id":2616,"rcp":"RCP8.5","period":"2060","key":"tas","value":3.9,"estimate":"q95","season":"DJF"},{"bfs_id":2616,"rcp":"RCP8.5","period":"2060","key":"tas","value":10.4,"estimate":"q95","season":"MAM"},{"bfs_id":2616,"rcp":"RCP8.5","period":"2060","key":"tas","value":20.7,"estimate":"q95","season":"JJA"},{"bfs_id":2616,"rcp":"RCP8.5","period":"2060","key":"tas","value":12.6,"estimate":"q95","season":"SON"},{"bfs_id":2616,"rcp":"RCP8.5","period":"2085","key":"tas","value":3.9,"estimate":"q5","season":"DJF"},{"bfs_id":2616,"rcp":"RCP8.5","period":"2085","key":"tas","value":10.5,"estimate":"q5","season":"MAM"},{"bfs_id":2616,"rcp":"RCP8.5","period":"2085","key":"tas","value":20.4,"estimate":"q5","season":"JJA"},{"bfs_id":2616,"rcp":"RCP8.5","period":"2085","key":"tas","value":12.1,"estimate":"q5","season":"SON"},{"bfs_id":2616,"rcp":"RCP8.5","period":"2085","key":"tas","value":5,"estimate":"q50","season":"DJF"},{"bfs_id":2616,"rcp":"RCP8.5","period":"2085","key":"tas","value":11.2,"estimate":"q50","season":"MAM"},{"bfs_id":2616,"rcp":"RCP8.5","period":"2085","key":"tas","value":21.3,"estimate":"q50","season":"JJA"},{"bfs_id":2616,"rcp":"RCP8.5","period":"2085","key":"tas","value":13.1,"estimate":"q50","season":"SON"},{"bfs_id":2616,"rcp":"RCP8.5","period":"2085","key":"tas","value":5.7,"estimate":"q95","season":"DJF"},{"bfs_id":2616,"rcp":"RCP8.5","period":"2085","key":"tas","value":12.2,"estimate":"q95","season":"MAM"},{"bfs_id":2616,"rcp":"RCP8.5","period":"2085","key":"tas","value":23.6,"estimate":"q95","season":"JJA"},{"bfs_id":2616,"rcp":"RCP8.5","period":"2085","key":"tas","value":14.8,"estimate":"q95","season":"SON"},{"bfs_id":2616,"rcp":"obs","period":"1981-2010","key":"FD","value":91.4,"estimate":"yearly_mean"},{"bfs_id":2616,"rcp":"obs","period":"1981-2010","key":"HD","value":4,"estimate":"yearly_mean"},{"bfs_id":2616,"rcp":"obs","period":"1981-2010","key":"ID","value":25,"estimate":"yearly_mean"},{"bfs_id":2616,"rcp":"obs","period":"1981-2010","key":"SD","value":32.2,"estimate":"yearly_mean"},{"bfs_id":2616,"rcp":"obs","period":"1981-2010","key":"snowdays","value":24.4,"estimate":"yearly_mean"},{"bfs_id":2616,"rcp":"obs","period":"1981-2010","key":"TN","value":0.2,"estimate":"yearly_mean"},{"bfs_id":2616,"rcp":"obs","period":"1981-2010","key":"pr","value":2.6,"estimate":"mean","season":"DJF"},{"bfs_id":2616,"rcp":"obs","period":"1981-2010","key":"pr","value":3.3,"estimate":"mean","season":"MAM"},{"bfs_id":2616,"rcp":"obs","period":"1981-2010","key":"pr","value":3.8,"estimate":"mean","season":"JJA"},{"bfs_id":2616,"rcp":"obs","period":"1981-2010","key":"pr","value":3.2,"estimate":"mean","season":"SON"},{"bfs_id":2616,"rcp":"obs","period":"1981-2010","key":"tas","value":0.7,"estimate":"mean","season":"DJF"},{"bfs_id":2616,"rcp":"obs","period":"1981-2010","key":"tas","value":8.3,"estimate":"mean","season":"MAM"},{"bfs_id":2616,"rcp":"obs","period":"1981-2010","key":"tas","value":16.9,"estimate":"mean","season":"JJA"},{"bfs_id":2616,"rcp":"obs","period":"1981-2010","key":"tas","value":9,"estimate":"mean","season":"SON"}]
