[{"bfs_id":1057,"rcp":"RCP2.6","period":"2035","key":"FD","value":73.2,"estimate":"q5"},{"bfs_id":1057,"rcp":"RCP2.6","period":"2035","key":"FD","value":83.4,"estimate":"q50"},{"bfs_id":1057,"rcp":"RCP2.6","period":"2035","key":"FD","value":91.4,"estimate":"q95"},{"bfs_id":1057,"rcp":"RCP2.6","period":"2060","key":"FD","value":69.3,"estimate":"q5"},{"bfs_id":1057,"rcp":"RCP2.6","period":"2060","key":"FD","value":79.6,"estimate":"q50"},{"bfs_id":1057,"rcp":"RCP2.6","period":"2060","key":"FD","value":88.6,"estimate":"q95"},{"bfs_id":1057,"rcp":"RCP2.6","period":"2085","key":"FD","value":67.5,"estimate":"q5"},{"bfs_id":1057,"rcp":"RCP2.6","period":"2085","key":"FD","value":81.2,"estimate":"q50"},{"bfs_id":1057,"rcp":"RCP2.6","period":"2085","key":"FD","value":89.5,"estimate":"q95"},{"bfs_id":1057,"rcp":"RCP8.5","period":"2035","key":"FD","value":70.2,"estimate":"q5"},{"bfs_id":1057,"rcp":"RCP8.5","period":"2035","key":"FD","value":79.5,"estimate":"q50"},{"bfs_id":1057,"rcp":"RCP8.5","period":"2035","key":"FD","value":85.5,"estimate":"q95"},{"bfs_id":1057,"rcp":"RCP8.5","period":"2060","key":"FD","value":55.2,"estimate":"q5"},{"bfs_id":1057,"rcp":"RCP8.5","period":"2060","key":"FD","value":64.5,"estimate":"q50"},{"bfs_id":1057,"rcp":"RCP8.5","period":"2060","key":"FD","value":70.6,"estimate":"q95"},{"bfs_id":1057,"rcp":"RCP8.5","period":"2085","key":"FD","value":36.4,"estimate":"q5"},{"bfs_id":1057,"rcp":"RCP8.5","period":"2085","key":"FD","value":44.1,"estimate":"q50"},{"bfs_id":1057,"rcp":"RCP8.5","period":"2085","key":"FD","value":53.5,"estimate":"q95"},{"bfs_id":1057,"rcp":"RCP2.6","period":"2035","key":"HD","value":5.4,"estimate":"q5"},{"bfs_id":1057,"rcp":"RCP2.6","period":"2035","key":"HD","value":7.7,"estimate":"q50"},{"bfs_id":1057,"rcp":"RCP2.6","period":"2035","key":"HD","value":12.9,"estimate":"q95"},{"bfs_id":1057,"rcp":"RCP2.6","period":"2060","key":"HD","value":5.9,"estimate":"q5"},{"bfs_id":1057,"rcp":"RCP2.6","period":"2060","key":"HD","value":8.4,"estimate":"q50"},{"bfs_id":1057,"rcp":"RCP2.6","period":"2060","key":"HD","value":15.3,"estimate":"q95"},{"bfs_id":1057,"rcp":"RCP2.6","period":"2085","key":"HD","value":6.1,"estimate":"q5"},{"bfs_id":1057,"rcp":"RCP2.6","period":"2085","key":"HD","value":8,"estimate":"q50"},{"bfs_id":1057,"rcp":"RCP2.6","period":"2085","key":"HD","value":14.7,"estimate":"q95"},{"bfs_id":1057,"rcp":"RCP8.5","period":"2035","key":"HD","value":6.7,"estimate":"q5"},{"bfs_id":1057,"rcp":"RCP8.5","period":"2035","key":"HD","value":8.4,"estimate":"q50"},{"bfs_id":1057,"rcp":"RCP8.5","period":"2035","key":"HD","value":13.9,"estimate":"q95"},{"bfs_id":1057,"rcp":"RCP8.5","period":"2060","key":"HD","value":11.1,"estimate":"q5"},{"bfs_id":1057,"rcp":"RCP8.5","period":"2060","key":"HD","value":16.8,"estimate":"q50"},{"bfs_id":1057,"rcp":"RCP8.5","period":"2060","key":"HD","value":28.9,"estimate":"q95"},{"bfs_id":1057,"rcp":"RCP8.5","period":"2085","key":"HD","value":21.9,"estimate":"q5"},{"bfs_id":1057,"rcp":"RCP8.5","period":"2085","key":"HD","value":26.9,"estimate":"q50"},{"bfs_id":1057,"rcp":"RCP8.5","period":"2085","key":"HD","value":53.5,"estimate":"q95"},{"bfs_id":1057,"rcp":"RCP2.6","period":"2035","key":"ID","value":16.7,"estimate":"q5"},{"bfs_id":1057,"rcp":"RCP2.6","period":"2035","key":"ID","value":20,"estimate":"q50"},{"bfs_id":1057,"rcp":"RCP2.6","period":"2035","key":"ID","value":23.7,"estimate":"q95"},{"bfs_id":1057,"rcp":"RCP2.6","period":"2060","key":"ID","value":16,"estimate":"q5"},{"bfs_id":1057,"rcp":"RCP2.6","period":"2060","key":"ID","value":19.1,"estimate":"q50"},{"bfs_id":1057,"rcp":"RCP2.6","period":"2060","key":"ID","value":23.2,"estimate":"q95"},{"bfs_id":1057,"rcp":"RCP2.6","period":"2085","key":"ID","value":14.9,"estimate":"q5"},{"bfs_id":1057,"rcp":"RCP2.6","period":"2085","key":"ID","value":19.6,"estimate":"q50"},{"bfs_id":1057,"rcp":"RCP2.6","period":"2085","key":"ID","value":23,"estimate":"q95"},{"bfs_id":1057,"rcp":"RCP8.5","period":"2035","key":"ID","value":15.6,"estimate":"q5"},{"bfs_id":1057,"rcp":"RCP8.5","period":"2035","key":"ID","value":19,"estimate":"q50"},{"bfs_id":1057,"rcp":"RCP8.5","period":"2035","key":"ID","value":23.3,"estimate":"q95"},{"bfs_id":1057,"rcp":"RCP8.5","period":"2060","key":"ID","value":10.8,"estimate":"q5"},{"bfs_id":1057,"rcp":"RCP8.5","period":"2060","key":"ID","value":14.2,"estimate":"q50"},{"bfs_id":1057,"rcp":"RCP8.5","period":"2060","key":"ID","value":16.6,"estimate":"q95"},{"bfs_id":1057,"rcp":"RCP8.5","period":"2085","key":"ID","value":4,"estimate":"q5"},{"bfs_id":1057,"rcp":"RCP8.5","period":"2085","key":"ID","value":7.3,"estimate":"q50"},{"bfs_id":1057,"rcp":"RCP8.5","period":"2085","key":"ID","value":9.9,"estimate":"q95"},{"bfs_id":1057,"rcp":"RCP2.6","period":"2035","key":"SD","value":38.8,"estimate":"q5"},{"bfs_id":1057,"rcp":"RCP2.6","period":"2035","key":"SD","value":43.5,"estimate":"q50"},{"bfs_id":1057,"rcp":"RCP2.6","period":"2035","key":"SD","value":51.6,"estimate":"q95"},{"bfs_id":1057,"rcp":"RCP2.6","period":"2060","key":"SD","value":38.8,"estimate":"q5"},{"bfs_id":1057,"rcp":"RCP2.6","period":"2060","key":"SD","value":45.2,"estimate":"q50"},{"bfs_id":1057,"rcp":"RCP2.6","period":"2060","key":"SD","value":52,"estimate":"q95"},{"bfs_id":1057,"rcp":"RCP2.6","period":"2085","key":"SD","value":38.4,"estimate":"q5"},{"bfs_id":1057,"rcp":"RCP2.6","period":"2085","key":"SD","value":45.4,"estimate":"q50"},{"bfs_id":1057,"rcp":"RCP2.6","period":"2085","key":"SD","value":51.4,"estimate":"q95"},{"bfs_id":1057,"rcp":"RCP8.5","period":"2035","key":"SD","value":40,"estimate":"q5"},{"bfs_id":1057,"rcp":"RCP8.5","period":"2035","key":"SD","value":45.4,"estimate":"q50"},{"bfs_id":1057,"rcp":"RCP8.5","period":"2035","key":"SD","value":53.5,"estimate":"q95"},{"bfs_id":1057,"rcp":"RCP8.5","period":"2060","key":"SD","value":53.8,"estimate":"q5"},{"bfs_id":1057,"rcp":"RCP8.5","period":"2060","key":"SD","value":60.8,"estimate":"q50"},{"bfs_id":1057,"rcp":"RCP8.5","period":"2060","key":"SD","value":78.1,"estimate":"q95"},{"bfs_id":1057,"rcp":"RCP8.5","period":"2085","key":"SD","value":71,"estimate":"q5"},{"bfs_id":1057,"rcp":"RCP8.5","period":"2085","key":"SD","value":82.5,"estimate":"q50"},{"bfs_id":1057,"rcp":"RCP8.5","period":"2085","key":"SD","value":105.9,"estimate":"q95"},{"bfs_id":1057,"rcp":"RCP2.6","period":"2035","key":"snowdays","value":15.9,"estimate":"q5"},{"bfs_id":1057,"rcp":"RCP2.6","period":"2035","key":"snowdays","value":21.5,"estimate":"q50"},{"bfs_id":1057,"rcp":"RCP2.6","period":"2035","key":"snowdays","value":25.5,"estimate":"q95"},{"bfs_id":1057,"rcp":"RCP2.6","period":"2060","key":"snowdays","value":15.5,"estimate":"q5"},{"bfs_id":1057,"rcp":"RCP2.6","period":"2060","key":"snowdays","value":20.6,"estimate":"q50"},{"bfs_id":1057,"rcp":"RCP2.6","period":"2060","key":"snowdays","value":24.8,"estimate":"q95"},{"bfs_id":1057,"rcp":"RCP2.6","period":"2085","key":"snowdays","value":15.3,"estimate":"q5"},{"bfs_id":1057,"rcp":"RCP2.6","period":"2085","key":"snowdays","value":20.4,"estimate":"q50"},{"bfs_id":1057,"rcp":"RCP2.6","period":"2085","key":"snowdays","value":24.9,"estimate":"q95"},{"bfs_id":1057,"rcp":"RCP8.5","period":"2035","key":"snowdays","value":13.8,"estimate":"q5"},{"bfs_id":1057,"rcp":"RCP8.5","period":"2035","key":"snowdays","value":20.3,"estimate":"q50"},{"bfs_id":1057,"rcp":"RCP8.5","period":"2035","key":"snowdays","value":24.9,"estimate":"q95"},{"bfs_id":1057,"rcp":"RCP8.5","period":"2060","key":"snowdays","value":10.3,"estimate":"q5"},{"bfs_id":1057,"rcp":"RCP8.5","period":"2060","key":"snowdays","value":16.4,"estimate":"q50"},{"bfs_id":1057,"rcp":"RCP8.5","period":"2060","key":"snowdays","value":18.1,"estimate":"q95"},{"bfs_id":1057,"rcp":"RCP8.5","period":"2085","key":"snowdays","value":5.1,"estimate":"q5"},{"bfs_id":1057,"rcp":"RCP8.5","period":"2085","key":"snowdays","value":10,"estimate":"q50"},{"bfs_id":1057,"rcp":"RCP8.5","period":"2085","key":"snowdays","value":13.1,"estimate":"q95"},{"bfs_id":1057,"rcp":"RCP2.6","period":"2035","key":"TN","value":0.1,"estimate":"q5"},{"bfs_id":1057,"rcp":"RCP2.6","period":"2035","key":"TN","value":0.5,"estimate":"q50"},{"bfs_id":1057,"rcp":"RCP2.6","period":"2035","key":"TN","value":1.1,"estimate":"q95"},{"bfs_id":1057,"rcp":"RCP2.6","period":"2060","key":"TN","value":0.2,"estimate":"q5"},{"bfs_id":1057,"rcp":"RCP2.6","period":"2060","key":"TN","value":0.6,"estimate":"q50"},{"bfs_id":1057,"rcp":"RCP2.6","period":"2060","key":"TN","value":1.5,"estimate":"q95"},{"bfs_id":1057,"rcp":"RCP2.6","period":"2085","key":"TN","value":0.1,"estimate":"q5"},{"bfs_id":1057,"rcp":"RCP2.6","period":"2085","key":"TN","value":0.6,"estimate":"q50"},{"bfs_id":1057,"rcp":"RCP2.6","period":"2085","key":"TN","value":1.3,"estimate":"q95"},{"bfs_id":1057,"rcp":"RCP8.5","period":"2035","key":"TN","value":0.3,"estimate":"q5"},{"bfs_id":1057,"rcp":"RCP8.5","period":"2035","key":"TN","value":0.6,"estimate":"q50"},{"bfs_id":1057,"rcp":"RCP8.5","period":"2035","key":"TN","value":2.6,"estimate":"q95"},{"bfs_id":1057,"rcp":"RCP8.5","period":"2060","key":"TN","value":1.4,"estimate":"q5"},{"bfs_id":1057,"rcp":"RCP8.5","period":"2060","key":"TN","value":2.9,"estimate":"q50"},{"bfs_id":1057,"rcp":"RCP8.5","period":"2060","key":"TN","value":7.7,"estimate":"q95"},{"bfs_id":1057,"rcp":"RCP8.5","period":"2085","key":"TN","value":6.1,"estimate":"q5"},{"bfs_id":1057,"rcp":"RCP8.5","period":"2085","key":"TN","value":9.4,"estimate":"q50"},{"bfs_id":1057,"rcp":"RCP8.5","period":"2085","key":"TN","value":26.5,"estimate":"q95"},{"bfs_id":1057,"rcp":"RCP2.6","period":"2035","key":"pr","value":2.1,"estimate":"q5","season":"DJF"},{"bfs_id":1057,"rcp":"RCP2.6","period":"2035","key":"pr","value":3,"estimate":"q5","season":"MAM"},{"bfs_id":1057,"rcp":"RCP2.6","period":"2035","key":"pr","value":3.7,"estimate":"q5","season":"JJA"},{"bfs_id":1057,"rcp":"RCP2.6","period":"2035","key":"pr","value":2.6,"estimate":"q5","season":"SON"},{"bfs_id":1057,"rcp":"RCP2.6","period":"2035","key":"pr","value":2.4,"estimate":"q50","season":"DJF"},{"bfs_id":1057,"rcp":"RCP2.6","period":"2035","key":"pr","value":3.4,"estimate":"q50","season":"MAM"},{"bfs_id":1057,"rcp":"RCP2.6","period":"2035","key":"pr","value":4.3,"estimate":"q50","season":"JJA"},{"bfs_id":1057,"rcp":"RCP2.6","period":"2035","key":"pr","value":2.8,"estimate":"q50","season":"SON"},{"bfs_id":1057,"rcp":"RCP2.6","period":"2035","key":"pr","value":2.8,"estimate":"q95","season":"DJF"},{"bfs_id":1057,"rcp":"RCP2.6","period":"2035","key":"pr","value":3.8,"estimate":"q95","season":"MAM"},{"bfs_id":1057,"rcp":"RCP2.6","period":"2035","key":"pr","value":4.7,"estimate":"q95","season":"JJA"},{"bfs_id":1057,"rcp":"RCP2.6","period":"2035","key":"pr","value":3.4,"estimate":"q95","season":"SON"},{"bfs_id":1057,"rcp":"RCP2.6","period":"2060","key":"pr","value":2.1,"estimate":"q5","season":"DJF"},{"bfs_id":1057,"rcp":"RCP2.6","period":"2060","key":"pr","value":3.1,"estimate":"q5","season":"MAM"},{"bfs_id":1057,"rcp":"RCP2.6","period":"2060","key":"pr","value":3.6,"estimate":"q5","season":"JJA"},{"bfs_id":1057,"rcp":"RCP2.6","period":"2060","key":"pr","value":2.6,"estimate":"q5","season":"SON"},{"bfs_id":1057,"rcp":"RCP2.6","period":"2060","key":"pr","value":2.4,"estimate":"q50","season":"DJF"},{"bfs_id":1057,"rcp":"RCP2.6","period":"2060","key":"pr","value":3.3,"estimate":"q50","season":"MAM"},{"bfs_id":1057,"rcp":"RCP2.6","period":"2060","key":"pr","value":4.4,"estimate":"q50","season":"JJA"},{"bfs_id":1057,"rcp":"RCP2.6","period":"2060","key":"pr","value":2.8,"estimate":"q50","season":"SON"},{"bfs_id":1057,"rcp":"RCP2.6","period":"2060","key":"pr","value":2.6,"estimate":"q95","season":"DJF"},{"bfs_id":1057,"rcp":"RCP2.6","period":"2060","key":"pr","value":3.8,"estimate":"q95","season":"MAM"},{"bfs_id":1057,"rcp":"RCP2.6","period":"2060","key":"pr","value":4.9,"estimate":"q95","season":"JJA"},{"bfs_id":1057,"rcp":"RCP2.6","period":"2060","key":"pr","value":3.3,"estimate":"q95","season":"SON"},{"bfs_id":1057,"rcp":"RCP2.6","period":"2085","key":"pr","value":2.1,"estimate":"q5","season":"DJF"},{"bfs_id":1057,"rcp":"RCP2.6","period":"2085","key":"pr","value":3,"estimate":"q5","season":"MAM"},{"bfs_id":1057,"rcp":"RCP2.6","period":"2085","key":"pr","value":3.6,"estimate":"q5","season":"JJA"},{"bfs_id":1057,"rcp":"RCP2.6","period":"2085","key":"pr","value":2.5,"estimate":"q5","season":"SON"},{"bfs_id":1057,"rcp":"RCP2.6","period":"2085","key":"pr","value":2.3,"estimate":"q50","season":"DJF"},{"bfs_id":1057,"rcp":"RCP2.6","period":"2085","key":"pr","value":3.3,"estimate":"q50","season":"MAM"},{"bfs_id":1057,"rcp":"RCP2.6","period":"2085","key":"pr","value":4.4,"estimate":"q50","season":"JJA"},{"bfs_id":1057,"rcp":"RCP2.6","period":"2085","key":"pr","value":2.8,"estimate":"q50","season":"SON"},{"bfs_id":1057,"rcp":"RCP2.6","period":"2085","key":"pr","value":2.7,"estimate":"q95","season":"DJF"},{"bfs_id":1057,"rcp":"RCP2.6","period":"2085","key":"pr","value":3.6,"estimate":"q95","season":"MAM"},{"bfs_id":1057,"rcp":"RCP2.6","period":"2085","key":"pr","value":4.8,"estimate":"q95","season":"JJA"},{"bfs_id":1057,"rcp":"RCP2.6","period":"2085","key":"pr","value":3.3,"estimate":"q95","season":"SON"},{"bfs_id":1057,"rcp":"RCP8.5","period":"2035","key":"pr","value":2.2,"estimate":"q5","season":"DJF"},{"bfs_id":1057,"rcp":"RCP8.5","period":"2035","key":"pr","value":3.1,"estimate":"q5","season":"MAM"},{"bfs_id":1057,"rcp":"RCP8.5","period":"2035","key":"pr","value":3.7,"estimate":"q5","season":"JJA"},{"bfs_id":1057,"rcp":"RCP8.5","period":"2035","key":"pr","value":2.5,"estimate":"q5","season":"SON"},{"bfs_id":1057,"rcp":"RCP8.5","period":"2035","key":"pr","value":2.5,"estimate":"q50","season":"DJF"},{"bfs_id":1057,"rcp":"RCP8.5","period":"2035","key":"pr","value":3.5,"estimate":"q50","season":"MAM"},{"bfs_id":1057,"rcp":"RCP8.5","period":"2035","key":"pr","value":4.3,"estimate":"q50","season":"JJA"},{"bfs_id":1057,"rcp":"RCP8.5","period":"2035","key":"pr","value":2.9,"estimate":"q50","season":"SON"},{"bfs_id":1057,"rcp":"RCP8.5","period":"2035","key":"pr","value":2.7,"estimate":"q95","season":"DJF"},{"bfs_id":1057,"rcp":"RCP8.5","period":"2035","key":"pr","value":3.7,"estimate":"q95","season":"MAM"},{"bfs_id":1057,"rcp":"RCP8.5","period":"2035","key":"pr","value":4.9,"estimate":"q95","season":"JJA"},{"bfs_id":1057,"rcp":"RCP8.5","period":"2035","key":"pr","value":3.4,"estimate":"q95","season":"SON"},{"bfs_id":1057,"rcp":"RCP8.5","period":"2060","key":"pr","value":2.3,"estimate":"q5","season":"DJF"},{"bfs_id":1057,"rcp":"RCP8.5","period":"2060","key":"pr","value":3.3,"estimate":"q5","season":"MAM"},{"bfs_id":1057,"rcp":"RCP8.5","period":"2060","key":"pr","value":3.1,"estimate":"q5","season":"JJA"},{"bfs_id":1057,"rcp":"RCP8.5","period":"2060","key":"pr","value":2.6,"estimate":"q5","season":"SON"},{"bfs_id":1057,"rcp":"RCP8.5","period":"2060","key":"pr","value":2.5,"estimate":"q50","season":"DJF"},{"bfs_id":1057,"rcp":"RCP8.5","period":"2060","key":"pr","value":3.6,"estimate":"q50","season":"MAM"},{"bfs_id":1057,"rcp":"RCP8.5","period":"2060","key":"pr","value":4.3,"estimate":"q50","season":"JJA"},{"bfs_id":1057,"rcp":"RCP8.5","period":"2060","key":"pr","value":2.9,"estimate":"q50","season":"SON"},{"bfs_id":1057,"rcp":"RCP8.5","period":"2060","key":"pr","value":2.8,"estimate":"q95","season":"DJF"},{"bfs_id":1057,"rcp":"RCP8.5","period":"2060","key":"pr","value":4,"estimate":"q95","season":"MAM"},{"bfs_id":1057,"rcp":"RCP8.5","period":"2060","key":"pr","value":4.7,"estimate":"q95","season":"JJA"},{"bfs_id":1057,"rcp":"RCP8.5","period":"2060","key":"pr","value":3.2,"estimate":"q95","season":"SON"},{"bfs_id":1057,"rcp":"RCP8.5","period":"2085","key":"pr","value":2.4,"estimate":"q5","season":"DJF"},{"bfs_id":1057,"rcp":"RCP8.5","period":"2085","key":"pr","value":3.4,"estimate":"q5","season":"MAM"},{"bfs_id":1057,"rcp":"RCP8.5","period":"2085","key":"pr","value":2.6,"estimate":"q5","season":"JJA"},{"bfs_id":1057,"rcp":"RCP8.5","period":"2085","key":"pr","value":2.3,"estimate":"q5","season":"SON"},{"bfs_id":1057,"rcp":"RCP8.5","period":"2085","key":"pr","value":2.7,"estimate":"q50","season":"DJF"},{"bfs_id":1057,"rcp":"RCP8.5","period":"2085","key":"pr","value":3.6,"estimate":"q50","season":"MAM"},{"bfs_id":1057,"rcp":"RCP8.5","period":"2085","key":"pr","value":3.8,"estimate":"q50","season":"JJA"},{"bfs_id":1057,"rcp":"RCP8.5","period":"2085","key":"pr","value":2.8,"estimate":"q50","season":"SON"},{"bfs_id":1057,"rcp":"RCP8.5","period":"2085","key":"pr","value":3.1,"estimate":"q95","season":"DJF"},{"bfs_id":1057,"rcp":"RCP8.5","period":"2085","key":"pr","value":4.1,"estimate":"q95","season":"MAM"},{"bfs_id":1057,"rcp":"RCP8.5","period":"2085","key":"pr","value":4.1,"estimate":"q95","season":"JJA"},{"bfs_id":1057,"rcp":"RCP8.5","period":"2085","key":"pr","value":3.3,"estimate":"q95","season":"SON"},{"bfs_id":1057,"rcp":"RCP2.6","period":"2035","key":"tas","value":1,"estimate":"q5","season":"DJF"},{"bfs_id":1057,"rcp":"RCP2.6","period":"2035","key":"tas","value":8.3,"estimate":"q5","season":"MAM"},{"bfs_id":1057,"rcp":"RCP2.6","period":"2035","key":"tas","value":17.4,"estimate":"q5","season":"JJA"},{"bfs_id":1057,"rcp":"RCP2.6","period":"2035","key":"tas","value":9.5,"estimate":"q5","season":"SON"},{"bfs_id":1057,"rcp":"RCP2.6","period":"2035","key":"tas","value":1.6,"estimate":"q50","season":"DJF"},{"bfs_id":1057,"rcp":"RCP2.6","period":"2035","key":"tas","value":8.9,"estimate":"q50","season":"MAM"},{"bfs_id":1057,"rcp":"RCP2.6","period":"2035","key":"tas","value":18,"estimate":"q50","season":"JJA"},{"bfs_id":1057,"rcp":"RCP2.6","period":"2035","key":"tas","value":9.9,"estimate":"q50","season":"SON"},{"bfs_id":1057,"rcp":"RCP2.6","period":"2035","key":"tas","value":2.3,"estimate":"q95","season":"DJF"},{"bfs_id":1057,"rcp":"RCP2.6","period":"2035","key":"tas","value":9.2,"estimate":"q95","season":"MAM"},{"bfs_id":1057,"rcp":"RCP2.6","period":"2035","key":"tas","value":18.8,"estimate":"q95","season":"JJA"},{"bfs_id":1057,"rcp":"RCP2.6","period":"2035","key":"tas","value":10.7,"estimate":"q95","season":"SON"},{"bfs_id":1057,"rcp":"RCP2.6","period":"2060","key":"tas","value":1,"estimate":"q5","season":"DJF"},{"bfs_id":1057,"rcp":"RCP2.6","period":"2060","key":"tas","value":8.2,"estimate":"q5","season":"MAM"},{"bfs_id":1057,"rcp":"RCP2.6","period":"2060","key":"tas","value":17.7,"estimate":"q5","season":"JJA"},{"bfs_id":1057,"rcp":"RCP2.6","period":"2060","key":"tas","value":9.8,"estimate":"q5","season":"SON"},{"bfs_id":1057,"rcp":"RCP2.6","period":"2060","key":"tas","value":1.8,"estimate":"q50","season":"DJF"},{"bfs_id":1057,"rcp":"RCP2.6","period":"2060","key":"tas","value":8.9,"estimate":"q50","season":"MAM"},{"bfs_id":1057,"rcp":"RCP2.6","period":"2060","key":"tas","value":18.2,"estimate":"q50","season":"JJA"},{"bfs_id":1057,"rcp":"RCP2.6","period":"2060","key":"tas","value":10.2,"estimate":"q50","season":"SON"},{"bfs_id":1057,"rcp":"RCP2.6","period":"2060","key":"tas","value":2.4,"estimate":"q95","season":"DJF"},{"bfs_id":1057,"rcp":"RCP2.6","period":"2060","key":"tas","value":9.5,"estimate":"q95","season":"MAM"},{"bfs_id":1057,"rcp":"RCP2.6","period":"2060","key":"tas","value":18.9,"estimate":"q95","season":"JJA"},{"bfs_id":1057,"rcp":"RCP2.6","period":"2060","key":"tas","value":11.1,"estimate":"q95","season":"SON"},{"bfs_id":1057,"rcp":"RCP2.6","period":"2085","key":"tas","value":1.1,"estimate":"q5","season":"DJF"},{"bfs_id":1057,"rcp":"RCP2.6","period":"2085","key":"tas","value":8.3,"estimate":"q5","season":"MAM"},{"bfs_id":1057,"rcp":"RCP2.6","period":"2085","key":"tas","value":17.7,"estimate":"q5","season":"JJA"},{"bfs_id":1057,"rcp":"RCP2.6","period":"2085","key":"tas","value":9.6,"estimate":"q5","season":"SON"},{"bfs_id":1057,"rcp":"RCP2.6","period":"2085","key":"tas","value":1.8,"estimate":"q50","season":"DJF"},{"bfs_id":1057,"rcp":"RCP2.6","period":"2085","key":"tas","value":9,"estimate":"q50","season":"MAM"},{"bfs_id":1057,"rcp":"RCP2.6","period":"2085","key":"tas","value":18.1,"estimate":"q50","season":"JJA"},{"bfs_id":1057,"rcp":"RCP2.6","period":"2085","key":"tas","value":10.1,"estimate":"q50","season":"SON"},{"bfs_id":1057,"rcp":"RCP2.6","period":"2085","key":"tas","value":2.4,"estimate":"q95","season":"DJF"},{"bfs_id":1057,"rcp":"RCP2.6","period":"2085","key":"tas","value":9.5,"estimate":"q95","season":"MAM"},{"bfs_id":1057,"rcp":"RCP2.6","period":"2085","key":"tas","value":18.7,"estimate":"q95","season":"JJA"},{"bfs_id":1057,"rcp":"RCP2.6","period":"2085","key":"tas","value":11.1,"estimate":"q95","season":"SON"},{"bfs_id":1057,"rcp":"RCP8.5","period":"2035","key":"tas","value":0.9,"estimate":"q5","season":"DJF"},{"bfs_id":1057,"rcp":"RCP8.5","period":"2035","key":"tas","value":8.6,"estimate":"q5","season":"MAM"},{"bfs_id":1057,"rcp":"RCP8.5","period":"2035","key":"tas","value":17.9,"estimate":"q5","season":"JJA"},{"bfs_id":1057,"rcp":"RCP8.5","period":"2035","key":"tas","value":9.8,"estimate":"q5","season":"SON"},{"bfs_id":1057,"rcp":"RCP8.5","period":"2035","key":"tas","value":1.8,"estimate":"q50","season":"DJF"},{"bfs_id":1057,"rcp":"RCP8.5","period":"2035","key":"tas","value":8.9,"estimate":"q50","season":"MAM"},{"bfs_id":1057,"rcp":"RCP8.5","period":"2035","key":"tas","value":18.3,"estimate":"q50","season":"JJA"},{"bfs_id":1057,"rcp":"RCP8.5","period":"2035","key":"tas","value":10.3,"estimate":"q50","season":"SON"},{"bfs_id":1057,"rcp":"RCP8.5","period":"2035","key":"tas","value":2.3,"estimate":"q95","season":"DJF"},{"bfs_id":1057,"rcp":"RCP8.5","period":"2035","key":"tas","value":9.4,"estimate":"q95","season":"MAM"},{"bfs_id":1057,"rcp":"RCP8.5","period":"2035","key":"tas","value":19,"estimate":"q95","season":"JJA"},{"bfs_id":1057,"rcp":"RCP8.5","period":"2035","key":"tas","value":11.1,"estimate":"q95","season":"SON"},{"bfs_id":1057,"rcp":"RCP8.5","period":"2060","key":"tas","value":2.2,"estimate":"q5","season":"DJF"},{"bfs_id":1057,"rcp":"RCP8.5","period":"2060","key":"tas","value":9.4,"estimate":"q5","season":"MAM"},{"bfs_id":1057,"rcp":"RCP8.5","period":"2060","key":"tas","value":19,"estimate":"q5","season":"JJA"},{"bfs_id":1057,"rcp":"RCP8.5","period":"2060","key":"tas","value":10.9,"estimate":"q5","season":"SON"},{"bfs_id":1057,"rcp":"RCP8.5","period":"2060","key":"tas","value":2.7,"estimate":"q50","season":"DJF"},{"bfs_id":1057,"rcp":"RCP8.5","period":"2060","key":"tas","value":9.9,"estimate":"q50","season":"MAM"},{"bfs_id":1057,"rcp":"RCP8.5","period":"2060","key":"tas","value":19.5,"estimate":"q50","season":"JJA"},{"bfs_id":1057,"rcp":"RCP8.5","period":"2060","key":"tas","value":11.5,"estimate":"q50","season":"SON"},{"bfs_id":1057,"rcp":"RCP8.5","period":"2060","key":"tas","value":3.3,"estimate":"q95","season":"DJF"},{"bfs_id":1057,"rcp":"RCP8.5","period":"2060","key":"tas","value":10.6,"estimate":"q95","season":"MAM"},{"bfs_id":1057,"rcp":"RCP8.5","period":"2060","key":"tas","value":20.8,"estimate":"q95","season":"JJA"},{"bfs_id":1057,"rcp":"RCP8.5","period":"2060","key":"tas","value":12.4,"estimate":"q95","season":"SON"},{"bfs_id":1057,"rcp":"RCP8.5","period":"2085","key":"tas","value":3.4,"estimate":"q5","season":"DJF"},{"bfs_id":1057,"rcp":"RCP8.5","period":"2085","key":"tas","value":10.5,"estimate":"q5","season":"MAM"},{"bfs_id":1057,"rcp":"RCP8.5","period":"2085","key":"tas","value":20.5,"estimate":"q5","season":"JJA"},{"bfs_id":1057,"rcp":"RCP8.5","period":"2085","key":"tas","value":11.9,"estimate":"q5","season":"SON"},{"bfs_id":1057,"rcp":"RCP8.5","period":"2085","key":"tas","value":4.5,"estimate":"q50","season":"DJF"},{"bfs_id":1057,"rcp":"RCP8.5","period":"2085","key":"tas","value":11.5,"estimate":"q50","season":"MAM"},{"bfs_id":1057,"rcp":"RCP8.5","period":"2085","key":"tas","value":21.2,"estimate":"q50","season":"JJA"},{"bfs_id":1057,"rcp":"RCP8.5","period":"2085","key":"tas","value":12.8,"estimate":"q50","season":"SON"},{"bfs_id":1057,"rcp":"RCP8.5","period":"2085","key":"tas","value":5.2,"estimate":"q95","season":"DJF"},{"bfs_id":1057,"rcp":"RCP8.5","period":"2085","key":"tas","value":12.4,"estimate":"q95","season":"MAM"},{"bfs_id":1057,"rcp":"RCP8.5","period":"2085","key":"tas","value":23.7,"estimate":"q95","season":"JJA"},{"bfs_id":1057,"rcp":"RCP8.5","period":"2085","key":"tas","value":14.6,"estimate":"q95","season":"SON"},{"bfs_id":1057,"rcp":"obs","period":"1981-2010","key":"FD","value":97.7,"estimate":"yearly_mean"},{"bfs_id":1057,"rcp":"obs","period":"1981-2010","key":"HD","value":3.7,"estimate":"yearly_mean"},{"bfs_id":1057,"rcp":"obs","period":"1981-2010","key":"ID","value":27.6,"estimate":"yearly_mean"},{"bfs_id":1057,"rcp":"obs","period":"1981-2010","key":"SD","value":32.1,"estimate":"yearly_mean"},{"bfs_id":1057,"rcp":"obs","period":"1981-2010","key":"snowdays","value":24.2,"estimate":"yearly_mean"},{"bfs_id":1057,"rcp":"obs","period":"1981-2010","key":"TN","value":0,"estimate":"yearly_mean"},{"bfs_id":1057,"rcp":"obs","period":"1981-2010","key":"pr","value":2.1,"estimate":"mean","season":"DJF"},{"bfs_id":1057,"rcp":"obs","period":"1981-2010","key":"pr","value":3.1,"estimate":"mean","season":"MAM"},{"bfs_id":1057,"rcp":"obs","period":"1981-2010","key":"pr","value":4.9,"estimate":"mean","season":"JJA"},{"bfs_id":1057,"rcp":"obs","period":"1981-2010","key":"pr","value":2.8,"estimate":"mean","season":"SON"},{"bfs_id":1057,"rcp":"obs","period":"1981-2010","key":"tas","value":0.4,"estimate":"mean","season":"DJF"},{"bfs_id":1057,"rcp":"obs","period":"1981-2010","key":"tas","value":8.2,"estimate":"mean","season":"MAM"},{"bfs_id":1057,"rcp":"obs","period":"1981-2010","key":"tas","value":16.9,"estimate":"mean","season":"JJA"},{"bfs_id":1057,"rcp":"obs","period":"1981-2010","key":"tas","value":8.9,"estimate":"mean","season":"SON"}]
