[{"bfs_id":2548,"rcp":"RCP2.6","period":"2035","key":"FD","value":65.2,"estimate":"q5"},{"bfs_id":2548,"rcp":"RCP2.6","period":"2035","key":"FD","value":76.6,"estimate":"q50"},{"bfs_id":2548,"rcp":"RCP2.6","period":"2035","key":"FD","value":83,"estimate":"q95"},{"bfs_id":2548,"rcp":"RCP2.6","period":"2060","key":"FD","value":63.3,"estimate":"q5"},{"bfs_id":2548,"rcp":"RCP2.6","period":"2060","key":"FD","value":72.4,"estimate":"q50"},{"bfs_id":2548,"rcp":"RCP2.6","period":"2060","key":"FD","value":80.6,"estimate":"q95"},{"bfs_id":2548,"rcp":"RCP2.6","period":"2085","key":"FD","value":64.3,"estimate":"q5"},{"bfs_id":2548,"rcp":"RCP2.6","period":"2085","key":"FD","value":72.8,"estimate":"q50"},{"bfs_id":2548,"rcp":"RCP2.6","period":"2085","key":"FD","value":80.6,"estimate":"q95"},{"bfs_id":2548,"rcp":"RCP8.5","period":"2035","key":"FD","value":61.8,"estimate":"q5"},{"bfs_id":2548,"rcp":"RCP8.5","period":"2035","key":"FD","value":72.5,"estimate":"q50"},{"bfs_id":2548,"rcp":"RCP8.5","period":"2035","key":"FD","value":78.9,"estimate":"q95"},{"bfs_id":2548,"rcp":"RCP8.5","period":"2060","key":"FD","value":51.6,"estimate":"q5"},{"bfs_id":2548,"rcp":"RCP8.5","period":"2060","key":"FD","value":58.2,"estimate":"q50"},{"bfs_id":2548,"rcp":"RCP8.5","period":"2060","key":"FD","value":66.5,"estimate":"q95"},{"bfs_id":2548,"rcp":"RCP8.5","period":"2085","key":"FD","value":32.5,"estimate":"q5"},{"bfs_id":2548,"rcp":"RCP8.5","period":"2085","key":"FD","value":38.4,"estimate":"q50"},{"bfs_id":2548,"rcp":"RCP8.5","period":"2085","key":"FD","value":50.7,"estimate":"q95"},{"bfs_id":2548,"rcp":"RCP2.6","period":"2035","key":"HD","value":11.4,"estimate":"q5"},{"bfs_id":2548,"rcp":"RCP2.6","period":"2035","key":"HD","value":15.3,"estimate":"q50"},{"bfs_id":2548,"rcp":"RCP2.6","period":"2035","key":"HD","value":20.1,"estimate":"q95"},{"bfs_id":2548,"rcp":"RCP2.6","period":"2060","key":"HD","value":12.3,"estimate":"q5"},{"bfs_id":2548,"rcp":"RCP2.6","period":"2060","key":"HD","value":15.1,"estimate":"q50"},{"bfs_id":2548,"rcp":"RCP2.6","period":"2060","key":"HD","value":23.2,"estimate":"q95"},{"bfs_id":2548,"rcp":"RCP2.6","period":"2085","key":"HD","value":12.1,"estimate":"q5"},{"bfs_id":2548,"rcp":"RCP2.6","period":"2085","key":"HD","value":14.6,"estimate":"q50"},{"bfs_id":2548,"rcp":"RCP2.6","period":"2085","key":"HD","value":22.5,"estimate":"q95"},{"bfs_id":2548,"rcp":"RCP8.5","period":"2035","key":"HD","value":12.2,"estimate":"q5"},{"bfs_id":2548,"rcp":"RCP8.5","period":"2035","key":"HD","value":15.9,"estimate":"q50"},{"bfs_id":2548,"rcp":"RCP8.5","period":"2035","key":"HD","value":22.7,"estimate":"q95"},{"bfs_id":2548,"rcp":"RCP8.5","period":"2060","key":"HD","value":19.4,"estimate":"q5"},{"bfs_id":2548,"rcp":"RCP8.5","period":"2060","key":"HD","value":26,"estimate":"q50"},{"bfs_id":2548,"rcp":"RCP8.5","period":"2060","key":"HD","value":38.3,"estimate":"q95"},{"bfs_id":2548,"rcp":"RCP8.5","period":"2085","key":"HD","value":34.3,"estimate":"q5"},{"bfs_id":2548,"rcp":"RCP8.5","period":"2085","key":"HD","value":40.4,"estimate":"q50"},{"bfs_id":2548,"rcp":"RCP8.5","period":"2085","key":"HD","value":66,"estimate":"q95"},{"bfs_id":2548,"rcp":"RCP2.6","period":"2035","key":"ID","value":10.2,"estimate":"q5"},{"bfs_id":2548,"rcp":"RCP2.6","period":"2035","key":"ID","value":13.5,"estimate":"q50"},{"bfs_id":2548,"rcp":"RCP2.6","period":"2035","key":"ID","value":16.7,"estimate":"q95"},{"bfs_id":2548,"rcp":"RCP2.6","period":"2060","key":"ID","value":9.6,"estimate":"q5"},{"bfs_id":2548,"rcp":"RCP2.6","period":"2060","key":"ID","value":13.7,"estimate":"q50"},{"bfs_id":2548,"rcp":"RCP2.6","period":"2060","key":"ID","value":15.7,"estimate":"q95"},{"bfs_id":2548,"rcp":"RCP2.6","period":"2085","key":"ID","value":9.9,"estimate":"q5"},{"bfs_id":2548,"rcp":"RCP2.6","period":"2085","key":"ID","value":12.9,"estimate":"q50"},{"bfs_id":2548,"rcp":"RCP2.6","period":"2085","key":"ID","value":16,"estimate":"q95"},{"bfs_id":2548,"rcp":"RCP8.5","period":"2035","key":"ID","value":10.1,"estimate":"q5"},{"bfs_id":2548,"rcp":"RCP8.5","period":"2035","key":"ID","value":12,"estimate":"q50"},{"bfs_id":2548,"rcp":"RCP8.5","period":"2035","key":"ID","value":16.7,"estimate":"q95"},{"bfs_id":2548,"rcp":"RCP8.5","period":"2060","key":"ID","value":7,"estimate":"q5"},{"bfs_id":2548,"rcp":"RCP8.5","period":"2060","key":"ID","value":9.1,"estimate":"q50"},{"bfs_id":2548,"rcp":"RCP8.5","period":"2060","key":"ID","value":11.4,"estimate":"q95"},{"bfs_id":2548,"rcp":"RCP8.5","period":"2085","key":"ID","value":1.8,"estimate":"q5"},{"bfs_id":2548,"rcp":"RCP8.5","period":"2085","key":"ID","value":4.1,"estimate":"q50"},{"bfs_id":2548,"rcp":"RCP8.5","period":"2085","key":"ID","value":6.3,"estimate":"q95"},{"bfs_id":2548,"rcp":"RCP2.6","period":"2035","key":"SD","value":53.9,"estimate":"q5"},{"bfs_id":2548,"rcp":"RCP2.6","period":"2035","key":"SD","value":60.2,"estimate":"q50"},{"bfs_id":2548,"rcp":"RCP2.6","period":"2035","key":"SD","value":67.8,"estimate":"q95"},{"bfs_id":2548,"rcp":"RCP2.6","period":"2060","key":"SD","value":54.5,"estimate":"q5"},{"bfs_id":2548,"rcp":"RCP2.6","period":"2060","key":"SD","value":61.8,"estimate":"q50"},{"bfs_id":2548,"rcp":"RCP2.6","period":"2060","key":"SD","value":67.7,"estimate":"q95"},{"bfs_id":2548,"rcp":"RCP2.6","period":"2085","key":"SD","value":53.9,"estimate":"q5"},{"bfs_id":2548,"rcp":"RCP2.6","period":"2085","key":"SD","value":61.3,"estimate":"q50"},{"bfs_id":2548,"rcp":"RCP2.6","period":"2085","key":"SD","value":67.2,"estimate":"q95"},{"bfs_id":2548,"rcp":"RCP8.5","period":"2035","key":"SD","value":56.3,"estimate":"q5"},{"bfs_id":2548,"rcp":"RCP8.5","period":"2035","key":"SD","value":62.2,"estimate":"q50"},{"bfs_id":2548,"rcp":"RCP8.5","period":"2035","key":"SD","value":68,"estimate":"q95"},{"bfs_id":2548,"rcp":"RCP8.5","period":"2060","key":"SD","value":72,"estimate":"q5"},{"bfs_id":2548,"rcp":"RCP8.5","period":"2060","key":"SD","value":77.1,"estimate":"q50"},{"bfs_id":2548,"rcp":"RCP8.5","period":"2060","key":"SD","value":91.9,"estimate":"q95"},{"bfs_id":2548,"rcp":"RCP8.5","period":"2085","key":"SD","value":87.2,"estimate":"q5"},{"bfs_id":2548,"rcp":"RCP8.5","period":"2085","key":"SD","value":101.1,"estimate":"q50"},{"bfs_id":2548,"rcp":"RCP8.5","period":"2085","key":"SD","value":117,"estimate":"q95"},{"bfs_id":2548,"rcp":"RCP2.6","period":"2035","key":"snowdays","value":17,"estimate":"q5"},{"bfs_id":2548,"rcp":"RCP2.6","period":"2035","key":"snowdays","value":20.8,"estimate":"q50"},{"bfs_id":2548,"rcp":"RCP2.6","period":"2035","key":"snowdays","value":23.6,"estimate":"q95"},{"bfs_id":2548,"rcp":"RCP2.6","period":"2060","key":"snowdays","value":15.9,"estimate":"q5"},{"bfs_id":2548,"rcp":"RCP2.6","period":"2060","key":"snowdays","value":19.1,"estimate":"q50"},{"bfs_id":2548,"rcp":"RCP2.6","period":"2060","key":"snowdays","value":24.7,"estimate":"q95"},{"bfs_id":2548,"rcp":"RCP2.6","period":"2085","key":"snowdays","value":15.9,"estimate":"q5"},{"bfs_id":2548,"rcp":"RCP2.6","period":"2085","key":"snowdays","value":19.8,"estimate":"q50"},{"bfs_id":2548,"rcp":"RCP2.6","period":"2085","key":"snowdays","value":23.7,"estimate":"q95"},{"bfs_id":2548,"rcp":"RCP8.5","period":"2035","key":"snowdays","value":14.6,"estimate":"q5"},{"bfs_id":2548,"rcp":"RCP8.5","period":"2035","key":"snowdays","value":19.8,"estimate":"q50"},{"bfs_id":2548,"rcp":"RCP8.5","period":"2035","key":"snowdays","value":23.1,"estimate":"q95"},{"bfs_id":2548,"rcp":"RCP8.5","period":"2060","key":"snowdays","value":10.8,"estimate":"q5"},{"bfs_id":2548,"rcp":"RCP8.5","period":"2060","key":"snowdays","value":14.8,"estimate":"q50"},{"bfs_id":2548,"rcp":"RCP8.5","period":"2060","key":"snowdays","value":17.1,"estimate":"q95"},{"bfs_id":2548,"rcp":"RCP8.5","period":"2085","key":"snowdays","value":4.8,"estimate":"q5"},{"bfs_id":2548,"rcp":"RCP8.5","period":"2085","key":"snowdays","value":8.5,"estimate":"q50"},{"bfs_id":2548,"rcp":"RCP8.5","period":"2085","key":"snowdays","value":12.9,"estimate":"q95"},{"bfs_id":2548,"rcp":"RCP2.6","period":"2035","key":"TN","value":0,"estimate":"q5"},{"bfs_id":2548,"rcp":"RCP2.6","period":"2035","key":"TN","value":0.4,"estimate":"q50"},{"bfs_id":2548,"rcp":"RCP2.6","period":"2035","key":"TN","value":0.8,"estimate":"q95"},{"bfs_id":2548,"rcp":"RCP2.6","period":"2060","key":"TN","value":0.1,"estimate":"q5"},{"bfs_id":2548,"rcp":"RCP2.6","period":"2060","key":"TN","value":0.4,"estimate":"q50"},{"bfs_id":2548,"rcp":"RCP2.6","period":"2060","key":"TN","value":1,"estimate":"q95"},{"bfs_id":2548,"rcp":"RCP2.6","period":"2085","key":"TN","value":0.1,"estimate":"q5"},{"bfs_id":2548,"rcp":"RCP2.6","period":"2085","key":"TN","value":0.5,"estimate":"q50"},{"bfs_id":2548,"rcp":"RCP2.6","period":"2085","key":"TN","value":1,"estimate":"q95"},{"bfs_id":2548,"rcp":"RCP8.5","period":"2035","key":"TN","value":0.2,"estimate":"q5"},{"bfs_id":2548,"rcp":"RCP8.5","period":"2035","key":"TN","value":0.4,"estimate":"q50"},{"bfs_id":2548,"rcp":"RCP8.5","period":"2035","key":"TN","value":1.9,"estimate":"q95"},{"bfs_id":2548,"rcp":"RCP8.5","period":"2060","key":"TN","value":0.9,"estimate":"q5"},{"bfs_id":2548,"rcp":"RCP8.5","period":"2060","key":"TN","value":2.7,"estimate":"q50"},{"bfs_id":2548,"rcp":"RCP8.5","period":"2060","key":"TN","value":6.2,"estimate":"q95"},{"bfs_id":2548,"rcp":"RCP8.5","period":"2085","key":"TN","value":4.8,"estimate":"q5"},{"bfs_id":2548,"rcp":"RCP8.5","period":"2085","key":"TN","value":8.5,"estimate":"q50"},{"bfs_id":2548,"rcp":"RCP8.5","period":"2085","key":"TN","value":22.9,"estimate":"q95"},{"bfs_id":2548,"rcp":"RCP2.6","period":"2035","key":"pr","value":3.5,"estimate":"q5","season":"DJF"},{"bfs_id":2548,"rcp":"RCP2.6","period":"2035","key":"pr","value":3.2,"estimate":"q5","season":"MAM"},{"bfs_id":2548,"rcp":"RCP2.6","period":"2035","key":"pr","value":3.2,"estimate":"q5","season":"JJA"},{"bfs_id":2548,"rcp":"RCP2.6","period":"2035","key":"pr","value":3.2,"estimate":"q5","season":"SON"},{"bfs_id":2548,"rcp":"RCP2.6","period":"2035","key":"pr","value":4,"estimate":"q50","season":"DJF"},{"bfs_id":2548,"rcp":"RCP2.6","period":"2035","key":"pr","value":3.5,"estimate":"q50","season":"MAM"},{"bfs_id":2548,"rcp":"RCP2.6","period":"2035","key":"pr","value":3.7,"estimate":"q50","season":"JJA"},{"bfs_id":2548,"rcp":"RCP2.6","period":"2035","key":"pr","value":3.5,"estimate":"q50","season":"SON"},{"bfs_id":2548,"rcp":"RCP2.6","period":"2035","key":"pr","value":4.7,"estimate":"q95","season":"DJF"},{"bfs_id":2548,"rcp":"RCP2.6","period":"2035","key":"pr","value":3.9,"estimate":"q95","season":"MAM"},{"bfs_id":2548,"rcp":"RCP2.6","period":"2035","key":"pr","value":4.1,"estimate":"q95","season":"JJA"},{"bfs_id":2548,"rcp":"RCP2.6","period":"2035","key":"pr","value":4.1,"estimate":"q95","season":"SON"},{"bfs_id":2548,"rcp":"RCP2.6","period":"2060","key":"pr","value":3.6,"estimate":"q5","season":"DJF"},{"bfs_id":2548,"rcp":"RCP2.6","period":"2060","key":"pr","value":3.3,"estimate":"q5","season":"MAM"},{"bfs_id":2548,"rcp":"RCP2.6","period":"2060","key":"pr","value":3.1,"estimate":"q5","season":"JJA"},{"bfs_id":2548,"rcp":"RCP2.6","period":"2060","key":"pr","value":3.3,"estimate":"q5","season":"SON"},{"bfs_id":2548,"rcp":"RCP2.6","period":"2060","key":"pr","value":4.1,"estimate":"q50","season":"DJF"},{"bfs_id":2548,"rcp":"RCP2.6","period":"2060","key":"pr","value":3.5,"estimate":"q50","season":"MAM"},{"bfs_id":2548,"rcp":"RCP2.6","period":"2060","key":"pr","value":3.6,"estimate":"q50","season":"JJA"},{"bfs_id":2548,"rcp":"RCP2.6","period":"2060","key":"pr","value":3.5,"estimate":"q50","season":"SON"},{"bfs_id":2548,"rcp":"RCP2.6","period":"2060","key":"pr","value":4.5,"estimate":"q95","season":"DJF"},{"bfs_id":2548,"rcp":"RCP2.6","period":"2060","key":"pr","value":3.9,"estimate":"q95","season":"MAM"},{"bfs_id":2548,"rcp":"RCP2.6","period":"2060","key":"pr","value":4.2,"estimate":"q95","season":"JJA"},{"bfs_id":2548,"rcp":"RCP2.6","period":"2060","key":"pr","value":4,"estimate":"q95","season":"SON"},{"bfs_id":2548,"rcp":"RCP2.6","period":"2085","key":"pr","value":3.7,"estimate":"q5","season":"DJF"},{"bfs_id":2548,"rcp":"RCP2.6","period":"2085","key":"pr","value":3.3,"estimate":"q5","season":"MAM"},{"bfs_id":2548,"rcp":"RCP2.6","period":"2085","key":"pr","value":3.1,"estimate":"q5","season":"JJA"},{"bfs_id":2548,"rcp":"RCP2.6","period":"2085","key":"pr","value":3.1,"estimate":"q5","season":"SON"},{"bfs_id":2548,"rcp":"RCP2.6","period":"2085","key":"pr","value":4.1,"estimate":"q50","season":"DJF"},{"bfs_id":2548,"rcp":"RCP2.6","period":"2085","key":"pr","value":3.5,"estimate":"q50","season":"MAM"},{"bfs_id":2548,"rcp":"RCP2.6","period":"2085","key":"pr","value":3.7,"estimate":"q50","season":"JJA"},{"bfs_id":2548,"rcp":"RCP2.6","period":"2085","key":"pr","value":3.5,"estimate":"q50","season":"SON"},{"bfs_id":2548,"rcp":"RCP2.6","period":"2085","key":"pr","value":4.6,"estimate":"q95","season":"DJF"},{"bfs_id":2548,"rcp":"RCP2.6","period":"2085","key":"pr","value":3.9,"estimate":"q95","season":"MAM"},{"bfs_id":2548,"rcp":"RCP2.6","period":"2085","key":"pr","value":4.2,"estimate":"q95","season":"JJA"},{"bfs_id":2548,"rcp":"RCP2.6","period":"2085","key":"pr","value":4,"estimate":"q95","season":"SON"},{"bfs_id":2548,"rcp":"RCP8.5","period":"2035","key":"pr","value":3.7,"estimate":"q5","season":"DJF"},{"bfs_id":2548,"rcp":"RCP8.5","period":"2035","key":"pr","value":3.3,"estimate":"q5","season":"MAM"},{"bfs_id":2548,"rcp":"RCP8.5","period":"2035","key":"pr","value":3.2,"estimate":"q5","season":"JJA"},{"bfs_id":2548,"rcp":"RCP8.5","period":"2035","key":"pr","value":3.2,"estimate":"q5","season":"SON"},{"bfs_id":2548,"rcp":"RCP8.5","period":"2035","key":"pr","value":4.3,"estimate":"q50","season":"DJF"},{"bfs_id":2548,"rcp":"RCP8.5","period":"2035","key":"pr","value":3.7,"estimate":"q50","season":"MAM"},{"bfs_id":2548,"rcp":"RCP8.5","period":"2035","key":"pr","value":3.7,"estimate":"q50","season":"JJA"},{"bfs_id":2548,"rcp":"RCP8.5","period":"2035","key":"pr","value":3.7,"estimate":"q50","season":"SON"},{"bfs_id":2548,"rcp":"RCP8.5","period":"2035","key":"pr","value":4.5,"estimate":"q95","season":"DJF"},{"bfs_id":2548,"rcp":"RCP8.5","period":"2035","key":"pr","value":3.9,"estimate":"q95","season":"MAM"},{"bfs_id":2548,"rcp":"RCP8.5","period":"2035","key":"pr","value":4,"estimate":"q95","season":"JJA"},{"bfs_id":2548,"rcp":"RCP8.5","period":"2035","key":"pr","value":4,"estimate":"q95","season":"SON"},{"bfs_id":2548,"rcp":"RCP8.5","period":"2060","key":"pr","value":3.9,"estimate":"q5","season":"DJF"},{"bfs_id":2548,"rcp":"RCP8.5","period":"2060","key":"pr","value":3.5,"estimate":"q5","season":"MAM"},{"bfs_id":2548,"rcp":"RCP8.5","period":"2060","key":"pr","value":2.8,"estimate":"q5","season":"JJA"},{"bfs_id":2548,"rcp":"RCP8.5","period":"2060","key":"pr","value":3.1,"estimate":"q5","season":"SON"},{"bfs_id":2548,"rcp":"RCP8.5","period":"2060","key":"pr","value":4.3,"estimate":"q50","season":"DJF"},{"bfs_id":2548,"rcp":"RCP8.5","period":"2060","key":"pr","value":3.8,"estimate":"q50","season":"MAM"},{"bfs_id":2548,"rcp":"RCP8.5","period":"2060","key":"pr","value":3.5,"estimate":"q50","season":"JJA"},{"bfs_id":2548,"rcp":"RCP8.5","period":"2060","key":"pr","value":3.6,"estimate":"q50","season":"SON"},{"bfs_id":2548,"rcp":"RCP8.5","period":"2060","key":"pr","value":4.7,"estimate":"q95","season":"DJF"},{"bfs_id":2548,"rcp":"RCP8.5","period":"2060","key":"pr","value":4.2,"estimate":"q95","season":"MAM"},{"bfs_id":2548,"rcp":"RCP8.5","period":"2060","key":"pr","value":4,"estimate":"q95","season":"JJA"},{"bfs_id":2548,"rcp":"RCP8.5","period":"2060","key":"pr","value":4,"estimate":"q95","season":"SON"},{"bfs_id":2548,"rcp":"RCP8.5","period":"2085","key":"pr","value":4.1,"estimate":"q5","season":"DJF"},{"bfs_id":2548,"rcp":"RCP8.5","period":"2085","key":"pr","value":3.4,"estimate":"q5","season":"MAM"},{"bfs_id":2548,"rcp":"RCP8.5","period":"2085","key":"pr","value":2.5,"estimate":"q5","season":"JJA"},{"bfs_id":2548,"rcp":"RCP8.5","period":"2085","key":"pr","value":3.1,"estimate":"q5","season":"SON"},{"bfs_id":2548,"rcp":"RCP8.5","period":"2085","key":"pr","value":4.7,"estimate":"q50","season":"DJF"},{"bfs_id":2548,"rcp":"RCP8.5","period":"2085","key":"pr","value":3.9,"estimate":"q50","season":"MAM"},{"bfs_id":2548,"rcp":"RCP8.5","period":"2085","key":"pr","value":3.1,"estimate":"q50","season":"JJA"},{"bfs_id":2548,"rcp":"RCP8.5","period":"2085","key":"pr","value":3.7,"estimate":"q50","season":"SON"},{"bfs_id":2548,"rcp":"RCP8.5","period":"2085","key":"pr","value":5.1,"estimate":"q95","season":"DJF"},{"bfs_id":2548,"rcp":"RCP8.5","period":"2085","key":"pr","value":4.3,"estimate":"q95","season":"MAM"},{"bfs_id":2548,"rcp":"RCP8.5","period":"2085","key":"pr","value":3.6,"estimate":"q95","season":"JJA"},{"bfs_id":2548,"rcp":"RCP8.5","period":"2085","key":"pr","value":4.1,"estimate":"q95","season":"SON"},{"bfs_id":2548,"rcp":"RCP2.6","period":"2035","key":"tas","value":1.3,"estimate":"q5","season":"DJF"},{"bfs_id":2548,"rcp":"RCP2.6","period":"2035","key":"tas","value":9,"estimate":"q5","season":"MAM"},{"bfs_id":2548,"rcp":"RCP2.6","period":"2035","key":"tas","value":18.2,"estimate":"q5","season":"JJA"},{"bfs_id":2548,"rcp":"RCP2.6","period":"2035","key":"tas","value":10,"estimate":"q5","season":"SON"},{"bfs_id":2548,"rcp":"RCP2.6","period":"2035","key":"tas","value":1.8,"estimate":"q50","season":"DJF"},{"bfs_id":2548,"rcp":"RCP2.6","period":"2035","key":"tas","value":9.5,"estimate":"q50","season":"MAM"},{"bfs_id":2548,"rcp":"RCP2.6","period":"2035","key":"tas","value":18.7,"estimate":"q50","season":"JJA"},{"bfs_id":2548,"rcp":"RCP2.6","period":"2035","key":"tas","value":10.3,"estimate":"q50","season":"SON"},{"bfs_id":2548,"rcp":"RCP2.6","period":"2035","key":"tas","value":2.5,"estimate":"q95","season":"DJF"},{"bfs_id":2548,"rcp":"RCP2.6","period":"2035","key":"tas","value":9.9,"estimate":"q95","season":"MAM"},{"bfs_id":2548,"rcp":"RCP2.6","period":"2035","key":"tas","value":19.3,"estimate":"q95","season":"JJA"},{"bfs_id":2548,"rcp":"RCP2.6","period":"2035","key":"tas","value":11.2,"estimate":"q95","season":"SON"},{"bfs_id":2548,"rcp":"RCP2.6","period":"2060","key":"tas","value":1.3,"estimate":"q5","season":"DJF"},{"bfs_id":2548,"rcp":"RCP2.6","period":"2060","key":"tas","value":8.9,"estimate":"q5","season":"MAM"},{"bfs_id":2548,"rcp":"RCP2.6","period":"2060","key":"tas","value":18.4,"estimate":"q5","season":"JJA"},{"bfs_id":2548,"rcp":"RCP2.6","period":"2060","key":"tas","value":10.3,"estimate":"q5","season":"SON"},{"bfs_id":2548,"rcp":"RCP2.6","period":"2060","key":"tas","value":2.1,"estimate":"q50","season":"DJF"},{"bfs_id":2548,"rcp":"RCP2.6","period":"2060","key":"tas","value":9.5,"estimate":"q50","season":"MAM"},{"bfs_id":2548,"rcp":"RCP2.6","period":"2060","key":"tas","value":18.8,"estimate":"q50","season":"JJA"},{"bfs_id":2548,"rcp":"RCP2.6","period":"2060","key":"tas","value":10.6,"estimate":"q50","season":"SON"},{"bfs_id":2548,"rcp":"RCP2.6","period":"2060","key":"tas","value":2.6,"estimate":"q95","season":"DJF"},{"bfs_id":2548,"rcp":"RCP2.6","period":"2060","key":"tas","value":10,"estimate":"q95","season":"MAM"},{"bfs_id":2548,"rcp":"RCP2.6","period":"2060","key":"tas","value":19.4,"estimate":"q95","season":"JJA"},{"bfs_id":2548,"rcp":"RCP2.6","period":"2060","key":"tas","value":11.6,"estimate":"q95","season":"SON"},{"bfs_id":2548,"rcp":"RCP2.6","period":"2085","key":"tas","value":1.4,"estimate":"q5","season":"DJF"},{"bfs_id":2548,"rcp":"RCP2.6","period":"2085","key":"tas","value":9,"estimate":"q5","season":"MAM"},{"bfs_id":2548,"rcp":"RCP2.6","period":"2085","key":"tas","value":18.4,"estimate":"q5","season":"JJA"},{"bfs_id":2548,"rcp":"RCP2.6","period":"2085","key":"tas","value":10,"estimate":"q5","season":"SON"},{"bfs_id":2548,"rcp":"RCP2.6","period":"2085","key":"tas","value":2,"estimate":"q50","season":"DJF"},{"bfs_id":2548,"rcp":"RCP2.6","period":"2085","key":"tas","value":9.6,"estimate":"q50","season":"MAM"},{"bfs_id":2548,"rcp":"RCP2.6","period":"2085","key":"tas","value":18.7,"estimate":"q50","season":"JJA"},{"bfs_id":2548,"rcp":"RCP2.6","period":"2085","key":"tas","value":10.6,"estimate":"q50","season":"SON"},{"bfs_id":2548,"rcp":"RCP2.6","period":"2085","key":"tas","value":2.7,"estimate":"q95","season":"DJF"},{"bfs_id":2548,"rcp":"RCP2.6","period":"2085","key":"tas","value":10,"estimate":"q95","season":"MAM"},{"bfs_id":2548,"rcp":"RCP2.6","period":"2085","key":"tas","value":19.3,"estimate":"q95","season":"JJA"},{"bfs_id":2548,"rcp":"RCP2.6","period":"2085","key":"tas","value":11.5,"estimate":"q95","season":"SON"},{"bfs_id":2548,"rcp":"RCP8.5","period":"2035","key":"tas","value":1.3,"estimate":"q5","season":"DJF"},{"bfs_id":2548,"rcp":"RCP8.5","period":"2035","key":"tas","value":9.2,"estimate":"q5","season":"MAM"},{"bfs_id":2548,"rcp":"RCP8.5","period":"2035","key":"tas","value":18.6,"estimate":"q5","season":"JJA"},{"bfs_id":2548,"rcp":"RCP8.5","period":"2035","key":"tas","value":10.3,"estimate":"q5","season":"SON"},{"bfs_id":2548,"rcp":"RCP8.5","period":"2035","key":"tas","value":2.1,"estimate":"q50","season":"DJF"},{"bfs_id":2548,"rcp":"RCP8.5","period":"2035","key":"tas","value":9.5,"estimate":"q50","season":"MAM"},{"bfs_id":2548,"rcp":"RCP8.5","period":"2035","key":"tas","value":19,"estimate":"q50","season":"JJA"},{"bfs_id":2548,"rcp":"RCP8.5","period":"2035","key":"tas","value":10.8,"estimate":"q50","season":"SON"},{"bfs_id":2548,"rcp":"RCP8.5","period":"2035","key":"tas","value":2.5,"estimate":"q95","season":"DJF"},{"bfs_id":2548,"rcp":"RCP8.5","period":"2035","key":"tas","value":10,"estimate":"q95","season":"MAM"},{"bfs_id":2548,"rcp":"RCP8.5","period":"2035","key":"tas","value":19.5,"estimate":"q95","season":"JJA"},{"bfs_id":2548,"rcp":"RCP8.5","period":"2035","key":"tas","value":11.6,"estimate":"q95","season":"SON"},{"bfs_id":2548,"rcp":"RCP8.5","period":"2060","key":"tas","value":2.5,"estimate":"q5","season":"DJF"},{"bfs_id":2548,"rcp":"RCP8.5","period":"2060","key":"tas","value":10,"estimate":"q5","season":"MAM"},{"bfs_id":2548,"rcp":"RCP8.5","period":"2060","key":"tas","value":19.6,"estimate":"q5","season":"JJA"},{"bfs_id":2548,"rcp":"RCP8.5","period":"2060","key":"tas","value":11.3,"estimate":"q5","season":"SON"},{"bfs_id":2548,"rcp":"RCP8.5","period":"2060","key":"tas","value":2.9,"estimate":"q50","season":"DJF"},{"bfs_id":2548,"rcp":"RCP8.5","period":"2060","key":"tas","value":10.4,"estimate":"q50","season":"MAM"},{"bfs_id":2548,"rcp":"RCP8.5","period":"2060","key":"tas","value":20.1,"estimate":"q50","season":"JJA"},{"bfs_id":2548,"rcp":"RCP8.5","period":"2060","key":"tas","value":11.9,"estimate":"q50","season":"SON"},{"bfs_id":2548,"rcp":"RCP8.5","period":"2060","key":"tas","value":3.6,"estimate":"q95","season":"DJF"},{"bfs_id":2548,"rcp":"RCP8.5","period":"2060","key":"tas","value":11,"estimate":"q95","season":"MAM"},{"bfs_id":2548,"rcp":"RCP8.5","period":"2060","key":"tas","value":21,"estimate":"q95","season":"JJA"},{"bfs_id":2548,"rcp":"RCP8.5","period":"2060","key":"tas","value":12.8,"estimate":"q95","season":"SON"},{"bfs_id":2548,"rcp":"RCP8.5","period":"2085","key":"tas","value":3.6,"estimate":"q5","season":"DJF"},{"bfs_id":2548,"rcp":"RCP8.5","period":"2085","key":"tas","value":11,"estimate":"q5","season":"MAM"},{"bfs_id":2548,"rcp":"RCP8.5","period":"2085","key":"tas","value":20.9,"estimate":"q5","season":"JJA"},{"bfs_id":2548,"rcp":"RCP8.5","period":"2085","key":"tas","value":12.4,"estimate":"q5","season":"SON"},{"bfs_id":2548,"rcp":"RCP8.5","period":"2085","key":"tas","value":4.5,"estimate":"q50","season":"DJF"},{"bfs_id":2548,"rcp":"RCP8.5","period":"2085","key":"tas","value":11.7,"estimate":"q50","season":"MAM"},{"bfs_id":2548,"rcp":"RCP8.5","period":"2085","key":"tas","value":21.6,"estimate":"q50","season":"JJA"},{"bfs_id":2548,"rcp":"RCP8.5","period":"2085","key":"tas","value":13.3,"estimate":"q50","season":"SON"},{"bfs_id":2548,"rcp":"RCP8.5","period":"2085","key":"tas","value":5.2,"estimate":"q95","season":"DJF"},{"bfs_id":2548,"rcp":"RCP8.5","period":"2085","key":"tas","value":12.6,"estimate":"q95","season":"MAM"},{"bfs_id":2548,"rcp":"RCP8.5","period":"2085","key":"tas","value":23.6,"estimate":"q95","season":"JJA"},{"bfs_id":2548,"rcp":"RCP8.5","period":"2085","key":"tas","value":14.9,"estimate":"q95","season":"SON"},{"bfs_id":2548,"rcp":"obs","period":"1981-2010","key":"FD","value":90.3,"estimate":"yearly_mean"},{"bfs_id":2548,"rcp":"obs","period":"1981-2010","key":"HD","value":8.4,"estimate":"yearly_mean"},{"bfs_id":2548,"rcp":"obs","period":"1981-2010","key":"ID","value":19.4,"estimate":"yearly_mean"},{"bfs_id":2548,"rcp":"obs","period":"1981-2010","key":"SD","value":47.1,"estimate":"yearly_mean"},{"bfs_id":2548,"rcp":"obs","period":"1981-2010","key":"snowdays","value":22.1,"estimate":"yearly_mean"},{"bfs_id":2548,"rcp":"obs","period":"1981-2010","key":"TN","value":0,"estimate":"yearly_mean"},{"bfs_id":2548,"rcp":"obs","period":"1981-2010","key":"pr","value":3.9,"estimate":"mean","season":"DJF"},{"bfs_id":2548,"rcp":"obs","period":"1981-2010","key":"pr","value":3.4,"estimate":"mean","season":"MAM"},{"bfs_id":2548,"rcp":"obs","period":"1981-2010","key":"pr","value":3.9,"estimate":"mean","season":"JJA"},{"bfs_id":2548,"rcp":"obs","period":"1981-2010","key":"pr","value":3.5,"estimate":"mean","season":"SON"},{"bfs_id":2548,"rcp":"obs","period":"1981-2010","key":"tas","value":0.6,"estimate":"mean","season":"DJF"},{"bfs_id":2548,"rcp":"obs","period":"1981-2010","key":"tas","value":8.9,"estimate":"mean","season":"MAM"},{"bfs_id":2548,"rcp":"obs","period":"1981-2010","key":"tas","value":17.7,"estimate":"mean","season":"JJA"},{"bfs_id":2548,"rcp":"obs","period":"1981-2010","key":"tas","value":9.3,"estimate":"mean","season":"SON"}]
