[{"bfs_id":4776,"rcp":"RCP2.6","period":"2035","key":"FD","value":72.9,"estimate":"q5"},{"bfs_id":4776,"rcp":"RCP2.6","period":"2035","key":"FD","value":84.8,"estimate":"q50"},{"bfs_id":4776,"rcp":"RCP2.6","period":"2035","key":"FD","value":92,"estimate":"q95"},{"bfs_id":4776,"rcp":"RCP2.6","period":"2060","key":"FD","value":70.2,"estimate":"q5"},{"bfs_id":4776,"rcp":"RCP2.6","period":"2060","key":"FD","value":81.4,"estimate":"q50"},{"bfs_id":4776,"rcp":"RCP2.6","period":"2060","key":"FD","value":89.2,"estimate":"q95"},{"bfs_id":4776,"rcp":"RCP2.6","period":"2085","key":"FD","value":70.1,"estimate":"q5"},{"bfs_id":4776,"rcp":"RCP2.6","period":"2085","key":"FD","value":82.1,"estimate":"q50"},{"bfs_id":4776,"rcp":"RCP2.6","period":"2085","key":"FD","value":89.9,"estimate":"q95"},{"bfs_id":4776,"rcp":"RCP8.5","period":"2035","key":"FD","value":70.4,"estimate":"q5"},{"bfs_id":4776,"rcp":"RCP8.5","period":"2035","key":"FD","value":80.4,"estimate":"q50"},{"bfs_id":4776,"rcp":"RCP8.5","period":"2035","key":"FD","value":87.3,"estimate":"q95"},{"bfs_id":4776,"rcp":"RCP8.5","period":"2060","key":"FD","value":56.7,"estimate":"q5"},{"bfs_id":4776,"rcp":"RCP8.5","period":"2060","key":"FD","value":65,"estimate":"q50"},{"bfs_id":4776,"rcp":"RCP8.5","period":"2060","key":"FD","value":71.5,"estimate":"q95"},{"bfs_id":4776,"rcp":"RCP8.5","period":"2085","key":"FD","value":35.7,"estimate":"q5"},{"bfs_id":4776,"rcp":"RCP8.5","period":"2085","key":"FD","value":42.2,"estimate":"q50"},{"bfs_id":4776,"rcp":"RCP8.5","period":"2085","key":"FD","value":52.8,"estimate":"q95"},{"bfs_id":4776,"rcp":"RCP2.6","period":"2035","key":"HD","value":5.8,"estimate":"q5"},{"bfs_id":4776,"rcp":"RCP2.6","period":"2035","key":"HD","value":8.3,"estimate":"q50"},{"bfs_id":4776,"rcp":"RCP2.6","period":"2035","key":"HD","value":12.7,"estimate":"q95"},{"bfs_id":4776,"rcp":"RCP2.6","period":"2060","key":"HD","value":5.9,"estimate":"q5"},{"bfs_id":4776,"rcp":"RCP2.6","period":"2060","key":"HD","value":8.5,"estimate":"q50"},{"bfs_id":4776,"rcp":"RCP2.6","period":"2060","key":"HD","value":14.4,"estimate":"q95"},{"bfs_id":4776,"rcp":"RCP2.6","period":"2085","key":"HD","value":6.2,"estimate":"q5"},{"bfs_id":4776,"rcp":"RCP2.6","period":"2085","key":"HD","value":7.9,"estimate":"q50"},{"bfs_id":4776,"rcp":"RCP2.6","period":"2085","key":"HD","value":13.7,"estimate":"q95"},{"bfs_id":4776,"rcp":"RCP8.5","period":"2035","key":"HD","value":7,"estimate":"q5"},{"bfs_id":4776,"rcp":"RCP8.5","period":"2035","key":"HD","value":8.6,"estimate":"q50"},{"bfs_id":4776,"rcp":"RCP8.5","period":"2035","key":"HD","value":14.1,"estimate":"q95"},{"bfs_id":4776,"rcp":"RCP8.5","period":"2060","key":"HD","value":11,"estimate":"q5"},{"bfs_id":4776,"rcp":"RCP8.5","period":"2060","key":"HD","value":17.1,"estimate":"q50"},{"bfs_id":4776,"rcp":"RCP8.5","period":"2060","key":"HD","value":27.4,"estimate":"q95"},{"bfs_id":4776,"rcp":"RCP8.5","period":"2085","key":"HD","value":22.4,"estimate":"q5"},{"bfs_id":4776,"rcp":"RCP8.5","period":"2085","key":"HD","value":26.2,"estimate":"q50"},{"bfs_id":4776,"rcp":"RCP8.5","period":"2085","key":"HD","value":53,"estimate":"q95"},{"bfs_id":4776,"rcp":"RCP2.6","period":"2035","key":"ID","value":16,"estimate":"q5"},{"bfs_id":4776,"rcp":"RCP2.6","period":"2035","key":"ID","value":20.9,"estimate":"q50"},{"bfs_id":4776,"rcp":"RCP2.6","period":"2035","key":"ID","value":25.2,"estimate":"q95"},{"bfs_id":4776,"rcp":"RCP2.6","period":"2060","key":"ID","value":15.3,"estimate":"q5"},{"bfs_id":4776,"rcp":"RCP2.6","period":"2060","key":"ID","value":19.7,"estimate":"q50"},{"bfs_id":4776,"rcp":"RCP2.6","period":"2060","key":"ID","value":25.1,"estimate":"q95"},{"bfs_id":4776,"rcp":"RCP2.6","period":"2085","key":"ID","value":15,"estimate":"q5"},{"bfs_id":4776,"rcp":"RCP2.6","period":"2085","key":"ID","value":19.6,"estimate":"q50"},{"bfs_id":4776,"rcp":"RCP2.6","period":"2085","key":"ID","value":24.2,"estimate":"q95"},{"bfs_id":4776,"rcp":"RCP8.5","period":"2035","key":"ID","value":16.3,"estimate":"q5"},{"bfs_id":4776,"rcp":"RCP8.5","period":"2035","key":"ID","value":19.5,"estimate":"q50"},{"bfs_id":4776,"rcp":"RCP8.5","period":"2035","key":"ID","value":23.9,"estimate":"q95"},{"bfs_id":4776,"rcp":"RCP8.5","period":"2060","key":"ID","value":10.8,"estimate":"q5"},{"bfs_id":4776,"rcp":"RCP8.5","period":"2060","key":"ID","value":14.4,"estimate":"q50"},{"bfs_id":4776,"rcp":"RCP8.5","period":"2060","key":"ID","value":17.1,"estimate":"q95"},{"bfs_id":4776,"rcp":"RCP8.5","period":"2085","key":"ID","value":3.6,"estimate":"q5"},{"bfs_id":4776,"rcp":"RCP8.5","period":"2085","key":"ID","value":7.3,"estimate":"q50"},{"bfs_id":4776,"rcp":"RCP8.5","period":"2085","key":"ID","value":10.2,"estimate":"q95"},{"bfs_id":4776,"rcp":"RCP2.6","period":"2035","key":"SD","value":40.6,"estimate":"q5"},{"bfs_id":4776,"rcp":"RCP2.6","period":"2035","key":"SD","value":45.7,"estimate":"q50"},{"bfs_id":4776,"rcp":"RCP2.6","period":"2035","key":"SD","value":52.9,"estimate":"q95"},{"bfs_id":4776,"rcp":"RCP2.6","period":"2060","key":"SD","value":40.8,"estimate":"q5"},{"bfs_id":4776,"rcp":"RCP2.6","period":"2060","key":"SD","value":46.4,"estimate":"q50"},{"bfs_id":4776,"rcp":"RCP2.6","period":"2060","key":"SD","value":52.7,"estimate":"q95"},{"bfs_id":4776,"rcp":"RCP2.6","period":"2085","key":"SD","value":40.1,"estimate":"q5"},{"bfs_id":4776,"rcp":"RCP2.6","period":"2085","key":"SD","value":48,"estimate":"q50"},{"bfs_id":4776,"rcp":"RCP2.6","period":"2085","key":"SD","value":52.4,"estimate":"q95"},{"bfs_id":4776,"rcp":"RCP8.5","period":"2035","key":"SD","value":42.7,"estimate":"q5"},{"bfs_id":4776,"rcp":"RCP8.5","period":"2035","key":"SD","value":47.7,"estimate":"q50"},{"bfs_id":4776,"rcp":"RCP8.5","period":"2035","key":"SD","value":53.5,"estimate":"q95"},{"bfs_id":4776,"rcp":"RCP8.5","period":"2060","key":"SD","value":56.3,"estimate":"q5"},{"bfs_id":4776,"rcp":"RCP8.5","period":"2060","key":"SD","value":62.4,"estimate":"q50"},{"bfs_id":4776,"rcp":"RCP8.5","period":"2060","key":"SD","value":78,"estimate":"q95"},{"bfs_id":4776,"rcp":"RCP8.5","period":"2085","key":"SD","value":71.6,"estimate":"q5"},{"bfs_id":4776,"rcp":"RCP8.5","period":"2085","key":"SD","value":82.1,"estimate":"q50"},{"bfs_id":4776,"rcp":"RCP8.5","period":"2085","key":"SD","value":102.6,"estimate":"q95"},{"bfs_id":4776,"rcp":"RCP2.6","period":"2035","key":"snowdays","value":14.7,"estimate":"q5"},{"bfs_id":4776,"rcp":"RCP2.6","period":"2035","key":"snowdays","value":21.4,"estimate":"q50"},{"bfs_id":4776,"rcp":"RCP2.6","period":"2035","key":"snowdays","value":25.1,"estimate":"q95"},{"bfs_id":4776,"rcp":"RCP2.6","period":"2060","key":"snowdays","value":14.1,"estimate":"q5"},{"bfs_id":4776,"rcp":"RCP2.6","period":"2060","key":"snowdays","value":20.5,"estimate":"q50"},{"bfs_id":4776,"rcp":"RCP2.6","period":"2060","key":"snowdays","value":24.2,"estimate":"q95"},{"bfs_id":4776,"rcp":"RCP2.6","period":"2085","key":"snowdays","value":13.9,"estimate":"q5"},{"bfs_id":4776,"rcp":"RCP2.6","period":"2085","key":"snowdays","value":19.9,"estimate":"q50"},{"bfs_id":4776,"rcp":"RCP2.6","period":"2085","key":"snowdays","value":24,"estimate":"q95"},{"bfs_id":4776,"rcp":"RCP8.5","period":"2035","key":"snowdays","value":13.9,"estimate":"q5"},{"bfs_id":4776,"rcp":"RCP8.5","period":"2035","key":"snowdays","value":20.4,"estimate":"q50"},{"bfs_id":4776,"rcp":"RCP8.5","period":"2035","key":"snowdays","value":24.6,"estimate":"q95"},{"bfs_id":4776,"rcp":"RCP8.5","period":"2060","key":"snowdays","value":10,"estimate":"q5"},{"bfs_id":4776,"rcp":"RCP8.5","period":"2060","key":"snowdays","value":15.9,"estimate":"q50"},{"bfs_id":4776,"rcp":"RCP8.5","period":"2060","key":"snowdays","value":19.3,"estimate":"q95"},{"bfs_id":4776,"rcp":"RCP8.5","period":"2085","key":"snowdays","value":4.8,"estimate":"q5"},{"bfs_id":4776,"rcp":"RCP8.5","period":"2085","key":"snowdays","value":10.1,"estimate":"q50"},{"bfs_id":4776,"rcp":"RCP8.5","period":"2085","key":"snowdays","value":13.4,"estimate":"q95"},{"bfs_id":4776,"rcp":"RCP2.6","period":"2035","key":"TN","value":0,"estimate":"q5"},{"bfs_id":4776,"rcp":"RCP2.6","period":"2035","key":"TN","value":0.2,"estimate":"q50"},{"bfs_id":4776,"rcp":"RCP2.6","period":"2035","key":"TN","value":0.4,"estimate":"q95"},{"bfs_id":4776,"rcp":"RCP2.6","period":"2060","key":"TN","value":0.1,"estimate":"q5"},{"bfs_id":4776,"rcp":"RCP2.6","period":"2060","key":"TN","value":0.2,"estimate":"q50"},{"bfs_id":4776,"rcp":"RCP2.6","period":"2060","key":"TN","value":0.7,"estimate":"q95"},{"bfs_id":4776,"rcp":"RCP2.6","period":"2085","key":"TN","value":0,"estimate":"q5"},{"bfs_id":4776,"rcp":"RCP2.6","period":"2085","key":"TN","value":0.2,"estimate":"q50"},{"bfs_id":4776,"rcp":"RCP2.6","period":"2085","key":"TN","value":0.6,"estimate":"q95"},{"bfs_id":4776,"rcp":"RCP8.5","period":"2035","key":"TN","value":0.1,"estimate":"q5"},{"bfs_id":4776,"rcp":"RCP8.5","period":"2035","key":"TN","value":0.2,"estimate":"q50"},{"bfs_id":4776,"rcp":"RCP8.5","period":"2035","key":"TN","value":1.7,"estimate":"q95"},{"bfs_id":4776,"rcp":"RCP8.5","period":"2060","key":"TN","value":0.5,"estimate":"q5"},{"bfs_id":4776,"rcp":"RCP8.5","period":"2060","key":"TN","value":1.9,"estimate":"q50"},{"bfs_id":4776,"rcp":"RCP8.5","period":"2060","key":"TN","value":4.5,"estimate":"q95"},{"bfs_id":4776,"rcp":"RCP8.5","period":"2085","key":"TN","value":3,"estimate":"q5"},{"bfs_id":4776,"rcp":"RCP8.5","period":"2085","key":"TN","value":6.4,"estimate":"q50"},{"bfs_id":4776,"rcp":"RCP8.5","period":"2085","key":"TN","value":19.5,"estimate":"q95"},{"bfs_id":4776,"rcp":"RCP2.6","period":"2035","key":"pr","value":2.2,"estimate":"q5","season":"DJF"},{"bfs_id":4776,"rcp":"RCP2.6","period":"2035","key":"pr","value":2.6,"estimate":"q5","season":"MAM"},{"bfs_id":4776,"rcp":"RCP2.6","period":"2035","key":"pr","value":3.1,"estimate":"q5","season":"JJA"},{"bfs_id":4776,"rcp":"RCP2.6","period":"2035","key":"pr","value":2.3,"estimate":"q5","season":"SON"},{"bfs_id":4776,"rcp":"RCP2.6","period":"2035","key":"pr","value":2.5,"estimate":"q50","season":"DJF"},{"bfs_id":4776,"rcp":"RCP2.6","period":"2035","key":"pr","value":3,"estimate":"q50","season":"MAM"},{"bfs_id":4776,"rcp":"RCP2.6","period":"2035","key":"pr","value":3.4,"estimate":"q50","season":"JJA"},{"bfs_id":4776,"rcp":"RCP2.6","period":"2035","key":"pr","value":2.6,"estimate":"q50","season":"SON"},{"bfs_id":4776,"rcp":"RCP2.6","period":"2035","key":"pr","value":2.9,"estimate":"q95","season":"DJF"},{"bfs_id":4776,"rcp":"RCP2.6","period":"2035","key":"pr","value":3.2,"estimate":"q95","season":"MAM"},{"bfs_id":4776,"rcp":"RCP2.6","period":"2035","key":"pr","value":3.8,"estimate":"q95","season":"JJA"},{"bfs_id":4776,"rcp":"RCP2.6","period":"2035","key":"pr","value":3.2,"estimate":"q95","season":"SON"},{"bfs_id":4776,"rcp":"RCP2.6","period":"2060","key":"pr","value":2.1,"estimate":"q5","season":"DJF"},{"bfs_id":4776,"rcp":"RCP2.6","period":"2060","key":"pr","value":2.6,"estimate":"q5","season":"MAM"},{"bfs_id":4776,"rcp":"RCP2.6","period":"2060","key":"pr","value":2.9,"estimate":"q5","season":"JJA"},{"bfs_id":4776,"rcp":"RCP2.6","period":"2060","key":"pr","value":2.4,"estimate":"q5","season":"SON"},{"bfs_id":4776,"rcp":"RCP2.6","period":"2060","key":"pr","value":2.4,"estimate":"q50","season":"DJF"},{"bfs_id":4776,"rcp":"RCP2.6","period":"2060","key":"pr","value":2.9,"estimate":"q50","season":"MAM"},{"bfs_id":4776,"rcp":"RCP2.6","period":"2060","key":"pr","value":3.4,"estimate":"q50","season":"JJA"},{"bfs_id":4776,"rcp":"RCP2.6","period":"2060","key":"pr","value":2.6,"estimate":"q50","season":"SON"},{"bfs_id":4776,"rcp":"RCP2.6","period":"2060","key":"pr","value":2.7,"estimate":"q95","season":"DJF"},{"bfs_id":4776,"rcp":"RCP2.6","period":"2060","key":"pr","value":3.2,"estimate":"q95","season":"MAM"},{"bfs_id":4776,"rcp":"RCP2.6","period":"2060","key":"pr","value":3.8,"estimate":"q95","season":"JJA"},{"bfs_id":4776,"rcp":"RCP2.6","period":"2060","key":"pr","value":3.1,"estimate":"q95","season":"SON"},{"bfs_id":4776,"rcp":"RCP2.6","period":"2085","key":"pr","value":2.1,"estimate":"q5","season":"DJF"},{"bfs_id":4776,"rcp":"RCP2.6","period":"2085","key":"pr","value":2.6,"estimate":"q5","season":"MAM"},{"bfs_id":4776,"rcp":"RCP2.6","period":"2085","key":"pr","value":2.9,"estimate":"q5","season":"JJA"},{"bfs_id":4776,"rcp":"RCP2.6","period":"2085","key":"pr","value":2.4,"estimate":"q5","season":"SON"},{"bfs_id":4776,"rcp":"RCP2.6","period":"2085","key":"pr","value":2.4,"estimate":"q50","season":"DJF"},{"bfs_id":4776,"rcp":"RCP2.6","period":"2085","key":"pr","value":2.9,"estimate":"q50","season":"MAM"},{"bfs_id":4776,"rcp":"RCP2.6","period":"2085","key":"pr","value":3.4,"estimate":"q50","season":"JJA"},{"bfs_id":4776,"rcp":"RCP2.6","period":"2085","key":"pr","value":2.6,"estimate":"q50","season":"SON"},{"bfs_id":4776,"rcp":"RCP2.6","period":"2085","key":"pr","value":2.8,"estimate":"q95","season":"DJF"},{"bfs_id":4776,"rcp":"RCP2.6","period":"2085","key":"pr","value":3.3,"estimate":"q95","season":"MAM"},{"bfs_id":4776,"rcp":"RCP2.6","period":"2085","key":"pr","value":3.8,"estimate":"q95","season":"JJA"},{"bfs_id":4776,"rcp":"RCP2.6","period":"2085","key":"pr","value":3.1,"estimate":"q95","season":"SON"},{"bfs_id":4776,"rcp":"RCP8.5","period":"2035","key":"pr","value":2.2,"estimate":"q5","season":"DJF"},{"bfs_id":4776,"rcp":"RCP8.5","period":"2035","key":"pr","value":2.7,"estimate":"q5","season":"MAM"},{"bfs_id":4776,"rcp":"RCP8.5","period":"2035","key":"pr","value":3,"estimate":"q5","season":"JJA"},{"bfs_id":4776,"rcp":"RCP8.5","period":"2035","key":"pr","value":2.4,"estimate":"q5","season":"SON"},{"bfs_id":4776,"rcp":"RCP8.5","period":"2035","key":"pr","value":2.6,"estimate":"q50","season":"DJF"},{"bfs_id":4776,"rcp":"RCP8.5","period":"2035","key":"pr","value":3,"estimate":"q50","season":"MAM"},{"bfs_id":4776,"rcp":"RCP8.5","period":"2035","key":"pr","value":3.4,"estimate":"q50","season":"JJA"},{"bfs_id":4776,"rcp":"RCP8.5","period":"2035","key":"pr","value":2.8,"estimate":"q50","season":"SON"},{"bfs_id":4776,"rcp":"RCP8.5","period":"2035","key":"pr","value":2.8,"estimate":"q95","season":"DJF"},{"bfs_id":4776,"rcp":"RCP8.5","period":"2035","key":"pr","value":3.3,"estimate":"q95","season":"MAM"},{"bfs_id":4776,"rcp":"RCP8.5","period":"2035","key":"pr","value":3.8,"estimate":"q95","season":"JJA"},{"bfs_id":4776,"rcp":"RCP8.5","period":"2035","key":"pr","value":3,"estimate":"q95","season":"SON"},{"bfs_id":4776,"rcp":"RCP8.5","period":"2060","key":"pr","value":2.3,"estimate":"q5","season":"DJF"},{"bfs_id":4776,"rcp":"RCP8.5","period":"2060","key":"pr","value":2.9,"estimate":"q5","season":"MAM"},{"bfs_id":4776,"rcp":"RCP8.5","period":"2060","key":"pr","value":2.4,"estimate":"q5","season":"JJA"},{"bfs_id":4776,"rcp":"RCP8.5","period":"2060","key":"pr","value":2.3,"estimate":"q5","season":"SON"},{"bfs_id":4776,"rcp":"RCP8.5","period":"2060","key":"pr","value":2.6,"estimate":"q50","season":"DJF"},{"bfs_id":4776,"rcp":"RCP8.5","period":"2060","key":"pr","value":3.2,"estimate":"q50","season":"MAM"},{"bfs_id":4776,"rcp":"RCP8.5","period":"2060","key":"pr","value":3.3,"estimate":"q50","season":"JJA"},{"bfs_id":4776,"rcp":"RCP8.5","period":"2060","key":"pr","value":2.7,"estimate":"q50","season":"SON"},{"bfs_id":4776,"rcp":"RCP8.5","period":"2060","key":"pr","value":2.9,"estimate":"q95","season":"DJF"},{"bfs_id":4776,"rcp":"RCP8.5","period":"2060","key":"pr","value":3.5,"estimate":"q95","season":"MAM"},{"bfs_id":4776,"rcp":"RCP8.5","period":"2060","key":"pr","value":3.8,"estimate":"q95","season":"JJA"},{"bfs_id":4776,"rcp":"RCP8.5","period":"2060","key":"pr","value":3.1,"estimate":"q95","season":"SON"},{"bfs_id":4776,"rcp":"RCP8.5","period":"2085","key":"pr","value":2.5,"estimate":"q5","season":"DJF"},{"bfs_id":4776,"rcp":"RCP8.5","period":"2085","key":"pr","value":2.9,"estimate":"q5","season":"MAM"},{"bfs_id":4776,"rcp":"RCP8.5","period":"2085","key":"pr","value":2.3,"estimate":"q5","season":"JJA"},{"bfs_id":4776,"rcp":"RCP8.5","period":"2085","key":"pr","value":2.1,"estimate":"q5","season":"SON"},{"bfs_id":4776,"rcp":"RCP8.5","period":"2085","key":"pr","value":2.9,"estimate":"q50","season":"DJF"},{"bfs_id":4776,"rcp":"RCP8.5","period":"2085","key":"pr","value":3.3,"estimate":"q50","season":"MAM"},{"bfs_id":4776,"rcp":"RCP8.5","period":"2085","key":"pr","value":2.9,"estimate":"q50","season":"JJA"},{"bfs_id":4776,"rcp":"RCP8.5","period":"2085","key":"pr","value":2.6,"estimate":"q50","season":"SON"},{"bfs_id":4776,"rcp":"RCP8.5","period":"2085","key":"pr","value":3.3,"estimate":"q95","season":"DJF"},{"bfs_id":4776,"rcp":"RCP8.5","period":"2085","key":"pr","value":3.6,"estimate":"q95","season":"MAM"},{"bfs_id":4776,"rcp":"RCP8.5","period":"2085","key":"pr","value":3.4,"estimate":"q95","season":"JJA"},{"bfs_id":4776,"rcp":"RCP8.5","period":"2085","key":"pr","value":3.4,"estimate":"q95","season":"SON"},{"bfs_id":4776,"rcp":"RCP2.6","period":"2035","key":"tas","value":0.8,"estimate":"q5","season":"DJF"},{"bfs_id":4776,"rcp":"RCP2.6","period":"2035","key":"tas","value":8.4,"estimate":"q5","season":"MAM"},{"bfs_id":4776,"rcp":"RCP2.6","period":"2035","key":"tas","value":17.5,"estimate":"q5","season":"JJA"},{"bfs_id":4776,"rcp":"RCP2.6","period":"2035","key":"tas","value":9.5,"estimate":"q5","season":"SON"},{"bfs_id":4776,"rcp":"RCP2.6","period":"2035","key":"tas","value":1.5,"estimate":"q50","season":"DJF"},{"bfs_id":4776,"rcp":"RCP2.6","period":"2035","key":"tas","value":9,"estimate":"q50","season":"MAM"},{"bfs_id":4776,"rcp":"RCP2.6","period":"2035","key":"tas","value":18.1,"estimate":"q50","season":"JJA"},{"bfs_id":4776,"rcp":"RCP2.6","period":"2035","key":"tas","value":9.8,"estimate":"q50","season":"SON"},{"bfs_id":4776,"rcp":"RCP2.6","period":"2035","key":"tas","value":2.3,"estimate":"q95","season":"DJF"},{"bfs_id":4776,"rcp":"RCP2.6","period":"2035","key":"tas","value":9.3,"estimate":"q95","season":"MAM"},{"bfs_id":4776,"rcp":"RCP2.6","period":"2035","key":"tas","value":18.7,"estimate":"q95","season":"JJA"},{"bfs_id":4776,"rcp":"RCP2.6","period":"2035","key":"tas","value":10.7,"estimate":"q95","season":"SON"},{"bfs_id":4776,"rcp":"RCP2.6","period":"2060","key":"tas","value":0.9,"estimate":"q5","season":"DJF"},{"bfs_id":4776,"rcp":"RCP2.6","period":"2060","key":"tas","value":8.3,"estimate":"q5","season":"MAM"},{"bfs_id":4776,"rcp":"RCP2.6","period":"2060","key":"tas","value":17.8,"estimate":"q5","season":"JJA"},{"bfs_id":4776,"rcp":"RCP2.6","period":"2060","key":"tas","value":9.7,"estimate":"q5","season":"SON"},{"bfs_id":4776,"rcp":"RCP2.6","period":"2060","key":"tas","value":1.8,"estimate":"q50","season":"DJF"},{"bfs_id":4776,"rcp":"RCP2.6","period":"2060","key":"tas","value":9,"estimate":"q50","season":"MAM"},{"bfs_id":4776,"rcp":"RCP2.6","period":"2060","key":"tas","value":18.2,"estimate":"q50","season":"JJA"},{"bfs_id":4776,"rcp":"RCP2.6","period":"2060","key":"tas","value":10.1,"estimate":"q50","season":"SON"},{"bfs_id":4776,"rcp":"RCP2.6","period":"2060","key":"tas","value":2.4,"estimate":"q95","season":"DJF"},{"bfs_id":4776,"rcp":"RCP2.6","period":"2060","key":"tas","value":9.5,"estimate":"q95","season":"MAM"},{"bfs_id":4776,"rcp":"RCP2.6","period":"2060","key":"tas","value":18.8,"estimate":"q95","season":"JJA"},{"bfs_id":4776,"rcp":"RCP2.6","period":"2060","key":"tas","value":11.1,"estimate":"q95","season":"SON"},{"bfs_id":4776,"rcp":"RCP2.6","period":"2085","key":"tas","value":1,"estimate":"q5","season":"DJF"},{"bfs_id":4776,"rcp":"RCP2.6","period":"2085","key":"tas","value":8.4,"estimate":"q5","season":"MAM"},{"bfs_id":4776,"rcp":"RCP2.6","period":"2085","key":"tas","value":17.7,"estimate":"q5","season":"JJA"},{"bfs_id":4776,"rcp":"RCP2.6","period":"2085","key":"tas","value":9.5,"estimate":"q5","season":"SON"},{"bfs_id":4776,"rcp":"RCP2.6","period":"2085","key":"tas","value":1.7,"estimate":"q50","season":"DJF"},{"bfs_id":4776,"rcp":"RCP2.6","period":"2085","key":"tas","value":9.1,"estimate":"q50","season":"MAM"},{"bfs_id":4776,"rcp":"RCP2.6","period":"2085","key":"tas","value":18.2,"estimate":"q50","season":"JJA"},{"bfs_id":4776,"rcp":"RCP2.6","period":"2085","key":"tas","value":10,"estimate":"q50","season":"SON"},{"bfs_id":4776,"rcp":"RCP2.6","period":"2085","key":"tas","value":2.4,"estimate":"q95","season":"DJF"},{"bfs_id":4776,"rcp":"RCP2.6","period":"2085","key":"tas","value":9.5,"estimate":"q95","season":"MAM"},{"bfs_id":4776,"rcp":"RCP2.6","period":"2085","key":"tas","value":18.7,"estimate":"q95","season":"JJA"},{"bfs_id":4776,"rcp":"RCP2.6","period":"2085","key":"tas","value":11,"estimate":"q95","season":"SON"},{"bfs_id":4776,"rcp":"RCP8.5","period":"2035","key":"tas","value":0.8,"estimate":"q5","season":"DJF"},{"bfs_id":4776,"rcp":"RCP8.5","period":"2035","key":"tas","value":8.7,"estimate":"q5","season":"MAM"},{"bfs_id":4776,"rcp":"RCP8.5","period":"2035","key":"tas","value":17.9,"estimate":"q5","season":"JJA"},{"bfs_id":4776,"rcp":"RCP8.5","period":"2035","key":"tas","value":9.7,"estimate":"q5","season":"SON"},{"bfs_id":4776,"rcp":"RCP8.5","period":"2035","key":"tas","value":1.8,"estimate":"q50","season":"DJF"},{"bfs_id":4776,"rcp":"RCP8.5","period":"2035","key":"tas","value":9,"estimate":"q50","season":"MAM"},{"bfs_id":4776,"rcp":"RCP8.5","period":"2035","key":"tas","value":18.3,"estimate":"q50","season":"JJA"},{"bfs_id":4776,"rcp":"RCP8.5","period":"2035","key":"tas","value":10.2,"estimate":"q50","season":"SON"},{"bfs_id":4776,"rcp":"RCP8.5","period":"2035","key":"tas","value":2.3,"estimate":"q95","season":"DJF"},{"bfs_id":4776,"rcp":"RCP8.5","period":"2035","key":"tas","value":9.4,"estimate":"q95","season":"MAM"},{"bfs_id":4776,"rcp":"RCP8.5","period":"2035","key":"tas","value":18.9,"estimate":"q95","season":"JJA"},{"bfs_id":4776,"rcp":"RCP8.5","period":"2035","key":"tas","value":11,"estimate":"q95","season":"SON"},{"bfs_id":4776,"rcp":"RCP8.5","period":"2060","key":"tas","value":2.2,"estimate":"q5","season":"DJF"},{"bfs_id":4776,"rcp":"RCP8.5","period":"2060","key":"tas","value":9.4,"estimate":"q5","season":"MAM"},{"bfs_id":4776,"rcp":"RCP8.5","period":"2060","key":"tas","value":19,"estimate":"q5","season":"JJA"},{"bfs_id":4776,"rcp":"RCP8.5","period":"2060","key":"tas","value":10.8,"estimate":"q5","season":"SON"},{"bfs_id":4776,"rcp":"RCP8.5","period":"2060","key":"tas","value":2.7,"estimate":"q50","season":"DJF"},{"bfs_id":4776,"rcp":"RCP8.5","period":"2060","key":"tas","value":10,"estimate":"q50","season":"MAM"},{"bfs_id":4776,"rcp":"RCP8.5","period":"2060","key":"tas","value":19.4,"estimate":"q50","season":"JJA"},{"bfs_id":4776,"rcp":"RCP8.5","period":"2060","key":"tas","value":11.4,"estimate":"q50","season":"SON"},{"bfs_id":4776,"rcp":"RCP8.5","period":"2060","key":"tas","value":3.4,"estimate":"q95","season":"DJF"},{"bfs_id":4776,"rcp":"RCP8.5","period":"2060","key":"tas","value":10.6,"estimate":"q95","season":"MAM"},{"bfs_id":4776,"rcp":"RCP8.5","period":"2060","key":"tas","value":20.7,"estimate":"q95","season":"JJA"},{"bfs_id":4776,"rcp":"RCP8.5","period":"2060","key":"tas","value":12.3,"estimate":"q95","season":"SON"},{"bfs_id":4776,"rcp":"RCP8.5","period":"2085","key":"tas","value":3.5,"estimate":"q5","season":"DJF"},{"bfs_id":4776,"rcp":"RCP8.5","period":"2085","key":"tas","value":10.5,"estimate":"q5","season":"MAM"},{"bfs_id":4776,"rcp":"RCP8.5","period":"2085","key":"tas","value":20.3,"estimate":"q5","season":"JJA"},{"bfs_id":4776,"rcp":"RCP8.5","period":"2085","key":"tas","value":11.8,"estimate":"q5","season":"SON"},{"bfs_id":4776,"rcp":"RCP8.5","period":"2085","key":"tas","value":4.5,"estimate":"q50","season":"DJF"},{"bfs_id":4776,"rcp":"RCP8.5","period":"2085","key":"tas","value":11.3,"estimate":"q50","season":"MAM"},{"bfs_id":4776,"rcp":"RCP8.5","period":"2085","key":"tas","value":21.1,"estimate":"q50","season":"JJA"},{"bfs_id":4776,"rcp":"RCP8.5","period":"2085","key":"tas","value":12.8,"estimate":"q50","season":"SON"},{"bfs_id":4776,"rcp":"RCP8.5","period":"2085","key":"tas","value":5.3,"estimate":"q95","season":"DJF"},{"bfs_id":4776,"rcp":"RCP8.5","period":"2085","key":"tas","value":12.2,"estimate":"q95","season":"MAM"},{"bfs_id":4776,"rcp":"RCP8.5","period":"2085","key":"tas","value":23.2,"estimate":"q95","season":"JJA"},{"bfs_id":4776,"rcp":"RCP8.5","period":"2085","key":"tas","value":14.5,"estimate":"q95","season":"SON"},{"bfs_id":4776,"rcp":"obs","period":"1981-2010","key":"FD","value":99.7,"estimate":"yearly_mean"},{"bfs_id":4776,"rcp":"obs","period":"1981-2010","key":"HD","value":4,"estimate":"yearly_mean"},{"bfs_id":4776,"rcp":"obs","period":"1981-2010","key":"ID","value":28.8,"estimate":"yearly_mean"},{"bfs_id":4776,"rcp":"obs","period":"1981-2010","key":"SD","value":34.4,"estimate":"yearly_mean"},{"bfs_id":4776,"rcp":"obs","period":"1981-2010","key":"snowdays","value":22.5,"estimate":"yearly_mean"},{"bfs_id":4776,"rcp":"obs","period":"1981-2010","key":"TN","value":0,"estimate":"yearly_mean"},{"bfs_id":4776,"rcp":"obs","period":"1981-2010","key":"pr","value":2.2,"estimate":"mean","season":"DJF"},{"bfs_id":4776,"rcp":"obs","period":"1981-2010","key":"pr","value":2.9,"estimate":"mean","season":"MAM"},{"bfs_id":4776,"rcp":"obs","period":"1981-2010","key":"pr","value":3.6,"estimate":"mean","season":"JJA"},{"bfs_id":4776,"rcp":"obs","period":"1981-2010","key":"pr","value":2.6,"estimate":"mean","season":"SON"},{"bfs_id":4776,"rcp":"obs","period":"1981-2010","key":"tas","value":0.3,"estimate":"mean","season":"DJF"},{"bfs_id":4776,"rcp":"obs","period":"1981-2010","key":"tas","value":8.3,"estimate":"mean","season":"MAM"},{"bfs_id":4776,"rcp":"obs","period":"1981-2010","key":"tas","value":17,"estimate":"mean","season":"JJA"},{"bfs_id":4776,"rcp":"obs","period":"1981-2010","key":"tas","value":8.8,"estimate":"mean","season":"SON"}]
