[{"bfs_id":1631,"rcp":"RCP2.6","period":"2035","key":"FD","value":78.7,"estimate":"q5"},{"bfs_id":1631,"rcp":"RCP2.6","period":"2035","key":"FD","value":91.4,"estimate":"q50"},{"bfs_id":1631,"rcp":"RCP2.6","period":"2035","key":"FD","value":100.1,"estimate":"q95"},{"bfs_id":1631,"rcp":"RCP2.6","period":"2060","key":"FD","value":75.8,"estimate":"q5"},{"bfs_id":1631,"rcp":"RCP2.6","period":"2060","key":"FD","value":86.5,"estimate":"q50"},{"bfs_id":1631,"rcp":"RCP2.6","period":"2060","key":"FD","value":95.8,"estimate":"q95"},{"bfs_id":1631,"rcp":"RCP2.6","period":"2085","key":"FD","value":73.5,"estimate":"q5"},{"bfs_id":1631,"rcp":"RCP2.6","period":"2085","key":"FD","value":89.7,"estimate":"q50"},{"bfs_id":1631,"rcp":"RCP2.6","period":"2085","key":"FD","value":97,"estimate":"q95"},{"bfs_id":1631,"rcp":"RCP8.5","period":"2035","key":"FD","value":77.3,"estimate":"q5"},{"bfs_id":1631,"rcp":"RCP8.5","period":"2035","key":"FD","value":87.2,"estimate":"q50"},{"bfs_id":1631,"rcp":"RCP8.5","period":"2035","key":"FD","value":93.5,"estimate":"q95"},{"bfs_id":1631,"rcp":"RCP8.5","period":"2060","key":"FD","value":60.8,"estimate":"q5"},{"bfs_id":1631,"rcp":"RCP8.5","period":"2060","key":"FD","value":71.3,"estimate":"q50"},{"bfs_id":1631,"rcp":"RCP8.5","period":"2060","key":"FD","value":77.4,"estimate":"q95"},{"bfs_id":1631,"rcp":"RCP8.5","period":"2085","key":"FD","value":41.7,"estimate":"q5"},{"bfs_id":1631,"rcp":"RCP8.5","period":"2085","key":"FD","value":50.4,"estimate":"q50"},{"bfs_id":1631,"rcp":"RCP8.5","period":"2085","key":"FD","value":62.3,"estimate":"q95"},{"bfs_id":1631,"rcp":"RCP2.6","period":"2035","key":"HD","value":4.5,"estimate":"q5"},{"bfs_id":1631,"rcp":"RCP2.6","period":"2035","key":"HD","value":6.4,"estimate":"q50"},{"bfs_id":1631,"rcp":"RCP2.6","period":"2035","key":"HD","value":11.1,"estimate":"q95"},{"bfs_id":1631,"rcp":"RCP2.6","period":"2060","key":"HD","value":5,"estimate":"q5"},{"bfs_id":1631,"rcp":"RCP2.6","period":"2060","key":"HD","value":7.3,"estimate":"q50"},{"bfs_id":1631,"rcp":"RCP2.6","period":"2060","key":"HD","value":13.5,"estimate":"q95"},{"bfs_id":1631,"rcp":"RCP2.6","period":"2085","key":"HD","value":4.7,"estimate":"q5"},{"bfs_id":1631,"rcp":"RCP2.6","period":"2085","key":"HD","value":6.8,"estimate":"q50"},{"bfs_id":1631,"rcp":"RCP2.6","period":"2085","key":"HD","value":12.9,"estimate":"q95"},{"bfs_id":1631,"rcp":"RCP8.5","period":"2035","key":"HD","value":5.2,"estimate":"q5"},{"bfs_id":1631,"rcp":"RCP8.5","period":"2035","key":"HD","value":7.5,"estimate":"q50"},{"bfs_id":1631,"rcp":"RCP8.5","period":"2035","key":"HD","value":15.8,"estimate":"q95"},{"bfs_id":1631,"rcp":"RCP8.5","period":"2060","key":"HD","value":9.5,"estimate":"q5"},{"bfs_id":1631,"rcp":"RCP8.5","period":"2060","key":"HD","value":17.2,"estimate":"q50"},{"bfs_id":1631,"rcp":"RCP8.5","period":"2060","key":"HD","value":32.5,"estimate":"q95"},{"bfs_id":1631,"rcp":"RCP8.5","period":"2085","key":"HD","value":21,"estimate":"q5"},{"bfs_id":1631,"rcp":"RCP8.5","period":"2085","key":"HD","value":27.2,"estimate":"q50"},{"bfs_id":1631,"rcp":"RCP8.5","period":"2085","key":"HD","value":60.7,"estimate":"q95"},{"bfs_id":1631,"rcp":"RCP2.6","period":"2035","key":"ID","value":18.4,"estimate":"q5"},{"bfs_id":1631,"rcp":"RCP2.6","period":"2035","key":"ID","value":22,"estimate":"q50"},{"bfs_id":1631,"rcp":"RCP2.6","period":"2035","key":"ID","value":26.5,"estimate":"q95"},{"bfs_id":1631,"rcp":"RCP2.6","period":"2060","key":"ID","value":17.6,"estimate":"q5"},{"bfs_id":1631,"rcp":"RCP2.6","period":"2060","key":"ID","value":20.8,"estimate":"q50"},{"bfs_id":1631,"rcp":"RCP2.6","period":"2060","key":"ID","value":26.1,"estimate":"q95"},{"bfs_id":1631,"rcp":"RCP2.6","period":"2085","key":"ID","value":16.6,"estimate":"q5"},{"bfs_id":1631,"rcp":"RCP2.6","period":"2085","key":"ID","value":21.3,"estimate":"q50"},{"bfs_id":1631,"rcp":"RCP2.6","period":"2085","key":"ID","value":25.5,"estimate":"q95"},{"bfs_id":1631,"rcp":"RCP8.5","period":"2035","key":"ID","value":16.5,"estimate":"q5"},{"bfs_id":1631,"rcp":"RCP8.5","period":"2035","key":"ID","value":20.3,"estimate":"q50"},{"bfs_id":1631,"rcp":"RCP8.5","period":"2035","key":"ID","value":25.2,"estimate":"q95"},{"bfs_id":1631,"rcp":"RCP8.5","period":"2060","key":"ID","value":11.1,"estimate":"q5"},{"bfs_id":1631,"rcp":"RCP8.5","period":"2060","key":"ID","value":15.5,"estimate":"q50"},{"bfs_id":1631,"rcp":"RCP8.5","period":"2060","key":"ID","value":17.7,"estimate":"q95"},{"bfs_id":1631,"rcp":"RCP8.5","period":"2085","key":"ID","value":4.9,"estimate":"q5"},{"bfs_id":1631,"rcp":"RCP8.5","period":"2085","key":"ID","value":8.3,"estimate":"q50"},{"bfs_id":1631,"rcp":"RCP8.5","period":"2085","key":"ID","value":12.1,"estimate":"q95"},{"bfs_id":1631,"rcp":"RCP2.6","period":"2035","key":"SD","value":36.6,"estimate":"q5"},{"bfs_id":1631,"rcp":"RCP2.6","period":"2035","key":"SD","value":41.3,"estimate":"q50"},{"bfs_id":1631,"rcp":"RCP2.6","period":"2035","key":"SD","value":50.5,"estimate":"q95"},{"bfs_id":1631,"rcp":"RCP2.6","period":"2060","key":"SD","value":38.3,"estimate":"q5"},{"bfs_id":1631,"rcp":"RCP2.6","period":"2060","key":"SD","value":42.9,"estimate":"q50"},{"bfs_id":1631,"rcp":"RCP2.6","period":"2060","key":"SD","value":53.6,"estimate":"q95"},{"bfs_id":1631,"rcp":"RCP2.6","period":"2085","key":"SD","value":37.3,"estimate":"q5"},{"bfs_id":1631,"rcp":"RCP2.6","period":"2085","key":"SD","value":44.6,"estimate":"q50"},{"bfs_id":1631,"rcp":"RCP2.6","period":"2085","key":"SD","value":50.1,"estimate":"q95"},{"bfs_id":1631,"rcp":"RCP8.5","period":"2035","key":"SD","value":38.3,"estimate":"q5"},{"bfs_id":1631,"rcp":"RCP8.5","period":"2035","key":"SD","value":45.8,"estimate":"q50"},{"bfs_id":1631,"rcp":"RCP8.5","period":"2035","key":"SD","value":55.1,"estimate":"q95"},{"bfs_id":1631,"rcp":"RCP8.5","period":"2060","key":"SD","value":51.8,"estimate":"q5"},{"bfs_id":1631,"rcp":"RCP8.5","period":"2060","key":"SD","value":61.7,"estimate":"q50"},{"bfs_id":1631,"rcp":"RCP8.5","period":"2060","key":"SD","value":79.6,"estimate":"q95"},{"bfs_id":1631,"rcp":"RCP8.5","period":"2085","key":"SD","value":68.3,"estimate":"q5"},{"bfs_id":1631,"rcp":"RCP8.5","period":"2085","key":"SD","value":82.7,"estimate":"q50"},{"bfs_id":1631,"rcp":"RCP8.5","period":"2085","key":"SD","value":115.2,"estimate":"q95"},{"bfs_id":1631,"rcp":"RCP2.6","period":"2035","key":"snowdays","value":24.2,"estimate":"q5"},{"bfs_id":1631,"rcp":"RCP2.6","period":"2035","key":"snowdays","value":30.2,"estimate":"q50"},{"bfs_id":1631,"rcp":"RCP2.6","period":"2035","key":"snowdays","value":37.7,"estimate":"q95"},{"bfs_id":1631,"rcp":"RCP2.6","period":"2060","key":"snowdays","value":21.9,"estimate":"q5"},{"bfs_id":1631,"rcp":"RCP2.6","period":"2060","key":"snowdays","value":28.7,"estimate":"q50"},{"bfs_id":1631,"rcp":"RCP2.6","period":"2060","key":"snowdays","value":37.5,"estimate":"q95"},{"bfs_id":1631,"rcp":"RCP2.6","period":"2085","key":"snowdays","value":22.6,"estimate":"q5"},{"bfs_id":1631,"rcp":"RCP2.6","period":"2085","key":"snowdays","value":28.7,"estimate":"q50"},{"bfs_id":1631,"rcp":"RCP2.6","period":"2085","key":"snowdays","value":38.4,"estimate":"q95"},{"bfs_id":1631,"rcp":"RCP8.5","period":"2035","key":"snowdays","value":21.8,"estimate":"q5"},{"bfs_id":1631,"rcp":"RCP8.5","period":"2035","key":"snowdays","value":29.7,"estimate":"q50"},{"bfs_id":1631,"rcp":"RCP8.5","period":"2035","key":"snowdays","value":36.8,"estimate":"q95"},{"bfs_id":1631,"rcp":"RCP8.5","period":"2060","key":"snowdays","value":16.5,"estimate":"q5"},{"bfs_id":1631,"rcp":"RCP8.5","period":"2060","key":"snowdays","value":24.7,"estimate":"q50"},{"bfs_id":1631,"rcp":"RCP8.5","period":"2060","key":"snowdays","value":29.5,"estimate":"q95"},{"bfs_id":1631,"rcp":"RCP8.5","period":"2085","key":"snowdays","value":9.6,"estimate":"q5"},{"bfs_id":1631,"rcp":"RCP8.5","period":"2085","key":"snowdays","value":17.1,"estimate":"q50"},{"bfs_id":1631,"rcp":"RCP8.5","period":"2085","key":"snowdays","value":22.1,"estimate":"q95"},{"bfs_id":1631,"rcp":"RCP2.6","period":"2035","key":"TN","value":0,"estimate":"q5"},{"bfs_id":1631,"rcp":"RCP2.6","period":"2035","key":"TN","value":0.2,"estimate":"q50"},{"bfs_id":1631,"rcp":"RCP2.6","period":"2035","key":"TN","value":0.5,"estimate":"q95"},{"bfs_id":1631,"rcp":"RCP2.6","period":"2060","key":"TN","value":0,"estimate":"q5"},{"bfs_id":1631,"rcp":"RCP2.6","period":"2060","key":"TN","value":0.3,"estimate":"q50"},{"bfs_id":1631,"rcp":"RCP2.6","period":"2060","key":"TN","value":0.8,"estimate":"q95"},{"bfs_id":1631,"rcp":"RCP2.6","period":"2085","key":"TN","value":0,"estimate":"q5"},{"bfs_id":1631,"rcp":"RCP2.6","period":"2085","key":"TN","value":0.2,"estimate":"q50"},{"bfs_id":1631,"rcp":"RCP2.6","period":"2085","key":"TN","value":0.7,"estimate":"q95"},{"bfs_id":1631,"rcp":"RCP8.5","period":"2035","key":"TN","value":0,"estimate":"q5"},{"bfs_id":1631,"rcp":"RCP8.5","period":"2035","key":"TN","value":0.3,"estimate":"q50"},{"bfs_id":1631,"rcp":"RCP8.5","period":"2035","key":"TN","value":1.5,"estimate":"q95"},{"bfs_id":1631,"rcp":"RCP8.5","period":"2060","key":"TN","value":0.5,"estimate":"q5"},{"bfs_id":1631,"rcp":"RCP8.5","period":"2060","key":"TN","value":1.8,"estimate":"q50"},{"bfs_id":1631,"rcp":"RCP8.5","period":"2060","key":"TN","value":5.6,"estimate":"q95"},{"bfs_id":1631,"rcp":"RCP8.5","period":"2085","key":"TN","value":2.3,"estimate":"q5"},{"bfs_id":1631,"rcp":"RCP8.5","period":"2085","key":"TN","value":7.2,"estimate":"q50"},{"bfs_id":1631,"rcp":"RCP8.5","period":"2085","key":"TN","value":19.7,"estimate":"q95"},{"bfs_id":1631,"rcp":"RCP2.6","period":"2035","key":"pr","value":3.8,"estimate":"q5","season":"DJF"},{"bfs_id":1631,"rcp":"RCP2.6","period":"2035","key":"pr","value":4.3,"estimate":"q5","season":"MAM"},{"bfs_id":1631,"rcp":"RCP2.6","period":"2035","key":"pr","value":5.3,"estimate":"q5","season":"JJA"},{"bfs_id":1631,"rcp":"RCP2.6","period":"2035","key":"pr","value":4,"estimate":"q5","season":"SON"},{"bfs_id":1631,"rcp":"RCP2.6","period":"2035","key":"pr","value":4.3,"estimate":"q50","season":"DJF"},{"bfs_id":1631,"rcp":"RCP2.6","period":"2035","key":"pr","value":4.9,"estimate":"q50","season":"MAM"},{"bfs_id":1631,"rcp":"RCP2.6","period":"2035","key":"pr","value":6.2,"estimate":"q50","season":"JJA"},{"bfs_id":1631,"rcp":"RCP2.6","period":"2035","key":"pr","value":4.5,"estimate":"q50","season":"SON"},{"bfs_id":1631,"rcp":"RCP2.6","period":"2035","key":"pr","value":5.5,"estimate":"q95","season":"DJF"},{"bfs_id":1631,"rcp":"RCP2.6","period":"2035","key":"pr","value":5.2,"estimate":"q95","season":"MAM"},{"bfs_id":1631,"rcp":"RCP2.6","period":"2035","key":"pr","value":6.8,"estimate":"q95","season":"JJA"},{"bfs_id":1631,"rcp":"RCP2.6","period":"2035","key":"pr","value":5.5,"estimate":"q95","season":"SON"},{"bfs_id":1631,"rcp":"RCP2.6","period":"2060","key":"pr","value":3.9,"estimate":"q5","season":"DJF"},{"bfs_id":1631,"rcp":"RCP2.6","period":"2060","key":"pr","value":4.4,"estimate":"q5","season":"MAM"},{"bfs_id":1631,"rcp":"RCP2.6","period":"2060","key":"pr","value":5.6,"estimate":"q5","season":"JJA"},{"bfs_id":1631,"rcp":"RCP2.6","period":"2060","key":"pr","value":4.1,"estimate":"q5","season":"SON"},{"bfs_id":1631,"rcp":"RCP2.6","period":"2060","key":"pr","value":4.4,"estimate":"q50","season":"DJF"},{"bfs_id":1631,"rcp":"RCP2.6","period":"2060","key":"pr","value":4.7,"estimate":"q50","season":"MAM"},{"bfs_id":1631,"rcp":"RCP2.6","period":"2060","key":"pr","value":6.3,"estimate":"q50","season":"JJA"},{"bfs_id":1631,"rcp":"RCP2.6","period":"2060","key":"pr","value":4.5,"estimate":"q50","season":"SON"},{"bfs_id":1631,"rcp":"RCP2.6","period":"2060","key":"pr","value":5,"estimate":"q95","season":"DJF"},{"bfs_id":1631,"rcp":"RCP2.6","period":"2060","key":"pr","value":5.2,"estimate":"q95","season":"MAM"},{"bfs_id":1631,"rcp":"RCP2.6","period":"2060","key":"pr","value":6.7,"estimate":"q95","season":"JJA"},{"bfs_id":1631,"rcp":"RCP2.6","period":"2060","key":"pr","value":5,"estimate":"q95","season":"SON"},{"bfs_id":1631,"rcp":"RCP2.6","period":"2085","key":"pr","value":3.8,"estimate":"q5","season":"DJF"},{"bfs_id":1631,"rcp":"RCP2.6","period":"2085","key":"pr","value":4.3,"estimate":"q5","season":"MAM"},{"bfs_id":1631,"rcp":"RCP2.6","period":"2085","key":"pr","value":5.6,"estimate":"q5","season":"JJA"},{"bfs_id":1631,"rcp":"RCP2.6","period":"2085","key":"pr","value":4,"estimate":"q5","season":"SON"},{"bfs_id":1631,"rcp":"RCP2.6","period":"2085","key":"pr","value":4.4,"estimate":"q50","season":"DJF"},{"bfs_id":1631,"rcp":"RCP2.6","period":"2085","key":"pr","value":4.7,"estimate":"q50","season":"MAM"},{"bfs_id":1631,"rcp":"RCP2.6","period":"2085","key":"pr","value":6.3,"estimate":"q50","season":"JJA"},{"bfs_id":1631,"rcp":"RCP2.6","period":"2085","key":"pr","value":4.5,"estimate":"q50","season":"SON"},{"bfs_id":1631,"rcp":"RCP2.6","period":"2085","key":"pr","value":5.2,"estimate":"q95","season":"DJF"},{"bfs_id":1631,"rcp":"RCP2.6","period":"2085","key":"pr","value":5.1,"estimate":"q95","season":"MAM"},{"bfs_id":1631,"rcp":"RCP2.6","period":"2085","key":"pr","value":6.8,"estimate":"q95","season":"JJA"},{"bfs_id":1631,"rcp":"RCP2.6","period":"2085","key":"pr","value":5.2,"estimate":"q95","season":"SON"},{"bfs_id":1631,"rcp":"RCP8.5","period":"2035","key":"pr","value":4.1,"estimate":"q5","season":"DJF"},{"bfs_id":1631,"rcp":"RCP8.5","period":"2035","key":"pr","value":4.4,"estimate":"q5","season":"MAM"},{"bfs_id":1631,"rcp":"RCP8.5","period":"2035","key":"pr","value":5.3,"estimate":"q5","season":"JJA"},{"bfs_id":1631,"rcp":"RCP8.5","period":"2035","key":"pr","value":4.1,"estimate":"q5","season":"SON"},{"bfs_id":1631,"rcp":"RCP8.5","period":"2035","key":"pr","value":4.6,"estimate":"q50","season":"DJF"},{"bfs_id":1631,"rcp":"RCP8.5","period":"2035","key":"pr","value":5,"estimate":"q50","season":"MAM"},{"bfs_id":1631,"rcp":"RCP8.5","period":"2035","key":"pr","value":6.1,"estimate":"q50","season":"JJA"},{"bfs_id":1631,"rcp":"RCP8.5","period":"2035","key":"pr","value":4.5,"estimate":"q50","season":"SON"},{"bfs_id":1631,"rcp":"RCP8.5","period":"2035","key":"pr","value":5.1,"estimate":"q95","season":"DJF"},{"bfs_id":1631,"rcp":"RCP8.5","period":"2035","key":"pr","value":5.3,"estimate":"q95","season":"MAM"},{"bfs_id":1631,"rcp":"RCP8.5","period":"2035","key":"pr","value":7,"estimate":"q95","season":"JJA"},{"bfs_id":1631,"rcp":"RCP8.5","period":"2035","key":"pr","value":5.2,"estimate":"q95","season":"SON"},{"bfs_id":1631,"rcp":"RCP8.5","period":"2060","key":"pr","value":4.2,"estimate":"q5","season":"DJF"},{"bfs_id":1631,"rcp":"RCP8.5","period":"2060","key":"pr","value":4.6,"estimate":"q5","season":"MAM"},{"bfs_id":1631,"rcp":"RCP8.5","period":"2060","key":"pr","value":4.9,"estimate":"q5","season":"JJA"},{"bfs_id":1631,"rcp":"RCP8.5","period":"2060","key":"pr","value":4,"estimate":"q5","season":"SON"},{"bfs_id":1631,"rcp":"RCP8.5","period":"2060","key":"pr","value":4.6,"estimate":"q50","season":"DJF"},{"bfs_id":1631,"rcp":"RCP8.5","period":"2060","key":"pr","value":5.1,"estimate":"q50","season":"MAM"},{"bfs_id":1631,"rcp":"RCP8.5","period":"2060","key":"pr","value":5.8,"estimate":"q50","season":"JJA"},{"bfs_id":1631,"rcp":"RCP8.5","period":"2060","key":"pr","value":4.4,"estimate":"q50","season":"SON"},{"bfs_id":1631,"rcp":"RCP8.5","period":"2060","key":"pr","value":5.4,"estimate":"q95","season":"DJF"},{"bfs_id":1631,"rcp":"RCP8.5","period":"2060","key":"pr","value":5.5,"estimate":"q95","season":"MAM"},{"bfs_id":1631,"rcp":"RCP8.5","period":"2060","key":"pr","value":7,"estimate":"q95","season":"JJA"},{"bfs_id":1631,"rcp":"RCP8.5","period":"2060","key":"pr","value":4.9,"estimate":"q95","season":"SON"},{"bfs_id":1631,"rcp":"RCP8.5","period":"2085","key":"pr","value":4.2,"estimate":"q5","season":"DJF"},{"bfs_id":1631,"rcp":"RCP8.5","period":"2085","key":"pr","value":4.8,"estimate":"q5","season":"MAM"},{"bfs_id":1631,"rcp":"RCP8.5","period":"2085","key":"pr","value":3.9,"estimate":"q5","season":"JJA"},{"bfs_id":1631,"rcp":"RCP8.5","period":"2085","key":"pr","value":3.7,"estimate":"q5","season":"SON"},{"bfs_id":1631,"rcp":"RCP8.5","period":"2085","key":"pr","value":4.9,"estimate":"q50","season":"DJF"},{"bfs_id":1631,"rcp":"RCP8.5","period":"2085","key":"pr","value":5.2,"estimate":"q50","season":"MAM"},{"bfs_id":1631,"rcp":"RCP8.5","period":"2085","key":"pr","value":5.4,"estimate":"q50","season":"JJA"},{"bfs_id":1631,"rcp":"RCP8.5","period":"2085","key":"pr","value":4.3,"estimate":"q50","season":"SON"},{"bfs_id":1631,"rcp":"RCP8.5","period":"2085","key":"pr","value":5.6,"estimate":"q95","season":"DJF"},{"bfs_id":1631,"rcp":"RCP8.5","period":"2085","key":"pr","value":5.8,"estimate":"q95","season":"MAM"},{"bfs_id":1631,"rcp":"RCP8.5","period":"2085","key":"pr","value":6.1,"estimate":"q95","season":"JJA"},{"bfs_id":1631,"rcp":"RCP8.5","period":"2085","key":"pr","value":5.1,"estimate":"q95","season":"SON"},{"bfs_id":1631,"rcp":"RCP2.6","period":"2035","key":"tas","value":0.3,"estimate":"q5","season":"DJF"},{"bfs_id":1631,"rcp":"RCP2.6","period":"2035","key":"tas","value":8,"estimate":"q5","season":"MAM"},{"bfs_id":1631,"rcp":"RCP2.6","period":"2035","key":"tas","value":17,"estimate":"q5","season":"JJA"},{"bfs_id":1631,"rcp":"RCP2.6","period":"2035","key":"tas","value":9.2,"estimate":"q5","season":"SON"},{"bfs_id":1631,"rcp":"RCP2.6","period":"2035","key":"tas","value":0.9,"estimate":"q50","season":"DJF"},{"bfs_id":1631,"rcp":"RCP2.6","period":"2035","key":"tas","value":8.7,"estimate":"q50","season":"MAM"},{"bfs_id":1631,"rcp":"RCP2.6","period":"2035","key":"tas","value":17.8,"estimate":"q50","season":"JJA"},{"bfs_id":1631,"rcp":"RCP2.6","period":"2035","key":"tas","value":9.7,"estimate":"q50","season":"SON"},{"bfs_id":1631,"rcp":"RCP2.6","period":"2035","key":"tas","value":1.4,"estimate":"q95","season":"DJF"},{"bfs_id":1631,"rcp":"RCP2.6","period":"2035","key":"tas","value":9.1,"estimate":"q95","season":"MAM"},{"bfs_id":1631,"rcp":"RCP2.6","period":"2035","key":"tas","value":18.6,"estimate":"q95","season":"JJA"},{"bfs_id":1631,"rcp":"RCP2.6","period":"2035","key":"tas","value":10.5,"estimate":"q95","season":"SON"},{"bfs_id":1631,"rcp":"RCP2.6","period":"2060","key":"tas","value":0.3,"estimate":"q5","season":"DJF"},{"bfs_id":1631,"rcp":"RCP2.6","period":"2060","key":"tas","value":8,"estimate":"q5","season":"MAM"},{"bfs_id":1631,"rcp":"RCP2.6","period":"2060","key":"tas","value":17.3,"estimate":"q5","season":"JJA"},{"bfs_id":1631,"rcp":"RCP2.6","period":"2060","key":"tas","value":9.5,"estimate":"q5","season":"SON"},{"bfs_id":1631,"rcp":"RCP2.6","period":"2060","key":"tas","value":1.2,"estimate":"q50","season":"DJF"},{"bfs_id":1631,"rcp":"RCP2.6","period":"2060","key":"tas","value":8.7,"estimate":"q50","season":"MAM"},{"bfs_id":1631,"rcp":"RCP2.6","period":"2060","key":"tas","value":17.9,"estimate":"q50","season":"JJA"},{"bfs_id":1631,"rcp":"RCP2.6","period":"2060","key":"tas","value":10,"estimate":"q50","season":"SON"},{"bfs_id":1631,"rcp":"RCP2.6","period":"2060","key":"tas","value":1.7,"estimate":"q95","season":"DJF"},{"bfs_id":1631,"rcp":"RCP2.6","period":"2060","key":"tas","value":9.3,"estimate":"q95","season":"MAM"},{"bfs_id":1631,"rcp":"RCP2.6","period":"2060","key":"tas","value":18.6,"estimate":"q95","season":"JJA"},{"bfs_id":1631,"rcp":"RCP2.6","period":"2060","key":"tas","value":10.9,"estimate":"q95","season":"SON"},{"bfs_id":1631,"rcp":"RCP2.6","period":"2085","key":"tas","value":0.4,"estimate":"q5","season":"DJF"},{"bfs_id":1631,"rcp":"RCP2.6","period":"2085","key":"tas","value":8,"estimate":"q5","season":"MAM"},{"bfs_id":1631,"rcp":"RCP2.6","period":"2085","key":"tas","value":17.3,"estimate":"q5","season":"JJA"},{"bfs_id":1631,"rcp":"RCP2.6","period":"2085","key":"tas","value":9.3,"estimate":"q5","season":"SON"},{"bfs_id":1631,"rcp":"RCP2.6","period":"2085","key":"tas","value":1.2,"estimate":"q50","season":"DJF"},{"bfs_id":1631,"rcp":"RCP2.6","period":"2085","key":"tas","value":8.8,"estimate":"q50","season":"MAM"},{"bfs_id":1631,"rcp":"RCP2.6","period":"2085","key":"tas","value":17.9,"estimate":"q50","season":"JJA"},{"bfs_id":1631,"rcp":"RCP2.6","period":"2085","key":"tas","value":10,"estimate":"q50","season":"SON"},{"bfs_id":1631,"rcp":"RCP2.6","period":"2085","key":"tas","value":1.9,"estimate":"q95","season":"DJF"},{"bfs_id":1631,"rcp":"RCP2.6","period":"2085","key":"tas","value":9.3,"estimate":"q95","season":"MAM"},{"bfs_id":1631,"rcp":"RCP2.6","period":"2085","key":"tas","value":18.5,"estimate":"q95","season":"JJA"},{"bfs_id":1631,"rcp":"RCP2.6","period":"2085","key":"tas","value":10.9,"estimate":"q95","season":"SON"},{"bfs_id":1631,"rcp":"RCP8.5","period":"2035","key":"tas","value":0.5,"estimate":"q5","season":"DJF"},{"bfs_id":1631,"rcp":"RCP8.5","period":"2035","key":"tas","value":8.3,"estimate":"q5","season":"MAM"},{"bfs_id":1631,"rcp":"RCP8.5","period":"2035","key":"tas","value":17.6,"estimate":"q5","season":"JJA"},{"bfs_id":1631,"rcp":"RCP8.5","period":"2035","key":"tas","value":9.6,"estimate":"q5","season":"SON"},{"bfs_id":1631,"rcp":"RCP8.5","period":"2035","key":"tas","value":1.3,"estimate":"q50","season":"DJF"},{"bfs_id":1631,"rcp":"RCP8.5","period":"2035","key":"tas","value":8.8,"estimate":"q50","season":"MAM"},{"bfs_id":1631,"rcp":"RCP8.5","period":"2035","key":"tas","value":18.1,"estimate":"q50","season":"JJA"},{"bfs_id":1631,"rcp":"RCP8.5","period":"2035","key":"tas","value":10,"estimate":"q50","season":"SON"},{"bfs_id":1631,"rcp":"RCP8.5","period":"2035","key":"tas","value":1.7,"estimate":"q95","season":"DJF"},{"bfs_id":1631,"rcp":"RCP8.5","period":"2035","key":"tas","value":9.5,"estimate":"q95","season":"MAM"},{"bfs_id":1631,"rcp":"RCP8.5","period":"2035","key":"tas","value":18.9,"estimate":"q95","season":"JJA"},{"bfs_id":1631,"rcp":"RCP8.5","period":"2035","key":"tas","value":10.9,"estimate":"q95","season":"SON"},{"bfs_id":1631,"rcp":"RCP8.5","period":"2060","key":"tas","value":1.7,"estimate":"q5","season":"DJF"},{"bfs_id":1631,"rcp":"RCP8.5","period":"2060","key":"tas","value":9.3,"estimate":"q5","season":"MAM"},{"bfs_id":1631,"rcp":"RCP8.5","period":"2060","key":"tas","value":18.7,"estimate":"q5","season":"JJA"},{"bfs_id":1631,"rcp":"RCP8.5","period":"2060","key":"tas","value":10.7,"estimate":"q5","season":"SON"},{"bfs_id":1631,"rcp":"RCP8.5","period":"2060","key":"tas","value":2.2,"estimate":"q50","season":"DJF"},{"bfs_id":1631,"rcp":"RCP8.5","period":"2060","key":"tas","value":10,"estimate":"q50","season":"MAM"},{"bfs_id":1631,"rcp":"RCP8.5","period":"2060","key":"tas","value":19.5,"estimate":"q50","season":"JJA"},{"bfs_id":1631,"rcp":"RCP8.5","period":"2060","key":"tas","value":11.5,"estimate":"q50","season":"SON"},{"bfs_id":1631,"rcp":"RCP8.5","period":"2060","key":"tas","value":2.7,"estimate":"q95","season":"DJF"},{"bfs_id":1631,"rcp":"RCP8.5","period":"2060","key":"tas","value":11.2,"estimate":"q95","season":"MAM"},{"bfs_id":1631,"rcp":"RCP8.5","period":"2060","key":"tas","value":21.5,"estimate":"q95","season":"JJA"},{"bfs_id":1631,"rcp":"RCP8.5","period":"2060","key":"tas","value":12.5,"estimate":"q95","season":"SON"},{"bfs_id":1631,"rcp":"RCP8.5","period":"2085","key":"tas","value":3.1,"estimate":"q5","season":"DJF"},{"bfs_id":1631,"rcp":"RCP8.5","period":"2085","key":"tas","value":10.8,"estimate":"q5","season":"MAM"},{"bfs_id":1631,"rcp":"RCP8.5","period":"2085","key":"tas","value":20.1,"estimate":"q5","season":"JJA"},{"bfs_id":1631,"rcp":"RCP8.5","period":"2085","key":"tas","value":11.9,"estimate":"q5","season":"SON"},{"bfs_id":1631,"rcp":"RCP8.5","period":"2085","key":"tas","value":4.2,"estimate":"q50","season":"DJF"},{"bfs_id":1631,"rcp":"RCP8.5","period":"2085","key":"tas","value":11.5,"estimate":"q50","season":"MAM"},{"bfs_id":1631,"rcp":"RCP8.5","period":"2085","key":"tas","value":20.9,"estimate":"q50","season":"JJA"},{"bfs_id":1631,"rcp":"RCP8.5","period":"2085","key":"tas","value":12.8,"estimate":"q50","season":"SON"},{"bfs_id":1631,"rcp":"RCP8.5","period":"2085","key":"tas","value":4.8,"estimate":"q95","season":"DJF"},{"bfs_id":1631,"rcp":"RCP8.5","period":"2085","key":"tas","value":13.4,"estimate":"q95","season":"MAM"},{"bfs_id":1631,"rcp":"RCP8.5","period":"2085","key":"tas","value":23.9,"estimate":"q95","season":"JJA"},{"bfs_id":1631,"rcp":"RCP8.5","period":"2085","key":"tas","value":14.5,"estimate":"q95","season":"SON"},{"bfs_id":1631,"rcp":"obs","period":"1981-2010","key":"FD","value":103.8,"estimate":"yearly_mean"},{"bfs_id":1631,"rcp":"obs","period":"1981-2010","key":"HD","value":2.9,"estimate":"yearly_mean"},{"bfs_id":1631,"rcp":"obs","period":"1981-2010","key":"ID","value":28.9,"estimate":"yearly_mean"},{"bfs_id":1631,"rcp":"obs","period":"1981-2010","key":"SD","value":29.8,"estimate":"yearly_mean"},{"bfs_id":1631,"rcp":"obs","period":"1981-2010","key":"snowdays","value":33.6,"estimate":"yearly_mean"},{"bfs_id":1631,"rcp":"obs","period":"1981-2010","key":"TN","value":0,"estimate":"yearly_mean"},{"bfs_id":1631,"rcp":"obs","period":"1981-2010","key":"pr","value":4.2,"estimate":"mean","season":"DJF"},{"bfs_id":1631,"rcp":"obs","period":"1981-2010","key":"pr","value":4.5,"estimate":"mean","season":"MAM"},{"bfs_id":1631,"rcp":"obs","period":"1981-2010","key":"pr","value":6.8,"estimate":"mean","season":"JJA"},{"bfs_id":1631,"rcp":"obs","period":"1981-2010","key":"pr","value":4.5,"estimate":"mean","season":"SON"},{"bfs_id":1631,"rcp":"obs","period":"1981-2010","key":"tas","value":-0.3,"estimate":"mean","season":"DJF"},{"bfs_id":1631,"rcp":"obs","period":"1981-2010","key":"tas","value":8.1,"estimate":"mean","season":"MAM"},{"bfs_id":1631,"rcp":"obs","period":"1981-2010","key":"tas","value":16.5,"estimate":"mean","season":"JJA"},{"bfs_id":1631,"rcp":"obs","period":"1981-2010","key":"tas","value":8.7,"estimate":"mean","season":"SON"}]
