[{"bfs_id":979,"rcp":"RCP2.6","period":"2035","key":"FD","value":70.3,"estimate":"q5"},{"bfs_id":979,"rcp":"RCP2.6","period":"2035","key":"FD","value":81.7,"estimate":"q50"},{"bfs_id":979,"rcp":"RCP2.6","period":"2035","key":"FD","value":88.2,"estimate":"q95"},{"bfs_id":979,"rcp":"RCP2.6","period":"2060","key":"FD","value":67.6,"estimate":"q5"},{"bfs_id":979,"rcp":"RCP2.6","period":"2060","key":"FD","value":77.9,"estimate":"q50"},{"bfs_id":979,"rcp":"RCP2.6","period":"2060","key":"FD","value":85.2,"estimate":"q95"},{"bfs_id":979,"rcp":"RCP2.6","period":"2085","key":"FD","value":67.6,"estimate":"q5"},{"bfs_id":979,"rcp":"RCP2.6","period":"2085","key":"FD","value":77.5,"estimate":"q50"},{"bfs_id":979,"rcp":"RCP2.6","period":"2085","key":"FD","value":86,"estimate":"q95"},{"bfs_id":979,"rcp":"RCP8.5","period":"2035","key":"FD","value":67.4,"estimate":"q5"},{"bfs_id":979,"rcp":"RCP8.5","period":"2035","key":"FD","value":77.5,"estimate":"q50"},{"bfs_id":979,"rcp":"RCP8.5","period":"2035","key":"FD","value":84.1,"estimate":"q95"},{"bfs_id":979,"rcp":"RCP8.5","period":"2060","key":"FD","value":55.1,"estimate":"q5"},{"bfs_id":979,"rcp":"RCP8.5","period":"2060","key":"FD","value":63.1,"estimate":"q50"},{"bfs_id":979,"rcp":"RCP8.5","period":"2060","key":"FD","value":70.2,"estimate":"q95"},{"bfs_id":979,"rcp":"RCP8.5","period":"2085","key":"FD","value":35.2,"estimate":"q5"},{"bfs_id":979,"rcp":"RCP8.5","period":"2085","key":"FD","value":41.9,"estimate":"q50"},{"bfs_id":979,"rcp":"RCP8.5","period":"2085","key":"FD","value":53.9,"estimate":"q95"},{"bfs_id":979,"rcp":"RCP2.6","period":"2035","key":"HD","value":10.7,"estimate":"q5"},{"bfs_id":979,"rcp":"RCP2.6","period":"2035","key":"HD","value":14.4,"estimate":"q50"},{"bfs_id":979,"rcp":"RCP2.6","period":"2035","key":"HD","value":19.5,"estimate":"q95"},{"bfs_id":979,"rcp":"RCP2.6","period":"2060","key":"HD","value":11.8,"estimate":"q5"},{"bfs_id":979,"rcp":"RCP2.6","period":"2060","key":"HD","value":14.6,"estimate":"q50"},{"bfs_id":979,"rcp":"RCP2.6","period":"2060","key":"HD","value":22.2,"estimate":"q95"},{"bfs_id":979,"rcp":"RCP2.6","period":"2085","key":"HD","value":11.4,"estimate":"q5"},{"bfs_id":979,"rcp":"RCP2.6","period":"2085","key":"HD","value":13.5,"estimate":"q50"},{"bfs_id":979,"rcp":"RCP2.6","period":"2085","key":"HD","value":21.5,"estimate":"q95"},{"bfs_id":979,"rcp":"RCP8.5","period":"2035","key":"HD","value":11.6,"estimate":"q5"},{"bfs_id":979,"rcp":"RCP8.5","period":"2035","key":"HD","value":15.1,"estimate":"q50"},{"bfs_id":979,"rcp":"RCP8.5","period":"2035","key":"HD","value":21.7,"estimate":"q95"},{"bfs_id":979,"rcp":"RCP8.5","period":"2060","key":"HD","value":18.3,"estimate":"q5"},{"bfs_id":979,"rcp":"RCP8.5","period":"2060","key":"HD","value":25.1,"estimate":"q50"},{"bfs_id":979,"rcp":"RCP8.5","period":"2060","key":"HD","value":37.7,"estimate":"q95"},{"bfs_id":979,"rcp":"RCP8.5","period":"2085","key":"HD","value":33.2,"estimate":"q5"},{"bfs_id":979,"rcp":"RCP8.5","period":"2085","key":"HD","value":38.1,"estimate":"q50"},{"bfs_id":979,"rcp":"RCP8.5","period":"2085","key":"HD","value":64.6,"estimate":"q95"},{"bfs_id":979,"rcp":"RCP2.6","period":"2035","key":"ID","value":12.2,"estimate":"q5"},{"bfs_id":979,"rcp":"RCP2.6","period":"2035","key":"ID","value":15.5,"estimate":"q50"},{"bfs_id":979,"rcp":"RCP2.6","period":"2035","key":"ID","value":18.7,"estimate":"q95"},{"bfs_id":979,"rcp":"RCP2.6","period":"2060","key":"ID","value":11.3,"estimate":"q5"},{"bfs_id":979,"rcp":"RCP2.6","period":"2060","key":"ID","value":15.3,"estimate":"q50"},{"bfs_id":979,"rcp":"RCP2.6","period":"2060","key":"ID","value":17.9,"estimate":"q95"},{"bfs_id":979,"rcp":"RCP2.6","period":"2085","key":"ID","value":11.3,"estimate":"q5"},{"bfs_id":979,"rcp":"RCP2.6","period":"2085","key":"ID","value":14.5,"estimate":"q50"},{"bfs_id":979,"rcp":"RCP2.6","period":"2085","key":"ID","value":18,"estimate":"q95"},{"bfs_id":979,"rcp":"RCP8.5","period":"2035","key":"ID","value":11.6,"estimate":"q5"},{"bfs_id":979,"rcp":"RCP8.5","period":"2035","key":"ID","value":14.1,"estimate":"q50"},{"bfs_id":979,"rcp":"RCP8.5","period":"2035","key":"ID","value":18.3,"estimate":"q95"},{"bfs_id":979,"rcp":"RCP8.5","period":"2060","key":"ID","value":8,"estimate":"q5"},{"bfs_id":979,"rcp":"RCP8.5","period":"2060","key":"ID","value":10.8,"estimate":"q50"},{"bfs_id":979,"rcp":"RCP8.5","period":"2060","key":"ID","value":12.8,"estimate":"q95"},{"bfs_id":979,"rcp":"RCP8.5","period":"2085","key":"ID","value":2.6,"estimate":"q5"},{"bfs_id":979,"rcp":"RCP8.5","period":"2085","key":"ID","value":4.8,"estimate":"q50"},{"bfs_id":979,"rcp":"RCP8.5","period":"2085","key":"ID","value":7.4,"estimate":"q95"},{"bfs_id":979,"rcp":"RCP2.6","period":"2035","key":"SD","value":51.8,"estimate":"q5"},{"bfs_id":979,"rcp":"RCP2.6","period":"2035","key":"SD","value":58,"estimate":"q50"},{"bfs_id":979,"rcp":"RCP2.6","period":"2035","key":"SD","value":65.7,"estimate":"q95"},{"bfs_id":979,"rcp":"RCP2.6","period":"2060","key":"SD","value":52.4,"estimate":"q5"},{"bfs_id":979,"rcp":"RCP2.6","period":"2060","key":"SD","value":58.8,"estimate":"q50"},{"bfs_id":979,"rcp":"RCP2.6","period":"2060","key":"SD","value":65.1,"estimate":"q95"},{"bfs_id":979,"rcp":"RCP2.6","period":"2085","key":"SD","value":51.5,"estimate":"q5"},{"bfs_id":979,"rcp":"RCP2.6","period":"2085","key":"SD","value":59.6,"estimate":"q50"},{"bfs_id":979,"rcp":"RCP2.6","period":"2085","key":"SD","value":64.6,"estimate":"q95"},{"bfs_id":979,"rcp":"RCP8.5","period":"2035","key":"SD","value":54.5,"estimate":"q5"},{"bfs_id":979,"rcp":"RCP8.5","period":"2035","key":"SD","value":60,"estimate":"q50"},{"bfs_id":979,"rcp":"RCP8.5","period":"2035","key":"SD","value":66.1,"estimate":"q95"},{"bfs_id":979,"rcp":"RCP8.5","period":"2060","key":"SD","value":69.6,"estimate":"q5"},{"bfs_id":979,"rcp":"RCP8.5","period":"2060","key":"SD","value":75.2,"estimate":"q50"},{"bfs_id":979,"rcp":"RCP8.5","period":"2060","key":"SD","value":90.4,"estimate":"q95"},{"bfs_id":979,"rcp":"RCP8.5","period":"2085","key":"SD","value":85,"estimate":"q5"},{"bfs_id":979,"rcp":"RCP8.5","period":"2085","key":"SD","value":98,"estimate":"q50"},{"bfs_id":979,"rcp":"RCP8.5","period":"2085","key":"SD","value":116.2,"estimate":"q95"},{"bfs_id":979,"rcp":"RCP2.6","period":"2035","key":"snowdays","value":16.2,"estimate":"q5"},{"bfs_id":979,"rcp":"RCP2.6","period":"2035","key":"snowdays","value":20.4,"estimate":"q50"},{"bfs_id":979,"rcp":"RCP2.6","period":"2035","key":"snowdays","value":23.1,"estimate":"q95"},{"bfs_id":979,"rcp":"RCP2.6","period":"2060","key":"snowdays","value":15.2,"estimate":"q5"},{"bfs_id":979,"rcp":"RCP2.6","period":"2060","key":"snowdays","value":18.9,"estimate":"q50"},{"bfs_id":979,"rcp":"RCP2.6","period":"2060","key":"snowdays","value":24.3,"estimate":"q95"},{"bfs_id":979,"rcp":"RCP2.6","period":"2085","key":"snowdays","value":15.5,"estimate":"q5"},{"bfs_id":979,"rcp":"RCP2.6","period":"2085","key":"snowdays","value":19,"estimate":"q50"},{"bfs_id":979,"rcp":"RCP2.6","period":"2085","key":"snowdays","value":22.8,"estimate":"q95"},{"bfs_id":979,"rcp":"RCP8.5","period":"2035","key":"snowdays","value":13.2,"estimate":"q5"},{"bfs_id":979,"rcp":"RCP8.5","period":"2035","key":"snowdays","value":19.2,"estimate":"q50"},{"bfs_id":979,"rcp":"RCP8.5","period":"2035","key":"snowdays","value":23.1,"estimate":"q95"},{"bfs_id":979,"rcp":"RCP8.5","period":"2060","key":"snowdays","value":10.3,"estimate":"q5"},{"bfs_id":979,"rcp":"RCP8.5","period":"2060","key":"snowdays","value":14.6,"estimate":"q50"},{"bfs_id":979,"rcp":"RCP8.5","period":"2060","key":"snowdays","value":16.9,"estimate":"q95"},{"bfs_id":979,"rcp":"RCP8.5","period":"2085","key":"snowdays","value":4.6,"estimate":"q5"},{"bfs_id":979,"rcp":"RCP8.5","period":"2085","key":"snowdays","value":8.5,"estimate":"q50"},{"bfs_id":979,"rcp":"RCP8.5","period":"2085","key":"snowdays","value":12.9,"estimate":"q95"},{"bfs_id":979,"rcp":"RCP2.6","period":"2035","key":"TN","value":0,"estimate":"q5"},{"bfs_id":979,"rcp":"RCP2.6","period":"2035","key":"TN","value":0.2,"estimate":"q50"},{"bfs_id":979,"rcp":"RCP2.6","period":"2035","key":"TN","value":0.5,"estimate":"q95"},{"bfs_id":979,"rcp":"RCP2.6","period":"2060","key":"TN","value":0.1,"estimate":"q5"},{"bfs_id":979,"rcp":"RCP2.6","period":"2060","key":"TN","value":0.3,"estimate":"q50"},{"bfs_id":979,"rcp":"RCP2.6","period":"2060","key":"TN","value":0.7,"estimate":"q95"},{"bfs_id":979,"rcp":"RCP2.6","period":"2085","key":"TN","value":0,"estimate":"q5"},{"bfs_id":979,"rcp":"RCP2.6","period":"2085","key":"TN","value":0.2,"estimate":"q50"},{"bfs_id":979,"rcp":"RCP2.6","period":"2085","key":"TN","value":0.7,"estimate":"q95"},{"bfs_id":979,"rcp":"RCP8.5","period":"2035","key":"TN","value":0.1,"estimate":"q5"},{"bfs_id":979,"rcp":"RCP8.5","period":"2035","key":"TN","value":0.3,"estimate":"q50"},{"bfs_id":979,"rcp":"RCP8.5","period":"2035","key":"TN","value":1.4,"estimate":"q95"},{"bfs_id":979,"rcp":"RCP8.5","period":"2060","key":"TN","value":0.5,"estimate":"q5"},{"bfs_id":979,"rcp":"RCP8.5","period":"2060","key":"TN","value":1.9,"estimate":"q50"},{"bfs_id":979,"rcp":"RCP8.5","period":"2060","key":"TN","value":5.2,"estimate":"q95"},{"bfs_id":979,"rcp":"RCP8.5","period":"2085","key":"TN","value":3.6,"estimate":"q5"},{"bfs_id":979,"rcp":"RCP8.5","period":"2085","key":"TN","value":6.8,"estimate":"q50"},{"bfs_id":979,"rcp":"RCP8.5","period":"2085","key":"TN","value":20,"estimate":"q95"},{"bfs_id":979,"rcp":"RCP2.6","period":"2035","key":"pr","value":2.6,"estimate":"q5","season":"DJF"},{"bfs_id":979,"rcp":"RCP2.6","period":"2035","key":"pr","value":2.8,"estimate":"q5","season":"MAM"},{"bfs_id":979,"rcp":"RCP2.6","period":"2035","key":"pr","value":2.9,"estimate":"q5","season":"JJA"},{"bfs_id":979,"rcp":"RCP2.6","period":"2035","key":"pr","value":2.6,"estimate":"q5","season":"SON"},{"bfs_id":979,"rcp":"RCP2.6","period":"2035","key":"pr","value":3,"estimate":"q50","season":"DJF"},{"bfs_id":979,"rcp":"RCP2.6","period":"2035","key":"pr","value":3.1,"estimate":"q50","season":"MAM"},{"bfs_id":979,"rcp":"RCP2.6","period":"2035","key":"pr","value":3.5,"estimate":"q50","season":"JJA"},{"bfs_id":979,"rcp":"RCP2.6","period":"2035","key":"pr","value":2.9,"estimate":"q50","season":"SON"},{"bfs_id":979,"rcp":"RCP2.6","period":"2035","key":"pr","value":3.5,"estimate":"q95","season":"DJF"},{"bfs_id":979,"rcp":"RCP2.6","period":"2035","key":"pr","value":3.4,"estimate":"q95","season":"MAM"},{"bfs_id":979,"rcp":"RCP2.6","period":"2035","key":"pr","value":3.9,"estimate":"q95","season":"JJA"},{"bfs_id":979,"rcp":"RCP2.6","period":"2035","key":"pr","value":3.5,"estimate":"q95","season":"SON"},{"bfs_id":979,"rcp":"RCP2.6","period":"2060","key":"pr","value":2.7,"estimate":"q5","season":"DJF"},{"bfs_id":979,"rcp":"RCP2.6","period":"2060","key":"pr","value":2.9,"estimate":"q5","season":"MAM"},{"bfs_id":979,"rcp":"RCP2.6","period":"2060","key":"pr","value":2.7,"estimate":"q5","season":"JJA"},{"bfs_id":979,"rcp":"RCP2.6","period":"2060","key":"pr","value":2.7,"estimate":"q5","season":"SON"},{"bfs_id":979,"rcp":"RCP2.6","period":"2060","key":"pr","value":3,"estimate":"q50","season":"DJF"},{"bfs_id":979,"rcp":"RCP2.6","period":"2060","key":"pr","value":3.1,"estimate":"q50","season":"MAM"},{"bfs_id":979,"rcp":"RCP2.6","period":"2060","key":"pr","value":3.4,"estimate":"q50","season":"JJA"},{"bfs_id":979,"rcp":"RCP2.6","period":"2060","key":"pr","value":2.9,"estimate":"q50","season":"SON"},{"bfs_id":979,"rcp":"RCP2.6","period":"2060","key":"pr","value":3.3,"estimate":"q95","season":"DJF"},{"bfs_id":979,"rcp":"RCP2.6","period":"2060","key":"pr","value":3.4,"estimate":"q95","season":"MAM"},{"bfs_id":979,"rcp":"RCP2.6","period":"2060","key":"pr","value":3.9,"estimate":"q95","season":"JJA"},{"bfs_id":979,"rcp":"RCP2.6","period":"2060","key":"pr","value":3.4,"estimate":"q95","season":"SON"},{"bfs_id":979,"rcp":"RCP2.6","period":"2085","key":"pr","value":2.7,"estimate":"q5","season":"DJF"},{"bfs_id":979,"rcp":"RCP2.6","period":"2085","key":"pr","value":2.8,"estimate":"q5","season":"MAM"},{"bfs_id":979,"rcp":"RCP2.6","period":"2085","key":"pr","value":2.7,"estimate":"q5","season":"JJA"},{"bfs_id":979,"rcp":"RCP2.6","period":"2085","key":"pr","value":2.6,"estimate":"q5","season":"SON"},{"bfs_id":979,"rcp":"RCP2.6","period":"2085","key":"pr","value":3,"estimate":"q50","season":"DJF"},{"bfs_id":979,"rcp":"RCP2.6","period":"2085","key":"pr","value":3,"estimate":"q50","season":"MAM"},{"bfs_id":979,"rcp":"RCP2.6","period":"2085","key":"pr","value":3.4,"estimate":"q50","season":"JJA"},{"bfs_id":979,"rcp":"RCP2.6","period":"2085","key":"pr","value":3,"estimate":"q50","season":"SON"},{"bfs_id":979,"rcp":"RCP2.6","period":"2085","key":"pr","value":3.4,"estimate":"q95","season":"DJF"},{"bfs_id":979,"rcp":"RCP2.6","period":"2085","key":"pr","value":3.4,"estimate":"q95","season":"MAM"},{"bfs_id":979,"rcp":"RCP2.6","period":"2085","key":"pr","value":3.9,"estimate":"q95","season":"JJA"},{"bfs_id":979,"rcp":"RCP2.6","period":"2085","key":"pr","value":3.4,"estimate":"q95","season":"SON"},{"bfs_id":979,"rcp":"RCP8.5","period":"2035","key":"pr","value":2.7,"estimate":"q5","season":"DJF"},{"bfs_id":979,"rcp":"RCP8.5","period":"2035","key":"pr","value":2.9,"estimate":"q5","season":"MAM"},{"bfs_id":979,"rcp":"RCP8.5","period":"2035","key":"pr","value":2.7,"estimate":"q5","season":"JJA"},{"bfs_id":979,"rcp":"RCP8.5","period":"2035","key":"pr","value":2.6,"estimate":"q5","season":"SON"},{"bfs_id":979,"rcp":"RCP8.5","period":"2035","key":"pr","value":3.2,"estimate":"q50","season":"DJF"},{"bfs_id":979,"rcp":"RCP8.5","period":"2035","key":"pr","value":3.3,"estimate":"q50","season":"MAM"},{"bfs_id":979,"rcp":"RCP8.5","period":"2035","key":"pr","value":3.5,"estimate":"q50","season":"JJA"},{"bfs_id":979,"rcp":"RCP8.5","period":"2035","key":"pr","value":3.1,"estimate":"q50","season":"SON"},{"bfs_id":979,"rcp":"RCP8.5","period":"2035","key":"pr","value":3.4,"estimate":"q95","season":"DJF"},{"bfs_id":979,"rcp":"RCP8.5","period":"2035","key":"pr","value":3.5,"estimate":"q95","season":"MAM"},{"bfs_id":979,"rcp":"RCP8.5","period":"2035","key":"pr","value":3.7,"estimate":"q95","season":"JJA"},{"bfs_id":979,"rcp":"RCP8.5","period":"2035","key":"pr","value":3.4,"estimate":"q95","season":"SON"},{"bfs_id":979,"rcp":"RCP8.5","period":"2060","key":"pr","value":2.9,"estimate":"q5","season":"DJF"},{"bfs_id":979,"rcp":"RCP8.5","period":"2060","key":"pr","value":3.1,"estimate":"q5","season":"MAM"},{"bfs_id":979,"rcp":"RCP8.5","period":"2060","key":"pr","value":2.5,"estimate":"q5","season":"JJA"},{"bfs_id":979,"rcp":"RCP8.5","period":"2060","key":"pr","value":2.6,"estimate":"q5","season":"SON"},{"bfs_id":979,"rcp":"RCP8.5","period":"2060","key":"pr","value":3.2,"estimate":"q50","season":"DJF"},{"bfs_id":979,"rcp":"RCP8.5","period":"2060","key":"pr","value":3.3,"estimate":"q50","season":"MAM"},{"bfs_id":979,"rcp":"RCP8.5","period":"2060","key":"pr","value":3.4,"estimate":"q50","season":"JJA"},{"bfs_id":979,"rcp":"RCP8.5","period":"2060","key":"pr","value":3.1,"estimate":"q50","season":"SON"},{"bfs_id":979,"rcp":"RCP8.5","period":"2060","key":"pr","value":3.5,"estimate":"q95","season":"DJF"},{"bfs_id":979,"rcp":"RCP8.5","period":"2060","key":"pr","value":3.7,"estimate":"q95","season":"MAM"},{"bfs_id":979,"rcp":"RCP8.5","period":"2060","key":"pr","value":3.7,"estimate":"q95","season":"JJA"},{"bfs_id":979,"rcp":"RCP8.5","period":"2060","key":"pr","value":3.4,"estimate":"q95","season":"SON"},{"bfs_id":979,"rcp":"RCP8.5","period":"2085","key":"pr","value":3.1,"estimate":"q5","season":"DJF"},{"bfs_id":979,"rcp":"RCP8.5","period":"2085","key":"pr","value":3,"estimate":"q5","season":"MAM"},{"bfs_id":979,"rcp":"RCP8.5","period":"2085","key":"pr","value":1.9,"estimate":"q5","season":"JJA"},{"bfs_id":979,"rcp":"RCP8.5","period":"2085","key":"pr","value":2.5,"estimate":"q5","season":"SON"},{"bfs_id":979,"rcp":"RCP8.5","period":"2085","key":"pr","value":3.5,"estimate":"q50","season":"DJF"},{"bfs_id":979,"rcp":"RCP8.5","period":"2085","key":"pr","value":3.4,"estimate":"q50","season":"MAM"},{"bfs_id":979,"rcp":"RCP8.5","period":"2085","key":"pr","value":2.9,"estimate":"q50","season":"JJA"},{"bfs_id":979,"rcp":"RCP8.5","period":"2085","key":"pr","value":3.1,"estimate":"q50","season":"SON"},{"bfs_id":979,"rcp":"RCP8.5","period":"2085","key":"pr","value":3.9,"estimate":"q95","season":"DJF"},{"bfs_id":979,"rcp":"RCP8.5","period":"2085","key":"pr","value":3.8,"estimate":"q95","season":"MAM"},{"bfs_id":979,"rcp":"RCP8.5","period":"2085","key":"pr","value":3.4,"estimate":"q95","season":"JJA"},{"bfs_id":979,"rcp":"RCP8.5","period":"2085","key":"pr","value":3.5,"estimate":"q95","season":"SON"},{"bfs_id":979,"rcp":"RCP2.6","period":"2035","key":"tas","value":1.1,"estimate":"q5","season":"DJF"},{"bfs_id":979,"rcp":"RCP2.6","period":"2035","key":"tas","value":8.7,"estimate":"q5","season":"MAM"},{"bfs_id":979,"rcp":"RCP2.6","period":"2035","key":"tas","value":17.9,"estimate":"q5","season":"JJA"},{"bfs_id":979,"rcp":"RCP2.6","period":"2035","key":"tas","value":9.8,"estimate":"q5","season":"SON"},{"bfs_id":979,"rcp":"RCP2.6","period":"2035","key":"tas","value":1.5,"estimate":"q50","season":"DJF"},{"bfs_id":979,"rcp":"RCP2.6","period":"2035","key":"tas","value":9.3,"estimate":"q50","season":"MAM"},{"bfs_id":979,"rcp":"RCP2.6","period":"2035","key":"tas","value":18.4,"estimate":"q50","season":"JJA"},{"bfs_id":979,"rcp":"RCP2.6","period":"2035","key":"tas","value":10.1,"estimate":"q50","season":"SON"},{"bfs_id":979,"rcp":"RCP2.6","period":"2035","key":"tas","value":2.3,"estimate":"q95","season":"DJF"},{"bfs_id":979,"rcp":"RCP2.6","period":"2035","key":"tas","value":9.6,"estimate":"q95","season":"MAM"},{"bfs_id":979,"rcp":"RCP2.6","period":"2035","key":"tas","value":19,"estimate":"q95","season":"JJA"},{"bfs_id":979,"rcp":"RCP2.6","period":"2035","key":"tas","value":10.9,"estimate":"q95","season":"SON"},{"bfs_id":979,"rcp":"RCP2.6","period":"2060","key":"tas","value":1.1,"estimate":"q5","season":"DJF"},{"bfs_id":979,"rcp":"RCP2.6","period":"2060","key":"tas","value":8.6,"estimate":"q5","season":"MAM"},{"bfs_id":979,"rcp":"RCP2.6","period":"2060","key":"tas","value":18.2,"estimate":"q5","season":"JJA"},{"bfs_id":979,"rcp":"RCP2.6","period":"2060","key":"tas","value":10,"estimate":"q5","season":"SON"},{"bfs_id":979,"rcp":"RCP2.6","period":"2060","key":"tas","value":1.9,"estimate":"q50","season":"DJF"},{"bfs_id":979,"rcp":"RCP2.6","period":"2060","key":"tas","value":9.3,"estimate":"q50","season":"MAM"},{"bfs_id":979,"rcp":"RCP2.6","period":"2060","key":"tas","value":18.6,"estimate":"q50","season":"JJA"},{"bfs_id":979,"rcp":"RCP2.6","period":"2060","key":"tas","value":10.4,"estimate":"q50","season":"SON"},{"bfs_id":979,"rcp":"RCP2.6","period":"2060","key":"tas","value":2.4,"estimate":"q95","season":"DJF"},{"bfs_id":979,"rcp":"RCP2.6","period":"2060","key":"tas","value":9.8,"estimate":"q95","season":"MAM"},{"bfs_id":979,"rcp":"RCP2.6","period":"2060","key":"tas","value":19.1,"estimate":"q95","season":"JJA"},{"bfs_id":979,"rcp":"RCP2.6","period":"2060","key":"tas","value":11.3,"estimate":"q95","season":"SON"},{"bfs_id":979,"rcp":"RCP2.6","period":"2085","key":"tas","value":1.2,"estimate":"q5","season":"DJF"},{"bfs_id":979,"rcp":"RCP2.6","period":"2085","key":"tas","value":8.7,"estimate":"q5","season":"MAM"},{"bfs_id":979,"rcp":"RCP2.6","period":"2085","key":"tas","value":18.1,"estimate":"q5","season":"JJA"},{"bfs_id":979,"rcp":"RCP2.6","period":"2085","key":"tas","value":9.8,"estimate":"q5","season":"SON"},{"bfs_id":979,"rcp":"RCP2.6","period":"2085","key":"tas","value":1.8,"estimate":"q50","season":"DJF"},{"bfs_id":979,"rcp":"RCP2.6","period":"2085","key":"tas","value":9.4,"estimate":"q50","season":"MAM"},{"bfs_id":979,"rcp":"RCP2.6","period":"2085","key":"tas","value":18.4,"estimate":"q50","season":"JJA"},{"bfs_id":979,"rcp":"RCP2.6","period":"2085","key":"tas","value":10.3,"estimate":"q50","season":"SON"},{"bfs_id":979,"rcp":"RCP2.6","period":"2085","key":"tas","value":2.5,"estimate":"q95","season":"DJF"},{"bfs_id":979,"rcp":"RCP2.6","period":"2085","key":"tas","value":9.8,"estimate":"q95","season":"MAM"},{"bfs_id":979,"rcp":"RCP2.6","period":"2085","key":"tas","value":19,"estimate":"q95","season":"JJA"},{"bfs_id":979,"rcp":"RCP2.6","period":"2085","key":"tas","value":11.3,"estimate":"q95","season":"SON"},{"bfs_id":979,"rcp":"RCP8.5","period":"2035","key":"tas","value":1.1,"estimate":"q5","season":"DJF"},{"bfs_id":979,"rcp":"RCP8.5","period":"2035","key":"tas","value":8.9,"estimate":"q5","season":"MAM"},{"bfs_id":979,"rcp":"RCP8.5","period":"2035","key":"tas","value":18.3,"estimate":"q5","season":"JJA"},{"bfs_id":979,"rcp":"RCP8.5","period":"2035","key":"tas","value":10,"estimate":"q5","season":"SON"},{"bfs_id":979,"rcp":"RCP8.5","period":"2035","key":"tas","value":1.9,"estimate":"q50","season":"DJF"},{"bfs_id":979,"rcp":"RCP8.5","period":"2035","key":"tas","value":9.3,"estimate":"q50","season":"MAM"},{"bfs_id":979,"rcp":"RCP8.5","period":"2035","key":"tas","value":18.7,"estimate":"q50","season":"JJA"},{"bfs_id":979,"rcp":"RCP8.5","period":"2035","key":"tas","value":10.6,"estimate":"q50","season":"SON"},{"bfs_id":979,"rcp":"RCP8.5","period":"2035","key":"tas","value":2.3,"estimate":"q95","season":"DJF"},{"bfs_id":979,"rcp":"RCP8.5","period":"2035","key":"tas","value":9.7,"estimate":"q95","season":"MAM"},{"bfs_id":979,"rcp":"RCP8.5","period":"2035","key":"tas","value":19.2,"estimate":"q95","season":"JJA"},{"bfs_id":979,"rcp":"RCP8.5","period":"2035","key":"tas","value":11.3,"estimate":"q95","season":"SON"},{"bfs_id":979,"rcp":"RCP8.5","period":"2060","key":"tas","value":2.3,"estimate":"q5","season":"DJF"},{"bfs_id":979,"rcp":"RCP8.5","period":"2060","key":"tas","value":9.7,"estimate":"q5","season":"MAM"},{"bfs_id":979,"rcp":"RCP8.5","period":"2060","key":"tas","value":19.3,"estimate":"q5","season":"JJA"},{"bfs_id":979,"rcp":"RCP8.5","period":"2060","key":"tas","value":11.1,"estimate":"q5","season":"SON"},{"bfs_id":979,"rcp":"RCP8.5","period":"2060","key":"tas","value":2.7,"estimate":"q50","season":"DJF"},{"bfs_id":979,"rcp":"RCP8.5","period":"2060","key":"tas","value":10.2,"estimate":"q50","season":"MAM"},{"bfs_id":979,"rcp":"RCP8.5","period":"2060","key":"tas","value":19.8,"estimate":"q50","season":"JJA"},{"bfs_id":979,"rcp":"RCP8.5","period":"2060","key":"tas","value":11.7,"estimate":"q50","season":"SON"},{"bfs_id":979,"rcp":"RCP8.5","period":"2060","key":"tas","value":3.4,"estimate":"q95","season":"DJF"},{"bfs_id":979,"rcp":"RCP8.5","period":"2060","key":"tas","value":10.7,"estimate":"q95","season":"MAM"},{"bfs_id":979,"rcp":"RCP8.5","period":"2060","key":"tas","value":20.8,"estimate":"q95","season":"JJA"},{"bfs_id":979,"rcp":"RCP8.5","period":"2060","key":"tas","value":12.6,"estimate":"q95","season":"SON"},{"bfs_id":979,"rcp":"RCP8.5","period":"2085","key":"tas","value":3.4,"estimate":"q5","season":"DJF"},{"bfs_id":979,"rcp":"RCP8.5","period":"2085","key":"tas","value":10.8,"estimate":"q5","season":"MAM"},{"bfs_id":979,"rcp":"RCP8.5","period":"2085","key":"tas","value":20.6,"estimate":"q5","season":"JJA"},{"bfs_id":979,"rcp":"RCP8.5","period":"2085","key":"tas","value":12.1,"estimate":"q5","season":"SON"},{"bfs_id":979,"rcp":"RCP8.5","period":"2085","key":"tas","value":4.4,"estimate":"q50","season":"DJF"},{"bfs_id":979,"rcp":"RCP8.5","period":"2085","key":"tas","value":11.5,"estimate":"q50","season":"MAM"},{"bfs_id":979,"rcp":"RCP8.5","period":"2085","key":"tas","value":21.3,"estimate":"q50","season":"JJA"},{"bfs_id":979,"rcp":"RCP8.5","period":"2085","key":"tas","value":13.1,"estimate":"q50","season":"SON"},{"bfs_id":979,"rcp":"RCP8.5","period":"2085","key":"tas","value":5.1,"estimate":"q95","season":"DJF"},{"bfs_id":979,"rcp":"RCP8.5","period":"2085","key":"tas","value":12.5,"estimate":"q95","season":"MAM"},{"bfs_id":979,"rcp":"RCP8.5","period":"2085","key":"tas","value":23.5,"estimate":"q95","season":"JJA"},{"bfs_id":979,"rcp":"RCP8.5","period":"2085","key":"tas","value":14.7,"estimate":"q95","season":"SON"},{"bfs_id":979,"rcp":"obs","period":"1981-2010","key":"FD","value":96,"estimate":"yearly_mean"},{"bfs_id":979,"rcp":"obs","period":"1981-2010","key":"HD","value":7.8,"estimate":"yearly_mean"},{"bfs_id":979,"rcp":"obs","period":"1981-2010","key":"ID","value":21.9,"estimate":"yearly_mean"},{"bfs_id":979,"rcp":"obs","period":"1981-2010","key":"SD","value":44.9,"estimate":"yearly_mean"},{"bfs_id":979,"rcp":"obs","period":"1981-2010","key":"snowdays","value":21.5,"estimate":"yearly_mean"},{"bfs_id":979,"rcp":"obs","period":"1981-2010","key":"TN","value":0,"estimate":"yearly_mean"},{"bfs_id":979,"rcp":"obs","period":"1981-2010","key":"pr","value":2.8,"estimate":"mean","season":"DJF"},{"bfs_id":979,"rcp":"obs","period":"1981-2010","key":"pr","value":3,"estimate":"mean","season":"MAM"},{"bfs_id":979,"rcp":"obs","period":"1981-2010","key":"pr","value":3.7,"estimate":"mean","season":"JJA"},{"bfs_id":979,"rcp":"obs","period":"1981-2010","key":"pr","value":3,"estimate":"mean","season":"SON"},{"bfs_id":979,"rcp":"obs","period":"1981-2010","key":"tas","value":0.4,"estimate":"mean","season":"DJF"},{"bfs_id":979,"rcp":"obs","period":"1981-2010","key":"tas","value":8.6,"estimate":"mean","season":"MAM"},{"bfs_id":979,"rcp":"obs","period":"1981-2010","key":"tas","value":17.4,"estimate":"mean","season":"JJA"},{"bfs_id":979,"rcp":"obs","period":"1981-2010","key":"tas","value":9.1,"estimate":"mean","season":"SON"}]
