[{"bfs_id":13,"rcp":"RCP2.6","period":"2035","key":"FD","value":57.7,"estimate":"q5"},{"bfs_id":13,"rcp":"RCP2.6","period":"2035","key":"FD","value":68.7,"estimate":"q50"},{"bfs_id":13,"rcp":"RCP2.6","period":"2035","key":"FD","value":74.8,"estimate":"q95"},{"bfs_id":13,"rcp":"RCP2.6","period":"2060","key":"FD","value":56.1,"estimate":"q5"},{"bfs_id":13,"rcp":"RCP2.6","period":"2060","key":"FD","value":65.4,"estimate":"q50"},{"bfs_id":13,"rcp":"RCP2.6","period":"2060","key":"FD","value":71.4,"estimate":"q95"},{"bfs_id":13,"rcp":"RCP2.6","period":"2085","key":"FD","value":56.4,"estimate":"q5"},{"bfs_id":13,"rcp":"RCP2.6","period":"2085","key":"FD","value":66.6,"estimate":"q50"},{"bfs_id":13,"rcp":"RCP2.6","period":"2085","key":"FD","value":73,"estimate":"q95"},{"bfs_id":13,"rcp":"RCP8.5","period":"2035","key":"FD","value":53.7,"estimate":"q5"},{"bfs_id":13,"rcp":"RCP8.5","period":"2035","key":"FD","value":64.6,"estimate":"q50"},{"bfs_id":13,"rcp":"RCP8.5","period":"2035","key":"FD","value":70.7,"estimate":"q95"},{"bfs_id":13,"rcp":"RCP8.5","period":"2060","key":"FD","value":43.8,"estimate":"q5"},{"bfs_id":13,"rcp":"RCP8.5","period":"2060","key":"FD","value":51.9,"estimate":"q50"},{"bfs_id":13,"rcp":"RCP8.5","period":"2060","key":"FD","value":58.3,"estimate":"q95"},{"bfs_id":13,"rcp":"RCP8.5","period":"2085","key":"FD","value":26.5,"estimate":"q5"},{"bfs_id":13,"rcp":"RCP8.5","period":"2085","key":"FD","value":32.3,"estimate":"q50"},{"bfs_id":13,"rcp":"RCP8.5","period":"2085","key":"FD","value":41.5,"estimate":"q95"},{"bfs_id":13,"rcp":"RCP2.6","period":"2035","key":"HD","value":9.4,"estimate":"q5"},{"bfs_id":13,"rcp":"RCP2.6","period":"2035","key":"HD","value":12,"estimate":"q50"},{"bfs_id":13,"rcp":"RCP2.6","period":"2035","key":"HD","value":17.5,"estimate":"q95"},{"bfs_id":13,"rcp":"RCP2.6","period":"2060","key":"HD","value":9.8,"estimate":"q5"},{"bfs_id":13,"rcp":"RCP2.6","period":"2060","key":"HD","value":12.5,"estimate":"q50"},{"bfs_id":13,"rcp":"RCP2.6","period":"2060","key":"HD","value":19.8,"estimate":"q95"},{"bfs_id":13,"rcp":"RCP2.6","period":"2085","key":"HD","value":10,"estimate":"q5"},{"bfs_id":13,"rcp":"RCP2.6","period":"2085","key":"HD","value":11.7,"estimate":"q50"},{"bfs_id":13,"rcp":"RCP2.6","period":"2085","key":"HD","value":19.2,"estimate":"q95"},{"bfs_id":13,"rcp":"RCP8.5","period":"2035","key":"HD","value":10,"estimate":"q5"},{"bfs_id":13,"rcp":"RCP8.5","period":"2035","key":"HD","value":12.9,"estimate":"q50"},{"bfs_id":13,"rcp":"RCP8.5","period":"2035","key":"HD","value":19.9,"estimate":"q95"},{"bfs_id":13,"rcp":"RCP8.5","period":"2060","key":"HD","value":16.1,"estimate":"q5"},{"bfs_id":13,"rcp":"RCP8.5","period":"2060","key":"HD","value":22.9,"estimate":"q50"},{"bfs_id":13,"rcp":"RCP8.5","period":"2060","key":"HD","value":34.4,"estimate":"q95"},{"bfs_id":13,"rcp":"RCP8.5","period":"2085","key":"HD","value":29.2,"estimate":"q5"},{"bfs_id":13,"rcp":"RCP8.5","period":"2085","key":"HD","value":34.1,"estimate":"q50"},{"bfs_id":13,"rcp":"RCP8.5","period":"2085","key":"HD","value":60.9,"estimate":"q95"},{"bfs_id":13,"rcp":"RCP2.6","period":"2035","key":"ID","value":11.3,"estimate":"q5"},{"bfs_id":13,"rcp":"RCP2.6","period":"2035","key":"ID","value":15.6,"estimate":"q50"},{"bfs_id":13,"rcp":"RCP2.6","period":"2035","key":"ID","value":19.9,"estimate":"q95"},{"bfs_id":13,"rcp":"RCP2.6","period":"2060","key":"ID","value":11,"estimate":"q5"},{"bfs_id":13,"rcp":"RCP2.6","period":"2060","key":"ID","value":15.6,"estimate":"q50"},{"bfs_id":13,"rcp":"RCP2.6","period":"2060","key":"ID","value":18.9,"estimate":"q95"},{"bfs_id":13,"rcp":"RCP2.6","period":"2085","key":"ID","value":11.4,"estimate":"q5"},{"bfs_id":13,"rcp":"RCP2.6","period":"2085","key":"ID","value":14.5,"estimate":"q50"},{"bfs_id":13,"rcp":"RCP2.6","period":"2085","key":"ID","value":17.9,"estimate":"q95"},{"bfs_id":13,"rcp":"RCP8.5","period":"2035","key":"ID","value":11.2,"estimate":"q5"},{"bfs_id":13,"rcp":"RCP8.5","period":"2035","key":"ID","value":14.2,"estimate":"q50"},{"bfs_id":13,"rcp":"RCP8.5","period":"2035","key":"ID","value":19.1,"estimate":"q95"},{"bfs_id":13,"rcp":"RCP8.5","period":"2060","key":"ID","value":7.2,"estimate":"q5"},{"bfs_id":13,"rcp":"RCP8.5","period":"2060","key":"ID","value":10.6,"estimate":"q50"},{"bfs_id":13,"rcp":"RCP8.5","period":"2060","key":"ID","value":13.3,"estimate":"q95"},{"bfs_id":13,"rcp":"RCP8.5","period":"2085","key":"ID","value":1.9,"estimate":"q5"},{"bfs_id":13,"rcp":"RCP8.5","period":"2085","key":"ID","value":4.8,"estimate":"q50"},{"bfs_id":13,"rcp":"RCP8.5","period":"2085","key":"ID","value":7.6,"estimate":"q95"},{"bfs_id":13,"rcp":"RCP2.6","period":"2035","key":"SD","value":48.8,"estimate":"q5"},{"bfs_id":13,"rcp":"RCP2.6","period":"2035","key":"SD","value":54.1,"estimate":"q50"},{"bfs_id":13,"rcp":"RCP2.6","period":"2035","key":"SD","value":62.1,"estimate":"q95"},{"bfs_id":13,"rcp":"RCP2.6","period":"2060","key":"SD","value":49.3,"estimate":"q5"},{"bfs_id":13,"rcp":"RCP2.6","period":"2060","key":"SD","value":55.4,"estimate":"q50"},{"bfs_id":13,"rcp":"RCP2.6","period":"2060","key":"SD","value":61.7,"estimate":"q95"},{"bfs_id":13,"rcp":"RCP2.6","period":"2085","key":"SD","value":48.6,"estimate":"q5"},{"bfs_id":13,"rcp":"RCP2.6","period":"2085","key":"SD","value":56.3,"estimate":"q50"},{"bfs_id":13,"rcp":"RCP2.6","period":"2085","key":"SD","value":62.5,"estimate":"q95"},{"bfs_id":13,"rcp":"RCP8.5","period":"2035","key":"SD","value":51.4,"estimate":"q5"},{"bfs_id":13,"rcp":"RCP8.5","period":"2035","key":"SD","value":57,"estimate":"q50"},{"bfs_id":13,"rcp":"RCP8.5","period":"2035","key":"SD","value":62.7,"estimate":"q95"},{"bfs_id":13,"rcp":"RCP8.5","period":"2060","key":"SD","value":66.2,"estimate":"q5"},{"bfs_id":13,"rcp":"RCP8.5","period":"2060","key":"SD","value":71.7,"estimate":"q50"},{"bfs_id":13,"rcp":"RCP8.5","period":"2060","key":"SD","value":87,"estimate":"q95"},{"bfs_id":13,"rcp":"RCP8.5","period":"2085","key":"SD","value":81.1,"estimate":"q5"},{"bfs_id":13,"rcp":"RCP8.5","period":"2085","key":"SD","value":93.7,"estimate":"q50"},{"bfs_id":13,"rcp":"RCP8.5","period":"2085","key":"SD","value":112.5,"estimate":"q95"},{"bfs_id":13,"rcp":"RCP2.6","period":"2035","key":"snowdays","value":12.1,"estimate":"q5"},{"bfs_id":13,"rcp":"RCP2.6","period":"2035","key":"snowdays","value":17.2,"estimate":"q50"},{"bfs_id":13,"rcp":"RCP2.6","period":"2035","key":"snowdays","value":19.3,"estimate":"q95"},{"bfs_id":13,"rcp":"RCP2.6","period":"2060","key":"snowdays","value":11.1,"estimate":"q5"},{"bfs_id":13,"rcp":"RCP2.6","period":"2060","key":"snowdays","value":16.5,"estimate":"q50"},{"bfs_id":13,"rcp":"RCP2.6","period":"2060","key":"snowdays","value":18.6,"estimate":"q95"},{"bfs_id":13,"rcp":"RCP2.6","period":"2085","key":"snowdays","value":11,"estimate":"q5"},{"bfs_id":13,"rcp":"RCP2.6","period":"2085","key":"snowdays","value":16.1,"estimate":"q50"},{"bfs_id":13,"rcp":"RCP2.6","period":"2085","key":"snowdays","value":19,"estimate":"q95"},{"bfs_id":13,"rcp":"RCP8.5","period":"2035","key":"snowdays","value":10.6,"estimate":"q5"},{"bfs_id":13,"rcp":"RCP8.5","period":"2035","key":"snowdays","value":16,"estimate":"q50"},{"bfs_id":13,"rcp":"RCP8.5","period":"2035","key":"snowdays","value":18.5,"estimate":"q95"},{"bfs_id":13,"rcp":"RCP8.5","period":"2060","key":"snowdays","value":7.8,"estimate":"q5"},{"bfs_id":13,"rcp":"RCP8.5","period":"2060","key":"snowdays","value":12.3,"estimate":"q50"},{"bfs_id":13,"rcp":"RCP8.5","period":"2060","key":"snowdays","value":15.1,"estimate":"q95"},{"bfs_id":13,"rcp":"RCP8.5","period":"2085","key":"snowdays","value":3,"estimate":"q5"},{"bfs_id":13,"rcp":"RCP8.5","period":"2085","key":"snowdays","value":6.9,"estimate":"q50"},{"bfs_id":13,"rcp":"RCP8.5","period":"2085","key":"snowdays","value":9.5,"estimate":"q95"},{"bfs_id":13,"rcp":"RCP2.6","period":"2035","key":"TN","value":0.2,"estimate":"q5"},{"bfs_id":13,"rcp":"RCP2.6","period":"2035","key":"TN","value":0.6,"estimate":"q50"},{"bfs_id":13,"rcp":"RCP2.6","period":"2035","key":"TN","value":1.5,"estimate":"q95"},{"bfs_id":13,"rcp":"RCP2.6","period":"2060","key":"TN","value":0.3,"estimate":"q5"},{"bfs_id":13,"rcp":"RCP2.6","period":"2060","key":"TN","value":0.8,"estimate":"q50"},{"bfs_id":13,"rcp":"RCP2.6","period":"2060","key":"TN","value":1.9,"estimate":"q95"},{"bfs_id":13,"rcp":"RCP2.6","period":"2085","key":"TN","value":0.3,"estimate":"q5"},{"bfs_id":13,"rcp":"RCP2.6","period":"2085","key":"TN","value":0.9,"estimate":"q50"},{"bfs_id":13,"rcp":"RCP2.6","period":"2085","key":"TN","value":1.5,"estimate":"q95"},{"bfs_id":13,"rcp":"RCP8.5","period":"2035","key":"TN","value":0.4,"estimate":"q5"},{"bfs_id":13,"rcp":"RCP8.5","period":"2035","key":"TN","value":0.9,"estimate":"q50"},{"bfs_id":13,"rcp":"RCP8.5","period":"2035","key":"TN","value":2.8,"estimate":"q95"},{"bfs_id":13,"rcp":"RCP8.5","period":"2060","key":"TN","value":1.9,"estimate":"q5"},{"bfs_id":13,"rcp":"RCP8.5","period":"2060","key":"TN","value":3.8,"estimate":"q50"},{"bfs_id":13,"rcp":"RCP8.5","period":"2060","key":"TN","value":8.5,"estimate":"q95"},{"bfs_id":13,"rcp":"RCP8.5","period":"2085","key":"TN","value":7.4,"estimate":"q5"},{"bfs_id":13,"rcp":"RCP8.5","period":"2085","key":"TN","value":11.9,"estimate":"q50"},{"bfs_id":13,"rcp":"RCP8.5","period":"2085","key":"TN","value":27.9,"estimate":"q95"},{"bfs_id":13,"rcp":"RCP2.6","period":"2035","key":"pr","value":2.3,"estimate":"q5","season":"DJF"},{"bfs_id":13,"rcp":"RCP2.6","period":"2035","key":"pr","value":3,"estimate":"q5","season":"MAM"},{"bfs_id":13,"rcp":"RCP2.6","period":"2035","key":"pr","value":3.7,"estimate":"q5","season":"JJA"},{"bfs_id":13,"rcp":"RCP2.6","period":"2035","key":"pr","value":2.6,"estimate":"q5","season":"SON"},{"bfs_id":13,"rcp":"RCP2.6","period":"2035","key":"pr","value":2.7,"estimate":"q50","season":"DJF"},{"bfs_id":13,"rcp":"RCP2.6","period":"2035","key":"pr","value":3.4,"estimate":"q50","season":"MAM"},{"bfs_id":13,"rcp":"RCP2.6","period":"2035","key":"pr","value":4.1,"estimate":"q50","season":"JJA"},{"bfs_id":13,"rcp":"RCP2.6","period":"2035","key":"pr","value":2.9,"estimate":"q50","season":"SON"},{"bfs_id":13,"rcp":"RCP2.6","period":"2035","key":"pr","value":3.1,"estimate":"q95","season":"DJF"},{"bfs_id":13,"rcp":"RCP2.6","period":"2035","key":"pr","value":3.7,"estimate":"q95","season":"MAM"},{"bfs_id":13,"rcp":"RCP2.6","period":"2035","key":"pr","value":4.6,"estimate":"q95","season":"JJA"},{"bfs_id":13,"rcp":"RCP2.6","period":"2035","key":"pr","value":3.6,"estimate":"q95","season":"SON"},{"bfs_id":13,"rcp":"RCP2.6","period":"2060","key":"pr","value":2.3,"estimate":"q5","season":"DJF"},{"bfs_id":13,"rcp":"RCP2.6","period":"2060","key":"pr","value":3.1,"estimate":"q5","season":"MAM"},{"bfs_id":13,"rcp":"RCP2.6","period":"2060","key":"pr","value":3.6,"estimate":"q5","season":"JJA"},{"bfs_id":13,"rcp":"RCP2.6","period":"2060","key":"pr","value":2.7,"estimate":"q5","season":"SON"},{"bfs_id":13,"rcp":"RCP2.6","period":"2060","key":"pr","value":2.6,"estimate":"q50","season":"DJF"},{"bfs_id":13,"rcp":"RCP2.6","period":"2060","key":"pr","value":3.4,"estimate":"q50","season":"MAM"},{"bfs_id":13,"rcp":"RCP2.6","period":"2060","key":"pr","value":4.1,"estimate":"q50","season":"JJA"},{"bfs_id":13,"rcp":"RCP2.6","period":"2060","key":"pr","value":3,"estimate":"q50","season":"SON"},{"bfs_id":13,"rcp":"RCP2.6","period":"2060","key":"pr","value":2.9,"estimate":"q95","season":"DJF"},{"bfs_id":13,"rcp":"RCP2.6","period":"2060","key":"pr","value":3.6,"estimate":"q95","season":"MAM"},{"bfs_id":13,"rcp":"RCP2.6","period":"2060","key":"pr","value":4.7,"estimate":"q95","season":"JJA"},{"bfs_id":13,"rcp":"RCP2.6","period":"2060","key":"pr","value":3.4,"estimate":"q95","season":"SON"},{"bfs_id":13,"rcp":"RCP2.6","period":"2085","key":"pr","value":2.3,"estimate":"q5","season":"DJF"},{"bfs_id":13,"rcp":"RCP2.6","period":"2085","key":"pr","value":3,"estimate":"q5","season":"MAM"},{"bfs_id":13,"rcp":"RCP2.6","period":"2085","key":"pr","value":3.6,"estimate":"q5","season":"JJA"},{"bfs_id":13,"rcp":"RCP2.6","period":"2085","key":"pr","value":2.6,"estimate":"q5","season":"SON"},{"bfs_id":13,"rcp":"RCP2.6","period":"2085","key":"pr","value":2.6,"estimate":"q50","season":"DJF"},{"bfs_id":13,"rcp":"RCP2.6","period":"2085","key":"pr","value":3.3,"estimate":"q50","season":"MAM"},{"bfs_id":13,"rcp":"RCP2.6","period":"2085","key":"pr","value":4.1,"estimate":"q50","season":"JJA"},{"bfs_id":13,"rcp":"RCP2.6","period":"2085","key":"pr","value":2.9,"estimate":"q50","season":"SON"},{"bfs_id":13,"rcp":"RCP2.6","period":"2085","key":"pr","value":3,"estimate":"q95","season":"DJF"},{"bfs_id":13,"rcp":"RCP2.6","period":"2085","key":"pr","value":3.7,"estimate":"q95","season":"MAM"},{"bfs_id":13,"rcp":"RCP2.6","period":"2085","key":"pr","value":4.7,"estimate":"q95","season":"JJA"},{"bfs_id":13,"rcp":"RCP2.6","period":"2085","key":"pr","value":3.4,"estimate":"q95","season":"SON"},{"bfs_id":13,"rcp":"RCP8.5","period":"2035","key":"pr","value":2.4,"estimate":"q5","season":"DJF"},{"bfs_id":13,"rcp":"RCP8.5","period":"2035","key":"pr","value":3.1,"estimate":"q5","season":"MAM"},{"bfs_id":13,"rcp":"RCP8.5","period":"2035","key":"pr","value":3.6,"estimate":"q5","season":"JJA"},{"bfs_id":13,"rcp":"RCP8.5","period":"2035","key":"pr","value":2.7,"estimate":"q5","season":"SON"},{"bfs_id":13,"rcp":"RCP8.5","period":"2035","key":"pr","value":2.7,"estimate":"q50","season":"DJF"},{"bfs_id":13,"rcp":"RCP8.5","period":"2035","key":"pr","value":3.4,"estimate":"q50","season":"MAM"},{"bfs_id":13,"rcp":"RCP8.5","period":"2035","key":"pr","value":4.2,"estimate":"q50","season":"JJA"},{"bfs_id":13,"rcp":"RCP8.5","period":"2035","key":"pr","value":3.1,"estimate":"q50","season":"SON"},{"bfs_id":13,"rcp":"RCP8.5","period":"2035","key":"pr","value":3,"estimate":"q95","season":"DJF"},{"bfs_id":13,"rcp":"RCP8.5","period":"2035","key":"pr","value":3.7,"estimate":"q95","season":"MAM"},{"bfs_id":13,"rcp":"RCP8.5","period":"2035","key":"pr","value":4.6,"estimate":"q95","season":"JJA"},{"bfs_id":13,"rcp":"RCP8.5","period":"2035","key":"pr","value":3.5,"estimate":"q95","season":"SON"},{"bfs_id":13,"rcp":"RCP8.5","period":"2060","key":"pr","value":2.5,"estimate":"q5","season":"DJF"},{"bfs_id":13,"rcp":"RCP8.5","period":"2060","key":"pr","value":3.3,"estimate":"q5","season":"MAM"},{"bfs_id":13,"rcp":"RCP8.5","period":"2060","key":"pr","value":3,"estimate":"q5","season":"JJA"},{"bfs_id":13,"rcp":"RCP8.5","period":"2060","key":"pr","value":2.6,"estimate":"q5","season":"SON"},{"bfs_id":13,"rcp":"RCP8.5","period":"2060","key":"pr","value":2.8,"estimate":"q50","season":"DJF"},{"bfs_id":13,"rcp":"RCP8.5","period":"2060","key":"pr","value":3.6,"estimate":"q50","season":"MAM"},{"bfs_id":13,"rcp":"RCP8.5","period":"2060","key":"pr","value":4,"estimate":"q50","season":"JJA"},{"bfs_id":13,"rcp":"RCP8.5","period":"2060","key":"pr","value":3,"estimate":"q50","season":"SON"},{"bfs_id":13,"rcp":"RCP8.5","period":"2060","key":"pr","value":3.1,"estimate":"q95","season":"DJF"},{"bfs_id":13,"rcp":"RCP8.5","period":"2060","key":"pr","value":4,"estimate":"q95","season":"MAM"},{"bfs_id":13,"rcp":"RCP8.5","period":"2060","key":"pr","value":4.4,"estimate":"q95","season":"JJA"},{"bfs_id":13,"rcp":"RCP8.5","period":"2060","key":"pr","value":3.4,"estimate":"q95","season":"SON"},{"bfs_id":13,"rcp":"RCP8.5","period":"2085","key":"pr","value":2.8,"estimate":"q5","season":"DJF"},{"bfs_id":13,"rcp":"RCP8.5","period":"2085","key":"pr","value":3.4,"estimate":"q5","season":"MAM"},{"bfs_id":13,"rcp":"RCP8.5","period":"2085","key":"pr","value":2.7,"estimate":"q5","season":"JJA"},{"bfs_id":13,"rcp":"RCP8.5","period":"2085","key":"pr","value":2.4,"estimate":"q5","season":"SON"},{"bfs_id":13,"rcp":"RCP8.5","period":"2085","key":"pr","value":3,"estimate":"q50","season":"DJF"},{"bfs_id":13,"rcp":"RCP8.5","period":"2085","key":"pr","value":3.7,"estimate":"q50","season":"MAM"},{"bfs_id":13,"rcp":"RCP8.5","period":"2085","key":"pr","value":3.5,"estimate":"q50","season":"JJA"},{"bfs_id":13,"rcp":"RCP8.5","period":"2085","key":"pr","value":3,"estimate":"q50","season":"SON"},{"bfs_id":13,"rcp":"RCP8.5","period":"2085","key":"pr","value":3.4,"estimate":"q95","season":"DJF"},{"bfs_id":13,"rcp":"RCP8.5","period":"2085","key":"pr","value":4.1,"estimate":"q95","season":"MAM"},{"bfs_id":13,"rcp":"RCP8.5","period":"2085","key":"pr","value":4.1,"estimate":"q95","season":"JJA"},{"bfs_id":13,"rcp":"RCP8.5","period":"2085","key":"pr","value":3.7,"estimate":"q95","season":"SON"},{"bfs_id":13,"rcp":"RCP2.6","period":"2035","key":"tas","value":1.6,"estimate":"q5","season":"DJF"},{"bfs_id":13,"rcp":"RCP2.6","period":"2035","key":"tas","value":9.3,"estimate":"q5","season":"MAM"},{"bfs_id":13,"rcp":"RCP2.6","period":"2035","key":"tas","value":18.4,"estimate":"q5","season":"JJA"},{"bfs_id":13,"rcp":"RCP2.6","period":"2035","key":"tas","value":10.2,"estimate":"q5","season":"SON"},{"bfs_id":13,"rcp":"RCP2.6","period":"2035","key":"tas","value":2.2,"estimate":"q50","season":"DJF"},{"bfs_id":13,"rcp":"RCP2.6","period":"2035","key":"tas","value":9.9,"estimate":"q50","season":"MAM"},{"bfs_id":13,"rcp":"RCP2.6","period":"2035","key":"tas","value":19,"estimate":"q50","season":"JJA"},{"bfs_id":13,"rcp":"RCP2.6","period":"2035","key":"tas","value":10.5,"estimate":"q50","season":"SON"},{"bfs_id":13,"rcp":"RCP2.6","period":"2035","key":"tas","value":3,"estimate":"q95","season":"DJF"},{"bfs_id":13,"rcp":"RCP2.6","period":"2035","key":"tas","value":10.2,"estimate":"q95","season":"MAM"},{"bfs_id":13,"rcp":"RCP2.6","period":"2035","key":"tas","value":19.6,"estimate":"q95","season":"JJA"},{"bfs_id":13,"rcp":"RCP2.6","period":"2035","key":"tas","value":11.5,"estimate":"q95","season":"SON"},{"bfs_id":13,"rcp":"RCP2.6","period":"2060","key":"tas","value":1.7,"estimate":"q5","season":"DJF"},{"bfs_id":13,"rcp":"RCP2.6","period":"2060","key":"tas","value":9.2,"estimate":"q5","season":"MAM"},{"bfs_id":13,"rcp":"RCP2.6","period":"2060","key":"tas","value":18.6,"estimate":"q5","season":"JJA"},{"bfs_id":13,"rcp":"RCP2.6","period":"2060","key":"tas","value":10.5,"estimate":"q5","season":"SON"},{"bfs_id":13,"rcp":"RCP2.6","period":"2060","key":"tas","value":2.5,"estimate":"q50","season":"DJF"},{"bfs_id":13,"rcp":"RCP2.6","period":"2060","key":"tas","value":9.9,"estimate":"q50","season":"MAM"},{"bfs_id":13,"rcp":"RCP2.6","period":"2060","key":"tas","value":19.1,"estimate":"q50","season":"JJA"},{"bfs_id":13,"rcp":"RCP2.6","period":"2060","key":"tas","value":10.8,"estimate":"q50","season":"SON"},{"bfs_id":13,"rcp":"RCP2.6","period":"2060","key":"tas","value":3.1,"estimate":"q95","season":"DJF"},{"bfs_id":13,"rcp":"RCP2.6","period":"2060","key":"tas","value":10.4,"estimate":"q95","season":"MAM"},{"bfs_id":13,"rcp":"RCP2.6","period":"2060","key":"tas","value":19.7,"estimate":"q95","season":"JJA"},{"bfs_id":13,"rcp":"RCP2.6","period":"2060","key":"tas","value":11.8,"estimate":"q95","season":"SON"},{"bfs_id":13,"rcp":"RCP2.6","period":"2085","key":"tas","value":1.8,"estimate":"q5","season":"DJF"},{"bfs_id":13,"rcp":"RCP2.6","period":"2085","key":"tas","value":9.3,"estimate":"q5","season":"MAM"},{"bfs_id":13,"rcp":"RCP2.6","period":"2085","key":"tas","value":18.6,"estimate":"q5","season":"JJA"},{"bfs_id":13,"rcp":"RCP2.6","period":"2085","key":"tas","value":10.2,"estimate":"q5","season":"SON"},{"bfs_id":13,"rcp":"RCP2.6","period":"2085","key":"tas","value":2.5,"estimate":"q50","season":"DJF"},{"bfs_id":13,"rcp":"RCP2.6","period":"2085","key":"tas","value":10,"estimate":"q50","season":"MAM"},{"bfs_id":13,"rcp":"RCP2.6","period":"2085","key":"tas","value":19.1,"estimate":"q50","season":"JJA"},{"bfs_id":13,"rcp":"RCP2.6","period":"2085","key":"tas","value":10.7,"estimate":"q50","season":"SON"},{"bfs_id":13,"rcp":"RCP2.6","period":"2085","key":"tas","value":3.1,"estimate":"q95","season":"DJF"},{"bfs_id":13,"rcp":"RCP2.6","period":"2085","key":"tas","value":10.4,"estimate":"q95","season":"MAM"},{"bfs_id":13,"rcp":"RCP2.6","period":"2085","key":"tas","value":19.6,"estimate":"q95","season":"JJA"},{"bfs_id":13,"rcp":"RCP2.6","period":"2085","key":"tas","value":11.8,"estimate":"q95","season":"SON"},{"bfs_id":13,"rcp":"RCP8.5","period":"2035","key":"tas","value":1.6,"estimate":"q5","season":"DJF"},{"bfs_id":13,"rcp":"RCP8.5","period":"2035","key":"tas","value":9.5,"estimate":"q5","season":"MAM"},{"bfs_id":13,"rcp":"RCP8.5","period":"2035","key":"tas","value":18.9,"estimate":"q5","season":"JJA"},{"bfs_id":13,"rcp":"RCP8.5","period":"2035","key":"tas","value":10.5,"estimate":"q5","season":"SON"},{"bfs_id":13,"rcp":"RCP8.5","period":"2035","key":"tas","value":2.5,"estimate":"q50","season":"DJF"},{"bfs_id":13,"rcp":"RCP8.5","period":"2035","key":"tas","value":9.9,"estimate":"q50","season":"MAM"},{"bfs_id":13,"rcp":"RCP8.5","period":"2035","key":"tas","value":19.2,"estimate":"q50","season":"JJA"},{"bfs_id":13,"rcp":"RCP8.5","period":"2035","key":"tas","value":11,"estimate":"q50","season":"SON"},{"bfs_id":13,"rcp":"RCP8.5","period":"2035","key":"tas","value":3,"estimate":"q95","season":"DJF"},{"bfs_id":13,"rcp":"RCP8.5","period":"2035","key":"tas","value":10.3,"estimate":"q95","season":"MAM"},{"bfs_id":13,"rcp":"RCP8.5","period":"2035","key":"tas","value":19.8,"estimate":"q95","season":"JJA"},{"bfs_id":13,"rcp":"RCP8.5","period":"2035","key":"tas","value":11.8,"estimate":"q95","season":"SON"},{"bfs_id":13,"rcp":"RCP8.5","period":"2060","key":"tas","value":3,"estimate":"q5","season":"DJF"},{"bfs_id":13,"rcp":"RCP8.5","period":"2060","key":"tas","value":10.3,"estimate":"q5","season":"MAM"},{"bfs_id":13,"rcp":"RCP8.5","period":"2060","key":"tas","value":19.9,"estimate":"q5","season":"JJA"},{"bfs_id":13,"rcp":"RCP8.5","period":"2060","key":"tas","value":11.6,"estimate":"q5","season":"SON"},{"bfs_id":13,"rcp":"RCP8.5","period":"2060","key":"tas","value":3.3,"estimate":"q50","season":"DJF"},{"bfs_id":13,"rcp":"RCP8.5","period":"2060","key":"tas","value":10.8,"estimate":"q50","season":"MAM"},{"bfs_id":13,"rcp":"RCP8.5","period":"2060","key":"tas","value":20.5,"estimate":"q50","season":"JJA"},{"bfs_id":13,"rcp":"RCP8.5","period":"2060","key":"tas","value":12.1,"estimate":"q50","season":"SON"},{"bfs_id":13,"rcp":"RCP8.5","period":"2060","key":"tas","value":4.1,"estimate":"q95","season":"DJF"},{"bfs_id":13,"rcp":"RCP8.5","period":"2060","key":"tas","value":11.4,"estimate":"q95","season":"MAM"},{"bfs_id":13,"rcp":"RCP8.5","period":"2060","key":"tas","value":21.6,"estimate":"q95","season":"JJA"},{"bfs_id":13,"rcp":"RCP8.5","period":"2060","key":"tas","value":13,"estimate":"q95","season":"SON"},{"bfs_id":13,"rcp":"RCP8.5","period":"2085","key":"tas","value":4.1,"estimate":"q5","season":"DJF"},{"bfs_id":13,"rcp":"RCP8.5","period":"2085","key":"tas","value":11.4,"estimate":"q5","season":"MAM"},{"bfs_id":13,"rcp":"RCP8.5","period":"2085","key":"tas","value":21.2,"estimate":"q5","season":"JJA"},{"bfs_id":13,"rcp":"RCP8.5","period":"2085","key":"tas","value":12.5,"estimate":"q5","season":"SON"},{"bfs_id":13,"rcp":"RCP8.5","period":"2085","key":"tas","value":5.1,"estimate":"q50","season":"DJF"},{"bfs_id":13,"rcp":"RCP8.5","period":"2085","key":"tas","value":12.2,"estimate":"q50","season":"MAM"},{"bfs_id":13,"rcp":"RCP8.5","period":"2085","key":"tas","value":22.1,"estimate":"q50","season":"JJA"},{"bfs_id":13,"rcp":"RCP8.5","period":"2085","key":"tas","value":13.6,"estimate":"q50","season":"SON"},{"bfs_id":13,"rcp":"RCP8.5","period":"2085","key":"tas","value":5.9,"estimate":"q95","season":"DJF"},{"bfs_id":13,"rcp":"RCP8.5","period":"2085","key":"tas","value":13.1,"estimate":"q95","season":"MAM"},{"bfs_id":13,"rcp":"RCP8.5","period":"2085","key":"tas","value":24.2,"estimate":"q95","season":"JJA"},{"bfs_id":13,"rcp":"RCP8.5","period":"2085","key":"tas","value":15.3,"estimate":"q95","season":"SON"},{"bfs_id":13,"rcp":"obs","period":"1981-2010","key":"FD","value":82.6,"estimate":"yearly_mean"},{"bfs_id":13,"rcp":"obs","period":"1981-2010","key":"HD","value":6.6,"estimate":"yearly_mean"},{"bfs_id":13,"rcp":"obs","period":"1981-2010","key":"ID","value":22,"estimate":"yearly_mean"},{"bfs_id":13,"rcp":"obs","period":"1981-2010","key":"SD","value":42.1,"estimate":"yearly_mean"},{"bfs_id":13,"rcp":"obs","period":"1981-2010","key":"snowdays","value":18.4,"estimate":"yearly_mean"},{"bfs_id":13,"rcp":"obs","period":"1981-2010","key":"TN","value":0,"estimate":"yearly_mean"},{"bfs_id":13,"rcp":"obs","period":"1981-2010","key":"pr","value":2.3,"estimate":"mean","season":"DJF"},{"bfs_id":13,"rcp":"obs","period":"1981-2010","key":"pr","value":3.2,"estimate":"mean","season":"MAM"},{"bfs_id":13,"rcp":"obs","period":"1981-2010","key":"pr","value":4.4,"estimate":"mean","season":"JJA"},{"bfs_id":13,"rcp":"obs","period":"1981-2010","key":"pr","value":3,"estimate":"mean","season":"SON"},{"bfs_id":13,"rcp":"obs","period":"1981-2010","key":"tas","value":1,"estimate":"mean","season":"DJF"},{"bfs_id":13,"rcp":"obs","period":"1981-2010","key":"tas","value":9.2,"estimate":"mean","season":"MAM"},{"bfs_id":13,"rcp":"obs","period":"1981-2010","key":"tas","value":17.9,"estimate":"mean","season":"JJA"},{"bfs_id":13,"rcp":"obs","period":"1981-2010","key":"tas","value":9.5,"estimate":"mean","season":"SON"}]
