[{"bfs_id":261,"rcp":"RCP2.6","period":"2035","key":"FD","value":56.8,"estimate":"q5"},{"bfs_id":261,"rcp":"RCP2.6","period":"2035","key":"FD","value":67.2,"estimate":"q50"},{"bfs_id":261,"rcp":"RCP2.6","period":"2035","key":"FD","value":73.4,"estimate":"q95"},{"bfs_id":261,"rcp":"RCP2.6","period":"2060","key":"FD","value":55,"estimate":"q5"},{"bfs_id":261,"rcp":"RCP2.6","period":"2060","key":"FD","value":64.7,"estimate":"q50"},{"bfs_id":261,"rcp":"RCP2.6","period":"2060","key":"FD","value":70.4,"estimate":"q95"},{"bfs_id":261,"rcp":"RCP2.6","period":"2085","key":"FD","value":56,"estimate":"q5"},{"bfs_id":261,"rcp":"RCP2.6","period":"2085","key":"FD","value":65.3,"estimate":"q50"},{"bfs_id":261,"rcp":"RCP2.6","period":"2085","key":"FD","value":71.5,"estimate":"q95"},{"bfs_id":261,"rcp":"RCP8.5","period":"2035","key":"FD","value":52.6,"estimate":"q5"},{"bfs_id":261,"rcp":"RCP8.5","period":"2035","key":"FD","value":63.3,"estimate":"q50"},{"bfs_id":261,"rcp":"RCP8.5","period":"2035","key":"FD","value":69.8,"estimate":"q95"},{"bfs_id":261,"rcp":"RCP8.5","period":"2060","key":"FD","value":43.1,"estimate":"q5"},{"bfs_id":261,"rcp":"RCP8.5","period":"2060","key":"FD","value":50.3,"estimate":"q50"},{"bfs_id":261,"rcp":"RCP8.5","period":"2060","key":"FD","value":57.4,"estimate":"q95"},{"bfs_id":261,"rcp":"RCP8.5","period":"2085","key":"FD","value":25.8,"estimate":"q5"},{"bfs_id":261,"rcp":"RCP8.5","period":"2085","key":"FD","value":30.8,"estimate":"q50"},{"bfs_id":261,"rcp":"RCP8.5","period":"2085","key":"FD","value":40.4,"estimate":"q95"},{"bfs_id":261,"rcp":"RCP2.6","period":"2035","key":"HD","value":11.6,"estimate":"q5"},{"bfs_id":261,"rcp":"RCP2.6","period":"2035","key":"HD","value":14.7,"estimate":"q50"},{"bfs_id":261,"rcp":"RCP2.6","period":"2035","key":"HD","value":20.2,"estimate":"q95"},{"bfs_id":261,"rcp":"RCP2.6","period":"2060","key":"HD","value":12.7,"estimate":"q5"},{"bfs_id":261,"rcp":"RCP2.6","period":"2060","key":"HD","value":15.1,"estimate":"q50"},{"bfs_id":261,"rcp":"RCP2.6","period":"2060","key":"HD","value":22.2,"estimate":"q95"},{"bfs_id":261,"rcp":"RCP2.6","period":"2085","key":"HD","value":12.2,"estimate":"q5"},{"bfs_id":261,"rcp":"RCP2.6","period":"2085","key":"HD","value":14.7,"estimate":"q50"},{"bfs_id":261,"rcp":"RCP2.6","period":"2085","key":"HD","value":21.4,"estimate":"q95"},{"bfs_id":261,"rcp":"RCP8.5","period":"2035","key":"HD","value":12.6,"estimate":"q5"},{"bfs_id":261,"rcp":"RCP8.5","period":"2035","key":"HD","value":16.4,"estimate":"q50"},{"bfs_id":261,"rcp":"RCP8.5","period":"2035","key":"HD","value":23.1,"estimate":"q95"},{"bfs_id":261,"rcp":"RCP8.5","period":"2060","key":"HD","value":19.8,"estimate":"q5"},{"bfs_id":261,"rcp":"RCP8.5","period":"2060","key":"HD","value":26.2,"estimate":"q50"},{"bfs_id":261,"rcp":"RCP8.5","period":"2060","key":"HD","value":38.3,"estimate":"q95"},{"bfs_id":261,"rcp":"RCP8.5","period":"2085","key":"HD","value":33.6,"estimate":"q5"},{"bfs_id":261,"rcp":"RCP8.5","period":"2085","key":"HD","value":39.1,"estimate":"q50"},{"bfs_id":261,"rcp":"RCP8.5","period":"2085","key":"HD","value":64.8,"estimate":"q95"},{"bfs_id":261,"rcp":"RCP2.6","period":"2035","key":"ID","value":9.4,"estimate":"q5"},{"bfs_id":261,"rcp":"RCP2.6","period":"2035","key":"ID","value":13.4,"estimate":"q50"},{"bfs_id":261,"rcp":"RCP2.6","period":"2035","key":"ID","value":17.5,"estimate":"q95"},{"bfs_id":261,"rcp":"RCP2.6","period":"2060","key":"ID","value":9.1,"estimate":"q5"},{"bfs_id":261,"rcp":"RCP2.6","period":"2060","key":"ID","value":13.7,"estimate":"q50"},{"bfs_id":261,"rcp":"RCP2.6","period":"2060","key":"ID","value":16.5,"estimate":"q95"},{"bfs_id":261,"rcp":"RCP2.6","period":"2085","key":"ID","value":9.8,"estimate":"q5"},{"bfs_id":261,"rcp":"RCP2.6","period":"2085","key":"ID","value":12.3,"estimate":"q50"},{"bfs_id":261,"rcp":"RCP2.6","period":"2085","key":"ID","value":15.9,"estimate":"q95"},{"bfs_id":261,"rcp":"RCP8.5","period":"2035","key":"ID","value":9.5,"estimate":"q5"},{"bfs_id":261,"rcp":"RCP8.5","period":"2035","key":"ID","value":11.8,"estimate":"q50"},{"bfs_id":261,"rcp":"RCP8.5","period":"2035","key":"ID","value":17.1,"estimate":"q95"},{"bfs_id":261,"rcp":"RCP8.5","period":"2060","key":"ID","value":6,"estimate":"q5"},{"bfs_id":261,"rcp":"RCP8.5","period":"2060","key":"ID","value":8.8,"estimate":"q50"},{"bfs_id":261,"rcp":"RCP8.5","period":"2060","key":"ID","value":11.7,"estimate":"q95"},{"bfs_id":261,"rcp":"RCP8.5","period":"2085","key":"ID","value":1.6,"estimate":"q5"},{"bfs_id":261,"rcp":"RCP8.5","period":"2085","key":"ID","value":3.7,"estimate":"q50"},{"bfs_id":261,"rcp":"RCP8.5","period":"2085","key":"ID","value":6.4,"estimate":"q95"},{"bfs_id":261,"rcp":"RCP2.6","period":"2035","key":"SD","value":53.6,"estimate":"q5"},{"bfs_id":261,"rcp":"RCP2.6","period":"2035","key":"SD","value":59.7,"estimate":"q50"},{"bfs_id":261,"rcp":"RCP2.6","period":"2035","key":"SD","value":66.7,"estimate":"q95"},{"bfs_id":261,"rcp":"RCP2.6","period":"2060","key":"SD","value":54,"estimate":"q5"},{"bfs_id":261,"rcp":"RCP2.6","period":"2060","key":"SD","value":60.8,"estimate":"q50"},{"bfs_id":261,"rcp":"RCP2.6","period":"2060","key":"SD","value":66.2,"estimate":"q95"},{"bfs_id":261,"rcp":"RCP2.6","period":"2085","key":"SD","value":53.3,"estimate":"q5"},{"bfs_id":261,"rcp":"RCP2.6","period":"2085","key":"SD","value":60.7,"estimate":"q50"},{"bfs_id":261,"rcp":"RCP2.6","period":"2085","key":"SD","value":66.9,"estimate":"q95"},{"bfs_id":261,"rcp":"RCP8.5","period":"2035","key":"SD","value":55.9,"estimate":"q5"},{"bfs_id":261,"rcp":"RCP8.5","period":"2035","key":"SD","value":62,"estimate":"q50"},{"bfs_id":261,"rcp":"RCP8.5","period":"2035","key":"SD","value":67.6,"estimate":"q95"},{"bfs_id":261,"rcp":"RCP8.5","period":"2060","key":"SD","value":71.5,"estimate":"q5"},{"bfs_id":261,"rcp":"RCP8.5","period":"2060","key":"SD","value":76,"estimate":"q50"},{"bfs_id":261,"rcp":"RCP8.5","period":"2060","key":"SD","value":91.4,"estimate":"q95"},{"bfs_id":261,"rcp":"RCP8.5","period":"2085","key":"SD","value":85.8,"estimate":"q5"},{"bfs_id":261,"rcp":"RCP8.5","period":"2085","key":"SD","value":99.4,"estimate":"q50"},{"bfs_id":261,"rcp":"RCP8.5","period":"2085","key":"SD","value":117.3,"estimate":"q95"},{"bfs_id":261,"rcp":"RCP2.6","period":"2035","key":"snowdays","value":11,"estimate":"q5"},{"bfs_id":261,"rcp":"RCP2.6","period":"2035","key":"snowdays","value":15.7,"estimate":"q50"},{"bfs_id":261,"rcp":"RCP2.6","period":"2035","key":"snowdays","value":17.8,"estimate":"q95"},{"bfs_id":261,"rcp":"RCP2.6","period":"2060","key":"snowdays","value":10,"estimate":"q5"},{"bfs_id":261,"rcp":"RCP2.6","period":"2060","key":"snowdays","value":15.3,"estimate":"q50"},{"bfs_id":261,"rcp":"RCP2.6","period":"2060","key":"snowdays","value":17.3,"estimate":"q95"},{"bfs_id":261,"rcp":"RCP2.6","period":"2085","key":"snowdays","value":9.9,"estimate":"q5"},{"bfs_id":261,"rcp":"RCP2.6","period":"2085","key":"snowdays","value":14.9,"estimate":"q50"},{"bfs_id":261,"rcp":"RCP2.6","period":"2085","key":"snowdays","value":17.5,"estimate":"q95"},{"bfs_id":261,"rcp":"RCP8.5","period":"2035","key":"snowdays","value":9.6,"estimate":"q5"},{"bfs_id":261,"rcp":"RCP8.5","period":"2035","key":"snowdays","value":14.5,"estimate":"q50"},{"bfs_id":261,"rcp":"RCP8.5","period":"2035","key":"snowdays","value":17,"estimate":"q95"},{"bfs_id":261,"rcp":"RCP8.5","period":"2060","key":"snowdays","value":6.8,"estimate":"q5"},{"bfs_id":261,"rcp":"RCP8.5","period":"2060","key":"snowdays","value":11,"estimate":"q50"},{"bfs_id":261,"rcp":"RCP8.5","period":"2060","key":"snowdays","value":13.6,"estimate":"q95"},{"bfs_id":261,"rcp":"RCP8.5","period":"2085","key":"snowdays","value":2.5,"estimate":"q5"},{"bfs_id":261,"rcp":"RCP8.5","period":"2085","key":"snowdays","value":5.9,"estimate":"q50"},{"bfs_id":261,"rcp":"RCP8.5","period":"2085","key":"snowdays","value":8.4,"estimate":"q95"},{"bfs_id":261,"rcp":"RCP2.6","period":"2035","key":"TN","value":0.2,"estimate":"q5"},{"bfs_id":261,"rcp":"RCP2.6","period":"2035","key":"TN","value":0.7,"estimate":"q50"},{"bfs_id":261,"rcp":"RCP2.6","period":"2035","key":"TN","value":1.4,"estimate":"q95"},{"bfs_id":261,"rcp":"RCP2.6","period":"2060","key":"TN","value":0.4,"estimate":"q5"},{"bfs_id":261,"rcp":"RCP2.6","period":"2060","key":"TN","value":0.7,"estimate":"q50"},{"bfs_id":261,"rcp":"RCP2.6","period":"2060","key":"TN","value":1.8,"estimate":"q95"},{"bfs_id":261,"rcp":"RCP2.6","period":"2085","key":"TN","value":0.3,"estimate":"q5"},{"bfs_id":261,"rcp":"RCP2.6","period":"2085","key":"TN","value":0.9,"estimate":"q50"},{"bfs_id":261,"rcp":"RCP2.6","period":"2085","key":"TN","value":1.4,"estimate":"q95"},{"bfs_id":261,"rcp":"RCP8.5","period":"2035","key":"TN","value":0.4,"estimate":"q5"},{"bfs_id":261,"rcp":"RCP8.5","period":"2035","key":"TN","value":0.9,"estimate":"q50"},{"bfs_id":261,"rcp":"RCP8.5","period":"2035","key":"TN","value":2.8,"estimate":"q95"},{"bfs_id":261,"rcp":"RCP8.5","period":"2060","key":"TN","value":1.9,"estimate":"q5"},{"bfs_id":261,"rcp":"RCP8.5","period":"2060","key":"TN","value":4,"estimate":"q50"},{"bfs_id":261,"rcp":"RCP8.5","period":"2060","key":"TN","value":8.5,"estimate":"q95"},{"bfs_id":261,"rcp":"RCP8.5","period":"2085","key":"TN","value":7.4,"estimate":"q5"},{"bfs_id":261,"rcp":"RCP8.5","period":"2085","key":"TN","value":11.9,"estimate":"q50"},{"bfs_id":261,"rcp":"RCP8.5","period":"2085","key":"TN","value":27.4,"estimate":"q95"},{"bfs_id":261,"rcp":"RCP2.6","period":"2035","key":"pr","value":2.4,"estimate":"q5","season":"DJF"},{"bfs_id":261,"rcp":"RCP2.6","period":"2035","key":"pr","value":2.9,"estimate":"q5","season":"MAM"},{"bfs_id":261,"rcp":"RCP2.6","period":"2035","key":"pr","value":3.5,"estimate":"q5","season":"JJA"},{"bfs_id":261,"rcp":"RCP2.6","period":"2035","key":"pr","value":2.7,"estimate":"q5","season":"SON"},{"bfs_id":261,"rcp":"RCP2.6","period":"2035","key":"pr","value":2.8,"estimate":"q50","season":"DJF"},{"bfs_id":261,"rcp":"RCP2.6","period":"2035","key":"pr","value":3.2,"estimate":"q50","season":"MAM"},{"bfs_id":261,"rcp":"RCP2.6","period":"2035","key":"pr","value":3.8,"estimate":"q50","season":"JJA"},{"bfs_id":261,"rcp":"RCP2.6","period":"2035","key":"pr","value":2.9,"estimate":"q50","season":"SON"},{"bfs_id":261,"rcp":"RCP2.6","period":"2035","key":"pr","value":3.3,"estimate":"q95","season":"DJF"},{"bfs_id":261,"rcp":"RCP2.6","period":"2035","key":"pr","value":3.5,"estimate":"q95","season":"MAM"},{"bfs_id":261,"rcp":"RCP2.6","period":"2035","key":"pr","value":4.3,"estimate":"q95","season":"JJA"},{"bfs_id":261,"rcp":"RCP2.6","period":"2035","key":"pr","value":3.6,"estimate":"q95","season":"SON"},{"bfs_id":261,"rcp":"RCP2.6","period":"2060","key":"pr","value":2.4,"estimate":"q5","season":"DJF"},{"bfs_id":261,"rcp":"RCP2.6","period":"2060","key":"pr","value":2.9,"estimate":"q5","season":"MAM"},{"bfs_id":261,"rcp":"RCP2.6","period":"2060","key":"pr","value":3.4,"estimate":"q5","season":"JJA"},{"bfs_id":261,"rcp":"RCP2.6","period":"2060","key":"pr","value":2.7,"estimate":"q5","season":"SON"},{"bfs_id":261,"rcp":"RCP2.6","period":"2060","key":"pr","value":2.7,"estimate":"q50","season":"DJF"},{"bfs_id":261,"rcp":"RCP2.6","period":"2060","key":"pr","value":3.2,"estimate":"q50","season":"MAM"},{"bfs_id":261,"rcp":"RCP2.6","period":"2060","key":"pr","value":3.8,"estimate":"q50","season":"JJA"},{"bfs_id":261,"rcp":"RCP2.6","period":"2060","key":"pr","value":3,"estimate":"q50","season":"SON"},{"bfs_id":261,"rcp":"RCP2.6","period":"2060","key":"pr","value":3,"estimate":"q95","season":"DJF"},{"bfs_id":261,"rcp":"RCP2.6","period":"2060","key":"pr","value":3.5,"estimate":"q95","season":"MAM"},{"bfs_id":261,"rcp":"RCP2.6","period":"2060","key":"pr","value":4.5,"estimate":"q95","season":"JJA"},{"bfs_id":261,"rcp":"RCP2.6","period":"2060","key":"pr","value":3.5,"estimate":"q95","season":"SON"},{"bfs_id":261,"rcp":"RCP2.6","period":"2085","key":"pr","value":2.4,"estimate":"q5","season":"DJF"},{"bfs_id":261,"rcp":"RCP2.6","period":"2085","key":"pr","value":2.9,"estimate":"q5","season":"MAM"},{"bfs_id":261,"rcp":"RCP2.6","period":"2085","key":"pr","value":3.4,"estimate":"q5","season":"JJA"},{"bfs_id":261,"rcp":"RCP2.6","period":"2085","key":"pr","value":2.6,"estimate":"q5","season":"SON"},{"bfs_id":261,"rcp":"RCP2.6","period":"2085","key":"pr","value":2.7,"estimate":"q50","season":"DJF"},{"bfs_id":261,"rcp":"RCP2.6","period":"2085","key":"pr","value":3.2,"estimate":"q50","season":"MAM"},{"bfs_id":261,"rcp":"RCP2.6","period":"2085","key":"pr","value":3.8,"estimate":"q50","season":"JJA"},{"bfs_id":261,"rcp":"RCP2.6","period":"2085","key":"pr","value":3,"estimate":"q50","season":"SON"},{"bfs_id":261,"rcp":"RCP2.6","period":"2085","key":"pr","value":3.1,"estimate":"q95","season":"DJF"},{"bfs_id":261,"rcp":"RCP2.6","period":"2085","key":"pr","value":3.5,"estimate":"q95","season":"MAM"},{"bfs_id":261,"rcp":"RCP2.6","period":"2085","key":"pr","value":4.6,"estimate":"q95","season":"JJA"},{"bfs_id":261,"rcp":"RCP2.6","period":"2085","key":"pr","value":3.5,"estimate":"q95","season":"SON"},{"bfs_id":261,"rcp":"RCP8.5","period":"2035","key":"pr","value":2.5,"estimate":"q5","season":"DJF"},{"bfs_id":261,"rcp":"RCP8.5","period":"2035","key":"pr","value":3,"estimate":"q5","season":"MAM"},{"bfs_id":261,"rcp":"RCP8.5","period":"2035","key":"pr","value":3.6,"estimate":"q5","season":"JJA"},{"bfs_id":261,"rcp":"RCP8.5","period":"2035","key":"pr","value":2.8,"estimate":"q5","season":"SON"},{"bfs_id":261,"rcp":"RCP8.5","period":"2035","key":"pr","value":2.9,"estimate":"q50","season":"DJF"},{"bfs_id":261,"rcp":"RCP8.5","period":"2035","key":"pr","value":3.3,"estimate":"q50","season":"MAM"},{"bfs_id":261,"rcp":"RCP8.5","period":"2035","key":"pr","value":3.9,"estimate":"q50","season":"JJA"},{"bfs_id":261,"rcp":"RCP8.5","period":"2035","key":"pr","value":3.1,"estimate":"q50","season":"SON"},{"bfs_id":261,"rcp":"RCP8.5","period":"2035","key":"pr","value":3.1,"estimate":"q95","season":"DJF"},{"bfs_id":261,"rcp":"RCP8.5","period":"2035","key":"pr","value":3.6,"estimate":"q95","season":"MAM"},{"bfs_id":261,"rcp":"RCP8.5","period":"2035","key":"pr","value":4.3,"estimate":"q95","season":"JJA"},{"bfs_id":261,"rcp":"RCP8.5","period":"2035","key":"pr","value":3.5,"estimate":"q95","season":"SON"},{"bfs_id":261,"rcp":"RCP8.5","period":"2060","key":"pr","value":2.6,"estimate":"q5","season":"DJF"},{"bfs_id":261,"rcp":"RCP8.5","period":"2060","key":"pr","value":3.2,"estimate":"q5","season":"MAM"},{"bfs_id":261,"rcp":"RCP8.5","period":"2060","key":"pr","value":3.1,"estimate":"q5","season":"JJA"},{"bfs_id":261,"rcp":"RCP8.5","period":"2060","key":"pr","value":2.7,"estimate":"q5","season":"SON"},{"bfs_id":261,"rcp":"RCP8.5","period":"2060","key":"pr","value":2.9,"estimate":"q50","season":"DJF"},{"bfs_id":261,"rcp":"RCP8.5","period":"2060","key":"pr","value":3.4,"estimate":"q50","season":"MAM"},{"bfs_id":261,"rcp":"RCP8.5","period":"2060","key":"pr","value":3.7,"estimate":"q50","season":"JJA"},{"bfs_id":261,"rcp":"RCP8.5","period":"2060","key":"pr","value":3.1,"estimate":"q50","season":"SON"},{"bfs_id":261,"rcp":"RCP8.5","period":"2060","key":"pr","value":3.4,"estimate":"q95","season":"DJF"},{"bfs_id":261,"rcp":"RCP8.5","period":"2060","key":"pr","value":3.9,"estimate":"q95","season":"MAM"},{"bfs_id":261,"rcp":"RCP8.5","period":"2060","key":"pr","value":4.6,"estimate":"q95","season":"JJA"},{"bfs_id":261,"rcp":"RCP8.5","period":"2060","key":"pr","value":3.4,"estimate":"q95","season":"SON"},{"bfs_id":261,"rcp":"RCP8.5","period":"2085","key":"pr","value":2.9,"estimate":"q5","season":"DJF"},{"bfs_id":261,"rcp":"RCP8.5","period":"2085","key":"pr","value":3.2,"estimate":"q5","season":"MAM"},{"bfs_id":261,"rcp":"RCP8.5","period":"2085","key":"pr","value":2.7,"estimate":"q5","season":"JJA"},{"bfs_id":261,"rcp":"RCP8.5","period":"2085","key":"pr","value":2.5,"estimate":"q5","season":"SON"},{"bfs_id":261,"rcp":"RCP8.5","period":"2085","key":"pr","value":3.3,"estimate":"q50","season":"DJF"},{"bfs_id":261,"rcp":"RCP8.5","period":"2085","key":"pr","value":3.6,"estimate":"q50","season":"MAM"},{"bfs_id":261,"rcp":"RCP8.5","period":"2085","key":"pr","value":3.2,"estimate":"q50","season":"JJA"},{"bfs_id":261,"rcp":"RCP8.5","period":"2085","key":"pr","value":3,"estimate":"q50","season":"SON"},{"bfs_id":261,"rcp":"RCP8.5","period":"2085","key":"pr","value":3.7,"estimate":"q95","season":"DJF"},{"bfs_id":261,"rcp":"RCP8.5","period":"2085","key":"pr","value":3.9,"estimate":"q95","season":"MAM"},{"bfs_id":261,"rcp":"RCP8.5","period":"2085","key":"pr","value":4,"estimate":"q95","season":"JJA"},{"bfs_id":261,"rcp":"RCP8.5","period":"2085","key":"pr","value":3.7,"estimate":"q95","season":"SON"},{"bfs_id":261,"rcp":"RCP2.6","period":"2035","key":"tas","value":1.8,"estimate":"q5","season":"DJF"},{"bfs_id":261,"rcp":"RCP2.6","period":"2035","key":"tas","value":9.6,"estimate":"q5","season":"MAM"},{"bfs_id":261,"rcp":"RCP2.6","period":"2035","key":"tas","value":18.7,"estimate":"q5","season":"JJA"},{"bfs_id":261,"rcp":"RCP2.6","period":"2035","key":"tas","value":10.4,"estimate":"q5","season":"SON"},{"bfs_id":261,"rcp":"RCP2.6","period":"2035","key":"tas","value":2.4,"estimate":"q50","season":"DJF"},{"bfs_id":261,"rcp":"RCP2.6","period":"2035","key":"tas","value":10.2,"estimate":"q50","season":"MAM"},{"bfs_id":261,"rcp":"RCP2.6","period":"2035","key":"tas","value":19.2,"estimate":"q50","season":"JJA"},{"bfs_id":261,"rcp":"RCP2.6","period":"2035","key":"tas","value":10.7,"estimate":"q50","season":"SON"},{"bfs_id":261,"rcp":"RCP2.6","period":"2035","key":"tas","value":3.2,"estimate":"q95","season":"DJF"},{"bfs_id":261,"rcp":"RCP2.6","period":"2035","key":"tas","value":10.5,"estimate":"q95","season":"MAM"},{"bfs_id":261,"rcp":"RCP2.6","period":"2035","key":"tas","value":19.8,"estimate":"q95","season":"JJA"},{"bfs_id":261,"rcp":"RCP2.6","period":"2035","key":"tas","value":11.7,"estimate":"q95","season":"SON"},{"bfs_id":261,"rcp":"RCP2.6","period":"2060","key":"tas","value":1.9,"estimate":"q5","season":"DJF"},{"bfs_id":261,"rcp":"RCP2.6","period":"2060","key":"tas","value":9.5,"estimate":"q5","season":"MAM"},{"bfs_id":261,"rcp":"RCP2.6","period":"2060","key":"tas","value":18.9,"estimate":"q5","season":"JJA"},{"bfs_id":261,"rcp":"RCP2.6","period":"2060","key":"tas","value":10.7,"estimate":"q5","season":"SON"},{"bfs_id":261,"rcp":"RCP2.6","period":"2060","key":"tas","value":2.7,"estimate":"q50","season":"DJF"},{"bfs_id":261,"rcp":"RCP2.6","period":"2060","key":"tas","value":10.2,"estimate":"q50","season":"MAM"},{"bfs_id":261,"rcp":"RCP2.6","period":"2060","key":"tas","value":19.3,"estimate":"q50","season":"JJA"},{"bfs_id":261,"rcp":"RCP2.6","period":"2060","key":"tas","value":11,"estimate":"q50","season":"SON"},{"bfs_id":261,"rcp":"RCP2.6","period":"2060","key":"tas","value":3.2,"estimate":"q95","season":"DJF"},{"bfs_id":261,"rcp":"RCP2.6","period":"2060","key":"tas","value":10.7,"estimate":"q95","season":"MAM"},{"bfs_id":261,"rcp":"RCP2.6","period":"2060","key":"tas","value":19.9,"estimate":"q95","season":"JJA"},{"bfs_id":261,"rcp":"RCP2.6","period":"2060","key":"tas","value":12,"estimate":"q95","season":"SON"},{"bfs_id":261,"rcp":"RCP2.6","period":"2085","key":"tas","value":2,"estimate":"q5","season":"DJF"},{"bfs_id":261,"rcp":"RCP2.6","period":"2085","key":"tas","value":9.6,"estimate":"q5","season":"MAM"},{"bfs_id":261,"rcp":"RCP2.6","period":"2085","key":"tas","value":18.9,"estimate":"q5","season":"JJA"},{"bfs_id":261,"rcp":"RCP2.6","period":"2085","key":"tas","value":10.5,"estimate":"q5","season":"SON"},{"bfs_id":261,"rcp":"RCP2.6","period":"2085","key":"tas","value":2.7,"estimate":"q50","season":"DJF"},{"bfs_id":261,"rcp":"RCP2.6","period":"2085","key":"tas","value":10.3,"estimate":"q50","season":"MAM"},{"bfs_id":261,"rcp":"RCP2.6","period":"2085","key":"tas","value":19.3,"estimate":"q50","season":"JJA"},{"bfs_id":261,"rcp":"RCP2.6","period":"2085","key":"tas","value":11,"estimate":"q50","season":"SON"},{"bfs_id":261,"rcp":"RCP2.6","period":"2085","key":"tas","value":3.3,"estimate":"q95","season":"DJF"},{"bfs_id":261,"rcp":"RCP2.6","period":"2085","key":"tas","value":10.7,"estimate":"q95","season":"MAM"},{"bfs_id":261,"rcp":"RCP2.6","period":"2085","key":"tas","value":19.8,"estimate":"q95","season":"JJA"},{"bfs_id":261,"rcp":"RCP2.6","period":"2085","key":"tas","value":12,"estimate":"q95","season":"SON"},{"bfs_id":261,"rcp":"RCP8.5","period":"2035","key":"tas","value":1.7,"estimate":"q5","season":"DJF"},{"bfs_id":261,"rcp":"RCP8.5","period":"2035","key":"tas","value":9.8,"estimate":"q5","season":"MAM"},{"bfs_id":261,"rcp":"RCP8.5","period":"2035","key":"tas","value":19.1,"estimate":"q5","season":"JJA"},{"bfs_id":261,"rcp":"RCP8.5","period":"2035","key":"tas","value":10.7,"estimate":"q5","season":"SON"},{"bfs_id":261,"rcp":"RCP8.5","period":"2035","key":"tas","value":2.7,"estimate":"q50","season":"DJF"},{"bfs_id":261,"rcp":"RCP8.5","period":"2035","key":"tas","value":10.2,"estimate":"q50","season":"MAM"},{"bfs_id":261,"rcp":"RCP8.5","period":"2035","key":"tas","value":19.5,"estimate":"q50","season":"JJA"},{"bfs_id":261,"rcp":"RCP8.5","period":"2035","key":"tas","value":11.2,"estimate":"q50","season":"SON"},{"bfs_id":261,"rcp":"RCP8.5","period":"2035","key":"tas","value":3.2,"estimate":"q95","season":"DJF"},{"bfs_id":261,"rcp":"RCP8.5","period":"2035","key":"tas","value":10.6,"estimate":"q95","season":"MAM"},{"bfs_id":261,"rcp":"RCP8.5","period":"2035","key":"tas","value":20,"estimate":"q95","season":"JJA"},{"bfs_id":261,"rcp":"RCP8.5","period":"2035","key":"tas","value":12,"estimate":"q95","season":"SON"},{"bfs_id":261,"rcp":"RCP8.5","period":"2060","key":"tas","value":3.2,"estimate":"q5","season":"DJF"},{"bfs_id":261,"rcp":"RCP8.5","period":"2060","key":"tas","value":10.6,"estimate":"q5","season":"MAM"},{"bfs_id":261,"rcp":"RCP8.5","period":"2060","key":"tas","value":20.2,"estimate":"q5","season":"JJA"},{"bfs_id":261,"rcp":"RCP8.5","period":"2060","key":"tas","value":11.8,"estimate":"q5","season":"SON"},{"bfs_id":261,"rcp":"RCP8.5","period":"2060","key":"tas","value":3.5,"estimate":"q50","season":"DJF"},{"bfs_id":261,"rcp":"RCP8.5","period":"2060","key":"tas","value":11.1,"estimate":"q50","season":"MAM"},{"bfs_id":261,"rcp":"RCP8.5","period":"2060","key":"tas","value":20.7,"estimate":"q50","season":"JJA"},{"bfs_id":261,"rcp":"RCP8.5","period":"2060","key":"tas","value":12.3,"estimate":"q50","season":"SON"},{"bfs_id":261,"rcp":"RCP8.5","period":"2060","key":"tas","value":4.3,"estimate":"q95","season":"DJF"},{"bfs_id":261,"rcp":"RCP8.5","period":"2060","key":"tas","value":11.7,"estimate":"q95","season":"MAM"},{"bfs_id":261,"rcp":"RCP8.5","period":"2060","key":"tas","value":21.8,"estimate":"q95","season":"JJA"},{"bfs_id":261,"rcp":"RCP8.5","period":"2060","key":"tas","value":13.2,"estimate":"q95","season":"SON"},{"bfs_id":261,"rcp":"RCP8.5","period":"2085","key":"tas","value":4.3,"estimate":"q5","season":"DJF"},{"bfs_id":261,"rcp":"RCP8.5","period":"2085","key":"tas","value":11.7,"estimate":"q5","season":"MAM"},{"bfs_id":261,"rcp":"RCP8.5","period":"2085","key":"tas","value":21.5,"estimate":"q5","season":"JJA"},{"bfs_id":261,"rcp":"RCP8.5","period":"2085","key":"tas","value":12.7,"estimate":"q5","season":"SON"},{"bfs_id":261,"rcp":"RCP8.5","period":"2085","key":"tas","value":5.4,"estimate":"q50","season":"DJF"},{"bfs_id":261,"rcp":"RCP8.5","period":"2085","key":"tas","value":12.5,"estimate":"q50","season":"MAM"},{"bfs_id":261,"rcp":"RCP8.5","period":"2085","key":"tas","value":22.4,"estimate":"q50","season":"JJA"},{"bfs_id":261,"rcp":"RCP8.5","period":"2085","key":"tas","value":13.8,"estimate":"q50","season":"SON"},{"bfs_id":261,"rcp":"RCP8.5","period":"2085","key":"tas","value":6.1,"estimate":"q95","season":"DJF"},{"bfs_id":261,"rcp":"RCP8.5","period":"2085","key":"tas","value":13.3,"estimate":"q95","season":"MAM"},{"bfs_id":261,"rcp":"RCP8.5","period":"2085","key":"tas","value":24.4,"estimate":"q95","season":"JJA"},{"bfs_id":261,"rcp":"RCP8.5","period":"2085","key":"tas","value":15.5,"estimate":"q95","season":"SON"},{"bfs_id":261,"rcp":"obs","period":"1981-2010","key":"FD","value":81.6,"estimate":"yearly_mean"},{"bfs_id":261,"rcp":"obs","period":"1981-2010","key":"HD","value":8.7,"estimate":"yearly_mean"},{"bfs_id":261,"rcp":"obs","period":"1981-2010","key":"ID","value":19.6,"estimate":"yearly_mean"},{"bfs_id":261,"rcp":"obs","period":"1981-2010","key":"SD","value":46.7,"estimate":"yearly_mean"},{"bfs_id":261,"rcp":"obs","period":"1981-2010","key":"snowdays","value":16.1,"estimate":"yearly_mean"},{"bfs_id":261,"rcp":"obs","period":"1981-2010","key":"TN","value":0,"estimate":"yearly_mean"},{"bfs_id":261,"rcp":"obs","period":"1981-2010","key":"pr","value":2.4,"estimate":"mean","season":"DJF"},{"bfs_id":261,"rcp":"obs","period":"1981-2010","key":"pr","value":3.1,"estimate":"mean","season":"MAM"},{"bfs_id":261,"rcp":"obs","period":"1981-2010","key":"pr","value":4.1,"estimate":"mean","season":"JJA"},{"bfs_id":261,"rcp":"obs","period":"1981-2010","key":"pr","value":3,"estimate":"mean","season":"SON"},{"bfs_id":261,"rcp":"obs","period":"1981-2010","key":"tas","value":1.2,"estimate":"mean","season":"DJF"},{"bfs_id":261,"rcp":"obs","period":"1981-2010","key":"tas","value":9.5,"estimate":"mean","season":"MAM"},{"bfs_id":261,"rcp":"obs","period":"1981-2010","key":"tas","value":18.2,"estimate":"mean","season":"JJA"},{"bfs_id":261,"rcp":"obs","period":"1981-2010","key":"tas","value":9.7,"estimate":"mean","season":"SON"}]
