[{"bfs_id":4131,"rcp":"RCP2.6","period":"2035","key":"FD","value":57.2,"estimate":"q5"},{"bfs_id":4131,"rcp":"RCP2.6","period":"2035","key":"FD","value":69.1,"estimate":"q50"},{"bfs_id":4131,"rcp":"RCP2.6","period":"2035","key":"FD","value":74.1,"estimate":"q95"},{"bfs_id":4131,"rcp":"RCP2.6","period":"2060","key":"FD","value":55.4,"estimate":"q5"},{"bfs_id":4131,"rcp":"RCP2.6","period":"2060","key":"FD","value":65.7,"estimate":"q50"},{"bfs_id":4131,"rcp":"RCP2.6","period":"2060","key":"FD","value":71.1,"estimate":"q95"},{"bfs_id":4131,"rcp":"RCP2.6","period":"2085","key":"FD","value":55.6,"estimate":"q5"},{"bfs_id":4131,"rcp":"RCP2.6","period":"2085","key":"FD","value":65.7,"estimate":"q50"},{"bfs_id":4131,"rcp":"RCP2.6","period":"2085","key":"FD","value":72.7,"estimate":"q95"},{"bfs_id":4131,"rcp":"RCP8.5","period":"2035","key":"FD","value":54.4,"estimate":"q5"},{"bfs_id":4131,"rcp":"RCP8.5","period":"2035","key":"FD","value":65.7,"estimate":"q50"},{"bfs_id":4131,"rcp":"RCP8.5","period":"2035","key":"FD","value":70.9,"estimate":"q95"},{"bfs_id":4131,"rcp":"RCP8.5","period":"2060","key":"FD","value":43.8,"estimate":"q5"},{"bfs_id":4131,"rcp":"RCP8.5","period":"2060","key":"FD","value":51.7,"estimate":"q50"},{"bfs_id":4131,"rcp":"RCP8.5","period":"2060","key":"FD","value":58.8,"estimate":"q95"},{"bfs_id":4131,"rcp":"RCP8.5","period":"2085","key":"FD","value":27,"estimate":"q5"},{"bfs_id":4131,"rcp":"RCP8.5","period":"2085","key":"FD","value":32.7,"estimate":"q50"},{"bfs_id":4131,"rcp":"RCP8.5","period":"2085","key":"FD","value":42.8,"estimate":"q95"},{"bfs_id":4131,"rcp":"RCP2.6","period":"2035","key":"HD","value":11.5,"estimate":"q5"},{"bfs_id":4131,"rcp":"RCP2.6","period":"2035","key":"HD","value":14.2,"estimate":"q50"},{"bfs_id":4131,"rcp":"RCP2.6","period":"2035","key":"HD","value":19.9,"estimate":"q95"},{"bfs_id":4131,"rcp":"RCP2.6","period":"2060","key":"HD","value":12.1,"estimate":"q5"},{"bfs_id":4131,"rcp":"RCP2.6","period":"2060","key":"HD","value":14.3,"estimate":"q50"},{"bfs_id":4131,"rcp":"RCP2.6","period":"2060","key":"HD","value":22,"estimate":"q95"},{"bfs_id":4131,"rcp":"RCP2.6","period":"2085","key":"HD","value":11.6,"estimate":"q5"},{"bfs_id":4131,"rcp":"RCP2.6","period":"2085","key":"HD","value":13.9,"estimate":"q50"},{"bfs_id":4131,"rcp":"RCP2.6","period":"2085","key":"HD","value":21.3,"estimate":"q95"},{"bfs_id":4131,"rcp":"RCP8.5","period":"2035","key":"HD","value":12.1,"estimate":"q5"},{"bfs_id":4131,"rcp":"RCP8.5","period":"2035","key":"HD","value":15.7,"estimate":"q50"},{"bfs_id":4131,"rcp":"RCP8.5","period":"2035","key":"HD","value":22.4,"estimate":"q95"},{"bfs_id":4131,"rcp":"RCP8.5","period":"2060","key":"HD","value":18.6,"estimate":"q5"},{"bfs_id":4131,"rcp":"RCP8.5","period":"2060","key":"HD","value":25.6,"estimate":"q50"},{"bfs_id":4131,"rcp":"RCP8.5","period":"2060","key":"HD","value":37.8,"estimate":"q95"},{"bfs_id":4131,"rcp":"RCP8.5","period":"2085","key":"HD","value":32.9,"estimate":"q5"},{"bfs_id":4131,"rcp":"RCP8.5","period":"2085","key":"HD","value":38.3,"estimate":"q50"},{"bfs_id":4131,"rcp":"RCP8.5","period":"2085","key":"HD","value":65.4,"estimate":"q95"},{"bfs_id":4131,"rcp":"RCP2.6","period":"2035","key":"ID","value":9.9,"estimate":"q5"},{"bfs_id":4131,"rcp":"RCP2.6","period":"2035","key":"ID","value":13.6,"estimate":"q50"},{"bfs_id":4131,"rcp":"RCP2.6","period":"2035","key":"ID","value":17.9,"estimate":"q95"},{"bfs_id":4131,"rcp":"RCP2.6","period":"2060","key":"ID","value":9.8,"estimate":"q5"},{"bfs_id":4131,"rcp":"RCP2.6","period":"2060","key":"ID","value":14.1,"estimate":"q50"},{"bfs_id":4131,"rcp":"RCP2.6","period":"2060","key":"ID","value":16.6,"estimate":"q95"},{"bfs_id":4131,"rcp":"RCP2.6","period":"2085","key":"ID","value":10,"estimate":"q5"},{"bfs_id":4131,"rcp":"RCP2.6","period":"2085","key":"ID","value":12.5,"estimate":"q50"},{"bfs_id":4131,"rcp":"RCP2.6","period":"2085","key":"ID","value":15.6,"estimate":"q95"},{"bfs_id":4131,"rcp":"RCP8.5","period":"2035","key":"ID","value":10.2,"estimate":"q5"},{"bfs_id":4131,"rcp":"RCP8.5","period":"2035","key":"ID","value":12.2,"estimate":"q50"},{"bfs_id":4131,"rcp":"RCP8.5","period":"2035","key":"ID","value":17,"estimate":"q95"},{"bfs_id":4131,"rcp":"RCP8.5","period":"2060","key":"ID","value":6.1,"estimate":"q5"},{"bfs_id":4131,"rcp":"RCP8.5","period":"2060","key":"ID","value":9.2,"estimate":"q50"},{"bfs_id":4131,"rcp":"RCP8.5","period":"2060","key":"ID","value":11.8,"estimate":"q95"},{"bfs_id":4131,"rcp":"RCP8.5","period":"2085","key":"ID","value":1.6,"estimate":"q5"},{"bfs_id":4131,"rcp":"RCP8.5","period":"2085","key":"ID","value":4.1,"estimate":"q50"},{"bfs_id":4131,"rcp":"RCP8.5","period":"2085","key":"ID","value":6.7,"estimate":"q95"},{"bfs_id":4131,"rcp":"RCP2.6","period":"2035","key":"SD","value":53.4,"estimate":"q5"},{"bfs_id":4131,"rcp":"RCP2.6","period":"2035","key":"SD","value":58.6,"estimate":"q50"},{"bfs_id":4131,"rcp":"RCP2.6","period":"2035","key":"SD","value":66.6,"estimate":"q95"},{"bfs_id":4131,"rcp":"RCP2.6","period":"2060","key":"SD","value":54.2,"estimate":"q5"},{"bfs_id":4131,"rcp":"RCP2.6","period":"2060","key":"SD","value":59.8,"estimate":"q50"},{"bfs_id":4131,"rcp":"RCP2.6","period":"2060","key":"SD","value":66,"estimate":"q95"},{"bfs_id":4131,"rcp":"RCP2.6","period":"2085","key":"SD","value":53.3,"estimate":"q5"},{"bfs_id":4131,"rcp":"RCP2.6","period":"2085","key":"SD","value":60.4,"estimate":"q50"},{"bfs_id":4131,"rcp":"RCP2.6","period":"2085","key":"SD","value":65.9,"estimate":"q95"},{"bfs_id":4131,"rcp":"RCP8.5","period":"2035","key":"SD","value":55.6,"estimate":"q5"},{"bfs_id":4131,"rcp":"RCP8.5","period":"2035","key":"SD","value":61.4,"estimate":"q50"},{"bfs_id":4131,"rcp":"RCP8.5","period":"2035","key":"SD","value":67.5,"estimate":"q95"},{"bfs_id":4131,"rcp":"RCP8.5","period":"2060","key":"SD","value":70.9,"estimate":"q5"},{"bfs_id":4131,"rcp":"RCP8.5","period":"2060","key":"SD","value":76.3,"estimate":"q50"},{"bfs_id":4131,"rcp":"RCP8.5","period":"2060","key":"SD","value":91.2,"estimate":"q95"},{"bfs_id":4131,"rcp":"RCP8.5","period":"2085","key":"SD","value":86,"estimate":"q5"},{"bfs_id":4131,"rcp":"RCP8.5","period":"2085","key":"SD","value":99.2,"estimate":"q50"},{"bfs_id":4131,"rcp":"RCP8.5","period":"2085","key":"SD","value":117.4,"estimate":"q95"},{"bfs_id":4131,"rcp":"RCP2.6","period":"2035","key":"snowdays","value":11.8,"estimate":"q5"},{"bfs_id":4131,"rcp":"RCP2.6","period":"2035","key":"snowdays","value":16.3,"estimate":"q50"},{"bfs_id":4131,"rcp":"RCP2.6","period":"2035","key":"snowdays","value":18.5,"estimate":"q95"},{"bfs_id":4131,"rcp":"RCP2.6","period":"2060","key":"snowdays","value":10.8,"estimate":"q5"},{"bfs_id":4131,"rcp":"RCP2.6","period":"2060","key":"snowdays","value":15.5,"estimate":"q50"},{"bfs_id":4131,"rcp":"RCP2.6","period":"2060","key":"snowdays","value":18.5,"estimate":"q95"},{"bfs_id":4131,"rcp":"RCP2.6","period":"2085","key":"snowdays","value":10.7,"estimate":"q5"},{"bfs_id":4131,"rcp":"RCP2.6","period":"2085","key":"snowdays","value":15.4,"estimate":"q50"},{"bfs_id":4131,"rcp":"RCP2.6","period":"2085","key":"snowdays","value":18.4,"estimate":"q95"},{"bfs_id":4131,"rcp":"RCP8.5","period":"2035","key":"snowdays","value":10,"estimate":"q5"},{"bfs_id":4131,"rcp":"RCP8.5","period":"2035","key":"snowdays","value":15.2,"estimate":"q50"},{"bfs_id":4131,"rcp":"RCP8.5","period":"2035","key":"snowdays","value":17.9,"estimate":"q95"},{"bfs_id":4131,"rcp":"RCP8.5","period":"2060","key":"snowdays","value":7.4,"estimate":"q5"},{"bfs_id":4131,"rcp":"RCP8.5","period":"2060","key":"snowdays","value":11.4,"estimate":"q50"},{"bfs_id":4131,"rcp":"RCP8.5","period":"2060","key":"snowdays","value":14.1,"estimate":"q95"},{"bfs_id":4131,"rcp":"RCP8.5","period":"2085","key":"snowdays","value":3.1,"estimate":"q5"},{"bfs_id":4131,"rcp":"RCP8.5","period":"2085","key":"snowdays","value":6.5,"estimate":"q50"},{"bfs_id":4131,"rcp":"RCP8.5","period":"2085","key":"snowdays","value":8.9,"estimate":"q95"},{"bfs_id":4131,"rcp":"RCP2.6","period":"2035","key":"TN","value":0.1,"estimate":"q5"},{"bfs_id":4131,"rcp":"RCP2.6","period":"2035","key":"TN","value":0.5,"estimate":"q50"},{"bfs_id":4131,"rcp":"RCP2.6","period":"2035","key":"TN","value":1,"estimate":"q95"},{"bfs_id":4131,"rcp":"RCP2.6","period":"2060","key":"TN","value":0.2,"estimate":"q5"},{"bfs_id":4131,"rcp":"RCP2.6","period":"2060","key":"TN","value":0.6,"estimate":"q50"},{"bfs_id":4131,"rcp":"RCP2.6","period":"2060","key":"TN","value":1.3,"estimate":"q95"},{"bfs_id":4131,"rcp":"RCP2.6","period":"2085","key":"TN","value":0.2,"estimate":"q5"},{"bfs_id":4131,"rcp":"RCP2.6","period":"2085","key":"TN","value":0.7,"estimate":"q50"},{"bfs_id":4131,"rcp":"RCP2.6","period":"2085","key":"TN","value":1.3,"estimate":"q95"},{"bfs_id":4131,"rcp":"RCP8.5","period":"2035","key":"TN","value":0.3,"estimate":"q5"},{"bfs_id":4131,"rcp":"RCP8.5","period":"2035","key":"TN","value":0.6,"estimate":"q50"},{"bfs_id":4131,"rcp":"RCP8.5","period":"2035","key":"TN","value":2.3,"estimate":"q95"},{"bfs_id":4131,"rcp":"RCP8.5","period":"2060","key":"TN","value":1.3,"estimate":"q5"},{"bfs_id":4131,"rcp":"RCP8.5","period":"2060","key":"TN","value":3.2,"estimate":"q50"},{"bfs_id":4131,"rcp":"RCP8.5","period":"2060","key":"TN","value":6.8,"estimate":"q95"},{"bfs_id":4131,"rcp":"RCP8.5","period":"2085","key":"TN","value":5.9,"estimate":"q5"},{"bfs_id":4131,"rcp":"RCP8.5","period":"2085","key":"TN","value":10,"estimate":"q50"},{"bfs_id":4131,"rcp":"RCP8.5","period":"2085","key":"TN","value":25.9,"estimate":"q95"},{"bfs_id":4131,"rcp":"RCP2.6","period":"2035","key":"pr","value":2.4,"estimate":"q5","season":"DJF"},{"bfs_id":4131,"rcp":"RCP2.6","period":"2035","key":"pr","value":2.7,"estimate":"q5","season":"MAM"},{"bfs_id":4131,"rcp":"RCP2.6","period":"2035","key":"pr","value":3.1,"estimate":"q5","season":"JJA"},{"bfs_id":4131,"rcp":"RCP2.6","period":"2035","key":"pr","value":2.5,"estimate":"q5","season":"SON"},{"bfs_id":4131,"rcp":"RCP2.6","period":"2035","key":"pr","value":2.9,"estimate":"q50","season":"DJF"},{"bfs_id":4131,"rcp":"RCP2.6","period":"2035","key":"pr","value":3.1,"estimate":"q50","season":"MAM"},{"bfs_id":4131,"rcp":"RCP2.6","period":"2035","key":"pr","value":3.6,"estimate":"q50","season":"JJA"},{"bfs_id":4131,"rcp":"RCP2.6","period":"2035","key":"pr","value":2.8,"estimate":"q50","season":"SON"},{"bfs_id":4131,"rcp":"RCP2.6","period":"2035","key":"pr","value":3.3,"estimate":"q95","season":"DJF"},{"bfs_id":4131,"rcp":"RCP2.6","period":"2035","key":"pr","value":3.4,"estimate":"q95","season":"MAM"},{"bfs_id":4131,"rcp":"RCP2.6","period":"2035","key":"pr","value":3.8,"estimate":"q95","season":"JJA"},{"bfs_id":4131,"rcp":"RCP2.6","period":"2035","key":"pr","value":3.4,"estimate":"q95","season":"SON"},{"bfs_id":4131,"rcp":"RCP2.6","period":"2060","key":"pr","value":2.5,"estimate":"q5","season":"DJF"},{"bfs_id":4131,"rcp":"RCP2.6","period":"2060","key":"pr","value":2.8,"estimate":"q5","season":"MAM"},{"bfs_id":4131,"rcp":"RCP2.6","period":"2060","key":"pr","value":2.9,"estimate":"q5","season":"JJA"},{"bfs_id":4131,"rcp":"RCP2.6","period":"2060","key":"pr","value":2.6,"estimate":"q5","season":"SON"},{"bfs_id":4131,"rcp":"RCP2.6","period":"2060","key":"pr","value":2.8,"estimate":"q50","season":"DJF"},{"bfs_id":4131,"rcp":"RCP2.6","period":"2060","key":"pr","value":3.1,"estimate":"q50","season":"MAM"},{"bfs_id":4131,"rcp":"RCP2.6","period":"2060","key":"pr","value":3.5,"estimate":"q50","season":"JJA"},{"bfs_id":4131,"rcp":"RCP2.6","period":"2060","key":"pr","value":2.8,"estimate":"q50","season":"SON"},{"bfs_id":4131,"rcp":"RCP2.6","period":"2060","key":"pr","value":3.1,"estimate":"q95","season":"DJF"},{"bfs_id":4131,"rcp":"RCP2.6","period":"2060","key":"pr","value":3.3,"estimate":"q95","season":"MAM"},{"bfs_id":4131,"rcp":"RCP2.6","period":"2060","key":"pr","value":4,"estimate":"q95","season":"JJA"},{"bfs_id":4131,"rcp":"RCP2.6","period":"2060","key":"pr","value":3.2,"estimate":"q95","season":"SON"},{"bfs_id":4131,"rcp":"RCP2.6","period":"2085","key":"pr","value":2.5,"estimate":"q5","season":"DJF"},{"bfs_id":4131,"rcp":"RCP2.6","period":"2085","key":"pr","value":2.8,"estimate":"q5","season":"MAM"},{"bfs_id":4131,"rcp":"RCP2.6","period":"2085","key":"pr","value":2.9,"estimate":"q5","season":"JJA"},{"bfs_id":4131,"rcp":"RCP2.6","period":"2085","key":"pr","value":2.5,"estimate":"q5","season":"SON"},{"bfs_id":4131,"rcp":"RCP2.6","period":"2085","key":"pr","value":2.8,"estimate":"q50","season":"DJF"},{"bfs_id":4131,"rcp":"RCP2.6","period":"2085","key":"pr","value":3,"estimate":"q50","season":"MAM"},{"bfs_id":4131,"rcp":"RCP2.6","period":"2085","key":"pr","value":3.6,"estimate":"q50","season":"JJA"},{"bfs_id":4131,"rcp":"RCP2.6","period":"2085","key":"pr","value":2.8,"estimate":"q50","season":"SON"},{"bfs_id":4131,"rcp":"RCP2.6","period":"2085","key":"pr","value":3.1,"estimate":"q95","season":"DJF"},{"bfs_id":4131,"rcp":"RCP2.6","period":"2085","key":"pr","value":3.4,"estimate":"q95","season":"MAM"},{"bfs_id":4131,"rcp":"RCP2.6","period":"2085","key":"pr","value":4,"estimate":"q95","season":"JJA"},{"bfs_id":4131,"rcp":"RCP2.6","period":"2085","key":"pr","value":3.2,"estimate":"q95","season":"SON"},{"bfs_id":4131,"rcp":"RCP8.5","period":"2035","key":"pr","value":2.5,"estimate":"q5","season":"DJF"},{"bfs_id":4131,"rcp":"RCP8.5","period":"2035","key":"pr","value":2.8,"estimate":"q5","season":"MAM"},{"bfs_id":4131,"rcp":"RCP8.5","period":"2035","key":"pr","value":3,"estimate":"q5","season":"JJA"},{"bfs_id":4131,"rcp":"RCP8.5","period":"2035","key":"pr","value":2.6,"estimate":"q5","season":"SON"},{"bfs_id":4131,"rcp":"RCP8.5","period":"2035","key":"pr","value":2.9,"estimate":"q50","season":"DJF"},{"bfs_id":4131,"rcp":"RCP8.5","period":"2035","key":"pr","value":3.1,"estimate":"q50","season":"MAM"},{"bfs_id":4131,"rcp":"RCP8.5","period":"2035","key":"pr","value":3.6,"estimate":"q50","season":"JJA"},{"bfs_id":4131,"rcp":"RCP8.5","period":"2035","key":"pr","value":2.9,"estimate":"q50","season":"SON"},{"bfs_id":4131,"rcp":"RCP8.5","period":"2035","key":"pr","value":3.1,"estimate":"q95","season":"DJF"},{"bfs_id":4131,"rcp":"RCP8.5","period":"2035","key":"pr","value":3.4,"estimate":"q95","season":"MAM"},{"bfs_id":4131,"rcp":"RCP8.5","period":"2035","key":"pr","value":4,"estimate":"q95","season":"JJA"},{"bfs_id":4131,"rcp":"RCP8.5","period":"2035","key":"pr","value":3.3,"estimate":"q95","season":"SON"},{"bfs_id":4131,"rcp":"RCP8.5","period":"2060","key":"pr","value":2.7,"estimate":"q5","season":"DJF"},{"bfs_id":4131,"rcp":"RCP8.5","period":"2060","key":"pr","value":3,"estimate":"q5","season":"MAM"},{"bfs_id":4131,"rcp":"RCP8.5","period":"2060","key":"pr","value":2.4,"estimate":"q5","season":"JJA"},{"bfs_id":4131,"rcp":"RCP8.5","period":"2060","key":"pr","value":2.5,"estimate":"q5","season":"SON"},{"bfs_id":4131,"rcp":"RCP8.5","period":"2060","key":"pr","value":2.9,"estimate":"q50","season":"DJF"},{"bfs_id":4131,"rcp":"RCP8.5","period":"2060","key":"pr","value":3.2,"estimate":"q50","season":"MAM"},{"bfs_id":4131,"rcp":"RCP8.5","period":"2060","key":"pr","value":3.4,"estimate":"q50","season":"JJA"},{"bfs_id":4131,"rcp":"RCP8.5","period":"2060","key":"pr","value":2.9,"estimate":"q50","season":"SON"},{"bfs_id":4131,"rcp":"RCP8.5","period":"2060","key":"pr","value":3.3,"estimate":"q95","season":"DJF"},{"bfs_id":4131,"rcp":"RCP8.5","period":"2060","key":"pr","value":3.6,"estimate":"q95","season":"MAM"},{"bfs_id":4131,"rcp":"RCP8.5","period":"2060","key":"pr","value":3.7,"estimate":"q95","season":"JJA"},{"bfs_id":4131,"rcp":"RCP8.5","period":"2060","key":"pr","value":3.2,"estimate":"q95","season":"SON"},{"bfs_id":4131,"rcp":"RCP8.5","period":"2085","key":"pr","value":3,"estimate":"q5","season":"DJF"},{"bfs_id":4131,"rcp":"RCP8.5","period":"2085","key":"pr","value":3,"estimate":"q5","season":"MAM"},{"bfs_id":4131,"rcp":"RCP8.5","period":"2085","key":"pr","value":2.1,"estimate":"q5","season":"JJA"},{"bfs_id":4131,"rcp":"RCP8.5","period":"2085","key":"pr","value":2.3,"estimate":"q5","season":"SON"},{"bfs_id":4131,"rcp":"RCP8.5","period":"2085","key":"pr","value":3.2,"estimate":"q50","season":"DJF"},{"bfs_id":4131,"rcp":"RCP8.5","period":"2085","key":"pr","value":3.4,"estimate":"q50","season":"MAM"},{"bfs_id":4131,"rcp":"RCP8.5","period":"2085","key":"pr","value":3,"estimate":"q50","season":"JJA"},{"bfs_id":4131,"rcp":"RCP8.5","period":"2085","key":"pr","value":2.9,"estimate":"q50","season":"SON"},{"bfs_id":4131,"rcp":"RCP8.5","period":"2085","key":"pr","value":3.7,"estimate":"q95","season":"DJF"},{"bfs_id":4131,"rcp":"RCP8.5","period":"2085","key":"pr","value":3.8,"estimate":"q95","season":"MAM"},{"bfs_id":4131,"rcp":"RCP8.5","period":"2085","key":"pr","value":3.5,"estimate":"q95","season":"JJA"},{"bfs_id":4131,"rcp":"RCP8.5","period":"2085","key":"pr","value":3.4,"estimate":"q95","season":"SON"},{"bfs_id":4131,"rcp":"RCP2.6","period":"2035","key":"tas","value":1.8,"estimate":"q5","season":"DJF"},{"bfs_id":4131,"rcp":"RCP2.6","period":"2035","key":"tas","value":9.4,"estimate":"q5","season":"MAM"},{"bfs_id":4131,"rcp":"RCP2.6","period":"2035","key":"tas","value":18.5,"estimate":"q5","season":"JJA"},{"bfs_id":4131,"rcp":"RCP2.6","period":"2035","key":"tas","value":10.3,"estimate":"q5","season":"SON"},{"bfs_id":4131,"rcp":"RCP2.6","period":"2035","key":"tas","value":2.3,"estimate":"q50","season":"DJF"},{"bfs_id":4131,"rcp":"RCP2.6","period":"2035","key":"tas","value":10,"estimate":"q50","season":"MAM"},{"bfs_id":4131,"rcp":"RCP2.6","period":"2035","key":"tas","value":19,"estimate":"q50","season":"JJA"},{"bfs_id":4131,"rcp":"RCP2.6","period":"2035","key":"tas","value":10.6,"estimate":"q50","season":"SON"},{"bfs_id":4131,"rcp":"RCP2.6","period":"2035","key":"tas","value":3.1,"estimate":"q95","season":"DJF"},{"bfs_id":4131,"rcp":"RCP2.6","period":"2035","key":"tas","value":10.3,"estimate":"q95","season":"MAM"},{"bfs_id":4131,"rcp":"RCP2.6","period":"2035","key":"tas","value":19.6,"estimate":"q95","season":"JJA"},{"bfs_id":4131,"rcp":"RCP2.6","period":"2035","key":"tas","value":11.5,"estimate":"q95","season":"SON"},{"bfs_id":4131,"rcp":"RCP2.6","period":"2060","key":"tas","value":1.8,"estimate":"q5","season":"DJF"},{"bfs_id":4131,"rcp":"RCP2.6","period":"2060","key":"tas","value":9.3,"estimate":"q5","season":"MAM"},{"bfs_id":4131,"rcp":"RCP2.6","period":"2060","key":"tas","value":18.8,"estimate":"q5","season":"JJA"},{"bfs_id":4131,"rcp":"RCP2.6","period":"2060","key":"tas","value":10.5,"estimate":"q5","season":"SON"},{"bfs_id":4131,"rcp":"RCP2.6","period":"2060","key":"tas","value":2.6,"estimate":"q50","season":"DJF"},{"bfs_id":4131,"rcp":"RCP2.6","period":"2060","key":"tas","value":10,"estimate":"q50","season":"MAM"},{"bfs_id":4131,"rcp":"RCP2.6","period":"2060","key":"tas","value":19.2,"estimate":"q50","season":"JJA"},{"bfs_id":4131,"rcp":"RCP2.6","period":"2060","key":"tas","value":10.9,"estimate":"q50","season":"SON"},{"bfs_id":4131,"rcp":"RCP2.6","period":"2060","key":"tas","value":3.1,"estimate":"q95","season":"DJF"},{"bfs_id":4131,"rcp":"RCP2.6","period":"2060","key":"tas","value":10.4,"estimate":"q95","season":"MAM"},{"bfs_id":4131,"rcp":"RCP2.6","period":"2060","key":"tas","value":19.7,"estimate":"q95","season":"JJA"},{"bfs_id":4131,"rcp":"RCP2.6","period":"2060","key":"tas","value":11.8,"estimate":"q95","season":"SON"},{"bfs_id":4131,"rcp":"RCP2.6","period":"2085","key":"tas","value":1.9,"estimate":"q5","season":"DJF"},{"bfs_id":4131,"rcp":"RCP2.6","period":"2085","key":"tas","value":9.4,"estimate":"q5","season":"MAM"},{"bfs_id":4131,"rcp":"RCP2.6","period":"2085","key":"tas","value":18.7,"estimate":"q5","season":"JJA"},{"bfs_id":4131,"rcp":"RCP2.6","period":"2085","key":"tas","value":10.3,"estimate":"q5","season":"SON"},{"bfs_id":4131,"rcp":"RCP2.6","period":"2085","key":"tas","value":2.6,"estimate":"q50","season":"DJF"},{"bfs_id":4131,"rcp":"RCP2.6","period":"2085","key":"tas","value":10.1,"estimate":"q50","season":"MAM"},{"bfs_id":4131,"rcp":"RCP2.6","period":"2085","key":"tas","value":19.1,"estimate":"q50","season":"JJA"},{"bfs_id":4131,"rcp":"RCP2.6","period":"2085","key":"tas","value":10.8,"estimate":"q50","season":"SON"},{"bfs_id":4131,"rcp":"RCP2.6","period":"2085","key":"tas","value":3.2,"estimate":"q95","season":"DJF"},{"bfs_id":4131,"rcp":"RCP2.6","period":"2085","key":"tas","value":10.5,"estimate":"q95","season":"MAM"},{"bfs_id":4131,"rcp":"RCP2.6","period":"2085","key":"tas","value":19.7,"estimate":"q95","season":"JJA"},{"bfs_id":4131,"rcp":"RCP2.6","period":"2085","key":"tas","value":11.8,"estimate":"q95","season":"SON"},{"bfs_id":4131,"rcp":"RCP8.5","period":"2035","key":"tas","value":1.7,"estimate":"q5","season":"DJF"},{"bfs_id":4131,"rcp":"RCP8.5","period":"2035","key":"tas","value":9.6,"estimate":"q5","season":"MAM"},{"bfs_id":4131,"rcp":"RCP8.5","period":"2035","key":"tas","value":18.9,"estimate":"q5","season":"JJA"},{"bfs_id":4131,"rcp":"RCP8.5","period":"2035","key":"tas","value":10.5,"estimate":"q5","season":"SON"},{"bfs_id":4131,"rcp":"RCP8.5","period":"2035","key":"tas","value":2.6,"estimate":"q50","season":"DJF"},{"bfs_id":4131,"rcp":"RCP8.5","period":"2035","key":"tas","value":10,"estimate":"q50","season":"MAM"},{"bfs_id":4131,"rcp":"RCP8.5","period":"2035","key":"tas","value":19.3,"estimate":"q50","season":"JJA"},{"bfs_id":4131,"rcp":"RCP8.5","period":"2035","key":"tas","value":11.1,"estimate":"q50","season":"SON"},{"bfs_id":4131,"rcp":"RCP8.5","period":"2035","key":"tas","value":3.1,"estimate":"q95","season":"DJF"},{"bfs_id":4131,"rcp":"RCP8.5","period":"2035","key":"tas","value":10.4,"estimate":"q95","season":"MAM"},{"bfs_id":4131,"rcp":"RCP8.5","period":"2035","key":"tas","value":19.9,"estimate":"q95","season":"JJA"},{"bfs_id":4131,"rcp":"RCP8.5","period":"2035","key":"tas","value":11.8,"estimate":"q95","season":"SON"},{"bfs_id":4131,"rcp":"RCP8.5","period":"2060","key":"tas","value":3.1,"estimate":"q5","season":"DJF"},{"bfs_id":4131,"rcp":"RCP8.5","period":"2060","key":"tas","value":10.4,"estimate":"q5","season":"MAM"},{"bfs_id":4131,"rcp":"RCP8.5","period":"2060","key":"tas","value":20,"estimate":"q5","season":"JJA"},{"bfs_id":4131,"rcp":"RCP8.5","period":"2060","key":"tas","value":11.6,"estimate":"q5","season":"SON"},{"bfs_id":4131,"rcp":"RCP8.5","period":"2060","key":"tas","value":3.4,"estimate":"q50","season":"DJF"},{"bfs_id":4131,"rcp":"RCP8.5","period":"2060","key":"tas","value":10.9,"estimate":"q50","season":"MAM"},{"bfs_id":4131,"rcp":"RCP8.5","period":"2060","key":"tas","value":20.6,"estimate":"q50","season":"JJA"},{"bfs_id":4131,"rcp":"RCP8.5","period":"2060","key":"tas","value":12.2,"estimate":"q50","season":"SON"},{"bfs_id":4131,"rcp":"RCP8.5","period":"2060","key":"tas","value":4.1,"estimate":"q95","season":"DJF"},{"bfs_id":4131,"rcp":"RCP8.5","period":"2060","key":"tas","value":11.5,"estimate":"q95","season":"MAM"},{"bfs_id":4131,"rcp":"RCP8.5","period":"2060","key":"tas","value":21.6,"estimate":"q95","season":"JJA"},{"bfs_id":4131,"rcp":"RCP8.5","period":"2060","key":"tas","value":13.1,"estimate":"q95","season":"SON"},{"bfs_id":4131,"rcp":"RCP8.5","period":"2085","key":"tas","value":4.1,"estimate":"q5","season":"DJF"},{"bfs_id":4131,"rcp":"RCP8.5","period":"2085","key":"tas","value":11.5,"estimate":"q5","season":"MAM"},{"bfs_id":4131,"rcp":"RCP8.5","period":"2085","key":"tas","value":21.3,"estimate":"q5","season":"JJA"},{"bfs_id":4131,"rcp":"RCP8.5","period":"2085","key":"tas","value":12.6,"estimate":"q5","season":"SON"},{"bfs_id":4131,"rcp":"RCP8.5","period":"2085","key":"tas","value":5.1,"estimate":"q50","season":"DJF"},{"bfs_id":4131,"rcp":"RCP8.5","period":"2085","key":"tas","value":12.3,"estimate":"q50","season":"MAM"},{"bfs_id":4131,"rcp":"RCP8.5","period":"2085","key":"tas","value":22.1,"estimate":"q50","season":"JJA"},{"bfs_id":4131,"rcp":"RCP8.5","period":"2085","key":"tas","value":13.6,"estimate":"q50","season":"SON"},{"bfs_id":4131,"rcp":"RCP8.5","period":"2085","key":"tas","value":5.8,"estimate":"q95","season":"DJF"},{"bfs_id":4131,"rcp":"RCP8.5","period":"2085","key":"tas","value":13.1,"estimate":"q95","season":"MAM"},{"bfs_id":4131,"rcp":"RCP8.5","period":"2085","key":"tas","value":24.2,"estimate":"q95","season":"JJA"},{"bfs_id":4131,"rcp":"RCP8.5","period":"2085","key":"tas","value":15.3,"estimate":"q95","season":"SON"},{"bfs_id":4131,"rcp":"obs","period":"1981-2010","key":"FD","value":82.3,"estimate":"yearly_mean"},{"bfs_id":4131,"rcp":"obs","period":"1981-2010","key":"HD","value":8.2,"estimate":"yearly_mean"},{"bfs_id":4131,"rcp":"obs","period":"1981-2010","key":"ID","value":19.8,"estimate":"yearly_mean"},{"bfs_id":4131,"rcp":"obs","period":"1981-2010","key":"SD","value":46,"estimate":"yearly_mean"},{"bfs_id":4131,"rcp":"obs","period":"1981-2010","key":"snowdays","value":17.2,"estimate":"yearly_mean"},{"bfs_id":4131,"rcp":"obs","period":"1981-2010","key":"TN","value":0,"estimate":"yearly_mean"},{"bfs_id":4131,"rcp":"obs","period":"1981-2010","key":"pr","value":2.5,"estimate":"mean","season":"DJF"},{"bfs_id":4131,"rcp":"obs","period":"1981-2010","key":"pr","value":2.9,"estimate":"mean","season":"MAM"},{"bfs_id":4131,"rcp":"obs","period":"1981-2010","key":"pr","value":3.8,"estimate":"mean","season":"JJA"},{"bfs_id":4131,"rcp":"obs","period":"1981-2010","key":"pr","value":2.8,"estimate":"mean","season":"SON"},{"bfs_id":4131,"rcp":"obs","period":"1981-2010","key":"tas","value":1.1,"estimate":"mean","season":"DJF"},{"bfs_id":4131,"rcp":"obs","period":"1981-2010","key":"tas","value":9.4,"estimate":"mean","season":"MAM"},{"bfs_id":4131,"rcp":"obs","period":"1981-2010","key":"tas","value":18,"estimate":"mean","season":"JJA"},{"bfs_id":4131,"rcp":"obs","period":"1981-2010","key":"tas","value":9.6,"estimate":"mean","season":"SON"}]
