[{"bfs_id":2525,"rcp":"RCP2.6","period":"2035","key":"FD","value":63.5,"estimate":"q5"},{"bfs_id":2525,"rcp":"RCP2.6","period":"2035","key":"FD","value":74.7,"estimate":"q50"},{"bfs_id":2525,"rcp":"RCP2.6","period":"2035","key":"FD","value":80.3,"estimate":"q95"},{"bfs_id":2525,"rcp":"RCP2.6","period":"2060","key":"FD","value":61.2,"estimate":"q5"},{"bfs_id":2525,"rcp":"RCP2.6","period":"2060","key":"FD","value":71,"estimate":"q50"},{"bfs_id":2525,"rcp":"RCP2.6","period":"2060","key":"FD","value":77.9,"estimate":"q95"},{"bfs_id":2525,"rcp":"RCP2.6","period":"2085","key":"FD","value":61.3,"estimate":"q5"},{"bfs_id":2525,"rcp":"RCP2.6","period":"2085","key":"FD","value":71,"estimate":"q50"},{"bfs_id":2525,"rcp":"RCP2.6","period":"2085","key":"FD","value":78.8,"estimate":"q95"},{"bfs_id":2525,"rcp":"RCP8.5","period":"2035","key":"FD","value":61,"estimate":"q5"},{"bfs_id":2525,"rcp":"RCP8.5","period":"2035","key":"FD","value":71,"estimate":"q50"},{"bfs_id":2525,"rcp":"RCP8.5","period":"2035","key":"FD","value":76.6,"estimate":"q95"},{"bfs_id":2525,"rcp":"RCP8.5","period":"2060","key":"FD","value":48.7,"estimate":"q5"},{"bfs_id":2525,"rcp":"RCP8.5","period":"2060","key":"FD","value":56,"estimate":"q50"},{"bfs_id":2525,"rcp":"RCP8.5","period":"2060","key":"FD","value":64.7,"estimate":"q95"},{"bfs_id":2525,"rcp":"RCP8.5","period":"2085","key":"FD","value":29.9,"estimate":"q5"},{"bfs_id":2525,"rcp":"RCP8.5","period":"2085","key":"FD","value":36.4,"estimate":"q50"},{"bfs_id":2525,"rcp":"RCP8.5","period":"2085","key":"FD","value":48.9,"estimate":"q95"},{"bfs_id":2525,"rcp":"RCP2.6","period":"2035","key":"HD","value":12.5,"estimate":"q5"},{"bfs_id":2525,"rcp":"RCP2.6","period":"2035","key":"HD","value":16.3,"estimate":"q50"},{"bfs_id":2525,"rcp":"RCP2.6","period":"2035","key":"HD","value":22,"estimate":"q95"},{"bfs_id":2525,"rcp":"RCP2.6","period":"2060","key":"HD","value":13.8,"estimate":"q5"},{"bfs_id":2525,"rcp":"RCP2.6","period":"2060","key":"HD","value":16.7,"estimate":"q50"},{"bfs_id":2525,"rcp":"RCP2.6","period":"2060","key":"HD","value":24.9,"estimate":"q95"},{"bfs_id":2525,"rcp":"RCP2.6","period":"2085","key":"HD","value":13,"estimate":"q5"},{"bfs_id":2525,"rcp":"RCP2.6","period":"2085","key":"HD","value":15.8,"estimate":"q50"},{"bfs_id":2525,"rcp":"RCP2.6","period":"2085","key":"HD","value":24.2,"estimate":"q95"},{"bfs_id":2525,"rcp":"RCP8.5","period":"2035","key":"HD","value":13.4,"estimate":"q5"},{"bfs_id":2525,"rcp":"RCP8.5","period":"2035","key":"HD","value":17.3,"estimate":"q50"},{"bfs_id":2525,"rcp":"RCP8.5","period":"2035","key":"HD","value":24.2,"estimate":"q95"},{"bfs_id":2525,"rcp":"RCP8.5","period":"2060","key":"HD","value":20.7,"estimate":"q5"},{"bfs_id":2525,"rcp":"RCP8.5","period":"2060","key":"HD","value":27.5,"estimate":"q50"},{"bfs_id":2525,"rcp":"RCP8.5","period":"2060","key":"HD","value":41.3,"estimate":"q95"},{"bfs_id":2525,"rcp":"RCP8.5","period":"2085","key":"HD","value":36.2,"estimate":"q5"},{"bfs_id":2525,"rcp":"RCP8.5","period":"2085","key":"HD","value":41.8,"estimate":"q50"},{"bfs_id":2525,"rcp":"RCP8.5","period":"2085","key":"HD","value":68.1,"estimate":"q95"},{"bfs_id":2525,"rcp":"RCP2.6","period":"2035","key":"ID","value":10.6,"estimate":"q5"},{"bfs_id":2525,"rcp":"RCP2.6","period":"2035","key":"ID","value":14.2,"estimate":"q50"},{"bfs_id":2525,"rcp":"RCP2.6","period":"2035","key":"ID","value":17.3,"estimate":"q95"},{"bfs_id":2525,"rcp":"RCP2.6","period":"2060","key":"ID","value":9.8,"estimate":"q5"},{"bfs_id":2525,"rcp":"RCP2.6","period":"2060","key":"ID","value":13.5,"estimate":"q50"},{"bfs_id":2525,"rcp":"RCP2.6","period":"2060","key":"ID","value":16.4,"estimate":"q95"},{"bfs_id":2525,"rcp":"RCP2.6","period":"2085","key":"ID","value":10.1,"estimate":"q5"},{"bfs_id":2525,"rcp":"RCP2.6","period":"2085","key":"ID","value":13.1,"estimate":"q50"},{"bfs_id":2525,"rcp":"RCP2.6","period":"2085","key":"ID","value":16.7,"estimate":"q95"},{"bfs_id":2525,"rcp":"RCP8.5","period":"2035","key":"ID","value":10.5,"estimate":"q5"},{"bfs_id":2525,"rcp":"RCP8.5","period":"2035","key":"ID","value":12.2,"estimate":"q50"},{"bfs_id":2525,"rcp":"RCP8.5","period":"2035","key":"ID","value":16.9,"estimate":"q95"},{"bfs_id":2525,"rcp":"RCP8.5","period":"2060","key":"ID","value":7.2,"estimate":"q5"},{"bfs_id":2525,"rcp":"RCP8.5","period":"2060","key":"ID","value":9.4,"estimate":"q50"},{"bfs_id":2525,"rcp":"RCP8.5","period":"2060","key":"ID","value":11.2,"estimate":"q95"},{"bfs_id":2525,"rcp":"RCP8.5","period":"2085","key":"ID","value":2,"estimate":"q5"},{"bfs_id":2525,"rcp":"RCP8.5","period":"2085","key":"ID","value":4.2,"estimate":"q50"},{"bfs_id":2525,"rcp":"RCP8.5","period":"2085","key":"ID","value":6.5,"estimate":"q95"},{"bfs_id":2525,"rcp":"RCP2.6","period":"2035","key":"SD","value":55,"estimate":"q5"},{"bfs_id":2525,"rcp":"RCP2.6","period":"2035","key":"SD","value":61.2,"estimate":"q50"},{"bfs_id":2525,"rcp":"RCP2.6","period":"2035","key":"SD","value":69.2,"estimate":"q95"},{"bfs_id":2525,"rcp":"RCP2.6","period":"2060","key":"SD","value":55.7,"estimate":"q5"},{"bfs_id":2525,"rcp":"RCP2.6","period":"2060","key":"SD","value":62.4,"estimate":"q50"},{"bfs_id":2525,"rcp":"RCP2.6","period":"2060","key":"SD","value":68.7,"estimate":"q95"},{"bfs_id":2525,"rcp":"RCP2.6","period":"2085","key":"SD","value":54.6,"estimate":"q5"},{"bfs_id":2525,"rcp":"RCP2.6","period":"2085","key":"SD","value":62.5,"estimate":"q50"},{"bfs_id":2525,"rcp":"RCP2.6","period":"2085","key":"SD","value":68.2,"estimate":"q95"},{"bfs_id":2525,"rcp":"RCP8.5","period":"2035","key":"SD","value":57.5,"estimate":"q5"},{"bfs_id":2525,"rcp":"RCP8.5","period":"2035","key":"SD","value":63.2,"estimate":"q50"},{"bfs_id":2525,"rcp":"RCP8.5","period":"2035","key":"SD","value":69.3,"estimate":"q95"},{"bfs_id":2525,"rcp":"RCP8.5","period":"2060","key":"SD","value":73.2,"estimate":"q5"},{"bfs_id":2525,"rcp":"RCP8.5","period":"2060","key":"SD","value":78.9,"estimate":"q50"},{"bfs_id":2525,"rcp":"RCP8.5","period":"2060","key":"SD","value":93.3,"estimate":"q95"},{"bfs_id":2525,"rcp":"RCP8.5","period":"2085","key":"SD","value":88.9,"estimate":"q5"},{"bfs_id":2525,"rcp":"RCP8.5","period":"2085","key":"SD","value":101.2,"estimate":"q50"},{"bfs_id":2525,"rcp":"RCP8.5","period":"2085","key":"SD","value":119.1,"estimate":"q95"},{"bfs_id":2525,"rcp":"RCP2.6","period":"2035","key":"snowdays","value":14.2,"estimate":"q5"},{"bfs_id":2525,"rcp":"RCP2.6","period":"2035","key":"snowdays","value":19.1,"estimate":"q50"},{"bfs_id":2525,"rcp":"RCP2.6","period":"2035","key":"snowdays","value":21.6,"estimate":"q95"},{"bfs_id":2525,"rcp":"RCP2.6","period":"2060","key":"snowdays","value":13.3,"estimate":"q5"},{"bfs_id":2525,"rcp":"RCP2.6","period":"2060","key":"snowdays","value":17.4,"estimate":"q50"},{"bfs_id":2525,"rcp":"RCP2.6","period":"2060","key":"snowdays","value":22,"estimate":"q95"},{"bfs_id":2525,"rcp":"RCP2.6","period":"2085","key":"snowdays","value":13.5,"estimate":"q5"},{"bfs_id":2525,"rcp":"RCP2.6","period":"2085","key":"snowdays","value":17.7,"estimate":"q50"},{"bfs_id":2525,"rcp":"RCP2.6","period":"2085","key":"snowdays","value":21.7,"estimate":"q95"},{"bfs_id":2525,"rcp":"RCP8.5","period":"2035","key":"snowdays","value":12.3,"estimate":"q5"},{"bfs_id":2525,"rcp":"RCP8.5","period":"2035","key":"snowdays","value":17.6,"estimate":"q50"},{"bfs_id":2525,"rcp":"RCP8.5","period":"2035","key":"snowdays","value":20.9,"estimate":"q95"},{"bfs_id":2525,"rcp":"RCP8.5","period":"2060","key":"snowdays","value":9.3,"estimate":"q5"},{"bfs_id":2525,"rcp":"RCP8.5","period":"2060","key":"snowdays","value":13.3,"estimate":"q50"},{"bfs_id":2525,"rcp":"RCP8.5","period":"2060","key":"snowdays","value":15.5,"estimate":"q95"},{"bfs_id":2525,"rcp":"RCP8.5","period":"2085","key":"snowdays","value":4.3,"estimate":"q5"},{"bfs_id":2525,"rcp":"RCP8.5","period":"2085","key":"snowdays","value":7.8,"estimate":"q50"},{"bfs_id":2525,"rcp":"RCP8.5","period":"2085","key":"snowdays","value":11.4,"estimate":"q95"},{"bfs_id":2525,"rcp":"RCP2.6","period":"2035","key":"TN","value":0.1,"estimate":"q5"},{"bfs_id":2525,"rcp":"RCP2.6","period":"2035","key":"TN","value":0.5,"estimate":"q50"},{"bfs_id":2525,"rcp":"RCP2.6","period":"2035","key":"TN","value":1.1,"estimate":"q95"},{"bfs_id":2525,"rcp":"RCP2.6","period":"2060","key":"TN","value":0.1,"estimate":"q5"},{"bfs_id":2525,"rcp":"RCP2.6","period":"2060","key":"TN","value":0.6,"estimate":"q50"},{"bfs_id":2525,"rcp":"RCP2.6","period":"2060","key":"TN","value":1.4,"estimate":"q95"},{"bfs_id":2525,"rcp":"RCP2.6","period":"2085","key":"TN","value":0.1,"estimate":"q5"},{"bfs_id":2525,"rcp":"RCP2.6","period":"2085","key":"TN","value":0.6,"estimate":"q50"},{"bfs_id":2525,"rcp":"RCP2.6","period":"2085","key":"TN","value":1.2,"estimate":"q95"},{"bfs_id":2525,"rcp":"RCP8.5","period":"2035","key":"TN","value":0.3,"estimate":"q5"},{"bfs_id":2525,"rcp":"RCP8.5","period":"2035","key":"TN","value":0.6,"estimate":"q50"},{"bfs_id":2525,"rcp":"RCP8.5","period":"2035","key":"TN","value":2.3,"estimate":"q95"},{"bfs_id":2525,"rcp":"RCP8.5","period":"2060","key":"TN","value":1.2,"estimate":"q5"},{"bfs_id":2525,"rcp":"RCP8.5","period":"2060","key":"TN","value":3.6,"estimate":"q50"},{"bfs_id":2525,"rcp":"RCP8.5","period":"2060","key":"TN","value":7.2,"estimate":"q95"},{"bfs_id":2525,"rcp":"RCP8.5","period":"2085","key":"TN","value":6.2,"estimate":"q5"},{"bfs_id":2525,"rcp":"RCP8.5","period":"2085","key":"TN","value":10.1,"estimate":"q50"},{"bfs_id":2525,"rcp":"RCP8.5","period":"2085","key":"TN","value":26.4,"estimate":"q95"},{"bfs_id":2525,"rcp":"RCP2.6","period":"2035","key":"pr","value":2.6,"estimate":"q5","season":"DJF"},{"bfs_id":2525,"rcp":"RCP2.6","period":"2035","key":"pr","value":2.7,"estimate":"q5","season":"MAM"},{"bfs_id":2525,"rcp":"RCP2.6","period":"2035","key":"pr","value":3,"estimate":"q5","season":"JJA"},{"bfs_id":2525,"rcp":"RCP2.6","period":"2035","key":"pr","value":2.7,"estimate":"q5","season":"SON"},{"bfs_id":2525,"rcp":"RCP2.6","period":"2035","key":"pr","value":3,"estimate":"q50","season":"DJF"},{"bfs_id":2525,"rcp":"RCP2.6","period":"2035","key":"pr","value":3.1,"estimate":"q50","season":"MAM"},{"bfs_id":2525,"rcp":"RCP2.6","period":"2035","key":"pr","value":3.4,"estimate":"q50","season":"JJA"},{"bfs_id":2525,"rcp":"RCP2.6","period":"2035","key":"pr","value":2.9,"estimate":"q50","season":"SON"},{"bfs_id":2525,"rcp":"RCP2.6","period":"2035","key":"pr","value":3.5,"estimate":"q95","season":"DJF"},{"bfs_id":2525,"rcp":"RCP2.6","period":"2035","key":"pr","value":3.4,"estimate":"q95","season":"MAM"},{"bfs_id":2525,"rcp":"RCP2.6","period":"2035","key":"pr","value":3.9,"estimate":"q95","season":"JJA"},{"bfs_id":2525,"rcp":"RCP2.6","period":"2035","key":"pr","value":3.5,"estimate":"q95","season":"SON"},{"bfs_id":2525,"rcp":"RCP2.6","period":"2060","key":"pr","value":2.7,"estimate":"q5","season":"DJF"},{"bfs_id":2525,"rcp":"RCP2.6","period":"2060","key":"pr","value":2.9,"estimate":"q5","season":"MAM"},{"bfs_id":2525,"rcp":"RCP2.6","period":"2060","key":"pr","value":2.7,"estimate":"q5","season":"JJA"},{"bfs_id":2525,"rcp":"RCP2.6","period":"2060","key":"pr","value":2.8,"estimate":"q5","season":"SON"},{"bfs_id":2525,"rcp":"RCP2.6","period":"2060","key":"pr","value":3,"estimate":"q50","season":"DJF"},{"bfs_id":2525,"rcp":"RCP2.6","period":"2060","key":"pr","value":3.1,"estimate":"q50","season":"MAM"},{"bfs_id":2525,"rcp":"RCP2.6","period":"2060","key":"pr","value":3.3,"estimate":"q50","season":"JJA"},{"bfs_id":2525,"rcp":"RCP2.6","period":"2060","key":"pr","value":3,"estimate":"q50","season":"SON"},{"bfs_id":2525,"rcp":"RCP2.6","period":"2060","key":"pr","value":3.3,"estimate":"q95","season":"DJF"},{"bfs_id":2525,"rcp":"RCP2.6","period":"2060","key":"pr","value":3.4,"estimate":"q95","season":"MAM"},{"bfs_id":2525,"rcp":"RCP2.6","period":"2060","key":"pr","value":3.8,"estimate":"q95","season":"JJA"},{"bfs_id":2525,"rcp":"RCP2.6","period":"2060","key":"pr","value":3.4,"estimate":"q95","season":"SON"},{"bfs_id":2525,"rcp":"RCP2.6","period":"2085","key":"pr","value":2.7,"estimate":"q5","season":"DJF"},{"bfs_id":2525,"rcp":"RCP2.6","period":"2085","key":"pr","value":2.8,"estimate":"q5","season":"MAM"},{"bfs_id":2525,"rcp":"RCP2.6","period":"2085","key":"pr","value":2.7,"estimate":"q5","season":"JJA"},{"bfs_id":2525,"rcp":"RCP2.6","period":"2085","key":"pr","value":2.6,"estimate":"q5","season":"SON"},{"bfs_id":2525,"rcp":"RCP2.6","period":"2085","key":"pr","value":3.1,"estimate":"q50","season":"DJF"},{"bfs_id":2525,"rcp":"RCP2.6","period":"2085","key":"pr","value":3,"estimate":"q50","season":"MAM"},{"bfs_id":2525,"rcp":"RCP2.6","period":"2085","key":"pr","value":3.4,"estimate":"q50","season":"JJA"},{"bfs_id":2525,"rcp":"RCP2.6","period":"2085","key":"pr","value":3,"estimate":"q50","season":"SON"},{"bfs_id":2525,"rcp":"RCP2.6","period":"2085","key":"pr","value":3.4,"estimate":"q95","season":"DJF"},{"bfs_id":2525,"rcp":"RCP2.6","period":"2085","key":"pr","value":3.4,"estimate":"q95","season":"MAM"},{"bfs_id":2525,"rcp":"RCP2.6","period":"2085","key":"pr","value":3.9,"estimate":"q95","season":"JJA"},{"bfs_id":2525,"rcp":"RCP2.6","period":"2085","key":"pr","value":3.5,"estimate":"q95","season":"SON"},{"bfs_id":2525,"rcp":"RCP8.5","period":"2035","key":"pr","value":2.8,"estimate":"q5","season":"DJF"},{"bfs_id":2525,"rcp":"RCP8.5","period":"2035","key":"pr","value":2.9,"estimate":"q5","season":"MAM"},{"bfs_id":2525,"rcp":"RCP8.5","period":"2035","key":"pr","value":2.8,"estimate":"q5","season":"JJA"},{"bfs_id":2525,"rcp":"RCP8.5","period":"2035","key":"pr","value":2.7,"estimate":"q5","season":"SON"},{"bfs_id":2525,"rcp":"RCP8.5","period":"2035","key":"pr","value":3.2,"estimate":"q50","season":"DJF"},{"bfs_id":2525,"rcp":"RCP8.5","period":"2035","key":"pr","value":3.2,"estimate":"q50","season":"MAM"},{"bfs_id":2525,"rcp":"RCP8.5","period":"2035","key":"pr","value":3.5,"estimate":"q50","season":"JJA"},{"bfs_id":2525,"rcp":"RCP8.5","period":"2035","key":"pr","value":3.2,"estimate":"q50","season":"SON"},{"bfs_id":2525,"rcp":"RCP8.5","period":"2035","key":"pr","value":3.4,"estimate":"q95","season":"DJF"},{"bfs_id":2525,"rcp":"RCP8.5","period":"2035","key":"pr","value":3.4,"estimate":"q95","season":"MAM"},{"bfs_id":2525,"rcp":"RCP8.5","period":"2035","key":"pr","value":3.7,"estimate":"q95","season":"JJA"},{"bfs_id":2525,"rcp":"RCP8.5","period":"2035","key":"pr","value":3.4,"estimate":"q95","season":"SON"},{"bfs_id":2525,"rcp":"RCP8.5","period":"2060","key":"pr","value":2.9,"estimate":"q5","season":"DJF"},{"bfs_id":2525,"rcp":"RCP8.5","period":"2060","key":"pr","value":3.1,"estimate":"q5","season":"MAM"},{"bfs_id":2525,"rcp":"RCP8.5","period":"2060","key":"pr","value":2.5,"estimate":"q5","season":"JJA"},{"bfs_id":2525,"rcp":"RCP8.5","period":"2060","key":"pr","value":2.7,"estimate":"q5","season":"SON"},{"bfs_id":2525,"rcp":"RCP8.5","period":"2060","key":"pr","value":3.2,"estimate":"q50","season":"DJF"},{"bfs_id":2525,"rcp":"RCP8.5","period":"2060","key":"pr","value":3.3,"estimate":"q50","season":"MAM"},{"bfs_id":2525,"rcp":"RCP8.5","period":"2060","key":"pr","value":3.3,"estimate":"q50","season":"JJA"},{"bfs_id":2525,"rcp":"RCP8.5","period":"2060","key":"pr","value":3.1,"estimate":"q50","season":"SON"},{"bfs_id":2525,"rcp":"RCP8.5","period":"2060","key":"pr","value":3.5,"estimate":"q95","season":"DJF"},{"bfs_id":2525,"rcp":"RCP8.5","period":"2060","key":"pr","value":3.7,"estimate":"q95","season":"MAM"},{"bfs_id":2525,"rcp":"RCP8.5","period":"2060","key":"pr","value":3.7,"estimate":"q95","season":"JJA"},{"bfs_id":2525,"rcp":"RCP8.5","period":"2060","key":"pr","value":3.4,"estimate":"q95","season":"SON"},{"bfs_id":2525,"rcp":"RCP8.5","period":"2085","key":"pr","value":3.1,"estimate":"q5","season":"DJF"},{"bfs_id":2525,"rcp":"RCP8.5","period":"2085","key":"pr","value":3,"estimate":"q5","season":"MAM"},{"bfs_id":2525,"rcp":"RCP8.5","period":"2085","key":"pr","value":2,"estimate":"q5","season":"JJA"},{"bfs_id":2525,"rcp":"RCP8.5","period":"2085","key":"pr","value":2.6,"estimate":"q5","season":"SON"},{"bfs_id":2525,"rcp":"RCP8.5","period":"2085","key":"pr","value":3.5,"estimate":"q50","season":"DJF"},{"bfs_id":2525,"rcp":"RCP8.5","period":"2085","key":"pr","value":3.4,"estimate":"q50","season":"MAM"},{"bfs_id":2525,"rcp":"RCP8.5","period":"2085","key":"pr","value":2.9,"estimate":"q50","season":"JJA"},{"bfs_id":2525,"rcp":"RCP8.5","period":"2085","key":"pr","value":3.1,"estimate":"q50","season":"SON"},{"bfs_id":2525,"rcp":"RCP8.5","period":"2085","key":"pr","value":3.9,"estimate":"q95","season":"DJF"},{"bfs_id":2525,"rcp":"RCP8.5","period":"2085","key":"pr","value":3.8,"estimate":"q95","season":"MAM"},{"bfs_id":2525,"rcp":"RCP8.5","period":"2085","key":"pr","value":3.5,"estimate":"q95","season":"JJA"},{"bfs_id":2525,"rcp":"RCP8.5","period":"2085","key":"pr","value":3.6,"estimate":"q95","season":"SON"},{"bfs_id":2525,"rcp":"RCP2.6","period":"2035","key":"tas","value":1.3,"estimate":"q5","season":"DJF"},{"bfs_id":2525,"rcp":"RCP2.6","period":"2035","key":"tas","value":9.1,"estimate":"q5","season":"MAM"},{"bfs_id":2525,"rcp":"RCP2.6","period":"2035","key":"tas","value":18.2,"estimate":"q5","season":"JJA"},{"bfs_id":2525,"rcp":"RCP2.6","period":"2035","key":"tas","value":10.1,"estimate":"q5","season":"SON"},{"bfs_id":2525,"rcp":"RCP2.6","period":"2035","key":"tas","value":1.8,"estimate":"q50","season":"DJF"},{"bfs_id":2525,"rcp":"RCP2.6","period":"2035","key":"tas","value":9.7,"estimate":"q50","season":"MAM"},{"bfs_id":2525,"rcp":"RCP2.6","period":"2035","key":"tas","value":18.8,"estimate":"q50","season":"JJA"},{"bfs_id":2525,"rcp":"RCP2.6","period":"2035","key":"tas","value":10.4,"estimate":"q50","season":"SON"},{"bfs_id":2525,"rcp":"RCP2.6","period":"2035","key":"tas","value":2.6,"estimate":"q95","season":"DJF"},{"bfs_id":2525,"rcp":"RCP2.6","period":"2035","key":"tas","value":10,"estimate":"q95","season":"MAM"},{"bfs_id":2525,"rcp":"RCP2.6","period":"2035","key":"tas","value":19.3,"estimate":"q95","season":"JJA"},{"bfs_id":2525,"rcp":"RCP2.6","period":"2035","key":"tas","value":11.3,"estimate":"q95","season":"SON"},{"bfs_id":2525,"rcp":"RCP2.6","period":"2060","key":"tas","value":1.3,"estimate":"q5","season":"DJF"},{"bfs_id":2525,"rcp":"RCP2.6","period":"2060","key":"tas","value":9,"estimate":"q5","season":"MAM"},{"bfs_id":2525,"rcp":"RCP2.6","period":"2060","key":"tas","value":18.5,"estimate":"q5","season":"JJA"},{"bfs_id":2525,"rcp":"RCP2.6","period":"2060","key":"tas","value":10.3,"estimate":"q5","season":"SON"},{"bfs_id":2525,"rcp":"RCP2.6","period":"2060","key":"tas","value":2.1,"estimate":"q50","season":"DJF"},{"bfs_id":2525,"rcp":"RCP2.6","period":"2060","key":"tas","value":9.6,"estimate":"q50","season":"MAM"},{"bfs_id":2525,"rcp":"RCP2.6","period":"2060","key":"tas","value":18.9,"estimate":"q50","season":"JJA"},{"bfs_id":2525,"rcp":"RCP2.6","period":"2060","key":"tas","value":10.7,"estimate":"q50","season":"SON"},{"bfs_id":2525,"rcp":"RCP2.6","period":"2060","key":"tas","value":2.7,"estimate":"q95","season":"DJF"},{"bfs_id":2525,"rcp":"RCP2.6","period":"2060","key":"tas","value":10.2,"estimate":"q95","season":"MAM"},{"bfs_id":2525,"rcp":"RCP2.6","period":"2060","key":"tas","value":19.5,"estimate":"q95","season":"JJA"},{"bfs_id":2525,"rcp":"RCP2.6","period":"2060","key":"tas","value":11.7,"estimate":"q95","season":"SON"},{"bfs_id":2525,"rcp":"RCP2.6","period":"2085","key":"tas","value":1.4,"estimate":"q5","season":"DJF"},{"bfs_id":2525,"rcp":"RCP2.6","period":"2085","key":"tas","value":9.1,"estimate":"q5","season":"MAM"},{"bfs_id":2525,"rcp":"RCP2.6","period":"2085","key":"tas","value":18.4,"estimate":"q5","season":"JJA"},{"bfs_id":2525,"rcp":"RCP2.6","period":"2085","key":"tas","value":10.1,"estimate":"q5","season":"SON"},{"bfs_id":2525,"rcp":"RCP2.6","period":"2085","key":"tas","value":2.1,"estimate":"q50","season":"DJF"},{"bfs_id":2525,"rcp":"RCP2.6","period":"2085","key":"tas","value":9.7,"estimate":"q50","season":"MAM"},{"bfs_id":2525,"rcp":"RCP2.6","period":"2085","key":"tas","value":18.8,"estimate":"q50","season":"JJA"},{"bfs_id":2525,"rcp":"RCP2.6","period":"2085","key":"tas","value":10.7,"estimate":"q50","season":"SON"},{"bfs_id":2525,"rcp":"RCP2.6","period":"2085","key":"tas","value":2.8,"estimate":"q95","season":"DJF"},{"bfs_id":2525,"rcp":"RCP2.6","period":"2085","key":"tas","value":10.2,"estimate":"q95","season":"MAM"},{"bfs_id":2525,"rcp":"RCP2.6","period":"2085","key":"tas","value":19.4,"estimate":"q95","season":"JJA"},{"bfs_id":2525,"rcp":"RCP2.6","period":"2085","key":"tas","value":11.6,"estimate":"q95","season":"SON"},{"bfs_id":2525,"rcp":"RCP8.5","period":"2035","key":"tas","value":1.3,"estimate":"q5","season":"DJF"},{"bfs_id":2525,"rcp":"RCP8.5","period":"2035","key":"tas","value":9.3,"estimate":"q5","season":"MAM"},{"bfs_id":2525,"rcp":"RCP8.5","period":"2035","key":"tas","value":18.7,"estimate":"q5","season":"JJA"},{"bfs_id":2525,"rcp":"RCP8.5","period":"2035","key":"tas","value":10.4,"estimate":"q5","season":"SON"},{"bfs_id":2525,"rcp":"RCP8.5","period":"2035","key":"tas","value":2.2,"estimate":"q50","season":"DJF"},{"bfs_id":2525,"rcp":"RCP8.5","period":"2035","key":"tas","value":9.6,"estimate":"q50","season":"MAM"},{"bfs_id":2525,"rcp":"RCP8.5","period":"2035","key":"tas","value":19,"estimate":"q50","season":"JJA"},{"bfs_id":2525,"rcp":"RCP8.5","period":"2035","key":"tas","value":10.9,"estimate":"q50","season":"SON"},{"bfs_id":2525,"rcp":"RCP8.5","period":"2035","key":"tas","value":2.6,"estimate":"q95","season":"DJF"},{"bfs_id":2525,"rcp":"RCP8.5","period":"2035","key":"tas","value":10.1,"estimate":"q95","season":"MAM"},{"bfs_id":2525,"rcp":"RCP8.5","period":"2035","key":"tas","value":19.6,"estimate":"q95","season":"JJA"},{"bfs_id":2525,"rcp":"RCP8.5","period":"2035","key":"tas","value":11.7,"estimate":"q95","season":"SON"},{"bfs_id":2525,"rcp":"RCP8.5","period":"2060","key":"tas","value":2.5,"estimate":"q5","season":"DJF"},{"bfs_id":2525,"rcp":"RCP8.5","period":"2060","key":"tas","value":10.1,"estimate":"q5","season":"MAM"},{"bfs_id":2525,"rcp":"RCP8.5","period":"2060","key":"tas","value":19.6,"estimate":"q5","season":"JJA"},{"bfs_id":2525,"rcp":"RCP8.5","period":"2060","key":"tas","value":11.4,"estimate":"q5","season":"SON"},{"bfs_id":2525,"rcp":"RCP8.5","period":"2060","key":"tas","value":3,"estimate":"q50","season":"DJF"},{"bfs_id":2525,"rcp":"RCP8.5","period":"2060","key":"tas","value":10.5,"estimate":"q50","season":"MAM"},{"bfs_id":2525,"rcp":"RCP8.5","period":"2060","key":"tas","value":20.2,"estimate":"q50","season":"JJA"},{"bfs_id":2525,"rcp":"RCP8.5","period":"2060","key":"tas","value":12.1,"estimate":"q50","season":"SON"},{"bfs_id":2525,"rcp":"RCP8.5","period":"2060","key":"tas","value":3.6,"estimate":"q95","season":"DJF"},{"bfs_id":2525,"rcp":"RCP8.5","period":"2060","key":"tas","value":11.1,"estimate":"q95","season":"MAM"},{"bfs_id":2525,"rcp":"RCP8.5","period":"2060","key":"tas","value":21.1,"estimate":"q95","season":"JJA"},{"bfs_id":2525,"rcp":"RCP8.5","period":"2060","key":"tas","value":12.9,"estimate":"q95","season":"SON"},{"bfs_id":2525,"rcp":"RCP8.5","period":"2085","key":"tas","value":3.7,"estimate":"q5","season":"DJF"},{"bfs_id":2525,"rcp":"RCP8.5","period":"2085","key":"tas","value":11.1,"estimate":"q5","season":"MAM"},{"bfs_id":2525,"rcp":"RCP8.5","period":"2085","key":"tas","value":20.9,"estimate":"q5","season":"JJA"},{"bfs_id":2525,"rcp":"RCP8.5","period":"2085","key":"tas","value":12.5,"estimate":"q5","season":"SON"},{"bfs_id":2525,"rcp":"RCP8.5","period":"2085","key":"tas","value":4.7,"estimate":"q50","season":"DJF"},{"bfs_id":2525,"rcp":"RCP8.5","period":"2085","key":"tas","value":11.9,"estimate":"q50","season":"MAM"},{"bfs_id":2525,"rcp":"RCP8.5","period":"2085","key":"tas","value":21.7,"estimate":"q50","season":"JJA"},{"bfs_id":2525,"rcp":"RCP8.5","period":"2085","key":"tas","value":13.5,"estimate":"q50","season":"SON"},{"bfs_id":2525,"rcp":"RCP8.5","period":"2085","key":"tas","value":5.4,"estimate":"q95","season":"DJF"},{"bfs_id":2525,"rcp":"RCP8.5","period":"2085","key":"tas","value":12.8,"estimate":"q95","season":"MAM"},{"bfs_id":2525,"rcp":"RCP8.5","period":"2085","key":"tas","value":23.8,"estimate":"q95","season":"JJA"},{"bfs_id":2525,"rcp":"RCP8.5","period":"2085","key":"tas","value":15.1,"estimate":"q95","season":"SON"},{"bfs_id":2525,"rcp":"obs","period":"1981-2010","key":"FD","value":89.2,"estimate":"yearly_mean"},{"bfs_id":2525,"rcp":"obs","period":"1981-2010","key":"HD","value":9.2,"estimate":"yearly_mean"},{"bfs_id":2525,"rcp":"obs","period":"1981-2010","key":"ID","value":19.8,"estimate":"yearly_mean"},{"bfs_id":2525,"rcp":"obs","period":"1981-2010","key":"SD","value":47.9,"estimate":"yearly_mean"},{"bfs_id":2525,"rcp":"obs","period":"1981-2010","key":"snowdays","value":19.7,"estimate":"yearly_mean"},{"bfs_id":2525,"rcp":"obs","period":"1981-2010","key":"TN","value":0,"estimate":"yearly_mean"},{"bfs_id":2525,"rcp":"obs","period":"1981-2010","key":"pr","value":2.8,"estimate":"mean","season":"DJF"},{"bfs_id":2525,"rcp":"obs","period":"1981-2010","key":"pr","value":2.9,"estimate":"mean","season":"MAM"},{"bfs_id":2525,"rcp":"obs","period":"1981-2010","key":"pr","value":3.7,"estimate":"mean","season":"JJA"},{"bfs_id":2525,"rcp":"obs","period":"1981-2010","key":"pr","value":3,"estimate":"mean","season":"SON"},{"bfs_id":2525,"rcp":"obs","period":"1981-2010","key":"tas","value":0.6,"estimate":"mean","season":"DJF"},{"bfs_id":2525,"rcp":"obs","period":"1981-2010","key":"tas","value":9,"estimate":"mean","season":"MAM"},{"bfs_id":2525,"rcp":"obs","period":"1981-2010","key":"tas","value":17.8,"estimate":"mean","season":"JJA"},{"bfs_id":2525,"rcp":"obs","period":"1981-2010","key":"tas","value":9.4,"estimate":"mean","season":"SON"}]
