[{"bfs_id":6711,"rcp":"RCP2.6","period":"2035","key":"FD","value":59.5,"estimate":"q5"},{"bfs_id":6711,"rcp":"RCP2.6","period":"2035","key":"FD","value":72.4,"estimate":"q50"},{"bfs_id":6711,"rcp":"RCP2.6","period":"2035","key":"FD","value":78.8,"estimate":"q95"},{"bfs_id":6711,"rcp":"RCP2.6","period":"2060","key":"FD","value":59.8,"estimate":"q5"},{"bfs_id":6711,"rcp":"RCP2.6","period":"2060","key":"FD","value":68.9,"estimate":"q50"},{"bfs_id":6711,"rcp":"RCP2.6","period":"2060","key":"FD","value":78.4,"estimate":"q95"},{"bfs_id":6711,"rcp":"RCP2.6","period":"2085","key":"FD","value":59.2,"estimate":"q5"},{"bfs_id":6711,"rcp":"RCP2.6","period":"2085","key":"FD","value":69.3,"estimate":"q50"},{"bfs_id":6711,"rcp":"RCP2.6","period":"2085","key":"FD","value":76.7,"estimate":"q95"},{"bfs_id":6711,"rcp":"RCP8.5","period":"2035","key":"FD","value":56.9,"estimate":"q5"},{"bfs_id":6711,"rcp":"RCP8.5","period":"2035","key":"FD","value":68.4,"estimate":"q50"},{"bfs_id":6711,"rcp":"RCP8.5","period":"2035","key":"FD","value":74,"estimate":"q95"},{"bfs_id":6711,"rcp":"RCP8.5","period":"2060","key":"FD","value":48.1,"estimate":"q5"},{"bfs_id":6711,"rcp":"RCP8.5","period":"2060","key":"FD","value":53.5,"estimate":"q50"},{"bfs_id":6711,"rcp":"RCP8.5","period":"2060","key":"FD","value":61.6,"estimate":"q95"},{"bfs_id":6711,"rcp":"RCP8.5","period":"2085","key":"FD","value":29.5,"estimate":"q5"},{"bfs_id":6711,"rcp":"RCP8.5","period":"2085","key":"FD","value":32.9,"estimate":"q50"},{"bfs_id":6711,"rcp":"RCP8.5","period":"2085","key":"FD","value":47.1,"estimate":"q95"},{"bfs_id":6711,"rcp":"RCP2.6","period":"2035","key":"HD","value":14.7,"estimate":"q5"},{"bfs_id":6711,"rcp":"RCP2.6","period":"2035","key":"HD","value":18.7,"estimate":"q50"},{"bfs_id":6711,"rcp":"RCP2.6","period":"2035","key":"HD","value":24.1,"estimate":"q95"},{"bfs_id":6711,"rcp":"RCP2.6","period":"2060","key":"HD","value":15.7,"estimate":"q5"},{"bfs_id":6711,"rcp":"RCP2.6","period":"2060","key":"HD","value":18.7,"estimate":"q50"},{"bfs_id":6711,"rcp":"RCP2.6","period":"2060","key":"HD","value":26.9,"estimate":"q95"},{"bfs_id":6711,"rcp":"RCP2.6","period":"2085","key":"HD","value":15.3,"estimate":"q5"},{"bfs_id":6711,"rcp":"RCP2.6","period":"2085","key":"HD","value":18.6,"estimate":"q50"},{"bfs_id":6711,"rcp":"RCP2.6","period":"2085","key":"HD","value":26.4,"estimate":"q95"},{"bfs_id":6711,"rcp":"RCP8.5","period":"2035","key":"HD","value":15.4,"estimate":"q5"},{"bfs_id":6711,"rcp":"RCP8.5","period":"2035","key":"HD","value":19.7,"estimate":"q50"},{"bfs_id":6711,"rcp":"RCP8.5","period":"2035","key":"HD","value":26.7,"estimate":"q95"},{"bfs_id":6711,"rcp":"RCP8.5","period":"2060","key":"HD","value":23.9,"estimate":"q5"},{"bfs_id":6711,"rcp":"RCP8.5","period":"2060","key":"HD","value":30.8,"estimate":"q50"},{"bfs_id":6711,"rcp":"RCP8.5","period":"2060","key":"HD","value":45.3,"estimate":"q95"},{"bfs_id":6711,"rcp":"RCP8.5","period":"2085","key":"HD","value":38.3,"estimate":"q5"},{"bfs_id":6711,"rcp":"RCP8.5","period":"2085","key":"HD","value":47,"estimate":"q50"},{"bfs_id":6711,"rcp":"RCP8.5","period":"2085","key":"HD","value":71.2,"estimate":"q95"},{"bfs_id":6711,"rcp":"RCP2.6","period":"2035","key":"ID","value":6.9,"estimate":"q5"},{"bfs_id":6711,"rcp":"RCP2.6","period":"2035","key":"ID","value":9.7,"estimate":"q50"},{"bfs_id":6711,"rcp":"RCP2.6","period":"2035","key":"ID","value":12.7,"estimate":"q95"},{"bfs_id":6711,"rcp":"RCP2.6","period":"2060","key":"ID","value":6.3,"estimate":"q5"},{"bfs_id":6711,"rcp":"RCP2.6","period":"2060","key":"ID","value":9.5,"estimate":"q50"},{"bfs_id":6711,"rcp":"RCP2.6","period":"2060","key":"ID","value":12.7,"estimate":"q95"},{"bfs_id":6711,"rcp":"RCP2.6","period":"2085","key":"ID","value":6.6,"estimate":"q5"},{"bfs_id":6711,"rcp":"RCP2.6","period":"2085","key":"ID","value":9,"estimate":"q50"},{"bfs_id":6711,"rcp":"RCP2.6","period":"2085","key":"ID","value":12.1,"estimate":"q95"},{"bfs_id":6711,"rcp":"RCP8.5","period":"2035","key":"ID","value":6.9,"estimate":"q5"},{"bfs_id":6711,"rcp":"RCP8.5","period":"2035","key":"ID","value":8.6,"estimate":"q50"},{"bfs_id":6711,"rcp":"RCP8.5","period":"2035","key":"ID","value":12.5,"estimate":"q95"},{"bfs_id":6711,"rcp":"RCP8.5","period":"2060","key":"ID","value":4.4,"estimate":"q5"},{"bfs_id":6711,"rcp":"RCP8.5","period":"2060","key":"ID","value":6.1,"estimate":"q50"},{"bfs_id":6711,"rcp":"RCP8.5","period":"2060","key":"ID","value":7.7,"estimate":"q95"},{"bfs_id":6711,"rcp":"RCP8.5","period":"2085","key":"ID","value":0.8,"estimate":"q5"},{"bfs_id":6711,"rcp":"RCP8.5","period":"2085","key":"ID","value":2.7,"estimate":"q50"},{"bfs_id":6711,"rcp":"RCP8.5","period":"2085","key":"ID","value":4.1,"estimate":"q95"},{"bfs_id":6711,"rcp":"RCP2.6","period":"2035","key":"SD","value":59.9,"estimate":"q5"},{"bfs_id":6711,"rcp":"RCP2.6","period":"2035","key":"SD","value":65.6,"estimate":"q50"},{"bfs_id":6711,"rcp":"RCP2.6","period":"2035","key":"SD","value":73.7,"estimate":"q95"},{"bfs_id":6711,"rcp":"RCP2.6","period":"2060","key":"SD","value":60.3,"estimate":"q5"},{"bfs_id":6711,"rcp":"RCP2.6","period":"2060","key":"SD","value":67.5,"estimate":"q50"},{"bfs_id":6711,"rcp":"RCP2.6","period":"2060","key":"SD","value":73.3,"estimate":"q95"},{"bfs_id":6711,"rcp":"RCP2.6","period":"2085","key":"SD","value":60.2,"estimate":"q5"},{"bfs_id":6711,"rcp":"RCP2.6","period":"2085","key":"SD","value":66.6,"estimate":"q50"},{"bfs_id":6711,"rcp":"RCP2.6","period":"2085","key":"SD","value":72.9,"estimate":"q95"},{"bfs_id":6711,"rcp":"RCP8.5","period":"2035","key":"SD","value":63.4,"estimate":"q5"},{"bfs_id":6711,"rcp":"RCP8.5","period":"2035","key":"SD","value":68.6,"estimate":"q50"},{"bfs_id":6711,"rcp":"RCP8.5","period":"2035","key":"SD","value":73.5,"estimate":"q95"},{"bfs_id":6711,"rcp":"RCP8.5","period":"2060","key":"SD","value":79.1,"estimate":"q5"},{"bfs_id":6711,"rcp":"RCP8.5","period":"2060","key":"SD","value":83.4,"estimate":"q50"},{"bfs_id":6711,"rcp":"RCP8.5","period":"2060","key":"SD","value":98,"estimate":"q95"},{"bfs_id":6711,"rcp":"RCP8.5","period":"2085","key":"SD","value":93.4,"estimate":"q5"},{"bfs_id":6711,"rcp":"RCP8.5","period":"2085","key":"SD","value":106.9,"estimate":"q50"},{"bfs_id":6711,"rcp":"RCP8.5","period":"2085","key":"SD","value":123.5,"estimate":"q95"},{"bfs_id":6711,"rcp":"RCP2.6","period":"2035","key":"snowdays","value":12.1,"estimate":"q5"},{"bfs_id":6711,"rcp":"RCP2.6","period":"2035","key":"snowdays","value":15,"estimate":"q50"},{"bfs_id":6711,"rcp":"RCP2.6","period":"2035","key":"snowdays","value":20.8,"estimate":"q95"},{"bfs_id":6711,"rcp":"RCP2.6","period":"2060","key":"snowdays","value":11.1,"estimate":"q5"},{"bfs_id":6711,"rcp":"RCP2.6","period":"2060","key":"snowdays","value":14.3,"estimate":"q50"},{"bfs_id":6711,"rcp":"RCP2.6","period":"2060","key":"snowdays","value":21.2,"estimate":"q95"},{"bfs_id":6711,"rcp":"RCP2.6","period":"2085","key":"snowdays","value":10.5,"estimate":"q5"},{"bfs_id":6711,"rcp":"RCP2.6","period":"2085","key":"snowdays","value":14.3,"estimate":"q50"},{"bfs_id":6711,"rcp":"RCP2.6","period":"2085","key":"snowdays","value":19.7,"estimate":"q95"},{"bfs_id":6711,"rcp":"RCP8.5","period":"2035","key":"snowdays","value":10.7,"estimate":"q5"},{"bfs_id":6711,"rcp":"RCP8.5","period":"2035","key":"snowdays","value":14.1,"estimate":"q50"},{"bfs_id":6711,"rcp":"RCP8.5","period":"2035","key":"snowdays","value":19.5,"estimate":"q95"},{"bfs_id":6711,"rcp":"RCP8.5","period":"2060","key":"snowdays","value":7,"estimate":"q5"},{"bfs_id":6711,"rcp":"RCP8.5","period":"2060","key":"snowdays","value":10.3,"estimate":"q50"},{"bfs_id":6711,"rcp":"RCP8.5","period":"2060","key":"snowdays","value":14.3,"estimate":"q95"},{"bfs_id":6711,"rcp":"RCP8.5","period":"2085","key":"snowdays","value":3.6,"estimate":"q5"},{"bfs_id":6711,"rcp":"RCP8.5","period":"2085","key":"snowdays","value":5.4,"estimate":"q50"},{"bfs_id":6711,"rcp":"RCP8.5","period":"2085","key":"snowdays","value":10.6,"estimate":"q95"},{"bfs_id":6711,"rcp":"RCP2.6","period":"2035","key":"TN","value":0.4,"estimate":"q5"},{"bfs_id":6711,"rcp":"RCP2.6","period":"2035","key":"TN","value":1.1,"estimate":"q50"},{"bfs_id":6711,"rcp":"RCP2.6","period":"2035","key":"TN","value":1.8,"estimate":"q95"},{"bfs_id":6711,"rcp":"RCP2.6","period":"2060","key":"TN","value":0.4,"estimate":"q5"},{"bfs_id":6711,"rcp":"RCP2.6","period":"2060","key":"TN","value":1.1,"estimate":"q50"},{"bfs_id":6711,"rcp":"RCP2.6","period":"2060","key":"TN","value":2.3,"estimate":"q95"},{"bfs_id":6711,"rcp":"RCP2.6","period":"2085","key":"TN","value":0.5,"estimate":"q5"},{"bfs_id":6711,"rcp":"RCP2.6","period":"2085","key":"TN","value":1.1,"estimate":"q50"},{"bfs_id":6711,"rcp":"RCP2.6","period":"2085","key":"TN","value":1.9,"estimate":"q95"},{"bfs_id":6711,"rcp":"RCP8.5","period":"2035","key":"TN","value":0.5,"estimate":"q5"},{"bfs_id":6711,"rcp":"RCP8.5","period":"2035","key":"TN","value":1.3,"estimate":"q50"},{"bfs_id":6711,"rcp":"RCP8.5","period":"2035","key":"TN","value":3.3,"estimate":"q95"},{"bfs_id":6711,"rcp":"RCP8.5","period":"2060","key":"TN","value":2.3,"estimate":"q5"},{"bfs_id":6711,"rcp":"RCP8.5","period":"2060","key":"TN","value":4.1,"estimate":"q50"},{"bfs_id":6711,"rcp":"RCP8.5","period":"2060","key":"TN","value":8.7,"estimate":"q95"},{"bfs_id":6711,"rcp":"RCP8.5","period":"2085","key":"TN","value":8,"estimate":"q5"},{"bfs_id":6711,"rcp":"RCP8.5","period":"2085","key":"TN","value":10.8,"estimate":"q50"},{"bfs_id":6711,"rcp":"RCP8.5","period":"2085","key":"TN","value":29.7,"estimate":"q95"},{"bfs_id":6711,"rcp":"RCP2.6","period":"2035","key":"pr","value":2,"estimate":"q5","season":"DJF"},{"bfs_id":6711,"rcp":"RCP2.6","period":"2035","key":"pr","value":2.4,"estimate":"q5","season":"MAM"},{"bfs_id":6711,"rcp":"RCP2.6","period":"2035","key":"pr","value":2.6,"estimate":"q5","season":"JJA"},{"bfs_id":6711,"rcp":"RCP2.6","period":"2035","key":"pr","value":2.3,"estimate":"q5","season":"SON"},{"bfs_id":6711,"rcp":"RCP2.6","period":"2035","key":"pr","value":2.3,"estimate":"q50","season":"DJF"},{"bfs_id":6711,"rcp":"RCP2.6","period":"2035","key":"pr","value":2.7,"estimate":"q50","season":"MAM"},{"bfs_id":6711,"rcp":"RCP2.6","period":"2035","key":"pr","value":3,"estimate":"q50","season":"JJA"},{"bfs_id":6711,"rcp":"RCP2.6","period":"2035","key":"pr","value":2.5,"estimate":"q50","season":"SON"},{"bfs_id":6711,"rcp":"RCP2.6","period":"2035","key":"pr","value":2.7,"estimate":"q95","season":"DJF"},{"bfs_id":6711,"rcp":"RCP2.6","period":"2035","key":"pr","value":3,"estimate":"q95","season":"MAM"},{"bfs_id":6711,"rcp":"RCP2.6","period":"2035","key":"pr","value":3.5,"estimate":"q95","season":"JJA"},{"bfs_id":6711,"rcp":"RCP2.6","period":"2035","key":"pr","value":2.9,"estimate":"q95","season":"SON"},{"bfs_id":6711,"rcp":"RCP2.6","period":"2060","key":"pr","value":2,"estimate":"q5","season":"DJF"},{"bfs_id":6711,"rcp":"RCP2.6","period":"2060","key":"pr","value":2.5,"estimate":"q5","season":"MAM"},{"bfs_id":6711,"rcp":"RCP2.6","period":"2060","key":"pr","value":2.5,"estimate":"q5","season":"JJA"},{"bfs_id":6711,"rcp":"RCP2.6","period":"2060","key":"pr","value":2.4,"estimate":"q5","season":"SON"},{"bfs_id":6711,"rcp":"RCP2.6","period":"2060","key":"pr","value":2.3,"estimate":"q50","season":"DJF"},{"bfs_id":6711,"rcp":"RCP2.6","period":"2060","key":"pr","value":2.8,"estimate":"q50","season":"MAM"},{"bfs_id":6711,"rcp":"RCP2.6","period":"2060","key":"pr","value":3,"estimate":"q50","season":"JJA"},{"bfs_id":6711,"rcp":"RCP2.6","period":"2060","key":"pr","value":2.5,"estimate":"q50","season":"SON"},{"bfs_id":6711,"rcp":"RCP2.6","period":"2060","key":"pr","value":2.6,"estimate":"q95","season":"DJF"},{"bfs_id":6711,"rcp":"RCP2.6","period":"2060","key":"pr","value":3,"estimate":"q95","season":"MAM"},{"bfs_id":6711,"rcp":"RCP2.6","period":"2060","key":"pr","value":3.5,"estimate":"q95","season":"JJA"},{"bfs_id":6711,"rcp":"RCP2.6","period":"2060","key":"pr","value":2.9,"estimate":"q95","season":"SON"},{"bfs_id":6711,"rcp":"RCP2.6","period":"2085","key":"pr","value":2.1,"estimate":"q5","season":"DJF"},{"bfs_id":6711,"rcp":"RCP2.6","period":"2085","key":"pr","value":2.6,"estimate":"q5","season":"MAM"},{"bfs_id":6711,"rcp":"RCP2.6","period":"2085","key":"pr","value":2.5,"estimate":"q5","season":"JJA"},{"bfs_id":6711,"rcp":"RCP2.6","period":"2085","key":"pr","value":2.2,"estimate":"q5","season":"SON"},{"bfs_id":6711,"rcp":"RCP2.6","period":"2085","key":"pr","value":2.3,"estimate":"q50","season":"DJF"},{"bfs_id":6711,"rcp":"RCP2.6","period":"2085","key":"pr","value":2.7,"estimate":"q50","season":"MAM"},{"bfs_id":6711,"rcp":"RCP2.6","period":"2085","key":"pr","value":3,"estimate":"q50","season":"JJA"},{"bfs_id":6711,"rcp":"RCP2.6","period":"2085","key":"pr","value":2.5,"estimate":"q50","season":"SON"},{"bfs_id":6711,"rcp":"RCP2.6","period":"2085","key":"pr","value":2.6,"estimate":"q95","season":"DJF"},{"bfs_id":6711,"rcp":"RCP2.6","period":"2085","key":"pr","value":3,"estimate":"q95","season":"MAM"},{"bfs_id":6711,"rcp":"RCP2.6","period":"2085","key":"pr","value":3.4,"estimate":"q95","season":"JJA"},{"bfs_id":6711,"rcp":"RCP2.6","period":"2085","key":"pr","value":2.8,"estimate":"q95","season":"SON"},{"bfs_id":6711,"rcp":"RCP8.5","period":"2035","key":"pr","value":2.1,"estimate":"q5","season":"DJF"},{"bfs_id":6711,"rcp":"RCP8.5","period":"2035","key":"pr","value":2.6,"estimate":"q5","season":"MAM"},{"bfs_id":6711,"rcp":"RCP8.5","period":"2035","key":"pr","value":2.4,"estimate":"q5","season":"JJA"},{"bfs_id":6711,"rcp":"RCP8.5","period":"2035","key":"pr","value":2.3,"estimate":"q5","season":"SON"},{"bfs_id":6711,"rcp":"RCP8.5","period":"2035","key":"pr","value":2.4,"estimate":"q50","season":"DJF"},{"bfs_id":6711,"rcp":"RCP8.5","period":"2035","key":"pr","value":2.9,"estimate":"q50","season":"MAM"},{"bfs_id":6711,"rcp":"RCP8.5","period":"2035","key":"pr","value":3.1,"estimate":"q50","season":"JJA"},{"bfs_id":6711,"rcp":"RCP8.5","period":"2035","key":"pr","value":2.6,"estimate":"q50","season":"SON"},{"bfs_id":6711,"rcp":"RCP8.5","period":"2035","key":"pr","value":2.6,"estimate":"q95","season":"DJF"},{"bfs_id":6711,"rcp":"RCP8.5","period":"2035","key":"pr","value":3.1,"estimate":"q95","season":"MAM"},{"bfs_id":6711,"rcp":"RCP8.5","period":"2035","key":"pr","value":3.4,"estimate":"q95","season":"JJA"},{"bfs_id":6711,"rcp":"RCP8.5","period":"2035","key":"pr","value":3,"estimate":"q95","season":"SON"},{"bfs_id":6711,"rcp":"RCP8.5","period":"2060","key":"pr","value":2.2,"estimate":"q5","season":"DJF"},{"bfs_id":6711,"rcp":"RCP8.5","period":"2060","key":"pr","value":2.8,"estimate":"q5","season":"MAM"},{"bfs_id":6711,"rcp":"RCP8.5","period":"2060","key":"pr","value":2.3,"estimate":"q5","season":"JJA"},{"bfs_id":6711,"rcp":"RCP8.5","period":"2060","key":"pr","value":2.3,"estimate":"q5","season":"SON"},{"bfs_id":6711,"rcp":"RCP8.5","period":"2060","key":"pr","value":2.4,"estimate":"q50","season":"DJF"},{"bfs_id":6711,"rcp":"RCP8.5","period":"2060","key":"pr","value":2.9,"estimate":"q50","season":"MAM"},{"bfs_id":6711,"rcp":"RCP8.5","period":"2060","key":"pr","value":2.9,"estimate":"q50","season":"JJA"},{"bfs_id":6711,"rcp":"RCP8.5","period":"2060","key":"pr","value":2.6,"estimate":"q50","season":"SON"},{"bfs_id":6711,"rcp":"RCP8.5","period":"2060","key":"pr","value":2.7,"estimate":"q95","season":"DJF"},{"bfs_id":6711,"rcp":"RCP8.5","period":"2060","key":"pr","value":3.1,"estimate":"q95","season":"MAM"},{"bfs_id":6711,"rcp":"RCP8.5","period":"2060","key":"pr","value":3.3,"estimate":"q95","season":"JJA"},{"bfs_id":6711,"rcp":"RCP8.5","period":"2060","key":"pr","value":2.9,"estimate":"q95","season":"SON"},{"bfs_id":6711,"rcp":"RCP8.5","period":"2085","key":"pr","value":2.4,"estimate":"q5","season":"DJF"},{"bfs_id":6711,"rcp":"RCP8.5","period":"2085","key":"pr","value":2.6,"estimate":"q5","season":"MAM"},{"bfs_id":6711,"rcp":"RCP8.5","period":"2085","key":"pr","value":1.8,"estimate":"q5","season":"JJA"},{"bfs_id":6711,"rcp":"RCP8.5","period":"2085","key":"pr","value":2.2,"estimate":"q5","season":"SON"},{"bfs_id":6711,"rcp":"RCP8.5","period":"2085","key":"pr","value":2.7,"estimate":"q50","season":"DJF"},{"bfs_id":6711,"rcp":"RCP8.5","period":"2085","key":"pr","value":2.9,"estimate":"q50","season":"MAM"},{"bfs_id":6711,"rcp":"RCP8.5","period":"2085","key":"pr","value":2.5,"estimate":"q50","season":"JJA"},{"bfs_id":6711,"rcp":"RCP8.5","period":"2085","key":"pr","value":2.6,"estimate":"q50","season":"SON"},{"bfs_id":6711,"rcp":"RCP8.5","period":"2085","key":"pr","value":3,"estimate":"q95","season":"DJF"},{"bfs_id":6711,"rcp":"RCP8.5","period":"2085","key":"pr","value":3.3,"estimate":"q95","season":"MAM"},{"bfs_id":6711,"rcp":"RCP8.5","period":"2085","key":"pr","value":3,"estimate":"q95","season":"JJA"},{"bfs_id":6711,"rcp":"RCP8.5","period":"2085","key":"pr","value":3.1,"estimate":"q95","season":"SON"},{"bfs_id":6711,"rcp":"RCP2.6","period":"2035","key":"tas","value":1.8,"estimate":"q5","season":"DJF"},{"bfs_id":6711,"rcp":"RCP2.6","period":"2035","key":"tas","value":9.3,"estimate":"q5","season":"MAM"},{"bfs_id":6711,"rcp":"RCP2.6","period":"2035","key":"tas","value":18.4,"estimate":"q5","season":"JJA"},{"bfs_id":6711,"rcp":"RCP2.6","period":"2035","key":"tas","value":10.4,"estimate":"q5","season":"SON"},{"bfs_id":6711,"rcp":"RCP2.6","period":"2035","key":"tas","value":2.3,"estimate":"q50","season":"DJF"},{"bfs_id":6711,"rcp":"RCP2.6","period":"2035","key":"tas","value":9.8,"estimate":"q50","season":"MAM"},{"bfs_id":6711,"rcp":"RCP2.6","period":"2035","key":"tas","value":18.9,"estimate":"q50","season":"JJA"},{"bfs_id":6711,"rcp":"RCP2.6","period":"2035","key":"tas","value":10.8,"estimate":"q50","season":"SON"},{"bfs_id":6711,"rcp":"RCP2.6","period":"2035","key":"tas","value":3.1,"estimate":"q95","season":"DJF"},{"bfs_id":6711,"rcp":"RCP2.6","period":"2035","key":"tas","value":10.1,"estimate":"q95","season":"MAM"},{"bfs_id":6711,"rcp":"RCP2.6","period":"2035","key":"tas","value":19.5,"estimate":"q95","season":"JJA"},{"bfs_id":6711,"rcp":"RCP2.6","period":"2035","key":"tas","value":11.6,"estimate":"q95","season":"SON"},{"bfs_id":6711,"rcp":"RCP2.6","period":"2060","key":"tas","value":1.9,"estimate":"q5","season":"DJF"},{"bfs_id":6711,"rcp":"RCP2.6","period":"2060","key":"tas","value":9.1,"estimate":"q5","season":"MAM"},{"bfs_id":6711,"rcp":"RCP2.6","period":"2060","key":"tas","value":18.6,"estimate":"q5","season":"JJA"},{"bfs_id":6711,"rcp":"RCP2.6","period":"2060","key":"tas","value":10.7,"estimate":"q5","season":"SON"},{"bfs_id":6711,"rcp":"RCP2.6","period":"2060","key":"tas","value":2.7,"estimate":"q50","season":"DJF"},{"bfs_id":6711,"rcp":"RCP2.6","period":"2060","key":"tas","value":9.9,"estimate":"q50","season":"MAM"},{"bfs_id":6711,"rcp":"RCP2.6","period":"2060","key":"tas","value":19,"estimate":"q50","season":"JJA"},{"bfs_id":6711,"rcp":"RCP2.6","period":"2060","key":"tas","value":11,"estimate":"q50","season":"SON"},{"bfs_id":6711,"rcp":"RCP2.6","period":"2060","key":"tas","value":3.3,"estimate":"q95","season":"DJF"},{"bfs_id":6711,"rcp":"RCP2.6","period":"2060","key":"tas","value":10.3,"estimate":"q95","season":"MAM"},{"bfs_id":6711,"rcp":"RCP2.6","period":"2060","key":"tas","value":19.7,"estimate":"q95","season":"JJA"},{"bfs_id":6711,"rcp":"RCP2.6","period":"2060","key":"tas","value":12.1,"estimate":"q95","season":"SON"},{"bfs_id":6711,"rcp":"RCP2.6","period":"2085","key":"tas","value":1.9,"estimate":"q5","season":"DJF"},{"bfs_id":6711,"rcp":"RCP2.6","period":"2085","key":"tas","value":9.2,"estimate":"q5","season":"MAM"},{"bfs_id":6711,"rcp":"RCP2.6","period":"2085","key":"tas","value":18.5,"estimate":"q5","season":"JJA"},{"bfs_id":6711,"rcp":"RCP2.6","period":"2085","key":"tas","value":10.5,"estimate":"q5","season":"SON"},{"bfs_id":6711,"rcp":"RCP2.6","period":"2085","key":"tas","value":2.6,"estimate":"q50","season":"DJF"},{"bfs_id":6711,"rcp":"RCP2.6","period":"2085","key":"tas","value":10,"estimate":"q50","season":"MAM"},{"bfs_id":6711,"rcp":"RCP2.6","period":"2085","key":"tas","value":19,"estimate":"q50","season":"JJA"},{"bfs_id":6711,"rcp":"RCP2.6","period":"2085","key":"tas","value":11,"estimate":"q50","season":"SON"},{"bfs_id":6711,"rcp":"RCP2.6","period":"2085","key":"tas","value":3.4,"estimate":"q95","season":"DJF"},{"bfs_id":6711,"rcp":"RCP2.6","period":"2085","key":"tas","value":10.3,"estimate":"q95","season":"MAM"},{"bfs_id":6711,"rcp":"RCP2.6","period":"2085","key":"tas","value":19.6,"estimate":"q95","season":"JJA"},{"bfs_id":6711,"rcp":"RCP2.6","period":"2085","key":"tas","value":12,"estimate":"q95","season":"SON"},{"bfs_id":6711,"rcp":"RCP8.5","period":"2035","key":"tas","value":1.8,"estimate":"q5","season":"DJF"},{"bfs_id":6711,"rcp":"RCP8.5","period":"2035","key":"tas","value":9.5,"estimate":"q5","season":"MAM"},{"bfs_id":6711,"rcp":"RCP8.5","period":"2035","key":"tas","value":18.7,"estimate":"q5","season":"JJA"},{"bfs_id":6711,"rcp":"RCP8.5","period":"2035","key":"tas","value":10.7,"estimate":"q5","season":"SON"},{"bfs_id":6711,"rcp":"RCP8.5","period":"2035","key":"tas","value":2.8,"estimate":"q50","season":"DJF"},{"bfs_id":6711,"rcp":"RCP8.5","period":"2035","key":"tas","value":9.8,"estimate":"q50","season":"MAM"},{"bfs_id":6711,"rcp":"RCP8.5","period":"2035","key":"tas","value":19.2,"estimate":"q50","season":"JJA"},{"bfs_id":6711,"rcp":"RCP8.5","period":"2035","key":"tas","value":11.2,"estimate":"q50","season":"SON"},{"bfs_id":6711,"rcp":"RCP8.5","period":"2035","key":"tas","value":3.3,"estimate":"q95","season":"DJF"},{"bfs_id":6711,"rcp":"RCP8.5","period":"2035","key":"tas","value":10.3,"estimate":"q95","season":"MAM"},{"bfs_id":6711,"rcp":"RCP8.5","period":"2035","key":"tas","value":19.8,"estimate":"q95","season":"JJA"},{"bfs_id":6711,"rcp":"RCP8.5","period":"2035","key":"tas","value":12.1,"estimate":"q95","season":"SON"},{"bfs_id":6711,"rcp":"RCP8.5","period":"2060","key":"tas","value":3.2,"estimate":"q5","season":"DJF"},{"bfs_id":6711,"rcp":"RCP8.5","period":"2060","key":"tas","value":10.2,"estimate":"q5","season":"MAM"},{"bfs_id":6711,"rcp":"RCP8.5","period":"2060","key":"tas","value":19.8,"estimate":"q5","season":"JJA"},{"bfs_id":6711,"rcp":"RCP8.5","period":"2060","key":"tas","value":11.8,"estimate":"q5","season":"SON"},{"bfs_id":6711,"rcp":"RCP8.5","period":"2060","key":"tas","value":3.6,"estimate":"q50","season":"DJF"},{"bfs_id":6711,"rcp":"RCP8.5","period":"2060","key":"tas","value":10.7,"estimate":"q50","season":"MAM"},{"bfs_id":6711,"rcp":"RCP8.5","period":"2060","key":"tas","value":20.3,"estimate":"q50","season":"JJA"},{"bfs_id":6711,"rcp":"RCP8.5","period":"2060","key":"tas","value":12.4,"estimate":"q50","season":"SON"},{"bfs_id":6711,"rcp":"RCP8.5","period":"2060","key":"tas","value":4.5,"estimate":"q95","season":"DJF"},{"bfs_id":6711,"rcp":"RCP8.5","period":"2060","key":"tas","value":11.3,"estimate":"q95","season":"MAM"},{"bfs_id":6711,"rcp":"RCP8.5","period":"2060","key":"tas","value":21.3,"estimate":"q95","season":"JJA"},{"bfs_id":6711,"rcp":"RCP8.5","period":"2060","key":"tas","value":13.3,"estimate":"q95","season":"SON"},{"bfs_id":6711,"rcp":"RCP8.5","period":"2085","key":"tas","value":4.4,"estimate":"q5","season":"DJF"},{"bfs_id":6711,"rcp":"RCP8.5","period":"2085","key":"tas","value":11.3,"estimate":"q5","season":"MAM"},{"bfs_id":6711,"rcp":"RCP8.5","period":"2085","key":"tas","value":21.2,"estimate":"q5","season":"JJA"},{"bfs_id":6711,"rcp":"RCP8.5","period":"2085","key":"tas","value":12.9,"estimate":"q5","season":"SON"},{"bfs_id":6711,"rcp":"RCP8.5","period":"2085","key":"tas","value":5.5,"estimate":"q50","season":"DJF"},{"bfs_id":6711,"rcp":"RCP8.5","period":"2085","key":"tas","value":12,"estimate":"q50","season":"MAM"},{"bfs_id":6711,"rcp":"RCP8.5","period":"2085","key":"tas","value":21.9,"estimate":"q50","season":"JJA"},{"bfs_id":6711,"rcp":"RCP8.5","period":"2085","key":"tas","value":13.8,"estimate":"q50","season":"SON"},{"bfs_id":6711,"rcp":"RCP8.5","period":"2085","key":"tas","value":6.3,"estimate":"q95","season":"DJF"},{"bfs_id":6711,"rcp":"RCP8.5","period":"2085","key":"tas","value":12.9,"estimate":"q95","season":"MAM"},{"bfs_id":6711,"rcp":"RCP8.5","period":"2085","key":"tas","value":24.2,"estimate":"q95","season":"JJA"},{"bfs_id":6711,"rcp":"RCP8.5","period":"2085","key":"tas","value":15.3,"estimate":"q95","season":"SON"},{"bfs_id":6711,"rcp":"obs","period":"1981-2010","key":"FD","value":86.6,"estimate":"yearly_mean"},{"bfs_id":6711,"rcp":"obs","period":"1981-2010","key":"HD","value":11.5,"estimate":"yearly_mean"},{"bfs_id":6711,"rcp":"obs","period":"1981-2010","key":"ID","value":14.4,"estimate":"yearly_mean"},{"bfs_id":6711,"rcp":"obs","period":"1981-2010","key":"SD","value":53.1,"estimate":"yearly_mean"},{"bfs_id":6711,"rcp":"obs","period":"1981-2010","key":"snowdays","value":16,"estimate":"yearly_mean"},{"bfs_id":6711,"rcp":"obs","period":"1981-2010","key":"TN","value":0.1,"estimate":"yearly_mean"},{"bfs_id":6711,"rcp":"obs","period":"1981-2010","key":"pr","value":2.1,"estimate":"mean","season":"DJF"},{"bfs_id":6711,"rcp":"obs","period":"1981-2010","key":"pr","value":2.7,"estimate":"mean","season":"MAM"},{"bfs_id":6711,"rcp":"obs","period":"1981-2010","key":"pr","value":3.2,"estimate":"mean","season":"JJA"},{"bfs_id":6711,"rcp":"obs","period":"1981-2010","key":"pr","value":2.6,"estimate":"mean","season":"SON"},{"bfs_id":6711,"rcp":"obs","period":"1981-2010","key":"tas","value":1.2,"estimate":"mean","season":"DJF"},{"bfs_id":6711,"rcp":"obs","period":"1981-2010","key":"tas","value":9.2,"estimate":"mean","season":"MAM"},{"bfs_id":6711,"rcp":"obs","period":"1981-2010","key":"tas","value":17.9,"estimate":"mean","season":"JJA"},{"bfs_id":6711,"rcp":"obs","period":"1981-2010","key":"tas","value":9.7,"estimate":"mean","season":"SON"}]
