[{"bfs_id":5872,"rcp":"RCP2.6","period":"2035","key":"FD","value":93.4,"estimate":"q5"},{"bfs_id":5872,"rcp":"RCP2.6","period":"2035","key":"FD","value":106.5,"estimate":"q50"},{"bfs_id":5872,"rcp":"RCP2.6","period":"2035","key":"FD","value":114.3,"estimate":"q95"},{"bfs_id":5872,"rcp":"RCP2.6","period":"2060","key":"FD","value":89.1,"estimate":"q5"},{"bfs_id":5872,"rcp":"RCP2.6","period":"2060","key":"FD","value":102.2,"estimate":"q50"},{"bfs_id":5872,"rcp":"RCP2.6","period":"2060","key":"FD","value":114.7,"estimate":"q95"},{"bfs_id":5872,"rcp":"RCP2.6","period":"2085","key":"FD","value":89.8,"estimate":"q5"},{"bfs_id":5872,"rcp":"RCP2.6","period":"2085","key":"FD","value":102.7,"estimate":"q50"},{"bfs_id":5872,"rcp":"RCP2.6","period":"2085","key":"FD","value":113.2,"estimate":"q95"},{"bfs_id":5872,"rcp":"RCP8.5","period":"2035","key":"FD","value":90.8,"estimate":"q5"},{"bfs_id":5872,"rcp":"RCP8.5","period":"2035","key":"FD","value":102.5,"estimate":"q50"},{"bfs_id":5872,"rcp":"RCP8.5","period":"2035","key":"FD","value":110.5,"estimate":"q95"},{"bfs_id":5872,"rcp":"RCP8.5","period":"2060","key":"FD","value":74.2,"estimate":"q5"},{"bfs_id":5872,"rcp":"RCP8.5","period":"2060","key":"FD","value":82.4,"estimate":"q50"},{"bfs_id":5872,"rcp":"RCP8.5","period":"2060","key":"FD","value":93.3,"estimate":"q95"},{"bfs_id":5872,"rcp":"RCP8.5","period":"2085","key":"FD","value":50,"estimate":"q5"},{"bfs_id":5872,"rcp":"RCP8.5","period":"2085","key":"FD","value":59,"estimate":"q50"},{"bfs_id":5872,"rcp":"RCP8.5","period":"2085","key":"FD","value":72.1,"estimate":"q95"},{"bfs_id":5872,"rcp":"RCP2.6","period":"2035","key":"HD","value":0.3,"estimate":"q5"},{"bfs_id":5872,"rcp":"RCP2.6","period":"2035","key":"HD","value":0.7,"estimate":"q50"},{"bfs_id":5872,"rcp":"RCP2.6","period":"2035","key":"HD","value":1.7,"estimate":"q95"},{"bfs_id":5872,"rcp":"RCP2.6","period":"2060","key":"HD","value":0.4,"estimate":"q5"},{"bfs_id":5872,"rcp":"RCP2.6","period":"2060","key":"HD","value":0.8,"estimate":"q50"},{"bfs_id":5872,"rcp":"RCP2.6","period":"2060","key":"HD","value":2.4,"estimate":"q95"},{"bfs_id":5872,"rcp":"RCP2.6","period":"2085","key":"HD","value":0.4,"estimate":"q5"},{"bfs_id":5872,"rcp":"RCP2.6","period":"2085","key":"HD","value":0.9,"estimate":"q50"},{"bfs_id":5872,"rcp":"RCP2.6","period":"2085","key":"HD","value":2.1,"estimate":"q95"},{"bfs_id":5872,"rcp":"RCP8.5","period":"2035","key":"HD","value":0.5,"estimate":"q5"},{"bfs_id":5872,"rcp":"RCP8.5","period":"2035","key":"HD","value":1.1,"estimate":"q50"},{"bfs_id":5872,"rcp":"RCP8.5","period":"2035","key":"HD","value":3,"estimate":"q95"},{"bfs_id":5872,"rcp":"RCP8.5","period":"2060","key":"HD","value":1.6,"estimate":"q5"},{"bfs_id":5872,"rcp":"RCP8.5","period":"2060","key":"HD","value":3.3,"estimate":"q50"},{"bfs_id":5872,"rcp":"RCP8.5","period":"2060","key":"HD","value":8.3,"estimate":"q95"},{"bfs_id":5872,"rcp":"RCP8.5","period":"2085","key":"HD","value":5.5,"estimate":"q5"},{"bfs_id":5872,"rcp":"RCP8.5","period":"2085","key":"HD","value":10.2,"estimate":"q50"},{"bfs_id":5872,"rcp":"RCP8.5","period":"2085","key":"HD","value":22.8,"estimate":"q95"},{"bfs_id":5872,"rcp":"RCP2.6","period":"2035","key":"ID","value":21.5,"estimate":"q5"},{"bfs_id":5872,"rcp":"RCP2.6","period":"2035","key":"ID","value":25.9,"estimate":"q50"},{"bfs_id":5872,"rcp":"RCP2.6","period":"2035","key":"ID","value":30.9,"estimate":"q95"},{"bfs_id":5872,"rcp":"RCP2.6","period":"2060","key":"ID","value":19.2,"estimate":"q5"},{"bfs_id":5872,"rcp":"RCP2.6","period":"2060","key":"ID","value":23.6,"estimate":"q50"},{"bfs_id":5872,"rcp":"RCP2.6","period":"2060","key":"ID","value":29.4,"estimate":"q95"},{"bfs_id":5872,"rcp":"RCP2.6","period":"2085","key":"ID","value":18.6,"estimate":"q5"},{"bfs_id":5872,"rcp":"RCP2.6","period":"2085","key":"ID","value":24.4,"estimate":"q50"},{"bfs_id":5872,"rcp":"RCP2.6","period":"2085","key":"ID","value":30.3,"estimate":"q95"},{"bfs_id":5872,"rcp":"RCP8.5","period":"2035","key":"ID","value":19.4,"estimate":"q5"},{"bfs_id":5872,"rcp":"RCP8.5","period":"2035","key":"ID","value":24.1,"estimate":"q50"},{"bfs_id":5872,"rcp":"RCP8.5","period":"2035","key":"ID","value":29.6,"estimate":"q95"},{"bfs_id":5872,"rcp":"RCP8.5","period":"2060","key":"ID","value":13.7,"estimate":"q5"},{"bfs_id":5872,"rcp":"RCP8.5","period":"2060","key":"ID","value":18.2,"estimate":"q50"},{"bfs_id":5872,"rcp":"RCP8.5","period":"2060","key":"ID","value":20.7,"estimate":"q95"},{"bfs_id":5872,"rcp":"RCP8.5","period":"2085","key":"ID","value":5.7,"estimate":"q5"},{"bfs_id":5872,"rcp":"RCP8.5","period":"2085","key":"ID","value":8.5,"estimate":"q50"},{"bfs_id":5872,"rcp":"RCP8.5","period":"2085","key":"ID","value":13.5,"estimate":"q95"},{"bfs_id":5872,"rcp":"RCP2.6","period":"2035","key":"SD","value":11.4,"estimate":"q5"},{"bfs_id":5872,"rcp":"RCP2.6","period":"2035","key":"SD","value":15.8,"estimate":"q50"},{"bfs_id":5872,"rcp":"RCP2.6","period":"2035","key":"SD","value":21.5,"estimate":"q95"},{"bfs_id":5872,"rcp":"RCP2.6","period":"2060","key":"SD","value":12.7,"estimate":"q5"},{"bfs_id":5872,"rcp":"RCP2.6","period":"2060","key":"SD","value":16.2,"estimate":"q50"},{"bfs_id":5872,"rcp":"RCP2.6","period":"2060","key":"SD","value":24.5,"estimate":"q95"},{"bfs_id":5872,"rcp":"RCP2.6","period":"2085","key":"SD","value":12.8,"estimate":"q5"},{"bfs_id":5872,"rcp":"RCP2.6","period":"2085","key":"SD","value":15.3,"estimate":"q50"},{"bfs_id":5872,"rcp":"RCP2.6","period":"2085","key":"SD","value":23.8,"estimate":"q95"},{"bfs_id":5872,"rcp":"RCP8.5","period":"2035","key":"SD","value":14,"estimate":"q5"},{"bfs_id":5872,"rcp":"RCP8.5","period":"2035","key":"SD","value":16.4,"estimate":"q50"},{"bfs_id":5872,"rcp":"RCP8.5","period":"2035","key":"SD","value":23.8,"estimate":"q95"},{"bfs_id":5872,"rcp":"RCP8.5","period":"2060","key":"SD","value":19.9,"estimate":"q5"},{"bfs_id":5872,"rcp":"RCP8.5","period":"2060","key":"SD","value":27,"estimate":"q50"},{"bfs_id":5872,"rcp":"RCP8.5","period":"2060","key":"SD","value":41,"estimate":"q95"},{"bfs_id":5872,"rcp":"RCP8.5","period":"2085","key":"SD","value":35.7,"estimate":"q5"},{"bfs_id":5872,"rcp":"RCP8.5","period":"2085","key":"SD","value":44.9,"estimate":"q50"},{"bfs_id":5872,"rcp":"RCP8.5","period":"2085","key":"SD","value":67.5,"estimate":"q95"},{"bfs_id":5872,"rcp":"RCP2.6","period":"2035","key":"snowdays","value":30.2,"estimate":"q5"},{"bfs_id":5872,"rcp":"RCP2.6","period":"2035","key":"snowdays","value":36.3,"estimate":"q50"},{"bfs_id":5872,"rcp":"RCP2.6","period":"2035","key":"snowdays","value":46.4,"estimate":"q95"},{"bfs_id":5872,"rcp":"RCP2.6","period":"2060","key":"snowdays","value":27.7,"estimate":"q5"},{"bfs_id":5872,"rcp":"RCP2.6","period":"2060","key":"snowdays","value":34.9,"estimate":"q50"},{"bfs_id":5872,"rcp":"RCP2.6","period":"2060","key":"snowdays","value":46.3,"estimate":"q95"},{"bfs_id":5872,"rcp":"RCP2.6","period":"2085","key":"snowdays","value":27.8,"estimate":"q5"},{"bfs_id":5872,"rcp":"RCP2.6","period":"2085","key":"snowdays","value":34.8,"estimate":"q50"},{"bfs_id":5872,"rcp":"RCP2.6","period":"2085","key":"snowdays","value":47.1,"estimate":"q95"},{"bfs_id":5872,"rcp":"RCP8.5","period":"2035","key":"snowdays","value":27.9,"estimate":"q5"},{"bfs_id":5872,"rcp":"RCP8.5","period":"2035","key":"snowdays","value":34.9,"estimate":"q50"},{"bfs_id":5872,"rcp":"RCP8.5","period":"2035","key":"snowdays","value":43.3,"estimate":"q95"},{"bfs_id":5872,"rcp":"RCP8.5","period":"2060","key":"snowdays","value":20.9,"estimate":"q5"},{"bfs_id":5872,"rcp":"RCP8.5","period":"2060","key":"snowdays","value":26.4,"estimate":"q50"},{"bfs_id":5872,"rcp":"RCP8.5","period":"2060","key":"snowdays","value":34.3,"estimate":"q95"},{"bfs_id":5872,"rcp":"RCP8.5","period":"2085","key":"snowdays","value":11.7,"estimate":"q5"},{"bfs_id":5872,"rcp":"RCP8.5","period":"2085","key":"snowdays","value":17.8,"estimate":"q50"},{"bfs_id":5872,"rcp":"RCP8.5","period":"2085","key":"snowdays","value":25.3,"estimate":"q95"},{"bfs_id":5872,"rcp":"RCP2.6","period":"2035","key":"TN","value":0,"estimate":"q5"},{"bfs_id":5872,"rcp":"RCP2.6","period":"2035","key":"TN","value":0.1,"estimate":"q50"},{"bfs_id":5872,"rcp":"RCP2.6","period":"2035","key":"TN","value":0.3,"estimate":"q95"},{"bfs_id":5872,"rcp":"RCP2.6","period":"2060","key":"TN","value":0,"estimate":"q5"},{"bfs_id":5872,"rcp":"RCP2.6","period":"2060","key":"TN","value":0.1,"estimate":"q50"},{"bfs_id":5872,"rcp":"RCP2.6","period":"2060","key":"TN","value":0.5,"estimate":"q95"},{"bfs_id":5872,"rcp":"RCP2.6","period":"2085","key":"TN","value":0,"estimate":"q5"},{"bfs_id":5872,"rcp":"RCP2.6","period":"2085","key":"TN","value":0.1,"estimate":"q50"},{"bfs_id":5872,"rcp":"RCP2.6","period":"2085","key":"TN","value":0.5,"estimate":"q95"},{"bfs_id":5872,"rcp":"RCP8.5","period":"2035","key":"TN","value":0,"estimate":"q5"},{"bfs_id":5872,"rcp":"RCP8.5","period":"2035","key":"TN","value":0.2,"estimate":"q50"},{"bfs_id":5872,"rcp":"RCP8.5","period":"2035","key":"TN","value":1.3,"estimate":"q95"},{"bfs_id":5872,"rcp":"RCP8.5","period":"2060","key":"TN","value":0.4,"estimate":"q5"},{"bfs_id":5872,"rcp":"RCP8.5","period":"2060","key":"TN","value":1.3,"estimate":"q50"},{"bfs_id":5872,"rcp":"RCP8.5","period":"2060","key":"TN","value":3.7,"estimate":"q95"},{"bfs_id":5872,"rcp":"RCP8.5","period":"2085","key":"TN","value":2.5,"estimate":"q5"},{"bfs_id":5872,"rcp":"RCP8.5","period":"2085","key":"TN","value":5.1,"estimate":"q50"},{"bfs_id":5872,"rcp":"RCP8.5","period":"2085","key":"TN","value":18.5,"estimate":"q95"},{"bfs_id":5872,"rcp":"RCP2.6","period":"2035","key":"pr","value":4.7,"estimate":"q5","season":"DJF"},{"bfs_id":5872,"rcp":"RCP2.6","period":"2035","key":"pr","value":3.9,"estimate":"q5","season":"MAM"},{"bfs_id":5872,"rcp":"RCP2.6","period":"2035","key":"pr","value":3.3,"estimate":"q5","season":"JJA"},{"bfs_id":5872,"rcp":"RCP2.6","period":"2035","key":"pr","value":4.2,"estimate":"q5","season":"SON"},{"bfs_id":5872,"rcp":"RCP2.6","period":"2035","key":"pr","value":5.5,"estimate":"q50","season":"DJF"},{"bfs_id":5872,"rcp":"RCP2.6","period":"2035","key":"pr","value":4.6,"estimate":"q50","season":"MAM"},{"bfs_id":5872,"rcp":"RCP2.6","period":"2035","key":"pr","value":3.8,"estimate":"q50","season":"JJA"},{"bfs_id":5872,"rcp":"RCP2.6","period":"2035","key":"pr","value":4.6,"estimate":"q50","season":"SON"},{"bfs_id":5872,"rcp":"RCP2.6","period":"2035","key":"pr","value":6.3,"estimate":"q95","season":"DJF"},{"bfs_id":5872,"rcp":"RCP2.6","period":"2035","key":"pr","value":4.9,"estimate":"q95","season":"MAM"},{"bfs_id":5872,"rcp":"RCP2.6","period":"2035","key":"pr","value":4.3,"estimate":"q95","season":"JJA"},{"bfs_id":5872,"rcp":"RCP2.6","period":"2035","key":"pr","value":5.3,"estimate":"q95","season":"SON"},{"bfs_id":5872,"rcp":"RCP2.6","period":"2060","key":"pr","value":5,"estimate":"q5","season":"DJF"},{"bfs_id":5872,"rcp":"RCP2.6","period":"2060","key":"pr","value":4.1,"estimate":"q5","season":"MAM"},{"bfs_id":5872,"rcp":"RCP2.6","period":"2060","key":"pr","value":3.4,"estimate":"q5","season":"JJA"},{"bfs_id":5872,"rcp":"RCP2.6","period":"2060","key":"pr","value":4.4,"estimate":"q5","season":"SON"},{"bfs_id":5872,"rcp":"RCP2.6","period":"2060","key":"pr","value":5.6,"estimate":"q50","season":"DJF"},{"bfs_id":5872,"rcp":"RCP2.6","period":"2060","key":"pr","value":4.5,"estimate":"q50","season":"MAM"},{"bfs_id":5872,"rcp":"RCP2.6","period":"2060","key":"pr","value":3.8,"estimate":"q50","season":"JJA"},{"bfs_id":5872,"rcp":"RCP2.6","period":"2060","key":"pr","value":4.6,"estimate":"q50","season":"SON"},{"bfs_id":5872,"rcp":"RCP2.6","period":"2060","key":"pr","value":6,"estimate":"q95","season":"DJF"},{"bfs_id":5872,"rcp":"RCP2.6","period":"2060","key":"pr","value":5,"estimate":"q95","season":"MAM"},{"bfs_id":5872,"rcp":"RCP2.6","period":"2060","key":"pr","value":4.3,"estimate":"q95","season":"JJA"},{"bfs_id":5872,"rcp":"RCP2.6","period":"2060","key":"pr","value":5.1,"estimate":"q95","season":"SON"},{"bfs_id":5872,"rcp":"RCP2.6","period":"2085","key":"pr","value":4.8,"estimate":"q5","season":"DJF"},{"bfs_id":5872,"rcp":"RCP2.6","period":"2085","key":"pr","value":4.1,"estimate":"q5","season":"MAM"},{"bfs_id":5872,"rcp":"RCP2.6","period":"2085","key":"pr","value":3.4,"estimate":"q5","season":"JJA"},{"bfs_id":5872,"rcp":"RCP2.6","period":"2085","key":"pr","value":4.1,"estimate":"q5","season":"SON"},{"bfs_id":5872,"rcp":"RCP2.6","period":"2085","key":"pr","value":5.5,"estimate":"q50","season":"DJF"},{"bfs_id":5872,"rcp":"RCP2.6","period":"2085","key":"pr","value":4.5,"estimate":"q50","season":"MAM"},{"bfs_id":5872,"rcp":"RCP2.6","period":"2085","key":"pr","value":3.8,"estimate":"q50","season":"JJA"},{"bfs_id":5872,"rcp":"RCP2.6","period":"2085","key":"pr","value":4.6,"estimate":"q50","season":"SON"},{"bfs_id":5872,"rcp":"RCP2.6","period":"2085","key":"pr","value":6.1,"estimate":"q95","season":"DJF"},{"bfs_id":5872,"rcp":"RCP2.6","period":"2085","key":"pr","value":5,"estimate":"q95","season":"MAM"},{"bfs_id":5872,"rcp":"RCP2.6","period":"2085","key":"pr","value":4.3,"estimate":"q95","season":"JJA"},{"bfs_id":5872,"rcp":"RCP2.6","period":"2085","key":"pr","value":5.2,"estimate":"q95","season":"SON"},{"bfs_id":5872,"rcp":"RCP8.5","period":"2035","key":"pr","value":5.1,"estimate":"q5","season":"DJF"},{"bfs_id":5872,"rcp":"RCP8.5","period":"2035","key":"pr","value":4.1,"estimate":"q5","season":"MAM"},{"bfs_id":5872,"rcp":"RCP8.5","period":"2035","key":"pr","value":3.1,"estimate":"q5","season":"JJA"},{"bfs_id":5872,"rcp":"RCP8.5","period":"2035","key":"pr","value":4.2,"estimate":"q5","season":"SON"},{"bfs_id":5872,"rcp":"RCP8.5","period":"2035","key":"pr","value":5.7,"estimate":"q50","season":"DJF"},{"bfs_id":5872,"rcp":"RCP8.5","period":"2035","key":"pr","value":4.7,"estimate":"q50","season":"MAM"},{"bfs_id":5872,"rcp":"RCP8.5","period":"2035","key":"pr","value":3.8,"estimate":"q50","season":"JJA"},{"bfs_id":5872,"rcp":"RCP8.5","period":"2035","key":"pr","value":4.8,"estimate":"q50","season":"SON"},{"bfs_id":5872,"rcp":"RCP8.5","period":"2035","key":"pr","value":6.2,"estimate":"q95","season":"DJF"},{"bfs_id":5872,"rcp":"RCP8.5","period":"2035","key":"pr","value":4.9,"estimate":"q95","season":"MAM"},{"bfs_id":5872,"rcp":"RCP8.5","period":"2035","key":"pr","value":4.2,"estimate":"q95","season":"JJA"},{"bfs_id":5872,"rcp":"RCP8.5","period":"2035","key":"pr","value":5.3,"estimate":"q95","season":"SON"},{"bfs_id":5872,"rcp":"RCP8.5","period":"2060","key":"pr","value":5.2,"estimate":"q5","season":"DJF"},{"bfs_id":5872,"rcp":"RCP8.5","period":"2060","key":"pr","value":4.3,"estimate":"q5","season":"MAM"},{"bfs_id":5872,"rcp":"RCP8.5","period":"2060","key":"pr","value":2.7,"estimate":"q5","season":"JJA"},{"bfs_id":5872,"rcp":"RCP8.5","period":"2060","key":"pr","value":4.2,"estimate":"q5","season":"SON"},{"bfs_id":5872,"rcp":"RCP8.5","period":"2060","key":"pr","value":5.6,"estimate":"q50","season":"DJF"},{"bfs_id":5872,"rcp":"RCP8.5","period":"2060","key":"pr","value":4.7,"estimate":"q50","season":"MAM"},{"bfs_id":5872,"rcp":"RCP8.5","period":"2060","key":"pr","value":3.5,"estimate":"q50","season":"JJA"},{"bfs_id":5872,"rcp":"RCP8.5","period":"2060","key":"pr","value":4.7,"estimate":"q50","season":"SON"},{"bfs_id":5872,"rcp":"RCP8.5","period":"2060","key":"pr","value":6.3,"estimate":"q95","season":"DJF"},{"bfs_id":5872,"rcp":"RCP8.5","period":"2060","key":"pr","value":5,"estimate":"q95","season":"MAM"},{"bfs_id":5872,"rcp":"RCP8.5","period":"2060","key":"pr","value":4,"estimate":"q95","season":"JJA"},{"bfs_id":5872,"rcp":"RCP8.5","period":"2060","key":"pr","value":5.1,"estimate":"q95","season":"SON"},{"bfs_id":5872,"rcp":"RCP8.5","period":"2085","key":"pr","value":5.6,"estimate":"q5","season":"DJF"},{"bfs_id":5872,"rcp":"RCP8.5","period":"2085","key":"pr","value":4.2,"estimate":"q5","season":"MAM"},{"bfs_id":5872,"rcp":"RCP8.5","period":"2085","key":"pr","value":2.2,"estimate":"q5","season":"JJA"},{"bfs_id":5872,"rcp":"RCP8.5","period":"2085","key":"pr","value":3.8,"estimate":"q5","season":"SON"},{"bfs_id":5872,"rcp":"RCP8.5","period":"2085","key":"pr","value":6.1,"estimate":"q50","season":"DJF"},{"bfs_id":5872,"rcp":"RCP8.5","period":"2085","key":"pr","value":4.7,"estimate":"q50","season":"MAM"},{"bfs_id":5872,"rcp":"RCP8.5","period":"2085","key":"pr","value":3,"estimate":"q50","season":"JJA"},{"bfs_id":5872,"rcp":"RCP8.5","period":"2085","key":"pr","value":4.5,"estimate":"q50","season":"SON"},{"bfs_id":5872,"rcp":"RCP8.5","period":"2085","key":"pr","value":6.9,"estimate":"q95","season":"DJF"},{"bfs_id":5872,"rcp":"RCP8.5","period":"2085","key":"pr","value":5.2,"estimate":"q95","season":"MAM"},{"bfs_id":5872,"rcp":"RCP8.5","period":"2085","key":"pr","value":3.7,"estimate":"q95","season":"JJA"},{"bfs_id":5872,"rcp":"RCP8.5","period":"2085","key":"pr","value":5.4,"estimate":"q95","season":"SON"},{"bfs_id":5872,"rcp":"RCP2.6","period":"2035","key":"tas","value":-0.5,"estimate":"q5","season":"DJF"},{"bfs_id":5872,"rcp":"RCP2.6","period":"2035","key":"tas","value":5.7,"estimate":"q5","season":"MAM"},{"bfs_id":5872,"rcp":"RCP2.6","period":"2035","key":"tas","value":15,"estimate":"q5","season":"JJA"},{"bfs_id":5872,"rcp":"RCP2.6","period":"2035","key":"tas","value":7.8,"estimate":"q5","season":"SON"},{"bfs_id":5872,"rcp":"RCP2.6","period":"2035","key":"tas","value":-0.1,"estimate":"q50","season":"DJF"},{"bfs_id":5872,"rcp":"RCP2.6","period":"2035","key":"tas","value":6.3,"estimate":"q50","season":"MAM"},{"bfs_id":5872,"rcp":"RCP2.6","period":"2035","key":"tas","value":15.7,"estimate":"q50","season":"JJA"},{"bfs_id":5872,"rcp":"RCP2.6","period":"2035","key":"tas","value":8.1,"estimate":"q50","season":"SON"},{"bfs_id":5872,"rcp":"RCP2.6","period":"2035","key":"tas","value":0.6,"estimate":"q95","season":"DJF"},{"bfs_id":5872,"rcp":"RCP2.6","period":"2035","key":"tas","value":6.6,"estimate":"q95","season":"MAM"},{"bfs_id":5872,"rcp":"RCP2.6","period":"2035","key":"tas","value":16.4,"estimate":"q95","season":"JJA"},{"bfs_id":5872,"rcp":"RCP2.6","period":"2035","key":"tas","value":8.9,"estimate":"q95","season":"SON"},{"bfs_id":5872,"rcp":"RCP2.6","period":"2060","key":"tas","value":-0.4,"estimate":"q5","season":"DJF"},{"bfs_id":5872,"rcp":"RCP2.6","period":"2060","key":"tas","value":5.6,"estimate":"q5","season":"MAM"},{"bfs_id":5872,"rcp":"RCP2.6","period":"2060","key":"tas","value":15.2,"estimate":"q5","season":"JJA"},{"bfs_id":5872,"rcp":"RCP2.6","period":"2060","key":"tas","value":8,"estimate":"q5","season":"SON"},{"bfs_id":5872,"rcp":"RCP2.6","period":"2060","key":"tas","value":0.3,"estimate":"q50","season":"DJF"},{"bfs_id":5872,"rcp":"RCP2.6","period":"2060","key":"tas","value":6.3,"estimate":"q50","season":"MAM"},{"bfs_id":5872,"rcp":"RCP2.6","period":"2060","key":"tas","value":15.7,"estimate":"q50","season":"JJA"},{"bfs_id":5872,"rcp":"RCP2.6","period":"2060","key":"tas","value":8.4,"estimate":"q50","season":"SON"},{"bfs_id":5872,"rcp":"RCP2.6","period":"2060","key":"tas","value":0.8,"estimate":"q95","season":"DJF"},{"bfs_id":5872,"rcp":"RCP2.6","period":"2060","key":"tas","value":6.9,"estimate":"q95","season":"MAM"},{"bfs_id":5872,"rcp":"RCP2.6","period":"2060","key":"tas","value":16.6,"estimate":"q95","season":"JJA"},{"bfs_id":5872,"rcp":"RCP2.6","period":"2060","key":"tas","value":9.4,"estimate":"q95","season":"SON"},{"bfs_id":5872,"rcp":"RCP2.6","period":"2085","key":"tas","value":-0.4,"estimate":"q5","season":"DJF"},{"bfs_id":5872,"rcp":"RCP2.6","period":"2085","key":"tas","value":5.7,"estimate":"q5","season":"MAM"},{"bfs_id":5872,"rcp":"RCP2.6","period":"2085","key":"tas","value":15.1,"estimate":"q5","season":"JJA"},{"bfs_id":5872,"rcp":"RCP2.6","period":"2085","key":"tas","value":7.8,"estimate":"q5","season":"SON"},{"bfs_id":5872,"rcp":"RCP2.6","period":"2085","key":"tas","value":0.1,"estimate":"q50","season":"DJF"},{"bfs_id":5872,"rcp":"RCP2.6","period":"2085","key":"tas","value":6.4,"estimate":"q50","season":"MAM"},{"bfs_id":5872,"rcp":"RCP2.6","period":"2085","key":"tas","value":15.8,"estimate":"q50","season":"JJA"},{"bfs_id":5872,"rcp":"RCP2.6","period":"2085","key":"tas","value":8.4,"estimate":"q50","season":"SON"},{"bfs_id":5872,"rcp":"RCP2.6","period":"2085","key":"tas","value":1,"estimate":"q95","season":"DJF"},{"bfs_id":5872,"rcp":"RCP2.6","period":"2085","key":"tas","value":7,"estimate":"q95","season":"MAM"},{"bfs_id":5872,"rcp":"RCP2.6","period":"2085","key":"tas","value":16.5,"estimate":"q95","season":"JJA"},{"bfs_id":5872,"rcp":"RCP2.6","period":"2085","key":"tas","value":9.3,"estimate":"q95","season":"SON"},{"bfs_id":5872,"rcp":"RCP8.5","period":"2035","key":"tas","value":-0.3,"estimate":"q5","season":"DJF"},{"bfs_id":5872,"rcp":"RCP8.5","period":"2035","key":"tas","value":5.9,"estimate":"q5","season":"MAM"},{"bfs_id":5872,"rcp":"RCP8.5","period":"2035","key":"tas","value":15.4,"estimate":"q5","season":"JJA"},{"bfs_id":5872,"rcp":"RCP8.5","period":"2035","key":"tas","value":8,"estimate":"q5","season":"SON"},{"bfs_id":5872,"rcp":"RCP8.5","period":"2035","key":"tas","value":0.3,"estimate":"q50","season":"DJF"},{"bfs_id":5872,"rcp":"RCP8.5","period":"2035","key":"tas","value":6.3,"estimate":"q50","season":"MAM"},{"bfs_id":5872,"rcp":"RCP8.5","period":"2035","key":"tas","value":16.1,"estimate":"q50","season":"JJA"},{"bfs_id":5872,"rcp":"RCP8.5","period":"2035","key":"tas","value":8.5,"estimate":"q50","season":"SON"},{"bfs_id":5872,"rcp":"RCP8.5","period":"2035","key":"tas","value":0.8,"estimate":"q95","season":"DJF"},{"bfs_id":5872,"rcp":"RCP8.5","period":"2035","key":"tas","value":6.9,"estimate":"q95","season":"MAM"},{"bfs_id":5872,"rcp":"RCP8.5","period":"2035","key":"tas","value":16.7,"estimate":"q95","season":"JJA"},{"bfs_id":5872,"rcp":"RCP8.5","period":"2035","key":"tas","value":9.4,"estimate":"q95","season":"SON"},{"bfs_id":5872,"rcp":"RCP8.5","period":"2060","key":"tas","value":0.9,"estimate":"q5","season":"DJF"},{"bfs_id":5872,"rcp":"RCP8.5","period":"2060","key":"tas","value":6.8,"estimate":"q5","season":"MAM"},{"bfs_id":5872,"rcp":"RCP8.5","period":"2060","key":"tas","value":16.7,"estimate":"q5","season":"JJA"},{"bfs_id":5872,"rcp":"RCP8.5","period":"2060","key":"tas","value":9.3,"estimate":"q5","season":"SON"},{"bfs_id":5872,"rcp":"RCP8.5","period":"2060","key":"tas","value":1.2,"estimate":"q50","season":"DJF"},{"bfs_id":5872,"rcp":"RCP8.5","period":"2060","key":"tas","value":7.3,"estimate":"q50","season":"MAM"},{"bfs_id":5872,"rcp":"RCP8.5","period":"2060","key":"tas","value":17.3,"estimate":"q50","season":"JJA"},{"bfs_id":5872,"rcp":"RCP8.5","period":"2060","key":"tas","value":9.9,"estimate":"q50","season":"SON"},{"bfs_id":5872,"rcp":"RCP8.5","period":"2060","key":"tas","value":1.9,"estimate":"q95","season":"DJF"},{"bfs_id":5872,"rcp":"RCP8.5","period":"2060","key":"tas","value":8.1,"estimate":"q95","season":"MAM"},{"bfs_id":5872,"rcp":"RCP8.5","period":"2060","key":"tas","value":18.6,"estimate":"q95","season":"JJA"},{"bfs_id":5872,"rcp":"RCP8.5","period":"2060","key":"tas","value":10.7,"estimate":"q95","season":"SON"},{"bfs_id":5872,"rcp":"RCP8.5","period":"2085","key":"tas","value":1.9,"estimate":"q5","season":"DJF"},{"bfs_id":5872,"rcp":"RCP8.5","period":"2085","key":"tas","value":7.8,"estimate":"q5","season":"MAM"},{"bfs_id":5872,"rcp":"RCP8.5","period":"2085","key":"tas","value":18.2,"estimate":"q5","season":"JJA"},{"bfs_id":5872,"rcp":"RCP8.5","period":"2085","key":"tas","value":10.4,"estimate":"q5","season":"SON"},{"bfs_id":5872,"rcp":"RCP8.5","period":"2085","key":"tas","value":3,"estimate":"q50","season":"DJF"},{"bfs_id":5872,"rcp":"RCP8.5","period":"2085","key":"tas","value":8.7,"estimate":"q50","season":"MAM"},{"bfs_id":5872,"rcp":"RCP8.5","period":"2085","key":"tas","value":19,"estimate":"q50","season":"JJA"},{"bfs_id":5872,"rcp":"RCP8.5","period":"2085","key":"tas","value":11.3,"estimate":"q50","season":"SON"},{"bfs_id":5872,"rcp":"RCP8.5","period":"2085","key":"tas","value":4,"estimate":"q95","season":"DJF"},{"bfs_id":5872,"rcp":"RCP8.5","period":"2085","key":"tas","value":10,"estimate":"q95","season":"MAM"},{"bfs_id":5872,"rcp":"RCP8.5","period":"2085","key":"tas","value":21.2,"estimate":"q95","season":"JJA"},{"bfs_id":5872,"rcp":"RCP8.5","period":"2085","key":"tas","value":12.9,"estimate":"q95","season":"SON"},{"bfs_id":5872,"rcp":"obs","period":"1981-2010","key":"FD","value":121.2,"estimate":"yearly_mean"},{"bfs_id":5872,"rcp":"obs","period":"1981-2010","key":"HD","value":0.1,"estimate":"yearly_mean"},{"bfs_id":5872,"rcp":"obs","period":"1981-2010","key":"ID","value":35.5,"estimate":"yearly_mean"},{"bfs_id":5872,"rcp":"obs","period":"1981-2010","key":"SD","value":8.8,"estimate":"yearly_mean"},{"bfs_id":5872,"rcp":"obs","period":"1981-2010","key":"snowdays","value":45.1,"estimate":"yearly_mean"},{"bfs_id":5872,"rcp":"obs","period":"1981-2010","key":"TN","value":0,"estimate":"yearly_mean"},{"bfs_id":5872,"rcp":"obs","period":"1981-2010","key":"pr","value":5.2,"estimate":"mean","season":"DJF"},{"bfs_id":5872,"rcp":"obs","period":"1981-2010","key":"pr","value":4.3,"estimate":"mean","season":"MAM"},{"bfs_id":5872,"rcp":"obs","period":"1981-2010","key":"pr","value":4.1,"estimate":"mean","season":"JJA"},{"bfs_id":5872,"rcp":"obs","period":"1981-2010","key":"pr","value":4.7,"estimate":"mean","season":"SON"},{"bfs_id":5872,"rcp":"obs","period":"1981-2010","key":"tas","value":-1.1,"estimate":"mean","season":"DJF"},{"bfs_id":5872,"rcp":"obs","period":"1981-2010","key":"tas","value":5.6,"estimate":"mean","season":"MAM"},{"bfs_id":5872,"rcp":"obs","period":"1981-2010","key":"tas","value":14.4,"estimate":"mean","season":"JJA"},{"bfs_id":5872,"rcp":"obs","period":"1981-2010","key":"tas","value":7.1,"estimate":"mean","season":"SON"}]
