[{"bfs_id":3293,"rcp":"RCP2.6","period":"2035","key":"FD","value":59.8,"estimate":"q5"},{"bfs_id":3293,"rcp":"RCP2.6","period":"2035","key":"FD","value":71.1,"estimate":"q50"},{"bfs_id":3293,"rcp":"RCP2.6","period":"2035","key":"FD","value":78,"estimate":"q95"},{"bfs_id":3293,"rcp":"RCP2.6","period":"2060","key":"FD","value":54.5,"estimate":"q5"},{"bfs_id":3293,"rcp":"RCP2.6","period":"2060","key":"FD","value":67.3,"estimate":"q50"},{"bfs_id":3293,"rcp":"RCP2.6","period":"2060","key":"FD","value":74.8,"estimate":"q95"},{"bfs_id":3293,"rcp":"RCP2.6","period":"2085","key":"FD","value":54.4,"estimate":"q5"},{"bfs_id":3293,"rcp":"RCP2.6","period":"2085","key":"FD","value":69.5,"estimate":"q50"},{"bfs_id":3293,"rcp":"RCP2.6","period":"2085","key":"FD","value":76.2,"estimate":"q95"},{"bfs_id":3293,"rcp":"RCP8.5","period":"2035","key":"FD","value":56.3,"estimate":"q5"},{"bfs_id":3293,"rcp":"RCP8.5","period":"2035","key":"FD","value":67.7,"estimate":"q50"},{"bfs_id":3293,"rcp":"RCP8.5","period":"2035","key":"FD","value":72.3,"estimate":"q95"},{"bfs_id":3293,"rcp":"RCP8.5","period":"2060","key":"FD","value":43.2,"estimate":"q5"},{"bfs_id":3293,"rcp":"RCP8.5","period":"2060","key":"FD","value":54.6,"estimate":"q50"},{"bfs_id":3293,"rcp":"RCP8.5","period":"2060","key":"FD","value":58.9,"estimate":"q95"},{"bfs_id":3293,"rcp":"RCP8.5","period":"2085","key":"FD","value":26.4,"estimate":"q5"},{"bfs_id":3293,"rcp":"RCP8.5","period":"2085","key":"FD","value":36.7,"estimate":"q50"},{"bfs_id":3293,"rcp":"RCP8.5","period":"2085","key":"FD","value":43.4,"estimate":"q95"},{"bfs_id":3293,"rcp":"RCP2.6","period":"2035","key":"HD","value":9,"estimate":"q5"},{"bfs_id":3293,"rcp":"RCP2.6","period":"2035","key":"HD","value":12.1,"estimate":"q50"},{"bfs_id":3293,"rcp":"RCP2.6","period":"2035","key":"HD","value":18.9,"estimate":"q95"},{"bfs_id":3293,"rcp":"RCP2.6","period":"2060","key":"HD","value":9.1,"estimate":"q5"},{"bfs_id":3293,"rcp":"RCP2.6","period":"2060","key":"HD","value":12.9,"estimate":"q50"},{"bfs_id":3293,"rcp":"RCP2.6","period":"2060","key":"HD","value":21.5,"estimate":"q95"},{"bfs_id":3293,"rcp":"RCP2.6","period":"2085","key":"HD","value":9.6,"estimate":"q5"},{"bfs_id":3293,"rcp":"RCP2.6","period":"2085","key":"HD","value":13,"estimate":"q50"},{"bfs_id":3293,"rcp":"RCP2.6","period":"2085","key":"HD","value":20.6,"estimate":"q95"},{"bfs_id":3293,"rcp":"RCP8.5","period":"2035","key":"HD","value":11.1,"estimate":"q5"},{"bfs_id":3293,"rcp":"RCP8.5","period":"2035","key":"HD","value":14.5,"estimate":"q50"},{"bfs_id":3293,"rcp":"RCP8.5","period":"2035","key":"HD","value":23.2,"estimate":"q95"},{"bfs_id":3293,"rcp":"RCP8.5","period":"2060","key":"HD","value":18.8,"estimate":"q5"},{"bfs_id":3293,"rcp":"RCP8.5","period":"2060","key":"HD","value":26,"estimate":"q50"},{"bfs_id":3293,"rcp":"RCP8.5","period":"2060","key":"HD","value":41.3,"estimate":"q95"},{"bfs_id":3293,"rcp":"RCP8.5","period":"2085","key":"HD","value":32.7,"estimate":"q5"},{"bfs_id":3293,"rcp":"RCP8.5","period":"2085","key":"HD","value":40.9,"estimate":"q50"},{"bfs_id":3293,"rcp":"RCP8.5","period":"2085","key":"HD","value":70.4,"estimate":"q95"},{"bfs_id":3293,"rcp":"RCP2.6","period":"2035","key":"ID","value":11.6,"estimate":"q5"},{"bfs_id":3293,"rcp":"RCP2.6","period":"2035","key":"ID","value":14.1,"estimate":"q50"},{"bfs_id":3293,"rcp":"RCP2.6","period":"2035","key":"ID","value":16.8,"estimate":"q95"},{"bfs_id":3293,"rcp":"RCP2.6","period":"2060","key":"ID","value":11.2,"estimate":"q5"},{"bfs_id":3293,"rcp":"RCP2.6","period":"2060","key":"ID","value":13.1,"estimate":"q50"},{"bfs_id":3293,"rcp":"RCP2.6","period":"2060","key":"ID","value":16.5,"estimate":"q95"},{"bfs_id":3293,"rcp":"RCP2.6","period":"2085","key":"ID","value":10.6,"estimate":"q5"},{"bfs_id":3293,"rcp":"RCP2.6","period":"2085","key":"ID","value":13.5,"estimate":"q50"},{"bfs_id":3293,"rcp":"RCP2.6","period":"2085","key":"ID","value":17,"estimate":"q95"},{"bfs_id":3293,"rcp":"RCP8.5","period":"2035","key":"ID","value":10.7,"estimate":"q5"},{"bfs_id":3293,"rcp":"RCP8.5","period":"2035","key":"ID","value":13,"estimate":"q50"},{"bfs_id":3293,"rcp":"RCP8.5","period":"2035","key":"ID","value":16.5,"estimate":"q95"},{"bfs_id":3293,"rcp":"RCP8.5","period":"2060","key":"ID","value":6.3,"estimate":"q5"},{"bfs_id":3293,"rcp":"RCP8.5","period":"2060","key":"ID","value":9.3,"estimate":"q50"},{"bfs_id":3293,"rcp":"RCP8.5","period":"2060","key":"ID","value":11.1,"estimate":"q95"},{"bfs_id":3293,"rcp":"RCP8.5","period":"2085","key":"ID","value":2.6,"estimate":"q5"},{"bfs_id":3293,"rcp":"RCP8.5","period":"2085","key":"ID","value":4.2,"estimate":"q50"},{"bfs_id":3293,"rcp":"RCP8.5","period":"2085","key":"ID","value":7.2,"estimate":"q95"},{"bfs_id":3293,"rcp":"RCP2.6","period":"2035","key":"SD","value":53.7,"estimate":"q5"},{"bfs_id":3293,"rcp":"RCP2.6","period":"2035","key":"SD","value":58.9,"estimate":"q50"},{"bfs_id":3293,"rcp":"RCP2.6","period":"2035","key":"SD","value":68.2,"estimate":"q95"},{"bfs_id":3293,"rcp":"RCP2.6","period":"2060","key":"SD","value":53.5,"estimate":"q5"},{"bfs_id":3293,"rcp":"RCP2.6","period":"2060","key":"SD","value":60.6,"estimate":"q50"},{"bfs_id":3293,"rcp":"RCP2.6","period":"2060","key":"SD","value":68,"estimate":"q95"},{"bfs_id":3293,"rcp":"RCP2.6","period":"2085","key":"SD","value":53.5,"estimate":"q5"},{"bfs_id":3293,"rcp":"RCP2.6","period":"2085","key":"SD","value":61.1,"estimate":"q50"},{"bfs_id":3293,"rcp":"RCP2.6","period":"2085","key":"SD","value":67.5,"estimate":"q95"},{"bfs_id":3293,"rcp":"RCP8.5","period":"2035","key":"SD","value":56.4,"estimate":"q5"},{"bfs_id":3293,"rcp":"RCP8.5","period":"2035","key":"SD","value":62.9,"estimate":"q50"},{"bfs_id":3293,"rcp":"RCP8.5","period":"2035","key":"SD","value":69.3,"estimate":"q95"},{"bfs_id":3293,"rcp":"RCP8.5","period":"2060","key":"SD","value":71.2,"estimate":"q5"},{"bfs_id":3293,"rcp":"RCP8.5","period":"2060","key":"SD","value":80.4,"estimate":"q50"},{"bfs_id":3293,"rcp":"RCP8.5","period":"2060","key":"SD","value":94.8,"estimate":"q95"},{"bfs_id":3293,"rcp":"RCP8.5","period":"2085","key":"SD","value":87.4,"estimate":"q5"},{"bfs_id":3293,"rcp":"RCP8.5","period":"2085","key":"SD","value":108.8,"estimate":"q50"},{"bfs_id":3293,"rcp":"RCP8.5","period":"2085","key":"SD","value":128.5,"estimate":"q95"},{"bfs_id":3293,"rcp":"RCP2.6","period":"2035","key":"snowdays","value":12.2,"estimate":"q5"},{"bfs_id":3293,"rcp":"RCP2.6","period":"2035","key":"snowdays","value":17.3,"estimate":"q50"},{"bfs_id":3293,"rcp":"RCP2.6","period":"2035","key":"snowdays","value":24.5,"estimate":"q95"},{"bfs_id":3293,"rcp":"RCP2.6","period":"2060","key":"snowdays","value":11.1,"estimate":"q5"},{"bfs_id":3293,"rcp":"RCP2.6","period":"2060","key":"snowdays","value":17.1,"estimate":"q50"},{"bfs_id":3293,"rcp":"RCP2.6","period":"2060","key":"snowdays","value":22.9,"estimate":"q95"},{"bfs_id":3293,"rcp":"RCP2.6","period":"2085","key":"snowdays","value":12.2,"estimate":"q5"},{"bfs_id":3293,"rcp":"RCP2.6","period":"2085","key":"snowdays","value":16.7,"estimate":"q50"},{"bfs_id":3293,"rcp":"RCP2.6","period":"2085","key":"snowdays","value":23.6,"estimate":"q95"},{"bfs_id":3293,"rcp":"RCP8.5","period":"2035","key":"snowdays","value":11,"estimate":"q5"},{"bfs_id":3293,"rcp":"RCP8.5","period":"2035","key":"snowdays","value":17.6,"estimate":"q50"},{"bfs_id":3293,"rcp":"RCP8.5","period":"2035","key":"snowdays","value":21.6,"estimate":"q95"},{"bfs_id":3293,"rcp":"RCP8.5","period":"2060","key":"snowdays","value":8.1,"estimate":"q5"},{"bfs_id":3293,"rcp":"RCP8.5","period":"2060","key":"snowdays","value":13.4,"estimate":"q50"},{"bfs_id":3293,"rcp":"RCP8.5","period":"2060","key":"snowdays","value":17.1,"estimate":"q95"},{"bfs_id":3293,"rcp":"RCP8.5","period":"2085","key":"snowdays","value":4,"estimate":"q5"},{"bfs_id":3293,"rcp":"RCP8.5","period":"2085","key":"snowdays","value":8,"estimate":"q50"},{"bfs_id":3293,"rcp":"RCP8.5","period":"2085","key":"snowdays","value":11.8,"estimate":"q95"},{"bfs_id":3293,"rcp":"RCP2.6","period":"2035","key":"TN","value":2.2,"estimate":"q5"},{"bfs_id":3293,"rcp":"RCP2.6","period":"2035","key":"TN","value":3.7,"estimate":"q50"},{"bfs_id":3293,"rcp":"RCP2.6","period":"2035","key":"TN","value":6.3,"estimate":"q95"},{"bfs_id":3293,"rcp":"RCP2.6","period":"2060","key":"TN","value":2.9,"estimate":"q5"},{"bfs_id":3293,"rcp":"RCP2.6","period":"2060","key":"TN","value":4.7,"estimate":"q50"},{"bfs_id":3293,"rcp":"RCP2.6","period":"2060","key":"TN","value":7.7,"estimate":"q95"},{"bfs_id":3293,"rcp":"RCP2.6","period":"2085","key":"TN","value":2.9,"estimate":"q5"},{"bfs_id":3293,"rcp":"RCP2.6","period":"2085","key":"TN","value":4.3,"estimate":"q50"},{"bfs_id":3293,"rcp":"RCP2.6","period":"2085","key":"TN","value":7.6,"estimate":"q95"},{"bfs_id":3293,"rcp":"RCP8.5","period":"2035","key":"TN","value":4,"estimate":"q5"},{"bfs_id":3293,"rcp":"RCP8.5","period":"2035","key":"TN","value":5.6,"estimate":"q50"},{"bfs_id":3293,"rcp":"RCP8.5","period":"2035","key":"TN","value":9.6,"estimate":"q95"},{"bfs_id":3293,"rcp":"RCP8.5","period":"2060","key":"TN","value":10.6,"estimate":"q5"},{"bfs_id":3293,"rcp":"RCP8.5","period":"2060","key":"TN","value":14.7,"estimate":"q50"},{"bfs_id":3293,"rcp":"RCP8.5","period":"2060","key":"TN","value":23.9,"estimate":"q95"},{"bfs_id":3293,"rcp":"RCP8.5","period":"2085","key":"TN","value":23.2,"estimate":"q5"},{"bfs_id":3293,"rcp":"RCP8.5","period":"2085","key":"TN","value":32.5,"estimate":"q50"},{"bfs_id":3293,"rcp":"RCP8.5","period":"2085","key":"TN","value":54,"estimate":"q95"},{"bfs_id":3293,"rcp":"RCP2.6","period":"2035","key":"pr","value":2.6,"estimate":"q5","season":"DJF"},{"bfs_id":3293,"rcp":"RCP2.6","period":"2035","key":"pr","value":2.9,"estimate":"q5","season":"MAM"},{"bfs_id":3293,"rcp":"RCP2.6","period":"2035","key":"pr","value":3.5,"estimate":"q5","season":"JJA"},{"bfs_id":3293,"rcp":"RCP2.6","period":"2035","key":"pr","value":2.7,"estimate":"q5","season":"SON"},{"bfs_id":3293,"rcp":"RCP2.6","period":"2035","key":"pr","value":2.9,"estimate":"q50","season":"DJF"},{"bfs_id":3293,"rcp":"RCP2.6","period":"2035","key":"pr","value":3.3,"estimate":"q50","season":"MAM"},{"bfs_id":3293,"rcp":"RCP2.6","period":"2035","key":"pr","value":4.2,"estimate":"q50","season":"JJA"},{"bfs_id":3293,"rcp":"RCP2.6","period":"2035","key":"pr","value":3,"estimate":"q50","season":"SON"},{"bfs_id":3293,"rcp":"RCP2.6","period":"2035","key":"pr","value":3.5,"estimate":"q95","season":"DJF"},{"bfs_id":3293,"rcp":"RCP2.6","period":"2035","key":"pr","value":3.4,"estimate":"q95","season":"MAM"},{"bfs_id":3293,"rcp":"RCP2.6","period":"2035","key":"pr","value":4.7,"estimate":"q95","season":"JJA"},{"bfs_id":3293,"rcp":"RCP2.6","period":"2035","key":"pr","value":3.7,"estimate":"q95","season":"SON"},{"bfs_id":3293,"rcp":"RCP2.6","period":"2060","key":"pr","value":2.6,"estimate":"q5","season":"DJF"},{"bfs_id":3293,"rcp":"RCP2.6","period":"2060","key":"pr","value":2.9,"estimate":"q5","season":"MAM"},{"bfs_id":3293,"rcp":"RCP2.6","period":"2060","key":"pr","value":3.4,"estimate":"q5","season":"JJA"},{"bfs_id":3293,"rcp":"RCP2.6","period":"2060","key":"pr","value":2.8,"estimate":"q5","season":"SON"},{"bfs_id":3293,"rcp":"RCP2.6","period":"2060","key":"pr","value":2.9,"estimate":"q50","season":"DJF"},{"bfs_id":3293,"rcp":"RCP2.6","period":"2060","key":"pr","value":3.2,"estimate":"q50","season":"MAM"},{"bfs_id":3293,"rcp":"RCP2.6","period":"2060","key":"pr","value":4.2,"estimate":"q50","season":"JJA"},{"bfs_id":3293,"rcp":"RCP2.6","period":"2060","key":"pr","value":3.1,"estimate":"q50","season":"SON"},{"bfs_id":3293,"rcp":"RCP2.6","period":"2060","key":"pr","value":3.3,"estimate":"q95","season":"DJF"},{"bfs_id":3293,"rcp":"RCP2.6","period":"2060","key":"pr","value":3.5,"estimate":"q95","season":"MAM"},{"bfs_id":3293,"rcp":"RCP2.6","period":"2060","key":"pr","value":4.7,"estimate":"q95","season":"JJA"},{"bfs_id":3293,"rcp":"RCP2.6","period":"2060","key":"pr","value":3.6,"estimate":"q95","season":"SON"},{"bfs_id":3293,"rcp":"RCP2.6","period":"2085","key":"pr","value":2.5,"estimate":"q5","season":"DJF"},{"bfs_id":3293,"rcp":"RCP2.6","period":"2085","key":"pr","value":2.9,"estimate":"q5","season":"MAM"},{"bfs_id":3293,"rcp":"RCP2.6","period":"2085","key":"pr","value":3.4,"estimate":"q5","season":"JJA"},{"bfs_id":3293,"rcp":"RCP2.6","period":"2085","key":"pr","value":2.8,"estimate":"q5","season":"SON"},{"bfs_id":3293,"rcp":"RCP2.6","period":"2085","key":"pr","value":2.9,"estimate":"q50","season":"DJF"},{"bfs_id":3293,"rcp":"RCP2.6","period":"2085","key":"pr","value":3.2,"estimate":"q50","season":"MAM"},{"bfs_id":3293,"rcp":"RCP2.6","period":"2085","key":"pr","value":4.3,"estimate":"q50","season":"JJA"},{"bfs_id":3293,"rcp":"RCP2.6","period":"2085","key":"pr","value":3.1,"estimate":"q50","season":"SON"},{"bfs_id":3293,"rcp":"RCP2.6","period":"2085","key":"pr","value":3.3,"estimate":"q95","season":"DJF"},{"bfs_id":3293,"rcp":"RCP2.6","period":"2085","key":"pr","value":3.5,"estimate":"q95","season":"MAM"},{"bfs_id":3293,"rcp":"RCP2.6","period":"2085","key":"pr","value":4.7,"estimate":"q95","season":"JJA"},{"bfs_id":3293,"rcp":"RCP2.6","period":"2085","key":"pr","value":3.6,"estimate":"q95","season":"SON"},{"bfs_id":3293,"rcp":"RCP8.5","period":"2035","key":"pr","value":2.7,"estimate":"q5","season":"DJF"},{"bfs_id":3293,"rcp":"RCP8.5","period":"2035","key":"pr","value":2.9,"estimate":"q5","season":"MAM"},{"bfs_id":3293,"rcp":"RCP8.5","period":"2035","key":"pr","value":3.5,"estimate":"q5","season":"JJA"},{"bfs_id":3293,"rcp":"RCP8.5","period":"2035","key":"pr","value":2.8,"estimate":"q5","season":"SON"},{"bfs_id":3293,"rcp":"RCP8.5","period":"2035","key":"pr","value":3,"estimate":"q50","season":"DJF"},{"bfs_id":3293,"rcp":"RCP8.5","period":"2035","key":"pr","value":3.3,"estimate":"q50","season":"MAM"},{"bfs_id":3293,"rcp":"RCP8.5","period":"2035","key":"pr","value":4.2,"estimate":"q50","season":"JJA"},{"bfs_id":3293,"rcp":"RCP8.5","period":"2035","key":"pr","value":3.2,"estimate":"q50","season":"SON"},{"bfs_id":3293,"rcp":"RCP8.5","period":"2035","key":"pr","value":3.4,"estimate":"q95","season":"DJF"},{"bfs_id":3293,"rcp":"RCP8.5","period":"2035","key":"pr","value":3.6,"estimate":"q95","season":"MAM"},{"bfs_id":3293,"rcp":"RCP8.5","period":"2035","key":"pr","value":4.7,"estimate":"q95","season":"JJA"},{"bfs_id":3293,"rcp":"RCP8.5","period":"2035","key":"pr","value":3.7,"estimate":"q95","season":"SON"},{"bfs_id":3293,"rcp":"RCP8.5","period":"2060","key":"pr","value":2.8,"estimate":"q5","season":"DJF"},{"bfs_id":3293,"rcp":"RCP8.5","period":"2060","key":"pr","value":3.2,"estimate":"q5","season":"MAM"},{"bfs_id":3293,"rcp":"RCP8.5","period":"2060","key":"pr","value":2.9,"estimate":"q5","season":"JJA"},{"bfs_id":3293,"rcp":"RCP8.5","period":"2060","key":"pr","value":2.8,"estimate":"q5","season":"SON"},{"bfs_id":3293,"rcp":"RCP8.5","period":"2060","key":"pr","value":3.1,"estimate":"q50","season":"DJF"},{"bfs_id":3293,"rcp":"RCP8.5","period":"2060","key":"pr","value":3.5,"estimate":"q50","season":"MAM"},{"bfs_id":3293,"rcp":"RCP8.5","period":"2060","key":"pr","value":4.1,"estimate":"q50","season":"JJA"},{"bfs_id":3293,"rcp":"RCP8.5","period":"2060","key":"pr","value":3.2,"estimate":"q50","season":"SON"},{"bfs_id":3293,"rcp":"RCP8.5","period":"2060","key":"pr","value":3.5,"estimate":"q95","season":"DJF"},{"bfs_id":3293,"rcp":"RCP8.5","period":"2060","key":"pr","value":3.8,"estimate":"q95","season":"MAM"},{"bfs_id":3293,"rcp":"RCP8.5","period":"2060","key":"pr","value":4.9,"estimate":"q95","season":"JJA"},{"bfs_id":3293,"rcp":"RCP8.5","period":"2060","key":"pr","value":3.6,"estimate":"q95","season":"SON"},{"bfs_id":3293,"rcp":"RCP8.5","period":"2085","key":"pr","value":2.9,"estimate":"q5","season":"DJF"},{"bfs_id":3293,"rcp":"RCP8.5","period":"2085","key":"pr","value":3.2,"estimate":"q5","season":"MAM"},{"bfs_id":3293,"rcp":"RCP8.5","period":"2085","key":"pr","value":2.4,"estimate":"q5","season":"JJA"},{"bfs_id":3293,"rcp":"RCP8.5","period":"2085","key":"pr","value":2.5,"estimate":"q5","season":"SON"},{"bfs_id":3293,"rcp":"RCP8.5","period":"2085","key":"pr","value":3.4,"estimate":"q50","season":"DJF"},{"bfs_id":3293,"rcp":"RCP8.5","period":"2085","key":"pr","value":3.6,"estimate":"q50","season":"MAM"},{"bfs_id":3293,"rcp":"RCP8.5","period":"2085","key":"pr","value":3.7,"estimate":"q50","season":"JJA"},{"bfs_id":3293,"rcp":"RCP8.5","period":"2085","key":"pr","value":3.2,"estimate":"q50","season":"SON"},{"bfs_id":3293,"rcp":"RCP8.5","period":"2085","key":"pr","value":4,"estimate":"q95","season":"DJF"},{"bfs_id":3293,"rcp":"RCP8.5","period":"2085","key":"pr","value":4.2,"estimate":"q95","season":"MAM"},{"bfs_id":3293,"rcp":"RCP8.5","period":"2085","key":"pr","value":4.3,"estimate":"q95","season":"JJA"},{"bfs_id":3293,"rcp":"RCP8.5","period":"2085","key":"pr","value":3.9,"estimate":"q95","season":"SON"},{"bfs_id":3293,"rcp":"RCP2.6","period":"2035","key":"tas","value":1.8,"estimate":"q5","season":"DJF"},{"bfs_id":3293,"rcp":"RCP2.6","period":"2035","key":"tas","value":9.7,"estimate":"q5","season":"MAM"},{"bfs_id":3293,"rcp":"RCP2.6","period":"2035","key":"tas","value":18.7,"estimate":"q5","season":"JJA"},{"bfs_id":3293,"rcp":"RCP2.6","period":"2035","key":"tas","value":10.8,"estimate":"q5","season":"SON"},{"bfs_id":3293,"rcp":"RCP2.6","period":"2035","key":"tas","value":2.3,"estimate":"q50","season":"DJF"},{"bfs_id":3293,"rcp":"RCP2.6","period":"2035","key":"tas","value":10.3,"estimate":"q50","season":"MAM"},{"bfs_id":3293,"rcp":"RCP2.6","period":"2035","key":"tas","value":19.5,"estimate":"q50","season":"JJA"},{"bfs_id":3293,"rcp":"RCP2.6","period":"2035","key":"tas","value":11.2,"estimate":"q50","season":"SON"},{"bfs_id":3293,"rcp":"RCP2.6","period":"2035","key":"tas","value":3,"estimate":"q95","season":"DJF"},{"bfs_id":3293,"rcp":"RCP2.6","period":"2035","key":"tas","value":10.7,"estimate":"q95","season":"MAM"},{"bfs_id":3293,"rcp":"RCP2.6","period":"2035","key":"tas","value":20.4,"estimate":"q95","season":"JJA"},{"bfs_id":3293,"rcp":"RCP2.6","period":"2035","key":"tas","value":12.1,"estimate":"q95","season":"SON"},{"bfs_id":3293,"rcp":"RCP2.6","period":"2060","key":"tas","value":1.7,"estimate":"q5","season":"DJF"},{"bfs_id":3293,"rcp":"RCP2.6","period":"2060","key":"tas","value":9.6,"estimate":"q5","season":"MAM"},{"bfs_id":3293,"rcp":"RCP2.6","period":"2060","key":"tas","value":18.9,"estimate":"q5","season":"JJA"},{"bfs_id":3293,"rcp":"RCP2.6","period":"2060","key":"tas","value":11.1,"estimate":"q5","season":"SON"},{"bfs_id":3293,"rcp":"RCP2.6","period":"2060","key":"tas","value":2.6,"estimate":"q50","season":"DJF"},{"bfs_id":3293,"rcp":"RCP2.6","period":"2060","key":"tas","value":10.3,"estimate":"q50","season":"MAM"},{"bfs_id":3293,"rcp":"RCP2.6","period":"2060","key":"tas","value":19.5,"estimate":"q50","season":"JJA"},{"bfs_id":3293,"rcp":"RCP2.6","period":"2060","key":"tas","value":11.5,"estimate":"q50","season":"SON"},{"bfs_id":3293,"rcp":"RCP2.6","period":"2060","key":"tas","value":3.2,"estimate":"q95","season":"DJF"},{"bfs_id":3293,"rcp":"RCP2.6","period":"2060","key":"tas","value":10.9,"estimate":"q95","season":"MAM"},{"bfs_id":3293,"rcp":"RCP2.6","period":"2060","key":"tas","value":20.4,"estimate":"q95","season":"JJA"},{"bfs_id":3293,"rcp":"RCP2.6","period":"2060","key":"tas","value":12.5,"estimate":"q95","season":"SON"},{"bfs_id":3293,"rcp":"RCP2.6","period":"2085","key":"tas","value":1.8,"estimate":"q5","season":"DJF"},{"bfs_id":3293,"rcp":"RCP2.6","period":"2085","key":"tas","value":9.7,"estimate":"q5","season":"MAM"},{"bfs_id":3293,"rcp":"RCP2.6","period":"2085","key":"tas","value":18.9,"estimate":"q5","season":"JJA"},{"bfs_id":3293,"rcp":"RCP2.6","period":"2085","key":"tas","value":10.8,"estimate":"q5","season":"SON"},{"bfs_id":3293,"rcp":"RCP2.6","period":"2085","key":"tas","value":2.7,"estimate":"q50","season":"DJF"},{"bfs_id":3293,"rcp":"RCP2.6","period":"2085","key":"tas","value":10.3,"estimate":"q50","season":"MAM"},{"bfs_id":3293,"rcp":"RCP2.6","period":"2085","key":"tas","value":19.5,"estimate":"q50","season":"JJA"},{"bfs_id":3293,"rcp":"RCP2.6","period":"2085","key":"tas","value":11.5,"estimate":"q50","season":"SON"},{"bfs_id":3293,"rcp":"RCP2.6","period":"2085","key":"tas","value":3.5,"estimate":"q95","season":"DJF"},{"bfs_id":3293,"rcp":"RCP2.6","period":"2085","key":"tas","value":11,"estimate":"q95","season":"MAM"},{"bfs_id":3293,"rcp":"RCP2.6","period":"2085","key":"tas","value":20.3,"estimate":"q95","season":"JJA"},{"bfs_id":3293,"rcp":"RCP2.6","period":"2085","key":"tas","value":12.5,"estimate":"q95","season":"SON"},{"bfs_id":3293,"rcp":"RCP8.5","period":"2035","key":"tas","value":1.8,"estimate":"q5","season":"DJF"},{"bfs_id":3293,"rcp":"RCP8.5","period":"2035","key":"tas","value":9.9,"estimate":"q5","season":"MAM"},{"bfs_id":3293,"rcp":"RCP8.5","period":"2035","key":"tas","value":19.2,"estimate":"q5","season":"JJA"},{"bfs_id":3293,"rcp":"RCP8.5","period":"2035","key":"tas","value":11.2,"estimate":"q5","season":"SON"},{"bfs_id":3293,"rcp":"RCP8.5","period":"2035","key":"tas","value":2.8,"estimate":"q50","season":"DJF"},{"bfs_id":3293,"rcp":"RCP8.5","period":"2035","key":"tas","value":10.4,"estimate":"q50","season":"MAM"},{"bfs_id":3293,"rcp":"RCP8.5","period":"2035","key":"tas","value":19.8,"estimate":"q50","season":"JJA"},{"bfs_id":3293,"rcp":"RCP8.5","period":"2035","key":"tas","value":11.6,"estimate":"q50","season":"SON"},{"bfs_id":3293,"rcp":"RCP8.5","period":"2035","key":"tas","value":3.2,"estimate":"q95","season":"DJF"},{"bfs_id":3293,"rcp":"RCP8.5","period":"2035","key":"tas","value":11.1,"estimate":"q95","season":"MAM"},{"bfs_id":3293,"rcp":"RCP8.5","period":"2035","key":"tas","value":20.7,"estimate":"q95","season":"JJA"},{"bfs_id":3293,"rcp":"RCP8.5","period":"2035","key":"tas","value":12.5,"estimate":"q95","season":"SON"},{"bfs_id":3293,"rcp":"RCP8.5","period":"2060","key":"tas","value":3.2,"estimate":"q5","season":"DJF"},{"bfs_id":3293,"rcp":"RCP8.5","period":"2060","key":"tas","value":11,"estimate":"q5","season":"MAM"},{"bfs_id":3293,"rcp":"RCP8.5","period":"2060","key":"tas","value":20.4,"estimate":"q5","season":"JJA"},{"bfs_id":3293,"rcp":"RCP8.5","period":"2060","key":"tas","value":12.3,"estimate":"q5","season":"SON"},{"bfs_id":3293,"rcp":"RCP8.5","period":"2060","key":"tas","value":3.7,"estimate":"q50","season":"DJF"},{"bfs_id":3293,"rcp":"RCP8.5","period":"2060","key":"tas","value":11.7,"estimate":"q50","season":"MAM"},{"bfs_id":3293,"rcp":"RCP8.5","period":"2060","key":"tas","value":21.2,"estimate":"q50","season":"JJA"},{"bfs_id":3293,"rcp":"RCP8.5","period":"2060","key":"tas","value":13.2,"estimate":"q50","season":"SON"},{"bfs_id":3293,"rcp":"RCP8.5","period":"2060","key":"tas","value":4.5,"estimate":"q95","season":"DJF"},{"bfs_id":3293,"rcp":"RCP8.5","period":"2060","key":"tas","value":13,"estimate":"q95","season":"MAM"},{"bfs_id":3293,"rcp":"RCP8.5","period":"2060","key":"tas","value":22.6,"estimate":"q95","season":"JJA"},{"bfs_id":3293,"rcp":"RCP8.5","period":"2060","key":"tas","value":14.2,"estimate":"q95","season":"SON"},{"bfs_id":3293,"rcp":"RCP8.5","period":"2085","key":"tas","value":4.6,"estimate":"q5","season":"DJF"},{"bfs_id":3293,"rcp":"RCP8.5","period":"2085","key":"tas","value":12.4,"estimate":"q5","season":"MAM"},{"bfs_id":3293,"rcp":"RCP8.5","period":"2085","key":"tas","value":22.1,"estimate":"q5","season":"JJA"},{"bfs_id":3293,"rcp":"RCP8.5","period":"2085","key":"tas","value":13.7,"estimate":"q5","season":"SON"},{"bfs_id":3293,"rcp":"RCP8.5","period":"2085","key":"tas","value":6,"estimate":"q50","season":"DJF"},{"bfs_id":3293,"rcp":"RCP8.5","period":"2085","key":"tas","value":13.2,"estimate":"q50","season":"MAM"},{"bfs_id":3293,"rcp":"RCP8.5","period":"2085","key":"tas","value":22.9,"estimate":"q50","season":"JJA"},{"bfs_id":3293,"rcp":"RCP8.5","period":"2085","key":"tas","value":14.5,"estimate":"q50","season":"SON"},{"bfs_id":3293,"rcp":"RCP8.5","period":"2085","key":"tas","value":6.6,"estimate":"q95","season":"DJF"},{"bfs_id":3293,"rcp":"RCP8.5","period":"2085","key":"tas","value":15,"estimate":"q95","season":"MAM"},{"bfs_id":3293,"rcp":"RCP8.5","period":"2085","key":"tas","value":25.7,"estimate":"q95","season":"JJA"},{"bfs_id":3293,"rcp":"RCP8.5","period":"2085","key":"tas","value":16.5,"estimate":"q95","season":"SON"},{"bfs_id":3293,"rcp":"obs","period":"1981-2010","key":"FD","value":83.4,"estimate":"yearly_mean"},{"bfs_id":3293,"rcp":"obs","period":"1981-2010","key":"HD","value":6.5,"estimate":"yearly_mean"},{"bfs_id":3293,"rcp":"obs","period":"1981-2010","key":"ID","value":20.2,"estimate":"yearly_mean"},{"bfs_id":3293,"rcp":"obs","period":"1981-2010","key":"SD","value":45.4,"estimate":"yearly_mean"},{"bfs_id":3293,"rcp":"obs","period":"1981-2010","key":"snowdays","value":20.7,"estimate":"yearly_mean"},{"bfs_id":3293,"rcp":"obs","period":"1981-2010","key":"TN","value":1.2,"estimate":"yearly_mean"},{"bfs_id":3293,"rcp":"obs","period":"1981-2010","key":"pr","value":2.7,"estimate":"mean","season":"DJF"},{"bfs_id":3293,"rcp":"obs","period":"1981-2010","key":"pr","value":3,"estimate":"mean","season":"MAM"},{"bfs_id":3293,"rcp":"obs","period":"1981-2010","key":"pr","value":4.6,"estimate":"mean","season":"JJA"},{"bfs_id":3293,"rcp":"obs","period":"1981-2010","key":"pr","value":3.1,"estimate":"mean","season":"SON"},{"bfs_id":3293,"rcp":"obs","period":"1981-2010","key":"tas","value":1.1,"estimate":"mean","season":"DJF"},{"bfs_id":3293,"rcp":"obs","period":"1981-2010","key":"tas","value":9.8,"estimate":"mean","season":"MAM"},{"bfs_id":3293,"rcp":"obs","period":"1981-2010","key":"tas","value":18,"estimate":"mean","season":"JJA"},{"bfs_id":3293,"rcp":"obs","period":"1981-2010","key":"tas","value":10.2,"estimate":"mean","season":"SON"}]
