[{"bfs_id":1348,"rcp":"RCP2.6","period":"2035","key":"FD","value":92.8,"estimate":"q5"},{"bfs_id":1348,"rcp":"RCP2.6","period":"2035","key":"FD","value":102.9,"estimate":"q50"},{"bfs_id":1348,"rcp":"RCP2.6","period":"2035","key":"FD","value":110.8,"estimate":"q95"},{"bfs_id":1348,"rcp":"RCP2.6","period":"2060","key":"FD","value":88.4,"estimate":"q5"},{"bfs_id":1348,"rcp":"RCP2.6","period":"2060","key":"FD","value":98.5,"estimate":"q50"},{"bfs_id":1348,"rcp":"RCP2.6","period":"2060","key":"FD","value":110.7,"estimate":"q95"},{"bfs_id":1348,"rcp":"RCP2.6","period":"2085","key":"FD","value":87.7,"estimate":"q5"},{"bfs_id":1348,"rcp":"RCP2.6","period":"2085","key":"FD","value":101.6,"estimate":"q50"},{"bfs_id":1348,"rcp":"RCP2.6","period":"2085","key":"FD","value":109.9,"estimate":"q95"},{"bfs_id":1348,"rcp":"RCP8.5","period":"2035","key":"FD","value":90.4,"estimate":"q5"},{"bfs_id":1348,"rcp":"RCP8.5","period":"2035","key":"FD","value":99.4,"estimate":"q50"},{"bfs_id":1348,"rcp":"RCP8.5","period":"2035","key":"FD","value":107.9,"estimate":"q95"},{"bfs_id":1348,"rcp":"RCP8.5","period":"2060","key":"FD","value":74.4,"estimate":"q5"},{"bfs_id":1348,"rcp":"RCP8.5","period":"2060","key":"FD","value":80.8,"estimate":"q50"},{"bfs_id":1348,"rcp":"RCP8.5","period":"2060","key":"FD","value":90.6,"estimate":"q95"},{"bfs_id":1348,"rcp":"RCP8.5","period":"2085","key":"FD","value":49.7,"estimate":"q5"},{"bfs_id":1348,"rcp":"RCP8.5","period":"2085","key":"FD","value":58.8,"estimate":"q50"},{"bfs_id":1348,"rcp":"RCP8.5","period":"2085","key":"FD","value":71.2,"estimate":"q95"},{"bfs_id":1348,"rcp":"RCP2.6","period":"2035","key":"HD","value":1.9,"estimate":"q5"},{"bfs_id":1348,"rcp":"RCP2.6","period":"2035","key":"HD","value":2.9,"estimate":"q50"},{"bfs_id":1348,"rcp":"RCP2.6","period":"2035","key":"HD","value":5.1,"estimate":"q95"},{"bfs_id":1348,"rcp":"RCP2.6","period":"2060","key":"HD","value":2.2,"estimate":"q5"},{"bfs_id":1348,"rcp":"RCP2.6","period":"2060","key":"HD","value":3.2,"estimate":"q50"},{"bfs_id":1348,"rcp":"RCP2.6","period":"2060","key":"HD","value":6.1,"estimate":"q95"},{"bfs_id":1348,"rcp":"RCP2.6","period":"2085","key":"HD","value":2.1,"estimate":"q5"},{"bfs_id":1348,"rcp":"RCP2.6","period":"2085","key":"HD","value":2.9,"estimate":"q50"},{"bfs_id":1348,"rcp":"RCP2.6","period":"2085","key":"HD","value":5.7,"estimate":"q95"},{"bfs_id":1348,"rcp":"RCP8.5","period":"2035","key":"HD","value":2.4,"estimate":"q5"},{"bfs_id":1348,"rcp":"RCP8.5","period":"2035","key":"HD","value":3.2,"estimate":"q50"},{"bfs_id":1348,"rcp":"RCP8.5","period":"2035","key":"HD","value":9.3,"estimate":"q95"},{"bfs_id":1348,"rcp":"RCP8.5","period":"2060","key":"HD","value":4.3,"estimate":"q5"},{"bfs_id":1348,"rcp":"RCP8.5","period":"2060","key":"HD","value":9.4,"estimate":"q50"},{"bfs_id":1348,"rcp":"RCP8.5","period":"2060","key":"HD","value":19.1,"estimate":"q95"},{"bfs_id":1348,"rcp":"RCP8.5","period":"2085","key":"HD","value":10.8,"estimate":"q5"},{"bfs_id":1348,"rcp":"RCP8.5","period":"2085","key":"HD","value":16.6,"estimate":"q50"},{"bfs_id":1348,"rcp":"RCP8.5","period":"2085","key":"HD","value":41.4,"estimate":"q95"},{"bfs_id":1348,"rcp":"RCP2.6","period":"2035","key":"ID","value":20.7,"estimate":"q5"},{"bfs_id":1348,"rcp":"RCP2.6","period":"2035","key":"ID","value":24.7,"estimate":"q50"},{"bfs_id":1348,"rcp":"RCP2.6","period":"2035","key":"ID","value":30.1,"estimate":"q95"},{"bfs_id":1348,"rcp":"RCP2.6","period":"2060","key":"ID","value":19.4,"estimate":"q5"},{"bfs_id":1348,"rcp":"RCP2.6","period":"2060","key":"ID","value":23.1,"estimate":"q50"},{"bfs_id":1348,"rcp":"RCP2.6","period":"2060","key":"ID","value":28.5,"estimate":"q95"},{"bfs_id":1348,"rcp":"RCP2.6","period":"2085","key":"ID","value":18.4,"estimate":"q5"},{"bfs_id":1348,"rcp":"RCP2.6","period":"2085","key":"ID","value":23.7,"estimate":"q50"},{"bfs_id":1348,"rcp":"RCP2.6","period":"2085","key":"ID","value":29.2,"estimate":"q95"},{"bfs_id":1348,"rcp":"RCP8.5","period":"2035","key":"ID","value":19.2,"estimate":"q5"},{"bfs_id":1348,"rcp":"RCP8.5","period":"2035","key":"ID","value":23.5,"estimate":"q50"},{"bfs_id":1348,"rcp":"RCP8.5","period":"2035","key":"ID","value":28.9,"estimate":"q95"},{"bfs_id":1348,"rcp":"RCP8.5","period":"2060","key":"ID","value":13.5,"estimate":"q5"},{"bfs_id":1348,"rcp":"RCP8.5","period":"2060","key":"ID","value":17.6,"estimate":"q50"},{"bfs_id":1348,"rcp":"RCP8.5","period":"2060","key":"ID","value":20,"estimate":"q95"},{"bfs_id":1348,"rcp":"RCP8.5","period":"2085","key":"ID","value":5.8,"estimate":"q5"},{"bfs_id":1348,"rcp":"RCP8.5","period":"2085","key":"ID","value":9.5,"estimate":"q50"},{"bfs_id":1348,"rcp":"RCP8.5","period":"2085","key":"ID","value":14.1,"estimate":"q95"},{"bfs_id":1348,"rcp":"RCP2.6","period":"2035","key":"SD","value":24.2,"estimate":"q5"},{"bfs_id":1348,"rcp":"RCP2.6","period":"2035","key":"SD","value":27.9,"estimate":"q50"},{"bfs_id":1348,"rcp":"RCP2.6","period":"2035","key":"SD","value":36.9,"estimate":"q95"},{"bfs_id":1348,"rcp":"RCP2.6","period":"2060","key":"SD","value":24.5,"estimate":"q5"},{"bfs_id":1348,"rcp":"RCP2.6","period":"2060","key":"SD","value":29,"estimate":"q50"},{"bfs_id":1348,"rcp":"RCP2.6","period":"2060","key":"SD","value":36.7,"estimate":"q95"},{"bfs_id":1348,"rcp":"RCP2.6","period":"2085","key":"SD","value":23.7,"estimate":"q5"},{"bfs_id":1348,"rcp":"RCP2.6","period":"2085","key":"SD","value":29.9,"estimate":"q50"},{"bfs_id":1348,"rcp":"RCP2.6","period":"2085","key":"SD","value":36.2,"estimate":"q95"},{"bfs_id":1348,"rcp":"RCP8.5","period":"2035","key":"SD","value":26.2,"estimate":"q5"},{"bfs_id":1348,"rcp":"RCP8.5","period":"2035","key":"SD","value":31.8,"estimate":"q50"},{"bfs_id":1348,"rcp":"RCP8.5","period":"2035","key":"SD","value":37.8,"estimate":"q95"},{"bfs_id":1348,"rcp":"RCP8.5","period":"2060","key":"SD","value":35.7,"estimate":"q5"},{"bfs_id":1348,"rcp":"RCP8.5","period":"2060","key":"SD","value":43.6,"estimate":"q50"},{"bfs_id":1348,"rcp":"RCP8.5","period":"2060","key":"SD","value":60.7,"estimate":"q95"},{"bfs_id":1348,"rcp":"RCP8.5","period":"2085","key":"SD","value":52.9,"estimate":"q5"},{"bfs_id":1348,"rcp":"RCP8.5","period":"2085","key":"SD","value":60.6,"estimate":"q50"},{"bfs_id":1348,"rcp":"RCP8.5","period":"2085","key":"SD","value":88.3,"estimate":"q95"},{"bfs_id":1348,"rcp":"RCP2.6","period":"2035","key":"snowdays","value":28.3,"estimate":"q5"},{"bfs_id":1348,"rcp":"RCP2.6","period":"2035","key":"snowdays","value":36.1,"estimate":"q50"},{"bfs_id":1348,"rcp":"RCP2.6","period":"2035","key":"snowdays","value":43.9,"estimate":"q95"},{"bfs_id":1348,"rcp":"RCP2.6","period":"2060","key":"snowdays","value":27.6,"estimate":"q5"},{"bfs_id":1348,"rcp":"RCP2.6","period":"2060","key":"snowdays","value":34.4,"estimate":"q50"},{"bfs_id":1348,"rcp":"RCP2.6","period":"2060","key":"snowdays","value":44,"estimate":"q95"},{"bfs_id":1348,"rcp":"RCP2.6","period":"2085","key":"snowdays","value":27.8,"estimate":"q5"},{"bfs_id":1348,"rcp":"RCP2.6","period":"2085","key":"snowdays","value":34.4,"estimate":"q50"},{"bfs_id":1348,"rcp":"RCP2.6","period":"2085","key":"snowdays","value":44.6,"estimate":"q95"},{"bfs_id":1348,"rcp":"RCP8.5","period":"2035","key":"snowdays","value":26.4,"estimate":"q5"},{"bfs_id":1348,"rcp":"RCP8.5","period":"2035","key":"snowdays","value":35.8,"estimate":"q50"},{"bfs_id":1348,"rcp":"RCP8.5","period":"2035","key":"snowdays","value":43.6,"estimate":"q95"},{"bfs_id":1348,"rcp":"RCP8.5","period":"2060","key":"snowdays","value":20,"estimate":"q5"},{"bfs_id":1348,"rcp":"RCP8.5","period":"2060","key":"snowdays","value":29,"estimate":"q50"},{"bfs_id":1348,"rcp":"RCP8.5","period":"2060","key":"snowdays","value":34.9,"estimate":"q95"},{"bfs_id":1348,"rcp":"RCP8.5","period":"2085","key":"snowdays","value":12.1,"estimate":"q5"},{"bfs_id":1348,"rcp":"RCP8.5","period":"2085","key":"snowdays","value":19.7,"estimate":"q50"},{"bfs_id":1348,"rcp":"RCP8.5","period":"2085","key":"snowdays","value":26.6,"estimate":"q95"},{"bfs_id":1348,"rcp":"RCP2.6","period":"2035","key":"TN","value":0,"estimate":"q5"},{"bfs_id":1348,"rcp":"RCP2.6","period":"2035","key":"TN","value":0.1,"estimate":"q50"},{"bfs_id":1348,"rcp":"RCP2.6","period":"2035","key":"TN","value":0.4,"estimate":"q95"},{"bfs_id":1348,"rcp":"RCP2.6","period":"2060","key":"TN","value":0,"estimate":"q5"},{"bfs_id":1348,"rcp":"RCP2.6","period":"2060","key":"TN","value":0.1,"estimate":"q50"},{"bfs_id":1348,"rcp":"RCP2.6","period":"2060","key":"TN","value":0.6,"estimate":"q95"},{"bfs_id":1348,"rcp":"RCP2.6","period":"2085","key":"TN","value":0,"estimate":"q5"},{"bfs_id":1348,"rcp":"RCP2.6","period":"2085","key":"TN","value":0.1,"estimate":"q50"},{"bfs_id":1348,"rcp":"RCP2.6","period":"2085","key":"TN","value":0.5,"estimate":"q95"},{"bfs_id":1348,"rcp":"RCP8.5","period":"2035","key":"TN","value":0,"estimate":"q5"},{"bfs_id":1348,"rcp":"RCP8.5","period":"2035","key":"TN","value":0.2,"estimate":"q50"},{"bfs_id":1348,"rcp":"RCP8.5","period":"2035","key":"TN","value":1,"estimate":"q95"},{"bfs_id":1348,"rcp":"RCP8.5","period":"2060","key":"TN","value":0.2,"estimate":"q5"},{"bfs_id":1348,"rcp":"RCP8.5","period":"2060","key":"TN","value":1.1,"estimate":"q50"},{"bfs_id":1348,"rcp":"RCP8.5","period":"2060","key":"TN","value":2.4,"estimate":"q95"},{"bfs_id":1348,"rcp":"RCP8.5","period":"2085","key":"TN","value":1.4,"estimate":"q5"},{"bfs_id":1348,"rcp":"RCP8.5","period":"2085","key":"TN","value":4.6,"estimate":"q50"},{"bfs_id":1348,"rcp":"RCP8.5","period":"2085","key":"TN","value":14.8,"estimate":"q95"},{"bfs_id":1348,"rcp":"RCP2.6","period":"2035","key":"pr","value":3.9,"estimate":"q5","season":"DJF"},{"bfs_id":1348,"rcp":"RCP2.6","period":"2035","key":"pr","value":4.8,"estimate":"q5","season":"MAM"},{"bfs_id":1348,"rcp":"RCP2.6","period":"2035","key":"pr","value":5.9,"estimate":"q5","season":"JJA"},{"bfs_id":1348,"rcp":"RCP2.6","period":"2035","key":"pr","value":4.3,"estimate":"q5","season":"SON"},{"bfs_id":1348,"rcp":"RCP2.6","period":"2035","key":"pr","value":4.3,"estimate":"q50","season":"DJF"},{"bfs_id":1348,"rcp":"RCP2.6","period":"2035","key":"pr","value":5.4,"estimate":"q50","season":"MAM"},{"bfs_id":1348,"rcp":"RCP2.6","period":"2035","key":"pr","value":7.1,"estimate":"q50","season":"JJA"},{"bfs_id":1348,"rcp":"RCP2.6","period":"2035","key":"pr","value":4.7,"estimate":"q50","season":"SON"},{"bfs_id":1348,"rcp":"RCP2.6","period":"2035","key":"pr","value":5.3,"estimate":"q95","season":"DJF"},{"bfs_id":1348,"rcp":"RCP2.6","period":"2035","key":"pr","value":5.9,"estimate":"q95","season":"MAM"},{"bfs_id":1348,"rcp":"RCP2.6","period":"2035","key":"pr","value":7.4,"estimate":"q95","season":"JJA"},{"bfs_id":1348,"rcp":"RCP2.6","period":"2035","key":"pr","value":5.7,"estimate":"q95","season":"SON"},{"bfs_id":1348,"rcp":"RCP2.6","period":"2060","key":"pr","value":3.9,"estimate":"q5","season":"DJF"},{"bfs_id":1348,"rcp":"RCP2.6","period":"2060","key":"pr","value":4.9,"estimate":"q5","season":"MAM"},{"bfs_id":1348,"rcp":"RCP2.6","period":"2060","key":"pr","value":5.8,"estimate":"q5","season":"JJA"},{"bfs_id":1348,"rcp":"RCP2.6","period":"2060","key":"pr","value":4.2,"estimate":"q5","season":"SON"},{"bfs_id":1348,"rcp":"RCP2.6","period":"2060","key":"pr","value":4.4,"estimate":"q50","season":"DJF"},{"bfs_id":1348,"rcp":"RCP2.6","period":"2060","key":"pr","value":5.3,"estimate":"q50","season":"MAM"},{"bfs_id":1348,"rcp":"RCP2.6","period":"2060","key":"pr","value":6.9,"estimate":"q50","season":"JJA"},{"bfs_id":1348,"rcp":"RCP2.6","period":"2060","key":"pr","value":4.7,"estimate":"q50","season":"SON"},{"bfs_id":1348,"rcp":"RCP2.6","period":"2060","key":"pr","value":4.9,"estimate":"q95","season":"DJF"},{"bfs_id":1348,"rcp":"RCP2.6","period":"2060","key":"pr","value":5.9,"estimate":"q95","season":"MAM"},{"bfs_id":1348,"rcp":"RCP2.6","period":"2060","key":"pr","value":7.6,"estimate":"q95","season":"JJA"},{"bfs_id":1348,"rcp":"RCP2.6","period":"2060","key":"pr","value":5.2,"estimate":"q95","season":"SON"},{"bfs_id":1348,"rcp":"RCP2.6","period":"2085","key":"pr","value":3.8,"estimate":"q5","season":"DJF"},{"bfs_id":1348,"rcp":"RCP2.6","period":"2085","key":"pr","value":4.9,"estimate":"q5","season":"MAM"},{"bfs_id":1348,"rcp":"RCP2.6","period":"2085","key":"pr","value":5.9,"estimate":"q5","season":"JJA"},{"bfs_id":1348,"rcp":"RCP2.6","period":"2085","key":"pr","value":4.2,"estimate":"q5","season":"SON"},{"bfs_id":1348,"rcp":"RCP2.6","period":"2085","key":"pr","value":4.4,"estimate":"q50","season":"DJF"},{"bfs_id":1348,"rcp":"RCP2.6","period":"2085","key":"pr","value":5.3,"estimate":"q50","season":"MAM"},{"bfs_id":1348,"rcp":"RCP2.6","period":"2085","key":"pr","value":6.9,"estimate":"q50","season":"JJA"},{"bfs_id":1348,"rcp":"RCP2.6","period":"2085","key":"pr","value":4.6,"estimate":"q50","season":"SON"},{"bfs_id":1348,"rcp":"RCP2.6","period":"2085","key":"pr","value":5.1,"estimate":"q95","season":"DJF"},{"bfs_id":1348,"rcp":"RCP2.6","period":"2085","key":"pr","value":5.8,"estimate":"q95","season":"MAM"},{"bfs_id":1348,"rcp":"RCP2.6","period":"2085","key":"pr","value":7.6,"estimate":"q95","season":"JJA"},{"bfs_id":1348,"rcp":"RCP2.6","period":"2085","key":"pr","value":5.4,"estimate":"q95","season":"SON"},{"bfs_id":1348,"rcp":"RCP8.5","period":"2035","key":"pr","value":4.1,"estimate":"q5","season":"DJF"},{"bfs_id":1348,"rcp":"RCP8.5","period":"2035","key":"pr","value":5,"estimate":"q5","season":"MAM"},{"bfs_id":1348,"rcp":"RCP8.5","period":"2035","key":"pr","value":6,"estimate":"q5","season":"JJA"},{"bfs_id":1348,"rcp":"RCP8.5","period":"2035","key":"pr","value":4.3,"estimate":"q5","season":"SON"},{"bfs_id":1348,"rcp":"RCP8.5","period":"2035","key":"pr","value":4.7,"estimate":"q50","season":"DJF"},{"bfs_id":1348,"rcp":"RCP8.5","period":"2035","key":"pr","value":5.5,"estimate":"q50","season":"MAM"},{"bfs_id":1348,"rcp":"RCP8.5","period":"2035","key":"pr","value":6.6,"estimate":"q50","season":"JJA"},{"bfs_id":1348,"rcp":"RCP8.5","period":"2035","key":"pr","value":4.7,"estimate":"q50","season":"SON"},{"bfs_id":1348,"rcp":"RCP8.5","period":"2035","key":"pr","value":5.1,"estimate":"q95","season":"DJF"},{"bfs_id":1348,"rcp":"RCP8.5","period":"2035","key":"pr","value":6,"estimate":"q95","season":"MAM"},{"bfs_id":1348,"rcp":"RCP8.5","period":"2035","key":"pr","value":7.9,"estimate":"q95","season":"JJA"},{"bfs_id":1348,"rcp":"RCP8.5","period":"2035","key":"pr","value":5.5,"estimate":"q95","season":"SON"},{"bfs_id":1348,"rcp":"RCP8.5","period":"2060","key":"pr","value":4.2,"estimate":"q5","season":"DJF"},{"bfs_id":1348,"rcp":"RCP8.5","period":"2060","key":"pr","value":5.3,"estimate":"q5","season":"MAM"},{"bfs_id":1348,"rcp":"RCP8.5","period":"2060","key":"pr","value":5.5,"estimate":"q5","season":"JJA"},{"bfs_id":1348,"rcp":"RCP8.5","period":"2060","key":"pr","value":4,"estimate":"q5","season":"SON"},{"bfs_id":1348,"rcp":"RCP8.5","period":"2060","key":"pr","value":4.5,"estimate":"q50","season":"DJF"},{"bfs_id":1348,"rcp":"RCP8.5","period":"2060","key":"pr","value":5.8,"estimate":"q50","season":"MAM"},{"bfs_id":1348,"rcp":"RCP8.5","period":"2060","key":"pr","value":6.3,"estimate":"q50","season":"JJA"},{"bfs_id":1348,"rcp":"RCP8.5","period":"2060","key":"pr","value":4.6,"estimate":"q50","season":"SON"},{"bfs_id":1348,"rcp":"RCP8.5","period":"2060","key":"pr","value":5.2,"estimate":"q95","season":"DJF"},{"bfs_id":1348,"rcp":"RCP8.5","period":"2060","key":"pr","value":6.2,"estimate":"q95","season":"MAM"},{"bfs_id":1348,"rcp":"RCP8.5","period":"2060","key":"pr","value":7.4,"estimate":"q95","season":"JJA"},{"bfs_id":1348,"rcp":"RCP8.5","period":"2060","key":"pr","value":5.2,"estimate":"q95","season":"SON"},{"bfs_id":1348,"rcp":"RCP8.5","period":"2085","key":"pr","value":4.1,"estimate":"q5","season":"DJF"},{"bfs_id":1348,"rcp":"RCP8.5","period":"2085","key":"pr","value":5.4,"estimate":"q5","season":"MAM"},{"bfs_id":1348,"rcp":"RCP8.5","period":"2085","key":"pr","value":4.3,"estimate":"q5","season":"JJA"},{"bfs_id":1348,"rcp":"RCP8.5","period":"2085","key":"pr","value":3.9,"estimate":"q5","season":"SON"},{"bfs_id":1348,"rcp":"RCP8.5","period":"2085","key":"pr","value":4.8,"estimate":"q50","season":"DJF"},{"bfs_id":1348,"rcp":"RCP8.5","period":"2085","key":"pr","value":5.8,"estimate":"q50","season":"MAM"},{"bfs_id":1348,"rcp":"RCP8.5","period":"2085","key":"pr","value":5.8,"estimate":"q50","season":"JJA"},{"bfs_id":1348,"rcp":"RCP8.5","period":"2085","key":"pr","value":4.5,"estimate":"q50","season":"SON"},{"bfs_id":1348,"rcp":"RCP8.5","period":"2085","key":"pr","value":5.5,"estimate":"q95","season":"DJF"},{"bfs_id":1348,"rcp":"RCP8.5","period":"2085","key":"pr","value":6.5,"estimate":"q95","season":"MAM"},{"bfs_id":1348,"rcp":"RCP8.5","period":"2085","key":"pr","value":6.6,"estimate":"q95","season":"JJA"},{"bfs_id":1348,"rcp":"RCP8.5","period":"2085","key":"pr","value":5.2,"estimate":"q95","season":"SON"},{"bfs_id":1348,"rcp":"RCP2.6","period":"2035","key":"tas","value":-0.4,"estimate":"q5","season":"DJF"},{"bfs_id":1348,"rcp":"RCP2.6","period":"2035","key":"tas","value":6.8,"estimate":"q5","season":"MAM"},{"bfs_id":1348,"rcp":"RCP2.6","period":"2035","key":"tas","value":16,"estimate":"q5","season":"JJA"},{"bfs_id":1348,"rcp":"RCP2.6","period":"2035","key":"tas","value":8.4,"estimate":"q5","season":"SON"},{"bfs_id":1348,"rcp":"RCP2.6","period":"2035","key":"tas","value":0.2,"estimate":"q50","season":"DJF"},{"bfs_id":1348,"rcp":"RCP2.6","period":"2035","key":"tas","value":7.5,"estimate":"q50","season":"MAM"},{"bfs_id":1348,"rcp":"RCP2.6","period":"2035","key":"tas","value":16.7,"estimate":"q50","season":"JJA"},{"bfs_id":1348,"rcp":"RCP2.6","period":"2035","key":"tas","value":8.8,"estimate":"q50","season":"SON"},{"bfs_id":1348,"rcp":"RCP2.6","period":"2035","key":"tas","value":0.9,"estimate":"q95","season":"DJF"},{"bfs_id":1348,"rcp":"RCP2.6","period":"2035","key":"tas","value":7.8,"estimate":"q95","season":"MAM"},{"bfs_id":1348,"rcp":"RCP2.6","period":"2035","key":"tas","value":17.4,"estimate":"q95","season":"JJA"},{"bfs_id":1348,"rcp":"RCP2.6","period":"2035","key":"tas","value":9.6,"estimate":"q95","season":"SON"},{"bfs_id":1348,"rcp":"RCP2.6","period":"2060","key":"tas","value":-0.4,"estimate":"q5","season":"DJF"},{"bfs_id":1348,"rcp":"RCP2.6","period":"2060","key":"tas","value":6.7,"estimate":"q5","season":"MAM"},{"bfs_id":1348,"rcp":"RCP2.6","period":"2060","key":"tas","value":16.3,"estimate":"q5","season":"JJA"},{"bfs_id":1348,"rcp":"RCP2.6","period":"2060","key":"tas","value":8.6,"estimate":"q5","season":"SON"},{"bfs_id":1348,"rcp":"RCP2.6","period":"2060","key":"tas","value":0.5,"estimate":"q50","season":"DJF"},{"bfs_id":1348,"rcp":"RCP2.6","period":"2060","key":"tas","value":7.4,"estimate":"q50","season":"MAM"},{"bfs_id":1348,"rcp":"RCP2.6","period":"2060","key":"tas","value":16.8,"estimate":"q50","season":"JJA"},{"bfs_id":1348,"rcp":"RCP2.6","period":"2060","key":"tas","value":9.1,"estimate":"q50","season":"SON"},{"bfs_id":1348,"rcp":"RCP2.6","period":"2060","key":"tas","value":1.1,"estimate":"q95","season":"DJF"},{"bfs_id":1348,"rcp":"RCP2.6","period":"2060","key":"tas","value":8.1,"estimate":"q95","season":"MAM"},{"bfs_id":1348,"rcp":"RCP2.6","period":"2060","key":"tas","value":17.5,"estimate":"q95","season":"JJA"},{"bfs_id":1348,"rcp":"RCP2.6","period":"2060","key":"tas","value":10,"estimate":"q95","season":"SON"},{"bfs_id":1348,"rcp":"RCP2.6","period":"2085","key":"tas","value":-0.4,"estimate":"q5","season":"DJF"},{"bfs_id":1348,"rcp":"RCP2.6","period":"2085","key":"tas","value":6.8,"estimate":"q5","season":"MAM"},{"bfs_id":1348,"rcp":"RCP2.6","period":"2085","key":"tas","value":16.3,"estimate":"q5","season":"JJA"},{"bfs_id":1348,"rcp":"RCP2.6","period":"2085","key":"tas","value":8.4,"estimate":"q5","season":"SON"},{"bfs_id":1348,"rcp":"RCP2.6","period":"2085","key":"tas","value":0.5,"estimate":"q50","season":"DJF"},{"bfs_id":1348,"rcp":"RCP2.6","period":"2085","key":"tas","value":7.5,"estimate":"q50","season":"MAM"},{"bfs_id":1348,"rcp":"RCP2.6","period":"2085","key":"tas","value":16.7,"estimate":"q50","season":"JJA"},{"bfs_id":1348,"rcp":"RCP2.6","period":"2085","key":"tas","value":9,"estimate":"q50","season":"SON"},{"bfs_id":1348,"rcp":"RCP2.6","period":"2085","key":"tas","value":1.2,"estimate":"q95","season":"DJF"},{"bfs_id":1348,"rcp":"RCP2.6","period":"2085","key":"tas","value":8.1,"estimate":"q95","season":"MAM"},{"bfs_id":1348,"rcp":"RCP2.6","period":"2085","key":"tas","value":17.4,"estimate":"q95","season":"JJA"},{"bfs_id":1348,"rcp":"RCP2.6","period":"2085","key":"tas","value":10,"estimate":"q95","season":"SON"},{"bfs_id":1348,"rcp":"RCP8.5","period":"2035","key":"tas","value":-0.2,"estimate":"q5","season":"DJF"},{"bfs_id":1348,"rcp":"RCP8.5","period":"2035","key":"tas","value":7.1,"estimate":"q5","season":"MAM"},{"bfs_id":1348,"rcp":"RCP8.5","period":"2035","key":"tas","value":16.5,"estimate":"q5","season":"JJA"},{"bfs_id":1348,"rcp":"RCP8.5","period":"2035","key":"tas","value":8.7,"estimate":"q5","season":"SON"},{"bfs_id":1348,"rcp":"RCP8.5","period":"2035","key":"tas","value":0.6,"estimate":"q50","season":"DJF"},{"bfs_id":1348,"rcp":"RCP8.5","period":"2035","key":"tas","value":7.5,"estimate":"q50","season":"MAM"},{"bfs_id":1348,"rcp":"RCP8.5","period":"2035","key":"tas","value":17,"estimate":"q50","season":"JJA"},{"bfs_id":1348,"rcp":"RCP8.5","period":"2035","key":"tas","value":9.1,"estimate":"q50","season":"SON"},{"bfs_id":1348,"rcp":"RCP8.5","period":"2035","key":"tas","value":1,"estimate":"q95","season":"DJF"},{"bfs_id":1348,"rcp":"RCP8.5","period":"2035","key":"tas","value":8.1,"estimate":"q95","season":"MAM"},{"bfs_id":1348,"rcp":"RCP8.5","period":"2035","key":"tas","value":17.7,"estimate":"q95","season":"JJA"},{"bfs_id":1348,"rcp":"RCP8.5","period":"2035","key":"tas","value":10,"estimate":"q95","season":"SON"},{"bfs_id":1348,"rcp":"RCP8.5","period":"2060","key":"tas","value":1.1,"estimate":"q5","season":"DJF"},{"bfs_id":1348,"rcp":"RCP8.5","period":"2060","key":"tas","value":8,"estimate":"q5","season":"MAM"},{"bfs_id":1348,"rcp":"RCP8.5","period":"2060","key":"tas","value":17.5,"estimate":"q5","season":"JJA"},{"bfs_id":1348,"rcp":"RCP8.5","period":"2060","key":"tas","value":9.8,"estimate":"q5","season":"SON"},{"bfs_id":1348,"rcp":"RCP8.5","period":"2060","key":"tas","value":1.5,"estimate":"q50","season":"DJF"},{"bfs_id":1348,"rcp":"RCP8.5","period":"2060","key":"tas","value":8.5,"estimate":"q50","season":"MAM"},{"bfs_id":1348,"rcp":"RCP8.5","period":"2060","key":"tas","value":18.1,"estimate":"q50","season":"JJA"},{"bfs_id":1348,"rcp":"RCP8.5","period":"2060","key":"tas","value":10.4,"estimate":"q50","season":"SON"},{"bfs_id":1348,"rcp":"RCP8.5","period":"2060","key":"tas","value":2.2,"estimate":"q95","season":"DJF"},{"bfs_id":1348,"rcp":"RCP8.5","period":"2060","key":"tas","value":9.7,"estimate":"q95","season":"MAM"},{"bfs_id":1348,"rcp":"RCP8.5","period":"2060","key":"tas","value":19.3,"estimate":"q95","season":"JJA"},{"bfs_id":1348,"rcp":"RCP8.5","period":"2060","key":"tas","value":11.3,"estimate":"q95","season":"SON"},{"bfs_id":1348,"rcp":"RCP8.5","period":"2085","key":"tas","value":2.3,"estimate":"q5","season":"DJF"},{"bfs_id":1348,"rcp":"RCP8.5","period":"2085","key":"tas","value":9.2,"estimate":"q5","season":"MAM"},{"bfs_id":1348,"rcp":"RCP8.5","period":"2085","key":"tas","value":18.9,"estimate":"q5","season":"JJA"},{"bfs_id":1348,"rcp":"RCP8.5","period":"2085","key":"tas","value":10.9,"estimate":"q5","season":"SON"},{"bfs_id":1348,"rcp":"RCP8.5","period":"2085","key":"tas","value":3.5,"estimate":"q50","season":"DJF"},{"bfs_id":1348,"rcp":"RCP8.5","period":"2085","key":"tas","value":10.1,"estimate":"q50","season":"MAM"},{"bfs_id":1348,"rcp":"RCP8.5","period":"2085","key":"tas","value":19.8,"estimate":"q50","season":"JJA"},{"bfs_id":1348,"rcp":"RCP8.5","period":"2085","key":"tas","value":11.8,"estimate":"q50","season":"SON"},{"bfs_id":1348,"rcp":"RCP8.5","period":"2085","key":"tas","value":4.1,"estimate":"q95","season":"DJF"},{"bfs_id":1348,"rcp":"RCP8.5","period":"2085","key":"tas","value":11.7,"estimate":"q95","season":"MAM"},{"bfs_id":1348,"rcp":"RCP8.5","period":"2085","key":"tas","value":22.1,"estimate":"q95","season":"JJA"},{"bfs_id":1348,"rcp":"RCP8.5","period":"2085","key":"tas","value":13.5,"estimate":"q95","season":"SON"},{"bfs_id":1348,"rcp":"obs","period":"1981-2010","key":"FD","value":118,"estimate":"yearly_mean"},{"bfs_id":1348,"rcp":"obs","period":"1981-2010","key":"HD","value":1.1,"estimate":"yearly_mean"},{"bfs_id":1348,"rcp":"obs","period":"1981-2010","key":"ID","value":33.3,"estimate":"yearly_mean"},{"bfs_id":1348,"rcp":"obs","period":"1981-2010","key":"SD","value":18.9,"estimate":"yearly_mean"},{"bfs_id":1348,"rcp":"obs","period":"1981-2010","key":"snowdays","value":39.6,"estimate":"yearly_mean"},{"bfs_id":1348,"rcp":"obs","period":"1981-2010","key":"TN","value":0,"estimate":"yearly_mean"},{"bfs_id":1348,"rcp":"obs","period":"1981-2010","key":"pr","value":4,"estimate":"mean","season":"DJF"},{"bfs_id":1348,"rcp":"obs","period":"1981-2010","key":"pr","value":5.1,"estimate":"mean","season":"MAM"},{"bfs_id":1348,"rcp":"obs","period":"1981-2010","key":"pr","value":7.5,"estimate":"mean","season":"JJA"},{"bfs_id":1348,"rcp":"obs","period":"1981-2010","key":"pr","value":4.7,"estimate":"mean","season":"SON"},{"bfs_id":1348,"rcp":"obs","period":"1981-2010","key":"tas","value":-1,"estimate":"mean","season":"DJF"},{"bfs_id":1348,"rcp":"obs","period":"1981-2010","key":"tas","value":6.7,"estimate":"mean","season":"MAM"},{"bfs_id":1348,"rcp":"obs","period":"1981-2010","key":"tas","value":15.5,"estimate":"mean","season":"JJA"},{"bfs_id":1348,"rcp":"obs","period":"1981-2010","key":"tas","value":7.7,"estimate":"mean","season":"SON"}]
