[{"bfs_id":6194,"rcp":"RCP2.6","period":"2035","key":"FD","value":116.8,"estimate":"q5"},{"bfs_id":6194,"rcp":"RCP2.6","period":"2035","key":"FD","value":131,"estimate":"q50"},{"bfs_id":6194,"rcp":"RCP2.6","period":"2035","key":"FD","value":137.6,"estimate":"q95"},{"bfs_id":6194,"rcp":"RCP2.6","period":"2060","key":"FD","value":115,"estimate":"q5"},{"bfs_id":6194,"rcp":"RCP2.6","period":"2060","key":"FD","value":126.4,"estimate":"q50"},{"bfs_id":6194,"rcp":"RCP2.6","period":"2060","key":"FD","value":138.4,"estimate":"q95"},{"bfs_id":6194,"rcp":"RCP2.6","period":"2085","key":"FD","value":115.4,"estimate":"q5"},{"bfs_id":6194,"rcp":"RCP2.6","period":"2085","key":"FD","value":127.6,"estimate":"q50"},{"bfs_id":6194,"rcp":"RCP2.6","period":"2085","key":"FD","value":138.7,"estimate":"q95"},{"bfs_id":6194,"rcp":"RCP8.5","period":"2035","key":"FD","value":115.9,"estimate":"q5"},{"bfs_id":6194,"rcp":"RCP8.5","period":"2035","key":"FD","value":125.6,"estimate":"q50"},{"bfs_id":6194,"rcp":"RCP8.5","period":"2035","key":"FD","value":133.6,"estimate":"q95"},{"bfs_id":6194,"rcp":"RCP8.5","period":"2060","key":"FD","value":97.8,"estimate":"q5"},{"bfs_id":6194,"rcp":"RCP8.5","period":"2060","key":"FD","value":106.2,"estimate":"q50"},{"bfs_id":6194,"rcp":"RCP8.5","period":"2060","key":"FD","value":118.4,"estimate":"q95"},{"bfs_id":6194,"rcp":"RCP8.5","period":"2085","key":"FD","value":72.3,"estimate":"q5"},{"bfs_id":6194,"rcp":"RCP8.5","period":"2085","key":"FD","value":85.5,"estimate":"q50"},{"bfs_id":6194,"rcp":"RCP8.5","period":"2085","key":"FD","value":97.4,"estimate":"q95"},{"bfs_id":6194,"rcp":"RCP2.6","period":"2035","key":"HD","value":0.3,"estimate":"q5"},{"bfs_id":6194,"rcp":"RCP2.6","period":"2035","key":"HD","value":0.6,"estimate":"q50"},{"bfs_id":6194,"rcp":"RCP2.6","period":"2035","key":"HD","value":1.9,"estimate":"q95"},{"bfs_id":6194,"rcp":"RCP2.6","period":"2060","key":"HD","value":0.5,"estimate":"q5"},{"bfs_id":6194,"rcp":"RCP2.6","period":"2060","key":"HD","value":0.9,"estimate":"q50"},{"bfs_id":6194,"rcp":"RCP2.6","period":"2060","key":"HD","value":2.6,"estimate":"q95"},{"bfs_id":6194,"rcp":"RCP2.6","period":"2085","key":"HD","value":0.3,"estimate":"q5"},{"bfs_id":6194,"rcp":"RCP2.6","period":"2085","key":"HD","value":0.9,"estimate":"q50"},{"bfs_id":6194,"rcp":"RCP2.6","period":"2085","key":"HD","value":2.2,"estimate":"q95"},{"bfs_id":6194,"rcp":"RCP8.5","period":"2035","key":"HD","value":0.4,"estimate":"q5"},{"bfs_id":6194,"rcp":"RCP8.5","period":"2035","key":"HD","value":1.3,"estimate":"q50"},{"bfs_id":6194,"rcp":"RCP8.5","period":"2035","key":"HD","value":4.7,"estimate":"q95"},{"bfs_id":6194,"rcp":"RCP8.5","period":"2060","key":"HD","value":1.5,"estimate":"q5"},{"bfs_id":6194,"rcp":"RCP8.5","period":"2060","key":"HD","value":4.3,"estimate":"q50"},{"bfs_id":6194,"rcp":"RCP8.5","period":"2060","key":"HD","value":18.7,"estimate":"q95"},{"bfs_id":6194,"rcp":"RCP8.5","period":"2085","key":"HD","value":6.4,"estimate":"q5"},{"bfs_id":6194,"rcp":"RCP8.5","period":"2085","key":"HD","value":16.6,"estimate":"q50"},{"bfs_id":6194,"rcp":"RCP8.5","period":"2085","key":"HD","value":47.3,"estimate":"q95"},{"bfs_id":6194,"rcp":"RCP2.6","period":"2035","key":"ID","value":17.9,"estimate":"q5"},{"bfs_id":6194,"rcp":"RCP2.6","period":"2035","key":"ID","value":22.2,"estimate":"q50"},{"bfs_id":6194,"rcp":"RCP2.6","period":"2035","key":"ID","value":25.8,"estimate":"q95"},{"bfs_id":6194,"rcp":"RCP2.6","period":"2060","key":"ID","value":17.8,"estimate":"q5"},{"bfs_id":6194,"rcp":"RCP2.6","period":"2060","key":"ID","value":20.9,"estimate":"q50"},{"bfs_id":6194,"rcp":"RCP2.6","period":"2060","key":"ID","value":24.9,"estimate":"q95"},{"bfs_id":6194,"rcp":"RCP2.6","period":"2085","key":"ID","value":17,"estimate":"q5"},{"bfs_id":6194,"rcp":"RCP2.6","period":"2085","key":"ID","value":22.1,"estimate":"q50"},{"bfs_id":6194,"rcp":"RCP2.6","period":"2085","key":"ID","value":24.5,"estimate":"q95"},{"bfs_id":6194,"rcp":"RCP8.5","period":"2035","key":"ID","value":17.3,"estimate":"q5"},{"bfs_id":6194,"rcp":"RCP8.5","period":"2035","key":"ID","value":20.9,"estimate":"q50"},{"bfs_id":6194,"rcp":"RCP8.5","period":"2035","key":"ID","value":25.2,"estimate":"q95"},{"bfs_id":6194,"rcp":"RCP8.5","period":"2060","key":"ID","value":11.4,"estimate":"q5"},{"bfs_id":6194,"rcp":"RCP8.5","period":"2060","key":"ID","value":14.7,"estimate":"q50"},{"bfs_id":6194,"rcp":"RCP8.5","period":"2060","key":"ID","value":17.9,"estimate":"q95"},{"bfs_id":6194,"rcp":"RCP8.5","period":"2085","key":"ID","value":4.5,"estimate":"q5"},{"bfs_id":6194,"rcp":"RCP8.5","period":"2085","key":"ID","value":7.4,"estimate":"q50"},{"bfs_id":6194,"rcp":"RCP8.5","period":"2085","key":"ID","value":11.9,"estimate":"q95"},{"bfs_id":6194,"rcp":"RCP2.6","period":"2035","key":"SD","value":18.1,"estimate":"q5"},{"bfs_id":6194,"rcp":"RCP2.6","period":"2035","key":"SD","value":23.3,"estimate":"q50"},{"bfs_id":6194,"rcp":"RCP2.6","period":"2035","key":"SD","value":31.5,"estimate":"q95"},{"bfs_id":6194,"rcp":"RCP2.6","period":"2060","key":"SD","value":20,"estimate":"q5"},{"bfs_id":6194,"rcp":"RCP2.6","period":"2060","key":"SD","value":25.7,"estimate":"q50"},{"bfs_id":6194,"rcp":"RCP2.6","period":"2060","key":"SD","value":34.1,"estimate":"q95"},{"bfs_id":6194,"rcp":"RCP2.6","period":"2085","key":"SD","value":19,"estimate":"q5"},{"bfs_id":6194,"rcp":"RCP2.6","period":"2085","key":"SD","value":23.9,"estimate":"q50"},{"bfs_id":6194,"rcp":"RCP2.6","period":"2085","key":"SD","value":33.5,"estimate":"q95"},{"bfs_id":6194,"rcp":"RCP8.5","period":"2035","key":"SD","value":21.2,"estimate":"q5"},{"bfs_id":6194,"rcp":"RCP8.5","period":"2035","key":"SD","value":26.8,"estimate":"q50"},{"bfs_id":6194,"rcp":"RCP8.5","period":"2035","key":"SD","value":37.3,"estimate":"q95"},{"bfs_id":6194,"rcp":"RCP8.5","period":"2060","key":"SD","value":33.3,"estimate":"q5"},{"bfs_id":6194,"rcp":"RCP8.5","period":"2060","key":"SD","value":44.1,"estimate":"q50"},{"bfs_id":6194,"rcp":"RCP8.5","period":"2060","key":"SD","value":70.8,"estimate":"q95"},{"bfs_id":6194,"rcp":"RCP8.5","period":"2085","key":"SD","value":53.2,"estimate":"q5"},{"bfs_id":6194,"rcp":"RCP8.5","period":"2085","key":"SD","value":72,"estimate":"q50"},{"bfs_id":6194,"rcp":"RCP8.5","period":"2085","key":"SD","value":108.1,"estimate":"q95"},{"bfs_id":6194,"rcp":"RCP2.6","period":"2035","key":"snowdays","value":15.4,"estimate":"q5"},{"bfs_id":6194,"rcp":"RCP2.6","period":"2035","key":"snowdays","value":20.8,"estimate":"q50"},{"bfs_id":6194,"rcp":"RCP2.6","period":"2035","key":"snowdays","value":26.6,"estimate":"q95"},{"bfs_id":6194,"rcp":"RCP2.6","period":"2060","key":"snowdays","value":14.3,"estimate":"q5"},{"bfs_id":6194,"rcp":"RCP2.6","period":"2060","key":"snowdays","value":19.7,"estimate":"q50"},{"bfs_id":6194,"rcp":"RCP2.6","period":"2060","key":"snowdays","value":25.4,"estimate":"q95"},{"bfs_id":6194,"rcp":"RCP2.6","period":"2085","key":"snowdays","value":14,"estimate":"q5"},{"bfs_id":6194,"rcp":"RCP2.6","period":"2085","key":"snowdays","value":19.8,"estimate":"q50"},{"bfs_id":6194,"rcp":"RCP2.6","period":"2085","key":"snowdays","value":27.4,"estimate":"q95"},{"bfs_id":6194,"rcp":"RCP8.5","period":"2035","key":"snowdays","value":15.6,"estimate":"q5"},{"bfs_id":6194,"rcp":"RCP8.5","period":"2035","key":"snowdays","value":20,"estimate":"q50"},{"bfs_id":6194,"rcp":"RCP8.5","period":"2035","key":"snowdays","value":25.6,"estimate":"q95"},{"bfs_id":6194,"rcp":"RCP8.5","period":"2060","key":"snowdays","value":12.2,"estimate":"q5"},{"bfs_id":6194,"rcp":"RCP8.5","period":"2060","key":"snowdays","value":16.2,"estimate":"q50"},{"bfs_id":6194,"rcp":"RCP8.5","period":"2060","key":"snowdays","value":22.7,"estimate":"q95"},{"bfs_id":6194,"rcp":"RCP8.5","period":"2085","key":"snowdays","value":7.9,"estimate":"q5"},{"bfs_id":6194,"rcp":"RCP8.5","period":"2085","key":"snowdays","value":12.3,"estimate":"q50"},{"bfs_id":6194,"rcp":"RCP8.5","period":"2085","key":"snowdays","value":16.9,"estimate":"q95"},{"bfs_id":6194,"rcp":"RCP2.6","period":"2035","key":"TN","value":0,"estimate":"q5"},{"bfs_id":6194,"rcp":"RCP2.6","period":"2035","key":"TN","value":0,"estimate":"q50"},{"bfs_id":6194,"rcp":"RCP2.6","period":"2035","key":"TN","value":0,"estimate":"q95"},{"bfs_id":6194,"rcp":"RCP2.6","period":"2060","key":"TN","value":0,"estimate":"q5"},{"bfs_id":6194,"rcp":"RCP2.6","period":"2060","key":"TN","value":0,"estimate":"q50"},{"bfs_id":6194,"rcp":"RCP2.6","period":"2060","key":"TN","value":0,"estimate":"q95"},{"bfs_id":6194,"rcp":"RCP2.6","period":"2085","key":"TN","value":0,"estimate":"q5"},{"bfs_id":6194,"rcp":"RCP2.6","period":"2085","key":"TN","value":0,"estimate":"q50"},{"bfs_id":6194,"rcp":"RCP2.6","period":"2085","key":"TN","value":0,"estimate":"q95"},{"bfs_id":6194,"rcp":"RCP8.5","period":"2035","key":"TN","value":0,"estimate":"q5"},{"bfs_id":6194,"rcp":"RCP8.5","period":"2035","key":"TN","value":0,"estimate":"q50"},{"bfs_id":6194,"rcp":"RCP8.5","period":"2035","key":"TN","value":0.1,"estimate":"q95"},{"bfs_id":6194,"rcp":"RCP8.5","period":"2060","key":"TN","value":0,"estimate":"q5"},{"bfs_id":6194,"rcp":"RCP8.5","period":"2060","key":"TN","value":0.3,"estimate":"q50"},{"bfs_id":6194,"rcp":"RCP8.5","period":"2060","key":"TN","value":0.9,"estimate":"q95"},{"bfs_id":6194,"rcp":"RCP8.5","period":"2085","key":"TN","value":0.3,"estimate":"q5"},{"bfs_id":6194,"rcp":"RCP8.5","period":"2085","key":"TN","value":2.2,"estimate":"q50"},{"bfs_id":6194,"rcp":"RCP8.5","period":"2085","key":"TN","value":9.5,"estimate":"q95"},{"bfs_id":6194,"rcp":"RCP2.6","period":"2035","key":"pr","value":1.5,"estimate":"q5","season":"DJF"},{"bfs_id":6194,"rcp":"RCP2.6","period":"2035","key":"pr","value":1.6,"estimate":"q5","season":"MAM"},{"bfs_id":6194,"rcp":"RCP2.6","period":"2035","key":"pr","value":1.4,"estimate":"q5","season":"JJA"},{"bfs_id":6194,"rcp":"RCP2.6","period":"2035","key":"pr","value":1.6,"estimate":"q5","season":"SON"},{"bfs_id":6194,"rcp":"RCP2.6","period":"2035","key":"pr","value":1.8,"estimate":"q50","season":"DJF"},{"bfs_id":6194,"rcp":"RCP2.6","period":"2035","key":"pr","value":1.8,"estimate":"q50","season":"MAM"},{"bfs_id":6194,"rcp":"RCP2.6","period":"2035","key":"pr","value":1.8,"estimate":"q50","season":"JJA"},{"bfs_id":6194,"rcp":"RCP2.6","period":"2035","key":"pr","value":1.9,"estimate":"q50","season":"SON"},{"bfs_id":6194,"rcp":"RCP2.6","period":"2035","key":"pr","value":2.1,"estimate":"q95","season":"DJF"},{"bfs_id":6194,"rcp":"RCP2.6","period":"2035","key":"pr","value":2.1,"estimate":"q95","season":"MAM"},{"bfs_id":6194,"rcp":"RCP2.6","period":"2035","key":"pr","value":1.9,"estimate":"q95","season":"JJA"},{"bfs_id":6194,"rcp":"RCP2.6","period":"2035","key":"pr","value":2.4,"estimate":"q95","season":"SON"},{"bfs_id":6194,"rcp":"RCP2.6","period":"2060","key":"pr","value":1.6,"estimate":"q5","season":"DJF"},{"bfs_id":6194,"rcp":"RCP2.6","period":"2060","key":"pr","value":1.5,"estimate":"q5","season":"MAM"},{"bfs_id":6194,"rcp":"RCP2.6","period":"2060","key":"pr","value":1.4,"estimate":"q5","season":"JJA"},{"bfs_id":6194,"rcp":"RCP2.6","period":"2060","key":"pr","value":1.6,"estimate":"q5","season":"SON"},{"bfs_id":6194,"rcp":"RCP2.6","period":"2060","key":"pr","value":1.9,"estimate":"q50","season":"DJF"},{"bfs_id":6194,"rcp":"RCP2.6","period":"2060","key":"pr","value":1.8,"estimate":"q50","season":"MAM"},{"bfs_id":6194,"rcp":"RCP2.6","period":"2060","key":"pr","value":1.8,"estimate":"q50","season":"JJA"},{"bfs_id":6194,"rcp":"RCP2.6","period":"2060","key":"pr","value":1.8,"estimate":"q50","season":"SON"},{"bfs_id":6194,"rcp":"RCP2.6","period":"2060","key":"pr","value":2.2,"estimate":"q95","season":"DJF"},{"bfs_id":6194,"rcp":"RCP2.6","period":"2060","key":"pr","value":2.2,"estimate":"q95","season":"MAM"},{"bfs_id":6194,"rcp":"RCP2.6","period":"2060","key":"pr","value":2.1,"estimate":"q95","season":"JJA"},{"bfs_id":6194,"rcp":"RCP2.6","period":"2060","key":"pr","value":2.2,"estimate":"q95","season":"SON"},{"bfs_id":6194,"rcp":"RCP2.6","period":"2085","key":"pr","value":1.6,"estimate":"q5","season":"DJF"},{"bfs_id":6194,"rcp":"RCP2.6","period":"2085","key":"pr","value":1.5,"estimate":"q5","season":"MAM"},{"bfs_id":6194,"rcp":"RCP2.6","period":"2085","key":"pr","value":1.4,"estimate":"q5","season":"JJA"},{"bfs_id":6194,"rcp":"RCP2.6","period":"2085","key":"pr","value":1.7,"estimate":"q5","season":"SON"},{"bfs_id":6194,"rcp":"RCP2.6","period":"2085","key":"pr","value":1.9,"estimate":"q50","season":"DJF"},{"bfs_id":6194,"rcp":"RCP2.6","period":"2085","key":"pr","value":1.7,"estimate":"q50","season":"MAM"},{"bfs_id":6194,"rcp":"RCP2.6","period":"2085","key":"pr","value":1.8,"estimate":"q50","season":"JJA"},{"bfs_id":6194,"rcp":"RCP2.6","period":"2085","key":"pr","value":1.8,"estimate":"q50","season":"SON"},{"bfs_id":6194,"rcp":"RCP2.6","period":"2085","key":"pr","value":2.2,"estimate":"q95","season":"DJF"},{"bfs_id":6194,"rcp":"RCP2.6","period":"2085","key":"pr","value":2.1,"estimate":"q95","season":"MAM"},{"bfs_id":6194,"rcp":"RCP2.6","period":"2085","key":"pr","value":2.1,"estimate":"q95","season":"JJA"},{"bfs_id":6194,"rcp":"RCP2.6","period":"2085","key":"pr","value":2.1,"estimate":"q95","season":"SON"},{"bfs_id":6194,"rcp":"RCP8.5","period":"2035","key":"pr","value":1.6,"estimate":"q5","season":"DJF"},{"bfs_id":6194,"rcp":"RCP8.5","period":"2035","key":"pr","value":1.6,"estimate":"q5","season":"MAM"},{"bfs_id":6194,"rcp":"RCP8.5","period":"2035","key":"pr","value":1.5,"estimate":"q5","season":"JJA"},{"bfs_id":6194,"rcp":"RCP8.5","period":"2035","key":"pr","value":1.6,"estimate":"q5","season":"SON"},{"bfs_id":6194,"rcp":"RCP8.5","period":"2035","key":"pr","value":1.9,"estimate":"q50","season":"DJF"},{"bfs_id":6194,"rcp":"RCP8.5","period":"2035","key":"pr","value":1.8,"estimate":"q50","season":"MAM"},{"bfs_id":6194,"rcp":"RCP8.5","period":"2035","key":"pr","value":1.8,"estimate":"q50","season":"JJA"},{"bfs_id":6194,"rcp":"RCP8.5","period":"2035","key":"pr","value":1.8,"estimate":"q50","season":"SON"},{"bfs_id":6194,"rcp":"RCP8.5","period":"2035","key":"pr","value":2.2,"estimate":"q95","season":"DJF"},{"bfs_id":6194,"rcp":"RCP8.5","period":"2035","key":"pr","value":2.1,"estimate":"q95","season":"MAM"},{"bfs_id":6194,"rcp":"RCP8.5","period":"2035","key":"pr","value":2,"estimate":"q95","season":"JJA"},{"bfs_id":6194,"rcp":"RCP8.5","period":"2035","key":"pr","value":2.3,"estimate":"q95","season":"SON"},{"bfs_id":6194,"rcp":"RCP8.5","period":"2060","key":"pr","value":1.6,"estimate":"q5","season":"DJF"},{"bfs_id":6194,"rcp":"RCP8.5","period":"2060","key":"pr","value":1.5,"estimate":"q5","season":"MAM"},{"bfs_id":6194,"rcp":"RCP8.5","period":"2060","key":"pr","value":1.3,"estimate":"q5","season":"JJA"},{"bfs_id":6194,"rcp":"RCP8.5","period":"2060","key":"pr","value":1.6,"estimate":"q5","season":"SON"},{"bfs_id":6194,"rcp":"RCP8.5","period":"2060","key":"pr","value":2,"estimate":"q50","season":"DJF"},{"bfs_id":6194,"rcp":"RCP8.5","period":"2060","key":"pr","value":1.9,"estimate":"q50","season":"MAM"},{"bfs_id":6194,"rcp":"RCP8.5","period":"2060","key":"pr","value":1.7,"estimate":"q50","season":"JJA"},{"bfs_id":6194,"rcp":"RCP8.5","period":"2060","key":"pr","value":1.8,"estimate":"q50","season":"SON"},{"bfs_id":6194,"rcp":"RCP8.5","period":"2060","key":"pr","value":2.3,"estimate":"q95","season":"DJF"},{"bfs_id":6194,"rcp":"RCP8.5","period":"2060","key":"pr","value":2.1,"estimate":"q95","season":"MAM"},{"bfs_id":6194,"rcp":"RCP8.5","period":"2060","key":"pr","value":2.1,"estimate":"q95","season":"JJA"},{"bfs_id":6194,"rcp":"RCP8.5","period":"2060","key":"pr","value":2.2,"estimate":"q95","season":"SON"},{"bfs_id":6194,"rcp":"RCP8.5","period":"2085","key":"pr","value":1.7,"estimate":"q5","season":"DJF"},{"bfs_id":6194,"rcp":"RCP8.5","period":"2085","key":"pr","value":1.7,"estimate":"q5","season":"MAM"},{"bfs_id":6194,"rcp":"RCP8.5","period":"2085","key":"pr","value":1.1,"estimate":"q5","season":"JJA"},{"bfs_id":6194,"rcp":"RCP8.5","period":"2085","key":"pr","value":1.6,"estimate":"q5","season":"SON"},{"bfs_id":6194,"rcp":"RCP8.5","period":"2085","key":"pr","value":2.1,"estimate":"q50","season":"DJF"},{"bfs_id":6194,"rcp":"RCP8.5","period":"2085","key":"pr","value":1.9,"estimate":"q50","season":"MAM"},{"bfs_id":6194,"rcp":"RCP8.5","period":"2085","key":"pr","value":1.5,"estimate":"q50","season":"JJA"},{"bfs_id":6194,"rcp":"RCP8.5","period":"2085","key":"pr","value":1.9,"estimate":"q50","season":"SON"},{"bfs_id":6194,"rcp":"RCP8.5","period":"2085","key":"pr","value":2.4,"estimate":"q95","season":"DJF"},{"bfs_id":6194,"rcp":"RCP8.5","period":"2085","key":"pr","value":2.3,"estimate":"q95","season":"MAM"},{"bfs_id":6194,"rcp":"RCP8.5","period":"2085","key":"pr","value":2,"estimate":"q95","season":"JJA"},{"bfs_id":6194,"rcp":"RCP8.5","period":"2085","key":"pr","value":2.2,"estimate":"q95","season":"SON"},{"bfs_id":6194,"rcp":"RCP2.6","period":"2035","key":"tas","value":-1.3,"estimate":"q5","season":"DJF"},{"bfs_id":6194,"rcp":"RCP2.6","period":"2035","key":"tas","value":5.3,"estimate":"q5","season":"MAM"},{"bfs_id":6194,"rcp":"RCP2.6","period":"2035","key":"tas","value":14.9,"estimate":"q5","season":"JJA"},{"bfs_id":6194,"rcp":"RCP2.6","period":"2035","key":"tas","value":7.3,"estimate":"q5","season":"SON"},{"bfs_id":6194,"rcp":"RCP2.6","period":"2035","key":"tas","value":-0.8,"estimate":"q50","season":"DJF"},{"bfs_id":6194,"rcp":"RCP2.6","period":"2035","key":"tas","value":6,"estimate":"q50","season":"MAM"},{"bfs_id":6194,"rcp":"RCP2.6","period":"2035","key":"tas","value":15.9,"estimate":"q50","season":"JJA"},{"bfs_id":6194,"rcp":"RCP2.6","period":"2035","key":"tas","value":7.9,"estimate":"q50","season":"SON"},{"bfs_id":6194,"rcp":"RCP2.6","period":"2035","key":"tas","value":-0.3,"estimate":"q95","season":"DJF"},{"bfs_id":6194,"rcp":"RCP2.6","period":"2035","key":"tas","value":6.4,"estimate":"q95","season":"MAM"},{"bfs_id":6194,"rcp":"RCP2.6","period":"2035","key":"tas","value":16.9,"estimate":"q95","season":"JJA"},{"bfs_id":6194,"rcp":"RCP2.6","period":"2035","key":"tas","value":8.6,"estimate":"q95","season":"SON"},{"bfs_id":6194,"rcp":"RCP2.6","period":"2060","key":"tas","value":-1.1,"estimate":"q5","season":"DJF"},{"bfs_id":6194,"rcp":"RCP2.6","period":"2060","key":"tas","value":5.2,"estimate":"q5","season":"MAM"},{"bfs_id":6194,"rcp":"RCP2.6","period":"2060","key":"tas","value":15.2,"estimate":"q5","season":"JJA"},{"bfs_id":6194,"rcp":"RCP2.6","period":"2060","key":"tas","value":7.6,"estimate":"q5","season":"SON"},{"bfs_id":6194,"rcp":"RCP2.6","period":"2060","key":"tas","value":-0.5,"estimate":"q50","season":"DJF"},{"bfs_id":6194,"rcp":"RCP2.6","period":"2060","key":"tas","value":5.9,"estimate":"q50","season":"MAM"},{"bfs_id":6194,"rcp":"RCP2.6","period":"2060","key":"tas","value":16.2,"estimate":"q50","season":"JJA"},{"bfs_id":6194,"rcp":"RCP2.6","period":"2060","key":"tas","value":8.2,"estimate":"q50","season":"SON"},{"bfs_id":6194,"rcp":"RCP2.6","period":"2060","key":"tas","value":-0.1,"estimate":"q95","season":"DJF"},{"bfs_id":6194,"rcp":"RCP2.6","period":"2060","key":"tas","value":6.5,"estimate":"q95","season":"MAM"},{"bfs_id":6194,"rcp":"RCP2.6","period":"2060","key":"tas","value":17.4,"estimate":"q95","season":"JJA"},{"bfs_id":6194,"rcp":"RCP2.6","period":"2060","key":"tas","value":8.9,"estimate":"q95","season":"SON"},{"bfs_id":6194,"rcp":"RCP2.6","period":"2085","key":"tas","value":-1.1,"estimate":"q5","season":"DJF"},{"bfs_id":6194,"rcp":"RCP2.6","period":"2085","key":"tas","value":5.2,"estimate":"q5","season":"MAM"},{"bfs_id":6194,"rcp":"RCP2.6","period":"2085","key":"tas","value":15.2,"estimate":"q5","season":"JJA"},{"bfs_id":6194,"rcp":"RCP2.6","period":"2085","key":"tas","value":7.3,"estimate":"q5","season":"SON"},{"bfs_id":6194,"rcp":"RCP2.6","period":"2085","key":"tas","value":-0.6,"estimate":"q50","season":"DJF"},{"bfs_id":6194,"rcp":"RCP2.6","period":"2085","key":"tas","value":6,"estimate":"q50","season":"MAM"},{"bfs_id":6194,"rcp":"RCP2.6","period":"2085","key":"tas","value":16.2,"estimate":"q50","season":"JJA"},{"bfs_id":6194,"rcp":"RCP2.6","period":"2085","key":"tas","value":8.1,"estimate":"q50","season":"SON"},{"bfs_id":6194,"rcp":"RCP2.6","period":"2085","key":"tas","value":0.1,"estimate":"q95","season":"DJF"},{"bfs_id":6194,"rcp":"RCP2.6","period":"2085","key":"tas","value":6.6,"estimate":"q95","season":"MAM"},{"bfs_id":6194,"rcp":"RCP2.6","period":"2085","key":"tas","value":17,"estimate":"q95","season":"JJA"},{"bfs_id":6194,"rcp":"RCP2.6","period":"2085","key":"tas","value":8.9,"estimate":"q95","season":"SON"},{"bfs_id":6194,"rcp":"RCP8.5","period":"2035","key":"tas","value":-1,"estimate":"q5","season":"DJF"},{"bfs_id":6194,"rcp":"RCP8.5","period":"2035","key":"tas","value":5.7,"estimate":"q5","season":"MAM"},{"bfs_id":6194,"rcp":"RCP8.5","period":"2035","key":"tas","value":15.5,"estimate":"q5","season":"JJA"},{"bfs_id":6194,"rcp":"RCP8.5","period":"2035","key":"tas","value":7.8,"estimate":"q5","season":"SON"},{"bfs_id":6194,"rcp":"RCP8.5","period":"2035","key":"tas","value":-0.4,"estimate":"q50","season":"DJF"},{"bfs_id":6194,"rcp":"RCP8.5","period":"2035","key":"tas","value":6,"estimate":"q50","season":"MAM"},{"bfs_id":6194,"rcp":"RCP8.5","period":"2035","key":"tas","value":16.2,"estimate":"q50","season":"JJA"},{"bfs_id":6194,"rcp":"RCP8.5","period":"2035","key":"tas","value":8.2,"estimate":"q50","season":"SON"},{"bfs_id":6194,"rcp":"RCP8.5","period":"2035","key":"tas","value":-0.1,"estimate":"q95","season":"DJF"},{"bfs_id":6194,"rcp":"RCP8.5","period":"2035","key":"tas","value":6.6,"estimate":"q95","season":"MAM"},{"bfs_id":6194,"rcp":"RCP8.5","period":"2035","key":"tas","value":17.4,"estimate":"q95","season":"JJA"},{"bfs_id":6194,"rcp":"RCP8.5","period":"2035","key":"tas","value":9.2,"estimate":"q95","season":"SON"},{"bfs_id":6194,"rcp":"RCP8.5","period":"2060","key":"tas","value":0,"estimate":"q5","season":"DJF"},{"bfs_id":6194,"rcp":"RCP8.5","period":"2060","key":"tas","value":6.5,"estimate":"q5","season":"MAM"},{"bfs_id":6194,"rcp":"RCP8.5","period":"2060","key":"tas","value":16.7,"estimate":"q5","season":"JJA"},{"bfs_id":6194,"rcp":"RCP8.5","period":"2060","key":"tas","value":9,"estimate":"q5","season":"SON"},{"bfs_id":6194,"rcp":"RCP8.5","period":"2060","key":"tas","value":0.4,"estimate":"q50","season":"DJF"},{"bfs_id":6194,"rcp":"RCP8.5","period":"2060","key":"tas","value":7.2,"estimate":"q50","season":"MAM"},{"bfs_id":6194,"rcp":"RCP8.5","period":"2060","key":"tas","value":18.2,"estimate":"q50","season":"JJA"},{"bfs_id":6194,"rcp":"RCP8.5","period":"2060","key":"tas","value":10,"estimate":"q50","season":"SON"},{"bfs_id":6194,"rcp":"RCP8.5","period":"2060","key":"tas","value":1.1,"estimate":"q95","season":"DJF"},{"bfs_id":6194,"rcp":"RCP8.5","period":"2060","key":"tas","value":8.1,"estimate":"q95","season":"MAM"},{"bfs_id":6194,"rcp":"RCP8.5","period":"2060","key":"tas","value":19.7,"estimate":"q95","season":"JJA"},{"bfs_id":6194,"rcp":"RCP8.5","period":"2060","key":"tas","value":11.3,"estimate":"q95","season":"SON"},{"bfs_id":6194,"rcp":"RCP8.5","period":"2085","key":"tas","value":1.3,"estimate":"q5","season":"DJF"},{"bfs_id":6194,"rcp":"RCP8.5","period":"2085","key":"tas","value":7.9,"estimate":"q5","season":"MAM"},{"bfs_id":6194,"rcp":"RCP8.5","period":"2085","key":"tas","value":18.3,"estimate":"q5","season":"JJA"},{"bfs_id":6194,"rcp":"RCP8.5","period":"2085","key":"tas","value":10.6,"estimate":"q5","season":"SON"},{"bfs_id":6194,"rcp":"RCP8.5","period":"2085","key":"tas","value":2.1,"estimate":"q50","season":"DJF"},{"bfs_id":6194,"rcp":"RCP8.5","period":"2085","key":"tas","value":8.8,"estimate":"q50","season":"MAM"},{"bfs_id":6194,"rcp":"RCP8.5","period":"2085","key":"tas","value":20.3,"estimate":"q50","season":"JJA"},{"bfs_id":6194,"rcp":"RCP8.5","period":"2085","key":"tas","value":11.6,"estimate":"q50","season":"SON"},{"bfs_id":6194,"rcp":"RCP8.5","period":"2085","key":"tas","value":2.7,"estimate":"q95","season":"DJF"},{"bfs_id":6194,"rcp":"RCP8.5","period":"2085","key":"tas","value":11,"estimate":"q95","season":"MAM"},{"bfs_id":6194,"rcp":"RCP8.5","period":"2085","key":"tas","value":22.6,"estimate":"q95","season":"JJA"},{"bfs_id":6194,"rcp":"RCP8.5","period":"2085","key":"tas","value":13.5,"estimate":"q95","season":"SON"},{"bfs_id":6194,"rcp":"obs","period":"1981-2010","key":"FD","value":144.4,"estimate":"yearly_mean"},{"bfs_id":6194,"rcp":"obs","period":"1981-2010","key":"HD","value":0.1,"estimate":"yearly_mean"},{"bfs_id":6194,"rcp":"obs","period":"1981-2010","key":"ID","value":30.2,"estimate":"yearly_mean"},{"bfs_id":6194,"rcp":"obs","period":"1981-2010","key":"SD","value":12,"estimate":"yearly_mean"},{"bfs_id":6194,"rcp":"obs","period":"1981-2010","key":"snowdays","value":29.6,"estimate":"yearly_mean"},{"bfs_id":6194,"rcp":"obs","period":"1981-2010","key":"TN","value":0,"estimate":"yearly_mean"},{"bfs_id":6194,"rcp":"obs","period":"1981-2010","key":"pr","value":1.7,"estimate":"mean","season":"DJF"},{"bfs_id":6194,"rcp":"obs","period":"1981-2010","key":"pr","value":1.8,"estimate":"mean","season":"MAM"},{"bfs_id":6194,"rcp":"obs","period":"1981-2010","key":"pr","value":1.9,"estimate":"mean","season":"JJA"},{"bfs_id":6194,"rcp":"obs","period":"1981-2010","key":"pr","value":1.8,"estimate":"mean","season":"SON"},{"bfs_id":6194,"rcp":"obs","period":"1981-2010","key":"tas","value":-1.8,"estimate":"mean","season":"DJF"},{"bfs_id":6194,"rcp":"obs","period":"1981-2010","key":"tas","value":5.3,"estimate":"mean","season":"MAM"},{"bfs_id":6194,"rcp":"obs","period":"1981-2010","key":"tas","value":14.2,"estimate":"mean","season":"JJA"},{"bfs_id":6194,"rcp":"obs","period":"1981-2010","key":"tas","value":6.6,"estimate":"mean","season":"SON"}]
