[{"bfs_id":305,"rcp":"RCP2.6","period":"2035","key":"FD","value":52.9,"estimate":"q5"},{"bfs_id":305,"rcp":"RCP2.6","period":"2035","key":"FD","value":63.8,"estimate":"q50"},{"bfs_id":305,"rcp":"RCP2.6","period":"2035","key":"FD","value":68.8,"estimate":"q95"},{"bfs_id":305,"rcp":"RCP2.6","period":"2060","key":"FD","value":49.8,"estimate":"q5"},{"bfs_id":305,"rcp":"RCP2.6","period":"2060","key":"FD","value":60.6,"estimate":"q50"},{"bfs_id":305,"rcp":"RCP2.6","period":"2060","key":"FD","value":65.1,"estimate":"q95"},{"bfs_id":305,"rcp":"RCP2.6","period":"2085","key":"FD","value":50.2,"estimate":"q5"},{"bfs_id":305,"rcp":"RCP2.6","period":"2085","key":"FD","value":60.6,"estimate":"q50"},{"bfs_id":305,"rcp":"RCP2.6","period":"2085","key":"FD","value":67,"estimate":"q95"},{"bfs_id":305,"rcp":"RCP8.5","period":"2035","key":"FD","value":50.8,"estimate":"q5"},{"bfs_id":305,"rcp":"RCP8.5","period":"2035","key":"FD","value":59.9,"estimate":"q50"},{"bfs_id":305,"rcp":"RCP8.5","period":"2035","key":"FD","value":65.4,"estimate":"q95"},{"bfs_id":305,"rcp":"RCP8.5","period":"2060","key":"FD","value":39.5,"estimate":"q5"},{"bfs_id":305,"rcp":"RCP8.5","period":"2060","key":"FD","value":45.6,"estimate":"q50"},{"bfs_id":305,"rcp":"RCP8.5","period":"2060","key":"FD","value":54.8,"estimate":"q95"},{"bfs_id":305,"rcp":"RCP8.5","period":"2085","key":"FD","value":23,"estimate":"q5"},{"bfs_id":305,"rcp":"RCP8.5","period":"2085","key":"FD","value":27.8,"estimate":"q50"},{"bfs_id":305,"rcp":"RCP8.5","period":"2085","key":"FD","value":39.1,"estimate":"q95"},{"bfs_id":305,"rcp":"RCP2.6","period":"2035","key":"HD","value":14.5,"estimate":"q5"},{"bfs_id":305,"rcp":"RCP2.6","period":"2035","key":"HD","value":18.1,"estimate":"q50"},{"bfs_id":305,"rcp":"RCP2.6","period":"2035","key":"HD","value":24.5,"estimate":"q95"},{"bfs_id":305,"rcp":"RCP2.6","period":"2060","key":"HD","value":15.4,"estimate":"q5"},{"bfs_id":305,"rcp":"RCP2.6","period":"2060","key":"HD","value":18.2,"estimate":"q50"},{"bfs_id":305,"rcp":"RCP2.6","period":"2060","key":"HD","value":27.2,"estimate":"q95"},{"bfs_id":305,"rcp":"RCP2.6","period":"2085","key":"HD","value":14.7,"estimate":"q5"},{"bfs_id":305,"rcp":"RCP2.6","period":"2085","key":"HD","value":17.9,"estimate":"q50"},{"bfs_id":305,"rcp":"RCP2.6","period":"2085","key":"HD","value":26.5,"estimate":"q95"},{"bfs_id":305,"rcp":"RCP8.5","period":"2035","key":"HD","value":15,"estimate":"q5"},{"bfs_id":305,"rcp":"RCP8.5","period":"2035","key":"HD","value":19.4,"estimate":"q50"},{"bfs_id":305,"rcp":"RCP8.5","period":"2035","key":"HD","value":26.8,"estimate":"q95"},{"bfs_id":305,"rcp":"RCP8.5","period":"2060","key":"HD","value":23.2,"estimate":"q5"},{"bfs_id":305,"rcp":"RCP8.5","period":"2060","key":"HD","value":29.7,"estimate":"q50"},{"bfs_id":305,"rcp":"RCP8.5","period":"2060","key":"HD","value":44.8,"estimate":"q95"},{"bfs_id":305,"rcp":"RCP8.5","period":"2085","key":"HD","value":39.4,"estimate":"q5"},{"bfs_id":305,"rcp":"RCP8.5","period":"2085","key":"HD","value":45.9,"estimate":"q50"},{"bfs_id":305,"rcp":"RCP8.5","period":"2085","key":"HD","value":69.7,"estimate":"q95"},{"bfs_id":305,"rcp":"RCP2.6","period":"2035","key":"ID","value":6.5,"estimate":"q5"},{"bfs_id":305,"rcp":"RCP2.6","period":"2035","key":"ID","value":9.2,"estimate":"q50"},{"bfs_id":305,"rcp":"RCP2.6","period":"2035","key":"ID","value":11.7,"estimate":"q95"},{"bfs_id":305,"rcp":"RCP2.6","period":"2060","key":"ID","value":5.9,"estimate":"q5"},{"bfs_id":305,"rcp":"RCP2.6","period":"2060","key":"ID","value":9.1,"estimate":"q50"},{"bfs_id":305,"rcp":"RCP2.6","period":"2060","key":"ID","value":11.1,"estimate":"q95"},{"bfs_id":305,"rcp":"RCP2.6","period":"2085","key":"ID","value":6.5,"estimate":"q5"},{"bfs_id":305,"rcp":"RCP2.6","period":"2085","key":"ID","value":8.8,"estimate":"q50"},{"bfs_id":305,"rcp":"RCP2.6","period":"2085","key":"ID","value":11.6,"estimate":"q95"},{"bfs_id":305,"rcp":"RCP8.5","period":"2035","key":"ID","value":6.4,"estimate":"q5"},{"bfs_id":305,"rcp":"RCP8.5","period":"2035","key":"ID","value":8,"estimate":"q50"},{"bfs_id":305,"rcp":"RCP8.5","period":"2035","key":"ID","value":11.7,"estimate":"q95"},{"bfs_id":305,"rcp":"RCP8.5","period":"2060","key":"ID","value":3.8,"estimate":"q5"},{"bfs_id":305,"rcp":"RCP8.5","period":"2060","key":"ID","value":5.7,"estimate":"q50"},{"bfs_id":305,"rcp":"RCP8.5","period":"2060","key":"ID","value":7.5,"estimate":"q95"},{"bfs_id":305,"rcp":"RCP8.5","period":"2085","key":"ID","value":0.8,"estimate":"q5"},{"bfs_id":305,"rcp":"RCP8.5","period":"2085","key":"ID","value":2.1,"estimate":"q50"},{"bfs_id":305,"rcp":"RCP8.5","period":"2085","key":"ID","value":3.9,"estimate":"q95"},{"bfs_id":305,"rcp":"RCP2.6","period":"2035","key":"SD","value":59.2,"estimate":"q5"},{"bfs_id":305,"rcp":"RCP2.6","period":"2035","key":"SD","value":66.1,"estimate":"q50"},{"bfs_id":305,"rcp":"RCP2.6","period":"2035","key":"SD","value":74.7,"estimate":"q95"},{"bfs_id":305,"rcp":"RCP2.6","period":"2060","key":"SD","value":60.1,"estimate":"q5"},{"bfs_id":305,"rcp":"RCP2.6","period":"2060","key":"SD","value":68,"estimate":"q50"},{"bfs_id":305,"rcp":"RCP2.6","period":"2060","key":"SD","value":74.2,"estimate":"q95"},{"bfs_id":305,"rcp":"RCP2.6","period":"2085","key":"SD","value":60.5,"estimate":"q5"},{"bfs_id":305,"rcp":"RCP2.6","period":"2085","key":"SD","value":67.1,"estimate":"q50"},{"bfs_id":305,"rcp":"RCP2.6","period":"2085","key":"SD","value":73.9,"estimate":"q95"},{"bfs_id":305,"rcp":"RCP8.5","period":"2035","key":"SD","value":62.7,"estimate":"q5"},{"bfs_id":305,"rcp":"RCP8.5","period":"2035","key":"SD","value":67.9,"estimate":"q50"},{"bfs_id":305,"rcp":"RCP8.5","period":"2035","key":"SD","value":74,"estimate":"q95"},{"bfs_id":305,"rcp":"RCP8.5","period":"2060","key":"SD","value":78.7,"estimate":"q5"},{"bfs_id":305,"rcp":"RCP8.5","period":"2060","key":"SD","value":84.5,"estimate":"q50"},{"bfs_id":305,"rcp":"RCP8.5","period":"2060","key":"SD","value":97.5,"estimate":"q95"},{"bfs_id":305,"rcp":"RCP8.5","period":"2085","key":"SD","value":93.6,"estimate":"q5"},{"bfs_id":305,"rcp":"RCP8.5","period":"2085","key":"SD","value":106.3,"estimate":"q50"},{"bfs_id":305,"rcp":"RCP8.5","period":"2085","key":"SD","value":122.5,"estimate":"q95"},{"bfs_id":305,"rcp":"RCP2.6","period":"2035","key":"snowdays","value":10.8,"estimate":"q5"},{"bfs_id":305,"rcp":"RCP2.6","period":"2035","key":"snowdays","value":14.6,"estimate":"q50"},{"bfs_id":305,"rcp":"RCP2.6","period":"2035","key":"snowdays","value":17.1,"estimate":"q95"},{"bfs_id":305,"rcp":"RCP2.6","period":"2060","key":"snowdays","value":10,"estimate":"q5"},{"bfs_id":305,"rcp":"RCP2.6","period":"2060","key":"snowdays","value":13.3,"estimate":"q50"},{"bfs_id":305,"rcp":"RCP2.6","period":"2060","key":"snowdays","value":16.9,"estimate":"q95"},{"bfs_id":305,"rcp":"RCP2.6","period":"2085","key":"snowdays","value":9.7,"estimate":"q5"},{"bfs_id":305,"rcp":"RCP2.6","period":"2085","key":"snowdays","value":13.6,"estimate":"q50"},{"bfs_id":305,"rcp":"RCP2.6","period":"2085","key":"snowdays","value":16.9,"estimate":"q95"},{"bfs_id":305,"rcp":"RCP8.5","period":"2035","key":"snowdays","value":8.7,"estimate":"q5"},{"bfs_id":305,"rcp":"RCP8.5","period":"2035","key":"snowdays","value":13.6,"estimate":"q50"},{"bfs_id":305,"rcp":"RCP8.5","period":"2035","key":"snowdays","value":16,"estimate":"q95"},{"bfs_id":305,"rcp":"RCP8.5","period":"2060","key":"snowdays","value":6.6,"estimate":"q5"},{"bfs_id":305,"rcp":"RCP8.5","period":"2060","key":"snowdays","value":10,"estimate":"q50"},{"bfs_id":305,"rcp":"RCP8.5","period":"2060","key":"snowdays","value":11.8,"estimate":"q95"},{"bfs_id":305,"rcp":"RCP8.5","period":"2085","key":"snowdays","value":2.8,"estimate":"q5"},{"bfs_id":305,"rcp":"RCP8.5","period":"2085","key":"snowdays","value":5.1,"estimate":"q50"},{"bfs_id":305,"rcp":"RCP8.5","period":"2085","key":"snowdays","value":7.6,"estimate":"q95"},{"bfs_id":305,"rcp":"RCP2.6","period":"2035","key":"TN","value":0.7,"estimate":"q5"},{"bfs_id":305,"rcp":"RCP2.6","period":"2035","key":"TN","value":1.6,"estimate":"q50"},{"bfs_id":305,"rcp":"RCP2.6","period":"2035","key":"TN","value":3.1,"estimate":"q95"},{"bfs_id":305,"rcp":"RCP2.6","period":"2060","key":"TN","value":1,"estimate":"q5"},{"bfs_id":305,"rcp":"RCP2.6","period":"2060","key":"TN","value":1.7,"estimate":"q50"},{"bfs_id":305,"rcp":"RCP2.6","period":"2060","key":"TN","value":3.7,"estimate":"q95"},{"bfs_id":305,"rcp":"RCP2.6","period":"2085","key":"TN","value":0.9,"estimate":"q5"},{"bfs_id":305,"rcp":"RCP2.6","period":"2085","key":"TN","value":1.7,"estimate":"q50"},{"bfs_id":305,"rcp":"RCP2.6","period":"2085","key":"TN","value":3.3,"estimate":"q95"},{"bfs_id":305,"rcp":"RCP8.5","period":"2035","key":"TN","value":1.2,"estimate":"q5"},{"bfs_id":305,"rcp":"RCP8.5","period":"2035","key":"TN","value":2.1,"estimate":"q50"},{"bfs_id":305,"rcp":"RCP8.5","period":"2035","key":"TN","value":4.5,"estimate":"q95"},{"bfs_id":305,"rcp":"RCP8.5","period":"2060","key":"TN","value":4.1,"estimate":"q5"},{"bfs_id":305,"rcp":"RCP8.5","period":"2060","key":"TN","value":7.6,"estimate":"q50"},{"bfs_id":305,"rcp":"RCP8.5","period":"2060","key":"TN","value":11.9,"estimate":"q95"},{"bfs_id":305,"rcp":"RCP8.5","period":"2085","key":"TN","value":11.5,"estimate":"q5"},{"bfs_id":305,"rcp":"RCP8.5","period":"2085","key":"TN","value":17.7,"estimate":"q50"},{"bfs_id":305,"rcp":"RCP8.5","period":"2085","key":"TN","value":37.6,"estimate":"q95"},{"bfs_id":305,"rcp":"RCP2.6","period":"2035","key":"pr","value":2.4,"estimate":"q5","season":"DJF"},{"bfs_id":305,"rcp":"RCP2.6","period":"2035","key":"pr","value":2.4,"estimate":"q5","season":"MAM"},{"bfs_id":305,"rcp":"RCP2.6","period":"2035","key":"pr","value":2.5,"estimate":"q5","season":"JJA"},{"bfs_id":305,"rcp":"RCP2.6","period":"2035","key":"pr","value":2.5,"estimate":"q5","season":"SON"},{"bfs_id":305,"rcp":"RCP2.6","period":"2035","key":"pr","value":2.7,"estimate":"q50","season":"DJF"},{"bfs_id":305,"rcp":"RCP2.6","period":"2035","key":"pr","value":2.8,"estimate":"q50","season":"MAM"},{"bfs_id":305,"rcp":"RCP2.6","period":"2035","key":"pr","value":2.9,"estimate":"q50","season":"JJA"},{"bfs_id":305,"rcp":"RCP2.6","period":"2035","key":"pr","value":2.8,"estimate":"q50","season":"SON"},{"bfs_id":305,"rcp":"RCP2.6","period":"2035","key":"pr","value":3.2,"estimate":"q95","season":"DJF"},{"bfs_id":305,"rcp":"RCP2.6","period":"2035","key":"pr","value":3,"estimate":"q95","season":"MAM"},{"bfs_id":305,"rcp":"RCP2.6","period":"2035","key":"pr","value":3.4,"estimate":"q95","season":"JJA"},{"bfs_id":305,"rcp":"RCP2.6","period":"2035","key":"pr","value":3.2,"estimate":"q95","season":"SON"},{"bfs_id":305,"rcp":"RCP2.6","period":"2060","key":"pr","value":2.4,"estimate":"q5","season":"DJF"},{"bfs_id":305,"rcp":"RCP2.6","period":"2060","key":"pr","value":2.5,"estimate":"q5","season":"MAM"},{"bfs_id":305,"rcp":"RCP2.6","period":"2060","key":"pr","value":2.4,"estimate":"q5","season":"JJA"},{"bfs_id":305,"rcp":"RCP2.6","period":"2060","key":"pr","value":2.6,"estimate":"q5","season":"SON"},{"bfs_id":305,"rcp":"RCP2.6","period":"2060","key":"pr","value":2.8,"estimate":"q50","season":"DJF"},{"bfs_id":305,"rcp":"RCP2.6","period":"2060","key":"pr","value":2.8,"estimate":"q50","season":"MAM"},{"bfs_id":305,"rcp":"RCP2.6","period":"2060","key":"pr","value":2.9,"estimate":"q50","season":"JJA"},{"bfs_id":305,"rcp":"RCP2.6","period":"2060","key":"pr","value":2.8,"estimate":"q50","season":"SON"},{"bfs_id":305,"rcp":"RCP2.6","period":"2060","key":"pr","value":3,"estimate":"q95","season":"DJF"},{"bfs_id":305,"rcp":"RCP2.6","period":"2060","key":"pr","value":3,"estimate":"q95","season":"MAM"},{"bfs_id":305,"rcp":"RCP2.6","period":"2060","key":"pr","value":3.4,"estimate":"q95","season":"JJA"},{"bfs_id":305,"rcp":"RCP2.6","period":"2060","key":"pr","value":3.1,"estimate":"q95","season":"SON"},{"bfs_id":305,"rcp":"RCP2.6","period":"2085","key":"pr","value":2.4,"estimate":"q5","season":"DJF"},{"bfs_id":305,"rcp":"RCP2.6","period":"2085","key":"pr","value":2.5,"estimate":"q5","season":"MAM"},{"bfs_id":305,"rcp":"RCP2.6","period":"2085","key":"pr","value":2.5,"estimate":"q5","season":"JJA"},{"bfs_id":305,"rcp":"RCP2.6","period":"2085","key":"pr","value":2.4,"estimate":"q5","season":"SON"},{"bfs_id":305,"rcp":"RCP2.6","period":"2085","key":"pr","value":2.8,"estimate":"q50","season":"DJF"},{"bfs_id":305,"rcp":"RCP2.6","period":"2085","key":"pr","value":2.7,"estimate":"q50","season":"MAM"},{"bfs_id":305,"rcp":"RCP2.6","period":"2085","key":"pr","value":2.9,"estimate":"q50","season":"JJA"},{"bfs_id":305,"rcp":"RCP2.6","period":"2085","key":"pr","value":2.8,"estimate":"q50","season":"SON"},{"bfs_id":305,"rcp":"RCP2.6","period":"2085","key":"pr","value":3.1,"estimate":"q95","season":"DJF"},{"bfs_id":305,"rcp":"RCP2.6","period":"2085","key":"pr","value":3,"estimate":"q95","season":"MAM"},{"bfs_id":305,"rcp":"RCP2.6","period":"2085","key":"pr","value":3.4,"estimate":"q95","season":"JJA"},{"bfs_id":305,"rcp":"RCP2.6","period":"2085","key":"pr","value":3.2,"estimate":"q95","season":"SON"},{"bfs_id":305,"rcp":"RCP8.5","period":"2035","key":"pr","value":2.5,"estimate":"q5","season":"DJF"},{"bfs_id":305,"rcp":"RCP8.5","period":"2035","key":"pr","value":2.6,"estimate":"q5","season":"MAM"},{"bfs_id":305,"rcp":"RCP8.5","period":"2035","key":"pr","value":2.3,"estimate":"q5","season":"JJA"},{"bfs_id":305,"rcp":"RCP8.5","period":"2035","key":"pr","value":2.5,"estimate":"q5","season":"SON"},{"bfs_id":305,"rcp":"RCP8.5","period":"2035","key":"pr","value":2.9,"estimate":"q50","season":"DJF"},{"bfs_id":305,"rcp":"RCP8.5","period":"2035","key":"pr","value":2.9,"estimate":"q50","season":"MAM"},{"bfs_id":305,"rcp":"RCP8.5","period":"2035","key":"pr","value":3,"estimate":"q50","season":"JJA"},{"bfs_id":305,"rcp":"RCP8.5","period":"2035","key":"pr","value":2.9,"estimate":"q50","season":"SON"},{"bfs_id":305,"rcp":"RCP8.5","period":"2035","key":"pr","value":3.1,"estimate":"q95","season":"DJF"},{"bfs_id":305,"rcp":"RCP8.5","period":"2035","key":"pr","value":3,"estimate":"q95","season":"MAM"},{"bfs_id":305,"rcp":"RCP8.5","period":"2035","key":"pr","value":3.3,"estimate":"q95","season":"JJA"},{"bfs_id":305,"rcp":"RCP8.5","period":"2035","key":"pr","value":3.2,"estimate":"q95","season":"SON"},{"bfs_id":305,"rcp":"RCP8.5","period":"2060","key":"pr","value":2.6,"estimate":"q5","season":"DJF"},{"bfs_id":305,"rcp":"RCP8.5","period":"2060","key":"pr","value":2.8,"estimate":"q5","season":"MAM"},{"bfs_id":305,"rcp":"RCP8.5","period":"2060","key":"pr","value":2.1,"estimate":"q5","season":"JJA"},{"bfs_id":305,"rcp":"RCP8.5","period":"2060","key":"pr","value":2.5,"estimate":"q5","season":"SON"},{"bfs_id":305,"rcp":"RCP8.5","period":"2060","key":"pr","value":2.9,"estimate":"q50","season":"DJF"},{"bfs_id":305,"rcp":"RCP8.5","period":"2060","key":"pr","value":3,"estimate":"q50","season":"MAM"},{"bfs_id":305,"rcp":"RCP8.5","period":"2060","key":"pr","value":2.9,"estimate":"q50","season":"JJA"},{"bfs_id":305,"rcp":"RCP8.5","period":"2060","key":"pr","value":2.9,"estimate":"q50","season":"SON"},{"bfs_id":305,"rcp":"RCP8.5","period":"2060","key":"pr","value":3.2,"estimate":"q95","season":"DJF"},{"bfs_id":305,"rcp":"RCP8.5","period":"2060","key":"pr","value":3.3,"estimate":"q95","season":"MAM"},{"bfs_id":305,"rcp":"RCP8.5","period":"2060","key":"pr","value":3.2,"estimate":"q95","season":"JJA"},{"bfs_id":305,"rcp":"RCP8.5","period":"2060","key":"pr","value":3.3,"estimate":"q95","season":"SON"},{"bfs_id":305,"rcp":"RCP8.5","period":"2085","key":"pr","value":2.8,"estimate":"q5","season":"DJF"},{"bfs_id":305,"rcp":"RCP8.5","period":"2085","key":"pr","value":2.8,"estimate":"q5","season":"MAM"},{"bfs_id":305,"rcp":"RCP8.5","period":"2085","key":"pr","value":1.6,"estimate":"q5","season":"JJA"},{"bfs_id":305,"rcp":"RCP8.5","period":"2085","key":"pr","value":2.3,"estimate":"q5","season":"SON"},{"bfs_id":305,"rcp":"RCP8.5","period":"2085","key":"pr","value":3.2,"estimate":"q50","season":"DJF"},{"bfs_id":305,"rcp":"RCP8.5","period":"2085","key":"pr","value":3,"estimate":"q50","season":"MAM"},{"bfs_id":305,"rcp":"RCP8.5","period":"2085","key":"pr","value":2.5,"estimate":"q50","season":"JJA"},{"bfs_id":305,"rcp":"RCP8.5","period":"2085","key":"pr","value":3,"estimate":"q50","season":"SON"},{"bfs_id":305,"rcp":"RCP8.5","period":"2085","key":"pr","value":3.6,"estimate":"q95","season":"DJF"},{"bfs_id":305,"rcp":"RCP8.5","period":"2085","key":"pr","value":3.4,"estimate":"q95","season":"MAM"},{"bfs_id":305,"rcp":"RCP8.5","period":"2085","key":"pr","value":3.1,"estimate":"q95","season":"JJA"},{"bfs_id":305,"rcp":"RCP8.5","period":"2085","key":"pr","value":3.4,"estimate":"q95","season":"SON"},{"bfs_id":305,"rcp":"RCP2.6","period":"2035","key":"tas","value":2,"estimate":"q5","season":"DJF"},{"bfs_id":305,"rcp":"RCP2.6","period":"2035","key":"tas","value":9.6,"estimate":"q5","season":"MAM"},{"bfs_id":305,"rcp":"RCP2.6","period":"2035","key":"tas","value":19,"estimate":"q5","season":"JJA"},{"bfs_id":305,"rcp":"RCP2.6","period":"2035","key":"tas","value":10.6,"estimate":"q5","season":"SON"},{"bfs_id":305,"rcp":"RCP2.6","period":"2035","key":"tas","value":2.4,"estimate":"q50","season":"DJF"},{"bfs_id":305,"rcp":"RCP2.6","period":"2035","key":"tas","value":10.2,"estimate":"q50","season":"MAM"},{"bfs_id":305,"rcp":"RCP2.6","period":"2035","key":"tas","value":19.5,"estimate":"q50","season":"JJA"},{"bfs_id":305,"rcp":"RCP2.6","period":"2035","key":"tas","value":10.9,"estimate":"q50","season":"SON"},{"bfs_id":305,"rcp":"RCP2.6","period":"2035","key":"tas","value":3.1,"estimate":"q95","season":"DJF"},{"bfs_id":305,"rcp":"RCP2.6","period":"2035","key":"tas","value":10.5,"estimate":"q95","season":"MAM"},{"bfs_id":305,"rcp":"RCP2.6","period":"2035","key":"tas","value":20.1,"estimate":"q95","season":"JJA"},{"bfs_id":305,"rcp":"RCP2.6","period":"2035","key":"tas","value":11.7,"estimate":"q95","season":"SON"},{"bfs_id":305,"rcp":"RCP2.6","period":"2060","key":"tas","value":2,"estimate":"q5","season":"DJF"},{"bfs_id":305,"rcp":"RCP2.6","period":"2060","key":"tas","value":9.5,"estimate":"q5","season":"MAM"},{"bfs_id":305,"rcp":"RCP2.6","period":"2060","key":"tas","value":19.2,"estimate":"q5","season":"JJA"},{"bfs_id":305,"rcp":"RCP2.6","period":"2060","key":"tas","value":10.9,"estimate":"q5","season":"SON"},{"bfs_id":305,"rcp":"RCP2.6","period":"2060","key":"tas","value":2.7,"estimate":"q50","season":"DJF"},{"bfs_id":305,"rcp":"RCP2.6","period":"2060","key":"tas","value":10.2,"estimate":"q50","season":"MAM"},{"bfs_id":305,"rcp":"RCP2.6","period":"2060","key":"tas","value":19.7,"estimate":"q50","season":"JJA"},{"bfs_id":305,"rcp":"RCP2.6","period":"2060","key":"tas","value":11.2,"estimate":"q50","season":"SON"},{"bfs_id":305,"rcp":"RCP2.6","period":"2060","key":"tas","value":3.3,"estimate":"q95","season":"DJF"},{"bfs_id":305,"rcp":"RCP2.6","period":"2060","key":"tas","value":10.8,"estimate":"q95","season":"MAM"},{"bfs_id":305,"rcp":"RCP2.6","period":"2060","key":"tas","value":20.3,"estimate":"q95","season":"JJA"},{"bfs_id":305,"rcp":"RCP2.6","period":"2060","key":"tas","value":12.2,"estimate":"q95","season":"SON"},{"bfs_id":305,"rcp":"RCP2.6","period":"2085","key":"tas","value":2,"estimate":"q5","season":"DJF"},{"bfs_id":305,"rcp":"RCP2.6","period":"2085","key":"tas","value":9.6,"estimate":"q5","season":"MAM"},{"bfs_id":305,"rcp":"RCP2.6","period":"2085","key":"tas","value":19.2,"estimate":"q5","season":"JJA"},{"bfs_id":305,"rcp":"RCP2.6","period":"2085","key":"tas","value":10.6,"estimate":"q5","season":"SON"},{"bfs_id":305,"rcp":"RCP2.6","period":"2085","key":"tas","value":2.6,"estimate":"q50","season":"DJF"},{"bfs_id":305,"rcp":"RCP2.6","period":"2085","key":"tas","value":10.3,"estimate":"q50","season":"MAM"},{"bfs_id":305,"rcp":"RCP2.6","period":"2085","key":"tas","value":19.6,"estimate":"q50","season":"JJA"},{"bfs_id":305,"rcp":"RCP2.6","period":"2085","key":"tas","value":11.2,"estimate":"q50","season":"SON"},{"bfs_id":305,"rcp":"RCP2.6","period":"2085","key":"tas","value":3.3,"estimate":"q95","season":"DJF"},{"bfs_id":305,"rcp":"RCP2.6","period":"2085","key":"tas","value":10.8,"estimate":"q95","season":"MAM"},{"bfs_id":305,"rcp":"RCP2.6","period":"2085","key":"tas","value":20.2,"estimate":"q95","season":"JJA"},{"bfs_id":305,"rcp":"RCP2.6","period":"2085","key":"tas","value":12.1,"estimate":"q95","season":"SON"},{"bfs_id":305,"rcp":"RCP8.5","period":"2035","key":"tas","value":1.9,"estimate":"q5","season":"DJF"},{"bfs_id":305,"rcp":"RCP8.5","period":"2035","key":"tas","value":9.8,"estimate":"q5","season":"MAM"},{"bfs_id":305,"rcp":"RCP8.5","period":"2035","key":"tas","value":19.4,"estimate":"q5","season":"JJA"},{"bfs_id":305,"rcp":"RCP8.5","period":"2035","key":"tas","value":10.9,"estimate":"q5","season":"SON"},{"bfs_id":305,"rcp":"RCP8.5","period":"2035","key":"tas","value":2.8,"estimate":"q50","season":"DJF"},{"bfs_id":305,"rcp":"RCP8.5","period":"2035","key":"tas","value":10.2,"estimate":"q50","season":"MAM"},{"bfs_id":305,"rcp":"RCP8.5","period":"2035","key":"tas","value":19.8,"estimate":"q50","season":"JJA"},{"bfs_id":305,"rcp":"RCP8.5","period":"2035","key":"tas","value":11.3,"estimate":"q50","season":"SON"},{"bfs_id":305,"rcp":"RCP8.5","period":"2035","key":"tas","value":3.1,"estimate":"q95","season":"DJF"},{"bfs_id":305,"rcp":"RCP8.5","period":"2035","key":"tas","value":10.6,"estimate":"q95","season":"MAM"},{"bfs_id":305,"rcp":"RCP8.5","period":"2035","key":"tas","value":20.4,"estimate":"q95","season":"JJA"},{"bfs_id":305,"rcp":"RCP8.5","period":"2035","key":"tas","value":12.2,"estimate":"q95","season":"SON"},{"bfs_id":305,"rcp":"RCP8.5","period":"2060","key":"tas","value":3.1,"estimate":"q5","season":"DJF"},{"bfs_id":305,"rcp":"RCP8.5","period":"2060","key":"tas","value":10.6,"estimate":"q5","season":"MAM"},{"bfs_id":305,"rcp":"RCP8.5","period":"2060","key":"tas","value":20.5,"estimate":"q5","season":"JJA"},{"bfs_id":305,"rcp":"RCP8.5","period":"2060","key":"tas","value":11.9,"estimate":"q5","season":"SON"},{"bfs_id":305,"rcp":"RCP8.5","period":"2060","key":"tas","value":3.5,"estimate":"q50","season":"DJF"},{"bfs_id":305,"rcp":"RCP8.5","period":"2060","key":"tas","value":11.1,"estimate":"q50","season":"MAM"},{"bfs_id":305,"rcp":"RCP8.5","period":"2060","key":"tas","value":20.9,"estimate":"q50","season":"JJA"},{"bfs_id":305,"rcp":"RCP8.5","period":"2060","key":"tas","value":12.6,"estimate":"q50","season":"SON"},{"bfs_id":305,"rcp":"RCP8.5","period":"2060","key":"tas","value":4.2,"estimate":"q95","season":"DJF"},{"bfs_id":305,"rcp":"RCP8.5","period":"2060","key":"tas","value":11.7,"estimate":"q95","season":"MAM"},{"bfs_id":305,"rcp":"RCP8.5","period":"2060","key":"tas","value":22,"estimate":"q95","season":"JJA"},{"bfs_id":305,"rcp":"RCP8.5","period":"2060","key":"tas","value":13.4,"estimate":"q95","season":"SON"},{"bfs_id":305,"rcp":"RCP8.5","period":"2085","key":"tas","value":4.2,"estimate":"q5","season":"DJF"},{"bfs_id":305,"rcp":"RCP8.5","period":"2085","key":"tas","value":11.6,"estimate":"q5","season":"MAM"},{"bfs_id":305,"rcp":"RCP8.5","period":"2085","key":"tas","value":21.8,"estimate":"q5","season":"JJA"},{"bfs_id":305,"rcp":"RCP8.5","period":"2085","key":"tas","value":13,"estimate":"q5","season":"SON"},{"bfs_id":305,"rcp":"RCP8.5","period":"2085","key":"tas","value":5.2,"estimate":"q50","season":"DJF"},{"bfs_id":305,"rcp":"RCP8.5","period":"2085","key":"tas","value":12.5,"estimate":"q50","season":"MAM"},{"bfs_id":305,"rcp":"RCP8.5","period":"2085","key":"tas","value":22.6,"estimate":"q50","season":"JJA"},{"bfs_id":305,"rcp":"RCP8.5","period":"2085","key":"tas","value":14,"estimate":"q50","season":"SON"},{"bfs_id":305,"rcp":"RCP8.5","period":"2085","key":"tas","value":5.9,"estimate":"q95","season":"DJF"},{"bfs_id":305,"rcp":"RCP8.5","period":"2085","key":"tas","value":13.5,"estimate":"q95","season":"MAM"},{"bfs_id":305,"rcp":"RCP8.5","period":"2085","key":"tas","value":24.9,"estimate":"q95","season":"JJA"},{"bfs_id":305,"rcp":"RCP8.5","period":"2085","key":"tas","value":15.5,"estimate":"q95","season":"SON"},{"bfs_id":305,"rcp":"obs","period":"1981-2010","key":"FD","value":76.9,"estimate":"yearly_mean"},{"bfs_id":305,"rcp":"obs","period":"1981-2010","key":"HD","value":10.4,"estimate":"yearly_mean"},{"bfs_id":305,"rcp":"obs","period":"1981-2010","key":"ID","value":13.7,"estimate":"yearly_mean"},{"bfs_id":305,"rcp":"obs","period":"1981-2010","key":"SD","value":52.3,"estimate":"yearly_mean"},{"bfs_id":305,"rcp":"obs","period":"1981-2010","key":"snowdays","value":15.3,"estimate":"yearly_mean"},{"bfs_id":305,"rcp":"obs","period":"1981-2010","key":"TN","value":0.2,"estimate":"yearly_mean"},{"bfs_id":305,"rcp":"obs","period":"1981-2010","key":"pr","value":2.5,"estimate":"mean","season":"DJF"},{"bfs_id":305,"rcp":"obs","period":"1981-2010","key":"pr","value":2.6,"estimate":"mean","season":"MAM"},{"bfs_id":305,"rcp":"obs","period":"1981-2010","key":"pr","value":3.2,"estimate":"mean","season":"JJA"},{"bfs_id":305,"rcp":"obs","period":"1981-2010","key":"pr","value":2.9,"estimate":"mean","season":"SON"},{"bfs_id":305,"rcp":"obs","period":"1981-2010","key":"tas","value":1.3,"estimate":"mean","season":"DJF"},{"bfs_id":305,"rcp":"obs","period":"1981-2010","key":"tas","value":9.5,"estimate":"mean","season":"MAM"},{"bfs_id":305,"rcp":"obs","period":"1981-2010","key":"tas","value":18.5,"estimate":"mean","season":"JJA"},{"bfs_id":305,"rcp":"obs","period":"1981-2010","key":"tas","value":9.9,"estimate":"mean","season":"SON"}]
