[{"bfs_id":2933,"rcp":"RCP2.6","period":"2035","key":"FD","value":72,"estimate":"q5"},{"bfs_id":2933,"rcp":"RCP2.6","period":"2035","key":"FD","value":83.2,"estimate":"q50"},{"bfs_id":2933,"rcp":"RCP2.6","period":"2035","key":"FD","value":88,"estimate":"q95"},{"bfs_id":2933,"rcp":"RCP2.6","period":"2060","key":"FD","value":69.7,"estimate":"q5"},{"bfs_id":2933,"rcp":"RCP2.6","period":"2060","key":"FD","value":80.1,"estimate":"q50"},{"bfs_id":2933,"rcp":"RCP2.6","period":"2060","key":"FD","value":85.7,"estimate":"q95"},{"bfs_id":2933,"rcp":"RCP2.6","period":"2085","key":"FD","value":70.5,"estimate":"q5"},{"bfs_id":2933,"rcp":"RCP2.6","period":"2085","key":"FD","value":80.4,"estimate":"q50"},{"bfs_id":2933,"rcp":"RCP2.6","period":"2085","key":"FD","value":88.3,"estimate":"q95"},{"bfs_id":2933,"rcp":"RCP8.5","period":"2035","key":"FD","value":68.8,"estimate":"q5"},{"bfs_id":2933,"rcp":"RCP8.5","period":"2035","key":"FD","value":78.6,"estimate":"q50"},{"bfs_id":2933,"rcp":"RCP8.5","period":"2035","key":"FD","value":85.9,"estimate":"q95"},{"bfs_id":2933,"rcp":"RCP8.5","period":"2060","key":"FD","value":57,"estimate":"q5"},{"bfs_id":2933,"rcp":"RCP8.5","period":"2060","key":"FD","value":63.3,"estimate":"q50"},{"bfs_id":2933,"rcp":"RCP8.5","period":"2060","key":"FD","value":71.4,"estimate":"q95"},{"bfs_id":2933,"rcp":"RCP8.5","period":"2085","key":"FD","value":36,"estimate":"q5"},{"bfs_id":2933,"rcp":"RCP8.5","period":"2085","key":"FD","value":41,"estimate":"q50"},{"bfs_id":2933,"rcp":"RCP8.5","period":"2085","key":"FD","value":53.9,"estimate":"q95"},{"bfs_id":2933,"rcp":"RCP2.6","period":"2035","key":"HD","value":9.9,"estimate":"q5"},{"bfs_id":2933,"rcp":"RCP2.6","period":"2035","key":"HD","value":13.2,"estimate":"q50"},{"bfs_id":2933,"rcp":"RCP2.6","period":"2035","key":"HD","value":18.2,"estimate":"q95"},{"bfs_id":2933,"rcp":"RCP2.6","period":"2060","key":"HD","value":10.9,"estimate":"q5"},{"bfs_id":2933,"rcp":"RCP2.6","period":"2060","key":"HD","value":13.3,"estimate":"q50"},{"bfs_id":2933,"rcp":"RCP2.6","period":"2060","key":"HD","value":20.4,"estimate":"q95"},{"bfs_id":2933,"rcp":"RCP2.6","period":"2085","key":"HD","value":10.9,"estimate":"q5"},{"bfs_id":2933,"rcp":"RCP2.6","period":"2085","key":"HD","value":13.1,"estimate":"q50"},{"bfs_id":2933,"rcp":"RCP2.6","period":"2085","key":"HD","value":19.7,"estimate":"q95"},{"bfs_id":2933,"rcp":"RCP8.5","period":"2035","key":"HD","value":11,"estimate":"q5"},{"bfs_id":2933,"rcp":"RCP8.5","period":"2035","key":"HD","value":13.9,"estimate":"q50"},{"bfs_id":2933,"rcp":"RCP8.5","period":"2035","key":"HD","value":21,"estimate":"q95"},{"bfs_id":2933,"rcp":"RCP8.5","period":"2060","key":"HD","value":17.2,"estimate":"q5"},{"bfs_id":2933,"rcp":"RCP8.5","period":"2060","key":"HD","value":23.5,"estimate":"q50"},{"bfs_id":2933,"rcp":"RCP8.5","period":"2060","key":"HD","value":35.4,"estimate":"q95"},{"bfs_id":2933,"rcp":"RCP8.5","period":"2085","key":"HD","value":31.5,"estimate":"q5"},{"bfs_id":2933,"rcp":"RCP8.5","period":"2085","key":"HD","value":37,"estimate":"q50"},{"bfs_id":2933,"rcp":"RCP8.5","period":"2085","key":"HD","value":62.5,"estimate":"q95"},{"bfs_id":2933,"rcp":"RCP2.6","period":"2035","key":"ID","value":11.3,"estimate":"q5"},{"bfs_id":2933,"rcp":"RCP2.6","period":"2035","key":"ID","value":16.3,"estimate":"q50"},{"bfs_id":2933,"rcp":"RCP2.6","period":"2035","key":"ID","value":20.1,"estimate":"q95"},{"bfs_id":2933,"rcp":"RCP2.6","period":"2060","key":"ID","value":12.2,"estimate":"q5"},{"bfs_id":2933,"rcp":"RCP2.6","period":"2060","key":"ID","value":16.2,"estimate":"q50"},{"bfs_id":2933,"rcp":"RCP2.6","period":"2060","key":"ID","value":19.6,"estimate":"q95"},{"bfs_id":2933,"rcp":"RCP2.6","period":"2085","key":"ID","value":11.9,"estimate":"q5"},{"bfs_id":2933,"rcp":"RCP2.6","period":"2085","key":"ID","value":15.5,"estimate":"q50"},{"bfs_id":2933,"rcp":"RCP2.6","period":"2085","key":"ID","value":18.8,"estimate":"q95"},{"bfs_id":2933,"rcp":"RCP8.5","period":"2035","key":"ID","value":12.2,"estimate":"q5"},{"bfs_id":2933,"rcp":"RCP8.5","period":"2035","key":"ID","value":15.1,"estimate":"q50"},{"bfs_id":2933,"rcp":"RCP8.5","period":"2035","key":"ID","value":19.6,"estimate":"q95"},{"bfs_id":2933,"rcp":"RCP8.5","period":"2060","key":"ID","value":7.6,"estimate":"q5"},{"bfs_id":2933,"rcp":"RCP8.5","period":"2060","key":"ID","value":11.2,"estimate":"q50"},{"bfs_id":2933,"rcp":"RCP8.5","period":"2060","key":"ID","value":13.3,"estimate":"q95"},{"bfs_id":2933,"rcp":"RCP8.5","period":"2085","key":"ID","value":2.1,"estimate":"q5"},{"bfs_id":2933,"rcp":"RCP8.5","period":"2085","key":"ID","value":5.4,"estimate":"q50"},{"bfs_id":2933,"rcp":"RCP8.5","period":"2085","key":"ID","value":7.7,"estimate":"q95"},{"bfs_id":2933,"rcp":"RCP2.6","period":"2035","key":"SD","value":49.5,"estimate":"q5"},{"bfs_id":2933,"rcp":"RCP2.6","period":"2035","key":"SD","value":55.4,"estimate":"q50"},{"bfs_id":2933,"rcp":"RCP2.6","period":"2035","key":"SD","value":62.8,"estimate":"q95"},{"bfs_id":2933,"rcp":"RCP2.6","period":"2060","key":"SD","value":50,"estimate":"q5"},{"bfs_id":2933,"rcp":"RCP2.6","period":"2060","key":"SD","value":56.7,"estimate":"q50"},{"bfs_id":2933,"rcp":"RCP2.6","period":"2060","key":"SD","value":63.4,"estimate":"q95"},{"bfs_id":2933,"rcp":"RCP2.6","period":"2085","key":"SD","value":49.5,"estimate":"q5"},{"bfs_id":2933,"rcp":"RCP2.6","period":"2085","key":"SD","value":57.3,"estimate":"q50"},{"bfs_id":2933,"rcp":"RCP2.6","period":"2085","key":"SD","value":64.3,"estimate":"q95"},{"bfs_id":2933,"rcp":"RCP8.5","period":"2035","key":"SD","value":51.8,"estimate":"q5"},{"bfs_id":2933,"rcp":"RCP8.5","period":"2035","key":"SD","value":58,"estimate":"q50"},{"bfs_id":2933,"rcp":"RCP8.5","period":"2035","key":"SD","value":64.3,"estimate":"q95"},{"bfs_id":2933,"rcp":"RCP8.5","period":"2060","key":"SD","value":67.5,"estimate":"q5"},{"bfs_id":2933,"rcp":"RCP8.5","period":"2060","key":"SD","value":72.4,"estimate":"q50"},{"bfs_id":2933,"rcp":"RCP8.5","period":"2060","key":"SD","value":87.7,"estimate":"q95"},{"bfs_id":2933,"rcp":"RCP8.5","period":"2085","key":"SD","value":82.1,"estimate":"q5"},{"bfs_id":2933,"rcp":"RCP8.5","period":"2085","key":"SD","value":95.3,"estimate":"q50"},{"bfs_id":2933,"rcp":"RCP8.5","period":"2085","key":"SD","value":113.3,"estimate":"q95"},{"bfs_id":2933,"rcp":"RCP2.6","period":"2035","key":"snowdays","value":12.8,"estimate":"q5"},{"bfs_id":2933,"rcp":"RCP2.6","period":"2035","key":"snowdays","value":17.3,"estimate":"q50"},{"bfs_id":2933,"rcp":"RCP2.6","period":"2035","key":"snowdays","value":19.1,"estimate":"q95"},{"bfs_id":2933,"rcp":"RCP2.6","period":"2060","key":"snowdays","value":11.8,"estimate":"q5"},{"bfs_id":2933,"rcp":"RCP2.6","period":"2060","key":"snowdays","value":16.6,"estimate":"q50"},{"bfs_id":2933,"rcp":"RCP2.6","period":"2060","key":"snowdays","value":18.9,"estimate":"q95"},{"bfs_id":2933,"rcp":"RCP2.6","period":"2085","key":"snowdays","value":11.9,"estimate":"q5"},{"bfs_id":2933,"rcp":"RCP2.6","period":"2085","key":"snowdays","value":16.4,"estimate":"q50"},{"bfs_id":2933,"rcp":"RCP2.6","period":"2085","key":"snowdays","value":19.7,"estimate":"q95"},{"bfs_id":2933,"rcp":"RCP8.5","period":"2035","key":"snowdays","value":11.4,"estimate":"q5"},{"bfs_id":2933,"rcp":"RCP8.5","period":"2035","key":"snowdays","value":16,"estimate":"q50"},{"bfs_id":2933,"rcp":"RCP8.5","period":"2035","key":"snowdays","value":18.8,"estimate":"q95"},{"bfs_id":2933,"rcp":"RCP8.5","period":"2060","key":"snowdays","value":8.1,"estimate":"q5"},{"bfs_id":2933,"rcp":"RCP8.5","period":"2060","key":"snowdays","value":12.8,"estimate":"q50"},{"bfs_id":2933,"rcp":"RCP8.5","period":"2060","key":"snowdays","value":14.8,"estimate":"q95"},{"bfs_id":2933,"rcp":"RCP8.5","period":"2085","key":"snowdays","value":3.4,"estimate":"q5"},{"bfs_id":2933,"rcp":"RCP8.5","period":"2085","key":"snowdays","value":7,"estimate":"q50"},{"bfs_id":2933,"rcp":"RCP8.5","period":"2085","key":"snowdays","value":10,"estimate":"q95"},{"bfs_id":2933,"rcp":"RCP2.6","period":"2035","key":"TN","value":0,"estimate":"q5"},{"bfs_id":2933,"rcp":"RCP2.6","period":"2035","key":"TN","value":0.2,"estimate":"q50"},{"bfs_id":2933,"rcp":"RCP2.6","period":"2035","key":"TN","value":0.4,"estimate":"q95"},{"bfs_id":2933,"rcp":"RCP2.6","period":"2060","key":"TN","value":0,"estimate":"q5"},{"bfs_id":2933,"rcp":"RCP2.6","period":"2060","key":"TN","value":0.2,"estimate":"q50"},{"bfs_id":2933,"rcp":"RCP2.6","period":"2060","key":"TN","value":0.8,"estimate":"q95"},{"bfs_id":2933,"rcp":"RCP2.6","period":"2085","key":"TN","value":0,"estimate":"q5"},{"bfs_id":2933,"rcp":"RCP2.6","period":"2085","key":"TN","value":0.3,"estimate":"q50"},{"bfs_id":2933,"rcp":"RCP2.6","period":"2085","key":"TN","value":0.7,"estimate":"q95"},{"bfs_id":2933,"rcp":"RCP8.5","period":"2035","key":"TN","value":0.1,"estimate":"q5"},{"bfs_id":2933,"rcp":"RCP8.5","period":"2035","key":"TN","value":0.3,"estimate":"q50"},{"bfs_id":2933,"rcp":"RCP8.5","period":"2035","key":"TN","value":1.7,"estimate":"q95"},{"bfs_id":2933,"rcp":"RCP8.5","period":"2060","key":"TN","value":0.7,"estimate":"q5"},{"bfs_id":2933,"rcp":"RCP8.5","period":"2060","key":"TN","value":2.1,"estimate":"q50"},{"bfs_id":2933,"rcp":"RCP8.5","period":"2060","key":"TN","value":4.9,"estimate":"q95"},{"bfs_id":2933,"rcp":"RCP8.5","period":"2085","key":"TN","value":3.9,"estimate":"q5"},{"bfs_id":2933,"rcp":"RCP8.5","period":"2085","key":"TN","value":7.3,"estimate":"q50"},{"bfs_id":2933,"rcp":"RCP8.5","period":"2085","key":"TN","value":21.2,"estimate":"q95"},{"bfs_id":2933,"rcp":"RCP2.6","period":"2035","key":"pr","value":2.3,"estimate":"q5","season":"DJF"},{"bfs_id":2933,"rcp":"RCP2.6","period":"2035","key":"pr","value":2.4,"estimate":"q5","season":"MAM"},{"bfs_id":2933,"rcp":"RCP2.6","period":"2035","key":"pr","value":2.6,"estimate":"q5","season":"JJA"},{"bfs_id":2933,"rcp":"RCP2.6","period":"2035","key":"pr","value":2.2,"estimate":"q5","season":"SON"},{"bfs_id":2933,"rcp":"RCP2.6","period":"2035","key":"pr","value":2.6,"estimate":"q50","season":"DJF"},{"bfs_id":2933,"rcp":"RCP2.6","period":"2035","key":"pr","value":2.7,"estimate":"q50","season":"MAM"},{"bfs_id":2933,"rcp":"RCP2.6","period":"2035","key":"pr","value":2.9,"estimate":"q50","season":"JJA"},{"bfs_id":2933,"rcp":"RCP2.6","period":"2035","key":"pr","value":2.5,"estimate":"q50","season":"SON"},{"bfs_id":2933,"rcp":"RCP2.6","period":"2035","key":"pr","value":3.2,"estimate":"q95","season":"DJF"},{"bfs_id":2933,"rcp":"RCP2.6","period":"2035","key":"pr","value":3,"estimate":"q95","season":"MAM"},{"bfs_id":2933,"rcp":"RCP2.6","period":"2035","key":"pr","value":3.3,"estimate":"q95","season":"JJA"},{"bfs_id":2933,"rcp":"RCP2.6","period":"2035","key":"pr","value":3,"estimate":"q95","season":"SON"},{"bfs_id":2933,"rcp":"RCP2.6","period":"2060","key":"pr","value":2.3,"estimate":"q5","season":"DJF"},{"bfs_id":2933,"rcp":"RCP2.6","period":"2060","key":"pr","value":2.5,"estimate":"q5","season":"MAM"},{"bfs_id":2933,"rcp":"RCP2.6","period":"2060","key":"pr","value":2.6,"estimate":"q5","season":"JJA"},{"bfs_id":2933,"rcp":"RCP2.6","period":"2060","key":"pr","value":2.3,"estimate":"q5","season":"SON"},{"bfs_id":2933,"rcp":"RCP2.6","period":"2060","key":"pr","value":2.7,"estimate":"q50","season":"DJF"},{"bfs_id":2933,"rcp":"RCP2.6","period":"2060","key":"pr","value":2.7,"estimate":"q50","season":"MAM"},{"bfs_id":2933,"rcp":"RCP2.6","period":"2060","key":"pr","value":2.9,"estimate":"q50","season":"JJA"},{"bfs_id":2933,"rcp":"RCP2.6","period":"2060","key":"pr","value":2.5,"estimate":"q50","season":"SON"},{"bfs_id":2933,"rcp":"RCP2.6","period":"2060","key":"pr","value":2.9,"estimate":"q95","season":"DJF"},{"bfs_id":2933,"rcp":"RCP2.6","period":"2060","key":"pr","value":3,"estimate":"q95","season":"MAM"},{"bfs_id":2933,"rcp":"RCP2.6","period":"2060","key":"pr","value":3.3,"estimate":"q95","season":"JJA"},{"bfs_id":2933,"rcp":"RCP2.6","period":"2060","key":"pr","value":2.9,"estimate":"q95","season":"SON"},{"bfs_id":2933,"rcp":"RCP2.6","period":"2085","key":"pr","value":2.4,"estimate":"q5","season":"DJF"},{"bfs_id":2933,"rcp":"RCP2.6","period":"2085","key":"pr","value":2.5,"estimate":"q5","season":"MAM"},{"bfs_id":2933,"rcp":"RCP2.6","period":"2085","key":"pr","value":2.6,"estimate":"q5","season":"JJA"},{"bfs_id":2933,"rcp":"RCP2.6","period":"2085","key":"pr","value":2.2,"estimate":"q5","season":"SON"},{"bfs_id":2933,"rcp":"RCP2.6","period":"2085","key":"pr","value":2.6,"estimate":"q50","season":"DJF"},{"bfs_id":2933,"rcp":"RCP2.6","period":"2085","key":"pr","value":2.7,"estimate":"q50","season":"MAM"},{"bfs_id":2933,"rcp":"RCP2.6","period":"2085","key":"pr","value":2.9,"estimate":"q50","season":"JJA"},{"bfs_id":2933,"rcp":"RCP2.6","period":"2085","key":"pr","value":2.5,"estimate":"q50","season":"SON"},{"bfs_id":2933,"rcp":"RCP2.6","period":"2085","key":"pr","value":3,"estimate":"q95","season":"DJF"},{"bfs_id":2933,"rcp":"RCP2.6","period":"2085","key":"pr","value":3,"estimate":"q95","season":"MAM"},{"bfs_id":2933,"rcp":"RCP2.6","period":"2085","key":"pr","value":3.3,"estimate":"q95","season":"JJA"},{"bfs_id":2933,"rcp":"RCP2.6","period":"2085","key":"pr","value":2.9,"estimate":"q95","season":"SON"},{"bfs_id":2933,"rcp":"RCP8.5","period":"2035","key":"pr","value":2.4,"estimate":"q5","season":"DJF"},{"bfs_id":2933,"rcp":"RCP8.5","period":"2035","key":"pr","value":2.6,"estimate":"q5","season":"MAM"},{"bfs_id":2933,"rcp":"RCP8.5","period":"2035","key":"pr","value":2.4,"estimate":"q5","season":"JJA"},{"bfs_id":2933,"rcp":"RCP8.5","period":"2035","key":"pr","value":2.3,"estimate":"q5","season":"SON"},{"bfs_id":2933,"rcp":"RCP8.5","period":"2035","key":"pr","value":2.7,"estimate":"q50","season":"DJF"},{"bfs_id":2933,"rcp":"RCP8.5","period":"2035","key":"pr","value":2.8,"estimate":"q50","season":"MAM"},{"bfs_id":2933,"rcp":"RCP8.5","period":"2035","key":"pr","value":3,"estimate":"q50","season":"JJA"},{"bfs_id":2933,"rcp":"RCP8.5","period":"2035","key":"pr","value":2.7,"estimate":"q50","season":"SON"},{"bfs_id":2933,"rcp":"RCP8.5","period":"2035","key":"pr","value":3,"estimate":"q95","season":"DJF"},{"bfs_id":2933,"rcp":"RCP8.5","period":"2035","key":"pr","value":3,"estimate":"q95","season":"MAM"},{"bfs_id":2933,"rcp":"RCP8.5","period":"2035","key":"pr","value":3.4,"estimate":"q95","season":"JJA"},{"bfs_id":2933,"rcp":"RCP8.5","period":"2035","key":"pr","value":3,"estimate":"q95","season":"SON"},{"bfs_id":2933,"rcp":"RCP8.5","period":"2060","key":"pr","value":2.5,"estimate":"q5","season":"DJF"},{"bfs_id":2933,"rcp":"RCP8.5","period":"2060","key":"pr","value":2.7,"estimate":"q5","season":"MAM"},{"bfs_id":2933,"rcp":"RCP8.5","period":"2060","key":"pr","value":2.2,"estimate":"q5","season":"JJA"},{"bfs_id":2933,"rcp":"RCP8.5","period":"2060","key":"pr","value":2.3,"estimate":"q5","season":"SON"},{"bfs_id":2933,"rcp":"RCP8.5","period":"2060","key":"pr","value":2.8,"estimate":"q50","season":"DJF"},{"bfs_id":2933,"rcp":"RCP8.5","period":"2060","key":"pr","value":3,"estimate":"q50","season":"MAM"},{"bfs_id":2933,"rcp":"RCP8.5","period":"2060","key":"pr","value":2.9,"estimate":"q50","season":"JJA"},{"bfs_id":2933,"rcp":"RCP8.5","period":"2060","key":"pr","value":2.7,"estimate":"q50","season":"SON"},{"bfs_id":2933,"rcp":"RCP8.5","period":"2060","key":"pr","value":3.3,"estimate":"q95","season":"DJF"},{"bfs_id":2933,"rcp":"RCP8.5","period":"2060","key":"pr","value":3.2,"estimate":"q95","season":"MAM"},{"bfs_id":2933,"rcp":"RCP8.5","period":"2060","key":"pr","value":3.3,"estimate":"q95","season":"JJA"},{"bfs_id":2933,"rcp":"RCP8.5","period":"2060","key":"pr","value":3.1,"estimate":"q95","season":"SON"},{"bfs_id":2933,"rcp":"RCP8.5","period":"2085","key":"pr","value":2.7,"estimate":"q5","season":"DJF"},{"bfs_id":2933,"rcp":"RCP8.5","period":"2085","key":"pr","value":2.7,"estimate":"q5","season":"MAM"},{"bfs_id":2933,"rcp":"RCP8.5","period":"2085","key":"pr","value":1.7,"estimate":"q5","season":"JJA"},{"bfs_id":2933,"rcp":"RCP8.5","period":"2085","key":"pr","value":2.2,"estimate":"q5","season":"SON"},{"bfs_id":2933,"rcp":"RCP8.5","period":"2085","key":"pr","value":3.1,"estimate":"q50","season":"DJF"},{"bfs_id":2933,"rcp":"RCP8.5","period":"2085","key":"pr","value":3.2,"estimate":"q50","season":"MAM"},{"bfs_id":2933,"rcp":"RCP8.5","period":"2085","key":"pr","value":2.6,"estimate":"q50","season":"JJA"},{"bfs_id":2933,"rcp":"RCP8.5","period":"2085","key":"pr","value":2.6,"estimate":"q50","season":"SON"},{"bfs_id":2933,"rcp":"RCP8.5","period":"2085","key":"pr","value":3.7,"estimate":"q95","season":"DJF"},{"bfs_id":2933,"rcp":"RCP8.5","period":"2085","key":"pr","value":3.4,"estimate":"q95","season":"MAM"},{"bfs_id":2933,"rcp":"RCP8.5","period":"2085","key":"pr","value":3.2,"estimate":"q95","season":"JJA"},{"bfs_id":2933,"rcp":"RCP8.5","period":"2085","key":"pr","value":3.4,"estimate":"q95","season":"SON"},{"bfs_id":2933,"rcp":"RCP2.6","period":"2035","key":"tas","value":1.1,"estimate":"q5","season":"DJF"},{"bfs_id":2933,"rcp":"RCP2.6","period":"2035","key":"tas","value":9,"estimate":"q5","season":"MAM"},{"bfs_id":2933,"rcp":"RCP2.6","period":"2035","key":"tas","value":18.1,"estimate":"q5","season":"JJA"},{"bfs_id":2933,"rcp":"RCP2.6","period":"2035","key":"tas","value":9.8,"estimate":"q5","season":"SON"},{"bfs_id":2933,"rcp":"RCP2.6","period":"2035","key":"tas","value":1.8,"estimate":"q50","season":"DJF"},{"bfs_id":2933,"rcp":"RCP2.6","period":"2035","key":"tas","value":9.5,"estimate":"q50","season":"MAM"},{"bfs_id":2933,"rcp":"RCP2.6","period":"2035","key":"tas","value":18.7,"estimate":"q50","season":"JJA"},{"bfs_id":2933,"rcp":"RCP2.6","period":"2035","key":"tas","value":10.2,"estimate":"q50","season":"SON"},{"bfs_id":2933,"rcp":"RCP2.6","period":"2035","key":"tas","value":2.6,"estimate":"q95","season":"DJF"},{"bfs_id":2933,"rcp":"RCP2.6","period":"2035","key":"tas","value":9.9,"estimate":"q95","season":"MAM"},{"bfs_id":2933,"rcp":"RCP2.6","period":"2035","key":"tas","value":19.2,"estimate":"q95","season":"JJA"},{"bfs_id":2933,"rcp":"RCP2.6","period":"2035","key":"tas","value":11.1,"estimate":"q95","season":"SON"},{"bfs_id":2933,"rcp":"RCP2.6","period":"2060","key":"tas","value":1.2,"estimate":"q5","season":"DJF"},{"bfs_id":2933,"rcp":"RCP2.6","period":"2060","key":"tas","value":8.9,"estimate":"q5","season":"MAM"},{"bfs_id":2933,"rcp":"RCP2.6","period":"2060","key":"tas","value":18.4,"estimate":"q5","season":"JJA"},{"bfs_id":2933,"rcp":"RCP2.6","period":"2060","key":"tas","value":10.1,"estimate":"q5","season":"SON"},{"bfs_id":2933,"rcp":"RCP2.6","period":"2060","key":"tas","value":2.1,"estimate":"q50","season":"DJF"},{"bfs_id":2933,"rcp":"RCP2.6","period":"2060","key":"tas","value":9.6,"estimate":"q50","season":"MAM"},{"bfs_id":2933,"rcp":"RCP2.6","period":"2060","key":"tas","value":18.8,"estimate":"q50","season":"JJA"},{"bfs_id":2933,"rcp":"RCP2.6","period":"2060","key":"tas","value":10.4,"estimate":"q50","season":"SON"},{"bfs_id":2933,"rcp":"RCP2.6","period":"2060","key":"tas","value":2.6,"estimate":"q95","season":"DJF"},{"bfs_id":2933,"rcp":"RCP2.6","period":"2060","key":"tas","value":10,"estimate":"q95","season":"MAM"},{"bfs_id":2933,"rcp":"RCP2.6","period":"2060","key":"tas","value":19.4,"estimate":"q95","season":"JJA"},{"bfs_id":2933,"rcp":"RCP2.6","period":"2060","key":"tas","value":11.4,"estimate":"q95","season":"SON"},{"bfs_id":2933,"rcp":"RCP2.6","period":"2085","key":"tas","value":1.3,"estimate":"q5","season":"DJF"},{"bfs_id":2933,"rcp":"RCP2.6","period":"2085","key":"tas","value":9,"estimate":"q5","season":"MAM"},{"bfs_id":2933,"rcp":"RCP2.6","period":"2085","key":"tas","value":18.3,"estimate":"q5","season":"JJA"},{"bfs_id":2933,"rcp":"RCP2.6","period":"2085","key":"tas","value":9.9,"estimate":"q5","season":"SON"},{"bfs_id":2933,"rcp":"RCP2.6","period":"2085","key":"tas","value":2,"estimate":"q50","season":"DJF"},{"bfs_id":2933,"rcp":"RCP2.6","period":"2085","key":"tas","value":9.7,"estimate":"q50","season":"MAM"},{"bfs_id":2933,"rcp":"RCP2.6","period":"2085","key":"tas","value":18.8,"estimate":"q50","season":"JJA"},{"bfs_id":2933,"rcp":"RCP2.6","period":"2085","key":"tas","value":10.4,"estimate":"q50","season":"SON"},{"bfs_id":2933,"rcp":"RCP2.6","period":"2085","key":"tas","value":2.7,"estimate":"q95","season":"DJF"},{"bfs_id":2933,"rcp":"RCP2.6","period":"2085","key":"tas","value":10.1,"estimate":"q95","season":"MAM"},{"bfs_id":2933,"rcp":"RCP2.6","period":"2085","key":"tas","value":19.3,"estimate":"q95","season":"JJA"},{"bfs_id":2933,"rcp":"RCP2.6","period":"2085","key":"tas","value":11.4,"estimate":"q95","season":"SON"},{"bfs_id":2933,"rcp":"RCP8.5","period":"2035","key":"tas","value":1.1,"estimate":"q5","season":"DJF"},{"bfs_id":2933,"rcp":"RCP8.5","period":"2035","key":"tas","value":9.2,"estimate":"q5","season":"MAM"},{"bfs_id":2933,"rcp":"RCP8.5","period":"2035","key":"tas","value":18.6,"estimate":"q5","season":"JJA"},{"bfs_id":2933,"rcp":"RCP8.5","period":"2035","key":"tas","value":10.1,"estimate":"q5","season":"SON"},{"bfs_id":2933,"rcp":"RCP8.5","period":"2035","key":"tas","value":2.1,"estimate":"q50","season":"DJF"},{"bfs_id":2933,"rcp":"RCP8.5","period":"2035","key":"tas","value":9.6,"estimate":"q50","season":"MAM"},{"bfs_id":2933,"rcp":"RCP8.5","period":"2035","key":"tas","value":18.9,"estimate":"q50","season":"JJA"},{"bfs_id":2933,"rcp":"RCP8.5","period":"2035","key":"tas","value":10.6,"estimate":"q50","season":"SON"},{"bfs_id":2933,"rcp":"RCP8.5","period":"2035","key":"tas","value":2.6,"estimate":"q95","season":"DJF"},{"bfs_id":2933,"rcp":"RCP8.5","period":"2035","key":"tas","value":10,"estimate":"q95","season":"MAM"},{"bfs_id":2933,"rcp":"RCP8.5","period":"2035","key":"tas","value":19.5,"estimate":"q95","season":"JJA"},{"bfs_id":2933,"rcp":"RCP8.5","period":"2035","key":"tas","value":11.4,"estimate":"q95","season":"SON"},{"bfs_id":2933,"rcp":"RCP8.5","period":"2060","key":"tas","value":2.5,"estimate":"q5","season":"DJF"},{"bfs_id":2933,"rcp":"RCP8.5","period":"2060","key":"tas","value":10,"estimate":"q5","season":"MAM"},{"bfs_id":2933,"rcp":"RCP8.5","period":"2060","key":"tas","value":19.6,"estimate":"q5","season":"JJA"},{"bfs_id":2933,"rcp":"RCP8.5","period":"2060","key":"tas","value":11.2,"estimate":"q5","season":"SON"},{"bfs_id":2933,"rcp":"RCP8.5","period":"2060","key":"tas","value":2.9,"estimate":"q50","season":"DJF"},{"bfs_id":2933,"rcp":"RCP8.5","period":"2060","key":"tas","value":10.6,"estimate":"q50","season":"MAM"},{"bfs_id":2933,"rcp":"RCP8.5","period":"2060","key":"tas","value":20.2,"estimate":"q50","season":"JJA"},{"bfs_id":2933,"rcp":"RCP8.5","period":"2060","key":"tas","value":11.8,"estimate":"q50","season":"SON"},{"bfs_id":2933,"rcp":"RCP8.5","period":"2060","key":"tas","value":3.6,"estimate":"q95","season":"DJF"},{"bfs_id":2933,"rcp":"RCP8.5","period":"2060","key":"tas","value":11.1,"estimate":"q95","season":"MAM"},{"bfs_id":2933,"rcp":"RCP8.5","period":"2060","key":"tas","value":21.2,"estimate":"q95","season":"JJA"},{"bfs_id":2933,"rcp":"RCP8.5","period":"2060","key":"tas","value":12.6,"estimate":"q95","season":"SON"},{"bfs_id":2933,"rcp":"RCP8.5","period":"2085","key":"tas","value":3.7,"estimate":"q5","season":"DJF"},{"bfs_id":2933,"rcp":"RCP8.5","period":"2085","key":"tas","value":11.1,"estimate":"q5","season":"MAM"},{"bfs_id":2933,"rcp":"RCP8.5","period":"2085","key":"tas","value":20.9,"estimate":"q5","season":"JJA"},{"bfs_id":2933,"rcp":"RCP8.5","period":"2085","key":"tas","value":12.2,"estimate":"q5","season":"SON"},{"bfs_id":2933,"rcp":"RCP8.5","period":"2085","key":"tas","value":4.8,"estimate":"q50","season":"DJF"},{"bfs_id":2933,"rcp":"RCP8.5","period":"2085","key":"tas","value":11.8,"estimate":"q50","season":"MAM"},{"bfs_id":2933,"rcp":"RCP8.5","period":"2085","key":"tas","value":21.8,"estimate":"q50","season":"JJA"},{"bfs_id":2933,"rcp":"RCP8.5","period":"2085","key":"tas","value":13.2,"estimate":"q50","season":"SON"},{"bfs_id":2933,"rcp":"RCP8.5","period":"2085","key":"tas","value":5.4,"estimate":"q95","season":"DJF"},{"bfs_id":2933,"rcp":"RCP8.5","period":"2085","key":"tas","value":12.7,"estimate":"q95","season":"MAM"},{"bfs_id":2933,"rcp":"RCP8.5","period":"2085","key":"tas","value":23.9,"estimate":"q95","season":"JJA"},{"bfs_id":2933,"rcp":"RCP8.5","period":"2085","key":"tas","value":14.9,"estimate":"q95","season":"SON"},{"bfs_id":2933,"rcp":"obs","period":"1981-2010","key":"FD","value":98.1,"estimate":"yearly_mean"},{"bfs_id":2933,"rcp":"obs","period":"1981-2010","key":"HD","value":7.4,"estimate":"yearly_mean"},{"bfs_id":2933,"rcp":"obs","period":"1981-2010","key":"ID","value":23.3,"estimate":"yearly_mean"},{"bfs_id":2933,"rcp":"obs","period":"1981-2010","key":"SD","value":43.3,"estimate":"yearly_mean"},{"bfs_id":2933,"rcp":"obs","period":"1981-2010","key":"snowdays","value":18.9,"estimate":"yearly_mean"},{"bfs_id":2933,"rcp":"obs","period":"1981-2010","key":"TN","value":0,"estimate":"yearly_mean"},{"bfs_id":2933,"rcp":"obs","period":"1981-2010","key":"pr","value":2.4,"estimate":"mean","season":"DJF"},{"bfs_id":2933,"rcp":"obs","period":"1981-2010","key":"pr","value":2.6,"estimate":"mean","season":"MAM"},{"bfs_id":2933,"rcp":"obs","period":"1981-2010","key":"pr","value":3.2,"estimate":"mean","season":"JJA"},{"bfs_id":2933,"rcp":"obs","period":"1981-2010","key":"pr","value":2.6,"estimate":"mean","season":"SON"},{"bfs_id":2933,"rcp":"obs","period":"1981-2010","key":"tas","value":0.6,"estimate":"mean","season":"DJF"},{"bfs_id":2933,"rcp":"obs","period":"1981-2010","key":"tas","value":8.9,"estimate":"mean","season":"MAM"},{"bfs_id":2933,"rcp":"obs","period":"1981-2010","key":"tas","value":17.6,"estimate":"mean","season":"JJA"},{"bfs_id":2933,"rcp":"obs","period":"1981-2010","key":"tas","value":9.1,"estimate":"mean","season":"SON"}]
