[{"bfs_id":312,"rcp":"RCP2.6","period":"2035","key":"FD","value":67.9,"estimate":"q5"},{"bfs_id":312,"rcp":"RCP2.6","period":"2035","key":"FD","value":79.8,"estimate":"q50"},{"bfs_id":312,"rcp":"RCP2.6","period":"2035","key":"FD","value":86.5,"estimate":"q95"},{"bfs_id":312,"rcp":"RCP2.6","period":"2060","key":"FD","value":65.2,"estimate":"q5"},{"bfs_id":312,"rcp":"RCP2.6","period":"2060","key":"FD","value":77.5,"estimate":"q50"},{"bfs_id":312,"rcp":"RCP2.6","period":"2060","key":"FD","value":83.1,"estimate":"q95"},{"bfs_id":312,"rcp":"RCP2.6","period":"2085","key":"FD","value":65.1,"estimate":"q5"},{"bfs_id":312,"rcp":"RCP2.6","period":"2085","key":"FD","value":76.3,"estimate":"q50"},{"bfs_id":312,"rcp":"RCP2.6","period":"2085","key":"FD","value":84.8,"estimate":"q95"},{"bfs_id":312,"rcp":"RCP8.5","period":"2035","key":"FD","value":65.7,"estimate":"q5"},{"bfs_id":312,"rcp":"RCP8.5","period":"2035","key":"FD","value":76.1,"estimate":"q50"},{"bfs_id":312,"rcp":"RCP8.5","period":"2035","key":"FD","value":82.8,"estimate":"q95"},{"bfs_id":312,"rcp":"RCP8.5","period":"2060","key":"FD","value":51.9,"estimate":"q5"},{"bfs_id":312,"rcp":"RCP8.5","period":"2060","key":"FD","value":60.2,"estimate":"q50"},{"bfs_id":312,"rcp":"RCP8.5","period":"2060","key":"FD","value":68.8,"estimate":"q95"},{"bfs_id":312,"rcp":"RCP8.5","period":"2085","key":"FD","value":33.4,"estimate":"q5"},{"bfs_id":312,"rcp":"RCP8.5","period":"2085","key":"FD","value":39.6,"estimate":"q50"},{"bfs_id":312,"rcp":"RCP8.5","period":"2085","key":"FD","value":52.7,"estimate":"q95"},{"bfs_id":312,"rcp":"RCP2.6","period":"2035","key":"HD","value":8.6,"estimate":"q5"},{"bfs_id":312,"rcp":"RCP2.6","period":"2035","key":"HD","value":12.4,"estimate":"q50"},{"bfs_id":312,"rcp":"RCP2.6","period":"2035","key":"HD","value":17.5,"estimate":"q95"},{"bfs_id":312,"rcp":"RCP2.6","period":"2060","key":"HD","value":9.6,"estimate":"q5"},{"bfs_id":312,"rcp":"RCP2.6","period":"2060","key":"HD","value":13.1,"estimate":"q50"},{"bfs_id":312,"rcp":"RCP2.6","period":"2060","key":"HD","value":20.7,"estimate":"q95"},{"bfs_id":312,"rcp":"RCP2.6","period":"2085","key":"HD","value":9.8,"estimate":"q5"},{"bfs_id":312,"rcp":"RCP2.6","period":"2085","key":"HD","value":11.5,"estimate":"q50"},{"bfs_id":312,"rcp":"RCP2.6","period":"2085","key":"HD","value":19.9,"estimate":"q95"},{"bfs_id":312,"rcp":"RCP8.5","period":"2035","key":"HD","value":10.3,"estimate":"q5"},{"bfs_id":312,"rcp":"RCP8.5","period":"2035","key":"HD","value":12.8,"estimate":"q50"},{"bfs_id":312,"rcp":"RCP8.5","period":"2035","key":"HD","value":19,"estimate":"q95"},{"bfs_id":312,"rcp":"RCP8.5","period":"2060","key":"HD","value":16.2,"estimate":"q5"},{"bfs_id":312,"rcp":"RCP8.5","period":"2060","key":"HD","value":22.7,"estimate":"q50"},{"bfs_id":312,"rcp":"RCP8.5","period":"2060","key":"HD","value":36,"estimate":"q95"},{"bfs_id":312,"rcp":"RCP8.5","period":"2085","key":"HD","value":29.8,"estimate":"q5"},{"bfs_id":312,"rcp":"RCP8.5","period":"2085","key":"HD","value":37.3,"estimate":"q50"},{"bfs_id":312,"rcp":"RCP8.5","period":"2085","key":"HD","value":60.4,"estimate":"q95"},{"bfs_id":312,"rcp":"RCP2.6","period":"2035","key":"ID","value":11.4,"estimate":"q5"},{"bfs_id":312,"rcp":"RCP2.6","period":"2035","key":"ID","value":15,"estimate":"q50"},{"bfs_id":312,"rcp":"RCP2.6","period":"2035","key":"ID","value":18.5,"estimate":"q95"},{"bfs_id":312,"rcp":"RCP2.6","period":"2060","key":"ID","value":10.8,"estimate":"q5"},{"bfs_id":312,"rcp":"RCP2.6","period":"2060","key":"ID","value":14.5,"estimate":"q50"},{"bfs_id":312,"rcp":"RCP2.6","period":"2060","key":"ID","value":17.3,"estimate":"q95"},{"bfs_id":312,"rcp":"RCP2.6","period":"2085","key":"ID","value":11,"estimate":"q5"},{"bfs_id":312,"rcp":"RCP2.6","period":"2085","key":"ID","value":14.2,"estimate":"q50"},{"bfs_id":312,"rcp":"RCP2.6","period":"2085","key":"ID","value":17.9,"estimate":"q95"},{"bfs_id":312,"rcp":"RCP8.5","period":"2035","key":"ID","value":11,"estimate":"q5"},{"bfs_id":312,"rcp":"RCP8.5","period":"2035","key":"ID","value":13.8,"estimate":"q50"},{"bfs_id":312,"rcp":"RCP8.5","period":"2035","key":"ID","value":17.7,"estimate":"q95"},{"bfs_id":312,"rcp":"RCP8.5","period":"2060","key":"ID","value":7.3,"estimate":"q5"},{"bfs_id":312,"rcp":"RCP8.5","period":"2060","key":"ID","value":10.2,"estimate":"q50"},{"bfs_id":312,"rcp":"RCP8.5","period":"2060","key":"ID","value":12.3,"estimate":"q95"},{"bfs_id":312,"rcp":"RCP8.5","period":"2085","key":"ID","value":2.2,"estimate":"q5"},{"bfs_id":312,"rcp":"RCP8.5","period":"2085","key":"ID","value":4.4,"estimate":"q50"},{"bfs_id":312,"rcp":"RCP8.5","period":"2085","key":"ID","value":7.2,"estimate":"q95"},{"bfs_id":312,"rcp":"RCP2.6","period":"2035","key":"SD","value":49.1,"estimate":"q5"},{"bfs_id":312,"rcp":"RCP2.6","period":"2035","key":"SD","value":55.5,"estimate":"q50"},{"bfs_id":312,"rcp":"RCP2.6","period":"2035","key":"SD","value":64.1,"estimate":"q95"},{"bfs_id":312,"rcp":"RCP2.6","period":"2060","key":"SD","value":49.6,"estimate":"q5"},{"bfs_id":312,"rcp":"RCP2.6","period":"2060","key":"SD","value":56.9,"estimate":"q50"},{"bfs_id":312,"rcp":"RCP2.6","period":"2060","key":"SD","value":63.9,"estimate":"q95"},{"bfs_id":312,"rcp":"RCP2.6","period":"2085","key":"SD","value":49.8,"estimate":"q5"},{"bfs_id":312,"rcp":"RCP2.6","period":"2085","key":"SD","value":57.6,"estimate":"q50"},{"bfs_id":312,"rcp":"RCP2.6","period":"2085","key":"SD","value":63.4,"estimate":"q95"},{"bfs_id":312,"rcp":"RCP8.5","period":"2035","key":"SD","value":51.8,"estimate":"q5"},{"bfs_id":312,"rcp":"RCP8.5","period":"2035","key":"SD","value":57.9,"estimate":"q50"},{"bfs_id":312,"rcp":"RCP8.5","period":"2035","key":"SD","value":64.7,"estimate":"q95"},{"bfs_id":312,"rcp":"RCP8.5","period":"2060","key":"SD","value":67.7,"estimate":"q5"},{"bfs_id":312,"rcp":"RCP8.5","period":"2060","key":"SD","value":73.7,"estimate":"q50"},{"bfs_id":312,"rcp":"RCP8.5","period":"2060","key":"SD","value":88.5,"estimate":"q95"},{"bfs_id":312,"rcp":"RCP8.5","period":"2085","key":"SD","value":83.1,"estimate":"q5"},{"bfs_id":312,"rcp":"RCP8.5","period":"2085","key":"SD","value":96.3,"estimate":"q50"},{"bfs_id":312,"rcp":"RCP8.5","period":"2085","key":"SD","value":115.2,"estimate":"q95"},{"bfs_id":312,"rcp":"RCP2.6","period":"2035","key":"snowdays","value":14.6,"estimate":"q5"},{"bfs_id":312,"rcp":"RCP2.6","period":"2035","key":"snowdays","value":19.2,"estimate":"q50"},{"bfs_id":312,"rcp":"RCP2.6","period":"2035","key":"snowdays","value":22.6,"estimate":"q95"},{"bfs_id":312,"rcp":"RCP2.6","period":"2060","key":"snowdays","value":14,"estimate":"q5"},{"bfs_id":312,"rcp":"RCP2.6","period":"2060","key":"snowdays","value":17.2,"estimate":"q50"},{"bfs_id":312,"rcp":"RCP2.6","period":"2060","key":"snowdays","value":21.4,"estimate":"q95"},{"bfs_id":312,"rcp":"RCP2.6","period":"2085","key":"snowdays","value":13.9,"estimate":"q5"},{"bfs_id":312,"rcp":"RCP2.6","period":"2085","key":"snowdays","value":17.9,"estimate":"q50"},{"bfs_id":312,"rcp":"RCP2.6","period":"2085","key":"snowdays","value":22.1,"estimate":"q95"},{"bfs_id":312,"rcp":"RCP8.5","period":"2035","key":"snowdays","value":12,"estimate":"q5"},{"bfs_id":312,"rcp":"RCP8.5","period":"2035","key":"snowdays","value":17.8,"estimate":"q50"},{"bfs_id":312,"rcp":"RCP8.5","period":"2035","key":"snowdays","value":21.4,"estimate":"q95"},{"bfs_id":312,"rcp":"RCP8.5","period":"2060","key":"snowdays","value":9.3,"estimate":"q5"},{"bfs_id":312,"rcp":"RCP8.5","period":"2060","key":"snowdays","value":14,"estimate":"q50"},{"bfs_id":312,"rcp":"RCP8.5","period":"2060","key":"snowdays","value":16,"estimate":"q95"},{"bfs_id":312,"rcp":"RCP8.5","period":"2085","key":"snowdays","value":4.3,"estimate":"q5"},{"bfs_id":312,"rcp":"RCP8.5","period":"2085","key":"snowdays","value":7.2,"estimate":"q50"},{"bfs_id":312,"rcp":"RCP8.5","period":"2085","key":"snowdays","value":11.7,"estimate":"q95"},{"bfs_id":312,"rcp":"RCP2.6","period":"2035","key":"TN","value":0,"estimate":"q5"},{"bfs_id":312,"rcp":"RCP2.6","period":"2035","key":"TN","value":0.4,"estimate":"q50"},{"bfs_id":312,"rcp":"RCP2.6","period":"2035","key":"TN","value":0.9,"estimate":"q95"},{"bfs_id":312,"rcp":"RCP2.6","period":"2060","key":"TN","value":0.1,"estimate":"q5"},{"bfs_id":312,"rcp":"RCP2.6","period":"2060","key":"TN","value":0.5,"estimate":"q50"},{"bfs_id":312,"rcp":"RCP2.6","period":"2060","key":"TN","value":1.3,"estimate":"q95"},{"bfs_id":312,"rcp":"RCP2.6","period":"2085","key":"TN","value":0.1,"estimate":"q5"},{"bfs_id":312,"rcp":"RCP2.6","period":"2085","key":"TN","value":0.4,"estimate":"q50"},{"bfs_id":312,"rcp":"RCP2.6","period":"2085","key":"TN","value":1,"estimate":"q95"},{"bfs_id":312,"rcp":"RCP8.5","period":"2035","key":"TN","value":0.2,"estimate":"q5"},{"bfs_id":312,"rcp":"RCP8.5","period":"2035","key":"TN","value":0.5,"estimate":"q50"},{"bfs_id":312,"rcp":"RCP8.5","period":"2035","key":"TN","value":1.8,"estimate":"q95"},{"bfs_id":312,"rcp":"RCP8.5","period":"2060","key":"TN","value":1,"estimate":"q5"},{"bfs_id":312,"rcp":"RCP8.5","period":"2060","key":"TN","value":3,"estimate":"q50"},{"bfs_id":312,"rcp":"RCP8.5","period":"2060","key":"TN","value":6,"estimate":"q95"},{"bfs_id":312,"rcp":"RCP8.5","period":"2085","key":"TN","value":5.2,"estimate":"q5"},{"bfs_id":312,"rcp":"RCP8.5","period":"2085","key":"TN","value":9.5,"estimate":"q50"},{"bfs_id":312,"rcp":"RCP8.5","period":"2085","key":"TN","value":24.6,"estimate":"q95"},{"bfs_id":312,"rcp":"RCP2.6","period":"2035","key":"pr","value":2.4,"estimate":"q5","season":"DJF"},{"bfs_id":312,"rcp":"RCP2.6","period":"2035","key":"pr","value":2.5,"estimate":"q5","season":"MAM"},{"bfs_id":312,"rcp":"RCP2.6","period":"2035","key":"pr","value":2.5,"estimate":"q5","season":"JJA"},{"bfs_id":312,"rcp":"RCP2.6","period":"2035","key":"pr","value":2.6,"estimate":"q5","season":"SON"},{"bfs_id":312,"rcp":"RCP2.6","period":"2035","key":"pr","value":2.8,"estimate":"q50","season":"DJF"},{"bfs_id":312,"rcp":"RCP2.6","period":"2035","key":"pr","value":2.9,"estimate":"q50","season":"MAM"},{"bfs_id":312,"rcp":"RCP2.6","period":"2035","key":"pr","value":3,"estimate":"q50","season":"JJA"},{"bfs_id":312,"rcp":"RCP2.6","period":"2035","key":"pr","value":2.8,"estimate":"q50","season":"SON"},{"bfs_id":312,"rcp":"RCP2.6","period":"2035","key":"pr","value":3.3,"estimate":"q95","season":"DJF"},{"bfs_id":312,"rcp":"RCP2.6","period":"2035","key":"pr","value":3.2,"estimate":"q95","season":"MAM"},{"bfs_id":312,"rcp":"RCP2.6","period":"2035","key":"pr","value":3.5,"estimate":"q95","season":"JJA"},{"bfs_id":312,"rcp":"RCP2.6","period":"2035","key":"pr","value":3.3,"estimate":"q95","season":"SON"},{"bfs_id":312,"rcp":"RCP2.6","period":"2060","key":"pr","value":2.4,"estimate":"q5","season":"DJF"},{"bfs_id":312,"rcp":"RCP2.6","period":"2060","key":"pr","value":2.6,"estimate":"q5","season":"MAM"},{"bfs_id":312,"rcp":"RCP2.6","period":"2060","key":"pr","value":2.6,"estimate":"q5","season":"JJA"},{"bfs_id":312,"rcp":"RCP2.6","period":"2060","key":"pr","value":2.7,"estimate":"q5","season":"SON"},{"bfs_id":312,"rcp":"RCP2.6","period":"2060","key":"pr","value":2.8,"estimate":"q50","season":"DJF"},{"bfs_id":312,"rcp":"RCP2.6","period":"2060","key":"pr","value":2.9,"estimate":"q50","season":"MAM"},{"bfs_id":312,"rcp":"RCP2.6","period":"2060","key":"pr","value":3,"estimate":"q50","season":"JJA"},{"bfs_id":312,"rcp":"RCP2.6","period":"2060","key":"pr","value":2.8,"estimate":"q50","season":"SON"},{"bfs_id":312,"rcp":"RCP2.6","period":"2060","key":"pr","value":3.1,"estimate":"q95","season":"DJF"},{"bfs_id":312,"rcp":"RCP2.6","period":"2060","key":"pr","value":3.1,"estimate":"q95","season":"MAM"},{"bfs_id":312,"rcp":"RCP2.6","period":"2060","key":"pr","value":3.6,"estimate":"q95","season":"JJA"},{"bfs_id":312,"rcp":"RCP2.6","period":"2060","key":"pr","value":3.2,"estimate":"q95","season":"SON"},{"bfs_id":312,"rcp":"RCP2.6","period":"2085","key":"pr","value":2.5,"estimate":"q5","season":"DJF"},{"bfs_id":312,"rcp":"RCP2.6","period":"2085","key":"pr","value":2.6,"estimate":"q5","season":"MAM"},{"bfs_id":312,"rcp":"RCP2.6","period":"2085","key":"pr","value":2.6,"estimate":"q5","season":"JJA"},{"bfs_id":312,"rcp":"RCP2.6","period":"2085","key":"pr","value":2.5,"estimate":"q5","season":"SON"},{"bfs_id":312,"rcp":"RCP2.6","period":"2085","key":"pr","value":2.8,"estimate":"q50","season":"DJF"},{"bfs_id":312,"rcp":"RCP2.6","period":"2085","key":"pr","value":2.8,"estimate":"q50","season":"MAM"},{"bfs_id":312,"rcp":"RCP2.6","period":"2085","key":"pr","value":3.1,"estimate":"q50","season":"JJA"},{"bfs_id":312,"rcp":"RCP2.6","period":"2085","key":"pr","value":2.8,"estimate":"q50","season":"SON"},{"bfs_id":312,"rcp":"RCP2.6","period":"2085","key":"pr","value":3.2,"estimate":"q95","season":"DJF"},{"bfs_id":312,"rcp":"RCP2.6","period":"2085","key":"pr","value":3.1,"estimate":"q95","season":"MAM"},{"bfs_id":312,"rcp":"RCP2.6","period":"2085","key":"pr","value":3.6,"estimate":"q95","season":"JJA"},{"bfs_id":312,"rcp":"RCP2.6","period":"2085","key":"pr","value":3.2,"estimate":"q95","season":"SON"},{"bfs_id":312,"rcp":"RCP8.5","period":"2035","key":"pr","value":2.5,"estimate":"q5","season":"DJF"},{"bfs_id":312,"rcp":"RCP8.5","period":"2035","key":"pr","value":2.7,"estimate":"q5","season":"MAM"},{"bfs_id":312,"rcp":"RCP8.5","period":"2035","key":"pr","value":2.3,"estimate":"q5","season":"JJA"},{"bfs_id":312,"rcp":"RCP8.5","period":"2035","key":"pr","value":2.5,"estimate":"q5","season":"SON"},{"bfs_id":312,"rcp":"RCP8.5","period":"2035","key":"pr","value":3,"estimate":"q50","season":"DJF"},{"bfs_id":312,"rcp":"RCP8.5","period":"2035","key":"pr","value":3,"estimate":"q50","season":"MAM"},{"bfs_id":312,"rcp":"RCP8.5","period":"2035","key":"pr","value":3.1,"estimate":"q50","season":"JJA"},{"bfs_id":312,"rcp":"RCP8.5","period":"2035","key":"pr","value":3,"estimate":"q50","season":"SON"},{"bfs_id":312,"rcp":"RCP8.5","period":"2035","key":"pr","value":3.2,"estimate":"q95","season":"DJF"},{"bfs_id":312,"rcp":"RCP8.5","period":"2035","key":"pr","value":3.2,"estimate":"q95","season":"MAM"},{"bfs_id":312,"rcp":"RCP8.5","period":"2035","key":"pr","value":3.5,"estimate":"q95","season":"JJA"},{"bfs_id":312,"rcp":"RCP8.5","period":"2035","key":"pr","value":3.3,"estimate":"q95","season":"SON"},{"bfs_id":312,"rcp":"RCP8.5","period":"2060","key":"pr","value":2.7,"estimate":"q5","season":"DJF"},{"bfs_id":312,"rcp":"RCP8.5","period":"2060","key":"pr","value":2.9,"estimate":"q5","season":"MAM"},{"bfs_id":312,"rcp":"RCP8.5","period":"2060","key":"pr","value":2.1,"estimate":"q5","season":"JJA"},{"bfs_id":312,"rcp":"RCP8.5","period":"2060","key":"pr","value":2.5,"estimate":"q5","season":"SON"},{"bfs_id":312,"rcp":"RCP8.5","period":"2060","key":"pr","value":3,"estimate":"q50","season":"DJF"},{"bfs_id":312,"rcp":"RCP8.5","period":"2060","key":"pr","value":3.1,"estimate":"q50","season":"MAM"},{"bfs_id":312,"rcp":"RCP8.5","period":"2060","key":"pr","value":3,"estimate":"q50","season":"JJA"},{"bfs_id":312,"rcp":"RCP8.5","period":"2060","key":"pr","value":3,"estimate":"q50","season":"SON"},{"bfs_id":312,"rcp":"RCP8.5","period":"2060","key":"pr","value":3.3,"estimate":"q95","season":"DJF"},{"bfs_id":312,"rcp":"RCP8.5","period":"2060","key":"pr","value":3.4,"estimate":"q95","season":"MAM"},{"bfs_id":312,"rcp":"RCP8.5","period":"2060","key":"pr","value":3.3,"estimate":"q95","season":"JJA"},{"bfs_id":312,"rcp":"RCP8.5","period":"2060","key":"pr","value":3.3,"estimate":"q95","season":"SON"},{"bfs_id":312,"rcp":"RCP8.5","period":"2085","key":"pr","value":2.9,"estimate":"q5","season":"DJF"},{"bfs_id":312,"rcp":"RCP8.5","period":"2085","key":"pr","value":2.9,"estimate":"q5","season":"MAM"},{"bfs_id":312,"rcp":"RCP8.5","period":"2085","key":"pr","value":1.6,"estimate":"q5","season":"JJA"},{"bfs_id":312,"rcp":"RCP8.5","period":"2085","key":"pr","value":2.4,"estimate":"q5","season":"SON"},{"bfs_id":312,"rcp":"RCP8.5","period":"2085","key":"pr","value":3.3,"estimate":"q50","season":"DJF"},{"bfs_id":312,"rcp":"RCP8.5","period":"2085","key":"pr","value":3.2,"estimate":"q50","season":"MAM"},{"bfs_id":312,"rcp":"RCP8.5","period":"2085","key":"pr","value":2.5,"estimate":"q50","season":"JJA"},{"bfs_id":312,"rcp":"RCP8.5","period":"2085","key":"pr","value":3,"estimate":"q50","season":"SON"},{"bfs_id":312,"rcp":"RCP8.5","period":"2085","key":"pr","value":3.7,"estimate":"q95","season":"DJF"},{"bfs_id":312,"rcp":"RCP8.5","period":"2085","key":"pr","value":3.6,"estimate":"q95","season":"MAM"},{"bfs_id":312,"rcp":"RCP8.5","period":"2085","key":"pr","value":3.2,"estimate":"q95","season":"JJA"},{"bfs_id":312,"rcp":"RCP8.5","period":"2085","key":"pr","value":3.4,"estimate":"q95","season":"SON"},{"bfs_id":312,"rcp":"RCP2.6","period":"2035","key":"tas","value":1.2,"estimate":"q5","season":"DJF"},{"bfs_id":312,"rcp":"RCP2.6","period":"2035","key":"tas","value":8.7,"estimate":"q5","season":"MAM"},{"bfs_id":312,"rcp":"RCP2.6","period":"2035","key":"tas","value":18,"estimate":"q5","season":"JJA"},{"bfs_id":312,"rcp":"RCP2.6","period":"2035","key":"tas","value":9.8,"estimate":"q5","season":"SON"},{"bfs_id":312,"rcp":"RCP2.6","period":"2035","key":"tas","value":1.6,"estimate":"q50","season":"DJF"},{"bfs_id":312,"rcp":"RCP2.6","period":"2035","key":"tas","value":9.2,"estimate":"q50","season":"MAM"},{"bfs_id":312,"rcp":"RCP2.6","period":"2035","key":"tas","value":18.5,"estimate":"q50","season":"JJA"},{"bfs_id":312,"rcp":"RCP2.6","period":"2035","key":"tas","value":10.1,"estimate":"q50","season":"SON"},{"bfs_id":312,"rcp":"RCP2.6","period":"2035","key":"tas","value":2.4,"estimate":"q95","season":"DJF"},{"bfs_id":312,"rcp":"RCP2.6","period":"2035","key":"tas","value":9.6,"estimate":"q95","season":"MAM"},{"bfs_id":312,"rcp":"RCP2.6","period":"2035","key":"tas","value":19.2,"estimate":"q95","season":"JJA"},{"bfs_id":312,"rcp":"RCP2.6","period":"2035","key":"tas","value":10.9,"estimate":"q95","season":"SON"},{"bfs_id":312,"rcp":"RCP2.6","period":"2060","key":"tas","value":1.1,"estimate":"q5","season":"DJF"},{"bfs_id":312,"rcp":"RCP2.6","period":"2060","key":"tas","value":8.6,"estimate":"q5","season":"MAM"},{"bfs_id":312,"rcp":"RCP2.6","period":"2060","key":"tas","value":18.2,"estimate":"q5","season":"JJA"},{"bfs_id":312,"rcp":"RCP2.6","period":"2060","key":"tas","value":10,"estimate":"q5","season":"SON"},{"bfs_id":312,"rcp":"RCP2.6","period":"2060","key":"tas","value":1.9,"estimate":"q50","season":"DJF"},{"bfs_id":312,"rcp":"RCP2.6","period":"2060","key":"tas","value":9.2,"estimate":"q50","season":"MAM"},{"bfs_id":312,"rcp":"RCP2.6","period":"2060","key":"tas","value":18.7,"estimate":"q50","season":"JJA"},{"bfs_id":312,"rcp":"RCP2.6","period":"2060","key":"tas","value":10.4,"estimate":"q50","season":"SON"},{"bfs_id":312,"rcp":"RCP2.6","period":"2060","key":"tas","value":2.5,"estimate":"q95","season":"DJF"},{"bfs_id":312,"rcp":"RCP2.6","period":"2060","key":"tas","value":9.8,"estimate":"q95","season":"MAM"},{"bfs_id":312,"rcp":"RCP2.6","period":"2060","key":"tas","value":19.3,"estimate":"q95","season":"JJA"},{"bfs_id":312,"rcp":"RCP2.6","period":"2060","key":"tas","value":11.4,"estimate":"q95","season":"SON"},{"bfs_id":312,"rcp":"RCP2.6","period":"2085","key":"tas","value":1.2,"estimate":"q5","season":"DJF"},{"bfs_id":312,"rcp":"RCP2.6","period":"2085","key":"tas","value":8.6,"estimate":"q5","season":"MAM"},{"bfs_id":312,"rcp":"RCP2.6","period":"2085","key":"tas","value":18.2,"estimate":"q5","season":"JJA"},{"bfs_id":312,"rcp":"RCP2.6","period":"2085","key":"tas","value":9.8,"estimate":"q5","season":"SON"},{"bfs_id":312,"rcp":"RCP2.6","period":"2085","key":"tas","value":1.9,"estimate":"q50","season":"DJF"},{"bfs_id":312,"rcp":"RCP2.6","period":"2085","key":"tas","value":9.3,"estimate":"q50","season":"MAM"},{"bfs_id":312,"rcp":"RCP2.6","period":"2085","key":"tas","value":18.6,"estimate":"q50","season":"JJA"},{"bfs_id":312,"rcp":"RCP2.6","period":"2085","key":"tas","value":10.4,"estimate":"q50","season":"SON"},{"bfs_id":312,"rcp":"RCP2.6","period":"2085","key":"tas","value":2.6,"estimate":"q95","season":"DJF"},{"bfs_id":312,"rcp":"RCP2.6","period":"2085","key":"tas","value":9.8,"estimate":"q95","season":"MAM"},{"bfs_id":312,"rcp":"RCP2.6","period":"2085","key":"tas","value":19.2,"estimate":"q95","season":"JJA"},{"bfs_id":312,"rcp":"RCP2.6","period":"2085","key":"tas","value":11.3,"estimate":"q95","season":"SON"},{"bfs_id":312,"rcp":"RCP8.5","period":"2035","key":"tas","value":1.1,"estimate":"q5","season":"DJF"},{"bfs_id":312,"rcp":"RCP8.5","period":"2035","key":"tas","value":8.9,"estimate":"q5","season":"MAM"},{"bfs_id":312,"rcp":"RCP8.5","period":"2035","key":"tas","value":18.4,"estimate":"q5","season":"JJA"},{"bfs_id":312,"rcp":"RCP8.5","period":"2035","key":"tas","value":10.1,"estimate":"q5","season":"SON"},{"bfs_id":312,"rcp":"RCP8.5","period":"2035","key":"tas","value":2,"estimate":"q50","season":"DJF"},{"bfs_id":312,"rcp":"RCP8.5","period":"2035","key":"tas","value":9.2,"estimate":"q50","season":"MAM"},{"bfs_id":312,"rcp":"RCP8.5","period":"2035","key":"tas","value":18.8,"estimate":"q50","season":"JJA"},{"bfs_id":312,"rcp":"RCP8.5","period":"2035","key":"tas","value":10.5,"estimate":"q50","season":"SON"},{"bfs_id":312,"rcp":"RCP8.5","period":"2035","key":"tas","value":2.4,"estimate":"q95","season":"DJF"},{"bfs_id":312,"rcp":"RCP8.5","period":"2035","key":"tas","value":9.7,"estimate":"q95","season":"MAM"},{"bfs_id":312,"rcp":"RCP8.5","period":"2035","key":"tas","value":19.4,"estimate":"q95","season":"JJA"},{"bfs_id":312,"rcp":"RCP8.5","period":"2035","key":"tas","value":11.4,"estimate":"q95","season":"SON"},{"bfs_id":312,"rcp":"RCP8.5","period":"2060","key":"tas","value":2.3,"estimate":"q5","season":"DJF"},{"bfs_id":312,"rcp":"RCP8.5","period":"2060","key":"tas","value":9.7,"estimate":"q5","season":"MAM"},{"bfs_id":312,"rcp":"RCP8.5","period":"2060","key":"tas","value":19.5,"estimate":"q5","season":"JJA"},{"bfs_id":312,"rcp":"RCP8.5","period":"2060","key":"tas","value":11.1,"estimate":"q5","season":"SON"},{"bfs_id":312,"rcp":"RCP8.5","period":"2060","key":"tas","value":2.8,"estimate":"q50","season":"DJF"},{"bfs_id":312,"rcp":"RCP8.5","period":"2060","key":"tas","value":10.2,"estimate":"q50","season":"MAM"},{"bfs_id":312,"rcp":"RCP8.5","period":"2060","key":"tas","value":20,"estimate":"q50","season":"JJA"},{"bfs_id":312,"rcp":"RCP8.5","period":"2060","key":"tas","value":11.7,"estimate":"q50","season":"SON"},{"bfs_id":312,"rcp":"RCP8.5","period":"2060","key":"tas","value":3.4,"estimate":"q95","season":"DJF"},{"bfs_id":312,"rcp":"RCP8.5","period":"2060","key":"tas","value":10.8,"estimate":"q95","season":"MAM"},{"bfs_id":312,"rcp":"RCP8.5","period":"2060","key":"tas","value":21,"estimate":"q95","season":"JJA"},{"bfs_id":312,"rcp":"RCP8.5","period":"2060","key":"tas","value":12.6,"estimate":"q95","season":"SON"},{"bfs_id":312,"rcp":"RCP8.5","period":"2085","key":"tas","value":3.5,"estimate":"q5","season":"DJF"},{"bfs_id":312,"rcp":"RCP8.5","period":"2085","key":"tas","value":10.7,"estimate":"q5","season":"MAM"},{"bfs_id":312,"rcp":"RCP8.5","period":"2085","key":"tas","value":20.9,"estimate":"q5","season":"JJA"},{"bfs_id":312,"rcp":"RCP8.5","period":"2085","key":"tas","value":12.2,"estimate":"q5","season":"SON"},{"bfs_id":312,"rcp":"RCP8.5","period":"2085","key":"tas","value":4.5,"estimate":"q50","season":"DJF"},{"bfs_id":312,"rcp":"RCP8.5","period":"2085","key":"tas","value":11.6,"estimate":"q50","season":"MAM"},{"bfs_id":312,"rcp":"RCP8.5","period":"2085","key":"tas","value":21.7,"estimate":"q50","season":"JJA"},{"bfs_id":312,"rcp":"RCP8.5","period":"2085","key":"tas","value":13.2,"estimate":"q50","season":"SON"},{"bfs_id":312,"rcp":"RCP8.5","period":"2085","key":"tas","value":5.3,"estimate":"q95","season":"DJF"},{"bfs_id":312,"rcp":"RCP8.5","period":"2085","key":"tas","value":12.6,"estimate":"q95","season":"MAM"},{"bfs_id":312,"rcp":"RCP8.5","period":"2085","key":"tas","value":24,"estimate":"q95","season":"JJA"},{"bfs_id":312,"rcp":"RCP8.5","period":"2085","key":"tas","value":14.8,"estimate":"q95","season":"SON"},{"bfs_id":312,"rcp":"obs","period":"1981-2010","key":"FD","value":94.4,"estimate":"yearly_mean"},{"bfs_id":312,"rcp":"obs","period":"1981-2010","key":"HD","value":6.5,"estimate":"yearly_mean"},{"bfs_id":312,"rcp":"obs","period":"1981-2010","key":"ID","value":21.4,"estimate":"yearly_mean"},{"bfs_id":312,"rcp":"obs","period":"1981-2010","key":"SD","value":42.5,"estimate":"yearly_mean"},{"bfs_id":312,"rcp":"obs","period":"1981-2010","key":"snowdays","value":20.3,"estimate":"yearly_mean"},{"bfs_id":312,"rcp":"obs","period":"1981-2010","key":"TN","value":0,"estimate":"yearly_mean"},{"bfs_id":312,"rcp":"obs","period":"1981-2010","key":"pr","value":2.5,"estimate":"mean","season":"DJF"},{"bfs_id":312,"rcp":"obs","period":"1981-2010","key":"pr","value":2.8,"estimate":"mean","season":"MAM"},{"bfs_id":312,"rcp":"obs","period":"1981-2010","key":"pr","value":3.4,"estimate":"mean","season":"JJA"},{"bfs_id":312,"rcp":"obs","period":"1981-2010","key":"pr","value":2.9,"estimate":"mean","season":"SON"},{"bfs_id":312,"rcp":"obs","period":"1981-2010","key":"tas","value":0.4,"estimate":"mean","season":"DJF"},{"bfs_id":312,"rcp":"obs","period":"1981-2010","key":"tas","value":8.6,"estimate":"mean","season":"MAM"},{"bfs_id":312,"rcp":"obs","period":"1981-2010","key":"tas","value":17.5,"estimate":"mean","season":"JJA"},{"bfs_id":312,"rcp":"obs","period":"1981-2010","key":"tas","value":9.1,"estimate":"mean","season":"SON"}]
