[{"bfs_id":72,"rcp":"RCP2.6","period":"2035","key":"FD","value":73.2,"estimate":"q5"},{"bfs_id":72,"rcp":"RCP2.6","period":"2035","key":"FD","value":84.1,"estimate":"q50"},{"bfs_id":72,"rcp":"RCP2.6","period":"2035","key":"FD","value":89.1,"estimate":"q95"},{"bfs_id":72,"rcp":"RCP2.6","period":"2060","key":"FD","value":70.7,"estimate":"q5"},{"bfs_id":72,"rcp":"RCP2.6","period":"2060","key":"FD","value":81.5,"estimate":"q50"},{"bfs_id":72,"rcp":"RCP2.6","period":"2060","key":"FD","value":86.3,"estimate":"q95"},{"bfs_id":72,"rcp":"RCP2.6","period":"2085","key":"FD","value":71.4,"estimate":"q5"},{"bfs_id":72,"rcp":"RCP2.6","period":"2085","key":"FD","value":81.2,"estimate":"q50"},{"bfs_id":72,"rcp":"RCP2.6","period":"2085","key":"FD","value":88.7,"estimate":"q95"},{"bfs_id":72,"rcp":"RCP8.5","period":"2035","key":"FD","value":68.8,"estimate":"q5"},{"bfs_id":72,"rcp":"RCP8.5","period":"2035","key":"FD","value":79,"estimate":"q50"},{"bfs_id":72,"rcp":"RCP8.5","period":"2035","key":"FD","value":86.7,"estimate":"q95"},{"bfs_id":72,"rcp":"RCP8.5","period":"2060","key":"FD","value":57.6,"estimate":"q5"},{"bfs_id":72,"rcp":"RCP8.5","period":"2060","key":"FD","value":63.8,"estimate":"q50"},{"bfs_id":72,"rcp":"RCP8.5","period":"2060","key":"FD","value":72.2,"estimate":"q95"},{"bfs_id":72,"rcp":"RCP8.5","period":"2085","key":"FD","value":36.3,"estimate":"q5"},{"bfs_id":72,"rcp":"RCP8.5","period":"2085","key":"FD","value":42.6,"estimate":"q50"},{"bfs_id":72,"rcp":"RCP8.5","period":"2085","key":"FD","value":54.8,"estimate":"q95"},{"bfs_id":72,"rcp":"RCP2.6","period":"2035","key":"HD","value":8.3,"estimate":"q5"},{"bfs_id":72,"rcp":"RCP2.6","period":"2035","key":"HD","value":11.2,"estimate":"q50"},{"bfs_id":72,"rcp":"RCP2.6","period":"2035","key":"HD","value":16.1,"estimate":"q95"},{"bfs_id":72,"rcp":"RCP2.6","period":"2060","key":"HD","value":8.7,"estimate":"q5"},{"bfs_id":72,"rcp":"RCP2.6","period":"2060","key":"HD","value":11.6,"estimate":"q50"},{"bfs_id":72,"rcp":"RCP2.6","period":"2060","key":"HD","value":18.4,"estimate":"q95"},{"bfs_id":72,"rcp":"RCP2.6","period":"2085","key":"HD","value":9.2,"estimate":"q5"},{"bfs_id":72,"rcp":"RCP2.6","period":"2085","key":"HD","value":11.1,"estimate":"q50"},{"bfs_id":72,"rcp":"RCP2.6","period":"2085","key":"HD","value":17.8,"estimate":"q95"},{"bfs_id":72,"rcp":"RCP8.5","period":"2035","key":"HD","value":9.3,"estimate":"q5"},{"bfs_id":72,"rcp":"RCP8.5","period":"2035","key":"HD","value":11.8,"estimate":"q50"},{"bfs_id":72,"rcp":"RCP8.5","period":"2035","key":"HD","value":18.5,"estimate":"q95"},{"bfs_id":72,"rcp":"RCP8.5","period":"2060","key":"HD","value":14.8,"estimate":"q5"},{"bfs_id":72,"rcp":"RCP8.5","period":"2060","key":"HD","value":21.4,"estimate":"q50"},{"bfs_id":72,"rcp":"RCP8.5","period":"2060","key":"HD","value":32.6,"estimate":"q95"},{"bfs_id":72,"rcp":"RCP8.5","period":"2085","key":"HD","value":28.2,"estimate":"q5"},{"bfs_id":72,"rcp":"RCP8.5","period":"2085","key":"HD","value":32.1,"estimate":"q50"},{"bfs_id":72,"rcp":"RCP8.5","period":"2085","key":"HD","value":59.1,"estimate":"q95"},{"bfs_id":72,"rcp":"RCP2.6","period":"2035","key":"ID","value":12.3,"estimate":"q5"},{"bfs_id":72,"rcp":"RCP2.6","period":"2035","key":"ID","value":17.9,"estimate":"q50"},{"bfs_id":72,"rcp":"RCP2.6","period":"2035","key":"ID","value":21.5,"estimate":"q95"},{"bfs_id":72,"rcp":"RCP2.6","period":"2060","key":"ID","value":13,"estimate":"q5"},{"bfs_id":72,"rcp":"RCP2.6","period":"2060","key":"ID","value":17.4,"estimate":"q50"},{"bfs_id":72,"rcp":"RCP2.6","period":"2060","key":"ID","value":21.1,"estimate":"q95"},{"bfs_id":72,"rcp":"RCP2.6","period":"2085","key":"ID","value":12.8,"estimate":"q5"},{"bfs_id":72,"rcp":"RCP2.6","period":"2085","key":"ID","value":17,"estimate":"q50"},{"bfs_id":72,"rcp":"RCP2.6","period":"2085","key":"ID","value":20,"estimate":"q95"},{"bfs_id":72,"rcp":"RCP8.5","period":"2035","key":"ID","value":13.5,"estimate":"q5"},{"bfs_id":72,"rcp":"RCP8.5","period":"2035","key":"ID","value":16.4,"estimate":"q50"},{"bfs_id":72,"rcp":"RCP8.5","period":"2035","key":"ID","value":20.9,"estimate":"q95"},{"bfs_id":72,"rcp":"RCP8.5","period":"2060","key":"ID","value":8.3,"estimate":"q5"},{"bfs_id":72,"rcp":"RCP8.5","period":"2060","key":"ID","value":12.3,"estimate":"q50"},{"bfs_id":72,"rcp":"RCP8.5","period":"2060","key":"ID","value":14.9,"estimate":"q95"},{"bfs_id":72,"rcp":"RCP8.5","period":"2085","key":"ID","value":2.5,"estimate":"q5"},{"bfs_id":72,"rcp":"RCP8.5","period":"2085","key":"ID","value":6.1,"estimate":"q50"},{"bfs_id":72,"rcp":"RCP8.5","period":"2085","key":"ID","value":8.6,"estimate":"q95"},{"bfs_id":72,"rcp":"RCP2.6","period":"2035","key":"SD","value":45.9,"estimate":"q5"},{"bfs_id":72,"rcp":"RCP2.6","period":"2035","key":"SD","value":50.7,"estimate":"q50"},{"bfs_id":72,"rcp":"RCP2.6","period":"2035","key":"SD","value":58.8,"estimate":"q95"},{"bfs_id":72,"rcp":"RCP2.6","period":"2060","key":"SD","value":46.3,"estimate":"q5"},{"bfs_id":72,"rcp":"RCP2.6","period":"2060","key":"SD","value":51.7,"estimate":"q50"},{"bfs_id":72,"rcp":"RCP2.6","period":"2060","key":"SD","value":58.6,"estimate":"q95"},{"bfs_id":72,"rcp":"RCP2.6","period":"2085","key":"SD","value":45.2,"estimate":"q5"},{"bfs_id":72,"rcp":"RCP2.6","period":"2085","key":"SD","value":53.6,"estimate":"q50"},{"bfs_id":72,"rcp":"RCP2.6","period":"2085","key":"SD","value":59.5,"estimate":"q95"},{"bfs_id":72,"rcp":"RCP8.5","period":"2035","key":"SD","value":47.8,"estimate":"q5"},{"bfs_id":72,"rcp":"RCP8.5","period":"2035","key":"SD","value":53.3,"estimate":"q50"},{"bfs_id":72,"rcp":"RCP8.5","period":"2035","key":"SD","value":59.5,"estimate":"q95"},{"bfs_id":72,"rcp":"RCP8.5","period":"2060","key":"SD","value":62.7,"estimate":"q5"},{"bfs_id":72,"rcp":"RCP8.5","period":"2060","key":"SD","value":68.1,"estimate":"q50"},{"bfs_id":72,"rcp":"RCP8.5","period":"2060","key":"SD","value":83.9,"estimate":"q95"},{"bfs_id":72,"rcp":"RCP8.5","period":"2085","key":"SD","value":77.8,"estimate":"q5"},{"bfs_id":72,"rcp":"RCP8.5","period":"2085","key":"SD","value":90.5,"estimate":"q50"},{"bfs_id":72,"rcp":"RCP8.5","period":"2085","key":"SD","value":108.9,"estimate":"q95"},{"bfs_id":72,"rcp":"RCP2.6","period":"2035","key":"snowdays","value":13.3,"estimate":"q5"},{"bfs_id":72,"rcp":"RCP2.6","period":"2035","key":"snowdays","value":18.4,"estimate":"q50"},{"bfs_id":72,"rcp":"RCP2.6","period":"2035","key":"snowdays","value":20.3,"estimate":"q95"},{"bfs_id":72,"rcp":"RCP2.6","period":"2060","key":"snowdays","value":12.5,"estimate":"q5"},{"bfs_id":72,"rcp":"RCP2.6","period":"2060","key":"snowdays","value":17.8,"estimate":"q50"},{"bfs_id":72,"rcp":"RCP2.6","period":"2060","key":"snowdays","value":19.9,"estimate":"q95"},{"bfs_id":72,"rcp":"RCP2.6","period":"2085","key":"snowdays","value":12.5,"estimate":"q5"},{"bfs_id":72,"rcp":"RCP2.6","period":"2085","key":"snowdays","value":17.5,"estimate":"q50"},{"bfs_id":72,"rcp":"RCP2.6","period":"2085","key":"snowdays","value":20.5,"estimate":"q95"},{"bfs_id":72,"rcp":"RCP8.5","period":"2035","key":"snowdays","value":12,"estimate":"q5"},{"bfs_id":72,"rcp":"RCP8.5","period":"2035","key":"snowdays","value":17,"estimate":"q50"},{"bfs_id":72,"rcp":"RCP8.5","period":"2035","key":"snowdays","value":19.9,"estimate":"q95"},{"bfs_id":72,"rcp":"RCP8.5","period":"2060","key":"snowdays","value":8.3,"estimate":"q5"},{"bfs_id":72,"rcp":"RCP8.5","period":"2060","key":"snowdays","value":13.7,"estimate":"q50"},{"bfs_id":72,"rcp":"RCP8.5","period":"2060","key":"snowdays","value":15.4,"estimate":"q95"},{"bfs_id":72,"rcp":"RCP8.5","period":"2085","key":"snowdays","value":3.5,"estimate":"q5"},{"bfs_id":72,"rcp":"RCP8.5","period":"2085","key":"snowdays","value":7.8,"estimate":"q50"},{"bfs_id":72,"rcp":"RCP8.5","period":"2085","key":"snowdays","value":10.6,"estimate":"q95"},{"bfs_id":72,"rcp":"RCP2.6","period":"2035","key":"TN","value":0,"estimate":"q5"},{"bfs_id":72,"rcp":"RCP2.6","period":"2035","key":"TN","value":0.3,"estimate":"q50"},{"bfs_id":72,"rcp":"RCP2.6","period":"2035","key":"TN","value":0.6,"estimate":"q95"},{"bfs_id":72,"rcp":"RCP2.6","period":"2060","key":"TN","value":0,"estimate":"q5"},{"bfs_id":72,"rcp":"RCP2.6","period":"2060","key":"TN","value":0.3,"estimate":"q50"},{"bfs_id":72,"rcp":"RCP2.6","period":"2060","key":"TN","value":0.9,"estimate":"q95"},{"bfs_id":72,"rcp":"RCP2.6","period":"2085","key":"TN","value":0.1,"estimate":"q5"},{"bfs_id":72,"rcp":"RCP2.6","period":"2085","key":"TN","value":0.3,"estimate":"q50"},{"bfs_id":72,"rcp":"RCP2.6","period":"2085","key":"TN","value":0.9,"estimate":"q95"},{"bfs_id":72,"rcp":"RCP8.5","period":"2035","key":"TN","value":0.1,"estimate":"q5"},{"bfs_id":72,"rcp":"RCP8.5","period":"2035","key":"TN","value":0.3,"estimate":"q50"},{"bfs_id":72,"rcp":"RCP8.5","period":"2035","key":"TN","value":1.8,"estimate":"q95"},{"bfs_id":72,"rcp":"RCP8.5","period":"2060","key":"TN","value":0.8,"estimate":"q5"},{"bfs_id":72,"rcp":"RCP8.5","period":"2060","key":"TN","value":2.4,"estimate":"q50"},{"bfs_id":72,"rcp":"RCP8.5","period":"2060","key":"TN","value":5.2,"estimate":"q95"},{"bfs_id":72,"rcp":"RCP8.5","period":"2085","key":"TN","value":4.2,"estimate":"q5"},{"bfs_id":72,"rcp":"RCP8.5","period":"2085","key":"TN","value":7.8,"estimate":"q50"},{"bfs_id":72,"rcp":"RCP8.5","period":"2085","key":"TN","value":21.6,"estimate":"q95"},{"bfs_id":72,"rcp":"RCP2.6","period":"2035","key":"pr","value":2.5,"estimate":"q5","season":"DJF"},{"bfs_id":72,"rcp":"RCP2.6","period":"2035","key":"pr","value":2.9,"estimate":"q5","season":"MAM"},{"bfs_id":72,"rcp":"RCP2.6","period":"2035","key":"pr","value":3.3,"estimate":"q5","season":"JJA"},{"bfs_id":72,"rcp":"RCP2.6","period":"2035","key":"pr","value":2.6,"estimate":"q5","season":"SON"},{"bfs_id":72,"rcp":"RCP2.6","period":"2035","key":"pr","value":2.8,"estimate":"q50","season":"DJF"},{"bfs_id":72,"rcp":"RCP2.6","period":"2035","key":"pr","value":3.3,"estimate":"q50","season":"MAM"},{"bfs_id":72,"rcp":"RCP2.6","period":"2035","key":"pr","value":3.7,"estimate":"q50","season":"JJA"},{"bfs_id":72,"rcp":"RCP2.6","period":"2035","key":"pr","value":2.9,"estimate":"q50","season":"SON"},{"bfs_id":72,"rcp":"RCP2.6","period":"2035","key":"pr","value":3.4,"estimate":"q95","season":"DJF"},{"bfs_id":72,"rcp":"RCP2.6","period":"2035","key":"pr","value":3.5,"estimate":"q95","season":"MAM"},{"bfs_id":72,"rcp":"RCP2.6","period":"2035","key":"pr","value":4.2,"estimate":"q95","season":"JJA"},{"bfs_id":72,"rcp":"RCP2.6","period":"2035","key":"pr","value":3.6,"estimate":"q95","season":"SON"},{"bfs_id":72,"rcp":"RCP2.6","period":"2060","key":"pr","value":2.4,"estimate":"q5","season":"DJF"},{"bfs_id":72,"rcp":"RCP2.6","period":"2060","key":"pr","value":2.9,"estimate":"q5","season":"MAM"},{"bfs_id":72,"rcp":"RCP2.6","period":"2060","key":"pr","value":3.1,"estimate":"q5","season":"JJA"},{"bfs_id":72,"rcp":"RCP2.6","period":"2060","key":"pr","value":2.7,"estimate":"q5","season":"SON"},{"bfs_id":72,"rcp":"RCP2.6","period":"2060","key":"pr","value":2.8,"estimate":"q50","season":"DJF"},{"bfs_id":72,"rcp":"RCP2.6","period":"2060","key":"pr","value":3.2,"estimate":"q50","season":"MAM"},{"bfs_id":72,"rcp":"RCP2.6","period":"2060","key":"pr","value":3.7,"estimate":"q50","season":"JJA"},{"bfs_id":72,"rcp":"RCP2.6","period":"2060","key":"pr","value":3,"estimate":"q50","season":"SON"},{"bfs_id":72,"rcp":"RCP2.6","period":"2060","key":"pr","value":3.1,"estimate":"q95","season":"DJF"},{"bfs_id":72,"rcp":"RCP2.6","period":"2060","key":"pr","value":3.5,"estimate":"q95","season":"MAM"},{"bfs_id":72,"rcp":"RCP2.6","period":"2060","key":"pr","value":4.2,"estimate":"q95","season":"JJA"},{"bfs_id":72,"rcp":"RCP2.6","period":"2060","key":"pr","value":3.5,"estimate":"q95","season":"SON"},{"bfs_id":72,"rcp":"RCP2.6","period":"2085","key":"pr","value":2.5,"estimate":"q5","season":"DJF"},{"bfs_id":72,"rcp":"RCP2.6","period":"2085","key":"pr","value":2.9,"estimate":"q5","season":"MAM"},{"bfs_id":72,"rcp":"RCP2.6","period":"2085","key":"pr","value":3.1,"estimate":"q5","season":"JJA"},{"bfs_id":72,"rcp":"RCP2.6","period":"2085","key":"pr","value":2.6,"estimate":"q5","season":"SON"},{"bfs_id":72,"rcp":"RCP2.6","period":"2085","key":"pr","value":2.8,"estimate":"q50","season":"DJF"},{"bfs_id":72,"rcp":"RCP2.6","period":"2085","key":"pr","value":3.2,"estimate":"q50","season":"MAM"},{"bfs_id":72,"rcp":"RCP2.6","period":"2085","key":"pr","value":3.8,"estimate":"q50","season":"JJA"},{"bfs_id":72,"rcp":"RCP2.6","period":"2085","key":"pr","value":3,"estimate":"q50","season":"SON"},{"bfs_id":72,"rcp":"RCP2.6","period":"2085","key":"pr","value":3.2,"estimate":"q95","season":"DJF"},{"bfs_id":72,"rcp":"RCP2.6","period":"2085","key":"pr","value":3.5,"estimate":"q95","season":"MAM"},{"bfs_id":72,"rcp":"RCP2.6","period":"2085","key":"pr","value":4.2,"estimate":"q95","season":"JJA"},{"bfs_id":72,"rcp":"RCP2.6","period":"2085","key":"pr","value":3.5,"estimate":"q95","season":"SON"},{"bfs_id":72,"rcp":"RCP8.5","period":"2035","key":"pr","value":2.5,"estimate":"q5","season":"DJF"},{"bfs_id":72,"rcp":"RCP8.5","period":"2035","key":"pr","value":3,"estimate":"q5","season":"MAM"},{"bfs_id":72,"rcp":"RCP8.5","period":"2035","key":"pr","value":3,"estimate":"q5","season":"JJA"},{"bfs_id":72,"rcp":"RCP8.5","period":"2035","key":"pr","value":2.8,"estimate":"q5","season":"SON"},{"bfs_id":72,"rcp":"RCP8.5","period":"2035","key":"pr","value":2.9,"estimate":"q50","season":"DJF"},{"bfs_id":72,"rcp":"RCP8.5","period":"2035","key":"pr","value":3.3,"estimate":"q50","season":"MAM"},{"bfs_id":72,"rcp":"RCP8.5","period":"2035","key":"pr","value":3.9,"estimate":"q50","season":"JJA"},{"bfs_id":72,"rcp":"RCP8.5","period":"2035","key":"pr","value":3.1,"estimate":"q50","season":"SON"},{"bfs_id":72,"rcp":"RCP8.5","period":"2035","key":"pr","value":3.2,"estimate":"q95","season":"DJF"},{"bfs_id":72,"rcp":"RCP8.5","period":"2035","key":"pr","value":3.6,"estimate":"q95","season":"MAM"},{"bfs_id":72,"rcp":"RCP8.5","period":"2035","key":"pr","value":4.3,"estimate":"q95","season":"JJA"},{"bfs_id":72,"rcp":"RCP8.5","period":"2035","key":"pr","value":3.5,"estimate":"q95","season":"SON"},{"bfs_id":72,"rcp":"RCP8.5","period":"2060","key":"pr","value":2.6,"estimate":"q5","season":"DJF"},{"bfs_id":72,"rcp":"RCP8.5","period":"2060","key":"pr","value":3.2,"estimate":"q5","season":"MAM"},{"bfs_id":72,"rcp":"RCP8.5","period":"2060","key":"pr","value":2.7,"estimate":"q5","season":"JJA"},{"bfs_id":72,"rcp":"RCP8.5","period":"2060","key":"pr","value":2.7,"estimate":"q5","season":"SON"},{"bfs_id":72,"rcp":"RCP8.5","period":"2060","key":"pr","value":3,"estimate":"q50","season":"DJF"},{"bfs_id":72,"rcp":"RCP8.5","period":"2060","key":"pr","value":3.5,"estimate":"q50","season":"MAM"},{"bfs_id":72,"rcp":"RCP8.5","period":"2060","key":"pr","value":3.7,"estimate":"q50","season":"JJA"},{"bfs_id":72,"rcp":"RCP8.5","period":"2060","key":"pr","value":3.1,"estimate":"q50","season":"SON"},{"bfs_id":72,"rcp":"RCP8.5","period":"2060","key":"pr","value":3.5,"estimate":"q95","season":"DJF"},{"bfs_id":72,"rcp":"RCP8.5","period":"2060","key":"pr","value":3.8,"estimate":"q95","season":"MAM"},{"bfs_id":72,"rcp":"RCP8.5","period":"2060","key":"pr","value":4.2,"estimate":"q95","season":"JJA"},{"bfs_id":72,"rcp":"RCP8.5","period":"2060","key":"pr","value":3.5,"estimate":"q95","season":"SON"},{"bfs_id":72,"rcp":"RCP8.5","period":"2085","key":"pr","value":2.9,"estimate":"q5","season":"DJF"},{"bfs_id":72,"rcp":"RCP8.5","period":"2085","key":"pr","value":3.2,"estimate":"q5","season":"MAM"},{"bfs_id":72,"rcp":"RCP8.5","period":"2085","key":"pr","value":2.1,"estimate":"q5","season":"JJA"},{"bfs_id":72,"rcp":"RCP8.5","period":"2085","key":"pr","value":2.5,"estimate":"q5","season":"SON"},{"bfs_id":72,"rcp":"RCP8.5","period":"2085","key":"pr","value":3.3,"estimate":"q50","season":"DJF"},{"bfs_id":72,"rcp":"RCP8.5","period":"2085","key":"pr","value":3.7,"estimate":"q50","season":"MAM"},{"bfs_id":72,"rcp":"RCP8.5","period":"2085","key":"pr","value":3.2,"estimate":"q50","season":"JJA"},{"bfs_id":72,"rcp":"RCP8.5","period":"2085","key":"pr","value":3.1,"estimate":"q50","season":"SON"},{"bfs_id":72,"rcp":"RCP8.5","period":"2085","key":"pr","value":3.8,"estimate":"q95","season":"DJF"},{"bfs_id":72,"rcp":"RCP8.5","period":"2085","key":"pr","value":4,"estimate":"q95","season":"MAM"},{"bfs_id":72,"rcp":"RCP8.5","period":"2085","key":"pr","value":3.9,"estimate":"q95","season":"JJA"},{"bfs_id":72,"rcp":"RCP8.5","period":"2085","key":"pr","value":3.9,"estimate":"q95","season":"SON"},{"bfs_id":72,"rcp":"RCP2.6","period":"2035","key":"tas","value":1.1,"estimate":"q5","season":"DJF"},{"bfs_id":72,"rcp":"RCP2.6","period":"2035","key":"tas","value":8.8,"estimate":"q5","season":"MAM"},{"bfs_id":72,"rcp":"RCP2.6","period":"2035","key":"tas","value":17.9,"estimate":"q5","season":"JJA"},{"bfs_id":72,"rcp":"RCP2.6","period":"2035","key":"tas","value":9.7,"estimate":"q5","season":"SON"},{"bfs_id":72,"rcp":"RCP2.6","period":"2035","key":"tas","value":1.7,"estimate":"q50","season":"DJF"},{"bfs_id":72,"rcp":"RCP2.6","period":"2035","key":"tas","value":9.3,"estimate":"q50","season":"MAM"},{"bfs_id":72,"rcp":"RCP2.6","period":"2035","key":"tas","value":18.4,"estimate":"q50","season":"JJA"},{"bfs_id":72,"rcp":"RCP2.6","period":"2035","key":"tas","value":10,"estimate":"q50","season":"SON"},{"bfs_id":72,"rcp":"RCP2.6","period":"2035","key":"tas","value":2.6,"estimate":"q95","season":"DJF"},{"bfs_id":72,"rcp":"RCP2.6","period":"2035","key":"tas","value":9.6,"estimate":"q95","season":"MAM"},{"bfs_id":72,"rcp":"RCP2.6","period":"2035","key":"tas","value":19,"estimate":"q95","season":"JJA"},{"bfs_id":72,"rcp":"RCP2.6","period":"2035","key":"tas","value":11,"estimate":"q95","season":"SON"},{"bfs_id":72,"rcp":"RCP2.6","period":"2060","key":"tas","value":1.2,"estimate":"q5","season":"DJF"},{"bfs_id":72,"rcp":"RCP2.6","period":"2060","key":"tas","value":8.7,"estimate":"q5","season":"MAM"},{"bfs_id":72,"rcp":"RCP2.6","period":"2060","key":"tas","value":18.1,"estimate":"q5","season":"JJA"},{"bfs_id":72,"rcp":"RCP2.6","period":"2060","key":"tas","value":10,"estimate":"q5","season":"SON"},{"bfs_id":72,"rcp":"RCP2.6","period":"2060","key":"tas","value":2.1,"estimate":"q50","season":"DJF"},{"bfs_id":72,"rcp":"RCP2.6","period":"2060","key":"tas","value":9.4,"estimate":"q50","season":"MAM"},{"bfs_id":72,"rcp":"RCP2.6","period":"2060","key":"tas","value":18.5,"estimate":"q50","season":"JJA"},{"bfs_id":72,"rcp":"RCP2.6","period":"2060","key":"tas","value":10.3,"estimate":"q50","season":"SON"},{"bfs_id":72,"rcp":"RCP2.6","period":"2060","key":"tas","value":2.6,"estimate":"q95","season":"DJF"},{"bfs_id":72,"rcp":"RCP2.6","period":"2060","key":"tas","value":9.8,"estimate":"q95","season":"MAM"},{"bfs_id":72,"rcp":"RCP2.6","period":"2060","key":"tas","value":19.2,"estimate":"q95","season":"JJA"},{"bfs_id":72,"rcp":"RCP2.6","period":"2060","key":"tas","value":11.3,"estimate":"q95","season":"SON"},{"bfs_id":72,"rcp":"RCP2.6","period":"2085","key":"tas","value":1.3,"estimate":"q5","season":"DJF"},{"bfs_id":72,"rcp":"RCP2.6","period":"2085","key":"tas","value":8.7,"estimate":"q5","season":"MAM"},{"bfs_id":72,"rcp":"RCP2.6","period":"2085","key":"tas","value":18.1,"estimate":"q5","season":"JJA"},{"bfs_id":72,"rcp":"RCP2.6","period":"2085","key":"tas","value":9.7,"estimate":"q5","season":"SON"},{"bfs_id":72,"rcp":"RCP2.6","period":"2085","key":"tas","value":2,"estimate":"q50","season":"DJF"},{"bfs_id":72,"rcp":"RCP2.6","period":"2085","key":"tas","value":9.5,"estimate":"q50","season":"MAM"},{"bfs_id":72,"rcp":"RCP2.6","period":"2085","key":"tas","value":18.5,"estimate":"q50","season":"JJA"},{"bfs_id":72,"rcp":"RCP2.6","period":"2085","key":"tas","value":10.3,"estimate":"q50","season":"SON"},{"bfs_id":72,"rcp":"RCP2.6","period":"2085","key":"tas","value":2.7,"estimate":"q95","season":"DJF"},{"bfs_id":72,"rcp":"RCP2.6","period":"2085","key":"tas","value":9.8,"estimate":"q95","season":"MAM"},{"bfs_id":72,"rcp":"RCP2.6","period":"2085","key":"tas","value":19.1,"estimate":"q95","season":"JJA"},{"bfs_id":72,"rcp":"RCP2.6","period":"2085","key":"tas","value":11.2,"estimate":"q95","season":"SON"},{"bfs_id":72,"rcp":"RCP8.5","period":"2035","key":"tas","value":1,"estimate":"q5","season":"DJF"},{"bfs_id":72,"rcp":"RCP8.5","period":"2035","key":"tas","value":9,"estimate":"q5","season":"MAM"},{"bfs_id":72,"rcp":"RCP8.5","period":"2035","key":"tas","value":18.3,"estimate":"q5","season":"JJA"},{"bfs_id":72,"rcp":"RCP8.5","period":"2035","key":"tas","value":10,"estimate":"q5","season":"SON"},{"bfs_id":72,"rcp":"RCP8.5","period":"2035","key":"tas","value":2.1,"estimate":"q50","season":"DJF"},{"bfs_id":72,"rcp":"RCP8.5","period":"2035","key":"tas","value":9.4,"estimate":"q50","season":"MAM"},{"bfs_id":72,"rcp":"RCP8.5","period":"2035","key":"tas","value":18.7,"estimate":"q50","season":"JJA"},{"bfs_id":72,"rcp":"RCP8.5","period":"2035","key":"tas","value":10.5,"estimate":"q50","season":"SON"},{"bfs_id":72,"rcp":"RCP8.5","period":"2035","key":"tas","value":2.5,"estimate":"q95","season":"DJF"},{"bfs_id":72,"rcp":"RCP8.5","period":"2035","key":"tas","value":9.7,"estimate":"q95","season":"MAM"},{"bfs_id":72,"rcp":"RCP8.5","period":"2035","key":"tas","value":19.3,"estimate":"q95","season":"JJA"},{"bfs_id":72,"rcp":"RCP8.5","period":"2035","key":"tas","value":11.3,"estimate":"q95","season":"SON"},{"bfs_id":72,"rcp":"RCP8.5","period":"2060","key":"tas","value":2.5,"estimate":"q5","season":"DJF"},{"bfs_id":72,"rcp":"RCP8.5","period":"2060","key":"tas","value":9.8,"estimate":"q5","season":"MAM"},{"bfs_id":72,"rcp":"RCP8.5","period":"2060","key":"tas","value":19.4,"estimate":"q5","season":"JJA"},{"bfs_id":72,"rcp":"RCP8.5","period":"2060","key":"tas","value":11.1,"estimate":"q5","season":"SON"},{"bfs_id":72,"rcp":"RCP8.5","period":"2060","key":"tas","value":2.9,"estimate":"q50","season":"DJF"},{"bfs_id":72,"rcp":"RCP8.5","period":"2060","key":"tas","value":10.3,"estimate":"q50","season":"MAM"},{"bfs_id":72,"rcp":"RCP8.5","period":"2060","key":"tas","value":20,"estimate":"q50","season":"JJA"},{"bfs_id":72,"rcp":"RCP8.5","period":"2060","key":"tas","value":11.6,"estimate":"q50","season":"SON"},{"bfs_id":72,"rcp":"RCP8.5","period":"2060","key":"tas","value":3.6,"estimate":"q95","season":"DJF"},{"bfs_id":72,"rcp":"RCP8.5","period":"2060","key":"tas","value":10.8,"estimate":"q95","season":"MAM"},{"bfs_id":72,"rcp":"RCP8.5","period":"2060","key":"tas","value":21,"estimate":"q95","season":"JJA"},{"bfs_id":72,"rcp":"RCP8.5","period":"2060","key":"tas","value":12.5,"estimate":"q95","season":"SON"},{"bfs_id":72,"rcp":"RCP8.5","period":"2085","key":"tas","value":3.7,"estimate":"q5","season":"DJF"},{"bfs_id":72,"rcp":"RCP8.5","period":"2085","key":"tas","value":10.9,"estimate":"q5","season":"MAM"},{"bfs_id":72,"rcp":"RCP8.5","period":"2085","key":"tas","value":20.7,"estimate":"q5","season":"JJA"},{"bfs_id":72,"rcp":"RCP8.5","period":"2085","key":"tas","value":12,"estimate":"q5","season":"SON"},{"bfs_id":72,"rcp":"RCP8.5","period":"2085","key":"tas","value":4.8,"estimate":"q50","season":"DJF"},{"bfs_id":72,"rcp":"RCP8.5","period":"2085","key":"tas","value":11.6,"estimate":"q50","season":"MAM"},{"bfs_id":72,"rcp":"RCP8.5","period":"2085","key":"tas","value":21.6,"estimate":"q50","season":"JJA"},{"bfs_id":72,"rcp":"RCP8.5","period":"2085","key":"tas","value":13.1,"estimate":"q50","season":"SON"},{"bfs_id":72,"rcp":"RCP8.5","period":"2085","key":"tas","value":5.5,"estimate":"q95","season":"DJF"},{"bfs_id":72,"rcp":"RCP8.5","period":"2085","key":"tas","value":12.5,"estimate":"q95","season":"MAM"},{"bfs_id":72,"rcp":"RCP8.5","period":"2085","key":"tas","value":23.7,"estimate":"q95","season":"JJA"},{"bfs_id":72,"rcp":"RCP8.5","period":"2085","key":"tas","value":14.8,"estimate":"q95","season":"SON"},{"bfs_id":72,"rcp":"obs","period":"1981-2010","key":"FD","value":99.1,"estimate":"yearly_mean"},{"bfs_id":72,"rcp":"obs","period":"1981-2010","key":"HD","value":5.9,"estimate":"yearly_mean"},{"bfs_id":72,"rcp":"obs","period":"1981-2010","key":"ID","value":25,"estimate":"yearly_mean"},{"bfs_id":72,"rcp":"obs","period":"1981-2010","key":"SD","value":39.4,"estimate":"yearly_mean"},{"bfs_id":72,"rcp":"obs","period":"1981-2010","key":"snowdays","value":20.4,"estimate":"yearly_mean"},{"bfs_id":72,"rcp":"obs","period":"1981-2010","key":"TN","value":0,"estimate":"yearly_mean"},{"bfs_id":72,"rcp":"obs","period":"1981-2010","key":"pr","value":2.5,"estimate":"mean","season":"DJF"},{"bfs_id":72,"rcp":"obs","period":"1981-2010","key":"pr","value":3.2,"estimate":"mean","season":"MAM"},{"bfs_id":72,"rcp":"obs","period":"1981-2010","key":"pr","value":4,"estimate":"mean","season":"JJA"},{"bfs_id":72,"rcp":"obs","period":"1981-2010","key":"pr","value":3.1,"estimate":"mean","season":"SON"},{"bfs_id":72,"rcp":"obs","period":"1981-2010","key":"tas","value":0.6,"estimate":"mean","season":"DJF"},{"bfs_id":72,"rcp":"obs","period":"1981-2010","key":"tas","value":8.6,"estimate":"mean","season":"MAM"},{"bfs_id":72,"rcp":"obs","period":"1981-2010","key":"tas","value":17.3,"estimate":"mean","season":"JJA"},{"bfs_id":72,"rcp":"obs","period":"1981-2010","key":"tas","value":9,"estimate":"mean","season":"SON"}]
