[{"bfs_id":935,"rcp":"RCP2.6","period":"2035","key":"FD","value":95.7,"estimate":"q5"},{"bfs_id":935,"rcp":"RCP2.6","period":"2035","key":"FD","value":107,"estimate":"q50"},{"bfs_id":935,"rcp":"RCP2.6","period":"2035","key":"FD","value":113.8,"estimate":"q95"},{"bfs_id":935,"rcp":"RCP2.6","period":"2060","key":"FD","value":91.6,"estimate":"q5"},{"bfs_id":935,"rcp":"RCP2.6","period":"2060","key":"FD","value":102.6,"estimate":"q50"},{"bfs_id":935,"rcp":"RCP2.6","period":"2060","key":"FD","value":114.9,"estimate":"q95"},{"bfs_id":935,"rcp":"RCP2.6","period":"2085","key":"FD","value":89.9,"estimate":"q5"},{"bfs_id":935,"rcp":"RCP2.6","period":"2085","key":"FD","value":104.1,"estimate":"q50"},{"bfs_id":935,"rcp":"RCP2.6","period":"2085","key":"FD","value":115.2,"estimate":"q95"},{"bfs_id":935,"rcp":"RCP8.5","period":"2035","key":"FD","value":94.4,"estimate":"q5"},{"bfs_id":935,"rcp":"RCP8.5","period":"2035","key":"FD","value":104.1,"estimate":"q50"},{"bfs_id":935,"rcp":"RCP8.5","period":"2035","key":"FD","value":109.7,"estimate":"q95"},{"bfs_id":935,"rcp":"RCP8.5","period":"2060","key":"FD","value":76.5,"estimate":"q5"},{"bfs_id":935,"rcp":"RCP8.5","period":"2060","key":"FD","value":84.6,"estimate":"q50"},{"bfs_id":935,"rcp":"RCP8.5","period":"2060","key":"FD","value":93.3,"estimate":"q95"},{"bfs_id":935,"rcp":"RCP8.5","period":"2085","key":"FD","value":52.5,"estimate":"q5"},{"bfs_id":935,"rcp":"RCP8.5","period":"2085","key":"FD","value":62.8,"estimate":"q50"},{"bfs_id":935,"rcp":"RCP8.5","period":"2085","key":"FD","value":71.5,"estimate":"q95"},{"bfs_id":935,"rcp":"RCP2.6","period":"2035","key":"HD","value":0.5,"estimate":"q5"},{"bfs_id":935,"rcp":"RCP2.6","period":"2035","key":"HD","value":0.9,"estimate":"q50"},{"bfs_id":935,"rcp":"RCP2.6","period":"2035","key":"HD","value":2.4,"estimate":"q95"},{"bfs_id":935,"rcp":"RCP2.6","period":"2060","key":"HD","value":0.6,"estimate":"q5"},{"bfs_id":935,"rcp":"RCP2.6","period":"2060","key":"HD","value":1.2,"estimate":"q50"},{"bfs_id":935,"rcp":"RCP2.6","period":"2060","key":"HD","value":3.5,"estimate":"q95"},{"bfs_id":935,"rcp":"RCP2.6","period":"2085","key":"HD","value":0.6,"estimate":"q5"},{"bfs_id":935,"rcp":"RCP2.6","period":"2085","key":"HD","value":1.1,"estimate":"q50"},{"bfs_id":935,"rcp":"RCP2.6","period":"2085","key":"HD","value":3.2,"estimate":"q95"},{"bfs_id":935,"rcp":"RCP8.5","period":"2035","key":"HD","value":0.7,"estimate":"q5"},{"bfs_id":935,"rcp":"RCP8.5","period":"2035","key":"HD","value":1.2,"estimate":"q50"},{"bfs_id":935,"rcp":"RCP8.5","period":"2035","key":"HD","value":5.2,"estimate":"q95"},{"bfs_id":935,"rcp":"RCP8.5","period":"2060","key":"HD","value":2,"estimate":"q5"},{"bfs_id":935,"rcp":"RCP8.5","period":"2060","key":"HD","value":4.2,"estimate":"q50"},{"bfs_id":935,"rcp":"RCP8.5","period":"2060","key":"HD","value":11.8,"estimate":"q95"},{"bfs_id":935,"rcp":"RCP8.5","period":"2085","key":"HD","value":7,"estimate":"q5"},{"bfs_id":935,"rcp":"RCP8.5","period":"2085","key":"HD","value":11.8,"estimate":"q50"},{"bfs_id":935,"rcp":"RCP8.5","period":"2085","key":"HD","value":28.3,"estimate":"q95"},{"bfs_id":935,"rcp":"RCP2.6","period":"2035","key":"ID","value":21.8,"estimate":"q5"},{"bfs_id":935,"rcp":"RCP2.6","period":"2035","key":"ID","value":26,"estimate":"q50"},{"bfs_id":935,"rcp":"RCP2.6","period":"2035","key":"ID","value":28.4,"estimate":"q95"},{"bfs_id":935,"rcp":"RCP2.6","period":"2060","key":"ID","value":19.8,"estimate":"q5"},{"bfs_id":935,"rcp":"RCP2.6","period":"2060","key":"ID","value":24,"estimate":"q50"},{"bfs_id":935,"rcp":"RCP2.6","period":"2060","key":"ID","value":28.1,"estimate":"q95"},{"bfs_id":935,"rcp":"RCP2.6","period":"2085","key":"ID","value":18.5,"estimate":"q5"},{"bfs_id":935,"rcp":"RCP2.6","period":"2085","key":"ID","value":24.2,"estimate":"q50"},{"bfs_id":935,"rcp":"RCP2.6","period":"2085","key":"ID","value":29,"estimate":"q95"},{"bfs_id":935,"rcp":"RCP8.5","period":"2035","key":"ID","value":20,"estimate":"q5"},{"bfs_id":935,"rcp":"RCP8.5","period":"2035","key":"ID","value":24.3,"estimate":"q50"},{"bfs_id":935,"rcp":"RCP8.5","period":"2035","key":"ID","value":28.6,"estimate":"q95"},{"bfs_id":935,"rcp":"RCP8.5","period":"2060","key":"ID","value":13.5,"estimate":"q5"},{"bfs_id":935,"rcp":"RCP8.5","period":"2060","key":"ID","value":17.8,"estimate":"q50"},{"bfs_id":935,"rcp":"RCP8.5","period":"2060","key":"ID","value":20.8,"estimate":"q95"},{"bfs_id":935,"rcp":"RCP8.5","period":"2085","key":"ID","value":5.8,"estimate":"q5"},{"bfs_id":935,"rcp":"RCP8.5","period":"2085","key":"ID","value":9.7,"estimate":"q50"},{"bfs_id":935,"rcp":"RCP8.5","period":"2085","key":"ID","value":14.3,"estimate":"q95"},{"bfs_id":935,"rcp":"RCP2.6","period":"2035","key":"SD","value":14.9,"estimate":"q5"},{"bfs_id":935,"rcp":"RCP2.6","period":"2035","key":"SD","value":19.3,"estimate":"q50"},{"bfs_id":935,"rcp":"RCP2.6","period":"2035","key":"SD","value":27,"estimate":"q95"},{"bfs_id":935,"rcp":"RCP2.6","period":"2060","key":"SD","value":15.8,"estimate":"q5"},{"bfs_id":935,"rcp":"RCP2.6","period":"2060","key":"SD","value":19.6,"estimate":"q50"},{"bfs_id":935,"rcp":"RCP2.6","period":"2060","key":"SD","value":29.2,"estimate":"q95"},{"bfs_id":935,"rcp":"RCP2.6","period":"2085","key":"SD","value":15.6,"estimate":"q5"},{"bfs_id":935,"rcp":"RCP2.6","period":"2085","key":"SD","value":18.8,"estimate":"q50"},{"bfs_id":935,"rcp":"RCP2.6","period":"2085","key":"SD","value":28.5,"estimate":"q95"},{"bfs_id":935,"rcp":"RCP8.5","period":"2035","key":"SD","value":16,"estimate":"q5"},{"bfs_id":935,"rcp":"RCP8.5","period":"2035","key":"SD","value":21.2,"estimate":"q50"},{"bfs_id":935,"rcp":"RCP8.5","period":"2035","key":"SD","value":28.9,"estimate":"q95"},{"bfs_id":935,"rcp":"RCP8.5","period":"2060","key":"SD","value":26.1,"estimate":"q5"},{"bfs_id":935,"rcp":"RCP8.5","period":"2060","key":"SD","value":33.1,"estimate":"q50"},{"bfs_id":935,"rcp":"RCP8.5","period":"2060","key":"SD","value":49.5,"estimate":"q95"},{"bfs_id":935,"rcp":"RCP8.5","period":"2085","key":"SD","value":41.1,"estimate":"q5"},{"bfs_id":935,"rcp":"RCP8.5","period":"2085","key":"SD","value":47.6,"estimate":"q50"},{"bfs_id":935,"rcp":"RCP8.5","period":"2085","key":"SD","value":74,"estimate":"q95"},{"bfs_id":935,"rcp":"RCP2.6","period":"2035","key":"snowdays","value":23.4,"estimate":"q5"},{"bfs_id":935,"rcp":"RCP2.6","period":"2035","key":"snowdays","value":31.9,"estimate":"q50"},{"bfs_id":935,"rcp":"RCP2.6","period":"2035","key":"snowdays","value":36.8,"estimate":"q95"},{"bfs_id":935,"rcp":"RCP2.6","period":"2060","key":"snowdays","value":23.3,"estimate":"q5"},{"bfs_id":935,"rcp":"RCP2.6","period":"2060","key":"snowdays","value":29.9,"estimate":"q50"},{"bfs_id":935,"rcp":"RCP2.6","period":"2060","key":"snowdays","value":36,"estimate":"q95"},{"bfs_id":935,"rcp":"RCP2.6","period":"2085","key":"snowdays","value":22.7,"estimate":"q5"},{"bfs_id":935,"rcp":"RCP2.6","period":"2085","key":"snowdays","value":29.9,"estimate":"q50"},{"bfs_id":935,"rcp":"RCP2.6","period":"2085","key":"snowdays","value":36.4,"estimate":"q95"},{"bfs_id":935,"rcp":"RCP8.5","period":"2035","key":"snowdays","value":20.9,"estimate":"q5"},{"bfs_id":935,"rcp":"RCP8.5","period":"2035","key":"snowdays","value":31.8,"estimate":"q50"},{"bfs_id":935,"rcp":"RCP8.5","period":"2035","key":"snowdays","value":35.8,"estimate":"q95"},{"bfs_id":935,"rcp":"RCP8.5","period":"2060","key":"snowdays","value":16.8,"estimate":"q5"},{"bfs_id":935,"rcp":"RCP8.5","period":"2060","key":"snowdays","value":24.4,"estimate":"q50"},{"bfs_id":935,"rcp":"RCP8.5","period":"2060","key":"snowdays","value":28,"estimate":"q95"},{"bfs_id":935,"rcp":"RCP8.5","period":"2085","key":"snowdays","value":10.5,"estimate":"q5"},{"bfs_id":935,"rcp":"RCP8.5","period":"2085","key":"snowdays","value":17,"estimate":"q50"},{"bfs_id":935,"rcp":"RCP8.5","period":"2085","key":"snowdays","value":21.3,"estimate":"q95"},{"bfs_id":935,"rcp":"RCP2.6","period":"2035","key":"TN","value":0,"estimate":"q5"},{"bfs_id":935,"rcp":"RCP2.6","period":"2035","key":"TN","value":0,"estimate":"q50"},{"bfs_id":935,"rcp":"RCP2.6","period":"2035","key":"TN","value":0.3,"estimate":"q95"},{"bfs_id":935,"rcp":"RCP2.6","period":"2060","key":"TN","value":0,"estimate":"q5"},{"bfs_id":935,"rcp":"RCP2.6","period":"2060","key":"TN","value":0.1,"estimate":"q50"},{"bfs_id":935,"rcp":"RCP2.6","period":"2060","key":"TN","value":0.6,"estimate":"q95"},{"bfs_id":935,"rcp":"RCP2.6","period":"2085","key":"TN","value":0,"estimate":"q5"},{"bfs_id":935,"rcp":"RCP2.6","period":"2085","key":"TN","value":0.1,"estimate":"q50"},{"bfs_id":935,"rcp":"RCP2.6","period":"2085","key":"TN","value":0.5,"estimate":"q95"},{"bfs_id":935,"rcp":"RCP8.5","period":"2035","key":"TN","value":0,"estimate":"q5"},{"bfs_id":935,"rcp":"RCP8.5","period":"2035","key":"TN","value":0.1,"estimate":"q50"},{"bfs_id":935,"rcp":"RCP8.5","period":"2035","key":"TN","value":1.1,"estimate":"q95"},{"bfs_id":935,"rcp":"RCP8.5","period":"2060","key":"TN","value":0.2,"estimate":"q5"},{"bfs_id":935,"rcp":"RCP8.5","period":"2060","key":"TN","value":0.9,"estimate":"q50"},{"bfs_id":935,"rcp":"RCP8.5","period":"2060","key":"TN","value":3.1,"estimate":"q95"},{"bfs_id":935,"rcp":"RCP8.5","period":"2085","key":"TN","value":1.6,"estimate":"q5"},{"bfs_id":935,"rcp":"RCP8.5","period":"2085","key":"TN","value":4.9,"estimate":"q50"},{"bfs_id":935,"rcp":"RCP8.5","period":"2085","key":"TN","value":15.5,"estimate":"q95"},{"bfs_id":935,"rcp":"RCP2.6","period":"2035","key":"pr","value":2.4,"estimate":"q5","season":"DJF"},{"bfs_id":935,"rcp":"RCP2.6","period":"2035","key":"pr","value":3.4,"estimate":"q5","season":"MAM"},{"bfs_id":935,"rcp":"RCP2.6","period":"2035","key":"pr","value":3.8,"estimate":"q5","season":"JJA"},{"bfs_id":935,"rcp":"RCP2.6","period":"2035","key":"pr","value":2.9,"estimate":"q5","season":"SON"},{"bfs_id":935,"rcp":"RCP2.6","period":"2035","key":"pr","value":2.7,"estimate":"q50","season":"DJF"},{"bfs_id":935,"rcp":"RCP2.6","period":"2035","key":"pr","value":3.8,"estimate":"q50","season":"MAM"},{"bfs_id":935,"rcp":"RCP2.6","period":"2035","key":"pr","value":4.8,"estimate":"q50","season":"JJA"},{"bfs_id":935,"rcp":"RCP2.6","period":"2035","key":"pr","value":3.1,"estimate":"q50","season":"SON"},{"bfs_id":935,"rcp":"RCP2.6","period":"2035","key":"pr","value":3.1,"estimate":"q95","season":"DJF"},{"bfs_id":935,"rcp":"RCP2.6","period":"2035","key":"pr","value":4.2,"estimate":"q95","season":"MAM"},{"bfs_id":935,"rcp":"RCP2.6","period":"2035","key":"pr","value":5.3,"estimate":"q95","season":"JJA"},{"bfs_id":935,"rcp":"RCP2.6","period":"2035","key":"pr","value":3.8,"estimate":"q95","season":"SON"},{"bfs_id":935,"rcp":"RCP2.6","period":"2060","key":"pr","value":2.4,"estimate":"q5","season":"DJF"},{"bfs_id":935,"rcp":"RCP2.6","period":"2060","key":"pr","value":3.5,"estimate":"q5","season":"MAM"},{"bfs_id":935,"rcp":"RCP2.6","period":"2060","key":"pr","value":3.8,"estimate":"q5","season":"JJA"},{"bfs_id":935,"rcp":"RCP2.6","period":"2060","key":"pr","value":2.8,"estimate":"q5","season":"SON"},{"bfs_id":935,"rcp":"RCP2.6","period":"2060","key":"pr","value":2.8,"estimate":"q50","season":"DJF"},{"bfs_id":935,"rcp":"RCP2.6","period":"2060","key":"pr","value":3.8,"estimate":"q50","season":"MAM"},{"bfs_id":935,"rcp":"RCP2.6","period":"2060","key":"pr","value":4.7,"estimate":"q50","season":"JJA"},{"bfs_id":935,"rcp":"RCP2.6","period":"2060","key":"pr","value":3.2,"estimate":"q50","season":"SON"},{"bfs_id":935,"rcp":"RCP2.6","period":"2060","key":"pr","value":3,"estimate":"q95","season":"DJF"},{"bfs_id":935,"rcp":"RCP2.6","period":"2060","key":"pr","value":4.3,"estimate":"q95","season":"MAM"},{"bfs_id":935,"rcp":"RCP2.6","period":"2060","key":"pr","value":5.5,"estimate":"q95","season":"JJA"},{"bfs_id":935,"rcp":"RCP2.6","period":"2060","key":"pr","value":3.7,"estimate":"q95","season":"SON"},{"bfs_id":935,"rcp":"RCP2.6","period":"2085","key":"pr","value":2.4,"estimate":"q5","season":"DJF"},{"bfs_id":935,"rcp":"RCP2.6","period":"2085","key":"pr","value":3.5,"estimate":"q5","season":"MAM"},{"bfs_id":935,"rcp":"RCP2.6","period":"2085","key":"pr","value":3.8,"estimate":"q5","season":"JJA"},{"bfs_id":935,"rcp":"RCP2.6","period":"2085","key":"pr","value":2.8,"estimate":"q5","season":"SON"},{"bfs_id":935,"rcp":"RCP2.6","period":"2085","key":"pr","value":2.7,"estimate":"q50","season":"DJF"},{"bfs_id":935,"rcp":"RCP2.6","period":"2085","key":"pr","value":3.7,"estimate":"q50","season":"MAM"},{"bfs_id":935,"rcp":"RCP2.6","period":"2085","key":"pr","value":4.9,"estimate":"q50","season":"JJA"},{"bfs_id":935,"rcp":"RCP2.6","period":"2085","key":"pr","value":3.2,"estimate":"q50","season":"SON"},{"bfs_id":935,"rcp":"RCP2.6","period":"2085","key":"pr","value":3.1,"estimate":"q95","season":"DJF"},{"bfs_id":935,"rcp":"RCP2.6","period":"2085","key":"pr","value":4.2,"estimate":"q95","season":"MAM"},{"bfs_id":935,"rcp":"RCP2.6","period":"2085","key":"pr","value":5.4,"estimate":"q95","season":"JJA"},{"bfs_id":935,"rcp":"RCP2.6","period":"2085","key":"pr","value":3.7,"estimate":"q95","season":"SON"},{"bfs_id":935,"rcp":"RCP8.5","period":"2035","key":"pr","value":2.5,"estimate":"q5","season":"DJF"},{"bfs_id":935,"rcp":"RCP8.5","period":"2035","key":"pr","value":3.5,"estimate":"q5","season":"MAM"},{"bfs_id":935,"rcp":"RCP8.5","period":"2035","key":"pr","value":3.9,"estimate":"q5","season":"JJA"},{"bfs_id":935,"rcp":"RCP8.5","period":"2035","key":"pr","value":2.9,"estimate":"q5","season":"SON"},{"bfs_id":935,"rcp":"RCP8.5","period":"2035","key":"pr","value":2.9,"estimate":"q50","season":"DJF"},{"bfs_id":935,"rcp":"RCP8.5","period":"2035","key":"pr","value":4,"estimate":"q50","season":"MAM"},{"bfs_id":935,"rcp":"RCP8.5","period":"2035","key":"pr","value":4.9,"estimate":"q50","season":"JJA"},{"bfs_id":935,"rcp":"RCP8.5","period":"2035","key":"pr","value":3.2,"estimate":"q50","season":"SON"},{"bfs_id":935,"rcp":"RCP8.5","period":"2035","key":"pr","value":3.1,"estimate":"q95","season":"DJF"},{"bfs_id":935,"rcp":"RCP8.5","period":"2035","key":"pr","value":4.3,"estimate":"q95","season":"MAM"},{"bfs_id":935,"rcp":"RCP8.5","period":"2035","key":"pr","value":5.6,"estimate":"q95","season":"JJA"},{"bfs_id":935,"rcp":"RCP8.5","period":"2035","key":"pr","value":3.9,"estimate":"q95","season":"SON"},{"bfs_id":935,"rcp":"RCP8.5","period":"2060","key":"pr","value":2.6,"estimate":"q5","season":"DJF"},{"bfs_id":935,"rcp":"RCP8.5","period":"2060","key":"pr","value":3.7,"estimate":"q5","season":"MAM"},{"bfs_id":935,"rcp":"RCP8.5","period":"2060","key":"pr","value":3.3,"estimate":"q5","season":"JJA"},{"bfs_id":935,"rcp":"RCP8.5","period":"2060","key":"pr","value":2.8,"estimate":"q5","season":"SON"},{"bfs_id":935,"rcp":"RCP8.5","period":"2060","key":"pr","value":2.8,"estimate":"q50","season":"DJF"},{"bfs_id":935,"rcp":"RCP8.5","period":"2060","key":"pr","value":4,"estimate":"q50","season":"MAM"},{"bfs_id":935,"rcp":"RCP8.5","period":"2060","key":"pr","value":4.6,"estimate":"q50","season":"JJA"},{"bfs_id":935,"rcp":"RCP8.5","period":"2060","key":"pr","value":3.2,"estimate":"q50","season":"SON"},{"bfs_id":935,"rcp":"RCP8.5","period":"2060","key":"pr","value":3.2,"estimate":"q95","season":"DJF"},{"bfs_id":935,"rcp":"RCP8.5","period":"2060","key":"pr","value":4.5,"estimate":"q95","season":"MAM"},{"bfs_id":935,"rcp":"RCP8.5","period":"2060","key":"pr","value":5.5,"estimate":"q95","season":"JJA"},{"bfs_id":935,"rcp":"RCP8.5","period":"2060","key":"pr","value":3.6,"estimate":"q95","season":"SON"},{"bfs_id":935,"rcp":"RCP8.5","period":"2085","key":"pr","value":2.6,"estimate":"q5","season":"DJF"},{"bfs_id":935,"rcp":"RCP8.5","period":"2085","key":"pr","value":3.6,"estimate":"q5","season":"MAM"},{"bfs_id":935,"rcp":"RCP8.5","period":"2085","key":"pr","value":2.6,"estimate":"q5","season":"JJA"},{"bfs_id":935,"rcp":"RCP8.5","period":"2085","key":"pr","value":2.6,"estimate":"q5","season":"SON"},{"bfs_id":935,"rcp":"RCP8.5","period":"2085","key":"pr","value":3,"estimate":"q50","season":"DJF"},{"bfs_id":935,"rcp":"RCP8.5","period":"2085","key":"pr","value":4,"estimate":"q50","season":"MAM"},{"bfs_id":935,"rcp":"RCP8.5","period":"2085","key":"pr","value":4.1,"estimate":"q50","season":"JJA"},{"bfs_id":935,"rcp":"RCP8.5","period":"2085","key":"pr","value":3.1,"estimate":"q50","season":"SON"},{"bfs_id":935,"rcp":"RCP8.5","period":"2085","key":"pr","value":3.4,"estimate":"q95","season":"DJF"},{"bfs_id":935,"rcp":"RCP8.5","period":"2085","key":"pr","value":4.6,"estimate":"q95","season":"MAM"},{"bfs_id":935,"rcp":"RCP8.5","period":"2085","key":"pr","value":4.6,"estimate":"q95","season":"JJA"},{"bfs_id":935,"rcp":"RCP8.5","period":"2085","key":"pr","value":3.7,"estimate":"q95","season":"SON"},{"bfs_id":935,"rcp":"RCP2.6","period":"2035","key":"tas","value":-0.3,"estimate":"q5","season":"DJF"},{"bfs_id":935,"rcp":"RCP2.6","period":"2035","key":"tas","value":5.9,"estimate":"q5","season":"MAM"},{"bfs_id":935,"rcp":"RCP2.6","period":"2035","key":"tas","value":15.1,"estimate":"q5","season":"JJA"},{"bfs_id":935,"rcp":"RCP2.6","period":"2035","key":"tas","value":8,"estimate":"q5","season":"SON"},{"bfs_id":935,"rcp":"RCP2.6","period":"2035","key":"tas","value":0.2,"estimate":"q50","season":"DJF"},{"bfs_id":935,"rcp":"RCP2.6","period":"2035","key":"tas","value":6.6,"estimate":"q50","season":"MAM"},{"bfs_id":935,"rcp":"RCP2.6","period":"2035","key":"tas","value":15.8,"estimate":"q50","season":"JJA"},{"bfs_id":935,"rcp":"RCP2.6","period":"2035","key":"tas","value":8.3,"estimate":"q50","season":"SON"},{"bfs_id":935,"rcp":"RCP2.6","period":"2035","key":"tas","value":0.8,"estimate":"q95","season":"DJF"},{"bfs_id":935,"rcp":"RCP2.6","period":"2035","key":"tas","value":6.9,"estimate":"q95","season":"MAM"},{"bfs_id":935,"rcp":"RCP2.6","period":"2035","key":"tas","value":16.6,"estimate":"q95","season":"JJA"},{"bfs_id":935,"rcp":"RCP2.6","period":"2035","key":"tas","value":9.1,"estimate":"q95","season":"SON"},{"bfs_id":935,"rcp":"RCP2.6","period":"2060","key":"tas","value":-0.3,"estimate":"q5","season":"DJF"},{"bfs_id":935,"rcp":"RCP2.6","period":"2060","key":"tas","value":5.8,"estimate":"q5","season":"MAM"},{"bfs_id":935,"rcp":"RCP2.6","period":"2060","key":"tas","value":15.4,"estimate":"q5","season":"JJA"},{"bfs_id":935,"rcp":"RCP2.6","period":"2060","key":"tas","value":8.2,"estimate":"q5","season":"SON"},{"bfs_id":935,"rcp":"RCP2.6","period":"2060","key":"tas","value":0.5,"estimate":"q50","season":"DJF"},{"bfs_id":935,"rcp":"RCP2.6","period":"2060","key":"tas","value":6.5,"estimate":"q50","season":"MAM"},{"bfs_id":935,"rcp":"RCP2.6","period":"2060","key":"tas","value":15.9,"estimate":"q50","season":"JJA"},{"bfs_id":935,"rcp":"RCP2.6","period":"2060","key":"tas","value":8.6,"estimate":"q50","season":"SON"},{"bfs_id":935,"rcp":"RCP2.6","period":"2060","key":"tas","value":1,"estimate":"q95","season":"DJF"},{"bfs_id":935,"rcp":"RCP2.6","period":"2060","key":"tas","value":7.2,"estimate":"q95","season":"MAM"},{"bfs_id":935,"rcp":"RCP2.6","period":"2060","key":"tas","value":16.6,"estimate":"q95","season":"JJA"},{"bfs_id":935,"rcp":"RCP2.6","period":"2060","key":"tas","value":9.5,"estimate":"q95","season":"SON"},{"bfs_id":935,"rcp":"RCP2.6","period":"2085","key":"tas","value":-0.2,"estimate":"q5","season":"DJF"},{"bfs_id":935,"rcp":"RCP2.6","period":"2085","key":"tas","value":5.9,"estimate":"q5","season":"MAM"},{"bfs_id":935,"rcp":"RCP2.6","period":"2085","key":"tas","value":15.3,"estimate":"q5","season":"JJA"},{"bfs_id":935,"rcp":"RCP2.6","period":"2085","key":"tas","value":8,"estimate":"q5","season":"SON"},{"bfs_id":935,"rcp":"RCP2.6","period":"2085","key":"tas","value":0.6,"estimate":"q50","season":"DJF"},{"bfs_id":935,"rcp":"RCP2.6","period":"2085","key":"tas","value":6.6,"estimate":"q50","season":"MAM"},{"bfs_id":935,"rcp":"RCP2.6","period":"2085","key":"tas","value":15.9,"estimate":"q50","season":"JJA"},{"bfs_id":935,"rcp":"RCP2.6","period":"2085","key":"tas","value":8.6,"estimate":"q50","season":"SON"},{"bfs_id":935,"rcp":"RCP2.6","period":"2085","key":"tas","value":1.1,"estimate":"q95","season":"DJF"},{"bfs_id":935,"rcp":"RCP2.6","period":"2085","key":"tas","value":7.1,"estimate":"q95","season":"MAM"},{"bfs_id":935,"rcp":"RCP2.6","period":"2085","key":"tas","value":16.5,"estimate":"q95","season":"JJA"},{"bfs_id":935,"rcp":"RCP2.6","period":"2085","key":"tas","value":9.5,"estimate":"q95","season":"SON"},{"bfs_id":935,"rcp":"RCP8.5","period":"2035","key":"tas","value":-0.2,"estimate":"q5","season":"DJF"},{"bfs_id":935,"rcp":"RCP8.5","period":"2035","key":"tas","value":6.2,"estimate":"q5","season":"MAM"},{"bfs_id":935,"rcp":"RCP8.5","period":"2035","key":"tas","value":15.6,"estimate":"q5","season":"JJA"},{"bfs_id":935,"rcp":"RCP8.5","period":"2035","key":"tas","value":8.3,"estimate":"q5","season":"SON"},{"bfs_id":935,"rcp":"RCP8.5","period":"2035","key":"tas","value":0.6,"estimate":"q50","season":"DJF"},{"bfs_id":935,"rcp":"RCP8.5","period":"2035","key":"tas","value":6.6,"estimate":"q50","season":"MAM"},{"bfs_id":935,"rcp":"RCP8.5","period":"2035","key":"tas","value":16.1,"estimate":"q50","season":"JJA"},{"bfs_id":935,"rcp":"RCP8.5","period":"2035","key":"tas","value":8.7,"estimate":"q50","season":"SON"},{"bfs_id":935,"rcp":"RCP8.5","period":"2035","key":"tas","value":1,"estimate":"q95","season":"DJF"},{"bfs_id":935,"rcp":"RCP8.5","period":"2035","key":"tas","value":7.1,"estimate":"q95","season":"MAM"},{"bfs_id":935,"rcp":"RCP8.5","period":"2035","key":"tas","value":16.8,"estimate":"q95","season":"JJA"},{"bfs_id":935,"rcp":"RCP8.5","period":"2035","key":"tas","value":9.5,"estimate":"q95","season":"SON"},{"bfs_id":935,"rcp":"RCP8.5","period":"2060","key":"tas","value":1,"estimate":"q5","season":"DJF"},{"bfs_id":935,"rcp":"RCP8.5","period":"2060","key":"tas","value":7.1,"estimate":"q5","season":"MAM"},{"bfs_id":935,"rcp":"RCP8.5","period":"2060","key":"tas","value":16.7,"estimate":"q5","season":"JJA"},{"bfs_id":935,"rcp":"RCP8.5","period":"2060","key":"tas","value":9.3,"estimate":"q5","season":"SON"},{"bfs_id":935,"rcp":"RCP8.5","period":"2060","key":"tas","value":1.4,"estimate":"q50","season":"DJF"},{"bfs_id":935,"rcp":"RCP8.5","period":"2060","key":"tas","value":7.6,"estimate":"q50","season":"MAM"},{"bfs_id":935,"rcp":"RCP8.5","period":"2060","key":"tas","value":17.2,"estimate":"q50","season":"JJA"},{"bfs_id":935,"rcp":"RCP8.5","period":"2060","key":"tas","value":10,"estimate":"q50","season":"SON"},{"bfs_id":935,"rcp":"RCP8.5","period":"2060","key":"tas","value":2.1,"estimate":"q95","season":"DJF"},{"bfs_id":935,"rcp":"RCP8.5","period":"2060","key":"tas","value":8.7,"estimate":"q95","season":"MAM"},{"bfs_id":935,"rcp":"RCP8.5","period":"2060","key":"tas","value":18.6,"estimate":"q95","season":"JJA"},{"bfs_id":935,"rcp":"RCP8.5","period":"2060","key":"tas","value":10.9,"estimate":"q95","season":"SON"},{"bfs_id":935,"rcp":"RCP8.5","period":"2085","key":"tas","value":2.3,"estimate":"q5","season":"DJF"},{"bfs_id":935,"rcp":"RCP8.5","period":"2085","key":"tas","value":8.3,"estimate":"q5","season":"MAM"},{"bfs_id":935,"rcp":"RCP8.5","period":"2085","key":"tas","value":18.2,"estimate":"q5","season":"JJA"},{"bfs_id":935,"rcp":"RCP8.5","period":"2085","key":"tas","value":10.5,"estimate":"q5","season":"SON"},{"bfs_id":935,"rcp":"RCP8.5","period":"2085","key":"tas","value":3.4,"estimate":"q50","season":"DJF"},{"bfs_id":935,"rcp":"RCP8.5","period":"2085","key":"tas","value":9.1,"estimate":"q50","season":"MAM"},{"bfs_id":935,"rcp":"RCP8.5","period":"2085","key":"tas","value":18.8,"estimate":"q50","season":"JJA"},{"bfs_id":935,"rcp":"RCP8.5","period":"2085","key":"tas","value":11.4,"estimate":"q50","season":"SON"},{"bfs_id":935,"rcp":"RCP8.5","period":"2085","key":"tas","value":4.1,"estimate":"q95","season":"DJF"},{"bfs_id":935,"rcp":"RCP8.5","period":"2085","key":"tas","value":10.5,"estimate":"q95","season":"MAM"},{"bfs_id":935,"rcp":"RCP8.5","period":"2085","key":"tas","value":21.2,"estimate":"q95","season":"JJA"},{"bfs_id":935,"rcp":"RCP8.5","period":"2085","key":"tas","value":13,"estimate":"q95","season":"SON"},{"bfs_id":935,"rcp":"obs","period":"1981-2010","key":"FD","value":123.3,"estimate":"yearly_mean"},{"bfs_id":935,"rcp":"obs","period":"1981-2010","key":"HD","value":0.2,"estimate":"yearly_mean"},{"bfs_id":935,"rcp":"obs","period":"1981-2010","key":"ID","value":34.3,"estimate":"yearly_mean"},{"bfs_id":935,"rcp":"obs","period":"1981-2010","key":"SD","value":11,"estimate":"yearly_mean"},{"bfs_id":935,"rcp":"obs","period":"1981-2010","key":"snowdays","value":38.7,"estimate":"yearly_mean"},{"bfs_id":935,"rcp":"obs","period":"1981-2010","key":"TN","value":0,"estimate":"yearly_mean"},{"bfs_id":935,"rcp":"obs","period":"1981-2010","key":"pr","value":2.4,"estimate":"mean","season":"DJF"},{"bfs_id":935,"rcp":"obs","period":"1981-2010","key":"pr","value":3.6,"estimate":"mean","season":"MAM"},{"bfs_id":935,"rcp":"obs","period":"1981-2010","key":"pr","value":5.5,"estimate":"mean","season":"JJA"},{"bfs_id":935,"rcp":"obs","period":"1981-2010","key":"pr","value":3.2,"estimate":"mean","season":"SON"},{"bfs_id":935,"rcp":"obs","period":"1981-2010","key":"tas","value":-0.8,"estimate":"mean","season":"DJF"},{"bfs_id":935,"rcp":"obs","period":"1981-2010","key":"tas","value":5.8,"estimate":"mean","season":"MAM"},{"bfs_id":935,"rcp":"obs","period":"1981-2010","key":"tas","value":14.5,"estimate":"mean","season":"JJA"},{"bfs_id":935,"rcp":"obs","period":"1981-2010","key":"tas","value":7.2,"estimate":"mean","season":"SON"}]
