[{"bfs_id":493,"rcp":"RCP2.6","period":"2035","key":"FD","value":50.4,"estimate":"q5"},{"bfs_id":493,"rcp":"RCP2.6","period":"2035","key":"FD","value":60.2,"estimate":"q50"},{"bfs_id":493,"rcp":"RCP2.6","period":"2035","key":"FD","value":65,"estimate":"q95"},{"bfs_id":493,"rcp":"RCP2.6","period":"2060","key":"FD","value":47,"estimate":"q5"},{"bfs_id":493,"rcp":"RCP2.6","period":"2060","key":"FD","value":56.4,"estimate":"q50"},{"bfs_id":493,"rcp":"RCP2.6","period":"2060","key":"FD","value":62.2,"estimate":"q95"},{"bfs_id":493,"rcp":"RCP2.6","period":"2085","key":"FD","value":47,"estimate":"q5"},{"bfs_id":493,"rcp":"RCP2.6","period":"2085","key":"FD","value":56.6,"estimate":"q50"},{"bfs_id":493,"rcp":"RCP2.6","period":"2085","key":"FD","value":63.3,"estimate":"q95"},{"bfs_id":493,"rcp":"RCP8.5","period":"2035","key":"FD","value":47.7,"estimate":"q5"},{"bfs_id":493,"rcp":"RCP8.5","period":"2035","key":"FD","value":56.6,"estimate":"q50"},{"bfs_id":493,"rcp":"RCP8.5","period":"2035","key":"FD","value":62.7,"estimate":"q95"},{"bfs_id":493,"rcp":"RCP8.5","period":"2060","key":"FD","value":37.3,"estimate":"q5"},{"bfs_id":493,"rcp":"RCP8.5","period":"2060","key":"FD","value":42.8,"estimate":"q50"},{"bfs_id":493,"rcp":"RCP8.5","period":"2060","key":"FD","value":50.5,"estimate":"q95"},{"bfs_id":493,"rcp":"RCP8.5","period":"2085","key":"FD","value":21.6,"estimate":"q5"},{"bfs_id":493,"rcp":"RCP8.5","period":"2085","key":"FD","value":25.7,"estimate":"q50"},{"bfs_id":493,"rcp":"RCP8.5","period":"2085","key":"FD","value":35.4,"estimate":"q95"},{"bfs_id":493,"rcp":"RCP2.6","period":"2035","key":"HD","value":12.7,"estimate":"q5"},{"bfs_id":493,"rcp":"RCP2.6","period":"2035","key":"HD","value":16.7,"estimate":"q50"},{"bfs_id":493,"rcp":"RCP2.6","period":"2035","key":"HD","value":22.3,"estimate":"q95"},{"bfs_id":493,"rcp":"RCP2.6","period":"2060","key":"HD","value":13.8,"estimate":"q5"},{"bfs_id":493,"rcp":"RCP2.6","period":"2060","key":"HD","value":16.5,"estimate":"q50"},{"bfs_id":493,"rcp":"RCP2.6","period":"2060","key":"HD","value":25.4,"estimate":"q95"},{"bfs_id":493,"rcp":"RCP2.6","period":"2085","key":"HD","value":13.3,"estimate":"q5"},{"bfs_id":493,"rcp":"RCP2.6","period":"2085","key":"HD","value":16,"estimate":"q50"},{"bfs_id":493,"rcp":"RCP2.6","period":"2085","key":"HD","value":24.8,"estimate":"q95"},{"bfs_id":493,"rcp":"RCP8.5","period":"2035","key":"HD","value":13.5,"estimate":"q5"},{"bfs_id":493,"rcp":"RCP8.5","period":"2035","key":"HD","value":17.2,"estimate":"q50"},{"bfs_id":493,"rcp":"RCP8.5","period":"2035","key":"HD","value":24.4,"estimate":"q95"},{"bfs_id":493,"rcp":"RCP8.5","period":"2060","key":"HD","value":20.6,"estimate":"q5"},{"bfs_id":493,"rcp":"RCP8.5","period":"2060","key":"HD","value":27,"estimate":"q50"},{"bfs_id":493,"rcp":"RCP8.5","period":"2060","key":"HD","value":41.3,"estimate":"q95"},{"bfs_id":493,"rcp":"RCP8.5","period":"2085","key":"HD","value":36.3,"estimate":"q5"},{"bfs_id":493,"rcp":"RCP8.5","period":"2085","key":"HD","value":43.3,"estimate":"q50"},{"bfs_id":493,"rcp":"RCP8.5","period":"2085","key":"HD","value":65.7,"estimate":"q95"},{"bfs_id":493,"rcp":"RCP2.6","period":"2035","key":"ID","value":7,"estimate":"q5"},{"bfs_id":493,"rcp":"RCP2.6","period":"2035","key":"ID","value":9.9,"estimate":"q50"},{"bfs_id":493,"rcp":"RCP2.6","period":"2035","key":"ID","value":12.3,"estimate":"q95"},{"bfs_id":493,"rcp":"RCP2.6","period":"2060","key":"ID","value":6.3,"estimate":"q5"},{"bfs_id":493,"rcp":"RCP2.6","period":"2060","key":"ID","value":9.6,"estimate":"q50"},{"bfs_id":493,"rcp":"RCP2.6","period":"2060","key":"ID","value":11.7,"estimate":"q95"},{"bfs_id":493,"rcp":"RCP2.6","period":"2085","key":"ID","value":7,"estimate":"q5"},{"bfs_id":493,"rcp":"RCP2.6","period":"2085","key":"ID","value":9.2,"estimate":"q50"},{"bfs_id":493,"rcp":"RCP2.6","period":"2085","key":"ID","value":12.2,"estimate":"q95"},{"bfs_id":493,"rcp":"RCP8.5","period":"2035","key":"ID","value":6.8,"estimate":"q5"},{"bfs_id":493,"rcp":"RCP8.5","period":"2035","key":"ID","value":8.5,"estimate":"q50"},{"bfs_id":493,"rcp":"RCP8.5","period":"2035","key":"ID","value":12,"estimate":"q95"},{"bfs_id":493,"rcp":"RCP8.5","period":"2060","key":"ID","value":4.3,"estimate":"q5"},{"bfs_id":493,"rcp":"RCP8.5","period":"2060","key":"ID","value":6.1,"estimate":"q50"},{"bfs_id":493,"rcp":"RCP8.5","period":"2060","key":"ID","value":8.1,"estimate":"q95"},{"bfs_id":493,"rcp":"RCP8.5","period":"2085","key":"ID","value":0.9,"estimate":"q5"},{"bfs_id":493,"rcp":"RCP8.5","period":"2085","key":"ID","value":2.4,"estimate":"q50"},{"bfs_id":493,"rcp":"RCP8.5","period":"2085","key":"ID","value":4.4,"estimate":"q95"},{"bfs_id":493,"rcp":"RCP2.6","period":"2035","key":"SD","value":56.9,"estimate":"q5"},{"bfs_id":493,"rcp":"RCP2.6","period":"2035","key":"SD","value":63.4,"estimate":"q50"},{"bfs_id":493,"rcp":"RCP2.6","period":"2035","key":"SD","value":72,"estimate":"q95"},{"bfs_id":493,"rcp":"RCP2.6","period":"2060","key":"SD","value":57.4,"estimate":"q5"},{"bfs_id":493,"rcp":"RCP2.6","period":"2060","key":"SD","value":65.3,"estimate":"q50"},{"bfs_id":493,"rcp":"RCP2.6","period":"2060","key":"SD","value":71.5,"estimate":"q95"},{"bfs_id":493,"rcp":"RCP2.6","period":"2085","key":"SD","value":57.6,"estimate":"q5"},{"bfs_id":493,"rcp":"RCP2.6","period":"2085","key":"SD","value":64.7,"estimate":"q50"},{"bfs_id":493,"rcp":"RCP2.6","period":"2085","key":"SD","value":71.3,"estimate":"q95"},{"bfs_id":493,"rcp":"RCP8.5","period":"2035","key":"SD","value":59.7,"estimate":"q5"},{"bfs_id":493,"rcp":"RCP8.5","period":"2035","key":"SD","value":65.6,"estimate":"q50"},{"bfs_id":493,"rcp":"RCP8.5","period":"2035","key":"SD","value":72,"estimate":"q95"},{"bfs_id":493,"rcp":"RCP8.5","period":"2060","key":"SD","value":75.6,"estimate":"q5"},{"bfs_id":493,"rcp":"RCP8.5","period":"2060","key":"SD","value":81.6,"estimate":"q50"},{"bfs_id":493,"rcp":"RCP8.5","period":"2060","key":"SD","value":94.6,"estimate":"q95"},{"bfs_id":493,"rcp":"RCP8.5","period":"2085","key":"SD","value":90.6,"estimate":"q5"},{"bfs_id":493,"rcp":"RCP8.5","period":"2085","key":"SD","value":103.3,"estimate":"q50"},{"bfs_id":493,"rcp":"RCP8.5","period":"2085","key":"SD","value":120.5,"estimate":"q95"},{"bfs_id":493,"rcp":"RCP2.6","period":"2035","key":"snowdays","value":9.5,"estimate":"q5"},{"bfs_id":493,"rcp":"RCP2.6","period":"2035","key":"snowdays","value":13.1,"estimate":"q50"},{"bfs_id":493,"rcp":"RCP2.6","period":"2035","key":"snowdays","value":14.8,"estimate":"q95"},{"bfs_id":493,"rcp":"RCP2.6","period":"2060","key":"snowdays","value":8.8,"estimate":"q5"},{"bfs_id":493,"rcp":"RCP2.6","period":"2060","key":"snowdays","value":12.1,"estimate":"q50"},{"bfs_id":493,"rcp":"RCP2.6","period":"2060","key":"snowdays","value":14.6,"estimate":"q95"},{"bfs_id":493,"rcp":"RCP2.6","period":"2085","key":"snowdays","value":8.4,"estimate":"q5"},{"bfs_id":493,"rcp":"RCP2.6","period":"2085","key":"snowdays","value":12.5,"estimate":"q50"},{"bfs_id":493,"rcp":"RCP2.6","period":"2085","key":"snowdays","value":14.9,"estimate":"q95"},{"bfs_id":493,"rcp":"RCP8.5","period":"2035","key":"snowdays","value":7.7,"estimate":"q5"},{"bfs_id":493,"rcp":"RCP8.5","period":"2035","key":"snowdays","value":12.2,"estimate":"q50"},{"bfs_id":493,"rcp":"RCP8.5","period":"2035","key":"snowdays","value":14.7,"estimate":"q95"},{"bfs_id":493,"rcp":"RCP8.5","period":"2060","key":"snowdays","value":5.6,"estimate":"q5"},{"bfs_id":493,"rcp":"RCP8.5","period":"2060","key":"snowdays","value":8.9,"estimate":"q50"},{"bfs_id":493,"rcp":"RCP8.5","period":"2060","key":"snowdays","value":10.7,"estimate":"q95"},{"bfs_id":493,"rcp":"RCP8.5","period":"2085","key":"snowdays","value":2.4,"estimate":"q5"},{"bfs_id":493,"rcp":"RCP8.5","period":"2085","key":"snowdays","value":4.2,"estimate":"q50"},{"bfs_id":493,"rcp":"RCP8.5","period":"2085","key":"snowdays","value":6.8,"estimate":"q95"},{"bfs_id":493,"rcp":"RCP2.6","period":"2035","key":"TN","value":0.8,"estimate":"q5"},{"bfs_id":493,"rcp":"RCP2.6","period":"2035","key":"TN","value":1.5,"estimate":"q50"},{"bfs_id":493,"rcp":"RCP2.6","period":"2035","key":"TN","value":2.9,"estimate":"q95"},{"bfs_id":493,"rcp":"RCP2.6","period":"2060","key":"TN","value":1,"estimate":"q5"},{"bfs_id":493,"rcp":"RCP2.6","period":"2060","key":"TN","value":1.8,"estimate":"q50"},{"bfs_id":493,"rcp":"RCP2.6","period":"2060","key":"TN","value":3.5,"estimate":"q95"},{"bfs_id":493,"rcp":"RCP2.6","period":"2085","key":"TN","value":1,"estimate":"q5"},{"bfs_id":493,"rcp":"RCP2.6","period":"2085","key":"TN","value":1.7,"estimate":"q50"},{"bfs_id":493,"rcp":"RCP2.6","period":"2085","key":"TN","value":3.3,"estimate":"q95"},{"bfs_id":493,"rcp":"RCP8.5","period":"2035","key":"TN","value":1.2,"estimate":"q5"},{"bfs_id":493,"rcp":"RCP8.5","period":"2035","key":"TN","value":2.1,"estimate":"q50"},{"bfs_id":493,"rcp":"RCP8.5","period":"2035","key":"TN","value":4.4,"estimate":"q95"},{"bfs_id":493,"rcp":"RCP8.5","period":"2060","key":"TN","value":4,"estimate":"q5"},{"bfs_id":493,"rcp":"RCP8.5","period":"2060","key":"TN","value":7.4,"estimate":"q50"},{"bfs_id":493,"rcp":"RCP8.5","period":"2060","key":"TN","value":12.2,"estimate":"q95"},{"bfs_id":493,"rcp":"RCP8.5","period":"2085","key":"TN","value":11.6,"estimate":"q5"},{"bfs_id":493,"rcp":"RCP8.5","period":"2085","key":"TN","value":18.1,"estimate":"q50"},{"bfs_id":493,"rcp":"RCP8.5","period":"2085","key":"TN","value":38.4,"estimate":"q95"},{"bfs_id":493,"rcp":"RCP2.6","period":"2035","key":"pr","value":2.3,"estimate":"q5","season":"DJF"},{"bfs_id":493,"rcp":"RCP2.6","period":"2035","key":"pr","value":2.4,"estimate":"q5","season":"MAM"},{"bfs_id":493,"rcp":"RCP2.6","period":"2035","key":"pr","value":2.4,"estimate":"q5","season":"JJA"},{"bfs_id":493,"rcp":"RCP2.6","period":"2035","key":"pr","value":2.5,"estimate":"q5","season":"SON"},{"bfs_id":493,"rcp":"RCP2.6","period":"2035","key":"pr","value":2.6,"estimate":"q50","season":"DJF"},{"bfs_id":493,"rcp":"RCP2.6","period":"2035","key":"pr","value":2.7,"estimate":"q50","season":"MAM"},{"bfs_id":493,"rcp":"RCP2.6","period":"2035","key":"pr","value":2.9,"estimate":"q50","season":"JJA"},{"bfs_id":493,"rcp":"RCP2.6","period":"2035","key":"pr","value":2.8,"estimate":"q50","season":"SON"},{"bfs_id":493,"rcp":"RCP2.6","period":"2035","key":"pr","value":3.1,"estimate":"q95","season":"DJF"},{"bfs_id":493,"rcp":"RCP2.6","period":"2035","key":"pr","value":3,"estimate":"q95","season":"MAM"},{"bfs_id":493,"rcp":"RCP2.6","period":"2035","key":"pr","value":3.4,"estimate":"q95","season":"JJA"},{"bfs_id":493,"rcp":"RCP2.6","period":"2035","key":"pr","value":3.2,"estimate":"q95","season":"SON"},{"bfs_id":493,"rcp":"RCP2.6","period":"2060","key":"pr","value":2.3,"estimate":"q5","season":"DJF"},{"bfs_id":493,"rcp":"RCP2.6","period":"2060","key":"pr","value":2.5,"estimate":"q5","season":"MAM"},{"bfs_id":493,"rcp":"RCP2.6","period":"2060","key":"pr","value":2.4,"estimate":"q5","season":"JJA"},{"bfs_id":493,"rcp":"RCP2.6","period":"2060","key":"pr","value":2.6,"estimate":"q5","season":"SON"},{"bfs_id":493,"rcp":"RCP2.6","period":"2060","key":"pr","value":2.6,"estimate":"q50","season":"DJF"},{"bfs_id":493,"rcp":"RCP2.6","period":"2060","key":"pr","value":2.7,"estimate":"q50","season":"MAM"},{"bfs_id":493,"rcp":"RCP2.6","period":"2060","key":"pr","value":2.9,"estimate":"q50","season":"JJA"},{"bfs_id":493,"rcp":"RCP2.6","period":"2060","key":"pr","value":2.8,"estimate":"q50","season":"SON"},{"bfs_id":493,"rcp":"RCP2.6","period":"2060","key":"pr","value":2.9,"estimate":"q95","season":"DJF"},{"bfs_id":493,"rcp":"RCP2.6","period":"2060","key":"pr","value":2.9,"estimate":"q95","season":"MAM"},{"bfs_id":493,"rcp":"RCP2.6","period":"2060","key":"pr","value":3.4,"estimate":"q95","season":"JJA"},{"bfs_id":493,"rcp":"RCP2.6","period":"2060","key":"pr","value":3.1,"estimate":"q95","season":"SON"},{"bfs_id":493,"rcp":"RCP2.6","period":"2085","key":"pr","value":2.3,"estimate":"q5","season":"DJF"},{"bfs_id":493,"rcp":"RCP2.6","period":"2085","key":"pr","value":2.5,"estimate":"q5","season":"MAM"},{"bfs_id":493,"rcp":"RCP2.6","period":"2085","key":"pr","value":2.4,"estimate":"q5","season":"JJA"},{"bfs_id":493,"rcp":"RCP2.6","period":"2085","key":"pr","value":2.4,"estimate":"q5","season":"SON"},{"bfs_id":493,"rcp":"RCP2.6","period":"2085","key":"pr","value":2.7,"estimate":"q50","season":"DJF"},{"bfs_id":493,"rcp":"RCP2.6","period":"2085","key":"pr","value":2.7,"estimate":"q50","season":"MAM"},{"bfs_id":493,"rcp":"RCP2.6","period":"2085","key":"pr","value":2.9,"estimate":"q50","season":"JJA"},{"bfs_id":493,"rcp":"RCP2.6","period":"2085","key":"pr","value":2.8,"estimate":"q50","season":"SON"},{"bfs_id":493,"rcp":"RCP2.6","period":"2085","key":"pr","value":3,"estimate":"q95","season":"DJF"},{"bfs_id":493,"rcp":"RCP2.6","period":"2085","key":"pr","value":2.9,"estimate":"q95","season":"MAM"},{"bfs_id":493,"rcp":"RCP2.6","period":"2085","key":"pr","value":3.4,"estimate":"q95","season":"JJA"},{"bfs_id":493,"rcp":"RCP2.6","period":"2085","key":"pr","value":3.2,"estimate":"q95","season":"SON"},{"bfs_id":493,"rcp":"RCP8.5","period":"2035","key":"pr","value":2.4,"estimate":"q5","season":"DJF"},{"bfs_id":493,"rcp":"RCP8.5","period":"2035","key":"pr","value":2.6,"estimate":"q5","season":"MAM"},{"bfs_id":493,"rcp":"RCP8.5","period":"2035","key":"pr","value":2.2,"estimate":"q5","season":"JJA"},{"bfs_id":493,"rcp":"RCP8.5","period":"2035","key":"pr","value":2.5,"estimate":"q5","season":"SON"},{"bfs_id":493,"rcp":"RCP8.5","period":"2035","key":"pr","value":2.8,"estimate":"q50","season":"DJF"},{"bfs_id":493,"rcp":"RCP8.5","period":"2035","key":"pr","value":2.8,"estimate":"q50","season":"MAM"},{"bfs_id":493,"rcp":"RCP8.5","period":"2035","key":"pr","value":2.9,"estimate":"q50","season":"JJA"},{"bfs_id":493,"rcp":"RCP8.5","period":"2035","key":"pr","value":2.9,"estimate":"q50","season":"SON"},{"bfs_id":493,"rcp":"RCP8.5","period":"2035","key":"pr","value":3,"estimate":"q95","season":"DJF"},{"bfs_id":493,"rcp":"RCP8.5","period":"2035","key":"pr","value":3,"estimate":"q95","season":"MAM"},{"bfs_id":493,"rcp":"RCP8.5","period":"2035","key":"pr","value":3.3,"estimate":"q95","season":"JJA"},{"bfs_id":493,"rcp":"RCP8.5","period":"2035","key":"pr","value":3.2,"estimate":"q95","season":"SON"},{"bfs_id":493,"rcp":"RCP8.5","period":"2060","key":"pr","value":2.5,"estimate":"q5","season":"DJF"},{"bfs_id":493,"rcp":"RCP8.5","period":"2060","key":"pr","value":2.7,"estimate":"q5","season":"MAM"},{"bfs_id":493,"rcp":"RCP8.5","period":"2060","key":"pr","value":2,"estimate":"q5","season":"JJA"},{"bfs_id":493,"rcp":"RCP8.5","period":"2060","key":"pr","value":2.5,"estimate":"q5","season":"SON"},{"bfs_id":493,"rcp":"RCP8.5","period":"2060","key":"pr","value":2.8,"estimate":"q50","season":"DJF"},{"bfs_id":493,"rcp":"RCP8.5","period":"2060","key":"pr","value":2.9,"estimate":"q50","season":"MAM"},{"bfs_id":493,"rcp":"RCP8.5","period":"2060","key":"pr","value":2.9,"estimate":"q50","season":"JJA"},{"bfs_id":493,"rcp":"RCP8.5","period":"2060","key":"pr","value":2.9,"estimate":"q50","season":"SON"},{"bfs_id":493,"rcp":"RCP8.5","period":"2060","key":"pr","value":3.1,"estimate":"q95","season":"DJF"},{"bfs_id":493,"rcp":"RCP8.5","period":"2060","key":"pr","value":3.2,"estimate":"q95","season":"MAM"},{"bfs_id":493,"rcp":"RCP8.5","period":"2060","key":"pr","value":3.1,"estimate":"q95","season":"JJA"},{"bfs_id":493,"rcp":"RCP8.5","period":"2060","key":"pr","value":3.2,"estimate":"q95","season":"SON"},{"bfs_id":493,"rcp":"RCP8.5","period":"2085","key":"pr","value":2.7,"estimate":"q5","season":"DJF"},{"bfs_id":493,"rcp":"RCP8.5","period":"2085","key":"pr","value":2.7,"estimate":"q5","season":"MAM"},{"bfs_id":493,"rcp":"RCP8.5","period":"2085","key":"pr","value":1.5,"estimate":"q5","season":"JJA"},{"bfs_id":493,"rcp":"RCP8.5","period":"2085","key":"pr","value":2.3,"estimate":"q5","season":"SON"},{"bfs_id":493,"rcp":"RCP8.5","period":"2085","key":"pr","value":3.1,"estimate":"q50","season":"DJF"},{"bfs_id":493,"rcp":"RCP8.5","period":"2085","key":"pr","value":3,"estimate":"q50","season":"MAM"},{"bfs_id":493,"rcp":"RCP8.5","period":"2085","key":"pr","value":2.4,"estimate":"q50","season":"JJA"},{"bfs_id":493,"rcp":"RCP8.5","period":"2085","key":"pr","value":2.9,"estimate":"q50","season":"SON"},{"bfs_id":493,"rcp":"RCP8.5","period":"2085","key":"pr","value":3.5,"estimate":"q95","season":"DJF"},{"bfs_id":493,"rcp":"RCP8.5","period":"2085","key":"pr","value":3.4,"estimate":"q95","season":"MAM"},{"bfs_id":493,"rcp":"RCP8.5","period":"2085","key":"pr","value":3.1,"estimate":"q95","season":"JJA"},{"bfs_id":493,"rcp":"RCP8.5","period":"2085","key":"pr","value":3.3,"estimate":"q95","season":"SON"},{"bfs_id":493,"rcp":"RCP2.6","period":"2035","key":"tas","value":2.2,"estimate":"q5","season":"DJF"},{"bfs_id":493,"rcp":"RCP2.6","period":"2035","key":"tas","value":9.7,"estimate":"q5","season":"MAM"},{"bfs_id":493,"rcp":"RCP2.6","period":"2035","key":"tas","value":19,"estimate":"q5","season":"JJA"},{"bfs_id":493,"rcp":"RCP2.6","period":"2035","key":"tas","value":10.7,"estimate":"q5","season":"SON"},{"bfs_id":493,"rcp":"RCP2.6","period":"2035","key":"tas","value":2.5,"estimate":"q50","season":"DJF"},{"bfs_id":493,"rcp":"RCP2.6","period":"2035","key":"tas","value":10.3,"estimate":"q50","season":"MAM"},{"bfs_id":493,"rcp":"RCP2.6","period":"2035","key":"tas","value":19.5,"estimate":"q50","season":"JJA"},{"bfs_id":493,"rcp":"RCP2.6","period":"2035","key":"tas","value":11,"estimate":"q50","season":"SON"},{"bfs_id":493,"rcp":"RCP2.6","period":"2035","key":"tas","value":3.3,"estimate":"q95","season":"DJF"},{"bfs_id":493,"rcp":"RCP2.6","period":"2035","key":"tas","value":10.6,"estimate":"q95","season":"MAM"},{"bfs_id":493,"rcp":"RCP2.6","period":"2035","key":"tas","value":20.2,"estimate":"q95","season":"JJA"},{"bfs_id":493,"rcp":"RCP2.6","period":"2035","key":"tas","value":11.8,"estimate":"q95","season":"SON"},{"bfs_id":493,"rcp":"RCP2.6","period":"2060","key":"tas","value":2.1,"estimate":"q5","season":"DJF"},{"bfs_id":493,"rcp":"RCP2.6","period":"2060","key":"tas","value":9.6,"estimate":"q5","season":"MAM"},{"bfs_id":493,"rcp":"RCP2.6","period":"2060","key":"tas","value":19.3,"estimate":"q5","season":"JJA"},{"bfs_id":493,"rcp":"RCP2.6","period":"2060","key":"tas","value":11,"estimate":"q5","season":"SON"},{"bfs_id":493,"rcp":"RCP2.6","period":"2060","key":"tas","value":2.9,"estimate":"q50","season":"DJF"},{"bfs_id":493,"rcp":"RCP2.6","period":"2060","key":"tas","value":10.3,"estimate":"q50","season":"MAM"},{"bfs_id":493,"rcp":"RCP2.6","period":"2060","key":"tas","value":19.7,"estimate":"q50","season":"JJA"},{"bfs_id":493,"rcp":"RCP2.6","period":"2060","key":"tas","value":11.3,"estimate":"q50","season":"SON"},{"bfs_id":493,"rcp":"RCP2.6","period":"2060","key":"tas","value":3.4,"estimate":"q95","season":"DJF"},{"bfs_id":493,"rcp":"RCP2.6","period":"2060","key":"tas","value":10.8,"estimate":"q95","season":"MAM"},{"bfs_id":493,"rcp":"RCP2.6","period":"2060","key":"tas","value":20.3,"estimate":"q95","season":"JJA"},{"bfs_id":493,"rcp":"RCP2.6","period":"2060","key":"tas","value":12.3,"estimate":"q95","season":"SON"},{"bfs_id":493,"rcp":"RCP2.6","period":"2085","key":"tas","value":2.2,"estimate":"q5","season":"DJF"},{"bfs_id":493,"rcp":"RCP2.6","period":"2085","key":"tas","value":9.6,"estimate":"q5","season":"MAM"},{"bfs_id":493,"rcp":"RCP2.6","period":"2085","key":"tas","value":19.2,"estimate":"q5","season":"JJA"},{"bfs_id":493,"rcp":"RCP2.6","period":"2085","key":"tas","value":10.8,"estimate":"q5","season":"SON"},{"bfs_id":493,"rcp":"RCP2.6","period":"2085","key":"tas","value":2.8,"estimate":"q50","season":"DJF"},{"bfs_id":493,"rcp":"RCP2.6","period":"2085","key":"tas","value":10.4,"estimate":"q50","season":"MAM"},{"bfs_id":493,"rcp":"RCP2.6","period":"2085","key":"tas","value":19.7,"estimate":"q50","season":"JJA"},{"bfs_id":493,"rcp":"RCP2.6","period":"2085","key":"tas","value":11.3,"estimate":"q50","season":"SON"},{"bfs_id":493,"rcp":"RCP2.6","period":"2085","key":"tas","value":3.5,"estimate":"q95","season":"DJF"},{"bfs_id":493,"rcp":"RCP2.6","period":"2085","key":"tas","value":10.8,"estimate":"q95","season":"MAM"},{"bfs_id":493,"rcp":"RCP2.6","period":"2085","key":"tas","value":20.2,"estimate":"q95","season":"JJA"},{"bfs_id":493,"rcp":"RCP2.6","period":"2085","key":"tas","value":12.2,"estimate":"q95","season":"SON"},{"bfs_id":493,"rcp":"RCP8.5","period":"2035","key":"tas","value":2.1,"estimate":"q5","season":"DJF"},{"bfs_id":493,"rcp":"RCP8.5","period":"2035","key":"tas","value":9.9,"estimate":"q5","season":"MAM"},{"bfs_id":493,"rcp":"RCP8.5","period":"2035","key":"tas","value":19.4,"estimate":"q5","season":"JJA"},{"bfs_id":493,"rcp":"RCP8.5","period":"2035","key":"tas","value":11,"estimate":"q5","season":"SON"},{"bfs_id":493,"rcp":"RCP8.5","period":"2035","key":"tas","value":2.9,"estimate":"q50","season":"DJF"},{"bfs_id":493,"rcp":"RCP8.5","period":"2035","key":"tas","value":10.3,"estimate":"q50","season":"MAM"},{"bfs_id":493,"rcp":"RCP8.5","period":"2035","key":"tas","value":19.8,"estimate":"q50","season":"JJA"},{"bfs_id":493,"rcp":"RCP8.5","period":"2035","key":"tas","value":11.4,"estimate":"q50","season":"SON"},{"bfs_id":493,"rcp":"RCP8.5","period":"2035","key":"tas","value":3.3,"estimate":"q95","season":"DJF"},{"bfs_id":493,"rcp":"RCP8.5","period":"2035","key":"tas","value":10.7,"estimate":"q95","season":"MAM"},{"bfs_id":493,"rcp":"RCP8.5","period":"2035","key":"tas","value":20.4,"estimate":"q95","season":"JJA"},{"bfs_id":493,"rcp":"RCP8.5","period":"2035","key":"tas","value":12.3,"estimate":"q95","season":"SON"},{"bfs_id":493,"rcp":"RCP8.5","period":"2060","key":"tas","value":3.2,"estimate":"q5","season":"DJF"},{"bfs_id":493,"rcp":"RCP8.5","period":"2060","key":"tas","value":10.7,"estimate":"q5","season":"MAM"},{"bfs_id":493,"rcp":"RCP8.5","period":"2060","key":"tas","value":20.5,"estimate":"q5","season":"JJA"},{"bfs_id":493,"rcp":"RCP8.5","period":"2060","key":"tas","value":12,"estimate":"q5","season":"SON"},{"bfs_id":493,"rcp":"RCP8.5","period":"2060","key":"tas","value":3.7,"estimate":"q50","season":"DJF"},{"bfs_id":493,"rcp":"RCP8.5","period":"2060","key":"tas","value":11.2,"estimate":"q50","season":"MAM"},{"bfs_id":493,"rcp":"RCP8.5","period":"2060","key":"tas","value":21,"estimate":"q50","season":"JJA"},{"bfs_id":493,"rcp":"RCP8.5","period":"2060","key":"tas","value":12.7,"estimate":"q50","season":"SON"},{"bfs_id":493,"rcp":"RCP8.5","period":"2060","key":"tas","value":4.4,"estimate":"q95","season":"DJF"},{"bfs_id":493,"rcp":"RCP8.5","period":"2060","key":"tas","value":11.8,"estimate":"q95","season":"MAM"},{"bfs_id":493,"rcp":"RCP8.5","period":"2060","key":"tas","value":22,"estimate":"q95","season":"JJA"},{"bfs_id":493,"rcp":"RCP8.5","period":"2060","key":"tas","value":13.5,"estimate":"q95","season":"SON"},{"bfs_id":493,"rcp":"RCP8.5","period":"2085","key":"tas","value":4.4,"estimate":"q5","season":"DJF"},{"bfs_id":493,"rcp":"RCP8.5","period":"2085","key":"tas","value":11.7,"estimate":"q5","season":"MAM"},{"bfs_id":493,"rcp":"RCP8.5","period":"2085","key":"tas","value":21.8,"estimate":"q5","season":"JJA"},{"bfs_id":493,"rcp":"RCP8.5","period":"2085","key":"tas","value":13.2,"estimate":"q5","season":"SON"},{"bfs_id":493,"rcp":"RCP8.5","period":"2085","key":"tas","value":5.3,"estimate":"q50","season":"DJF"},{"bfs_id":493,"rcp":"RCP8.5","period":"2085","key":"tas","value":12.5,"estimate":"q50","season":"MAM"},{"bfs_id":493,"rcp":"RCP8.5","period":"2085","key":"tas","value":22.7,"estimate":"q50","season":"JJA"},{"bfs_id":493,"rcp":"RCP8.5","period":"2085","key":"tas","value":14.1,"estimate":"q50","season":"SON"},{"bfs_id":493,"rcp":"RCP8.5","period":"2085","key":"tas","value":6.1,"estimate":"q95","season":"DJF"},{"bfs_id":493,"rcp":"RCP8.5","period":"2085","key":"tas","value":13.6,"estimate":"q95","season":"MAM"},{"bfs_id":493,"rcp":"RCP8.5","period":"2085","key":"tas","value":24.9,"estimate":"q95","season":"JJA"},{"bfs_id":493,"rcp":"RCP8.5","period":"2085","key":"tas","value":15.6,"estimate":"q95","season":"SON"},{"bfs_id":493,"rcp":"obs","period":"1981-2010","key":"FD","value":73,"estimate":"yearly_mean"},{"bfs_id":493,"rcp":"obs","period":"1981-2010","key":"HD","value":9,"estimate":"yearly_mean"},{"bfs_id":493,"rcp":"obs","period":"1981-2010","key":"ID","value":14.3,"estimate":"yearly_mean"},{"bfs_id":493,"rcp":"obs","period":"1981-2010","key":"SD","value":49.7,"estimate":"yearly_mean"},{"bfs_id":493,"rcp":"obs","period":"1981-2010","key":"snowdays","value":13.8,"estimate":"yearly_mean"},{"bfs_id":493,"rcp":"obs","period":"1981-2010","key":"TN","value":0.2,"estimate":"yearly_mean"},{"bfs_id":493,"rcp":"obs","period":"1981-2010","key":"pr","value":2.3,"estimate":"mean","season":"DJF"},{"bfs_id":493,"rcp":"obs","period":"1981-2010","key":"pr","value":2.6,"estimate":"mean","season":"MAM"},{"bfs_id":493,"rcp":"obs","period":"1981-2010","key":"pr","value":3.2,"estimate":"mean","season":"JJA"},{"bfs_id":493,"rcp":"obs","period":"1981-2010","key":"pr","value":2.9,"estimate":"mean","season":"SON"},{"bfs_id":493,"rcp":"obs","period":"1981-2010","key":"tas","value":1.4,"estimate":"mean","season":"DJF"},{"bfs_id":493,"rcp":"obs","period":"1981-2010","key":"tas","value":9.6,"estimate":"mean","season":"MAM"},{"bfs_id":493,"rcp":"obs","period":"1981-2010","key":"tas","value":18.5,"estimate":"mean","season":"JJA"},{"bfs_id":493,"rcp":"obs","period":"1981-2010","key":"tas","value":10,"estimate":"mean","season":"SON"}]
