[{"bfs_id":6634,"rcp":"RCP2.6","period":"2035","key":"FD","value":45.2,"estimate":"q5"},{"bfs_id":6634,"rcp":"RCP2.6","period":"2035","key":"FD","value":54.9,"estimate":"q50"},{"bfs_id":6634,"rcp":"RCP2.6","period":"2035","key":"FD","value":60,"estimate":"q95"},{"bfs_id":6634,"rcp":"RCP2.6","period":"2060","key":"FD","value":41.6,"estimate":"q5"},{"bfs_id":6634,"rcp":"RCP2.6","period":"2060","key":"FD","value":51.4,"estimate":"q50"},{"bfs_id":6634,"rcp":"RCP2.6","period":"2060","key":"FD","value":56.7,"estimate":"q95"},{"bfs_id":6634,"rcp":"RCP2.6","period":"2085","key":"FD","value":41.8,"estimate":"q5"},{"bfs_id":6634,"rcp":"RCP2.6","period":"2085","key":"FD","value":51.9,"estimate":"q50"},{"bfs_id":6634,"rcp":"RCP2.6","period":"2085","key":"FD","value":57,"estimate":"q95"},{"bfs_id":6634,"rcp":"RCP8.5","period":"2035","key":"FD","value":43,"estimate":"q5"},{"bfs_id":6634,"rcp":"RCP8.5","period":"2035","key":"FD","value":51.4,"estimate":"q50"},{"bfs_id":6634,"rcp":"RCP8.5","period":"2035","key":"FD","value":55.4,"estimate":"q95"},{"bfs_id":6634,"rcp":"RCP8.5","period":"2060","key":"FD","value":29.5,"estimate":"q5"},{"bfs_id":6634,"rcp":"RCP8.5","period":"2060","key":"FD","value":37.1,"estimate":"q50"},{"bfs_id":6634,"rcp":"RCP8.5","period":"2060","key":"FD","value":44,"estimate":"q95"},{"bfs_id":6634,"rcp":"RCP8.5","period":"2085","key":"FD","value":14.9,"estimate":"q5"},{"bfs_id":6634,"rcp":"RCP8.5","period":"2085","key":"FD","value":21.1,"estimate":"q50"},{"bfs_id":6634,"rcp":"RCP8.5","period":"2085","key":"FD","value":28.5,"estimate":"q95"},{"bfs_id":6634,"rcp":"RCP2.6","period":"2035","key":"HD","value":18.6,"estimate":"q5"},{"bfs_id":6634,"rcp":"RCP2.6","period":"2035","key":"HD","value":25.2,"estimate":"q50"},{"bfs_id":6634,"rcp":"RCP2.6","period":"2035","key":"HD","value":31.7,"estimate":"q95"},{"bfs_id":6634,"rcp":"RCP2.6","period":"2060","key":"HD","value":20.9,"estimate":"q5"},{"bfs_id":6634,"rcp":"RCP2.6","period":"2060","key":"HD","value":25.7,"estimate":"q50"},{"bfs_id":6634,"rcp":"RCP2.6","period":"2060","key":"HD","value":33.6,"estimate":"q95"},{"bfs_id":6634,"rcp":"RCP2.6","period":"2085","key":"HD","value":20.5,"estimate":"q5"},{"bfs_id":6634,"rcp":"RCP2.6","period":"2085","key":"HD","value":25.4,"estimate":"q50"},{"bfs_id":6634,"rcp":"RCP2.6","period":"2085","key":"HD","value":33.2,"estimate":"q95"},{"bfs_id":6634,"rcp":"RCP8.5","period":"2035","key":"HD","value":23,"estimate":"q5"},{"bfs_id":6634,"rcp":"RCP8.5","period":"2035","key":"HD","value":26.6,"estimate":"q50"},{"bfs_id":6634,"rcp":"RCP8.5","period":"2035","key":"HD","value":32.5,"estimate":"q95"},{"bfs_id":6634,"rcp":"RCP8.5","period":"2060","key":"HD","value":32,"estimate":"q5"},{"bfs_id":6634,"rcp":"RCP8.5","period":"2060","key":"HD","value":39.5,"estimate":"q50"},{"bfs_id":6634,"rcp":"RCP8.5","period":"2060","key":"HD","value":55.9,"estimate":"q95"},{"bfs_id":6634,"rcp":"RCP8.5","period":"2085","key":"HD","value":49.5,"estimate":"q5"},{"bfs_id":6634,"rcp":"RCP8.5","period":"2085","key":"HD","value":59.8,"estimate":"q50"},{"bfs_id":6634,"rcp":"RCP8.5","period":"2085","key":"HD","value":79.5,"estimate":"q95"},{"bfs_id":6634,"rcp":"RCP2.6","period":"2035","key":"ID","value":3.7,"estimate":"q5"},{"bfs_id":6634,"rcp":"RCP2.6","period":"2035","key":"ID","value":5,"estimate":"q50"},{"bfs_id":6634,"rcp":"RCP2.6","period":"2035","key":"ID","value":7.4,"estimate":"q95"},{"bfs_id":6634,"rcp":"RCP2.6","period":"2060","key":"ID","value":2.7,"estimate":"q5"},{"bfs_id":6634,"rcp":"RCP2.6","period":"2060","key":"ID","value":5.2,"estimate":"q50"},{"bfs_id":6634,"rcp":"RCP2.6","period":"2060","key":"ID","value":7,"estimate":"q95"},{"bfs_id":6634,"rcp":"RCP2.6","period":"2085","key":"ID","value":3.4,"estimate":"q5"},{"bfs_id":6634,"rcp":"RCP2.6","period":"2085","key":"ID","value":4.6,"estimate":"q50"},{"bfs_id":6634,"rcp":"RCP2.6","period":"2085","key":"ID","value":7.2,"estimate":"q95"},{"bfs_id":6634,"rcp":"RCP8.5","period":"2035","key":"ID","value":2.9,"estimate":"q5"},{"bfs_id":6634,"rcp":"RCP8.5","period":"2035","key":"ID","value":5,"estimate":"q50"},{"bfs_id":6634,"rcp":"RCP8.5","period":"2035","key":"ID","value":6.4,"estimate":"q95"},{"bfs_id":6634,"rcp":"RCP8.5","period":"2060","key":"ID","value":1.8,"estimate":"q5"},{"bfs_id":6634,"rcp":"RCP8.5","period":"2060","key":"ID","value":3.1,"estimate":"q50"},{"bfs_id":6634,"rcp":"RCP8.5","period":"2060","key":"ID","value":4.2,"estimate":"q95"},{"bfs_id":6634,"rcp":"RCP8.5","period":"2085","key":"ID","value":0.5,"estimate":"q5"},{"bfs_id":6634,"rcp":"RCP8.5","period":"2085","key":"ID","value":1,"estimate":"q50"},{"bfs_id":6634,"rcp":"RCP8.5","period":"2085","key":"ID","value":2.2,"estimate":"q95"},{"bfs_id":6634,"rcp":"RCP2.6","period":"2035","key":"SD","value":67.4,"estimate":"q5"},{"bfs_id":6634,"rcp":"RCP2.6","period":"2035","key":"SD","value":75.3,"estimate":"q50"},{"bfs_id":6634,"rcp":"RCP2.6","period":"2035","key":"SD","value":83,"estimate":"q95"},{"bfs_id":6634,"rcp":"RCP2.6","period":"2060","key":"SD","value":69.8,"estimate":"q5"},{"bfs_id":6634,"rcp":"RCP2.6","period":"2060","key":"SD","value":76.8,"estimate":"q50"},{"bfs_id":6634,"rcp":"RCP2.6","period":"2060","key":"SD","value":83.7,"estimate":"q95"},{"bfs_id":6634,"rcp":"RCP2.6","period":"2085","key":"SD","value":70,"estimate":"q5"},{"bfs_id":6634,"rcp":"RCP2.6","period":"2085","key":"SD","value":76.7,"estimate":"q50"},{"bfs_id":6634,"rcp":"RCP2.6","period":"2085","key":"SD","value":83.4,"estimate":"q95"},{"bfs_id":6634,"rcp":"RCP8.5","period":"2035","key":"SD","value":72.5,"estimate":"q5"},{"bfs_id":6634,"rcp":"RCP8.5","period":"2035","key":"SD","value":78.2,"estimate":"q50"},{"bfs_id":6634,"rcp":"RCP8.5","period":"2035","key":"SD","value":83.2,"estimate":"q95"},{"bfs_id":6634,"rcp":"RCP8.5","period":"2060","key":"SD","value":88.4,"estimate":"q5"},{"bfs_id":6634,"rcp":"RCP8.5","period":"2060","key":"SD","value":95.1,"estimate":"q50"},{"bfs_id":6634,"rcp":"RCP8.5","period":"2060","key":"SD","value":105.7,"estimate":"q95"},{"bfs_id":6634,"rcp":"RCP8.5","period":"2085","key":"SD","value":102.7,"estimate":"q5"},{"bfs_id":6634,"rcp":"RCP8.5","period":"2085","key":"SD","value":115.8,"estimate":"q50"},{"bfs_id":6634,"rcp":"RCP8.5","period":"2085","key":"SD","value":128.7,"estimate":"q95"},{"bfs_id":6634,"rcp":"RCP2.6","period":"2035","key":"snowdays","value":4.5,"estimate":"q5"},{"bfs_id":6634,"rcp":"RCP2.6","period":"2035","key":"snowdays","value":7.7,"estimate":"q50"},{"bfs_id":6634,"rcp":"RCP2.6","period":"2035","key":"snowdays","value":10.1,"estimate":"q95"},{"bfs_id":6634,"rcp":"RCP2.6","period":"2060","key":"snowdays","value":4,"estimate":"q5"},{"bfs_id":6634,"rcp":"RCP2.6","period":"2060","key":"snowdays","value":6.6,"estimate":"q50"},{"bfs_id":6634,"rcp":"RCP2.6","period":"2060","key":"snowdays","value":10,"estimate":"q95"},{"bfs_id":6634,"rcp":"RCP2.6","period":"2085","key":"snowdays","value":3.9,"estimate":"q5"},{"bfs_id":6634,"rcp":"RCP2.6","period":"2085","key":"snowdays","value":6.9,"estimate":"q50"},{"bfs_id":6634,"rcp":"RCP2.6","period":"2085","key":"snowdays","value":10.2,"estimate":"q95"},{"bfs_id":6634,"rcp":"RCP8.5","period":"2035","key":"snowdays","value":3.6,"estimate":"q5"},{"bfs_id":6634,"rcp":"RCP8.5","period":"2035","key":"snowdays","value":6.6,"estimate":"q50"},{"bfs_id":6634,"rcp":"RCP8.5","period":"2035","key":"snowdays","value":9.9,"estimate":"q95"},{"bfs_id":6634,"rcp":"RCP8.5","period":"2060","key":"snowdays","value":2.4,"estimate":"q5"},{"bfs_id":6634,"rcp":"RCP8.5","period":"2060","key":"snowdays","value":4.3,"estimate":"q50"},{"bfs_id":6634,"rcp":"RCP8.5","period":"2060","key":"snowdays","value":6.4,"estimate":"q95"},{"bfs_id":6634,"rcp":"RCP8.5","period":"2085","key":"snowdays","value":0.7,"estimate":"q5"},{"bfs_id":6634,"rcp":"RCP8.5","period":"2085","key":"snowdays","value":2.4,"estimate":"q50"},{"bfs_id":6634,"rcp":"RCP8.5","period":"2085","key":"snowdays","value":3.3,"estimate":"q95"},{"bfs_id":6634,"rcp":"RCP2.6","period":"2035","key":"TN","value":1.4,"estimate":"q5"},{"bfs_id":6634,"rcp":"RCP2.6","period":"2035","key":"TN","value":3,"estimate":"q50"},{"bfs_id":6634,"rcp":"RCP2.6","period":"2035","key":"TN","value":5.3,"estimate":"q95"},{"bfs_id":6634,"rcp":"RCP2.6","period":"2060","key":"TN","value":2,"estimate":"q5"},{"bfs_id":6634,"rcp":"RCP2.6","period":"2060","key":"TN","value":3.3,"estimate":"q50"},{"bfs_id":6634,"rcp":"RCP2.6","period":"2060","key":"TN","value":6.3,"estimate":"q95"},{"bfs_id":6634,"rcp":"RCP2.6","period":"2085","key":"TN","value":1.7,"estimate":"q5"},{"bfs_id":6634,"rcp":"RCP2.6","period":"2085","key":"TN","value":3.4,"estimate":"q50"},{"bfs_id":6634,"rcp":"RCP2.6","period":"2085","key":"TN","value":5.6,"estimate":"q95"},{"bfs_id":6634,"rcp":"RCP8.5","period":"2035","key":"TN","value":2.2,"estimate":"q5"},{"bfs_id":6634,"rcp":"RCP8.5","period":"2035","key":"TN","value":4.1,"estimate":"q50"},{"bfs_id":6634,"rcp":"RCP8.5","period":"2035","key":"TN","value":7.7,"estimate":"q95"},{"bfs_id":6634,"rcp":"RCP8.5","period":"2060","key":"TN","value":6.1,"estimate":"q5"},{"bfs_id":6634,"rcp":"RCP8.5","period":"2060","key":"TN","value":13.8,"estimate":"q50"},{"bfs_id":6634,"rcp":"RCP8.5","period":"2060","key":"TN","value":19.1,"estimate":"q95"},{"bfs_id":6634,"rcp":"RCP8.5","period":"2085","key":"TN","value":17.8,"estimate":"q5"},{"bfs_id":6634,"rcp":"RCP8.5","period":"2085","key":"TN","value":24.8,"estimate":"q50"},{"bfs_id":6634,"rcp":"RCP8.5","period":"2085","key":"TN","value":47,"estimate":"q95"},{"bfs_id":6634,"rcp":"RCP2.6","period":"2035","key":"pr","value":2.3,"estimate":"q5","season":"DJF"},{"bfs_id":6634,"rcp":"RCP2.6","period":"2035","key":"pr","value":2,"estimate":"q5","season":"MAM"},{"bfs_id":6634,"rcp":"RCP2.6","period":"2035","key":"pr","value":1.8,"estimate":"q5","season":"JJA"},{"bfs_id":6634,"rcp":"RCP2.6","period":"2035","key":"pr","value":2.4,"estimate":"q5","season":"SON"},{"bfs_id":6634,"rcp":"RCP2.6","period":"2035","key":"pr","value":2.7,"estimate":"q50","season":"DJF"},{"bfs_id":6634,"rcp":"RCP2.6","period":"2035","key":"pr","value":2.5,"estimate":"q50","season":"MAM"},{"bfs_id":6634,"rcp":"RCP2.6","period":"2035","key":"pr","value":2.2,"estimate":"q50","season":"JJA"},{"bfs_id":6634,"rcp":"RCP2.6","period":"2035","key":"pr","value":2.9,"estimate":"q50","season":"SON"},{"bfs_id":6634,"rcp":"RCP2.6","period":"2035","key":"pr","value":3.2,"estimate":"q95","season":"DJF"},{"bfs_id":6634,"rcp":"RCP2.6","period":"2035","key":"pr","value":2.8,"estimate":"q95","season":"MAM"},{"bfs_id":6634,"rcp":"RCP2.6","period":"2035","key":"pr","value":2.6,"estimate":"q95","season":"JJA"},{"bfs_id":6634,"rcp":"RCP2.6","period":"2035","key":"pr","value":3.4,"estimate":"q95","season":"SON"},{"bfs_id":6634,"rcp":"RCP2.6","period":"2060","key":"pr","value":2.4,"estimate":"q5","season":"DJF"},{"bfs_id":6634,"rcp":"RCP2.6","period":"2060","key":"pr","value":2.2,"estimate":"q5","season":"MAM"},{"bfs_id":6634,"rcp":"RCP2.6","period":"2060","key":"pr","value":1.9,"estimate":"q5","season":"JJA"},{"bfs_id":6634,"rcp":"RCP2.6","period":"2060","key":"pr","value":2.7,"estimate":"q5","season":"SON"},{"bfs_id":6634,"rcp":"RCP2.6","period":"2060","key":"pr","value":2.8,"estimate":"q50","season":"DJF"},{"bfs_id":6634,"rcp":"RCP2.6","period":"2060","key":"pr","value":2.5,"estimate":"q50","season":"MAM"},{"bfs_id":6634,"rcp":"RCP2.6","period":"2060","key":"pr","value":2.2,"estimate":"q50","season":"JJA"},{"bfs_id":6634,"rcp":"RCP2.6","period":"2060","key":"pr","value":2.9,"estimate":"q50","season":"SON"},{"bfs_id":6634,"rcp":"RCP2.6","period":"2060","key":"pr","value":3,"estimate":"q95","season":"DJF"},{"bfs_id":6634,"rcp":"RCP2.6","period":"2060","key":"pr","value":2.8,"estimate":"q95","season":"MAM"},{"bfs_id":6634,"rcp":"RCP2.6","period":"2060","key":"pr","value":2.7,"estimate":"q95","season":"JJA"},{"bfs_id":6634,"rcp":"RCP2.6","period":"2060","key":"pr","value":3.2,"estimate":"q95","season":"SON"},{"bfs_id":6634,"rcp":"RCP2.6","period":"2085","key":"pr","value":2.5,"estimate":"q5","season":"DJF"},{"bfs_id":6634,"rcp":"RCP2.6","period":"2085","key":"pr","value":2.3,"estimate":"q5","season":"MAM"},{"bfs_id":6634,"rcp":"RCP2.6","period":"2085","key":"pr","value":1.9,"estimate":"q5","season":"JJA"},{"bfs_id":6634,"rcp":"RCP2.6","period":"2085","key":"pr","value":2.3,"estimate":"q5","season":"SON"},{"bfs_id":6634,"rcp":"RCP2.6","period":"2085","key":"pr","value":2.8,"estimate":"q50","season":"DJF"},{"bfs_id":6634,"rcp":"RCP2.6","period":"2085","key":"pr","value":2.4,"estimate":"q50","season":"MAM"},{"bfs_id":6634,"rcp":"RCP2.6","period":"2085","key":"pr","value":2.3,"estimate":"q50","season":"JJA"},{"bfs_id":6634,"rcp":"RCP2.6","period":"2085","key":"pr","value":2.9,"estimate":"q50","season":"SON"},{"bfs_id":6634,"rcp":"RCP2.6","period":"2085","key":"pr","value":3.1,"estimate":"q95","season":"DJF"},{"bfs_id":6634,"rcp":"RCP2.6","period":"2085","key":"pr","value":2.8,"estimate":"q95","season":"MAM"},{"bfs_id":6634,"rcp":"RCP2.6","period":"2085","key":"pr","value":2.7,"estimate":"q95","season":"JJA"},{"bfs_id":6634,"rcp":"RCP2.6","period":"2085","key":"pr","value":3.3,"estimate":"q95","season":"SON"},{"bfs_id":6634,"rcp":"RCP8.5","period":"2035","key":"pr","value":2.5,"estimate":"q5","season":"DJF"},{"bfs_id":6634,"rcp":"RCP8.5","period":"2035","key":"pr","value":2.2,"estimate":"q5","season":"MAM"},{"bfs_id":6634,"rcp":"RCP8.5","period":"2035","key":"pr","value":1.7,"estimate":"q5","season":"JJA"},{"bfs_id":6634,"rcp":"RCP8.5","period":"2035","key":"pr","value":2.5,"estimate":"q5","season":"SON"},{"bfs_id":6634,"rcp":"RCP8.5","period":"2035","key":"pr","value":2.9,"estimate":"q50","season":"DJF"},{"bfs_id":6634,"rcp":"RCP8.5","period":"2035","key":"pr","value":2.6,"estimate":"q50","season":"MAM"},{"bfs_id":6634,"rcp":"RCP8.5","period":"2035","key":"pr","value":2.3,"estimate":"q50","season":"JJA"},{"bfs_id":6634,"rcp":"RCP8.5","period":"2035","key":"pr","value":3,"estimate":"q50","season":"SON"},{"bfs_id":6634,"rcp":"RCP8.5","period":"2035","key":"pr","value":3.2,"estimate":"q95","season":"DJF"},{"bfs_id":6634,"rcp":"RCP8.5","period":"2035","key":"pr","value":2.8,"estimate":"q95","season":"MAM"},{"bfs_id":6634,"rcp":"RCP8.5","period":"2035","key":"pr","value":2.6,"estimate":"q95","season":"JJA"},{"bfs_id":6634,"rcp":"RCP8.5","period":"2035","key":"pr","value":3.3,"estimate":"q95","season":"SON"},{"bfs_id":6634,"rcp":"RCP8.5","period":"2060","key":"pr","value":2.7,"estimate":"q5","season":"DJF"},{"bfs_id":6634,"rcp":"RCP8.5","period":"2060","key":"pr","value":2.3,"estimate":"q5","season":"MAM"},{"bfs_id":6634,"rcp":"RCP8.5","period":"2060","key":"pr","value":1.4,"estimate":"q5","season":"JJA"},{"bfs_id":6634,"rcp":"RCP8.5","period":"2060","key":"pr","value":2.6,"estimate":"q5","season":"SON"},{"bfs_id":6634,"rcp":"RCP8.5","period":"2060","key":"pr","value":2.9,"estimate":"q50","season":"DJF"},{"bfs_id":6634,"rcp":"RCP8.5","period":"2060","key":"pr","value":2.6,"estimate":"q50","season":"MAM"},{"bfs_id":6634,"rcp":"RCP8.5","period":"2060","key":"pr","value":2.2,"estimate":"q50","season":"JJA"},{"bfs_id":6634,"rcp":"RCP8.5","period":"2060","key":"pr","value":3,"estimate":"q50","season":"SON"},{"bfs_id":6634,"rcp":"RCP8.5","period":"2060","key":"pr","value":3.3,"estimate":"q95","season":"DJF"},{"bfs_id":6634,"rcp":"RCP8.5","period":"2060","key":"pr","value":2.9,"estimate":"q95","season":"MAM"},{"bfs_id":6634,"rcp":"RCP8.5","period":"2060","key":"pr","value":2.5,"estimate":"q95","season":"JJA"},{"bfs_id":6634,"rcp":"RCP8.5","period":"2060","key":"pr","value":3.2,"estimate":"q95","season":"SON"},{"bfs_id":6634,"rcp":"RCP8.5","period":"2085","key":"pr","value":2.8,"estimate":"q5","season":"DJF"},{"bfs_id":6634,"rcp":"RCP8.5","period":"2085","key":"pr","value":2.2,"estimate":"q5","season":"MAM"},{"bfs_id":6634,"rcp":"RCP8.5","period":"2085","key":"pr","value":1.1,"estimate":"q5","season":"JJA"},{"bfs_id":6634,"rcp":"RCP8.5","period":"2085","key":"pr","value":2.4,"estimate":"q5","season":"SON"},{"bfs_id":6634,"rcp":"RCP8.5","period":"2085","key":"pr","value":3.3,"estimate":"q50","season":"DJF"},{"bfs_id":6634,"rcp":"RCP8.5","period":"2085","key":"pr","value":2.7,"estimate":"q50","season":"MAM"},{"bfs_id":6634,"rcp":"RCP8.5","period":"2085","key":"pr","value":1.8,"estimate":"q50","season":"JJA"},{"bfs_id":6634,"rcp":"RCP8.5","period":"2085","key":"pr","value":3,"estimate":"q50","season":"SON"},{"bfs_id":6634,"rcp":"RCP8.5","period":"2085","key":"pr","value":3.8,"estimate":"q95","season":"DJF"},{"bfs_id":6634,"rcp":"RCP8.5","period":"2085","key":"pr","value":3,"estimate":"q95","season":"MAM"},{"bfs_id":6634,"rcp":"RCP8.5","period":"2085","key":"pr","value":2.3,"estimate":"q95","season":"JJA"},{"bfs_id":6634,"rcp":"RCP8.5","period":"2085","key":"pr","value":3.5,"estimate":"q95","season":"SON"},{"bfs_id":6634,"rcp":"RCP2.6","period":"2035","key":"tas","value":3.2,"estimate":"q5","season":"DJF"},{"bfs_id":6634,"rcp":"RCP2.6","period":"2035","key":"tas","value":10.4,"estimate":"q5","season":"MAM"},{"bfs_id":6634,"rcp":"RCP2.6","period":"2035","key":"tas","value":19.8,"estimate":"q5","season":"JJA"},{"bfs_id":6634,"rcp":"RCP2.6","period":"2035","key":"tas","value":11.6,"estimate":"q5","season":"SON"},{"bfs_id":6634,"rcp":"RCP2.6","period":"2035","key":"tas","value":3.5,"estimate":"q50","season":"DJF"},{"bfs_id":6634,"rcp":"RCP2.6","period":"2035","key":"tas","value":11,"estimate":"q50","season":"MAM"},{"bfs_id":6634,"rcp":"RCP2.6","period":"2035","key":"tas","value":20.5,"estimate":"q50","season":"JJA"},{"bfs_id":6634,"rcp":"RCP2.6","period":"2035","key":"tas","value":12,"estimate":"q50","season":"SON"},{"bfs_id":6634,"rcp":"RCP2.6","period":"2035","key":"tas","value":4.2,"estimate":"q95","season":"DJF"},{"bfs_id":6634,"rcp":"RCP2.6","period":"2035","key":"tas","value":11.3,"estimate":"q95","season":"MAM"},{"bfs_id":6634,"rcp":"RCP2.6","period":"2035","key":"tas","value":21.2,"estimate":"q95","season":"JJA"},{"bfs_id":6634,"rcp":"RCP2.6","period":"2035","key":"tas","value":12.8,"estimate":"q95","season":"SON"},{"bfs_id":6634,"rcp":"RCP2.6","period":"2060","key":"tas","value":3.1,"estimate":"q5","season":"DJF"},{"bfs_id":6634,"rcp":"RCP2.6","period":"2060","key":"tas","value":10.3,"estimate":"q5","season":"MAM"},{"bfs_id":6634,"rcp":"RCP2.6","period":"2060","key":"tas","value":20.1,"estimate":"q5","season":"JJA"},{"bfs_id":6634,"rcp":"RCP2.6","period":"2060","key":"tas","value":11.9,"estimate":"q5","season":"SON"},{"bfs_id":6634,"rcp":"RCP2.6","period":"2060","key":"tas","value":3.9,"estimate":"q50","season":"DJF"},{"bfs_id":6634,"rcp":"RCP2.6","period":"2060","key":"tas","value":11,"estimate":"q50","season":"MAM"},{"bfs_id":6634,"rcp":"RCP2.6","period":"2060","key":"tas","value":20.6,"estimate":"q50","season":"JJA"},{"bfs_id":6634,"rcp":"RCP2.6","period":"2060","key":"tas","value":12.3,"estimate":"q50","season":"SON"},{"bfs_id":6634,"rcp":"RCP2.6","period":"2060","key":"tas","value":4.4,"estimate":"q95","season":"DJF"},{"bfs_id":6634,"rcp":"RCP2.6","period":"2060","key":"tas","value":11.5,"estimate":"q95","season":"MAM"},{"bfs_id":6634,"rcp":"RCP2.6","period":"2060","key":"tas","value":21.3,"estimate":"q95","season":"JJA"},{"bfs_id":6634,"rcp":"RCP2.6","period":"2060","key":"tas","value":13.2,"estimate":"q95","season":"SON"},{"bfs_id":6634,"rcp":"RCP2.6","period":"2085","key":"tas","value":3.1,"estimate":"q5","season":"DJF"},{"bfs_id":6634,"rcp":"RCP2.6","period":"2085","key":"tas","value":10.4,"estimate":"q5","season":"MAM"},{"bfs_id":6634,"rcp":"RCP2.6","period":"2085","key":"tas","value":20,"estimate":"q5","season":"JJA"},{"bfs_id":6634,"rcp":"RCP2.6","period":"2085","key":"tas","value":11.7,"estimate":"q5","season":"SON"},{"bfs_id":6634,"rcp":"RCP2.6","period":"2085","key":"tas","value":3.8,"estimate":"q50","season":"DJF"},{"bfs_id":6634,"rcp":"RCP2.6","period":"2085","key":"tas","value":11.1,"estimate":"q50","season":"MAM"},{"bfs_id":6634,"rcp":"RCP2.6","period":"2085","key":"tas","value":20.6,"estimate":"q50","season":"JJA"},{"bfs_id":6634,"rcp":"RCP2.6","period":"2085","key":"tas","value":12.3,"estimate":"q50","season":"SON"},{"bfs_id":6634,"rcp":"RCP2.6","period":"2085","key":"tas","value":4.5,"estimate":"q95","season":"DJF"},{"bfs_id":6634,"rcp":"RCP2.6","period":"2085","key":"tas","value":11.6,"estimate":"q95","season":"MAM"},{"bfs_id":6634,"rcp":"RCP2.6","period":"2085","key":"tas","value":21.2,"estimate":"q95","season":"JJA"},{"bfs_id":6634,"rcp":"RCP2.6","period":"2085","key":"tas","value":13.1,"estimate":"q95","season":"SON"},{"bfs_id":6634,"rcp":"RCP8.5","period":"2035","key":"tas","value":3.2,"estimate":"q5","season":"DJF"},{"bfs_id":6634,"rcp":"RCP8.5","period":"2035","key":"tas","value":10.6,"estimate":"q5","season":"MAM"},{"bfs_id":6634,"rcp":"RCP8.5","period":"2035","key":"tas","value":20.2,"estimate":"q5","season":"JJA"},{"bfs_id":6634,"rcp":"RCP8.5","period":"2035","key":"tas","value":12,"estimate":"q5","season":"SON"},{"bfs_id":6634,"rcp":"RCP8.5","period":"2035","key":"tas","value":3.9,"estimate":"q50","season":"DJF"},{"bfs_id":6634,"rcp":"RCP8.5","period":"2035","key":"tas","value":11,"estimate":"q50","season":"MAM"},{"bfs_id":6634,"rcp":"RCP8.5","period":"2035","key":"tas","value":20.8,"estimate":"q50","season":"JJA"},{"bfs_id":6634,"rcp":"RCP8.5","period":"2035","key":"tas","value":12.4,"estimate":"q50","season":"SON"},{"bfs_id":6634,"rcp":"RCP8.5","period":"2035","key":"tas","value":4.3,"estimate":"q95","season":"DJF"},{"bfs_id":6634,"rcp":"RCP8.5","period":"2035","key":"tas","value":11.5,"estimate":"q95","season":"MAM"},{"bfs_id":6634,"rcp":"RCP8.5","period":"2035","key":"tas","value":21.3,"estimate":"q95","season":"JJA"},{"bfs_id":6634,"rcp":"RCP8.5","period":"2035","key":"tas","value":13.2,"estimate":"q95","season":"SON"},{"bfs_id":6634,"rcp":"RCP8.5","period":"2060","key":"tas","value":4.3,"estimate":"q5","season":"DJF"},{"bfs_id":6634,"rcp":"RCP8.5","period":"2060","key":"tas","value":11.4,"estimate":"q5","season":"MAM"},{"bfs_id":6634,"rcp":"RCP8.5","period":"2060","key":"tas","value":21.5,"estimate":"q5","season":"JJA"},{"bfs_id":6634,"rcp":"RCP8.5","period":"2060","key":"tas","value":13.1,"estimate":"q5","season":"SON"},{"bfs_id":6634,"rcp":"RCP8.5","period":"2060","key":"tas","value":4.7,"estimate":"q50","season":"DJF"},{"bfs_id":6634,"rcp":"RCP8.5","period":"2060","key":"tas","value":11.9,"estimate":"q50","season":"MAM"},{"bfs_id":6634,"rcp":"RCP8.5","period":"2060","key":"tas","value":22,"estimate":"q50","season":"JJA"},{"bfs_id":6634,"rcp":"RCP8.5","period":"2060","key":"tas","value":13.6,"estimate":"q50","season":"SON"},{"bfs_id":6634,"rcp":"RCP8.5","period":"2060","key":"tas","value":5.3,"estimate":"q95","season":"DJF"},{"bfs_id":6634,"rcp":"RCP8.5","period":"2060","key":"tas","value":12.6,"estimate":"q95","season":"MAM"},{"bfs_id":6634,"rcp":"RCP8.5","period":"2060","key":"tas","value":23.1,"estimate":"q95","season":"JJA"},{"bfs_id":6634,"rcp":"RCP8.5","period":"2060","key":"tas","value":14.5,"estimate":"q95","season":"SON"},{"bfs_id":6634,"rcp":"RCP8.5","period":"2085","key":"tas","value":5.3,"estimate":"q5","season":"DJF"},{"bfs_id":6634,"rcp":"RCP8.5","period":"2085","key":"tas","value":12.3,"estimate":"q5","season":"MAM"},{"bfs_id":6634,"rcp":"RCP8.5","period":"2085","key":"tas","value":22.8,"estimate":"q5","season":"JJA"},{"bfs_id":6634,"rcp":"RCP8.5","period":"2085","key":"tas","value":14.1,"estimate":"q5","season":"SON"},{"bfs_id":6634,"rcp":"RCP8.5","period":"2085","key":"tas","value":6.4,"estimate":"q50","season":"DJF"},{"bfs_id":6634,"rcp":"RCP8.5","period":"2085","key":"tas","value":13.3,"estimate":"q50","season":"MAM"},{"bfs_id":6634,"rcp":"RCP8.5","period":"2085","key":"tas","value":23.8,"estimate":"q50","season":"JJA"},{"bfs_id":6634,"rcp":"RCP8.5","period":"2085","key":"tas","value":15,"estimate":"q50","season":"SON"},{"bfs_id":6634,"rcp":"RCP8.5","period":"2085","key":"tas","value":7.1,"estimate":"q95","season":"DJF"},{"bfs_id":6634,"rcp":"RCP8.5","period":"2085","key":"tas","value":14.4,"estimate":"q95","season":"MAM"},{"bfs_id":6634,"rcp":"RCP8.5","period":"2085","key":"tas","value":26,"estimate":"q95","season":"JJA"},{"bfs_id":6634,"rcp":"RCP8.5","period":"2085","key":"tas","value":16.5,"estimate":"q95","season":"SON"},{"bfs_id":6634,"rcp":"obs","period":"1981-2010","key":"FD","value":68.7,"estimate":"yearly_mean"},{"bfs_id":6634,"rcp":"obs","period":"1981-2010","key":"HD","value":15.5,"estimate":"yearly_mean"},{"bfs_id":6634,"rcp":"obs","period":"1981-2010","key":"ID","value":8.4,"estimate":"yearly_mean"},{"bfs_id":6634,"rcp":"obs","period":"1981-2010","key":"SD","value":61.4,"estimate":"yearly_mean"},{"bfs_id":6634,"rcp":"obs","period":"1981-2010","key":"snowdays","value":8.1,"estimate":"yearly_mean"},{"bfs_id":6634,"rcp":"obs","period":"1981-2010","key":"TN","value":0.8,"estimate":"yearly_mean"},{"bfs_id":6634,"rcp":"obs","period":"1981-2010","key":"pr","value":2.4,"estimate":"mean","season":"DJF"},{"bfs_id":6634,"rcp":"obs","period":"1981-2010","key":"pr","value":2.3,"estimate":"mean","season":"MAM"},{"bfs_id":6634,"rcp":"obs","period":"1981-2010","key":"pr","value":2.6,"estimate":"mean","season":"JJA"},{"bfs_id":6634,"rcp":"obs","period":"1981-2010","key":"pr","value":3,"estimate":"mean","season":"SON"},{"bfs_id":6634,"rcp":"obs","period":"1981-2010","key":"tas","value":2.4,"estimate":"mean","season":"DJF"},{"bfs_id":6634,"rcp":"obs","period":"1981-2010","key":"tas","value":10.3,"estimate":"mean","season":"MAM"},{"bfs_id":6634,"rcp":"obs","period":"1981-2010","key":"tas","value":19.4,"estimate":"mean","season":"JJA"},{"bfs_id":6634,"rcp":"obs","period":"1981-2010","key":"tas","value":10.9,"estimate":"mean","season":"SON"}]
