[{"bfs_id":1364,"rcp":"RCP2.6","period":"2035","key":"FD","value":59.6,"estimate":"q5"},{"bfs_id":1364,"rcp":"RCP2.6","period":"2035","key":"FD","value":70.9,"estimate":"q50"},{"bfs_id":1364,"rcp":"RCP2.6","period":"2035","key":"FD","value":80.2,"estimate":"q95"},{"bfs_id":1364,"rcp":"RCP2.6","period":"2060","key":"FD","value":55.8,"estimate":"q5"},{"bfs_id":1364,"rcp":"RCP2.6","period":"2060","key":"FD","value":66.4,"estimate":"q50"},{"bfs_id":1364,"rcp":"RCP2.6","period":"2060","key":"FD","value":74.6,"estimate":"q95"},{"bfs_id":1364,"rcp":"RCP2.6","period":"2085","key":"FD","value":53.9,"estimate":"q5"},{"bfs_id":1364,"rcp":"RCP2.6","period":"2085","key":"FD","value":68,"estimate":"q50"},{"bfs_id":1364,"rcp":"RCP2.6","period":"2085","key":"FD","value":75.4,"estimate":"q95"},{"bfs_id":1364,"rcp":"RCP8.5","period":"2035","key":"FD","value":57.5,"estimate":"q5"},{"bfs_id":1364,"rcp":"RCP8.5","period":"2035","key":"FD","value":66.9,"estimate":"q50"},{"bfs_id":1364,"rcp":"RCP8.5","period":"2035","key":"FD","value":72.7,"estimate":"q95"},{"bfs_id":1364,"rcp":"RCP8.5","period":"2060","key":"FD","value":43.6,"estimate":"q5"},{"bfs_id":1364,"rcp":"RCP8.5","period":"2060","key":"FD","value":53,"estimate":"q50"},{"bfs_id":1364,"rcp":"RCP8.5","period":"2060","key":"FD","value":60.1,"estimate":"q95"},{"bfs_id":1364,"rcp":"RCP8.5","period":"2085","key":"FD","value":26.8,"estimate":"q5"},{"bfs_id":1364,"rcp":"RCP8.5","period":"2085","key":"FD","value":34.1,"estimate":"q50"},{"bfs_id":1364,"rcp":"RCP8.5","period":"2085","key":"FD","value":43.7,"estimate":"q95"},{"bfs_id":1364,"rcp":"RCP2.6","period":"2035","key":"HD","value":6.8,"estimate":"q5"},{"bfs_id":1364,"rcp":"RCP2.6","period":"2035","key":"HD","value":9.3,"estimate":"q50"},{"bfs_id":1364,"rcp":"RCP2.6","period":"2035","key":"HD","value":14.7,"estimate":"q95"},{"bfs_id":1364,"rcp":"RCP2.6","period":"2060","key":"HD","value":7.9,"estimate":"q5"},{"bfs_id":1364,"rcp":"RCP2.6","period":"2060","key":"HD","value":9.5,"estimate":"q50"},{"bfs_id":1364,"rcp":"RCP2.6","period":"2060","key":"HD","value":17.6,"estimate":"q95"},{"bfs_id":1364,"rcp":"RCP2.6","period":"2085","key":"HD","value":7.1,"estimate":"q5"},{"bfs_id":1364,"rcp":"RCP2.6","period":"2085","key":"HD","value":9.6,"estimate":"q50"},{"bfs_id":1364,"rcp":"RCP2.6","period":"2085","key":"HD","value":16.7,"estimate":"q95"},{"bfs_id":1364,"rcp":"RCP8.5","period":"2035","key":"HD","value":8,"estimate":"q5"},{"bfs_id":1364,"rcp":"RCP8.5","period":"2035","key":"HD","value":10.9,"estimate":"q50"},{"bfs_id":1364,"rcp":"RCP8.5","period":"2035","key":"HD","value":17.5,"estimate":"q95"},{"bfs_id":1364,"rcp":"RCP8.5","period":"2060","key":"HD","value":12.8,"estimate":"q5"},{"bfs_id":1364,"rcp":"RCP8.5","period":"2060","key":"HD","value":20.3,"estimate":"q50"},{"bfs_id":1364,"rcp":"RCP8.5","period":"2060","key":"HD","value":33.6,"estimate":"q95"},{"bfs_id":1364,"rcp":"RCP8.5","period":"2085","key":"HD","value":25.6,"estimate":"q5"},{"bfs_id":1364,"rcp":"RCP8.5","period":"2085","key":"HD","value":34.6,"estimate":"q50"},{"bfs_id":1364,"rcp":"RCP8.5","period":"2085","key":"HD","value":57.9,"estimate":"q95"},{"bfs_id":1364,"rcp":"RCP2.6","period":"2035","key":"ID","value":8.9,"estimate":"q5"},{"bfs_id":1364,"rcp":"RCP2.6","period":"2035","key":"ID","value":11.2,"estimate":"q50"},{"bfs_id":1364,"rcp":"RCP2.6","period":"2035","key":"ID","value":14.9,"estimate":"q95"},{"bfs_id":1364,"rcp":"RCP2.6","period":"2060","key":"ID","value":8.4,"estimate":"q5"},{"bfs_id":1364,"rcp":"RCP2.6","period":"2060","key":"ID","value":10.6,"estimate":"q50"},{"bfs_id":1364,"rcp":"RCP2.6","period":"2060","key":"ID","value":14.4,"estimate":"q95"},{"bfs_id":1364,"rcp":"RCP2.6","period":"2085","key":"ID","value":8.7,"estimate":"q5"},{"bfs_id":1364,"rcp":"RCP2.6","period":"2085","key":"ID","value":10.6,"estimate":"q50"},{"bfs_id":1364,"rcp":"RCP2.6","period":"2085","key":"ID","value":14.2,"estimate":"q95"},{"bfs_id":1364,"rcp":"RCP8.5","period":"2035","key":"ID","value":8.6,"estimate":"q5"},{"bfs_id":1364,"rcp":"RCP8.5","period":"2035","key":"ID","value":10.4,"estimate":"q50"},{"bfs_id":1364,"rcp":"RCP8.5","period":"2035","key":"ID","value":14.3,"estimate":"q95"},{"bfs_id":1364,"rcp":"RCP8.5","period":"2060","key":"ID","value":5.3,"estimate":"q5"},{"bfs_id":1364,"rcp":"RCP8.5","period":"2060","key":"ID","value":7.5,"estimate":"q50"},{"bfs_id":1364,"rcp":"RCP8.5","period":"2060","key":"ID","value":9.3,"estimate":"q95"},{"bfs_id":1364,"rcp":"RCP8.5","period":"2085","key":"ID","value":2.1,"estimate":"q5"},{"bfs_id":1364,"rcp":"RCP8.5","period":"2085","key":"ID","value":3.2,"estimate":"q50"},{"bfs_id":1364,"rcp":"RCP8.5","period":"2085","key":"ID","value":5.3,"estimate":"q95"},{"bfs_id":1364,"rcp":"RCP2.6","period":"2035","key":"SD","value":48,"estimate":"q5"},{"bfs_id":1364,"rcp":"RCP2.6","period":"2035","key":"SD","value":52.5,"estimate":"q50"},{"bfs_id":1364,"rcp":"RCP2.6","period":"2035","key":"SD","value":61.9,"estimate":"q95"},{"bfs_id":1364,"rcp":"RCP2.6","period":"2060","key":"SD","value":49,"estimate":"q5"},{"bfs_id":1364,"rcp":"RCP2.6","period":"2060","key":"SD","value":54.8,"estimate":"q50"},{"bfs_id":1364,"rcp":"RCP2.6","period":"2060","key":"SD","value":62.2,"estimate":"q95"},{"bfs_id":1364,"rcp":"RCP2.6","period":"2085","key":"SD","value":47.8,"estimate":"q5"},{"bfs_id":1364,"rcp":"RCP2.6","period":"2085","key":"SD","value":55.5,"estimate":"q50"},{"bfs_id":1364,"rcp":"RCP2.6","period":"2085","key":"SD","value":61.1,"estimate":"q95"},{"bfs_id":1364,"rcp":"RCP8.5","period":"2035","key":"SD","value":50.2,"estimate":"q5"},{"bfs_id":1364,"rcp":"RCP8.5","period":"2035","key":"SD","value":57.4,"estimate":"q50"},{"bfs_id":1364,"rcp":"RCP8.5","period":"2035","key":"SD","value":63.6,"estimate":"q95"},{"bfs_id":1364,"rcp":"RCP8.5","period":"2060","key":"SD","value":64.2,"estimate":"q5"},{"bfs_id":1364,"rcp":"RCP8.5","period":"2060","key":"SD","value":73.2,"estimate":"q50"},{"bfs_id":1364,"rcp":"RCP8.5","period":"2060","key":"SD","value":89.7,"estimate":"q95"},{"bfs_id":1364,"rcp":"RCP8.5","period":"2085","key":"SD","value":81.3,"estimate":"q5"},{"bfs_id":1364,"rcp":"RCP8.5","period":"2085","key":"SD","value":95,"estimate":"q50"},{"bfs_id":1364,"rcp":"RCP8.5","period":"2085","key":"SD","value":117.3,"estimate":"q95"},{"bfs_id":1364,"rcp":"RCP2.6","period":"2035","key":"snowdays","value":12.3,"estimate":"q5"},{"bfs_id":1364,"rcp":"RCP2.6","period":"2035","key":"snowdays","value":18.7,"estimate":"q50"},{"bfs_id":1364,"rcp":"RCP2.6","period":"2035","key":"snowdays","value":23.4,"estimate":"q95"},{"bfs_id":1364,"rcp":"RCP2.6","period":"2060","key":"snowdays","value":11.7,"estimate":"q5"},{"bfs_id":1364,"rcp":"RCP2.6","period":"2060","key":"snowdays","value":17,"estimate":"q50"},{"bfs_id":1364,"rcp":"RCP2.6","period":"2060","key":"snowdays","value":23,"estimate":"q95"},{"bfs_id":1364,"rcp":"RCP2.6","period":"2085","key":"snowdays","value":11.5,"estimate":"q5"},{"bfs_id":1364,"rcp":"RCP2.6","period":"2085","key":"snowdays","value":17.6,"estimate":"q50"},{"bfs_id":1364,"rcp":"RCP2.6","period":"2085","key":"snowdays","value":22.7,"estimate":"q95"},{"bfs_id":1364,"rcp":"RCP8.5","period":"2035","key":"snowdays","value":11.3,"estimate":"q5"},{"bfs_id":1364,"rcp":"RCP8.5","period":"2035","key":"snowdays","value":17.6,"estimate":"q50"},{"bfs_id":1364,"rcp":"RCP8.5","period":"2035","key":"snowdays","value":23.5,"estimate":"q95"},{"bfs_id":1364,"rcp":"RCP8.5","period":"2060","key":"snowdays","value":8,"estimate":"q5"},{"bfs_id":1364,"rcp":"RCP8.5","period":"2060","key":"snowdays","value":14,"estimate":"q50"},{"bfs_id":1364,"rcp":"RCP8.5","period":"2060","key":"snowdays","value":18.1,"estimate":"q95"},{"bfs_id":1364,"rcp":"RCP8.5","period":"2085","key":"snowdays","value":3.8,"estimate":"q5"},{"bfs_id":1364,"rcp":"RCP8.5","period":"2085","key":"snowdays","value":8.5,"estimate":"q50"},{"bfs_id":1364,"rcp":"RCP8.5","period":"2085","key":"snowdays","value":12.1,"estimate":"q95"},{"bfs_id":1364,"rcp":"RCP2.6","period":"2035","key":"TN","value":0.2,"estimate":"q5"},{"bfs_id":1364,"rcp":"RCP2.6","period":"2035","key":"TN","value":0.7,"estimate":"q50"},{"bfs_id":1364,"rcp":"RCP2.6","period":"2035","key":"TN","value":2,"estimate":"q95"},{"bfs_id":1364,"rcp":"RCP2.6","period":"2060","key":"TN","value":0.3,"estimate":"q5"},{"bfs_id":1364,"rcp":"RCP2.6","period":"2060","key":"TN","value":1.1,"estimate":"q50"},{"bfs_id":1364,"rcp":"RCP2.6","period":"2060","key":"TN","value":2.6,"estimate":"q95"},{"bfs_id":1364,"rcp":"RCP2.6","period":"2085","key":"TN","value":0.4,"estimate":"q5"},{"bfs_id":1364,"rcp":"RCP2.6","period":"2085","key":"TN","value":1.1,"estimate":"q50"},{"bfs_id":1364,"rcp":"RCP2.6","period":"2085","key":"TN","value":2.3,"estimate":"q95"},{"bfs_id":1364,"rcp":"RCP8.5","period":"2035","key":"TN","value":0.8,"estimate":"q5"},{"bfs_id":1364,"rcp":"RCP8.5","period":"2035","key":"TN","value":1.1,"estimate":"q50"},{"bfs_id":1364,"rcp":"RCP8.5","period":"2035","key":"TN","value":3.2,"estimate":"q95"},{"bfs_id":1364,"rcp":"RCP8.5","period":"2060","key":"TN","value":3.1,"estimate":"q5"},{"bfs_id":1364,"rcp":"RCP8.5","period":"2060","key":"TN","value":4,"estimate":"q50"},{"bfs_id":1364,"rcp":"RCP8.5","period":"2060","key":"TN","value":11.1,"estimate":"q95"},{"bfs_id":1364,"rcp":"RCP8.5","period":"2085","key":"TN","value":9.1,"estimate":"q5"},{"bfs_id":1364,"rcp":"RCP8.5","period":"2085","key":"TN","value":13.3,"estimate":"q50"},{"bfs_id":1364,"rcp":"RCP8.5","period":"2085","key":"TN","value":31.8,"estimate":"q95"},{"bfs_id":1364,"rcp":"RCP2.6","period":"2035","key":"pr","value":2.9,"estimate":"q5","season":"DJF"},{"bfs_id":1364,"rcp":"RCP2.6","period":"2035","key":"pr","value":3.9,"estimate":"q5","season":"MAM"},{"bfs_id":1364,"rcp":"RCP2.6","period":"2035","key":"pr","value":4.6,"estimate":"q5","season":"JJA"},{"bfs_id":1364,"rcp":"RCP2.6","period":"2035","key":"pr","value":3.4,"estimate":"q5","season":"SON"},{"bfs_id":1364,"rcp":"RCP2.6","period":"2035","key":"pr","value":3.2,"estimate":"q50","season":"DJF"},{"bfs_id":1364,"rcp":"RCP2.6","period":"2035","key":"pr","value":4.3,"estimate":"q50","season":"MAM"},{"bfs_id":1364,"rcp":"RCP2.6","period":"2035","key":"pr","value":5.5,"estimate":"q50","season":"JJA"},{"bfs_id":1364,"rcp":"RCP2.6","period":"2035","key":"pr","value":3.8,"estimate":"q50","season":"SON"},{"bfs_id":1364,"rcp":"RCP2.6","period":"2035","key":"pr","value":4,"estimate":"q95","season":"DJF"},{"bfs_id":1364,"rcp":"RCP2.6","period":"2035","key":"pr","value":4.8,"estimate":"q95","season":"MAM"},{"bfs_id":1364,"rcp":"RCP2.6","period":"2035","key":"pr","value":6,"estimate":"q95","season":"JJA"},{"bfs_id":1364,"rcp":"RCP2.6","period":"2035","key":"pr","value":4.6,"estimate":"q95","season":"SON"},{"bfs_id":1364,"rcp":"RCP2.6","period":"2060","key":"pr","value":3,"estimate":"q5","season":"DJF"},{"bfs_id":1364,"rcp":"RCP2.6","period":"2060","key":"pr","value":4,"estimate":"q5","season":"MAM"},{"bfs_id":1364,"rcp":"RCP2.6","period":"2060","key":"pr","value":4.6,"estimate":"q5","season":"JJA"},{"bfs_id":1364,"rcp":"RCP2.6","period":"2060","key":"pr","value":3.4,"estimate":"q5","season":"SON"},{"bfs_id":1364,"rcp":"RCP2.6","period":"2060","key":"pr","value":3.3,"estimate":"q50","season":"DJF"},{"bfs_id":1364,"rcp":"RCP2.6","period":"2060","key":"pr","value":4.3,"estimate":"q50","season":"MAM"},{"bfs_id":1364,"rcp":"RCP2.6","period":"2060","key":"pr","value":5.6,"estimate":"q50","season":"JJA"},{"bfs_id":1364,"rcp":"RCP2.6","period":"2060","key":"pr","value":3.8,"estimate":"q50","season":"SON"},{"bfs_id":1364,"rcp":"RCP2.6","period":"2060","key":"pr","value":3.9,"estimate":"q95","season":"DJF"},{"bfs_id":1364,"rcp":"RCP2.6","period":"2060","key":"pr","value":4.7,"estimate":"q95","season":"MAM"},{"bfs_id":1364,"rcp":"RCP2.6","period":"2060","key":"pr","value":6,"estimate":"q95","season":"JJA"},{"bfs_id":1364,"rcp":"RCP2.6","period":"2060","key":"pr","value":4.3,"estimate":"q95","season":"SON"},{"bfs_id":1364,"rcp":"RCP2.6","period":"2085","key":"pr","value":2.9,"estimate":"q5","season":"DJF"},{"bfs_id":1364,"rcp":"RCP2.6","period":"2085","key":"pr","value":3.9,"estimate":"q5","season":"MAM"},{"bfs_id":1364,"rcp":"RCP2.6","period":"2085","key":"pr","value":4.6,"estimate":"q5","season":"JJA"},{"bfs_id":1364,"rcp":"RCP2.6","period":"2085","key":"pr","value":3.3,"estimate":"q5","season":"SON"},{"bfs_id":1364,"rcp":"RCP2.6","period":"2085","key":"pr","value":3.3,"estimate":"q50","season":"DJF"},{"bfs_id":1364,"rcp":"RCP2.6","period":"2085","key":"pr","value":4.2,"estimate":"q50","season":"MAM"},{"bfs_id":1364,"rcp":"RCP2.6","period":"2085","key":"pr","value":5.6,"estimate":"q50","season":"JJA"},{"bfs_id":1364,"rcp":"RCP2.6","period":"2085","key":"pr","value":3.7,"estimate":"q50","season":"SON"},{"bfs_id":1364,"rcp":"RCP2.6","period":"2085","key":"pr","value":4.1,"estimate":"q95","season":"DJF"},{"bfs_id":1364,"rcp":"RCP2.6","period":"2085","key":"pr","value":4.7,"estimate":"q95","season":"MAM"},{"bfs_id":1364,"rcp":"RCP2.6","period":"2085","key":"pr","value":6,"estimate":"q95","season":"JJA"},{"bfs_id":1364,"rcp":"RCP2.6","period":"2085","key":"pr","value":4.3,"estimate":"q95","season":"SON"},{"bfs_id":1364,"rcp":"RCP8.5","period":"2035","key":"pr","value":3.1,"estimate":"q5","season":"DJF"},{"bfs_id":1364,"rcp":"RCP8.5","period":"2035","key":"pr","value":4,"estimate":"q5","season":"MAM"},{"bfs_id":1364,"rcp":"RCP8.5","period":"2035","key":"pr","value":4.7,"estimate":"q5","season":"JJA"},{"bfs_id":1364,"rcp":"RCP8.5","period":"2035","key":"pr","value":3.4,"estimate":"q5","season":"SON"},{"bfs_id":1364,"rcp":"RCP8.5","period":"2035","key":"pr","value":3.6,"estimate":"q50","season":"DJF"},{"bfs_id":1364,"rcp":"RCP8.5","period":"2035","key":"pr","value":4.5,"estimate":"q50","season":"MAM"},{"bfs_id":1364,"rcp":"RCP8.5","period":"2035","key":"pr","value":5.3,"estimate":"q50","season":"JJA"},{"bfs_id":1364,"rcp":"RCP8.5","period":"2035","key":"pr","value":3.8,"estimate":"q50","season":"SON"},{"bfs_id":1364,"rcp":"RCP8.5","period":"2035","key":"pr","value":3.9,"estimate":"q95","season":"DJF"},{"bfs_id":1364,"rcp":"RCP8.5","period":"2035","key":"pr","value":4.8,"estimate":"q95","season":"MAM"},{"bfs_id":1364,"rcp":"RCP8.5","period":"2035","key":"pr","value":6,"estimate":"q95","season":"JJA"},{"bfs_id":1364,"rcp":"RCP8.5","period":"2035","key":"pr","value":4.5,"estimate":"q95","season":"SON"},{"bfs_id":1364,"rcp":"RCP8.5","period":"2060","key":"pr","value":3.2,"estimate":"q5","season":"DJF"},{"bfs_id":1364,"rcp":"RCP8.5","period":"2060","key":"pr","value":4.1,"estimate":"q5","season":"MAM"},{"bfs_id":1364,"rcp":"RCP8.5","period":"2060","key":"pr","value":4.2,"estimate":"q5","season":"JJA"},{"bfs_id":1364,"rcp":"RCP8.5","period":"2060","key":"pr","value":3.2,"estimate":"q5","season":"SON"},{"bfs_id":1364,"rcp":"RCP8.5","period":"2060","key":"pr","value":3.4,"estimate":"q50","season":"DJF"},{"bfs_id":1364,"rcp":"RCP8.5","period":"2060","key":"pr","value":4.6,"estimate":"q50","season":"MAM"},{"bfs_id":1364,"rcp":"RCP8.5","period":"2060","key":"pr","value":5.2,"estimate":"q50","season":"JJA"},{"bfs_id":1364,"rcp":"RCP8.5","period":"2060","key":"pr","value":3.7,"estimate":"q50","season":"SON"},{"bfs_id":1364,"rcp":"RCP8.5","period":"2060","key":"pr","value":4,"estimate":"q95","season":"DJF"},{"bfs_id":1364,"rcp":"RCP8.5","period":"2060","key":"pr","value":5,"estimate":"q95","season":"MAM"},{"bfs_id":1364,"rcp":"RCP8.5","period":"2060","key":"pr","value":6,"estimate":"q95","season":"JJA"},{"bfs_id":1364,"rcp":"RCP8.5","period":"2060","key":"pr","value":4.2,"estimate":"q95","season":"SON"},{"bfs_id":1364,"rcp":"RCP8.5","period":"2085","key":"pr","value":3,"estimate":"q5","season":"DJF"},{"bfs_id":1364,"rcp":"RCP8.5","period":"2085","key":"pr","value":4.1,"estimate":"q5","season":"MAM"},{"bfs_id":1364,"rcp":"RCP8.5","period":"2085","key":"pr","value":3.2,"estimate":"q5","season":"JJA"},{"bfs_id":1364,"rcp":"RCP8.5","period":"2085","key":"pr","value":3.1,"estimate":"q5","season":"SON"},{"bfs_id":1364,"rcp":"RCP8.5","period":"2085","key":"pr","value":3.6,"estimate":"q50","season":"DJF"},{"bfs_id":1364,"rcp":"RCP8.5","period":"2085","key":"pr","value":4.6,"estimate":"q50","season":"MAM"},{"bfs_id":1364,"rcp":"RCP8.5","period":"2085","key":"pr","value":4.8,"estimate":"q50","season":"JJA"},{"bfs_id":1364,"rcp":"RCP8.5","period":"2085","key":"pr","value":3.6,"estimate":"q50","season":"SON"},{"bfs_id":1364,"rcp":"RCP8.5","period":"2085","key":"pr","value":4.3,"estimate":"q95","season":"DJF"},{"bfs_id":1364,"rcp":"RCP8.5","period":"2085","key":"pr","value":5.2,"estimate":"q95","season":"MAM"},{"bfs_id":1364,"rcp":"RCP8.5","period":"2085","key":"pr","value":5.2,"estimate":"q95","season":"JJA"},{"bfs_id":1364,"rcp":"RCP8.5","period":"2085","key":"pr","value":4.2,"estimate":"q95","season":"SON"},{"bfs_id":1364,"rcp":"RCP2.6","period":"2035","key":"tas","value":2,"estimate":"q5","season":"DJF"},{"bfs_id":1364,"rcp":"RCP2.6","period":"2035","key":"tas","value":9.3,"estimate":"q5","season":"MAM"},{"bfs_id":1364,"rcp":"RCP2.6","period":"2035","key":"tas","value":18.1,"estimate":"q5","season":"JJA"},{"bfs_id":1364,"rcp":"RCP2.6","period":"2035","key":"tas","value":10.4,"estimate":"q5","season":"SON"},{"bfs_id":1364,"rcp":"RCP2.6","period":"2035","key":"tas","value":2.5,"estimate":"q50","season":"DJF"},{"bfs_id":1364,"rcp":"RCP2.6","period":"2035","key":"tas","value":9.9,"estimate":"q50","season":"MAM"},{"bfs_id":1364,"rcp":"RCP2.6","period":"2035","key":"tas","value":18.8,"estimate":"q50","season":"JJA"},{"bfs_id":1364,"rcp":"RCP2.6","period":"2035","key":"tas","value":10.8,"estimate":"q50","season":"SON"},{"bfs_id":1364,"rcp":"RCP2.6","period":"2035","key":"tas","value":3.2,"estimate":"q95","season":"DJF"},{"bfs_id":1364,"rcp":"RCP2.6","period":"2035","key":"tas","value":10.2,"estimate":"q95","season":"MAM"},{"bfs_id":1364,"rcp":"RCP2.6","period":"2035","key":"tas","value":19.5,"estimate":"q95","season":"JJA"},{"bfs_id":1364,"rcp":"RCP2.6","period":"2035","key":"tas","value":11.6,"estimate":"q95","season":"SON"},{"bfs_id":1364,"rcp":"RCP2.6","period":"2060","key":"tas","value":2,"estimate":"q5","season":"DJF"},{"bfs_id":1364,"rcp":"RCP2.6","period":"2060","key":"tas","value":9.2,"estimate":"q5","season":"MAM"},{"bfs_id":1364,"rcp":"RCP2.6","period":"2060","key":"tas","value":18.4,"estimate":"q5","season":"JJA"},{"bfs_id":1364,"rcp":"RCP2.6","period":"2060","key":"tas","value":10.7,"estimate":"q5","season":"SON"},{"bfs_id":1364,"rcp":"RCP2.6","period":"2060","key":"tas","value":2.8,"estimate":"q50","season":"DJF"},{"bfs_id":1364,"rcp":"RCP2.6","period":"2060","key":"tas","value":9.8,"estimate":"q50","season":"MAM"},{"bfs_id":1364,"rcp":"RCP2.6","period":"2060","key":"tas","value":18.9,"estimate":"q50","season":"JJA"},{"bfs_id":1364,"rcp":"RCP2.6","period":"2060","key":"tas","value":11.1,"estimate":"q50","season":"SON"},{"bfs_id":1364,"rcp":"RCP2.6","period":"2060","key":"tas","value":3.4,"estimate":"q95","season":"DJF"},{"bfs_id":1364,"rcp":"RCP2.6","period":"2060","key":"tas","value":10.5,"estimate":"q95","season":"MAM"},{"bfs_id":1364,"rcp":"RCP2.6","period":"2060","key":"tas","value":19.6,"estimate":"q95","season":"JJA"},{"bfs_id":1364,"rcp":"RCP2.6","period":"2060","key":"tas","value":12,"estimate":"q95","season":"SON"},{"bfs_id":1364,"rcp":"RCP2.6","period":"2085","key":"tas","value":2.1,"estimate":"q5","season":"DJF"},{"bfs_id":1364,"rcp":"RCP2.6","period":"2085","key":"tas","value":9.2,"estimate":"q5","season":"MAM"},{"bfs_id":1364,"rcp":"RCP2.6","period":"2085","key":"tas","value":18.3,"estimate":"q5","season":"JJA"},{"bfs_id":1364,"rcp":"RCP2.6","period":"2085","key":"tas","value":10.5,"estimate":"q5","season":"SON"},{"bfs_id":1364,"rcp":"RCP2.6","period":"2085","key":"tas","value":2.9,"estimate":"q50","season":"DJF"},{"bfs_id":1364,"rcp":"RCP2.6","period":"2085","key":"tas","value":9.9,"estimate":"q50","season":"MAM"},{"bfs_id":1364,"rcp":"RCP2.6","period":"2085","key":"tas","value":18.8,"estimate":"q50","season":"JJA"},{"bfs_id":1364,"rcp":"RCP2.6","period":"2085","key":"tas","value":11.1,"estimate":"q50","season":"SON"},{"bfs_id":1364,"rcp":"RCP2.6","period":"2085","key":"tas","value":3.4,"estimate":"q95","season":"DJF"},{"bfs_id":1364,"rcp":"RCP2.6","period":"2085","key":"tas","value":10.4,"estimate":"q95","season":"MAM"},{"bfs_id":1364,"rcp":"RCP2.6","period":"2085","key":"tas","value":19.4,"estimate":"q95","season":"JJA"},{"bfs_id":1364,"rcp":"RCP2.6","period":"2085","key":"tas","value":11.9,"estimate":"q95","season":"SON"},{"bfs_id":1364,"rcp":"RCP8.5","period":"2035","key":"tas","value":2.2,"estimate":"q5","season":"DJF"},{"bfs_id":1364,"rcp":"RCP8.5","period":"2035","key":"tas","value":9.5,"estimate":"q5","season":"MAM"},{"bfs_id":1364,"rcp":"RCP8.5","period":"2035","key":"tas","value":18.6,"estimate":"q5","season":"JJA"},{"bfs_id":1364,"rcp":"RCP8.5","period":"2035","key":"tas","value":10.7,"estimate":"q5","season":"SON"},{"bfs_id":1364,"rcp":"RCP8.5","period":"2035","key":"tas","value":2.9,"estimate":"q50","season":"DJF"},{"bfs_id":1364,"rcp":"RCP8.5","period":"2035","key":"tas","value":9.9,"estimate":"q50","season":"MAM"},{"bfs_id":1364,"rcp":"RCP8.5","period":"2035","key":"tas","value":19.1,"estimate":"q50","season":"JJA"},{"bfs_id":1364,"rcp":"RCP8.5","period":"2035","key":"tas","value":11.1,"estimate":"q50","season":"SON"},{"bfs_id":1364,"rcp":"RCP8.5","period":"2035","key":"tas","value":3.3,"estimate":"q95","season":"DJF"},{"bfs_id":1364,"rcp":"RCP8.5","period":"2035","key":"tas","value":10.5,"estimate":"q95","season":"MAM"},{"bfs_id":1364,"rcp":"RCP8.5","period":"2035","key":"tas","value":19.8,"estimate":"q95","season":"JJA"},{"bfs_id":1364,"rcp":"RCP8.5","period":"2035","key":"tas","value":12,"estimate":"q95","season":"SON"},{"bfs_id":1364,"rcp":"RCP8.5","period":"2060","key":"tas","value":3.3,"estimate":"q5","season":"DJF"},{"bfs_id":1364,"rcp":"RCP8.5","period":"2060","key":"tas","value":10.4,"estimate":"q5","season":"MAM"},{"bfs_id":1364,"rcp":"RCP8.5","period":"2060","key":"tas","value":19.7,"estimate":"q5","season":"JJA"},{"bfs_id":1364,"rcp":"RCP8.5","period":"2060","key":"tas","value":11.9,"estimate":"q5","season":"SON"},{"bfs_id":1364,"rcp":"RCP8.5","period":"2060","key":"tas","value":3.7,"estimate":"q50","season":"DJF"},{"bfs_id":1364,"rcp":"RCP8.5","period":"2060","key":"tas","value":11,"estimate":"q50","season":"MAM"},{"bfs_id":1364,"rcp":"RCP8.5","period":"2060","key":"tas","value":20.4,"estimate":"q50","season":"JJA"},{"bfs_id":1364,"rcp":"RCP8.5","period":"2060","key":"tas","value":12.5,"estimate":"q50","season":"SON"},{"bfs_id":1364,"rcp":"RCP8.5","period":"2060","key":"tas","value":4.3,"estimate":"q95","season":"DJF"},{"bfs_id":1364,"rcp":"RCP8.5","period":"2060","key":"tas","value":12.1,"estimate":"q95","season":"MAM"},{"bfs_id":1364,"rcp":"RCP8.5","period":"2060","key":"tas","value":21.5,"estimate":"q95","season":"JJA"},{"bfs_id":1364,"rcp":"RCP8.5","period":"2060","key":"tas","value":13.3,"estimate":"q95","season":"SON"},{"bfs_id":1364,"rcp":"RCP8.5","period":"2085","key":"tas","value":4.5,"estimate":"q5","season":"DJF"},{"bfs_id":1364,"rcp":"RCP8.5","period":"2085","key":"tas","value":11.7,"estimate":"q5","season":"MAM"},{"bfs_id":1364,"rcp":"RCP8.5","period":"2085","key":"tas","value":21.1,"estimate":"q5","season":"JJA"},{"bfs_id":1364,"rcp":"RCP8.5","period":"2085","key":"tas","value":12.9,"estimate":"q5","season":"SON"},{"bfs_id":1364,"rcp":"RCP8.5","period":"2085","key":"tas","value":5.6,"estimate":"q50","season":"DJF"},{"bfs_id":1364,"rcp":"RCP8.5","period":"2085","key":"tas","value":12.5,"estimate":"q50","season":"MAM"},{"bfs_id":1364,"rcp":"RCP8.5","period":"2085","key":"tas","value":21.9,"estimate":"q50","season":"JJA"},{"bfs_id":1364,"rcp":"RCP8.5","period":"2085","key":"tas","value":13.9,"estimate":"q50","season":"SON"},{"bfs_id":1364,"rcp":"RCP8.5","period":"2085","key":"tas","value":6.3,"estimate":"q95","season":"DJF"},{"bfs_id":1364,"rcp":"RCP8.5","period":"2085","key":"tas","value":14,"estimate":"q95","season":"MAM"},{"bfs_id":1364,"rcp":"RCP8.5","period":"2085","key":"tas","value":24.4,"estimate":"q95","season":"JJA"},{"bfs_id":1364,"rcp":"RCP8.5","period":"2085","key":"tas","value":15.4,"estimate":"q95","season":"SON"},{"bfs_id":1364,"rcp":"obs","period":"1981-2010","key":"FD","value":83.3,"estimate":"yearly_mean"},{"bfs_id":1364,"rcp":"obs","period":"1981-2010","key":"HD","value":4.6,"estimate":"yearly_mean"},{"bfs_id":1364,"rcp":"obs","period":"1981-2010","key":"ID","value":16.7,"estimate":"yearly_mean"},{"bfs_id":1364,"rcp":"obs","period":"1981-2010","key":"SD","value":40.2,"estimate":"yearly_mean"},{"bfs_id":1364,"rcp":"obs","period":"1981-2010","key":"snowdays","value":18.1,"estimate":"yearly_mean"},{"bfs_id":1364,"rcp":"obs","period":"1981-2010","key":"TN","value":0.3,"estimate":"yearly_mean"},{"bfs_id":1364,"rcp":"obs","period":"1981-2010","key":"pr","value":3,"estimate":"mean","season":"DJF"},{"bfs_id":1364,"rcp":"obs","period":"1981-2010","key":"pr","value":4.1,"estimate":"mean","season":"MAM"},{"bfs_id":1364,"rcp":"obs","period":"1981-2010","key":"pr","value":6,"estimate":"mean","season":"JJA"},{"bfs_id":1364,"rcp":"obs","period":"1981-2010","key":"pr","value":3.8,"estimate":"mean","season":"SON"},{"bfs_id":1364,"rcp":"obs","period":"1981-2010","key":"tas","value":1.4,"estimate":"mean","season":"DJF"},{"bfs_id":1364,"rcp":"obs","period":"1981-2010","key":"tas","value":9.3,"estimate":"mean","season":"MAM"},{"bfs_id":1364,"rcp":"obs","period":"1981-2010","key":"tas","value":17.6,"estimate":"mean","season":"JJA"},{"bfs_id":1364,"rcp":"obs","period":"1981-2010","key":"tas","value":9.8,"estimate":"mean","season":"SON"}]
