[{"bfs_id":6204,"rcp":"RCP2.6","period":"2035","key":"FD","value":95.9,"estimate":"q5"},{"bfs_id":6204,"rcp":"RCP2.6","period":"2035","key":"FD","value":107.4,"estimate":"q50"},{"bfs_id":6204,"rcp":"RCP2.6","period":"2035","key":"FD","value":113.1,"estimate":"q95"},{"bfs_id":6204,"rcp":"RCP2.6","period":"2060","key":"FD","value":92.6,"estimate":"q5"},{"bfs_id":6204,"rcp":"RCP2.6","period":"2060","key":"FD","value":104.5,"estimate":"q50"},{"bfs_id":6204,"rcp":"RCP2.6","period":"2060","key":"FD","value":114.3,"estimate":"q95"},{"bfs_id":6204,"rcp":"RCP2.6","period":"2085","key":"FD","value":92.1,"estimate":"q5"},{"bfs_id":6204,"rcp":"RCP2.6","period":"2085","key":"FD","value":106.1,"estimate":"q50"},{"bfs_id":6204,"rcp":"RCP2.6","period":"2085","key":"FD","value":114.7,"estimate":"q95"},{"bfs_id":6204,"rcp":"RCP8.5","period":"2035","key":"FD","value":95.2,"estimate":"q5"},{"bfs_id":6204,"rcp":"RCP8.5","period":"2035","key":"FD","value":103,"estimate":"q50"},{"bfs_id":6204,"rcp":"RCP8.5","period":"2035","key":"FD","value":107.9,"estimate":"q95"},{"bfs_id":6204,"rcp":"RCP8.5","period":"2060","key":"FD","value":75.5,"estimate":"q5"},{"bfs_id":6204,"rcp":"RCP8.5","period":"2060","key":"FD","value":85,"estimate":"q50"},{"bfs_id":6204,"rcp":"RCP8.5","period":"2060","key":"FD","value":94.2,"estimate":"q95"},{"bfs_id":6204,"rcp":"RCP8.5","period":"2085","key":"FD","value":53.3,"estimate":"q5"},{"bfs_id":6204,"rcp":"RCP8.5","period":"2085","key":"FD","value":64.4,"estimate":"q50"},{"bfs_id":6204,"rcp":"RCP8.5","period":"2085","key":"FD","value":75.4,"estimate":"q95"},{"bfs_id":6204,"rcp":"RCP2.6","period":"2035","key":"HD","value":15.7,"estimate":"q5"},{"bfs_id":6204,"rcp":"RCP2.6","period":"2035","key":"HD","value":20.3,"estimate":"q50"},{"bfs_id":6204,"rcp":"RCP2.6","period":"2035","key":"HD","value":28,"estimate":"q95"},{"bfs_id":6204,"rcp":"RCP2.6","period":"2060","key":"HD","value":17.5,"estimate":"q5"},{"bfs_id":6204,"rcp":"RCP2.6","period":"2060","key":"HD","value":22.9,"estimate":"q50"},{"bfs_id":6204,"rcp":"RCP2.6","period":"2060","key":"HD","value":30.4,"estimate":"q95"},{"bfs_id":6204,"rcp":"RCP2.6","period":"2085","key":"HD","value":16.4,"estimate":"q5"},{"bfs_id":6204,"rcp":"RCP2.6","period":"2085","key":"HD","value":20.7,"estimate":"q50"},{"bfs_id":6204,"rcp":"RCP2.6","period":"2085","key":"HD","value":29.7,"estimate":"q95"},{"bfs_id":6204,"rcp":"RCP8.5","period":"2035","key":"HD","value":18.3,"estimate":"q5"},{"bfs_id":6204,"rcp":"RCP8.5","period":"2035","key":"HD","value":23.5,"estimate":"q50"},{"bfs_id":6204,"rcp":"RCP8.5","period":"2035","key":"HD","value":33.9,"estimate":"q95"},{"bfs_id":6204,"rcp":"RCP8.5","period":"2060","key":"HD","value":29.7,"estimate":"q5"},{"bfs_id":6204,"rcp":"RCP8.5","period":"2060","key":"HD","value":40.2,"estimate":"q50"},{"bfs_id":6204,"rcp":"RCP8.5","period":"2060","key":"HD","value":67.8,"estimate":"q95"},{"bfs_id":6204,"rcp":"RCP8.5","period":"2085","key":"HD","value":48.2,"estimate":"q5"},{"bfs_id":6204,"rcp":"RCP8.5","period":"2085","key":"HD","value":66.8,"estimate":"q50"},{"bfs_id":6204,"rcp":"RCP8.5","period":"2085","key":"HD","value":105.8,"estimate":"q95"},{"bfs_id":6204,"rcp":"RCP2.6","period":"2035","key":"ID","value":11.2,"estimate":"q5"},{"bfs_id":6204,"rcp":"RCP2.6","period":"2035","key":"ID","value":15.2,"estimate":"q50"},{"bfs_id":6204,"rcp":"RCP2.6","period":"2035","key":"ID","value":17.8,"estimate":"q95"},{"bfs_id":6204,"rcp":"RCP2.6","period":"2060","key":"ID","value":12.1,"estimate":"q5"},{"bfs_id":6204,"rcp":"RCP2.6","period":"2060","key":"ID","value":13.9,"estimate":"q50"},{"bfs_id":6204,"rcp":"RCP2.6","period":"2060","key":"ID","value":17,"estimate":"q95"},{"bfs_id":6204,"rcp":"RCP2.6","period":"2085","key":"ID","value":10.9,"estimate":"q5"},{"bfs_id":6204,"rcp":"RCP2.6","period":"2085","key":"ID","value":15.4,"estimate":"q50"},{"bfs_id":6204,"rcp":"RCP2.6","period":"2085","key":"ID","value":17.5,"estimate":"q95"},{"bfs_id":6204,"rcp":"RCP8.5","period":"2035","key":"ID","value":11.8,"estimate":"q5"},{"bfs_id":6204,"rcp":"RCP8.5","period":"2035","key":"ID","value":13.7,"estimate":"q50"},{"bfs_id":6204,"rcp":"RCP8.5","period":"2035","key":"ID","value":18.2,"estimate":"q95"},{"bfs_id":6204,"rcp":"RCP8.5","period":"2060","key":"ID","value":6.9,"estimate":"q5"},{"bfs_id":6204,"rcp":"RCP8.5","period":"2060","key":"ID","value":9.5,"estimate":"q50"},{"bfs_id":6204,"rcp":"RCP8.5","period":"2060","key":"ID","value":11.8,"estimate":"q95"},{"bfs_id":6204,"rcp":"RCP8.5","period":"2085","key":"ID","value":2.7,"estimate":"q5"},{"bfs_id":6204,"rcp":"RCP8.5","period":"2085","key":"ID","value":4.4,"estimate":"q50"},{"bfs_id":6204,"rcp":"RCP8.5","period":"2085","key":"ID","value":7.8,"estimate":"q95"},{"bfs_id":6204,"rcp":"RCP2.6","period":"2035","key":"SD","value":66.3,"estimate":"q5"},{"bfs_id":6204,"rcp":"RCP2.6","period":"2035","key":"SD","value":76.4,"estimate":"q50"},{"bfs_id":6204,"rcp":"RCP2.6","period":"2035","key":"SD","value":84.9,"estimate":"q95"},{"bfs_id":6204,"rcp":"RCP2.6","period":"2060","key":"SD","value":68.6,"estimate":"q5"},{"bfs_id":6204,"rcp":"RCP2.6","period":"2060","key":"SD","value":78.4,"estimate":"q50"},{"bfs_id":6204,"rcp":"RCP2.6","period":"2060","key":"SD","value":89.1,"estimate":"q95"},{"bfs_id":6204,"rcp":"RCP2.6","period":"2085","key":"SD","value":68.2,"estimate":"q5"},{"bfs_id":6204,"rcp":"RCP2.6","period":"2085","key":"SD","value":77.6,"estimate":"q50"},{"bfs_id":6204,"rcp":"RCP2.6","period":"2085","key":"SD","value":89.1,"estimate":"q95"},{"bfs_id":6204,"rcp":"RCP8.5","period":"2035","key":"SD","value":71,"estimate":"q5"},{"bfs_id":6204,"rcp":"RCP8.5","period":"2035","key":"SD","value":80,"estimate":"q50"},{"bfs_id":6204,"rcp":"RCP8.5","period":"2035","key":"SD","value":90.7,"estimate":"q95"},{"bfs_id":6204,"rcp":"RCP8.5","period":"2060","key":"SD","value":89.1,"estimate":"q5"},{"bfs_id":6204,"rcp":"RCP8.5","period":"2060","key":"SD","value":100.6,"estimate":"q50"},{"bfs_id":6204,"rcp":"RCP8.5","period":"2060","key":"SD","value":123.1,"estimate":"q95"},{"bfs_id":6204,"rcp":"RCP8.5","period":"2085","key":"SD","value":105.4,"estimate":"q5"},{"bfs_id":6204,"rcp":"RCP8.5","period":"2085","key":"SD","value":129.5,"estimate":"q50"},{"bfs_id":6204,"rcp":"RCP8.5","period":"2085","key":"SD","value":153.1,"estimate":"q95"},{"bfs_id":6204,"rcp":"RCP2.6","period":"2035","key":"snowdays","value":8.8,"estimate":"q5"},{"bfs_id":6204,"rcp":"RCP2.6","period":"2035","key":"snowdays","value":14.3,"estimate":"q50"},{"bfs_id":6204,"rcp":"RCP2.6","period":"2035","key":"snowdays","value":19,"estimate":"q95"},{"bfs_id":6204,"rcp":"RCP2.6","period":"2060","key":"snowdays","value":8.7,"estimate":"q5"},{"bfs_id":6204,"rcp":"RCP2.6","period":"2060","key":"snowdays","value":13.6,"estimate":"q50"},{"bfs_id":6204,"rcp":"RCP2.6","period":"2060","key":"snowdays","value":18.7,"estimate":"q95"},{"bfs_id":6204,"rcp":"RCP2.6","period":"2085","key":"snowdays","value":9,"estimate":"q5"},{"bfs_id":6204,"rcp":"RCP2.6","period":"2085","key":"snowdays","value":14.5,"estimate":"q50"},{"bfs_id":6204,"rcp":"RCP2.6","period":"2085","key":"snowdays","value":19.3,"estimate":"q95"},{"bfs_id":6204,"rcp":"RCP8.5","period":"2035","key":"snowdays","value":9.1,"estimate":"q5"},{"bfs_id":6204,"rcp":"RCP8.5","period":"2035","key":"snowdays","value":14.2,"estimate":"q50"},{"bfs_id":6204,"rcp":"RCP8.5","period":"2035","key":"snowdays","value":18.3,"estimate":"q95"},{"bfs_id":6204,"rcp":"RCP8.5","period":"2060","key":"snowdays","value":6.6,"estimate":"q5"},{"bfs_id":6204,"rcp":"RCP8.5","period":"2060","key":"snowdays","value":10.5,"estimate":"q50"},{"bfs_id":6204,"rcp":"RCP8.5","period":"2060","key":"snowdays","value":15.1,"estimate":"q95"},{"bfs_id":6204,"rcp":"RCP8.5","period":"2085","key":"snowdays","value":3.7,"estimate":"q5"},{"bfs_id":6204,"rcp":"RCP8.5","period":"2085","key":"snowdays","value":7.6,"estimate":"q50"},{"bfs_id":6204,"rcp":"RCP8.5","period":"2085","key":"snowdays","value":9.7,"estimate":"q95"},{"bfs_id":6204,"rcp":"RCP2.6","period":"2035","key":"TN","value":0,"estimate":"q5"},{"bfs_id":6204,"rcp":"RCP2.6","period":"2035","key":"TN","value":0.1,"estimate":"q50"},{"bfs_id":6204,"rcp":"RCP2.6","period":"2035","key":"TN","value":0.2,"estimate":"q95"},{"bfs_id":6204,"rcp":"RCP2.6","period":"2060","key":"TN","value":0,"estimate":"q5"},{"bfs_id":6204,"rcp":"RCP2.6","period":"2060","key":"TN","value":0.1,"estimate":"q50"},{"bfs_id":6204,"rcp":"RCP2.6","period":"2060","key":"TN","value":0.3,"estimate":"q95"},{"bfs_id":6204,"rcp":"RCP2.6","period":"2085","key":"TN","value":0,"estimate":"q5"},{"bfs_id":6204,"rcp":"RCP2.6","period":"2085","key":"TN","value":0,"estimate":"q50"},{"bfs_id":6204,"rcp":"RCP2.6","period":"2085","key":"TN","value":0.3,"estimate":"q95"},{"bfs_id":6204,"rcp":"RCP8.5","period":"2035","key":"TN","value":0,"estimate":"q5"},{"bfs_id":6204,"rcp":"RCP8.5","period":"2035","key":"TN","value":0.1,"estimate":"q50"},{"bfs_id":6204,"rcp":"RCP8.5","period":"2035","key":"TN","value":0.3,"estimate":"q95"},{"bfs_id":6204,"rcp":"RCP8.5","period":"2060","key":"TN","value":0.1,"estimate":"q5"},{"bfs_id":6204,"rcp":"RCP8.5","period":"2060","key":"TN","value":1,"estimate":"q50"},{"bfs_id":6204,"rcp":"RCP8.5","period":"2060","key":"TN","value":3.2,"estimate":"q95"},{"bfs_id":6204,"rcp":"RCP8.5","period":"2085","key":"TN","value":1.2,"estimate":"q5"},{"bfs_id":6204,"rcp":"RCP8.5","period":"2085","key":"TN","value":5.9,"estimate":"q50"},{"bfs_id":6204,"rcp":"RCP8.5","period":"2085","key":"TN","value":17,"estimate":"q95"},{"bfs_id":6204,"rcp":"RCP2.6","period":"2035","key":"pr","value":1.5,"estimate":"q5","season":"DJF"},{"bfs_id":6204,"rcp":"RCP2.6","period":"2035","key":"pr","value":1.4,"estimate":"q5","season":"MAM"},{"bfs_id":6204,"rcp":"RCP2.6","period":"2035","key":"pr","value":1.1,"estimate":"q5","season":"JJA"},{"bfs_id":6204,"rcp":"RCP2.6","period":"2035","key":"pr","value":1.4,"estimate":"q5","season":"SON"},{"bfs_id":6204,"rcp":"RCP2.6","period":"2035","key":"pr","value":1.8,"estimate":"q50","season":"DJF"},{"bfs_id":6204,"rcp":"RCP2.6","period":"2035","key":"pr","value":1.5,"estimate":"q50","season":"MAM"},{"bfs_id":6204,"rcp":"RCP2.6","period":"2035","key":"pr","value":1.3,"estimate":"q50","season":"JJA"},{"bfs_id":6204,"rcp":"RCP2.6","period":"2035","key":"pr","value":1.7,"estimate":"q50","season":"SON"},{"bfs_id":6204,"rcp":"RCP2.6","period":"2035","key":"pr","value":2.1,"estimate":"q95","season":"DJF"},{"bfs_id":6204,"rcp":"RCP2.6","period":"2035","key":"pr","value":1.8,"estimate":"q95","season":"MAM"},{"bfs_id":6204,"rcp":"RCP2.6","period":"2035","key":"pr","value":1.5,"estimate":"q95","season":"JJA"},{"bfs_id":6204,"rcp":"RCP2.6","period":"2035","key":"pr","value":2.1,"estimate":"q95","season":"SON"},{"bfs_id":6204,"rcp":"RCP2.6","period":"2060","key":"pr","value":1.6,"estimate":"q5","season":"DJF"},{"bfs_id":6204,"rcp":"RCP2.6","period":"2060","key":"pr","value":1.3,"estimate":"q5","season":"MAM"},{"bfs_id":6204,"rcp":"RCP2.6","period":"2060","key":"pr","value":1.1,"estimate":"q5","season":"JJA"},{"bfs_id":6204,"rcp":"RCP2.6","period":"2060","key":"pr","value":1.4,"estimate":"q5","season":"SON"},{"bfs_id":6204,"rcp":"RCP2.6","period":"2060","key":"pr","value":1.9,"estimate":"q50","season":"DJF"},{"bfs_id":6204,"rcp":"RCP2.6","period":"2060","key":"pr","value":1.6,"estimate":"q50","season":"MAM"},{"bfs_id":6204,"rcp":"RCP2.6","period":"2060","key":"pr","value":1.3,"estimate":"q50","season":"JJA"},{"bfs_id":6204,"rcp":"RCP2.6","period":"2060","key":"pr","value":1.6,"estimate":"q50","season":"SON"},{"bfs_id":6204,"rcp":"RCP2.6","period":"2060","key":"pr","value":2.2,"estimate":"q95","season":"DJF"},{"bfs_id":6204,"rcp":"RCP2.6","period":"2060","key":"pr","value":1.8,"estimate":"q95","season":"MAM"},{"bfs_id":6204,"rcp":"RCP2.6","period":"2060","key":"pr","value":1.5,"estimate":"q95","season":"JJA"},{"bfs_id":6204,"rcp":"RCP2.6","period":"2060","key":"pr","value":2,"estimate":"q95","season":"SON"},{"bfs_id":6204,"rcp":"RCP2.6","period":"2085","key":"pr","value":1.7,"estimate":"q5","season":"DJF"},{"bfs_id":6204,"rcp":"RCP2.6","period":"2085","key":"pr","value":1.3,"estimate":"q5","season":"MAM"},{"bfs_id":6204,"rcp":"RCP2.6","period":"2085","key":"pr","value":1.1,"estimate":"q5","season":"JJA"},{"bfs_id":6204,"rcp":"RCP2.6","period":"2085","key":"pr","value":1.5,"estimate":"q5","season":"SON"},{"bfs_id":6204,"rcp":"RCP2.6","period":"2085","key":"pr","value":1.9,"estimate":"q50","season":"DJF"},{"bfs_id":6204,"rcp":"RCP2.6","period":"2085","key":"pr","value":1.5,"estimate":"q50","season":"MAM"},{"bfs_id":6204,"rcp":"RCP2.6","period":"2085","key":"pr","value":1.4,"estimate":"q50","season":"JJA"},{"bfs_id":6204,"rcp":"RCP2.6","period":"2085","key":"pr","value":1.6,"estimate":"q50","season":"SON"},{"bfs_id":6204,"rcp":"RCP2.6","period":"2085","key":"pr","value":2.3,"estimate":"q95","season":"DJF"},{"bfs_id":6204,"rcp":"RCP2.6","period":"2085","key":"pr","value":1.8,"estimate":"q95","season":"MAM"},{"bfs_id":6204,"rcp":"RCP2.6","period":"2085","key":"pr","value":1.6,"estimate":"q95","season":"JJA"},{"bfs_id":6204,"rcp":"RCP2.6","period":"2085","key":"pr","value":1.9,"estimate":"q95","season":"SON"},{"bfs_id":6204,"rcp":"RCP8.5","period":"2035","key":"pr","value":1.7,"estimate":"q5","season":"DJF"},{"bfs_id":6204,"rcp":"RCP8.5","period":"2035","key":"pr","value":1.4,"estimate":"q5","season":"MAM"},{"bfs_id":6204,"rcp":"RCP8.5","period":"2035","key":"pr","value":1.1,"estimate":"q5","season":"JJA"},{"bfs_id":6204,"rcp":"RCP8.5","period":"2035","key":"pr","value":1.4,"estimate":"q5","season":"SON"},{"bfs_id":6204,"rcp":"RCP8.5","period":"2035","key":"pr","value":1.9,"estimate":"q50","season":"DJF"},{"bfs_id":6204,"rcp":"RCP8.5","period":"2035","key":"pr","value":1.5,"estimate":"q50","season":"MAM"},{"bfs_id":6204,"rcp":"RCP8.5","period":"2035","key":"pr","value":1.3,"estimate":"q50","season":"JJA"},{"bfs_id":6204,"rcp":"RCP8.5","period":"2035","key":"pr","value":1.6,"estimate":"q50","season":"SON"},{"bfs_id":6204,"rcp":"RCP8.5","period":"2035","key":"pr","value":2.2,"estimate":"q95","season":"DJF"},{"bfs_id":6204,"rcp":"RCP8.5","period":"2035","key":"pr","value":1.8,"estimate":"q95","season":"MAM"},{"bfs_id":6204,"rcp":"RCP8.5","period":"2035","key":"pr","value":1.5,"estimate":"q95","season":"JJA"},{"bfs_id":6204,"rcp":"RCP8.5","period":"2035","key":"pr","value":2,"estimate":"q95","season":"SON"},{"bfs_id":6204,"rcp":"RCP8.5","period":"2060","key":"pr","value":1.7,"estimate":"q5","season":"DJF"},{"bfs_id":6204,"rcp":"RCP8.5","period":"2060","key":"pr","value":1.4,"estimate":"q5","season":"MAM"},{"bfs_id":6204,"rcp":"RCP8.5","period":"2060","key":"pr","value":1,"estimate":"q5","season":"JJA"},{"bfs_id":6204,"rcp":"RCP8.5","period":"2060","key":"pr","value":1.5,"estimate":"q5","season":"SON"},{"bfs_id":6204,"rcp":"RCP8.5","period":"2060","key":"pr","value":2,"estimate":"q50","season":"DJF"},{"bfs_id":6204,"rcp":"RCP8.5","period":"2060","key":"pr","value":1.6,"estimate":"q50","season":"MAM"},{"bfs_id":6204,"rcp":"RCP8.5","period":"2060","key":"pr","value":1.2,"estimate":"q50","season":"JJA"},{"bfs_id":6204,"rcp":"RCP8.5","period":"2060","key":"pr","value":1.6,"estimate":"q50","season":"SON"},{"bfs_id":6204,"rcp":"RCP8.5","period":"2060","key":"pr","value":2.3,"estimate":"q95","season":"DJF"},{"bfs_id":6204,"rcp":"RCP8.5","period":"2060","key":"pr","value":1.9,"estimate":"q95","season":"MAM"},{"bfs_id":6204,"rcp":"RCP8.5","period":"2060","key":"pr","value":1.6,"estimate":"q95","season":"JJA"},{"bfs_id":6204,"rcp":"RCP8.5","period":"2060","key":"pr","value":1.9,"estimate":"q95","season":"SON"},{"bfs_id":6204,"rcp":"RCP8.5","period":"2085","key":"pr","value":1.7,"estimate":"q5","season":"DJF"},{"bfs_id":6204,"rcp":"RCP8.5","period":"2085","key":"pr","value":1.5,"estimate":"q5","season":"MAM"},{"bfs_id":6204,"rcp":"RCP8.5","period":"2085","key":"pr","value":0.9,"estimate":"q5","season":"JJA"},{"bfs_id":6204,"rcp":"RCP8.5","period":"2085","key":"pr","value":1.4,"estimate":"q5","season":"SON"},{"bfs_id":6204,"rcp":"RCP8.5","period":"2085","key":"pr","value":2.1,"estimate":"q50","season":"DJF"},{"bfs_id":6204,"rcp":"RCP8.5","period":"2085","key":"pr","value":1.7,"estimate":"q50","season":"MAM"},{"bfs_id":6204,"rcp":"RCP8.5","period":"2085","key":"pr","value":1.2,"estimate":"q50","season":"JJA"},{"bfs_id":6204,"rcp":"RCP8.5","period":"2085","key":"pr","value":1.7,"estimate":"q50","season":"SON"},{"bfs_id":6204,"rcp":"RCP8.5","period":"2085","key":"pr","value":2.4,"estimate":"q95","season":"DJF"},{"bfs_id":6204,"rcp":"RCP8.5","period":"2085","key":"pr","value":2,"estimate":"q95","season":"MAM"},{"bfs_id":6204,"rcp":"RCP8.5","period":"2085","key":"pr","value":1.5,"estimate":"q95","season":"JJA"},{"bfs_id":6204,"rcp":"RCP8.5","period":"2085","key":"pr","value":1.9,"estimate":"q95","season":"SON"},{"bfs_id":6204,"rcp":"RCP2.6","period":"2035","key":"tas","value":0.3,"estimate":"q5","season":"DJF"},{"bfs_id":6204,"rcp":"RCP2.6","period":"2035","key":"tas","value":9.2,"estimate":"q5","season":"MAM"},{"bfs_id":6204,"rcp":"RCP2.6","period":"2035","key":"tas","value":18.4,"estimate":"q5","season":"JJA"},{"bfs_id":6204,"rcp":"RCP2.6","period":"2035","key":"tas","value":9.7,"estimate":"q5","season":"SON"},{"bfs_id":6204,"rcp":"RCP2.6","period":"2035","key":"tas","value":0.9,"estimate":"q50","season":"DJF"},{"bfs_id":6204,"rcp":"RCP2.6","period":"2035","key":"tas","value":9.9,"estimate":"q50","season":"MAM"},{"bfs_id":6204,"rcp":"RCP2.6","period":"2035","key":"tas","value":19.4,"estimate":"q50","season":"JJA"},{"bfs_id":6204,"rcp":"RCP2.6","period":"2035","key":"tas","value":10.4,"estimate":"q50","season":"SON"},{"bfs_id":6204,"rcp":"RCP2.6","period":"2035","key":"tas","value":1.4,"estimate":"q95","season":"DJF"},{"bfs_id":6204,"rcp":"RCP2.6","period":"2035","key":"tas","value":10.2,"estimate":"q95","season":"MAM"},{"bfs_id":6204,"rcp":"RCP2.6","period":"2035","key":"tas","value":20.2,"estimate":"q95","season":"JJA"},{"bfs_id":6204,"rcp":"RCP2.6","period":"2035","key":"tas","value":11.1,"estimate":"q95","season":"SON"},{"bfs_id":6204,"rcp":"RCP2.6","period":"2060","key":"tas","value":0.6,"estimate":"q5","season":"DJF"},{"bfs_id":6204,"rcp":"RCP2.6","period":"2060","key":"tas","value":9,"estimate":"q5","season":"MAM"},{"bfs_id":6204,"rcp":"RCP2.6","period":"2060","key":"tas","value":18.7,"estimate":"q5","season":"JJA"},{"bfs_id":6204,"rcp":"RCP2.6","period":"2060","key":"tas","value":10.1,"estimate":"q5","season":"SON"},{"bfs_id":6204,"rcp":"RCP2.6","period":"2060","key":"tas","value":1.2,"estimate":"q50","season":"DJF"},{"bfs_id":6204,"rcp":"RCP2.6","period":"2060","key":"tas","value":9.9,"estimate":"q50","season":"MAM"},{"bfs_id":6204,"rcp":"RCP2.6","period":"2060","key":"tas","value":19.6,"estimate":"q50","season":"JJA"},{"bfs_id":6204,"rcp":"RCP2.6","period":"2060","key":"tas","value":10.6,"estimate":"q50","season":"SON"},{"bfs_id":6204,"rcp":"RCP2.6","period":"2060","key":"tas","value":1.7,"estimate":"q95","season":"DJF"},{"bfs_id":6204,"rcp":"RCP2.6","period":"2060","key":"tas","value":10.4,"estimate":"q95","season":"MAM"},{"bfs_id":6204,"rcp":"RCP2.6","period":"2060","key":"tas","value":20.6,"estimate":"q95","season":"JJA"},{"bfs_id":6204,"rcp":"RCP2.6","period":"2060","key":"tas","value":11.5,"estimate":"q95","season":"SON"},{"bfs_id":6204,"rcp":"RCP2.6","period":"2085","key":"tas","value":0.6,"estimate":"q5","season":"DJF"},{"bfs_id":6204,"rcp":"RCP2.6","period":"2085","key":"tas","value":9.1,"estimate":"q5","season":"MAM"},{"bfs_id":6204,"rcp":"RCP2.6","period":"2085","key":"tas","value":18.6,"estimate":"q5","season":"JJA"},{"bfs_id":6204,"rcp":"RCP2.6","period":"2085","key":"tas","value":9.7,"estimate":"q5","season":"SON"},{"bfs_id":6204,"rcp":"RCP2.6","period":"2085","key":"tas","value":1.1,"estimate":"q50","season":"DJF"},{"bfs_id":6204,"rcp":"RCP2.6","period":"2085","key":"tas","value":9.9,"estimate":"q50","season":"MAM"},{"bfs_id":6204,"rcp":"RCP2.6","period":"2085","key":"tas","value":19.6,"estimate":"q50","season":"JJA"},{"bfs_id":6204,"rcp":"RCP2.6","period":"2085","key":"tas","value":10.6,"estimate":"q50","season":"SON"},{"bfs_id":6204,"rcp":"RCP2.6","period":"2085","key":"tas","value":1.8,"estimate":"q95","season":"DJF"},{"bfs_id":6204,"rcp":"RCP2.6","period":"2085","key":"tas","value":10.5,"estimate":"q95","season":"MAM"},{"bfs_id":6204,"rcp":"RCP2.6","period":"2085","key":"tas","value":20.3,"estimate":"q95","season":"JJA"},{"bfs_id":6204,"rcp":"RCP2.6","period":"2085","key":"tas","value":11.4,"estimate":"q95","season":"SON"},{"bfs_id":6204,"rcp":"RCP8.5","period":"2035","key":"tas","value":0.6,"estimate":"q5","season":"DJF"},{"bfs_id":6204,"rcp":"RCP8.5","period":"2035","key":"tas","value":9.5,"estimate":"q5","season":"MAM"},{"bfs_id":6204,"rcp":"RCP8.5","period":"2035","key":"tas","value":19,"estimate":"q5","season":"JJA"},{"bfs_id":6204,"rcp":"RCP8.5","period":"2035","key":"tas","value":10.3,"estimate":"q5","season":"SON"},{"bfs_id":6204,"rcp":"RCP8.5","period":"2035","key":"tas","value":1.4,"estimate":"q50","season":"DJF"},{"bfs_id":6204,"rcp":"RCP8.5","period":"2035","key":"tas","value":9.9,"estimate":"q50","season":"MAM"},{"bfs_id":6204,"rcp":"RCP8.5","period":"2035","key":"tas","value":19.6,"estimate":"q50","season":"JJA"},{"bfs_id":6204,"rcp":"RCP8.5","period":"2035","key":"tas","value":10.7,"estimate":"q50","season":"SON"},{"bfs_id":6204,"rcp":"RCP8.5","period":"2035","key":"tas","value":1.7,"estimate":"q95","season":"DJF"},{"bfs_id":6204,"rcp":"RCP8.5","period":"2035","key":"tas","value":10.5,"estimate":"q95","season":"MAM"},{"bfs_id":6204,"rcp":"RCP8.5","period":"2035","key":"tas","value":20.8,"estimate":"q95","season":"JJA"},{"bfs_id":6204,"rcp":"RCP8.5","period":"2035","key":"tas","value":11.7,"estimate":"q95","season":"SON"},{"bfs_id":6204,"rcp":"RCP8.5","period":"2060","key":"tas","value":1.8,"estimate":"q5","season":"DJF"},{"bfs_id":6204,"rcp":"RCP8.5","period":"2060","key":"tas","value":10.4,"estimate":"q5","season":"MAM"},{"bfs_id":6204,"rcp":"RCP8.5","period":"2060","key":"tas","value":20.1,"estimate":"q5","season":"JJA"},{"bfs_id":6204,"rcp":"RCP8.5","period":"2060","key":"tas","value":11.6,"estimate":"q5","season":"SON"},{"bfs_id":6204,"rcp":"RCP8.5","period":"2060","key":"tas","value":2.3,"estimate":"q50","season":"DJF"},{"bfs_id":6204,"rcp":"RCP8.5","period":"2060","key":"tas","value":11.1,"estimate":"q50","season":"MAM"},{"bfs_id":6204,"rcp":"RCP8.5","period":"2060","key":"tas","value":21.4,"estimate":"q50","season":"JJA"},{"bfs_id":6204,"rcp":"RCP8.5","period":"2060","key":"tas","value":12.6,"estimate":"q50","season":"SON"},{"bfs_id":6204,"rcp":"RCP8.5","period":"2060","key":"tas","value":3,"estimate":"q95","season":"DJF"},{"bfs_id":6204,"rcp":"RCP8.5","period":"2060","key":"tas","value":12,"estimate":"q95","season":"MAM"},{"bfs_id":6204,"rcp":"RCP8.5","period":"2060","key":"tas","value":22.8,"estimate":"q95","season":"JJA"},{"bfs_id":6204,"rcp":"RCP8.5","period":"2060","key":"tas","value":13.9,"estimate":"q95","season":"SON"},{"bfs_id":6204,"rcp":"RCP8.5","period":"2085","key":"tas","value":3.2,"estimate":"q5","season":"DJF"},{"bfs_id":6204,"rcp":"RCP8.5","period":"2085","key":"tas","value":11.8,"estimate":"q5","season":"MAM"},{"bfs_id":6204,"rcp":"RCP8.5","period":"2085","key":"tas","value":21.5,"estimate":"q5","season":"JJA"},{"bfs_id":6204,"rcp":"RCP8.5","period":"2085","key":"tas","value":13.1,"estimate":"q5","season":"SON"},{"bfs_id":6204,"rcp":"RCP8.5","period":"2085","key":"tas","value":4.1,"estimate":"q50","season":"DJF"},{"bfs_id":6204,"rcp":"RCP8.5","period":"2085","key":"tas","value":12.7,"estimate":"q50","season":"MAM"},{"bfs_id":6204,"rcp":"RCP8.5","period":"2085","key":"tas","value":23.4,"estimate":"q50","season":"JJA"},{"bfs_id":6204,"rcp":"RCP8.5","period":"2085","key":"tas","value":14.1,"estimate":"q50","season":"SON"},{"bfs_id":6204,"rcp":"RCP8.5","period":"2085","key":"tas","value":4.8,"estimate":"q95","season":"DJF"},{"bfs_id":6204,"rcp":"RCP8.5","period":"2085","key":"tas","value":14.8,"estimate":"q95","season":"MAM"},{"bfs_id":6204,"rcp":"RCP8.5","period":"2085","key":"tas","value":25.6,"estimate":"q95","season":"JJA"},{"bfs_id":6204,"rcp":"RCP8.5","period":"2085","key":"tas","value":16.1,"estimate":"q95","season":"SON"},{"bfs_id":6204,"rcp":"obs","period":"1981-2010","key":"FD","value":119.6,"estimate":"yearly_mean"},{"bfs_id":6204,"rcp":"obs","period":"1981-2010","key":"HD","value":10.2,"estimate":"yearly_mean"},{"bfs_id":6204,"rcp":"obs","period":"1981-2010","key":"ID","value":20.8,"estimate":"yearly_mean"},{"bfs_id":6204,"rcp":"obs","period":"1981-2010","key":"SD","value":56.5,"estimate":"yearly_mean"},{"bfs_id":6204,"rcp":"obs","period":"1981-2010","key":"snowdays","value":16.6,"estimate":"yearly_mean"},{"bfs_id":6204,"rcp":"obs","period":"1981-2010","key":"TN","value":0,"estimate":"yearly_mean"},{"bfs_id":6204,"rcp":"obs","period":"1981-2010","key":"pr","value":1.7,"estimate":"mean","season":"DJF"},{"bfs_id":6204,"rcp":"obs","period":"1981-2010","key":"pr","value":1.5,"estimate":"mean","season":"MAM"},{"bfs_id":6204,"rcp":"obs","period":"1981-2010","key":"pr","value":1.3,"estimate":"mean","season":"JJA"},{"bfs_id":6204,"rcp":"obs","period":"1981-2010","key":"pr","value":1.6,"estimate":"mean","season":"SON"},{"bfs_id":6204,"rcp":"obs","period":"1981-2010","key":"tas","value":-0.4,"estimate":"mean","season":"DJF"},{"bfs_id":6204,"rcp":"obs","period":"1981-2010","key":"tas","value":9.4,"estimate":"mean","season":"MAM"},{"bfs_id":6204,"rcp":"obs","period":"1981-2010","key":"tas","value":17.9,"estimate":"mean","season":"JJA"},{"bfs_id":6204,"rcp":"obs","period":"1981-2010","key":"tas","value":9.1,"estimate":"mean","season":"SON"}]
