[{"bfs_id":6789,"rcp":"RCP2.6","period":"2035","key":"FD","value":56.4,"estimate":"q5"},{"bfs_id":6789,"rcp":"RCP2.6","period":"2035","key":"FD","value":70.1,"estimate":"q50"},{"bfs_id":6789,"rcp":"RCP2.6","period":"2035","key":"FD","value":73.6,"estimate":"q95"},{"bfs_id":6789,"rcp":"RCP2.6","period":"2060","key":"FD","value":56.3,"estimate":"q5"},{"bfs_id":6789,"rcp":"RCP2.6","period":"2060","key":"FD","value":66.1,"estimate":"q50"},{"bfs_id":6789,"rcp":"RCP2.6","period":"2060","key":"FD","value":71.6,"estimate":"q95"},{"bfs_id":6789,"rcp":"RCP2.6","period":"2085","key":"FD","value":56.2,"estimate":"q5"},{"bfs_id":6789,"rcp":"RCP2.6","period":"2085","key":"FD","value":66.7,"estimate":"q50"},{"bfs_id":6789,"rcp":"RCP2.6","period":"2085","key":"FD","value":72.6,"estimate":"q95"},{"bfs_id":6789,"rcp":"RCP8.5","period":"2035","key":"FD","value":54.8,"estimate":"q5"},{"bfs_id":6789,"rcp":"RCP8.5","period":"2035","key":"FD","value":65.8,"estimate":"q50"},{"bfs_id":6789,"rcp":"RCP8.5","period":"2035","key":"FD","value":70.7,"estimate":"q95"},{"bfs_id":6789,"rcp":"RCP8.5","period":"2060","key":"FD","value":44,"estimate":"q5"},{"bfs_id":6789,"rcp":"RCP8.5","period":"2060","key":"FD","value":51.3,"estimate":"q50"},{"bfs_id":6789,"rcp":"RCP8.5","period":"2060","key":"FD","value":57.3,"estimate":"q95"},{"bfs_id":6789,"rcp":"RCP8.5","period":"2085","key":"FD","value":26.9,"estimate":"q5"},{"bfs_id":6789,"rcp":"RCP8.5","period":"2085","key":"FD","value":32.2,"estimate":"q50"},{"bfs_id":6789,"rcp":"RCP8.5","period":"2085","key":"FD","value":43.7,"estimate":"q95"},{"bfs_id":6789,"rcp":"RCP2.6","period":"2035","key":"HD","value":5,"estimate":"q5"},{"bfs_id":6789,"rcp":"RCP2.6","period":"2035","key":"HD","value":8,"estimate":"q50"},{"bfs_id":6789,"rcp":"RCP2.6","period":"2035","key":"HD","value":12,"estimate":"q95"},{"bfs_id":6789,"rcp":"RCP2.6","period":"2060","key":"HD","value":5.9,"estimate":"q5"},{"bfs_id":6789,"rcp":"RCP2.6","period":"2060","key":"HD","value":8.1,"estimate":"q50"},{"bfs_id":6789,"rcp":"RCP2.6","period":"2060","key":"HD","value":14.2,"estimate":"q95"},{"bfs_id":6789,"rcp":"RCP2.6","period":"2085","key":"HD","value":5.9,"estimate":"q5"},{"bfs_id":6789,"rcp":"RCP2.6","period":"2085","key":"HD","value":7.4,"estimate":"q50"},{"bfs_id":6789,"rcp":"RCP2.6","period":"2085","key":"HD","value":13.7,"estimate":"q95"},{"bfs_id":6789,"rcp":"RCP8.5","period":"2035","key":"HD","value":6.4,"estimate":"q5"},{"bfs_id":6789,"rcp":"RCP8.5","period":"2035","key":"HD","value":8.1,"estimate":"q50"},{"bfs_id":6789,"rcp":"RCP8.5","period":"2035","key":"HD","value":13.5,"estimate":"q95"},{"bfs_id":6789,"rcp":"RCP8.5","period":"2060","key":"HD","value":10.9,"estimate":"q5"},{"bfs_id":6789,"rcp":"RCP8.5","period":"2060","key":"HD","value":16.2,"estimate":"q50"},{"bfs_id":6789,"rcp":"RCP8.5","period":"2060","key":"HD","value":27.7,"estimate":"q95"},{"bfs_id":6789,"rcp":"RCP8.5","period":"2085","key":"HD","value":20.1,"estimate":"q5"},{"bfs_id":6789,"rcp":"RCP8.5","period":"2085","key":"HD","value":27.1,"estimate":"q50"},{"bfs_id":6789,"rcp":"RCP8.5","period":"2085","key":"HD","value":50.9,"estimate":"q95"},{"bfs_id":6789,"rcp":"RCP2.6","period":"2035","key":"ID","value":11.5,"estimate":"q5"},{"bfs_id":6789,"rcp":"RCP2.6","period":"2035","key":"ID","value":15.6,"estimate":"q50"},{"bfs_id":6789,"rcp":"RCP2.6","period":"2035","key":"ID","value":19.8,"estimate":"q95"},{"bfs_id":6789,"rcp":"RCP2.6","period":"2060","key":"ID","value":11.7,"estimate":"q5"},{"bfs_id":6789,"rcp":"RCP2.6","period":"2060","key":"ID","value":15.2,"estimate":"q50"},{"bfs_id":6789,"rcp":"RCP2.6","period":"2060","key":"ID","value":18.2,"estimate":"q95"},{"bfs_id":6789,"rcp":"RCP2.6","period":"2085","key":"ID","value":11.2,"estimate":"q5"},{"bfs_id":6789,"rcp":"RCP2.6","period":"2085","key":"ID","value":15,"estimate":"q50"},{"bfs_id":6789,"rcp":"RCP2.6","period":"2085","key":"ID","value":18.7,"estimate":"q95"},{"bfs_id":6789,"rcp":"RCP8.5","period":"2035","key":"ID","value":11.2,"estimate":"q5"},{"bfs_id":6789,"rcp":"RCP8.5","period":"2035","key":"ID","value":14.6,"estimate":"q50"},{"bfs_id":6789,"rcp":"RCP8.5","period":"2035","key":"ID","value":18.8,"estimate":"q95"},{"bfs_id":6789,"rcp":"RCP8.5","period":"2060","key":"ID","value":8,"estimate":"q5"},{"bfs_id":6789,"rcp":"RCP8.5","period":"2060","key":"ID","value":10.5,"estimate":"q50"},{"bfs_id":6789,"rcp":"RCP8.5","period":"2060","key":"ID","value":12.7,"estimate":"q95"},{"bfs_id":6789,"rcp":"RCP8.5","period":"2085","key":"ID","value":2.5,"estimate":"q5"},{"bfs_id":6789,"rcp":"RCP8.5","period":"2085","key":"ID","value":4.8,"estimate":"q50"},{"bfs_id":6789,"rcp":"RCP8.5","period":"2085","key":"ID","value":7,"estimate":"q95"},{"bfs_id":6789,"rcp":"RCP2.6","period":"2035","key":"SD","value":35.3,"estimate":"q5"},{"bfs_id":6789,"rcp":"RCP2.6","period":"2035","key":"SD","value":41.1,"estimate":"q50"},{"bfs_id":6789,"rcp":"RCP2.6","period":"2035","key":"SD","value":47.2,"estimate":"q95"},{"bfs_id":6789,"rcp":"RCP2.6","period":"2060","key":"SD","value":35.8,"estimate":"q5"},{"bfs_id":6789,"rcp":"RCP2.6","period":"2060","key":"SD","value":42.4,"estimate":"q50"},{"bfs_id":6789,"rcp":"RCP2.6","period":"2060","key":"SD","value":48.4,"estimate":"q95"},{"bfs_id":6789,"rcp":"RCP2.6","period":"2085","key":"SD","value":35.8,"estimate":"q5"},{"bfs_id":6789,"rcp":"RCP2.6","period":"2085","key":"SD","value":41.1,"estimate":"q50"},{"bfs_id":6789,"rcp":"RCP2.6","period":"2085","key":"SD","value":48.1,"estimate":"q95"},{"bfs_id":6789,"rcp":"RCP8.5","period":"2035","key":"SD","value":37.7,"estimate":"q5"},{"bfs_id":6789,"rcp":"RCP8.5","period":"2035","key":"SD","value":42.7,"estimate":"q50"},{"bfs_id":6789,"rcp":"RCP8.5","period":"2035","key":"SD","value":48.2,"estimate":"q95"},{"bfs_id":6789,"rcp":"RCP8.5","period":"2060","key":"SD","value":50.9,"estimate":"q5"},{"bfs_id":6789,"rcp":"RCP8.5","period":"2060","key":"SD","value":56.9,"estimate":"q50"},{"bfs_id":6789,"rcp":"RCP8.5","period":"2060","key":"SD","value":75.1,"estimate":"q95"},{"bfs_id":6789,"rcp":"RCP8.5","period":"2085","key":"SD","value":66.8,"estimate":"q5"},{"bfs_id":6789,"rcp":"RCP8.5","period":"2085","key":"SD","value":79.2,"estimate":"q50"},{"bfs_id":6789,"rcp":"RCP8.5","period":"2085","key":"SD","value":98.6,"estimate":"q95"},{"bfs_id":6789,"rcp":"RCP2.6","period":"2035","key":"snowdays","value":12.6,"estimate":"q5"},{"bfs_id":6789,"rcp":"RCP2.6","period":"2035","key":"snowdays","value":16.4,"estimate":"q50"},{"bfs_id":6789,"rcp":"RCP2.6","period":"2035","key":"snowdays","value":23.4,"estimate":"q95"},{"bfs_id":6789,"rcp":"RCP2.6","period":"2060","key":"snowdays","value":12.6,"estimate":"q5"},{"bfs_id":6789,"rcp":"RCP2.6","period":"2060","key":"snowdays","value":15.4,"estimate":"q50"},{"bfs_id":6789,"rcp":"RCP2.6","period":"2060","key":"snowdays","value":23.7,"estimate":"q95"},{"bfs_id":6789,"rcp":"RCP2.6","period":"2085","key":"snowdays","value":11.8,"estimate":"q5"},{"bfs_id":6789,"rcp":"RCP2.6","period":"2085","key":"snowdays","value":15.7,"estimate":"q50"},{"bfs_id":6789,"rcp":"RCP2.6","period":"2085","key":"snowdays","value":22.2,"estimate":"q95"},{"bfs_id":6789,"rcp":"RCP8.5","period":"2035","key":"snowdays","value":11.7,"estimate":"q5"},{"bfs_id":6789,"rcp":"RCP8.5","period":"2035","key":"snowdays","value":15,"estimate":"q50"},{"bfs_id":6789,"rcp":"RCP8.5","period":"2035","key":"snowdays","value":22,"estimate":"q95"},{"bfs_id":6789,"rcp":"RCP8.5","period":"2060","key":"snowdays","value":8.9,"estimate":"q5"},{"bfs_id":6789,"rcp":"RCP8.5","period":"2060","key":"snowdays","value":11.3,"estimate":"q50"},{"bfs_id":6789,"rcp":"RCP8.5","period":"2060","key":"snowdays","value":15.5,"estimate":"q95"},{"bfs_id":6789,"rcp":"RCP8.5","period":"2085","key":"snowdays","value":4.2,"estimate":"q5"},{"bfs_id":6789,"rcp":"RCP8.5","period":"2085","key":"snowdays","value":5.9,"estimate":"q50"},{"bfs_id":6789,"rcp":"RCP8.5","period":"2085","key":"snowdays","value":10.5,"estimate":"q95"},{"bfs_id":6789,"rcp":"RCP2.6","period":"2035","key":"TN","value":0.5,"estimate":"q5"},{"bfs_id":6789,"rcp":"RCP2.6","period":"2035","key":"TN","value":1.5,"estimate":"q50"},{"bfs_id":6789,"rcp":"RCP2.6","period":"2035","key":"TN","value":2.3,"estimate":"q95"},{"bfs_id":6789,"rcp":"RCP2.6","period":"2060","key":"TN","value":0.8,"estimate":"q5"},{"bfs_id":6789,"rcp":"RCP2.6","period":"2060","key":"TN","value":1.4,"estimate":"q50"},{"bfs_id":6789,"rcp":"RCP2.6","period":"2060","key":"TN","value":2.9,"estimate":"q95"},{"bfs_id":6789,"rcp":"RCP2.6","period":"2085","key":"TN","value":0.7,"estimate":"q5"},{"bfs_id":6789,"rcp":"RCP2.6","period":"2085","key":"TN","value":1.6,"estimate":"q50"},{"bfs_id":6789,"rcp":"RCP2.6","period":"2085","key":"TN","value":2.7,"estimate":"q95"},{"bfs_id":6789,"rcp":"RCP8.5","period":"2035","key":"TN","value":0.9,"estimate":"q5"},{"bfs_id":6789,"rcp":"RCP8.5","period":"2035","key":"TN","value":1.9,"estimate":"q50"},{"bfs_id":6789,"rcp":"RCP8.5","period":"2035","key":"TN","value":3.9,"estimate":"q95"},{"bfs_id":6789,"rcp":"RCP8.5","period":"2060","key":"TN","value":3.2,"estimate":"q5"},{"bfs_id":6789,"rcp":"RCP8.5","period":"2060","key":"TN","value":5,"estimate":"q50"},{"bfs_id":6789,"rcp":"RCP8.5","period":"2060","key":"TN","value":10.5,"estimate":"q95"},{"bfs_id":6789,"rcp":"RCP8.5","period":"2085","key":"TN","value":9.3,"estimate":"q5"},{"bfs_id":6789,"rcp":"RCP8.5","period":"2085","key":"TN","value":13,"estimate":"q50"},{"bfs_id":6789,"rcp":"RCP8.5","period":"2085","key":"TN","value":31.5,"estimate":"q95"},{"bfs_id":6789,"rcp":"RCP2.6","period":"2035","key":"pr","value":2.5,"estimate":"q5","season":"DJF"},{"bfs_id":6789,"rcp":"RCP2.6","period":"2035","key":"pr","value":2.8,"estimate":"q5","season":"MAM"},{"bfs_id":6789,"rcp":"RCP2.6","period":"2035","key":"pr","value":2.7,"estimate":"q5","season":"JJA"},{"bfs_id":6789,"rcp":"RCP2.6","period":"2035","key":"pr","value":2.9,"estimate":"q5","season":"SON"},{"bfs_id":6789,"rcp":"RCP2.6","period":"2035","key":"pr","value":3,"estimate":"q50","season":"DJF"},{"bfs_id":6789,"rcp":"RCP2.6","period":"2035","key":"pr","value":3.2,"estimate":"q50","season":"MAM"},{"bfs_id":6789,"rcp":"RCP2.6","period":"2035","key":"pr","value":3.1,"estimate":"q50","season":"JJA"},{"bfs_id":6789,"rcp":"RCP2.6","period":"2035","key":"pr","value":3.2,"estimate":"q50","season":"SON"},{"bfs_id":6789,"rcp":"RCP2.6","period":"2035","key":"pr","value":3.4,"estimate":"q95","season":"DJF"},{"bfs_id":6789,"rcp":"RCP2.6","period":"2035","key":"pr","value":3.5,"estimate":"q95","season":"MAM"},{"bfs_id":6789,"rcp":"RCP2.6","period":"2035","key":"pr","value":3.8,"estimate":"q95","season":"JJA"},{"bfs_id":6789,"rcp":"RCP2.6","period":"2035","key":"pr","value":3.6,"estimate":"q95","season":"SON"},{"bfs_id":6789,"rcp":"RCP2.6","period":"2060","key":"pr","value":2.7,"estimate":"q5","season":"DJF"},{"bfs_id":6789,"rcp":"RCP2.6","period":"2060","key":"pr","value":2.9,"estimate":"q5","season":"MAM"},{"bfs_id":6789,"rcp":"RCP2.6","period":"2060","key":"pr","value":2.7,"estimate":"q5","season":"JJA"},{"bfs_id":6789,"rcp":"RCP2.6","period":"2060","key":"pr","value":2.9,"estimate":"q5","season":"SON"},{"bfs_id":6789,"rcp":"RCP2.6","period":"2060","key":"pr","value":3,"estimate":"q50","season":"DJF"},{"bfs_id":6789,"rcp":"RCP2.6","period":"2060","key":"pr","value":3.1,"estimate":"q50","season":"MAM"},{"bfs_id":6789,"rcp":"RCP2.6","period":"2060","key":"pr","value":3.1,"estimate":"q50","season":"JJA"},{"bfs_id":6789,"rcp":"RCP2.6","period":"2060","key":"pr","value":3.2,"estimate":"q50","season":"SON"},{"bfs_id":6789,"rcp":"RCP2.6","period":"2060","key":"pr","value":3.2,"estimate":"q95","season":"DJF"},{"bfs_id":6789,"rcp":"RCP2.6","period":"2060","key":"pr","value":3.5,"estimate":"q95","season":"MAM"},{"bfs_id":6789,"rcp":"RCP2.6","period":"2060","key":"pr","value":3.6,"estimate":"q95","season":"JJA"},{"bfs_id":6789,"rcp":"RCP2.6","period":"2060","key":"pr","value":3.5,"estimate":"q95","season":"SON"},{"bfs_id":6789,"rcp":"RCP2.6","period":"2085","key":"pr","value":2.6,"estimate":"q5","season":"DJF"},{"bfs_id":6789,"rcp":"RCP2.6","period":"2085","key":"pr","value":2.9,"estimate":"q5","season":"MAM"},{"bfs_id":6789,"rcp":"RCP2.6","period":"2085","key":"pr","value":2.6,"estimate":"q5","season":"JJA"},{"bfs_id":6789,"rcp":"RCP2.6","period":"2085","key":"pr","value":2.8,"estimate":"q5","season":"SON"},{"bfs_id":6789,"rcp":"RCP2.6","period":"2085","key":"pr","value":3,"estimate":"q50","season":"DJF"},{"bfs_id":6789,"rcp":"RCP2.6","period":"2085","key":"pr","value":3.1,"estimate":"q50","season":"MAM"},{"bfs_id":6789,"rcp":"RCP2.6","period":"2085","key":"pr","value":3.2,"estimate":"q50","season":"JJA"},{"bfs_id":6789,"rcp":"RCP2.6","period":"2085","key":"pr","value":3.1,"estimate":"q50","season":"SON"},{"bfs_id":6789,"rcp":"RCP2.6","period":"2085","key":"pr","value":3.3,"estimate":"q95","season":"DJF"},{"bfs_id":6789,"rcp":"RCP2.6","period":"2085","key":"pr","value":3.4,"estimate":"q95","season":"MAM"},{"bfs_id":6789,"rcp":"RCP2.6","period":"2085","key":"pr","value":3.6,"estimate":"q95","season":"JJA"},{"bfs_id":6789,"rcp":"RCP2.6","period":"2085","key":"pr","value":3.6,"estimate":"q95","season":"SON"},{"bfs_id":6789,"rcp":"RCP8.5","period":"2035","key":"pr","value":2.8,"estimate":"q5","season":"DJF"},{"bfs_id":6789,"rcp":"RCP8.5","period":"2035","key":"pr","value":3,"estimate":"q5","season":"MAM"},{"bfs_id":6789,"rcp":"RCP8.5","period":"2035","key":"pr","value":2.6,"estimate":"q5","season":"JJA"},{"bfs_id":6789,"rcp":"RCP8.5","period":"2035","key":"pr","value":2.9,"estimate":"q5","season":"SON"},{"bfs_id":6789,"rcp":"RCP8.5","period":"2035","key":"pr","value":3.1,"estimate":"q50","season":"DJF"},{"bfs_id":6789,"rcp":"RCP8.5","period":"2035","key":"pr","value":3.3,"estimate":"q50","season":"MAM"},{"bfs_id":6789,"rcp":"RCP8.5","period":"2035","key":"pr","value":3.3,"estimate":"q50","season":"JJA"},{"bfs_id":6789,"rcp":"RCP8.5","period":"2035","key":"pr","value":3.3,"estimate":"q50","season":"SON"},{"bfs_id":6789,"rcp":"RCP8.5","period":"2035","key":"pr","value":3.4,"estimate":"q95","season":"DJF"},{"bfs_id":6789,"rcp":"RCP8.5","period":"2035","key":"pr","value":3.6,"estimate":"q95","season":"MAM"},{"bfs_id":6789,"rcp":"RCP8.5","period":"2035","key":"pr","value":3.6,"estimate":"q95","season":"JJA"},{"bfs_id":6789,"rcp":"RCP8.5","period":"2035","key":"pr","value":3.6,"estimate":"q95","season":"SON"},{"bfs_id":6789,"rcp":"RCP8.5","period":"2060","key":"pr","value":2.8,"estimate":"q5","season":"DJF"},{"bfs_id":6789,"rcp":"RCP8.5","period":"2060","key":"pr","value":3.1,"estimate":"q5","season":"MAM"},{"bfs_id":6789,"rcp":"RCP8.5","period":"2060","key":"pr","value":2.3,"estimate":"q5","season":"JJA"},{"bfs_id":6789,"rcp":"RCP8.5","period":"2060","key":"pr","value":2.9,"estimate":"q5","season":"SON"},{"bfs_id":6789,"rcp":"RCP8.5","period":"2060","key":"pr","value":3.1,"estimate":"q50","season":"DJF"},{"bfs_id":6789,"rcp":"RCP8.5","period":"2060","key":"pr","value":3.3,"estimate":"q50","season":"MAM"},{"bfs_id":6789,"rcp":"RCP8.5","period":"2060","key":"pr","value":3,"estimate":"q50","season":"JJA"},{"bfs_id":6789,"rcp":"RCP8.5","period":"2060","key":"pr","value":3.2,"estimate":"q50","season":"SON"},{"bfs_id":6789,"rcp":"RCP8.5","period":"2060","key":"pr","value":3.4,"estimate":"q95","season":"DJF"},{"bfs_id":6789,"rcp":"RCP8.5","period":"2060","key":"pr","value":3.5,"estimate":"q95","season":"MAM"},{"bfs_id":6789,"rcp":"RCP8.5","period":"2060","key":"pr","value":3.4,"estimate":"q95","season":"JJA"},{"bfs_id":6789,"rcp":"RCP8.5","period":"2060","key":"pr","value":3.5,"estimate":"q95","season":"SON"},{"bfs_id":6789,"rcp":"RCP8.5","period":"2085","key":"pr","value":3,"estimate":"q5","season":"DJF"},{"bfs_id":6789,"rcp":"RCP8.5","period":"2085","key":"pr","value":3.1,"estimate":"q5","season":"MAM"},{"bfs_id":6789,"rcp":"RCP8.5","period":"2085","key":"pr","value":1.9,"estimate":"q5","season":"JJA"},{"bfs_id":6789,"rcp":"RCP8.5","period":"2085","key":"pr","value":2.8,"estimate":"q5","season":"SON"},{"bfs_id":6789,"rcp":"RCP8.5","period":"2085","key":"pr","value":3.3,"estimate":"q50","season":"DJF"},{"bfs_id":6789,"rcp":"RCP8.5","period":"2085","key":"pr","value":3.3,"estimate":"q50","season":"MAM"},{"bfs_id":6789,"rcp":"RCP8.5","period":"2085","key":"pr","value":2.5,"estimate":"q50","season":"JJA"},{"bfs_id":6789,"rcp":"RCP8.5","period":"2085","key":"pr","value":3.2,"estimate":"q50","season":"SON"},{"bfs_id":6789,"rcp":"RCP8.5","period":"2085","key":"pr","value":3.9,"estimate":"q95","season":"DJF"},{"bfs_id":6789,"rcp":"RCP8.5","period":"2085","key":"pr","value":3.6,"estimate":"q95","season":"MAM"},{"bfs_id":6789,"rcp":"RCP8.5","period":"2085","key":"pr","value":3.3,"estimate":"q95","season":"JJA"},{"bfs_id":6789,"rcp":"RCP8.5","period":"2085","key":"pr","value":3.6,"estimate":"q95","season":"SON"},{"bfs_id":6789,"rcp":"RCP2.6","period":"2035","key":"tas","value":1.9,"estimate":"q5","season":"DJF"},{"bfs_id":6789,"rcp":"RCP2.6","period":"2035","key":"tas","value":8.6,"estimate":"q5","season":"MAM"},{"bfs_id":6789,"rcp":"RCP2.6","period":"2035","key":"tas","value":17.7,"estimate":"q5","season":"JJA"},{"bfs_id":6789,"rcp":"RCP2.6","period":"2035","key":"tas","value":10.1,"estimate":"q5","season":"SON"},{"bfs_id":6789,"rcp":"RCP2.6","period":"2035","key":"tas","value":2.4,"estimate":"q50","season":"DJF"},{"bfs_id":6789,"rcp":"RCP2.6","period":"2035","key":"tas","value":9.2,"estimate":"q50","season":"MAM"},{"bfs_id":6789,"rcp":"RCP2.6","period":"2035","key":"tas","value":18.3,"estimate":"q50","season":"JJA"},{"bfs_id":6789,"rcp":"RCP2.6","period":"2035","key":"tas","value":10.4,"estimate":"q50","season":"SON"},{"bfs_id":6789,"rcp":"RCP2.6","period":"2035","key":"tas","value":3.2,"estimate":"q95","season":"DJF"},{"bfs_id":6789,"rcp":"RCP2.6","period":"2035","key":"tas","value":9.5,"estimate":"q95","season":"MAM"},{"bfs_id":6789,"rcp":"RCP2.6","period":"2035","key":"tas","value":18.9,"estimate":"q95","season":"JJA"},{"bfs_id":6789,"rcp":"RCP2.6","period":"2035","key":"tas","value":11.3,"estimate":"q95","season":"SON"},{"bfs_id":6789,"rcp":"RCP2.6","period":"2060","key":"tas","value":2,"estimate":"q5","season":"DJF"},{"bfs_id":6789,"rcp":"RCP2.6","period":"2060","key":"tas","value":8.5,"estimate":"q5","season":"MAM"},{"bfs_id":6789,"rcp":"RCP2.6","period":"2060","key":"tas","value":17.8,"estimate":"q5","season":"JJA"},{"bfs_id":6789,"rcp":"RCP2.6","period":"2060","key":"tas","value":10.4,"estimate":"q5","season":"SON"},{"bfs_id":6789,"rcp":"RCP2.6","period":"2060","key":"tas","value":2.8,"estimate":"q50","season":"DJF"},{"bfs_id":6789,"rcp":"RCP2.6","period":"2060","key":"tas","value":9.3,"estimate":"q50","season":"MAM"},{"bfs_id":6789,"rcp":"RCP2.6","period":"2060","key":"tas","value":18.3,"estimate":"q50","season":"JJA"},{"bfs_id":6789,"rcp":"RCP2.6","period":"2060","key":"tas","value":10.7,"estimate":"q50","season":"SON"},{"bfs_id":6789,"rcp":"RCP2.6","period":"2060","key":"tas","value":3.4,"estimate":"q95","season":"DJF"},{"bfs_id":6789,"rcp":"RCP2.6","period":"2060","key":"tas","value":9.8,"estimate":"q95","season":"MAM"},{"bfs_id":6789,"rcp":"RCP2.6","period":"2060","key":"tas","value":19.2,"estimate":"q95","season":"JJA"},{"bfs_id":6789,"rcp":"RCP2.6","period":"2060","key":"tas","value":11.7,"estimate":"q95","season":"SON"},{"bfs_id":6789,"rcp":"RCP2.6","period":"2085","key":"tas","value":2.1,"estimate":"q5","season":"DJF"},{"bfs_id":6789,"rcp":"RCP2.6","period":"2085","key":"tas","value":8.6,"estimate":"q5","season":"MAM"},{"bfs_id":6789,"rcp":"RCP2.6","period":"2085","key":"tas","value":17.8,"estimate":"q5","season":"JJA"},{"bfs_id":6789,"rcp":"RCP2.6","period":"2085","key":"tas","value":10.1,"estimate":"q5","season":"SON"},{"bfs_id":6789,"rcp":"RCP2.6","period":"2085","key":"tas","value":2.8,"estimate":"q50","season":"DJF"},{"bfs_id":6789,"rcp":"RCP2.6","period":"2085","key":"tas","value":9.3,"estimate":"q50","season":"MAM"},{"bfs_id":6789,"rcp":"RCP2.6","period":"2085","key":"tas","value":18.3,"estimate":"q50","season":"JJA"},{"bfs_id":6789,"rcp":"RCP2.6","period":"2085","key":"tas","value":10.7,"estimate":"q50","season":"SON"},{"bfs_id":6789,"rcp":"RCP2.6","period":"2085","key":"tas","value":3.5,"estimate":"q95","season":"DJF"},{"bfs_id":6789,"rcp":"RCP2.6","period":"2085","key":"tas","value":9.7,"estimate":"q95","season":"MAM"},{"bfs_id":6789,"rcp":"RCP2.6","period":"2085","key":"tas","value":19.1,"estimate":"q95","season":"JJA"},{"bfs_id":6789,"rcp":"RCP2.6","period":"2085","key":"tas","value":11.6,"estimate":"q95","season":"SON"},{"bfs_id":6789,"rcp":"RCP8.5","period":"2035","key":"tas","value":2,"estimate":"q5","season":"DJF"},{"bfs_id":6789,"rcp":"RCP8.5","period":"2035","key":"tas","value":8.9,"estimate":"q5","season":"MAM"},{"bfs_id":6789,"rcp":"RCP8.5","period":"2035","key":"tas","value":18,"estimate":"q5","season":"JJA"},{"bfs_id":6789,"rcp":"RCP8.5","period":"2035","key":"tas","value":10.4,"estimate":"q5","season":"SON"},{"bfs_id":6789,"rcp":"RCP8.5","period":"2035","key":"tas","value":2.9,"estimate":"q50","season":"DJF"},{"bfs_id":6789,"rcp":"RCP8.5","period":"2035","key":"tas","value":9.2,"estimate":"q50","season":"MAM"},{"bfs_id":6789,"rcp":"RCP8.5","period":"2035","key":"tas","value":18.5,"estimate":"q50","season":"JJA"},{"bfs_id":6789,"rcp":"RCP8.5","period":"2035","key":"tas","value":10.8,"estimate":"q50","season":"SON"},{"bfs_id":6789,"rcp":"RCP8.5","period":"2035","key":"tas","value":3.3,"estimate":"q95","season":"DJF"},{"bfs_id":6789,"rcp":"RCP8.5","period":"2035","key":"tas","value":9.7,"estimate":"q95","season":"MAM"},{"bfs_id":6789,"rcp":"RCP8.5","period":"2035","key":"tas","value":19.3,"estimate":"q95","season":"JJA"},{"bfs_id":6789,"rcp":"RCP8.5","period":"2035","key":"tas","value":11.7,"estimate":"q95","season":"SON"},{"bfs_id":6789,"rcp":"RCP8.5","period":"2060","key":"tas","value":3.3,"estimate":"q5","season":"DJF"},{"bfs_id":6789,"rcp":"RCP8.5","period":"2060","key":"tas","value":9.6,"estimate":"q5","season":"MAM"},{"bfs_id":6789,"rcp":"RCP8.5","period":"2060","key":"tas","value":19.1,"estimate":"q5","season":"JJA"},{"bfs_id":6789,"rcp":"RCP8.5","period":"2060","key":"tas","value":11.5,"estimate":"q5","season":"SON"},{"bfs_id":6789,"rcp":"RCP8.5","period":"2060","key":"tas","value":3.7,"estimate":"q50","season":"DJF"},{"bfs_id":6789,"rcp":"RCP8.5","period":"2060","key":"tas","value":10.2,"estimate":"q50","season":"MAM"},{"bfs_id":6789,"rcp":"RCP8.5","period":"2060","key":"tas","value":19.7,"estimate":"q50","season":"JJA"},{"bfs_id":6789,"rcp":"RCP8.5","period":"2060","key":"tas","value":12.1,"estimate":"q50","season":"SON"},{"bfs_id":6789,"rcp":"RCP8.5","period":"2060","key":"tas","value":4.5,"estimate":"q95","season":"DJF"},{"bfs_id":6789,"rcp":"RCP8.5","period":"2060","key":"tas","value":10.6,"estimate":"q95","season":"MAM"},{"bfs_id":6789,"rcp":"RCP8.5","period":"2060","key":"tas","value":21.1,"estimate":"q95","season":"JJA"},{"bfs_id":6789,"rcp":"RCP8.5","period":"2060","key":"tas","value":13,"estimate":"q95","season":"SON"},{"bfs_id":6789,"rcp":"RCP8.5","period":"2085","key":"tas","value":4.4,"estimate":"q5","season":"DJF"},{"bfs_id":6789,"rcp":"RCP8.5","period":"2085","key":"tas","value":10.7,"estimate":"q5","season":"MAM"},{"bfs_id":6789,"rcp":"RCP8.5","period":"2085","key":"tas","value":20.6,"estimate":"q5","season":"JJA"},{"bfs_id":6789,"rcp":"RCP8.5","period":"2085","key":"tas","value":12.8,"estimate":"q5","season":"SON"},{"bfs_id":6789,"rcp":"RCP8.5","period":"2085","key":"tas","value":5.5,"estimate":"q50","season":"DJF"},{"bfs_id":6789,"rcp":"RCP8.5","period":"2085","key":"tas","value":11.4,"estimate":"q50","season":"MAM"},{"bfs_id":6789,"rcp":"RCP8.5","period":"2085","key":"tas","value":21.5,"estimate":"q50","season":"JJA"},{"bfs_id":6789,"rcp":"RCP8.5","period":"2085","key":"tas","value":13.5,"estimate":"q50","season":"SON"},{"bfs_id":6789,"rcp":"RCP8.5","period":"2085","key":"tas","value":6.2,"estimate":"q95","season":"DJF"},{"bfs_id":6789,"rcp":"RCP8.5","period":"2085","key":"tas","value":12.3,"estimate":"q95","season":"MAM"},{"bfs_id":6789,"rcp":"RCP8.5","period":"2085","key":"tas","value":23.8,"estimate":"q95","season":"JJA"},{"bfs_id":6789,"rcp":"RCP8.5","period":"2085","key":"tas","value":15.3,"estimate":"q95","season":"SON"},{"bfs_id":6789,"rcp":"obs","period":"1981-2010","key":"FD","value":82,"estimate":"yearly_mean"},{"bfs_id":6789,"rcp":"obs","period":"1981-2010","key":"HD","value":3.8,"estimate":"yearly_mean"},{"bfs_id":6789,"rcp":"obs","period":"1981-2010","key":"ID","value":22.3,"estimate":"yearly_mean"},{"bfs_id":6789,"rcp":"obs","period":"1981-2010","key":"SD","value":29.7,"estimate":"yearly_mean"},{"bfs_id":6789,"rcp":"obs","period":"1981-2010","key":"snowdays","value":19.8,"estimate":"yearly_mean"},{"bfs_id":6789,"rcp":"obs","period":"1981-2010","key":"TN","value":0.4,"estimate":"yearly_mean"},{"bfs_id":6789,"rcp":"obs","period":"1981-2010","key":"pr","value":2.7,"estimate":"mean","season":"DJF"},{"bfs_id":6789,"rcp":"obs","period":"1981-2010","key":"pr","value":3.1,"estimate":"mean","season":"MAM"},{"bfs_id":6789,"rcp":"obs","period":"1981-2010","key":"pr","value":3.3,"estimate":"mean","season":"JJA"},{"bfs_id":6789,"rcp":"obs","period":"1981-2010","key":"pr","value":3.2,"estimate":"mean","season":"SON"},{"bfs_id":6789,"rcp":"obs","period":"1981-2010","key":"tas","value":1.4,"estimate":"mean","season":"DJF"},{"bfs_id":6789,"rcp":"obs","period":"1981-2010","key":"tas","value":8.6,"estimate":"mean","season":"MAM"},{"bfs_id":6789,"rcp":"obs","period":"1981-2010","key":"tas","value":17.1,"estimate":"mean","season":"JJA"},{"bfs_id":6789,"rcp":"obs","period":"1981-2010","key":"tas","value":9.4,"estimate":"mean","season":"SON"}]
