[{"bfs_id":5473,"rcp":"RCP2.6","period":"2035","key":"FD","value":44.8,"estimate":"q5"},{"bfs_id":5473,"rcp":"RCP2.6","period":"2035","key":"FD","value":52.3,"estimate":"q50"},{"bfs_id":5473,"rcp":"RCP2.6","period":"2035","key":"FD","value":58.8,"estimate":"q95"},{"bfs_id":5473,"rcp":"RCP2.6","period":"2060","key":"FD","value":40.9,"estimate":"q5"},{"bfs_id":5473,"rcp":"RCP2.6","period":"2060","key":"FD","value":49,"estimate":"q50"},{"bfs_id":5473,"rcp":"RCP2.6","period":"2060","key":"FD","value":55.3,"estimate":"q95"},{"bfs_id":5473,"rcp":"RCP2.6","period":"2085","key":"FD","value":39,"estimate":"q5"},{"bfs_id":5473,"rcp":"RCP2.6","period":"2085","key":"FD","value":49.5,"estimate":"q50"},{"bfs_id":5473,"rcp":"RCP2.6","period":"2085","key":"FD","value":55.8,"estimate":"q95"},{"bfs_id":5473,"rcp":"RCP8.5","period":"2035","key":"FD","value":41,"estimate":"q5"},{"bfs_id":5473,"rcp":"RCP8.5","period":"2035","key":"FD","value":49.6,"estimate":"q50"},{"bfs_id":5473,"rcp":"RCP8.5","period":"2035","key":"FD","value":55.5,"estimate":"q95"},{"bfs_id":5473,"rcp":"RCP8.5","period":"2060","key":"FD","value":29.1,"estimate":"q5"},{"bfs_id":5473,"rcp":"RCP8.5","period":"2060","key":"FD","value":37.6,"estimate":"q50"},{"bfs_id":5473,"rcp":"RCP8.5","period":"2060","key":"FD","value":41.9,"estimate":"q95"},{"bfs_id":5473,"rcp":"RCP8.5","period":"2085","key":"FD","value":15.4,"estimate":"q5"},{"bfs_id":5473,"rcp":"RCP8.5","period":"2085","key":"FD","value":21.2,"estimate":"q50"},{"bfs_id":5473,"rcp":"RCP8.5","period":"2085","key":"FD","value":27.7,"estimate":"q95"},{"bfs_id":5473,"rcp":"RCP2.6","period":"2035","key":"HD","value":6,"estimate":"q5"},{"bfs_id":5473,"rcp":"RCP2.6","period":"2035","key":"HD","value":10.3,"estimate":"q50"},{"bfs_id":5473,"rcp":"RCP2.6","period":"2035","key":"HD","value":15.3,"estimate":"q95"},{"bfs_id":5473,"rcp":"RCP2.6","period":"2060","key":"HD","value":7.8,"estimate":"q5"},{"bfs_id":5473,"rcp":"RCP2.6","period":"2060","key":"HD","value":10.7,"estimate":"q50"},{"bfs_id":5473,"rcp":"RCP2.6","period":"2060","key":"HD","value":18.2,"estimate":"q95"},{"bfs_id":5473,"rcp":"RCP2.6","period":"2085","key":"HD","value":7.2,"estimate":"q5"},{"bfs_id":5473,"rcp":"RCP2.6","period":"2085","key":"HD","value":9.6,"estimate":"q50"},{"bfs_id":5473,"rcp":"RCP2.6","period":"2085","key":"HD","value":17.4,"estimate":"q95"},{"bfs_id":5473,"rcp":"RCP8.5","period":"2035","key":"HD","value":8.7,"estimate":"q5"},{"bfs_id":5473,"rcp":"RCP8.5","period":"2035","key":"HD","value":10.4,"estimate":"q50"},{"bfs_id":5473,"rcp":"RCP8.5","period":"2035","key":"HD","value":16.6,"estimate":"q95"},{"bfs_id":5473,"rcp":"RCP8.5","period":"2060","key":"HD","value":13.8,"estimate":"q5"},{"bfs_id":5473,"rcp":"RCP8.5","period":"2060","key":"HD","value":19.3,"estimate":"q50"},{"bfs_id":5473,"rcp":"RCP8.5","period":"2060","key":"HD","value":33.2,"estimate":"q95"},{"bfs_id":5473,"rcp":"RCP8.5","period":"2085","key":"HD","value":26.8,"estimate":"q5"},{"bfs_id":5473,"rcp":"RCP8.5","period":"2085","key":"HD","value":35.1,"estimate":"q50"},{"bfs_id":5473,"rcp":"RCP8.5","period":"2085","key":"HD","value":57.2,"estimate":"q95"},{"bfs_id":5473,"rcp":"RCP2.6","period":"2035","key":"ID","value":6.4,"estimate":"q5"},{"bfs_id":5473,"rcp":"RCP2.6","period":"2035","key":"ID","value":9.1,"estimate":"q50"},{"bfs_id":5473,"rcp":"RCP2.6","period":"2035","key":"ID","value":11.6,"estimate":"q95"},{"bfs_id":5473,"rcp":"RCP2.6","period":"2060","key":"ID","value":5.7,"estimate":"q5"},{"bfs_id":5473,"rcp":"RCP2.6","period":"2060","key":"ID","value":8.6,"estimate":"q50"},{"bfs_id":5473,"rcp":"RCP2.6","period":"2060","key":"ID","value":10.8,"estimate":"q95"},{"bfs_id":5473,"rcp":"RCP2.6","period":"2085","key":"ID","value":5.9,"estimate":"q5"},{"bfs_id":5473,"rcp":"RCP2.6","period":"2085","key":"ID","value":7.9,"estimate":"q50"},{"bfs_id":5473,"rcp":"RCP2.6","period":"2085","key":"ID","value":11.4,"estimate":"q95"},{"bfs_id":5473,"rcp":"RCP8.5","period":"2035","key":"ID","value":5.9,"estimate":"q5"},{"bfs_id":5473,"rcp":"RCP8.5","period":"2035","key":"ID","value":7.6,"estimate":"q50"},{"bfs_id":5473,"rcp":"RCP8.5","period":"2035","key":"ID","value":11,"estimate":"q95"},{"bfs_id":5473,"rcp":"RCP8.5","period":"2060","key":"ID","value":3.8,"estimate":"q5"},{"bfs_id":5473,"rcp":"RCP8.5","period":"2060","key":"ID","value":5.4,"estimate":"q50"},{"bfs_id":5473,"rcp":"RCP8.5","period":"2060","key":"ID","value":7.1,"estimate":"q95"},{"bfs_id":5473,"rcp":"RCP8.5","period":"2085","key":"ID","value":0.9,"estimate":"q5"},{"bfs_id":5473,"rcp":"RCP8.5","period":"2085","key":"ID","value":2.1,"estimate":"q50"},{"bfs_id":5473,"rcp":"RCP8.5","period":"2085","key":"ID","value":4,"estimate":"q95"},{"bfs_id":5473,"rcp":"RCP2.6","period":"2035","key":"SD","value":45.8,"estimate":"q5"},{"bfs_id":5473,"rcp":"RCP2.6","period":"2035","key":"SD","value":52.6,"estimate":"q50"},{"bfs_id":5473,"rcp":"RCP2.6","period":"2035","key":"SD","value":60.4,"estimate":"q95"},{"bfs_id":5473,"rcp":"RCP2.6","period":"2060","key":"SD","value":47.2,"estimate":"q5"},{"bfs_id":5473,"rcp":"RCP2.6","period":"2060","key":"SD","value":53.4,"estimate":"q50"},{"bfs_id":5473,"rcp":"RCP2.6","period":"2060","key":"SD","value":60.6,"estimate":"q95"},{"bfs_id":5473,"rcp":"RCP2.6","period":"2085","key":"SD","value":46.7,"estimate":"q5"},{"bfs_id":5473,"rcp":"RCP2.6","period":"2085","key":"SD","value":53.2,"estimate":"q50"},{"bfs_id":5473,"rcp":"RCP2.6","period":"2085","key":"SD","value":60.1,"estimate":"q95"},{"bfs_id":5473,"rcp":"RCP8.5","period":"2035","key":"SD","value":49,"estimate":"q5"},{"bfs_id":5473,"rcp":"RCP8.5","period":"2035","key":"SD","value":54.6,"estimate":"q50"},{"bfs_id":5473,"rcp":"RCP8.5","period":"2035","key":"SD","value":62.4,"estimate":"q95"},{"bfs_id":5473,"rcp":"RCP8.5","period":"2060","key":"SD","value":64.3,"estimate":"q5"},{"bfs_id":5473,"rcp":"RCP8.5","period":"2060","key":"SD","value":70.2,"estimate":"q50"},{"bfs_id":5473,"rcp":"RCP8.5","period":"2060","key":"SD","value":84.1,"estimate":"q95"},{"bfs_id":5473,"rcp":"RCP8.5","period":"2085","key":"SD","value":80.8,"estimate":"q5"},{"bfs_id":5473,"rcp":"RCP8.5","period":"2085","key":"SD","value":91.8,"estimate":"q50"},{"bfs_id":5473,"rcp":"RCP8.5","period":"2085","key":"SD","value":111.3,"estimate":"q95"},{"bfs_id":5473,"rcp":"RCP2.6","period":"2035","key":"snowdays","value":6.8,"estimate":"q5"},{"bfs_id":5473,"rcp":"RCP2.6","period":"2035","key":"snowdays","value":10.9,"estimate":"q50"},{"bfs_id":5473,"rcp":"RCP2.6","period":"2035","key":"snowdays","value":12.8,"estimate":"q95"},{"bfs_id":5473,"rcp":"RCP2.6","period":"2060","key":"snowdays","value":6.9,"estimate":"q5"},{"bfs_id":5473,"rcp":"RCP2.6","period":"2060","key":"snowdays","value":10.4,"estimate":"q50"},{"bfs_id":5473,"rcp":"RCP2.6","period":"2060","key":"snowdays","value":12.6,"estimate":"q95"},{"bfs_id":5473,"rcp":"RCP2.6","period":"2085","key":"snowdays","value":6.2,"estimate":"q5"},{"bfs_id":5473,"rcp":"RCP2.6","period":"2085","key":"snowdays","value":10.3,"estimate":"q50"},{"bfs_id":5473,"rcp":"RCP2.6","period":"2085","key":"snowdays","value":12.8,"estimate":"q95"},{"bfs_id":5473,"rcp":"RCP8.5","period":"2035","key":"snowdays","value":5.8,"estimate":"q5"},{"bfs_id":5473,"rcp":"RCP8.5","period":"2035","key":"snowdays","value":10,"estimate":"q50"},{"bfs_id":5473,"rcp":"RCP8.5","period":"2035","key":"snowdays","value":12.9,"estimate":"q95"},{"bfs_id":5473,"rcp":"RCP8.5","period":"2060","key":"snowdays","value":4.1,"estimate":"q5"},{"bfs_id":5473,"rcp":"RCP8.5","period":"2060","key":"snowdays","value":6.4,"estimate":"q50"},{"bfs_id":5473,"rcp":"RCP8.5","period":"2060","key":"snowdays","value":9.7,"estimate":"q95"},{"bfs_id":5473,"rcp":"RCP8.5","period":"2085","key":"snowdays","value":1.6,"estimate":"q5"},{"bfs_id":5473,"rcp":"RCP8.5","period":"2085","key":"snowdays","value":3.6,"estimate":"q50"},{"bfs_id":5473,"rcp":"RCP8.5","period":"2085","key":"snowdays","value":5.7,"estimate":"q95"},{"bfs_id":5473,"rcp":"RCP2.6","period":"2035","key":"TN","value":1.2,"estimate":"q5"},{"bfs_id":5473,"rcp":"RCP2.6","period":"2035","key":"TN","value":2.7,"estimate":"q50"},{"bfs_id":5473,"rcp":"RCP2.6","period":"2035","key":"TN","value":4.3,"estimate":"q95"},{"bfs_id":5473,"rcp":"RCP2.6","period":"2060","key":"TN","value":1.8,"estimate":"q5"},{"bfs_id":5473,"rcp":"RCP2.6","period":"2060","key":"TN","value":2.9,"estimate":"q50"},{"bfs_id":5473,"rcp":"RCP2.6","period":"2060","key":"TN","value":4.7,"estimate":"q95"},{"bfs_id":5473,"rcp":"RCP2.6","period":"2085","key":"TN","value":1.8,"estimate":"q5"},{"bfs_id":5473,"rcp":"RCP2.6","period":"2085","key":"TN","value":2.4,"estimate":"q50"},{"bfs_id":5473,"rcp":"RCP2.6","period":"2085","key":"TN","value":5.2,"estimate":"q95"},{"bfs_id":5473,"rcp":"RCP8.5","period":"2035","key":"TN","value":2.4,"estimate":"q5"},{"bfs_id":5473,"rcp":"RCP8.5","period":"2035","key":"TN","value":3.4,"estimate":"q50"},{"bfs_id":5473,"rcp":"RCP8.5","period":"2035","key":"TN","value":6.5,"estimate":"q95"},{"bfs_id":5473,"rcp":"RCP8.5","period":"2060","key":"TN","value":6.1,"estimate":"q5"},{"bfs_id":5473,"rcp":"RCP8.5","period":"2060","key":"TN","value":11.2,"estimate":"q50"},{"bfs_id":5473,"rcp":"RCP8.5","period":"2060","key":"TN","value":16.4,"estimate":"q95"},{"bfs_id":5473,"rcp":"RCP8.5","period":"2085","key":"TN","value":16.5,"estimate":"q5"},{"bfs_id":5473,"rcp":"RCP8.5","period":"2085","key":"TN","value":22.1,"estimate":"q50"},{"bfs_id":5473,"rcp":"RCP8.5","period":"2085","key":"TN","value":43.4,"estimate":"q95"},{"bfs_id":5473,"rcp":"RCP2.6","period":"2035","key":"pr","value":2.4,"estimate":"q5","season":"DJF"},{"bfs_id":5473,"rcp":"RCP2.6","period":"2035","key":"pr","value":2.4,"estimate":"q5","season":"MAM"},{"bfs_id":5473,"rcp":"RCP2.6","period":"2035","key":"pr","value":2.5,"estimate":"q5","season":"JJA"},{"bfs_id":5473,"rcp":"RCP2.6","period":"2035","key":"pr","value":2.6,"estimate":"q5","season":"SON"},{"bfs_id":5473,"rcp":"RCP2.6","period":"2035","key":"pr","value":2.8,"estimate":"q50","season":"DJF"},{"bfs_id":5473,"rcp":"RCP2.6","period":"2035","key":"pr","value":2.8,"estimate":"q50","season":"MAM"},{"bfs_id":5473,"rcp":"RCP2.6","period":"2035","key":"pr","value":2.9,"estimate":"q50","season":"JJA"},{"bfs_id":5473,"rcp":"RCP2.6","period":"2035","key":"pr","value":3,"estimate":"q50","season":"SON"},{"bfs_id":5473,"rcp":"RCP2.6","period":"2035","key":"pr","value":3.3,"estimate":"q95","season":"DJF"},{"bfs_id":5473,"rcp":"RCP2.6","period":"2035","key":"pr","value":3.1,"estimate":"q95","season":"MAM"},{"bfs_id":5473,"rcp":"RCP2.6","period":"2035","key":"pr","value":3.2,"estimate":"q95","season":"JJA"},{"bfs_id":5473,"rcp":"RCP2.6","period":"2035","key":"pr","value":3.4,"estimate":"q95","season":"SON"},{"bfs_id":5473,"rcp":"RCP2.6","period":"2060","key":"pr","value":2.5,"estimate":"q5","season":"DJF"},{"bfs_id":5473,"rcp":"RCP2.6","period":"2060","key":"pr","value":2.5,"estimate":"q5","season":"MAM"},{"bfs_id":5473,"rcp":"RCP2.6","period":"2060","key":"pr","value":2.4,"estimate":"q5","season":"JJA"},{"bfs_id":5473,"rcp":"RCP2.6","period":"2060","key":"pr","value":2.8,"estimate":"q5","season":"SON"},{"bfs_id":5473,"rcp":"RCP2.6","period":"2060","key":"pr","value":2.8,"estimate":"q50","season":"DJF"},{"bfs_id":5473,"rcp":"RCP2.6","period":"2060","key":"pr","value":2.8,"estimate":"q50","season":"MAM"},{"bfs_id":5473,"rcp":"RCP2.6","period":"2060","key":"pr","value":2.8,"estimate":"q50","season":"JJA"},{"bfs_id":5473,"rcp":"RCP2.6","period":"2060","key":"pr","value":2.9,"estimate":"q50","season":"SON"},{"bfs_id":5473,"rcp":"RCP2.6","period":"2060","key":"pr","value":3.2,"estimate":"q95","season":"DJF"},{"bfs_id":5473,"rcp":"RCP2.6","period":"2060","key":"pr","value":3.2,"estimate":"q95","season":"MAM"},{"bfs_id":5473,"rcp":"RCP2.6","period":"2060","key":"pr","value":3.2,"estimate":"q95","season":"JJA"},{"bfs_id":5473,"rcp":"RCP2.6","period":"2060","key":"pr","value":3.3,"estimate":"q95","season":"SON"},{"bfs_id":5473,"rcp":"RCP2.6","period":"2085","key":"pr","value":2.5,"estimate":"q5","season":"DJF"},{"bfs_id":5473,"rcp":"RCP2.6","period":"2085","key":"pr","value":2.6,"estimate":"q5","season":"MAM"},{"bfs_id":5473,"rcp":"RCP2.6","period":"2085","key":"pr","value":2.5,"estimate":"q5","season":"JJA"},{"bfs_id":5473,"rcp":"RCP2.6","period":"2085","key":"pr","value":2.6,"estimate":"q5","season":"SON"},{"bfs_id":5473,"rcp":"RCP2.6","period":"2085","key":"pr","value":2.8,"estimate":"q50","season":"DJF"},{"bfs_id":5473,"rcp":"RCP2.6","period":"2085","key":"pr","value":2.8,"estimate":"q50","season":"MAM"},{"bfs_id":5473,"rcp":"RCP2.6","period":"2085","key":"pr","value":2.9,"estimate":"q50","season":"JJA"},{"bfs_id":5473,"rcp":"RCP2.6","period":"2085","key":"pr","value":3,"estimate":"q50","season":"SON"},{"bfs_id":5473,"rcp":"RCP2.6","period":"2085","key":"pr","value":3.2,"estimate":"q95","season":"DJF"},{"bfs_id":5473,"rcp":"RCP2.6","period":"2085","key":"pr","value":3.2,"estimate":"q95","season":"MAM"},{"bfs_id":5473,"rcp":"RCP2.6","period":"2085","key":"pr","value":3.2,"estimate":"q95","season":"JJA"},{"bfs_id":5473,"rcp":"RCP2.6","period":"2085","key":"pr","value":3.4,"estimate":"q95","season":"SON"},{"bfs_id":5473,"rcp":"RCP8.5","period":"2035","key":"pr","value":2.6,"estimate":"q5","season":"DJF"},{"bfs_id":5473,"rcp":"RCP8.5","period":"2035","key":"pr","value":2.6,"estimate":"q5","season":"MAM"},{"bfs_id":5473,"rcp":"RCP8.5","period":"2035","key":"pr","value":2.2,"estimate":"q5","season":"JJA"},{"bfs_id":5473,"rcp":"RCP8.5","period":"2035","key":"pr","value":2.6,"estimate":"q5","season":"SON"},{"bfs_id":5473,"rcp":"RCP8.5","period":"2035","key":"pr","value":2.9,"estimate":"q50","season":"DJF"},{"bfs_id":5473,"rcp":"RCP8.5","period":"2035","key":"pr","value":3,"estimate":"q50","season":"MAM"},{"bfs_id":5473,"rcp":"RCP8.5","period":"2035","key":"pr","value":2.9,"estimate":"q50","season":"JJA"},{"bfs_id":5473,"rcp":"RCP8.5","period":"2035","key":"pr","value":3.1,"estimate":"q50","season":"SON"},{"bfs_id":5473,"rcp":"RCP8.5","period":"2035","key":"pr","value":3.2,"estimate":"q95","season":"DJF"},{"bfs_id":5473,"rcp":"RCP8.5","period":"2035","key":"pr","value":3.2,"estimate":"q95","season":"MAM"},{"bfs_id":5473,"rcp":"RCP8.5","period":"2035","key":"pr","value":3.2,"estimate":"q95","season":"JJA"},{"bfs_id":5473,"rcp":"RCP8.5","period":"2035","key":"pr","value":3.4,"estimate":"q95","season":"SON"},{"bfs_id":5473,"rcp":"RCP8.5","period":"2060","key":"pr","value":2.7,"estimate":"q5","season":"DJF"},{"bfs_id":5473,"rcp":"RCP8.5","period":"2060","key":"pr","value":2.7,"estimate":"q5","season":"MAM"},{"bfs_id":5473,"rcp":"RCP8.5","period":"2060","key":"pr","value":1.9,"estimate":"q5","season":"JJA"},{"bfs_id":5473,"rcp":"RCP8.5","period":"2060","key":"pr","value":2.6,"estimate":"q5","season":"SON"},{"bfs_id":5473,"rcp":"RCP8.5","period":"2060","key":"pr","value":3,"estimate":"q50","season":"DJF"},{"bfs_id":5473,"rcp":"RCP8.5","period":"2060","key":"pr","value":3,"estimate":"q50","season":"MAM"},{"bfs_id":5473,"rcp":"RCP8.5","period":"2060","key":"pr","value":2.7,"estimate":"q50","season":"JJA"},{"bfs_id":5473,"rcp":"RCP8.5","period":"2060","key":"pr","value":3.1,"estimate":"q50","season":"SON"},{"bfs_id":5473,"rcp":"RCP8.5","period":"2060","key":"pr","value":3.3,"estimate":"q95","season":"DJF"},{"bfs_id":5473,"rcp":"RCP8.5","period":"2060","key":"pr","value":3.3,"estimate":"q95","season":"MAM"},{"bfs_id":5473,"rcp":"RCP8.5","period":"2060","key":"pr","value":3.1,"estimate":"q95","season":"JJA"},{"bfs_id":5473,"rcp":"RCP8.5","period":"2060","key":"pr","value":3.4,"estimate":"q95","season":"SON"},{"bfs_id":5473,"rcp":"RCP8.5","period":"2085","key":"pr","value":2.8,"estimate":"q5","season":"DJF"},{"bfs_id":5473,"rcp":"RCP8.5","period":"2085","key":"pr","value":2.7,"estimate":"q5","season":"MAM"},{"bfs_id":5473,"rcp":"RCP8.5","period":"2085","key":"pr","value":1.5,"estimate":"q5","season":"JJA"},{"bfs_id":5473,"rcp":"RCP8.5","period":"2085","key":"pr","value":2.5,"estimate":"q5","season":"SON"},{"bfs_id":5473,"rcp":"RCP8.5","period":"2085","key":"pr","value":3.3,"estimate":"q50","season":"DJF"},{"bfs_id":5473,"rcp":"RCP8.5","period":"2085","key":"pr","value":3.1,"estimate":"q50","season":"MAM"},{"bfs_id":5473,"rcp":"RCP8.5","period":"2085","key":"pr","value":2.3,"estimate":"q50","season":"JJA"},{"bfs_id":5473,"rcp":"RCP8.5","period":"2085","key":"pr","value":3.1,"estimate":"q50","season":"SON"},{"bfs_id":5473,"rcp":"RCP8.5","period":"2085","key":"pr","value":3.7,"estimate":"q95","season":"DJF"},{"bfs_id":5473,"rcp":"RCP8.5","period":"2085","key":"pr","value":3.6,"estimate":"q95","season":"MAM"},{"bfs_id":5473,"rcp":"RCP8.5","period":"2085","key":"pr","value":3,"estimate":"q95","season":"JJA"},{"bfs_id":5473,"rcp":"RCP8.5","period":"2085","key":"pr","value":3.5,"estimate":"q95","season":"SON"},{"bfs_id":5473,"rcp":"RCP2.6","period":"2035","key":"tas","value":2.5,"estimate":"q5","season":"DJF"},{"bfs_id":5473,"rcp":"RCP2.6","period":"2035","key":"tas","value":9.4,"estimate":"q5","season":"MAM"},{"bfs_id":5473,"rcp":"RCP2.6","period":"2035","key":"tas","value":18.6,"estimate":"q5","season":"JJA"},{"bfs_id":5473,"rcp":"RCP2.6","period":"2035","key":"tas","value":10.8,"estimate":"q5","season":"SON"},{"bfs_id":5473,"rcp":"RCP2.6","period":"2035","key":"tas","value":2.8,"estimate":"q50","season":"DJF"},{"bfs_id":5473,"rcp":"RCP2.6","period":"2035","key":"tas","value":10,"estimate":"q50","season":"MAM"},{"bfs_id":5473,"rcp":"RCP2.6","period":"2035","key":"tas","value":19.3,"estimate":"q50","season":"JJA"},{"bfs_id":5473,"rcp":"RCP2.6","period":"2035","key":"tas","value":11.2,"estimate":"q50","season":"SON"},{"bfs_id":5473,"rcp":"RCP2.6","period":"2035","key":"tas","value":3.5,"estimate":"q95","season":"DJF"},{"bfs_id":5473,"rcp":"RCP2.6","period":"2035","key":"tas","value":10.2,"estimate":"q95","season":"MAM"},{"bfs_id":5473,"rcp":"RCP2.6","period":"2035","key":"tas","value":20,"estimate":"q95","season":"JJA"},{"bfs_id":5473,"rcp":"RCP2.6","period":"2035","key":"tas","value":12,"estimate":"q95","season":"SON"},{"bfs_id":5473,"rcp":"RCP2.6","period":"2060","key":"tas","value":2.5,"estimate":"q5","season":"DJF"},{"bfs_id":5473,"rcp":"RCP2.6","period":"2060","key":"tas","value":9.3,"estimate":"q5","season":"MAM"},{"bfs_id":5473,"rcp":"RCP2.6","period":"2060","key":"tas","value":18.9,"estimate":"q5","season":"JJA"},{"bfs_id":5473,"rcp":"RCP2.6","period":"2060","key":"tas","value":11.1,"estimate":"q5","season":"SON"},{"bfs_id":5473,"rcp":"RCP2.6","period":"2060","key":"tas","value":3.2,"estimate":"q50","season":"DJF"},{"bfs_id":5473,"rcp":"RCP2.6","period":"2060","key":"tas","value":10,"estimate":"q50","season":"MAM"},{"bfs_id":5473,"rcp":"RCP2.6","period":"2060","key":"tas","value":19.4,"estimate":"q50","season":"JJA"},{"bfs_id":5473,"rcp":"RCP2.6","period":"2060","key":"tas","value":11.5,"estimate":"q50","season":"SON"},{"bfs_id":5473,"rcp":"RCP2.6","period":"2060","key":"tas","value":3.7,"estimate":"q95","season":"DJF"},{"bfs_id":5473,"rcp":"RCP2.6","period":"2060","key":"tas","value":10.5,"estimate":"q95","season":"MAM"},{"bfs_id":5473,"rcp":"RCP2.6","period":"2060","key":"tas","value":20.1,"estimate":"q95","season":"JJA"},{"bfs_id":5473,"rcp":"RCP2.6","period":"2060","key":"tas","value":12.4,"estimate":"q95","season":"SON"},{"bfs_id":5473,"rcp":"RCP2.6","period":"2085","key":"tas","value":2.5,"estimate":"q5","season":"DJF"},{"bfs_id":5473,"rcp":"RCP2.6","period":"2085","key":"tas","value":9.3,"estimate":"q5","season":"MAM"},{"bfs_id":5473,"rcp":"RCP2.6","period":"2085","key":"tas","value":18.9,"estimate":"q5","season":"JJA"},{"bfs_id":5473,"rcp":"RCP2.6","period":"2085","key":"tas","value":10.9,"estimate":"q5","season":"SON"},{"bfs_id":5473,"rcp":"RCP2.6","period":"2085","key":"tas","value":3.1,"estimate":"q50","season":"DJF"},{"bfs_id":5473,"rcp":"RCP2.6","period":"2085","key":"tas","value":10,"estimate":"q50","season":"MAM"},{"bfs_id":5473,"rcp":"RCP2.6","period":"2085","key":"tas","value":19.4,"estimate":"q50","season":"JJA"},{"bfs_id":5473,"rcp":"RCP2.6","period":"2085","key":"tas","value":11.5,"estimate":"q50","season":"SON"},{"bfs_id":5473,"rcp":"RCP2.6","period":"2085","key":"tas","value":3.8,"estimate":"q95","season":"DJF"},{"bfs_id":5473,"rcp":"RCP2.6","period":"2085","key":"tas","value":10.6,"estimate":"q95","season":"MAM"},{"bfs_id":5473,"rcp":"RCP2.6","period":"2085","key":"tas","value":20,"estimate":"q95","season":"JJA"},{"bfs_id":5473,"rcp":"RCP2.6","period":"2085","key":"tas","value":12.3,"estimate":"q95","season":"SON"},{"bfs_id":5473,"rcp":"RCP8.5","period":"2035","key":"tas","value":2.4,"estimate":"q5","season":"DJF"},{"bfs_id":5473,"rcp":"RCP8.5","period":"2035","key":"tas","value":9.6,"estimate":"q5","season":"MAM"},{"bfs_id":5473,"rcp":"RCP8.5","period":"2035","key":"tas","value":19.1,"estimate":"q5","season":"JJA"},{"bfs_id":5473,"rcp":"RCP8.5","period":"2035","key":"tas","value":11.2,"estimate":"q5","season":"SON"},{"bfs_id":5473,"rcp":"RCP8.5","period":"2035","key":"tas","value":3.2,"estimate":"q50","season":"DJF"},{"bfs_id":5473,"rcp":"RCP8.5","period":"2035","key":"tas","value":10,"estimate":"q50","season":"MAM"},{"bfs_id":5473,"rcp":"RCP8.5","period":"2035","key":"tas","value":19.6,"estimate":"q50","season":"JJA"},{"bfs_id":5473,"rcp":"RCP8.5","period":"2035","key":"tas","value":11.6,"estimate":"q50","season":"SON"},{"bfs_id":5473,"rcp":"RCP8.5","period":"2035","key":"tas","value":3.6,"estimate":"q95","season":"DJF"},{"bfs_id":5473,"rcp":"RCP8.5","period":"2035","key":"tas","value":10.5,"estimate":"q95","season":"MAM"},{"bfs_id":5473,"rcp":"RCP8.5","period":"2035","key":"tas","value":20.2,"estimate":"q95","season":"JJA"},{"bfs_id":5473,"rcp":"RCP8.5","period":"2035","key":"tas","value":12.4,"estimate":"q95","season":"SON"},{"bfs_id":5473,"rcp":"RCP8.5","period":"2060","key":"tas","value":3.6,"estimate":"q5","season":"DJF"},{"bfs_id":5473,"rcp":"RCP8.5","period":"2060","key":"tas","value":10.4,"estimate":"q5","season":"MAM"},{"bfs_id":5473,"rcp":"RCP8.5","period":"2060","key":"tas","value":20.3,"estimate":"q5","season":"JJA"},{"bfs_id":5473,"rcp":"RCP8.5","period":"2060","key":"tas","value":12.3,"estimate":"q5","season":"SON"},{"bfs_id":5473,"rcp":"RCP8.5","period":"2060","key":"tas","value":4,"estimate":"q50","season":"DJF"},{"bfs_id":5473,"rcp":"RCP8.5","period":"2060","key":"tas","value":10.9,"estimate":"q50","season":"MAM"},{"bfs_id":5473,"rcp":"RCP8.5","period":"2060","key":"tas","value":20.8,"estimate":"q50","season":"JJA"},{"bfs_id":5473,"rcp":"RCP8.5","period":"2060","key":"tas","value":12.8,"estimate":"q50","season":"SON"},{"bfs_id":5473,"rcp":"RCP8.5","period":"2060","key":"tas","value":4.6,"estimate":"q95","season":"DJF"},{"bfs_id":5473,"rcp":"RCP8.5","period":"2060","key":"tas","value":11.5,"estimate":"q95","season":"MAM"},{"bfs_id":5473,"rcp":"RCP8.5","period":"2060","key":"tas","value":22,"estimate":"q95","season":"JJA"},{"bfs_id":5473,"rcp":"RCP8.5","period":"2060","key":"tas","value":13.7,"estimate":"q95","season":"SON"},{"bfs_id":5473,"rcp":"RCP8.5","period":"2085","key":"tas","value":4.6,"estimate":"q5","season":"DJF"},{"bfs_id":5473,"rcp":"RCP8.5","period":"2085","key":"tas","value":11.4,"estimate":"q5","season":"MAM"},{"bfs_id":5473,"rcp":"RCP8.5","period":"2085","key":"tas","value":21.7,"estimate":"q5","season":"JJA"},{"bfs_id":5473,"rcp":"RCP8.5","period":"2085","key":"tas","value":13.4,"estimate":"q5","season":"SON"},{"bfs_id":5473,"rcp":"RCP8.5","period":"2085","key":"tas","value":5.6,"estimate":"q50","season":"DJF"},{"bfs_id":5473,"rcp":"RCP8.5","period":"2085","key":"tas","value":12.3,"estimate":"q50","season":"MAM"},{"bfs_id":5473,"rcp":"RCP8.5","period":"2085","key":"tas","value":22.5,"estimate":"q50","season":"JJA"},{"bfs_id":5473,"rcp":"RCP8.5","period":"2085","key":"tas","value":14.3,"estimate":"q50","season":"SON"},{"bfs_id":5473,"rcp":"RCP8.5","period":"2085","key":"tas","value":6.5,"estimate":"q95","season":"DJF"},{"bfs_id":5473,"rcp":"RCP8.5","period":"2085","key":"tas","value":13.3,"estimate":"q95","season":"MAM"},{"bfs_id":5473,"rcp":"RCP8.5","period":"2085","key":"tas","value":24.8,"estimate":"q95","season":"JJA"},{"bfs_id":5473,"rcp":"RCP8.5","period":"2085","key":"tas","value":15.8,"estimate":"q95","season":"SON"},{"bfs_id":5473,"rcp":"obs","period":"1981-2010","key":"FD","value":65.6,"estimate":"yearly_mean"},{"bfs_id":5473,"rcp":"obs","period":"1981-2010","key":"HD","value":5,"estimate":"yearly_mean"},{"bfs_id":5473,"rcp":"obs","period":"1981-2010","key":"ID","value":13.4,"estimate":"yearly_mean"},{"bfs_id":5473,"rcp":"obs","period":"1981-2010","key":"SD","value":39.1,"estimate":"yearly_mean"},{"bfs_id":5473,"rcp":"obs","period":"1981-2010","key":"snowdays","value":12.8,"estimate":"yearly_mean"},{"bfs_id":5473,"rcp":"obs","period":"1981-2010","key":"TN","value":0.5,"estimate":"yearly_mean"},{"bfs_id":5473,"rcp":"obs","period":"1981-2010","key":"pr","value":2.5,"estimate":"mean","season":"DJF"},{"bfs_id":5473,"rcp":"obs","period":"1981-2010","key":"pr","value":2.7,"estimate":"mean","season":"MAM"},{"bfs_id":5473,"rcp":"obs","period":"1981-2010","key":"pr","value":3.1,"estimate":"mean","season":"JJA"},{"bfs_id":5473,"rcp":"obs","period":"1981-2010","key":"pr","value":3.1,"estimate":"mean","season":"SON"},{"bfs_id":5473,"rcp":"obs","period":"1981-2010","key":"tas","value":1.8,"estimate":"mean","season":"DJF"},{"bfs_id":5473,"rcp":"obs","period":"1981-2010","key":"tas","value":9.2,"estimate":"mean","season":"MAM"},{"bfs_id":5473,"rcp":"obs","period":"1981-2010","key":"tas","value":18.2,"estimate":"mean","season":"JJA"},{"bfs_id":5473,"rcp":"obs","period":"1981-2010","key":"tas","value":10.2,"estimate":"mean","season":"SON"}]
