[{"bfs_id":2573,"rcp":"RCP2.6","period":"2035","key":"FD","value":55.8,"estimate":"q5"},{"bfs_id":2573,"rcp":"RCP2.6","period":"2035","key":"FD","value":67.2,"estimate":"q50"},{"bfs_id":2573,"rcp":"RCP2.6","period":"2035","key":"FD","value":73.5,"estimate":"q95"},{"bfs_id":2573,"rcp":"RCP2.6","period":"2060","key":"FD","value":54.5,"estimate":"q5"},{"bfs_id":2573,"rcp":"RCP2.6","period":"2060","key":"FD","value":64.1,"estimate":"q50"},{"bfs_id":2573,"rcp":"RCP2.6","period":"2060","key":"FD","value":70,"estimate":"q95"},{"bfs_id":2573,"rcp":"RCP2.6","period":"2085","key":"FD","value":55.3,"estimate":"q5"},{"bfs_id":2573,"rcp":"RCP2.6","period":"2085","key":"FD","value":65.5,"estimate":"q50"},{"bfs_id":2573,"rcp":"RCP2.6","period":"2085","key":"FD","value":71.5,"estimate":"q95"},{"bfs_id":2573,"rcp":"RCP8.5","period":"2035","key":"FD","value":53.4,"estimate":"q5"},{"bfs_id":2573,"rcp":"RCP8.5","period":"2035","key":"FD","value":63.3,"estimate":"q50"},{"bfs_id":2573,"rcp":"RCP8.5","period":"2035","key":"FD","value":70.3,"estimate":"q95"},{"bfs_id":2573,"rcp":"RCP8.5","period":"2060","key":"FD","value":42.8,"estimate":"q5"},{"bfs_id":2573,"rcp":"RCP8.5","period":"2060","key":"FD","value":49.9,"estimate":"q50"},{"bfs_id":2573,"rcp":"RCP8.5","period":"2060","key":"FD","value":58.6,"estimate":"q95"},{"bfs_id":2573,"rcp":"RCP8.5","period":"2085","key":"FD","value":25.9,"estimate":"q5"},{"bfs_id":2573,"rcp":"RCP8.5","period":"2085","key":"FD","value":31,"estimate":"q50"},{"bfs_id":2573,"rcp":"RCP8.5","period":"2085","key":"FD","value":42.9,"estimate":"q95"},{"bfs_id":2573,"rcp":"RCP2.6","period":"2035","key":"HD","value":14.4,"estimate":"q5"},{"bfs_id":2573,"rcp":"RCP2.6","period":"2035","key":"HD","value":17.7,"estimate":"q50"},{"bfs_id":2573,"rcp":"RCP2.6","period":"2035","key":"HD","value":22.9,"estimate":"q95"},{"bfs_id":2573,"rcp":"RCP2.6","period":"2060","key":"HD","value":14.6,"estimate":"q5"},{"bfs_id":2573,"rcp":"RCP2.6","period":"2060","key":"HD","value":17.8,"estimate":"q50"},{"bfs_id":2573,"rcp":"RCP2.6","period":"2060","key":"HD","value":25.3,"estimate":"q95"},{"bfs_id":2573,"rcp":"RCP2.6","period":"2085","key":"HD","value":14.5,"estimate":"q5"},{"bfs_id":2573,"rcp":"RCP2.6","period":"2085","key":"HD","value":18.2,"estimate":"q50"},{"bfs_id":2573,"rcp":"RCP2.6","period":"2085","key":"HD","value":24.6,"estimate":"q95"},{"bfs_id":2573,"rcp":"RCP8.5","period":"2035","key":"HD","value":15,"estimate":"q5"},{"bfs_id":2573,"rcp":"RCP8.5","period":"2035","key":"HD","value":19,"estimate":"q50"},{"bfs_id":2573,"rcp":"RCP8.5","period":"2035","key":"HD","value":25.1,"estimate":"q95"},{"bfs_id":2573,"rcp":"RCP8.5","period":"2060","key":"HD","value":22.7,"estimate":"q5"},{"bfs_id":2573,"rcp":"RCP8.5","period":"2060","key":"HD","value":28.3,"estimate":"q50"},{"bfs_id":2573,"rcp":"RCP8.5","period":"2060","key":"HD","value":42.2,"estimate":"q95"},{"bfs_id":2573,"rcp":"RCP8.5","period":"2085","key":"HD","value":37.7,"estimate":"q5"},{"bfs_id":2573,"rcp":"RCP8.5","period":"2085","key":"HD","value":43.9,"estimate":"q50"},{"bfs_id":2573,"rcp":"RCP8.5","period":"2085","key":"HD","value":69.2,"estimate":"q95"},{"bfs_id":2573,"rcp":"RCP2.6","period":"2035","key":"ID","value":8.9,"estimate":"q5"},{"bfs_id":2573,"rcp":"RCP2.6","period":"2035","key":"ID","value":12.4,"estimate":"q50"},{"bfs_id":2573,"rcp":"RCP2.6","period":"2035","key":"ID","value":16.2,"estimate":"q95"},{"bfs_id":2573,"rcp":"RCP2.6","period":"2060","key":"ID","value":8.7,"estimate":"q5"},{"bfs_id":2573,"rcp":"RCP2.6","period":"2060","key":"ID","value":12.5,"estimate":"q50"},{"bfs_id":2573,"rcp":"RCP2.6","period":"2060","key":"ID","value":15.1,"estimate":"q95"},{"bfs_id":2573,"rcp":"RCP2.6","period":"2085","key":"ID","value":9.1,"estimate":"q5"},{"bfs_id":2573,"rcp":"RCP2.6","period":"2085","key":"ID","value":12.2,"estimate":"q50"},{"bfs_id":2573,"rcp":"RCP2.6","period":"2085","key":"ID","value":14.3,"estimate":"q95"},{"bfs_id":2573,"rcp":"RCP8.5","period":"2035","key":"ID","value":8.9,"estimate":"q5"},{"bfs_id":2573,"rcp":"RCP8.5","period":"2035","key":"ID","value":10.6,"estimate":"q50"},{"bfs_id":2573,"rcp":"RCP8.5","period":"2035","key":"ID","value":16.1,"estimate":"q95"},{"bfs_id":2573,"rcp":"RCP8.5","period":"2060","key":"ID","value":5.8,"estimate":"q5"},{"bfs_id":2573,"rcp":"RCP8.5","period":"2060","key":"ID","value":8.3,"estimate":"q50"},{"bfs_id":2573,"rcp":"RCP8.5","period":"2060","key":"ID","value":10.7,"estimate":"q95"},{"bfs_id":2573,"rcp":"RCP8.5","period":"2085","key":"ID","value":1.4,"estimate":"q5"},{"bfs_id":2573,"rcp":"RCP8.5","period":"2085","key":"ID","value":3.4,"estimate":"q50"},{"bfs_id":2573,"rcp":"RCP8.5","period":"2085","key":"ID","value":5.9,"estimate":"q95"},{"bfs_id":2573,"rcp":"RCP2.6","period":"2035","key":"SD","value":56.1,"estimate":"q5"},{"bfs_id":2573,"rcp":"RCP2.6","period":"2035","key":"SD","value":62.5,"estimate":"q50"},{"bfs_id":2573,"rcp":"RCP2.6","period":"2035","key":"SD","value":70,"estimate":"q95"},{"bfs_id":2573,"rcp":"RCP2.6","period":"2060","key":"SD","value":56.5,"estimate":"q5"},{"bfs_id":2573,"rcp":"RCP2.6","period":"2060","key":"SD","value":63.6,"estimate":"q50"},{"bfs_id":2573,"rcp":"RCP2.6","period":"2060","key":"SD","value":69.6,"estimate":"q95"},{"bfs_id":2573,"rcp":"RCP2.6","period":"2085","key":"SD","value":55.8,"estimate":"q5"},{"bfs_id":2573,"rcp":"RCP2.6","period":"2085","key":"SD","value":63.8,"estimate":"q50"},{"bfs_id":2573,"rcp":"RCP2.6","period":"2085","key":"SD","value":70.2,"estimate":"q95"},{"bfs_id":2573,"rcp":"RCP8.5","period":"2035","key":"SD","value":58.6,"estimate":"q5"},{"bfs_id":2573,"rcp":"RCP8.5","period":"2035","key":"SD","value":64.9,"estimate":"q50"},{"bfs_id":2573,"rcp":"RCP8.5","period":"2035","key":"SD","value":70.4,"estimate":"q95"},{"bfs_id":2573,"rcp":"RCP8.5","period":"2060","key":"SD","value":74.5,"estimate":"q5"},{"bfs_id":2573,"rcp":"RCP8.5","period":"2060","key":"SD","value":80,"estimate":"q50"},{"bfs_id":2573,"rcp":"RCP8.5","period":"2060","key":"SD","value":93.9,"estimate":"q95"},{"bfs_id":2573,"rcp":"RCP8.5","period":"2085","key":"SD","value":89.7,"estimate":"q5"},{"bfs_id":2573,"rcp":"RCP8.5","period":"2085","key":"SD","value":103.3,"estimate":"q50"},{"bfs_id":2573,"rcp":"RCP8.5","period":"2085","key":"SD","value":119.7,"estimate":"q95"},{"bfs_id":2573,"rcp":"RCP2.6","period":"2035","key":"snowdays","value":12.8,"estimate":"q5"},{"bfs_id":2573,"rcp":"RCP2.6","period":"2035","key":"snowdays","value":16.6,"estimate":"q50"},{"bfs_id":2573,"rcp":"RCP2.6","period":"2035","key":"snowdays","value":18.9,"estimate":"q95"},{"bfs_id":2573,"rcp":"RCP2.6","period":"2060","key":"snowdays","value":11.6,"estimate":"q5"},{"bfs_id":2573,"rcp":"RCP2.6","period":"2060","key":"snowdays","value":15.8,"estimate":"q50"},{"bfs_id":2573,"rcp":"RCP2.6","period":"2060","key":"snowdays","value":18.8,"estimate":"q95"},{"bfs_id":2573,"rcp":"RCP2.6","period":"2085","key":"snowdays","value":11.6,"estimate":"q5"},{"bfs_id":2573,"rcp":"RCP2.6","period":"2085","key":"snowdays","value":15.9,"estimate":"q50"},{"bfs_id":2573,"rcp":"RCP2.6","period":"2085","key":"snowdays","value":18,"estimate":"q95"},{"bfs_id":2573,"rcp":"RCP8.5","period":"2035","key":"snowdays","value":10.9,"estimate":"q5"},{"bfs_id":2573,"rcp":"RCP8.5","period":"2035","key":"snowdays","value":15.7,"estimate":"q50"},{"bfs_id":2573,"rcp":"RCP8.5","period":"2035","key":"snowdays","value":18.1,"estimate":"q95"},{"bfs_id":2573,"rcp":"RCP8.5","period":"2060","key":"snowdays","value":8,"estimate":"q5"},{"bfs_id":2573,"rcp":"RCP8.5","period":"2060","key":"snowdays","value":11.5,"estimate":"q50"},{"bfs_id":2573,"rcp":"RCP8.5","period":"2060","key":"snowdays","value":14.3,"estimate":"q95"},{"bfs_id":2573,"rcp":"RCP8.5","period":"2085","key":"snowdays","value":3.3,"estimate":"q5"},{"bfs_id":2573,"rcp":"RCP8.5","period":"2085","key":"snowdays","value":6.5,"estimate":"q50"},{"bfs_id":2573,"rcp":"RCP8.5","period":"2085","key":"snowdays","value":8.7,"estimate":"q95"},{"bfs_id":2573,"rcp":"RCP2.6","period":"2035","key":"TN","value":0.1,"estimate":"q5"},{"bfs_id":2573,"rcp":"RCP2.6","period":"2035","key":"TN","value":0.5,"estimate":"q50"},{"bfs_id":2573,"rcp":"RCP2.6","period":"2035","key":"TN","value":1,"estimate":"q95"},{"bfs_id":2573,"rcp":"RCP2.6","period":"2060","key":"TN","value":0.2,"estimate":"q5"},{"bfs_id":2573,"rcp":"RCP2.6","period":"2060","key":"TN","value":0.6,"estimate":"q50"},{"bfs_id":2573,"rcp":"RCP2.6","period":"2060","key":"TN","value":1.3,"estimate":"q95"},{"bfs_id":2573,"rcp":"RCP2.6","period":"2085","key":"TN","value":0.2,"estimate":"q5"},{"bfs_id":2573,"rcp":"RCP2.6","period":"2085","key":"TN","value":0.8,"estimate":"q50"},{"bfs_id":2573,"rcp":"RCP2.6","period":"2085","key":"TN","value":1.2,"estimate":"q95"},{"bfs_id":2573,"rcp":"RCP8.5","period":"2035","key":"TN","value":0.2,"estimate":"q5"},{"bfs_id":2573,"rcp":"RCP8.5","period":"2035","key":"TN","value":0.8,"estimate":"q50"},{"bfs_id":2573,"rcp":"RCP8.5","period":"2035","key":"TN","value":2.4,"estimate":"q95"},{"bfs_id":2573,"rcp":"RCP8.5","period":"2060","key":"TN","value":1.3,"estimate":"q5"},{"bfs_id":2573,"rcp":"RCP8.5","period":"2060","key":"TN","value":3.3,"estimate":"q50"},{"bfs_id":2573,"rcp":"RCP8.5","period":"2060","key":"TN","value":7.5,"estimate":"q95"},{"bfs_id":2573,"rcp":"RCP8.5","period":"2085","key":"TN","value":6.3,"estimate":"q5"},{"bfs_id":2573,"rcp":"RCP8.5","period":"2085","key":"TN","value":10.2,"estimate":"q50"},{"bfs_id":2573,"rcp":"RCP8.5","period":"2085","key":"TN","value":25.1,"estimate":"q95"},{"bfs_id":2573,"rcp":"RCP2.6","period":"2035","key":"pr","value":2.5,"estimate":"q5","season":"DJF"},{"bfs_id":2573,"rcp":"RCP2.6","period":"2035","key":"pr","value":2.6,"estimate":"q5","season":"MAM"},{"bfs_id":2573,"rcp":"RCP2.6","period":"2035","key":"pr","value":2.9,"estimate":"q5","season":"JJA"},{"bfs_id":2573,"rcp":"RCP2.6","period":"2035","key":"pr","value":2.6,"estimate":"q5","season":"SON"},{"bfs_id":2573,"rcp":"RCP2.6","period":"2035","key":"pr","value":2.9,"estimate":"q50","season":"DJF"},{"bfs_id":2573,"rcp":"RCP2.6","period":"2035","key":"pr","value":2.9,"estimate":"q50","season":"MAM"},{"bfs_id":2573,"rcp":"RCP2.6","period":"2035","key":"pr","value":3.3,"estimate":"q50","season":"JJA"},{"bfs_id":2573,"rcp":"RCP2.6","period":"2035","key":"pr","value":2.8,"estimate":"q50","season":"SON"},{"bfs_id":2573,"rcp":"RCP2.6","period":"2035","key":"pr","value":3.4,"estimate":"q95","season":"DJF"},{"bfs_id":2573,"rcp":"RCP2.6","period":"2035","key":"pr","value":3.2,"estimate":"q95","season":"MAM"},{"bfs_id":2573,"rcp":"RCP2.6","period":"2035","key":"pr","value":3.6,"estimate":"q95","season":"JJA"},{"bfs_id":2573,"rcp":"RCP2.6","period":"2035","key":"pr","value":3.4,"estimate":"q95","season":"SON"},{"bfs_id":2573,"rcp":"RCP2.6","period":"2060","key":"pr","value":2.6,"estimate":"q5","season":"DJF"},{"bfs_id":2573,"rcp":"RCP2.6","period":"2060","key":"pr","value":2.7,"estimate":"q5","season":"MAM"},{"bfs_id":2573,"rcp":"RCP2.6","period":"2060","key":"pr","value":2.8,"estimate":"q5","season":"JJA"},{"bfs_id":2573,"rcp":"RCP2.6","period":"2060","key":"pr","value":2.6,"estimate":"q5","season":"SON"},{"bfs_id":2573,"rcp":"RCP2.6","period":"2060","key":"pr","value":2.9,"estimate":"q50","season":"DJF"},{"bfs_id":2573,"rcp":"RCP2.6","period":"2060","key":"pr","value":2.9,"estimate":"q50","season":"MAM"},{"bfs_id":2573,"rcp":"RCP2.6","period":"2060","key":"pr","value":3.3,"estimate":"q50","season":"JJA"},{"bfs_id":2573,"rcp":"RCP2.6","period":"2060","key":"pr","value":2.8,"estimate":"q50","season":"SON"},{"bfs_id":2573,"rcp":"RCP2.6","period":"2060","key":"pr","value":3.2,"estimate":"q95","season":"DJF"},{"bfs_id":2573,"rcp":"RCP2.6","period":"2060","key":"pr","value":3.2,"estimate":"q95","season":"MAM"},{"bfs_id":2573,"rcp":"RCP2.6","period":"2060","key":"pr","value":3.8,"estimate":"q95","season":"JJA"},{"bfs_id":2573,"rcp":"RCP2.6","period":"2060","key":"pr","value":3.3,"estimate":"q95","season":"SON"},{"bfs_id":2573,"rcp":"RCP2.6","period":"2085","key":"pr","value":2.6,"estimate":"q5","season":"DJF"},{"bfs_id":2573,"rcp":"RCP2.6","period":"2085","key":"pr","value":2.7,"estimate":"q5","season":"MAM"},{"bfs_id":2573,"rcp":"RCP2.6","period":"2085","key":"pr","value":2.7,"estimate":"q5","season":"JJA"},{"bfs_id":2573,"rcp":"RCP2.6","period":"2085","key":"pr","value":2.6,"estimate":"q5","season":"SON"},{"bfs_id":2573,"rcp":"RCP2.6","period":"2085","key":"pr","value":2.9,"estimate":"q50","season":"DJF"},{"bfs_id":2573,"rcp":"RCP2.6","period":"2085","key":"pr","value":2.9,"estimate":"q50","season":"MAM"},{"bfs_id":2573,"rcp":"RCP2.6","period":"2085","key":"pr","value":3.3,"estimate":"q50","season":"JJA"},{"bfs_id":2573,"rcp":"RCP2.6","period":"2085","key":"pr","value":2.9,"estimate":"q50","season":"SON"},{"bfs_id":2573,"rcp":"RCP2.6","period":"2085","key":"pr","value":3.3,"estimate":"q95","season":"DJF"},{"bfs_id":2573,"rcp":"RCP2.6","period":"2085","key":"pr","value":3.2,"estimate":"q95","season":"MAM"},{"bfs_id":2573,"rcp":"RCP2.6","period":"2085","key":"pr","value":3.7,"estimate":"q95","season":"JJA"},{"bfs_id":2573,"rcp":"RCP2.6","period":"2085","key":"pr","value":3.3,"estimate":"q95","season":"SON"},{"bfs_id":2573,"rcp":"RCP8.5","period":"2035","key":"pr","value":2.6,"estimate":"q5","season":"DJF"},{"bfs_id":2573,"rcp":"RCP8.5","period":"2035","key":"pr","value":2.7,"estimate":"q5","season":"MAM"},{"bfs_id":2573,"rcp":"RCP8.5","period":"2035","key":"pr","value":2.7,"estimate":"q5","season":"JJA"},{"bfs_id":2573,"rcp":"RCP8.5","period":"2035","key":"pr","value":2.6,"estimate":"q5","season":"SON"},{"bfs_id":2573,"rcp":"RCP8.5","period":"2035","key":"pr","value":3,"estimate":"q50","season":"DJF"},{"bfs_id":2573,"rcp":"RCP8.5","period":"2035","key":"pr","value":3,"estimate":"q50","season":"MAM"},{"bfs_id":2573,"rcp":"RCP8.5","period":"2035","key":"pr","value":3.4,"estimate":"q50","season":"JJA"},{"bfs_id":2573,"rcp":"RCP8.5","period":"2035","key":"pr","value":3,"estimate":"q50","season":"SON"},{"bfs_id":2573,"rcp":"RCP8.5","period":"2035","key":"pr","value":3.3,"estimate":"q95","season":"DJF"},{"bfs_id":2573,"rcp":"RCP8.5","period":"2035","key":"pr","value":3.2,"estimate":"q95","season":"MAM"},{"bfs_id":2573,"rcp":"RCP8.5","period":"2035","key":"pr","value":3.7,"estimate":"q95","season":"JJA"},{"bfs_id":2573,"rcp":"RCP8.5","period":"2035","key":"pr","value":3.4,"estimate":"q95","season":"SON"},{"bfs_id":2573,"rcp":"RCP8.5","period":"2060","key":"pr","value":2.8,"estimate":"q5","season":"DJF"},{"bfs_id":2573,"rcp":"RCP8.5","period":"2060","key":"pr","value":2.9,"estimate":"q5","season":"MAM"},{"bfs_id":2573,"rcp":"RCP8.5","period":"2060","key":"pr","value":2.4,"estimate":"q5","season":"JJA"},{"bfs_id":2573,"rcp":"RCP8.5","period":"2060","key":"pr","value":2.6,"estimate":"q5","season":"SON"},{"bfs_id":2573,"rcp":"RCP8.5","period":"2060","key":"pr","value":3.1,"estimate":"q50","season":"DJF"},{"bfs_id":2573,"rcp":"RCP8.5","period":"2060","key":"pr","value":3.1,"estimate":"q50","season":"MAM"},{"bfs_id":2573,"rcp":"RCP8.5","period":"2060","key":"pr","value":3.2,"estimate":"q50","season":"JJA"},{"bfs_id":2573,"rcp":"RCP8.5","period":"2060","key":"pr","value":2.9,"estimate":"q50","season":"SON"},{"bfs_id":2573,"rcp":"RCP8.5","period":"2060","key":"pr","value":3.5,"estimate":"q95","season":"DJF"},{"bfs_id":2573,"rcp":"RCP8.5","period":"2060","key":"pr","value":3.4,"estimate":"q95","season":"MAM"},{"bfs_id":2573,"rcp":"RCP8.5","period":"2060","key":"pr","value":3.5,"estimate":"q95","season":"JJA"},{"bfs_id":2573,"rcp":"RCP8.5","period":"2060","key":"pr","value":3.3,"estimate":"q95","season":"SON"},{"bfs_id":2573,"rcp":"RCP8.5","period":"2085","key":"pr","value":3,"estimate":"q5","season":"DJF"},{"bfs_id":2573,"rcp":"RCP8.5","period":"2085","key":"pr","value":2.9,"estimate":"q5","season":"MAM"},{"bfs_id":2573,"rcp":"RCP8.5","period":"2085","key":"pr","value":2,"estimate":"q5","season":"JJA"},{"bfs_id":2573,"rcp":"RCP8.5","period":"2085","key":"pr","value":2.5,"estimate":"q5","season":"SON"},{"bfs_id":2573,"rcp":"RCP8.5","period":"2085","key":"pr","value":3.4,"estimate":"q50","season":"DJF"},{"bfs_id":2573,"rcp":"RCP8.5","period":"2085","key":"pr","value":3.3,"estimate":"q50","season":"MAM"},{"bfs_id":2573,"rcp":"RCP8.5","period":"2085","key":"pr","value":2.9,"estimate":"q50","season":"JJA"},{"bfs_id":2573,"rcp":"RCP8.5","period":"2085","key":"pr","value":3,"estimate":"q50","season":"SON"},{"bfs_id":2573,"rcp":"RCP8.5","period":"2085","key":"pr","value":3.8,"estimate":"q95","season":"DJF"},{"bfs_id":2573,"rcp":"RCP8.5","period":"2085","key":"pr","value":3.5,"estimate":"q95","season":"MAM"},{"bfs_id":2573,"rcp":"RCP8.5","period":"2085","key":"pr","value":3.5,"estimate":"q95","season":"JJA"},{"bfs_id":2573,"rcp":"RCP8.5","period":"2085","key":"pr","value":3.4,"estimate":"q95","season":"SON"},{"bfs_id":2573,"rcp":"RCP2.6","period":"2035","key":"tas","value":1.7,"estimate":"q5","season":"DJF"},{"bfs_id":2573,"rcp":"RCP2.6","period":"2035","key":"tas","value":9.4,"estimate":"q5","season":"MAM"},{"bfs_id":2573,"rcp":"RCP2.6","period":"2035","key":"tas","value":18.5,"estimate":"q5","season":"JJA"},{"bfs_id":2573,"rcp":"RCP2.6","period":"2035","key":"tas","value":10.3,"estimate":"q5","season":"SON"},{"bfs_id":2573,"rcp":"RCP2.6","period":"2035","key":"tas","value":2.3,"estimate":"q50","season":"DJF"},{"bfs_id":2573,"rcp":"RCP2.6","period":"2035","key":"tas","value":10,"estimate":"q50","season":"MAM"},{"bfs_id":2573,"rcp":"RCP2.6","period":"2035","key":"tas","value":19.1,"estimate":"q50","season":"JJA"},{"bfs_id":2573,"rcp":"RCP2.6","period":"2035","key":"tas","value":10.6,"estimate":"q50","season":"SON"},{"bfs_id":2573,"rcp":"RCP2.6","period":"2035","key":"tas","value":3.1,"estimate":"q95","season":"DJF"},{"bfs_id":2573,"rcp":"RCP2.6","period":"2035","key":"tas","value":10.3,"estimate":"q95","season":"MAM"},{"bfs_id":2573,"rcp":"RCP2.6","period":"2035","key":"tas","value":19.6,"estimate":"q95","season":"JJA"},{"bfs_id":2573,"rcp":"RCP2.6","period":"2035","key":"tas","value":11.5,"estimate":"q95","season":"SON"},{"bfs_id":2573,"rcp":"RCP2.6","period":"2060","key":"tas","value":1.8,"estimate":"q5","season":"DJF"},{"bfs_id":2573,"rcp":"RCP2.6","period":"2060","key":"tas","value":9.3,"estimate":"q5","season":"MAM"},{"bfs_id":2573,"rcp":"RCP2.6","period":"2060","key":"tas","value":18.8,"estimate":"q5","season":"JJA"},{"bfs_id":2573,"rcp":"RCP2.6","period":"2060","key":"tas","value":10.6,"estimate":"q5","season":"SON"},{"bfs_id":2573,"rcp":"RCP2.6","period":"2060","key":"tas","value":2.6,"estimate":"q50","season":"DJF"},{"bfs_id":2573,"rcp":"RCP2.6","period":"2060","key":"tas","value":10,"estimate":"q50","season":"MAM"},{"bfs_id":2573,"rcp":"RCP2.6","period":"2060","key":"tas","value":19.2,"estimate":"q50","season":"JJA"},{"bfs_id":2573,"rcp":"RCP2.6","period":"2060","key":"tas","value":10.9,"estimate":"q50","season":"SON"},{"bfs_id":2573,"rcp":"RCP2.6","period":"2060","key":"tas","value":3.1,"estimate":"q95","season":"DJF"},{"bfs_id":2573,"rcp":"RCP2.6","period":"2060","key":"tas","value":10.4,"estimate":"q95","season":"MAM"},{"bfs_id":2573,"rcp":"RCP2.6","period":"2060","key":"tas","value":19.8,"estimate":"q95","season":"JJA"},{"bfs_id":2573,"rcp":"RCP2.6","period":"2060","key":"tas","value":11.9,"estimate":"q95","season":"SON"},{"bfs_id":2573,"rcp":"RCP2.6","period":"2085","key":"tas","value":1.9,"estimate":"q5","season":"DJF"},{"bfs_id":2573,"rcp":"RCP2.6","period":"2085","key":"tas","value":9.4,"estimate":"q5","season":"MAM"},{"bfs_id":2573,"rcp":"RCP2.6","period":"2085","key":"tas","value":18.7,"estimate":"q5","season":"JJA"},{"bfs_id":2573,"rcp":"RCP2.6","period":"2085","key":"tas","value":10.4,"estimate":"q5","season":"SON"},{"bfs_id":2573,"rcp":"RCP2.6","period":"2085","key":"tas","value":2.6,"estimate":"q50","season":"DJF"},{"bfs_id":2573,"rcp":"RCP2.6","period":"2085","key":"tas","value":10.1,"estimate":"q50","season":"MAM"},{"bfs_id":2573,"rcp":"RCP2.6","period":"2085","key":"tas","value":19.2,"estimate":"q50","season":"JJA"},{"bfs_id":2573,"rcp":"RCP2.6","period":"2085","key":"tas","value":10.9,"estimate":"q50","season":"SON"},{"bfs_id":2573,"rcp":"RCP2.6","period":"2085","key":"tas","value":3.1,"estimate":"q95","season":"DJF"},{"bfs_id":2573,"rcp":"RCP2.6","period":"2085","key":"tas","value":10.4,"estimate":"q95","season":"MAM"},{"bfs_id":2573,"rcp":"RCP2.6","period":"2085","key":"tas","value":19.7,"estimate":"q95","season":"JJA"},{"bfs_id":2573,"rcp":"RCP2.6","period":"2085","key":"tas","value":11.8,"estimate":"q95","season":"SON"},{"bfs_id":2573,"rcp":"RCP8.5","period":"2035","key":"tas","value":1.7,"estimate":"q5","season":"DJF"},{"bfs_id":2573,"rcp":"RCP8.5","period":"2035","key":"tas","value":9.6,"estimate":"q5","season":"MAM"},{"bfs_id":2573,"rcp":"RCP8.5","period":"2035","key":"tas","value":18.9,"estimate":"q5","season":"JJA"},{"bfs_id":2573,"rcp":"RCP8.5","period":"2035","key":"tas","value":10.6,"estimate":"q5","season":"SON"},{"bfs_id":2573,"rcp":"RCP8.5","period":"2035","key":"tas","value":2.6,"estimate":"q50","season":"DJF"},{"bfs_id":2573,"rcp":"RCP8.5","period":"2035","key":"tas","value":10,"estimate":"q50","season":"MAM"},{"bfs_id":2573,"rcp":"RCP8.5","period":"2035","key":"tas","value":19.4,"estimate":"q50","season":"JJA"},{"bfs_id":2573,"rcp":"RCP8.5","period":"2035","key":"tas","value":11.1,"estimate":"q50","season":"SON"},{"bfs_id":2573,"rcp":"RCP8.5","period":"2035","key":"tas","value":3.1,"estimate":"q95","season":"DJF"},{"bfs_id":2573,"rcp":"RCP8.5","period":"2035","key":"tas","value":10.3,"estimate":"q95","season":"MAM"},{"bfs_id":2573,"rcp":"RCP8.5","period":"2035","key":"tas","value":19.9,"estimate":"q95","season":"JJA"},{"bfs_id":2573,"rcp":"RCP8.5","period":"2035","key":"tas","value":11.9,"estimate":"q95","season":"SON"},{"bfs_id":2573,"rcp":"RCP8.5","period":"2060","key":"tas","value":3.1,"estimate":"q5","season":"DJF"},{"bfs_id":2573,"rcp":"RCP8.5","period":"2060","key":"tas","value":10.4,"estimate":"q5","season":"MAM"},{"bfs_id":2573,"rcp":"RCP8.5","period":"2060","key":"tas","value":20,"estimate":"q5","season":"JJA"},{"bfs_id":2573,"rcp":"RCP8.5","period":"2060","key":"tas","value":11.6,"estimate":"q5","season":"SON"},{"bfs_id":2573,"rcp":"RCP8.5","period":"2060","key":"tas","value":3.4,"estimate":"q50","season":"DJF"},{"bfs_id":2573,"rcp":"RCP8.5","period":"2060","key":"tas","value":10.9,"estimate":"q50","season":"MAM"},{"bfs_id":2573,"rcp":"RCP8.5","period":"2060","key":"tas","value":20.6,"estimate":"q50","season":"JJA"},{"bfs_id":2573,"rcp":"RCP8.5","period":"2060","key":"tas","value":12.2,"estimate":"q50","season":"SON"},{"bfs_id":2573,"rcp":"RCP8.5","period":"2060","key":"tas","value":4.1,"estimate":"q95","season":"DJF"},{"bfs_id":2573,"rcp":"RCP8.5","period":"2060","key":"tas","value":11.4,"estimate":"q95","season":"MAM"},{"bfs_id":2573,"rcp":"RCP8.5","period":"2060","key":"tas","value":21.6,"estimate":"q95","season":"JJA"},{"bfs_id":2573,"rcp":"RCP8.5","period":"2060","key":"tas","value":13.1,"estimate":"q95","season":"SON"},{"bfs_id":2573,"rcp":"RCP8.5","period":"2085","key":"tas","value":4.1,"estimate":"q5","season":"DJF"},{"bfs_id":2573,"rcp":"RCP8.5","period":"2085","key":"tas","value":11.4,"estimate":"q5","season":"MAM"},{"bfs_id":2573,"rcp":"RCP8.5","period":"2085","key":"tas","value":21.3,"estimate":"q5","season":"JJA"},{"bfs_id":2573,"rcp":"RCP8.5","period":"2085","key":"tas","value":12.6,"estimate":"q5","season":"SON"},{"bfs_id":2573,"rcp":"RCP8.5","period":"2085","key":"tas","value":5.1,"estimate":"q50","season":"DJF"},{"bfs_id":2573,"rcp":"RCP8.5","period":"2085","key":"tas","value":12.2,"estimate":"q50","season":"MAM"},{"bfs_id":2573,"rcp":"RCP8.5","period":"2085","key":"tas","value":22.2,"estimate":"q50","season":"JJA"},{"bfs_id":2573,"rcp":"RCP8.5","period":"2085","key":"tas","value":13.6,"estimate":"q50","season":"SON"},{"bfs_id":2573,"rcp":"RCP8.5","period":"2085","key":"tas","value":5.8,"estimate":"q95","season":"DJF"},{"bfs_id":2573,"rcp":"RCP8.5","period":"2085","key":"tas","value":13,"estimate":"q95","season":"MAM"},{"bfs_id":2573,"rcp":"RCP8.5","period":"2085","key":"tas","value":24.2,"estimate":"q95","season":"JJA"},{"bfs_id":2573,"rcp":"RCP8.5","period":"2085","key":"tas","value":15.3,"estimate":"q95","season":"SON"},{"bfs_id":2573,"rcp":"obs","period":"1981-2010","key":"FD","value":81.1,"estimate":"yearly_mean"},{"bfs_id":2573,"rcp":"obs","period":"1981-2010","key":"HD","value":10.4,"estimate":"yearly_mean"},{"bfs_id":2573,"rcp":"obs","period":"1981-2010","key":"ID","value":18.1,"estimate":"yearly_mean"},{"bfs_id":2573,"rcp":"obs","period":"1981-2010","key":"SD","value":49.6,"estimate":"yearly_mean"},{"bfs_id":2573,"rcp":"obs","period":"1981-2010","key":"snowdays","value":17.7,"estimate":"yearly_mean"},{"bfs_id":2573,"rcp":"obs","period":"1981-2010","key":"TN","value":0,"estimate":"yearly_mean"},{"bfs_id":2573,"rcp":"obs","period":"1981-2010","key":"pr","value":2.7,"estimate":"mean","season":"DJF"},{"bfs_id":2573,"rcp":"obs","period":"1981-2010","key":"pr","value":2.8,"estimate":"mean","season":"MAM"},{"bfs_id":2573,"rcp":"obs","period":"1981-2010","key":"pr","value":3.5,"estimate":"mean","season":"JJA"},{"bfs_id":2573,"rcp":"obs","period":"1981-2010","key":"pr","value":2.9,"estimate":"mean","season":"SON"},{"bfs_id":2573,"rcp":"obs","period":"1981-2010","key":"tas","value":1.1,"estimate":"mean","season":"DJF"},{"bfs_id":2573,"rcp":"obs","period":"1981-2010","key":"tas","value":9.3,"estimate":"mean","season":"MAM"},{"bfs_id":2573,"rcp":"obs","period":"1981-2010","key":"tas","value":18,"estimate":"mean","season":"JJA"},{"bfs_id":2573,"rcp":"obs","period":"1981-2010","key":"tas","value":9.6,"estimate":"mean","season":"SON"}]
