[{"bfs_id":2293,"rcp":"RCP2.6","period":"2035","key":"FD","value":68.9,"estimate":"q5"},{"bfs_id":2293,"rcp":"RCP2.6","period":"2035","key":"FD","value":82.1,"estimate":"q50"},{"bfs_id":2293,"rcp":"RCP2.6","period":"2035","key":"FD","value":89.2,"estimate":"q95"},{"bfs_id":2293,"rcp":"RCP2.6","period":"2060","key":"FD","value":66.1,"estimate":"q5"},{"bfs_id":2293,"rcp":"RCP2.6","period":"2060","key":"FD","value":78.1,"estimate":"q50"},{"bfs_id":2293,"rcp":"RCP2.6","period":"2060","key":"FD","value":85.8,"estimate":"q95"},{"bfs_id":2293,"rcp":"RCP2.6","period":"2085","key":"FD","value":65.4,"estimate":"q5"},{"bfs_id":2293,"rcp":"RCP2.6","period":"2085","key":"FD","value":78.6,"estimate":"q50"},{"bfs_id":2293,"rcp":"RCP2.6","period":"2085","key":"FD","value":88.1,"estimate":"q95"},{"bfs_id":2293,"rcp":"RCP8.5","period":"2035","key":"FD","value":67.7,"estimate":"q5"},{"bfs_id":2293,"rcp":"RCP8.5","period":"2035","key":"FD","value":77.8,"estimate":"q50"},{"bfs_id":2293,"rcp":"RCP8.5","period":"2035","key":"FD","value":84.5,"estimate":"q95"},{"bfs_id":2293,"rcp":"RCP8.5","period":"2060","key":"FD","value":51.5,"estimate":"q5"},{"bfs_id":2293,"rcp":"RCP8.5","period":"2060","key":"FD","value":61.5,"estimate":"q50"},{"bfs_id":2293,"rcp":"RCP8.5","period":"2060","key":"FD","value":69.2,"estimate":"q95"},{"bfs_id":2293,"rcp":"RCP8.5","period":"2085","key":"FD","value":33.4,"estimate":"q5"},{"bfs_id":2293,"rcp":"RCP8.5","period":"2085","key":"FD","value":42.4,"estimate":"q50"},{"bfs_id":2293,"rcp":"RCP8.5","period":"2085","key":"FD","value":52,"estimate":"q95"},{"bfs_id":2293,"rcp":"RCP2.6","period":"2035","key":"HD","value":7.9,"estimate":"q5"},{"bfs_id":2293,"rcp":"RCP2.6","period":"2035","key":"HD","value":11.4,"estimate":"q50"},{"bfs_id":2293,"rcp":"RCP2.6","period":"2035","key":"HD","value":17.3,"estimate":"q95"},{"bfs_id":2293,"rcp":"RCP2.6","period":"2060","key":"HD","value":9.2,"estimate":"q5"},{"bfs_id":2293,"rcp":"RCP2.6","period":"2060","key":"HD","value":12.3,"estimate":"q50"},{"bfs_id":2293,"rcp":"RCP2.6","period":"2060","key":"HD","value":20.6,"estimate":"q95"},{"bfs_id":2293,"rcp":"RCP2.6","period":"2085","key":"HD","value":9.2,"estimate":"q5"},{"bfs_id":2293,"rcp":"RCP2.6","period":"2085","key":"HD","value":11.3,"estimate":"q50"},{"bfs_id":2293,"rcp":"RCP2.6","period":"2085","key":"HD","value":19.7,"estimate":"q95"},{"bfs_id":2293,"rcp":"RCP8.5","period":"2035","key":"HD","value":9.7,"estimate":"q5"},{"bfs_id":2293,"rcp":"RCP8.5","period":"2035","key":"HD","value":12.1,"estimate":"q50"},{"bfs_id":2293,"rcp":"RCP8.5","period":"2035","key":"HD","value":18.7,"estimate":"q95"},{"bfs_id":2293,"rcp":"RCP8.5","period":"2060","key":"HD","value":15.7,"estimate":"q5"},{"bfs_id":2293,"rcp":"RCP8.5","period":"2060","key":"HD","value":21.7,"estimate":"q50"},{"bfs_id":2293,"rcp":"RCP8.5","period":"2060","key":"HD","value":36.1,"estimate":"q95"},{"bfs_id":2293,"rcp":"RCP8.5","period":"2085","key":"HD","value":29.4,"estimate":"q5"},{"bfs_id":2293,"rcp":"RCP8.5","period":"2085","key":"HD","value":35.3,"estimate":"q50"},{"bfs_id":2293,"rcp":"RCP8.5","period":"2085","key":"HD","value":59.9,"estimate":"q95"},{"bfs_id":2293,"rcp":"RCP2.6","period":"2035","key":"ID","value":9.6,"estimate":"q5"},{"bfs_id":2293,"rcp":"RCP2.6","period":"2035","key":"ID","value":13.7,"estimate":"q50"},{"bfs_id":2293,"rcp":"RCP2.6","period":"2035","key":"ID","value":16.6,"estimate":"q95"},{"bfs_id":2293,"rcp":"RCP2.6","period":"2060","key":"ID","value":9.3,"estimate":"q5"},{"bfs_id":2293,"rcp":"RCP2.6","period":"2060","key":"ID","value":12.8,"estimate":"q50"},{"bfs_id":2293,"rcp":"RCP2.6","period":"2060","key":"ID","value":15.6,"estimate":"q95"},{"bfs_id":2293,"rcp":"RCP2.6","period":"2085","key":"ID","value":9.4,"estimate":"q5"},{"bfs_id":2293,"rcp":"RCP2.6","period":"2085","key":"ID","value":12.2,"estimate":"q50"},{"bfs_id":2293,"rcp":"RCP2.6","period":"2085","key":"ID","value":15.5,"estimate":"q95"},{"bfs_id":2293,"rcp":"RCP8.5","period":"2035","key":"ID","value":9.7,"estimate":"q5"},{"bfs_id":2293,"rcp":"RCP8.5","period":"2035","key":"ID","value":12.2,"estimate":"q50"},{"bfs_id":2293,"rcp":"RCP8.5","period":"2035","key":"ID","value":15.8,"estimate":"q95"},{"bfs_id":2293,"rcp":"RCP8.5","period":"2060","key":"ID","value":6.5,"estimate":"q5"},{"bfs_id":2293,"rcp":"RCP8.5","period":"2060","key":"ID","value":9,"estimate":"q50"},{"bfs_id":2293,"rcp":"RCP8.5","period":"2060","key":"ID","value":10.8,"estimate":"q95"},{"bfs_id":2293,"rcp":"RCP8.5","period":"2085","key":"ID","value":2,"estimate":"q5"},{"bfs_id":2293,"rcp":"RCP8.5","period":"2085","key":"ID","value":3.8,"estimate":"q50"},{"bfs_id":2293,"rcp":"RCP8.5","period":"2085","key":"ID","value":6.4,"estimate":"q95"},{"bfs_id":2293,"rcp":"RCP2.6","period":"2035","key":"SD","value":49.8,"estimate":"q5"},{"bfs_id":2293,"rcp":"RCP2.6","period":"2035","key":"SD","value":56.6,"estimate":"q50"},{"bfs_id":2293,"rcp":"RCP2.6","period":"2035","key":"SD","value":65.2,"estimate":"q95"},{"bfs_id":2293,"rcp":"RCP2.6","period":"2060","key":"SD","value":50.4,"estimate":"q5"},{"bfs_id":2293,"rcp":"RCP2.6","period":"2060","key":"SD","value":57.7,"estimate":"q50"},{"bfs_id":2293,"rcp":"RCP2.6","period":"2060","key":"SD","value":65.1,"estimate":"q95"},{"bfs_id":2293,"rcp":"RCP2.6","period":"2085","key":"SD","value":50.9,"estimate":"q5"},{"bfs_id":2293,"rcp":"RCP2.6","period":"2085","key":"SD","value":57.9,"estimate":"q50"},{"bfs_id":2293,"rcp":"RCP2.6","period":"2085","key":"SD","value":64.7,"estimate":"q95"},{"bfs_id":2293,"rcp":"RCP8.5","period":"2035","key":"SD","value":52.8,"estimate":"q5"},{"bfs_id":2293,"rcp":"RCP8.5","period":"2035","key":"SD","value":58.8,"estimate":"q50"},{"bfs_id":2293,"rcp":"RCP8.5","period":"2035","key":"SD","value":66.2,"estimate":"q95"},{"bfs_id":2293,"rcp":"RCP8.5","period":"2060","key":"SD","value":68.2,"estimate":"q5"},{"bfs_id":2293,"rcp":"RCP8.5","period":"2060","key":"SD","value":75.3,"estimate":"q50"},{"bfs_id":2293,"rcp":"RCP8.5","period":"2060","key":"SD","value":88.8,"estimate":"q95"},{"bfs_id":2293,"rcp":"RCP8.5","period":"2085","key":"SD","value":83.8,"estimate":"q5"},{"bfs_id":2293,"rcp":"RCP8.5","period":"2085","key":"SD","value":96.1,"estimate":"q50"},{"bfs_id":2293,"rcp":"RCP8.5","period":"2085","key":"SD","value":115.8,"estimate":"q95"},{"bfs_id":2293,"rcp":"RCP2.6","period":"2035","key":"snowdays","value":12.8,"estimate":"q5"},{"bfs_id":2293,"rcp":"RCP2.6","period":"2035","key":"snowdays","value":18.9,"estimate":"q50"},{"bfs_id":2293,"rcp":"RCP2.6","period":"2035","key":"snowdays","value":23.7,"estimate":"q95"},{"bfs_id":2293,"rcp":"RCP2.6","period":"2060","key":"snowdays","value":12.3,"estimate":"q5"},{"bfs_id":2293,"rcp":"RCP2.6","period":"2060","key":"snowdays","value":17,"estimate":"q50"},{"bfs_id":2293,"rcp":"RCP2.6","period":"2060","key":"snowdays","value":23,"estimate":"q95"},{"bfs_id":2293,"rcp":"RCP2.6","period":"2085","key":"snowdays","value":12.1,"estimate":"q5"},{"bfs_id":2293,"rcp":"RCP2.6","period":"2085","key":"snowdays","value":17.5,"estimate":"q50"},{"bfs_id":2293,"rcp":"RCP2.6","period":"2085","key":"snowdays","value":23.1,"estimate":"q95"},{"bfs_id":2293,"rcp":"RCP8.5","period":"2035","key":"snowdays","value":10.6,"estimate":"q5"},{"bfs_id":2293,"rcp":"RCP8.5","period":"2035","key":"snowdays","value":16.8,"estimate":"q50"},{"bfs_id":2293,"rcp":"RCP8.5","period":"2035","key":"snowdays","value":22.1,"estimate":"q95"},{"bfs_id":2293,"rcp":"RCP8.5","period":"2060","key":"snowdays","value":8.2,"estimate":"q5"},{"bfs_id":2293,"rcp":"RCP8.5","period":"2060","key":"snowdays","value":12.8,"estimate":"q50"},{"bfs_id":2293,"rcp":"RCP8.5","period":"2060","key":"snowdays","value":15.6,"estimate":"q95"},{"bfs_id":2293,"rcp":"RCP8.5","period":"2085","key":"snowdays","value":3.8,"estimate":"q5"},{"bfs_id":2293,"rcp":"RCP8.5","period":"2085","key":"snowdays","value":6.9,"estimate":"q50"},{"bfs_id":2293,"rcp":"RCP8.5","period":"2085","key":"snowdays","value":13.2,"estimate":"q95"},{"bfs_id":2293,"rcp":"RCP2.6","period":"2035","key":"TN","value":0,"estimate":"q5"},{"bfs_id":2293,"rcp":"RCP2.6","period":"2035","key":"TN","value":0.3,"estimate":"q50"},{"bfs_id":2293,"rcp":"RCP2.6","period":"2035","key":"TN","value":0.9,"estimate":"q95"},{"bfs_id":2293,"rcp":"RCP2.6","period":"2060","key":"TN","value":0.1,"estimate":"q5"},{"bfs_id":2293,"rcp":"RCP2.6","period":"2060","key":"TN","value":0.4,"estimate":"q50"},{"bfs_id":2293,"rcp":"RCP2.6","period":"2060","key":"TN","value":1.1,"estimate":"q95"},{"bfs_id":2293,"rcp":"RCP2.6","period":"2085","key":"TN","value":0.1,"estimate":"q5"},{"bfs_id":2293,"rcp":"RCP2.6","period":"2085","key":"TN","value":0.4,"estimate":"q50"},{"bfs_id":2293,"rcp":"RCP2.6","period":"2085","key":"TN","value":1,"estimate":"q95"},{"bfs_id":2293,"rcp":"RCP8.5","period":"2035","key":"TN","value":0.2,"estimate":"q5"},{"bfs_id":2293,"rcp":"RCP8.5","period":"2035","key":"TN","value":0.5,"estimate":"q50"},{"bfs_id":2293,"rcp":"RCP8.5","period":"2035","key":"TN","value":1.8,"estimate":"q95"},{"bfs_id":2293,"rcp":"RCP8.5","period":"2060","key":"TN","value":0.9,"estimate":"q5"},{"bfs_id":2293,"rcp":"RCP8.5","period":"2060","key":"TN","value":2.5,"estimate":"q50"},{"bfs_id":2293,"rcp":"RCP8.5","period":"2060","key":"TN","value":5.8,"estimate":"q95"},{"bfs_id":2293,"rcp":"RCP8.5","period":"2085","key":"TN","value":5,"estimate":"q5"},{"bfs_id":2293,"rcp":"RCP8.5","period":"2085","key":"TN","value":8.8,"estimate":"q50"},{"bfs_id":2293,"rcp":"RCP8.5","period":"2085","key":"TN","value":24.8,"estimate":"q95"},{"bfs_id":2293,"rcp":"RCP2.6","period":"2035","key":"pr","value":2.2,"estimate":"q5","season":"DJF"},{"bfs_id":2293,"rcp":"RCP2.6","period":"2035","key":"pr","value":2.6,"estimate":"q5","season":"MAM"},{"bfs_id":2293,"rcp":"RCP2.6","period":"2035","key":"pr","value":2.4,"estimate":"q5","season":"JJA"},{"bfs_id":2293,"rcp":"RCP2.6","period":"2035","key":"pr","value":2.4,"estimate":"q5","season":"SON"},{"bfs_id":2293,"rcp":"RCP2.6","period":"2035","key":"pr","value":2.4,"estimate":"q50","season":"DJF"},{"bfs_id":2293,"rcp":"RCP2.6","period":"2035","key":"pr","value":2.9,"estimate":"q50","season":"MAM"},{"bfs_id":2293,"rcp":"RCP2.6","period":"2035","key":"pr","value":3.2,"estimate":"q50","season":"JJA"},{"bfs_id":2293,"rcp":"RCP2.6","period":"2035","key":"pr","value":2.7,"estimate":"q50","season":"SON"},{"bfs_id":2293,"rcp":"RCP2.6","period":"2035","key":"pr","value":2.9,"estimate":"q95","season":"DJF"},{"bfs_id":2293,"rcp":"RCP2.6","period":"2035","key":"pr","value":3.2,"estimate":"q95","season":"MAM"},{"bfs_id":2293,"rcp":"RCP2.6","period":"2035","key":"pr","value":3.6,"estimate":"q95","season":"JJA"},{"bfs_id":2293,"rcp":"RCP2.6","period":"2035","key":"pr","value":3.3,"estimate":"q95","season":"SON"},{"bfs_id":2293,"rcp":"RCP2.6","period":"2060","key":"pr","value":2.2,"estimate":"q5","season":"DJF"},{"bfs_id":2293,"rcp":"RCP2.6","period":"2060","key":"pr","value":2.7,"estimate":"q5","season":"MAM"},{"bfs_id":2293,"rcp":"RCP2.6","period":"2060","key":"pr","value":2.6,"estimate":"q5","season":"JJA"},{"bfs_id":2293,"rcp":"RCP2.6","period":"2060","key":"pr","value":2.6,"estimate":"q5","season":"SON"},{"bfs_id":2293,"rcp":"RCP2.6","period":"2060","key":"pr","value":2.5,"estimate":"q50","season":"DJF"},{"bfs_id":2293,"rcp":"RCP2.6","period":"2060","key":"pr","value":2.9,"estimate":"q50","season":"MAM"},{"bfs_id":2293,"rcp":"RCP2.6","period":"2060","key":"pr","value":3.1,"estimate":"q50","season":"JJA"},{"bfs_id":2293,"rcp":"RCP2.6","period":"2060","key":"pr","value":2.8,"estimate":"q50","season":"SON"},{"bfs_id":2293,"rcp":"RCP2.6","period":"2060","key":"pr","value":2.7,"estimate":"q95","season":"DJF"},{"bfs_id":2293,"rcp":"RCP2.6","period":"2060","key":"pr","value":3.2,"estimate":"q95","season":"MAM"},{"bfs_id":2293,"rcp":"RCP2.6","period":"2060","key":"pr","value":3.7,"estimate":"q95","season":"JJA"},{"bfs_id":2293,"rcp":"RCP2.6","period":"2060","key":"pr","value":3.1,"estimate":"q95","season":"SON"},{"bfs_id":2293,"rcp":"RCP2.6","period":"2085","key":"pr","value":2.2,"estimate":"q5","season":"DJF"},{"bfs_id":2293,"rcp":"RCP2.6","period":"2085","key":"pr","value":2.7,"estimate":"q5","season":"MAM"},{"bfs_id":2293,"rcp":"RCP2.6","period":"2085","key":"pr","value":2.6,"estimate":"q5","season":"JJA"},{"bfs_id":2293,"rcp":"RCP2.6","period":"2085","key":"pr","value":2.4,"estimate":"q5","season":"SON"},{"bfs_id":2293,"rcp":"RCP2.6","period":"2085","key":"pr","value":2.5,"estimate":"q50","season":"DJF"},{"bfs_id":2293,"rcp":"RCP2.6","period":"2085","key":"pr","value":2.9,"estimate":"q50","season":"MAM"},{"bfs_id":2293,"rcp":"RCP2.6","period":"2085","key":"pr","value":3.2,"estimate":"q50","season":"JJA"},{"bfs_id":2293,"rcp":"RCP2.6","period":"2085","key":"pr","value":2.8,"estimate":"q50","season":"SON"},{"bfs_id":2293,"rcp":"RCP2.6","period":"2085","key":"pr","value":2.8,"estimate":"q95","season":"DJF"},{"bfs_id":2293,"rcp":"RCP2.6","period":"2085","key":"pr","value":3.2,"estimate":"q95","season":"MAM"},{"bfs_id":2293,"rcp":"RCP2.6","period":"2085","key":"pr","value":3.6,"estimate":"q95","season":"JJA"},{"bfs_id":2293,"rcp":"RCP2.6","period":"2085","key":"pr","value":3.1,"estimate":"q95","season":"SON"},{"bfs_id":2293,"rcp":"RCP8.5","period":"2035","key":"pr","value":2.2,"estimate":"q5","season":"DJF"},{"bfs_id":2293,"rcp":"RCP8.5","period":"2035","key":"pr","value":2.8,"estimate":"q5","season":"MAM"},{"bfs_id":2293,"rcp":"RCP8.5","period":"2035","key":"pr","value":2.3,"estimate":"q5","season":"JJA"},{"bfs_id":2293,"rcp":"RCP8.5","period":"2035","key":"pr","value":2.5,"estimate":"q5","season":"SON"},{"bfs_id":2293,"rcp":"RCP8.5","period":"2035","key":"pr","value":2.6,"estimate":"q50","season":"DJF"},{"bfs_id":2293,"rcp":"RCP8.5","period":"2035","key":"pr","value":3,"estimate":"q50","season":"MAM"},{"bfs_id":2293,"rcp":"RCP8.5","period":"2035","key":"pr","value":3.2,"estimate":"q50","season":"JJA"},{"bfs_id":2293,"rcp":"RCP8.5","period":"2035","key":"pr","value":2.9,"estimate":"q50","season":"SON"},{"bfs_id":2293,"rcp":"RCP8.5","period":"2035","key":"pr","value":2.8,"estimate":"q95","season":"DJF"},{"bfs_id":2293,"rcp":"RCP8.5","period":"2035","key":"pr","value":3.3,"estimate":"q95","season":"MAM"},{"bfs_id":2293,"rcp":"RCP8.5","period":"2035","key":"pr","value":3.6,"estimate":"q95","season":"JJA"},{"bfs_id":2293,"rcp":"RCP8.5","period":"2035","key":"pr","value":3.4,"estimate":"q95","season":"SON"},{"bfs_id":2293,"rcp":"RCP8.5","period":"2060","key":"pr","value":2.3,"estimate":"q5","season":"DJF"},{"bfs_id":2293,"rcp":"RCP8.5","period":"2060","key":"pr","value":2.9,"estimate":"q5","season":"MAM"},{"bfs_id":2293,"rcp":"RCP8.5","period":"2060","key":"pr","value":2,"estimate":"q5","season":"JJA"},{"bfs_id":2293,"rcp":"RCP8.5","period":"2060","key":"pr","value":2.4,"estimate":"q5","season":"SON"},{"bfs_id":2293,"rcp":"RCP8.5","period":"2060","key":"pr","value":2.6,"estimate":"q50","season":"DJF"},{"bfs_id":2293,"rcp":"RCP8.5","period":"2060","key":"pr","value":3.1,"estimate":"q50","season":"MAM"},{"bfs_id":2293,"rcp":"RCP8.5","period":"2060","key":"pr","value":3.1,"estimate":"q50","season":"JJA"},{"bfs_id":2293,"rcp":"RCP8.5","period":"2060","key":"pr","value":2.9,"estimate":"q50","season":"SON"},{"bfs_id":2293,"rcp":"RCP8.5","period":"2060","key":"pr","value":2.9,"estimate":"q95","season":"DJF"},{"bfs_id":2293,"rcp":"RCP8.5","period":"2060","key":"pr","value":3.4,"estimate":"q95","season":"MAM"},{"bfs_id":2293,"rcp":"RCP8.5","period":"2060","key":"pr","value":3.3,"estimate":"q95","season":"JJA"},{"bfs_id":2293,"rcp":"RCP8.5","period":"2060","key":"pr","value":3.2,"estimate":"q95","season":"SON"},{"bfs_id":2293,"rcp":"RCP8.5","period":"2085","key":"pr","value":2.6,"estimate":"q5","season":"DJF"},{"bfs_id":2293,"rcp":"RCP8.5","period":"2085","key":"pr","value":2.8,"estimate":"q5","season":"MAM"},{"bfs_id":2293,"rcp":"RCP8.5","period":"2085","key":"pr","value":1.5,"estimate":"q5","season":"JJA"},{"bfs_id":2293,"rcp":"RCP8.5","period":"2085","key":"pr","value":2.3,"estimate":"q5","season":"SON"},{"bfs_id":2293,"rcp":"RCP8.5","period":"2085","key":"pr","value":2.8,"estimate":"q50","season":"DJF"},{"bfs_id":2293,"rcp":"RCP8.5","period":"2085","key":"pr","value":3.2,"estimate":"q50","season":"MAM"},{"bfs_id":2293,"rcp":"RCP8.5","period":"2085","key":"pr","value":2.6,"estimate":"q50","season":"JJA"},{"bfs_id":2293,"rcp":"RCP8.5","period":"2085","key":"pr","value":2.8,"estimate":"q50","season":"SON"},{"bfs_id":2293,"rcp":"RCP8.5","period":"2085","key":"pr","value":3.2,"estimate":"q95","season":"DJF"},{"bfs_id":2293,"rcp":"RCP8.5","period":"2085","key":"pr","value":3.6,"estimate":"q95","season":"MAM"},{"bfs_id":2293,"rcp":"RCP8.5","period":"2085","key":"pr","value":3.3,"estimate":"q95","season":"JJA"},{"bfs_id":2293,"rcp":"RCP8.5","period":"2085","key":"pr","value":3.4,"estimate":"q95","season":"SON"},{"bfs_id":2293,"rcp":"RCP2.6","period":"2035","key":"tas","value":1.4,"estimate":"q5","season":"DJF"},{"bfs_id":2293,"rcp":"RCP2.6","period":"2035","key":"tas","value":8.7,"estimate":"q5","season":"MAM"},{"bfs_id":2293,"rcp":"RCP2.6","period":"2035","key":"tas","value":17.9,"estimate":"q5","season":"JJA"},{"bfs_id":2293,"rcp":"RCP2.6","period":"2035","key":"tas","value":9.9,"estimate":"q5","season":"SON"},{"bfs_id":2293,"rcp":"RCP2.6","period":"2035","key":"tas","value":1.8,"estimate":"q50","season":"DJF"},{"bfs_id":2293,"rcp":"RCP2.6","period":"2035","key":"tas","value":9.3,"estimate":"q50","season":"MAM"},{"bfs_id":2293,"rcp":"RCP2.6","period":"2035","key":"tas","value":18.5,"estimate":"q50","season":"JJA"},{"bfs_id":2293,"rcp":"RCP2.6","period":"2035","key":"tas","value":10.2,"estimate":"q50","season":"SON"},{"bfs_id":2293,"rcp":"RCP2.6","period":"2035","key":"tas","value":2.6,"estimate":"q95","season":"DJF"},{"bfs_id":2293,"rcp":"RCP2.6","period":"2035","key":"tas","value":9.6,"estimate":"q95","season":"MAM"},{"bfs_id":2293,"rcp":"RCP2.6","period":"2035","key":"tas","value":19.2,"estimate":"q95","season":"JJA"},{"bfs_id":2293,"rcp":"RCP2.6","period":"2035","key":"tas","value":11,"estimate":"q95","season":"SON"},{"bfs_id":2293,"rcp":"RCP2.6","period":"2060","key":"tas","value":1.3,"estimate":"q5","season":"DJF"},{"bfs_id":2293,"rcp":"RCP2.6","period":"2060","key":"tas","value":8.6,"estimate":"q5","season":"MAM"},{"bfs_id":2293,"rcp":"RCP2.6","period":"2060","key":"tas","value":18.2,"estimate":"q5","season":"JJA"},{"bfs_id":2293,"rcp":"RCP2.6","period":"2060","key":"tas","value":10.1,"estimate":"q5","season":"SON"},{"bfs_id":2293,"rcp":"RCP2.6","period":"2060","key":"tas","value":2.2,"estimate":"q50","season":"DJF"},{"bfs_id":2293,"rcp":"RCP2.6","period":"2060","key":"tas","value":9.3,"estimate":"q50","season":"MAM"},{"bfs_id":2293,"rcp":"RCP2.6","period":"2060","key":"tas","value":18.6,"estimate":"q50","season":"JJA"},{"bfs_id":2293,"rcp":"RCP2.6","period":"2060","key":"tas","value":10.5,"estimate":"q50","season":"SON"},{"bfs_id":2293,"rcp":"RCP2.6","period":"2060","key":"tas","value":2.7,"estimate":"q95","season":"DJF"},{"bfs_id":2293,"rcp":"RCP2.6","period":"2060","key":"tas","value":9.8,"estimate":"q95","season":"MAM"},{"bfs_id":2293,"rcp":"RCP2.6","period":"2060","key":"tas","value":19.3,"estimate":"q95","season":"JJA"},{"bfs_id":2293,"rcp":"RCP2.6","period":"2060","key":"tas","value":11.5,"estimate":"q95","season":"SON"},{"bfs_id":2293,"rcp":"RCP2.6","period":"2085","key":"tas","value":1.4,"estimate":"q5","season":"DJF"},{"bfs_id":2293,"rcp":"RCP2.6","period":"2085","key":"tas","value":8.7,"estimate":"q5","season":"MAM"},{"bfs_id":2293,"rcp":"RCP2.6","period":"2085","key":"tas","value":18.1,"estimate":"q5","season":"JJA"},{"bfs_id":2293,"rcp":"RCP2.6","period":"2085","key":"tas","value":9.9,"estimate":"q5","season":"SON"},{"bfs_id":2293,"rcp":"RCP2.6","period":"2085","key":"tas","value":2.1,"estimate":"q50","season":"DJF"},{"bfs_id":2293,"rcp":"RCP2.6","period":"2085","key":"tas","value":9.4,"estimate":"q50","season":"MAM"},{"bfs_id":2293,"rcp":"RCP2.6","period":"2085","key":"tas","value":18.6,"estimate":"q50","season":"JJA"},{"bfs_id":2293,"rcp":"RCP2.6","period":"2085","key":"tas","value":10.4,"estimate":"q50","season":"SON"},{"bfs_id":2293,"rcp":"RCP2.6","period":"2085","key":"tas","value":2.8,"estimate":"q95","season":"DJF"},{"bfs_id":2293,"rcp":"RCP2.6","period":"2085","key":"tas","value":9.9,"estimate":"q95","season":"MAM"},{"bfs_id":2293,"rcp":"RCP2.6","period":"2085","key":"tas","value":19.2,"estimate":"q95","season":"JJA"},{"bfs_id":2293,"rcp":"RCP2.6","period":"2085","key":"tas","value":11.4,"estimate":"q95","season":"SON"},{"bfs_id":2293,"rcp":"RCP8.5","period":"2035","key":"tas","value":1.2,"estimate":"q5","season":"DJF"},{"bfs_id":2293,"rcp":"RCP8.5","period":"2035","key":"tas","value":8.9,"estimate":"q5","season":"MAM"},{"bfs_id":2293,"rcp":"RCP8.5","period":"2035","key":"tas","value":18.4,"estimate":"q5","season":"JJA"},{"bfs_id":2293,"rcp":"RCP8.5","period":"2035","key":"tas","value":10.2,"estimate":"q5","season":"SON"},{"bfs_id":2293,"rcp":"RCP8.5","period":"2035","key":"tas","value":2.2,"estimate":"q50","season":"DJF"},{"bfs_id":2293,"rcp":"RCP8.5","period":"2035","key":"tas","value":9.3,"estimate":"q50","season":"MAM"},{"bfs_id":2293,"rcp":"RCP8.5","period":"2035","key":"tas","value":18.8,"estimate":"q50","season":"JJA"},{"bfs_id":2293,"rcp":"RCP8.5","period":"2035","key":"tas","value":10.6,"estimate":"q50","season":"SON"},{"bfs_id":2293,"rcp":"RCP8.5","period":"2035","key":"tas","value":2.6,"estimate":"q95","season":"DJF"},{"bfs_id":2293,"rcp":"RCP8.5","period":"2035","key":"tas","value":9.7,"estimate":"q95","season":"MAM"},{"bfs_id":2293,"rcp":"RCP8.5","period":"2035","key":"tas","value":19.4,"estimate":"q95","season":"JJA"},{"bfs_id":2293,"rcp":"RCP8.5","period":"2035","key":"tas","value":11.4,"estimate":"q95","season":"SON"},{"bfs_id":2293,"rcp":"RCP8.5","period":"2060","key":"tas","value":2.5,"estimate":"q5","season":"DJF"},{"bfs_id":2293,"rcp":"RCP8.5","period":"2060","key":"tas","value":9.7,"estimate":"q5","season":"MAM"},{"bfs_id":2293,"rcp":"RCP8.5","period":"2060","key":"tas","value":19.4,"estimate":"q5","season":"JJA"},{"bfs_id":2293,"rcp":"RCP8.5","period":"2060","key":"tas","value":11.2,"estimate":"q5","season":"SON"},{"bfs_id":2293,"rcp":"RCP8.5","period":"2060","key":"tas","value":3,"estimate":"q50","season":"DJF"},{"bfs_id":2293,"rcp":"RCP8.5","period":"2060","key":"tas","value":10.3,"estimate":"q50","season":"MAM"},{"bfs_id":2293,"rcp":"RCP8.5","period":"2060","key":"tas","value":19.9,"estimate":"q50","season":"JJA"},{"bfs_id":2293,"rcp":"RCP8.5","period":"2060","key":"tas","value":11.8,"estimate":"q50","season":"SON"},{"bfs_id":2293,"rcp":"RCP8.5","period":"2060","key":"tas","value":3.8,"estimate":"q95","season":"DJF"},{"bfs_id":2293,"rcp":"RCP8.5","period":"2060","key":"tas","value":10.8,"estimate":"q95","season":"MAM"},{"bfs_id":2293,"rcp":"RCP8.5","period":"2060","key":"tas","value":21,"estimate":"q95","season":"JJA"},{"bfs_id":2293,"rcp":"RCP8.5","period":"2060","key":"tas","value":12.7,"estimate":"q95","season":"SON"},{"bfs_id":2293,"rcp":"RCP8.5","period":"2085","key":"tas","value":3.8,"estimate":"q5","season":"DJF"},{"bfs_id":2293,"rcp":"RCP8.5","period":"2085","key":"tas","value":10.7,"estimate":"q5","season":"MAM"},{"bfs_id":2293,"rcp":"RCP8.5","period":"2085","key":"tas","value":20.8,"estimate":"q5","season":"JJA"},{"bfs_id":2293,"rcp":"RCP8.5","period":"2085","key":"tas","value":12.3,"estimate":"q5","season":"SON"},{"bfs_id":2293,"rcp":"RCP8.5","period":"2085","key":"tas","value":4.9,"estimate":"q50","season":"DJF"},{"bfs_id":2293,"rcp":"RCP8.5","period":"2085","key":"tas","value":11.6,"estimate":"q50","season":"MAM"},{"bfs_id":2293,"rcp":"RCP8.5","period":"2085","key":"tas","value":21.5,"estimate":"q50","season":"JJA"},{"bfs_id":2293,"rcp":"RCP8.5","period":"2085","key":"tas","value":13.2,"estimate":"q50","season":"SON"},{"bfs_id":2293,"rcp":"RCP8.5","period":"2085","key":"tas","value":5.8,"estimate":"q95","season":"DJF"},{"bfs_id":2293,"rcp":"RCP8.5","period":"2085","key":"tas","value":12.6,"estimate":"q95","season":"MAM"},{"bfs_id":2293,"rcp":"RCP8.5","period":"2085","key":"tas","value":24,"estimate":"q95","season":"JJA"},{"bfs_id":2293,"rcp":"RCP8.5","period":"2085","key":"tas","value":14.8,"estimate":"q95","season":"SON"},{"bfs_id":2293,"rcp":"obs","period":"1981-2010","key":"FD","value":96.1,"estimate":"yearly_mean"},{"bfs_id":2293,"rcp":"obs","period":"1981-2010","key":"HD","value":6.1,"estimate":"yearly_mean"},{"bfs_id":2293,"rcp":"obs","period":"1981-2010","key":"ID","value":19.4,"estimate":"yearly_mean"},{"bfs_id":2293,"rcp":"obs","period":"1981-2010","key":"SD","value":43,"estimate":"yearly_mean"},{"bfs_id":2293,"rcp":"obs","period":"1981-2010","key":"snowdays","value":18.3,"estimate":"yearly_mean"},{"bfs_id":2293,"rcp":"obs","period":"1981-2010","key":"TN","value":0,"estimate":"yearly_mean"},{"bfs_id":2293,"rcp":"obs","period":"1981-2010","key":"pr","value":2.2,"estimate":"mean","season":"DJF"},{"bfs_id":2293,"rcp":"obs","period":"1981-2010","key":"pr","value":2.9,"estimate":"mean","season":"MAM"},{"bfs_id":2293,"rcp":"obs","period":"1981-2010","key":"pr","value":3.5,"estimate":"mean","season":"JJA"},{"bfs_id":2293,"rcp":"obs","period":"1981-2010","key":"pr","value":2.9,"estimate":"mean","season":"SON"},{"bfs_id":2293,"rcp":"obs","period":"1981-2010","key":"tas","value":0.7,"estimate":"mean","season":"DJF"},{"bfs_id":2293,"rcp":"obs","period":"1981-2010","key":"tas","value":8.6,"estimate":"mean","season":"MAM"},{"bfs_id":2293,"rcp":"obs","period":"1981-2010","key":"tas","value":17.5,"estimate":"mean","season":"JJA"},{"bfs_id":2293,"rcp":"obs","period":"1981-2010","key":"tas","value":9.1,"estimate":"mean","season":"SON"}]
