[{"bfs_id":6177,"rcp":"RCP2.6","period":"2035","key":"FD","value":116.8,"estimate":"q5"},{"bfs_id":6177,"rcp":"RCP2.6","period":"2035","key":"FD","value":129,"estimate":"q50"},{"bfs_id":6177,"rcp":"RCP2.6","period":"2035","key":"FD","value":136.9,"estimate":"q95"},{"bfs_id":6177,"rcp":"RCP2.6","period":"2060","key":"FD","value":116,"estimate":"q5"},{"bfs_id":6177,"rcp":"RCP2.6","period":"2060","key":"FD","value":125.9,"estimate":"q50"},{"bfs_id":6177,"rcp":"RCP2.6","period":"2060","key":"FD","value":135.2,"estimate":"q95"},{"bfs_id":6177,"rcp":"RCP2.6","period":"2085","key":"FD","value":115.1,"estimate":"q5"},{"bfs_id":6177,"rcp":"RCP2.6","period":"2085","key":"FD","value":127.3,"estimate":"q50"},{"bfs_id":6177,"rcp":"RCP2.6","period":"2085","key":"FD","value":135.8,"estimate":"q95"},{"bfs_id":6177,"rcp":"RCP8.5","period":"2035","key":"FD","value":116.2,"estimate":"q5"},{"bfs_id":6177,"rcp":"RCP8.5","period":"2035","key":"FD","value":124.5,"estimate":"q50"},{"bfs_id":6177,"rcp":"RCP8.5","period":"2035","key":"FD","value":133,"estimate":"q95"},{"bfs_id":6177,"rcp":"RCP8.5","period":"2060","key":"FD","value":98.5,"estimate":"q5"},{"bfs_id":6177,"rcp":"RCP8.5","period":"2060","key":"FD","value":106.6,"estimate":"q50"},{"bfs_id":6177,"rcp":"RCP8.5","period":"2060","key":"FD","value":117.5,"estimate":"q95"},{"bfs_id":6177,"rcp":"RCP8.5","period":"2085","key":"FD","value":73.4,"estimate":"q5"},{"bfs_id":6177,"rcp":"RCP8.5","period":"2085","key":"FD","value":87.3,"estimate":"q50"},{"bfs_id":6177,"rcp":"RCP8.5","period":"2085","key":"FD","value":98.3,"estimate":"q95"},{"bfs_id":6177,"rcp":"RCP2.6","period":"2035","key":"HD","value":1.1,"estimate":"q5"},{"bfs_id":6177,"rcp":"RCP2.6","period":"2035","key":"HD","value":2.1,"estimate":"q50"},{"bfs_id":6177,"rcp":"RCP2.6","period":"2035","key":"HD","value":3.2,"estimate":"q95"},{"bfs_id":6177,"rcp":"RCP2.6","period":"2060","key":"HD","value":1.1,"estimate":"q5"},{"bfs_id":6177,"rcp":"RCP2.6","period":"2060","key":"HD","value":2.4,"estimate":"q50"},{"bfs_id":6177,"rcp":"RCP2.6","period":"2060","key":"HD","value":4.9,"estimate":"q95"},{"bfs_id":6177,"rcp":"RCP2.6","period":"2085","key":"HD","value":1.2,"estimate":"q5"},{"bfs_id":6177,"rcp":"RCP2.6","period":"2085","key":"HD","value":2.2,"estimate":"q50"},{"bfs_id":6177,"rcp":"RCP2.6","period":"2085","key":"HD","value":4.5,"estimate":"q95"},{"bfs_id":6177,"rcp":"RCP8.5","period":"2035","key":"HD","value":1.1,"estimate":"q5"},{"bfs_id":6177,"rcp":"RCP8.5","period":"2035","key":"HD","value":2.8,"estimate":"q50"},{"bfs_id":6177,"rcp":"RCP8.5","period":"2035","key":"HD","value":7.3,"estimate":"q95"},{"bfs_id":6177,"rcp":"RCP8.5","period":"2060","key":"HD","value":3.7,"estimate":"q5"},{"bfs_id":6177,"rcp":"RCP8.5","period":"2060","key":"HD","value":9,"estimate":"q50"},{"bfs_id":6177,"rcp":"RCP8.5","period":"2060","key":"HD","value":24.2,"estimate":"q95"},{"bfs_id":6177,"rcp":"RCP8.5","period":"2085","key":"HD","value":12.4,"estimate":"q5"},{"bfs_id":6177,"rcp":"RCP8.5","period":"2085","key":"HD","value":20.8,"estimate":"q50"},{"bfs_id":6177,"rcp":"RCP8.5","period":"2085","key":"HD","value":57.5,"estimate":"q95"},{"bfs_id":6177,"rcp":"RCP2.6","period":"2035","key":"ID","value":15.7,"estimate":"q5"},{"bfs_id":6177,"rcp":"RCP2.6","period":"2035","key":"ID","value":19.6,"estimate":"q50"},{"bfs_id":6177,"rcp":"RCP2.6","period":"2035","key":"ID","value":22.3,"estimate":"q95"},{"bfs_id":6177,"rcp":"RCP2.6","period":"2060","key":"ID","value":16.5,"estimate":"q5"},{"bfs_id":6177,"rcp":"RCP2.6","period":"2060","key":"ID","value":18.4,"estimate":"q50"},{"bfs_id":6177,"rcp":"RCP2.6","period":"2060","key":"ID","value":22.9,"estimate":"q95"},{"bfs_id":6177,"rcp":"RCP2.6","period":"2085","key":"ID","value":14.6,"estimate":"q5"},{"bfs_id":6177,"rcp":"RCP2.6","period":"2085","key":"ID","value":19.3,"estimate":"q50"},{"bfs_id":6177,"rcp":"RCP2.6","period":"2085","key":"ID","value":22.5,"estimate":"q95"},{"bfs_id":6177,"rcp":"RCP8.5","period":"2035","key":"ID","value":14.7,"estimate":"q5"},{"bfs_id":6177,"rcp":"RCP8.5","period":"2035","key":"ID","value":18.1,"estimate":"q50"},{"bfs_id":6177,"rcp":"RCP8.5","period":"2035","key":"ID","value":21.2,"estimate":"q95"},{"bfs_id":6177,"rcp":"RCP8.5","period":"2060","key":"ID","value":9.5,"estimate":"q5"},{"bfs_id":6177,"rcp":"RCP8.5","period":"2060","key":"ID","value":13.4,"estimate":"q50"},{"bfs_id":6177,"rcp":"RCP8.5","period":"2060","key":"ID","value":15.4,"estimate":"q95"},{"bfs_id":6177,"rcp":"RCP8.5","period":"2085","key":"ID","value":3.7,"estimate":"q5"},{"bfs_id":6177,"rcp":"RCP8.5","period":"2085","key":"ID","value":6.6,"estimate":"q50"},{"bfs_id":6177,"rcp":"RCP8.5","period":"2085","key":"ID","value":9.5,"estimate":"q95"},{"bfs_id":6177,"rcp":"RCP2.6","period":"2035","key":"SD","value":26.1,"estimate":"q5"},{"bfs_id":6177,"rcp":"RCP2.6","period":"2035","key":"SD","value":34.2,"estimate":"q50"},{"bfs_id":6177,"rcp":"RCP2.6","period":"2035","key":"SD","value":42.9,"estimate":"q95"},{"bfs_id":6177,"rcp":"RCP2.6","period":"2060","key":"SD","value":30.5,"estimate":"q5"},{"bfs_id":6177,"rcp":"RCP2.6","period":"2060","key":"SD","value":36.5,"estimate":"q50"},{"bfs_id":6177,"rcp":"RCP2.6","period":"2060","key":"SD","value":44.1,"estimate":"q95"},{"bfs_id":6177,"rcp":"RCP2.6","period":"2085","key":"SD","value":29.7,"estimate":"q5"},{"bfs_id":6177,"rcp":"RCP2.6","period":"2085","key":"SD","value":34.8,"estimate":"q50"},{"bfs_id":6177,"rcp":"RCP2.6","period":"2085","key":"SD","value":43.3,"estimate":"q95"},{"bfs_id":6177,"rcp":"RCP8.5","period":"2035","key":"SD","value":33.4,"estimate":"q5"},{"bfs_id":6177,"rcp":"RCP8.5","period":"2035","key":"SD","value":37.6,"estimate":"q50"},{"bfs_id":6177,"rcp":"RCP8.5","period":"2035","key":"SD","value":45.1,"estimate":"q95"},{"bfs_id":6177,"rcp":"RCP8.5","period":"2060","key":"SD","value":47.5,"estimate":"q5"},{"bfs_id":6177,"rcp":"RCP8.5","period":"2060","key":"SD","value":53.8,"estimate":"q50"},{"bfs_id":6177,"rcp":"RCP8.5","period":"2060","key":"SD","value":75.9,"estimate":"q95"},{"bfs_id":6177,"rcp":"RCP8.5","period":"2085","key":"SD","value":67.4,"estimate":"q5"},{"bfs_id":6177,"rcp":"RCP8.5","period":"2085","key":"SD","value":81.6,"estimate":"q50"},{"bfs_id":6177,"rcp":"RCP8.5","period":"2085","key":"SD","value":117.4,"estimate":"q95"},{"bfs_id":6177,"rcp":"RCP2.6","period":"2035","key":"snowdays","value":16.4,"estimate":"q5"},{"bfs_id":6177,"rcp":"RCP2.6","period":"2035","key":"snowdays","value":23.2,"estimate":"q50"},{"bfs_id":6177,"rcp":"RCP2.6","period":"2035","key":"snowdays","value":29.7,"estimate":"q95"},{"bfs_id":6177,"rcp":"RCP2.6","period":"2060","key":"snowdays","value":15.9,"estimate":"q5"},{"bfs_id":6177,"rcp":"RCP2.6","period":"2060","key":"snowdays","value":22.4,"estimate":"q50"},{"bfs_id":6177,"rcp":"RCP2.6","period":"2060","key":"snowdays","value":28.5,"estimate":"q95"},{"bfs_id":6177,"rcp":"RCP2.6","period":"2085","key":"snowdays","value":16.3,"estimate":"q5"},{"bfs_id":6177,"rcp":"RCP2.6","period":"2085","key":"snowdays","value":22.5,"estimate":"q50"},{"bfs_id":6177,"rcp":"RCP2.6","period":"2085","key":"snowdays","value":29.3,"estimate":"q95"},{"bfs_id":6177,"rcp":"RCP8.5","period":"2035","key":"snowdays","value":15.8,"estimate":"q5"},{"bfs_id":6177,"rcp":"RCP8.5","period":"2035","key":"snowdays","value":21.2,"estimate":"q50"},{"bfs_id":6177,"rcp":"RCP8.5","period":"2035","key":"snowdays","value":28.6,"estimate":"q95"},{"bfs_id":6177,"rcp":"RCP8.5","period":"2060","key":"snowdays","value":12.1,"estimate":"q5"},{"bfs_id":6177,"rcp":"RCP8.5","period":"2060","key":"snowdays","value":17,"estimate":"q50"},{"bfs_id":6177,"rcp":"RCP8.5","period":"2060","key":"snowdays","value":24.1,"estimate":"q95"},{"bfs_id":6177,"rcp":"RCP8.5","period":"2085","key":"snowdays","value":7.6,"estimate":"q5"},{"bfs_id":6177,"rcp":"RCP8.5","period":"2085","key":"snowdays","value":13.2,"estimate":"q50"},{"bfs_id":6177,"rcp":"RCP8.5","period":"2085","key":"snowdays","value":18.9,"estimate":"q95"},{"bfs_id":6177,"rcp":"RCP2.6","period":"2035","key":"TN","value":0,"estimate":"q5"},{"bfs_id":6177,"rcp":"RCP2.6","period":"2035","key":"TN","value":0,"estimate":"q50"},{"bfs_id":6177,"rcp":"RCP2.6","period":"2035","key":"TN","value":0,"estimate":"q95"},{"bfs_id":6177,"rcp":"RCP2.6","period":"2060","key":"TN","value":0,"estimate":"q5"},{"bfs_id":6177,"rcp":"RCP2.6","period":"2060","key":"TN","value":0,"estimate":"q50"},{"bfs_id":6177,"rcp":"RCP2.6","period":"2060","key":"TN","value":0,"estimate":"q95"},{"bfs_id":6177,"rcp":"RCP2.6","period":"2085","key":"TN","value":0,"estimate":"q5"},{"bfs_id":6177,"rcp":"RCP2.6","period":"2085","key":"TN","value":0,"estimate":"q50"},{"bfs_id":6177,"rcp":"RCP2.6","period":"2085","key":"TN","value":0,"estimate":"q95"},{"bfs_id":6177,"rcp":"RCP8.5","period":"2035","key":"TN","value":0,"estimate":"q5"},{"bfs_id":6177,"rcp":"RCP8.5","period":"2035","key":"TN","value":0,"estimate":"q50"},{"bfs_id":6177,"rcp":"RCP8.5","period":"2035","key":"TN","value":0,"estimate":"q95"},{"bfs_id":6177,"rcp":"RCP8.5","period":"2060","key":"TN","value":0,"estimate":"q5"},{"bfs_id":6177,"rcp":"RCP8.5","period":"2060","key":"TN","value":0.1,"estimate":"q50"},{"bfs_id":6177,"rcp":"RCP8.5","period":"2060","key":"TN","value":0.5,"estimate":"q95"},{"bfs_id":6177,"rcp":"RCP8.5","period":"2085","key":"TN","value":0.1,"estimate":"q5"},{"bfs_id":6177,"rcp":"RCP8.5","period":"2085","key":"TN","value":1.2,"estimate":"q50"},{"bfs_id":6177,"rcp":"RCP8.5","period":"2085","key":"TN","value":6.4,"estimate":"q95"},{"bfs_id":6177,"rcp":"RCP2.6","period":"2035","key":"pr","value":2,"estimate":"q5","season":"DJF"},{"bfs_id":6177,"rcp":"RCP2.6","period":"2035","key":"pr","value":2.4,"estimate":"q5","season":"MAM"},{"bfs_id":6177,"rcp":"RCP2.6","period":"2035","key":"pr","value":1.7,"estimate":"q5","season":"JJA"},{"bfs_id":6177,"rcp":"RCP2.6","period":"2035","key":"pr","value":2.4,"estimate":"q5","season":"SON"},{"bfs_id":6177,"rcp":"RCP2.6","period":"2035","key":"pr","value":2.4,"estimate":"q50","season":"DJF"},{"bfs_id":6177,"rcp":"RCP2.6","period":"2035","key":"pr","value":2.6,"estimate":"q50","season":"MAM"},{"bfs_id":6177,"rcp":"RCP2.6","period":"2035","key":"pr","value":2.2,"estimate":"q50","season":"JJA"},{"bfs_id":6177,"rcp":"RCP2.6","period":"2035","key":"pr","value":2.8,"estimate":"q50","season":"SON"},{"bfs_id":6177,"rcp":"RCP2.6","period":"2035","key":"pr","value":2.8,"estimate":"q95","season":"DJF"},{"bfs_id":6177,"rcp":"RCP2.6","period":"2035","key":"pr","value":3.1,"estimate":"q95","season":"MAM"},{"bfs_id":6177,"rcp":"RCP2.6","period":"2035","key":"pr","value":2.4,"estimate":"q95","season":"JJA"},{"bfs_id":6177,"rcp":"RCP2.6","period":"2035","key":"pr","value":3.5,"estimate":"q95","season":"SON"},{"bfs_id":6177,"rcp":"RCP2.6","period":"2060","key":"pr","value":2.1,"estimate":"q5","season":"DJF"},{"bfs_id":6177,"rcp":"RCP2.6","period":"2060","key":"pr","value":2.3,"estimate":"q5","season":"MAM"},{"bfs_id":6177,"rcp":"RCP2.6","period":"2060","key":"pr","value":1.8,"estimate":"q5","season":"JJA"},{"bfs_id":6177,"rcp":"RCP2.6","period":"2060","key":"pr","value":2.4,"estimate":"q5","season":"SON"},{"bfs_id":6177,"rcp":"RCP2.6","period":"2060","key":"pr","value":2.4,"estimate":"q50","season":"DJF"},{"bfs_id":6177,"rcp":"RCP2.6","period":"2060","key":"pr","value":2.6,"estimate":"q50","season":"MAM"},{"bfs_id":6177,"rcp":"RCP2.6","period":"2060","key":"pr","value":2.2,"estimate":"q50","season":"JJA"},{"bfs_id":6177,"rcp":"RCP2.6","period":"2060","key":"pr","value":2.7,"estimate":"q50","season":"SON"},{"bfs_id":6177,"rcp":"RCP2.6","period":"2060","key":"pr","value":2.8,"estimate":"q95","season":"DJF"},{"bfs_id":6177,"rcp":"RCP2.6","period":"2060","key":"pr","value":3.1,"estimate":"q95","season":"MAM"},{"bfs_id":6177,"rcp":"RCP2.6","period":"2060","key":"pr","value":2.6,"estimate":"q95","season":"JJA"},{"bfs_id":6177,"rcp":"RCP2.6","period":"2060","key":"pr","value":3.2,"estimate":"q95","season":"SON"},{"bfs_id":6177,"rcp":"RCP2.6","period":"2085","key":"pr","value":2.1,"estimate":"q5","season":"DJF"},{"bfs_id":6177,"rcp":"RCP2.6","period":"2085","key":"pr","value":2.3,"estimate":"q5","season":"MAM"},{"bfs_id":6177,"rcp":"RCP2.6","period":"2085","key":"pr","value":1.8,"estimate":"q5","season":"JJA"},{"bfs_id":6177,"rcp":"RCP2.6","period":"2085","key":"pr","value":2.4,"estimate":"q5","season":"SON"},{"bfs_id":6177,"rcp":"RCP2.6","period":"2085","key":"pr","value":2.4,"estimate":"q50","season":"DJF"},{"bfs_id":6177,"rcp":"RCP2.6","period":"2085","key":"pr","value":2.6,"estimate":"q50","season":"MAM"},{"bfs_id":6177,"rcp":"RCP2.6","period":"2085","key":"pr","value":2.2,"estimate":"q50","season":"JJA"},{"bfs_id":6177,"rcp":"RCP2.6","period":"2085","key":"pr","value":2.7,"estimate":"q50","season":"SON"},{"bfs_id":6177,"rcp":"RCP2.6","period":"2085","key":"pr","value":2.8,"estimate":"q95","season":"DJF"},{"bfs_id":6177,"rcp":"RCP2.6","period":"2085","key":"pr","value":3.1,"estimate":"q95","season":"MAM"},{"bfs_id":6177,"rcp":"RCP2.6","period":"2085","key":"pr","value":2.5,"estimate":"q95","season":"JJA"},{"bfs_id":6177,"rcp":"RCP2.6","period":"2085","key":"pr","value":3.1,"estimate":"q95","season":"SON"},{"bfs_id":6177,"rcp":"RCP8.5","period":"2035","key":"pr","value":2.2,"estimate":"q5","season":"DJF"},{"bfs_id":6177,"rcp":"RCP8.5","period":"2035","key":"pr","value":2.3,"estimate":"q5","season":"MAM"},{"bfs_id":6177,"rcp":"RCP8.5","period":"2035","key":"pr","value":1.8,"estimate":"q5","season":"JJA"},{"bfs_id":6177,"rcp":"RCP8.5","period":"2035","key":"pr","value":2.3,"estimate":"q5","season":"SON"},{"bfs_id":6177,"rcp":"RCP8.5","period":"2035","key":"pr","value":2.5,"estimate":"q50","season":"DJF"},{"bfs_id":6177,"rcp":"RCP8.5","period":"2035","key":"pr","value":2.7,"estimate":"q50","season":"MAM"},{"bfs_id":6177,"rcp":"RCP8.5","period":"2035","key":"pr","value":2.1,"estimate":"q50","season":"JJA"},{"bfs_id":6177,"rcp":"RCP8.5","period":"2035","key":"pr","value":2.6,"estimate":"q50","season":"SON"},{"bfs_id":6177,"rcp":"RCP8.5","period":"2035","key":"pr","value":2.8,"estimate":"q95","season":"DJF"},{"bfs_id":6177,"rcp":"RCP8.5","period":"2035","key":"pr","value":3.1,"estimate":"q95","season":"MAM"},{"bfs_id":6177,"rcp":"RCP8.5","period":"2035","key":"pr","value":2.6,"estimate":"q95","season":"JJA"},{"bfs_id":6177,"rcp":"RCP8.5","period":"2035","key":"pr","value":3.3,"estimate":"q95","season":"SON"},{"bfs_id":6177,"rcp":"RCP8.5","period":"2060","key":"pr","value":2.1,"estimate":"q5","season":"DJF"},{"bfs_id":6177,"rcp":"RCP8.5","period":"2060","key":"pr","value":2.3,"estimate":"q5","season":"MAM"},{"bfs_id":6177,"rcp":"RCP8.5","period":"2060","key":"pr","value":1.6,"estimate":"q5","season":"JJA"},{"bfs_id":6177,"rcp":"RCP8.5","period":"2060","key":"pr","value":2.4,"estimate":"q5","season":"SON"},{"bfs_id":6177,"rcp":"RCP8.5","period":"2060","key":"pr","value":2.5,"estimate":"q50","season":"DJF"},{"bfs_id":6177,"rcp":"RCP8.5","period":"2060","key":"pr","value":2.9,"estimate":"q50","season":"MAM"},{"bfs_id":6177,"rcp":"RCP8.5","period":"2060","key":"pr","value":2,"estimate":"q50","season":"JJA"},{"bfs_id":6177,"rcp":"RCP8.5","period":"2060","key":"pr","value":2.7,"estimate":"q50","season":"SON"},{"bfs_id":6177,"rcp":"RCP8.5","period":"2060","key":"pr","value":2.9,"estimate":"q95","season":"DJF"},{"bfs_id":6177,"rcp":"RCP8.5","period":"2060","key":"pr","value":3.3,"estimate":"q95","season":"MAM"},{"bfs_id":6177,"rcp":"RCP8.5","period":"2060","key":"pr","value":2.7,"estimate":"q95","season":"JJA"},{"bfs_id":6177,"rcp":"RCP8.5","period":"2060","key":"pr","value":3.3,"estimate":"q95","season":"SON"},{"bfs_id":6177,"rcp":"RCP8.5","period":"2085","key":"pr","value":2.3,"estimate":"q5","season":"DJF"},{"bfs_id":6177,"rcp":"RCP8.5","period":"2085","key":"pr","value":2.4,"estimate":"q5","season":"MAM"},{"bfs_id":6177,"rcp":"RCP8.5","period":"2085","key":"pr","value":1.3,"estimate":"q5","season":"JJA"},{"bfs_id":6177,"rcp":"RCP8.5","period":"2085","key":"pr","value":2.4,"estimate":"q5","season":"SON"},{"bfs_id":6177,"rcp":"RCP8.5","period":"2085","key":"pr","value":2.8,"estimate":"q50","season":"DJF"},{"bfs_id":6177,"rcp":"RCP8.5","period":"2085","key":"pr","value":3,"estimate":"q50","season":"MAM"},{"bfs_id":6177,"rcp":"RCP8.5","period":"2085","key":"pr","value":1.8,"estimate":"q50","season":"JJA"},{"bfs_id":6177,"rcp":"RCP8.5","period":"2085","key":"pr","value":2.9,"estimate":"q50","season":"SON"},{"bfs_id":6177,"rcp":"RCP8.5","period":"2085","key":"pr","value":3.2,"estimate":"q95","season":"DJF"},{"bfs_id":6177,"rcp":"RCP8.5","period":"2085","key":"pr","value":3.6,"estimate":"q95","season":"MAM"},{"bfs_id":6177,"rcp":"RCP8.5","period":"2085","key":"pr","value":2.5,"estimate":"q95","season":"JJA"},{"bfs_id":6177,"rcp":"RCP8.5","period":"2085","key":"pr","value":3.4,"estimate":"q95","season":"SON"},{"bfs_id":6177,"rcp":"RCP2.6","period":"2035","key":"tas","value":-1.3,"estimate":"q5","season":"DJF"},{"bfs_id":6177,"rcp":"RCP2.6","period":"2035","key":"tas","value":6.2,"estimate":"q5","season":"MAM"},{"bfs_id":6177,"rcp":"RCP2.6","period":"2035","key":"tas","value":15.8,"estimate":"q5","season":"JJA"},{"bfs_id":6177,"rcp":"RCP2.6","period":"2035","key":"tas","value":7.7,"estimate":"q5","season":"SON"},{"bfs_id":6177,"rcp":"RCP2.6","period":"2035","key":"tas","value":-0.7,"estimate":"q50","season":"DJF"},{"bfs_id":6177,"rcp":"RCP2.6","period":"2035","key":"tas","value":6.8,"estimate":"q50","season":"MAM"},{"bfs_id":6177,"rcp":"RCP2.6","period":"2035","key":"tas","value":16.7,"estimate":"q50","season":"JJA"},{"bfs_id":6177,"rcp":"RCP2.6","period":"2035","key":"tas","value":8.3,"estimate":"q50","season":"SON"},{"bfs_id":6177,"rcp":"RCP2.6","period":"2035","key":"tas","value":-0.3,"estimate":"q95","season":"DJF"},{"bfs_id":6177,"rcp":"RCP2.6","period":"2035","key":"tas","value":7.3,"estimate":"q95","season":"MAM"},{"bfs_id":6177,"rcp":"RCP2.6","period":"2035","key":"tas","value":17.5,"estimate":"q95","season":"JJA"},{"bfs_id":6177,"rcp":"RCP2.6","period":"2035","key":"tas","value":9,"estimate":"q95","season":"SON"},{"bfs_id":6177,"rcp":"RCP2.6","period":"2060","key":"tas","value":-1,"estimate":"q5","season":"DJF"},{"bfs_id":6177,"rcp":"RCP2.6","period":"2060","key":"tas","value":6.1,"estimate":"q5","season":"MAM"},{"bfs_id":6177,"rcp":"RCP2.6","period":"2060","key":"tas","value":16,"estimate":"q5","season":"JJA"},{"bfs_id":6177,"rcp":"RCP2.6","period":"2060","key":"tas","value":8.1,"estimate":"q5","season":"SON"},{"bfs_id":6177,"rcp":"RCP2.6","period":"2060","key":"tas","value":-0.4,"estimate":"q50","season":"DJF"},{"bfs_id":6177,"rcp":"RCP2.6","period":"2060","key":"tas","value":6.8,"estimate":"q50","season":"MAM"},{"bfs_id":6177,"rcp":"RCP2.6","period":"2060","key":"tas","value":16.9,"estimate":"q50","season":"JJA"},{"bfs_id":6177,"rcp":"RCP2.6","period":"2060","key":"tas","value":8.5,"estimate":"q50","season":"SON"},{"bfs_id":6177,"rcp":"RCP2.6","period":"2060","key":"tas","value":-0,"estimate":"q95","season":"DJF"},{"bfs_id":6177,"rcp":"RCP2.6","period":"2060","key":"tas","value":7.4,"estimate":"q95","season":"MAM"},{"bfs_id":6177,"rcp":"RCP2.6","period":"2060","key":"tas","value":17.8,"estimate":"q95","season":"JJA"},{"bfs_id":6177,"rcp":"RCP2.6","period":"2060","key":"tas","value":9.3,"estimate":"q95","season":"SON"},{"bfs_id":6177,"rcp":"RCP2.6","period":"2085","key":"tas","value":-1,"estimate":"q5","season":"DJF"},{"bfs_id":6177,"rcp":"RCP2.6","period":"2085","key":"tas","value":6.1,"estimate":"q5","season":"MAM"},{"bfs_id":6177,"rcp":"RCP2.6","period":"2085","key":"tas","value":15.9,"estimate":"q5","season":"JJA"},{"bfs_id":6177,"rcp":"RCP2.6","period":"2085","key":"tas","value":7.7,"estimate":"q5","season":"SON"},{"bfs_id":6177,"rcp":"RCP2.6","period":"2085","key":"tas","value":-0.6,"estimate":"q50","season":"DJF"},{"bfs_id":6177,"rcp":"RCP2.6","period":"2085","key":"tas","value":6.8,"estimate":"q50","season":"MAM"},{"bfs_id":6177,"rcp":"RCP2.6","period":"2085","key":"tas","value":16.8,"estimate":"q50","season":"JJA"},{"bfs_id":6177,"rcp":"RCP2.6","period":"2085","key":"tas","value":8.6,"estimate":"q50","season":"SON"},{"bfs_id":6177,"rcp":"RCP2.6","period":"2085","key":"tas","value":0.1,"estimate":"q95","season":"DJF"},{"bfs_id":6177,"rcp":"RCP2.6","period":"2085","key":"tas","value":7.4,"estimate":"q95","season":"MAM"},{"bfs_id":6177,"rcp":"RCP2.6","period":"2085","key":"tas","value":17.7,"estimate":"q95","season":"JJA"},{"bfs_id":6177,"rcp":"RCP2.6","period":"2085","key":"tas","value":9.2,"estimate":"q95","season":"SON"},{"bfs_id":6177,"rcp":"RCP8.5","period":"2035","key":"tas","value":-0.9,"estimate":"q5","season":"DJF"},{"bfs_id":6177,"rcp":"RCP8.5","period":"2035","key":"tas","value":6.5,"estimate":"q5","season":"MAM"},{"bfs_id":6177,"rcp":"RCP8.5","period":"2035","key":"tas","value":16.3,"estimate":"q5","season":"JJA"},{"bfs_id":6177,"rcp":"RCP8.5","period":"2035","key":"tas","value":8.2,"estimate":"q5","season":"SON"},{"bfs_id":6177,"rcp":"RCP8.5","period":"2035","key":"tas","value":-0.3,"estimate":"q50","season":"DJF"},{"bfs_id":6177,"rcp":"RCP8.5","period":"2035","key":"tas","value":6.8,"estimate":"q50","season":"MAM"},{"bfs_id":6177,"rcp":"RCP8.5","period":"2035","key":"tas","value":17.1,"estimate":"q50","season":"JJA"},{"bfs_id":6177,"rcp":"RCP8.5","period":"2035","key":"tas","value":8.6,"estimate":"q50","season":"SON"},{"bfs_id":6177,"rcp":"RCP8.5","period":"2035","key":"tas","value":-0,"estimate":"q95","season":"DJF"},{"bfs_id":6177,"rcp":"RCP8.5","period":"2035","key":"tas","value":7.5,"estimate":"q95","season":"MAM"},{"bfs_id":6177,"rcp":"RCP8.5","period":"2035","key":"tas","value":18.2,"estimate":"q95","season":"JJA"},{"bfs_id":6177,"rcp":"RCP8.5","period":"2035","key":"tas","value":9.5,"estimate":"q95","season":"SON"},{"bfs_id":6177,"rcp":"RCP8.5","period":"2060","key":"tas","value":0.1,"estimate":"q5","season":"DJF"},{"bfs_id":6177,"rcp":"RCP8.5","period":"2060","key":"tas","value":7.4,"estimate":"q5","season":"MAM"},{"bfs_id":6177,"rcp":"RCP8.5","period":"2060","key":"tas","value":17.5,"estimate":"q5","season":"JJA"},{"bfs_id":6177,"rcp":"RCP8.5","period":"2060","key":"tas","value":9.5,"estimate":"q5","season":"SON"},{"bfs_id":6177,"rcp":"RCP8.5","period":"2060","key":"tas","value":0.5,"estimate":"q50","season":"DJF"},{"bfs_id":6177,"rcp":"RCP8.5","period":"2060","key":"tas","value":8.1,"estimate":"q50","season":"MAM"},{"bfs_id":6177,"rcp":"RCP8.5","period":"2060","key":"tas","value":18.8,"estimate":"q50","season":"JJA"},{"bfs_id":6177,"rcp":"RCP8.5","period":"2060","key":"tas","value":10.4,"estimate":"q50","season":"SON"},{"bfs_id":6177,"rcp":"RCP8.5","period":"2060","key":"tas","value":1.1,"estimate":"q95","season":"DJF"},{"bfs_id":6177,"rcp":"RCP8.5","period":"2060","key":"tas","value":8.9,"estimate":"q95","season":"MAM"},{"bfs_id":6177,"rcp":"RCP8.5","period":"2060","key":"tas","value":20,"estimate":"q95","season":"JJA"},{"bfs_id":6177,"rcp":"RCP8.5","period":"2060","key":"tas","value":11.9,"estimate":"q95","season":"SON"},{"bfs_id":6177,"rcp":"RCP8.5","period":"2085","key":"tas","value":1.5,"estimate":"q5","season":"DJF"},{"bfs_id":6177,"rcp":"RCP8.5","period":"2085","key":"tas","value":8.7,"estimate":"q5","season":"MAM"},{"bfs_id":6177,"rcp":"RCP8.5","period":"2085","key":"tas","value":19,"estimate":"q5","season":"JJA"},{"bfs_id":6177,"rcp":"RCP8.5","period":"2085","key":"tas","value":11,"estimate":"q5","season":"SON"},{"bfs_id":6177,"rcp":"RCP8.5","period":"2085","key":"tas","value":2.1,"estimate":"q50","season":"DJF"},{"bfs_id":6177,"rcp":"RCP8.5","period":"2085","key":"tas","value":9.6,"estimate":"q50","season":"MAM"},{"bfs_id":6177,"rcp":"RCP8.5","period":"2085","key":"tas","value":20.7,"estimate":"q50","season":"JJA"},{"bfs_id":6177,"rcp":"RCP8.5","period":"2085","key":"tas","value":11.8,"estimate":"q50","season":"SON"},{"bfs_id":6177,"rcp":"RCP8.5","period":"2085","key":"tas","value":2.9,"estimate":"q95","season":"DJF"},{"bfs_id":6177,"rcp":"RCP8.5","period":"2085","key":"tas","value":11.7,"estimate":"q95","season":"MAM"},{"bfs_id":6177,"rcp":"RCP8.5","period":"2085","key":"tas","value":23.1,"estimate":"q95","season":"JJA"},{"bfs_id":6177,"rcp":"RCP8.5","period":"2085","key":"tas","value":14,"estimate":"q95","season":"SON"},{"bfs_id":6177,"rcp":"obs","period":"1981-2010","key":"FD","value":142.4,"estimate":"yearly_mean"},{"bfs_id":6177,"rcp":"obs","period":"1981-2010","key":"HD","value":0.7,"estimate":"yearly_mean"},{"bfs_id":6177,"rcp":"obs","period":"1981-2010","key":"ID","value":27,"estimate":"yearly_mean"},{"bfs_id":6177,"rcp":"obs","period":"1981-2010","key":"SD","value":20,"estimate":"yearly_mean"},{"bfs_id":6177,"rcp":"obs","period":"1981-2010","key":"snowdays","value":30.2,"estimate":"yearly_mean"},{"bfs_id":6177,"rcp":"obs","period":"1981-2010","key":"TN","value":0,"estimate":"yearly_mean"},{"bfs_id":6177,"rcp":"obs","period":"1981-2010","key":"pr","value":2.3,"estimate":"mean","season":"DJF"},{"bfs_id":6177,"rcp":"obs","period":"1981-2010","key":"pr","value":2.7,"estimate":"mean","season":"MAM"},{"bfs_id":6177,"rcp":"obs","period":"1981-2010","key":"pr","value":2.2,"estimate":"mean","season":"JJA"},{"bfs_id":6177,"rcp":"obs","period":"1981-2010","key":"pr","value":2.8,"estimate":"mean","season":"SON"},{"bfs_id":6177,"rcp":"obs","period":"1981-2010","key":"tas","value":-1.9,"estimate":"mean","season":"DJF"},{"bfs_id":6177,"rcp":"obs","period":"1981-2010","key":"tas","value":6.2,"estimate":"mean","season":"MAM"},{"bfs_id":6177,"rcp":"obs","period":"1981-2010","key":"tas","value":15.1,"estimate":"mean","season":"JJA"},{"bfs_id":6177,"rcp":"obs","period":"1981-2010","key":"tas","value":7.1,"estimate":"mean","season":"SON"}]
