[{"bfs_id":3972,"rcp":"RCP2.6","period":"2035","key":"FD","value":72.5,"estimate":"q5"},{"bfs_id":3972,"rcp":"RCP2.6","period":"2035","key":"FD","value":82.5,"estimate":"q50"},{"bfs_id":3972,"rcp":"RCP2.6","period":"2035","key":"FD","value":91.5,"estimate":"q95"},{"bfs_id":3972,"rcp":"RCP2.6","period":"2060","key":"FD","value":68.1,"estimate":"q5"},{"bfs_id":3972,"rcp":"RCP2.6","period":"2060","key":"FD","value":79.7,"estimate":"q50"},{"bfs_id":3972,"rcp":"RCP2.6","period":"2060","key":"FD","value":88.7,"estimate":"q95"},{"bfs_id":3972,"rcp":"RCP2.6","period":"2085","key":"FD","value":66.3,"estimate":"q5"},{"bfs_id":3972,"rcp":"RCP2.6","period":"2085","key":"FD","value":82.3,"estimate":"q50"},{"bfs_id":3972,"rcp":"RCP2.6","period":"2085","key":"FD","value":89,"estimate":"q95"},{"bfs_id":3972,"rcp":"RCP8.5","period":"2035","key":"FD","value":70.8,"estimate":"q5"},{"bfs_id":3972,"rcp":"RCP8.5","period":"2035","key":"FD","value":79.9,"estimate":"q50"},{"bfs_id":3972,"rcp":"RCP8.5","period":"2035","key":"FD","value":85.5,"estimate":"q95"},{"bfs_id":3972,"rcp":"RCP8.5","period":"2060","key":"FD","value":52.4,"estimate":"q5"},{"bfs_id":3972,"rcp":"RCP8.5","period":"2060","key":"FD","value":64.9,"estimate":"q50"},{"bfs_id":3972,"rcp":"RCP8.5","period":"2060","key":"FD","value":71,"estimate":"q95"},{"bfs_id":3972,"rcp":"RCP8.5","period":"2085","key":"FD","value":33.5,"estimate":"q5"},{"bfs_id":3972,"rcp":"RCP8.5","period":"2085","key":"FD","value":46.6,"estimate":"q50"},{"bfs_id":3972,"rcp":"RCP8.5","period":"2085","key":"FD","value":56.1,"estimate":"q95"},{"bfs_id":3972,"rcp":"RCP2.6","period":"2035","key":"HD","value":7.8,"estimate":"q5"},{"bfs_id":3972,"rcp":"RCP2.6","period":"2035","key":"HD","value":10.9,"estimate":"q50"},{"bfs_id":3972,"rcp":"RCP2.6","period":"2035","key":"HD","value":17.8,"estimate":"q95"},{"bfs_id":3972,"rcp":"RCP2.6","period":"2060","key":"HD","value":8.5,"estimate":"q5"},{"bfs_id":3972,"rcp":"RCP2.6","period":"2060","key":"HD","value":11.8,"estimate":"q50"},{"bfs_id":3972,"rcp":"RCP2.6","period":"2060","key":"HD","value":19.4,"estimate":"q95"},{"bfs_id":3972,"rcp":"RCP2.6","period":"2085","key":"HD","value":8.4,"estimate":"q5"},{"bfs_id":3972,"rcp":"RCP2.6","period":"2085","key":"HD","value":11.8,"estimate":"q50"},{"bfs_id":3972,"rcp":"RCP2.6","period":"2085","key":"HD","value":19.1,"estimate":"q95"},{"bfs_id":3972,"rcp":"RCP8.5","period":"2035","key":"HD","value":9.5,"estimate":"q5"},{"bfs_id":3972,"rcp":"RCP8.5","period":"2035","key":"HD","value":13,"estimate":"q50"},{"bfs_id":3972,"rcp":"RCP8.5","period":"2035","key":"HD","value":21.9,"estimate":"q95"},{"bfs_id":3972,"rcp":"RCP8.5","period":"2060","key":"HD","value":16.8,"estimate":"q5"},{"bfs_id":3972,"rcp":"RCP8.5","period":"2060","key":"HD","value":26,"estimate":"q50"},{"bfs_id":3972,"rcp":"RCP8.5","period":"2060","key":"HD","value":41.6,"estimate":"q95"},{"bfs_id":3972,"rcp":"RCP8.5","period":"2085","key":"HD","value":30.7,"estimate":"q5"},{"bfs_id":3972,"rcp":"RCP8.5","period":"2085","key":"HD","value":42.1,"estimate":"q50"},{"bfs_id":3972,"rcp":"RCP8.5","period":"2085","key":"HD","value":69,"estimate":"q95"},{"bfs_id":3972,"rcp":"RCP2.6","period":"2035","key":"ID","value":12.8,"estimate":"q5"},{"bfs_id":3972,"rcp":"RCP2.6","period":"2035","key":"ID","value":15.5,"estimate":"q50"},{"bfs_id":3972,"rcp":"RCP2.6","period":"2035","key":"ID","value":19.4,"estimate":"q95"},{"bfs_id":3972,"rcp":"RCP2.6","period":"2060","key":"ID","value":12.4,"estimate":"q5"},{"bfs_id":3972,"rcp":"RCP2.6","period":"2060","key":"ID","value":14.3,"estimate":"q50"},{"bfs_id":3972,"rcp":"RCP2.6","period":"2060","key":"ID","value":18.9,"estimate":"q95"},{"bfs_id":3972,"rcp":"RCP2.6","period":"2085","key":"ID","value":11.2,"estimate":"q5"},{"bfs_id":3972,"rcp":"RCP2.6","period":"2085","key":"ID","value":15.7,"estimate":"q50"},{"bfs_id":3972,"rcp":"RCP2.6","period":"2085","key":"ID","value":18.8,"estimate":"q95"},{"bfs_id":3972,"rcp":"RCP8.5","period":"2035","key":"ID","value":12,"estimate":"q5"},{"bfs_id":3972,"rcp":"RCP8.5","period":"2035","key":"ID","value":15,"estimate":"q50"},{"bfs_id":3972,"rcp":"RCP8.5","period":"2035","key":"ID","value":18.3,"estimate":"q95"},{"bfs_id":3972,"rcp":"RCP8.5","period":"2060","key":"ID","value":7.3,"estimate":"q5"},{"bfs_id":3972,"rcp":"RCP8.5","period":"2060","key":"ID","value":10.7,"estimate":"q50"},{"bfs_id":3972,"rcp":"RCP8.5","period":"2060","key":"ID","value":12.3,"estimate":"q95"},{"bfs_id":3972,"rcp":"RCP8.5","period":"2085","key":"ID","value":3.1,"estimate":"q5"},{"bfs_id":3972,"rcp":"RCP8.5","period":"2085","key":"ID","value":5,"estimate":"q50"},{"bfs_id":3972,"rcp":"RCP8.5","period":"2085","key":"ID","value":8,"estimate":"q95"},{"bfs_id":3972,"rcp":"RCP2.6","period":"2035","key":"SD","value":45,"estimate":"q5"},{"bfs_id":3972,"rcp":"RCP2.6","period":"2035","key":"SD","value":50.5,"estimate":"q50"},{"bfs_id":3972,"rcp":"RCP2.6","period":"2035","key":"SD","value":62,"estimate":"q95"},{"bfs_id":3972,"rcp":"RCP2.6","period":"2060","key":"SD","value":46.5,"estimate":"q5"},{"bfs_id":3972,"rcp":"RCP2.6","period":"2060","key":"SD","value":53,"estimate":"q50"},{"bfs_id":3972,"rcp":"RCP2.6","period":"2060","key":"SD","value":62.8,"estimate":"q95"},{"bfs_id":3972,"rcp":"RCP2.6","period":"2085","key":"SD","value":45.7,"estimate":"q5"},{"bfs_id":3972,"rcp":"RCP2.6","period":"2085","key":"SD","value":53.3,"estimate":"q50"},{"bfs_id":3972,"rcp":"RCP2.6","period":"2085","key":"SD","value":62.1,"estimate":"q95"},{"bfs_id":3972,"rcp":"RCP8.5","period":"2035","key":"SD","value":47.6,"estimate":"q5"},{"bfs_id":3972,"rcp":"RCP8.5","period":"2035","key":"SD","value":55.5,"estimate":"q50"},{"bfs_id":3972,"rcp":"RCP8.5","period":"2035","key":"SD","value":62.5,"estimate":"q95"},{"bfs_id":3972,"rcp":"RCP8.5","period":"2060","key":"SD","value":62.8,"estimate":"q5"},{"bfs_id":3972,"rcp":"RCP8.5","period":"2060","key":"SD","value":73.6,"estimate":"q50"},{"bfs_id":3972,"rcp":"RCP8.5","period":"2060","key":"SD","value":91.2,"estimate":"q95"},{"bfs_id":3972,"rcp":"RCP8.5","period":"2085","key":"SD","value":78.4,"estimate":"q5"},{"bfs_id":3972,"rcp":"RCP8.5","period":"2085","key":"SD","value":102,"estimate":"q50"},{"bfs_id":3972,"rcp":"RCP8.5","period":"2085","key":"SD","value":127,"estimate":"q95"},{"bfs_id":3972,"rcp":"RCP2.6","period":"2035","key":"snowdays","value":13.1,"estimate":"q5"},{"bfs_id":3972,"rcp":"RCP2.6","period":"2035","key":"snowdays","value":20.1,"estimate":"q50"},{"bfs_id":3972,"rcp":"RCP2.6","period":"2035","key":"snowdays","value":25.7,"estimate":"q95"},{"bfs_id":3972,"rcp":"RCP2.6","period":"2060","key":"snowdays","value":12.9,"estimate":"q5"},{"bfs_id":3972,"rcp":"RCP2.6","period":"2060","key":"snowdays","value":18.4,"estimate":"q50"},{"bfs_id":3972,"rcp":"RCP2.6","period":"2060","key":"snowdays","value":25.8,"estimate":"q95"},{"bfs_id":3972,"rcp":"RCP2.6","period":"2085","key":"snowdays","value":13.2,"estimate":"q5"},{"bfs_id":3972,"rcp":"RCP2.6","period":"2085","key":"snowdays","value":19.8,"estimate":"q50"},{"bfs_id":3972,"rcp":"RCP2.6","period":"2085","key":"snowdays","value":26.3,"estimate":"q95"},{"bfs_id":3972,"rcp":"RCP8.5","period":"2035","key":"snowdays","value":13.1,"estimate":"q5"},{"bfs_id":3972,"rcp":"RCP8.5","period":"2035","key":"snowdays","value":20.7,"estimate":"q50"},{"bfs_id":3972,"rcp":"RCP8.5","period":"2035","key":"snowdays","value":25.5,"estimate":"q95"},{"bfs_id":3972,"rcp":"RCP8.5","period":"2060","key":"snowdays","value":9.6,"estimate":"q5"},{"bfs_id":3972,"rcp":"RCP8.5","period":"2060","key":"snowdays","value":14.4,"estimate":"q50"},{"bfs_id":3972,"rcp":"RCP8.5","period":"2060","key":"snowdays","value":20.4,"estimate":"q95"},{"bfs_id":3972,"rcp":"RCP8.5","period":"2085","key":"snowdays","value":5.2,"estimate":"q5"},{"bfs_id":3972,"rcp":"RCP8.5","period":"2085","key":"snowdays","value":10.5,"estimate":"q50"},{"bfs_id":3972,"rcp":"RCP8.5","period":"2085","key":"snowdays","value":13.7,"estimate":"q95"},{"bfs_id":3972,"rcp":"RCP2.6","period":"2035","key":"TN","value":0.4,"estimate":"q5"},{"bfs_id":3972,"rcp":"RCP2.6","period":"2035","key":"TN","value":1.2,"estimate":"q50"},{"bfs_id":3972,"rcp":"RCP2.6","period":"2035","key":"TN","value":2.2,"estimate":"q95"},{"bfs_id":3972,"rcp":"RCP2.6","period":"2060","key":"TN","value":0.5,"estimate":"q5"},{"bfs_id":3972,"rcp":"RCP2.6","period":"2060","key":"TN","value":1.5,"estimate":"q50"},{"bfs_id":3972,"rcp":"RCP2.6","period":"2060","key":"TN","value":3.2,"estimate":"q95"},{"bfs_id":3972,"rcp":"RCP2.6","period":"2085","key":"TN","value":0.6,"estimate":"q5"},{"bfs_id":3972,"rcp":"RCP2.6","period":"2085","key":"TN","value":1.5,"estimate":"q50"},{"bfs_id":3972,"rcp":"RCP2.6","period":"2085","key":"TN","value":2.4,"estimate":"q95"},{"bfs_id":3972,"rcp":"RCP8.5","period":"2035","key":"TN","value":1.2,"estimate":"q5"},{"bfs_id":3972,"rcp":"RCP8.5","period":"2035","key":"TN","value":1.9,"estimate":"q50"},{"bfs_id":3972,"rcp":"RCP8.5","period":"2035","key":"TN","value":4.4,"estimate":"q95"},{"bfs_id":3972,"rcp":"RCP8.5","period":"2060","key":"TN","value":3.5,"estimate":"q5"},{"bfs_id":3972,"rcp":"RCP8.5","period":"2060","key":"TN","value":7.7,"estimate":"q50"},{"bfs_id":3972,"rcp":"RCP8.5","period":"2060","key":"TN","value":16.5,"estimate":"q95"},{"bfs_id":3972,"rcp":"RCP8.5","period":"2085","key":"TN","value":12.6,"estimate":"q5"},{"bfs_id":3972,"rcp":"RCP8.5","period":"2085","key":"TN","value":23,"estimate":"q50"},{"bfs_id":3972,"rcp":"RCP8.5","period":"2085","key":"TN","value":37.4,"estimate":"q95"},{"bfs_id":3972,"rcp":"RCP2.6","period":"2035","key":"pr","value":2.8,"estimate":"q5","season":"DJF"},{"bfs_id":3972,"rcp":"RCP2.6","period":"2035","key":"pr","value":2.7,"estimate":"q5","season":"MAM"},{"bfs_id":3972,"rcp":"RCP2.6","period":"2035","key":"pr","value":3.1,"estimate":"q5","season":"JJA"},{"bfs_id":3972,"rcp":"RCP2.6","period":"2035","key":"pr","value":2.6,"estimate":"q5","season":"SON"},{"bfs_id":3972,"rcp":"RCP2.6","period":"2035","key":"pr","value":3.2,"estimate":"q50","season":"DJF"},{"bfs_id":3972,"rcp":"RCP2.6","period":"2035","key":"pr","value":3.2,"estimate":"q50","season":"MAM"},{"bfs_id":3972,"rcp":"RCP2.6","period":"2035","key":"pr","value":3.6,"estimate":"q50","season":"JJA"},{"bfs_id":3972,"rcp":"RCP2.6","period":"2035","key":"pr","value":3,"estimate":"q50","season":"SON"},{"bfs_id":3972,"rcp":"RCP2.6","period":"2035","key":"pr","value":3.9,"estimate":"q95","season":"DJF"},{"bfs_id":3972,"rcp":"RCP2.6","period":"2035","key":"pr","value":3.3,"estimate":"q95","season":"MAM"},{"bfs_id":3972,"rcp":"RCP2.6","period":"2035","key":"pr","value":4.3,"estimate":"q95","season":"JJA"},{"bfs_id":3972,"rcp":"RCP2.6","period":"2035","key":"pr","value":3.7,"estimate":"q95","season":"SON"},{"bfs_id":3972,"rcp":"RCP2.6","period":"2060","key":"pr","value":2.8,"estimate":"q5","season":"DJF"},{"bfs_id":3972,"rcp":"RCP2.6","period":"2060","key":"pr","value":2.8,"estimate":"q5","season":"MAM"},{"bfs_id":3972,"rcp":"RCP2.6","period":"2060","key":"pr","value":3.2,"estimate":"q5","season":"JJA"},{"bfs_id":3972,"rcp":"RCP2.6","period":"2060","key":"pr","value":2.7,"estimate":"q5","season":"SON"},{"bfs_id":3972,"rcp":"RCP2.6","period":"2060","key":"pr","value":3.2,"estimate":"q50","season":"DJF"},{"bfs_id":3972,"rcp":"RCP2.6","period":"2060","key":"pr","value":3,"estimate":"q50","season":"MAM"},{"bfs_id":3972,"rcp":"RCP2.6","period":"2060","key":"pr","value":3.8,"estimate":"q50","season":"JJA"},{"bfs_id":3972,"rcp":"RCP2.6","period":"2060","key":"pr","value":3.1,"estimate":"q50","season":"SON"},{"bfs_id":3972,"rcp":"RCP2.6","period":"2060","key":"pr","value":3.6,"estimate":"q95","season":"DJF"},{"bfs_id":3972,"rcp":"RCP2.6","period":"2060","key":"pr","value":3.6,"estimate":"q95","season":"MAM"},{"bfs_id":3972,"rcp":"RCP2.6","period":"2060","key":"pr","value":4.2,"estimate":"q95","season":"JJA"},{"bfs_id":3972,"rcp":"RCP2.6","period":"2060","key":"pr","value":3.4,"estimate":"q95","season":"SON"},{"bfs_id":3972,"rcp":"RCP2.6","period":"2085","key":"pr","value":2.8,"estimate":"q5","season":"DJF"},{"bfs_id":3972,"rcp":"RCP2.6","period":"2085","key":"pr","value":2.7,"estimate":"q5","season":"MAM"},{"bfs_id":3972,"rcp":"RCP2.6","period":"2085","key":"pr","value":3.2,"estimate":"q5","season":"JJA"},{"bfs_id":3972,"rcp":"RCP2.6","period":"2085","key":"pr","value":2.7,"estimate":"q5","season":"SON"},{"bfs_id":3972,"rcp":"RCP2.6","period":"2085","key":"pr","value":3.2,"estimate":"q50","season":"DJF"},{"bfs_id":3972,"rcp":"RCP2.6","period":"2085","key":"pr","value":3,"estimate":"q50","season":"MAM"},{"bfs_id":3972,"rcp":"RCP2.6","period":"2085","key":"pr","value":3.8,"estimate":"q50","season":"JJA"},{"bfs_id":3972,"rcp":"RCP2.6","period":"2085","key":"pr","value":3.1,"estimate":"q50","season":"SON"},{"bfs_id":3972,"rcp":"RCP2.6","period":"2085","key":"pr","value":3.8,"estimate":"q95","season":"DJF"},{"bfs_id":3972,"rcp":"RCP2.6","period":"2085","key":"pr","value":3.3,"estimate":"q95","season":"MAM"},{"bfs_id":3972,"rcp":"RCP2.6","period":"2085","key":"pr","value":4.1,"estimate":"q95","season":"JJA"},{"bfs_id":3972,"rcp":"RCP2.6","period":"2085","key":"pr","value":3.5,"estimate":"q95","season":"SON"},{"bfs_id":3972,"rcp":"RCP8.5","period":"2035","key":"pr","value":3,"estimate":"q5","season":"DJF"},{"bfs_id":3972,"rcp":"RCP8.5","period":"2035","key":"pr","value":2.8,"estimate":"q5","season":"MAM"},{"bfs_id":3972,"rcp":"RCP8.5","period":"2035","key":"pr","value":3.2,"estimate":"q5","season":"JJA"},{"bfs_id":3972,"rcp":"RCP8.5","period":"2035","key":"pr","value":2.7,"estimate":"q5","season":"SON"},{"bfs_id":3972,"rcp":"RCP8.5","period":"2035","key":"pr","value":3.4,"estimate":"q50","season":"DJF"},{"bfs_id":3972,"rcp":"RCP8.5","period":"2035","key":"pr","value":3.1,"estimate":"q50","season":"MAM"},{"bfs_id":3972,"rcp":"RCP8.5","period":"2035","key":"pr","value":3.8,"estimate":"q50","season":"JJA"},{"bfs_id":3972,"rcp":"RCP8.5","period":"2035","key":"pr","value":3.1,"estimate":"q50","season":"SON"},{"bfs_id":3972,"rcp":"RCP8.5","period":"2035","key":"pr","value":3.7,"estimate":"q95","season":"DJF"},{"bfs_id":3972,"rcp":"RCP8.5","period":"2035","key":"pr","value":3.4,"estimate":"q95","season":"MAM"},{"bfs_id":3972,"rcp":"RCP8.5","period":"2035","key":"pr","value":4.2,"estimate":"q95","season":"JJA"},{"bfs_id":3972,"rcp":"RCP8.5","period":"2035","key":"pr","value":3.5,"estimate":"q95","season":"SON"},{"bfs_id":3972,"rcp":"RCP8.5","period":"2060","key":"pr","value":3,"estimate":"q5","season":"DJF"},{"bfs_id":3972,"rcp":"RCP8.5","period":"2060","key":"pr","value":2.9,"estimate":"q5","season":"MAM"},{"bfs_id":3972,"rcp":"RCP8.5","period":"2060","key":"pr","value":2.5,"estimate":"q5","season":"JJA"},{"bfs_id":3972,"rcp":"RCP8.5","period":"2060","key":"pr","value":2.8,"estimate":"q5","season":"SON"},{"bfs_id":3972,"rcp":"RCP8.5","period":"2060","key":"pr","value":3.4,"estimate":"q50","season":"DJF"},{"bfs_id":3972,"rcp":"RCP8.5","period":"2060","key":"pr","value":3.4,"estimate":"q50","season":"MAM"},{"bfs_id":3972,"rcp":"RCP8.5","period":"2060","key":"pr","value":3.7,"estimate":"q50","season":"JJA"},{"bfs_id":3972,"rcp":"RCP8.5","period":"2060","key":"pr","value":3.1,"estimate":"q50","season":"SON"},{"bfs_id":3972,"rcp":"RCP8.5","period":"2060","key":"pr","value":4,"estimate":"q95","season":"DJF"},{"bfs_id":3972,"rcp":"RCP8.5","period":"2060","key":"pr","value":3.7,"estimate":"q95","season":"MAM"},{"bfs_id":3972,"rcp":"RCP8.5","period":"2060","key":"pr","value":4.4,"estimate":"q95","season":"JJA"},{"bfs_id":3972,"rcp":"RCP8.5","period":"2060","key":"pr","value":3.5,"estimate":"q95","season":"SON"},{"bfs_id":3972,"rcp":"RCP8.5","period":"2085","key":"pr","value":3.3,"estimate":"q5","season":"DJF"},{"bfs_id":3972,"rcp":"RCP8.5","period":"2085","key":"pr","value":3.1,"estimate":"q5","season":"MAM"},{"bfs_id":3972,"rcp":"RCP8.5","period":"2085","key":"pr","value":2.1,"estimate":"q5","season":"JJA"},{"bfs_id":3972,"rcp":"RCP8.5","period":"2085","key":"pr","value":2.6,"estimate":"q5","season":"SON"},{"bfs_id":3972,"rcp":"RCP8.5","period":"2085","key":"pr","value":3.7,"estimate":"q50","season":"DJF"},{"bfs_id":3972,"rcp":"RCP8.5","period":"2085","key":"pr","value":3.5,"estimate":"q50","season":"MAM"},{"bfs_id":3972,"rcp":"RCP8.5","period":"2085","key":"pr","value":3.4,"estimate":"q50","season":"JJA"},{"bfs_id":3972,"rcp":"RCP8.5","period":"2085","key":"pr","value":3.1,"estimate":"q50","season":"SON"},{"bfs_id":3972,"rcp":"RCP8.5","period":"2085","key":"pr","value":4.4,"estimate":"q95","season":"DJF"},{"bfs_id":3972,"rcp":"RCP8.5","period":"2085","key":"pr","value":3.9,"estimate":"q95","season":"MAM"},{"bfs_id":3972,"rcp":"RCP8.5","period":"2085","key":"pr","value":3.9,"estimate":"q95","season":"JJA"},{"bfs_id":3972,"rcp":"RCP8.5","period":"2085","key":"pr","value":3.7,"estimate":"q95","season":"SON"},{"bfs_id":3972,"rcp":"RCP2.6","period":"2035","key":"tas","value":1.1,"estimate":"q5","season":"DJF"},{"bfs_id":3972,"rcp":"RCP2.6","period":"2035","key":"tas","value":8.8,"estimate":"q5","season":"MAM"},{"bfs_id":3972,"rcp":"RCP2.6","period":"2035","key":"tas","value":18.1,"estimate":"q5","season":"JJA"},{"bfs_id":3972,"rcp":"RCP2.6","period":"2035","key":"tas","value":10,"estimate":"q5","season":"SON"},{"bfs_id":3972,"rcp":"RCP2.6","period":"2035","key":"tas","value":1.6,"estimate":"q50","season":"DJF"},{"bfs_id":3972,"rcp":"RCP2.6","period":"2035","key":"tas","value":9.4,"estimate":"q50","season":"MAM"},{"bfs_id":3972,"rcp":"RCP2.6","period":"2035","key":"tas","value":19,"estimate":"q50","season":"JJA"},{"bfs_id":3972,"rcp":"RCP2.6","period":"2035","key":"tas","value":10.5,"estimate":"q50","season":"SON"},{"bfs_id":3972,"rcp":"RCP2.6","period":"2035","key":"tas","value":2.2,"estimate":"q95","season":"DJF"},{"bfs_id":3972,"rcp":"RCP2.6","period":"2035","key":"tas","value":9.9,"estimate":"q95","season":"MAM"},{"bfs_id":3972,"rcp":"RCP2.6","period":"2035","key":"tas","value":19.8,"estimate":"q95","season":"JJA"},{"bfs_id":3972,"rcp":"RCP2.6","period":"2035","key":"tas","value":11.4,"estimate":"q95","season":"SON"},{"bfs_id":3972,"rcp":"RCP2.6","period":"2060","key":"tas","value":1,"estimate":"q5","season":"DJF"},{"bfs_id":3972,"rcp":"RCP2.6","period":"2060","key":"tas","value":8.7,"estimate":"q5","season":"MAM"},{"bfs_id":3972,"rcp":"RCP2.6","period":"2060","key":"tas","value":18.2,"estimate":"q5","season":"JJA"},{"bfs_id":3972,"rcp":"RCP2.6","period":"2060","key":"tas","value":10.4,"estimate":"q5","season":"SON"},{"bfs_id":3972,"rcp":"RCP2.6","period":"2060","key":"tas","value":1.9,"estimate":"q50","season":"DJF"},{"bfs_id":3972,"rcp":"RCP2.6","period":"2060","key":"tas","value":9.4,"estimate":"q50","season":"MAM"},{"bfs_id":3972,"rcp":"RCP2.6","period":"2060","key":"tas","value":19.1,"estimate":"q50","season":"JJA"},{"bfs_id":3972,"rcp":"RCP2.6","period":"2060","key":"tas","value":10.9,"estimate":"q50","season":"SON"},{"bfs_id":3972,"rcp":"RCP2.6","period":"2060","key":"tas","value":2.5,"estimate":"q95","season":"DJF"},{"bfs_id":3972,"rcp":"RCP2.6","period":"2060","key":"tas","value":10,"estimate":"q95","season":"MAM"},{"bfs_id":3972,"rcp":"RCP2.6","period":"2060","key":"tas","value":20,"estimate":"q95","season":"JJA"},{"bfs_id":3972,"rcp":"RCP2.6","period":"2060","key":"tas","value":11.7,"estimate":"q95","season":"SON"},{"bfs_id":3972,"rcp":"RCP2.6","period":"2085","key":"tas","value":1.1,"estimate":"q5","season":"DJF"},{"bfs_id":3972,"rcp":"RCP2.6","period":"2085","key":"tas","value":8.8,"estimate":"q5","season":"MAM"},{"bfs_id":3972,"rcp":"RCP2.6","period":"2085","key":"tas","value":18.1,"estimate":"q5","season":"JJA"},{"bfs_id":3972,"rcp":"RCP2.6","period":"2085","key":"tas","value":10.1,"estimate":"q5","season":"SON"},{"bfs_id":3972,"rcp":"RCP2.6","period":"2085","key":"tas","value":1.9,"estimate":"q50","season":"DJF"},{"bfs_id":3972,"rcp":"RCP2.6","period":"2085","key":"tas","value":9.4,"estimate":"q50","season":"MAM"},{"bfs_id":3972,"rcp":"RCP2.6","period":"2085","key":"tas","value":19.1,"estimate":"q50","season":"JJA"},{"bfs_id":3972,"rcp":"RCP2.6","period":"2085","key":"tas","value":10.8,"estimate":"q50","season":"SON"},{"bfs_id":3972,"rcp":"RCP2.6","period":"2085","key":"tas","value":2.7,"estimate":"q95","season":"DJF"},{"bfs_id":3972,"rcp":"RCP2.6","period":"2085","key":"tas","value":10.1,"estimate":"q95","season":"MAM"},{"bfs_id":3972,"rcp":"RCP2.6","period":"2085","key":"tas","value":19.9,"estimate":"q95","season":"JJA"},{"bfs_id":3972,"rcp":"RCP2.6","period":"2085","key":"tas","value":11.7,"estimate":"q95","season":"SON"},{"bfs_id":3972,"rcp":"RCP8.5","period":"2035","key":"tas","value":1.1,"estimate":"q5","season":"DJF"},{"bfs_id":3972,"rcp":"RCP8.5","period":"2035","key":"tas","value":9,"estimate":"q5","season":"MAM"},{"bfs_id":3972,"rcp":"RCP8.5","period":"2035","key":"tas","value":18.5,"estimate":"q5","season":"JJA"},{"bfs_id":3972,"rcp":"RCP8.5","period":"2035","key":"tas","value":10.5,"estimate":"q5","season":"SON"},{"bfs_id":3972,"rcp":"RCP8.5","period":"2035","key":"tas","value":2,"estimate":"q50","season":"DJF"},{"bfs_id":3972,"rcp":"RCP8.5","period":"2035","key":"tas","value":9.5,"estimate":"q50","season":"MAM"},{"bfs_id":3972,"rcp":"RCP8.5","period":"2035","key":"tas","value":19.3,"estimate":"q50","season":"JJA"},{"bfs_id":3972,"rcp":"RCP8.5","period":"2035","key":"tas","value":10.9,"estimate":"q50","season":"SON"},{"bfs_id":3972,"rcp":"RCP8.5","period":"2035","key":"tas","value":2.4,"estimate":"q95","season":"DJF"},{"bfs_id":3972,"rcp":"RCP8.5","period":"2035","key":"tas","value":10.2,"estimate":"q95","season":"MAM"},{"bfs_id":3972,"rcp":"RCP8.5","period":"2035","key":"tas","value":20.3,"estimate":"q95","season":"JJA"},{"bfs_id":3972,"rcp":"RCP8.5","period":"2035","key":"tas","value":11.7,"estimate":"q95","season":"SON"},{"bfs_id":3972,"rcp":"RCP8.5","period":"2060","key":"tas","value":2.5,"estimate":"q5","season":"DJF"},{"bfs_id":3972,"rcp":"RCP8.5","period":"2060","key":"tas","value":10.1,"estimate":"q5","season":"MAM"},{"bfs_id":3972,"rcp":"RCP8.5","period":"2060","key":"tas","value":19.7,"estimate":"q5","season":"JJA"},{"bfs_id":3972,"rcp":"RCP8.5","period":"2060","key":"tas","value":11.7,"estimate":"q5","season":"SON"},{"bfs_id":3972,"rcp":"RCP8.5","period":"2060","key":"tas","value":3,"estimate":"q50","season":"DJF"},{"bfs_id":3972,"rcp":"RCP8.5","period":"2060","key":"tas","value":10.8,"estimate":"q50","season":"MAM"},{"bfs_id":3972,"rcp":"RCP8.5","period":"2060","key":"tas","value":20.8,"estimate":"q50","season":"JJA"},{"bfs_id":3972,"rcp":"RCP8.5","period":"2060","key":"tas","value":12.6,"estimate":"q50","season":"SON"},{"bfs_id":3972,"rcp":"RCP8.5","period":"2060","key":"tas","value":3.6,"estimate":"q95","season":"DJF"},{"bfs_id":3972,"rcp":"RCP8.5","period":"2060","key":"tas","value":12.1,"estimate":"q95","season":"MAM"},{"bfs_id":3972,"rcp":"RCP8.5","period":"2060","key":"tas","value":22.4,"estimate":"q95","season":"JJA"},{"bfs_id":3972,"rcp":"RCP8.5","period":"2060","key":"tas","value":13.4,"estimate":"q95","season":"SON"},{"bfs_id":3972,"rcp":"RCP8.5","period":"2085","key":"tas","value":3.8,"estimate":"q5","season":"DJF"},{"bfs_id":3972,"rcp":"RCP8.5","period":"2085","key":"tas","value":11.5,"estimate":"q5","season":"MAM"},{"bfs_id":3972,"rcp":"RCP8.5","period":"2085","key":"tas","value":21.3,"estimate":"q5","season":"JJA"},{"bfs_id":3972,"rcp":"RCP8.5","period":"2085","key":"tas","value":13.2,"estimate":"q5","season":"SON"},{"bfs_id":3972,"rcp":"RCP8.5","period":"2085","key":"tas","value":5.1,"estimate":"q50","season":"DJF"},{"bfs_id":3972,"rcp":"RCP8.5","period":"2085","key":"tas","value":12.5,"estimate":"q50","season":"MAM"},{"bfs_id":3972,"rcp":"RCP8.5","period":"2085","key":"tas","value":22.9,"estimate":"q50","season":"JJA"},{"bfs_id":3972,"rcp":"RCP8.5","period":"2085","key":"tas","value":14,"estimate":"q50","season":"SON"},{"bfs_id":3972,"rcp":"RCP8.5","period":"2085","key":"tas","value":5.6,"estimate":"q95","season":"DJF"},{"bfs_id":3972,"rcp":"RCP8.5","period":"2085","key":"tas","value":14.5,"estimate":"q95","season":"MAM"},{"bfs_id":3972,"rcp":"RCP8.5","period":"2085","key":"tas","value":25.1,"estimate":"q95","season":"JJA"},{"bfs_id":3972,"rcp":"RCP8.5","period":"2085","key":"tas","value":15.7,"estimate":"q95","season":"SON"},{"bfs_id":3972,"rcp":"obs","period":"1981-2010","key":"FD","value":95.9,"estimate":"yearly_mean"},{"bfs_id":3972,"rcp":"obs","period":"1981-2010","key":"HD","value":5.4,"estimate":"yearly_mean"},{"bfs_id":3972,"rcp":"obs","period":"1981-2010","key":"ID","value":22.2,"estimate":"yearly_mean"},{"bfs_id":3972,"rcp":"obs","period":"1981-2010","key":"SD","value":37.6,"estimate":"yearly_mean"},{"bfs_id":3972,"rcp":"obs","period":"1981-2010","key":"snowdays","value":24.4,"estimate":"yearly_mean"},{"bfs_id":3972,"rcp":"obs","period":"1981-2010","key":"TN","value":0.2,"estimate":"yearly_mean"},{"bfs_id":3972,"rcp":"obs","period":"1981-2010","key":"pr","value":3.1,"estimate":"mean","season":"DJF"},{"bfs_id":3972,"rcp":"obs","period":"1981-2010","key":"pr","value":2.9,"estimate":"mean","season":"MAM"},{"bfs_id":3972,"rcp":"obs","period":"1981-2010","key":"pr","value":4.1,"estimate":"mean","season":"JJA"},{"bfs_id":3972,"rcp":"obs","period":"1981-2010","key":"pr","value":3,"estimate":"mean","season":"SON"},{"bfs_id":3972,"rcp":"obs","period":"1981-2010","key":"tas","value":0.4,"estimate":"mean","season":"DJF"},{"bfs_id":3972,"rcp":"obs","period":"1981-2010","key":"tas","value":8.9,"estimate":"mean","season":"MAM"},{"bfs_id":3972,"rcp":"obs","period":"1981-2010","key":"tas","value":17.2,"estimate":"mean","season":"JJA"},{"bfs_id":3972,"rcp":"obs","period":"1981-2010","key":"tas","value":9.4,"estimate":"mean","season":"SON"}]
