[{"bfs_id":2772,"rcp":"RCP2.6","period":"2035","key":"FD","value":46.7,"estimate":"q5"},{"bfs_id":2772,"rcp":"RCP2.6","period":"2035","key":"FD","value":58.4,"estimate":"q50"},{"bfs_id":2772,"rcp":"RCP2.6","period":"2035","key":"FD","value":63,"estimate":"q95"},{"bfs_id":2772,"rcp":"RCP2.6","period":"2060","key":"FD","value":45.9,"estimate":"q5"},{"bfs_id":2772,"rcp":"RCP2.6","period":"2060","key":"FD","value":55.5,"estimate":"q50"},{"bfs_id":2772,"rcp":"RCP2.6","period":"2060","key":"FD","value":62.1,"estimate":"q95"},{"bfs_id":2772,"rcp":"RCP2.6","period":"2085","key":"FD","value":46.3,"estimate":"q5"},{"bfs_id":2772,"rcp":"RCP2.6","period":"2085","key":"FD","value":55.5,"estimate":"q50"},{"bfs_id":2772,"rcp":"RCP2.6","period":"2085","key":"FD","value":62.4,"estimate":"q95"},{"bfs_id":2772,"rcp":"RCP8.5","period":"2035","key":"FD","value":44.8,"estimate":"q5"},{"bfs_id":2772,"rcp":"RCP8.5","period":"2035","key":"FD","value":55,"estimate":"q50"},{"bfs_id":2772,"rcp":"RCP8.5","period":"2035","key":"FD","value":61.1,"estimate":"q95"},{"bfs_id":2772,"rcp":"RCP8.5","period":"2060","key":"FD","value":35.7,"estimate":"q5"},{"bfs_id":2772,"rcp":"RCP8.5","period":"2060","key":"FD","value":42.3,"estimate":"q50"},{"bfs_id":2772,"rcp":"RCP8.5","period":"2060","key":"FD","value":48.1,"estimate":"q95"},{"bfs_id":2772,"rcp":"RCP8.5","period":"2085","key":"FD","value":20.2,"estimate":"q5"},{"bfs_id":2772,"rcp":"RCP8.5","period":"2085","key":"FD","value":25.4,"estimate":"q50"},{"bfs_id":2772,"rcp":"RCP8.5","period":"2085","key":"FD","value":35.2,"estimate":"q95"},{"bfs_id":2772,"rcp":"RCP2.6","period":"2035","key":"HD","value":12.5,"estimate":"q5"},{"bfs_id":2772,"rcp":"RCP2.6","period":"2035","key":"HD","value":16.3,"estimate":"q50"},{"bfs_id":2772,"rcp":"RCP2.6","period":"2035","key":"HD","value":21.2,"estimate":"q95"},{"bfs_id":2772,"rcp":"RCP2.6","period":"2060","key":"HD","value":13.7,"estimate":"q5"},{"bfs_id":2772,"rcp":"RCP2.6","period":"2060","key":"HD","value":16.3,"estimate":"q50"},{"bfs_id":2772,"rcp":"RCP2.6","period":"2060","key":"HD","value":23.8,"estimate":"q95"},{"bfs_id":2772,"rcp":"RCP2.6","period":"2085","key":"HD","value":13.5,"estimate":"q5"},{"bfs_id":2772,"rcp":"RCP2.6","period":"2085","key":"HD","value":16.2,"estimate":"q50"},{"bfs_id":2772,"rcp":"RCP2.6","period":"2085","key":"HD","value":23.3,"estimate":"q95"},{"bfs_id":2772,"rcp":"RCP8.5","period":"2035","key":"HD","value":13.3,"estimate":"q5"},{"bfs_id":2772,"rcp":"RCP8.5","period":"2035","key":"HD","value":17.1,"estimate":"q50"},{"bfs_id":2772,"rcp":"RCP8.5","period":"2035","key":"HD","value":23.9,"estimate":"q95"},{"bfs_id":2772,"rcp":"RCP8.5","period":"2060","key":"HD","value":20.5,"estimate":"q5"},{"bfs_id":2772,"rcp":"RCP8.5","period":"2060","key":"HD","value":27,"estimate":"q50"},{"bfs_id":2772,"rcp":"RCP8.5","period":"2060","key":"HD","value":40.3,"estimate":"q95"},{"bfs_id":2772,"rcp":"RCP8.5","period":"2085","key":"HD","value":35.3,"estimate":"q5"},{"bfs_id":2772,"rcp":"RCP8.5","period":"2085","key":"HD","value":43.1,"estimate":"q50"},{"bfs_id":2772,"rcp":"RCP8.5","period":"2085","key":"HD","value":67.3,"estimate":"q95"},{"bfs_id":2772,"rcp":"RCP2.6","period":"2035","key":"ID","value":6.5,"estimate":"q5"},{"bfs_id":2772,"rcp":"RCP2.6","period":"2035","key":"ID","value":9.8,"estimate":"q50"},{"bfs_id":2772,"rcp":"RCP2.6","period":"2035","key":"ID","value":13,"estimate":"q95"},{"bfs_id":2772,"rcp":"RCP2.6","period":"2060","key":"ID","value":6.3,"estimate":"q5"},{"bfs_id":2772,"rcp":"RCP2.6","period":"2060","key":"ID","value":9.7,"estimate":"q50"},{"bfs_id":2772,"rcp":"RCP2.6","period":"2060","key":"ID","value":11.7,"estimate":"q95"},{"bfs_id":2772,"rcp":"RCP2.6","period":"2085","key":"ID","value":6.5,"estimate":"q5"},{"bfs_id":2772,"rcp":"RCP2.6","period":"2085","key":"ID","value":9.4,"estimate":"q50"},{"bfs_id":2772,"rcp":"RCP2.6","period":"2085","key":"ID","value":12,"estimate":"q95"},{"bfs_id":2772,"rcp":"RCP8.5","period":"2035","key":"ID","value":6.8,"estimate":"q5"},{"bfs_id":2772,"rcp":"RCP8.5","period":"2035","key":"ID","value":8.5,"estimate":"q50"},{"bfs_id":2772,"rcp":"RCP8.5","period":"2035","key":"ID","value":13,"estimate":"q95"},{"bfs_id":2772,"rcp":"RCP8.5","period":"2060","key":"ID","value":4.2,"estimate":"q5"},{"bfs_id":2772,"rcp":"RCP8.5","period":"2060","key":"ID","value":6.3,"estimate":"q50"},{"bfs_id":2772,"rcp":"RCP8.5","period":"2060","key":"ID","value":8,"estimate":"q95"},{"bfs_id":2772,"rcp":"RCP8.5","period":"2085","key":"ID","value":0.7,"estimate":"q5"},{"bfs_id":2772,"rcp":"RCP8.5","period":"2085","key":"ID","value":2.5,"estimate":"q50"},{"bfs_id":2772,"rcp":"RCP8.5","period":"2085","key":"ID","value":4.2,"estimate":"q95"},{"bfs_id":2772,"rcp":"RCP2.6","period":"2035","key":"SD","value":55.3,"estimate":"q5"},{"bfs_id":2772,"rcp":"RCP2.6","period":"2035","key":"SD","value":61.6,"estimate":"q50"},{"bfs_id":2772,"rcp":"RCP2.6","period":"2035","key":"SD","value":68.8,"estimate":"q95"},{"bfs_id":2772,"rcp":"RCP2.6","period":"2060","key":"SD","value":55.6,"estimate":"q5"},{"bfs_id":2772,"rcp":"RCP2.6","period":"2060","key":"SD","value":62.9,"estimate":"q50"},{"bfs_id":2772,"rcp":"RCP2.6","period":"2060","key":"SD","value":68.7,"estimate":"q95"},{"bfs_id":2772,"rcp":"RCP2.6","period":"2085","key":"SD","value":55.2,"estimate":"q5"},{"bfs_id":2772,"rcp":"RCP2.6","period":"2085","key":"SD","value":63.2,"estimate":"q50"},{"bfs_id":2772,"rcp":"RCP2.6","period":"2085","key":"SD","value":68.8,"estimate":"q95"},{"bfs_id":2772,"rcp":"RCP8.5","period":"2035","key":"SD","value":58,"estimate":"q5"},{"bfs_id":2772,"rcp":"RCP8.5","period":"2035","key":"SD","value":63.9,"estimate":"q50"},{"bfs_id":2772,"rcp":"RCP8.5","period":"2035","key":"SD","value":68.9,"estimate":"q95"},{"bfs_id":2772,"rcp":"RCP8.5","period":"2060","key":"SD","value":73.5,"estimate":"q5"},{"bfs_id":2772,"rcp":"RCP8.5","period":"2060","key":"SD","value":79.2,"estimate":"q50"},{"bfs_id":2772,"rcp":"RCP8.5","period":"2060","key":"SD","value":93.9,"estimate":"q95"},{"bfs_id":2772,"rcp":"RCP8.5","period":"2085","key":"SD","value":88.9,"estimate":"q5"},{"bfs_id":2772,"rcp":"RCP8.5","period":"2085","key":"SD","value":102.2,"estimate":"q50"},{"bfs_id":2772,"rcp":"RCP8.5","period":"2085","key":"SD","value":119.6,"estimate":"q95"},{"bfs_id":2772,"rcp":"RCP2.6","period":"2035","key":"snowdays","value":8.8,"estimate":"q5"},{"bfs_id":2772,"rcp":"RCP2.6","period":"2035","key":"snowdays","value":11.9,"estimate":"q50"},{"bfs_id":2772,"rcp":"RCP2.6","period":"2035","key":"snowdays","value":16.2,"estimate":"q95"},{"bfs_id":2772,"rcp":"RCP2.6","period":"2060","key":"snowdays","value":8.6,"estimate":"q5"},{"bfs_id":2772,"rcp":"RCP2.6","period":"2060","key":"snowdays","value":11.5,"estimate":"q50"},{"bfs_id":2772,"rcp":"RCP2.6","period":"2060","key":"snowdays","value":15.2,"estimate":"q95"},{"bfs_id":2772,"rcp":"RCP2.6","period":"2085","key":"snowdays","value":8,"estimate":"q5"},{"bfs_id":2772,"rcp":"RCP2.6","period":"2085","key":"snowdays","value":11.2,"estimate":"q50"},{"bfs_id":2772,"rcp":"RCP2.6","period":"2085","key":"snowdays","value":14.6,"estimate":"q95"},{"bfs_id":2772,"rcp":"RCP8.5","period":"2035","key":"snowdays","value":8.4,"estimate":"q5"},{"bfs_id":2772,"rcp":"RCP8.5","period":"2035","key":"snowdays","value":11.1,"estimate":"q50"},{"bfs_id":2772,"rcp":"RCP8.5","period":"2035","key":"snowdays","value":14.4,"estimate":"q95"},{"bfs_id":2772,"rcp":"RCP8.5","period":"2060","key":"snowdays","value":5.8,"estimate":"q5"},{"bfs_id":2772,"rcp":"RCP8.5","period":"2060","key":"snowdays","value":7.9,"estimate":"q50"},{"bfs_id":2772,"rcp":"RCP8.5","period":"2060","key":"snowdays","value":9.7,"estimate":"q95"},{"bfs_id":2772,"rcp":"RCP8.5","period":"2085","key":"snowdays","value":2.6,"estimate":"q5"},{"bfs_id":2772,"rcp":"RCP8.5","period":"2085","key":"snowdays","value":3.8,"estimate":"q50"},{"bfs_id":2772,"rcp":"RCP8.5","period":"2085","key":"snowdays","value":7.7,"estimate":"q95"},{"bfs_id":2772,"rcp":"RCP2.6","period":"2035","key":"TN","value":0.8,"estimate":"q5"},{"bfs_id":2772,"rcp":"RCP2.6","period":"2035","key":"TN","value":1.6,"estimate":"q50"},{"bfs_id":2772,"rcp":"RCP2.6","period":"2035","key":"TN","value":2.9,"estimate":"q95"},{"bfs_id":2772,"rcp":"RCP2.6","period":"2060","key":"TN","value":1,"estimate":"q5"},{"bfs_id":2772,"rcp":"RCP2.6","period":"2060","key":"TN","value":1.7,"estimate":"q50"},{"bfs_id":2772,"rcp":"RCP2.6","period":"2060","key":"TN","value":3.4,"estimate":"q95"},{"bfs_id":2772,"rcp":"RCP2.6","period":"2085","key":"TN","value":0.9,"estimate":"q5"},{"bfs_id":2772,"rcp":"RCP2.6","period":"2085","key":"TN","value":1.6,"estimate":"q50"},{"bfs_id":2772,"rcp":"RCP2.6","period":"2085","key":"TN","value":3.2,"estimate":"q95"},{"bfs_id":2772,"rcp":"RCP8.5","period":"2035","key":"TN","value":1,"estimate":"q5"},{"bfs_id":2772,"rcp":"RCP8.5","period":"2035","key":"TN","value":2.1,"estimate":"q50"},{"bfs_id":2772,"rcp":"RCP8.5","period":"2035","key":"TN","value":4.3,"estimate":"q95"},{"bfs_id":2772,"rcp":"RCP8.5","period":"2060","key":"TN","value":3.6,"estimate":"q5"},{"bfs_id":2772,"rcp":"RCP8.5","period":"2060","key":"TN","value":6.2,"estimate":"q50"},{"bfs_id":2772,"rcp":"RCP8.5","period":"2060","key":"TN","value":11.9,"estimate":"q95"},{"bfs_id":2772,"rcp":"RCP8.5","period":"2085","key":"TN","value":10.8,"estimate":"q5"},{"bfs_id":2772,"rcp":"RCP8.5","period":"2085","key":"TN","value":14.9,"estimate":"q50"},{"bfs_id":2772,"rcp":"RCP8.5","period":"2085","key":"TN","value":34.8,"estimate":"q95"},{"bfs_id":2772,"rcp":"RCP2.6","period":"2035","key":"pr","value":2.2,"estimate":"q5","season":"DJF"},{"bfs_id":2772,"rcp":"RCP2.6","period":"2035","key":"pr","value":2.6,"estimate":"q5","season":"MAM"},{"bfs_id":2772,"rcp":"RCP2.6","period":"2035","key":"pr","value":2.8,"estimate":"q5","season":"JJA"},{"bfs_id":2772,"rcp":"RCP2.6","period":"2035","key":"pr","value":2.4,"estimate":"q5","season":"SON"},{"bfs_id":2772,"rcp":"RCP2.6","period":"2035","key":"pr","value":2.5,"estimate":"q50","season":"DJF"},{"bfs_id":2772,"rcp":"RCP2.6","period":"2035","key":"pr","value":3,"estimate":"q50","season":"MAM"},{"bfs_id":2772,"rcp":"RCP2.6","period":"2035","key":"pr","value":3.2,"estimate":"q50","season":"JJA"},{"bfs_id":2772,"rcp":"RCP2.6","period":"2035","key":"pr","value":2.7,"estimate":"q50","season":"SON"},{"bfs_id":2772,"rcp":"RCP2.6","period":"2035","key":"pr","value":2.9,"estimate":"q95","season":"DJF"},{"bfs_id":2772,"rcp":"RCP2.6","period":"2035","key":"pr","value":3.2,"estimate":"q95","season":"MAM"},{"bfs_id":2772,"rcp":"RCP2.6","period":"2035","key":"pr","value":3.7,"estimate":"q95","season":"JJA"},{"bfs_id":2772,"rcp":"RCP2.6","period":"2035","key":"pr","value":3.1,"estimate":"q95","season":"SON"},{"bfs_id":2772,"rcp":"RCP2.6","period":"2060","key":"pr","value":2.2,"estimate":"q5","season":"DJF"},{"bfs_id":2772,"rcp":"RCP2.6","period":"2060","key":"pr","value":2.8,"estimate":"q5","season":"MAM"},{"bfs_id":2772,"rcp":"RCP2.6","period":"2060","key":"pr","value":2.8,"estimate":"q5","season":"JJA"},{"bfs_id":2772,"rcp":"RCP2.6","period":"2060","key":"pr","value":2.6,"estimate":"q5","season":"SON"},{"bfs_id":2772,"rcp":"RCP2.6","period":"2060","key":"pr","value":2.5,"estimate":"q50","season":"DJF"},{"bfs_id":2772,"rcp":"RCP2.6","period":"2060","key":"pr","value":3,"estimate":"q50","season":"MAM"},{"bfs_id":2772,"rcp":"RCP2.6","period":"2060","key":"pr","value":3.2,"estimate":"q50","season":"JJA"},{"bfs_id":2772,"rcp":"RCP2.6","period":"2060","key":"pr","value":2.7,"estimate":"q50","season":"SON"},{"bfs_id":2772,"rcp":"RCP2.6","period":"2060","key":"pr","value":2.7,"estimate":"q95","season":"DJF"},{"bfs_id":2772,"rcp":"RCP2.6","period":"2060","key":"pr","value":3.3,"estimate":"q95","season":"MAM"},{"bfs_id":2772,"rcp":"RCP2.6","period":"2060","key":"pr","value":3.7,"estimate":"q95","season":"JJA"},{"bfs_id":2772,"rcp":"RCP2.6","period":"2060","key":"pr","value":3.1,"estimate":"q95","season":"SON"},{"bfs_id":2772,"rcp":"RCP2.6","period":"2085","key":"pr","value":2.3,"estimate":"q5","season":"DJF"},{"bfs_id":2772,"rcp":"RCP2.6","period":"2085","key":"pr","value":2.7,"estimate":"q5","season":"MAM"},{"bfs_id":2772,"rcp":"RCP2.6","period":"2085","key":"pr","value":2.8,"estimate":"q5","season":"JJA"},{"bfs_id":2772,"rcp":"RCP2.6","period":"2085","key":"pr","value":2.4,"estimate":"q5","season":"SON"},{"bfs_id":2772,"rcp":"RCP2.6","period":"2085","key":"pr","value":2.5,"estimate":"q50","season":"DJF"},{"bfs_id":2772,"rcp":"RCP2.6","period":"2085","key":"pr","value":2.9,"estimate":"q50","season":"MAM"},{"bfs_id":2772,"rcp":"RCP2.6","period":"2085","key":"pr","value":3.3,"estimate":"q50","season":"JJA"},{"bfs_id":2772,"rcp":"RCP2.6","period":"2085","key":"pr","value":2.7,"estimate":"q50","season":"SON"},{"bfs_id":2772,"rcp":"RCP2.6","period":"2085","key":"pr","value":2.8,"estimate":"q95","season":"DJF"},{"bfs_id":2772,"rcp":"RCP2.6","period":"2085","key":"pr","value":3.3,"estimate":"q95","season":"MAM"},{"bfs_id":2772,"rcp":"RCP2.6","period":"2085","key":"pr","value":3.6,"estimate":"q95","season":"JJA"},{"bfs_id":2772,"rcp":"RCP2.6","period":"2085","key":"pr","value":3,"estimate":"q95","season":"SON"},{"bfs_id":2772,"rcp":"RCP8.5","period":"2035","key":"pr","value":2.3,"estimate":"q5","season":"DJF"},{"bfs_id":2772,"rcp":"RCP8.5","period":"2035","key":"pr","value":2.8,"estimate":"q5","season":"MAM"},{"bfs_id":2772,"rcp":"RCP8.5","period":"2035","key":"pr","value":2.6,"estimate":"q5","season":"JJA"},{"bfs_id":2772,"rcp":"RCP8.5","period":"2035","key":"pr","value":2.4,"estimate":"q5","season":"SON"},{"bfs_id":2772,"rcp":"RCP8.5","period":"2035","key":"pr","value":2.6,"estimate":"q50","season":"DJF"},{"bfs_id":2772,"rcp":"RCP8.5","period":"2035","key":"pr","value":3.1,"estimate":"q50","season":"MAM"},{"bfs_id":2772,"rcp":"RCP8.5","period":"2035","key":"pr","value":3.3,"estimate":"q50","season":"JJA"},{"bfs_id":2772,"rcp":"RCP8.5","period":"2035","key":"pr","value":2.8,"estimate":"q50","season":"SON"},{"bfs_id":2772,"rcp":"RCP8.5","period":"2035","key":"pr","value":2.8,"estimate":"q95","season":"DJF"},{"bfs_id":2772,"rcp":"RCP8.5","period":"2035","key":"pr","value":3.2,"estimate":"q95","season":"MAM"},{"bfs_id":2772,"rcp":"RCP8.5","period":"2035","key":"pr","value":3.7,"estimate":"q95","season":"JJA"},{"bfs_id":2772,"rcp":"RCP8.5","period":"2035","key":"pr","value":3.2,"estimate":"q95","season":"SON"},{"bfs_id":2772,"rcp":"RCP8.5","period":"2060","key":"pr","value":2.4,"estimate":"q5","season":"DJF"},{"bfs_id":2772,"rcp":"RCP8.5","period":"2060","key":"pr","value":3,"estimate":"q5","season":"MAM"},{"bfs_id":2772,"rcp":"RCP8.5","period":"2060","key":"pr","value":2.4,"estimate":"q5","season":"JJA"},{"bfs_id":2772,"rcp":"RCP8.5","period":"2060","key":"pr","value":2.4,"estimate":"q5","season":"SON"},{"bfs_id":2772,"rcp":"RCP8.5","period":"2060","key":"pr","value":2.6,"estimate":"q50","season":"DJF"},{"bfs_id":2772,"rcp":"RCP8.5","period":"2060","key":"pr","value":3.2,"estimate":"q50","season":"MAM"},{"bfs_id":2772,"rcp":"RCP8.5","period":"2060","key":"pr","value":3.2,"estimate":"q50","season":"JJA"},{"bfs_id":2772,"rcp":"RCP8.5","period":"2060","key":"pr","value":2.8,"estimate":"q50","season":"SON"},{"bfs_id":2772,"rcp":"RCP8.5","period":"2060","key":"pr","value":2.9,"estimate":"q95","season":"DJF"},{"bfs_id":2772,"rcp":"RCP8.5","period":"2060","key":"pr","value":3.5,"estimate":"q95","season":"MAM"},{"bfs_id":2772,"rcp":"RCP8.5","period":"2060","key":"pr","value":3.5,"estimate":"q95","season":"JJA"},{"bfs_id":2772,"rcp":"RCP8.5","period":"2060","key":"pr","value":3.1,"estimate":"q95","season":"SON"},{"bfs_id":2772,"rcp":"RCP8.5","period":"2085","key":"pr","value":2.6,"estimate":"q5","season":"DJF"},{"bfs_id":2772,"rcp":"RCP8.5","period":"2085","key":"pr","value":2.9,"estimate":"q5","season":"MAM"},{"bfs_id":2772,"rcp":"RCP8.5","period":"2085","key":"pr","value":1.9,"estimate":"q5","season":"JJA"},{"bfs_id":2772,"rcp":"RCP8.5","period":"2085","key":"pr","value":2.4,"estimate":"q5","season":"SON"},{"bfs_id":2772,"rcp":"RCP8.5","period":"2085","key":"pr","value":2.9,"estimate":"q50","season":"DJF"},{"bfs_id":2772,"rcp":"RCP8.5","period":"2085","key":"pr","value":3.2,"estimate":"q50","season":"MAM"},{"bfs_id":2772,"rcp":"RCP8.5","period":"2085","key":"pr","value":2.8,"estimate":"q50","season":"JJA"},{"bfs_id":2772,"rcp":"RCP8.5","period":"2085","key":"pr","value":2.8,"estimate":"q50","season":"SON"},{"bfs_id":2772,"rcp":"RCP8.5","period":"2085","key":"pr","value":3.3,"estimate":"q95","season":"DJF"},{"bfs_id":2772,"rcp":"RCP8.5","period":"2085","key":"pr","value":3.5,"estimate":"q95","season":"MAM"},{"bfs_id":2772,"rcp":"RCP8.5","period":"2085","key":"pr","value":3.3,"estimate":"q95","season":"JJA"},{"bfs_id":2772,"rcp":"RCP8.5","period":"2085","key":"pr","value":3.2,"estimate":"q95","season":"SON"},{"bfs_id":2772,"rcp":"RCP2.6","period":"2035","key":"tas","value":2.4,"estimate":"q5","season":"DJF"},{"bfs_id":2772,"rcp":"RCP2.6","period":"2035","key":"tas","value":9.9,"estimate":"q5","season":"MAM"},{"bfs_id":2772,"rcp":"RCP2.6","period":"2035","key":"tas","value":18.9,"estimate":"q5","season":"JJA"},{"bfs_id":2772,"rcp":"RCP2.6","period":"2035","key":"tas","value":10.8,"estimate":"q5","season":"SON"},{"bfs_id":2772,"rcp":"RCP2.6","period":"2035","key":"tas","value":3,"estimate":"q50","season":"DJF"},{"bfs_id":2772,"rcp":"RCP2.6","period":"2035","key":"tas","value":10.4,"estimate":"q50","season":"MAM"},{"bfs_id":2772,"rcp":"RCP2.6","period":"2035","key":"tas","value":19.4,"estimate":"q50","season":"JJA"},{"bfs_id":2772,"rcp":"RCP2.6","period":"2035","key":"tas","value":11.2,"estimate":"q50","season":"SON"},{"bfs_id":2772,"rcp":"RCP2.6","period":"2035","key":"tas","value":3.8,"estimate":"q95","season":"DJF"},{"bfs_id":2772,"rcp":"RCP2.6","period":"2035","key":"tas","value":10.7,"estimate":"q95","season":"MAM"},{"bfs_id":2772,"rcp":"RCP2.6","period":"2035","key":"tas","value":20,"estimate":"q95","season":"JJA"},{"bfs_id":2772,"rcp":"RCP2.6","period":"2035","key":"tas","value":12,"estimate":"q95","season":"SON"},{"bfs_id":2772,"rcp":"RCP2.6","period":"2060","key":"tas","value":2.5,"estimate":"q5","season":"DJF"},{"bfs_id":2772,"rcp":"RCP2.6","period":"2060","key":"tas","value":9.8,"estimate":"q5","season":"MAM"},{"bfs_id":2772,"rcp":"RCP2.6","period":"2060","key":"tas","value":19.1,"estimate":"q5","season":"JJA"},{"bfs_id":2772,"rcp":"RCP2.6","period":"2060","key":"tas","value":11.1,"estimate":"q5","season":"SON"},{"bfs_id":2772,"rcp":"RCP2.6","period":"2060","key":"tas","value":3.3,"estimate":"q50","season":"DJF"},{"bfs_id":2772,"rcp":"RCP2.6","period":"2060","key":"tas","value":10.5,"estimate":"q50","season":"MAM"},{"bfs_id":2772,"rcp":"RCP2.6","period":"2060","key":"tas","value":19.5,"estimate":"q50","season":"JJA"},{"bfs_id":2772,"rcp":"RCP2.6","period":"2060","key":"tas","value":11.4,"estimate":"q50","season":"SON"},{"bfs_id":2772,"rcp":"RCP2.6","period":"2060","key":"tas","value":3.9,"estimate":"q95","season":"DJF"},{"bfs_id":2772,"rcp":"RCP2.6","period":"2060","key":"tas","value":10.9,"estimate":"q95","season":"MAM"},{"bfs_id":2772,"rcp":"RCP2.6","period":"2060","key":"tas","value":20.2,"estimate":"q95","season":"JJA"},{"bfs_id":2772,"rcp":"RCP2.6","period":"2060","key":"tas","value":12.4,"estimate":"q95","season":"SON"},{"bfs_id":2772,"rcp":"RCP2.6","period":"2085","key":"tas","value":2.6,"estimate":"q5","season":"DJF"},{"bfs_id":2772,"rcp":"RCP2.6","period":"2085","key":"tas","value":9.8,"estimate":"q5","season":"MAM"},{"bfs_id":2772,"rcp":"RCP2.6","period":"2085","key":"tas","value":19,"estimate":"q5","season":"JJA"},{"bfs_id":2772,"rcp":"RCP2.6","period":"2085","key":"tas","value":10.9,"estimate":"q5","season":"SON"},{"bfs_id":2772,"rcp":"RCP2.6","period":"2085","key":"tas","value":3.3,"estimate":"q50","season":"DJF"},{"bfs_id":2772,"rcp":"RCP2.6","period":"2085","key":"tas","value":10.6,"estimate":"q50","season":"MAM"},{"bfs_id":2772,"rcp":"RCP2.6","period":"2085","key":"tas","value":19.5,"estimate":"q50","season":"JJA"},{"bfs_id":2772,"rcp":"RCP2.6","period":"2085","key":"tas","value":11.4,"estimate":"q50","season":"SON"},{"bfs_id":2772,"rcp":"RCP2.6","period":"2085","key":"tas","value":3.9,"estimate":"q95","season":"DJF"},{"bfs_id":2772,"rcp":"RCP2.6","period":"2085","key":"tas","value":10.9,"estimate":"q95","season":"MAM"},{"bfs_id":2772,"rcp":"RCP2.6","period":"2085","key":"tas","value":20.1,"estimate":"q95","season":"JJA"},{"bfs_id":2772,"rcp":"RCP2.6","period":"2085","key":"tas","value":12.3,"estimate":"q95","season":"SON"},{"bfs_id":2772,"rcp":"RCP8.5","period":"2035","key":"tas","value":2.4,"estimate":"q5","season":"DJF"},{"bfs_id":2772,"rcp":"RCP8.5","period":"2035","key":"tas","value":10.1,"estimate":"q5","season":"MAM"},{"bfs_id":2772,"rcp":"RCP8.5","period":"2035","key":"tas","value":19.2,"estimate":"q5","season":"JJA"},{"bfs_id":2772,"rcp":"RCP8.5","period":"2035","key":"tas","value":11.1,"estimate":"q5","season":"SON"},{"bfs_id":2772,"rcp":"RCP8.5","period":"2035","key":"tas","value":3.4,"estimate":"q50","season":"DJF"},{"bfs_id":2772,"rcp":"RCP8.5","period":"2035","key":"tas","value":10.5,"estimate":"q50","season":"MAM"},{"bfs_id":2772,"rcp":"RCP8.5","period":"2035","key":"tas","value":19.7,"estimate":"q50","season":"JJA"},{"bfs_id":2772,"rcp":"RCP8.5","period":"2035","key":"tas","value":11.6,"estimate":"q50","season":"SON"},{"bfs_id":2772,"rcp":"RCP8.5","period":"2035","key":"tas","value":3.9,"estimate":"q95","season":"DJF"},{"bfs_id":2772,"rcp":"RCP8.5","period":"2035","key":"tas","value":10.8,"estimate":"q95","season":"MAM"},{"bfs_id":2772,"rcp":"RCP8.5","period":"2035","key":"tas","value":20.3,"estimate":"q95","season":"JJA"},{"bfs_id":2772,"rcp":"RCP8.5","period":"2035","key":"tas","value":12.4,"estimate":"q95","season":"SON"},{"bfs_id":2772,"rcp":"RCP8.5","period":"2060","key":"tas","value":3.8,"estimate":"q5","season":"DJF"},{"bfs_id":2772,"rcp":"RCP8.5","period":"2060","key":"tas","value":10.9,"estimate":"q5","season":"MAM"},{"bfs_id":2772,"rcp":"RCP8.5","period":"2060","key":"tas","value":20.3,"estimate":"q5","season":"JJA"},{"bfs_id":2772,"rcp":"RCP8.5","period":"2060","key":"tas","value":12.1,"estimate":"q5","season":"SON"},{"bfs_id":2772,"rcp":"RCP8.5","period":"2060","key":"tas","value":4.2,"estimate":"q50","season":"DJF"},{"bfs_id":2772,"rcp":"RCP8.5","period":"2060","key":"tas","value":11.3,"estimate":"q50","season":"MAM"},{"bfs_id":2772,"rcp":"RCP8.5","period":"2060","key":"tas","value":20.8,"estimate":"q50","season":"JJA"},{"bfs_id":2772,"rcp":"RCP8.5","period":"2060","key":"tas","value":12.8,"estimate":"q50","season":"SON"},{"bfs_id":2772,"rcp":"RCP8.5","period":"2060","key":"tas","value":5,"estimate":"q95","season":"DJF"},{"bfs_id":2772,"rcp":"RCP8.5","period":"2060","key":"tas","value":11.8,"estimate":"q95","season":"MAM"},{"bfs_id":2772,"rcp":"RCP8.5","period":"2060","key":"tas","value":21.9,"estimate":"q95","season":"JJA"},{"bfs_id":2772,"rcp":"RCP8.5","period":"2060","key":"tas","value":13.6,"estimate":"q95","season":"SON"},{"bfs_id":2772,"rcp":"RCP8.5","period":"2085","key":"tas","value":4.9,"estimate":"q5","season":"DJF"},{"bfs_id":2772,"rcp":"RCP8.5","period":"2085","key":"tas","value":11.9,"estimate":"q5","season":"MAM"},{"bfs_id":2772,"rcp":"RCP8.5","period":"2085","key":"tas","value":21.7,"estimate":"q5","season":"JJA"},{"bfs_id":2772,"rcp":"RCP8.5","period":"2085","key":"tas","value":13.3,"estimate":"q5","season":"SON"},{"bfs_id":2772,"rcp":"RCP8.5","period":"2085","key":"tas","value":6,"estimate":"q50","season":"DJF"},{"bfs_id":2772,"rcp":"RCP8.5","period":"2085","key":"tas","value":12.6,"estimate":"q50","season":"MAM"},{"bfs_id":2772,"rcp":"RCP8.5","period":"2085","key":"tas","value":22.6,"estimate":"q50","season":"JJA"},{"bfs_id":2772,"rcp":"RCP8.5","period":"2085","key":"tas","value":14.1,"estimate":"q50","season":"SON"},{"bfs_id":2772,"rcp":"RCP8.5","period":"2085","key":"tas","value":6.7,"estimate":"q95","season":"DJF"},{"bfs_id":2772,"rcp":"RCP8.5","period":"2085","key":"tas","value":13.4,"estimate":"q95","season":"MAM"},{"bfs_id":2772,"rcp":"RCP8.5","period":"2085","key":"tas","value":24.8,"estimate":"q95","season":"JJA"},{"bfs_id":2772,"rcp":"RCP8.5","period":"2085","key":"tas","value":15.8,"estimate":"q95","season":"SON"},{"bfs_id":2772,"rcp":"obs","period":"1981-2010","key":"FD","value":71.1,"estimate":"yearly_mean"},{"bfs_id":2772,"rcp":"obs","period":"1981-2010","key":"HD","value":9.7,"estimate":"yearly_mean"},{"bfs_id":2772,"rcp":"obs","period":"1981-2010","key":"ID","value":14.6,"estimate":"yearly_mean"},{"bfs_id":2772,"rcp":"obs","period":"1981-2010","key":"SD","value":48.9,"estimate":"yearly_mean"},{"bfs_id":2772,"rcp":"obs","period":"1981-2010","key":"snowdays","value":14.2,"estimate":"yearly_mean"},{"bfs_id":2772,"rcp":"obs","period":"1981-2010","key":"TN","value":0.3,"estimate":"yearly_mean"},{"bfs_id":2772,"rcp":"obs","period":"1981-2010","key":"pr","value":2.2,"estimate":"mean","season":"DJF"},{"bfs_id":2772,"rcp":"obs","period":"1981-2010","key":"pr","value":2.9,"estimate":"mean","season":"MAM"},{"bfs_id":2772,"rcp":"obs","period":"1981-2010","key":"pr","value":3.3,"estimate":"mean","season":"JJA"},{"bfs_id":2772,"rcp":"obs","period":"1981-2010","key":"pr","value":2.8,"estimate":"mean","season":"SON"},{"bfs_id":2772,"rcp":"obs","period":"1981-2010","key":"tas","value":1.9,"estimate":"mean","season":"DJF"},{"bfs_id":2772,"rcp":"obs","period":"1981-2010","key":"tas","value":9.8,"estimate":"mean","season":"MAM"},{"bfs_id":2772,"rcp":"obs","period":"1981-2010","key":"tas","value":18.3,"estimate":"mean","season":"JJA"},{"bfs_id":2772,"rcp":"obs","period":"1981-2010","key":"tas","value":10.2,"estimate":"mean","season":"SON"}]
