[{"bfs_id":2266,"rcp":"RCP2.6","period":"2035","key":"FD","value":60.2,"estimate":"q5"},{"bfs_id":2266,"rcp":"RCP2.6","period":"2035","key":"FD","value":72.4,"estimate":"q50"},{"bfs_id":2266,"rcp":"RCP2.6","period":"2035","key":"FD","value":79.1,"estimate":"q95"},{"bfs_id":2266,"rcp":"RCP2.6","period":"2060","key":"FD","value":57.3,"estimate":"q5"},{"bfs_id":2266,"rcp":"RCP2.6","period":"2060","key":"FD","value":68.8,"estimate":"q50"},{"bfs_id":2266,"rcp":"RCP2.6","period":"2060","key":"FD","value":75.6,"estimate":"q95"},{"bfs_id":2266,"rcp":"RCP2.6","period":"2085","key":"FD","value":56.4,"estimate":"q5"},{"bfs_id":2266,"rcp":"RCP2.6","period":"2085","key":"FD","value":69.1,"estimate":"q50"},{"bfs_id":2266,"rcp":"RCP2.6","period":"2085","key":"FD","value":77.5,"estimate":"q95"},{"bfs_id":2266,"rcp":"RCP8.5","period":"2035","key":"FD","value":59.3,"estimate":"q5"},{"bfs_id":2266,"rcp":"RCP8.5","period":"2035","key":"FD","value":68,"estimate":"q50"},{"bfs_id":2266,"rcp":"RCP8.5","period":"2035","key":"FD","value":75.2,"estimate":"q95"},{"bfs_id":2266,"rcp":"RCP8.5","period":"2060","key":"FD","value":44.7,"estimate":"q5"},{"bfs_id":2266,"rcp":"RCP8.5","period":"2060","key":"FD","value":54.1,"estimate":"q50"},{"bfs_id":2266,"rcp":"RCP8.5","period":"2060","key":"FD","value":61.4,"estimate":"q95"},{"bfs_id":2266,"rcp":"RCP8.5","period":"2085","key":"FD","value":28.5,"estimate":"q5"},{"bfs_id":2266,"rcp":"RCP8.5","period":"2085","key":"FD","value":35.2,"estimate":"q50"},{"bfs_id":2266,"rcp":"RCP8.5","period":"2085","key":"FD","value":44.6,"estimate":"q95"},{"bfs_id":2266,"rcp":"RCP2.6","period":"2035","key":"HD","value":8.3,"estimate":"q5"},{"bfs_id":2266,"rcp":"RCP2.6","period":"2035","key":"HD","value":12.2,"estimate":"q50"},{"bfs_id":2266,"rcp":"RCP2.6","period":"2035","key":"HD","value":17.7,"estimate":"q95"},{"bfs_id":2266,"rcp":"RCP2.6","period":"2060","key":"HD","value":9.7,"estimate":"q5"},{"bfs_id":2266,"rcp":"RCP2.6","period":"2060","key":"HD","value":12.7,"estimate":"q50"},{"bfs_id":2266,"rcp":"RCP2.6","period":"2060","key":"HD","value":21,"estimate":"q95"},{"bfs_id":2266,"rcp":"RCP2.6","period":"2085","key":"HD","value":9.5,"estimate":"q5"},{"bfs_id":2266,"rcp":"RCP2.6","period":"2085","key":"HD","value":11.8,"estimate":"q50"},{"bfs_id":2266,"rcp":"RCP2.6","period":"2085","key":"HD","value":20.2,"estimate":"q95"},{"bfs_id":2266,"rcp":"RCP8.5","period":"2035","key":"HD","value":10.2,"estimate":"q5"},{"bfs_id":2266,"rcp":"RCP8.5","period":"2035","key":"HD","value":12.8,"estimate":"q50"},{"bfs_id":2266,"rcp":"RCP8.5","period":"2035","key":"HD","value":19.2,"estimate":"q95"},{"bfs_id":2266,"rcp":"RCP8.5","period":"2060","key":"HD","value":16.2,"estimate":"q5"},{"bfs_id":2266,"rcp":"RCP8.5","period":"2060","key":"HD","value":22.4,"estimate":"q50"},{"bfs_id":2266,"rcp":"RCP8.5","period":"2060","key":"HD","value":36.7,"estimate":"q95"},{"bfs_id":2266,"rcp":"RCP8.5","period":"2085","key":"HD","value":30.3,"estimate":"q5"},{"bfs_id":2266,"rcp":"RCP8.5","period":"2085","key":"HD","value":36.5,"estimate":"q50"},{"bfs_id":2266,"rcp":"RCP8.5","period":"2085","key":"HD","value":60.6,"estimate":"q95"},{"bfs_id":2266,"rcp":"RCP2.6","period":"2035","key":"ID","value":8.7,"estimate":"q5"},{"bfs_id":2266,"rcp":"RCP2.6","period":"2035","key":"ID","value":12.6,"estimate":"q50"},{"bfs_id":2266,"rcp":"RCP2.6","period":"2035","key":"ID","value":15.3,"estimate":"q95"},{"bfs_id":2266,"rcp":"RCP2.6","period":"2060","key":"ID","value":8.3,"estimate":"q5"},{"bfs_id":2266,"rcp":"RCP2.6","period":"2060","key":"ID","value":11.9,"estimate":"q50"},{"bfs_id":2266,"rcp":"RCP2.6","period":"2060","key":"ID","value":14.6,"estimate":"q95"},{"bfs_id":2266,"rcp":"RCP2.6","period":"2085","key":"ID","value":8.4,"estimate":"q5"},{"bfs_id":2266,"rcp":"RCP2.6","period":"2085","key":"ID","value":11,"estimate":"q50"},{"bfs_id":2266,"rcp":"RCP2.6","period":"2085","key":"ID","value":14.9,"estimate":"q95"},{"bfs_id":2266,"rcp":"RCP8.5","period":"2035","key":"ID","value":8.9,"estimate":"q5"},{"bfs_id":2266,"rcp":"RCP8.5","period":"2035","key":"ID","value":11,"estimate":"q50"},{"bfs_id":2266,"rcp":"RCP8.5","period":"2035","key":"ID","value":14.8,"estimate":"q95"},{"bfs_id":2266,"rcp":"RCP8.5","period":"2060","key":"ID","value":5.8,"estimate":"q5"},{"bfs_id":2266,"rcp":"RCP8.5","period":"2060","key":"ID","value":8.2,"estimate":"q50"},{"bfs_id":2266,"rcp":"RCP8.5","period":"2060","key":"ID","value":9.9,"estimate":"q95"},{"bfs_id":2266,"rcp":"RCP8.5","period":"2085","key":"ID","value":1.6,"estimate":"q5"},{"bfs_id":2266,"rcp":"RCP8.5","period":"2085","key":"ID","value":3.4,"estimate":"q50"},{"bfs_id":2266,"rcp":"RCP8.5","period":"2085","key":"ID","value":5.8,"estimate":"q95"},{"bfs_id":2266,"rcp":"RCP2.6","period":"2035","key":"SD","value":50.4,"estimate":"q5"},{"bfs_id":2266,"rcp":"RCP2.6","period":"2035","key":"SD","value":57.3,"estimate":"q50"},{"bfs_id":2266,"rcp":"RCP2.6","period":"2035","key":"SD","value":65.8,"estimate":"q95"},{"bfs_id":2266,"rcp":"RCP2.6","period":"2060","key":"SD","value":51.1,"estimate":"q5"},{"bfs_id":2266,"rcp":"RCP2.6","period":"2060","key":"SD","value":58.3,"estimate":"q50"},{"bfs_id":2266,"rcp":"RCP2.6","period":"2060","key":"SD","value":65.8,"estimate":"q95"},{"bfs_id":2266,"rcp":"RCP2.6","period":"2085","key":"SD","value":51.6,"estimate":"q5"},{"bfs_id":2266,"rcp":"RCP2.6","period":"2085","key":"SD","value":58.7,"estimate":"q50"},{"bfs_id":2266,"rcp":"RCP2.6","period":"2085","key":"SD","value":65.3,"estimate":"q95"},{"bfs_id":2266,"rcp":"RCP8.5","period":"2035","key":"SD","value":53.3,"estimate":"q5"},{"bfs_id":2266,"rcp":"RCP8.5","period":"2035","key":"SD","value":58.9,"estimate":"q50"},{"bfs_id":2266,"rcp":"RCP8.5","period":"2035","key":"SD","value":66.6,"estimate":"q95"},{"bfs_id":2266,"rcp":"RCP8.5","period":"2060","key":"SD","value":68.8,"estimate":"q5"},{"bfs_id":2266,"rcp":"RCP8.5","period":"2060","key":"SD","value":75.6,"estimate":"q50"},{"bfs_id":2266,"rcp":"RCP8.5","period":"2060","key":"SD","value":89.2,"estimate":"q95"},{"bfs_id":2266,"rcp":"RCP8.5","period":"2085","key":"SD","value":84.4,"estimate":"q5"},{"bfs_id":2266,"rcp":"RCP8.5","period":"2085","key":"SD","value":96.6,"estimate":"q50"},{"bfs_id":2266,"rcp":"RCP8.5","period":"2085","key":"SD","value":116.1,"estimate":"q95"},{"bfs_id":2266,"rcp":"RCP2.6","period":"2035","key":"snowdays","value":11.4,"estimate":"q5"},{"bfs_id":2266,"rcp":"RCP2.6","period":"2035","key":"snowdays","value":16.4,"estimate":"q50"},{"bfs_id":2266,"rcp":"RCP2.6","period":"2035","key":"snowdays","value":20.7,"estimate":"q95"},{"bfs_id":2266,"rcp":"RCP2.6","period":"2060","key":"snowdays","value":10.7,"estimate":"q5"},{"bfs_id":2266,"rcp":"RCP2.6","period":"2060","key":"snowdays","value":14.8,"estimate":"q50"},{"bfs_id":2266,"rcp":"RCP2.6","period":"2060","key":"snowdays","value":20,"estimate":"q95"},{"bfs_id":2266,"rcp":"RCP2.6","period":"2085","key":"snowdays","value":10.6,"estimate":"q5"},{"bfs_id":2266,"rcp":"RCP2.6","period":"2085","key":"snowdays","value":15.2,"estimate":"q50"},{"bfs_id":2266,"rcp":"RCP2.6","period":"2085","key":"snowdays","value":20.1,"estimate":"q95"},{"bfs_id":2266,"rcp":"RCP8.5","period":"2035","key":"snowdays","value":9,"estimate":"q5"},{"bfs_id":2266,"rcp":"RCP8.5","period":"2035","key":"snowdays","value":13.9,"estimate":"q50"},{"bfs_id":2266,"rcp":"RCP8.5","period":"2035","key":"snowdays","value":19.4,"estimate":"q95"},{"bfs_id":2266,"rcp":"RCP8.5","period":"2060","key":"snowdays","value":6.7,"estimate":"q5"},{"bfs_id":2266,"rcp":"RCP8.5","period":"2060","key":"snowdays","value":11,"estimate":"q50"},{"bfs_id":2266,"rcp":"RCP8.5","period":"2060","key":"snowdays","value":13.5,"estimate":"q95"},{"bfs_id":2266,"rcp":"RCP8.5","period":"2085","key":"snowdays","value":3.2,"estimate":"q5"},{"bfs_id":2266,"rcp":"RCP8.5","period":"2085","key":"snowdays","value":5.5,"estimate":"q50"},{"bfs_id":2266,"rcp":"RCP8.5","period":"2085","key":"snowdays","value":11.4,"estimate":"q95"},{"bfs_id":2266,"rcp":"RCP2.6","period":"2035","key":"TN","value":0.1,"estimate":"q5"},{"bfs_id":2266,"rcp":"RCP2.6","period":"2035","key":"TN","value":0.5,"estimate":"q50"},{"bfs_id":2266,"rcp":"RCP2.6","period":"2035","key":"TN","value":1.3,"estimate":"q95"},{"bfs_id":2266,"rcp":"RCP2.6","period":"2060","key":"TN","value":0.2,"estimate":"q5"},{"bfs_id":2266,"rcp":"RCP2.6","period":"2060","key":"TN","value":0.7,"estimate":"q50"},{"bfs_id":2266,"rcp":"RCP2.6","period":"2060","key":"TN","value":1.5,"estimate":"q95"},{"bfs_id":2266,"rcp":"RCP2.6","period":"2085","key":"TN","value":0.2,"estimate":"q5"},{"bfs_id":2266,"rcp":"RCP2.6","period":"2085","key":"TN","value":0.7,"estimate":"q50"},{"bfs_id":2266,"rcp":"RCP2.6","period":"2085","key":"TN","value":1.2,"estimate":"q95"},{"bfs_id":2266,"rcp":"RCP8.5","period":"2035","key":"TN","value":0.3,"estimate":"q5"},{"bfs_id":2266,"rcp":"RCP8.5","period":"2035","key":"TN","value":0.8,"estimate":"q50"},{"bfs_id":2266,"rcp":"RCP8.5","period":"2035","key":"TN","value":2.3,"estimate":"q95"},{"bfs_id":2266,"rcp":"RCP8.5","period":"2060","key":"TN","value":1.4,"estimate":"q5"},{"bfs_id":2266,"rcp":"RCP8.5","period":"2060","key":"TN","value":3.6,"estimate":"q50"},{"bfs_id":2266,"rcp":"RCP8.5","period":"2060","key":"TN","value":6.9,"estimate":"q95"},{"bfs_id":2266,"rcp":"RCP8.5","period":"2085","key":"TN","value":6.7,"estimate":"q5"},{"bfs_id":2266,"rcp":"RCP8.5","period":"2085","key":"TN","value":10.9,"estimate":"q50"},{"bfs_id":2266,"rcp":"RCP8.5","period":"2085","key":"TN","value":27.9,"estimate":"q95"},{"bfs_id":2266,"rcp":"RCP2.6","period":"2035","key":"pr","value":2.1,"estimate":"q5","season":"DJF"},{"bfs_id":2266,"rcp":"RCP2.6","period":"2035","key":"pr","value":2.5,"estimate":"q5","season":"MAM"},{"bfs_id":2266,"rcp":"RCP2.6","period":"2035","key":"pr","value":2.4,"estimate":"q5","season":"JJA"},{"bfs_id":2266,"rcp":"RCP2.6","period":"2035","key":"pr","value":2.4,"estimate":"q5","season":"SON"},{"bfs_id":2266,"rcp":"RCP2.6","period":"2035","key":"pr","value":2.4,"estimate":"q50","season":"DJF"},{"bfs_id":2266,"rcp":"RCP2.6","period":"2035","key":"pr","value":2.8,"estimate":"q50","season":"MAM"},{"bfs_id":2266,"rcp":"RCP2.6","period":"2035","key":"pr","value":3.1,"estimate":"q50","season":"JJA"},{"bfs_id":2266,"rcp":"RCP2.6","period":"2035","key":"pr","value":2.7,"estimate":"q50","season":"SON"},{"bfs_id":2266,"rcp":"RCP2.6","period":"2035","key":"pr","value":2.9,"estimate":"q95","season":"DJF"},{"bfs_id":2266,"rcp":"RCP2.6","period":"2035","key":"pr","value":3.1,"estimate":"q95","season":"MAM"},{"bfs_id":2266,"rcp":"RCP2.6","period":"2035","key":"pr","value":3.5,"estimate":"q95","season":"JJA"},{"bfs_id":2266,"rcp":"RCP2.6","period":"2035","key":"pr","value":3.2,"estimate":"q95","season":"SON"},{"bfs_id":2266,"rcp":"RCP2.6","period":"2060","key":"pr","value":2.1,"estimate":"q5","season":"DJF"},{"bfs_id":2266,"rcp":"RCP2.6","period":"2060","key":"pr","value":2.6,"estimate":"q5","season":"MAM"},{"bfs_id":2266,"rcp":"RCP2.6","period":"2060","key":"pr","value":2.6,"estimate":"q5","season":"JJA"},{"bfs_id":2266,"rcp":"RCP2.6","period":"2060","key":"pr","value":2.6,"estimate":"q5","season":"SON"},{"bfs_id":2266,"rcp":"RCP2.6","period":"2060","key":"pr","value":2.4,"estimate":"q50","season":"DJF"},{"bfs_id":2266,"rcp":"RCP2.6","period":"2060","key":"pr","value":2.8,"estimate":"q50","season":"MAM"},{"bfs_id":2266,"rcp":"RCP2.6","period":"2060","key":"pr","value":3,"estimate":"q50","season":"JJA"},{"bfs_id":2266,"rcp":"RCP2.6","period":"2060","key":"pr","value":2.7,"estimate":"q50","season":"SON"},{"bfs_id":2266,"rcp":"RCP2.6","period":"2060","key":"pr","value":2.7,"estimate":"q95","season":"DJF"},{"bfs_id":2266,"rcp":"RCP2.6","period":"2060","key":"pr","value":3,"estimate":"q95","season":"MAM"},{"bfs_id":2266,"rcp":"RCP2.6","period":"2060","key":"pr","value":3.6,"estimate":"q95","season":"JJA"},{"bfs_id":2266,"rcp":"RCP2.6","period":"2060","key":"pr","value":3.1,"estimate":"q95","season":"SON"},{"bfs_id":2266,"rcp":"RCP2.6","period":"2085","key":"pr","value":2.2,"estimate":"q5","season":"DJF"},{"bfs_id":2266,"rcp":"RCP2.6","period":"2085","key":"pr","value":2.6,"estimate":"q5","season":"MAM"},{"bfs_id":2266,"rcp":"RCP2.6","period":"2085","key":"pr","value":2.6,"estimate":"q5","season":"JJA"},{"bfs_id":2266,"rcp":"RCP2.6","period":"2085","key":"pr","value":2.3,"estimate":"q5","season":"SON"},{"bfs_id":2266,"rcp":"RCP2.6","period":"2085","key":"pr","value":2.5,"estimate":"q50","season":"DJF"},{"bfs_id":2266,"rcp":"RCP2.6","period":"2085","key":"pr","value":2.8,"estimate":"q50","season":"MAM"},{"bfs_id":2266,"rcp":"RCP2.6","period":"2085","key":"pr","value":3.1,"estimate":"q50","season":"JJA"},{"bfs_id":2266,"rcp":"RCP2.6","period":"2085","key":"pr","value":2.7,"estimate":"q50","season":"SON"},{"bfs_id":2266,"rcp":"RCP2.6","period":"2085","key":"pr","value":2.8,"estimate":"q95","season":"DJF"},{"bfs_id":2266,"rcp":"RCP2.6","period":"2085","key":"pr","value":3,"estimate":"q95","season":"MAM"},{"bfs_id":2266,"rcp":"RCP2.6","period":"2085","key":"pr","value":3.5,"estimate":"q95","season":"JJA"},{"bfs_id":2266,"rcp":"RCP2.6","period":"2085","key":"pr","value":3.1,"estimate":"q95","season":"SON"},{"bfs_id":2266,"rcp":"RCP8.5","period":"2035","key":"pr","value":2.2,"estimate":"q5","season":"DJF"},{"bfs_id":2266,"rcp":"RCP8.5","period":"2035","key":"pr","value":2.6,"estimate":"q5","season":"MAM"},{"bfs_id":2266,"rcp":"RCP8.5","period":"2035","key":"pr","value":2.2,"estimate":"q5","season":"JJA"},{"bfs_id":2266,"rcp":"RCP8.5","period":"2035","key":"pr","value":2.4,"estimate":"q5","season":"SON"},{"bfs_id":2266,"rcp":"RCP8.5","period":"2035","key":"pr","value":2.6,"estimate":"q50","season":"DJF"},{"bfs_id":2266,"rcp":"RCP8.5","period":"2035","key":"pr","value":2.9,"estimate":"q50","season":"MAM"},{"bfs_id":2266,"rcp":"RCP8.5","period":"2035","key":"pr","value":3.1,"estimate":"q50","season":"JJA"},{"bfs_id":2266,"rcp":"RCP8.5","period":"2035","key":"pr","value":2.9,"estimate":"q50","season":"SON"},{"bfs_id":2266,"rcp":"RCP8.5","period":"2035","key":"pr","value":2.8,"estimate":"q95","season":"DJF"},{"bfs_id":2266,"rcp":"RCP8.5","period":"2035","key":"pr","value":3.2,"estimate":"q95","season":"MAM"},{"bfs_id":2266,"rcp":"RCP8.5","period":"2035","key":"pr","value":3.5,"estimate":"q95","season":"JJA"},{"bfs_id":2266,"rcp":"RCP8.5","period":"2035","key":"pr","value":3.3,"estimate":"q95","season":"SON"},{"bfs_id":2266,"rcp":"RCP8.5","period":"2060","key":"pr","value":2.3,"estimate":"q5","season":"DJF"},{"bfs_id":2266,"rcp":"RCP8.5","period":"2060","key":"pr","value":2.7,"estimate":"q5","season":"MAM"},{"bfs_id":2266,"rcp":"RCP8.5","period":"2060","key":"pr","value":2,"estimate":"q5","season":"JJA"},{"bfs_id":2266,"rcp":"RCP8.5","period":"2060","key":"pr","value":2.4,"estimate":"q5","season":"SON"},{"bfs_id":2266,"rcp":"RCP8.5","period":"2060","key":"pr","value":2.6,"estimate":"q50","season":"DJF"},{"bfs_id":2266,"rcp":"RCP8.5","period":"2060","key":"pr","value":3,"estimate":"q50","season":"MAM"},{"bfs_id":2266,"rcp":"RCP8.5","period":"2060","key":"pr","value":3,"estimate":"q50","season":"JJA"},{"bfs_id":2266,"rcp":"RCP8.5","period":"2060","key":"pr","value":2.9,"estimate":"q50","season":"SON"},{"bfs_id":2266,"rcp":"RCP8.5","period":"2060","key":"pr","value":2.9,"estimate":"q95","season":"DJF"},{"bfs_id":2266,"rcp":"RCP8.5","period":"2060","key":"pr","value":3.2,"estimate":"q95","season":"MAM"},{"bfs_id":2266,"rcp":"RCP8.5","period":"2060","key":"pr","value":3.3,"estimate":"q95","season":"JJA"},{"bfs_id":2266,"rcp":"RCP8.5","period":"2060","key":"pr","value":3.1,"estimate":"q95","season":"SON"},{"bfs_id":2266,"rcp":"RCP8.5","period":"2085","key":"pr","value":2.6,"estimate":"q5","season":"DJF"},{"bfs_id":2266,"rcp":"RCP8.5","period":"2085","key":"pr","value":2.7,"estimate":"q5","season":"MAM"},{"bfs_id":2266,"rcp":"RCP8.5","period":"2085","key":"pr","value":1.5,"estimate":"q5","season":"JJA"},{"bfs_id":2266,"rcp":"RCP8.5","period":"2085","key":"pr","value":2.3,"estimate":"q5","season":"SON"},{"bfs_id":2266,"rcp":"RCP8.5","period":"2085","key":"pr","value":2.8,"estimate":"q50","season":"DJF"},{"bfs_id":2266,"rcp":"RCP8.5","period":"2085","key":"pr","value":3.1,"estimate":"q50","season":"MAM"},{"bfs_id":2266,"rcp":"RCP8.5","period":"2085","key":"pr","value":2.5,"estimate":"q50","season":"JJA"},{"bfs_id":2266,"rcp":"RCP8.5","period":"2085","key":"pr","value":2.9,"estimate":"q50","season":"SON"},{"bfs_id":2266,"rcp":"RCP8.5","period":"2085","key":"pr","value":3.2,"estimate":"q95","season":"DJF"},{"bfs_id":2266,"rcp":"RCP8.5","period":"2085","key":"pr","value":3.5,"estimate":"q95","season":"MAM"},{"bfs_id":2266,"rcp":"RCP8.5","period":"2085","key":"pr","value":3.2,"estimate":"q95","season":"JJA"},{"bfs_id":2266,"rcp":"RCP8.5","period":"2085","key":"pr","value":3.4,"estimate":"q95","season":"SON"},{"bfs_id":2266,"rcp":"RCP2.6","period":"2035","key":"tas","value":1.7,"estimate":"q5","season":"DJF"},{"bfs_id":2266,"rcp":"RCP2.6","period":"2035","key":"tas","value":9.1,"estimate":"q5","season":"MAM"},{"bfs_id":2266,"rcp":"RCP2.6","period":"2035","key":"tas","value":18.3,"estimate":"q5","season":"JJA"},{"bfs_id":2266,"rcp":"RCP2.6","period":"2035","key":"tas","value":10.2,"estimate":"q5","season":"SON"},{"bfs_id":2266,"rcp":"RCP2.6","period":"2035","key":"tas","value":2.1,"estimate":"q50","season":"DJF"},{"bfs_id":2266,"rcp":"RCP2.6","period":"2035","key":"tas","value":9.6,"estimate":"q50","season":"MAM"},{"bfs_id":2266,"rcp":"RCP2.6","period":"2035","key":"tas","value":18.9,"estimate":"q50","season":"JJA"},{"bfs_id":2266,"rcp":"RCP2.6","period":"2035","key":"tas","value":10.5,"estimate":"q50","season":"SON"},{"bfs_id":2266,"rcp":"RCP2.6","period":"2035","key":"tas","value":2.9,"estimate":"q95","season":"DJF"},{"bfs_id":2266,"rcp":"RCP2.6","period":"2035","key":"tas","value":10,"estimate":"q95","season":"MAM"},{"bfs_id":2266,"rcp":"RCP2.6","period":"2035","key":"tas","value":19.5,"estimate":"q95","season":"JJA"},{"bfs_id":2266,"rcp":"RCP2.6","period":"2035","key":"tas","value":11.3,"estimate":"q95","season":"SON"},{"bfs_id":2266,"rcp":"RCP2.6","period":"2060","key":"tas","value":1.7,"estimate":"q5","season":"DJF"},{"bfs_id":2266,"rcp":"RCP2.6","period":"2060","key":"tas","value":9,"estimate":"q5","season":"MAM"},{"bfs_id":2266,"rcp":"RCP2.6","period":"2060","key":"tas","value":18.6,"estimate":"q5","season":"JJA"},{"bfs_id":2266,"rcp":"RCP2.6","period":"2060","key":"tas","value":10.5,"estimate":"q5","season":"SON"},{"bfs_id":2266,"rcp":"RCP2.6","period":"2060","key":"tas","value":2.5,"estimate":"q50","season":"DJF"},{"bfs_id":2266,"rcp":"RCP2.6","period":"2060","key":"tas","value":9.7,"estimate":"q50","season":"MAM"},{"bfs_id":2266,"rcp":"RCP2.6","period":"2060","key":"tas","value":19,"estimate":"q50","season":"JJA"},{"bfs_id":2266,"rcp":"RCP2.6","period":"2060","key":"tas","value":10.8,"estimate":"q50","season":"SON"},{"bfs_id":2266,"rcp":"RCP2.6","period":"2060","key":"tas","value":3,"estimate":"q95","season":"DJF"},{"bfs_id":2266,"rcp":"RCP2.6","period":"2060","key":"tas","value":10.2,"estimate":"q95","season":"MAM"},{"bfs_id":2266,"rcp":"RCP2.6","period":"2060","key":"tas","value":19.6,"estimate":"q95","season":"JJA"},{"bfs_id":2266,"rcp":"RCP2.6","period":"2060","key":"tas","value":11.8,"estimate":"q95","season":"SON"},{"bfs_id":2266,"rcp":"RCP2.6","period":"2085","key":"tas","value":1.7,"estimate":"q5","season":"DJF"},{"bfs_id":2266,"rcp":"RCP2.6","period":"2085","key":"tas","value":9.1,"estimate":"q5","season":"MAM"},{"bfs_id":2266,"rcp":"RCP2.6","period":"2085","key":"tas","value":18.5,"estimate":"q5","season":"JJA"},{"bfs_id":2266,"rcp":"RCP2.6","period":"2085","key":"tas","value":10.2,"estimate":"q5","season":"SON"},{"bfs_id":2266,"rcp":"RCP2.6","period":"2085","key":"tas","value":2.4,"estimate":"q50","season":"DJF"},{"bfs_id":2266,"rcp":"RCP2.6","period":"2085","key":"tas","value":9.7,"estimate":"q50","season":"MAM"},{"bfs_id":2266,"rcp":"RCP2.6","period":"2085","key":"tas","value":19,"estimate":"q50","season":"JJA"},{"bfs_id":2266,"rcp":"RCP2.6","period":"2085","key":"tas","value":10.8,"estimate":"q50","season":"SON"},{"bfs_id":2266,"rcp":"RCP2.6","period":"2085","key":"tas","value":3.1,"estimate":"q95","season":"DJF"},{"bfs_id":2266,"rcp":"RCP2.6","period":"2085","key":"tas","value":10.3,"estimate":"q95","season":"MAM"},{"bfs_id":2266,"rcp":"RCP2.6","period":"2085","key":"tas","value":19.6,"estimate":"q95","season":"JJA"},{"bfs_id":2266,"rcp":"RCP2.6","period":"2085","key":"tas","value":11.7,"estimate":"q95","season":"SON"},{"bfs_id":2266,"rcp":"RCP8.5","period":"2035","key":"tas","value":1.6,"estimate":"q5","season":"DJF"},{"bfs_id":2266,"rcp":"RCP8.5","period":"2035","key":"tas","value":9.3,"estimate":"q5","season":"MAM"},{"bfs_id":2266,"rcp":"RCP8.5","period":"2035","key":"tas","value":18.8,"estimate":"q5","season":"JJA"},{"bfs_id":2266,"rcp":"RCP8.5","period":"2035","key":"tas","value":10.5,"estimate":"q5","season":"SON"},{"bfs_id":2266,"rcp":"RCP8.5","period":"2035","key":"tas","value":2.5,"estimate":"q50","season":"DJF"},{"bfs_id":2266,"rcp":"RCP8.5","period":"2035","key":"tas","value":9.7,"estimate":"q50","season":"MAM"},{"bfs_id":2266,"rcp":"RCP8.5","period":"2035","key":"tas","value":19.1,"estimate":"q50","season":"JJA"},{"bfs_id":2266,"rcp":"RCP8.5","period":"2035","key":"tas","value":10.9,"estimate":"q50","season":"SON"},{"bfs_id":2266,"rcp":"RCP8.5","period":"2035","key":"tas","value":2.9,"estimate":"q95","season":"DJF"},{"bfs_id":2266,"rcp":"RCP8.5","period":"2035","key":"tas","value":10.1,"estimate":"q95","season":"MAM"},{"bfs_id":2266,"rcp":"RCP8.5","period":"2035","key":"tas","value":19.8,"estimate":"q95","season":"JJA"},{"bfs_id":2266,"rcp":"RCP8.5","period":"2035","key":"tas","value":11.8,"estimate":"q95","season":"SON"},{"bfs_id":2266,"rcp":"RCP8.5","period":"2060","key":"tas","value":2.8,"estimate":"q5","season":"DJF"},{"bfs_id":2266,"rcp":"RCP8.5","period":"2060","key":"tas","value":10.1,"estimate":"q5","season":"MAM"},{"bfs_id":2266,"rcp":"RCP8.5","period":"2060","key":"tas","value":19.8,"estimate":"q5","season":"JJA"},{"bfs_id":2266,"rcp":"RCP8.5","period":"2060","key":"tas","value":11.5,"estimate":"q5","season":"SON"},{"bfs_id":2266,"rcp":"RCP8.5","period":"2060","key":"tas","value":3.3,"estimate":"q50","season":"DJF"},{"bfs_id":2266,"rcp":"RCP8.5","period":"2060","key":"tas","value":10.6,"estimate":"q50","season":"MAM"},{"bfs_id":2266,"rcp":"RCP8.5","period":"2060","key":"tas","value":20.3,"estimate":"q50","season":"JJA"},{"bfs_id":2266,"rcp":"RCP8.5","period":"2060","key":"tas","value":12.1,"estimate":"q50","season":"SON"},{"bfs_id":2266,"rcp":"RCP8.5","period":"2060","key":"tas","value":4,"estimate":"q95","season":"DJF"},{"bfs_id":2266,"rcp":"RCP8.5","period":"2060","key":"tas","value":11.1,"estimate":"q95","season":"MAM"},{"bfs_id":2266,"rcp":"RCP8.5","period":"2060","key":"tas","value":21.4,"estimate":"q95","season":"JJA"},{"bfs_id":2266,"rcp":"RCP8.5","period":"2060","key":"tas","value":13,"estimate":"q95","season":"SON"},{"bfs_id":2266,"rcp":"RCP8.5","period":"2085","key":"tas","value":4,"estimate":"q5","season":"DJF"},{"bfs_id":2266,"rcp":"RCP8.5","period":"2085","key":"tas","value":11.1,"estimate":"q5","season":"MAM"},{"bfs_id":2266,"rcp":"RCP8.5","period":"2085","key":"tas","value":21.1,"estimate":"q5","season":"JJA"},{"bfs_id":2266,"rcp":"RCP8.5","period":"2085","key":"tas","value":12.6,"estimate":"q5","season":"SON"},{"bfs_id":2266,"rcp":"RCP8.5","period":"2085","key":"tas","value":5.1,"estimate":"q50","season":"DJF"},{"bfs_id":2266,"rcp":"RCP8.5","period":"2085","key":"tas","value":12,"estimate":"q50","season":"MAM"},{"bfs_id":2266,"rcp":"RCP8.5","period":"2085","key":"tas","value":21.9,"estimate":"q50","season":"JJA"},{"bfs_id":2266,"rcp":"RCP8.5","period":"2085","key":"tas","value":13.5,"estimate":"q50","season":"SON"},{"bfs_id":2266,"rcp":"RCP8.5","period":"2085","key":"tas","value":6,"estimate":"q95","season":"DJF"},{"bfs_id":2266,"rcp":"RCP8.5","period":"2085","key":"tas","value":12.9,"estimate":"q95","season":"MAM"},{"bfs_id":2266,"rcp":"RCP8.5","period":"2085","key":"tas","value":24.3,"estimate":"q95","season":"JJA"},{"bfs_id":2266,"rcp":"RCP8.5","period":"2085","key":"tas","value":15.1,"estimate":"q95","season":"SON"},{"bfs_id":2266,"rcp":"obs","period":"1981-2010","key":"FD","value":85.7,"estimate":"yearly_mean"},{"bfs_id":2266,"rcp":"obs","period":"1981-2010","key":"HD","value":6.3,"estimate":"yearly_mean"},{"bfs_id":2266,"rcp":"obs","period":"1981-2010","key":"ID","value":17.8,"estimate":"yearly_mean"},{"bfs_id":2266,"rcp":"obs","period":"1981-2010","key":"SD","value":43.8,"estimate":"yearly_mean"},{"bfs_id":2266,"rcp":"obs","period":"1981-2010","key":"snowdays","value":15.5,"estimate":"yearly_mean"},{"bfs_id":2266,"rcp":"obs","period":"1981-2010","key":"TN","value":0,"estimate":"yearly_mean"},{"bfs_id":2266,"rcp":"obs","period":"1981-2010","key":"pr","value":2.2,"estimate":"mean","season":"DJF"},{"bfs_id":2266,"rcp":"obs","period":"1981-2010","key":"pr","value":2.8,"estimate":"mean","season":"MAM"},{"bfs_id":2266,"rcp":"obs","period":"1981-2010","key":"pr","value":3.3,"estimate":"mean","season":"JJA"},{"bfs_id":2266,"rcp":"obs","period":"1981-2010","key":"pr","value":2.9,"estimate":"mean","season":"SON"},{"bfs_id":2266,"rcp":"obs","period":"1981-2010","key":"tas","value":1,"estimate":"mean","season":"DJF"},{"bfs_id":2266,"rcp":"obs","period":"1981-2010","key":"tas","value":9,"estimate":"mean","season":"MAM"},{"bfs_id":2266,"rcp":"obs","period":"1981-2010","key":"tas","value":17.9,"estimate":"mean","season":"JJA"},{"bfs_id":2266,"rcp":"obs","period":"1981-2010","key":"tas","value":9.5,"estimate":"mean","season":"SON"}]
