[{"bfs_id":3339,"rcp":"RCP2.6","period":"2035","key":"FD","value":58.1,"estimate":"q5"},{"bfs_id":3339,"rcp":"RCP2.6","period":"2035","key":"FD","value":67.8,"estimate":"q50"},{"bfs_id":3339,"rcp":"RCP2.6","period":"2035","key":"FD","value":73.5,"estimate":"q95"},{"bfs_id":3339,"rcp":"RCP2.6","period":"2060","key":"FD","value":53.4,"estimate":"q5"},{"bfs_id":3339,"rcp":"RCP2.6","period":"2060","key":"FD","value":63.8,"estimate":"q50"},{"bfs_id":3339,"rcp":"RCP2.6","period":"2060","key":"FD","value":69.6,"estimate":"q95"},{"bfs_id":3339,"rcp":"RCP2.6","period":"2085","key":"FD","value":52,"estimate":"q5"},{"bfs_id":3339,"rcp":"RCP2.6","period":"2085","key":"FD","value":64.8,"estimate":"q50"},{"bfs_id":3339,"rcp":"RCP2.6","period":"2085","key":"FD","value":71.7,"estimate":"q95"},{"bfs_id":3339,"rcp":"RCP8.5","period":"2035","key":"FD","value":53.7,"estimate":"q5"},{"bfs_id":3339,"rcp":"RCP8.5","period":"2035","key":"FD","value":64,"estimate":"q50"},{"bfs_id":3339,"rcp":"RCP8.5","period":"2035","key":"FD","value":69.3,"estimate":"q95"},{"bfs_id":3339,"rcp":"RCP8.5","period":"2060","key":"FD","value":41.2,"estimate":"q5"},{"bfs_id":3339,"rcp":"RCP8.5","period":"2060","key":"FD","value":50.2,"estimate":"q50"},{"bfs_id":3339,"rcp":"RCP8.5","period":"2060","key":"FD","value":55.4,"estimate":"q95"},{"bfs_id":3339,"rcp":"RCP8.5","period":"2085","key":"FD","value":24.5,"estimate":"q5"},{"bfs_id":3339,"rcp":"RCP8.5","period":"2085","key":"FD","value":32.5,"estimate":"q50"},{"bfs_id":3339,"rcp":"RCP8.5","period":"2085","key":"FD","value":38.9,"estimate":"q95"},{"bfs_id":3339,"rcp":"RCP2.6","period":"2035","key":"HD","value":7.7,"estimate":"q5"},{"bfs_id":3339,"rcp":"RCP2.6","period":"2035","key":"HD","value":9.5,"estimate":"q50"},{"bfs_id":3339,"rcp":"RCP2.6","period":"2035","key":"HD","value":15.9,"estimate":"q95"},{"bfs_id":3339,"rcp":"RCP2.6","period":"2060","key":"HD","value":7.7,"estimate":"q5"},{"bfs_id":3339,"rcp":"RCP2.6","period":"2060","key":"HD","value":9.8,"estimate":"q50"},{"bfs_id":3339,"rcp":"RCP2.6","period":"2060","key":"HD","value":18.2,"estimate":"q95"},{"bfs_id":3339,"rcp":"RCP2.6","period":"2085","key":"HD","value":8.2,"estimate":"q5"},{"bfs_id":3339,"rcp":"RCP2.6","period":"2085","key":"HD","value":10.3,"estimate":"q50"},{"bfs_id":3339,"rcp":"RCP2.6","period":"2085","key":"HD","value":17.5,"estimate":"q95"},{"bfs_id":3339,"rcp":"RCP8.5","period":"2035","key":"HD","value":8.6,"estimate":"q5"},{"bfs_id":3339,"rcp":"RCP8.5","period":"2035","key":"HD","value":11.1,"estimate":"q50"},{"bfs_id":3339,"rcp":"RCP8.5","period":"2035","key":"HD","value":16.8,"estimate":"q95"},{"bfs_id":3339,"rcp":"RCP8.5","period":"2060","key":"HD","value":13.9,"estimate":"q5"},{"bfs_id":3339,"rcp":"RCP8.5","period":"2060","key":"HD","value":21.2,"estimate":"q50"},{"bfs_id":3339,"rcp":"RCP8.5","period":"2060","key":"HD","value":33.4,"estimate":"q95"},{"bfs_id":3339,"rcp":"RCP8.5","period":"2085","key":"HD","value":26.4,"estimate":"q5"},{"bfs_id":3339,"rcp":"RCP8.5","period":"2085","key":"HD","value":30.6,"estimate":"q50"},{"bfs_id":3339,"rcp":"RCP8.5","period":"2085","key":"HD","value":59.6,"estimate":"q95"},{"bfs_id":3339,"rcp":"RCP2.6","period":"2035","key":"ID","value":10.6,"estimate":"q5"},{"bfs_id":3339,"rcp":"RCP2.6","period":"2035","key":"ID","value":13.2,"estimate":"q50"},{"bfs_id":3339,"rcp":"RCP2.6","period":"2035","key":"ID","value":16.5,"estimate":"q95"},{"bfs_id":3339,"rcp":"RCP2.6","period":"2060","key":"ID","value":9.7,"estimate":"q5"},{"bfs_id":3339,"rcp":"RCP2.6","period":"2060","key":"ID","value":12.9,"estimate":"q50"},{"bfs_id":3339,"rcp":"RCP2.6","period":"2060","key":"ID","value":16.8,"estimate":"q95"},{"bfs_id":3339,"rcp":"RCP2.6","period":"2085","key":"ID","value":10.1,"estimate":"q5"},{"bfs_id":3339,"rcp":"RCP2.6","period":"2085","key":"ID","value":12.3,"estimate":"q50"},{"bfs_id":3339,"rcp":"RCP2.6","period":"2085","key":"ID","value":16.5,"estimate":"q95"},{"bfs_id":3339,"rcp":"RCP8.5","period":"2035","key":"ID","value":9.7,"estimate":"q5"},{"bfs_id":3339,"rcp":"RCP8.5","period":"2035","key":"ID","value":11.9,"estimate":"q50"},{"bfs_id":3339,"rcp":"RCP8.5","period":"2035","key":"ID","value":16.2,"estimate":"q95"},{"bfs_id":3339,"rcp":"RCP8.5","period":"2060","key":"ID","value":6.5,"estimate":"q5"},{"bfs_id":3339,"rcp":"RCP8.5","period":"2060","key":"ID","value":8.9,"estimate":"q50"},{"bfs_id":3339,"rcp":"RCP8.5","period":"2060","key":"ID","value":11.2,"estimate":"q95"},{"bfs_id":3339,"rcp":"RCP8.5","period":"2085","key":"ID","value":2.3,"estimate":"q5"},{"bfs_id":3339,"rcp":"RCP8.5","period":"2085","key":"ID","value":4.1,"estimate":"q50"},{"bfs_id":3339,"rcp":"RCP8.5","period":"2085","key":"ID","value":6.5,"estimate":"q95"},{"bfs_id":3339,"rcp":"RCP2.6","period":"2035","key":"SD","value":48.4,"estimate":"q5"},{"bfs_id":3339,"rcp":"RCP2.6","period":"2035","key":"SD","value":53,"estimate":"q50"},{"bfs_id":3339,"rcp":"RCP2.6","period":"2035","key":"SD","value":61.5,"estimate":"q95"},{"bfs_id":3339,"rcp":"RCP2.6","period":"2060","key":"SD","value":49.4,"estimate":"q5"},{"bfs_id":3339,"rcp":"RCP2.6","period":"2060","key":"SD","value":55.3,"estimate":"q50"},{"bfs_id":3339,"rcp":"RCP2.6","period":"2060","key":"SD","value":60.5,"estimate":"q95"},{"bfs_id":3339,"rcp":"RCP2.6","period":"2085","key":"SD","value":48.2,"estimate":"q5"},{"bfs_id":3339,"rcp":"RCP2.6","period":"2085","key":"SD","value":54.4,"estimate":"q50"},{"bfs_id":3339,"rcp":"RCP2.6","period":"2085","key":"SD","value":60.7,"estimate":"q95"},{"bfs_id":3339,"rcp":"RCP8.5","period":"2035","key":"SD","value":50.5,"estimate":"q5"},{"bfs_id":3339,"rcp":"RCP8.5","period":"2035","key":"SD","value":56,"estimate":"q50"},{"bfs_id":3339,"rcp":"RCP8.5","period":"2035","key":"SD","value":62.7,"estimate":"q95"},{"bfs_id":3339,"rcp":"RCP8.5","period":"2060","key":"SD","value":64.5,"estimate":"q5"},{"bfs_id":3339,"rcp":"RCP8.5","period":"2060","key":"SD","value":71.4,"estimate":"q50"},{"bfs_id":3339,"rcp":"RCP8.5","period":"2060","key":"SD","value":86.3,"estimate":"q95"},{"bfs_id":3339,"rcp":"RCP8.5","period":"2085","key":"SD","value":81.5,"estimate":"q5"},{"bfs_id":3339,"rcp":"RCP8.5","period":"2085","key":"SD","value":92.4,"estimate":"q50"},{"bfs_id":3339,"rcp":"RCP8.5","period":"2085","key":"SD","value":113.3,"estimate":"q95"},{"bfs_id":3339,"rcp":"RCP2.6","period":"2035","key":"snowdays","value":14,"estimate":"q5"},{"bfs_id":3339,"rcp":"RCP2.6","period":"2035","key":"snowdays","value":21,"estimate":"q50"},{"bfs_id":3339,"rcp":"RCP2.6","period":"2035","key":"snowdays","value":24.4,"estimate":"q95"},{"bfs_id":3339,"rcp":"RCP2.6","period":"2060","key":"snowdays","value":13.1,"estimate":"q5"},{"bfs_id":3339,"rcp":"RCP2.6","period":"2060","key":"snowdays","value":18.8,"estimate":"q50"},{"bfs_id":3339,"rcp":"RCP2.6","period":"2060","key":"snowdays","value":24.6,"estimate":"q95"},{"bfs_id":3339,"rcp":"RCP2.6","period":"2085","key":"snowdays","value":13,"estimate":"q5"},{"bfs_id":3339,"rcp":"RCP2.6","period":"2085","key":"snowdays","value":19.5,"estimate":"q50"},{"bfs_id":3339,"rcp":"RCP2.6","period":"2085","key":"snowdays","value":25.2,"estimate":"q95"},{"bfs_id":3339,"rcp":"RCP8.5","period":"2035","key":"snowdays","value":12.9,"estimate":"q5"},{"bfs_id":3339,"rcp":"RCP8.5","period":"2035","key":"snowdays","value":19.5,"estimate":"q50"},{"bfs_id":3339,"rcp":"RCP8.5","period":"2035","key":"snowdays","value":25.5,"estimate":"q95"},{"bfs_id":3339,"rcp":"RCP8.5","period":"2060","key":"snowdays","value":9.7,"estimate":"q5"},{"bfs_id":3339,"rcp":"RCP8.5","period":"2060","key":"snowdays","value":15.3,"estimate":"q50"},{"bfs_id":3339,"rcp":"RCP8.5","period":"2060","key":"snowdays","value":19,"estimate":"q95"},{"bfs_id":3339,"rcp":"RCP8.5","period":"2085","key":"snowdays","value":4.7,"estimate":"q5"},{"bfs_id":3339,"rcp":"RCP8.5","period":"2085","key":"snowdays","value":9.6,"estimate":"q50"},{"bfs_id":3339,"rcp":"RCP8.5","period":"2085","key":"snowdays","value":12.8,"estimate":"q95"},{"bfs_id":3339,"rcp":"RCP2.6","period":"2035","key":"TN","value":0.3,"estimate":"q5"},{"bfs_id":3339,"rcp":"RCP2.6","period":"2035","key":"TN","value":0.6,"estimate":"q50"},{"bfs_id":3339,"rcp":"RCP2.6","period":"2035","key":"TN","value":1.6,"estimate":"q95"},{"bfs_id":3339,"rcp":"RCP2.6","period":"2060","key":"TN","value":0.4,"estimate":"q5"},{"bfs_id":3339,"rcp":"RCP2.6","period":"2060","key":"TN","value":0.9,"estimate":"q50"},{"bfs_id":3339,"rcp":"RCP2.6","period":"2060","key":"TN","value":2,"estimate":"q95"},{"bfs_id":3339,"rcp":"RCP2.6","period":"2085","key":"TN","value":0.3,"estimate":"q5"},{"bfs_id":3339,"rcp":"RCP2.6","period":"2085","key":"TN","value":0.9,"estimate":"q50"},{"bfs_id":3339,"rcp":"RCP2.6","period":"2085","key":"TN","value":1.8,"estimate":"q95"},{"bfs_id":3339,"rcp":"RCP8.5","period":"2035","key":"TN","value":0.6,"estimate":"q5"},{"bfs_id":3339,"rcp":"RCP8.5","period":"2035","key":"TN","value":0.9,"estimate":"q50"},{"bfs_id":3339,"rcp":"RCP8.5","period":"2035","key":"TN","value":3.2,"estimate":"q95"},{"bfs_id":3339,"rcp":"RCP8.5","period":"2060","key":"TN","value":2.1,"estimate":"q5"},{"bfs_id":3339,"rcp":"RCP8.5","period":"2060","key":"TN","value":3.9,"estimate":"q50"},{"bfs_id":3339,"rcp":"RCP8.5","period":"2060","key":"TN","value":8.7,"estimate":"q95"},{"bfs_id":3339,"rcp":"RCP8.5","period":"2085","key":"TN","value":7.7,"estimate":"q5"},{"bfs_id":3339,"rcp":"RCP8.5","period":"2085","key":"TN","value":11.3,"estimate":"q50"},{"bfs_id":3339,"rcp":"RCP8.5","period":"2085","key":"TN","value":29.4,"estimate":"q95"},{"bfs_id":3339,"rcp":"RCP2.6","period":"2035","key":"pr","value":3.3,"estimate":"q5","season":"DJF"},{"bfs_id":3339,"rcp":"RCP2.6","period":"2035","key":"pr","value":4,"estimate":"q5","season":"MAM"},{"bfs_id":3339,"rcp":"RCP2.6","period":"2035","key":"pr","value":4.8,"estimate":"q5","season":"JJA"},{"bfs_id":3339,"rcp":"RCP2.6","period":"2035","key":"pr","value":3.7,"estimate":"q5","season":"SON"},{"bfs_id":3339,"rcp":"RCP2.6","period":"2035","key":"pr","value":3.6,"estimate":"q50","season":"DJF"},{"bfs_id":3339,"rcp":"RCP2.6","period":"2035","key":"pr","value":4.6,"estimate":"q50","season":"MAM"},{"bfs_id":3339,"rcp":"RCP2.6","period":"2035","key":"pr","value":5.8,"estimate":"q50","season":"JJA"},{"bfs_id":3339,"rcp":"RCP2.6","period":"2035","key":"pr","value":4.1,"estimate":"q50","season":"SON"},{"bfs_id":3339,"rcp":"RCP2.6","period":"2035","key":"pr","value":4.4,"estimate":"q95","season":"DJF"},{"bfs_id":3339,"rcp":"RCP2.6","period":"2035","key":"pr","value":5.1,"estimate":"q95","season":"MAM"},{"bfs_id":3339,"rcp":"RCP2.6","period":"2035","key":"pr","value":6.3,"estimate":"q95","season":"JJA"},{"bfs_id":3339,"rcp":"RCP2.6","period":"2035","key":"pr","value":5,"estimate":"q95","season":"SON"},{"bfs_id":3339,"rcp":"RCP2.6","period":"2060","key":"pr","value":3.2,"estimate":"q5","season":"DJF"},{"bfs_id":3339,"rcp":"RCP2.6","period":"2060","key":"pr","value":4.2,"estimate":"q5","season":"MAM"},{"bfs_id":3339,"rcp":"RCP2.6","period":"2060","key":"pr","value":5,"estimate":"q5","season":"JJA"},{"bfs_id":3339,"rcp":"RCP2.6","period":"2060","key":"pr","value":3.8,"estimate":"q5","season":"SON"},{"bfs_id":3339,"rcp":"RCP2.6","period":"2060","key":"pr","value":3.7,"estimate":"q50","season":"DJF"},{"bfs_id":3339,"rcp":"RCP2.6","period":"2060","key":"pr","value":4.6,"estimate":"q50","season":"MAM"},{"bfs_id":3339,"rcp":"RCP2.6","period":"2060","key":"pr","value":5.8,"estimate":"q50","season":"JJA"},{"bfs_id":3339,"rcp":"RCP2.6","period":"2060","key":"pr","value":4,"estimate":"q50","season":"SON"},{"bfs_id":3339,"rcp":"RCP2.6","period":"2060","key":"pr","value":4.1,"estimate":"q95","season":"DJF"},{"bfs_id":3339,"rcp":"RCP2.6","period":"2060","key":"pr","value":5.1,"estimate":"q95","season":"MAM"},{"bfs_id":3339,"rcp":"RCP2.6","period":"2060","key":"pr","value":6.3,"estimate":"q95","season":"JJA"},{"bfs_id":3339,"rcp":"RCP2.6","period":"2060","key":"pr","value":4.6,"estimate":"q95","season":"SON"},{"bfs_id":3339,"rcp":"RCP2.6","period":"2085","key":"pr","value":3.2,"estimate":"q5","season":"DJF"},{"bfs_id":3339,"rcp":"RCP2.6","period":"2085","key":"pr","value":4.1,"estimate":"q5","season":"MAM"},{"bfs_id":3339,"rcp":"RCP2.6","period":"2085","key":"pr","value":5.1,"estimate":"q5","season":"JJA"},{"bfs_id":3339,"rcp":"RCP2.6","period":"2085","key":"pr","value":3.6,"estimate":"q5","season":"SON"},{"bfs_id":3339,"rcp":"RCP2.6","period":"2085","key":"pr","value":3.6,"estimate":"q50","season":"DJF"},{"bfs_id":3339,"rcp":"RCP2.6","period":"2085","key":"pr","value":4.5,"estimate":"q50","season":"MAM"},{"bfs_id":3339,"rcp":"RCP2.6","period":"2085","key":"pr","value":5.8,"estimate":"q50","season":"JJA"},{"bfs_id":3339,"rcp":"RCP2.6","period":"2085","key":"pr","value":4.1,"estimate":"q50","season":"SON"},{"bfs_id":3339,"rcp":"RCP2.6","period":"2085","key":"pr","value":4.2,"estimate":"q95","season":"DJF"},{"bfs_id":3339,"rcp":"RCP2.6","period":"2085","key":"pr","value":4.9,"estimate":"q95","season":"MAM"},{"bfs_id":3339,"rcp":"RCP2.6","period":"2085","key":"pr","value":6.4,"estimate":"q95","season":"JJA"},{"bfs_id":3339,"rcp":"RCP2.6","period":"2085","key":"pr","value":4.8,"estimate":"q95","season":"SON"},{"bfs_id":3339,"rcp":"RCP8.5","period":"2035","key":"pr","value":3.4,"estimate":"q5","season":"DJF"},{"bfs_id":3339,"rcp":"RCP8.5","period":"2035","key":"pr","value":4.3,"estimate":"q5","season":"MAM"},{"bfs_id":3339,"rcp":"RCP8.5","period":"2035","key":"pr","value":4.9,"estimate":"q5","season":"JJA"},{"bfs_id":3339,"rcp":"RCP8.5","period":"2035","key":"pr","value":3.7,"estimate":"q5","season":"SON"},{"bfs_id":3339,"rcp":"RCP8.5","period":"2035","key":"pr","value":3.9,"estimate":"q50","season":"DJF"},{"bfs_id":3339,"rcp":"RCP8.5","period":"2035","key":"pr","value":4.7,"estimate":"q50","season":"MAM"},{"bfs_id":3339,"rcp":"RCP8.5","period":"2035","key":"pr","value":5.6,"estimate":"q50","season":"JJA"},{"bfs_id":3339,"rcp":"RCP8.5","period":"2035","key":"pr","value":4.2,"estimate":"q50","season":"SON"},{"bfs_id":3339,"rcp":"RCP8.5","period":"2035","key":"pr","value":4.2,"estimate":"q95","season":"DJF"},{"bfs_id":3339,"rcp":"RCP8.5","period":"2035","key":"pr","value":5.1,"estimate":"q95","season":"MAM"},{"bfs_id":3339,"rcp":"RCP8.5","period":"2035","key":"pr","value":6.4,"estimate":"q95","season":"JJA"},{"bfs_id":3339,"rcp":"RCP8.5","period":"2035","key":"pr","value":4.8,"estimate":"q95","season":"SON"},{"bfs_id":3339,"rcp":"RCP8.5","period":"2060","key":"pr","value":3.5,"estimate":"q5","season":"DJF"},{"bfs_id":3339,"rcp":"RCP8.5","period":"2060","key":"pr","value":4.4,"estimate":"q5","season":"MAM"},{"bfs_id":3339,"rcp":"RCP8.5","period":"2060","key":"pr","value":4.4,"estimate":"q5","season":"JJA"},{"bfs_id":3339,"rcp":"RCP8.5","period":"2060","key":"pr","value":3.6,"estimate":"q5","season":"SON"},{"bfs_id":3339,"rcp":"RCP8.5","period":"2060","key":"pr","value":3.9,"estimate":"q50","season":"DJF"},{"bfs_id":3339,"rcp":"RCP8.5","period":"2060","key":"pr","value":4.9,"estimate":"q50","season":"MAM"},{"bfs_id":3339,"rcp":"RCP8.5","period":"2060","key":"pr","value":5.4,"estimate":"q50","season":"JJA"},{"bfs_id":3339,"rcp":"RCP8.5","period":"2060","key":"pr","value":4,"estimate":"q50","season":"SON"},{"bfs_id":3339,"rcp":"RCP8.5","period":"2060","key":"pr","value":4.3,"estimate":"q95","season":"DJF"},{"bfs_id":3339,"rcp":"RCP8.5","period":"2060","key":"pr","value":5.4,"estimate":"q95","season":"MAM"},{"bfs_id":3339,"rcp":"RCP8.5","period":"2060","key":"pr","value":6.2,"estimate":"q95","season":"JJA"},{"bfs_id":3339,"rcp":"RCP8.5","period":"2060","key":"pr","value":4.7,"estimate":"q95","season":"SON"},{"bfs_id":3339,"rcp":"RCP8.5","period":"2085","key":"pr","value":3.8,"estimate":"q5","season":"DJF"},{"bfs_id":3339,"rcp":"RCP8.5","period":"2085","key":"pr","value":4.5,"estimate":"q5","season":"MAM"},{"bfs_id":3339,"rcp":"RCP8.5","period":"2085","key":"pr","value":3.6,"estimate":"q5","season":"JJA"},{"bfs_id":3339,"rcp":"RCP8.5","period":"2085","key":"pr","value":3.3,"estimate":"q5","season":"SON"},{"bfs_id":3339,"rcp":"RCP8.5","period":"2085","key":"pr","value":4.1,"estimate":"q50","season":"DJF"},{"bfs_id":3339,"rcp":"RCP8.5","period":"2085","key":"pr","value":4.9,"estimate":"q50","season":"MAM"},{"bfs_id":3339,"rcp":"RCP8.5","period":"2085","key":"pr","value":5,"estimate":"q50","season":"JJA"},{"bfs_id":3339,"rcp":"RCP8.5","period":"2085","key":"pr","value":3.9,"estimate":"q50","season":"SON"},{"bfs_id":3339,"rcp":"RCP8.5","period":"2085","key":"pr","value":4.8,"estimate":"q95","season":"DJF"},{"bfs_id":3339,"rcp":"RCP8.5","period":"2085","key":"pr","value":5.5,"estimate":"q95","season":"MAM"},{"bfs_id":3339,"rcp":"RCP8.5","period":"2085","key":"pr","value":5.5,"estimate":"q95","season":"JJA"},{"bfs_id":3339,"rcp":"RCP8.5","period":"2085","key":"pr","value":4.8,"estimate":"q95","season":"SON"},{"bfs_id":3339,"rcp":"RCP2.6","period":"2035","key":"tas","value":1.7,"estimate":"q5","season":"DJF"},{"bfs_id":3339,"rcp":"RCP2.6","period":"2035","key":"tas","value":9.3,"estimate":"q5","season":"MAM"},{"bfs_id":3339,"rcp":"RCP2.6","period":"2035","key":"tas","value":18.4,"estimate":"q5","season":"JJA"},{"bfs_id":3339,"rcp":"RCP2.6","period":"2035","key":"tas","value":10.3,"estimate":"q5","season":"SON"},{"bfs_id":3339,"rcp":"RCP2.6","period":"2035","key":"tas","value":2.3,"estimate":"q50","season":"DJF"},{"bfs_id":3339,"rcp":"RCP2.6","period":"2035","key":"tas","value":9.9,"estimate":"q50","season":"MAM"},{"bfs_id":3339,"rcp":"RCP2.6","period":"2035","key":"tas","value":19,"estimate":"q50","season":"JJA"},{"bfs_id":3339,"rcp":"RCP2.6","period":"2035","key":"tas","value":10.7,"estimate":"q50","season":"SON"},{"bfs_id":3339,"rcp":"RCP2.6","period":"2035","key":"tas","value":2.9,"estimate":"q95","season":"DJF"},{"bfs_id":3339,"rcp":"RCP2.6","period":"2035","key":"tas","value":10.2,"estimate":"q95","season":"MAM"},{"bfs_id":3339,"rcp":"RCP2.6","period":"2035","key":"tas","value":19.7,"estimate":"q95","season":"JJA"},{"bfs_id":3339,"rcp":"RCP2.6","period":"2035","key":"tas","value":11.5,"estimate":"q95","season":"SON"},{"bfs_id":3339,"rcp":"RCP2.6","period":"2060","key":"tas","value":1.7,"estimate":"q5","season":"DJF"},{"bfs_id":3339,"rcp":"RCP2.6","period":"2060","key":"tas","value":9.2,"estimate":"q5","season":"MAM"},{"bfs_id":3339,"rcp":"RCP2.6","period":"2060","key":"tas","value":18.7,"estimate":"q5","season":"JJA"},{"bfs_id":3339,"rcp":"RCP2.6","period":"2060","key":"tas","value":10.5,"estimate":"q5","season":"SON"},{"bfs_id":3339,"rcp":"RCP2.6","period":"2060","key":"tas","value":2.5,"estimate":"q50","season":"DJF"},{"bfs_id":3339,"rcp":"RCP2.6","period":"2060","key":"tas","value":9.9,"estimate":"q50","season":"MAM"},{"bfs_id":3339,"rcp":"RCP2.6","period":"2060","key":"tas","value":19.1,"estimate":"q50","season":"JJA"},{"bfs_id":3339,"rcp":"RCP2.6","period":"2060","key":"tas","value":10.9,"estimate":"q50","season":"SON"},{"bfs_id":3339,"rcp":"RCP2.6","period":"2060","key":"tas","value":3,"estimate":"q95","season":"DJF"},{"bfs_id":3339,"rcp":"RCP2.6","period":"2060","key":"tas","value":10.5,"estimate":"q95","season":"MAM"},{"bfs_id":3339,"rcp":"RCP2.6","period":"2060","key":"tas","value":19.7,"estimate":"q95","season":"JJA"},{"bfs_id":3339,"rcp":"RCP2.6","period":"2060","key":"tas","value":11.9,"estimate":"q95","season":"SON"},{"bfs_id":3339,"rcp":"RCP2.6","period":"2085","key":"tas","value":1.8,"estimate":"q5","season":"DJF"},{"bfs_id":3339,"rcp":"RCP2.6","period":"2085","key":"tas","value":9.3,"estimate":"q5","season":"MAM"},{"bfs_id":3339,"rcp":"RCP2.6","period":"2085","key":"tas","value":18.6,"estimate":"q5","season":"JJA"},{"bfs_id":3339,"rcp":"RCP2.6","period":"2085","key":"tas","value":10.4,"estimate":"q5","season":"SON"},{"bfs_id":3339,"rcp":"RCP2.6","period":"2085","key":"tas","value":2.5,"estimate":"q50","season":"DJF"},{"bfs_id":3339,"rcp":"RCP2.6","period":"2085","key":"tas","value":9.9,"estimate":"q50","season":"MAM"},{"bfs_id":3339,"rcp":"RCP2.6","period":"2085","key":"tas","value":19,"estimate":"q50","season":"JJA"},{"bfs_id":3339,"rcp":"RCP2.6","period":"2085","key":"tas","value":11,"estimate":"q50","season":"SON"},{"bfs_id":3339,"rcp":"RCP2.6","period":"2085","key":"tas","value":3.1,"estimate":"q95","season":"DJF"},{"bfs_id":3339,"rcp":"RCP2.6","period":"2085","key":"tas","value":10.5,"estimate":"q95","season":"MAM"},{"bfs_id":3339,"rcp":"RCP2.6","period":"2085","key":"tas","value":19.6,"estimate":"q95","season":"JJA"},{"bfs_id":3339,"rcp":"RCP2.6","period":"2085","key":"tas","value":11.8,"estimate":"q95","season":"SON"},{"bfs_id":3339,"rcp":"RCP8.5","period":"2035","key":"tas","value":1.8,"estimate":"q5","season":"DJF"},{"bfs_id":3339,"rcp":"RCP8.5","period":"2035","key":"tas","value":9.6,"estimate":"q5","season":"MAM"},{"bfs_id":3339,"rcp":"RCP8.5","period":"2035","key":"tas","value":18.8,"estimate":"q5","season":"JJA"},{"bfs_id":3339,"rcp":"RCP8.5","period":"2035","key":"tas","value":10.6,"estimate":"q5","season":"SON"},{"bfs_id":3339,"rcp":"RCP8.5","period":"2035","key":"tas","value":2.5,"estimate":"q50","season":"DJF"},{"bfs_id":3339,"rcp":"RCP8.5","period":"2035","key":"tas","value":9.9,"estimate":"q50","season":"MAM"},{"bfs_id":3339,"rcp":"RCP8.5","period":"2035","key":"tas","value":19.2,"estimate":"q50","season":"JJA"},{"bfs_id":3339,"rcp":"RCP8.5","period":"2035","key":"tas","value":11.1,"estimate":"q50","season":"SON"},{"bfs_id":3339,"rcp":"RCP8.5","period":"2035","key":"tas","value":2.9,"estimate":"q95","season":"DJF"},{"bfs_id":3339,"rcp":"RCP8.5","period":"2035","key":"tas","value":10.4,"estimate":"q95","season":"MAM"},{"bfs_id":3339,"rcp":"RCP8.5","period":"2035","key":"tas","value":19.9,"estimate":"q95","season":"JJA"},{"bfs_id":3339,"rcp":"RCP8.5","period":"2035","key":"tas","value":11.9,"estimate":"q95","season":"SON"},{"bfs_id":3339,"rcp":"RCP8.5","period":"2060","key":"tas","value":3.1,"estimate":"q5","season":"DJF"},{"bfs_id":3339,"rcp":"RCP8.5","period":"2060","key":"tas","value":10.4,"estimate":"q5","season":"MAM"},{"bfs_id":3339,"rcp":"RCP8.5","period":"2060","key":"tas","value":19.8,"estimate":"q5","season":"JJA"},{"bfs_id":3339,"rcp":"RCP8.5","period":"2060","key":"tas","value":11.7,"estimate":"q5","season":"SON"},{"bfs_id":3339,"rcp":"RCP8.5","period":"2060","key":"tas","value":3.3,"estimate":"q50","season":"DJF"},{"bfs_id":3339,"rcp":"RCP8.5","period":"2060","key":"tas","value":10.9,"estimate":"q50","season":"MAM"},{"bfs_id":3339,"rcp":"RCP8.5","period":"2060","key":"tas","value":20.3,"estimate":"q50","season":"JJA"},{"bfs_id":3339,"rcp":"RCP8.5","period":"2060","key":"tas","value":12.2,"estimate":"q50","season":"SON"},{"bfs_id":3339,"rcp":"RCP8.5","period":"2060","key":"tas","value":4.1,"estimate":"q95","season":"DJF"},{"bfs_id":3339,"rcp":"RCP8.5","period":"2060","key":"tas","value":11.9,"estimate":"q95","season":"MAM"},{"bfs_id":3339,"rcp":"RCP8.5","period":"2060","key":"tas","value":21.5,"estimate":"q95","season":"JJA"},{"bfs_id":3339,"rcp":"RCP8.5","period":"2060","key":"tas","value":13.1,"estimate":"q95","season":"SON"},{"bfs_id":3339,"rcp":"RCP8.5","period":"2085","key":"tas","value":4.1,"estimate":"q5","season":"DJF"},{"bfs_id":3339,"rcp":"RCP8.5","period":"2085","key":"tas","value":11.5,"estimate":"q5","season":"MAM"},{"bfs_id":3339,"rcp":"RCP8.5","period":"2085","key":"tas","value":21.1,"estimate":"q5","season":"JJA"},{"bfs_id":3339,"rcp":"RCP8.5","period":"2085","key":"tas","value":12.6,"estimate":"q5","season":"SON"},{"bfs_id":3339,"rcp":"RCP8.5","period":"2085","key":"tas","value":5.1,"estimate":"q50","season":"DJF"},{"bfs_id":3339,"rcp":"RCP8.5","period":"2085","key":"tas","value":12.3,"estimate":"q50","season":"MAM"},{"bfs_id":3339,"rcp":"RCP8.5","period":"2085","key":"tas","value":21.9,"estimate":"q50","season":"JJA"},{"bfs_id":3339,"rcp":"RCP8.5","period":"2085","key":"tas","value":13.6,"estimate":"q50","season":"SON"},{"bfs_id":3339,"rcp":"RCP8.5","period":"2085","key":"tas","value":5.8,"estimate":"q95","season":"DJF"},{"bfs_id":3339,"rcp":"RCP8.5","period":"2085","key":"tas","value":13.5,"estimate":"q95","season":"MAM"},{"bfs_id":3339,"rcp":"RCP8.5","period":"2085","key":"tas","value":24.2,"estimate":"q95","season":"JJA"},{"bfs_id":3339,"rcp":"RCP8.5","period":"2085","key":"tas","value":15.2,"estimate":"q95","season":"SON"},{"bfs_id":3339,"rcp":"obs","period":"1981-2010","key":"FD","value":80.4,"estimate":"yearly_mean"},{"bfs_id":3339,"rcp":"obs","period":"1981-2010","key":"HD","value":5.3,"estimate":"yearly_mean"},{"bfs_id":3339,"rcp":"obs","period":"1981-2010","key":"ID","value":19.3,"estimate":"yearly_mean"},{"bfs_id":3339,"rcp":"obs","period":"1981-2010","key":"SD","value":40.9,"estimate":"yearly_mean"},{"bfs_id":3339,"rcp":"obs","period":"1981-2010","key":"snowdays","value":20.4,"estimate":"yearly_mean"},{"bfs_id":3339,"rcp":"obs","period":"1981-2010","key":"TN","value":0,"estimate":"yearly_mean"},{"bfs_id":3339,"rcp":"obs","period":"1981-2010","key":"pr","value":3.3,"estimate":"mean","season":"DJF"},{"bfs_id":3339,"rcp":"obs","period":"1981-2010","key":"pr","value":4.3,"estimate":"mean","season":"MAM"},{"bfs_id":3339,"rcp":"obs","period":"1981-2010","key":"pr","value":6.3,"estimate":"mean","season":"JJA"},{"bfs_id":3339,"rcp":"obs","period":"1981-2010","key":"pr","value":4.1,"estimate":"mean","season":"SON"},{"bfs_id":3339,"rcp":"obs","period":"1981-2010","key":"tas","value":1,"estimate":"mean","season":"DJF"},{"bfs_id":3339,"rcp":"obs","period":"1981-2010","key":"tas","value":9.2,"estimate":"mean","season":"MAM"},{"bfs_id":3339,"rcp":"obs","period":"1981-2010","key":"tas","value":17.9,"estimate":"mean","season":"JJA"},{"bfs_id":3339,"rcp":"obs","period":"1981-2010","key":"tas","value":9.7,"estimate":"mean","season":"SON"}]
