[{"bfs_id":2861,"rcp":"RCP2.6","period":"2035","key":"FD","value":53.9,"estimate":"q5"},{"bfs_id":2861,"rcp":"RCP2.6","period":"2035","key":"FD","value":65.2,"estimate":"q50"},{"bfs_id":2861,"rcp":"RCP2.6","period":"2035","key":"FD","value":70.3,"estimate":"q95"},{"bfs_id":2861,"rcp":"RCP2.6","period":"2060","key":"FD","value":51.8,"estimate":"q5"},{"bfs_id":2861,"rcp":"RCP2.6","period":"2060","key":"FD","value":62.3,"estimate":"q50"},{"bfs_id":2861,"rcp":"RCP2.6","period":"2060","key":"FD","value":67.6,"estimate":"q95"},{"bfs_id":2861,"rcp":"RCP2.6","period":"2085","key":"FD","value":52.7,"estimate":"q5"},{"bfs_id":2861,"rcp":"RCP2.6","period":"2085","key":"FD","value":62.7,"estimate":"q50"},{"bfs_id":2861,"rcp":"RCP2.6","period":"2085","key":"FD","value":68.8,"estimate":"q95"},{"bfs_id":2861,"rcp":"RCP8.5","period":"2035","key":"FD","value":51,"estimate":"q5"},{"bfs_id":2861,"rcp":"RCP8.5","period":"2035","key":"FD","value":61.2,"estimate":"q50"},{"bfs_id":2861,"rcp":"RCP8.5","period":"2035","key":"FD","value":67.6,"estimate":"q95"},{"bfs_id":2861,"rcp":"RCP8.5","period":"2060","key":"FD","value":41,"estimate":"q5"},{"bfs_id":2861,"rcp":"RCP8.5","period":"2060","key":"FD","value":47.7,"estimate":"q50"},{"bfs_id":2861,"rcp":"RCP8.5","period":"2060","key":"FD","value":54.6,"estimate":"q95"},{"bfs_id":2861,"rcp":"RCP8.5","period":"2085","key":"FD","value":24.4,"estimate":"q5"},{"bfs_id":2861,"rcp":"RCP8.5","period":"2085","key":"FD","value":28.2,"estimate":"q50"},{"bfs_id":2861,"rcp":"RCP8.5","period":"2085","key":"FD","value":40.5,"estimate":"q95"},{"bfs_id":2861,"rcp":"RCP2.6","period":"2035","key":"HD","value":6.1,"estimate":"q5"},{"bfs_id":2861,"rcp":"RCP2.6","period":"2035","key":"HD","value":9,"estimate":"q50"},{"bfs_id":2861,"rcp":"RCP2.6","period":"2035","key":"HD","value":13.2,"estimate":"q95"},{"bfs_id":2861,"rcp":"RCP2.6","period":"2060","key":"HD","value":6.5,"estimate":"q5"},{"bfs_id":2861,"rcp":"RCP2.6","period":"2060","key":"HD","value":9.6,"estimate":"q50"},{"bfs_id":2861,"rcp":"RCP2.6","period":"2060","key":"HD","value":15.4,"estimate":"q95"},{"bfs_id":2861,"rcp":"RCP2.6","period":"2085","key":"HD","value":6.7,"estimate":"q5"},{"bfs_id":2861,"rcp":"RCP2.6","period":"2085","key":"HD","value":8.1,"estimate":"q50"},{"bfs_id":2861,"rcp":"RCP2.6","period":"2085","key":"HD","value":14.8,"estimate":"q95"},{"bfs_id":2861,"rcp":"RCP8.5","period":"2035","key":"HD","value":7.5,"estimate":"q5"},{"bfs_id":2861,"rcp":"RCP8.5","period":"2035","key":"HD","value":8.8,"estimate":"q50"},{"bfs_id":2861,"rcp":"RCP8.5","period":"2035","key":"HD","value":14.5,"estimate":"q95"},{"bfs_id":2861,"rcp":"RCP8.5","period":"2060","key":"HD","value":12.1,"estimate":"q5"},{"bfs_id":2861,"rcp":"RCP8.5","period":"2060","key":"HD","value":17.3,"estimate":"q50"},{"bfs_id":2861,"rcp":"RCP8.5","period":"2060","key":"HD","value":28.6,"estimate":"q95"},{"bfs_id":2861,"rcp":"RCP8.5","period":"2085","key":"HD","value":23.7,"estimate":"q5"},{"bfs_id":2861,"rcp":"RCP8.5","period":"2085","key":"HD","value":30.2,"estimate":"q50"},{"bfs_id":2861,"rcp":"RCP8.5","period":"2085","key":"HD","value":52.7,"estimate":"q95"},{"bfs_id":2861,"rcp":"RCP2.6","period":"2035","key":"ID","value":10.7,"estimate":"q5"},{"bfs_id":2861,"rcp":"RCP2.6","period":"2035","key":"ID","value":15.2,"estimate":"q50"},{"bfs_id":2861,"rcp":"RCP2.6","period":"2035","key":"ID","value":19,"estimate":"q95"},{"bfs_id":2861,"rcp":"RCP2.6","period":"2060","key":"ID","value":10.8,"estimate":"q5"},{"bfs_id":2861,"rcp":"RCP2.6","period":"2060","key":"ID","value":15.1,"estimate":"q50"},{"bfs_id":2861,"rcp":"RCP2.6","period":"2060","key":"ID","value":17.8,"estimate":"q95"},{"bfs_id":2861,"rcp":"RCP2.6","period":"2085","key":"ID","value":11.1,"estimate":"q5"},{"bfs_id":2861,"rcp":"RCP2.6","period":"2085","key":"ID","value":14.7,"estimate":"q50"},{"bfs_id":2861,"rcp":"RCP2.6","period":"2085","key":"ID","value":17.9,"estimate":"q95"},{"bfs_id":2861,"rcp":"RCP8.5","period":"2035","key":"ID","value":11.2,"estimate":"q5"},{"bfs_id":2861,"rcp":"RCP8.5","period":"2035","key":"ID","value":14.1,"estimate":"q50"},{"bfs_id":2861,"rcp":"RCP8.5","period":"2035","key":"ID","value":18.8,"estimate":"q95"},{"bfs_id":2861,"rcp":"RCP8.5","period":"2060","key":"ID","value":7.3,"estimate":"q5"},{"bfs_id":2861,"rcp":"RCP8.5","period":"2060","key":"ID","value":10.3,"estimate":"q50"},{"bfs_id":2861,"rcp":"RCP8.5","period":"2060","key":"ID","value":12.5,"estimate":"q95"},{"bfs_id":2861,"rcp":"RCP8.5","period":"2085","key":"ID","value":2,"estimate":"q5"},{"bfs_id":2861,"rcp":"RCP8.5","period":"2085","key":"ID","value":4.8,"estimate":"q50"},{"bfs_id":2861,"rcp":"RCP8.5","period":"2085","key":"ID","value":7,"estimate":"q95"},{"bfs_id":2861,"rcp":"RCP2.6","period":"2035","key":"SD","value":40.9,"estimate":"q5"},{"bfs_id":2861,"rcp":"RCP2.6","period":"2035","key":"SD","value":46.5,"estimate":"q50"},{"bfs_id":2861,"rcp":"RCP2.6","period":"2035","key":"SD","value":52.9,"estimate":"q95"},{"bfs_id":2861,"rcp":"RCP2.6","period":"2060","key":"SD","value":41.3,"estimate":"q5"},{"bfs_id":2861,"rcp":"RCP2.6","period":"2060","key":"SD","value":46.8,"estimate":"q50"},{"bfs_id":2861,"rcp":"RCP2.6","period":"2060","key":"SD","value":53.4,"estimate":"q95"},{"bfs_id":2861,"rcp":"RCP2.6","period":"2085","key":"SD","value":41,"estimate":"q5"},{"bfs_id":2861,"rcp":"RCP2.6","period":"2085","key":"SD","value":49,"estimate":"q50"},{"bfs_id":2861,"rcp":"RCP2.6","period":"2085","key":"SD","value":53.4,"estimate":"q95"},{"bfs_id":2861,"rcp":"RCP8.5","period":"2035","key":"SD","value":43,"estimate":"q5"},{"bfs_id":2861,"rcp":"RCP8.5","period":"2035","key":"SD","value":48.6,"estimate":"q50"},{"bfs_id":2861,"rcp":"RCP8.5","period":"2035","key":"SD","value":54.1,"estimate":"q95"},{"bfs_id":2861,"rcp":"RCP8.5","period":"2060","key":"SD","value":57.7,"estimate":"q5"},{"bfs_id":2861,"rcp":"RCP8.5","period":"2060","key":"SD","value":62.7,"estimate":"q50"},{"bfs_id":2861,"rcp":"RCP8.5","period":"2060","key":"SD","value":79.6,"estimate":"q95"},{"bfs_id":2861,"rcp":"RCP8.5","period":"2085","key":"SD","value":73,"estimate":"q5"},{"bfs_id":2861,"rcp":"RCP8.5","period":"2085","key":"SD","value":87,"estimate":"q50"},{"bfs_id":2861,"rcp":"RCP8.5","period":"2085","key":"SD","value":104.8,"estimate":"q95"},{"bfs_id":2861,"rcp":"RCP2.6","period":"2035","key":"snowdays","value":12.6,"estimate":"q5"},{"bfs_id":2861,"rcp":"RCP2.6","period":"2035","key":"snowdays","value":16,"estimate":"q50"},{"bfs_id":2861,"rcp":"RCP2.6","period":"2035","key":"snowdays","value":18,"estimate":"q95"},{"bfs_id":2861,"rcp":"RCP2.6","period":"2060","key":"snowdays","value":11.5,"estimate":"q5"},{"bfs_id":2861,"rcp":"RCP2.6","period":"2060","key":"snowdays","value":14.8,"estimate":"q50"},{"bfs_id":2861,"rcp":"RCP2.6","period":"2060","key":"snowdays","value":18.3,"estimate":"q95"},{"bfs_id":2861,"rcp":"RCP2.6","period":"2085","key":"snowdays","value":11.4,"estimate":"q5"},{"bfs_id":2861,"rcp":"RCP2.6","period":"2085","key":"snowdays","value":15.1,"estimate":"q50"},{"bfs_id":2861,"rcp":"RCP2.6","period":"2085","key":"snowdays","value":17.8,"estimate":"q95"},{"bfs_id":2861,"rcp":"RCP8.5","period":"2035","key":"snowdays","value":11,"estimate":"q5"},{"bfs_id":2861,"rcp":"RCP8.5","period":"2035","key":"snowdays","value":15.1,"estimate":"q50"},{"bfs_id":2861,"rcp":"RCP8.5","period":"2035","key":"snowdays","value":17.7,"estimate":"q95"},{"bfs_id":2861,"rcp":"RCP8.5","period":"2060","key":"snowdays","value":7.8,"estimate":"q5"},{"bfs_id":2861,"rcp":"RCP8.5","period":"2060","key":"snowdays","value":11,"estimate":"q50"},{"bfs_id":2861,"rcp":"RCP8.5","period":"2060","key":"snowdays","value":13,"estimate":"q95"},{"bfs_id":2861,"rcp":"RCP8.5","period":"2085","key":"snowdays","value":3.1,"estimate":"q5"},{"bfs_id":2861,"rcp":"RCP8.5","period":"2085","key":"snowdays","value":5.8,"estimate":"q50"},{"bfs_id":2861,"rcp":"RCP8.5","period":"2085","key":"snowdays","value":8.5,"estimate":"q95"},{"bfs_id":2861,"rcp":"RCP2.6","period":"2035","key":"TN","value":1.1,"estimate":"q5"},{"bfs_id":2861,"rcp":"RCP2.6","period":"2035","key":"TN","value":2.3,"estimate":"q50"},{"bfs_id":2861,"rcp":"RCP2.6","period":"2035","key":"TN","value":3.9,"estimate":"q95"},{"bfs_id":2861,"rcp":"RCP2.6","period":"2060","key":"TN","value":1.5,"estimate":"q5"},{"bfs_id":2861,"rcp":"RCP2.6","period":"2060","key":"TN","value":2.4,"estimate":"q50"},{"bfs_id":2861,"rcp":"RCP2.6","period":"2060","key":"TN","value":4.6,"estimate":"q95"},{"bfs_id":2861,"rcp":"RCP2.6","period":"2085","key":"TN","value":1.5,"estimate":"q5"},{"bfs_id":2861,"rcp":"RCP2.6","period":"2085","key":"TN","value":2.5,"estimate":"q50"},{"bfs_id":2861,"rcp":"RCP2.6","period":"2085","key":"TN","value":4.7,"estimate":"q95"},{"bfs_id":2861,"rcp":"RCP8.5","period":"2035","key":"TN","value":1.5,"estimate":"q5"},{"bfs_id":2861,"rcp":"RCP8.5","period":"2035","key":"TN","value":2.9,"estimate":"q50"},{"bfs_id":2861,"rcp":"RCP8.5","period":"2035","key":"TN","value":5.6,"estimate":"q95"},{"bfs_id":2861,"rcp":"RCP8.5","period":"2060","key":"TN","value":4.7,"estimate":"q5"},{"bfs_id":2861,"rcp":"RCP8.5","period":"2060","key":"TN","value":9,"estimate":"q50"},{"bfs_id":2861,"rcp":"RCP8.5","period":"2060","key":"TN","value":14.7,"estimate":"q95"},{"bfs_id":2861,"rcp":"RCP8.5","period":"2085","key":"TN","value":12.6,"estimate":"q5"},{"bfs_id":2861,"rcp":"RCP8.5","period":"2085","key":"TN","value":20.1,"estimate":"q50"},{"bfs_id":2861,"rcp":"RCP8.5","period":"2085","key":"TN","value":39.4,"estimate":"q95"},{"bfs_id":2861,"rcp":"RCP2.6","period":"2035","key":"pr","value":2.1,"estimate":"q5","season":"DJF"},{"bfs_id":2861,"rcp":"RCP2.6","period":"2035","key":"pr","value":2.5,"estimate":"q5","season":"MAM"},{"bfs_id":2861,"rcp":"RCP2.6","period":"2035","key":"pr","value":2.8,"estimate":"q5","season":"JJA"},{"bfs_id":2861,"rcp":"RCP2.6","period":"2035","key":"pr","value":2.4,"estimate":"q5","season":"SON"},{"bfs_id":2861,"rcp":"RCP2.6","period":"2035","key":"pr","value":2.4,"estimate":"q50","season":"DJF"},{"bfs_id":2861,"rcp":"RCP2.6","period":"2035","key":"pr","value":2.9,"estimate":"q50","season":"MAM"},{"bfs_id":2861,"rcp":"RCP2.6","period":"2035","key":"pr","value":3.2,"estimate":"q50","season":"JJA"},{"bfs_id":2861,"rcp":"RCP2.6","period":"2035","key":"pr","value":2.6,"estimate":"q50","season":"SON"},{"bfs_id":2861,"rcp":"RCP2.6","period":"2035","key":"pr","value":2.8,"estimate":"q95","season":"DJF"},{"bfs_id":2861,"rcp":"RCP2.6","period":"2035","key":"pr","value":3.1,"estimate":"q95","season":"MAM"},{"bfs_id":2861,"rcp":"RCP2.6","period":"2035","key":"pr","value":3.6,"estimate":"q95","season":"JJA"},{"bfs_id":2861,"rcp":"RCP2.6","period":"2035","key":"pr","value":3.1,"estimate":"q95","season":"SON"},{"bfs_id":2861,"rcp":"RCP2.6","period":"2060","key":"pr","value":2.1,"estimate":"q5","season":"DJF"},{"bfs_id":2861,"rcp":"RCP2.6","period":"2060","key":"pr","value":2.7,"estimate":"q5","season":"MAM"},{"bfs_id":2861,"rcp":"RCP2.6","period":"2060","key":"pr","value":2.8,"estimate":"q5","season":"JJA"},{"bfs_id":2861,"rcp":"RCP2.6","period":"2060","key":"pr","value":2.5,"estimate":"q5","season":"SON"},{"bfs_id":2861,"rcp":"RCP2.6","period":"2060","key":"pr","value":2.5,"estimate":"q50","season":"DJF"},{"bfs_id":2861,"rcp":"RCP2.6","period":"2060","key":"pr","value":2.8,"estimate":"q50","season":"MAM"},{"bfs_id":2861,"rcp":"RCP2.6","period":"2060","key":"pr","value":3.2,"estimate":"q50","season":"JJA"},{"bfs_id":2861,"rcp":"RCP2.6","period":"2060","key":"pr","value":2.6,"estimate":"q50","season":"SON"},{"bfs_id":2861,"rcp":"RCP2.6","period":"2060","key":"pr","value":2.7,"estimate":"q95","season":"DJF"},{"bfs_id":2861,"rcp":"RCP2.6","period":"2060","key":"pr","value":3.1,"estimate":"q95","season":"MAM"},{"bfs_id":2861,"rcp":"RCP2.6","period":"2060","key":"pr","value":3.6,"estimate":"q95","season":"JJA"},{"bfs_id":2861,"rcp":"RCP2.6","period":"2060","key":"pr","value":3,"estimate":"q95","season":"SON"},{"bfs_id":2861,"rcp":"RCP2.6","period":"2085","key":"pr","value":2.2,"estimate":"q5","season":"DJF"},{"bfs_id":2861,"rcp":"RCP2.6","period":"2085","key":"pr","value":2.6,"estimate":"q5","season":"MAM"},{"bfs_id":2861,"rcp":"RCP2.6","period":"2085","key":"pr","value":2.7,"estimate":"q5","season":"JJA"},{"bfs_id":2861,"rcp":"RCP2.6","period":"2085","key":"pr","value":2.3,"estimate":"q5","season":"SON"},{"bfs_id":2861,"rcp":"RCP2.6","period":"2085","key":"pr","value":2.4,"estimate":"q50","season":"DJF"},{"bfs_id":2861,"rcp":"RCP2.6","period":"2085","key":"pr","value":2.8,"estimate":"q50","season":"MAM"},{"bfs_id":2861,"rcp":"RCP2.6","period":"2085","key":"pr","value":3.2,"estimate":"q50","season":"JJA"},{"bfs_id":2861,"rcp":"RCP2.6","period":"2085","key":"pr","value":2.6,"estimate":"q50","season":"SON"},{"bfs_id":2861,"rcp":"RCP2.6","period":"2085","key":"pr","value":2.7,"estimate":"q95","season":"DJF"},{"bfs_id":2861,"rcp":"RCP2.6","period":"2085","key":"pr","value":3.1,"estimate":"q95","season":"MAM"},{"bfs_id":2861,"rcp":"RCP2.6","period":"2085","key":"pr","value":3.6,"estimate":"q95","season":"JJA"},{"bfs_id":2861,"rcp":"RCP2.6","period":"2085","key":"pr","value":2.9,"estimate":"q95","season":"SON"},{"bfs_id":2861,"rcp":"RCP8.5","period":"2035","key":"pr","value":2.2,"estimate":"q5","season":"DJF"},{"bfs_id":2861,"rcp":"RCP8.5","period":"2035","key":"pr","value":2.7,"estimate":"q5","season":"MAM"},{"bfs_id":2861,"rcp":"RCP8.5","period":"2035","key":"pr","value":2.5,"estimate":"q5","season":"JJA"},{"bfs_id":2861,"rcp":"RCP8.5","period":"2035","key":"pr","value":2.4,"estimate":"q5","season":"SON"},{"bfs_id":2861,"rcp":"RCP8.5","period":"2035","key":"pr","value":2.6,"estimate":"q50","season":"DJF"},{"bfs_id":2861,"rcp":"RCP8.5","period":"2035","key":"pr","value":2.9,"estimate":"q50","season":"MAM"},{"bfs_id":2861,"rcp":"RCP8.5","period":"2035","key":"pr","value":3.3,"estimate":"q50","season":"JJA"},{"bfs_id":2861,"rcp":"RCP8.5","period":"2035","key":"pr","value":2.7,"estimate":"q50","season":"SON"},{"bfs_id":2861,"rcp":"RCP8.5","period":"2035","key":"pr","value":2.7,"estimate":"q95","season":"DJF"},{"bfs_id":2861,"rcp":"RCP8.5","period":"2035","key":"pr","value":3.1,"estimate":"q95","season":"MAM"},{"bfs_id":2861,"rcp":"RCP8.5","period":"2035","key":"pr","value":3.6,"estimate":"q95","season":"JJA"},{"bfs_id":2861,"rcp":"RCP8.5","period":"2035","key":"pr","value":3,"estimate":"q95","season":"SON"},{"bfs_id":2861,"rcp":"RCP8.5","period":"2060","key":"pr","value":2.3,"estimate":"q5","season":"DJF"},{"bfs_id":2861,"rcp":"RCP8.5","period":"2060","key":"pr","value":2.8,"estimate":"q5","season":"MAM"},{"bfs_id":2861,"rcp":"RCP8.5","period":"2060","key":"pr","value":2.4,"estimate":"q5","season":"JJA"},{"bfs_id":2861,"rcp":"RCP8.5","period":"2060","key":"pr","value":2.4,"estimate":"q5","season":"SON"},{"bfs_id":2861,"rcp":"RCP8.5","period":"2060","key":"pr","value":2.6,"estimate":"q50","season":"DJF"},{"bfs_id":2861,"rcp":"RCP8.5","period":"2060","key":"pr","value":3,"estimate":"q50","season":"MAM"},{"bfs_id":2861,"rcp":"RCP8.5","period":"2060","key":"pr","value":3.1,"estimate":"q50","season":"JJA"},{"bfs_id":2861,"rcp":"RCP8.5","period":"2060","key":"pr","value":2.7,"estimate":"q50","season":"SON"},{"bfs_id":2861,"rcp":"RCP8.5","period":"2060","key":"pr","value":2.9,"estimate":"q95","season":"DJF"},{"bfs_id":2861,"rcp":"RCP8.5","period":"2060","key":"pr","value":3.3,"estimate":"q95","season":"MAM"},{"bfs_id":2861,"rcp":"RCP8.5","period":"2060","key":"pr","value":3.4,"estimate":"q95","season":"JJA"},{"bfs_id":2861,"rcp":"RCP8.5","period":"2060","key":"pr","value":3,"estimate":"q95","season":"SON"},{"bfs_id":2861,"rcp":"RCP8.5","period":"2085","key":"pr","value":2.5,"estimate":"q5","season":"DJF"},{"bfs_id":2861,"rcp":"RCP8.5","period":"2085","key":"pr","value":2.8,"estimate":"q5","season":"MAM"},{"bfs_id":2861,"rcp":"RCP8.5","period":"2085","key":"pr","value":1.8,"estimate":"q5","season":"JJA"},{"bfs_id":2861,"rcp":"RCP8.5","period":"2085","key":"pr","value":2.3,"estimate":"q5","season":"SON"},{"bfs_id":2861,"rcp":"RCP8.5","period":"2085","key":"pr","value":2.8,"estimate":"q50","season":"DJF"},{"bfs_id":2861,"rcp":"RCP8.5","period":"2085","key":"pr","value":3.2,"estimate":"q50","season":"MAM"},{"bfs_id":2861,"rcp":"RCP8.5","period":"2085","key":"pr","value":2.7,"estimate":"q50","season":"JJA"},{"bfs_id":2861,"rcp":"RCP8.5","period":"2085","key":"pr","value":2.7,"estimate":"q50","season":"SON"},{"bfs_id":2861,"rcp":"RCP8.5","period":"2085","key":"pr","value":3.2,"estimate":"q95","season":"DJF"},{"bfs_id":2861,"rcp":"RCP8.5","period":"2085","key":"pr","value":3.4,"estimate":"q95","season":"MAM"},{"bfs_id":2861,"rcp":"RCP8.5","period":"2085","key":"pr","value":3.3,"estimate":"q95","season":"JJA"},{"bfs_id":2861,"rcp":"RCP8.5","period":"2085","key":"pr","value":3.1,"estimate":"q95","season":"SON"},{"bfs_id":2861,"rcp":"RCP2.6","period":"2035","key":"tas","value":1.7,"estimate":"q5","season":"DJF"},{"bfs_id":2861,"rcp":"RCP2.6","period":"2035","key":"tas","value":9,"estimate":"q5","season":"MAM"},{"bfs_id":2861,"rcp":"RCP2.6","period":"2035","key":"tas","value":18.1,"estimate":"q5","season":"JJA"},{"bfs_id":2861,"rcp":"RCP2.6","period":"2035","key":"tas","value":10.2,"estimate":"q5","season":"SON"},{"bfs_id":2861,"rcp":"RCP2.6","period":"2035","key":"tas","value":2.3,"estimate":"q50","season":"DJF"},{"bfs_id":2861,"rcp":"RCP2.6","period":"2035","key":"tas","value":9.6,"estimate":"q50","season":"MAM"},{"bfs_id":2861,"rcp":"RCP2.6","period":"2035","key":"tas","value":18.7,"estimate":"q50","season":"JJA"},{"bfs_id":2861,"rcp":"RCP2.6","period":"2035","key":"tas","value":10.6,"estimate":"q50","season":"SON"},{"bfs_id":2861,"rcp":"RCP2.6","period":"2035","key":"tas","value":3.2,"estimate":"q95","season":"DJF"},{"bfs_id":2861,"rcp":"RCP2.6","period":"2035","key":"tas","value":9.9,"estimate":"q95","season":"MAM"},{"bfs_id":2861,"rcp":"RCP2.6","period":"2035","key":"tas","value":19.3,"estimate":"q95","season":"JJA"},{"bfs_id":2861,"rcp":"RCP2.6","period":"2035","key":"tas","value":11.4,"estimate":"q95","season":"SON"},{"bfs_id":2861,"rcp":"RCP2.6","period":"2060","key":"tas","value":1.7,"estimate":"q5","season":"DJF"},{"bfs_id":2861,"rcp":"RCP2.6","period":"2060","key":"tas","value":8.9,"estimate":"q5","season":"MAM"},{"bfs_id":2861,"rcp":"RCP2.6","period":"2060","key":"tas","value":18.3,"estimate":"q5","season":"JJA"},{"bfs_id":2861,"rcp":"RCP2.6","period":"2060","key":"tas","value":10.5,"estimate":"q5","season":"SON"},{"bfs_id":2861,"rcp":"RCP2.6","period":"2060","key":"tas","value":2.6,"estimate":"q50","season":"DJF"},{"bfs_id":2861,"rcp":"RCP2.6","period":"2060","key":"tas","value":9.6,"estimate":"q50","season":"MAM"},{"bfs_id":2861,"rcp":"RCP2.6","period":"2060","key":"tas","value":18.8,"estimate":"q50","season":"JJA"},{"bfs_id":2861,"rcp":"RCP2.6","period":"2060","key":"tas","value":10.8,"estimate":"q50","season":"SON"},{"bfs_id":2861,"rcp":"RCP2.6","period":"2060","key":"tas","value":3.2,"estimate":"q95","season":"DJF"},{"bfs_id":2861,"rcp":"RCP2.6","period":"2060","key":"tas","value":10.1,"estimate":"q95","season":"MAM"},{"bfs_id":2861,"rcp":"RCP2.6","period":"2060","key":"tas","value":19.5,"estimate":"q95","season":"JJA"},{"bfs_id":2861,"rcp":"RCP2.6","period":"2060","key":"tas","value":11.8,"estimate":"q95","season":"SON"},{"bfs_id":2861,"rcp":"RCP2.6","period":"2085","key":"tas","value":1.9,"estimate":"q5","season":"DJF"},{"bfs_id":2861,"rcp":"RCP2.6","period":"2085","key":"tas","value":9,"estimate":"q5","season":"MAM"},{"bfs_id":2861,"rcp":"RCP2.6","period":"2085","key":"tas","value":18.3,"estimate":"q5","season":"JJA"},{"bfs_id":2861,"rcp":"RCP2.6","period":"2085","key":"tas","value":10.2,"estimate":"q5","season":"SON"},{"bfs_id":2861,"rcp":"RCP2.6","period":"2085","key":"tas","value":2.6,"estimate":"q50","season":"DJF"},{"bfs_id":2861,"rcp":"RCP2.6","period":"2085","key":"tas","value":9.7,"estimate":"q50","season":"MAM"},{"bfs_id":2861,"rcp":"RCP2.6","period":"2085","key":"tas","value":18.8,"estimate":"q50","season":"JJA"},{"bfs_id":2861,"rcp":"RCP2.6","period":"2085","key":"tas","value":10.8,"estimate":"q50","season":"SON"},{"bfs_id":2861,"rcp":"RCP2.6","period":"2085","key":"tas","value":3.3,"estimate":"q95","season":"DJF"},{"bfs_id":2861,"rcp":"RCP2.6","period":"2085","key":"tas","value":10.1,"estimate":"q95","season":"MAM"},{"bfs_id":2861,"rcp":"RCP2.6","period":"2085","key":"tas","value":19.4,"estimate":"q95","season":"JJA"},{"bfs_id":2861,"rcp":"RCP2.6","period":"2085","key":"tas","value":11.7,"estimate":"q95","season":"SON"},{"bfs_id":2861,"rcp":"RCP8.5","period":"2035","key":"tas","value":1.6,"estimate":"q5","season":"DJF"},{"bfs_id":2861,"rcp":"RCP8.5","period":"2035","key":"tas","value":9.3,"estimate":"q5","season":"MAM"},{"bfs_id":2861,"rcp":"RCP8.5","period":"2035","key":"tas","value":18.5,"estimate":"q5","season":"JJA"},{"bfs_id":2861,"rcp":"RCP8.5","period":"2035","key":"tas","value":10.5,"estimate":"q5","season":"SON"},{"bfs_id":2861,"rcp":"RCP8.5","period":"2035","key":"tas","value":2.7,"estimate":"q50","season":"DJF"},{"bfs_id":2861,"rcp":"RCP8.5","period":"2035","key":"tas","value":9.6,"estimate":"q50","season":"MAM"},{"bfs_id":2861,"rcp":"RCP8.5","period":"2035","key":"tas","value":19,"estimate":"q50","season":"JJA"},{"bfs_id":2861,"rcp":"RCP8.5","period":"2035","key":"tas","value":11,"estimate":"q50","season":"SON"},{"bfs_id":2861,"rcp":"RCP8.5","period":"2035","key":"tas","value":3.2,"estimate":"q95","season":"DJF"},{"bfs_id":2861,"rcp":"RCP8.5","period":"2035","key":"tas","value":10,"estimate":"q95","season":"MAM"},{"bfs_id":2861,"rcp":"RCP8.5","period":"2035","key":"tas","value":19.6,"estimate":"q95","season":"JJA"},{"bfs_id":2861,"rcp":"RCP8.5","period":"2035","key":"tas","value":11.8,"estimate":"q95","season":"SON"},{"bfs_id":2861,"rcp":"RCP8.5","period":"2060","key":"tas","value":3.1,"estimate":"q5","season":"DJF"},{"bfs_id":2861,"rcp":"RCP8.5","period":"2060","key":"tas","value":10.1,"estimate":"q5","season":"MAM"},{"bfs_id":2861,"rcp":"RCP8.5","period":"2060","key":"tas","value":19.6,"estimate":"q5","season":"JJA"},{"bfs_id":2861,"rcp":"RCP8.5","period":"2060","key":"tas","value":11.6,"estimate":"q5","season":"SON"},{"bfs_id":2861,"rcp":"RCP8.5","period":"2060","key":"tas","value":3.5,"estimate":"q50","season":"DJF"},{"bfs_id":2861,"rcp":"RCP8.5","period":"2060","key":"tas","value":10.5,"estimate":"q50","season":"MAM"},{"bfs_id":2861,"rcp":"RCP8.5","period":"2060","key":"tas","value":20.2,"estimate":"q50","season":"JJA"},{"bfs_id":2861,"rcp":"RCP8.5","period":"2060","key":"tas","value":12.2,"estimate":"q50","season":"SON"},{"bfs_id":2861,"rcp":"RCP8.5","period":"2060","key":"tas","value":4.3,"estimate":"q95","season":"DJF"},{"bfs_id":2861,"rcp":"RCP8.5","period":"2060","key":"tas","value":11.1,"estimate":"q95","season":"MAM"},{"bfs_id":2861,"rcp":"RCP8.5","period":"2060","key":"tas","value":21.3,"estimate":"q95","season":"JJA"},{"bfs_id":2861,"rcp":"RCP8.5","period":"2060","key":"tas","value":13.1,"estimate":"q95","season":"SON"},{"bfs_id":2861,"rcp":"RCP8.5","period":"2085","key":"tas","value":4.3,"estimate":"q5","season":"DJF"},{"bfs_id":2861,"rcp":"RCP8.5","period":"2085","key":"tas","value":11.1,"estimate":"q5","season":"MAM"},{"bfs_id":2861,"rcp":"RCP8.5","period":"2085","key":"tas","value":21.1,"estimate":"q5","season":"JJA"},{"bfs_id":2861,"rcp":"RCP8.5","period":"2085","key":"tas","value":12.6,"estimate":"q5","season":"SON"},{"bfs_id":2861,"rcp":"RCP8.5","period":"2085","key":"tas","value":5.4,"estimate":"q50","season":"DJF"},{"bfs_id":2861,"rcp":"RCP8.5","period":"2085","key":"tas","value":11.9,"estimate":"q50","season":"MAM"},{"bfs_id":2861,"rcp":"RCP8.5","period":"2085","key":"tas","value":22,"estimate":"q50","season":"JJA"},{"bfs_id":2861,"rcp":"RCP8.5","period":"2085","key":"tas","value":13.6,"estimate":"q50","season":"SON"},{"bfs_id":2861,"rcp":"RCP8.5","period":"2085","key":"tas","value":6.1,"estimate":"q95","season":"DJF"},{"bfs_id":2861,"rcp":"RCP8.5","period":"2085","key":"tas","value":12.8,"estimate":"q95","season":"MAM"},{"bfs_id":2861,"rcp":"RCP8.5","period":"2085","key":"tas","value":24.3,"estimate":"q95","season":"JJA"},{"bfs_id":2861,"rcp":"RCP8.5","period":"2085","key":"tas","value":15.3,"estimate":"q95","season":"SON"},{"bfs_id":2861,"rcp":"obs","period":"1981-2010","key":"FD","value":78.8,"estimate":"yearly_mean"},{"bfs_id":2861,"rcp":"obs","period":"1981-2010","key":"HD","value":4.3,"estimate":"yearly_mean"},{"bfs_id":2861,"rcp":"obs","period":"1981-2010","key":"ID","value":22.4,"estimate":"yearly_mean"},{"bfs_id":2861,"rcp":"obs","period":"1981-2010","key":"SD","value":35.2,"estimate":"yearly_mean"},{"bfs_id":2861,"rcp":"obs","period":"1981-2010","key":"snowdays","value":19.1,"estimate":"yearly_mean"},{"bfs_id":2861,"rcp":"obs","period":"1981-2010","key":"TN","value":0.6,"estimate":"yearly_mean"},{"bfs_id":2861,"rcp":"obs","period":"1981-2010","key":"pr","value":2.2,"estimate":"mean","season":"DJF"},{"bfs_id":2861,"rcp":"obs","period":"1981-2010","key":"pr","value":2.8,"estimate":"mean","season":"MAM"},{"bfs_id":2861,"rcp":"obs","period":"1981-2010","key":"pr","value":3.3,"estimate":"mean","season":"JJA"},{"bfs_id":2861,"rcp":"obs","period":"1981-2010","key":"pr","value":2.7,"estimate":"mean","season":"SON"},{"bfs_id":2861,"rcp":"obs","period":"1981-2010","key":"tas","value":1.2,"estimate":"mean","season":"DJF"},{"bfs_id":2861,"rcp":"obs","period":"1981-2010","key":"tas","value":8.9,"estimate":"mean","season":"MAM"},{"bfs_id":2861,"rcp":"obs","period":"1981-2010","key":"tas","value":17.5,"estimate":"mean","season":"JJA"},{"bfs_id":2861,"rcp":"obs","period":"1981-2010","key":"tas","value":9.5,"estimate":"mean","season":"SON"}]
