[{"bfs_id":2456,"rcp":"RCP2.6","period":"2035","key":"FD","value":71.6,"estimate":"q5"},{"bfs_id":2456,"rcp":"RCP2.6","period":"2035","key":"FD","value":83.6,"estimate":"q50"},{"bfs_id":2456,"rcp":"RCP2.6","period":"2035","key":"FD","value":89.6,"estimate":"q95"},{"bfs_id":2456,"rcp":"RCP2.6","period":"2060","key":"FD","value":69.2,"estimate":"q5"},{"bfs_id":2456,"rcp":"RCP2.6","period":"2060","key":"FD","value":79.9,"estimate":"q50"},{"bfs_id":2456,"rcp":"RCP2.6","period":"2060","key":"FD","value":86.9,"estimate":"q95"},{"bfs_id":2456,"rcp":"RCP2.6","period":"2085","key":"FD","value":68.9,"estimate":"q5"},{"bfs_id":2456,"rcp":"RCP2.6","period":"2085","key":"FD","value":79.6,"estimate":"q50"},{"bfs_id":2456,"rcp":"RCP2.6","period":"2085","key":"FD","value":88.4,"estimate":"q95"},{"bfs_id":2456,"rcp":"RCP8.5","period":"2035","key":"FD","value":69.6,"estimate":"q5"},{"bfs_id":2456,"rcp":"RCP8.5","period":"2035","key":"FD","value":79.7,"estimate":"q50"},{"bfs_id":2456,"rcp":"RCP8.5","period":"2035","key":"FD","value":86.4,"estimate":"q95"},{"bfs_id":2456,"rcp":"RCP8.5","period":"2060","key":"FD","value":56,"estimate":"q5"},{"bfs_id":2456,"rcp":"RCP8.5","period":"2060","key":"FD","value":63.9,"estimate":"q50"},{"bfs_id":2456,"rcp":"RCP8.5","period":"2060","key":"FD","value":72.3,"estimate":"q95"},{"bfs_id":2456,"rcp":"RCP8.5","period":"2085","key":"FD","value":35.9,"estimate":"q5"},{"bfs_id":2456,"rcp":"RCP8.5","period":"2085","key":"FD","value":42.5,"estimate":"q50"},{"bfs_id":2456,"rcp":"RCP8.5","period":"2085","key":"FD","value":55.8,"estimate":"q95"},{"bfs_id":2456,"rcp":"RCP2.6","period":"2035","key":"HD","value":8.5,"estimate":"q5"},{"bfs_id":2456,"rcp":"RCP2.6","period":"2035","key":"HD","value":11.9,"estimate":"q50"},{"bfs_id":2456,"rcp":"RCP2.6","period":"2035","key":"HD","value":17.1,"estimate":"q95"},{"bfs_id":2456,"rcp":"RCP2.6","period":"2060","key":"HD","value":9.5,"estimate":"q5"},{"bfs_id":2456,"rcp":"RCP2.6","period":"2060","key":"HD","value":12.7,"estimate":"q50"},{"bfs_id":2456,"rcp":"RCP2.6","period":"2060","key":"HD","value":20.4,"estimate":"q95"},{"bfs_id":2456,"rcp":"RCP2.6","period":"2085","key":"HD","value":9.8,"estimate":"q5"},{"bfs_id":2456,"rcp":"RCP2.6","period":"2085","key":"HD","value":11.4,"estimate":"q50"},{"bfs_id":2456,"rcp":"RCP2.6","period":"2085","key":"HD","value":19.6,"estimate":"q95"},{"bfs_id":2456,"rcp":"RCP8.5","period":"2035","key":"HD","value":10,"estimate":"q5"},{"bfs_id":2456,"rcp":"RCP8.5","period":"2035","key":"HD","value":12.6,"estimate":"q50"},{"bfs_id":2456,"rcp":"RCP8.5","period":"2035","key":"HD","value":18.8,"estimate":"q95"},{"bfs_id":2456,"rcp":"RCP8.5","period":"2060","key":"HD","value":15.9,"estimate":"q5"},{"bfs_id":2456,"rcp":"RCP8.5","period":"2060","key":"HD","value":22.3,"estimate":"q50"},{"bfs_id":2456,"rcp":"RCP8.5","period":"2060","key":"HD","value":34.8,"estimate":"q95"},{"bfs_id":2456,"rcp":"RCP8.5","period":"2085","key":"HD","value":29.2,"estimate":"q5"},{"bfs_id":2456,"rcp":"RCP8.5","period":"2085","key":"HD","value":36.1,"estimate":"q50"},{"bfs_id":2456,"rcp":"RCP8.5","period":"2085","key":"HD","value":59.9,"estimate":"q95"},{"bfs_id":2456,"rcp":"RCP2.6","period":"2035","key":"ID","value":12.5,"estimate":"q5"},{"bfs_id":2456,"rcp":"RCP2.6","period":"2035","key":"ID","value":16,"estimate":"q50"},{"bfs_id":2456,"rcp":"RCP2.6","period":"2035","key":"ID","value":19.6,"estimate":"q95"},{"bfs_id":2456,"rcp":"RCP2.6","period":"2060","key":"ID","value":12,"estimate":"q5"},{"bfs_id":2456,"rcp":"RCP2.6","period":"2060","key":"ID","value":15.9,"estimate":"q50"},{"bfs_id":2456,"rcp":"RCP2.6","period":"2060","key":"ID","value":18.5,"estimate":"q95"},{"bfs_id":2456,"rcp":"RCP2.6","period":"2085","key":"ID","value":12.1,"estimate":"q5"},{"bfs_id":2456,"rcp":"RCP2.6","period":"2085","key":"ID","value":15.4,"estimate":"q50"},{"bfs_id":2456,"rcp":"RCP2.6","period":"2085","key":"ID","value":18.8,"estimate":"q95"},{"bfs_id":2456,"rcp":"RCP8.5","period":"2035","key":"ID","value":12.3,"estimate":"q5"},{"bfs_id":2456,"rcp":"RCP8.5","period":"2035","key":"ID","value":14.9,"estimate":"q50"},{"bfs_id":2456,"rcp":"RCP8.5","period":"2035","key":"ID","value":19,"estimate":"q95"},{"bfs_id":2456,"rcp":"RCP8.5","period":"2060","key":"ID","value":8.3,"estimate":"q5"},{"bfs_id":2456,"rcp":"RCP8.5","period":"2060","key":"ID","value":11.2,"estimate":"q50"},{"bfs_id":2456,"rcp":"RCP8.5","period":"2060","key":"ID","value":13.3,"estimate":"q95"},{"bfs_id":2456,"rcp":"RCP8.5","period":"2085","key":"ID","value":2.7,"estimate":"q5"},{"bfs_id":2456,"rcp":"RCP8.5","period":"2085","key":"ID","value":4.9,"estimate":"q50"},{"bfs_id":2456,"rcp":"RCP8.5","period":"2085","key":"ID","value":7.8,"estimate":"q95"},{"bfs_id":2456,"rcp":"RCP2.6","period":"2035","key":"SD","value":47.9,"estimate":"q5"},{"bfs_id":2456,"rcp":"RCP2.6","period":"2035","key":"SD","value":54.3,"estimate":"q50"},{"bfs_id":2456,"rcp":"RCP2.6","period":"2035","key":"SD","value":62.6,"estimate":"q95"},{"bfs_id":2456,"rcp":"RCP2.6","period":"2060","key":"SD","value":48.5,"estimate":"q5"},{"bfs_id":2456,"rcp":"RCP2.6","period":"2060","key":"SD","value":55.4,"estimate":"q50"},{"bfs_id":2456,"rcp":"RCP2.6","period":"2060","key":"SD","value":62.6,"estimate":"q95"},{"bfs_id":2456,"rcp":"RCP2.6","period":"2085","key":"SD","value":48.4,"estimate":"q5"},{"bfs_id":2456,"rcp":"RCP2.6","period":"2085","key":"SD","value":55.8,"estimate":"q50"},{"bfs_id":2456,"rcp":"RCP2.6","period":"2085","key":"SD","value":62,"estimate":"q95"},{"bfs_id":2456,"rcp":"RCP8.5","period":"2035","key":"SD","value":50.3,"estimate":"q5"},{"bfs_id":2456,"rcp":"RCP8.5","period":"2035","key":"SD","value":56.3,"estimate":"q50"},{"bfs_id":2456,"rcp":"RCP8.5","period":"2035","key":"SD","value":62.6,"estimate":"q95"},{"bfs_id":2456,"rcp":"RCP8.5","period":"2060","key":"SD","value":65.8,"estimate":"q5"},{"bfs_id":2456,"rcp":"RCP8.5","period":"2060","key":"SD","value":72.4,"estimate":"q50"},{"bfs_id":2456,"rcp":"RCP8.5","period":"2060","key":"SD","value":87.2,"estimate":"q95"},{"bfs_id":2456,"rcp":"RCP8.5","period":"2085","key":"SD","value":81.8,"estimate":"q5"},{"bfs_id":2456,"rcp":"RCP8.5","period":"2085","key":"SD","value":94.6,"estimate":"q50"},{"bfs_id":2456,"rcp":"RCP8.5","period":"2085","key":"SD","value":113.6,"estimate":"q95"},{"bfs_id":2456,"rcp":"RCP2.6","period":"2035","key":"snowdays","value":15,"estimate":"q5"},{"bfs_id":2456,"rcp":"RCP2.6","period":"2035","key":"snowdays","value":19.9,"estimate":"q50"},{"bfs_id":2456,"rcp":"RCP2.6","period":"2035","key":"snowdays","value":22.9,"estimate":"q95"},{"bfs_id":2456,"rcp":"RCP2.6","period":"2060","key":"snowdays","value":15,"estimate":"q5"},{"bfs_id":2456,"rcp":"RCP2.6","period":"2060","key":"snowdays","value":18.1,"estimate":"q50"},{"bfs_id":2456,"rcp":"RCP2.6","period":"2060","key":"snowdays","value":22.3,"estimate":"q95"},{"bfs_id":2456,"rcp":"RCP2.6","period":"2085","key":"snowdays","value":14.9,"estimate":"q5"},{"bfs_id":2456,"rcp":"RCP2.6","period":"2085","key":"snowdays","value":18.5,"estimate":"q50"},{"bfs_id":2456,"rcp":"RCP2.6","period":"2085","key":"snowdays","value":22.7,"estimate":"q95"},{"bfs_id":2456,"rcp":"RCP8.5","period":"2035","key":"snowdays","value":12.9,"estimate":"q5"},{"bfs_id":2456,"rcp":"RCP8.5","period":"2035","key":"snowdays","value":18.9,"estimate":"q50"},{"bfs_id":2456,"rcp":"RCP8.5","period":"2035","key":"snowdays","value":22,"estimate":"q95"},{"bfs_id":2456,"rcp":"RCP8.5","period":"2060","key":"snowdays","value":10.1,"estimate":"q5"},{"bfs_id":2456,"rcp":"RCP8.5","period":"2060","key":"snowdays","value":14.3,"estimate":"q50"},{"bfs_id":2456,"rcp":"RCP8.5","period":"2060","key":"snowdays","value":16.6,"estimate":"q95"},{"bfs_id":2456,"rcp":"RCP8.5","period":"2085","key":"snowdays","value":4.7,"estimate":"q5"},{"bfs_id":2456,"rcp":"RCP8.5","period":"2085","key":"snowdays","value":8.2,"estimate":"q50"},{"bfs_id":2456,"rcp":"RCP8.5","period":"2085","key":"snowdays","value":12,"estimate":"q95"},{"bfs_id":2456,"rcp":"RCP2.6","period":"2035","key":"TN","value":0,"estimate":"q5"},{"bfs_id":2456,"rcp":"RCP2.6","period":"2035","key":"TN","value":0.2,"estimate":"q50"},{"bfs_id":2456,"rcp":"RCP2.6","period":"2035","key":"TN","value":0.5,"estimate":"q95"},{"bfs_id":2456,"rcp":"RCP2.6","period":"2060","key":"TN","value":0.1,"estimate":"q5"},{"bfs_id":2456,"rcp":"RCP2.6","period":"2060","key":"TN","value":0.3,"estimate":"q50"},{"bfs_id":2456,"rcp":"RCP2.6","period":"2060","key":"TN","value":0.8,"estimate":"q95"},{"bfs_id":2456,"rcp":"RCP2.6","period":"2085","key":"TN","value":0.1,"estimate":"q5"},{"bfs_id":2456,"rcp":"RCP2.6","period":"2085","key":"TN","value":0.3,"estimate":"q50"},{"bfs_id":2456,"rcp":"RCP2.6","period":"2085","key":"TN","value":0.7,"estimate":"q95"},{"bfs_id":2456,"rcp":"RCP8.5","period":"2035","key":"TN","value":0.1,"estimate":"q5"},{"bfs_id":2456,"rcp":"RCP8.5","period":"2035","key":"TN","value":0.3,"estimate":"q50"},{"bfs_id":2456,"rcp":"RCP8.5","period":"2035","key":"TN","value":1.4,"estimate":"q95"},{"bfs_id":2456,"rcp":"RCP8.5","period":"2060","key":"TN","value":0.6,"estimate":"q5"},{"bfs_id":2456,"rcp":"RCP8.5","period":"2060","key":"TN","value":2.1,"estimate":"q50"},{"bfs_id":2456,"rcp":"RCP8.5","period":"2060","key":"TN","value":4.9,"estimate":"q95"},{"bfs_id":2456,"rcp":"RCP8.5","period":"2085","key":"TN","value":3.6,"estimate":"q5"},{"bfs_id":2456,"rcp":"RCP8.5","period":"2085","key":"TN","value":7.4,"estimate":"q50"},{"bfs_id":2456,"rcp":"RCP8.5","period":"2085","key":"TN","value":21.3,"estimate":"q95"},{"bfs_id":2456,"rcp":"RCP2.6","period":"2035","key":"pr","value":2.8,"estimate":"q5","season":"DJF"},{"bfs_id":2456,"rcp":"RCP2.6","period":"2035","key":"pr","value":2.8,"estimate":"q5","season":"MAM"},{"bfs_id":2456,"rcp":"RCP2.6","period":"2035","key":"pr","value":2.7,"estimate":"q5","season":"JJA"},{"bfs_id":2456,"rcp":"RCP2.6","period":"2035","key":"pr","value":2.8,"estimate":"q5","season":"SON"},{"bfs_id":2456,"rcp":"RCP2.6","period":"2035","key":"pr","value":3.2,"estimate":"q50","season":"DJF"},{"bfs_id":2456,"rcp":"RCP2.6","period":"2035","key":"pr","value":3.2,"estimate":"q50","season":"MAM"},{"bfs_id":2456,"rcp":"RCP2.6","period":"2035","key":"pr","value":3.3,"estimate":"q50","season":"JJA"},{"bfs_id":2456,"rcp":"RCP2.6","period":"2035","key":"pr","value":3.1,"estimate":"q50","season":"SON"},{"bfs_id":2456,"rcp":"RCP2.6","period":"2035","key":"pr","value":3.8,"estimate":"q95","season":"DJF"},{"bfs_id":2456,"rcp":"RCP2.6","period":"2035","key":"pr","value":3.5,"estimate":"q95","season":"MAM"},{"bfs_id":2456,"rcp":"RCP2.6","period":"2035","key":"pr","value":3.9,"estimate":"q95","season":"JJA"},{"bfs_id":2456,"rcp":"RCP2.6","period":"2035","key":"pr","value":3.7,"estimate":"q95","season":"SON"},{"bfs_id":2456,"rcp":"RCP2.6","period":"2060","key":"pr","value":2.8,"estimate":"q5","season":"DJF"},{"bfs_id":2456,"rcp":"RCP2.6","period":"2060","key":"pr","value":2.9,"estimate":"q5","season":"MAM"},{"bfs_id":2456,"rcp":"RCP2.6","period":"2060","key":"pr","value":2.6,"estimate":"q5","season":"JJA"},{"bfs_id":2456,"rcp":"RCP2.6","period":"2060","key":"pr","value":3,"estimate":"q5","season":"SON"},{"bfs_id":2456,"rcp":"RCP2.6","period":"2060","key":"pr","value":3.3,"estimate":"q50","season":"DJF"},{"bfs_id":2456,"rcp":"RCP2.6","period":"2060","key":"pr","value":3.2,"estimate":"q50","season":"MAM"},{"bfs_id":2456,"rcp":"RCP2.6","period":"2060","key":"pr","value":3.3,"estimate":"q50","season":"JJA"},{"bfs_id":2456,"rcp":"RCP2.6","period":"2060","key":"pr","value":3.1,"estimate":"q50","season":"SON"},{"bfs_id":2456,"rcp":"RCP2.6","period":"2060","key":"pr","value":3.6,"estimate":"q95","season":"DJF"},{"bfs_id":2456,"rcp":"RCP2.6","period":"2060","key":"pr","value":3.5,"estimate":"q95","season":"MAM"},{"bfs_id":2456,"rcp":"RCP2.6","period":"2060","key":"pr","value":3.8,"estimate":"q95","season":"JJA"},{"bfs_id":2456,"rcp":"RCP2.6","period":"2060","key":"pr","value":3.6,"estimate":"q95","season":"SON"},{"bfs_id":2456,"rcp":"RCP2.6","period":"2085","key":"pr","value":2.9,"estimate":"q5","season":"DJF"},{"bfs_id":2456,"rcp":"RCP2.6","period":"2085","key":"pr","value":2.9,"estimate":"q5","season":"MAM"},{"bfs_id":2456,"rcp":"RCP2.6","period":"2085","key":"pr","value":2.6,"estimate":"q5","season":"JJA"},{"bfs_id":2456,"rcp":"RCP2.6","period":"2085","key":"pr","value":2.7,"estimate":"q5","season":"SON"},{"bfs_id":2456,"rcp":"RCP2.6","period":"2085","key":"pr","value":3.3,"estimate":"q50","season":"DJF"},{"bfs_id":2456,"rcp":"RCP2.6","period":"2085","key":"pr","value":3.1,"estimate":"q50","season":"MAM"},{"bfs_id":2456,"rcp":"RCP2.6","period":"2085","key":"pr","value":3.4,"estimate":"q50","season":"JJA"},{"bfs_id":2456,"rcp":"RCP2.6","period":"2085","key":"pr","value":3.1,"estimate":"q50","season":"SON"},{"bfs_id":2456,"rcp":"RCP2.6","period":"2085","key":"pr","value":3.6,"estimate":"q95","season":"DJF"},{"bfs_id":2456,"rcp":"RCP2.6","period":"2085","key":"pr","value":3.4,"estimate":"q95","season":"MAM"},{"bfs_id":2456,"rcp":"RCP2.6","period":"2085","key":"pr","value":3.9,"estimate":"q95","season":"JJA"},{"bfs_id":2456,"rcp":"RCP2.6","period":"2085","key":"pr","value":3.6,"estimate":"q95","season":"SON"},{"bfs_id":2456,"rcp":"RCP8.5","period":"2035","key":"pr","value":2.9,"estimate":"q5","season":"DJF"},{"bfs_id":2456,"rcp":"RCP8.5","period":"2035","key":"pr","value":3,"estimate":"q5","season":"MAM"},{"bfs_id":2456,"rcp":"RCP8.5","period":"2035","key":"pr","value":2.6,"estimate":"q5","season":"JJA"},{"bfs_id":2456,"rcp":"RCP8.5","period":"2035","key":"pr","value":2.8,"estimate":"q5","season":"SON"},{"bfs_id":2456,"rcp":"RCP8.5","period":"2035","key":"pr","value":3.4,"estimate":"q50","season":"DJF"},{"bfs_id":2456,"rcp":"RCP8.5","period":"2035","key":"pr","value":3.3,"estimate":"q50","season":"MAM"},{"bfs_id":2456,"rcp":"RCP8.5","period":"2035","key":"pr","value":3.4,"estimate":"q50","season":"JJA"},{"bfs_id":2456,"rcp":"RCP8.5","period":"2035","key":"pr","value":3.3,"estimate":"q50","season":"SON"},{"bfs_id":2456,"rcp":"RCP8.5","period":"2035","key":"pr","value":3.6,"estimate":"q95","season":"DJF"},{"bfs_id":2456,"rcp":"RCP8.5","period":"2035","key":"pr","value":3.5,"estimate":"q95","season":"MAM"},{"bfs_id":2456,"rcp":"RCP8.5","period":"2035","key":"pr","value":3.7,"estimate":"q95","season":"JJA"},{"bfs_id":2456,"rcp":"RCP8.5","period":"2035","key":"pr","value":3.6,"estimate":"q95","season":"SON"},{"bfs_id":2456,"rcp":"RCP8.5","period":"2060","key":"pr","value":3.1,"estimate":"q5","season":"DJF"},{"bfs_id":2456,"rcp":"RCP8.5","period":"2060","key":"pr","value":3.2,"estimate":"q5","season":"MAM"},{"bfs_id":2456,"rcp":"RCP8.5","period":"2060","key":"pr","value":2.4,"estimate":"q5","season":"JJA"},{"bfs_id":2456,"rcp":"RCP8.5","period":"2060","key":"pr","value":2.8,"estimate":"q5","season":"SON"},{"bfs_id":2456,"rcp":"RCP8.5","period":"2060","key":"pr","value":3.4,"estimate":"q50","season":"DJF"},{"bfs_id":2456,"rcp":"RCP8.5","period":"2060","key":"pr","value":3.4,"estimate":"q50","season":"MAM"},{"bfs_id":2456,"rcp":"RCP8.5","period":"2060","key":"pr","value":3.2,"estimate":"q50","season":"JJA"},{"bfs_id":2456,"rcp":"RCP8.5","period":"2060","key":"pr","value":3.3,"estimate":"q50","season":"SON"},{"bfs_id":2456,"rcp":"RCP8.5","period":"2060","key":"pr","value":3.8,"estimate":"q95","season":"DJF"},{"bfs_id":2456,"rcp":"RCP8.5","period":"2060","key":"pr","value":3.8,"estimate":"q95","season":"MAM"},{"bfs_id":2456,"rcp":"RCP8.5","period":"2060","key":"pr","value":3.6,"estimate":"q95","season":"JJA"},{"bfs_id":2456,"rcp":"RCP8.5","period":"2060","key":"pr","value":3.6,"estimate":"q95","season":"SON"},{"bfs_id":2456,"rcp":"RCP8.5","period":"2085","key":"pr","value":3.3,"estimate":"q5","season":"DJF"},{"bfs_id":2456,"rcp":"RCP8.5","period":"2085","key":"pr","value":3.1,"estimate":"q5","season":"MAM"},{"bfs_id":2456,"rcp":"RCP8.5","period":"2085","key":"pr","value":1.8,"estimate":"q5","season":"JJA"},{"bfs_id":2456,"rcp":"RCP8.5","period":"2085","key":"pr","value":2.6,"estimate":"q5","season":"SON"},{"bfs_id":2456,"rcp":"RCP8.5","period":"2085","key":"pr","value":3.8,"estimate":"q50","season":"DJF"},{"bfs_id":2456,"rcp":"RCP8.5","period":"2085","key":"pr","value":3.6,"estimate":"q50","season":"MAM"},{"bfs_id":2456,"rcp":"RCP8.5","period":"2085","key":"pr","value":2.8,"estimate":"q50","season":"JJA"},{"bfs_id":2456,"rcp":"RCP8.5","period":"2085","key":"pr","value":3.3,"estimate":"q50","season":"SON"},{"bfs_id":2456,"rcp":"RCP8.5","period":"2085","key":"pr","value":4.3,"estimate":"q95","season":"DJF"},{"bfs_id":2456,"rcp":"RCP8.5","period":"2085","key":"pr","value":4,"estimate":"q95","season":"MAM"},{"bfs_id":2456,"rcp":"RCP8.5","period":"2085","key":"pr","value":3.5,"estimate":"q95","season":"JJA"},{"bfs_id":2456,"rcp":"RCP8.5","period":"2085","key":"pr","value":3.7,"estimate":"q95","season":"SON"},{"bfs_id":2456,"rcp":"RCP2.6","period":"2035","key":"tas","value":1,"estimate":"q5","season":"DJF"},{"bfs_id":2456,"rcp":"RCP2.6","period":"2035","key":"tas","value":8.6,"estimate":"q5","season":"MAM"},{"bfs_id":2456,"rcp":"RCP2.6","period":"2035","key":"tas","value":17.8,"estimate":"q5","season":"JJA"},{"bfs_id":2456,"rcp":"RCP2.6","period":"2035","key":"tas","value":9.6,"estimate":"q5","season":"SON"},{"bfs_id":2456,"rcp":"RCP2.6","period":"2035","key":"tas","value":1.4,"estimate":"q50","season":"DJF"},{"bfs_id":2456,"rcp":"RCP2.6","period":"2035","key":"tas","value":9.1,"estimate":"q50","season":"MAM"},{"bfs_id":2456,"rcp":"RCP2.6","period":"2035","key":"tas","value":18.3,"estimate":"q50","season":"JJA"},{"bfs_id":2456,"rcp":"RCP2.6","period":"2035","key":"tas","value":10,"estimate":"q50","season":"SON"},{"bfs_id":2456,"rcp":"RCP2.6","period":"2035","key":"tas","value":2.2,"estimate":"q95","season":"DJF"},{"bfs_id":2456,"rcp":"RCP2.6","period":"2035","key":"tas","value":9.5,"estimate":"q95","season":"MAM"},{"bfs_id":2456,"rcp":"RCP2.6","period":"2035","key":"tas","value":18.9,"estimate":"q95","season":"JJA"},{"bfs_id":2456,"rcp":"RCP2.6","period":"2035","key":"tas","value":10.8,"estimate":"q95","season":"SON"},{"bfs_id":2456,"rcp":"RCP2.6","period":"2060","key":"tas","value":1,"estimate":"q5","season":"DJF"},{"bfs_id":2456,"rcp":"RCP2.6","period":"2060","key":"tas","value":8.4,"estimate":"q5","season":"MAM"},{"bfs_id":2456,"rcp":"RCP2.6","period":"2060","key":"tas","value":18.1,"estimate":"q5","season":"JJA"},{"bfs_id":2456,"rcp":"RCP2.6","period":"2060","key":"tas","value":9.9,"estimate":"q5","season":"SON"},{"bfs_id":2456,"rcp":"RCP2.6","period":"2060","key":"tas","value":1.8,"estimate":"q50","season":"DJF"},{"bfs_id":2456,"rcp":"RCP2.6","period":"2060","key":"tas","value":9.1,"estimate":"q50","season":"MAM"},{"bfs_id":2456,"rcp":"RCP2.6","period":"2060","key":"tas","value":18.5,"estimate":"q50","season":"JJA"},{"bfs_id":2456,"rcp":"RCP2.6","period":"2060","key":"tas","value":10.2,"estimate":"q50","season":"SON"},{"bfs_id":2456,"rcp":"RCP2.6","period":"2060","key":"tas","value":2.4,"estimate":"q95","season":"DJF"},{"bfs_id":2456,"rcp":"RCP2.6","period":"2060","key":"tas","value":9.7,"estimate":"q95","season":"MAM"},{"bfs_id":2456,"rcp":"RCP2.6","period":"2060","key":"tas","value":19.1,"estimate":"q95","season":"JJA"},{"bfs_id":2456,"rcp":"RCP2.6","period":"2060","key":"tas","value":11.2,"estimate":"q95","season":"SON"},{"bfs_id":2456,"rcp":"RCP2.6","period":"2085","key":"tas","value":1,"estimate":"q5","season":"DJF"},{"bfs_id":2456,"rcp":"RCP2.6","period":"2085","key":"tas","value":8.5,"estimate":"q5","season":"MAM"},{"bfs_id":2456,"rcp":"RCP2.6","period":"2085","key":"tas","value":18,"estimate":"q5","season":"JJA"},{"bfs_id":2456,"rcp":"RCP2.6","period":"2085","key":"tas","value":9.7,"estimate":"q5","season":"SON"},{"bfs_id":2456,"rcp":"RCP2.6","period":"2085","key":"tas","value":1.7,"estimate":"q50","season":"DJF"},{"bfs_id":2456,"rcp":"RCP2.6","period":"2085","key":"tas","value":9.2,"estimate":"q50","season":"MAM"},{"bfs_id":2456,"rcp":"RCP2.6","period":"2085","key":"tas","value":18.4,"estimate":"q50","season":"JJA"},{"bfs_id":2456,"rcp":"RCP2.6","period":"2085","key":"tas","value":10.3,"estimate":"q50","season":"SON"},{"bfs_id":2456,"rcp":"RCP2.6","period":"2085","key":"tas","value":2.4,"estimate":"q95","season":"DJF"},{"bfs_id":2456,"rcp":"RCP2.6","period":"2085","key":"tas","value":9.7,"estimate":"q95","season":"MAM"},{"bfs_id":2456,"rcp":"RCP2.6","period":"2085","key":"tas","value":19,"estimate":"q95","season":"JJA"},{"bfs_id":2456,"rcp":"RCP2.6","period":"2085","key":"tas","value":11.2,"estimate":"q95","season":"SON"},{"bfs_id":2456,"rcp":"RCP8.5","period":"2035","key":"tas","value":0.9,"estimate":"q5","season":"DJF"},{"bfs_id":2456,"rcp":"RCP8.5","period":"2035","key":"tas","value":8.8,"estimate":"q5","season":"MAM"},{"bfs_id":2456,"rcp":"RCP8.5","period":"2035","key":"tas","value":18.2,"estimate":"q5","season":"JJA"},{"bfs_id":2456,"rcp":"RCP8.5","period":"2035","key":"tas","value":9.9,"estimate":"q5","season":"SON"},{"bfs_id":2456,"rcp":"RCP8.5","period":"2035","key":"tas","value":1.8,"estimate":"q50","season":"DJF"},{"bfs_id":2456,"rcp":"RCP8.5","period":"2035","key":"tas","value":9.1,"estimate":"q50","season":"MAM"},{"bfs_id":2456,"rcp":"RCP8.5","period":"2035","key":"tas","value":18.6,"estimate":"q50","season":"JJA"},{"bfs_id":2456,"rcp":"RCP8.5","period":"2035","key":"tas","value":10.4,"estimate":"q50","season":"SON"},{"bfs_id":2456,"rcp":"RCP8.5","period":"2035","key":"tas","value":2.2,"estimate":"q95","season":"DJF"},{"bfs_id":2456,"rcp":"RCP8.5","period":"2035","key":"tas","value":9.6,"estimate":"q95","season":"MAM"},{"bfs_id":2456,"rcp":"RCP8.5","period":"2035","key":"tas","value":19.2,"estimate":"q95","season":"JJA"},{"bfs_id":2456,"rcp":"RCP8.5","period":"2035","key":"tas","value":11.2,"estimate":"q95","season":"SON"},{"bfs_id":2456,"rcp":"RCP8.5","period":"2060","key":"tas","value":2.2,"estimate":"q5","season":"DJF"},{"bfs_id":2456,"rcp":"RCP8.5","period":"2060","key":"tas","value":9.6,"estimate":"q5","season":"MAM"},{"bfs_id":2456,"rcp":"RCP8.5","period":"2060","key":"tas","value":19.3,"estimate":"q5","season":"JJA"},{"bfs_id":2456,"rcp":"RCP8.5","period":"2060","key":"tas","value":11,"estimate":"q5","season":"SON"},{"bfs_id":2456,"rcp":"RCP8.5","period":"2060","key":"tas","value":2.6,"estimate":"q50","season":"DJF"},{"bfs_id":2456,"rcp":"RCP8.5","period":"2060","key":"tas","value":10.1,"estimate":"q50","season":"MAM"},{"bfs_id":2456,"rcp":"RCP8.5","period":"2060","key":"tas","value":19.8,"estimate":"q50","season":"JJA"},{"bfs_id":2456,"rcp":"RCP8.5","period":"2060","key":"tas","value":11.6,"estimate":"q50","season":"SON"},{"bfs_id":2456,"rcp":"RCP8.5","period":"2060","key":"tas","value":3.3,"estimate":"q95","season":"DJF"},{"bfs_id":2456,"rcp":"RCP8.5","period":"2060","key":"tas","value":10.7,"estimate":"q95","season":"MAM"},{"bfs_id":2456,"rcp":"RCP8.5","period":"2060","key":"tas","value":20.8,"estimate":"q95","season":"JJA"},{"bfs_id":2456,"rcp":"RCP8.5","period":"2060","key":"tas","value":12.5,"estimate":"q95","season":"SON"},{"bfs_id":2456,"rcp":"RCP8.5","period":"2085","key":"tas","value":3.3,"estimate":"q5","season":"DJF"},{"bfs_id":2456,"rcp":"RCP8.5","period":"2085","key":"tas","value":10.6,"estimate":"q5","season":"MAM"},{"bfs_id":2456,"rcp":"RCP8.5","period":"2085","key":"tas","value":20.6,"estimate":"q5","season":"JJA"},{"bfs_id":2456,"rcp":"RCP8.5","period":"2085","key":"tas","value":12.1,"estimate":"q5","season":"SON"},{"bfs_id":2456,"rcp":"RCP8.5","period":"2085","key":"tas","value":4.3,"estimate":"q50","season":"DJF"},{"bfs_id":2456,"rcp":"RCP8.5","period":"2085","key":"tas","value":11.4,"estimate":"q50","season":"MAM"},{"bfs_id":2456,"rcp":"RCP8.5","period":"2085","key":"tas","value":21.5,"estimate":"q50","season":"JJA"},{"bfs_id":2456,"rcp":"RCP8.5","period":"2085","key":"tas","value":13,"estimate":"q50","season":"SON"},{"bfs_id":2456,"rcp":"RCP8.5","period":"2085","key":"tas","value":5,"estimate":"q95","season":"DJF"},{"bfs_id":2456,"rcp":"RCP8.5","period":"2085","key":"tas","value":12.4,"estimate":"q95","season":"MAM"},{"bfs_id":2456,"rcp":"RCP8.5","period":"2085","key":"tas","value":23.7,"estimate":"q95","season":"JJA"},{"bfs_id":2456,"rcp":"RCP8.5","period":"2085","key":"tas","value":14.7,"estimate":"q95","season":"SON"},{"bfs_id":2456,"rcp":"obs","period":"1981-2010","key":"FD","value":97.7,"estimate":"yearly_mean"},{"bfs_id":2456,"rcp":"obs","period":"1981-2010","key":"HD","value":6.2,"estimate":"yearly_mean"},{"bfs_id":2456,"rcp":"obs","period":"1981-2010","key":"ID","value":22.9,"estimate":"yearly_mean"},{"bfs_id":2456,"rcp":"obs","period":"1981-2010","key":"SD","value":41.3,"estimate":"yearly_mean"},{"bfs_id":2456,"rcp":"obs","period":"1981-2010","key":"snowdays","value":21.1,"estimate":"yearly_mean"},{"bfs_id":2456,"rcp":"obs","period":"1981-2010","key":"TN","value":0,"estimate":"yearly_mean"},{"bfs_id":2456,"rcp":"obs","period":"1981-2010","key":"pr","value":3,"estimate":"mean","season":"DJF"},{"bfs_id":2456,"rcp":"obs","period":"1981-2010","key":"pr","value":3.1,"estimate":"mean","season":"MAM"},{"bfs_id":2456,"rcp":"obs","period":"1981-2010","key":"pr","value":3.7,"estimate":"mean","season":"JJA"},{"bfs_id":2456,"rcp":"obs","period":"1981-2010","key":"pr","value":3.2,"estimate":"mean","season":"SON"},{"bfs_id":2456,"rcp":"obs","period":"1981-2010","key":"tas","value":0.3,"estimate":"mean","season":"DJF"},{"bfs_id":2456,"rcp":"obs","period":"1981-2010","key":"tas","value":8.5,"estimate":"mean","season":"MAM"},{"bfs_id":2456,"rcp":"obs","period":"1981-2010","key":"tas","value":17.3,"estimate":"mean","season":"JJA"},{"bfs_id":2456,"rcp":"obs","period":"1981-2010","key":"tas","value":9,"estimate":"mean","season":"SON"}]
