[{"bfs_id":563,"rcp":"RCP2.6","period":"2035","key":"FD","value":89.7,"estimate":"q5"},{"bfs_id":563,"rcp":"RCP2.6","period":"2035","key":"FD","value":101.4,"estimate":"q50"},{"bfs_id":563,"rcp":"RCP2.6","period":"2035","key":"FD","value":109.7,"estimate":"q95"},{"bfs_id":563,"rcp":"RCP2.6","period":"2060","key":"FD","value":85.6,"estimate":"q5"},{"bfs_id":563,"rcp":"RCP2.6","period":"2060","key":"FD","value":96.9,"estimate":"q50"},{"bfs_id":563,"rcp":"RCP2.6","period":"2060","key":"FD","value":108.9,"estimate":"q95"},{"bfs_id":563,"rcp":"RCP2.6","period":"2085","key":"FD","value":84,"estimate":"q5"},{"bfs_id":563,"rcp":"RCP2.6","period":"2085","key":"FD","value":98.8,"estimate":"q50"},{"bfs_id":563,"rcp":"RCP2.6","period":"2085","key":"FD","value":109.2,"estimate":"q95"},{"bfs_id":563,"rcp":"RCP8.5","period":"2035","key":"FD","value":88.9,"estimate":"q5"},{"bfs_id":563,"rcp":"RCP8.5","period":"2035","key":"FD","value":97.2,"estimate":"q50"},{"bfs_id":563,"rcp":"RCP8.5","period":"2035","key":"FD","value":104.5,"estimate":"q95"},{"bfs_id":563,"rcp":"RCP8.5","period":"2060","key":"FD","value":69.5,"estimate":"q5"},{"bfs_id":563,"rcp":"RCP8.5","period":"2060","key":"FD","value":80.9,"estimate":"q50"},{"bfs_id":563,"rcp":"RCP8.5","period":"2060","key":"FD","value":88.8,"estimate":"q95"},{"bfs_id":563,"rcp":"RCP8.5","period":"2085","key":"FD","value":47.5,"estimate":"q5"},{"bfs_id":563,"rcp":"RCP8.5","period":"2085","key":"FD","value":60.4,"estimate":"q50"},{"bfs_id":563,"rcp":"RCP8.5","period":"2085","key":"FD","value":74.7,"estimate":"q95"},{"bfs_id":563,"rcp":"RCP2.6","period":"2035","key":"HD","value":2.8,"estimate":"q5"},{"bfs_id":563,"rcp":"RCP2.6","period":"2035","key":"HD","value":4.4,"estimate":"q50"},{"bfs_id":563,"rcp":"RCP2.6","period":"2035","key":"HD","value":7.7,"estimate":"q95"},{"bfs_id":563,"rcp":"RCP2.6","period":"2060","key":"HD","value":3.3,"estimate":"q5"},{"bfs_id":563,"rcp":"RCP2.6","period":"2060","key":"HD","value":4.7,"estimate":"q50"},{"bfs_id":563,"rcp":"RCP2.6","period":"2060","key":"HD","value":9.8,"estimate":"q95"},{"bfs_id":563,"rcp":"RCP2.6","period":"2085","key":"HD","value":3.2,"estimate":"q5"},{"bfs_id":563,"rcp":"RCP2.6","period":"2085","key":"HD","value":4.6,"estimate":"q50"},{"bfs_id":563,"rcp":"RCP2.6","period":"2085","key":"HD","value":9.3,"estimate":"q95"},{"bfs_id":563,"rcp":"RCP8.5","period":"2035","key":"HD","value":3.6,"estimate":"q5"},{"bfs_id":563,"rcp":"RCP8.5","period":"2035","key":"HD","value":5.3,"estimate":"q50"},{"bfs_id":563,"rcp":"RCP8.5","period":"2035","key":"HD","value":12.6,"estimate":"q95"},{"bfs_id":563,"rcp":"RCP8.5","period":"2060","key":"HD","value":7.1,"estimate":"q5"},{"bfs_id":563,"rcp":"RCP8.5","period":"2060","key":"HD","value":14.2,"estimate":"q50"},{"bfs_id":563,"rcp":"RCP8.5","period":"2060","key":"HD","value":30.1,"estimate":"q95"},{"bfs_id":563,"rcp":"RCP8.5","period":"2085","key":"HD","value":16.5,"estimate":"q5"},{"bfs_id":563,"rcp":"RCP8.5","period":"2085","key":"HD","value":23.2,"estimate":"q50"},{"bfs_id":563,"rcp":"RCP8.5","period":"2085","key":"HD","value":54.7,"estimate":"q95"},{"bfs_id":563,"rcp":"RCP2.6","period":"2035","key":"ID","value":15.7,"estimate":"q5"},{"bfs_id":563,"rcp":"RCP2.6","period":"2035","key":"ID","value":18.9,"estimate":"q50"},{"bfs_id":563,"rcp":"RCP2.6","period":"2035","key":"ID","value":23.7,"estimate":"q95"},{"bfs_id":563,"rcp":"RCP2.6","period":"2060","key":"ID","value":16,"estimate":"q5"},{"bfs_id":563,"rcp":"RCP2.6","period":"2060","key":"ID","value":17.8,"estimate":"q50"},{"bfs_id":563,"rcp":"RCP2.6","period":"2060","key":"ID","value":22.3,"estimate":"q95"},{"bfs_id":563,"rcp":"RCP2.6","period":"2085","key":"ID","value":14.9,"estimate":"q5"},{"bfs_id":563,"rcp":"RCP2.6","period":"2085","key":"ID","value":18.9,"estimate":"q50"},{"bfs_id":563,"rcp":"RCP2.6","period":"2085","key":"ID","value":22.7,"estimate":"q95"},{"bfs_id":563,"rcp":"RCP8.5","period":"2035","key":"ID","value":14.9,"estimate":"q5"},{"bfs_id":563,"rcp":"RCP8.5","period":"2035","key":"ID","value":17.8,"estimate":"q50"},{"bfs_id":563,"rcp":"RCP8.5","period":"2035","key":"ID","value":23.1,"estimate":"q95"},{"bfs_id":563,"rcp":"RCP8.5","period":"2060","key":"ID","value":9.7,"estimate":"q5"},{"bfs_id":563,"rcp":"RCP8.5","period":"2060","key":"ID","value":13.4,"estimate":"q50"},{"bfs_id":563,"rcp":"RCP8.5","period":"2060","key":"ID","value":15.9,"estimate":"q95"},{"bfs_id":563,"rcp":"RCP8.5","period":"2085","key":"ID","value":4.2,"estimate":"q5"},{"bfs_id":563,"rcp":"RCP8.5","period":"2085","key":"ID","value":6.5,"estimate":"q50"},{"bfs_id":563,"rcp":"RCP8.5","period":"2085","key":"ID","value":10.9,"estimate":"q95"},{"bfs_id":563,"rcp":"RCP2.6","period":"2035","key":"SD","value":32.4,"estimate":"q5"},{"bfs_id":563,"rcp":"RCP2.6","period":"2035","key":"SD","value":37.4,"estimate":"q50"},{"bfs_id":563,"rcp":"RCP2.6","period":"2035","key":"SD","value":45.7,"estimate":"q95"},{"bfs_id":563,"rcp":"RCP2.6","period":"2060","key":"SD","value":33.9,"estimate":"q5"},{"bfs_id":563,"rcp":"RCP2.6","period":"2060","key":"SD","value":38.1,"estimate":"q50"},{"bfs_id":563,"rcp":"RCP2.6","period":"2060","key":"SD","value":47.5,"estimate":"q95"},{"bfs_id":563,"rcp":"RCP2.6","period":"2085","key":"SD","value":32.7,"estimate":"q5"},{"bfs_id":563,"rcp":"RCP2.6","period":"2085","key":"SD","value":38.4,"estimate":"q50"},{"bfs_id":563,"rcp":"RCP2.6","period":"2085","key":"SD","value":46.9,"estimate":"q95"},{"bfs_id":563,"rcp":"RCP8.5","period":"2035","key":"SD","value":34.1,"estimate":"q5"},{"bfs_id":563,"rcp":"RCP8.5","period":"2035","key":"SD","value":41.4,"estimate":"q50"},{"bfs_id":563,"rcp":"RCP8.5","period":"2035","key":"SD","value":49.5,"estimate":"q95"},{"bfs_id":563,"rcp":"RCP8.5","period":"2060","key":"SD","value":46.6,"estimate":"q5"},{"bfs_id":563,"rcp":"RCP8.5","period":"2060","key":"SD","value":57.6,"estimate":"q50"},{"bfs_id":563,"rcp":"RCP8.5","period":"2060","key":"SD","value":75.8,"estimate":"q95"},{"bfs_id":563,"rcp":"RCP8.5","period":"2085","key":"SD","value":66.3,"estimate":"q5"},{"bfs_id":563,"rcp":"RCP8.5","period":"2085","key":"SD","value":82,"estimate":"q50"},{"bfs_id":563,"rcp":"RCP8.5","period":"2085","key":"SD","value":110.5,"estimate":"q95"},{"bfs_id":563,"rcp":"RCP2.6","period":"2035","key":"snowdays","value":19.6,"estimate":"q5"},{"bfs_id":563,"rcp":"RCP2.6","period":"2035","key":"snowdays","value":26.8,"estimate":"q50"},{"bfs_id":563,"rcp":"RCP2.6","period":"2035","key":"snowdays","value":34.8,"estimate":"q95"},{"bfs_id":563,"rcp":"RCP2.6","period":"2060","key":"snowdays","value":19.4,"estimate":"q5"},{"bfs_id":563,"rcp":"RCP2.6","period":"2060","key":"snowdays","value":24.9,"estimate":"q50"},{"bfs_id":563,"rcp":"RCP2.6","period":"2060","key":"snowdays","value":34.5,"estimate":"q95"},{"bfs_id":563,"rcp":"RCP2.6","period":"2085","key":"snowdays","value":18.4,"estimate":"q5"},{"bfs_id":563,"rcp":"RCP2.6","period":"2085","key":"snowdays","value":26,"estimate":"q50"},{"bfs_id":563,"rcp":"RCP2.6","period":"2085","key":"snowdays","value":35.3,"estimate":"q95"},{"bfs_id":563,"rcp":"RCP8.5","period":"2035","key":"snowdays","value":18.6,"estimate":"q5"},{"bfs_id":563,"rcp":"RCP8.5","period":"2035","key":"snowdays","value":25.9,"estimate":"q50"},{"bfs_id":563,"rcp":"RCP8.5","period":"2035","key":"snowdays","value":33.4,"estimate":"q95"},{"bfs_id":563,"rcp":"RCP8.5","period":"2060","key":"snowdays","value":14.3,"estimate":"q5"},{"bfs_id":563,"rcp":"RCP8.5","period":"2060","key":"snowdays","value":21.3,"estimate":"q50"},{"bfs_id":563,"rcp":"RCP8.5","period":"2060","key":"snowdays","value":27.5,"estimate":"q95"},{"bfs_id":563,"rcp":"RCP8.5","period":"2085","key":"snowdays","value":8.3,"estimate":"q5"},{"bfs_id":563,"rcp":"RCP8.5","period":"2085","key":"snowdays","value":14.8,"estimate":"q50"},{"bfs_id":563,"rcp":"RCP8.5","period":"2085","key":"snowdays","value":19.7,"estimate":"q95"},{"bfs_id":563,"rcp":"RCP2.6","period":"2035","key":"TN","value":0,"estimate":"q5"},{"bfs_id":563,"rcp":"RCP2.6","period":"2035","key":"TN","value":0.1,"estimate":"q50"},{"bfs_id":563,"rcp":"RCP2.6","period":"2035","key":"TN","value":0.3,"estimate":"q95"},{"bfs_id":563,"rcp":"RCP2.6","period":"2060","key":"TN","value":0,"estimate":"q5"},{"bfs_id":563,"rcp":"RCP2.6","period":"2060","key":"TN","value":0.1,"estimate":"q50"},{"bfs_id":563,"rcp":"RCP2.6","period":"2060","key":"TN","value":0.4,"estimate":"q95"},{"bfs_id":563,"rcp":"RCP2.6","period":"2085","key":"TN","value":0,"estimate":"q5"},{"bfs_id":563,"rcp":"RCP2.6","period":"2085","key":"TN","value":0.1,"estimate":"q50"},{"bfs_id":563,"rcp":"RCP2.6","period":"2085","key":"TN","value":0.3,"estimate":"q95"},{"bfs_id":563,"rcp":"RCP8.5","period":"2035","key":"TN","value":0,"estimate":"q5"},{"bfs_id":563,"rcp":"RCP8.5","period":"2035","key":"TN","value":0.1,"estimate":"q50"},{"bfs_id":563,"rcp":"RCP8.5","period":"2035","key":"TN","value":0.9,"estimate":"q95"},{"bfs_id":563,"rcp":"RCP8.5","period":"2060","key":"TN","value":0.3,"estimate":"q5"},{"bfs_id":563,"rcp":"RCP8.5","period":"2060","key":"TN","value":0.9,"estimate":"q50"},{"bfs_id":563,"rcp":"RCP8.5","period":"2060","key":"TN","value":4,"estimate":"q95"},{"bfs_id":563,"rcp":"RCP8.5","period":"2085","key":"TN","value":1.6,"estimate":"q5"},{"bfs_id":563,"rcp":"RCP8.5","period":"2085","key":"TN","value":5.1,"estimate":"q50"},{"bfs_id":563,"rcp":"RCP8.5","period":"2085","key":"TN","value":16.8,"estimate":"q95"},{"bfs_id":563,"rcp":"RCP2.6","period":"2035","key":"pr","value":2.6,"estimate":"q5","season":"DJF"},{"bfs_id":563,"rcp":"RCP2.6","period":"2035","key":"pr","value":3.1,"estimate":"q5","season":"MAM"},{"bfs_id":563,"rcp":"RCP2.6","period":"2035","key":"pr","value":3.6,"estimate":"q5","season":"JJA"},{"bfs_id":563,"rcp":"RCP2.6","period":"2035","key":"pr","value":2.6,"estimate":"q5","season":"SON"},{"bfs_id":563,"rcp":"RCP2.6","period":"2035","key":"pr","value":3.1,"estimate":"q50","season":"DJF"},{"bfs_id":563,"rcp":"RCP2.6","period":"2035","key":"pr","value":3.4,"estimate":"q50","season":"MAM"},{"bfs_id":563,"rcp":"RCP2.6","period":"2035","key":"pr","value":4.4,"estimate":"q50","season":"JJA"},{"bfs_id":563,"rcp":"RCP2.6","period":"2035","key":"pr","value":3,"estimate":"q50","season":"SON"},{"bfs_id":563,"rcp":"RCP2.6","period":"2035","key":"pr","value":3.5,"estimate":"q95","season":"DJF"},{"bfs_id":563,"rcp":"RCP2.6","period":"2035","key":"pr","value":3.7,"estimate":"q95","season":"MAM"},{"bfs_id":563,"rcp":"RCP2.6","period":"2035","key":"pr","value":4.7,"estimate":"q95","season":"JJA"},{"bfs_id":563,"rcp":"RCP2.6","period":"2035","key":"pr","value":3.6,"estimate":"q95","season":"SON"},{"bfs_id":563,"rcp":"RCP2.6","period":"2060","key":"pr","value":2.8,"estimate":"q5","season":"DJF"},{"bfs_id":563,"rcp":"RCP2.6","period":"2060","key":"pr","value":3.2,"estimate":"q5","season":"MAM"},{"bfs_id":563,"rcp":"RCP2.6","period":"2060","key":"pr","value":3.6,"estimate":"q5","season":"JJA"},{"bfs_id":563,"rcp":"RCP2.6","period":"2060","key":"pr","value":2.7,"estimate":"q5","season":"SON"},{"bfs_id":563,"rcp":"RCP2.6","period":"2060","key":"pr","value":3.1,"estimate":"q50","season":"DJF"},{"bfs_id":563,"rcp":"RCP2.6","period":"2060","key":"pr","value":3.5,"estimate":"q50","season":"MAM"},{"bfs_id":563,"rcp":"RCP2.6","period":"2060","key":"pr","value":4.4,"estimate":"q50","season":"JJA"},{"bfs_id":563,"rcp":"RCP2.6","period":"2060","key":"pr","value":3,"estimate":"q50","season":"SON"},{"bfs_id":563,"rcp":"RCP2.6","period":"2060","key":"pr","value":3.5,"estimate":"q95","season":"DJF"},{"bfs_id":563,"rcp":"RCP2.6","period":"2060","key":"pr","value":3.8,"estimate":"q95","season":"MAM"},{"bfs_id":563,"rcp":"RCP2.6","period":"2060","key":"pr","value":4.8,"estimate":"q95","season":"JJA"},{"bfs_id":563,"rcp":"RCP2.6","period":"2060","key":"pr","value":3.3,"estimate":"q95","season":"SON"},{"bfs_id":563,"rcp":"RCP2.6","period":"2085","key":"pr","value":2.9,"estimate":"q5","season":"DJF"},{"bfs_id":563,"rcp":"RCP2.6","period":"2085","key":"pr","value":3.2,"estimate":"q5","season":"MAM"},{"bfs_id":563,"rcp":"RCP2.6","period":"2085","key":"pr","value":3.6,"estimate":"q5","season":"JJA"},{"bfs_id":563,"rcp":"RCP2.6","period":"2085","key":"pr","value":2.8,"estimate":"q5","season":"SON"},{"bfs_id":563,"rcp":"RCP2.6","period":"2085","key":"pr","value":3.1,"estimate":"q50","season":"DJF"},{"bfs_id":563,"rcp":"RCP2.6","period":"2085","key":"pr","value":3.4,"estimate":"q50","season":"MAM"},{"bfs_id":563,"rcp":"RCP2.6","period":"2085","key":"pr","value":4.5,"estimate":"q50","season":"JJA"},{"bfs_id":563,"rcp":"RCP2.6","period":"2085","key":"pr","value":3,"estimate":"q50","season":"SON"},{"bfs_id":563,"rcp":"RCP2.6","period":"2085","key":"pr","value":3.7,"estimate":"q95","season":"DJF"},{"bfs_id":563,"rcp":"RCP2.6","period":"2085","key":"pr","value":3.7,"estimate":"q95","season":"MAM"},{"bfs_id":563,"rcp":"RCP2.6","period":"2085","key":"pr","value":4.7,"estimate":"q95","season":"JJA"},{"bfs_id":563,"rcp":"RCP2.6","period":"2085","key":"pr","value":3.5,"estimate":"q95","season":"SON"},{"bfs_id":563,"rcp":"RCP8.5","period":"2035","key":"pr","value":2.8,"estimate":"q5","season":"DJF"},{"bfs_id":563,"rcp":"RCP8.5","period":"2035","key":"pr","value":3.3,"estimate":"q5","season":"MAM"},{"bfs_id":563,"rcp":"RCP8.5","period":"2035","key":"pr","value":3.7,"estimate":"q5","season":"JJA"},{"bfs_id":563,"rcp":"RCP8.5","period":"2035","key":"pr","value":2.7,"estimate":"q5","season":"SON"},{"bfs_id":563,"rcp":"RCP8.5","period":"2035","key":"pr","value":3.3,"estimate":"q50","season":"DJF"},{"bfs_id":563,"rcp":"RCP8.5","period":"2035","key":"pr","value":3.5,"estimate":"q50","season":"MAM"},{"bfs_id":563,"rcp":"RCP8.5","period":"2035","key":"pr","value":4.4,"estimate":"q50","season":"JJA"},{"bfs_id":563,"rcp":"RCP8.5","period":"2035","key":"pr","value":3,"estimate":"q50","season":"SON"},{"bfs_id":563,"rcp":"RCP8.5","period":"2035","key":"pr","value":3.6,"estimate":"q95","season":"DJF"},{"bfs_id":563,"rcp":"RCP8.5","period":"2035","key":"pr","value":3.9,"estimate":"q95","season":"MAM"},{"bfs_id":563,"rcp":"RCP8.5","period":"2035","key":"pr","value":4.8,"estimate":"q95","season":"JJA"},{"bfs_id":563,"rcp":"RCP8.5","period":"2035","key":"pr","value":3.5,"estimate":"q95","season":"SON"},{"bfs_id":563,"rcp":"RCP8.5","period":"2060","key":"pr","value":2.9,"estimate":"q5","season":"DJF"},{"bfs_id":563,"rcp":"RCP8.5","period":"2060","key":"pr","value":3.2,"estimate":"q5","season":"MAM"},{"bfs_id":563,"rcp":"RCP8.5","period":"2060","key":"pr","value":3.4,"estimate":"q5","season":"JJA"},{"bfs_id":563,"rcp":"RCP8.5","period":"2060","key":"pr","value":2.6,"estimate":"q5","season":"SON"},{"bfs_id":563,"rcp":"RCP8.5","period":"2060","key":"pr","value":3.2,"estimate":"q50","season":"DJF"},{"bfs_id":563,"rcp":"RCP8.5","period":"2060","key":"pr","value":3.6,"estimate":"q50","season":"MAM"},{"bfs_id":563,"rcp":"RCP8.5","period":"2060","key":"pr","value":4.2,"estimate":"q50","season":"JJA"},{"bfs_id":563,"rcp":"RCP8.5","period":"2060","key":"pr","value":3,"estimate":"q50","season":"SON"},{"bfs_id":563,"rcp":"RCP8.5","period":"2060","key":"pr","value":3.7,"estimate":"q95","season":"DJF"},{"bfs_id":563,"rcp":"RCP8.5","period":"2060","key":"pr","value":3.9,"estimate":"q95","season":"MAM"},{"bfs_id":563,"rcp":"RCP8.5","period":"2060","key":"pr","value":4.8,"estimate":"q95","season":"JJA"},{"bfs_id":563,"rcp":"RCP8.5","period":"2060","key":"pr","value":3.4,"estimate":"q95","season":"SON"},{"bfs_id":563,"rcp":"RCP8.5","period":"2085","key":"pr","value":3,"estimate":"q5","season":"DJF"},{"bfs_id":563,"rcp":"RCP8.5","period":"2085","key":"pr","value":3.2,"estimate":"q5","season":"MAM"},{"bfs_id":563,"rcp":"RCP8.5","period":"2085","key":"pr","value":2.7,"estimate":"q5","season":"JJA"},{"bfs_id":563,"rcp":"RCP8.5","period":"2085","key":"pr","value":2.5,"estimate":"q5","season":"SON"},{"bfs_id":563,"rcp":"RCP8.5","period":"2085","key":"pr","value":3.3,"estimate":"q50","season":"DJF"},{"bfs_id":563,"rcp":"RCP8.5","period":"2085","key":"pr","value":3.7,"estimate":"q50","season":"MAM"},{"bfs_id":563,"rcp":"RCP8.5","period":"2085","key":"pr","value":3.7,"estimate":"q50","season":"JJA"},{"bfs_id":563,"rcp":"RCP8.5","period":"2085","key":"pr","value":2.9,"estimate":"q50","season":"SON"},{"bfs_id":563,"rcp":"RCP8.5","period":"2085","key":"pr","value":3.9,"estimate":"q95","season":"DJF"},{"bfs_id":563,"rcp":"RCP8.5","period":"2085","key":"pr","value":4.1,"estimate":"q95","season":"MAM"},{"bfs_id":563,"rcp":"RCP8.5","period":"2085","key":"pr","value":4.5,"estimate":"q95","season":"JJA"},{"bfs_id":563,"rcp":"RCP8.5","period":"2085","key":"pr","value":3.3,"estimate":"q95","season":"SON"},{"bfs_id":563,"rcp":"RCP2.6","period":"2035","key":"tas","value":0.1,"estimate":"q5","season":"DJF"},{"bfs_id":563,"rcp":"RCP2.6","period":"2035","key":"tas","value":7.2,"estimate":"q5","season":"MAM"},{"bfs_id":563,"rcp":"RCP2.6","period":"2035","key":"tas","value":16.4,"estimate":"q5","season":"JJA"},{"bfs_id":563,"rcp":"RCP2.6","period":"2035","key":"tas","value":8.7,"estimate":"q5","season":"SON"},{"bfs_id":563,"rcp":"RCP2.6","period":"2035","key":"tas","value":0.6,"estimate":"q50","season":"DJF"},{"bfs_id":563,"rcp":"RCP2.6","period":"2035","key":"tas","value":7.9,"estimate":"q50","season":"MAM"},{"bfs_id":563,"rcp":"RCP2.6","period":"2035","key":"tas","value":17.2,"estimate":"q50","season":"JJA"},{"bfs_id":563,"rcp":"RCP2.6","period":"2035","key":"tas","value":9,"estimate":"q50","season":"SON"},{"bfs_id":563,"rcp":"RCP2.6","period":"2035","key":"tas","value":1.1,"estimate":"q95","season":"DJF"},{"bfs_id":563,"rcp":"RCP2.6","period":"2035","key":"tas","value":8.2,"estimate":"q95","season":"MAM"},{"bfs_id":563,"rcp":"RCP2.6","period":"2035","key":"tas","value":18,"estimate":"q95","season":"JJA"},{"bfs_id":563,"rcp":"RCP2.6","period":"2035","key":"tas","value":9.8,"estimate":"q95","season":"SON"},{"bfs_id":563,"rcp":"RCP2.6","period":"2060","key":"tas","value":0.1,"estimate":"q5","season":"DJF"},{"bfs_id":563,"rcp":"RCP2.6","period":"2060","key":"tas","value":7.1,"estimate":"q5","season":"MAM"},{"bfs_id":563,"rcp":"RCP2.6","period":"2060","key":"tas","value":16.7,"estimate":"q5","season":"JJA"},{"bfs_id":563,"rcp":"RCP2.6","period":"2060","key":"tas","value":9,"estimate":"q5","season":"SON"},{"bfs_id":563,"rcp":"RCP2.6","period":"2060","key":"tas","value":0.9,"estimate":"q50","season":"DJF"},{"bfs_id":563,"rcp":"RCP2.6","period":"2060","key":"tas","value":7.9,"estimate":"q50","season":"MAM"},{"bfs_id":563,"rcp":"RCP2.6","period":"2060","key":"tas","value":17.3,"estimate":"q50","season":"JJA"},{"bfs_id":563,"rcp":"RCP2.6","period":"2060","key":"tas","value":9.4,"estimate":"q50","season":"SON"},{"bfs_id":563,"rcp":"RCP2.6","period":"2060","key":"tas","value":1.3,"estimate":"q95","season":"DJF"},{"bfs_id":563,"rcp":"RCP2.6","period":"2060","key":"tas","value":8.5,"estimate":"q95","season":"MAM"},{"bfs_id":563,"rcp":"RCP2.6","period":"2060","key":"tas","value":18.2,"estimate":"q95","season":"JJA"},{"bfs_id":563,"rcp":"RCP2.6","period":"2060","key":"tas","value":10.2,"estimate":"q95","season":"SON"},{"bfs_id":563,"rcp":"RCP2.6","period":"2085","key":"tas","value":0.2,"estimate":"q5","season":"DJF"},{"bfs_id":563,"rcp":"RCP2.6","period":"2085","key":"tas","value":7.2,"estimate":"q5","season":"MAM"},{"bfs_id":563,"rcp":"RCP2.6","period":"2085","key":"tas","value":16.6,"estimate":"q5","season":"JJA"},{"bfs_id":563,"rcp":"RCP2.6","period":"2085","key":"tas","value":8.7,"estimate":"q5","season":"SON"},{"bfs_id":563,"rcp":"RCP2.6","period":"2085","key":"tas","value":0.9,"estimate":"q50","season":"DJF"},{"bfs_id":563,"rcp":"RCP2.6","period":"2085","key":"tas","value":7.9,"estimate":"q50","season":"MAM"},{"bfs_id":563,"rcp":"RCP2.6","period":"2085","key":"tas","value":17.3,"estimate":"q50","season":"JJA"},{"bfs_id":563,"rcp":"RCP2.6","period":"2085","key":"tas","value":9.3,"estimate":"q50","season":"SON"},{"bfs_id":563,"rcp":"RCP2.6","period":"2085","key":"tas","value":1.5,"estimate":"q95","season":"DJF"},{"bfs_id":563,"rcp":"RCP2.6","period":"2085","key":"tas","value":8.5,"estimate":"q95","season":"MAM"},{"bfs_id":563,"rcp":"RCP2.6","period":"2085","key":"tas","value":18.1,"estimate":"q95","season":"JJA"},{"bfs_id":563,"rcp":"RCP2.6","period":"2085","key":"tas","value":10.2,"estimate":"q95","season":"SON"},{"bfs_id":563,"rcp":"RCP8.5","period":"2035","key":"tas","value":0.4,"estimate":"q5","season":"DJF"},{"bfs_id":563,"rcp":"RCP8.5","period":"2035","key":"tas","value":7.5,"estimate":"q5","season":"MAM"},{"bfs_id":563,"rcp":"RCP8.5","period":"2035","key":"tas","value":16.8,"estimate":"q5","season":"JJA"},{"bfs_id":563,"rcp":"RCP8.5","period":"2035","key":"tas","value":9.1,"estimate":"q5","season":"SON"},{"bfs_id":563,"rcp":"RCP8.5","period":"2035","key":"tas","value":1,"estimate":"q50","season":"DJF"},{"bfs_id":563,"rcp":"RCP8.5","period":"2035","key":"tas","value":7.9,"estimate":"q50","season":"MAM"},{"bfs_id":563,"rcp":"RCP8.5","period":"2035","key":"tas","value":17.6,"estimate":"q50","season":"JJA"},{"bfs_id":563,"rcp":"RCP8.5","period":"2035","key":"tas","value":9.4,"estimate":"q50","season":"SON"},{"bfs_id":563,"rcp":"RCP8.5","period":"2035","key":"tas","value":1.3,"estimate":"q95","season":"DJF"},{"bfs_id":563,"rcp":"RCP8.5","period":"2035","key":"tas","value":8.5,"estimate":"q95","season":"MAM"},{"bfs_id":563,"rcp":"RCP8.5","period":"2035","key":"tas","value":18.4,"estimate":"q95","season":"JJA"},{"bfs_id":563,"rcp":"RCP8.5","period":"2035","key":"tas","value":10.2,"estimate":"q95","season":"SON"},{"bfs_id":563,"rcp":"RCP8.5","period":"2060","key":"tas","value":1.3,"estimate":"q5","season":"DJF"},{"bfs_id":563,"rcp":"RCP8.5","period":"2060","key":"tas","value":8.5,"estimate":"q5","season":"MAM"},{"bfs_id":563,"rcp":"RCP8.5","period":"2060","key":"tas","value":17.9,"estimate":"q5","season":"JJA"},{"bfs_id":563,"rcp":"RCP8.5","period":"2060","key":"tas","value":10.1,"estimate":"q5","season":"SON"},{"bfs_id":563,"rcp":"RCP8.5","period":"2060","key":"tas","value":1.9,"estimate":"q50","season":"DJF"},{"bfs_id":563,"rcp":"RCP8.5","period":"2060","key":"tas","value":9.2,"estimate":"q50","season":"MAM"},{"bfs_id":563,"rcp":"RCP8.5","period":"2060","key":"tas","value":19,"estimate":"q50","season":"JJA"},{"bfs_id":563,"rcp":"RCP8.5","period":"2060","key":"tas","value":11,"estimate":"q50","season":"SON"},{"bfs_id":563,"rcp":"RCP8.5","period":"2060","key":"tas","value":2.4,"estimate":"q95","season":"DJF"},{"bfs_id":563,"rcp":"RCP8.5","period":"2060","key":"tas","value":10.1,"estimate":"q95","season":"MAM"},{"bfs_id":563,"rcp":"RCP8.5","period":"2060","key":"tas","value":20.2,"estimate":"q95","season":"JJA"},{"bfs_id":563,"rcp":"RCP8.5","period":"2060","key":"tas","value":11.8,"estimate":"q95","season":"SON"},{"bfs_id":563,"rcp":"RCP8.5","period":"2085","key":"tas","value":2.5,"estimate":"q5","season":"DJF"},{"bfs_id":563,"rcp":"RCP8.5","period":"2085","key":"tas","value":9.9,"estimate":"q5","season":"MAM"},{"bfs_id":563,"rcp":"RCP8.5","period":"2085","key":"tas","value":19.4,"estimate":"q5","season":"JJA"},{"bfs_id":563,"rcp":"RCP8.5","period":"2085","key":"tas","value":11.4,"estimate":"q5","season":"SON"},{"bfs_id":563,"rcp":"RCP8.5","period":"2085","key":"tas","value":3.8,"estimate":"q50","season":"DJF"},{"bfs_id":563,"rcp":"RCP8.5","period":"2085","key":"tas","value":10.9,"estimate":"q50","season":"MAM"},{"bfs_id":563,"rcp":"RCP8.5","period":"2085","key":"tas","value":20.6,"estimate":"q50","season":"JJA"},{"bfs_id":563,"rcp":"RCP8.5","period":"2085","key":"tas","value":12.3,"estimate":"q50","season":"SON"},{"bfs_id":563,"rcp":"RCP8.5","period":"2085","key":"tas","value":4.4,"estimate":"q95","season":"DJF"},{"bfs_id":563,"rcp":"RCP8.5","period":"2085","key":"tas","value":12.5,"estimate":"q95","season":"MAM"},{"bfs_id":563,"rcp":"RCP8.5","period":"2085","key":"tas","value":23,"estimate":"q95","season":"JJA"},{"bfs_id":563,"rcp":"RCP8.5","period":"2085","key":"tas","value":13.8,"estimate":"q95","season":"SON"},{"bfs_id":563,"rcp":"obs","period":"1981-2010","key":"FD","value":114.4,"estimate":"yearly_mean"},{"bfs_id":563,"rcp":"obs","period":"1981-2010","key":"HD","value":1.7,"estimate":"yearly_mean"},{"bfs_id":563,"rcp":"obs","period":"1981-2010","key":"ID","value":26.4,"estimate":"yearly_mean"},{"bfs_id":563,"rcp":"obs","period":"1981-2010","key":"SD","value":24.6,"estimate":"yearly_mean"},{"bfs_id":563,"rcp":"obs","period":"1981-2010","key":"snowdays","value":30.8,"estimate":"yearly_mean"},{"bfs_id":563,"rcp":"obs","period":"1981-2010","key":"TN","value":0,"estimate":"yearly_mean"},{"bfs_id":563,"rcp":"obs","period":"1981-2010","key":"pr","value":2.9,"estimate":"mean","season":"DJF"},{"bfs_id":563,"rcp":"obs","period":"1981-2010","key":"pr","value":3.2,"estimate":"mean","season":"MAM"},{"bfs_id":563,"rcp":"obs","period":"1981-2010","key":"pr","value":4.9,"estimate":"mean","season":"JJA"},{"bfs_id":563,"rcp":"obs","period":"1981-2010","key":"pr","value":2.9,"estimate":"mean","season":"SON"},{"bfs_id":563,"rcp":"obs","period":"1981-2010","key":"tas","value":-0.5,"estimate":"mean","season":"DJF"},{"bfs_id":563,"rcp":"obs","period":"1981-2010","key":"tas","value":7.2,"estimate":"mean","season":"MAM"},{"bfs_id":563,"rcp":"obs","period":"1981-2010","key":"tas","value":15.8,"estimate":"mean","season":"JJA"},{"bfs_id":563,"rcp":"obs","period":"1981-2010","key":"tas","value":8,"estimate":"mean","season":"SON"}]
