[{"bfs_id":6771,"rcp":"RCP2.6","period":"2035","key":"FD","value":53.4,"estimate":"q5"},{"bfs_id":6771,"rcp":"RCP2.6","period":"2035","key":"FD","value":66.7,"estimate":"q50"},{"bfs_id":6771,"rcp":"RCP2.6","period":"2035","key":"FD","value":70.6,"estimate":"q95"},{"bfs_id":6771,"rcp":"RCP2.6","period":"2060","key":"FD","value":53.4,"estimate":"q5"},{"bfs_id":6771,"rcp":"RCP2.6","period":"2060","key":"FD","value":62.1,"estimate":"q50"},{"bfs_id":6771,"rcp":"RCP2.6","period":"2060","key":"FD","value":68.7,"estimate":"q95"},{"bfs_id":6771,"rcp":"RCP2.6","period":"2085","key":"FD","value":53.1,"estimate":"q5"},{"bfs_id":6771,"rcp":"RCP2.6","period":"2085","key":"FD","value":63.4,"estimate":"q50"},{"bfs_id":6771,"rcp":"RCP2.6","period":"2085","key":"FD","value":69.4,"estimate":"q95"},{"bfs_id":6771,"rcp":"RCP8.5","period":"2035","key":"FD","value":50.7,"estimate":"q5"},{"bfs_id":6771,"rcp":"RCP8.5","period":"2035","key":"FD","value":61.9,"estimate":"q50"},{"bfs_id":6771,"rcp":"RCP8.5","period":"2035","key":"FD","value":66.7,"estimate":"q95"},{"bfs_id":6771,"rcp":"RCP8.5","period":"2060","key":"FD","value":41.7,"estimate":"q5"},{"bfs_id":6771,"rcp":"RCP8.5","period":"2060","key":"FD","value":48.2,"estimate":"q50"},{"bfs_id":6771,"rcp":"RCP8.5","period":"2060","key":"FD","value":54,"estimate":"q95"},{"bfs_id":6771,"rcp":"RCP8.5","period":"2085","key":"FD","value":25.5,"estimate":"q5"},{"bfs_id":6771,"rcp":"RCP8.5","period":"2085","key":"FD","value":29.7,"estimate":"q50"},{"bfs_id":6771,"rcp":"RCP8.5","period":"2085","key":"FD","value":41,"estimate":"q95"},{"bfs_id":6771,"rcp":"RCP2.6","period":"2035","key":"HD","value":6.2,"estimate":"q5"},{"bfs_id":6771,"rcp":"RCP2.6","period":"2035","key":"HD","value":9.2,"estimate":"q50"},{"bfs_id":6771,"rcp":"RCP2.6","period":"2035","key":"HD","value":13.3,"estimate":"q95"},{"bfs_id":6771,"rcp":"RCP2.6","period":"2060","key":"HD","value":7.4,"estimate":"q5"},{"bfs_id":6771,"rcp":"RCP2.6","period":"2060","key":"HD","value":9.5,"estimate":"q50"},{"bfs_id":6771,"rcp":"RCP2.6","period":"2060","key":"HD","value":16,"estimate":"q95"},{"bfs_id":6771,"rcp":"RCP2.6","period":"2085","key":"HD","value":7.1,"estimate":"q5"},{"bfs_id":6771,"rcp":"RCP2.6","period":"2085","key":"HD","value":8.8,"estimate":"q50"},{"bfs_id":6771,"rcp":"RCP2.6","period":"2085","key":"HD","value":15.4,"estimate":"q95"},{"bfs_id":6771,"rcp":"RCP8.5","period":"2035","key":"HD","value":7.5,"estimate":"q5"},{"bfs_id":6771,"rcp":"RCP8.5","period":"2035","key":"HD","value":9.4,"estimate":"q50"},{"bfs_id":6771,"rcp":"RCP8.5","period":"2035","key":"HD","value":14.7,"estimate":"q95"},{"bfs_id":6771,"rcp":"RCP8.5","period":"2060","key":"HD","value":12.7,"estimate":"q5"},{"bfs_id":6771,"rcp":"RCP8.5","period":"2060","key":"HD","value":18.2,"estimate":"q50"},{"bfs_id":6771,"rcp":"RCP8.5","period":"2060","key":"HD","value":29.4,"estimate":"q95"},{"bfs_id":6771,"rcp":"RCP8.5","period":"2085","key":"HD","value":23.2,"estimate":"q5"},{"bfs_id":6771,"rcp":"RCP8.5","period":"2085","key":"HD","value":30.2,"estimate":"q50"},{"bfs_id":6771,"rcp":"RCP8.5","period":"2085","key":"HD","value":52.9,"estimate":"q95"},{"bfs_id":6771,"rcp":"RCP2.6","period":"2035","key":"ID","value":9.1,"estimate":"q5"},{"bfs_id":6771,"rcp":"RCP2.6","period":"2035","key":"ID","value":12.7,"estimate":"q50"},{"bfs_id":6771,"rcp":"RCP2.6","period":"2035","key":"ID","value":15.7,"estimate":"q95"},{"bfs_id":6771,"rcp":"RCP2.6","period":"2060","key":"ID","value":8.7,"estimate":"q5"},{"bfs_id":6771,"rcp":"RCP2.6","period":"2060","key":"ID","value":12.4,"estimate":"q50"},{"bfs_id":6771,"rcp":"RCP2.6","period":"2060","key":"ID","value":15.5,"estimate":"q95"},{"bfs_id":6771,"rcp":"RCP2.6","period":"2085","key":"ID","value":9,"estimate":"q5"},{"bfs_id":6771,"rcp":"RCP2.6","period":"2085","key":"ID","value":12.1,"estimate":"q50"},{"bfs_id":6771,"rcp":"RCP2.6","period":"2085","key":"ID","value":16,"estimate":"q95"},{"bfs_id":6771,"rcp":"RCP8.5","period":"2035","key":"ID","value":9.1,"estimate":"q5"},{"bfs_id":6771,"rcp":"RCP8.5","period":"2035","key":"ID","value":11,"estimate":"q50"},{"bfs_id":6771,"rcp":"RCP8.5","period":"2035","key":"ID","value":15.7,"estimate":"q95"},{"bfs_id":6771,"rcp":"RCP8.5","period":"2060","key":"ID","value":6.3,"estimate":"q5"},{"bfs_id":6771,"rcp":"RCP8.5","period":"2060","key":"ID","value":8.2,"estimate":"q50"},{"bfs_id":6771,"rcp":"RCP8.5","period":"2060","key":"ID","value":10.5,"estimate":"q95"},{"bfs_id":6771,"rcp":"RCP8.5","period":"2085","key":"ID","value":1.7,"estimate":"q5"},{"bfs_id":6771,"rcp":"RCP8.5","period":"2085","key":"ID","value":3.8,"estimate":"q50"},{"bfs_id":6771,"rcp":"RCP8.5","period":"2085","key":"ID","value":5.6,"estimate":"q95"},{"bfs_id":6771,"rcp":"RCP2.6","period":"2035","key":"SD","value":40.6,"estimate":"q5"},{"bfs_id":6771,"rcp":"RCP2.6","period":"2035","key":"SD","value":46.6,"estimate":"q50"},{"bfs_id":6771,"rcp":"RCP2.6","period":"2035","key":"SD","value":52.9,"estimate":"q95"},{"bfs_id":6771,"rcp":"RCP2.6","period":"2060","key":"SD","value":41,"estimate":"q5"},{"bfs_id":6771,"rcp":"RCP2.6","period":"2060","key":"SD","value":47.2,"estimate":"q50"},{"bfs_id":6771,"rcp":"RCP2.6","period":"2060","key":"SD","value":53.8,"estimate":"q95"},{"bfs_id":6771,"rcp":"RCP2.6","period":"2085","key":"SD","value":41.5,"estimate":"q5"},{"bfs_id":6771,"rcp":"RCP2.6","period":"2085","key":"SD","value":47.2,"estimate":"q50"},{"bfs_id":6771,"rcp":"RCP2.6","period":"2085","key":"SD","value":53.4,"estimate":"q95"},{"bfs_id":6771,"rcp":"RCP8.5","period":"2035","key":"SD","value":43.7,"estimate":"q5"},{"bfs_id":6771,"rcp":"RCP8.5","period":"2035","key":"SD","value":48.6,"estimate":"q50"},{"bfs_id":6771,"rcp":"RCP8.5","period":"2035","key":"SD","value":53.8,"estimate":"q95"},{"bfs_id":6771,"rcp":"RCP8.5","period":"2060","key":"SD","value":57.5,"estimate":"q5"},{"bfs_id":6771,"rcp":"RCP8.5","period":"2060","key":"SD","value":63,"estimate":"q50"},{"bfs_id":6771,"rcp":"RCP8.5","period":"2060","key":"SD","value":79.8,"estimate":"q95"},{"bfs_id":6771,"rcp":"RCP8.5","period":"2085","key":"SD","value":73.2,"estimate":"q5"},{"bfs_id":6771,"rcp":"RCP8.5","period":"2085","key":"SD","value":86.6,"estimate":"q50"},{"bfs_id":6771,"rcp":"RCP8.5","period":"2085","key":"SD","value":103.1,"estimate":"q95"},{"bfs_id":6771,"rcp":"RCP2.6","period":"2035","key":"snowdays","value":13,"estimate":"q5"},{"bfs_id":6771,"rcp":"RCP2.6","period":"2035","key":"snowdays","value":16.3,"estimate":"q50"},{"bfs_id":6771,"rcp":"RCP2.6","period":"2035","key":"snowdays","value":23.1,"estimate":"q95"},{"bfs_id":6771,"rcp":"RCP2.6","period":"2060","key":"snowdays","value":12.4,"estimate":"q5"},{"bfs_id":6771,"rcp":"RCP2.6","period":"2060","key":"snowdays","value":15.5,"estimate":"q50"},{"bfs_id":6771,"rcp":"RCP2.6","period":"2060","key":"snowdays","value":23.6,"estimate":"q95"},{"bfs_id":6771,"rcp":"RCP2.6","period":"2085","key":"snowdays","value":11.9,"estimate":"q5"},{"bfs_id":6771,"rcp":"RCP2.6","period":"2085","key":"snowdays","value":15.5,"estimate":"q50"},{"bfs_id":6771,"rcp":"RCP2.6","period":"2085","key":"snowdays","value":22.2,"estimate":"q95"},{"bfs_id":6771,"rcp":"RCP8.5","period":"2035","key":"snowdays","value":12,"estimate":"q5"},{"bfs_id":6771,"rcp":"RCP8.5","period":"2035","key":"snowdays","value":15.5,"estimate":"q50"},{"bfs_id":6771,"rcp":"RCP8.5","period":"2035","key":"snowdays","value":22.9,"estimate":"q95"},{"bfs_id":6771,"rcp":"RCP8.5","period":"2060","key":"snowdays","value":8.4,"estimate":"q5"},{"bfs_id":6771,"rcp":"RCP8.5","period":"2060","key":"snowdays","value":11.6,"estimate":"q50"},{"bfs_id":6771,"rcp":"RCP8.5","period":"2060","key":"snowdays","value":17.2,"estimate":"q95"},{"bfs_id":6771,"rcp":"RCP8.5","period":"2085","key":"snowdays","value":4.1,"estimate":"q5"},{"bfs_id":6771,"rcp":"RCP8.5","period":"2085","key":"snowdays","value":5.8,"estimate":"q50"},{"bfs_id":6771,"rcp":"RCP8.5","period":"2085","key":"snowdays","value":10.8,"estimate":"q95"},{"bfs_id":6771,"rcp":"RCP2.6","period":"2035","key":"TN","value":0.3,"estimate":"q5"},{"bfs_id":6771,"rcp":"RCP2.6","period":"2035","key":"TN","value":1.2,"estimate":"q50"},{"bfs_id":6771,"rcp":"RCP2.6","period":"2035","key":"TN","value":2,"estimate":"q95"},{"bfs_id":6771,"rcp":"RCP2.6","period":"2060","key":"TN","value":0.5,"estimate":"q5"},{"bfs_id":6771,"rcp":"RCP2.6","period":"2060","key":"TN","value":1.1,"estimate":"q50"},{"bfs_id":6771,"rcp":"RCP2.6","period":"2060","key":"TN","value":2.3,"estimate":"q95"},{"bfs_id":6771,"rcp":"RCP2.6","period":"2085","key":"TN","value":0.5,"estimate":"q5"},{"bfs_id":6771,"rcp":"RCP2.6","period":"2085","key":"TN","value":1.2,"estimate":"q50"},{"bfs_id":6771,"rcp":"RCP2.6","period":"2085","key":"TN","value":2,"estimate":"q95"},{"bfs_id":6771,"rcp":"RCP8.5","period":"2035","key":"TN","value":0.7,"estimate":"q5"},{"bfs_id":6771,"rcp":"RCP8.5","period":"2035","key":"TN","value":1.4,"estimate":"q50"},{"bfs_id":6771,"rcp":"RCP8.5","period":"2035","key":"TN","value":3.2,"estimate":"q95"},{"bfs_id":6771,"rcp":"RCP8.5","period":"2060","key":"TN","value":2.6,"estimate":"q5"},{"bfs_id":6771,"rcp":"RCP8.5","period":"2060","key":"TN","value":4.1,"estimate":"q50"},{"bfs_id":6771,"rcp":"RCP8.5","period":"2060","key":"TN","value":8.6,"estimate":"q95"},{"bfs_id":6771,"rcp":"RCP8.5","period":"2085","key":"TN","value":7.7,"estimate":"q5"},{"bfs_id":6771,"rcp":"RCP8.5","period":"2085","key":"TN","value":10.8,"estimate":"q50"},{"bfs_id":6771,"rcp":"RCP8.5","period":"2085","key":"TN","value":29.8,"estimate":"q95"},{"bfs_id":6771,"rcp":"RCP2.6","period":"2035","key":"pr","value":2.7,"estimate":"q5","season":"DJF"},{"bfs_id":6771,"rcp":"RCP2.6","period":"2035","key":"pr","value":2.8,"estimate":"q5","season":"MAM"},{"bfs_id":6771,"rcp":"RCP2.6","period":"2035","key":"pr","value":2.7,"estimate":"q5","season":"JJA"},{"bfs_id":6771,"rcp":"RCP2.6","period":"2035","key":"pr","value":2.8,"estimate":"q5","season":"SON"},{"bfs_id":6771,"rcp":"RCP2.6","period":"2035","key":"pr","value":3.1,"estimate":"q50","season":"DJF"},{"bfs_id":6771,"rcp":"RCP2.6","period":"2035","key":"pr","value":3.2,"estimate":"q50","season":"MAM"},{"bfs_id":6771,"rcp":"RCP2.6","period":"2035","key":"pr","value":3,"estimate":"q50","season":"JJA"},{"bfs_id":6771,"rcp":"RCP2.6","period":"2035","key":"pr","value":3.1,"estimate":"q50","season":"SON"},{"bfs_id":6771,"rcp":"RCP2.6","period":"2035","key":"pr","value":3.5,"estimate":"q95","season":"DJF"},{"bfs_id":6771,"rcp":"RCP2.6","period":"2035","key":"pr","value":3.4,"estimate":"q95","season":"MAM"},{"bfs_id":6771,"rcp":"RCP2.6","period":"2035","key":"pr","value":3.6,"estimate":"q95","season":"JJA"},{"bfs_id":6771,"rcp":"RCP2.6","period":"2035","key":"pr","value":3.5,"estimate":"q95","season":"SON"},{"bfs_id":6771,"rcp":"RCP2.6","period":"2060","key":"pr","value":2.7,"estimate":"q5","season":"DJF"},{"bfs_id":6771,"rcp":"RCP2.6","period":"2060","key":"pr","value":2.9,"estimate":"q5","season":"MAM"},{"bfs_id":6771,"rcp":"RCP2.6","period":"2060","key":"pr","value":2.5,"estimate":"q5","season":"JJA"},{"bfs_id":6771,"rcp":"RCP2.6","period":"2060","key":"pr","value":2.9,"estimate":"q5","season":"SON"},{"bfs_id":6771,"rcp":"RCP2.6","period":"2060","key":"pr","value":3.1,"estimate":"q50","season":"DJF"},{"bfs_id":6771,"rcp":"RCP2.6","period":"2060","key":"pr","value":3.2,"estimate":"q50","season":"MAM"},{"bfs_id":6771,"rcp":"RCP2.6","period":"2060","key":"pr","value":3,"estimate":"q50","season":"JJA"},{"bfs_id":6771,"rcp":"RCP2.6","period":"2060","key":"pr","value":3,"estimate":"q50","season":"SON"},{"bfs_id":6771,"rcp":"RCP2.6","period":"2060","key":"pr","value":3.3,"estimate":"q95","season":"DJF"},{"bfs_id":6771,"rcp":"RCP2.6","period":"2060","key":"pr","value":3.5,"estimate":"q95","season":"MAM"},{"bfs_id":6771,"rcp":"RCP2.6","period":"2060","key":"pr","value":3.5,"estimate":"q95","season":"JJA"},{"bfs_id":6771,"rcp":"RCP2.6","period":"2060","key":"pr","value":3.5,"estimate":"q95","season":"SON"},{"bfs_id":6771,"rcp":"RCP2.6","period":"2085","key":"pr","value":2.7,"estimate":"q5","season":"DJF"},{"bfs_id":6771,"rcp":"RCP2.6","period":"2085","key":"pr","value":2.9,"estimate":"q5","season":"MAM"},{"bfs_id":6771,"rcp":"RCP2.6","period":"2085","key":"pr","value":2.5,"estimate":"q5","season":"JJA"},{"bfs_id":6771,"rcp":"RCP2.6","period":"2085","key":"pr","value":2.7,"estimate":"q5","season":"SON"},{"bfs_id":6771,"rcp":"RCP2.6","period":"2085","key":"pr","value":3.1,"estimate":"q50","season":"DJF"},{"bfs_id":6771,"rcp":"RCP2.6","period":"2085","key":"pr","value":3.1,"estimate":"q50","season":"MAM"},{"bfs_id":6771,"rcp":"RCP2.6","period":"2085","key":"pr","value":3.1,"estimate":"q50","season":"JJA"},{"bfs_id":6771,"rcp":"RCP2.6","period":"2085","key":"pr","value":3,"estimate":"q50","season":"SON"},{"bfs_id":6771,"rcp":"RCP2.6","period":"2085","key":"pr","value":3.4,"estimate":"q95","season":"DJF"},{"bfs_id":6771,"rcp":"RCP2.6","period":"2085","key":"pr","value":3.4,"estimate":"q95","season":"MAM"},{"bfs_id":6771,"rcp":"RCP2.6","period":"2085","key":"pr","value":3.5,"estimate":"q95","season":"JJA"},{"bfs_id":6771,"rcp":"RCP2.6","period":"2085","key":"pr","value":3.5,"estimate":"q95","season":"SON"},{"bfs_id":6771,"rcp":"RCP8.5","period":"2035","key":"pr","value":2.8,"estimate":"q5","season":"DJF"},{"bfs_id":6771,"rcp":"RCP8.5","period":"2035","key":"pr","value":3,"estimate":"q5","season":"MAM"},{"bfs_id":6771,"rcp":"RCP8.5","period":"2035","key":"pr","value":2.5,"estimate":"q5","season":"JJA"},{"bfs_id":6771,"rcp":"RCP8.5","period":"2035","key":"pr","value":2.8,"estimate":"q5","season":"SON"},{"bfs_id":6771,"rcp":"RCP8.5","period":"2035","key":"pr","value":3.2,"estimate":"q50","season":"DJF"},{"bfs_id":6771,"rcp":"RCP8.5","period":"2035","key":"pr","value":3.2,"estimate":"q50","season":"MAM"},{"bfs_id":6771,"rcp":"RCP8.5","period":"2035","key":"pr","value":3.2,"estimate":"q50","season":"JJA"},{"bfs_id":6771,"rcp":"RCP8.5","period":"2035","key":"pr","value":3.2,"estimate":"q50","season":"SON"},{"bfs_id":6771,"rcp":"RCP8.5","period":"2035","key":"pr","value":3.5,"estimate":"q95","season":"DJF"},{"bfs_id":6771,"rcp":"RCP8.5","period":"2035","key":"pr","value":3.5,"estimate":"q95","season":"MAM"},{"bfs_id":6771,"rcp":"RCP8.5","period":"2035","key":"pr","value":3.5,"estimate":"q95","season":"JJA"},{"bfs_id":6771,"rcp":"RCP8.5","period":"2035","key":"pr","value":3.5,"estimate":"q95","season":"SON"},{"bfs_id":6771,"rcp":"RCP8.5","period":"2060","key":"pr","value":3,"estimate":"q5","season":"DJF"},{"bfs_id":6771,"rcp":"RCP8.5","period":"2060","key":"pr","value":3.1,"estimate":"q5","season":"MAM"},{"bfs_id":6771,"rcp":"RCP8.5","period":"2060","key":"pr","value":2.3,"estimate":"q5","season":"JJA"},{"bfs_id":6771,"rcp":"RCP8.5","period":"2060","key":"pr","value":2.8,"estimate":"q5","season":"SON"},{"bfs_id":6771,"rcp":"RCP8.5","period":"2060","key":"pr","value":3.2,"estimate":"q50","season":"DJF"},{"bfs_id":6771,"rcp":"RCP8.5","period":"2060","key":"pr","value":3.3,"estimate":"q50","season":"MAM"},{"bfs_id":6771,"rcp":"RCP8.5","period":"2060","key":"pr","value":3,"estimate":"q50","season":"JJA"},{"bfs_id":6771,"rcp":"RCP8.5","period":"2060","key":"pr","value":3.2,"estimate":"q50","season":"SON"},{"bfs_id":6771,"rcp":"RCP8.5","period":"2060","key":"pr","value":3.5,"estimate":"q95","season":"DJF"},{"bfs_id":6771,"rcp":"RCP8.5","period":"2060","key":"pr","value":3.5,"estimate":"q95","season":"MAM"},{"bfs_id":6771,"rcp":"RCP8.5","period":"2060","key":"pr","value":3.3,"estimate":"q95","season":"JJA"},{"bfs_id":6771,"rcp":"RCP8.5","period":"2060","key":"pr","value":3.4,"estimate":"q95","season":"SON"},{"bfs_id":6771,"rcp":"RCP8.5","period":"2085","key":"pr","value":3.1,"estimate":"q5","season":"DJF"},{"bfs_id":6771,"rcp":"RCP8.5","period":"2085","key":"pr","value":3,"estimate":"q5","season":"MAM"},{"bfs_id":6771,"rcp":"RCP8.5","period":"2085","key":"pr","value":1.8,"estimate":"q5","season":"JJA"},{"bfs_id":6771,"rcp":"RCP8.5","period":"2085","key":"pr","value":2.7,"estimate":"q5","season":"SON"},{"bfs_id":6771,"rcp":"RCP8.5","period":"2085","key":"pr","value":3.4,"estimate":"q50","season":"DJF"},{"bfs_id":6771,"rcp":"RCP8.5","period":"2085","key":"pr","value":3.3,"estimate":"q50","season":"MAM"},{"bfs_id":6771,"rcp":"RCP8.5","period":"2085","key":"pr","value":2.5,"estimate":"q50","season":"JJA"},{"bfs_id":6771,"rcp":"RCP8.5","period":"2085","key":"pr","value":3.2,"estimate":"q50","season":"SON"},{"bfs_id":6771,"rcp":"RCP8.5","period":"2085","key":"pr","value":4,"estimate":"q95","season":"DJF"},{"bfs_id":6771,"rcp":"RCP8.5","period":"2085","key":"pr","value":3.7,"estimate":"q95","season":"MAM"},{"bfs_id":6771,"rcp":"RCP8.5","period":"2085","key":"pr","value":3.1,"estimate":"q95","season":"JJA"},{"bfs_id":6771,"rcp":"RCP8.5","period":"2085","key":"pr","value":3.5,"estimate":"q95","season":"SON"},{"bfs_id":6771,"rcp":"RCP2.6","period":"2035","key":"tas","value":2,"estimate":"q5","season":"DJF"},{"bfs_id":6771,"rcp":"RCP2.6","period":"2035","key":"tas","value":9,"estimate":"q5","season":"MAM"},{"bfs_id":6771,"rcp":"RCP2.6","period":"2035","key":"tas","value":18,"estimate":"q5","season":"JJA"},{"bfs_id":6771,"rcp":"RCP2.6","period":"2035","key":"tas","value":10.3,"estimate":"q5","season":"SON"},{"bfs_id":6771,"rcp":"RCP2.6","period":"2035","key":"tas","value":2.5,"estimate":"q50","season":"DJF"},{"bfs_id":6771,"rcp":"RCP2.6","period":"2035","key":"tas","value":9.6,"estimate":"q50","season":"MAM"},{"bfs_id":6771,"rcp":"RCP2.6","period":"2035","key":"tas","value":18.6,"estimate":"q50","season":"JJA"},{"bfs_id":6771,"rcp":"RCP2.6","period":"2035","key":"tas","value":10.7,"estimate":"q50","season":"SON"},{"bfs_id":6771,"rcp":"RCP2.6","period":"2035","key":"tas","value":3.3,"estimate":"q95","season":"DJF"},{"bfs_id":6771,"rcp":"RCP2.6","period":"2035","key":"tas","value":9.9,"estimate":"q95","season":"MAM"},{"bfs_id":6771,"rcp":"RCP2.6","period":"2035","key":"tas","value":19.2,"estimate":"q95","season":"JJA"},{"bfs_id":6771,"rcp":"RCP2.6","period":"2035","key":"tas","value":11.4,"estimate":"q95","season":"SON"},{"bfs_id":6771,"rcp":"RCP2.6","period":"2060","key":"tas","value":2.1,"estimate":"q5","season":"DJF"},{"bfs_id":6771,"rcp":"RCP2.6","period":"2060","key":"tas","value":8.9,"estimate":"q5","season":"MAM"},{"bfs_id":6771,"rcp":"RCP2.6","period":"2060","key":"tas","value":18.2,"estimate":"q5","season":"JJA"},{"bfs_id":6771,"rcp":"RCP2.6","period":"2060","key":"tas","value":10.6,"estimate":"q5","season":"SON"},{"bfs_id":6771,"rcp":"RCP2.6","period":"2060","key":"tas","value":2.9,"estimate":"q50","season":"DJF"},{"bfs_id":6771,"rcp":"RCP2.6","period":"2060","key":"tas","value":9.6,"estimate":"q50","season":"MAM"},{"bfs_id":6771,"rcp":"RCP2.6","period":"2060","key":"tas","value":18.6,"estimate":"q50","season":"JJA"},{"bfs_id":6771,"rcp":"RCP2.6","period":"2060","key":"tas","value":10.9,"estimate":"q50","season":"SON"},{"bfs_id":6771,"rcp":"RCP2.6","period":"2060","key":"tas","value":3.5,"estimate":"q95","season":"DJF"},{"bfs_id":6771,"rcp":"RCP2.6","period":"2060","key":"tas","value":10.1,"estimate":"q95","season":"MAM"},{"bfs_id":6771,"rcp":"RCP2.6","period":"2060","key":"tas","value":19.4,"estimate":"q95","season":"JJA"},{"bfs_id":6771,"rcp":"RCP2.6","period":"2060","key":"tas","value":11.9,"estimate":"q95","season":"SON"},{"bfs_id":6771,"rcp":"RCP2.6","period":"2085","key":"tas","value":2.2,"estimate":"q5","season":"DJF"},{"bfs_id":6771,"rcp":"RCP2.6","period":"2085","key":"tas","value":8.9,"estimate":"q5","season":"MAM"},{"bfs_id":6771,"rcp":"RCP2.6","period":"2085","key":"tas","value":18.2,"estimate":"q5","season":"JJA"},{"bfs_id":6771,"rcp":"RCP2.6","period":"2085","key":"tas","value":10.3,"estimate":"q5","season":"SON"},{"bfs_id":6771,"rcp":"RCP2.6","period":"2085","key":"tas","value":2.9,"estimate":"q50","season":"DJF"},{"bfs_id":6771,"rcp":"RCP2.6","period":"2085","key":"tas","value":9.7,"estimate":"q50","season":"MAM"},{"bfs_id":6771,"rcp":"RCP2.6","period":"2085","key":"tas","value":18.7,"estimate":"q50","season":"JJA"},{"bfs_id":6771,"rcp":"RCP2.6","period":"2085","key":"tas","value":10.9,"estimate":"q50","season":"SON"},{"bfs_id":6771,"rcp":"RCP2.6","period":"2085","key":"tas","value":3.6,"estimate":"q95","season":"DJF"},{"bfs_id":6771,"rcp":"RCP2.6","period":"2085","key":"tas","value":10.1,"estimate":"q95","season":"MAM"},{"bfs_id":6771,"rcp":"RCP2.6","period":"2085","key":"tas","value":19.4,"estimate":"q95","season":"JJA"},{"bfs_id":6771,"rcp":"RCP2.6","period":"2085","key":"tas","value":11.8,"estimate":"q95","season":"SON"},{"bfs_id":6771,"rcp":"RCP8.5","period":"2035","key":"tas","value":2.1,"estimate":"q5","season":"DJF"},{"bfs_id":6771,"rcp":"RCP8.5","period":"2035","key":"tas","value":9.2,"estimate":"q5","season":"MAM"},{"bfs_id":6771,"rcp":"RCP8.5","period":"2035","key":"tas","value":18.3,"estimate":"q5","season":"JJA"},{"bfs_id":6771,"rcp":"RCP8.5","period":"2035","key":"tas","value":10.6,"estimate":"q5","season":"SON"},{"bfs_id":6771,"rcp":"RCP8.5","period":"2035","key":"tas","value":3,"estimate":"q50","season":"DJF"},{"bfs_id":6771,"rcp":"RCP8.5","period":"2035","key":"tas","value":9.6,"estimate":"q50","season":"MAM"},{"bfs_id":6771,"rcp":"RCP8.5","period":"2035","key":"tas","value":18.8,"estimate":"q50","season":"JJA"},{"bfs_id":6771,"rcp":"RCP8.5","period":"2035","key":"tas","value":11,"estimate":"q50","season":"SON"},{"bfs_id":6771,"rcp":"RCP8.5","period":"2035","key":"tas","value":3.4,"estimate":"q95","season":"DJF"},{"bfs_id":6771,"rcp":"RCP8.5","period":"2035","key":"tas","value":10,"estimate":"q95","season":"MAM"},{"bfs_id":6771,"rcp":"RCP8.5","period":"2035","key":"tas","value":19.5,"estimate":"q95","season":"JJA"},{"bfs_id":6771,"rcp":"RCP8.5","period":"2035","key":"tas","value":11.9,"estimate":"q95","season":"SON"},{"bfs_id":6771,"rcp":"RCP8.5","period":"2060","key":"tas","value":3.4,"estimate":"q5","season":"DJF"},{"bfs_id":6771,"rcp":"RCP8.5","period":"2060","key":"tas","value":10,"estimate":"q5","season":"MAM"},{"bfs_id":6771,"rcp":"RCP8.5","period":"2060","key":"tas","value":19.4,"estimate":"q5","season":"JJA"},{"bfs_id":6771,"rcp":"RCP8.5","period":"2060","key":"tas","value":11.6,"estimate":"q5","season":"SON"},{"bfs_id":6771,"rcp":"RCP8.5","period":"2060","key":"tas","value":3.8,"estimate":"q50","season":"DJF"},{"bfs_id":6771,"rcp":"RCP8.5","period":"2060","key":"tas","value":10.5,"estimate":"q50","season":"MAM"},{"bfs_id":6771,"rcp":"RCP8.5","period":"2060","key":"tas","value":20,"estimate":"q50","season":"JJA"},{"bfs_id":6771,"rcp":"RCP8.5","period":"2060","key":"tas","value":12.3,"estimate":"q50","season":"SON"},{"bfs_id":6771,"rcp":"RCP8.5","period":"2060","key":"tas","value":4.6,"estimate":"q95","season":"DJF"},{"bfs_id":6771,"rcp":"RCP8.5","period":"2060","key":"tas","value":11,"estimate":"q95","season":"MAM"},{"bfs_id":6771,"rcp":"RCP8.5","period":"2060","key":"tas","value":21.3,"estimate":"q95","season":"JJA"},{"bfs_id":6771,"rcp":"RCP8.5","period":"2060","key":"tas","value":13.1,"estimate":"q95","season":"SON"},{"bfs_id":6771,"rcp":"RCP8.5","period":"2085","key":"tas","value":4.5,"estimate":"q5","season":"DJF"},{"bfs_id":6771,"rcp":"RCP8.5","period":"2085","key":"tas","value":11,"estimate":"q5","season":"MAM"},{"bfs_id":6771,"rcp":"RCP8.5","period":"2085","key":"tas","value":20.8,"estimate":"q5","season":"JJA"},{"bfs_id":6771,"rcp":"RCP8.5","period":"2085","key":"tas","value":12.9,"estimate":"q5","season":"SON"},{"bfs_id":6771,"rcp":"RCP8.5","period":"2085","key":"tas","value":5.5,"estimate":"q50","season":"DJF"},{"bfs_id":6771,"rcp":"RCP8.5","period":"2085","key":"tas","value":11.7,"estimate":"q50","season":"MAM"},{"bfs_id":6771,"rcp":"RCP8.5","period":"2085","key":"tas","value":21.6,"estimate":"q50","season":"JJA"},{"bfs_id":6771,"rcp":"RCP8.5","period":"2085","key":"tas","value":13.7,"estimate":"q50","season":"SON"},{"bfs_id":6771,"rcp":"RCP8.5","period":"2085","key":"tas","value":6.3,"estimate":"q95","season":"DJF"},{"bfs_id":6771,"rcp":"RCP8.5","period":"2085","key":"tas","value":12.6,"estimate":"q95","season":"MAM"},{"bfs_id":6771,"rcp":"RCP8.5","period":"2085","key":"tas","value":23.9,"estimate":"q95","season":"JJA"},{"bfs_id":6771,"rcp":"RCP8.5","period":"2085","key":"tas","value":15.2,"estimate":"q95","season":"SON"},{"bfs_id":6771,"rcp":"obs","period":"1981-2010","key":"FD","value":78.1,"estimate":"yearly_mean"},{"bfs_id":6771,"rcp":"obs","period":"1981-2010","key":"HD","value":4.5,"estimate":"yearly_mean"},{"bfs_id":6771,"rcp":"obs","period":"1981-2010","key":"ID","value":18.6,"estimate":"yearly_mean"},{"bfs_id":6771,"rcp":"obs","period":"1981-2010","key":"SD","value":34.6,"estimate":"yearly_mean"},{"bfs_id":6771,"rcp":"obs","period":"1981-2010","key":"snowdays","value":20.2,"estimate":"yearly_mean"},{"bfs_id":6771,"rcp":"obs","period":"1981-2010","key":"TN","value":0.3,"estimate":"yearly_mean"},{"bfs_id":6771,"rcp":"obs","period":"1981-2010","key":"pr","value":2.8,"estimate":"mean","season":"DJF"},{"bfs_id":6771,"rcp":"obs","period":"1981-2010","key":"pr","value":3.2,"estimate":"mean","season":"MAM"},{"bfs_id":6771,"rcp":"obs","period":"1981-2010","key":"pr","value":3.2,"estimate":"mean","season":"JJA"},{"bfs_id":6771,"rcp":"obs","period":"1981-2010","key":"pr","value":3.1,"estimate":"mean","season":"SON"},{"bfs_id":6771,"rcp":"obs","period":"1981-2010","key":"tas","value":1.5,"estimate":"mean","season":"DJF"},{"bfs_id":6771,"rcp":"obs","period":"1981-2010","key":"tas","value":8.9,"estimate":"mean","season":"MAM"},{"bfs_id":6771,"rcp":"obs","period":"1981-2010","key":"tas","value":17.5,"estimate":"mean","season":"JJA"},{"bfs_id":6771,"rcp":"obs","period":"1981-2010","key":"tas","value":9.6,"estimate":"mean","season":"SON"}]
