[{"bfs_id":5669,"rcp":"RCP2.6","period":"2035","key":"FD","value":68.8,"estimate":"q5"},{"bfs_id":5669,"rcp":"RCP2.6","period":"2035","key":"FD","value":81.1,"estimate":"q50"},{"bfs_id":5669,"rcp":"RCP2.6","period":"2035","key":"FD","value":87.8,"estimate":"q95"},{"bfs_id":5669,"rcp":"RCP2.6","period":"2060","key":"FD","value":65.2,"estimate":"q5"},{"bfs_id":5669,"rcp":"RCP2.6","period":"2060","key":"FD","value":76.3,"estimate":"q50"},{"bfs_id":5669,"rcp":"RCP2.6","period":"2060","key":"FD","value":84.5,"estimate":"q95"},{"bfs_id":5669,"rcp":"RCP2.6","period":"2085","key":"FD","value":63.6,"estimate":"q5"},{"bfs_id":5669,"rcp":"RCP2.6","period":"2085","key":"FD","value":77.5,"estimate":"q50"},{"bfs_id":5669,"rcp":"RCP2.6","period":"2085","key":"FD","value":86.2,"estimate":"q95"},{"bfs_id":5669,"rcp":"RCP8.5","period":"2035","key":"FD","value":67.2,"estimate":"q5"},{"bfs_id":5669,"rcp":"RCP8.5","period":"2035","key":"FD","value":77.7,"estimate":"q50"},{"bfs_id":5669,"rcp":"RCP8.5","period":"2035","key":"FD","value":84.1,"estimate":"q95"},{"bfs_id":5669,"rcp":"RCP8.5","period":"2060","key":"FD","value":50.9,"estimate":"q5"},{"bfs_id":5669,"rcp":"RCP8.5","period":"2060","key":"FD","value":60.9,"estimate":"q50"},{"bfs_id":5669,"rcp":"RCP8.5","period":"2060","key":"FD","value":69.1,"estimate":"q95"},{"bfs_id":5669,"rcp":"RCP8.5","period":"2085","key":"FD","value":32.1,"estimate":"q5"},{"bfs_id":5669,"rcp":"RCP8.5","period":"2085","key":"FD","value":40.8,"estimate":"q50"},{"bfs_id":5669,"rcp":"RCP8.5","period":"2085","key":"FD","value":51.5,"estimate":"q95"},{"bfs_id":5669,"rcp":"RCP2.6","period":"2035","key":"HD","value":7.2,"estimate":"q5"},{"bfs_id":5669,"rcp":"RCP2.6","period":"2035","key":"HD","value":11,"estimate":"q50"},{"bfs_id":5669,"rcp":"RCP2.6","period":"2035","key":"HD","value":16.1,"estimate":"q95"},{"bfs_id":5669,"rcp":"RCP2.6","period":"2060","key":"HD","value":8.6,"estimate":"q5"},{"bfs_id":5669,"rcp":"RCP2.6","period":"2060","key":"HD","value":11.5,"estimate":"q50"},{"bfs_id":5669,"rcp":"RCP2.6","period":"2060","key":"HD","value":19.5,"estimate":"q95"},{"bfs_id":5669,"rcp":"RCP2.6","period":"2085","key":"HD","value":8.6,"estimate":"q5"},{"bfs_id":5669,"rcp":"RCP2.6","period":"2085","key":"HD","value":10.5,"estimate":"q50"},{"bfs_id":5669,"rcp":"RCP2.6","period":"2085","key":"HD","value":18.7,"estimate":"q95"},{"bfs_id":5669,"rcp":"RCP8.5","period":"2035","key":"HD","value":9.5,"estimate":"q5"},{"bfs_id":5669,"rcp":"RCP8.5","period":"2035","key":"HD","value":11,"estimate":"q50"},{"bfs_id":5669,"rcp":"RCP8.5","period":"2035","key":"HD","value":17.1,"estimate":"q95"},{"bfs_id":5669,"rcp":"RCP8.5","period":"2060","key":"HD","value":14.9,"estimate":"q5"},{"bfs_id":5669,"rcp":"RCP8.5","period":"2060","key":"HD","value":20.8,"estimate":"q50"},{"bfs_id":5669,"rcp":"RCP8.5","period":"2060","key":"HD","value":34.6,"estimate":"q95"},{"bfs_id":5669,"rcp":"RCP8.5","period":"2085","key":"HD","value":28.7,"estimate":"q5"},{"bfs_id":5669,"rcp":"RCP8.5","period":"2085","key":"HD","value":35.7,"estimate":"q50"},{"bfs_id":5669,"rcp":"RCP8.5","period":"2085","key":"HD","value":57.8,"estimate":"q95"},{"bfs_id":5669,"rcp":"RCP2.6","period":"2035","key":"ID","value":11.7,"estimate":"q5"},{"bfs_id":5669,"rcp":"RCP2.6","period":"2035","key":"ID","value":15.4,"estimate":"q50"},{"bfs_id":5669,"rcp":"RCP2.6","period":"2035","key":"ID","value":19.1,"estimate":"q95"},{"bfs_id":5669,"rcp":"RCP2.6","period":"2060","key":"ID","value":11.2,"estimate":"q5"},{"bfs_id":5669,"rcp":"RCP2.6","period":"2060","key":"ID","value":15.2,"estimate":"q50"},{"bfs_id":5669,"rcp":"RCP2.6","period":"2060","key":"ID","value":17.8,"estimate":"q95"},{"bfs_id":5669,"rcp":"RCP2.6","period":"2085","key":"ID","value":11.2,"estimate":"q5"},{"bfs_id":5669,"rcp":"RCP2.6","period":"2085","key":"ID","value":14.8,"estimate":"q50"},{"bfs_id":5669,"rcp":"RCP2.6","period":"2085","key":"ID","value":18.6,"estimate":"q95"},{"bfs_id":5669,"rcp":"RCP8.5","period":"2035","key":"ID","value":11.3,"estimate":"q5"},{"bfs_id":5669,"rcp":"RCP8.5","period":"2035","key":"ID","value":14.5,"estimate":"q50"},{"bfs_id":5669,"rcp":"RCP8.5","period":"2035","key":"ID","value":17.7,"estimate":"q95"},{"bfs_id":5669,"rcp":"RCP8.5","period":"2060","key":"ID","value":7.5,"estimate":"q5"},{"bfs_id":5669,"rcp":"RCP8.5","period":"2060","key":"ID","value":10.6,"estimate":"q50"},{"bfs_id":5669,"rcp":"RCP8.5","period":"2060","key":"ID","value":12.9,"estimate":"q95"},{"bfs_id":5669,"rcp":"RCP8.5","period":"2085","key":"ID","value":2.8,"estimate":"q5"},{"bfs_id":5669,"rcp":"RCP8.5","period":"2085","key":"ID","value":4.7,"estimate":"q50"},{"bfs_id":5669,"rcp":"RCP8.5","period":"2085","key":"ID","value":7.5,"estimate":"q95"},{"bfs_id":5669,"rcp":"RCP2.6","period":"2035","key":"SD","value":45.6,"estimate":"q5"},{"bfs_id":5669,"rcp":"RCP2.6","period":"2035","key":"SD","value":52.3,"estimate":"q50"},{"bfs_id":5669,"rcp":"RCP2.6","period":"2035","key":"SD","value":60.7,"estimate":"q95"},{"bfs_id":5669,"rcp":"RCP2.6","period":"2060","key":"SD","value":46.2,"estimate":"q5"},{"bfs_id":5669,"rcp":"RCP2.6","period":"2060","key":"SD","value":53.5,"estimate":"q50"},{"bfs_id":5669,"rcp":"RCP2.6","period":"2060","key":"SD","value":61.1,"estimate":"q95"},{"bfs_id":5669,"rcp":"RCP2.6","period":"2085","key":"SD","value":46.7,"estimate":"q5"},{"bfs_id":5669,"rcp":"RCP2.6","period":"2085","key":"SD","value":53.7,"estimate":"q50"},{"bfs_id":5669,"rcp":"RCP2.6","period":"2085","key":"SD","value":60.6,"estimate":"q95"},{"bfs_id":5669,"rcp":"RCP8.5","period":"2035","key":"SD","value":48.2,"estimate":"q5"},{"bfs_id":5669,"rcp":"RCP8.5","period":"2035","key":"SD","value":54.8,"estimate":"q50"},{"bfs_id":5669,"rcp":"RCP8.5","period":"2035","key":"SD","value":62,"estimate":"q95"},{"bfs_id":5669,"rcp":"RCP8.5","period":"2060","key":"SD","value":63.9,"estimate":"q5"},{"bfs_id":5669,"rcp":"RCP8.5","period":"2060","key":"SD","value":70.5,"estimate":"q50"},{"bfs_id":5669,"rcp":"RCP8.5","period":"2060","key":"SD","value":84.7,"estimate":"q95"},{"bfs_id":5669,"rcp":"RCP8.5","period":"2085","key":"SD","value":80,"estimate":"q5"},{"bfs_id":5669,"rcp":"RCP8.5","period":"2085","key":"SD","value":92.5,"estimate":"q50"},{"bfs_id":5669,"rcp":"RCP8.5","period":"2085","key":"SD","value":111.2,"estimate":"q95"},{"bfs_id":5669,"rcp":"RCP2.6","period":"2035","key":"snowdays","value":12.4,"estimate":"q5"},{"bfs_id":5669,"rcp":"RCP2.6","period":"2035","key":"snowdays","value":17.5,"estimate":"q50"},{"bfs_id":5669,"rcp":"RCP2.6","period":"2035","key":"snowdays","value":22.9,"estimate":"q95"},{"bfs_id":5669,"rcp":"RCP2.6","period":"2060","key":"snowdays","value":11.8,"estimate":"q5"},{"bfs_id":5669,"rcp":"RCP2.6","period":"2060","key":"snowdays","value":16.7,"estimate":"q50"},{"bfs_id":5669,"rcp":"RCP2.6","period":"2060","key":"snowdays","value":21.4,"estimate":"q95"},{"bfs_id":5669,"rcp":"RCP2.6","period":"2085","key":"snowdays","value":11.7,"estimate":"q5"},{"bfs_id":5669,"rcp":"RCP2.6","period":"2085","key":"snowdays","value":17.2,"estimate":"q50"},{"bfs_id":5669,"rcp":"RCP2.6","period":"2085","key":"snowdays","value":22.1,"estimate":"q95"},{"bfs_id":5669,"rcp":"RCP8.5","period":"2035","key":"snowdays","value":10.2,"estimate":"q5"},{"bfs_id":5669,"rcp":"RCP8.5","period":"2035","key":"snowdays","value":16.5,"estimate":"q50"},{"bfs_id":5669,"rcp":"RCP8.5","period":"2035","key":"snowdays","value":21.7,"estimate":"q95"},{"bfs_id":5669,"rcp":"RCP8.5","period":"2060","key":"snowdays","value":7.7,"estimate":"q5"},{"bfs_id":5669,"rcp":"RCP8.5","period":"2060","key":"snowdays","value":12.3,"estimate":"q50"},{"bfs_id":5669,"rcp":"RCP8.5","period":"2060","key":"snowdays","value":15.5,"estimate":"q95"},{"bfs_id":5669,"rcp":"RCP8.5","period":"2085","key":"snowdays","value":3.7,"estimate":"q5"},{"bfs_id":5669,"rcp":"RCP8.5","period":"2085","key":"snowdays","value":7.4,"estimate":"q50"},{"bfs_id":5669,"rcp":"RCP8.5","period":"2085","key":"snowdays","value":12.2,"estimate":"q95"},{"bfs_id":5669,"rcp":"RCP2.6","period":"2035","key":"TN","value":0,"estimate":"q5"},{"bfs_id":5669,"rcp":"RCP2.6","period":"2035","key":"TN","value":0.3,"estimate":"q50"},{"bfs_id":5669,"rcp":"RCP2.6","period":"2035","key":"TN","value":0.8,"estimate":"q95"},{"bfs_id":5669,"rcp":"RCP2.6","period":"2060","key":"TN","value":0,"estimate":"q5"},{"bfs_id":5669,"rcp":"RCP2.6","period":"2060","key":"TN","value":0.4,"estimate":"q50"},{"bfs_id":5669,"rcp":"RCP2.6","period":"2060","key":"TN","value":1,"estimate":"q95"},{"bfs_id":5669,"rcp":"RCP2.6","period":"2085","key":"TN","value":0,"estimate":"q5"},{"bfs_id":5669,"rcp":"RCP2.6","period":"2085","key":"TN","value":0.4,"estimate":"q50"},{"bfs_id":5669,"rcp":"RCP2.6","period":"2085","key":"TN","value":0.7,"estimate":"q95"},{"bfs_id":5669,"rcp":"RCP8.5","period":"2035","key":"TN","value":0.2,"estimate":"q5"},{"bfs_id":5669,"rcp":"RCP8.5","period":"2035","key":"TN","value":0.5,"estimate":"q50"},{"bfs_id":5669,"rcp":"RCP8.5","period":"2035","key":"TN","value":1.6,"estimate":"q95"},{"bfs_id":5669,"rcp":"RCP8.5","period":"2060","key":"TN","value":0.8,"estimate":"q5"},{"bfs_id":5669,"rcp":"RCP8.5","period":"2060","key":"TN","value":2.2,"estimate":"q50"},{"bfs_id":5669,"rcp":"RCP8.5","period":"2060","key":"TN","value":5.3,"estimate":"q95"},{"bfs_id":5669,"rcp":"RCP8.5","period":"2085","key":"TN","value":4.9,"estimate":"q5"},{"bfs_id":5669,"rcp":"RCP8.5","period":"2085","key":"TN","value":8.5,"estimate":"q50"},{"bfs_id":5669,"rcp":"RCP8.5","period":"2085","key":"TN","value":23.8,"estimate":"q95"},{"bfs_id":5669,"rcp":"RCP2.6","period":"2035","key":"pr","value":2.3,"estimate":"q5","season":"DJF"},{"bfs_id":5669,"rcp":"RCP2.6","period":"2035","key":"pr","value":2.3,"estimate":"q5","season":"MAM"},{"bfs_id":5669,"rcp":"RCP2.6","period":"2035","key":"pr","value":2.3,"estimate":"q5","season":"JJA"},{"bfs_id":5669,"rcp":"RCP2.6","period":"2035","key":"pr","value":2.4,"estimate":"q5","season":"SON"},{"bfs_id":5669,"rcp":"RCP2.6","period":"2035","key":"pr","value":2.6,"estimate":"q50","season":"DJF"},{"bfs_id":5669,"rcp":"RCP2.6","period":"2035","key":"pr","value":2.7,"estimate":"q50","season":"MAM"},{"bfs_id":5669,"rcp":"RCP2.6","period":"2035","key":"pr","value":2.8,"estimate":"q50","season":"JJA"},{"bfs_id":5669,"rcp":"RCP2.6","period":"2035","key":"pr","value":2.7,"estimate":"q50","season":"SON"},{"bfs_id":5669,"rcp":"RCP2.6","period":"2035","key":"pr","value":3.1,"estimate":"q95","season":"DJF"},{"bfs_id":5669,"rcp":"RCP2.6","period":"2035","key":"pr","value":3,"estimate":"q95","season":"MAM"},{"bfs_id":5669,"rcp":"RCP2.6","period":"2035","key":"pr","value":3.2,"estimate":"q95","season":"JJA"},{"bfs_id":5669,"rcp":"RCP2.6","period":"2035","key":"pr","value":3.2,"estimate":"q95","season":"SON"},{"bfs_id":5669,"rcp":"RCP2.6","period":"2060","key":"pr","value":2.3,"estimate":"q5","season":"DJF"},{"bfs_id":5669,"rcp":"RCP2.6","period":"2060","key":"pr","value":2.5,"estimate":"q5","season":"MAM"},{"bfs_id":5669,"rcp":"RCP2.6","period":"2060","key":"pr","value":2.4,"estimate":"q5","season":"JJA"},{"bfs_id":5669,"rcp":"RCP2.6","period":"2060","key":"pr","value":2.6,"estimate":"q5","season":"SON"},{"bfs_id":5669,"rcp":"RCP2.6","period":"2060","key":"pr","value":2.7,"estimate":"q50","season":"DJF"},{"bfs_id":5669,"rcp":"RCP2.6","period":"2060","key":"pr","value":2.7,"estimate":"q50","season":"MAM"},{"bfs_id":5669,"rcp":"RCP2.6","period":"2060","key":"pr","value":2.7,"estimate":"q50","season":"JJA"},{"bfs_id":5669,"rcp":"RCP2.6","period":"2060","key":"pr","value":2.7,"estimate":"q50","season":"SON"},{"bfs_id":5669,"rcp":"RCP2.6","period":"2060","key":"pr","value":3,"estimate":"q95","season":"DJF"},{"bfs_id":5669,"rcp":"RCP2.6","period":"2060","key":"pr","value":3.1,"estimate":"q95","season":"MAM"},{"bfs_id":5669,"rcp":"RCP2.6","period":"2060","key":"pr","value":3.2,"estimate":"q95","season":"JJA"},{"bfs_id":5669,"rcp":"RCP2.6","period":"2060","key":"pr","value":3.1,"estimate":"q95","season":"SON"},{"bfs_id":5669,"rcp":"RCP2.6","period":"2085","key":"pr","value":2.4,"estimate":"q5","season":"DJF"},{"bfs_id":5669,"rcp":"RCP2.6","period":"2085","key":"pr","value":2.6,"estimate":"q5","season":"MAM"},{"bfs_id":5669,"rcp":"RCP2.6","period":"2085","key":"pr","value":2.3,"estimate":"q5","season":"JJA"},{"bfs_id":5669,"rcp":"RCP2.6","period":"2085","key":"pr","value":2.3,"estimate":"q5","season":"SON"},{"bfs_id":5669,"rcp":"RCP2.6","period":"2085","key":"pr","value":2.7,"estimate":"q50","season":"DJF"},{"bfs_id":5669,"rcp":"RCP2.6","period":"2085","key":"pr","value":2.7,"estimate":"q50","season":"MAM"},{"bfs_id":5669,"rcp":"RCP2.6","period":"2085","key":"pr","value":2.8,"estimate":"q50","season":"JJA"},{"bfs_id":5669,"rcp":"RCP2.6","period":"2085","key":"pr","value":2.8,"estimate":"q50","season":"SON"},{"bfs_id":5669,"rcp":"RCP2.6","period":"2085","key":"pr","value":3,"estimate":"q95","season":"DJF"},{"bfs_id":5669,"rcp":"RCP2.6","period":"2085","key":"pr","value":3.1,"estimate":"q95","season":"MAM"},{"bfs_id":5669,"rcp":"RCP2.6","period":"2085","key":"pr","value":3.2,"estimate":"q95","season":"JJA"},{"bfs_id":5669,"rcp":"RCP2.6","period":"2085","key":"pr","value":3.2,"estimate":"q95","season":"SON"},{"bfs_id":5669,"rcp":"RCP8.5","period":"2035","key":"pr","value":2.4,"estimate":"q5","season":"DJF"},{"bfs_id":5669,"rcp":"RCP8.5","period":"2035","key":"pr","value":2.6,"estimate":"q5","season":"MAM"},{"bfs_id":5669,"rcp":"RCP8.5","period":"2035","key":"pr","value":2,"estimate":"q5","season":"JJA"},{"bfs_id":5669,"rcp":"RCP8.5","period":"2035","key":"pr","value":2.4,"estimate":"q5","season":"SON"},{"bfs_id":5669,"rcp":"RCP8.5","period":"2035","key":"pr","value":2.8,"estimate":"q50","season":"DJF"},{"bfs_id":5669,"rcp":"RCP8.5","period":"2035","key":"pr","value":2.8,"estimate":"q50","season":"MAM"},{"bfs_id":5669,"rcp":"RCP8.5","period":"2035","key":"pr","value":2.8,"estimate":"q50","season":"JJA"},{"bfs_id":5669,"rcp":"RCP8.5","period":"2035","key":"pr","value":2.9,"estimate":"q50","season":"SON"},{"bfs_id":5669,"rcp":"RCP8.5","period":"2035","key":"pr","value":3.1,"estimate":"q95","season":"DJF"},{"bfs_id":5669,"rcp":"RCP8.5","period":"2035","key":"pr","value":3,"estimate":"q95","season":"MAM"},{"bfs_id":5669,"rcp":"RCP8.5","period":"2035","key":"pr","value":3.2,"estimate":"q95","season":"JJA"},{"bfs_id":5669,"rcp":"RCP8.5","period":"2035","key":"pr","value":3.2,"estimate":"q95","season":"SON"},{"bfs_id":5669,"rcp":"RCP8.5","period":"2060","key":"pr","value":2.6,"estimate":"q5","season":"DJF"},{"bfs_id":5669,"rcp":"RCP8.5","period":"2060","key":"pr","value":2.7,"estimate":"q5","season":"MAM"},{"bfs_id":5669,"rcp":"RCP8.5","period":"2060","key":"pr","value":1.8,"estimate":"q5","season":"JJA"},{"bfs_id":5669,"rcp":"RCP8.5","period":"2060","key":"pr","value":2.5,"estimate":"q5","season":"SON"},{"bfs_id":5669,"rcp":"RCP8.5","period":"2060","key":"pr","value":2.8,"estimate":"q50","season":"DJF"},{"bfs_id":5669,"rcp":"RCP8.5","period":"2060","key":"pr","value":2.9,"estimate":"q50","season":"MAM"},{"bfs_id":5669,"rcp":"RCP8.5","period":"2060","key":"pr","value":2.7,"estimate":"q50","season":"JJA"},{"bfs_id":5669,"rcp":"RCP8.5","period":"2060","key":"pr","value":2.9,"estimate":"q50","season":"SON"},{"bfs_id":5669,"rcp":"RCP8.5","period":"2060","key":"pr","value":3.1,"estimate":"q95","season":"DJF"},{"bfs_id":5669,"rcp":"RCP8.5","period":"2060","key":"pr","value":3.2,"estimate":"q95","season":"MAM"},{"bfs_id":5669,"rcp":"RCP8.5","period":"2060","key":"pr","value":3,"estimate":"q95","season":"JJA"},{"bfs_id":5669,"rcp":"RCP8.5","period":"2060","key":"pr","value":3.2,"estimate":"q95","season":"SON"},{"bfs_id":5669,"rcp":"RCP8.5","period":"2085","key":"pr","value":2.7,"estimate":"q5","season":"DJF"},{"bfs_id":5669,"rcp":"RCP8.5","period":"2085","key":"pr","value":2.6,"estimate":"q5","season":"MAM"},{"bfs_id":5669,"rcp":"RCP8.5","period":"2085","key":"pr","value":1.4,"estimate":"q5","season":"JJA"},{"bfs_id":5669,"rcp":"RCP8.5","period":"2085","key":"pr","value":2.2,"estimate":"q5","season":"SON"},{"bfs_id":5669,"rcp":"RCP8.5","period":"2085","key":"pr","value":3.1,"estimate":"q50","season":"DJF"},{"bfs_id":5669,"rcp":"RCP8.5","period":"2085","key":"pr","value":3.1,"estimate":"q50","season":"MAM"},{"bfs_id":5669,"rcp":"RCP8.5","period":"2085","key":"pr","value":2.3,"estimate":"q50","season":"JJA"},{"bfs_id":5669,"rcp":"RCP8.5","period":"2085","key":"pr","value":2.7,"estimate":"q50","season":"SON"},{"bfs_id":5669,"rcp":"RCP8.5","period":"2085","key":"pr","value":3.5,"estimate":"q95","season":"DJF"},{"bfs_id":5669,"rcp":"RCP8.5","period":"2085","key":"pr","value":3.4,"estimate":"q95","season":"MAM"},{"bfs_id":5669,"rcp":"RCP8.5","period":"2085","key":"pr","value":3,"estimate":"q95","season":"JJA"},{"bfs_id":5669,"rcp":"RCP8.5","period":"2085","key":"pr","value":3.3,"estimate":"q95","season":"SON"},{"bfs_id":5669,"rcp":"RCP2.6","period":"2035","key":"tas","value":1.3,"estimate":"q5","season":"DJF"},{"bfs_id":5669,"rcp":"RCP2.6","period":"2035","key":"tas","value":8.5,"estimate":"q5","season":"MAM"},{"bfs_id":5669,"rcp":"RCP2.6","period":"2035","key":"tas","value":17.7,"estimate":"q5","season":"JJA"},{"bfs_id":5669,"rcp":"RCP2.6","period":"2035","key":"tas","value":9.8,"estimate":"q5","season":"SON"},{"bfs_id":5669,"rcp":"RCP2.6","period":"2035","key":"tas","value":1.8,"estimate":"q50","season":"DJF"},{"bfs_id":5669,"rcp":"RCP2.6","period":"2035","key":"tas","value":9.1,"estimate":"q50","season":"MAM"},{"bfs_id":5669,"rcp":"RCP2.6","period":"2035","key":"tas","value":18.3,"estimate":"q50","season":"JJA"},{"bfs_id":5669,"rcp":"RCP2.6","period":"2035","key":"tas","value":10.1,"estimate":"q50","season":"SON"},{"bfs_id":5669,"rcp":"RCP2.6","period":"2035","key":"tas","value":2.5,"estimate":"q95","season":"DJF"},{"bfs_id":5669,"rcp":"RCP2.6","period":"2035","key":"tas","value":9.4,"estimate":"q95","season":"MAM"},{"bfs_id":5669,"rcp":"RCP2.6","period":"2035","key":"tas","value":19,"estimate":"q95","season":"JJA"},{"bfs_id":5669,"rcp":"RCP2.6","period":"2035","key":"tas","value":10.9,"estimate":"q95","season":"SON"},{"bfs_id":5669,"rcp":"RCP2.6","period":"2060","key":"tas","value":1.4,"estimate":"q5","season":"DJF"},{"bfs_id":5669,"rcp":"RCP2.6","period":"2060","key":"tas","value":8.4,"estimate":"q5","season":"MAM"},{"bfs_id":5669,"rcp":"RCP2.6","period":"2060","key":"tas","value":18,"estimate":"q5","season":"JJA"},{"bfs_id":5669,"rcp":"RCP2.6","period":"2060","key":"tas","value":10.1,"estimate":"q5","season":"SON"},{"bfs_id":5669,"rcp":"RCP2.6","period":"2060","key":"tas","value":2.2,"estimate":"q50","season":"DJF"},{"bfs_id":5669,"rcp":"RCP2.6","period":"2060","key":"tas","value":9.1,"estimate":"q50","season":"MAM"},{"bfs_id":5669,"rcp":"RCP2.6","period":"2060","key":"tas","value":18.5,"estimate":"q50","season":"JJA"},{"bfs_id":5669,"rcp":"RCP2.6","period":"2060","key":"tas","value":10.4,"estimate":"q50","season":"SON"},{"bfs_id":5669,"rcp":"RCP2.6","period":"2060","key":"tas","value":2.7,"estimate":"q95","season":"DJF"},{"bfs_id":5669,"rcp":"RCP2.6","period":"2060","key":"tas","value":9.7,"estimate":"q95","season":"MAM"},{"bfs_id":5669,"rcp":"RCP2.6","period":"2060","key":"tas","value":19.1,"estimate":"q95","season":"JJA"},{"bfs_id":5669,"rcp":"RCP2.6","period":"2060","key":"tas","value":11.4,"estimate":"q95","season":"SON"},{"bfs_id":5669,"rcp":"RCP2.6","period":"2085","key":"tas","value":1.4,"estimate":"q5","season":"DJF"},{"bfs_id":5669,"rcp":"RCP2.6","period":"2085","key":"tas","value":8.5,"estimate":"q5","season":"MAM"},{"bfs_id":5669,"rcp":"RCP2.6","period":"2085","key":"tas","value":17.9,"estimate":"q5","season":"JJA"},{"bfs_id":5669,"rcp":"RCP2.6","period":"2085","key":"tas","value":9.8,"estimate":"q5","season":"SON"},{"bfs_id":5669,"rcp":"RCP2.6","period":"2085","key":"tas","value":2.1,"estimate":"q50","season":"DJF"},{"bfs_id":5669,"rcp":"RCP2.6","period":"2085","key":"tas","value":9.2,"estimate":"q50","season":"MAM"},{"bfs_id":5669,"rcp":"RCP2.6","period":"2085","key":"tas","value":18.5,"estimate":"q50","season":"JJA"},{"bfs_id":5669,"rcp":"RCP2.6","period":"2085","key":"tas","value":10.3,"estimate":"q50","season":"SON"},{"bfs_id":5669,"rcp":"RCP2.6","period":"2085","key":"tas","value":2.8,"estimate":"q95","season":"DJF"},{"bfs_id":5669,"rcp":"RCP2.6","period":"2085","key":"tas","value":9.7,"estimate":"q95","season":"MAM"},{"bfs_id":5669,"rcp":"RCP2.6","period":"2085","key":"tas","value":19.1,"estimate":"q95","season":"JJA"},{"bfs_id":5669,"rcp":"RCP2.6","period":"2085","key":"tas","value":11.3,"estimate":"q95","season":"SON"},{"bfs_id":5669,"rcp":"RCP8.5","period":"2035","key":"tas","value":1.3,"estimate":"q5","season":"DJF"},{"bfs_id":5669,"rcp":"RCP8.5","period":"2035","key":"tas","value":8.7,"estimate":"q5","season":"MAM"},{"bfs_id":5669,"rcp":"RCP8.5","period":"2035","key":"tas","value":18.2,"estimate":"q5","season":"JJA"},{"bfs_id":5669,"rcp":"RCP8.5","period":"2035","key":"tas","value":10.1,"estimate":"q5","season":"SON"},{"bfs_id":5669,"rcp":"RCP8.5","period":"2035","key":"tas","value":2.2,"estimate":"q50","season":"DJF"},{"bfs_id":5669,"rcp":"RCP8.5","period":"2035","key":"tas","value":9.1,"estimate":"q50","season":"MAM"},{"bfs_id":5669,"rcp":"RCP8.5","period":"2035","key":"tas","value":18.7,"estimate":"q50","season":"JJA"},{"bfs_id":5669,"rcp":"RCP8.5","period":"2035","key":"tas","value":10.5,"estimate":"q50","season":"SON"},{"bfs_id":5669,"rcp":"RCP8.5","period":"2035","key":"tas","value":2.6,"estimate":"q95","season":"DJF"},{"bfs_id":5669,"rcp":"RCP8.5","period":"2035","key":"tas","value":9.6,"estimate":"q95","season":"MAM"},{"bfs_id":5669,"rcp":"RCP8.5","period":"2035","key":"tas","value":19.3,"estimate":"q95","season":"JJA"},{"bfs_id":5669,"rcp":"RCP8.5","period":"2035","key":"tas","value":11.4,"estimate":"q95","season":"SON"},{"bfs_id":5669,"rcp":"RCP8.5","period":"2060","key":"tas","value":2.5,"estimate":"q5","season":"DJF"},{"bfs_id":5669,"rcp":"RCP8.5","period":"2060","key":"tas","value":9.5,"estimate":"q5","season":"MAM"},{"bfs_id":5669,"rcp":"RCP8.5","period":"2060","key":"tas","value":19.3,"estimate":"q5","season":"JJA"},{"bfs_id":5669,"rcp":"RCP8.5","period":"2060","key":"tas","value":11.1,"estimate":"q5","season":"SON"},{"bfs_id":5669,"rcp":"RCP8.5","period":"2060","key":"tas","value":3,"estimate":"q50","season":"DJF"},{"bfs_id":5669,"rcp":"RCP8.5","period":"2060","key":"tas","value":10.1,"estimate":"q50","season":"MAM"},{"bfs_id":5669,"rcp":"RCP8.5","period":"2060","key":"tas","value":19.9,"estimate":"q50","season":"JJA"},{"bfs_id":5669,"rcp":"RCP8.5","period":"2060","key":"tas","value":11.8,"estimate":"q50","season":"SON"},{"bfs_id":5669,"rcp":"RCP8.5","period":"2060","key":"tas","value":3.8,"estimate":"q95","season":"DJF"},{"bfs_id":5669,"rcp":"RCP8.5","period":"2060","key":"tas","value":10.7,"estimate":"q95","season":"MAM"},{"bfs_id":5669,"rcp":"RCP8.5","period":"2060","key":"tas","value":21,"estimate":"q95","season":"JJA"},{"bfs_id":5669,"rcp":"RCP8.5","period":"2060","key":"tas","value":12.7,"estimate":"q95","season":"SON"},{"bfs_id":5669,"rcp":"RCP8.5","period":"2085","key":"tas","value":3.7,"estimate":"q5","season":"DJF"},{"bfs_id":5669,"rcp":"RCP8.5","period":"2085","key":"tas","value":10.5,"estimate":"q5","season":"MAM"},{"bfs_id":5669,"rcp":"RCP8.5","period":"2085","key":"tas","value":20.7,"estimate":"q5","season":"JJA"},{"bfs_id":5669,"rcp":"RCP8.5","period":"2085","key":"tas","value":12.3,"estimate":"q5","season":"SON"},{"bfs_id":5669,"rcp":"RCP8.5","period":"2085","key":"tas","value":4.8,"estimate":"q50","season":"DJF"},{"bfs_id":5669,"rcp":"RCP8.5","period":"2085","key":"tas","value":11.5,"estimate":"q50","season":"MAM"},{"bfs_id":5669,"rcp":"RCP8.5","period":"2085","key":"tas","value":21.5,"estimate":"q50","season":"JJA"},{"bfs_id":5669,"rcp":"RCP8.5","period":"2085","key":"tas","value":13.2,"estimate":"q50","season":"SON"},{"bfs_id":5669,"rcp":"RCP8.5","period":"2085","key":"tas","value":5.7,"estimate":"q95","season":"DJF"},{"bfs_id":5669,"rcp":"RCP8.5","period":"2085","key":"tas","value":12.5,"estimate":"q95","season":"MAM"},{"bfs_id":5669,"rcp":"RCP8.5","period":"2085","key":"tas","value":23.8,"estimate":"q95","season":"JJA"},{"bfs_id":5669,"rcp":"RCP8.5","period":"2085","key":"tas","value":14.7,"estimate":"q95","season":"SON"},{"bfs_id":5669,"rcp":"obs","period":"1981-2010","key":"FD","value":95.4,"estimate":"yearly_mean"},{"bfs_id":5669,"rcp":"obs","period":"1981-2010","key":"HD","value":5.5,"estimate":"yearly_mean"},{"bfs_id":5669,"rcp":"obs","period":"1981-2010","key":"ID","value":22.3,"estimate":"yearly_mean"},{"bfs_id":5669,"rcp":"obs","period":"1981-2010","key":"SD","value":39.2,"estimate":"yearly_mean"},{"bfs_id":5669,"rcp":"obs","period":"1981-2010","key":"snowdays","value":18.1,"estimate":"yearly_mean"},{"bfs_id":5669,"rcp":"obs","period":"1981-2010","key":"TN","value":0,"estimate":"yearly_mean"},{"bfs_id":5669,"rcp":"obs","period":"1981-2010","key":"pr","value":2.4,"estimate":"mean","season":"DJF"},{"bfs_id":5669,"rcp":"obs","period":"1981-2010","key":"pr","value":2.7,"estimate":"mean","season":"MAM"},{"bfs_id":5669,"rcp":"obs","period":"1981-2010","key":"pr","value":3.1,"estimate":"mean","season":"JJA"},{"bfs_id":5669,"rcp":"obs","period":"1981-2010","key":"pr","value":2.9,"estimate":"mean","season":"SON"},{"bfs_id":5669,"rcp":"obs","period":"1981-2010","key":"tas","value":0.7,"estimate":"mean","season":"DJF"},{"bfs_id":5669,"rcp":"obs","period":"1981-2010","key":"tas","value":8.4,"estimate":"mean","season":"MAM"},{"bfs_id":5669,"rcp":"obs","period":"1981-2010","key":"tas","value":17.2,"estimate":"mean","season":"JJA"},{"bfs_id":5669,"rcp":"obs","period":"1981-2010","key":"tas","value":9.1,"estimate":"mean","season":"SON"}]
