[{"bfs_id":975,"rcp":"RCP2.6","period":"2035","key":"FD","value":80.4,"estimate":"q5"},{"bfs_id":975,"rcp":"RCP2.6","period":"2035","key":"FD","value":92.6,"estimate":"q50"},{"bfs_id":975,"rcp":"RCP2.6","period":"2035","key":"FD","value":99.5,"estimate":"q95"},{"bfs_id":975,"rcp":"RCP2.6","period":"2060","key":"FD","value":78.4,"estimate":"q5"},{"bfs_id":975,"rcp":"RCP2.6","period":"2060","key":"FD","value":88.8,"estimate":"q50"},{"bfs_id":975,"rcp":"RCP2.6","period":"2060","key":"FD","value":96.4,"estimate":"q95"},{"bfs_id":975,"rcp":"RCP2.6","period":"2085","key":"FD","value":79.1,"estimate":"q5"},{"bfs_id":975,"rcp":"RCP2.6","period":"2085","key":"FD","value":89.2,"estimate":"q50"},{"bfs_id":975,"rcp":"RCP2.6","period":"2085","key":"FD","value":97.2,"estimate":"q95"},{"bfs_id":975,"rcp":"RCP8.5","period":"2035","key":"FD","value":77.1,"estimate":"q5"},{"bfs_id":975,"rcp":"RCP8.5","period":"2035","key":"FD","value":88.1,"estimate":"q50"},{"bfs_id":975,"rcp":"RCP8.5","period":"2035","key":"FD","value":96.5,"estimate":"q95"},{"bfs_id":975,"rcp":"RCP8.5","period":"2060","key":"FD","value":64.9,"estimate":"q5"},{"bfs_id":975,"rcp":"RCP8.5","period":"2060","key":"FD","value":71.8,"estimate":"q50"},{"bfs_id":975,"rcp":"RCP8.5","period":"2060","key":"FD","value":82.2,"estimate":"q95"},{"bfs_id":975,"rcp":"RCP8.5","period":"2085","key":"FD","value":41.8,"estimate":"q5"},{"bfs_id":975,"rcp":"RCP8.5","period":"2085","key":"FD","value":49.9,"estimate":"q50"},{"bfs_id":975,"rcp":"RCP8.5","period":"2085","key":"FD","value":62.9,"estimate":"q95"},{"bfs_id":975,"rcp":"RCP2.6","period":"2035","key":"HD","value":5.6,"estimate":"q5"},{"bfs_id":975,"rcp":"RCP2.6","period":"2035","key":"HD","value":8.4,"estimate":"q50"},{"bfs_id":975,"rcp":"RCP2.6","period":"2035","key":"HD","value":12.4,"estimate":"q95"},{"bfs_id":975,"rcp":"RCP2.6","period":"2060","key":"HD","value":5.9,"estimate":"q5"},{"bfs_id":975,"rcp":"RCP2.6","period":"2060","key":"HD","value":8.8,"estimate":"q50"},{"bfs_id":975,"rcp":"RCP2.6","period":"2060","key":"HD","value":14.7,"estimate":"q95"},{"bfs_id":975,"rcp":"RCP2.6","period":"2085","key":"HD","value":6,"estimate":"q5"},{"bfs_id":975,"rcp":"RCP2.6","period":"2085","key":"HD","value":7.6,"estimate":"q50"},{"bfs_id":975,"rcp":"RCP2.6","period":"2085","key":"HD","value":14.2,"estimate":"q95"},{"bfs_id":975,"rcp":"RCP8.5","period":"2035","key":"HD","value":7,"estimate":"q5"},{"bfs_id":975,"rcp":"RCP8.5","period":"2035","key":"HD","value":8,"estimate":"q50"},{"bfs_id":975,"rcp":"RCP8.5","period":"2035","key":"HD","value":14,"estimate":"q95"},{"bfs_id":975,"rcp":"RCP8.5","period":"2060","key":"HD","value":11.5,"estimate":"q5"},{"bfs_id":975,"rcp":"RCP8.5","period":"2060","key":"HD","value":16.7,"estimate":"q50"},{"bfs_id":975,"rcp":"RCP8.5","period":"2060","key":"HD","value":28.1,"estimate":"q95"},{"bfs_id":975,"rcp":"RCP8.5","period":"2085","key":"HD","value":22.3,"estimate":"q5"},{"bfs_id":975,"rcp":"RCP8.5","period":"2085","key":"HD","value":28.4,"estimate":"q50"},{"bfs_id":975,"rcp":"RCP8.5","period":"2085","key":"HD","value":53.5,"estimate":"q95"},{"bfs_id":975,"rcp":"RCP2.6","period":"2035","key":"ID","value":18.1,"estimate":"q5"},{"bfs_id":975,"rcp":"RCP2.6","period":"2035","key":"ID","value":21,"estimate":"q50"},{"bfs_id":975,"rcp":"RCP2.6","period":"2035","key":"ID","value":24.7,"estimate":"q95"},{"bfs_id":975,"rcp":"RCP2.6","period":"2060","key":"ID","value":16.6,"estimate":"q5"},{"bfs_id":975,"rcp":"RCP2.6","period":"2060","key":"ID","value":20.4,"estimate":"q50"},{"bfs_id":975,"rcp":"RCP2.6","period":"2060","key":"ID","value":24.5,"estimate":"q95"},{"bfs_id":975,"rcp":"RCP2.6","period":"2085","key":"ID","value":16.5,"estimate":"q5"},{"bfs_id":975,"rcp":"RCP2.6","period":"2085","key":"ID","value":20.8,"estimate":"q50"},{"bfs_id":975,"rcp":"RCP2.6","period":"2085","key":"ID","value":24.2,"estimate":"q95"},{"bfs_id":975,"rcp":"RCP8.5","period":"2035","key":"ID","value":16.3,"estimate":"q5"},{"bfs_id":975,"rcp":"RCP8.5","period":"2035","key":"ID","value":20.1,"estimate":"q50"},{"bfs_id":975,"rcp":"RCP8.5","period":"2035","key":"ID","value":24.9,"estimate":"q95"},{"bfs_id":975,"rcp":"RCP8.5","period":"2060","key":"ID","value":11.1,"estimate":"q5"},{"bfs_id":975,"rcp":"RCP8.5","period":"2060","key":"ID","value":15.2,"estimate":"q50"},{"bfs_id":975,"rcp":"RCP8.5","period":"2060","key":"ID","value":18.3,"estimate":"q95"},{"bfs_id":975,"rcp":"RCP8.5","period":"2085","key":"ID","value":4.2,"estimate":"q5"},{"bfs_id":975,"rcp":"RCP8.5","period":"2085","key":"ID","value":7.9,"estimate":"q50"},{"bfs_id":975,"rcp":"RCP8.5","period":"2085","key":"ID","value":10.6,"estimate":"q95"},{"bfs_id":975,"rcp":"RCP2.6","period":"2035","key":"SD","value":38.6,"estimate":"q5"},{"bfs_id":975,"rcp":"RCP2.6","period":"2035","key":"SD","value":43.8,"estimate":"q50"},{"bfs_id":975,"rcp":"RCP2.6","period":"2035","key":"SD","value":50.9,"estimate":"q95"},{"bfs_id":975,"rcp":"RCP2.6","period":"2060","key":"SD","value":39,"estimate":"q5"},{"bfs_id":975,"rcp":"RCP2.6","period":"2060","key":"SD","value":44.7,"estimate":"q50"},{"bfs_id":975,"rcp":"RCP2.6","period":"2060","key":"SD","value":51.2,"estimate":"q95"},{"bfs_id":975,"rcp":"RCP2.6","period":"2085","key":"SD","value":39.2,"estimate":"q5"},{"bfs_id":975,"rcp":"RCP2.6","period":"2085","key":"SD","value":46.1,"estimate":"q50"},{"bfs_id":975,"rcp":"RCP2.6","period":"2085","key":"SD","value":50.9,"estimate":"q95"},{"bfs_id":975,"rcp":"RCP8.5","period":"2035","key":"SD","value":41.4,"estimate":"q5"},{"bfs_id":975,"rcp":"RCP8.5","period":"2035","key":"SD","value":45.7,"estimate":"q50"},{"bfs_id":975,"rcp":"RCP8.5","period":"2035","key":"SD","value":52.1,"estimate":"q95"},{"bfs_id":975,"rcp":"RCP8.5","period":"2060","key":"SD","value":55,"estimate":"q5"},{"bfs_id":975,"rcp":"RCP8.5","period":"2060","key":"SD","value":60.4,"estimate":"q50"},{"bfs_id":975,"rcp":"RCP8.5","period":"2060","key":"SD","value":77.2,"estimate":"q95"},{"bfs_id":975,"rcp":"RCP8.5","period":"2085","key":"SD","value":70.6,"estimate":"q5"},{"bfs_id":975,"rcp":"RCP8.5","period":"2085","key":"SD","value":84.5,"estimate":"q50"},{"bfs_id":975,"rcp":"RCP8.5","period":"2085","key":"SD","value":102.7,"estimate":"q95"},{"bfs_id":975,"rcp":"RCP2.6","period":"2035","key":"snowdays","value":21.9,"estimate":"q5"},{"bfs_id":975,"rcp":"RCP2.6","period":"2035","key":"snowdays","value":26.8,"estimate":"q50"},{"bfs_id":975,"rcp":"RCP2.6","period":"2035","key":"snowdays","value":30.6,"estimate":"q95"},{"bfs_id":975,"rcp":"RCP2.6","period":"2060","key":"snowdays","value":20.7,"estimate":"q5"},{"bfs_id":975,"rcp":"RCP2.6","period":"2060","key":"snowdays","value":25.8,"estimate":"q50"},{"bfs_id":975,"rcp":"RCP2.6","period":"2060","key":"snowdays","value":32.2,"estimate":"q95"},{"bfs_id":975,"rcp":"RCP2.6","period":"2085","key":"snowdays","value":21.5,"estimate":"q5"},{"bfs_id":975,"rcp":"RCP2.6","period":"2085","key":"snowdays","value":25.3,"estimate":"q50"},{"bfs_id":975,"rcp":"RCP2.6","period":"2085","key":"snowdays","value":31.1,"estimate":"q95"},{"bfs_id":975,"rcp":"RCP8.5","period":"2035","key":"snowdays","value":20,"estimate":"q5"},{"bfs_id":975,"rcp":"RCP8.5","period":"2035","key":"snowdays","value":25.6,"estimate":"q50"},{"bfs_id":975,"rcp":"RCP8.5","period":"2035","key":"snowdays","value":30,"estimate":"q95"},{"bfs_id":975,"rcp":"RCP8.5","period":"2060","key":"snowdays","value":15.2,"estimate":"q5"},{"bfs_id":975,"rcp":"RCP8.5","period":"2060","key":"snowdays","value":20.2,"estimate":"q50"},{"bfs_id":975,"rcp":"RCP8.5","period":"2060","key":"snowdays","value":23.2,"estimate":"q95"},{"bfs_id":975,"rcp":"RCP8.5","period":"2085","key":"snowdays","value":7.8,"estimate":"q5"},{"bfs_id":975,"rcp":"RCP8.5","period":"2085","key":"snowdays","value":12.6,"estimate":"q50"},{"bfs_id":975,"rcp":"RCP8.5","period":"2085","key":"snowdays","value":18.4,"estimate":"q95"},{"bfs_id":975,"rcp":"RCP2.6","period":"2035","key":"TN","value":0,"estimate":"q5"},{"bfs_id":975,"rcp":"RCP2.6","period":"2035","key":"TN","value":0.1,"estimate":"q50"},{"bfs_id":975,"rcp":"RCP2.6","period":"2035","key":"TN","value":0.3,"estimate":"q95"},{"bfs_id":975,"rcp":"RCP2.6","period":"2060","key":"TN","value":0,"estimate":"q5"},{"bfs_id":975,"rcp":"RCP2.6","period":"2060","key":"TN","value":0.2,"estimate":"q50"},{"bfs_id":975,"rcp":"RCP2.6","period":"2060","key":"TN","value":0.5,"estimate":"q95"},{"bfs_id":975,"rcp":"RCP2.6","period":"2085","key":"TN","value":0,"estimate":"q5"},{"bfs_id":975,"rcp":"RCP2.6","period":"2085","key":"TN","value":0.1,"estimate":"q50"},{"bfs_id":975,"rcp":"RCP2.6","period":"2085","key":"TN","value":0.5,"estimate":"q95"},{"bfs_id":975,"rcp":"RCP8.5","period":"2035","key":"TN","value":0,"estimate":"q5"},{"bfs_id":975,"rcp":"RCP8.5","period":"2035","key":"TN","value":0.1,"estimate":"q50"},{"bfs_id":975,"rcp":"RCP8.5","period":"2035","key":"TN","value":1,"estimate":"q95"},{"bfs_id":975,"rcp":"RCP8.5","period":"2060","key":"TN","value":0.1,"estimate":"q5"},{"bfs_id":975,"rcp":"RCP8.5","period":"2060","key":"TN","value":1.2,"estimate":"q50"},{"bfs_id":975,"rcp":"RCP8.5","period":"2060","key":"TN","value":3.5,"estimate":"q95"},{"bfs_id":975,"rcp":"RCP8.5","period":"2085","key":"TN","value":1.9,"estimate":"q5"},{"bfs_id":975,"rcp":"RCP8.5","period":"2085","key":"TN","value":5.1,"estimate":"q50"},{"bfs_id":975,"rcp":"RCP8.5","period":"2085","key":"TN","value":16.3,"estimate":"q95"},{"bfs_id":975,"rcp":"RCP2.6","period":"2035","key":"pr","value":4.1,"estimate":"q5","season":"DJF"},{"bfs_id":975,"rcp":"RCP2.6","period":"2035","key":"pr","value":3.9,"estimate":"q5","season":"MAM"},{"bfs_id":975,"rcp":"RCP2.6","period":"2035","key":"pr","value":3.8,"estimate":"q5","season":"JJA"},{"bfs_id":975,"rcp":"RCP2.6","period":"2035","key":"pr","value":3.7,"estimate":"q5","season":"SON"},{"bfs_id":975,"rcp":"RCP2.6","period":"2035","key":"pr","value":4.8,"estimate":"q50","season":"DJF"},{"bfs_id":975,"rcp":"RCP2.6","period":"2035","key":"pr","value":4.3,"estimate":"q50","season":"MAM"},{"bfs_id":975,"rcp":"RCP2.6","period":"2035","key":"pr","value":4.3,"estimate":"q50","season":"JJA"},{"bfs_id":975,"rcp":"RCP2.6","period":"2035","key":"pr","value":4,"estimate":"q50","season":"SON"},{"bfs_id":975,"rcp":"RCP2.6","period":"2035","key":"pr","value":5.6,"estimate":"q95","season":"DJF"},{"bfs_id":975,"rcp":"RCP2.6","period":"2035","key":"pr","value":4.7,"estimate":"q95","season":"MAM"},{"bfs_id":975,"rcp":"RCP2.6","period":"2035","key":"pr","value":4.7,"estimate":"q95","season":"JJA"},{"bfs_id":975,"rcp":"RCP2.6","period":"2035","key":"pr","value":4.7,"estimate":"q95","season":"SON"},{"bfs_id":975,"rcp":"RCP2.6","period":"2060","key":"pr","value":4.3,"estimate":"q5","season":"DJF"},{"bfs_id":975,"rcp":"RCP2.6","period":"2060","key":"pr","value":4.1,"estimate":"q5","season":"MAM"},{"bfs_id":975,"rcp":"RCP2.6","period":"2060","key":"pr","value":3.7,"estimate":"q5","season":"JJA"},{"bfs_id":975,"rcp":"RCP2.6","period":"2060","key":"pr","value":3.8,"estimate":"q5","season":"SON"},{"bfs_id":975,"rcp":"RCP2.6","period":"2060","key":"pr","value":4.8,"estimate":"q50","season":"DJF"},{"bfs_id":975,"rcp":"RCP2.6","period":"2060","key":"pr","value":4.3,"estimate":"q50","season":"MAM"},{"bfs_id":975,"rcp":"RCP2.6","period":"2060","key":"pr","value":4.2,"estimate":"q50","season":"JJA"},{"bfs_id":975,"rcp":"RCP2.6","period":"2060","key":"pr","value":4,"estimate":"q50","season":"SON"},{"bfs_id":975,"rcp":"RCP2.6","period":"2060","key":"pr","value":5.3,"estimate":"q95","season":"DJF"},{"bfs_id":975,"rcp":"RCP2.6","period":"2060","key":"pr","value":4.8,"estimate":"q95","season":"MAM"},{"bfs_id":975,"rcp":"RCP2.6","period":"2060","key":"pr","value":4.8,"estimate":"q95","season":"JJA"},{"bfs_id":975,"rcp":"RCP2.6","period":"2060","key":"pr","value":4.6,"estimate":"q95","season":"SON"},{"bfs_id":975,"rcp":"RCP2.6","period":"2085","key":"pr","value":4.3,"estimate":"q5","season":"DJF"},{"bfs_id":975,"rcp":"RCP2.6","period":"2085","key":"pr","value":4,"estimate":"q5","season":"MAM"},{"bfs_id":975,"rcp":"RCP2.6","period":"2085","key":"pr","value":3.7,"estimate":"q5","season":"JJA"},{"bfs_id":975,"rcp":"RCP2.6","period":"2085","key":"pr","value":3.6,"estimate":"q5","season":"SON"},{"bfs_id":975,"rcp":"RCP2.6","period":"2085","key":"pr","value":4.8,"estimate":"q50","season":"DJF"},{"bfs_id":975,"rcp":"RCP2.6","period":"2085","key":"pr","value":4.3,"estimate":"q50","season":"MAM"},{"bfs_id":975,"rcp":"RCP2.6","period":"2085","key":"pr","value":4.3,"estimate":"q50","season":"JJA"},{"bfs_id":975,"rcp":"RCP2.6","period":"2085","key":"pr","value":4.1,"estimate":"q50","season":"SON"},{"bfs_id":975,"rcp":"RCP2.6","period":"2085","key":"pr","value":5.4,"estimate":"q95","season":"DJF"},{"bfs_id":975,"rcp":"RCP2.6","period":"2085","key":"pr","value":4.7,"estimate":"q95","season":"MAM"},{"bfs_id":975,"rcp":"RCP2.6","period":"2085","key":"pr","value":4.8,"estimate":"q95","season":"JJA"},{"bfs_id":975,"rcp":"RCP2.6","period":"2085","key":"pr","value":4.6,"estimate":"q95","season":"SON"},{"bfs_id":975,"rcp":"RCP8.5","period":"2035","key":"pr","value":4.4,"estimate":"q5","season":"DJF"},{"bfs_id":975,"rcp":"RCP8.5","period":"2035","key":"pr","value":4.1,"estimate":"q5","season":"MAM"},{"bfs_id":975,"rcp":"RCP8.5","period":"2035","key":"pr","value":3.7,"estimate":"q5","season":"JJA"},{"bfs_id":975,"rcp":"RCP8.5","period":"2035","key":"pr","value":3.8,"estimate":"q5","season":"SON"},{"bfs_id":975,"rcp":"RCP8.5","period":"2035","key":"pr","value":5.1,"estimate":"q50","season":"DJF"},{"bfs_id":975,"rcp":"RCP8.5","period":"2035","key":"pr","value":4.5,"estimate":"q50","season":"MAM"},{"bfs_id":975,"rcp":"RCP8.5","period":"2035","key":"pr","value":4.3,"estimate":"q50","season":"JJA"},{"bfs_id":975,"rcp":"RCP8.5","period":"2035","key":"pr","value":4.2,"estimate":"q50","season":"SON"},{"bfs_id":975,"rcp":"RCP8.5","period":"2035","key":"pr","value":5.4,"estimate":"q95","season":"DJF"},{"bfs_id":975,"rcp":"RCP8.5","period":"2035","key":"pr","value":4.8,"estimate":"q95","season":"MAM"},{"bfs_id":975,"rcp":"RCP8.5","period":"2035","key":"pr","value":4.8,"estimate":"q95","season":"JJA"},{"bfs_id":975,"rcp":"RCP8.5","period":"2035","key":"pr","value":4.6,"estimate":"q95","season":"SON"},{"bfs_id":975,"rcp":"RCP8.5","period":"2060","key":"pr","value":4.6,"estimate":"q5","season":"DJF"},{"bfs_id":975,"rcp":"RCP8.5","period":"2060","key":"pr","value":4.2,"estimate":"q5","season":"MAM"},{"bfs_id":975,"rcp":"RCP8.5","period":"2060","key":"pr","value":3.4,"estimate":"q5","season":"JJA"},{"bfs_id":975,"rcp":"RCP8.5","period":"2060","key":"pr","value":3.6,"estimate":"q5","season":"SON"},{"bfs_id":975,"rcp":"RCP8.5","period":"2060","key":"pr","value":5.1,"estimate":"q50","season":"DJF"},{"bfs_id":975,"rcp":"RCP8.5","period":"2060","key":"pr","value":4.5,"estimate":"q50","season":"MAM"},{"bfs_id":975,"rcp":"RCP8.5","period":"2060","key":"pr","value":4,"estimate":"q50","season":"JJA"},{"bfs_id":975,"rcp":"RCP8.5","period":"2060","key":"pr","value":4.2,"estimate":"q50","season":"SON"},{"bfs_id":975,"rcp":"RCP8.5","period":"2060","key":"pr","value":5.6,"estimate":"q95","season":"DJF"},{"bfs_id":975,"rcp":"RCP8.5","period":"2060","key":"pr","value":5.1,"estimate":"q95","season":"MAM"},{"bfs_id":975,"rcp":"RCP8.5","period":"2060","key":"pr","value":4.7,"estimate":"q95","season":"JJA"},{"bfs_id":975,"rcp":"RCP8.5","period":"2060","key":"pr","value":4.5,"estimate":"q95","season":"SON"},{"bfs_id":975,"rcp":"RCP8.5","period":"2085","key":"pr","value":4.8,"estimate":"q5","season":"DJF"},{"bfs_id":975,"rcp":"RCP8.5","period":"2085","key":"pr","value":4.1,"estimate":"q5","season":"MAM"},{"bfs_id":975,"rcp":"RCP8.5","period":"2085","key":"pr","value":2.9,"estimate":"q5","season":"JJA"},{"bfs_id":975,"rcp":"RCP8.5","period":"2085","key":"pr","value":3.6,"estimate":"q5","season":"SON"},{"bfs_id":975,"rcp":"RCP8.5","period":"2085","key":"pr","value":5.5,"estimate":"q50","season":"DJF"},{"bfs_id":975,"rcp":"RCP8.5","period":"2085","key":"pr","value":4.8,"estimate":"q50","season":"MAM"},{"bfs_id":975,"rcp":"RCP8.5","period":"2085","key":"pr","value":3.5,"estimate":"q50","season":"JJA"},{"bfs_id":975,"rcp":"RCP8.5","period":"2085","key":"pr","value":4.2,"estimate":"q50","season":"SON"},{"bfs_id":975,"rcp":"RCP8.5","period":"2085","key":"pr","value":6,"estimate":"q95","season":"DJF"},{"bfs_id":975,"rcp":"RCP8.5","period":"2085","key":"pr","value":5.2,"estimate":"q95","season":"MAM"},{"bfs_id":975,"rcp":"RCP8.5","period":"2085","key":"pr","value":4.3,"estimate":"q95","season":"JJA"},{"bfs_id":975,"rcp":"RCP8.5","period":"2085","key":"pr","value":4.7,"estimate":"q95","season":"SON"},{"bfs_id":975,"rcp":"RCP2.6","period":"2035","key":"tas","value":0.5,"estimate":"q5","season":"DJF"},{"bfs_id":975,"rcp":"RCP2.6","period":"2035","key":"tas","value":7.8,"estimate":"q5","season":"MAM"},{"bfs_id":975,"rcp":"RCP2.6","period":"2035","key":"tas","value":17,"estimate":"q5","season":"JJA"},{"bfs_id":975,"rcp":"RCP2.6","period":"2035","key":"tas","value":9.1,"estimate":"q5","season":"SON"},{"bfs_id":975,"rcp":"RCP2.6","period":"2035","key":"tas","value":1,"estimate":"q50","season":"DJF"},{"bfs_id":975,"rcp":"RCP2.6","period":"2035","key":"tas","value":8.3,"estimate":"q50","season":"MAM"},{"bfs_id":975,"rcp":"RCP2.6","period":"2035","key":"tas","value":17.5,"estimate":"q50","season":"JJA"},{"bfs_id":975,"rcp":"RCP2.6","period":"2035","key":"tas","value":9.4,"estimate":"q50","season":"SON"},{"bfs_id":975,"rcp":"RCP2.6","period":"2035","key":"tas","value":1.8,"estimate":"q95","season":"DJF"},{"bfs_id":975,"rcp":"RCP2.6","period":"2035","key":"tas","value":8.7,"estimate":"q95","season":"MAM"},{"bfs_id":975,"rcp":"RCP2.6","period":"2035","key":"tas","value":18.1,"estimate":"q95","season":"JJA"},{"bfs_id":975,"rcp":"RCP2.6","period":"2035","key":"tas","value":10.3,"estimate":"q95","season":"SON"},{"bfs_id":975,"rcp":"RCP2.6","period":"2060","key":"tas","value":0.6,"estimate":"q5","season":"DJF"},{"bfs_id":975,"rcp":"RCP2.6","period":"2060","key":"tas","value":7.7,"estimate":"q5","season":"MAM"},{"bfs_id":975,"rcp":"RCP2.6","period":"2060","key":"tas","value":17.2,"estimate":"q5","season":"JJA"},{"bfs_id":975,"rcp":"RCP2.6","period":"2060","key":"tas","value":9.3,"estimate":"q5","season":"SON"},{"bfs_id":975,"rcp":"RCP2.6","period":"2060","key":"tas","value":1.3,"estimate":"q50","season":"DJF"},{"bfs_id":975,"rcp":"RCP2.6","period":"2060","key":"tas","value":8.4,"estimate":"q50","season":"MAM"},{"bfs_id":975,"rcp":"RCP2.6","period":"2060","key":"tas","value":17.7,"estimate":"q50","season":"JJA"},{"bfs_id":975,"rcp":"RCP2.6","period":"2060","key":"tas","value":9.7,"estimate":"q50","season":"SON"},{"bfs_id":975,"rcp":"RCP2.6","period":"2060","key":"tas","value":1.9,"estimate":"q95","season":"DJF"},{"bfs_id":975,"rcp":"RCP2.6","period":"2060","key":"tas","value":8.8,"estimate":"q95","season":"MAM"},{"bfs_id":975,"rcp":"RCP2.6","period":"2060","key":"tas","value":18.3,"estimate":"q95","season":"JJA"},{"bfs_id":975,"rcp":"RCP2.6","period":"2060","key":"tas","value":10.7,"estimate":"q95","season":"SON"},{"bfs_id":975,"rcp":"RCP2.6","period":"2085","key":"tas","value":0.6,"estimate":"q5","season":"DJF"},{"bfs_id":975,"rcp":"RCP2.6","period":"2085","key":"tas","value":7.8,"estimate":"q5","season":"MAM"},{"bfs_id":975,"rcp":"RCP2.6","period":"2085","key":"tas","value":17.2,"estimate":"q5","season":"JJA"},{"bfs_id":975,"rcp":"RCP2.6","period":"2085","key":"tas","value":9.1,"estimate":"q5","season":"SON"},{"bfs_id":975,"rcp":"RCP2.6","period":"2085","key":"tas","value":1.3,"estimate":"q50","season":"DJF"},{"bfs_id":975,"rcp":"RCP2.6","period":"2085","key":"tas","value":8.5,"estimate":"q50","season":"MAM"},{"bfs_id":975,"rcp":"RCP2.6","period":"2085","key":"tas","value":17.6,"estimate":"q50","season":"JJA"},{"bfs_id":975,"rcp":"RCP2.6","period":"2085","key":"tas","value":9.6,"estimate":"q50","season":"SON"},{"bfs_id":975,"rcp":"RCP2.6","period":"2085","key":"tas","value":2,"estimate":"q95","season":"DJF"},{"bfs_id":975,"rcp":"RCP2.6","period":"2085","key":"tas","value":8.9,"estimate":"q95","season":"MAM"},{"bfs_id":975,"rcp":"RCP2.6","period":"2085","key":"tas","value":18.1,"estimate":"q95","season":"JJA"},{"bfs_id":975,"rcp":"RCP2.6","period":"2085","key":"tas","value":10.6,"estimate":"q95","season":"SON"},{"bfs_id":975,"rcp":"RCP8.5","period":"2035","key":"tas","value":0.5,"estimate":"q5","season":"DJF"},{"bfs_id":975,"rcp":"RCP8.5","period":"2035","key":"tas","value":8,"estimate":"q5","season":"MAM"},{"bfs_id":975,"rcp":"RCP8.5","period":"2035","key":"tas","value":17.4,"estimate":"q5","season":"JJA"},{"bfs_id":975,"rcp":"RCP8.5","period":"2035","key":"tas","value":9.4,"estimate":"q5","season":"SON"},{"bfs_id":975,"rcp":"RCP8.5","period":"2035","key":"tas","value":1.4,"estimate":"q50","season":"DJF"},{"bfs_id":975,"rcp":"RCP8.5","period":"2035","key":"tas","value":8.3,"estimate":"q50","season":"MAM"},{"bfs_id":975,"rcp":"RCP8.5","period":"2035","key":"tas","value":17.8,"estimate":"q50","season":"JJA"},{"bfs_id":975,"rcp":"RCP8.5","period":"2035","key":"tas","value":9.9,"estimate":"q50","season":"SON"},{"bfs_id":975,"rcp":"RCP8.5","period":"2035","key":"tas","value":1.8,"estimate":"q95","season":"DJF"},{"bfs_id":975,"rcp":"RCP8.5","period":"2035","key":"tas","value":8.8,"estimate":"q95","season":"MAM"},{"bfs_id":975,"rcp":"RCP8.5","period":"2035","key":"tas","value":18.3,"estimate":"q95","season":"JJA"},{"bfs_id":975,"rcp":"RCP8.5","period":"2035","key":"tas","value":10.7,"estimate":"q95","season":"SON"},{"bfs_id":975,"rcp":"RCP8.5","period":"2060","key":"tas","value":1.8,"estimate":"q5","season":"DJF"},{"bfs_id":975,"rcp":"RCP8.5","period":"2060","key":"tas","value":8.8,"estimate":"q5","season":"MAM"},{"bfs_id":975,"rcp":"RCP8.5","period":"2060","key":"tas","value":18.4,"estimate":"q5","season":"JJA"},{"bfs_id":975,"rcp":"RCP8.5","period":"2060","key":"tas","value":10.4,"estimate":"q5","season":"SON"},{"bfs_id":975,"rcp":"RCP8.5","period":"2060","key":"tas","value":2.2,"estimate":"q50","season":"DJF"},{"bfs_id":975,"rcp":"RCP8.5","period":"2060","key":"tas","value":9.3,"estimate":"q50","season":"MAM"},{"bfs_id":975,"rcp":"RCP8.5","period":"2060","key":"tas","value":19,"estimate":"q50","season":"JJA"},{"bfs_id":975,"rcp":"RCP8.5","period":"2060","key":"tas","value":11,"estimate":"q50","season":"SON"},{"bfs_id":975,"rcp":"RCP8.5","period":"2060","key":"tas","value":2.9,"estimate":"q95","season":"DJF"},{"bfs_id":975,"rcp":"RCP8.5","period":"2060","key":"tas","value":9.9,"estimate":"q95","season":"MAM"},{"bfs_id":975,"rcp":"RCP8.5","period":"2060","key":"tas","value":20,"estimate":"q95","season":"JJA"},{"bfs_id":975,"rcp":"RCP8.5","period":"2060","key":"tas","value":11.9,"estimate":"q95","season":"SON"},{"bfs_id":975,"rcp":"RCP8.5","period":"2085","key":"tas","value":3,"estimate":"q5","season":"DJF"},{"bfs_id":975,"rcp":"RCP8.5","period":"2085","key":"tas","value":9.8,"estimate":"q5","season":"MAM"},{"bfs_id":975,"rcp":"RCP8.5","period":"2085","key":"tas","value":19.8,"estimate":"q5","season":"JJA"},{"bfs_id":975,"rcp":"RCP8.5","period":"2085","key":"tas","value":11.5,"estimate":"q5","season":"SON"},{"bfs_id":975,"rcp":"RCP8.5","period":"2085","key":"tas","value":4,"estimate":"q50","season":"DJF"},{"bfs_id":975,"rcp":"RCP8.5","period":"2085","key":"tas","value":10.6,"estimate":"q50","season":"MAM"},{"bfs_id":975,"rcp":"RCP8.5","period":"2085","key":"tas","value":20.6,"estimate":"q50","season":"JJA"},{"bfs_id":975,"rcp":"RCP8.5","period":"2085","key":"tas","value":12.5,"estimate":"q50","season":"SON"},{"bfs_id":975,"rcp":"RCP8.5","period":"2085","key":"tas","value":4.6,"estimate":"q95","season":"DJF"},{"bfs_id":975,"rcp":"RCP8.5","period":"2085","key":"tas","value":11.6,"estimate":"q95","season":"MAM"},{"bfs_id":975,"rcp":"RCP8.5","period":"2085","key":"tas","value":22.7,"estimate":"q95","season":"JJA"},{"bfs_id":975,"rcp":"RCP8.5","period":"2085","key":"tas","value":14.1,"estimate":"q95","season":"SON"},{"bfs_id":975,"rcp":"obs","period":"1981-2010","key":"FD","value":106.9,"estimate":"yearly_mean"},{"bfs_id":975,"rcp":"obs","period":"1981-2010","key":"HD","value":4,"estimate":"yearly_mean"},{"bfs_id":975,"rcp":"obs","period":"1981-2010","key":"ID","value":29.5,"estimate":"yearly_mean"},{"bfs_id":975,"rcp":"obs","period":"1981-2010","key":"SD","value":32.8,"estimate":"yearly_mean"},{"bfs_id":975,"rcp":"obs","period":"1981-2010","key":"snowdays","value":31.2,"estimate":"yearly_mean"},{"bfs_id":975,"rcp":"obs","period":"1981-2010","key":"TN","value":0,"estimate":"yearly_mean"},{"bfs_id":975,"rcp":"obs","period":"1981-2010","key":"pr","value":4.6,"estimate":"mean","season":"DJF"},{"bfs_id":975,"rcp":"obs","period":"1981-2010","key":"pr","value":4.2,"estimate":"mean","season":"MAM"},{"bfs_id":975,"rcp":"obs","period":"1981-2010","key":"pr","value":4.5,"estimate":"mean","season":"JJA"},{"bfs_id":975,"rcp":"obs","period":"1981-2010","key":"pr","value":4,"estimate":"mean","season":"SON"},{"bfs_id":975,"rcp":"obs","period":"1981-2010","key":"tas","value":-0.1,"estimate":"mean","season":"DJF"},{"bfs_id":975,"rcp":"obs","period":"1981-2010","key":"tas","value":7.7,"estimate":"mean","season":"MAM"},{"bfs_id":975,"rcp":"obs","period":"1981-2010","key":"tas","value":16.4,"estimate":"mean","season":"JJA"},{"bfs_id":975,"rcp":"obs","period":"1981-2010","key":"tas","value":8.4,"estimate":"mean","season":"SON"}]
