[{"bfs_id":309,"rcp":"RCP2.6","period":"2035","key":"FD","value":63.1,"estimate":"q5"},{"bfs_id":309,"rcp":"RCP2.6","period":"2035","key":"FD","value":74.6,"estimate":"q50"},{"bfs_id":309,"rcp":"RCP2.6","period":"2035","key":"FD","value":80.4,"estimate":"q95"},{"bfs_id":309,"rcp":"RCP2.6","period":"2060","key":"FD","value":60.5,"estimate":"q5"},{"bfs_id":309,"rcp":"RCP2.6","period":"2060","key":"FD","value":72.2,"estimate":"q50"},{"bfs_id":309,"rcp":"RCP2.6","period":"2060","key":"FD","value":77,"estimate":"q95"},{"bfs_id":309,"rcp":"RCP2.6","period":"2085","key":"FD","value":59.6,"estimate":"q5"},{"bfs_id":309,"rcp":"RCP2.6","period":"2085","key":"FD","value":71.3,"estimate":"q50"},{"bfs_id":309,"rcp":"RCP2.6","period":"2085","key":"FD","value":78.1,"estimate":"q95"},{"bfs_id":309,"rcp":"RCP8.5","period":"2035","key":"FD","value":61.3,"estimate":"q5"},{"bfs_id":309,"rcp":"RCP8.5","period":"2035","key":"FD","value":70.8,"estimate":"q50"},{"bfs_id":309,"rcp":"RCP8.5","period":"2035","key":"FD","value":76.6,"estimate":"q95"},{"bfs_id":309,"rcp":"RCP8.5","period":"2060","key":"FD","value":47.3,"estimate":"q5"},{"bfs_id":309,"rcp":"RCP8.5","period":"2060","key":"FD","value":55,"estimate":"q50"},{"bfs_id":309,"rcp":"RCP8.5","period":"2060","key":"FD","value":63.6,"estimate":"q95"},{"bfs_id":309,"rcp":"RCP8.5","period":"2085","key":"FD","value":30.2,"estimate":"q5"},{"bfs_id":309,"rcp":"RCP8.5","period":"2085","key":"FD","value":35.8,"estimate":"q50"},{"bfs_id":309,"rcp":"RCP8.5","period":"2085","key":"FD","value":47.9,"estimate":"q95"},{"bfs_id":309,"rcp":"RCP2.6","period":"2035","key":"HD","value":8.4,"estimate":"q5"},{"bfs_id":309,"rcp":"RCP2.6","period":"2035","key":"HD","value":12.3,"estimate":"q50"},{"bfs_id":309,"rcp":"RCP2.6","period":"2035","key":"HD","value":17.5,"estimate":"q95"},{"bfs_id":309,"rcp":"RCP2.6","period":"2060","key":"HD","value":9.3,"estimate":"q5"},{"bfs_id":309,"rcp":"RCP2.6","period":"2060","key":"HD","value":12.7,"estimate":"q50"},{"bfs_id":309,"rcp":"RCP2.6","period":"2060","key":"HD","value":20.7,"estimate":"q95"},{"bfs_id":309,"rcp":"RCP2.6","period":"2085","key":"HD","value":9.6,"estimate":"q5"},{"bfs_id":309,"rcp":"RCP2.6","period":"2085","key":"HD","value":11.5,"estimate":"q50"},{"bfs_id":309,"rcp":"RCP2.6","period":"2085","key":"HD","value":19.9,"estimate":"q95"},{"bfs_id":309,"rcp":"RCP8.5","period":"2035","key":"HD","value":10.3,"estimate":"q5"},{"bfs_id":309,"rcp":"RCP8.5","period":"2035","key":"HD","value":12.7,"estimate":"q50"},{"bfs_id":309,"rcp":"RCP8.5","period":"2035","key":"HD","value":18.7,"estimate":"q95"},{"bfs_id":309,"rcp":"RCP8.5","period":"2060","key":"HD","value":15.9,"estimate":"q5"},{"bfs_id":309,"rcp":"RCP8.5","period":"2060","key":"HD","value":22.2,"estimate":"q50"},{"bfs_id":309,"rcp":"RCP8.5","period":"2060","key":"HD","value":35.9,"estimate":"q95"},{"bfs_id":309,"rcp":"RCP8.5","period":"2085","key":"HD","value":29.4,"estimate":"q5"},{"bfs_id":309,"rcp":"RCP8.5","period":"2085","key":"HD","value":37.1,"estimate":"q50"},{"bfs_id":309,"rcp":"RCP8.5","period":"2085","key":"HD","value":60.1,"estimate":"q95"},{"bfs_id":309,"rcp":"RCP2.6","period":"2035","key":"ID","value":9.9,"estimate":"q5"},{"bfs_id":309,"rcp":"RCP2.6","period":"2035","key":"ID","value":13.5,"estimate":"q50"},{"bfs_id":309,"rcp":"RCP2.6","period":"2035","key":"ID","value":16.6,"estimate":"q95"},{"bfs_id":309,"rcp":"RCP2.6","period":"2060","key":"ID","value":9.5,"estimate":"q5"},{"bfs_id":309,"rcp":"RCP2.6","period":"2060","key":"ID","value":12.9,"estimate":"q50"},{"bfs_id":309,"rcp":"RCP2.6","period":"2060","key":"ID","value":15.6,"estimate":"q95"},{"bfs_id":309,"rcp":"RCP2.6","period":"2085","key":"ID","value":9.6,"estimate":"q5"},{"bfs_id":309,"rcp":"RCP2.6","period":"2085","key":"ID","value":12.3,"estimate":"q50"},{"bfs_id":309,"rcp":"RCP2.6","period":"2085","key":"ID","value":16.1,"estimate":"q95"},{"bfs_id":309,"rcp":"RCP8.5","period":"2035","key":"ID","value":9.5,"estimate":"q5"},{"bfs_id":309,"rcp":"RCP8.5","period":"2035","key":"ID","value":11.9,"estimate":"q50"},{"bfs_id":309,"rcp":"RCP8.5","period":"2035","key":"ID","value":15.9,"estimate":"q95"},{"bfs_id":309,"rcp":"RCP8.5","period":"2060","key":"ID","value":6.6,"estimate":"q5"},{"bfs_id":309,"rcp":"RCP8.5","period":"2060","key":"ID","value":9,"estimate":"q50"},{"bfs_id":309,"rcp":"RCP8.5","period":"2060","key":"ID","value":10.7,"estimate":"q95"},{"bfs_id":309,"rcp":"RCP8.5","period":"2085","key":"ID","value":1.7,"estimate":"q5"},{"bfs_id":309,"rcp":"RCP8.5","period":"2085","key":"ID","value":3.9,"estimate":"q50"},{"bfs_id":309,"rcp":"RCP8.5","period":"2085","key":"ID","value":6.2,"estimate":"q95"},{"bfs_id":309,"rcp":"RCP2.6","period":"2035","key":"SD","value":49.5,"estimate":"q5"},{"bfs_id":309,"rcp":"RCP2.6","period":"2035","key":"SD","value":55.8,"estimate":"q50"},{"bfs_id":309,"rcp":"RCP2.6","period":"2035","key":"SD","value":64.4,"estimate":"q95"},{"bfs_id":309,"rcp":"RCP2.6","period":"2060","key":"SD","value":49.8,"estimate":"q5"},{"bfs_id":309,"rcp":"RCP2.6","period":"2060","key":"SD","value":57.1,"estimate":"q50"},{"bfs_id":309,"rcp":"RCP2.6","period":"2060","key":"SD","value":64.4,"estimate":"q95"},{"bfs_id":309,"rcp":"RCP2.6","period":"2085","key":"SD","value":50.2,"estimate":"q5"},{"bfs_id":309,"rcp":"RCP2.6","period":"2085","key":"SD","value":57.7,"estimate":"q50"},{"bfs_id":309,"rcp":"RCP2.6","period":"2085","key":"SD","value":63.9,"estimate":"q95"},{"bfs_id":309,"rcp":"RCP8.5","period":"2035","key":"SD","value":52,"estimate":"q5"},{"bfs_id":309,"rcp":"RCP8.5","period":"2035","key":"SD","value":58,"estimate":"q50"},{"bfs_id":309,"rcp":"RCP8.5","period":"2035","key":"SD","value":64.9,"estimate":"q95"},{"bfs_id":309,"rcp":"RCP8.5","period":"2060","key":"SD","value":67.8,"estimate":"q5"},{"bfs_id":309,"rcp":"RCP8.5","period":"2060","key":"SD","value":73.9,"estimate":"q50"},{"bfs_id":309,"rcp":"RCP8.5","period":"2060","key":"SD","value":88.2,"estimate":"q95"},{"bfs_id":309,"rcp":"RCP8.5","period":"2085","key":"SD","value":83.2,"estimate":"q5"},{"bfs_id":309,"rcp":"RCP8.5","period":"2085","key":"SD","value":96.3,"estimate":"q50"},{"bfs_id":309,"rcp":"RCP8.5","period":"2085","key":"SD","value":115.2,"estimate":"q95"},{"bfs_id":309,"rcp":"RCP2.6","period":"2035","key":"snowdays","value":13.3,"estimate":"q5"},{"bfs_id":309,"rcp":"RCP2.6","period":"2035","key":"snowdays","value":17.8,"estimate":"q50"},{"bfs_id":309,"rcp":"RCP2.6","period":"2035","key":"snowdays","value":20.9,"estimate":"q95"},{"bfs_id":309,"rcp":"RCP2.6","period":"2060","key":"snowdays","value":12.7,"estimate":"q5"},{"bfs_id":309,"rcp":"RCP2.6","period":"2060","key":"snowdays","value":15.8,"estimate":"q50"},{"bfs_id":309,"rcp":"RCP2.6","period":"2060","key":"snowdays","value":19.4,"estimate":"q95"},{"bfs_id":309,"rcp":"RCP2.6","period":"2085","key":"snowdays","value":12.6,"estimate":"q5"},{"bfs_id":309,"rcp":"RCP2.6","period":"2085","key":"snowdays","value":16.5,"estimate":"q50"},{"bfs_id":309,"rcp":"RCP2.6","period":"2085","key":"snowdays","value":20.4,"estimate":"q95"},{"bfs_id":309,"rcp":"RCP8.5","period":"2035","key":"snowdays","value":10.9,"estimate":"q5"},{"bfs_id":309,"rcp":"RCP8.5","period":"2035","key":"snowdays","value":16.5,"estimate":"q50"},{"bfs_id":309,"rcp":"RCP8.5","period":"2035","key":"snowdays","value":19.9,"estimate":"q95"},{"bfs_id":309,"rcp":"RCP8.5","period":"2060","key":"snowdays","value":8.2,"estimate":"q5"},{"bfs_id":309,"rcp":"RCP8.5","period":"2060","key":"snowdays","value":12.5,"estimate":"q50"},{"bfs_id":309,"rcp":"RCP8.5","period":"2060","key":"snowdays","value":14.8,"estimate":"q95"},{"bfs_id":309,"rcp":"RCP8.5","period":"2085","key":"snowdays","value":3.7,"estimate":"q5"},{"bfs_id":309,"rcp":"RCP8.5","period":"2085","key":"snowdays","value":6.5,"estimate":"q50"},{"bfs_id":309,"rcp":"RCP8.5","period":"2085","key":"snowdays","value":10.7,"estimate":"q95"},{"bfs_id":309,"rcp":"RCP2.6","period":"2035","key":"TN","value":0.1,"estimate":"q5"},{"bfs_id":309,"rcp":"RCP2.6","period":"2035","key":"TN","value":0.6,"estimate":"q50"},{"bfs_id":309,"rcp":"RCP2.6","period":"2035","key":"TN","value":1.2,"estimate":"q95"},{"bfs_id":309,"rcp":"RCP2.6","period":"2060","key":"TN","value":0.3,"estimate":"q5"},{"bfs_id":309,"rcp":"RCP2.6","period":"2060","key":"TN","value":0.7,"estimate":"q50"},{"bfs_id":309,"rcp":"RCP2.6","period":"2060","key":"TN","value":1.5,"estimate":"q95"},{"bfs_id":309,"rcp":"RCP2.6","period":"2085","key":"TN","value":0.2,"estimate":"q5"},{"bfs_id":309,"rcp":"RCP2.6","period":"2085","key":"TN","value":0.7,"estimate":"q50"},{"bfs_id":309,"rcp":"RCP2.6","period":"2085","key":"TN","value":1.3,"estimate":"q95"},{"bfs_id":309,"rcp":"RCP8.5","period":"2035","key":"TN","value":0.3,"estimate":"q5"},{"bfs_id":309,"rcp":"RCP8.5","period":"2035","key":"TN","value":0.7,"estimate":"q50"},{"bfs_id":309,"rcp":"RCP8.5","period":"2035","key":"TN","value":2.2,"estimate":"q95"},{"bfs_id":309,"rcp":"RCP8.5","period":"2060","key":"TN","value":1.3,"estimate":"q5"},{"bfs_id":309,"rcp":"RCP8.5","period":"2060","key":"TN","value":3.8,"estimate":"q50"},{"bfs_id":309,"rcp":"RCP8.5","period":"2060","key":"TN","value":7.1,"estimate":"q95"},{"bfs_id":309,"rcp":"RCP8.5","period":"2085","key":"TN","value":6.7,"estimate":"q5"},{"bfs_id":309,"rcp":"RCP8.5","period":"2085","key":"TN","value":11.3,"estimate":"q50"},{"bfs_id":309,"rcp":"RCP8.5","period":"2085","key":"TN","value":28.3,"estimate":"q95"},{"bfs_id":309,"rcp":"RCP2.6","period":"2035","key":"pr","value":2.4,"estimate":"q5","season":"DJF"},{"bfs_id":309,"rcp":"RCP2.6","period":"2035","key":"pr","value":2.5,"estimate":"q5","season":"MAM"},{"bfs_id":309,"rcp":"RCP2.6","period":"2035","key":"pr","value":2.5,"estimate":"q5","season":"JJA"},{"bfs_id":309,"rcp":"RCP2.6","period":"2035","key":"pr","value":2.5,"estimate":"q5","season":"SON"},{"bfs_id":309,"rcp":"RCP2.6","period":"2035","key":"pr","value":2.7,"estimate":"q50","season":"DJF"},{"bfs_id":309,"rcp":"RCP2.6","period":"2035","key":"pr","value":2.8,"estimate":"q50","season":"MAM"},{"bfs_id":309,"rcp":"RCP2.6","period":"2035","key":"pr","value":3,"estimate":"q50","season":"JJA"},{"bfs_id":309,"rcp":"RCP2.6","period":"2035","key":"pr","value":2.8,"estimate":"q50","season":"SON"},{"bfs_id":309,"rcp":"RCP2.6","period":"2035","key":"pr","value":3.2,"estimate":"q95","season":"DJF"},{"bfs_id":309,"rcp":"RCP2.6","period":"2035","key":"pr","value":3,"estimate":"q95","season":"MAM"},{"bfs_id":309,"rcp":"RCP2.6","period":"2035","key":"pr","value":3.5,"estimate":"q95","season":"JJA"},{"bfs_id":309,"rcp":"RCP2.6","period":"2035","key":"pr","value":3.3,"estimate":"q95","season":"SON"},{"bfs_id":309,"rcp":"RCP2.6","period":"2060","key":"pr","value":2.4,"estimate":"q5","season":"DJF"},{"bfs_id":309,"rcp":"RCP2.6","period":"2060","key":"pr","value":2.5,"estimate":"q5","season":"MAM"},{"bfs_id":309,"rcp":"RCP2.6","period":"2060","key":"pr","value":2.5,"estimate":"q5","season":"JJA"},{"bfs_id":309,"rcp":"RCP2.6","period":"2060","key":"pr","value":2.7,"estimate":"q5","season":"SON"},{"bfs_id":309,"rcp":"RCP2.6","period":"2060","key":"pr","value":2.7,"estimate":"q50","season":"DJF"},{"bfs_id":309,"rcp":"RCP2.6","period":"2060","key":"pr","value":2.8,"estimate":"q50","season":"MAM"},{"bfs_id":309,"rcp":"RCP2.6","period":"2060","key":"pr","value":3,"estimate":"q50","season":"JJA"},{"bfs_id":309,"rcp":"RCP2.6","period":"2060","key":"pr","value":2.8,"estimate":"q50","season":"SON"},{"bfs_id":309,"rcp":"RCP2.6","period":"2060","key":"pr","value":3,"estimate":"q95","season":"DJF"},{"bfs_id":309,"rcp":"RCP2.6","period":"2060","key":"pr","value":3,"estimate":"q95","season":"MAM"},{"bfs_id":309,"rcp":"RCP2.6","period":"2060","key":"pr","value":3.5,"estimate":"q95","season":"JJA"},{"bfs_id":309,"rcp":"RCP2.6","period":"2060","key":"pr","value":3.2,"estimate":"q95","season":"SON"},{"bfs_id":309,"rcp":"RCP2.6","period":"2085","key":"pr","value":2.4,"estimate":"q5","season":"DJF"},{"bfs_id":309,"rcp":"RCP2.6","period":"2085","key":"pr","value":2.6,"estimate":"q5","season":"MAM"},{"bfs_id":309,"rcp":"RCP2.6","period":"2085","key":"pr","value":2.5,"estimate":"q5","season":"JJA"},{"bfs_id":309,"rcp":"RCP2.6","period":"2085","key":"pr","value":2.5,"estimate":"q5","season":"SON"},{"bfs_id":309,"rcp":"RCP2.6","period":"2085","key":"pr","value":2.7,"estimate":"q50","season":"DJF"},{"bfs_id":309,"rcp":"RCP2.6","period":"2085","key":"pr","value":2.7,"estimate":"q50","season":"MAM"},{"bfs_id":309,"rcp":"RCP2.6","period":"2085","key":"pr","value":3,"estimate":"q50","season":"JJA"},{"bfs_id":309,"rcp":"RCP2.6","period":"2085","key":"pr","value":2.8,"estimate":"q50","season":"SON"},{"bfs_id":309,"rcp":"RCP2.6","period":"2085","key":"pr","value":3.1,"estimate":"q95","season":"DJF"},{"bfs_id":309,"rcp":"RCP2.6","period":"2085","key":"pr","value":3,"estimate":"q95","season":"MAM"},{"bfs_id":309,"rcp":"RCP2.6","period":"2085","key":"pr","value":3.5,"estimate":"q95","season":"JJA"},{"bfs_id":309,"rcp":"RCP2.6","period":"2085","key":"pr","value":3.2,"estimate":"q95","season":"SON"},{"bfs_id":309,"rcp":"RCP8.5","period":"2035","key":"pr","value":2.5,"estimate":"q5","season":"DJF"},{"bfs_id":309,"rcp":"RCP8.5","period":"2035","key":"pr","value":2.6,"estimate":"q5","season":"MAM"},{"bfs_id":309,"rcp":"RCP8.5","period":"2035","key":"pr","value":2.3,"estimate":"q5","season":"JJA"},{"bfs_id":309,"rcp":"RCP8.5","period":"2035","key":"pr","value":2.5,"estimate":"q5","season":"SON"},{"bfs_id":309,"rcp":"RCP8.5","period":"2035","key":"pr","value":2.9,"estimate":"q50","season":"DJF"},{"bfs_id":309,"rcp":"RCP8.5","period":"2035","key":"pr","value":2.9,"estimate":"q50","season":"MAM"},{"bfs_id":309,"rcp":"RCP8.5","period":"2035","key":"pr","value":3,"estimate":"q50","season":"JJA"},{"bfs_id":309,"rcp":"RCP8.5","period":"2035","key":"pr","value":3,"estimate":"q50","season":"SON"},{"bfs_id":309,"rcp":"RCP8.5","period":"2035","key":"pr","value":3.1,"estimate":"q95","season":"DJF"},{"bfs_id":309,"rcp":"RCP8.5","period":"2035","key":"pr","value":3.1,"estimate":"q95","season":"MAM"},{"bfs_id":309,"rcp":"RCP8.5","period":"2035","key":"pr","value":3.4,"estimate":"q95","season":"JJA"},{"bfs_id":309,"rcp":"RCP8.5","period":"2035","key":"pr","value":3.3,"estimate":"q95","season":"SON"},{"bfs_id":309,"rcp":"RCP8.5","period":"2060","key":"pr","value":2.6,"estimate":"q5","season":"DJF"},{"bfs_id":309,"rcp":"RCP8.5","period":"2060","key":"pr","value":2.8,"estimate":"q5","season":"MAM"},{"bfs_id":309,"rcp":"RCP8.5","period":"2060","key":"pr","value":2.1,"estimate":"q5","season":"JJA"},{"bfs_id":309,"rcp":"RCP8.5","period":"2060","key":"pr","value":2.5,"estimate":"q5","season":"SON"},{"bfs_id":309,"rcp":"RCP8.5","period":"2060","key":"pr","value":2.9,"estimate":"q50","season":"DJF"},{"bfs_id":309,"rcp":"RCP8.5","period":"2060","key":"pr","value":3,"estimate":"q50","season":"MAM"},{"bfs_id":309,"rcp":"RCP8.5","period":"2060","key":"pr","value":2.9,"estimate":"q50","season":"JJA"},{"bfs_id":309,"rcp":"RCP8.5","period":"2060","key":"pr","value":2.9,"estimate":"q50","season":"SON"},{"bfs_id":309,"rcp":"RCP8.5","period":"2060","key":"pr","value":3.2,"estimate":"q95","season":"DJF"},{"bfs_id":309,"rcp":"RCP8.5","period":"2060","key":"pr","value":3.3,"estimate":"q95","season":"MAM"},{"bfs_id":309,"rcp":"RCP8.5","period":"2060","key":"pr","value":3.2,"estimate":"q95","season":"JJA"},{"bfs_id":309,"rcp":"RCP8.5","period":"2060","key":"pr","value":3.3,"estimate":"q95","season":"SON"},{"bfs_id":309,"rcp":"RCP8.5","period":"2085","key":"pr","value":2.8,"estimate":"q5","season":"DJF"},{"bfs_id":309,"rcp":"RCP8.5","period":"2085","key":"pr","value":2.8,"estimate":"q5","season":"MAM"},{"bfs_id":309,"rcp":"RCP8.5","period":"2085","key":"pr","value":1.5,"estimate":"q5","season":"JJA"},{"bfs_id":309,"rcp":"RCP8.5","period":"2085","key":"pr","value":2.4,"estimate":"q5","season":"SON"},{"bfs_id":309,"rcp":"RCP8.5","period":"2085","key":"pr","value":3.2,"estimate":"q50","season":"DJF"},{"bfs_id":309,"rcp":"RCP8.5","period":"2085","key":"pr","value":3.1,"estimate":"q50","season":"MAM"},{"bfs_id":309,"rcp":"RCP8.5","period":"2085","key":"pr","value":2.5,"estimate":"q50","season":"JJA"},{"bfs_id":309,"rcp":"RCP8.5","period":"2085","key":"pr","value":3,"estimate":"q50","season":"SON"},{"bfs_id":309,"rcp":"RCP8.5","period":"2085","key":"pr","value":3.6,"estimate":"q95","season":"DJF"},{"bfs_id":309,"rcp":"RCP8.5","period":"2085","key":"pr","value":3.5,"estimate":"q95","season":"MAM"},{"bfs_id":309,"rcp":"RCP8.5","period":"2085","key":"pr","value":3.2,"estimate":"q95","season":"JJA"},{"bfs_id":309,"rcp":"RCP8.5","period":"2085","key":"pr","value":3.4,"estimate":"q95","season":"SON"},{"bfs_id":309,"rcp":"RCP2.6","period":"2035","key":"tas","value":1.4,"estimate":"q5","season":"DJF"},{"bfs_id":309,"rcp":"RCP2.6","period":"2035","key":"tas","value":8.9,"estimate":"q5","season":"MAM"},{"bfs_id":309,"rcp":"RCP2.6","period":"2035","key":"tas","value":18.1,"estimate":"q5","season":"JJA"},{"bfs_id":309,"rcp":"RCP2.6","period":"2035","key":"tas","value":10,"estimate":"q5","season":"SON"},{"bfs_id":309,"rcp":"RCP2.6","period":"2035","key":"tas","value":1.8,"estimate":"q50","season":"DJF"},{"bfs_id":309,"rcp":"RCP2.6","period":"2035","key":"tas","value":9.4,"estimate":"q50","season":"MAM"},{"bfs_id":309,"rcp":"RCP2.6","period":"2035","key":"tas","value":18.7,"estimate":"q50","season":"JJA"},{"bfs_id":309,"rcp":"RCP2.6","period":"2035","key":"tas","value":10.3,"estimate":"q50","season":"SON"},{"bfs_id":309,"rcp":"RCP2.6","period":"2035","key":"tas","value":2.6,"estimate":"q95","season":"DJF"},{"bfs_id":309,"rcp":"RCP2.6","period":"2035","key":"tas","value":9.8,"estimate":"q95","season":"MAM"},{"bfs_id":309,"rcp":"RCP2.6","period":"2035","key":"tas","value":19.3,"estimate":"q95","season":"JJA"},{"bfs_id":309,"rcp":"RCP2.6","period":"2035","key":"tas","value":11.1,"estimate":"q95","season":"SON"},{"bfs_id":309,"rcp":"RCP2.6","period":"2060","key":"tas","value":1.3,"estimate":"q5","season":"DJF"},{"bfs_id":309,"rcp":"RCP2.6","period":"2060","key":"tas","value":8.7,"estimate":"q5","season":"MAM"},{"bfs_id":309,"rcp":"RCP2.6","period":"2060","key":"tas","value":18.4,"estimate":"q5","season":"JJA"},{"bfs_id":309,"rcp":"RCP2.6","period":"2060","key":"tas","value":10.2,"estimate":"q5","season":"SON"},{"bfs_id":309,"rcp":"RCP2.6","period":"2060","key":"tas","value":2.2,"estimate":"q50","season":"DJF"},{"bfs_id":309,"rcp":"RCP2.6","period":"2060","key":"tas","value":9.4,"estimate":"q50","season":"MAM"},{"bfs_id":309,"rcp":"RCP2.6","period":"2060","key":"tas","value":18.9,"estimate":"q50","season":"JJA"},{"bfs_id":309,"rcp":"RCP2.6","period":"2060","key":"tas","value":10.6,"estimate":"q50","season":"SON"},{"bfs_id":309,"rcp":"RCP2.6","period":"2060","key":"tas","value":2.7,"estimate":"q95","season":"DJF"},{"bfs_id":309,"rcp":"RCP2.6","period":"2060","key":"tas","value":10,"estimate":"q95","season":"MAM"},{"bfs_id":309,"rcp":"RCP2.6","period":"2060","key":"tas","value":19.5,"estimate":"q95","season":"JJA"},{"bfs_id":309,"rcp":"RCP2.6","period":"2060","key":"tas","value":11.5,"estimate":"q95","season":"SON"},{"bfs_id":309,"rcp":"RCP2.6","period":"2085","key":"tas","value":1.4,"estimate":"q5","season":"DJF"},{"bfs_id":309,"rcp":"RCP2.6","period":"2085","key":"tas","value":8.8,"estimate":"q5","season":"MAM"},{"bfs_id":309,"rcp":"RCP2.6","period":"2085","key":"tas","value":18.4,"estimate":"q5","season":"JJA"},{"bfs_id":309,"rcp":"RCP2.6","period":"2085","key":"tas","value":10,"estimate":"q5","season":"SON"},{"bfs_id":309,"rcp":"RCP2.6","period":"2085","key":"tas","value":2.1,"estimate":"q50","season":"DJF"},{"bfs_id":309,"rcp":"RCP2.6","period":"2085","key":"tas","value":9.5,"estimate":"q50","season":"MAM"},{"bfs_id":309,"rcp":"RCP2.6","period":"2085","key":"tas","value":18.8,"estimate":"q50","season":"JJA"},{"bfs_id":309,"rcp":"RCP2.6","period":"2085","key":"tas","value":10.6,"estimate":"q50","season":"SON"},{"bfs_id":309,"rcp":"RCP2.6","period":"2085","key":"tas","value":2.8,"estimate":"q95","season":"DJF"},{"bfs_id":309,"rcp":"RCP2.6","period":"2085","key":"tas","value":10,"estimate":"q95","season":"MAM"},{"bfs_id":309,"rcp":"RCP2.6","period":"2085","key":"tas","value":19.4,"estimate":"q95","season":"JJA"},{"bfs_id":309,"rcp":"RCP2.6","period":"2085","key":"tas","value":11.5,"estimate":"q95","season":"SON"},{"bfs_id":309,"rcp":"RCP8.5","period":"2035","key":"tas","value":1.3,"estimate":"q5","season":"DJF"},{"bfs_id":309,"rcp":"RCP8.5","period":"2035","key":"tas","value":9.1,"estimate":"q5","season":"MAM"},{"bfs_id":309,"rcp":"RCP8.5","period":"2035","key":"tas","value":18.6,"estimate":"q5","season":"JJA"},{"bfs_id":309,"rcp":"RCP8.5","period":"2035","key":"tas","value":10.3,"estimate":"q5","season":"SON"},{"bfs_id":309,"rcp":"RCP8.5","period":"2035","key":"tas","value":2.2,"estimate":"q50","season":"DJF"},{"bfs_id":309,"rcp":"RCP8.5","period":"2035","key":"tas","value":9.4,"estimate":"q50","season":"MAM"},{"bfs_id":309,"rcp":"RCP8.5","period":"2035","key":"tas","value":19,"estimate":"q50","season":"JJA"},{"bfs_id":309,"rcp":"RCP8.5","period":"2035","key":"tas","value":10.7,"estimate":"q50","season":"SON"},{"bfs_id":309,"rcp":"RCP8.5","period":"2035","key":"tas","value":2.6,"estimate":"q95","season":"DJF"},{"bfs_id":309,"rcp":"RCP8.5","period":"2035","key":"tas","value":9.9,"estimate":"q95","season":"MAM"},{"bfs_id":309,"rcp":"RCP8.5","period":"2035","key":"tas","value":19.6,"estimate":"q95","season":"JJA"},{"bfs_id":309,"rcp":"RCP8.5","period":"2035","key":"tas","value":11.5,"estimate":"q95","season":"SON"},{"bfs_id":309,"rcp":"RCP8.5","period":"2060","key":"tas","value":2.5,"estimate":"q5","season":"DJF"},{"bfs_id":309,"rcp":"RCP8.5","period":"2060","key":"tas","value":9.9,"estimate":"q5","season":"MAM"},{"bfs_id":309,"rcp":"RCP8.5","period":"2060","key":"tas","value":19.7,"estimate":"q5","season":"JJA"},{"bfs_id":309,"rcp":"RCP8.5","period":"2060","key":"tas","value":11.3,"estimate":"q5","season":"SON"},{"bfs_id":309,"rcp":"RCP8.5","period":"2060","key":"tas","value":3,"estimate":"q50","season":"DJF"},{"bfs_id":309,"rcp":"RCP8.5","period":"2060","key":"tas","value":10.4,"estimate":"q50","season":"MAM"},{"bfs_id":309,"rcp":"RCP8.5","period":"2060","key":"tas","value":20.2,"estimate":"q50","season":"JJA"},{"bfs_id":309,"rcp":"RCP8.5","period":"2060","key":"tas","value":11.9,"estimate":"q50","season":"SON"},{"bfs_id":309,"rcp":"RCP8.5","period":"2060","key":"tas","value":3.6,"estimate":"q95","season":"DJF"},{"bfs_id":309,"rcp":"RCP8.5","period":"2060","key":"tas","value":11,"estimate":"q95","season":"MAM"},{"bfs_id":309,"rcp":"RCP8.5","period":"2060","key":"tas","value":21.2,"estimate":"q95","season":"JJA"},{"bfs_id":309,"rcp":"RCP8.5","period":"2060","key":"tas","value":12.8,"estimate":"q95","season":"SON"},{"bfs_id":309,"rcp":"RCP8.5","period":"2085","key":"tas","value":3.6,"estimate":"q5","season":"DJF"},{"bfs_id":309,"rcp":"RCP8.5","period":"2085","key":"tas","value":10.9,"estimate":"q5","season":"MAM"},{"bfs_id":309,"rcp":"RCP8.5","period":"2085","key":"tas","value":21,"estimate":"q5","season":"JJA"},{"bfs_id":309,"rcp":"RCP8.5","period":"2085","key":"tas","value":12.4,"estimate":"q5","season":"SON"},{"bfs_id":309,"rcp":"RCP8.5","period":"2085","key":"tas","value":4.7,"estimate":"q50","season":"DJF"},{"bfs_id":309,"rcp":"RCP8.5","period":"2085","key":"tas","value":11.7,"estimate":"q50","season":"MAM"},{"bfs_id":309,"rcp":"RCP8.5","period":"2085","key":"tas","value":21.9,"estimate":"q50","season":"JJA"},{"bfs_id":309,"rcp":"RCP8.5","period":"2085","key":"tas","value":13.4,"estimate":"q50","season":"SON"},{"bfs_id":309,"rcp":"RCP8.5","period":"2085","key":"tas","value":5.5,"estimate":"q95","season":"DJF"},{"bfs_id":309,"rcp":"RCP8.5","period":"2085","key":"tas","value":12.7,"estimate":"q95","season":"MAM"},{"bfs_id":309,"rcp":"RCP8.5","period":"2085","key":"tas","value":24.2,"estimate":"q95","season":"JJA"},{"bfs_id":309,"rcp":"RCP8.5","period":"2085","key":"tas","value":14.9,"estimate":"q95","season":"SON"},{"bfs_id":309,"rcp":"obs","period":"1981-2010","key":"FD","value":88.5,"estimate":"yearly_mean"},{"bfs_id":309,"rcp":"obs","period":"1981-2010","key":"HD","value":6.4,"estimate":"yearly_mean"},{"bfs_id":309,"rcp":"obs","period":"1981-2010","key":"ID","value":19.2,"estimate":"yearly_mean"},{"bfs_id":309,"rcp":"obs","period":"1981-2010","key":"SD","value":42.7,"estimate":"yearly_mean"},{"bfs_id":309,"rcp":"obs","period":"1981-2010","key":"snowdays","value":18.4,"estimate":"yearly_mean"},{"bfs_id":309,"rcp":"obs","period":"1981-2010","key":"TN","value":0,"estimate":"yearly_mean"},{"bfs_id":309,"rcp":"obs","period":"1981-2010","key":"pr","value":2.4,"estimate":"mean","season":"DJF"},{"bfs_id":309,"rcp":"obs","period":"1981-2010","key":"pr","value":2.7,"estimate":"mean","season":"MAM"},{"bfs_id":309,"rcp":"obs","period":"1981-2010","key":"pr","value":3.3,"estimate":"mean","season":"JJA"},{"bfs_id":309,"rcp":"obs","period":"1981-2010","key":"pr","value":2.9,"estimate":"mean","season":"SON"},{"bfs_id":309,"rcp":"obs","period":"1981-2010","key":"tas","value":0.7,"estimate":"mean","season":"DJF"},{"bfs_id":309,"rcp":"obs","period":"1981-2010","key":"tas","value":8.8,"estimate":"mean","season":"MAM"},{"bfs_id":309,"rcp":"obs","period":"1981-2010","key":"tas","value":17.7,"estimate":"mean","season":"JJA"},{"bfs_id":309,"rcp":"obs","period":"1981-2010","key":"tas","value":9.3,"estimate":"mean","season":"SON"}]
