[{"bfs_id":885,"rcp":"RCP2.6","period":"2035","key":"FD","value":71,"estimate":"q5"},{"bfs_id":885,"rcp":"RCP2.6","period":"2035","key":"FD","value":82.3,"estimate":"q50"},{"bfs_id":885,"rcp":"RCP2.6","period":"2035","key":"FD","value":90.4,"estimate":"q95"},{"bfs_id":885,"rcp":"RCP2.6","period":"2060","key":"FD","value":67.7,"estimate":"q5"},{"bfs_id":885,"rcp":"RCP2.6","period":"2060","key":"FD","value":78.1,"estimate":"q50"},{"bfs_id":885,"rcp":"RCP2.6","period":"2060","key":"FD","value":86.4,"estimate":"q95"},{"bfs_id":885,"rcp":"RCP2.6","period":"2085","key":"FD","value":66,"estimate":"q5"},{"bfs_id":885,"rcp":"RCP2.6","period":"2085","key":"FD","value":80.9,"estimate":"q50"},{"bfs_id":885,"rcp":"RCP2.6","period":"2085","key":"FD","value":87.3,"estimate":"q95"},{"bfs_id":885,"rcp":"RCP8.5","period":"2035","key":"FD","value":69.1,"estimate":"q5"},{"bfs_id":885,"rcp":"RCP8.5","period":"2035","key":"FD","value":78.6,"estimate":"q50"},{"bfs_id":885,"rcp":"RCP8.5","period":"2035","key":"FD","value":84.6,"estimate":"q95"},{"bfs_id":885,"rcp":"RCP8.5","period":"2060","key":"FD","value":53.4,"estimate":"q5"},{"bfs_id":885,"rcp":"RCP8.5","period":"2060","key":"FD","value":62.3,"estimate":"q50"},{"bfs_id":885,"rcp":"RCP8.5","period":"2060","key":"FD","value":69.9,"estimate":"q95"},{"bfs_id":885,"rcp":"RCP8.5","period":"2085","key":"FD","value":35.1,"estimate":"q5"},{"bfs_id":885,"rcp":"RCP8.5","period":"2085","key":"FD","value":42.5,"estimate":"q50"},{"bfs_id":885,"rcp":"RCP8.5","period":"2085","key":"FD","value":52.1,"estimate":"q95"},{"bfs_id":885,"rcp":"RCP2.6","period":"2035","key":"HD","value":7,"estimate":"q5"},{"bfs_id":885,"rcp":"RCP2.6","period":"2035","key":"HD","value":9.9,"estimate":"q50"},{"bfs_id":885,"rcp":"RCP2.6","period":"2035","key":"HD","value":15.6,"estimate":"q95"},{"bfs_id":885,"rcp":"RCP2.6","period":"2060","key":"HD","value":7.9,"estimate":"q5"},{"bfs_id":885,"rcp":"RCP2.6","period":"2060","key":"HD","value":10.5,"estimate":"q50"},{"bfs_id":885,"rcp":"RCP2.6","period":"2060","key":"HD","value":18.6,"estimate":"q95"},{"bfs_id":885,"rcp":"RCP2.6","period":"2085","key":"HD","value":7.8,"estimate":"q5"},{"bfs_id":885,"rcp":"RCP2.6","period":"2085","key":"HD","value":9.8,"estimate":"q50"},{"bfs_id":885,"rcp":"RCP2.6","period":"2085","key":"HD","value":17.8,"estimate":"q95"},{"bfs_id":885,"rcp":"RCP8.5","period":"2035","key":"HD","value":7.7,"estimate":"q5"},{"bfs_id":885,"rcp":"RCP8.5","period":"2035","key":"HD","value":10.8,"estimate":"q50"},{"bfs_id":885,"rcp":"RCP8.5","period":"2035","key":"HD","value":16.3,"estimate":"q95"},{"bfs_id":885,"rcp":"RCP8.5","period":"2060","key":"HD","value":13.7,"estimate":"q5"},{"bfs_id":885,"rcp":"RCP8.5","period":"2060","key":"HD","value":20.3,"estimate":"q50"},{"bfs_id":885,"rcp":"RCP8.5","period":"2060","key":"HD","value":33.8,"estimate":"q95"},{"bfs_id":885,"rcp":"RCP8.5","period":"2085","key":"HD","value":26.9,"estimate":"q5"},{"bfs_id":885,"rcp":"RCP8.5","period":"2085","key":"HD","value":30.9,"estimate":"q50"},{"bfs_id":885,"rcp":"RCP8.5","period":"2085","key":"HD","value":56.7,"estimate":"q95"},{"bfs_id":885,"rcp":"RCP2.6","period":"2035","key":"ID","value":10.7,"estimate":"q5"},{"bfs_id":885,"rcp":"RCP2.6","period":"2035","key":"ID","value":13.5,"estimate":"q50"},{"bfs_id":885,"rcp":"RCP2.6","period":"2035","key":"ID","value":16.5,"estimate":"q95"},{"bfs_id":885,"rcp":"RCP2.6","period":"2060","key":"ID","value":9.6,"estimate":"q5"},{"bfs_id":885,"rcp":"RCP2.6","period":"2060","key":"ID","value":12.7,"estimate":"q50"},{"bfs_id":885,"rcp":"RCP2.6","period":"2060","key":"ID","value":15.3,"estimate":"q95"},{"bfs_id":885,"rcp":"RCP2.6","period":"2085","key":"ID","value":9.4,"estimate":"q5"},{"bfs_id":885,"rcp":"RCP2.6","period":"2085","key":"ID","value":12.1,"estimate":"q50"},{"bfs_id":885,"rcp":"RCP2.6","period":"2085","key":"ID","value":15.8,"estimate":"q95"},{"bfs_id":885,"rcp":"RCP8.5","period":"2035","key":"ID","value":9.8,"estimate":"q5"},{"bfs_id":885,"rcp":"RCP8.5","period":"2035","key":"ID","value":12.2,"estimate":"q50"},{"bfs_id":885,"rcp":"RCP8.5","period":"2035","key":"ID","value":15.5,"estimate":"q95"},{"bfs_id":885,"rcp":"RCP8.5","period":"2060","key":"ID","value":6.5,"estimate":"q5"},{"bfs_id":885,"rcp":"RCP8.5","period":"2060","key":"ID","value":9,"estimate":"q50"},{"bfs_id":885,"rcp":"RCP8.5","period":"2060","key":"ID","value":10.7,"estimate":"q95"},{"bfs_id":885,"rcp":"RCP8.5","period":"2085","key":"ID","value":2.5,"estimate":"q5"},{"bfs_id":885,"rcp":"RCP8.5","period":"2085","key":"ID","value":3.9,"estimate":"q50"},{"bfs_id":885,"rcp":"RCP8.5","period":"2085","key":"ID","value":6.1,"estimate":"q95"},{"bfs_id":885,"rcp":"RCP2.6","period":"2035","key":"SD","value":48.6,"estimate":"q5"},{"bfs_id":885,"rcp":"RCP2.6","period":"2035","key":"SD","value":54.1,"estimate":"q50"},{"bfs_id":885,"rcp":"RCP2.6","period":"2035","key":"SD","value":63.8,"estimate":"q95"},{"bfs_id":885,"rcp":"RCP2.6","period":"2060","key":"SD","value":49.7,"estimate":"q5"},{"bfs_id":885,"rcp":"RCP2.6","period":"2060","key":"SD","value":56.3,"estimate":"q50"},{"bfs_id":885,"rcp":"RCP2.6","period":"2060","key":"SD","value":64.2,"estimate":"q95"},{"bfs_id":885,"rcp":"RCP2.6","period":"2085","key":"SD","value":49.4,"estimate":"q5"},{"bfs_id":885,"rcp":"RCP2.6","period":"2085","key":"SD","value":56,"estimate":"q50"},{"bfs_id":885,"rcp":"RCP2.6","period":"2085","key":"SD","value":63.6,"estimate":"q95"},{"bfs_id":885,"rcp":"RCP8.5","period":"2035","key":"SD","value":51.2,"estimate":"q5"},{"bfs_id":885,"rcp":"RCP8.5","period":"2035","key":"SD","value":57.1,"estimate":"q50"},{"bfs_id":885,"rcp":"RCP8.5","period":"2035","key":"SD","value":65.4,"estimate":"q95"},{"bfs_id":885,"rcp":"RCP8.5","period":"2060","key":"SD","value":66.4,"estimate":"q5"},{"bfs_id":885,"rcp":"RCP8.5","period":"2060","key":"SD","value":72.4,"estimate":"q50"},{"bfs_id":885,"rcp":"RCP8.5","period":"2060","key":"SD","value":89.1,"estimate":"q95"},{"bfs_id":885,"rcp":"RCP8.5","period":"2085","key":"SD","value":84.2,"estimate":"q5"},{"bfs_id":885,"rcp":"RCP8.5","period":"2085","key":"SD","value":95.6,"estimate":"q50"},{"bfs_id":885,"rcp":"RCP8.5","period":"2085","key":"SD","value":113.8,"estimate":"q95"},{"bfs_id":885,"rcp":"RCP2.6","period":"2035","key":"snowdays","value":14,"estimate":"q5"},{"bfs_id":885,"rcp":"RCP2.6","period":"2035","key":"snowdays","value":20.3,"estimate":"q50"},{"bfs_id":885,"rcp":"RCP2.6","period":"2035","key":"snowdays","value":25,"estimate":"q95"},{"bfs_id":885,"rcp":"RCP2.6","period":"2060","key":"snowdays","value":13.4,"estimate":"q5"},{"bfs_id":885,"rcp":"RCP2.6","period":"2060","key":"snowdays","value":18.8,"estimate":"q50"},{"bfs_id":885,"rcp":"RCP2.6","period":"2060","key":"snowdays","value":24.4,"estimate":"q95"},{"bfs_id":885,"rcp":"RCP2.6","period":"2085","key":"snowdays","value":13.3,"estimate":"q5"},{"bfs_id":885,"rcp":"RCP2.6","period":"2085","key":"snowdays","value":19.2,"estimate":"q50"},{"bfs_id":885,"rcp":"RCP2.6","period":"2085","key":"snowdays","value":24.2,"estimate":"q95"},{"bfs_id":885,"rcp":"RCP8.5","period":"2035","key":"snowdays","value":11.4,"estimate":"q5"},{"bfs_id":885,"rcp":"RCP8.5","period":"2035","key":"snowdays","value":19.1,"estimate":"q50"},{"bfs_id":885,"rcp":"RCP8.5","period":"2035","key":"snowdays","value":24.5,"estimate":"q95"},{"bfs_id":885,"rcp":"RCP8.5","period":"2060","key":"snowdays","value":8.9,"estimate":"q5"},{"bfs_id":885,"rcp":"RCP8.5","period":"2060","key":"snowdays","value":15.3,"estimate":"q50"},{"bfs_id":885,"rcp":"RCP8.5","period":"2060","key":"snowdays","value":17.8,"estimate":"q95"},{"bfs_id":885,"rcp":"RCP8.5","period":"2085","key":"snowdays","value":4.6,"estimate":"q5"},{"bfs_id":885,"rcp":"RCP8.5","period":"2085","key":"snowdays","value":9.4,"estimate":"q50"},{"bfs_id":885,"rcp":"RCP8.5","period":"2085","key":"snowdays","value":13.1,"estimate":"q95"},{"bfs_id":885,"rcp":"RCP2.6","period":"2035","key":"TN","value":0,"estimate":"q5"},{"bfs_id":885,"rcp":"RCP2.6","period":"2035","key":"TN","value":0.2,"estimate":"q50"},{"bfs_id":885,"rcp":"RCP2.6","period":"2035","key":"TN","value":0.7,"estimate":"q95"},{"bfs_id":885,"rcp":"RCP2.6","period":"2060","key":"TN","value":0,"estimate":"q5"},{"bfs_id":885,"rcp":"RCP2.6","period":"2060","key":"TN","value":0.3,"estimate":"q50"},{"bfs_id":885,"rcp":"RCP2.6","period":"2060","key":"TN","value":0.9,"estimate":"q95"},{"bfs_id":885,"rcp":"RCP2.6","period":"2085","key":"TN","value":0.1,"estimate":"q5"},{"bfs_id":885,"rcp":"RCP2.6","period":"2085","key":"TN","value":0.3,"estimate":"q50"},{"bfs_id":885,"rcp":"RCP2.6","period":"2085","key":"TN","value":0.9,"estimate":"q95"},{"bfs_id":885,"rcp":"RCP8.5","period":"2035","key":"TN","value":0.1,"estimate":"q5"},{"bfs_id":885,"rcp":"RCP8.5","period":"2035","key":"TN","value":0.3,"estimate":"q50"},{"bfs_id":885,"rcp":"RCP8.5","period":"2035","key":"TN","value":1.8,"estimate":"q95"},{"bfs_id":885,"rcp":"RCP8.5","period":"2060","key":"TN","value":0.6,"estimate":"q5"},{"bfs_id":885,"rcp":"RCP8.5","period":"2060","key":"TN","value":1.8,"estimate":"q50"},{"bfs_id":885,"rcp":"RCP8.5","period":"2060","key":"TN","value":4.8,"estimate":"q95"},{"bfs_id":885,"rcp":"RCP8.5","period":"2085","key":"TN","value":3.4,"estimate":"q5"},{"bfs_id":885,"rcp":"RCP8.5","period":"2085","key":"TN","value":7.1,"estimate":"q50"},{"bfs_id":885,"rcp":"RCP8.5","period":"2085","key":"TN","value":21.4,"estimate":"q95"},{"bfs_id":885,"rcp":"RCP2.6","period":"2035","key":"pr","value":1.9,"estimate":"q5","season":"DJF"},{"bfs_id":885,"rcp":"RCP2.6","period":"2035","key":"pr","value":2.7,"estimate":"q5","season":"MAM"},{"bfs_id":885,"rcp":"RCP2.6","period":"2035","key":"pr","value":3,"estimate":"q5","season":"JJA"},{"bfs_id":885,"rcp":"RCP2.6","period":"2035","key":"pr","value":2.3,"estimate":"q5","season":"SON"},{"bfs_id":885,"rcp":"RCP2.6","period":"2035","key":"pr","value":2.2,"estimate":"q50","season":"DJF"},{"bfs_id":885,"rcp":"RCP2.6","period":"2035","key":"pr","value":3,"estimate":"q50","season":"MAM"},{"bfs_id":885,"rcp":"RCP2.6","period":"2035","key":"pr","value":3.7,"estimate":"q50","season":"JJA"},{"bfs_id":885,"rcp":"RCP2.6","period":"2035","key":"pr","value":2.5,"estimate":"q50","season":"SON"},{"bfs_id":885,"rcp":"RCP2.6","period":"2035","key":"pr","value":2.5,"estimate":"q95","season":"DJF"},{"bfs_id":885,"rcp":"RCP2.6","period":"2035","key":"pr","value":3.4,"estimate":"q95","season":"MAM"},{"bfs_id":885,"rcp":"RCP2.6","period":"2035","key":"pr","value":4.2,"estimate":"q95","season":"JJA"},{"bfs_id":885,"rcp":"RCP2.6","period":"2035","key":"pr","value":3.1,"estimate":"q95","season":"SON"},{"bfs_id":885,"rcp":"RCP2.6","period":"2060","key":"pr","value":1.9,"estimate":"q5","season":"DJF"},{"bfs_id":885,"rcp":"RCP2.6","period":"2060","key":"pr","value":2.7,"estimate":"q5","season":"MAM"},{"bfs_id":885,"rcp":"RCP2.6","period":"2060","key":"pr","value":3,"estimate":"q5","season":"JJA"},{"bfs_id":885,"rcp":"RCP2.6","period":"2060","key":"pr","value":2.3,"estimate":"q5","season":"SON"},{"bfs_id":885,"rcp":"RCP2.6","period":"2060","key":"pr","value":2.2,"estimate":"q50","season":"DJF"},{"bfs_id":885,"rcp":"RCP2.6","period":"2060","key":"pr","value":3,"estimate":"q50","season":"MAM"},{"bfs_id":885,"rcp":"RCP2.6","period":"2060","key":"pr","value":3.7,"estimate":"q50","season":"JJA"},{"bfs_id":885,"rcp":"RCP2.6","period":"2060","key":"pr","value":2.5,"estimate":"q50","season":"SON"},{"bfs_id":885,"rcp":"RCP2.6","period":"2060","key":"pr","value":2.4,"estimate":"q95","season":"DJF"},{"bfs_id":885,"rcp":"RCP2.6","period":"2060","key":"pr","value":3.4,"estimate":"q95","season":"MAM"},{"bfs_id":885,"rcp":"RCP2.6","period":"2060","key":"pr","value":4.3,"estimate":"q95","season":"JJA"},{"bfs_id":885,"rcp":"RCP2.6","period":"2060","key":"pr","value":2.9,"estimate":"q95","season":"SON"},{"bfs_id":885,"rcp":"RCP2.6","period":"2085","key":"pr","value":1.9,"estimate":"q5","season":"DJF"},{"bfs_id":885,"rcp":"RCP2.6","period":"2085","key":"pr","value":2.7,"estimate":"q5","season":"MAM"},{"bfs_id":885,"rcp":"RCP2.6","period":"2085","key":"pr","value":3,"estimate":"q5","season":"JJA"},{"bfs_id":885,"rcp":"RCP2.6","period":"2085","key":"pr","value":2.2,"estimate":"q5","season":"SON"},{"bfs_id":885,"rcp":"RCP2.6","period":"2085","key":"pr","value":2.2,"estimate":"q50","season":"DJF"},{"bfs_id":885,"rcp":"RCP2.6","period":"2085","key":"pr","value":2.9,"estimate":"q50","season":"MAM"},{"bfs_id":885,"rcp":"RCP2.6","period":"2085","key":"pr","value":3.8,"estimate":"q50","season":"JJA"},{"bfs_id":885,"rcp":"RCP2.6","period":"2085","key":"pr","value":2.5,"estimate":"q50","season":"SON"},{"bfs_id":885,"rcp":"RCP2.6","period":"2085","key":"pr","value":2.5,"estimate":"q95","season":"DJF"},{"bfs_id":885,"rcp":"RCP2.6","period":"2085","key":"pr","value":3.3,"estimate":"q95","season":"MAM"},{"bfs_id":885,"rcp":"RCP2.6","period":"2085","key":"pr","value":4.2,"estimate":"q95","season":"JJA"},{"bfs_id":885,"rcp":"RCP2.6","period":"2085","key":"pr","value":3,"estimate":"q95","season":"SON"},{"bfs_id":885,"rcp":"RCP8.5","period":"2035","key":"pr","value":2,"estimate":"q5","season":"DJF"},{"bfs_id":885,"rcp":"RCP8.5","period":"2035","key":"pr","value":2.8,"estimate":"q5","season":"MAM"},{"bfs_id":885,"rcp":"RCP8.5","period":"2035","key":"pr","value":3,"estimate":"q5","season":"JJA"},{"bfs_id":885,"rcp":"RCP8.5","period":"2035","key":"pr","value":2.3,"estimate":"q5","season":"SON"},{"bfs_id":885,"rcp":"RCP8.5","period":"2035","key":"pr","value":2.3,"estimate":"q50","season":"DJF"},{"bfs_id":885,"rcp":"RCP8.5","period":"2035","key":"pr","value":3.1,"estimate":"q50","season":"MAM"},{"bfs_id":885,"rcp":"RCP8.5","period":"2035","key":"pr","value":3.9,"estimate":"q50","season":"JJA"},{"bfs_id":885,"rcp":"RCP8.5","period":"2035","key":"pr","value":2.6,"estimate":"q50","season":"SON"},{"bfs_id":885,"rcp":"RCP8.5","period":"2035","key":"pr","value":2.5,"estimate":"q95","season":"DJF"},{"bfs_id":885,"rcp":"RCP8.5","period":"2035","key":"pr","value":3.4,"estimate":"q95","season":"MAM"},{"bfs_id":885,"rcp":"RCP8.5","period":"2035","key":"pr","value":4.3,"estimate":"q95","season":"JJA"},{"bfs_id":885,"rcp":"RCP8.5","period":"2035","key":"pr","value":3.2,"estimate":"q95","season":"SON"},{"bfs_id":885,"rcp":"RCP8.5","period":"2060","key":"pr","value":2.1,"estimate":"q5","season":"DJF"},{"bfs_id":885,"rcp":"RCP8.5","period":"2060","key":"pr","value":2.9,"estimate":"q5","season":"MAM"},{"bfs_id":885,"rcp":"RCP8.5","period":"2060","key":"pr","value":2.5,"estimate":"q5","season":"JJA"},{"bfs_id":885,"rcp":"RCP8.5","period":"2060","key":"pr","value":2.2,"estimate":"q5","season":"SON"},{"bfs_id":885,"rcp":"RCP8.5","period":"2060","key":"pr","value":2.3,"estimate":"q50","season":"DJF"},{"bfs_id":885,"rcp":"RCP8.5","period":"2060","key":"pr","value":3.2,"estimate":"q50","season":"MAM"},{"bfs_id":885,"rcp":"RCP8.5","period":"2060","key":"pr","value":3.7,"estimate":"q50","season":"JJA"},{"bfs_id":885,"rcp":"RCP8.5","period":"2060","key":"pr","value":2.6,"estimate":"q50","season":"SON"},{"bfs_id":885,"rcp":"RCP8.5","period":"2060","key":"pr","value":2.6,"estimate":"q95","season":"DJF"},{"bfs_id":885,"rcp":"RCP8.5","period":"2060","key":"pr","value":3.5,"estimate":"q95","season":"MAM"},{"bfs_id":885,"rcp":"RCP8.5","period":"2060","key":"pr","value":4,"estimate":"q95","season":"JJA"},{"bfs_id":885,"rcp":"RCP8.5","period":"2060","key":"pr","value":3,"estimate":"q95","season":"SON"},{"bfs_id":885,"rcp":"RCP8.5","period":"2085","key":"pr","value":2.2,"estimate":"q5","season":"DJF"},{"bfs_id":885,"rcp":"RCP8.5","period":"2085","key":"pr","value":2.9,"estimate":"q5","season":"MAM"},{"bfs_id":885,"rcp":"RCP8.5","period":"2085","key":"pr","value":2,"estimate":"q5","season":"JJA"},{"bfs_id":885,"rcp":"RCP8.5","period":"2085","key":"pr","value":2.1,"estimate":"q5","season":"SON"},{"bfs_id":885,"rcp":"RCP8.5","period":"2085","key":"pr","value":2.4,"estimate":"q50","season":"DJF"},{"bfs_id":885,"rcp":"RCP8.5","period":"2085","key":"pr","value":3.2,"estimate":"q50","season":"MAM"},{"bfs_id":885,"rcp":"RCP8.5","period":"2085","key":"pr","value":3.2,"estimate":"q50","season":"JJA"},{"bfs_id":885,"rcp":"RCP8.5","period":"2085","key":"pr","value":2.5,"estimate":"q50","season":"SON"},{"bfs_id":885,"rcp":"RCP8.5","period":"2085","key":"pr","value":2.8,"estimate":"q95","season":"DJF"},{"bfs_id":885,"rcp":"RCP8.5","period":"2085","key":"pr","value":3.9,"estimate":"q95","season":"MAM"},{"bfs_id":885,"rcp":"RCP8.5","period":"2085","key":"pr","value":3.6,"estimate":"q95","season":"JJA"},{"bfs_id":885,"rcp":"RCP8.5","period":"2085","key":"pr","value":3.1,"estimate":"q95","season":"SON"},{"bfs_id":885,"rcp":"RCP2.6","period":"2035","key":"tas","value":1.1,"estimate":"q5","season":"DJF"},{"bfs_id":885,"rcp":"RCP2.6","period":"2035","key":"tas","value":8.6,"estimate":"q5","season":"MAM"},{"bfs_id":885,"rcp":"RCP2.6","period":"2035","key":"tas","value":17.7,"estimate":"q5","season":"JJA"},{"bfs_id":885,"rcp":"RCP2.6","period":"2035","key":"tas","value":9.8,"estimate":"q5","season":"SON"},{"bfs_id":885,"rcp":"RCP2.6","period":"2035","key":"tas","value":1.5,"estimate":"q50","season":"DJF"},{"bfs_id":885,"rcp":"RCP2.6","period":"2035","key":"tas","value":9.3,"estimate":"q50","season":"MAM"},{"bfs_id":885,"rcp":"RCP2.6","period":"2035","key":"tas","value":18.4,"estimate":"q50","season":"JJA"},{"bfs_id":885,"rcp":"RCP2.6","period":"2035","key":"tas","value":10,"estimate":"q50","season":"SON"},{"bfs_id":885,"rcp":"RCP2.6","period":"2035","key":"tas","value":2.2,"estimate":"q95","season":"DJF"},{"bfs_id":885,"rcp":"RCP2.6","period":"2035","key":"tas","value":9.6,"estimate":"q95","season":"MAM"},{"bfs_id":885,"rcp":"RCP2.6","period":"2035","key":"tas","value":19.1,"estimate":"q95","season":"JJA"},{"bfs_id":885,"rcp":"RCP2.6","period":"2035","key":"tas","value":10.9,"estimate":"q95","season":"SON"},{"bfs_id":885,"rcp":"RCP2.6","period":"2060","key":"tas","value":1.1,"estimate":"q5","season":"DJF"},{"bfs_id":885,"rcp":"RCP2.6","period":"2060","key":"tas","value":8.5,"estimate":"q5","season":"MAM"},{"bfs_id":885,"rcp":"RCP2.6","period":"2060","key":"tas","value":18,"estimate":"q5","season":"JJA"},{"bfs_id":885,"rcp":"RCP2.6","period":"2060","key":"tas","value":10,"estimate":"q5","season":"SON"},{"bfs_id":885,"rcp":"RCP2.6","period":"2060","key":"tas","value":1.9,"estimate":"q50","season":"DJF"},{"bfs_id":885,"rcp":"RCP2.6","period":"2060","key":"tas","value":9.2,"estimate":"q50","season":"MAM"},{"bfs_id":885,"rcp":"RCP2.6","period":"2060","key":"tas","value":18.5,"estimate":"q50","season":"JJA"},{"bfs_id":885,"rcp":"RCP2.6","period":"2060","key":"tas","value":10.4,"estimate":"q50","season":"SON"},{"bfs_id":885,"rcp":"RCP2.6","period":"2060","key":"tas","value":2.3,"estimate":"q95","season":"DJF"},{"bfs_id":885,"rcp":"RCP2.6","period":"2060","key":"tas","value":9.9,"estimate":"q95","season":"MAM"},{"bfs_id":885,"rcp":"RCP2.6","period":"2060","key":"tas","value":19.2,"estimate":"q95","season":"JJA"},{"bfs_id":885,"rcp":"RCP2.6","period":"2060","key":"tas","value":11.3,"estimate":"q95","season":"SON"},{"bfs_id":885,"rcp":"RCP2.6","period":"2085","key":"tas","value":1.2,"estimate":"q5","season":"DJF"},{"bfs_id":885,"rcp":"RCP2.6","period":"2085","key":"tas","value":8.6,"estimate":"q5","season":"MAM"},{"bfs_id":885,"rcp":"RCP2.6","period":"2085","key":"tas","value":18,"estimate":"q5","season":"JJA"},{"bfs_id":885,"rcp":"RCP2.6","period":"2085","key":"tas","value":9.8,"estimate":"q5","season":"SON"},{"bfs_id":885,"rcp":"RCP2.6","period":"2085","key":"tas","value":1.9,"estimate":"q50","season":"DJF"},{"bfs_id":885,"rcp":"RCP2.6","period":"2085","key":"tas","value":9.3,"estimate":"q50","season":"MAM"},{"bfs_id":885,"rcp":"RCP2.6","period":"2085","key":"tas","value":18.5,"estimate":"q50","season":"JJA"},{"bfs_id":885,"rcp":"RCP2.6","period":"2085","key":"tas","value":10.3,"estimate":"q50","season":"SON"},{"bfs_id":885,"rcp":"RCP2.6","period":"2085","key":"tas","value":2.4,"estimate":"q95","season":"DJF"},{"bfs_id":885,"rcp":"RCP2.6","period":"2085","key":"tas","value":9.8,"estimate":"q95","season":"MAM"},{"bfs_id":885,"rcp":"RCP2.6","period":"2085","key":"tas","value":19.1,"estimate":"q95","season":"JJA"},{"bfs_id":885,"rcp":"RCP2.6","period":"2085","key":"tas","value":11.2,"estimate":"q95","season":"SON"},{"bfs_id":885,"rcp":"RCP8.5","period":"2035","key":"tas","value":1.2,"estimate":"q5","season":"DJF"},{"bfs_id":885,"rcp":"RCP8.5","period":"2035","key":"tas","value":8.9,"estimate":"q5","season":"MAM"},{"bfs_id":885,"rcp":"RCP8.5","period":"2035","key":"tas","value":18.2,"estimate":"q5","season":"JJA"},{"bfs_id":885,"rcp":"RCP8.5","period":"2035","key":"tas","value":10,"estimate":"q5","season":"SON"},{"bfs_id":885,"rcp":"RCP8.5","period":"2035","key":"tas","value":1.9,"estimate":"q50","season":"DJF"},{"bfs_id":885,"rcp":"RCP8.5","period":"2035","key":"tas","value":9.2,"estimate":"q50","season":"MAM"},{"bfs_id":885,"rcp":"RCP8.5","period":"2035","key":"tas","value":18.6,"estimate":"q50","season":"JJA"},{"bfs_id":885,"rcp":"RCP8.5","period":"2035","key":"tas","value":10.4,"estimate":"q50","season":"SON"},{"bfs_id":885,"rcp":"RCP8.5","period":"2035","key":"tas","value":2.3,"estimate":"q95","season":"DJF"},{"bfs_id":885,"rcp":"RCP8.5","period":"2035","key":"tas","value":9.8,"estimate":"q95","season":"MAM"},{"bfs_id":885,"rcp":"RCP8.5","period":"2035","key":"tas","value":19.3,"estimate":"q95","season":"JJA"},{"bfs_id":885,"rcp":"RCP8.5","period":"2035","key":"tas","value":11.3,"estimate":"q95","season":"SON"},{"bfs_id":885,"rcp":"RCP8.5","period":"2060","key":"tas","value":2.2,"estimate":"q5","season":"DJF"},{"bfs_id":885,"rcp":"RCP8.5","period":"2060","key":"tas","value":9.7,"estimate":"q5","season":"MAM"},{"bfs_id":885,"rcp":"RCP8.5","period":"2060","key":"tas","value":19.2,"estimate":"q5","season":"JJA"},{"bfs_id":885,"rcp":"RCP8.5","period":"2060","key":"tas","value":11,"estimate":"q5","season":"SON"},{"bfs_id":885,"rcp":"RCP8.5","period":"2060","key":"tas","value":2.7,"estimate":"q50","season":"DJF"},{"bfs_id":885,"rcp":"RCP8.5","period":"2060","key":"tas","value":10.3,"estimate":"q50","season":"MAM"},{"bfs_id":885,"rcp":"RCP8.5","period":"2060","key":"tas","value":19.7,"estimate":"q50","season":"JJA"},{"bfs_id":885,"rcp":"RCP8.5","period":"2060","key":"tas","value":11.7,"estimate":"q50","season":"SON"},{"bfs_id":885,"rcp":"RCP8.5","period":"2060","key":"tas","value":3.3,"estimate":"q95","season":"DJF"},{"bfs_id":885,"rcp":"RCP8.5","period":"2060","key":"tas","value":11.1,"estimate":"q95","season":"MAM"},{"bfs_id":885,"rcp":"RCP8.5","period":"2060","key":"tas","value":20.9,"estimate":"q95","season":"JJA"},{"bfs_id":885,"rcp":"RCP8.5","period":"2060","key":"tas","value":12.5,"estimate":"q95","season":"SON"},{"bfs_id":885,"rcp":"RCP8.5","period":"2085","key":"tas","value":3.4,"estimate":"q5","season":"DJF"},{"bfs_id":885,"rcp":"RCP8.5","period":"2085","key":"tas","value":10.8,"estimate":"q5","season":"MAM"},{"bfs_id":885,"rcp":"RCP8.5","period":"2085","key":"tas","value":20.5,"estimate":"q5","season":"JJA"},{"bfs_id":885,"rcp":"RCP8.5","period":"2085","key":"tas","value":12.2,"estimate":"q5","season":"SON"},{"bfs_id":885,"rcp":"RCP8.5","period":"2085","key":"tas","value":4.6,"estimate":"q50","season":"DJF"},{"bfs_id":885,"rcp":"RCP8.5","period":"2085","key":"tas","value":11.7,"estimate":"q50","season":"MAM"},{"bfs_id":885,"rcp":"RCP8.5","period":"2085","key":"tas","value":21.2,"estimate":"q50","season":"JJA"},{"bfs_id":885,"rcp":"RCP8.5","period":"2085","key":"tas","value":13,"estimate":"q50","season":"SON"},{"bfs_id":885,"rcp":"RCP8.5","period":"2085","key":"tas","value":5.2,"estimate":"q95","season":"DJF"},{"bfs_id":885,"rcp":"RCP8.5","period":"2085","key":"tas","value":12.9,"estimate":"q95","season":"MAM"},{"bfs_id":885,"rcp":"RCP8.5","period":"2085","key":"tas","value":23.4,"estimate":"q95","season":"JJA"},{"bfs_id":885,"rcp":"RCP8.5","period":"2085","key":"tas","value":14.6,"estimate":"q95","season":"SON"},{"bfs_id":885,"rcp":"obs","period":"1981-2010","key":"FD","value":95.7,"estimate":"yearly_mean"},{"bfs_id":885,"rcp":"obs","period":"1981-2010","key":"HD","value":4.9,"estimate":"yearly_mean"},{"bfs_id":885,"rcp":"obs","period":"1981-2010","key":"ID","value":18.8,"estimate":"yearly_mean"},{"bfs_id":885,"rcp":"obs","period":"1981-2010","key":"SD","value":40.7,"estimate":"yearly_mean"},{"bfs_id":885,"rcp":"obs","period":"1981-2010","key":"snowdays","value":19.2,"estimate":"yearly_mean"},{"bfs_id":885,"rcp":"obs","period":"1981-2010","key":"TN","value":0,"estimate":"yearly_mean"},{"bfs_id":885,"rcp":"obs","period":"1981-2010","key":"pr","value":1.9,"estimate":"mean","season":"DJF"},{"bfs_id":885,"rcp":"obs","period":"1981-2010","key":"pr","value":2.8,"estimate":"mean","season":"MAM"},{"bfs_id":885,"rcp":"obs","period":"1981-2010","key":"pr","value":4.2,"estimate":"mean","season":"JJA"},{"bfs_id":885,"rcp":"obs","period":"1981-2010","key":"pr","value":2.6,"estimate":"mean","season":"SON"},{"bfs_id":885,"rcp":"obs","period":"1981-2010","key":"tas","value":0.4,"estimate":"mean","season":"DJF"},{"bfs_id":885,"rcp":"obs","period":"1981-2010","key":"tas","value":8.6,"estimate":"mean","season":"MAM"},{"bfs_id":885,"rcp":"obs","period":"1981-2010","key":"tas","value":17.3,"estimate":"mean","season":"JJA"},{"bfs_id":885,"rcp":"obs","period":"1981-2010","key":"tas","value":9.1,"estimate":"mean","season":"SON"}]
