[{"bfs_id":6615,"rcp":"RCP2.6","period":"2035","key":"FD","value":50.4,"estimate":"q5"},{"bfs_id":6615,"rcp":"RCP2.6","period":"2035","key":"FD","value":59.4,"estimate":"q50"},{"bfs_id":6615,"rcp":"RCP2.6","period":"2035","key":"FD","value":64.8,"estimate":"q95"},{"bfs_id":6615,"rcp":"RCP2.6","period":"2060","key":"FD","value":46.5,"estimate":"q5"},{"bfs_id":6615,"rcp":"RCP2.6","period":"2060","key":"FD","value":55.8,"estimate":"q50"},{"bfs_id":6615,"rcp":"RCP2.6","period":"2060","key":"FD","value":61.4,"estimate":"q95"},{"bfs_id":6615,"rcp":"RCP2.6","period":"2085","key":"FD","value":46.1,"estimate":"q5"},{"bfs_id":6615,"rcp":"RCP2.6","period":"2085","key":"FD","value":56.3,"estimate":"q50"},{"bfs_id":6615,"rcp":"RCP2.6","period":"2085","key":"FD","value":62.3,"estimate":"q95"},{"bfs_id":6615,"rcp":"RCP8.5","period":"2035","key":"FD","value":47.2,"estimate":"q5"},{"bfs_id":6615,"rcp":"RCP8.5","period":"2035","key":"FD","value":56.3,"estimate":"q50"},{"bfs_id":6615,"rcp":"RCP8.5","period":"2035","key":"FD","value":60.6,"estimate":"q95"},{"bfs_id":6615,"rcp":"RCP8.5","period":"2060","key":"FD","value":33.6,"estimate":"q5"},{"bfs_id":6615,"rcp":"RCP8.5","period":"2060","key":"FD","value":41.1,"estimate":"q50"},{"bfs_id":6615,"rcp":"RCP8.5","period":"2060","key":"FD","value":48.4,"estimate":"q95"},{"bfs_id":6615,"rcp":"RCP8.5","period":"2085","key":"FD","value":17.2,"estimate":"q5"},{"bfs_id":6615,"rcp":"RCP8.5","period":"2085","key":"FD","value":23.9,"estimate":"q50"},{"bfs_id":6615,"rcp":"RCP8.5","period":"2085","key":"FD","value":33.2,"estimate":"q95"},{"bfs_id":6615,"rcp":"RCP2.6","period":"2035","key":"HD","value":17.5,"estimate":"q5"},{"bfs_id":6615,"rcp":"RCP2.6","period":"2035","key":"HD","value":24.1,"estimate":"q50"},{"bfs_id":6615,"rcp":"RCP2.6","period":"2035","key":"HD","value":30.3,"estimate":"q95"},{"bfs_id":6615,"rcp":"RCP2.6","period":"2060","key":"HD","value":19.8,"estimate":"q5"},{"bfs_id":6615,"rcp":"RCP2.6","period":"2060","key":"HD","value":24.2,"estimate":"q50"},{"bfs_id":6615,"rcp":"RCP2.6","period":"2060","key":"HD","value":32.1,"estimate":"q95"},{"bfs_id":6615,"rcp":"RCP2.6","period":"2085","key":"HD","value":19.3,"estimate":"q5"},{"bfs_id":6615,"rcp":"RCP2.6","period":"2085","key":"HD","value":23.6,"estimate":"q50"},{"bfs_id":6615,"rcp":"RCP2.6","period":"2085","key":"HD","value":31.7,"estimate":"q95"},{"bfs_id":6615,"rcp":"RCP8.5","period":"2035","key":"HD","value":21.8,"estimate":"q5"},{"bfs_id":6615,"rcp":"RCP8.5","period":"2035","key":"HD","value":25,"estimate":"q50"},{"bfs_id":6615,"rcp":"RCP8.5","period":"2035","key":"HD","value":31.4,"estimate":"q95"},{"bfs_id":6615,"rcp":"RCP8.5","period":"2060","key":"HD","value":30.1,"estimate":"q5"},{"bfs_id":6615,"rcp":"RCP8.5","period":"2060","key":"HD","value":37.8,"estimate":"q50"},{"bfs_id":6615,"rcp":"RCP8.5","period":"2060","key":"HD","value":54.2,"estimate":"q95"},{"bfs_id":6615,"rcp":"RCP8.5","period":"2085","key":"HD","value":47.2,"estimate":"q5"},{"bfs_id":6615,"rcp":"RCP8.5","period":"2085","key":"HD","value":57.5,"estimate":"q50"},{"bfs_id":6615,"rcp":"RCP8.5","period":"2085","key":"HD","value":77.8,"estimate":"q95"},{"bfs_id":6615,"rcp":"RCP2.6","period":"2035","key":"ID","value":4.2,"estimate":"q5"},{"bfs_id":6615,"rcp":"RCP2.6","period":"2035","key":"ID","value":5.7,"estimate":"q50"},{"bfs_id":6615,"rcp":"RCP2.6","period":"2035","key":"ID","value":8.4,"estimate":"q95"},{"bfs_id":6615,"rcp":"RCP2.6","period":"2060","key":"ID","value":3.2,"estimate":"q5"},{"bfs_id":6615,"rcp":"RCP2.6","period":"2060","key":"ID","value":6.1,"estimate":"q50"},{"bfs_id":6615,"rcp":"RCP2.6","period":"2060","key":"ID","value":7.9,"estimate":"q95"},{"bfs_id":6615,"rcp":"RCP2.6","period":"2085","key":"ID","value":4,"estimate":"q5"},{"bfs_id":6615,"rcp":"RCP2.6","period":"2085","key":"ID","value":5.3,"estimate":"q50"},{"bfs_id":6615,"rcp":"RCP2.6","period":"2085","key":"ID","value":8.1,"estimate":"q95"},{"bfs_id":6615,"rcp":"RCP8.5","period":"2035","key":"ID","value":3.2,"estimate":"q5"},{"bfs_id":6615,"rcp":"RCP8.5","period":"2035","key":"ID","value":5.7,"estimate":"q50"},{"bfs_id":6615,"rcp":"RCP8.5","period":"2035","key":"ID","value":7.2,"estimate":"q95"},{"bfs_id":6615,"rcp":"RCP8.5","period":"2060","key":"ID","value":2.3,"estimate":"q5"},{"bfs_id":6615,"rcp":"RCP8.5","period":"2060","key":"ID","value":3.5,"estimate":"q50"},{"bfs_id":6615,"rcp":"RCP8.5","period":"2060","key":"ID","value":4.7,"estimate":"q95"},{"bfs_id":6615,"rcp":"RCP8.5","period":"2085","key":"ID","value":0.5,"estimate":"q5"},{"bfs_id":6615,"rcp":"RCP8.5","period":"2085","key":"ID","value":1.1,"estimate":"q50"},{"bfs_id":6615,"rcp":"RCP8.5","period":"2085","key":"ID","value":2.4,"estimate":"q95"},{"bfs_id":6615,"rcp":"RCP2.6","period":"2035","key":"SD","value":64.9,"estimate":"q5"},{"bfs_id":6615,"rcp":"RCP2.6","period":"2035","key":"SD","value":72.8,"estimate":"q50"},{"bfs_id":6615,"rcp":"RCP2.6","period":"2035","key":"SD","value":80.4,"estimate":"q95"},{"bfs_id":6615,"rcp":"RCP2.6","period":"2060","key":"SD","value":66.8,"estimate":"q5"},{"bfs_id":6615,"rcp":"RCP2.6","period":"2060","key":"SD","value":74.6,"estimate":"q50"},{"bfs_id":6615,"rcp":"RCP2.6","period":"2060","key":"SD","value":81,"estimate":"q95"},{"bfs_id":6615,"rcp":"RCP2.6","period":"2085","key":"SD","value":66.9,"estimate":"q5"},{"bfs_id":6615,"rcp":"RCP2.6","period":"2085","key":"SD","value":74.5,"estimate":"q50"},{"bfs_id":6615,"rcp":"RCP2.6","period":"2085","key":"SD","value":80.8,"estimate":"q95"},{"bfs_id":6615,"rcp":"RCP8.5","period":"2035","key":"SD","value":69.9,"estimate":"q5"},{"bfs_id":6615,"rcp":"RCP8.5","period":"2035","key":"SD","value":75.5,"estimate":"q50"},{"bfs_id":6615,"rcp":"RCP8.5","period":"2035","key":"SD","value":81.2,"estimate":"q95"},{"bfs_id":6615,"rcp":"RCP8.5","period":"2060","key":"SD","value":86.2,"estimate":"q5"},{"bfs_id":6615,"rcp":"RCP8.5","period":"2060","key":"SD","value":91.9,"estimate":"q50"},{"bfs_id":6615,"rcp":"RCP8.5","period":"2060","key":"SD","value":103.5,"estimate":"q95"},{"bfs_id":6615,"rcp":"RCP8.5","period":"2085","key":"SD","value":100.6,"estimate":"q5"},{"bfs_id":6615,"rcp":"RCP8.5","period":"2085","key":"SD","value":113.7,"estimate":"q50"},{"bfs_id":6615,"rcp":"RCP8.5","period":"2085","key":"SD","value":127.1,"estimate":"q95"},{"bfs_id":6615,"rcp":"RCP2.6","period":"2035","key":"snowdays","value":5.3,"estimate":"q5"},{"bfs_id":6615,"rcp":"RCP2.6","period":"2035","key":"snowdays","value":8.8,"estimate":"q50"},{"bfs_id":6615,"rcp":"RCP2.6","period":"2035","key":"snowdays","value":11,"estimate":"q95"},{"bfs_id":6615,"rcp":"RCP2.6","period":"2060","key":"snowdays","value":5.2,"estimate":"q5"},{"bfs_id":6615,"rcp":"RCP2.6","period":"2060","key":"snowdays","value":7.5,"estimate":"q50"},{"bfs_id":6615,"rcp":"RCP2.6","period":"2060","key":"snowdays","value":11,"estimate":"q95"},{"bfs_id":6615,"rcp":"RCP2.6","period":"2085","key":"snowdays","value":4.7,"estimate":"q5"},{"bfs_id":6615,"rcp":"RCP2.6","period":"2085","key":"snowdays","value":8,"estimate":"q50"},{"bfs_id":6615,"rcp":"RCP2.6","period":"2085","key":"snowdays","value":11.1,"estimate":"q95"},{"bfs_id":6615,"rcp":"RCP8.5","period":"2035","key":"snowdays","value":4.4,"estimate":"q5"},{"bfs_id":6615,"rcp":"RCP8.5","period":"2035","key":"snowdays","value":7.7,"estimate":"q50"},{"bfs_id":6615,"rcp":"RCP8.5","period":"2035","key":"snowdays","value":11.6,"estimate":"q95"},{"bfs_id":6615,"rcp":"RCP8.5","period":"2060","key":"snowdays","value":2.8,"estimate":"q5"},{"bfs_id":6615,"rcp":"RCP8.5","period":"2060","key":"snowdays","value":5.2,"estimate":"q50"},{"bfs_id":6615,"rcp":"RCP8.5","period":"2060","key":"snowdays","value":7.5,"estimate":"q95"},{"bfs_id":6615,"rcp":"RCP8.5","period":"2085","key":"snowdays","value":0.9,"estimate":"q5"},{"bfs_id":6615,"rcp":"RCP8.5","period":"2085","key":"snowdays","value":2.8,"estimate":"q50"},{"bfs_id":6615,"rcp":"RCP8.5","period":"2085","key":"snowdays","value":4,"estimate":"q95"},{"bfs_id":6615,"rcp":"RCP2.6","period":"2035","key":"TN","value":0.9,"estimate":"q5"},{"bfs_id":6615,"rcp":"RCP2.6","period":"2035","key":"TN","value":2.5,"estimate":"q50"},{"bfs_id":6615,"rcp":"RCP2.6","period":"2035","key":"TN","value":4.2,"estimate":"q95"},{"bfs_id":6615,"rcp":"RCP2.6","period":"2060","key":"TN","value":1.5,"estimate":"q5"},{"bfs_id":6615,"rcp":"RCP2.6","period":"2060","key":"TN","value":2.6,"estimate":"q50"},{"bfs_id":6615,"rcp":"RCP2.6","period":"2060","key":"TN","value":4.9,"estimate":"q95"},{"bfs_id":6615,"rcp":"RCP2.6","period":"2085","key":"TN","value":1,"estimate":"q5"},{"bfs_id":6615,"rcp":"RCP2.6","period":"2085","key":"TN","value":2.3,"estimate":"q50"},{"bfs_id":6615,"rcp":"RCP2.6","period":"2085","key":"TN","value":4.3,"estimate":"q95"},{"bfs_id":6615,"rcp":"RCP8.5","period":"2035","key":"TN","value":1.6,"estimate":"q5"},{"bfs_id":6615,"rcp":"RCP8.5","period":"2035","key":"TN","value":3.3,"estimate":"q50"},{"bfs_id":6615,"rcp":"RCP8.5","period":"2035","key":"TN","value":6.8,"estimate":"q95"},{"bfs_id":6615,"rcp":"RCP8.5","period":"2060","key":"TN","value":4.7,"estimate":"q5"},{"bfs_id":6615,"rcp":"RCP8.5","period":"2060","key":"TN","value":11.2,"estimate":"q50"},{"bfs_id":6615,"rcp":"RCP8.5","period":"2060","key":"TN","value":17.1,"estimate":"q95"},{"bfs_id":6615,"rcp":"RCP8.5","period":"2085","key":"TN","value":15.3,"estimate":"q5"},{"bfs_id":6615,"rcp":"RCP8.5","period":"2085","key":"TN","value":21.5,"estimate":"q50"},{"bfs_id":6615,"rcp":"RCP8.5","period":"2085","key":"TN","value":43.4,"estimate":"q95"},{"bfs_id":6615,"rcp":"RCP2.6","period":"2035","key":"pr","value":2.5,"estimate":"q5","season":"DJF"},{"bfs_id":6615,"rcp":"RCP2.6","period":"2035","key":"pr","value":2.2,"estimate":"q5","season":"MAM"},{"bfs_id":6615,"rcp":"RCP2.6","period":"2035","key":"pr","value":1.9,"estimate":"q5","season":"JJA"},{"bfs_id":6615,"rcp":"RCP2.6","period":"2035","key":"pr","value":2.6,"estimate":"q5","season":"SON"},{"bfs_id":6615,"rcp":"RCP2.6","period":"2035","key":"pr","value":2.9,"estimate":"q50","season":"DJF"},{"bfs_id":6615,"rcp":"RCP2.6","period":"2035","key":"pr","value":2.6,"estimate":"q50","season":"MAM"},{"bfs_id":6615,"rcp":"RCP2.6","period":"2035","key":"pr","value":2.3,"estimate":"q50","season":"JJA"},{"bfs_id":6615,"rcp":"RCP2.6","period":"2035","key":"pr","value":3,"estimate":"q50","season":"SON"},{"bfs_id":6615,"rcp":"RCP2.6","period":"2035","key":"pr","value":3.4,"estimate":"q95","season":"DJF"},{"bfs_id":6615,"rcp":"RCP2.6","period":"2035","key":"pr","value":2.9,"estimate":"q95","season":"MAM"},{"bfs_id":6615,"rcp":"RCP2.6","period":"2035","key":"pr","value":2.7,"estimate":"q95","season":"JJA"},{"bfs_id":6615,"rcp":"RCP2.6","period":"2035","key":"pr","value":3.5,"estimate":"q95","season":"SON"},{"bfs_id":6615,"rcp":"RCP2.6","period":"2060","key":"pr","value":2.6,"estimate":"q5","season":"DJF"},{"bfs_id":6615,"rcp":"RCP2.6","period":"2060","key":"pr","value":2.3,"estimate":"q5","season":"MAM"},{"bfs_id":6615,"rcp":"RCP2.6","period":"2060","key":"pr","value":1.9,"estimate":"q5","season":"JJA"},{"bfs_id":6615,"rcp":"RCP2.6","period":"2060","key":"pr","value":2.8,"estimate":"q5","season":"SON"},{"bfs_id":6615,"rcp":"RCP2.6","period":"2060","key":"pr","value":3,"estimate":"q50","season":"DJF"},{"bfs_id":6615,"rcp":"RCP2.6","period":"2060","key":"pr","value":2.6,"estimate":"q50","season":"MAM"},{"bfs_id":6615,"rcp":"RCP2.6","period":"2060","key":"pr","value":2.2,"estimate":"q50","season":"JJA"},{"bfs_id":6615,"rcp":"RCP2.6","period":"2060","key":"pr","value":3,"estimate":"q50","season":"SON"},{"bfs_id":6615,"rcp":"RCP2.6","period":"2060","key":"pr","value":3.3,"estimate":"q95","season":"DJF"},{"bfs_id":6615,"rcp":"RCP2.6","period":"2060","key":"pr","value":2.9,"estimate":"q95","season":"MAM"},{"bfs_id":6615,"rcp":"RCP2.6","period":"2060","key":"pr","value":2.8,"estimate":"q95","season":"JJA"},{"bfs_id":6615,"rcp":"RCP2.6","period":"2060","key":"pr","value":3.3,"estimate":"q95","season":"SON"},{"bfs_id":6615,"rcp":"RCP2.6","period":"2085","key":"pr","value":2.6,"estimate":"q5","season":"DJF"},{"bfs_id":6615,"rcp":"RCP2.6","period":"2085","key":"pr","value":2.4,"estimate":"q5","season":"MAM"},{"bfs_id":6615,"rcp":"RCP2.6","period":"2085","key":"pr","value":2,"estimate":"q5","season":"JJA"},{"bfs_id":6615,"rcp":"RCP2.6","period":"2085","key":"pr","value":2.4,"estimate":"q5","season":"SON"},{"bfs_id":6615,"rcp":"RCP2.6","period":"2085","key":"pr","value":3,"estimate":"q50","season":"DJF"},{"bfs_id":6615,"rcp":"RCP2.6","period":"2085","key":"pr","value":2.6,"estimate":"q50","season":"MAM"},{"bfs_id":6615,"rcp":"RCP2.6","period":"2085","key":"pr","value":2.3,"estimate":"q50","season":"JJA"},{"bfs_id":6615,"rcp":"RCP2.6","period":"2085","key":"pr","value":3,"estimate":"q50","season":"SON"},{"bfs_id":6615,"rcp":"RCP2.6","period":"2085","key":"pr","value":3.3,"estimate":"q95","season":"DJF"},{"bfs_id":6615,"rcp":"RCP2.6","period":"2085","key":"pr","value":3,"estimate":"q95","season":"MAM"},{"bfs_id":6615,"rcp":"RCP2.6","period":"2085","key":"pr","value":2.8,"estimate":"q95","season":"JJA"},{"bfs_id":6615,"rcp":"RCP2.6","period":"2085","key":"pr","value":3.4,"estimate":"q95","season":"SON"},{"bfs_id":6615,"rcp":"RCP8.5","period":"2035","key":"pr","value":2.7,"estimate":"q5","season":"DJF"},{"bfs_id":6615,"rcp":"RCP8.5","period":"2035","key":"pr","value":2.3,"estimate":"q5","season":"MAM"},{"bfs_id":6615,"rcp":"RCP8.5","period":"2035","key":"pr","value":1.7,"estimate":"q5","season":"JJA"},{"bfs_id":6615,"rcp":"RCP8.5","period":"2035","key":"pr","value":2.6,"estimate":"q5","season":"SON"},{"bfs_id":6615,"rcp":"RCP8.5","period":"2035","key":"pr","value":3,"estimate":"q50","season":"DJF"},{"bfs_id":6615,"rcp":"RCP8.5","period":"2035","key":"pr","value":2.7,"estimate":"q50","season":"MAM"},{"bfs_id":6615,"rcp":"RCP8.5","period":"2035","key":"pr","value":2.4,"estimate":"q50","season":"JJA"},{"bfs_id":6615,"rcp":"RCP8.5","period":"2035","key":"pr","value":3.1,"estimate":"q50","season":"SON"},{"bfs_id":6615,"rcp":"RCP8.5","period":"2035","key":"pr","value":3.4,"estimate":"q95","season":"DJF"},{"bfs_id":6615,"rcp":"RCP8.5","period":"2035","key":"pr","value":2.9,"estimate":"q95","season":"MAM"},{"bfs_id":6615,"rcp":"RCP8.5","period":"2035","key":"pr","value":2.7,"estimate":"q95","season":"JJA"},{"bfs_id":6615,"rcp":"RCP8.5","period":"2035","key":"pr","value":3.5,"estimate":"q95","season":"SON"},{"bfs_id":6615,"rcp":"RCP8.5","period":"2060","key":"pr","value":2.9,"estimate":"q5","season":"DJF"},{"bfs_id":6615,"rcp":"RCP8.5","period":"2060","key":"pr","value":2.4,"estimate":"q5","season":"MAM"},{"bfs_id":6615,"rcp":"RCP8.5","period":"2060","key":"pr","value":1.4,"estimate":"q5","season":"JJA"},{"bfs_id":6615,"rcp":"RCP8.5","period":"2060","key":"pr","value":2.7,"estimate":"q5","season":"SON"},{"bfs_id":6615,"rcp":"RCP8.5","period":"2060","key":"pr","value":3.1,"estimate":"q50","season":"DJF"},{"bfs_id":6615,"rcp":"RCP8.5","period":"2060","key":"pr","value":2.8,"estimate":"q50","season":"MAM"},{"bfs_id":6615,"rcp":"RCP8.5","period":"2060","key":"pr","value":2.2,"estimate":"q50","season":"JJA"},{"bfs_id":6615,"rcp":"RCP8.5","period":"2060","key":"pr","value":3.1,"estimate":"q50","season":"SON"},{"bfs_id":6615,"rcp":"RCP8.5","period":"2060","key":"pr","value":3.5,"estimate":"q95","season":"DJF"},{"bfs_id":6615,"rcp":"RCP8.5","period":"2060","key":"pr","value":3,"estimate":"q95","season":"MAM"},{"bfs_id":6615,"rcp":"RCP8.5","period":"2060","key":"pr","value":2.6,"estimate":"q95","season":"JJA"},{"bfs_id":6615,"rcp":"RCP8.5","period":"2060","key":"pr","value":3.4,"estimate":"q95","season":"SON"},{"bfs_id":6615,"rcp":"RCP8.5","period":"2085","key":"pr","value":3,"estimate":"q5","season":"DJF"},{"bfs_id":6615,"rcp":"RCP8.5","period":"2085","key":"pr","value":2.4,"estimate":"q5","season":"MAM"},{"bfs_id":6615,"rcp":"RCP8.5","period":"2085","key":"pr","value":1.1,"estimate":"q5","season":"JJA"},{"bfs_id":6615,"rcp":"RCP8.5","period":"2085","key":"pr","value":2.5,"estimate":"q5","season":"SON"},{"bfs_id":6615,"rcp":"RCP8.5","period":"2085","key":"pr","value":3.5,"estimate":"q50","season":"DJF"},{"bfs_id":6615,"rcp":"RCP8.5","period":"2085","key":"pr","value":2.9,"estimate":"q50","season":"MAM"},{"bfs_id":6615,"rcp":"RCP8.5","period":"2085","key":"pr","value":1.8,"estimate":"q50","season":"JJA"},{"bfs_id":6615,"rcp":"RCP8.5","period":"2085","key":"pr","value":3.1,"estimate":"q50","season":"SON"},{"bfs_id":6615,"rcp":"RCP8.5","period":"2085","key":"pr","value":4,"estimate":"q95","season":"DJF"},{"bfs_id":6615,"rcp":"RCP8.5","period":"2085","key":"pr","value":3.2,"estimate":"q95","season":"MAM"},{"bfs_id":6615,"rcp":"RCP8.5","period":"2085","key":"pr","value":2.4,"estimate":"q95","season":"JJA"},{"bfs_id":6615,"rcp":"RCP8.5","period":"2085","key":"pr","value":3.6,"estimate":"q95","season":"SON"},{"bfs_id":6615,"rcp":"RCP2.6","period":"2035","key":"tas","value":2.9,"estimate":"q5","season":"DJF"},{"bfs_id":6615,"rcp":"RCP2.6","period":"2035","key":"tas","value":10.2,"estimate":"q5","season":"MAM"},{"bfs_id":6615,"rcp":"RCP2.6","period":"2035","key":"tas","value":19.5,"estimate":"q5","season":"JJA"},{"bfs_id":6615,"rcp":"RCP2.6","period":"2035","key":"tas","value":11.4,"estimate":"q5","season":"SON"},{"bfs_id":6615,"rcp":"RCP2.6","period":"2035","key":"tas","value":3.2,"estimate":"q50","season":"DJF"},{"bfs_id":6615,"rcp":"RCP2.6","period":"2035","key":"tas","value":10.7,"estimate":"q50","season":"MAM"},{"bfs_id":6615,"rcp":"RCP2.6","period":"2035","key":"tas","value":20.2,"estimate":"q50","season":"JJA"},{"bfs_id":6615,"rcp":"RCP2.6","period":"2035","key":"tas","value":11.7,"estimate":"q50","season":"SON"},{"bfs_id":6615,"rcp":"RCP2.6","period":"2035","key":"tas","value":3.9,"estimate":"q95","season":"DJF"},{"bfs_id":6615,"rcp":"RCP2.6","period":"2035","key":"tas","value":11,"estimate":"q95","season":"MAM"},{"bfs_id":6615,"rcp":"RCP2.6","period":"2035","key":"tas","value":20.9,"estimate":"q95","season":"JJA"},{"bfs_id":6615,"rcp":"RCP2.6","period":"2035","key":"tas","value":12.5,"estimate":"q95","season":"SON"},{"bfs_id":6615,"rcp":"RCP2.6","period":"2060","key":"tas","value":2.9,"estimate":"q5","season":"DJF"},{"bfs_id":6615,"rcp":"RCP2.6","period":"2060","key":"tas","value":10,"estimate":"q5","season":"MAM"},{"bfs_id":6615,"rcp":"RCP2.6","period":"2060","key":"tas","value":19.8,"estimate":"q5","season":"JJA"},{"bfs_id":6615,"rcp":"RCP2.6","period":"2060","key":"tas","value":11.6,"estimate":"q5","season":"SON"},{"bfs_id":6615,"rcp":"RCP2.6","period":"2060","key":"tas","value":3.6,"estimate":"q50","season":"DJF"},{"bfs_id":6615,"rcp":"RCP2.6","period":"2060","key":"tas","value":10.7,"estimate":"q50","season":"MAM"},{"bfs_id":6615,"rcp":"RCP2.6","period":"2060","key":"tas","value":20.3,"estimate":"q50","season":"JJA"},{"bfs_id":6615,"rcp":"RCP2.6","period":"2060","key":"tas","value":12.1,"estimate":"q50","season":"SON"},{"bfs_id":6615,"rcp":"RCP2.6","period":"2060","key":"tas","value":4.2,"estimate":"q95","season":"DJF"},{"bfs_id":6615,"rcp":"RCP2.6","period":"2060","key":"tas","value":11.2,"estimate":"q95","season":"MAM"},{"bfs_id":6615,"rcp":"RCP2.6","period":"2060","key":"tas","value":21,"estimate":"q95","season":"JJA"},{"bfs_id":6615,"rcp":"RCP2.6","period":"2060","key":"tas","value":13,"estimate":"q95","season":"SON"},{"bfs_id":6615,"rcp":"RCP2.6","period":"2085","key":"tas","value":2.9,"estimate":"q5","season":"DJF"},{"bfs_id":6615,"rcp":"RCP2.6","period":"2085","key":"tas","value":10.1,"estimate":"q5","season":"MAM"},{"bfs_id":6615,"rcp":"RCP2.6","period":"2085","key":"tas","value":19.7,"estimate":"q5","season":"JJA"},{"bfs_id":6615,"rcp":"RCP2.6","period":"2085","key":"tas","value":11.5,"estimate":"q5","season":"SON"},{"bfs_id":6615,"rcp":"RCP2.6","period":"2085","key":"tas","value":3.5,"estimate":"q50","season":"DJF"},{"bfs_id":6615,"rcp":"RCP2.6","period":"2085","key":"tas","value":10.8,"estimate":"q50","season":"MAM"},{"bfs_id":6615,"rcp":"RCP2.6","period":"2085","key":"tas","value":20.3,"estimate":"q50","season":"JJA"},{"bfs_id":6615,"rcp":"RCP2.6","period":"2085","key":"tas","value":12.1,"estimate":"q50","season":"SON"},{"bfs_id":6615,"rcp":"RCP2.6","period":"2085","key":"tas","value":4.2,"estimate":"q95","season":"DJF"},{"bfs_id":6615,"rcp":"RCP2.6","period":"2085","key":"tas","value":11.3,"estimate":"q95","season":"MAM"},{"bfs_id":6615,"rcp":"RCP2.6","period":"2085","key":"tas","value":20.9,"estimate":"q95","season":"JJA"},{"bfs_id":6615,"rcp":"RCP2.6","period":"2085","key":"tas","value":12.9,"estimate":"q95","season":"SON"},{"bfs_id":6615,"rcp":"RCP8.5","period":"2035","key":"tas","value":3,"estimate":"q5","season":"DJF"},{"bfs_id":6615,"rcp":"RCP8.5","period":"2035","key":"tas","value":10.3,"estimate":"q5","season":"MAM"},{"bfs_id":6615,"rcp":"RCP8.5","period":"2035","key":"tas","value":20,"estimate":"q5","season":"JJA"},{"bfs_id":6615,"rcp":"RCP8.5","period":"2035","key":"tas","value":11.7,"estimate":"q5","season":"SON"},{"bfs_id":6615,"rcp":"RCP8.5","period":"2035","key":"tas","value":3.6,"estimate":"q50","season":"DJF"},{"bfs_id":6615,"rcp":"RCP8.5","period":"2035","key":"tas","value":10.7,"estimate":"q50","season":"MAM"},{"bfs_id":6615,"rcp":"RCP8.5","period":"2035","key":"tas","value":20.5,"estimate":"q50","season":"JJA"},{"bfs_id":6615,"rcp":"RCP8.5","period":"2035","key":"tas","value":12.1,"estimate":"q50","season":"SON"},{"bfs_id":6615,"rcp":"RCP8.5","period":"2035","key":"tas","value":4,"estimate":"q95","season":"DJF"},{"bfs_id":6615,"rcp":"RCP8.5","period":"2035","key":"tas","value":11.2,"estimate":"q95","season":"MAM"},{"bfs_id":6615,"rcp":"RCP8.5","period":"2035","key":"tas","value":21.1,"estimate":"q95","season":"JJA"},{"bfs_id":6615,"rcp":"RCP8.5","period":"2035","key":"tas","value":13,"estimate":"q95","season":"SON"},{"bfs_id":6615,"rcp":"RCP8.5","period":"2060","key":"tas","value":4.1,"estimate":"q5","season":"DJF"},{"bfs_id":6615,"rcp":"RCP8.5","period":"2060","key":"tas","value":11.1,"estimate":"q5","season":"MAM"},{"bfs_id":6615,"rcp":"RCP8.5","period":"2060","key":"tas","value":21.2,"estimate":"q5","season":"JJA"},{"bfs_id":6615,"rcp":"RCP8.5","period":"2060","key":"tas","value":12.9,"estimate":"q5","season":"SON"},{"bfs_id":6615,"rcp":"RCP8.5","period":"2060","key":"tas","value":4.5,"estimate":"q50","season":"DJF"},{"bfs_id":6615,"rcp":"RCP8.5","period":"2060","key":"tas","value":11.7,"estimate":"q50","season":"MAM"},{"bfs_id":6615,"rcp":"RCP8.5","period":"2060","key":"tas","value":21.7,"estimate":"q50","season":"JJA"},{"bfs_id":6615,"rcp":"RCP8.5","period":"2060","key":"tas","value":13.4,"estimate":"q50","season":"SON"},{"bfs_id":6615,"rcp":"RCP8.5","period":"2060","key":"tas","value":5.1,"estimate":"q95","season":"DJF"},{"bfs_id":6615,"rcp":"RCP8.5","period":"2060","key":"tas","value":12.3,"estimate":"q95","season":"MAM"},{"bfs_id":6615,"rcp":"RCP8.5","period":"2060","key":"tas","value":22.8,"estimate":"q95","season":"JJA"},{"bfs_id":6615,"rcp":"RCP8.5","period":"2060","key":"tas","value":14.3,"estimate":"q95","season":"SON"},{"bfs_id":6615,"rcp":"RCP8.5","period":"2085","key":"tas","value":5.1,"estimate":"q5","season":"DJF"},{"bfs_id":6615,"rcp":"RCP8.5","period":"2085","key":"tas","value":12,"estimate":"q5","season":"MAM"},{"bfs_id":6615,"rcp":"RCP8.5","period":"2085","key":"tas","value":22.6,"estimate":"q5","season":"JJA"},{"bfs_id":6615,"rcp":"RCP8.5","period":"2085","key":"tas","value":13.9,"estimate":"q5","season":"SON"},{"bfs_id":6615,"rcp":"RCP8.5","period":"2085","key":"tas","value":6.1,"estimate":"q50","season":"DJF"},{"bfs_id":6615,"rcp":"RCP8.5","period":"2085","key":"tas","value":13,"estimate":"q50","season":"MAM"},{"bfs_id":6615,"rcp":"RCP8.5","period":"2085","key":"tas","value":23.5,"estimate":"q50","season":"JJA"},{"bfs_id":6615,"rcp":"RCP8.5","period":"2085","key":"tas","value":14.8,"estimate":"q50","season":"SON"},{"bfs_id":6615,"rcp":"RCP8.5","period":"2085","key":"tas","value":6.9,"estimate":"q95","season":"DJF"},{"bfs_id":6615,"rcp":"RCP8.5","period":"2085","key":"tas","value":14.2,"estimate":"q95","season":"MAM"},{"bfs_id":6615,"rcp":"RCP8.5","period":"2085","key":"tas","value":25.6,"estimate":"q95","season":"JJA"},{"bfs_id":6615,"rcp":"RCP8.5","period":"2085","key":"tas","value":16.2,"estimate":"q95","season":"SON"},{"bfs_id":6615,"rcp":"obs","period":"1981-2010","key":"FD","value":73.8,"estimate":"yearly_mean"},{"bfs_id":6615,"rcp":"obs","period":"1981-2010","key":"HD","value":14.3,"estimate":"yearly_mean"},{"bfs_id":6615,"rcp":"obs","period":"1981-2010","key":"ID","value":9.5,"estimate":"yearly_mean"},{"bfs_id":6615,"rcp":"obs","period":"1981-2010","key":"SD","value":59,"estimate":"yearly_mean"},{"bfs_id":6615,"rcp":"obs","period":"1981-2010","key":"snowdays","value":9.2,"estimate":"yearly_mean"},{"bfs_id":6615,"rcp":"obs","period":"1981-2010","key":"TN","value":0.5,"estimate":"yearly_mean"},{"bfs_id":6615,"rcp":"obs","period":"1981-2010","key":"pr","value":2.6,"estimate":"mean","season":"DJF"},{"bfs_id":6615,"rcp":"obs","period":"1981-2010","key":"pr","value":2.4,"estimate":"mean","season":"MAM"},{"bfs_id":6615,"rcp":"obs","period":"1981-2010","key":"pr","value":2.6,"estimate":"mean","season":"JJA"},{"bfs_id":6615,"rcp":"obs","period":"1981-2010","key":"pr","value":3.2,"estimate":"mean","season":"SON"},{"bfs_id":6615,"rcp":"obs","period":"1981-2010","key":"tas","value":2.2,"estimate":"mean","season":"DJF"},{"bfs_id":6615,"rcp":"obs","period":"1981-2010","key":"tas","value":10,"estimate":"mean","season":"MAM"},{"bfs_id":6615,"rcp":"obs","period":"1981-2010","key":"tas","value":19.1,"estimate":"mean","season":"JJA"},{"bfs_id":6615,"rcp":"obs","period":"1981-2010","key":"tas","value":10.7,"estimate":"mean","season":"SON"}]
