[{"bfs_id":3,"rcp":"RCP2.6","period":"2035","key":"FD","value":68.2,"estimate":"q5"},{"bfs_id":3,"rcp":"RCP2.6","period":"2035","key":"FD","value":79,"estimate":"q50"},{"bfs_id":3,"rcp":"RCP2.6","period":"2035","key":"FD","value":84.2,"estimate":"q95"},{"bfs_id":3,"rcp":"RCP2.6","period":"2060","key":"FD","value":65.6,"estimate":"q5"},{"bfs_id":3,"rcp":"RCP2.6","period":"2060","key":"FD","value":76.1,"estimate":"q50"},{"bfs_id":3,"rcp":"RCP2.6","period":"2060","key":"FD","value":80.9,"estimate":"q95"},{"bfs_id":3,"rcp":"RCP2.6","period":"2085","key":"FD","value":65.5,"estimate":"q5"},{"bfs_id":3,"rcp":"RCP2.6","period":"2085","key":"FD","value":76.3,"estimate":"q50"},{"bfs_id":3,"rcp":"RCP2.6","period":"2085","key":"FD","value":83.4,"estimate":"q95"},{"bfs_id":3,"rcp":"RCP8.5","period":"2035","key":"FD","value":63.3,"estimate":"q5"},{"bfs_id":3,"rcp":"RCP8.5","period":"2035","key":"FD","value":74.8,"estimate":"q50"},{"bfs_id":3,"rcp":"RCP8.5","period":"2035","key":"FD","value":80.5,"estimate":"q95"},{"bfs_id":3,"rcp":"RCP8.5","period":"2060","key":"FD","value":52.8,"estimate":"q5"},{"bfs_id":3,"rcp":"RCP8.5","period":"2060","key":"FD","value":60.9,"estimate":"q50"},{"bfs_id":3,"rcp":"RCP8.5","period":"2060","key":"FD","value":67.3,"estimate":"q95"},{"bfs_id":3,"rcp":"RCP8.5","period":"2085","key":"FD","value":32.3,"estimate":"q5"},{"bfs_id":3,"rcp":"RCP8.5","period":"2085","key":"FD","value":39.9,"estimate":"q50"},{"bfs_id":3,"rcp":"RCP8.5","period":"2085","key":"FD","value":50.3,"estimate":"q95"},{"bfs_id":3,"rcp":"RCP2.6","period":"2035","key":"HD","value":7,"estimate":"q5"},{"bfs_id":3,"rcp":"RCP2.6","period":"2035","key":"HD","value":9.4,"estimate":"q50"},{"bfs_id":3,"rcp":"RCP2.6","period":"2035","key":"HD","value":14.7,"estimate":"q95"},{"bfs_id":3,"rcp":"RCP2.6","period":"2060","key":"HD","value":7.2,"estimate":"q5"},{"bfs_id":3,"rcp":"RCP2.6","period":"2060","key":"HD","value":10.2,"estimate":"q50"},{"bfs_id":3,"rcp":"RCP2.6","period":"2060","key":"HD","value":17.1,"estimate":"q95"},{"bfs_id":3,"rcp":"RCP2.6","period":"2085","key":"HD","value":7.6,"estimate":"q5"},{"bfs_id":3,"rcp":"RCP2.6","period":"2085","key":"HD","value":9.4,"estimate":"q50"},{"bfs_id":3,"rcp":"RCP2.6","period":"2085","key":"HD","value":16.5,"estimate":"q95"},{"bfs_id":3,"rcp":"RCP8.5","period":"2035","key":"HD","value":8.2,"estimate":"q5"},{"bfs_id":3,"rcp":"RCP8.5","period":"2035","key":"HD","value":10.5,"estimate":"q50"},{"bfs_id":3,"rcp":"RCP8.5","period":"2035","key":"HD","value":16.7,"estimate":"q95"},{"bfs_id":3,"rcp":"RCP8.5","period":"2060","key":"HD","value":13.1,"estimate":"q5"},{"bfs_id":3,"rcp":"RCP8.5","period":"2060","key":"HD","value":19.5,"estimate":"q50"},{"bfs_id":3,"rcp":"RCP8.5","period":"2060","key":"HD","value":30.7,"estimate":"q95"},{"bfs_id":3,"rcp":"RCP8.5","period":"2085","key":"HD","value":25.6,"estimate":"q5"},{"bfs_id":3,"rcp":"RCP8.5","period":"2085","key":"HD","value":29.6,"estimate":"q50"},{"bfs_id":3,"rcp":"RCP8.5","period":"2085","key":"HD","value":57.6,"estimate":"q95"},{"bfs_id":3,"rcp":"RCP2.6","period":"2035","key":"ID","value":16,"estimate":"q5"},{"bfs_id":3,"rcp":"RCP2.6","period":"2035","key":"ID","value":20,"estimate":"q50"},{"bfs_id":3,"rcp":"RCP2.6","period":"2035","key":"ID","value":24.3,"estimate":"q95"},{"bfs_id":3,"rcp":"RCP2.6","period":"2060","key":"ID","value":15.2,"estimate":"q5"},{"bfs_id":3,"rcp":"RCP2.6","period":"2060","key":"ID","value":19.7,"estimate":"q50"},{"bfs_id":3,"rcp":"RCP2.6","period":"2060","key":"ID","value":24,"estimate":"q95"},{"bfs_id":3,"rcp":"RCP2.6","period":"2085","key":"ID","value":14.9,"estimate":"q5"},{"bfs_id":3,"rcp":"RCP2.6","period":"2085","key":"ID","value":19.5,"estimate":"q50"},{"bfs_id":3,"rcp":"RCP2.6","period":"2085","key":"ID","value":23,"estimate":"q95"},{"bfs_id":3,"rcp":"RCP8.5","period":"2035","key":"ID","value":15.4,"estimate":"q5"},{"bfs_id":3,"rcp":"RCP8.5","period":"2035","key":"ID","value":19,"estimate":"q50"},{"bfs_id":3,"rcp":"RCP8.5","period":"2035","key":"ID","value":22.9,"estimate":"q95"},{"bfs_id":3,"rcp":"RCP8.5","period":"2060","key":"ID","value":10,"estimate":"q5"},{"bfs_id":3,"rcp":"RCP8.5","period":"2060","key":"ID","value":14.3,"estimate":"q50"},{"bfs_id":3,"rcp":"RCP8.5","period":"2060","key":"ID","value":17.1,"estimate":"q95"},{"bfs_id":3,"rcp":"RCP8.5","period":"2085","key":"ID","value":3.6,"estimate":"q5"},{"bfs_id":3,"rcp":"RCP8.5","period":"2085","key":"ID","value":7.1,"estimate":"q50"},{"bfs_id":3,"rcp":"RCP8.5","period":"2085","key":"ID","value":10,"estimate":"q95"},{"bfs_id":3,"rcp":"RCP2.6","period":"2035","key":"SD","value":41.7,"estimate":"q5"},{"bfs_id":3,"rcp":"RCP2.6","period":"2035","key":"SD","value":47.2,"estimate":"q50"},{"bfs_id":3,"rcp":"RCP2.6","period":"2035","key":"SD","value":53.9,"estimate":"q95"},{"bfs_id":3,"rcp":"RCP2.6","period":"2060","key":"SD","value":41.9,"estimate":"q5"},{"bfs_id":3,"rcp":"RCP2.6","period":"2060","key":"SD","value":47.7,"estimate":"q50"},{"bfs_id":3,"rcp":"RCP2.6","period":"2060","key":"SD","value":53.7,"estimate":"q95"},{"bfs_id":3,"rcp":"RCP2.6","period":"2085","key":"SD","value":41.4,"estimate":"q5"},{"bfs_id":3,"rcp":"RCP2.6","period":"2085","key":"SD","value":49.5,"estimate":"q50"},{"bfs_id":3,"rcp":"RCP2.6","period":"2085","key":"SD","value":53.6,"estimate":"q95"},{"bfs_id":3,"rcp":"RCP8.5","period":"2035","key":"SD","value":43.4,"estimate":"q5"},{"bfs_id":3,"rcp":"RCP8.5","period":"2035","key":"SD","value":49.4,"estimate":"q50"},{"bfs_id":3,"rcp":"RCP8.5","period":"2035","key":"SD","value":55,"estimate":"q95"},{"bfs_id":3,"rcp":"RCP8.5","period":"2060","key":"SD","value":57.9,"estimate":"q5"},{"bfs_id":3,"rcp":"RCP8.5","period":"2060","key":"SD","value":64.6,"estimate":"q50"},{"bfs_id":3,"rcp":"RCP8.5","period":"2060","key":"SD","value":79.3,"estimate":"q95"},{"bfs_id":3,"rcp":"RCP8.5","period":"2085","key":"SD","value":73.3,"estimate":"q5"},{"bfs_id":3,"rcp":"RCP8.5","period":"2085","key":"SD","value":86.3,"estimate":"q50"},{"bfs_id":3,"rcp":"RCP8.5","period":"2085","key":"SD","value":106,"estimate":"q95"},{"bfs_id":3,"rcp":"RCP2.6","period":"2035","key":"snowdays","value":14.8,"estimate":"q5"},{"bfs_id":3,"rcp":"RCP2.6","period":"2035","key":"snowdays","value":20.4,"estimate":"q50"},{"bfs_id":3,"rcp":"RCP2.6","period":"2035","key":"snowdays","value":23.5,"estimate":"q95"},{"bfs_id":3,"rcp":"RCP2.6","period":"2060","key":"snowdays","value":14,"estimate":"q5"},{"bfs_id":3,"rcp":"RCP2.6","period":"2060","key":"snowdays","value":20.1,"estimate":"q50"},{"bfs_id":3,"rcp":"RCP2.6","period":"2060","key":"snowdays","value":22.7,"estimate":"q95"},{"bfs_id":3,"rcp":"RCP2.6","period":"2085","key":"snowdays","value":13.9,"estimate":"q5"},{"bfs_id":3,"rcp":"RCP2.6","period":"2085","key":"snowdays","value":19.5,"estimate":"q50"},{"bfs_id":3,"rcp":"RCP2.6","period":"2085","key":"snowdays","value":22.9,"estimate":"q95"},{"bfs_id":3,"rcp":"RCP8.5","period":"2035","key":"snowdays","value":13.1,"estimate":"q5"},{"bfs_id":3,"rcp":"RCP8.5","period":"2035","key":"snowdays","value":19.5,"estimate":"q50"},{"bfs_id":3,"rcp":"RCP8.5","period":"2035","key":"snowdays","value":22.5,"estimate":"q95"},{"bfs_id":3,"rcp":"RCP8.5","period":"2060","key":"snowdays","value":9.8,"estimate":"q5"},{"bfs_id":3,"rcp":"RCP8.5","period":"2060","key":"snowdays","value":15.5,"estimate":"q50"},{"bfs_id":3,"rcp":"RCP8.5","period":"2060","key":"snowdays","value":18.1,"estimate":"q95"},{"bfs_id":3,"rcp":"RCP8.5","period":"2085","key":"snowdays","value":4.3,"estimate":"q5"},{"bfs_id":3,"rcp":"RCP8.5","period":"2085","key":"snowdays","value":9.1,"estimate":"q50"},{"bfs_id":3,"rcp":"RCP8.5","period":"2085","key":"snowdays","value":12.3,"estimate":"q95"},{"bfs_id":3,"rcp":"RCP2.6","period":"2035","key":"TN","value":0.1,"estimate":"q5"},{"bfs_id":3,"rcp":"RCP2.6","period":"2035","key":"TN","value":0.6,"estimate":"q50"},{"bfs_id":3,"rcp":"RCP2.6","period":"2035","key":"TN","value":1.4,"estimate":"q95"},{"bfs_id":3,"rcp":"RCP2.6","period":"2060","key":"TN","value":0.3,"estimate":"q5"},{"bfs_id":3,"rcp":"RCP2.6","period":"2060","key":"TN","value":0.7,"estimate":"q50"},{"bfs_id":3,"rcp":"RCP2.6","period":"2060","key":"TN","value":1.8,"estimate":"q95"},{"bfs_id":3,"rcp":"RCP2.6","period":"2085","key":"TN","value":0.3,"estimate":"q5"},{"bfs_id":3,"rcp":"RCP2.6","period":"2085","key":"TN","value":0.8,"estimate":"q50"},{"bfs_id":3,"rcp":"RCP2.6","period":"2085","key":"TN","value":1.4,"estimate":"q95"},{"bfs_id":3,"rcp":"RCP8.5","period":"2035","key":"TN","value":0.4,"estimate":"q5"},{"bfs_id":3,"rcp":"RCP8.5","period":"2035","key":"TN","value":0.8,"estimate":"q50"},{"bfs_id":3,"rcp":"RCP8.5","period":"2035","key":"TN","value":2.7,"estimate":"q95"},{"bfs_id":3,"rcp":"RCP8.5","period":"2060","key":"TN","value":1.6,"estimate":"q5"},{"bfs_id":3,"rcp":"RCP8.5","period":"2060","key":"TN","value":3.6,"estimate":"q50"},{"bfs_id":3,"rcp":"RCP8.5","period":"2060","key":"TN","value":8,"estimate":"q95"},{"bfs_id":3,"rcp":"RCP8.5","period":"2085","key":"TN","value":7,"estimate":"q5"},{"bfs_id":3,"rcp":"RCP8.5","period":"2085","key":"TN","value":11.4,"estimate":"q50"},{"bfs_id":3,"rcp":"RCP8.5","period":"2085","key":"TN","value":27.2,"estimate":"q95"},{"bfs_id":3,"rcp":"RCP2.6","period":"2035","key":"pr","value":2.3,"estimate":"q5","season":"DJF"},{"bfs_id":3,"rcp":"RCP2.6","period":"2035","key":"pr","value":3,"estimate":"q5","season":"MAM"},{"bfs_id":3,"rcp":"RCP2.6","period":"2035","key":"pr","value":3.8,"estimate":"q5","season":"JJA"},{"bfs_id":3,"rcp":"RCP2.6","period":"2035","key":"pr","value":2.6,"estimate":"q5","season":"SON"},{"bfs_id":3,"rcp":"RCP2.6","period":"2035","key":"pr","value":2.7,"estimate":"q50","season":"DJF"},{"bfs_id":3,"rcp":"RCP2.6","period":"2035","key":"pr","value":3.4,"estimate":"q50","season":"MAM"},{"bfs_id":3,"rcp":"RCP2.6","period":"2035","key":"pr","value":4.2,"estimate":"q50","season":"JJA"},{"bfs_id":3,"rcp":"RCP2.6","period":"2035","key":"pr","value":2.9,"estimate":"q50","season":"SON"},{"bfs_id":3,"rcp":"RCP2.6","period":"2035","key":"pr","value":3.2,"estimate":"q95","season":"DJF"},{"bfs_id":3,"rcp":"RCP2.6","period":"2035","key":"pr","value":3.7,"estimate":"q95","season":"MAM"},{"bfs_id":3,"rcp":"RCP2.6","period":"2035","key":"pr","value":4.5,"estimate":"q95","season":"JJA"},{"bfs_id":3,"rcp":"RCP2.6","period":"2035","key":"pr","value":3.6,"estimate":"q95","season":"SON"},{"bfs_id":3,"rcp":"RCP2.6","period":"2060","key":"pr","value":2.3,"estimate":"q5","season":"DJF"},{"bfs_id":3,"rcp":"RCP2.6","period":"2060","key":"pr","value":3.1,"estimate":"q5","season":"MAM"},{"bfs_id":3,"rcp":"RCP2.6","period":"2060","key":"pr","value":3.4,"estimate":"q5","season":"JJA"},{"bfs_id":3,"rcp":"RCP2.6","period":"2060","key":"pr","value":2.7,"estimate":"q5","season":"SON"},{"bfs_id":3,"rcp":"RCP2.6","period":"2060","key":"pr","value":2.6,"estimate":"q50","season":"DJF"},{"bfs_id":3,"rcp":"RCP2.6","period":"2060","key":"pr","value":3.4,"estimate":"q50","season":"MAM"},{"bfs_id":3,"rcp":"RCP2.6","period":"2060","key":"pr","value":4.1,"estimate":"q50","season":"JJA"},{"bfs_id":3,"rcp":"RCP2.6","period":"2060","key":"pr","value":3,"estimate":"q50","season":"SON"},{"bfs_id":3,"rcp":"RCP2.6","period":"2060","key":"pr","value":2.9,"estimate":"q95","season":"DJF"},{"bfs_id":3,"rcp":"RCP2.6","period":"2060","key":"pr","value":3.7,"estimate":"q95","season":"MAM"},{"bfs_id":3,"rcp":"RCP2.6","period":"2060","key":"pr","value":4.6,"estimate":"q95","season":"JJA"},{"bfs_id":3,"rcp":"RCP2.6","period":"2060","key":"pr","value":3.5,"estimate":"q95","season":"SON"},{"bfs_id":3,"rcp":"RCP2.6","period":"2085","key":"pr","value":2.3,"estimate":"q5","season":"DJF"},{"bfs_id":3,"rcp":"RCP2.6","period":"2085","key":"pr","value":3.1,"estimate":"q5","season":"MAM"},{"bfs_id":3,"rcp":"RCP2.6","period":"2085","key":"pr","value":3.5,"estimate":"q5","season":"JJA"},{"bfs_id":3,"rcp":"RCP2.6","period":"2085","key":"pr","value":2.6,"estimate":"q5","season":"SON"},{"bfs_id":3,"rcp":"RCP2.6","period":"2085","key":"pr","value":2.6,"estimate":"q50","season":"DJF"},{"bfs_id":3,"rcp":"RCP2.6","period":"2085","key":"pr","value":3.4,"estimate":"q50","season":"MAM"},{"bfs_id":3,"rcp":"RCP2.6","period":"2085","key":"pr","value":4.1,"estimate":"q50","season":"JJA"},{"bfs_id":3,"rcp":"RCP2.6","period":"2085","key":"pr","value":2.9,"estimate":"q50","season":"SON"},{"bfs_id":3,"rcp":"RCP2.6","period":"2085","key":"pr","value":3,"estimate":"q95","season":"DJF"},{"bfs_id":3,"rcp":"RCP2.6","period":"2085","key":"pr","value":3.7,"estimate":"q95","season":"MAM"},{"bfs_id":3,"rcp":"RCP2.6","period":"2085","key":"pr","value":4.6,"estimate":"q95","season":"JJA"},{"bfs_id":3,"rcp":"RCP2.6","period":"2085","key":"pr","value":3.5,"estimate":"q95","season":"SON"},{"bfs_id":3,"rcp":"RCP8.5","period":"2035","key":"pr","value":2.4,"estimate":"q5","season":"DJF"},{"bfs_id":3,"rcp":"RCP8.5","period":"2035","key":"pr","value":3.1,"estimate":"q5","season":"MAM"},{"bfs_id":3,"rcp":"RCP8.5","period":"2035","key":"pr","value":3.6,"estimate":"q5","season":"JJA"},{"bfs_id":3,"rcp":"RCP8.5","period":"2035","key":"pr","value":2.7,"estimate":"q5","season":"SON"},{"bfs_id":3,"rcp":"RCP8.5","period":"2035","key":"pr","value":2.8,"estimate":"q50","season":"DJF"},{"bfs_id":3,"rcp":"RCP8.5","period":"2035","key":"pr","value":3.4,"estimate":"q50","season":"MAM"},{"bfs_id":3,"rcp":"RCP8.5","period":"2035","key":"pr","value":4.2,"estimate":"q50","season":"JJA"},{"bfs_id":3,"rcp":"RCP8.5","period":"2035","key":"pr","value":3.1,"estimate":"q50","season":"SON"},{"bfs_id":3,"rcp":"RCP8.5","period":"2035","key":"pr","value":3,"estimate":"q95","season":"DJF"},{"bfs_id":3,"rcp":"RCP8.5","period":"2035","key":"pr","value":3.8,"estimate":"q95","season":"MAM"},{"bfs_id":3,"rcp":"RCP8.5","period":"2035","key":"pr","value":4.7,"estimate":"q95","season":"JJA"},{"bfs_id":3,"rcp":"RCP8.5","period":"2035","key":"pr","value":3.5,"estimate":"q95","season":"SON"},{"bfs_id":3,"rcp":"RCP8.5","period":"2060","key":"pr","value":2.5,"estimate":"q5","season":"DJF"},{"bfs_id":3,"rcp":"RCP8.5","period":"2060","key":"pr","value":3.4,"estimate":"q5","season":"MAM"},{"bfs_id":3,"rcp":"RCP8.5","period":"2060","key":"pr","value":3,"estimate":"q5","season":"JJA"},{"bfs_id":3,"rcp":"RCP8.5","period":"2060","key":"pr","value":2.7,"estimate":"q5","season":"SON"},{"bfs_id":3,"rcp":"RCP8.5","period":"2060","key":"pr","value":2.8,"estimate":"q50","season":"DJF"},{"bfs_id":3,"rcp":"RCP8.5","period":"2060","key":"pr","value":3.6,"estimate":"q50","season":"MAM"},{"bfs_id":3,"rcp":"RCP8.5","period":"2060","key":"pr","value":4,"estimate":"q50","season":"JJA"},{"bfs_id":3,"rcp":"RCP8.5","period":"2060","key":"pr","value":3,"estimate":"q50","season":"SON"},{"bfs_id":3,"rcp":"RCP8.5","period":"2060","key":"pr","value":3.2,"estimate":"q95","season":"DJF"},{"bfs_id":3,"rcp":"RCP8.5","period":"2060","key":"pr","value":4.1,"estimate":"q95","season":"MAM"},{"bfs_id":3,"rcp":"RCP8.5","period":"2060","key":"pr","value":4.4,"estimate":"q95","season":"JJA"},{"bfs_id":3,"rcp":"RCP8.5","period":"2060","key":"pr","value":3.4,"estimate":"q95","season":"SON"},{"bfs_id":3,"rcp":"RCP8.5","period":"2085","key":"pr","value":2.8,"estimate":"q5","season":"DJF"},{"bfs_id":3,"rcp":"RCP8.5","period":"2085","key":"pr","value":3.4,"estimate":"q5","season":"MAM"},{"bfs_id":3,"rcp":"RCP8.5","period":"2085","key":"pr","value":2.7,"estimate":"q5","season":"JJA"},{"bfs_id":3,"rcp":"RCP8.5","period":"2085","key":"pr","value":2.4,"estimate":"q5","season":"SON"},{"bfs_id":3,"rcp":"RCP8.5","period":"2085","key":"pr","value":3,"estimate":"q50","season":"DJF"},{"bfs_id":3,"rcp":"RCP8.5","period":"2085","key":"pr","value":3.7,"estimate":"q50","season":"MAM"},{"bfs_id":3,"rcp":"RCP8.5","period":"2085","key":"pr","value":3.5,"estimate":"q50","season":"JJA"},{"bfs_id":3,"rcp":"RCP8.5","period":"2085","key":"pr","value":3,"estimate":"q50","season":"SON"},{"bfs_id":3,"rcp":"RCP8.5","period":"2085","key":"pr","value":3.5,"estimate":"q95","season":"DJF"},{"bfs_id":3,"rcp":"RCP8.5","period":"2085","key":"pr","value":4.1,"estimate":"q95","season":"MAM"},{"bfs_id":3,"rcp":"RCP8.5","period":"2085","key":"pr","value":4.1,"estimate":"q95","season":"JJA"},{"bfs_id":3,"rcp":"RCP8.5","period":"2085","key":"pr","value":3.7,"estimate":"q95","season":"SON"},{"bfs_id":3,"rcp":"RCP2.6","period":"2035","key":"tas","value":1.1,"estimate":"q5","season":"DJF"},{"bfs_id":3,"rcp":"RCP2.6","period":"2035","key":"tas","value":8.6,"estimate":"q5","season":"MAM"},{"bfs_id":3,"rcp":"RCP2.6","period":"2035","key":"tas","value":17.7,"estimate":"q5","season":"JJA"},{"bfs_id":3,"rcp":"RCP2.6","period":"2035","key":"tas","value":9.6,"estimate":"q5","season":"SON"},{"bfs_id":3,"rcp":"RCP2.6","period":"2035","key":"tas","value":1.7,"estimate":"q50","season":"DJF"},{"bfs_id":3,"rcp":"RCP2.6","period":"2035","key":"tas","value":9.2,"estimate":"q50","season":"MAM"},{"bfs_id":3,"rcp":"RCP2.6","period":"2035","key":"tas","value":18.3,"estimate":"q50","season":"JJA"},{"bfs_id":3,"rcp":"RCP2.6","period":"2035","key":"tas","value":10,"estimate":"q50","season":"SON"},{"bfs_id":3,"rcp":"RCP2.6","period":"2035","key":"tas","value":2.5,"estimate":"q95","season":"DJF"},{"bfs_id":3,"rcp":"RCP2.6","period":"2035","key":"tas","value":9.5,"estimate":"q95","season":"MAM"},{"bfs_id":3,"rcp":"RCP2.6","period":"2035","key":"tas","value":18.9,"estimate":"q95","season":"JJA"},{"bfs_id":3,"rcp":"RCP2.6","period":"2035","key":"tas","value":10.9,"estimate":"q95","season":"SON"},{"bfs_id":3,"rcp":"RCP2.6","period":"2060","key":"tas","value":1.2,"estimate":"q5","season":"DJF"},{"bfs_id":3,"rcp":"RCP2.6","period":"2060","key":"tas","value":8.5,"estimate":"q5","season":"MAM"},{"bfs_id":3,"rcp":"RCP2.6","period":"2060","key":"tas","value":17.9,"estimate":"q5","season":"JJA"},{"bfs_id":3,"rcp":"RCP2.6","period":"2060","key":"tas","value":9.9,"estimate":"q5","season":"SON"},{"bfs_id":3,"rcp":"RCP2.6","period":"2060","key":"tas","value":2,"estimate":"q50","season":"DJF"},{"bfs_id":3,"rcp":"RCP2.6","period":"2060","key":"tas","value":9.2,"estimate":"q50","season":"MAM"},{"bfs_id":3,"rcp":"RCP2.6","period":"2060","key":"tas","value":18.4,"estimate":"q50","season":"JJA"},{"bfs_id":3,"rcp":"RCP2.6","period":"2060","key":"tas","value":10.2,"estimate":"q50","season":"SON"},{"bfs_id":3,"rcp":"RCP2.6","period":"2060","key":"tas","value":2.6,"estimate":"q95","season":"DJF"},{"bfs_id":3,"rcp":"RCP2.6","period":"2060","key":"tas","value":9.6,"estimate":"q95","season":"MAM"},{"bfs_id":3,"rcp":"RCP2.6","period":"2060","key":"tas","value":19,"estimate":"q95","season":"JJA"},{"bfs_id":3,"rcp":"RCP2.6","period":"2060","key":"tas","value":11.3,"estimate":"q95","season":"SON"},{"bfs_id":3,"rcp":"RCP2.6","period":"2085","key":"tas","value":1.3,"estimate":"q5","season":"DJF"},{"bfs_id":3,"rcp":"RCP2.6","period":"2085","key":"tas","value":8.6,"estimate":"q5","season":"MAM"},{"bfs_id":3,"rcp":"RCP2.6","period":"2085","key":"tas","value":17.9,"estimate":"q5","season":"JJA"},{"bfs_id":3,"rcp":"RCP2.6","period":"2085","key":"tas","value":9.7,"estimate":"q5","season":"SON"},{"bfs_id":3,"rcp":"RCP2.6","period":"2085","key":"tas","value":2,"estimate":"q50","season":"DJF"},{"bfs_id":3,"rcp":"RCP2.6","period":"2085","key":"tas","value":9.3,"estimate":"q50","season":"MAM"},{"bfs_id":3,"rcp":"RCP2.6","period":"2085","key":"tas","value":18.4,"estimate":"q50","season":"JJA"},{"bfs_id":3,"rcp":"RCP2.6","period":"2085","key":"tas","value":10.2,"estimate":"q50","season":"SON"},{"bfs_id":3,"rcp":"RCP2.6","period":"2085","key":"tas","value":2.7,"estimate":"q95","season":"DJF"},{"bfs_id":3,"rcp":"RCP2.6","period":"2085","key":"tas","value":9.7,"estimate":"q95","season":"MAM"},{"bfs_id":3,"rcp":"RCP2.6","period":"2085","key":"tas","value":18.9,"estimate":"q95","season":"JJA"},{"bfs_id":3,"rcp":"RCP2.6","period":"2085","key":"tas","value":11.2,"estimate":"q95","season":"SON"},{"bfs_id":3,"rcp":"RCP8.5","period":"2035","key":"tas","value":1.1,"estimate":"q5","season":"DJF"},{"bfs_id":3,"rcp":"RCP8.5","period":"2035","key":"tas","value":8.8,"estimate":"q5","season":"MAM"},{"bfs_id":3,"rcp":"RCP8.5","period":"2035","key":"tas","value":18.2,"estimate":"q5","season":"JJA"},{"bfs_id":3,"rcp":"RCP8.5","period":"2035","key":"tas","value":9.9,"estimate":"q5","season":"SON"},{"bfs_id":3,"rcp":"RCP8.5","period":"2035","key":"tas","value":2,"estimate":"q50","season":"DJF"},{"bfs_id":3,"rcp":"RCP8.5","period":"2035","key":"tas","value":9.2,"estimate":"q50","season":"MAM"},{"bfs_id":3,"rcp":"RCP8.5","period":"2035","key":"tas","value":18.6,"estimate":"q50","season":"JJA"},{"bfs_id":3,"rcp":"RCP8.5","period":"2035","key":"tas","value":10.4,"estimate":"q50","season":"SON"},{"bfs_id":3,"rcp":"RCP8.5","period":"2035","key":"tas","value":2.5,"estimate":"q95","season":"DJF"},{"bfs_id":3,"rcp":"RCP8.5","period":"2035","key":"tas","value":9.6,"estimate":"q95","season":"MAM"},{"bfs_id":3,"rcp":"RCP8.5","period":"2035","key":"tas","value":19.1,"estimate":"q95","season":"JJA"},{"bfs_id":3,"rcp":"RCP8.5","period":"2035","key":"tas","value":11.2,"estimate":"q95","season":"SON"},{"bfs_id":3,"rcp":"RCP8.5","period":"2060","key":"tas","value":2.5,"estimate":"q5","season":"DJF"},{"bfs_id":3,"rcp":"RCP8.5","period":"2060","key":"tas","value":9.6,"estimate":"q5","season":"MAM"},{"bfs_id":3,"rcp":"RCP8.5","period":"2060","key":"tas","value":19.3,"estimate":"q5","season":"JJA"},{"bfs_id":3,"rcp":"RCP8.5","period":"2060","key":"tas","value":11,"estimate":"q5","season":"SON"},{"bfs_id":3,"rcp":"RCP8.5","period":"2060","key":"tas","value":2.9,"estimate":"q50","season":"DJF"},{"bfs_id":3,"rcp":"RCP8.5","period":"2060","key":"tas","value":10.1,"estimate":"q50","season":"MAM"},{"bfs_id":3,"rcp":"RCP8.5","period":"2060","key":"tas","value":19.8,"estimate":"q50","season":"JJA"},{"bfs_id":3,"rcp":"RCP8.5","period":"2060","key":"tas","value":11.6,"estimate":"q50","season":"SON"},{"bfs_id":3,"rcp":"RCP8.5","period":"2060","key":"tas","value":3.6,"estimate":"q95","season":"DJF"},{"bfs_id":3,"rcp":"RCP8.5","period":"2060","key":"tas","value":10.7,"estimate":"q95","season":"MAM"},{"bfs_id":3,"rcp":"RCP8.5","period":"2060","key":"tas","value":21,"estimate":"q95","season":"JJA"},{"bfs_id":3,"rcp":"RCP8.5","period":"2060","key":"tas","value":12.5,"estimate":"q95","season":"SON"},{"bfs_id":3,"rcp":"RCP8.5","period":"2085","key":"tas","value":3.7,"estimate":"q5","season":"DJF"},{"bfs_id":3,"rcp":"RCP8.5","period":"2085","key":"tas","value":10.7,"estimate":"q5","season":"MAM"},{"bfs_id":3,"rcp":"RCP8.5","period":"2085","key":"tas","value":20.6,"estimate":"q5","season":"JJA"},{"bfs_id":3,"rcp":"RCP8.5","period":"2085","key":"tas","value":12,"estimate":"q5","season":"SON"},{"bfs_id":3,"rcp":"RCP8.5","period":"2085","key":"tas","value":4.7,"estimate":"q50","season":"DJF"},{"bfs_id":3,"rcp":"RCP8.5","period":"2085","key":"tas","value":11.6,"estimate":"q50","season":"MAM"},{"bfs_id":3,"rcp":"RCP8.5","period":"2085","key":"tas","value":21.5,"estimate":"q50","season":"JJA"},{"bfs_id":3,"rcp":"RCP8.5","period":"2085","key":"tas","value":13.1,"estimate":"q50","season":"SON"},{"bfs_id":3,"rcp":"RCP8.5","period":"2085","key":"tas","value":5.5,"estimate":"q95","season":"DJF"},{"bfs_id":3,"rcp":"RCP8.5","period":"2085","key":"tas","value":12.4,"estimate":"q95","season":"MAM"},{"bfs_id":3,"rcp":"RCP8.5","period":"2085","key":"tas","value":23.7,"estimate":"q95","season":"JJA"},{"bfs_id":3,"rcp":"RCP8.5","period":"2085","key":"tas","value":14.8,"estimate":"q95","season":"SON"},{"bfs_id":3,"rcp":"obs","period":"1981-2010","key":"FD","value":93.8,"estimate":"yearly_mean"},{"bfs_id":3,"rcp":"obs","period":"1981-2010","key":"HD","value":4.8,"estimate":"yearly_mean"},{"bfs_id":3,"rcp":"obs","period":"1981-2010","key":"ID","value":28,"estimate":"yearly_mean"},{"bfs_id":3,"rcp":"obs","period":"1981-2010","key":"SD","value":35.2,"estimate":"yearly_mean"},{"bfs_id":3,"rcp":"obs","period":"1981-2010","key":"snowdays","value":23.9,"estimate":"yearly_mean"},{"bfs_id":3,"rcp":"obs","period":"1981-2010","key":"TN","value":0,"estimate":"yearly_mean"},{"bfs_id":3,"rcp":"obs","period":"1981-2010","key":"pr","value":2.3,"estimate":"mean","season":"DJF"},{"bfs_id":3,"rcp":"obs","period":"1981-2010","key":"pr","value":3.3,"estimate":"mean","season":"MAM"},{"bfs_id":3,"rcp":"obs","period":"1981-2010","key":"pr","value":4.5,"estimate":"mean","season":"JJA"},{"bfs_id":3,"rcp":"obs","period":"1981-2010","key":"pr","value":3,"estimate":"mean","season":"SON"},{"bfs_id":3,"rcp":"obs","period":"1981-2010","key":"tas","value":0.6,"estimate":"mean","season":"DJF"},{"bfs_id":3,"rcp":"obs","period":"1981-2010","key":"tas","value":8.5,"estimate":"mean","season":"MAM"},{"bfs_id":3,"rcp":"obs","period":"1981-2010","key":"tas","value":17.1,"estimate":"mean","season":"JJA"},{"bfs_id":3,"rcp":"obs","period":"1981-2010","key":"tas","value":9,"estimate":"mean","season":"SON"}]
