[{"bfs_id":1373,"rcp":"RCP2.6","period":"2035","key":"FD","value":57,"estimate":"q5"},{"bfs_id":1373,"rcp":"RCP2.6","period":"2035","key":"FD","value":67.4,"estimate":"q50"},{"bfs_id":1373,"rcp":"RCP2.6","period":"2035","key":"FD","value":76.8,"estimate":"q95"},{"bfs_id":1373,"rcp":"RCP2.6","period":"2060","key":"FD","value":53.1,"estimate":"q5"},{"bfs_id":1373,"rcp":"RCP2.6","period":"2060","key":"FD","value":63.3,"estimate":"q50"},{"bfs_id":1373,"rcp":"RCP2.6","period":"2060","key":"FD","value":71.2,"estimate":"q95"},{"bfs_id":1373,"rcp":"RCP2.6","period":"2085","key":"FD","value":51.3,"estimate":"q5"},{"bfs_id":1373,"rcp":"RCP2.6","period":"2085","key":"FD","value":65,"estimate":"q50"},{"bfs_id":1373,"rcp":"RCP2.6","period":"2085","key":"FD","value":72,"estimate":"q95"},{"bfs_id":1373,"rcp":"RCP8.5","period":"2035","key":"FD","value":53.3,"estimate":"q5"},{"bfs_id":1373,"rcp":"RCP8.5","period":"2035","key":"FD","value":63.4,"estimate":"q50"},{"bfs_id":1373,"rcp":"RCP8.5","period":"2035","key":"FD","value":68.8,"estimate":"q95"},{"bfs_id":1373,"rcp":"RCP8.5","period":"2060","key":"FD","value":40.9,"estimate":"q5"},{"bfs_id":1373,"rcp":"RCP8.5","period":"2060","key":"FD","value":50.6,"estimate":"q50"},{"bfs_id":1373,"rcp":"RCP8.5","period":"2060","key":"FD","value":57.1,"estimate":"q95"},{"bfs_id":1373,"rcp":"RCP8.5","period":"2085","key":"FD","value":25,"estimate":"q5"},{"bfs_id":1373,"rcp":"RCP8.5","period":"2085","key":"FD","value":31.5,"estimate":"q50"},{"bfs_id":1373,"rcp":"RCP8.5","period":"2085","key":"FD","value":40.1,"estimate":"q95"},{"bfs_id":1373,"rcp":"RCP2.6","period":"2035","key":"HD","value":7,"estimate":"q5"},{"bfs_id":1373,"rcp":"RCP2.6","period":"2035","key":"HD","value":9.4,"estimate":"q50"},{"bfs_id":1373,"rcp":"RCP2.6","period":"2035","key":"HD","value":15.1,"estimate":"q95"},{"bfs_id":1373,"rcp":"RCP2.6","period":"2060","key":"HD","value":8,"estimate":"q5"},{"bfs_id":1373,"rcp":"RCP2.6","period":"2060","key":"HD","value":9.7,"estimate":"q50"},{"bfs_id":1373,"rcp":"RCP2.6","period":"2060","key":"HD","value":17.9,"estimate":"q95"},{"bfs_id":1373,"rcp":"RCP2.6","period":"2085","key":"HD","value":7.3,"estimate":"q5"},{"bfs_id":1373,"rcp":"RCP2.6","period":"2085","key":"HD","value":9.7,"estimate":"q50"},{"bfs_id":1373,"rcp":"RCP2.6","period":"2085","key":"HD","value":17,"estimate":"q95"},{"bfs_id":1373,"rcp":"RCP8.5","period":"2035","key":"HD","value":8.4,"estimate":"q5"},{"bfs_id":1373,"rcp":"RCP8.5","period":"2035","key":"HD","value":10.6,"estimate":"q50"},{"bfs_id":1373,"rcp":"RCP8.5","period":"2035","key":"HD","value":17.1,"estimate":"q95"},{"bfs_id":1373,"rcp":"RCP8.5","period":"2060","key":"HD","value":13,"estimate":"q5"},{"bfs_id":1373,"rcp":"RCP8.5","period":"2060","key":"HD","value":20.5,"estimate":"q50"},{"bfs_id":1373,"rcp":"RCP8.5","period":"2060","key":"HD","value":32.1,"estimate":"q95"},{"bfs_id":1373,"rcp":"RCP8.5","period":"2085","key":"HD","value":26,"estimate":"q5"},{"bfs_id":1373,"rcp":"RCP8.5","period":"2085","key":"HD","value":31.8,"estimate":"q50"},{"bfs_id":1373,"rcp":"RCP8.5","period":"2085","key":"HD","value":57.6,"estimate":"q95"},{"bfs_id":1373,"rcp":"RCP2.6","period":"2035","key":"ID","value":8.7,"estimate":"q5"},{"bfs_id":1373,"rcp":"RCP2.6","period":"2035","key":"ID","value":11.1,"estimate":"q50"},{"bfs_id":1373,"rcp":"RCP2.6","period":"2035","key":"ID","value":14.5,"estimate":"q95"},{"bfs_id":1373,"rcp":"RCP2.6","period":"2060","key":"ID","value":7.8,"estimate":"q5"},{"bfs_id":1373,"rcp":"RCP2.6","period":"2060","key":"ID","value":10.4,"estimate":"q50"},{"bfs_id":1373,"rcp":"RCP2.6","period":"2060","key":"ID","value":14.1,"estimate":"q95"},{"bfs_id":1373,"rcp":"RCP2.6","period":"2085","key":"ID","value":8.3,"estimate":"q5"},{"bfs_id":1373,"rcp":"RCP2.6","period":"2085","key":"ID","value":10.2,"estimate":"q50"},{"bfs_id":1373,"rcp":"RCP2.6","period":"2085","key":"ID","value":13.9,"estimate":"q95"},{"bfs_id":1373,"rcp":"RCP8.5","period":"2035","key":"ID","value":8.2,"estimate":"q5"},{"bfs_id":1373,"rcp":"RCP8.5","period":"2035","key":"ID","value":10.2,"estimate":"q50"},{"bfs_id":1373,"rcp":"RCP8.5","period":"2035","key":"ID","value":14.1,"estimate":"q95"},{"bfs_id":1373,"rcp":"RCP8.5","period":"2060","key":"ID","value":5.1,"estimate":"q5"},{"bfs_id":1373,"rcp":"RCP8.5","period":"2060","key":"ID","value":7.2,"estimate":"q50"},{"bfs_id":1373,"rcp":"RCP8.5","period":"2060","key":"ID","value":9.3,"estimate":"q95"},{"bfs_id":1373,"rcp":"RCP8.5","period":"2085","key":"ID","value":1.9,"estimate":"q5"},{"bfs_id":1373,"rcp":"RCP8.5","period":"2085","key":"ID","value":3.1,"estimate":"q50"},{"bfs_id":1373,"rcp":"RCP8.5","period":"2085","key":"ID","value":5,"estimate":"q95"},{"bfs_id":1373,"rcp":"RCP2.6","period":"2035","key":"SD","value":49.1,"estimate":"q5"},{"bfs_id":1373,"rcp":"RCP2.6","period":"2035","key":"SD","value":53.6,"estimate":"q50"},{"bfs_id":1373,"rcp":"RCP2.6","period":"2035","key":"SD","value":62.7,"estimate":"q95"},{"bfs_id":1373,"rcp":"RCP2.6","period":"2060","key":"SD","value":49.9,"estimate":"q5"},{"bfs_id":1373,"rcp":"RCP2.6","period":"2060","key":"SD","value":56.2,"estimate":"q50"},{"bfs_id":1373,"rcp":"RCP2.6","period":"2060","key":"SD","value":62,"estimate":"q95"},{"bfs_id":1373,"rcp":"RCP2.6","period":"2085","key":"SD","value":49,"estimate":"q5"},{"bfs_id":1373,"rcp":"RCP2.6","period":"2085","key":"SD","value":56.1,"estimate":"q50"},{"bfs_id":1373,"rcp":"RCP2.6","period":"2085","key":"SD","value":61.5,"estimate":"q95"},{"bfs_id":1373,"rcp":"RCP8.5","period":"2035","key":"SD","value":51.2,"estimate":"q5"},{"bfs_id":1373,"rcp":"RCP8.5","period":"2035","key":"SD","value":57.5,"estimate":"q50"},{"bfs_id":1373,"rcp":"RCP8.5","period":"2035","key":"SD","value":64,"estimate":"q95"},{"bfs_id":1373,"rcp":"RCP8.5","period":"2060","key":"SD","value":65.3,"estimate":"q5"},{"bfs_id":1373,"rcp":"RCP8.5","period":"2060","key":"SD","value":74.3,"estimate":"q50"},{"bfs_id":1373,"rcp":"RCP8.5","period":"2060","key":"SD","value":88.8,"estimate":"q95"},{"bfs_id":1373,"rcp":"RCP8.5","period":"2085","key":"SD","value":82.5,"estimate":"q5"},{"bfs_id":1373,"rcp":"RCP8.5","period":"2085","key":"SD","value":94.8,"estimate":"q50"},{"bfs_id":1373,"rcp":"RCP8.5","period":"2085","key":"SD","value":116.1,"estimate":"q95"},{"bfs_id":1373,"rcp":"RCP2.6","period":"2035","key":"snowdays","value":11.9,"estimate":"q5"},{"bfs_id":1373,"rcp":"RCP2.6","period":"2035","key":"snowdays","value":17.9,"estimate":"q50"},{"bfs_id":1373,"rcp":"RCP2.6","period":"2035","key":"snowdays","value":22.7,"estimate":"q95"},{"bfs_id":1373,"rcp":"RCP2.6","period":"2060","key":"snowdays","value":11.4,"estimate":"q5"},{"bfs_id":1373,"rcp":"RCP2.6","period":"2060","key":"snowdays","value":16,"estimate":"q50"},{"bfs_id":1373,"rcp":"RCP2.6","period":"2060","key":"snowdays","value":22.2,"estimate":"q95"},{"bfs_id":1373,"rcp":"RCP2.6","period":"2085","key":"snowdays","value":11,"estimate":"q5"},{"bfs_id":1373,"rcp":"RCP2.6","period":"2085","key":"snowdays","value":16.7,"estimate":"q50"},{"bfs_id":1373,"rcp":"RCP2.6","period":"2085","key":"snowdays","value":22,"estimate":"q95"},{"bfs_id":1373,"rcp":"RCP8.5","period":"2035","key":"snowdays","value":10.6,"estimate":"q5"},{"bfs_id":1373,"rcp":"RCP8.5","period":"2035","key":"snowdays","value":17.4,"estimate":"q50"},{"bfs_id":1373,"rcp":"RCP8.5","period":"2035","key":"snowdays","value":23,"estimate":"q95"},{"bfs_id":1373,"rcp":"RCP8.5","period":"2060","key":"snowdays","value":7.7,"estimate":"q5"},{"bfs_id":1373,"rcp":"RCP8.5","period":"2060","key":"snowdays","value":13.3,"estimate":"q50"},{"bfs_id":1373,"rcp":"RCP8.5","period":"2060","key":"snowdays","value":17.6,"estimate":"q95"},{"bfs_id":1373,"rcp":"RCP8.5","period":"2085","key":"snowdays","value":3.7,"estimate":"q5"},{"bfs_id":1373,"rcp":"RCP8.5","period":"2085","key":"snowdays","value":7.8,"estimate":"q50"},{"bfs_id":1373,"rcp":"RCP8.5","period":"2085","key":"snowdays","value":11.7,"estimate":"q95"},{"bfs_id":1373,"rcp":"RCP2.6","period":"2035","key":"TN","value":0.3,"estimate":"q5"},{"bfs_id":1373,"rcp":"RCP2.6","period":"2035","key":"TN","value":0.9,"estimate":"q50"},{"bfs_id":1373,"rcp":"RCP2.6","period":"2035","key":"TN","value":2,"estimate":"q95"},{"bfs_id":1373,"rcp":"RCP2.6","period":"2060","key":"TN","value":0.4,"estimate":"q5"},{"bfs_id":1373,"rcp":"RCP2.6","period":"2060","key":"TN","value":1.2,"estimate":"q50"},{"bfs_id":1373,"rcp":"RCP2.6","period":"2060","key":"TN","value":2.6,"estimate":"q95"},{"bfs_id":1373,"rcp":"RCP2.6","period":"2085","key":"TN","value":0.5,"estimate":"q5"},{"bfs_id":1373,"rcp":"RCP2.6","period":"2085","key":"TN","value":1.2,"estimate":"q50"},{"bfs_id":1373,"rcp":"RCP2.6","period":"2085","key":"TN","value":2.4,"estimate":"q95"},{"bfs_id":1373,"rcp":"RCP8.5","period":"2035","key":"TN","value":0.8,"estimate":"q5"},{"bfs_id":1373,"rcp":"RCP8.5","period":"2035","key":"TN","value":1.2,"estimate":"q50"},{"bfs_id":1373,"rcp":"RCP8.5","period":"2035","key":"TN","value":3.4,"estimate":"q95"},{"bfs_id":1373,"rcp":"RCP8.5","period":"2060","key":"TN","value":3,"estimate":"q5"},{"bfs_id":1373,"rcp":"RCP8.5","period":"2060","key":"TN","value":4.3,"estimate":"q50"},{"bfs_id":1373,"rcp":"RCP8.5","period":"2060","key":"TN","value":10.8,"estimate":"q95"},{"bfs_id":1373,"rcp":"RCP8.5","period":"2085","key":"TN","value":9.3,"estimate":"q5"},{"bfs_id":1373,"rcp":"RCP8.5","period":"2085","key":"TN","value":13.4,"estimate":"q50"},{"bfs_id":1373,"rcp":"RCP8.5","period":"2085","key":"TN","value":32,"estimate":"q95"},{"bfs_id":1373,"rcp":"RCP2.6","period":"2035","key":"pr","value":2.8,"estimate":"q5","season":"DJF"},{"bfs_id":1373,"rcp":"RCP2.6","period":"2035","key":"pr","value":3.8,"estimate":"q5","season":"MAM"},{"bfs_id":1373,"rcp":"RCP2.6","period":"2035","key":"pr","value":4.4,"estimate":"q5","season":"JJA"},{"bfs_id":1373,"rcp":"RCP2.6","period":"2035","key":"pr","value":3.4,"estimate":"q5","season":"SON"},{"bfs_id":1373,"rcp":"RCP2.6","period":"2035","key":"pr","value":3.1,"estimate":"q50","season":"DJF"},{"bfs_id":1373,"rcp":"RCP2.6","period":"2035","key":"pr","value":4.3,"estimate":"q50","season":"MAM"},{"bfs_id":1373,"rcp":"RCP2.6","period":"2035","key":"pr","value":5.3,"estimate":"q50","season":"JJA"},{"bfs_id":1373,"rcp":"RCP2.6","period":"2035","key":"pr","value":3.7,"estimate":"q50","season":"SON"},{"bfs_id":1373,"rcp":"RCP2.6","period":"2035","key":"pr","value":3.9,"estimate":"q95","season":"DJF"},{"bfs_id":1373,"rcp":"RCP2.6","period":"2035","key":"pr","value":4.7,"estimate":"q95","season":"MAM"},{"bfs_id":1373,"rcp":"RCP2.6","period":"2035","key":"pr","value":5.8,"estimate":"q95","season":"JJA"},{"bfs_id":1373,"rcp":"RCP2.6","period":"2035","key":"pr","value":4.5,"estimate":"q95","season":"SON"},{"bfs_id":1373,"rcp":"RCP2.6","period":"2060","key":"pr","value":2.8,"estimate":"q5","season":"DJF"},{"bfs_id":1373,"rcp":"RCP2.6","period":"2060","key":"pr","value":3.9,"estimate":"q5","season":"MAM"},{"bfs_id":1373,"rcp":"RCP2.6","period":"2060","key":"pr","value":4.5,"estimate":"q5","season":"JJA"},{"bfs_id":1373,"rcp":"RCP2.6","period":"2060","key":"pr","value":3.3,"estimate":"q5","season":"SON"},{"bfs_id":1373,"rcp":"RCP2.6","period":"2060","key":"pr","value":3.2,"estimate":"q50","season":"DJF"},{"bfs_id":1373,"rcp":"RCP2.6","period":"2060","key":"pr","value":4.2,"estimate":"q50","season":"MAM"},{"bfs_id":1373,"rcp":"RCP2.6","period":"2060","key":"pr","value":5.4,"estimate":"q50","season":"JJA"},{"bfs_id":1373,"rcp":"RCP2.6","period":"2060","key":"pr","value":3.7,"estimate":"q50","season":"SON"},{"bfs_id":1373,"rcp":"RCP2.6","period":"2060","key":"pr","value":3.7,"estimate":"q95","season":"DJF"},{"bfs_id":1373,"rcp":"RCP2.6","period":"2060","key":"pr","value":4.7,"estimate":"q95","season":"MAM"},{"bfs_id":1373,"rcp":"RCP2.6","period":"2060","key":"pr","value":5.9,"estimate":"q95","season":"JJA"},{"bfs_id":1373,"rcp":"RCP2.6","period":"2060","key":"pr","value":4.2,"estimate":"q95","season":"SON"},{"bfs_id":1373,"rcp":"RCP2.6","period":"2085","key":"pr","value":2.8,"estimate":"q5","season":"DJF"},{"bfs_id":1373,"rcp":"RCP2.6","period":"2085","key":"pr","value":3.9,"estimate":"q5","season":"MAM"},{"bfs_id":1373,"rcp":"RCP2.6","period":"2085","key":"pr","value":4.4,"estimate":"q5","season":"JJA"},{"bfs_id":1373,"rcp":"RCP2.6","period":"2085","key":"pr","value":3.2,"estimate":"q5","season":"SON"},{"bfs_id":1373,"rcp":"RCP2.6","period":"2085","key":"pr","value":3.2,"estimate":"q50","season":"DJF"},{"bfs_id":1373,"rcp":"RCP2.6","period":"2085","key":"pr","value":4.2,"estimate":"q50","season":"MAM"},{"bfs_id":1373,"rcp":"RCP2.6","period":"2085","key":"pr","value":5.4,"estimate":"q50","season":"JJA"},{"bfs_id":1373,"rcp":"RCP2.6","period":"2085","key":"pr","value":3.6,"estimate":"q50","season":"SON"},{"bfs_id":1373,"rcp":"RCP2.6","period":"2085","key":"pr","value":3.8,"estimate":"q95","season":"DJF"},{"bfs_id":1373,"rcp":"RCP2.6","period":"2085","key":"pr","value":4.6,"estimate":"q95","season":"MAM"},{"bfs_id":1373,"rcp":"RCP2.6","period":"2085","key":"pr","value":5.8,"estimate":"q95","season":"JJA"},{"bfs_id":1373,"rcp":"RCP2.6","period":"2085","key":"pr","value":4.3,"estimate":"q95","season":"SON"},{"bfs_id":1373,"rcp":"RCP8.5","period":"2035","key":"pr","value":3,"estimate":"q5","season":"DJF"},{"bfs_id":1373,"rcp":"RCP8.5","period":"2035","key":"pr","value":3.9,"estimate":"q5","season":"MAM"},{"bfs_id":1373,"rcp":"RCP8.5","period":"2035","key":"pr","value":4.6,"estimate":"q5","season":"JJA"},{"bfs_id":1373,"rcp":"RCP8.5","period":"2035","key":"pr","value":3.4,"estimate":"q5","season":"SON"},{"bfs_id":1373,"rcp":"RCP8.5","period":"2035","key":"pr","value":3.5,"estimate":"q50","season":"DJF"},{"bfs_id":1373,"rcp":"RCP8.5","period":"2035","key":"pr","value":4.4,"estimate":"q50","season":"MAM"},{"bfs_id":1373,"rcp":"RCP8.5","period":"2035","key":"pr","value":5.2,"estimate":"q50","season":"JJA"},{"bfs_id":1373,"rcp":"RCP8.5","period":"2035","key":"pr","value":3.7,"estimate":"q50","season":"SON"},{"bfs_id":1373,"rcp":"RCP8.5","period":"2035","key":"pr","value":3.7,"estimate":"q95","season":"DJF"},{"bfs_id":1373,"rcp":"RCP8.5","period":"2035","key":"pr","value":4.7,"estimate":"q95","season":"MAM"},{"bfs_id":1373,"rcp":"RCP8.5","period":"2035","key":"pr","value":5.9,"estimate":"q95","season":"JJA"},{"bfs_id":1373,"rcp":"RCP8.5","period":"2035","key":"pr","value":4.4,"estimate":"q95","season":"SON"},{"bfs_id":1373,"rcp":"RCP8.5","period":"2060","key":"pr","value":3.1,"estimate":"q5","season":"DJF"},{"bfs_id":1373,"rcp":"RCP8.5","period":"2060","key":"pr","value":4.1,"estimate":"q5","season":"MAM"},{"bfs_id":1373,"rcp":"RCP8.5","period":"2060","key":"pr","value":4.1,"estimate":"q5","season":"JJA"},{"bfs_id":1373,"rcp":"RCP8.5","period":"2060","key":"pr","value":3.2,"estimate":"q5","season":"SON"},{"bfs_id":1373,"rcp":"RCP8.5","period":"2060","key":"pr","value":3.3,"estimate":"q50","season":"DJF"},{"bfs_id":1373,"rcp":"RCP8.5","period":"2060","key":"pr","value":4.5,"estimate":"q50","season":"MAM"},{"bfs_id":1373,"rcp":"RCP8.5","period":"2060","key":"pr","value":5,"estimate":"q50","season":"JJA"},{"bfs_id":1373,"rcp":"RCP8.5","period":"2060","key":"pr","value":3.6,"estimate":"q50","season":"SON"},{"bfs_id":1373,"rcp":"RCP8.5","period":"2060","key":"pr","value":3.8,"estimate":"q95","season":"DJF"},{"bfs_id":1373,"rcp":"RCP8.5","period":"2060","key":"pr","value":4.9,"estimate":"q95","season":"MAM"},{"bfs_id":1373,"rcp":"RCP8.5","period":"2060","key":"pr","value":5.9,"estimate":"q95","season":"JJA"},{"bfs_id":1373,"rcp":"RCP8.5","period":"2060","key":"pr","value":4.1,"estimate":"q95","season":"SON"},{"bfs_id":1373,"rcp":"RCP8.5","period":"2085","key":"pr","value":2.9,"estimate":"q5","season":"DJF"},{"bfs_id":1373,"rcp":"RCP8.5","period":"2085","key":"pr","value":4.1,"estimate":"q5","season":"MAM"},{"bfs_id":1373,"rcp":"RCP8.5","period":"2085","key":"pr","value":3.1,"estimate":"q5","season":"JJA"},{"bfs_id":1373,"rcp":"RCP8.5","period":"2085","key":"pr","value":3.1,"estimate":"q5","season":"SON"},{"bfs_id":1373,"rcp":"RCP8.5","period":"2085","key":"pr","value":3.5,"estimate":"q50","season":"DJF"},{"bfs_id":1373,"rcp":"RCP8.5","period":"2085","key":"pr","value":4.5,"estimate":"q50","season":"MAM"},{"bfs_id":1373,"rcp":"RCP8.5","period":"2085","key":"pr","value":4.6,"estimate":"q50","season":"JJA"},{"bfs_id":1373,"rcp":"RCP8.5","period":"2085","key":"pr","value":3.6,"estimate":"q50","season":"SON"},{"bfs_id":1373,"rcp":"RCP8.5","period":"2085","key":"pr","value":4.1,"estimate":"q95","season":"DJF"},{"bfs_id":1373,"rcp":"RCP8.5","period":"2085","key":"pr","value":5.1,"estimate":"q95","season":"MAM"},{"bfs_id":1373,"rcp":"RCP8.5","period":"2085","key":"pr","value":5,"estimate":"q95","season":"JJA"},{"bfs_id":1373,"rcp":"RCP8.5","period":"2085","key":"pr","value":4.1,"estimate":"q95","season":"SON"},{"bfs_id":1373,"rcp":"RCP2.6","period":"2035","key":"tas","value":2.1,"estimate":"q5","season":"DJF"},{"bfs_id":1373,"rcp":"RCP2.6","period":"2035","key":"tas","value":9.4,"estimate":"q5","season":"MAM"},{"bfs_id":1373,"rcp":"RCP2.6","period":"2035","key":"tas","value":18.3,"estimate":"q5","season":"JJA"},{"bfs_id":1373,"rcp":"RCP2.6","period":"2035","key":"tas","value":10.5,"estimate":"q5","season":"SON"},{"bfs_id":1373,"rcp":"RCP2.6","period":"2035","key":"tas","value":2.6,"estimate":"q50","season":"DJF"},{"bfs_id":1373,"rcp":"RCP2.6","period":"2035","key":"tas","value":10,"estimate":"q50","season":"MAM"},{"bfs_id":1373,"rcp":"RCP2.6","period":"2035","key":"tas","value":19,"estimate":"q50","season":"JJA"},{"bfs_id":1373,"rcp":"RCP2.6","period":"2035","key":"tas","value":10.8,"estimate":"q50","season":"SON"},{"bfs_id":1373,"rcp":"RCP2.6","period":"2035","key":"tas","value":3.2,"estimate":"q95","season":"DJF"},{"bfs_id":1373,"rcp":"RCP2.6","period":"2035","key":"tas","value":10.3,"estimate":"q95","season":"MAM"},{"bfs_id":1373,"rcp":"RCP2.6","period":"2035","key":"tas","value":19.6,"estimate":"q95","season":"JJA"},{"bfs_id":1373,"rcp":"RCP2.6","period":"2035","key":"tas","value":11.7,"estimate":"q95","season":"SON"},{"bfs_id":1373,"rcp":"RCP2.6","period":"2060","key":"tas","value":2.1,"estimate":"q5","season":"DJF"},{"bfs_id":1373,"rcp":"RCP2.6","period":"2060","key":"tas","value":9.3,"estimate":"q5","season":"MAM"},{"bfs_id":1373,"rcp":"RCP2.6","period":"2060","key":"tas","value":18.6,"estimate":"q5","season":"JJA"},{"bfs_id":1373,"rcp":"RCP2.6","period":"2060","key":"tas","value":10.7,"estimate":"q5","season":"SON"},{"bfs_id":1373,"rcp":"RCP2.6","period":"2060","key":"tas","value":2.9,"estimate":"q50","season":"DJF"},{"bfs_id":1373,"rcp":"RCP2.6","period":"2060","key":"tas","value":10,"estimate":"q50","season":"MAM"},{"bfs_id":1373,"rcp":"RCP2.6","period":"2060","key":"tas","value":19,"estimate":"q50","season":"JJA"},{"bfs_id":1373,"rcp":"RCP2.6","period":"2060","key":"tas","value":11.2,"estimate":"q50","season":"SON"},{"bfs_id":1373,"rcp":"RCP2.6","period":"2060","key":"tas","value":3.4,"estimate":"q95","season":"DJF"},{"bfs_id":1373,"rcp":"RCP2.6","period":"2060","key":"tas","value":10.6,"estimate":"q95","season":"MAM"},{"bfs_id":1373,"rcp":"RCP2.6","period":"2060","key":"tas","value":19.7,"estimate":"q95","season":"JJA"},{"bfs_id":1373,"rcp":"RCP2.6","period":"2060","key":"tas","value":12,"estimate":"q95","season":"SON"},{"bfs_id":1373,"rcp":"RCP2.6","period":"2085","key":"tas","value":2.1,"estimate":"q5","season":"DJF"},{"bfs_id":1373,"rcp":"RCP2.6","period":"2085","key":"tas","value":9.3,"estimate":"q5","season":"MAM"},{"bfs_id":1373,"rcp":"RCP2.6","period":"2085","key":"tas","value":18.5,"estimate":"q5","season":"JJA"},{"bfs_id":1373,"rcp":"RCP2.6","period":"2085","key":"tas","value":10.6,"estimate":"q5","season":"SON"},{"bfs_id":1373,"rcp":"RCP2.6","period":"2085","key":"tas","value":2.9,"estimate":"q50","season":"DJF"},{"bfs_id":1373,"rcp":"RCP2.6","period":"2085","key":"tas","value":10,"estimate":"q50","season":"MAM"},{"bfs_id":1373,"rcp":"RCP2.6","period":"2085","key":"tas","value":19,"estimate":"q50","season":"JJA"},{"bfs_id":1373,"rcp":"RCP2.6","period":"2085","key":"tas","value":11.1,"estimate":"q50","season":"SON"},{"bfs_id":1373,"rcp":"RCP2.6","period":"2085","key":"tas","value":3.4,"estimate":"q95","season":"DJF"},{"bfs_id":1373,"rcp":"RCP2.6","period":"2085","key":"tas","value":10.6,"estimate":"q95","season":"MAM"},{"bfs_id":1373,"rcp":"RCP2.6","period":"2085","key":"tas","value":19.6,"estimate":"q95","season":"JJA"},{"bfs_id":1373,"rcp":"RCP2.6","period":"2085","key":"tas","value":12,"estimate":"q95","season":"SON"},{"bfs_id":1373,"rcp":"RCP8.5","period":"2035","key":"tas","value":2.2,"estimate":"q5","season":"DJF"},{"bfs_id":1373,"rcp":"RCP8.5","period":"2035","key":"tas","value":9.6,"estimate":"q5","season":"MAM"},{"bfs_id":1373,"rcp":"RCP8.5","period":"2035","key":"tas","value":18.7,"estimate":"q5","season":"JJA"},{"bfs_id":1373,"rcp":"RCP8.5","period":"2035","key":"tas","value":10.8,"estimate":"q5","season":"SON"},{"bfs_id":1373,"rcp":"RCP8.5","period":"2035","key":"tas","value":2.9,"estimate":"q50","season":"DJF"},{"bfs_id":1373,"rcp":"RCP8.5","period":"2035","key":"tas","value":10,"estimate":"q50","season":"MAM"},{"bfs_id":1373,"rcp":"RCP8.5","period":"2035","key":"tas","value":19.2,"estimate":"q50","season":"JJA"},{"bfs_id":1373,"rcp":"RCP8.5","period":"2035","key":"tas","value":11.2,"estimate":"q50","season":"SON"},{"bfs_id":1373,"rcp":"RCP8.5","period":"2035","key":"tas","value":3.3,"estimate":"q95","season":"DJF"},{"bfs_id":1373,"rcp":"RCP8.5","period":"2035","key":"tas","value":10.6,"estimate":"q95","season":"MAM"},{"bfs_id":1373,"rcp":"RCP8.5","period":"2035","key":"tas","value":19.9,"estimate":"q95","season":"JJA"},{"bfs_id":1373,"rcp":"RCP8.5","period":"2035","key":"tas","value":12,"estimate":"q95","season":"SON"},{"bfs_id":1373,"rcp":"RCP8.5","period":"2060","key":"tas","value":3.4,"estimate":"q5","season":"DJF"},{"bfs_id":1373,"rcp":"RCP8.5","period":"2060","key":"tas","value":10.5,"estimate":"q5","season":"MAM"},{"bfs_id":1373,"rcp":"RCP8.5","period":"2060","key":"tas","value":19.8,"estimate":"q5","season":"JJA"},{"bfs_id":1373,"rcp":"RCP8.5","period":"2060","key":"tas","value":11.9,"estimate":"q5","season":"SON"},{"bfs_id":1373,"rcp":"RCP8.5","period":"2060","key":"tas","value":3.7,"estimate":"q50","season":"DJF"},{"bfs_id":1373,"rcp":"RCP8.5","period":"2060","key":"tas","value":11,"estimate":"q50","season":"MAM"},{"bfs_id":1373,"rcp":"RCP8.5","period":"2060","key":"tas","value":20.4,"estimate":"q50","season":"JJA"},{"bfs_id":1373,"rcp":"RCP8.5","period":"2060","key":"tas","value":12.5,"estimate":"q50","season":"SON"},{"bfs_id":1373,"rcp":"RCP8.5","period":"2060","key":"tas","value":4.3,"estimate":"q95","season":"DJF"},{"bfs_id":1373,"rcp":"RCP8.5","period":"2060","key":"tas","value":12.1,"estimate":"q95","season":"MAM"},{"bfs_id":1373,"rcp":"RCP8.5","period":"2060","key":"tas","value":21.6,"estimate":"q95","season":"JJA"},{"bfs_id":1373,"rcp":"RCP8.5","period":"2060","key":"tas","value":13.3,"estimate":"q95","season":"SON"},{"bfs_id":1373,"rcp":"RCP8.5","period":"2085","key":"tas","value":4.5,"estimate":"q5","season":"DJF"},{"bfs_id":1373,"rcp":"RCP8.5","period":"2085","key":"tas","value":11.7,"estimate":"q5","season":"MAM"},{"bfs_id":1373,"rcp":"RCP8.5","period":"2085","key":"tas","value":21.2,"estimate":"q5","season":"JJA"},{"bfs_id":1373,"rcp":"RCP8.5","period":"2085","key":"tas","value":12.9,"estimate":"q5","season":"SON"},{"bfs_id":1373,"rcp":"RCP8.5","period":"2085","key":"tas","value":5.6,"estimate":"q50","season":"DJF"},{"bfs_id":1373,"rcp":"RCP8.5","period":"2085","key":"tas","value":12.5,"estimate":"q50","season":"MAM"},{"bfs_id":1373,"rcp":"RCP8.5","period":"2085","key":"tas","value":22,"estimate":"q50","season":"JJA"},{"bfs_id":1373,"rcp":"RCP8.5","period":"2085","key":"tas","value":13.8,"estimate":"q50","season":"SON"},{"bfs_id":1373,"rcp":"RCP8.5","period":"2085","key":"tas","value":6.2,"estimate":"q95","season":"DJF"},{"bfs_id":1373,"rcp":"RCP8.5","period":"2085","key":"tas","value":13.9,"estimate":"q95","season":"MAM"},{"bfs_id":1373,"rcp":"RCP8.5","period":"2085","key":"tas","value":24.4,"estimate":"q95","season":"JJA"},{"bfs_id":1373,"rcp":"RCP8.5","period":"2085","key":"tas","value":15.4,"estimate":"q95","season":"SON"},{"bfs_id":1373,"rcp":"obs","period":"1981-2010","key":"FD","value":79.9,"estimate":"yearly_mean"},{"bfs_id":1373,"rcp":"obs","period":"1981-2010","key":"HD","value":4.6,"estimate":"yearly_mean"},{"bfs_id":1373,"rcp":"obs","period":"1981-2010","key":"ID","value":16.3,"estimate":"yearly_mean"},{"bfs_id":1373,"rcp":"obs","period":"1981-2010","key":"SD","value":41,"estimate":"yearly_mean"},{"bfs_id":1373,"rcp":"obs","period":"1981-2010","key":"snowdays","value":17.8,"estimate":"yearly_mean"},{"bfs_id":1373,"rcp":"obs","period":"1981-2010","key":"TN","value":0.2,"estimate":"yearly_mean"},{"bfs_id":1373,"rcp":"obs","period":"1981-2010","key":"pr","value":2.9,"estimate":"mean","season":"DJF"},{"bfs_id":1373,"rcp":"obs","period":"1981-2010","key":"pr","value":4.1,"estimate":"mean","season":"MAM"},{"bfs_id":1373,"rcp":"obs","period":"1981-2010","key":"pr","value":5.9,"estimate":"mean","season":"JJA"},{"bfs_id":1373,"rcp":"obs","period":"1981-2010","key":"pr","value":3.7,"estimate":"mean","season":"SON"},{"bfs_id":1373,"rcp":"obs","period":"1981-2010","key":"tas","value":1.5,"estimate":"mean","season":"DJF"},{"bfs_id":1373,"rcp":"obs","period":"1981-2010","key":"tas","value":9.4,"estimate":"mean","season":"MAM"},{"bfs_id":1373,"rcp":"obs","period":"1981-2010","key":"tas","value":17.8,"estimate":"mean","season":"JJA"},{"bfs_id":1373,"rcp":"obs","period":"1981-2010","key":"tas","value":9.9,"estimate":"mean","season":"SON"}]
