[{"bfs_id":581,"rcp":"RCP2.6","period":"2035","key":"FD","value":76.9,"estimate":"q5"},{"bfs_id":581,"rcp":"RCP2.6","period":"2035","key":"FD","value":89.4,"estimate":"q50"},{"bfs_id":581,"rcp":"RCP2.6","period":"2035","key":"FD","value":95.6,"estimate":"q95"},{"bfs_id":581,"rcp":"RCP2.6","period":"2060","key":"FD","value":72.9,"estimate":"q5"},{"bfs_id":581,"rcp":"RCP2.6","period":"2060","key":"FD","value":82.3,"estimate":"q50"},{"bfs_id":581,"rcp":"RCP2.6","period":"2060","key":"FD","value":94.3,"estimate":"q95"},{"bfs_id":581,"rcp":"RCP2.6","period":"2085","key":"FD","value":71.2,"estimate":"q5"},{"bfs_id":581,"rcp":"RCP2.6","period":"2085","key":"FD","value":86.3,"estimate":"q50"},{"bfs_id":581,"rcp":"RCP2.6","period":"2085","key":"FD","value":94.3,"estimate":"q95"},{"bfs_id":581,"rcp":"RCP8.5","period":"2035","key":"FD","value":74.2,"estimate":"q5"},{"bfs_id":581,"rcp":"RCP8.5","period":"2035","key":"FD","value":83.5,"estimate":"q50"},{"bfs_id":581,"rcp":"RCP8.5","period":"2035","key":"FD","value":89.7,"estimate":"q95"},{"bfs_id":581,"rcp":"RCP8.5","period":"2060","key":"FD","value":58,"estimate":"q5"},{"bfs_id":581,"rcp":"RCP8.5","period":"2060","key":"FD","value":68,"estimate":"q50"},{"bfs_id":581,"rcp":"RCP8.5","period":"2060","key":"FD","value":74.6,"estimate":"q95"},{"bfs_id":581,"rcp":"RCP8.5","period":"2085","key":"FD","value":38.5,"estimate":"q5"},{"bfs_id":581,"rcp":"RCP8.5","period":"2085","key":"FD","value":49.2,"estimate":"q50"},{"bfs_id":581,"rcp":"RCP8.5","period":"2085","key":"FD","value":60.4,"estimate":"q95"},{"bfs_id":581,"rcp":"RCP2.6","period":"2035","key":"HD","value":8.2,"estimate":"q5"},{"bfs_id":581,"rcp":"RCP2.6","period":"2035","key":"HD","value":11.3,"estimate":"q50"},{"bfs_id":581,"rcp":"RCP2.6","period":"2035","key":"HD","value":17.5,"estimate":"q95"},{"bfs_id":581,"rcp":"RCP2.6","period":"2060","key":"HD","value":9,"estimate":"q5"},{"bfs_id":581,"rcp":"RCP2.6","period":"2060","key":"HD","value":11.6,"estimate":"q50"},{"bfs_id":581,"rcp":"RCP2.6","period":"2060","key":"HD","value":20.9,"estimate":"q95"},{"bfs_id":581,"rcp":"RCP2.6","period":"2085","key":"HD","value":8.9,"estimate":"q5"},{"bfs_id":581,"rcp":"RCP2.6","period":"2085","key":"HD","value":11,"estimate":"q50"},{"bfs_id":581,"rcp":"RCP2.6","period":"2085","key":"HD","value":19.9,"estimate":"q95"},{"bfs_id":581,"rcp":"RCP8.5","period":"2035","key":"HD","value":9.8,"estimate":"q5"},{"bfs_id":581,"rcp":"RCP8.5","period":"2035","key":"HD","value":13.2,"estimate":"q50"},{"bfs_id":581,"rcp":"RCP8.5","period":"2035","key":"HD","value":21.3,"estimate":"q95"},{"bfs_id":581,"rcp":"RCP8.5","period":"2060","key":"HD","value":16.3,"estimate":"q5"},{"bfs_id":581,"rcp":"RCP8.5","period":"2060","key":"HD","value":24.7,"estimate":"q50"},{"bfs_id":581,"rcp":"RCP8.5","period":"2060","key":"HD","value":39,"estimate":"q95"},{"bfs_id":581,"rcp":"RCP8.5","period":"2085","key":"HD","value":30.3,"estimate":"q5"},{"bfs_id":581,"rcp":"RCP8.5","period":"2085","key":"HD","value":37.3,"estimate":"q50"},{"bfs_id":581,"rcp":"RCP8.5","period":"2085","key":"HD","value":69.9,"estimate":"q95"},{"bfs_id":581,"rcp":"RCP2.6","period":"2035","key":"ID","value":9.1,"estimate":"q5"},{"bfs_id":581,"rcp":"RCP2.6","period":"2035","key":"ID","value":11.3,"estimate":"q50"},{"bfs_id":581,"rcp":"RCP2.6","period":"2035","key":"ID","value":14.4,"estimate":"q95"},{"bfs_id":581,"rcp":"RCP2.6","period":"2060","key":"ID","value":8.8,"estimate":"q5"},{"bfs_id":581,"rcp":"RCP2.6","period":"2060","key":"ID","value":10.6,"estimate":"q50"},{"bfs_id":581,"rcp":"RCP2.6","period":"2060","key":"ID","value":13.5,"estimate":"q95"},{"bfs_id":581,"rcp":"RCP2.6","period":"2085","key":"ID","value":8.1,"estimate":"q5"},{"bfs_id":581,"rcp":"RCP2.6","period":"2085","key":"ID","value":10.9,"estimate":"q50"},{"bfs_id":581,"rcp":"RCP2.6","period":"2085","key":"ID","value":14.4,"estimate":"q95"},{"bfs_id":581,"rcp":"RCP8.5","period":"2035","key":"ID","value":8.5,"estimate":"q5"},{"bfs_id":581,"rcp":"RCP8.5","period":"2035","key":"ID","value":10.4,"estimate":"q50"},{"bfs_id":581,"rcp":"RCP8.5","period":"2035","key":"ID","value":13.9,"estimate":"q95"},{"bfs_id":581,"rcp":"RCP8.5","period":"2060","key":"ID","value":5,"estimate":"q5"},{"bfs_id":581,"rcp":"RCP8.5","period":"2060","key":"ID","value":7.6,"estimate":"q50"},{"bfs_id":581,"rcp":"RCP8.5","period":"2060","key":"ID","value":9,"estimate":"q95"},{"bfs_id":581,"rcp":"RCP8.5","period":"2085","key":"ID","value":2.1,"estimate":"q5"},{"bfs_id":581,"rcp":"RCP8.5","period":"2085","key":"ID","value":3.2,"estimate":"q50"},{"bfs_id":581,"rcp":"RCP8.5","period":"2085","key":"ID","value":5.3,"estimate":"q95"},{"bfs_id":581,"rcp":"RCP2.6","period":"2035","key":"SD","value":51.5,"estimate":"q5"},{"bfs_id":581,"rcp":"RCP2.6","period":"2035","key":"SD","value":58.2,"estimate":"q50"},{"bfs_id":581,"rcp":"RCP2.6","period":"2035","key":"SD","value":67.7,"estimate":"q95"},{"bfs_id":581,"rcp":"RCP2.6","period":"2060","key":"SD","value":52.4,"estimate":"q5"},{"bfs_id":581,"rcp":"RCP2.6","period":"2060","key":"SD","value":58.8,"estimate":"q50"},{"bfs_id":581,"rcp":"RCP2.6","period":"2060","key":"SD","value":69.1,"estimate":"q95"},{"bfs_id":581,"rcp":"RCP2.6","period":"2085","key":"SD","value":51.3,"estimate":"q5"},{"bfs_id":581,"rcp":"RCP2.6","period":"2085","key":"SD","value":58.7,"estimate":"q50"},{"bfs_id":581,"rcp":"RCP2.6","period":"2085","key":"SD","value":68.4,"estimate":"q95"},{"bfs_id":581,"rcp":"RCP8.5","period":"2035","key":"SD","value":53.6,"estimate":"q5"},{"bfs_id":581,"rcp":"RCP8.5","period":"2035","key":"SD","value":61.5,"estimate":"q50"},{"bfs_id":581,"rcp":"RCP8.5","period":"2035","key":"SD","value":69.2,"estimate":"q95"},{"bfs_id":581,"rcp":"RCP8.5","period":"2060","key":"SD","value":69.3,"estimate":"q5"},{"bfs_id":581,"rcp":"RCP8.5","period":"2060","key":"SD","value":79.1,"estimate":"q50"},{"bfs_id":581,"rcp":"RCP8.5","period":"2060","key":"SD","value":96.4,"estimate":"q95"},{"bfs_id":581,"rcp":"RCP8.5","period":"2085","key":"SD","value":86.3,"estimate":"q5"},{"bfs_id":581,"rcp":"RCP8.5","period":"2085","key":"SD","value":106.5,"estimate":"q50"},{"bfs_id":581,"rcp":"RCP8.5","period":"2085","key":"SD","value":128.5,"estimate":"q95"},{"bfs_id":581,"rcp":"RCP2.6","period":"2035","key":"snowdays","value":13.8,"estimate":"q5"},{"bfs_id":581,"rcp":"RCP2.6","period":"2035","key":"snowdays","value":20.5,"estimate":"q50"},{"bfs_id":581,"rcp":"RCP2.6","period":"2035","key":"snowdays","value":26.3,"estimate":"q95"},{"bfs_id":581,"rcp":"RCP2.6","period":"2060","key":"snowdays","value":13.6,"estimate":"q5"},{"bfs_id":581,"rcp":"RCP2.6","period":"2060","key":"snowdays","value":18.9,"estimate":"q50"},{"bfs_id":581,"rcp":"RCP2.6","period":"2060","key":"snowdays","value":25.4,"estimate":"q95"},{"bfs_id":581,"rcp":"RCP2.6","period":"2085","key":"snowdays","value":12.7,"estimate":"q5"},{"bfs_id":581,"rcp":"RCP2.6","period":"2085","key":"snowdays","value":19.4,"estimate":"q50"},{"bfs_id":581,"rcp":"RCP2.6","period":"2085","key":"snowdays","value":25.7,"estimate":"q95"},{"bfs_id":581,"rcp":"RCP8.5","period":"2035","key":"snowdays","value":12.9,"estimate":"q5"},{"bfs_id":581,"rcp":"RCP8.5","period":"2035","key":"snowdays","value":19.4,"estimate":"q50"},{"bfs_id":581,"rcp":"RCP8.5","period":"2035","key":"snowdays","value":26,"estimate":"q95"},{"bfs_id":581,"rcp":"RCP8.5","period":"2060","key":"snowdays","value":10.3,"estimate":"q5"},{"bfs_id":581,"rcp":"RCP8.5","period":"2060","key":"snowdays","value":15.9,"estimate":"q50"},{"bfs_id":581,"rcp":"RCP8.5","period":"2060","key":"snowdays","value":20.6,"estimate":"q95"},{"bfs_id":581,"rcp":"RCP8.5","period":"2085","key":"snowdays","value":6,"estimate":"q5"},{"bfs_id":581,"rcp":"RCP8.5","period":"2085","key":"snowdays","value":10.8,"estimate":"q50"},{"bfs_id":581,"rcp":"RCP8.5","period":"2085","key":"snowdays","value":15.2,"estimate":"q95"},{"bfs_id":581,"rcp":"RCP2.6","period":"2035","key":"TN","value":0,"estimate":"q5"},{"bfs_id":581,"rcp":"RCP2.6","period":"2035","key":"TN","value":0.2,"estimate":"q50"},{"bfs_id":581,"rcp":"RCP2.6","period":"2035","key":"TN","value":0.6,"estimate":"q95"},{"bfs_id":581,"rcp":"RCP2.6","period":"2060","key":"TN","value":0.1,"estimate":"q5"},{"bfs_id":581,"rcp":"RCP2.6","period":"2060","key":"TN","value":0.4,"estimate":"q50"},{"bfs_id":581,"rcp":"RCP2.6","period":"2060","key":"TN","value":0.9,"estimate":"q95"},{"bfs_id":581,"rcp":"RCP2.6","period":"2085","key":"TN","value":0.1,"estimate":"q5"},{"bfs_id":581,"rcp":"RCP2.6","period":"2085","key":"TN","value":0.3,"estimate":"q50"},{"bfs_id":581,"rcp":"RCP2.6","period":"2085","key":"TN","value":0.8,"estimate":"q95"},{"bfs_id":581,"rcp":"RCP8.5","period":"2035","key":"TN","value":0.2,"estimate":"q5"},{"bfs_id":581,"rcp":"RCP8.5","period":"2035","key":"TN","value":0.3,"estimate":"q50"},{"bfs_id":581,"rcp":"RCP8.5","period":"2035","key":"TN","value":1.8,"estimate":"q95"},{"bfs_id":581,"rcp":"RCP8.5","period":"2060","key":"TN","value":0.7,"estimate":"q5"},{"bfs_id":581,"rcp":"RCP8.5","period":"2060","key":"TN","value":2.1,"estimate":"q50"},{"bfs_id":581,"rcp":"RCP8.5","period":"2060","key":"TN","value":5.6,"estimate":"q95"},{"bfs_id":581,"rcp":"RCP8.5","period":"2085","key":"TN","value":3.3,"estimate":"q5"},{"bfs_id":581,"rcp":"RCP8.5","period":"2085","key":"TN","value":9.1,"estimate":"q50"},{"bfs_id":581,"rcp":"RCP8.5","period":"2085","key":"TN","value":24,"estimate":"q95"},{"bfs_id":581,"rcp":"RCP2.6","period":"2035","key":"pr","value":2.4,"estimate":"q5","season":"DJF"},{"bfs_id":581,"rcp":"RCP2.6","period":"2035","key":"pr","value":3.1,"estimate":"q5","season":"MAM"},{"bfs_id":581,"rcp":"RCP2.6","period":"2035","key":"pr","value":3.3,"estimate":"q5","season":"JJA"},{"bfs_id":581,"rcp":"RCP2.6","period":"2035","key":"pr","value":2.7,"estimate":"q5","season":"SON"},{"bfs_id":581,"rcp":"RCP2.6","period":"2035","key":"pr","value":2.9,"estimate":"q50","season":"DJF"},{"bfs_id":581,"rcp":"RCP2.6","period":"2035","key":"pr","value":3.4,"estimate":"q50","season":"MAM"},{"bfs_id":581,"rcp":"RCP2.6","period":"2035","key":"pr","value":4.2,"estimate":"q50","season":"JJA"},{"bfs_id":581,"rcp":"RCP2.6","period":"2035","key":"pr","value":3,"estimate":"q50","season":"SON"},{"bfs_id":581,"rcp":"RCP2.6","period":"2035","key":"pr","value":3.4,"estimate":"q95","season":"DJF"},{"bfs_id":581,"rcp":"RCP2.6","period":"2035","key":"pr","value":3.8,"estimate":"q95","season":"MAM"},{"bfs_id":581,"rcp":"RCP2.6","period":"2035","key":"pr","value":4.7,"estimate":"q95","season":"JJA"},{"bfs_id":581,"rcp":"RCP2.6","period":"2035","key":"pr","value":3.6,"estimate":"q95","season":"SON"},{"bfs_id":581,"rcp":"RCP2.6","period":"2060","key":"pr","value":2.5,"estimate":"q5","season":"DJF"},{"bfs_id":581,"rcp":"RCP2.6","period":"2060","key":"pr","value":3.2,"estimate":"q5","season":"MAM"},{"bfs_id":581,"rcp":"RCP2.6","period":"2060","key":"pr","value":3.4,"estimate":"q5","season":"JJA"},{"bfs_id":581,"rcp":"RCP2.6","period":"2060","key":"pr","value":2.7,"estimate":"q5","season":"SON"},{"bfs_id":581,"rcp":"RCP2.6","period":"2060","key":"pr","value":2.9,"estimate":"q50","season":"DJF"},{"bfs_id":581,"rcp":"RCP2.6","period":"2060","key":"pr","value":3.5,"estimate":"q50","season":"MAM"},{"bfs_id":581,"rcp":"RCP2.6","period":"2060","key":"pr","value":4.3,"estimate":"q50","season":"JJA"},{"bfs_id":581,"rcp":"RCP2.6","period":"2060","key":"pr","value":3,"estimate":"q50","season":"SON"},{"bfs_id":581,"rcp":"RCP2.6","period":"2060","key":"pr","value":3.4,"estimate":"q95","season":"DJF"},{"bfs_id":581,"rcp":"RCP2.6","period":"2060","key":"pr","value":3.9,"estimate":"q95","season":"MAM"},{"bfs_id":581,"rcp":"RCP2.6","period":"2060","key":"pr","value":4.8,"estimate":"q95","season":"JJA"},{"bfs_id":581,"rcp":"RCP2.6","period":"2060","key":"pr","value":3.4,"estimate":"q95","season":"SON"},{"bfs_id":581,"rcp":"RCP2.6","period":"2085","key":"pr","value":2.6,"estimate":"q5","season":"DJF"},{"bfs_id":581,"rcp":"RCP2.6","period":"2085","key":"pr","value":3.1,"estimate":"q5","season":"MAM"},{"bfs_id":581,"rcp":"RCP2.6","period":"2085","key":"pr","value":3.4,"estimate":"q5","season":"JJA"},{"bfs_id":581,"rcp":"RCP2.6","period":"2085","key":"pr","value":2.8,"estimate":"q5","season":"SON"},{"bfs_id":581,"rcp":"RCP2.6","period":"2085","key":"pr","value":2.9,"estimate":"q50","season":"DJF"},{"bfs_id":581,"rcp":"RCP2.6","period":"2085","key":"pr","value":3.5,"estimate":"q50","season":"MAM"},{"bfs_id":581,"rcp":"RCP2.6","period":"2085","key":"pr","value":4.4,"estimate":"q50","season":"JJA"},{"bfs_id":581,"rcp":"RCP2.6","period":"2085","key":"pr","value":2.9,"estimate":"q50","season":"SON"},{"bfs_id":581,"rcp":"RCP2.6","period":"2085","key":"pr","value":3.6,"estimate":"q95","season":"DJF"},{"bfs_id":581,"rcp":"RCP2.6","period":"2085","key":"pr","value":3.8,"estimate":"q95","season":"MAM"},{"bfs_id":581,"rcp":"RCP2.6","period":"2085","key":"pr","value":4.7,"estimate":"q95","season":"JJA"},{"bfs_id":581,"rcp":"RCP2.6","period":"2085","key":"pr","value":3.5,"estimate":"q95","season":"SON"},{"bfs_id":581,"rcp":"RCP8.5","period":"2035","key":"pr","value":2.7,"estimate":"q5","season":"DJF"},{"bfs_id":581,"rcp":"RCP8.5","period":"2035","key":"pr","value":3.2,"estimate":"q5","season":"MAM"},{"bfs_id":581,"rcp":"RCP8.5","period":"2035","key":"pr","value":3.7,"estimate":"q5","season":"JJA"},{"bfs_id":581,"rcp":"RCP8.5","period":"2035","key":"pr","value":2.7,"estimate":"q5","season":"SON"},{"bfs_id":581,"rcp":"RCP8.5","period":"2035","key":"pr","value":3.1,"estimate":"q50","season":"DJF"},{"bfs_id":581,"rcp":"RCP8.5","period":"2035","key":"pr","value":3.6,"estimate":"q50","season":"MAM"},{"bfs_id":581,"rcp":"RCP8.5","period":"2035","key":"pr","value":4.3,"estimate":"q50","season":"JJA"},{"bfs_id":581,"rcp":"RCP8.5","period":"2035","key":"pr","value":3,"estimate":"q50","season":"SON"},{"bfs_id":581,"rcp":"RCP8.5","period":"2035","key":"pr","value":3.5,"estimate":"q95","season":"DJF"},{"bfs_id":581,"rcp":"RCP8.5","period":"2035","key":"pr","value":3.9,"estimate":"q95","season":"MAM"},{"bfs_id":581,"rcp":"RCP8.5","period":"2035","key":"pr","value":4.8,"estimate":"q95","season":"JJA"},{"bfs_id":581,"rcp":"RCP8.5","period":"2035","key":"pr","value":3.6,"estimate":"q95","season":"SON"},{"bfs_id":581,"rcp":"RCP8.5","period":"2060","key":"pr","value":2.7,"estimate":"q5","season":"DJF"},{"bfs_id":581,"rcp":"RCP8.5","period":"2060","key":"pr","value":3.2,"estimate":"q5","season":"MAM"},{"bfs_id":581,"rcp":"RCP8.5","period":"2060","key":"pr","value":3.1,"estimate":"q5","season":"JJA"},{"bfs_id":581,"rcp":"RCP8.5","period":"2060","key":"pr","value":2.5,"estimate":"q5","season":"SON"},{"bfs_id":581,"rcp":"RCP8.5","period":"2060","key":"pr","value":3,"estimate":"q50","season":"DJF"},{"bfs_id":581,"rcp":"RCP8.5","period":"2060","key":"pr","value":3.6,"estimate":"q50","season":"MAM"},{"bfs_id":581,"rcp":"RCP8.5","period":"2060","key":"pr","value":4.1,"estimate":"q50","season":"JJA"},{"bfs_id":581,"rcp":"RCP8.5","period":"2060","key":"pr","value":3,"estimate":"q50","season":"SON"},{"bfs_id":581,"rcp":"RCP8.5","period":"2060","key":"pr","value":3.5,"estimate":"q95","season":"DJF"},{"bfs_id":581,"rcp":"RCP8.5","period":"2060","key":"pr","value":4,"estimate":"q95","season":"MAM"},{"bfs_id":581,"rcp":"RCP8.5","period":"2060","key":"pr","value":4.7,"estimate":"q95","season":"JJA"},{"bfs_id":581,"rcp":"RCP8.5","period":"2060","key":"pr","value":3.4,"estimate":"q95","season":"SON"},{"bfs_id":581,"rcp":"RCP8.5","period":"2085","key":"pr","value":2.6,"estimate":"q5","season":"DJF"},{"bfs_id":581,"rcp":"RCP8.5","period":"2085","key":"pr","value":3.2,"estimate":"q5","season":"MAM"},{"bfs_id":581,"rcp":"RCP8.5","period":"2085","key":"pr","value":2.5,"estimate":"q5","season":"JJA"},{"bfs_id":581,"rcp":"RCP8.5","period":"2085","key":"pr","value":2.5,"estimate":"q5","season":"SON"},{"bfs_id":581,"rcp":"RCP8.5","period":"2085","key":"pr","value":3.2,"estimate":"q50","season":"DJF"},{"bfs_id":581,"rcp":"RCP8.5","period":"2085","key":"pr","value":3.7,"estimate":"q50","season":"MAM"},{"bfs_id":581,"rcp":"RCP8.5","period":"2085","key":"pr","value":3.6,"estimate":"q50","season":"JJA"},{"bfs_id":581,"rcp":"RCP8.5","period":"2085","key":"pr","value":2.9,"estimate":"q50","season":"SON"},{"bfs_id":581,"rcp":"RCP8.5","period":"2085","key":"pr","value":3.7,"estimate":"q95","season":"DJF"},{"bfs_id":581,"rcp":"RCP8.5","period":"2085","key":"pr","value":4.2,"estimate":"q95","season":"MAM"},{"bfs_id":581,"rcp":"RCP8.5","period":"2085","key":"pr","value":4.3,"estimate":"q95","season":"JJA"},{"bfs_id":581,"rcp":"RCP8.5","period":"2085","key":"pr","value":3.4,"estimate":"q95","season":"SON"},{"bfs_id":581,"rcp":"RCP2.6","period":"2035","key":"tas","value":0.9,"estimate":"q5","season":"DJF"},{"bfs_id":581,"rcp":"RCP2.6","period":"2035","key":"tas","value":8.6,"estimate":"q5","season":"MAM"},{"bfs_id":581,"rcp":"RCP2.6","period":"2035","key":"tas","value":17.7,"estimate":"q5","season":"JJA"},{"bfs_id":581,"rcp":"RCP2.6","period":"2035","key":"tas","value":9.6,"estimate":"q5","season":"SON"},{"bfs_id":581,"rcp":"RCP2.6","period":"2035","key":"tas","value":1.3,"estimate":"q50","season":"DJF"},{"bfs_id":581,"rcp":"RCP2.6","period":"2035","key":"tas","value":9.3,"estimate":"q50","season":"MAM"},{"bfs_id":581,"rcp":"RCP2.6","period":"2035","key":"tas","value":18.5,"estimate":"q50","season":"JJA"},{"bfs_id":581,"rcp":"RCP2.6","period":"2035","key":"tas","value":10,"estimate":"q50","season":"SON"},{"bfs_id":581,"rcp":"RCP2.6","period":"2035","key":"tas","value":1.9,"estimate":"q95","season":"DJF"},{"bfs_id":581,"rcp":"RCP2.6","period":"2035","key":"tas","value":9.6,"estimate":"q95","season":"MAM"},{"bfs_id":581,"rcp":"RCP2.6","period":"2035","key":"tas","value":19.3,"estimate":"q95","season":"JJA"},{"bfs_id":581,"rcp":"RCP2.6","period":"2035","key":"tas","value":10.8,"estimate":"q95","season":"SON"},{"bfs_id":581,"rcp":"RCP2.6","period":"2060","key":"tas","value":1,"estimate":"q5","season":"DJF"},{"bfs_id":581,"rcp":"RCP2.6","period":"2060","key":"tas","value":8.5,"estimate":"q5","season":"MAM"},{"bfs_id":581,"rcp":"RCP2.6","period":"2060","key":"tas","value":18,"estimate":"q5","season":"JJA"},{"bfs_id":581,"rcp":"RCP2.6","period":"2060","key":"tas","value":9.9,"estimate":"q5","season":"SON"},{"bfs_id":581,"rcp":"RCP2.6","period":"2060","key":"tas","value":1.6,"estimate":"q50","season":"DJF"},{"bfs_id":581,"rcp":"RCP2.6","period":"2060","key":"tas","value":9.2,"estimate":"q50","season":"MAM"},{"bfs_id":581,"rcp":"RCP2.6","period":"2060","key":"tas","value":18.6,"estimate":"q50","season":"JJA"},{"bfs_id":581,"rcp":"RCP2.6","period":"2060","key":"tas","value":10.3,"estimate":"q50","season":"SON"},{"bfs_id":581,"rcp":"RCP2.6","period":"2060","key":"tas","value":2.1,"estimate":"q95","season":"DJF"},{"bfs_id":581,"rcp":"RCP2.6","period":"2060","key":"tas","value":9.8,"estimate":"q95","season":"MAM"},{"bfs_id":581,"rcp":"RCP2.6","period":"2060","key":"tas","value":19.4,"estimate":"q95","season":"JJA"},{"bfs_id":581,"rcp":"RCP2.6","period":"2060","key":"tas","value":11.1,"estimate":"q95","season":"SON"},{"bfs_id":581,"rcp":"RCP2.6","period":"2085","key":"tas","value":1.1,"estimate":"q5","season":"DJF"},{"bfs_id":581,"rcp":"RCP2.6","period":"2085","key":"tas","value":8.6,"estimate":"q5","season":"MAM"},{"bfs_id":581,"rcp":"RCP2.6","period":"2085","key":"tas","value":17.9,"estimate":"q5","season":"JJA"},{"bfs_id":581,"rcp":"RCP2.6","period":"2085","key":"tas","value":9.6,"estimate":"q5","season":"SON"},{"bfs_id":581,"rcp":"RCP2.6","period":"2085","key":"tas","value":1.6,"estimate":"q50","season":"DJF"},{"bfs_id":581,"rcp":"RCP2.6","period":"2085","key":"tas","value":9.3,"estimate":"q50","season":"MAM"},{"bfs_id":581,"rcp":"RCP2.6","period":"2085","key":"tas","value":18.6,"estimate":"q50","season":"JJA"},{"bfs_id":581,"rcp":"RCP2.6","period":"2085","key":"tas","value":10.2,"estimate":"q50","season":"SON"},{"bfs_id":581,"rcp":"RCP2.6","period":"2085","key":"tas","value":2.2,"estimate":"q95","season":"DJF"},{"bfs_id":581,"rcp":"RCP2.6","period":"2085","key":"tas","value":9.8,"estimate":"q95","season":"MAM"},{"bfs_id":581,"rcp":"RCP2.6","period":"2085","key":"tas","value":19.3,"estimate":"q95","season":"JJA"},{"bfs_id":581,"rcp":"RCP2.6","period":"2085","key":"tas","value":11.1,"estimate":"q95","season":"SON"},{"bfs_id":581,"rcp":"RCP8.5","period":"2035","key":"tas","value":1.1,"estimate":"q5","season":"DJF"},{"bfs_id":581,"rcp":"RCP8.5","period":"2035","key":"tas","value":8.9,"estimate":"q5","season":"MAM"},{"bfs_id":581,"rcp":"RCP8.5","period":"2035","key":"tas","value":18.1,"estimate":"q5","season":"JJA"},{"bfs_id":581,"rcp":"RCP8.5","period":"2035","key":"tas","value":10,"estimate":"q5","season":"SON"},{"bfs_id":581,"rcp":"RCP8.5","period":"2035","key":"tas","value":1.7,"estimate":"q50","season":"DJF"},{"bfs_id":581,"rcp":"RCP8.5","period":"2035","key":"tas","value":9.3,"estimate":"q50","season":"MAM"},{"bfs_id":581,"rcp":"RCP8.5","period":"2035","key":"tas","value":18.8,"estimate":"q50","season":"JJA"},{"bfs_id":581,"rcp":"RCP8.5","period":"2035","key":"tas","value":10.3,"estimate":"q50","season":"SON"},{"bfs_id":581,"rcp":"RCP8.5","period":"2035","key":"tas","value":2,"estimate":"q95","season":"DJF"},{"bfs_id":581,"rcp":"RCP8.5","period":"2035","key":"tas","value":9.8,"estimate":"q95","season":"MAM"},{"bfs_id":581,"rcp":"RCP8.5","period":"2035","key":"tas","value":19.4,"estimate":"q95","season":"JJA"},{"bfs_id":581,"rcp":"RCP8.5","period":"2035","key":"tas","value":11.1,"estimate":"q95","season":"SON"},{"bfs_id":581,"rcp":"RCP8.5","period":"2060","key":"tas","value":1.9,"estimate":"q5","season":"DJF"},{"bfs_id":581,"rcp":"RCP8.5","period":"2060","key":"tas","value":9.8,"estimate":"q5","season":"MAM"},{"bfs_id":581,"rcp":"RCP8.5","period":"2060","key":"tas","value":19.1,"estimate":"q5","season":"JJA"},{"bfs_id":581,"rcp":"RCP8.5","period":"2060","key":"tas","value":10.9,"estimate":"q5","season":"SON"},{"bfs_id":581,"rcp":"RCP8.5","period":"2060","key":"tas","value":2.5,"estimate":"q50","season":"DJF"},{"bfs_id":581,"rcp":"RCP8.5","period":"2060","key":"tas","value":10.5,"estimate":"q50","season":"MAM"},{"bfs_id":581,"rcp":"RCP8.5","period":"2060","key":"tas","value":20.1,"estimate":"q50","season":"JJA"},{"bfs_id":581,"rcp":"RCP8.5","period":"2060","key":"tas","value":11.8,"estimate":"q50","season":"SON"},{"bfs_id":581,"rcp":"RCP8.5","period":"2060","key":"tas","value":2.9,"estimate":"q95","season":"DJF"},{"bfs_id":581,"rcp":"RCP8.5","period":"2060","key":"tas","value":11.5,"estimate":"q95","season":"MAM"},{"bfs_id":581,"rcp":"RCP8.5","period":"2060","key":"tas","value":21.1,"estimate":"q95","season":"JJA"},{"bfs_id":581,"rcp":"RCP8.5","period":"2060","key":"tas","value":12.6,"estimate":"q95","season":"SON"},{"bfs_id":581,"rcp":"RCP8.5","period":"2085","key":"tas","value":3.1,"estimate":"q5","season":"DJF"},{"bfs_id":581,"rcp":"RCP8.5","period":"2085","key":"tas","value":11.1,"estimate":"q5","season":"MAM"},{"bfs_id":581,"rcp":"RCP8.5","period":"2085","key":"tas","value":20.5,"estimate":"q5","season":"JJA"},{"bfs_id":581,"rcp":"RCP8.5","period":"2085","key":"tas","value":12.2,"estimate":"q5","season":"SON"},{"bfs_id":581,"rcp":"RCP8.5","period":"2085","key":"tas","value":4.2,"estimate":"q50","season":"DJF"},{"bfs_id":581,"rcp":"RCP8.5","period":"2085","key":"tas","value":12,"estimate":"q50","season":"MAM"},{"bfs_id":581,"rcp":"RCP8.5","period":"2085","key":"tas","value":21.6,"estimate":"q50","season":"JJA"},{"bfs_id":581,"rcp":"RCP8.5","period":"2085","key":"tas","value":13.1,"estimate":"q50","season":"SON"},{"bfs_id":581,"rcp":"RCP8.5","period":"2085","key":"tas","value":4.8,"estimate":"q95","season":"DJF"},{"bfs_id":581,"rcp":"RCP8.5","period":"2085","key":"tas","value":13.5,"estimate":"q95","season":"MAM"},{"bfs_id":581,"rcp":"RCP8.5","period":"2085","key":"tas","value":23.9,"estimate":"q95","season":"JJA"},{"bfs_id":581,"rcp":"RCP8.5","period":"2085","key":"tas","value":14.6,"estimate":"q95","season":"SON"},{"bfs_id":581,"rcp":"obs","period":"1981-2010","key":"FD","value":99.5,"estimate":"yearly_mean"},{"bfs_id":581,"rcp":"obs","period":"1981-2010","key":"HD","value":5.5,"estimate":"yearly_mean"},{"bfs_id":581,"rcp":"obs","period":"1981-2010","key":"ID","value":16.2,"estimate":"yearly_mean"},{"bfs_id":581,"rcp":"obs","period":"1981-2010","key":"SD","value":42.4,"estimate":"yearly_mean"},{"bfs_id":581,"rcp":"obs","period":"1981-2010","key":"snowdays","value":20,"estimate":"yearly_mean"},{"bfs_id":581,"rcp":"obs","period":"1981-2010","key":"TN","value":0,"estimate":"yearly_mean"},{"bfs_id":581,"rcp":"obs","period":"1981-2010","key":"pr","value":2.7,"estimate":"mean","season":"DJF"},{"bfs_id":581,"rcp":"obs","period":"1981-2010","key":"pr","value":3.3,"estimate":"mean","season":"MAM"},{"bfs_id":581,"rcp":"obs","period":"1981-2010","key":"pr","value":4.8,"estimate":"mean","season":"JJA"},{"bfs_id":581,"rcp":"obs","period":"1981-2010","key":"pr","value":2.9,"estimate":"mean","season":"SON"},{"bfs_id":581,"rcp":"obs","period":"1981-2010","key":"tas","value":0.2,"estimate":"mean","season":"DJF"},{"bfs_id":581,"rcp":"obs","period":"1981-2010","key":"tas","value":8.7,"estimate":"mean","season":"MAM"},{"bfs_id":581,"rcp":"obs","period":"1981-2010","key":"tas","value":17.2,"estimate":"mean","season":"JJA"},{"bfs_id":581,"rcp":"obs","period":"1981-2010","key":"tas","value":9,"estimate":"mean","season":"SON"}]
