[{"bfs_id":4238,"rcp":"RCP2.6","period":"2035","key":"FD","value":52.8,"estimate":"q5"},{"bfs_id":4238,"rcp":"RCP2.6","period":"2035","key":"FD","value":63.5,"estimate":"q50"},{"bfs_id":4238,"rcp":"RCP2.6","period":"2035","key":"FD","value":69.2,"estimate":"q95"},{"bfs_id":4238,"rcp":"RCP2.6","period":"2060","key":"FD","value":51.5,"estimate":"q5"},{"bfs_id":4238,"rcp":"RCP2.6","period":"2060","key":"FD","value":60.3,"estimate":"q50"},{"bfs_id":4238,"rcp":"RCP2.6","period":"2060","key":"FD","value":66.4,"estimate":"q95"},{"bfs_id":4238,"rcp":"RCP2.6","period":"2085","key":"FD","value":51.6,"estimate":"q5"},{"bfs_id":4238,"rcp":"RCP2.6","period":"2085","key":"FD","value":60.8,"estimate":"q50"},{"bfs_id":4238,"rcp":"RCP2.6","period":"2085","key":"FD","value":67.6,"estimate":"q95"},{"bfs_id":4238,"rcp":"RCP8.5","period":"2035","key":"FD","value":49.2,"estimate":"q5"},{"bfs_id":4238,"rcp":"RCP8.5","period":"2035","key":"FD","value":60,"estimate":"q50"},{"bfs_id":4238,"rcp":"RCP8.5","period":"2035","key":"FD","value":66.5,"estimate":"q95"},{"bfs_id":4238,"rcp":"RCP8.5","period":"2060","key":"FD","value":39.6,"estimate":"q5"},{"bfs_id":4238,"rcp":"RCP8.5","period":"2060","key":"FD","value":46.8,"estimate":"q50"},{"bfs_id":4238,"rcp":"RCP8.5","period":"2060","key":"FD","value":54.6,"estimate":"q95"},{"bfs_id":4238,"rcp":"RCP8.5","period":"2085","key":"FD","value":23,"estimate":"q5"},{"bfs_id":4238,"rcp":"RCP8.5","period":"2085","key":"FD","value":28.8,"estimate":"q50"},{"bfs_id":4238,"rcp":"RCP8.5","period":"2085","key":"FD","value":38.1,"estimate":"q95"},{"bfs_id":4238,"rcp":"RCP2.6","period":"2035","key":"HD","value":12.1,"estimate":"q5"},{"bfs_id":4238,"rcp":"RCP2.6","period":"2035","key":"HD","value":15.1,"estimate":"q50"},{"bfs_id":4238,"rcp":"RCP2.6","period":"2035","key":"HD","value":21,"estimate":"q95"},{"bfs_id":4238,"rcp":"RCP2.6","period":"2060","key":"HD","value":13,"estimate":"q5"},{"bfs_id":4238,"rcp":"RCP2.6","period":"2060","key":"HD","value":15.2,"estimate":"q50"},{"bfs_id":4238,"rcp":"RCP2.6","period":"2060","key":"HD","value":23,"estimate":"q95"},{"bfs_id":4238,"rcp":"RCP2.6","period":"2085","key":"HD","value":12.3,"estimate":"q5"},{"bfs_id":4238,"rcp":"RCP2.6","period":"2085","key":"HD","value":15.2,"estimate":"q50"},{"bfs_id":4238,"rcp":"RCP2.6","period":"2085","key":"HD","value":22.2,"estimate":"q95"},{"bfs_id":4238,"rcp":"RCP8.5","period":"2035","key":"HD","value":13.2,"estimate":"q5"},{"bfs_id":4238,"rcp":"RCP8.5","period":"2035","key":"HD","value":17,"estimate":"q50"},{"bfs_id":4238,"rcp":"RCP8.5","period":"2035","key":"HD","value":23.2,"estimate":"q95"},{"bfs_id":4238,"rcp":"RCP8.5","period":"2060","key":"HD","value":20.1,"estimate":"q5"},{"bfs_id":4238,"rcp":"RCP8.5","period":"2060","key":"HD","value":26.5,"estimate":"q50"},{"bfs_id":4238,"rcp":"RCP8.5","period":"2060","key":"HD","value":38.7,"estimate":"q95"},{"bfs_id":4238,"rcp":"RCP8.5","period":"2085","key":"HD","value":34,"estimate":"q5"},{"bfs_id":4238,"rcp":"RCP8.5","period":"2085","key":"HD","value":40.4,"estimate":"q50"},{"bfs_id":4238,"rcp":"RCP8.5","period":"2085","key":"HD","value":66.4,"estimate":"q95"},{"bfs_id":4238,"rcp":"RCP2.6","period":"2035","key":"ID","value":8.7,"estimate":"q5"},{"bfs_id":4238,"rcp":"RCP2.6","period":"2035","key":"ID","value":11.7,"estimate":"q50"},{"bfs_id":4238,"rcp":"RCP2.6","period":"2035","key":"ID","value":16,"estimate":"q95"},{"bfs_id":4238,"rcp":"RCP2.6","period":"2060","key":"ID","value":8.2,"estimate":"q5"},{"bfs_id":4238,"rcp":"RCP2.6","period":"2060","key":"ID","value":12.3,"estimate":"q50"},{"bfs_id":4238,"rcp":"RCP2.6","period":"2060","key":"ID","value":14.7,"estimate":"q95"},{"bfs_id":4238,"rcp":"RCP2.6","period":"2085","key":"ID","value":8.7,"estimate":"q5"},{"bfs_id":4238,"rcp":"RCP2.6","period":"2085","key":"ID","value":11.2,"estimate":"q50"},{"bfs_id":4238,"rcp":"RCP2.6","period":"2085","key":"ID","value":14.1,"estimate":"q95"},{"bfs_id":4238,"rcp":"RCP8.5","period":"2035","key":"ID","value":8.7,"estimate":"q5"},{"bfs_id":4238,"rcp":"RCP8.5","period":"2035","key":"ID","value":10.5,"estimate":"q50"},{"bfs_id":4238,"rcp":"RCP8.5","period":"2035","key":"ID","value":15.5,"estimate":"q95"},{"bfs_id":4238,"rcp":"RCP8.5","period":"2060","key":"ID","value":5.2,"estimate":"q5"},{"bfs_id":4238,"rcp":"RCP8.5","period":"2060","key":"ID","value":8,"estimate":"q50"},{"bfs_id":4238,"rcp":"RCP8.5","period":"2060","key":"ID","value":10.3,"estimate":"q95"},{"bfs_id":4238,"rcp":"RCP8.5","period":"2085","key":"ID","value":1.3,"estimate":"q5"},{"bfs_id":4238,"rcp":"RCP8.5","period":"2085","key":"ID","value":3.3,"estimate":"q50"},{"bfs_id":4238,"rcp":"RCP8.5","period":"2085","key":"ID","value":6,"estimate":"q95"},{"bfs_id":4238,"rcp":"RCP2.6","period":"2035","key":"SD","value":55,"estimate":"q5"},{"bfs_id":4238,"rcp":"RCP2.6","period":"2035","key":"SD","value":60.8,"estimate":"q50"},{"bfs_id":4238,"rcp":"RCP2.6","period":"2035","key":"SD","value":68.3,"estimate":"q95"},{"bfs_id":4238,"rcp":"RCP2.6","period":"2060","key":"SD","value":55.7,"estimate":"q5"},{"bfs_id":4238,"rcp":"RCP2.6","period":"2060","key":"SD","value":62.1,"estimate":"q50"},{"bfs_id":4238,"rcp":"RCP2.6","period":"2060","key":"SD","value":67.7,"estimate":"q95"},{"bfs_id":4238,"rcp":"RCP2.6","period":"2085","key":"SD","value":54.9,"estimate":"q5"},{"bfs_id":4238,"rcp":"RCP2.6","period":"2085","key":"SD","value":62,"estimate":"q50"},{"bfs_id":4238,"rcp":"RCP2.6","period":"2085","key":"SD","value":68.1,"estimate":"q95"},{"bfs_id":4238,"rcp":"RCP8.5","period":"2035","key":"SD","value":57.2,"estimate":"q5"},{"bfs_id":4238,"rcp":"RCP8.5","period":"2035","key":"SD","value":63.3,"estimate":"q50"},{"bfs_id":4238,"rcp":"RCP8.5","period":"2035","key":"SD","value":68.9,"estimate":"q95"},{"bfs_id":4238,"rcp":"RCP8.5","period":"2060","key":"SD","value":72.8,"estimate":"q5"},{"bfs_id":4238,"rcp":"RCP8.5","period":"2060","key":"SD","value":77.5,"estimate":"q50"},{"bfs_id":4238,"rcp":"RCP8.5","period":"2060","key":"SD","value":92.5,"estimate":"q95"},{"bfs_id":4238,"rcp":"RCP8.5","period":"2085","key":"SD","value":87.9,"estimate":"q5"},{"bfs_id":4238,"rcp":"RCP8.5","period":"2085","key":"SD","value":100.9,"estimate":"q50"},{"bfs_id":4238,"rcp":"RCP8.5","period":"2085","key":"SD","value":118.5,"estimate":"q95"},{"bfs_id":4238,"rcp":"RCP2.6","period":"2035","key":"snowdays","value":10.3,"estimate":"q5"},{"bfs_id":4238,"rcp":"RCP2.6","period":"2035","key":"snowdays","value":14.8,"estimate":"q50"},{"bfs_id":4238,"rcp":"RCP2.6","period":"2035","key":"snowdays","value":17,"estimate":"q95"},{"bfs_id":4238,"rcp":"RCP2.6","period":"2060","key":"snowdays","value":9.3,"estimate":"q5"},{"bfs_id":4238,"rcp":"RCP2.6","period":"2060","key":"snowdays","value":14.1,"estimate":"q50"},{"bfs_id":4238,"rcp":"RCP2.6","period":"2060","key":"snowdays","value":16.3,"estimate":"q95"},{"bfs_id":4238,"rcp":"RCP2.6","period":"2085","key":"snowdays","value":9.2,"estimate":"q5"},{"bfs_id":4238,"rcp":"RCP2.6","period":"2085","key":"snowdays","value":13.9,"estimate":"q50"},{"bfs_id":4238,"rcp":"RCP2.6","period":"2085","key":"snowdays","value":16.4,"estimate":"q95"},{"bfs_id":4238,"rcp":"RCP8.5","period":"2035","key":"snowdays","value":8.7,"estimate":"q5"},{"bfs_id":4238,"rcp":"RCP8.5","period":"2035","key":"snowdays","value":13.5,"estimate":"q50"},{"bfs_id":4238,"rcp":"RCP8.5","period":"2035","key":"snowdays","value":16.1,"estimate":"q95"},{"bfs_id":4238,"rcp":"RCP8.5","period":"2060","key":"snowdays","value":6.5,"estimate":"q5"},{"bfs_id":4238,"rcp":"RCP8.5","period":"2060","key":"snowdays","value":10,"estimate":"q50"},{"bfs_id":4238,"rcp":"RCP8.5","period":"2060","key":"snowdays","value":12.5,"estimate":"q95"},{"bfs_id":4238,"rcp":"RCP8.5","period":"2085","key":"snowdays","value":2.6,"estimate":"q5"},{"bfs_id":4238,"rcp":"RCP8.5","period":"2085","key":"snowdays","value":5.8,"estimate":"q50"},{"bfs_id":4238,"rcp":"RCP8.5","period":"2085","key":"snowdays","value":7.8,"estimate":"q95"},{"bfs_id":4238,"rcp":"RCP2.6","period":"2035","key":"TN","value":0.3,"estimate":"q5"},{"bfs_id":4238,"rcp":"RCP2.6","period":"2035","key":"TN","value":1,"estimate":"q50"},{"bfs_id":4238,"rcp":"RCP2.6","period":"2035","key":"TN","value":1.9,"estimate":"q95"},{"bfs_id":4238,"rcp":"RCP2.6","period":"2060","key":"TN","value":0.5,"estimate":"q5"},{"bfs_id":4238,"rcp":"RCP2.6","period":"2060","key":"TN","value":0.9,"estimate":"q50"},{"bfs_id":4238,"rcp":"RCP2.6","period":"2060","key":"TN","value":2.3,"estimate":"q95"},{"bfs_id":4238,"rcp":"RCP2.6","period":"2085","key":"TN","value":0.4,"estimate":"q5"},{"bfs_id":4238,"rcp":"RCP2.6","period":"2085","key":"TN","value":1.1,"estimate":"q50"},{"bfs_id":4238,"rcp":"RCP2.6","period":"2085","key":"TN","value":1.8,"estimate":"q95"},{"bfs_id":4238,"rcp":"RCP8.5","period":"2035","key":"TN","value":0.6,"estimate":"q5"},{"bfs_id":4238,"rcp":"RCP8.5","period":"2035","key":"TN","value":1.1,"estimate":"q50"},{"bfs_id":4238,"rcp":"RCP8.5","period":"2035","key":"TN","value":3.1,"estimate":"q95"},{"bfs_id":4238,"rcp":"RCP8.5","period":"2060","key":"TN","value":2.2,"estimate":"q5"},{"bfs_id":4238,"rcp":"RCP8.5","period":"2060","key":"TN","value":4.7,"estimate":"q50"},{"bfs_id":4238,"rcp":"RCP8.5","period":"2060","key":"TN","value":9.6,"estimate":"q95"},{"bfs_id":4238,"rcp":"RCP8.5","period":"2085","key":"TN","value":8.6,"estimate":"q5"},{"bfs_id":4238,"rcp":"RCP8.5","period":"2085","key":"TN","value":13.3,"estimate":"q50"},{"bfs_id":4238,"rcp":"RCP8.5","period":"2085","key":"TN","value":31.2,"estimate":"q95"},{"bfs_id":4238,"rcp":"RCP2.6","period":"2035","key":"pr","value":2.3,"estimate":"q5","season":"DJF"},{"bfs_id":4238,"rcp":"RCP2.6","period":"2035","key":"pr","value":2.8,"estimate":"q5","season":"MAM"},{"bfs_id":4238,"rcp":"RCP2.6","period":"2035","key":"pr","value":3.3,"estimate":"q5","season":"JJA"},{"bfs_id":4238,"rcp":"RCP2.6","period":"2035","key":"pr","value":2.5,"estimate":"q5","season":"SON"},{"bfs_id":4238,"rcp":"RCP2.6","period":"2035","key":"pr","value":2.7,"estimate":"q50","season":"DJF"},{"bfs_id":4238,"rcp":"RCP2.6","period":"2035","key":"pr","value":3.2,"estimate":"q50","season":"MAM"},{"bfs_id":4238,"rcp":"RCP2.6","period":"2035","key":"pr","value":3.7,"estimate":"q50","season":"JJA"},{"bfs_id":4238,"rcp":"RCP2.6","period":"2035","key":"pr","value":2.8,"estimate":"q50","season":"SON"},{"bfs_id":4238,"rcp":"RCP2.6","period":"2035","key":"pr","value":3.1,"estimate":"q95","season":"DJF"},{"bfs_id":4238,"rcp":"RCP2.6","period":"2035","key":"pr","value":3.5,"estimate":"q95","season":"MAM"},{"bfs_id":4238,"rcp":"RCP2.6","period":"2035","key":"pr","value":4,"estimate":"q95","season":"JJA"},{"bfs_id":4238,"rcp":"RCP2.6","period":"2035","key":"pr","value":3.4,"estimate":"q95","season":"SON"},{"bfs_id":4238,"rcp":"RCP2.6","period":"2060","key":"pr","value":2.3,"estimate":"q5","season":"DJF"},{"bfs_id":4238,"rcp":"RCP2.6","period":"2060","key":"pr","value":2.9,"estimate":"q5","season":"MAM"},{"bfs_id":4238,"rcp":"RCP2.6","period":"2060","key":"pr","value":3,"estimate":"q5","season":"JJA"},{"bfs_id":4238,"rcp":"RCP2.6","period":"2060","key":"pr","value":2.6,"estimate":"q5","season":"SON"},{"bfs_id":4238,"rcp":"RCP2.6","period":"2060","key":"pr","value":2.6,"estimate":"q50","season":"DJF"},{"bfs_id":4238,"rcp":"RCP2.6","period":"2060","key":"pr","value":3.1,"estimate":"q50","season":"MAM"},{"bfs_id":4238,"rcp":"RCP2.6","period":"2060","key":"pr","value":3.7,"estimate":"q50","season":"JJA"},{"bfs_id":4238,"rcp":"RCP2.6","period":"2060","key":"pr","value":2.8,"estimate":"q50","season":"SON"},{"bfs_id":4238,"rcp":"RCP2.6","period":"2060","key":"pr","value":2.9,"estimate":"q95","season":"DJF"},{"bfs_id":4238,"rcp":"RCP2.6","period":"2060","key":"pr","value":3.4,"estimate":"q95","season":"MAM"},{"bfs_id":4238,"rcp":"RCP2.6","period":"2060","key":"pr","value":4.1,"estimate":"q95","season":"JJA"},{"bfs_id":4238,"rcp":"RCP2.6","period":"2060","key":"pr","value":3.3,"estimate":"q95","season":"SON"},{"bfs_id":4238,"rcp":"RCP2.6","period":"2085","key":"pr","value":2.3,"estimate":"q5","season":"DJF"},{"bfs_id":4238,"rcp":"RCP2.6","period":"2085","key":"pr","value":2.8,"estimate":"q5","season":"MAM"},{"bfs_id":4238,"rcp":"RCP2.6","period":"2085","key":"pr","value":3.1,"estimate":"q5","season":"JJA"},{"bfs_id":4238,"rcp":"RCP2.6","period":"2085","key":"pr","value":2.5,"estimate":"q5","season":"SON"},{"bfs_id":4238,"rcp":"RCP2.6","period":"2085","key":"pr","value":2.6,"estimate":"q50","season":"DJF"},{"bfs_id":4238,"rcp":"RCP2.6","period":"2085","key":"pr","value":3.1,"estimate":"q50","season":"MAM"},{"bfs_id":4238,"rcp":"RCP2.6","period":"2085","key":"pr","value":3.7,"estimate":"q50","season":"JJA"},{"bfs_id":4238,"rcp":"RCP2.6","period":"2085","key":"pr","value":2.8,"estimate":"q50","season":"SON"},{"bfs_id":4238,"rcp":"RCP2.6","period":"2085","key":"pr","value":3,"estimate":"q95","season":"DJF"},{"bfs_id":4238,"rcp":"RCP2.6","period":"2085","key":"pr","value":3.5,"estimate":"q95","season":"MAM"},{"bfs_id":4238,"rcp":"RCP2.6","period":"2085","key":"pr","value":4.1,"estimate":"q95","season":"JJA"},{"bfs_id":4238,"rcp":"RCP2.6","period":"2085","key":"pr","value":3.3,"estimate":"q95","season":"SON"},{"bfs_id":4238,"rcp":"RCP8.5","period":"2035","key":"pr","value":2.4,"estimate":"q5","season":"DJF"},{"bfs_id":4238,"rcp":"RCP8.5","period":"2035","key":"pr","value":2.9,"estimate":"q5","season":"MAM"},{"bfs_id":4238,"rcp":"RCP8.5","period":"2035","key":"pr","value":3.2,"estimate":"q5","season":"JJA"},{"bfs_id":4238,"rcp":"RCP8.5","period":"2035","key":"pr","value":2.6,"estimate":"q5","season":"SON"},{"bfs_id":4238,"rcp":"RCP8.5","period":"2035","key":"pr","value":2.8,"estimate":"q50","season":"DJF"},{"bfs_id":4238,"rcp":"RCP8.5","period":"2035","key":"pr","value":3.2,"estimate":"q50","season":"MAM"},{"bfs_id":4238,"rcp":"RCP8.5","period":"2035","key":"pr","value":3.7,"estimate":"q50","season":"JJA"},{"bfs_id":4238,"rcp":"RCP8.5","period":"2035","key":"pr","value":2.9,"estimate":"q50","season":"SON"},{"bfs_id":4238,"rcp":"RCP8.5","period":"2035","key":"pr","value":3,"estimate":"q95","season":"DJF"},{"bfs_id":4238,"rcp":"RCP8.5","period":"2035","key":"pr","value":3.5,"estimate":"q95","season":"MAM"},{"bfs_id":4238,"rcp":"RCP8.5","period":"2035","key":"pr","value":4.2,"estimate":"q95","season":"JJA"},{"bfs_id":4238,"rcp":"RCP8.5","period":"2035","key":"pr","value":3.3,"estimate":"q95","season":"SON"},{"bfs_id":4238,"rcp":"RCP8.5","period":"2060","key":"pr","value":2.5,"estimate":"q5","season":"DJF"},{"bfs_id":4238,"rcp":"RCP8.5","period":"2060","key":"pr","value":3.1,"estimate":"q5","season":"MAM"},{"bfs_id":4238,"rcp":"RCP8.5","period":"2060","key":"pr","value":2.6,"estimate":"q5","season":"JJA"},{"bfs_id":4238,"rcp":"RCP8.5","period":"2060","key":"pr","value":2.6,"estimate":"q5","season":"SON"},{"bfs_id":4238,"rcp":"RCP8.5","period":"2060","key":"pr","value":2.8,"estimate":"q50","season":"DJF"},{"bfs_id":4238,"rcp":"RCP8.5","period":"2060","key":"pr","value":3.3,"estimate":"q50","season":"MAM"},{"bfs_id":4238,"rcp":"RCP8.5","period":"2060","key":"pr","value":3.5,"estimate":"q50","season":"JJA"},{"bfs_id":4238,"rcp":"RCP8.5","period":"2060","key":"pr","value":2.9,"estimate":"q50","season":"SON"},{"bfs_id":4238,"rcp":"RCP8.5","period":"2060","key":"pr","value":3.2,"estimate":"q95","season":"DJF"},{"bfs_id":4238,"rcp":"RCP8.5","period":"2060","key":"pr","value":3.8,"estimate":"q95","season":"MAM"},{"bfs_id":4238,"rcp":"RCP8.5","period":"2060","key":"pr","value":3.8,"estimate":"q95","season":"JJA"},{"bfs_id":4238,"rcp":"RCP8.5","period":"2060","key":"pr","value":3.2,"estimate":"q95","season":"SON"},{"bfs_id":4238,"rcp":"RCP8.5","period":"2085","key":"pr","value":2.8,"estimate":"q5","season":"DJF"},{"bfs_id":4238,"rcp":"RCP8.5","period":"2085","key":"pr","value":3.1,"estimate":"q5","season":"MAM"},{"bfs_id":4238,"rcp":"RCP8.5","period":"2085","key":"pr","value":2.4,"estimate":"q5","season":"JJA"},{"bfs_id":4238,"rcp":"RCP8.5","period":"2085","key":"pr","value":2.4,"estimate":"q5","season":"SON"},{"bfs_id":4238,"rcp":"RCP8.5","period":"2085","key":"pr","value":3,"estimate":"q50","season":"DJF"},{"bfs_id":4238,"rcp":"RCP8.5","period":"2085","key":"pr","value":3.5,"estimate":"q50","season":"MAM"},{"bfs_id":4238,"rcp":"RCP8.5","period":"2085","key":"pr","value":3.1,"estimate":"q50","season":"JJA"},{"bfs_id":4238,"rcp":"RCP8.5","period":"2085","key":"pr","value":2.9,"estimate":"q50","season":"SON"},{"bfs_id":4238,"rcp":"RCP8.5","period":"2085","key":"pr","value":3.5,"estimate":"q95","season":"DJF"},{"bfs_id":4238,"rcp":"RCP8.5","period":"2085","key":"pr","value":3.9,"estimate":"q95","season":"MAM"},{"bfs_id":4238,"rcp":"RCP8.5","period":"2085","key":"pr","value":3.7,"estimate":"q95","season":"JJA"},{"bfs_id":4238,"rcp":"RCP8.5","period":"2085","key":"pr","value":3.5,"estimate":"q95","season":"SON"},{"bfs_id":4238,"rcp":"RCP2.6","period":"2035","key":"tas","value":2,"estimate":"q5","season":"DJF"},{"bfs_id":4238,"rcp":"RCP2.6","period":"2035","key":"tas","value":9.7,"estimate":"q5","season":"MAM"},{"bfs_id":4238,"rcp":"RCP2.6","period":"2035","key":"tas","value":18.8,"estimate":"q5","season":"JJA"},{"bfs_id":4238,"rcp":"RCP2.6","period":"2035","key":"tas","value":10.5,"estimate":"q5","season":"SON"},{"bfs_id":4238,"rcp":"RCP2.6","period":"2035","key":"tas","value":2.6,"estimate":"q50","season":"DJF"},{"bfs_id":4238,"rcp":"RCP2.6","period":"2035","key":"tas","value":10.2,"estimate":"q50","season":"MAM"},{"bfs_id":4238,"rcp":"RCP2.6","period":"2035","key":"tas","value":19.3,"estimate":"q50","season":"JJA"},{"bfs_id":4238,"rcp":"RCP2.6","period":"2035","key":"tas","value":10.8,"estimate":"q50","season":"SON"},{"bfs_id":4238,"rcp":"RCP2.6","period":"2035","key":"tas","value":3.3,"estimate":"q95","season":"DJF"},{"bfs_id":4238,"rcp":"RCP2.6","period":"2035","key":"tas","value":10.6,"estimate":"q95","season":"MAM"},{"bfs_id":4238,"rcp":"RCP2.6","period":"2035","key":"tas","value":19.9,"estimate":"q95","season":"JJA"},{"bfs_id":4238,"rcp":"RCP2.6","period":"2035","key":"tas","value":11.8,"estimate":"q95","season":"SON"},{"bfs_id":4238,"rcp":"RCP2.6","period":"2060","key":"tas","value":2,"estimate":"q5","season":"DJF"},{"bfs_id":4238,"rcp":"RCP2.6","period":"2060","key":"tas","value":9.6,"estimate":"q5","season":"MAM"},{"bfs_id":4238,"rcp":"RCP2.6","period":"2060","key":"tas","value":19,"estimate":"q5","season":"JJA"},{"bfs_id":4238,"rcp":"RCP2.6","period":"2060","key":"tas","value":10.8,"estimate":"q5","season":"SON"},{"bfs_id":4238,"rcp":"RCP2.6","period":"2060","key":"tas","value":2.8,"estimate":"q50","season":"DJF"},{"bfs_id":4238,"rcp":"RCP2.6","period":"2060","key":"tas","value":10.3,"estimate":"q50","season":"MAM"},{"bfs_id":4238,"rcp":"RCP2.6","period":"2060","key":"tas","value":19.5,"estimate":"q50","season":"JJA"},{"bfs_id":4238,"rcp":"RCP2.6","period":"2060","key":"tas","value":11.1,"estimate":"q50","season":"SON"},{"bfs_id":4238,"rcp":"RCP2.6","period":"2060","key":"tas","value":3.4,"estimate":"q95","season":"DJF"},{"bfs_id":4238,"rcp":"RCP2.6","period":"2060","key":"tas","value":10.7,"estimate":"q95","season":"MAM"},{"bfs_id":4238,"rcp":"RCP2.6","period":"2060","key":"tas","value":20,"estimate":"q95","season":"JJA"},{"bfs_id":4238,"rcp":"RCP2.6","period":"2060","key":"tas","value":12.1,"estimate":"q95","season":"SON"},{"bfs_id":4238,"rcp":"RCP2.6","period":"2085","key":"tas","value":2.1,"estimate":"q5","season":"DJF"},{"bfs_id":4238,"rcp":"RCP2.6","period":"2085","key":"tas","value":9.7,"estimate":"q5","season":"MAM"},{"bfs_id":4238,"rcp":"RCP2.6","period":"2085","key":"tas","value":19,"estimate":"q5","season":"JJA"},{"bfs_id":4238,"rcp":"RCP2.6","period":"2085","key":"tas","value":10.6,"estimate":"q5","season":"SON"},{"bfs_id":4238,"rcp":"RCP2.6","period":"2085","key":"tas","value":2.8,"estimate":"q50","season":"DJF"},{"bfs_id":4238,"rcp":"RCP2.6","period":"2085","key":"tas","value":10.4,"estimate":"q50","season":"MAM"},{"bfs_id":4238,"rcp":"RCP2.6","period":"2085","key":"tas","value":19.4,"estimate":"q50","season":"JJA"},{"bfs_id":4238,"rcp":"RCP2.6","period":"2085","key":"tas","value":11.1,"estimate":"q50","season":"SON"},{"bfs_id":4238,"rcp":"RCP2.6","period":"2085","key":"tas","value":3.4,"estimate":"q95","season":"DJF"},{"bfs_id":4238,"rcp":"RCP2.6","period":"2085","key":"tas","value":10.8,"estimate":"q95","season":"MAM"},{"bfs_id":4238,"rcp":"RCP2.6","period":"2085","key":"tas","value":20,"estimate":"q95","season":"JJA"},{"bfs_id":4238,"rcp":"RCP2.6","period":"2085","key":"tas","value":12.1,"estimate":"q95","season":"SON"},{"bfs_id":4238,"rcp":"RCP8.5","period":"2035","key":"tas","value":1.9,"estimate":"q5","season":"DJF"},{"bfs_id":4238,"rcp":"RCP8.5","period":"2035","key":"tas","value":9.9,"estimate":"q5","season":"MAM"},{"bfs_id":4238,"rcp":"RCP8.5","period":"2035","key":"tas","value":19.2,"estimate":"q5","season":"JJA"},{"bfs_id":4238,"rcp":"RCP8.5","period":"2035","key":"tas","value":10.8,"estimate":"q5","season":"SON"},{"bfs_id":4238,"rcp":"RCP8.5","period":"2035","key":"tas","value":2.8,"estimate":"q50","season":"DJF"},{"bfs_id":4238,"rcp":"RCP8.5","period":"2035","key":"tas","value":10.3,"estimate":"q50","season":"MAM"},{"bfs_id":4238,"rcp":"RCP8.5","period":"2035","key":"tas","value":19.6,"estimate":"q50","season":"JJA"},{"bfs_id":4238,"rcp":"RCP8.5","period":"2035","key":"tas","value":11.3,"estimate":"q50","season":"SON"},{"bfs_id":4238,"rcp":"RCP8.5","period":"2035","key":"tas","value":3.3,"estimate":"q95","season":"DJF"},{"bfs_id":4238,"rcp":"RCP8.5","period":"2035","key":"tas","value":10.7,"estimate":"q95","season":"MAM"},{"bfs_id":4238,"rcp":"RCP8.5","period":"2035","key":"tas","value":20.2,"estimate":"q95","season":"JJA"},{"bfs_id":4238,"rcp":"RCP8.5","period":"2035","key":"tas","value":12.1,"estimate":"q95","season":"SON"},{"bfs_id":4238,"rcp":"RCP8.5","period":"2060","key":"tas","value":3.3,"estimate":"q5","season":"DJF"},{"bfs_id":4238,"rcp":"RCP8.5","period":"2060","key":"tas","value":10.7,"estimate":"q5","season":"MAM"},{"bfs_id":4238,"rcp":"RCP8.5","period":"2060","key":"tas","value":20.3,"estimate":"q5","season":"JJA"},{"bfs_id":4238,"rcp":"RCP8.5","period":"2060","key":"tas","value":11.9,"estimate":"q5","season":"SON"},{"bfs_id":4238,"rcp":"RCP8.5","period":"2060","key":"tas","value":3.6,"estimate":"q50","season":"DJF"},{"bfs_id":4238,"rcp":"RCP8.5","period":"2060","key":"tas","value":11.2,"estimate":"q50","season":"MAM"},{"bfs_id":4238,"rcp":"RCP8.5","period":"2060","key":"tas","value":20.9,"estimate":"q50","season":"JJA"},{"bfs_id":4238,"rcp":"RCP8.5","period":"2060","key":"tas","value":12.4,"estimate":"q50","season":"SON"},{"bfs_id":4238,"rcp":"RCP8.5","period":"2060","key":"tas","value":4.3,"estimate":"q95","season":"DJF"},{"bfs_id":4238,"rcp":"RCP8.5","period":"2060","key":"tas","value":11.7,"estimate":"q95","season":"MAM"},{"bfs_id":4238,"rcp":"RCP8.5","period":"2060","key":"tas","value":21.9,"estimate":"q95","season":"JJA"},{"bfs_id":4238,"rcp":"RCP8.5","period":"2060","key":"tas","value":13.3,"estimate":"q95","season":"SON"},{"bfs_id":4238,"rcp":"RCP8.5","period":"2085","key":"tas","value":4.4,"estimate":"q5","season":"DJF"},{"bfs_id":4238,"rcp":"RCP8.5","period":"2085","key":"tas","value":11.8,"estimate":"q5","season":"MAM"},{"bfs_id":4238,"rcp":"RCP8.5","period":"2085","key":"tas","value":21.6,"estimate":"q5","season":"JJA"},{"bfs_id":4238,"rcp":"RCP8.5","period":"2085","key":"tas","value":12.8,"estimate":"q5","season":"SON"},{"bfs_id":4238,"rcp":"RCP8.5","period":"2085","key":"tas","value":5.4,"estimate":"q50","season":"DJF"},{"bfs_id":4238,"rcp":"RCP8.5","period":"2085","key":"tas","value":12.6,"estimate":"q50","season":"MAM"},{"bfs_id":4238,"rcp":"RCP8.5","period":"2085","key":"tas","value":22.5,"estimate":"q50","season":"JJA"},{"bfs_id":4238,"rcp":"RCP8.5","period":"2085","key":"tas","value":13.9,"estimate":"q50","season":"SON"},{"bfs_id":4238,"rcp":"RCP8.5","period":"2085","key":"tas","value":6.1,"estimate":"q95","season":"DJF"},{"bfs_id":4238,"rcp":"RCP8.5","period":"2085","key":"tas","value":13.4,"estimate":"q95","season":"MAM"},{"bfs_id":4238,"rcp":"RCP8.5","period":"2085","key":"tas","value":24.5,"estimate":"q95","season":"JJA"},{"bfs_id":4238,"rcp":"RCP8.5","period":"2085","key":"tas","value":15.5,"estimate":"q95","season":"SON"},{"bfs_id":4238,"rcp":"obs","period":"1981-2010","key":"FD","value":77.1,"estimate":"yearly_mean"},{"bfs_id":4238,"rcp":"obs","period":"1981-2010","key":"HD","value":9,"estimate":"yearly_mean"},{"bfs_id":4238,"rcp":"obs","period":"1981-2010","key":"ID","value":17.8,"estimate":"yearly_mean"},{"bfs_id":4238,"rcp":"obs","period":"1981-2010","key":"SD","value":47.9,"estimate":"yearly_mean"},{"bfs_id":4238,"rcp":"obs","period":"1981-2010","key":"snowdays","value":15.3,"estimate":"yearly_mean"},{"bfs_id":4238,"rcp":"obs","period":"1981-2010","key":"TN","value":0,"estimate":"yearly_mean"},{"bfs_id":4238,"rcp":"obs","period":"1981-2010","key":"pr","value":2.3,"estimate":"mean","season":"DJF"},{"bfs_id":4238,"rcp":"obs","period":"1981-2010","key":"pr","value":3.1,"estimate":"mean","season":"MAM"},{"bfs_id":4238,"rcp":"obs","period":"1981-2010","key":"pr","value":3.9,"estimate":"mean","season":"JJA"},{"bfs_id":4238,"rcp":"obs","period":"1981-2010","key":"pr","value":2.8,"estimate":"mean","season":"SON"},{"bfs_id":4238,"rcp":"obs","period":"1981-2010","key":"tas","value":1.4,"estimate":"mean","season":"DJF"},{"bfs_id":4238,"rcp":"obs","period":"1981-2010","key":"tas","value":9.6,"estimate":"mean","season":"MAM"},{"bfs_id":4238,"rcp":"obs","period":"1981-2010","key":"tas","value":18.3,"estimate":"mean","season":"JJA"},{"bfs_id":4238,"rcp":"obs","period":"1981-2010","key":"tas","value":9.9,"estimate":"mean","season":"SON"}]
