[{"bfs_id":3251,"rcp":"RCP2.6","period":"2035","key":"FD","value":51.2,"estimate":"q5"},{"bfs_id":3251,"rcp":"RCP2.6","period":"2035","key":"FD","value":61,"estimate":"q50"},{"bfs_id":3251,"rcp":"RCP2.6","period":"2035","key":"FD","value":69.7,"estimate":"q95"},{"bfs_id":3251,"rcp":"RCP2.6","period":"2060","key":"FD","value":46.4,"estimate":"q5"},{"bfs_id":3251,"rcp":"RCP2.6","period":"2060","key":"FD","value":57,"estimate":"q50"},{"bfs_id":3251,"rcp":"RCP2.6","period":"2060","key":"FD","value":65.3,"estimate":"q95"},{"bfs_id":3251,"rcp":"RCP2.6","period":"2085","key":"FD","value":46.2,"estimate":"q5"},{"bfs_id":3251,"rcp":"RCP2.6","period":"2085","key":"FD","value":59.1,"estimate":"q50"},{"bfs_id":3251,"rcp":"RCP2.6","period":"2085","key":"FD","value":66.5,"estimate":"q95"},{"bfs_id":3251,"rcp":"RCP8.5","period":"2035","key":"FD","value":47.8,"estimate":"q5"},{"bfs_id":3251,"rcp":"RCP8.5","period":"2035","key":"FD","value":57.7,"estimate":"q50"},{"bfs_id":3251,"rcp":"RCP8.5","period":"2035","key":"FD","value":64.3,"estimate":"q95"},{"bfs_id":3251,"rcp":"RCP8.5","period":"2060","key":"FD","value":37,"estimate":"q5"},{"bfs_id":3251,"rcp":"RCP8.5","period":"2060","key":"FD","value":44.2,"estimate":"q50"},{"bfs_id":3251,"rcp":"RCP8.5","period":"2060","key":"FD","value":51.6,"estimate":"q95"},{"bfs_id":3251,"rcp":"RCP8.5","period":"2085","key":"FD","value":21.6,"estimate":"q5"},{"bfs_id":3251,"rcp":"RCP8.5","period":"2085","key":"FD","value":26.8,"estimate":"q50"},{"bfs_id":3251,"rcp":"RCP8.5","period":"2085","key":"FD","value":36.8,"estimate":"q95"},{"bfs_id":3251,"rcp":"RCP2.6","period":"2035","key":"HD","value":7.6,"estimate":"q5"},{"bfs_id":3251,"rcp":"RCP2.6","period":"2035","key":"HD","value":9.4,"estimate":"q50"},{"bfs_id":3251,"rcp":"RCP2.6","period":"2035","key":"HD","value":16.5,"estimate":"q95"},{"bfs_id":3251,"rcp":"RCP2.6","period":"2060","key":"HD","value":7.9,"estimate":"q5"},{"bfs_id":3251,"rcp":"RCP2.6","period":"2060","key":"HD","value":10.2,"estimate":"q50"},{"bfs_id":3251,"rcp":"RCP2.6","period":"2060","key":"HD","value":18.1,"estimate":"q95"},{"bfs_id":3251,"rcp":"RCP2.6","period":"2085","key":"HD","value":8.3,"estimate":"q5"},{"bfs_id":3251,"rcp":"RCP2.6","period":"2085","key":"HD","value":10.1,"estimate":"q50"},{"bfs_id":3251,"rcp":"RCP2.6","period":"2085","key":"HD","value":17.3,"estimate":"q95"},{"bfs_id":3251,"rcp":"RCP8.5","period":"2035","key":"HD","value":8.6,"estimate":"q5"},{"bfs_id":3251,"rcp":"RCP8.5","period":"2035","key":"HD","value":11.1,"estimate":"q50"},{"bfs_id":3251,"rcp":"RCP8.5","period":"2035","key":"HD","value":17.4,"estimate":"q95"},{"bfs_id":3251,"rcp":"RCP8.5","period":"2060","key":"HD","value":13.5,"estimate":"q5"},{"bfs_id":3251,"rcp":"RCP8.5","period":"2060","key":"HD","value":19.8,"estimate":"q50"},{"bfs_id":3251,"rcp":"RCP8.5","period":"2060","key":"HD","value":33.4,"estimate":"q95"},{"bfs_id":3251,"rcp":"RCP8.5","period":"2085","key":"HD","value":25.4,"estimate":"q5"},{"bfs_id":3251,"rcp":"RCP8.5","period":"2085","key":"HD","value":31.3,"estimate":"q50"},{"bfs_id":3251,"rcp":"RCP8.5","period":"2085","key":"HD","value":59.9,"estimate":"q95"},{"bfs_id":3251,"rcp":"RCP2.6","period":"2035","key":"ID","value":8.9,"estimate":"q5"},{"bfs_id":3251,"rcp":"RCP2.6","period":"2035","key":"ID","value":12.3,"estimate":"q50"},{"bfs_id":3251,"rcp":"RCP2.6","period":"2035","key":"ID","value":14.6,"estimate":"q95"},{"bfs_id":3251,"rcp":"RCP2.6","period":"2060","key":"ID","value":8.2,"estimate":"q5"},{"bfs_id":3251,"rcp":"RCP2.6","period":"2060","key":"ID","value":11.2,"estimate":"q50"},{"bfs_id":3251,"rcp":"RCP2.6","period":"2060","key":"ID","value":14.6,"estimate":"q95"},{"bfs_id":3251,"rcp":"RCP2.6","period":"2085","key":"ID","value":8.8,"estimate":"q5"},{"bfs_id":3251,"rcp":"RCP2.6","period":"2085","key":"ID","value":11.1,"estimate":"q50"},{"bfs_id":3251,"rcp":"RCP2.6","period":"2085","key":"ID","value":15.3,"estimate":"q95"},{"bfs_id":3251,"rcp":"RCP8.5","period":"2035","key":"ID","value":9.1,"estimate":"q5"},{"bfs_id":3251,"rcp":"RCP8.5","period":"2035","key":"ID","value":11.1,"estimate":"q50"},{"bfs_id":3251,"rcp":"RCP8.5","period":"2035","key":"ID","value":15.1,"estimate":"q95"},{"bfs_id":3251,"rcp":"RCP8.5","period":"2060","key":"ID","value":5.7,"estimate":"q5"},{"bfs_id":3251,"rcp":"RCP8.5","period":"2060","key":"ID","value":7.4,"estimate":"q50"},{"bfs_id":3251,"rcp":"RCP8.5","period":"2060","key":"ID","value":9.5,"estimate":"q95"},{"bfs_id":3251,"rcp":"RCP8.5","period":"2085","key":"ID","value":1.9,"estimate":"q5"},{"bfs_id":3251,"rcp":"RCP8.5","period":"2085","key":"ID","value":3.3,"estimate":"q50"},{"bfs_id":3251,"rcp":"RCP8.5","period":"2085","key":"ID","value":5.2,"estimate":"q95"},{"bfs_id":3251,"rcp":"RCP2.6","period":"2035","key":"SD","value":52.2,"estimate":"q5"},{"bfs_id":3251,"rcp":"RCP2.6","period":"2035","key":"SD","value":56.5,"estimate":"q50"},{"bfs_id":3251,"rcp":"RCP2.6","period":"2035","key":"SD","value":65.4,"estimate":"q95"},{"bfs_id":3251,"rcp":"RCP2.6","period":"2060","key":"SD","value":52.2,"estimate":"q5"},{"bfs_id":3251,"rcp":"RCP2.6","period":"2060","key":"SD","value":57.8,"estimate":"q50"},{"bfs_id":3251,"rcp":"RCP2.6","period":"2060","key":"SD","value":64.2,"estimate":"q95"},{"bfs_id":3251,"rcp":"RCP2.6","period":"2085","key":"SD","value":51.4,"estimate":"q5"},{"bfs_id":3251,"rcp":"RCP2.6","period":"2085","key":"SD","value":57.6,"estimate":"q50"},{"bfs_id":3251,"rcp":"RCP2.6","period":"2085","key":"SD","value":64.2,"estimate":"q95"},{"bfs_id":3251,"rcp":"RCP8.5","period":"2035","key":"SD","value":54.7,"estimate":"q5"},{"bfs_id":3251,"rcp":"RCP8.5","period":"2035","key":"SD","value":59.7,"estimate":"q50"},{"bfs_id":3251,"rcp":"RCP8.5","period":"2035","key":"SD","value":65.8,"estimate":"q95"},{"bfs_id":3251,"rcp":"RCP8.5","period":"2060","key":"SD","value":68.4,"estimate":"q5"},{"bfs_id":3251,"rcp":"RCP8.5","period":"2060","key":"SD","value":74.5,"estimate":"q50"},{"bfs_id":3251,"rcp":"RCP8.5","period":"2060","key":"SD","value":89.6,"estimate":"q95"},{"bfs_id":3251,"rcp":"RCP8.5","period":"2085","key":"SD","value":84.2,"estimate":"q5"},{"bfs_id":3251,"rcp":"RCP8.5","period":"2085","key":"SD","value":98.7,"estimate":"q50"},{"bfs_id":3251,"rcp":"RCP8.5","period":"2085","key":"SD","value":117.2,"estimate":"q95"},{"bfs_id":3251,"rcp":"RCP2.6","period":"2035","key":"snowdays","value":10.5,"estimate":"q5"},{"bfs_id":3251,"rcp":"RCP2.6","period":"2035","key":"snowdays","value":17.5,"estimate":"q50"},{"bfs_id":3251,"rcp":"RCP2.6","period":"2035","key":"snowdays","value":20.7,"estimate":"q95"},{"bfs_id":3251,"rcp":"RCP2.6","period":"2060","key":"snowdays","value":10,"estimate":"q5"},{"bfs_id":3251,"rcp":"RCP2.6","period":"2060","key":"snowdays","value":16.1,"estimate":"q50"},{"bfs_id":3251,"rcp":"RCP2.6","period":"2060","key":"snowdays","value":20.8,"estimate":"q95"},{"bfs_id":3251,"rcp":"RCP2.6","period":"2085","key":"snowdays","value":9.7,"estimate":"q5"},{"bfs_id":3251,"rcp":"RCP2.6","period":"2085","key":"snowdays","value":16.4,"estimate":"q50"},{"bfs_id":3251,"rcp":"RCP2.6","period":"2085","key":"snowdays","value":20,"estimate":"q95"},{"bfs_id":3251,"rcp":"RCP8.5","period":"2035","key":"snowdays","value":9.3,"estimate":"q5"},{"bfs_id":3251,"rcp":"RCP8.5","period":"2035","key":"snowdays","value":16.4,"estimate":"q50"},{"bfs_id":3251,"rcp":"RCP8.5","period":"2035","key":"snowdays","value":20.3,"estimate":"q95"},{"bfs_id":3251,"rcp":"RCP8.5","period":"2060","key":"snowdays","value":6.9,"estimate":"q5"},{"bfs_id":3251,"rcp":"RCP8.5","period":"2060","key":"snowdays","value":12.7,"estimate":"q50"},{"bfs_id":3251,"rcp":"RCP8.5","period":"2060","key":"snowdays","value":15.3,"estimate":"q95"},{"bfs_id":3251,"rcp":"RCP8.5","period":"2085","key":"snowdays","value":2.9,"estimate":"q5"},{"bfs_id":3251,"rcp":"RCP8.5","period":"2085","key":"snowdays","value":7.5,"estimate":"q50"},{"bfs_id":3251,"rcp":"RCP8.5","period":"2085","key":"snowdays","value":10.8,"estimate":"q95"},{"bfs_id":3251,"rcp":"RCP2.6","period":"2035","key":"TN","value":1.4,"estimate":"q5"},{"bfs_id":3251,"rcp":"RCP2.6","period":"2035","key":"TN","value":2.9,"estimate":"q50"},{"bfs_id":3251,"rcp":"RCP2.6","period":"2035","key":"TN","value":4.6,"estimate":"q95"},{"bfs_id":3251,"rcp":"RCP2.6","period":"2060","key":"TN","value":1.6,"estimate":"q5"},{"bfs_id":3251,"rcp":"RCP2.6","period":"2060","key":"TN","value":3.3,"estimate":"q50"},{"bfs_id":3251,"rcp":"RCP2.6","period":"2060","key":"TN","value":5.3,"estimate":"q95"},{"bfs_id":3251,"rcp":"RCP2.6","period":"2085","key":"TN","value":1.7,"estimate":"q5"},{"bfs_id":3251,"rcp":"RCP2.6","period":"2085","key":"TN","value":3,"estimate":"q50"},{"bfs_id":3251,"rcp":"RCP2.6","period":"2085","key":"TN","value":5.5,"estimate":"q95"},{"bfs_id":3251,"rcp":"RCP8.5","period":"2035","key":"TN","value":2,"estimate":"q5"},{"bfs_id":3251,"rcp":"RCP8.5","period":"2035","key":"TN","value":3.4,"estimate":"q50"},{"bfs_id":3251,"rcp":"RCP8.5","period":"2035","key":"TN","value":7,"estimate":"q95"},{"bfs_id":3251,"rcp":"RCP8.5","period":"2060","key":"TN","value":6.5,"estimate":"q5"},{"bfs_id":3251,"rcp":"RCP8.5","period":"2060","key":"TN","value":9.6,"estimate":"q50"},{"bfs_id":3251,"rcp":"RCP8.5","period":"2060","key":"TN","value":19.1,"estimate":"q95"},{"bfs_id":3251,"rcp":"RCP8.5","period":"2085","key":"TN","value":15.9,"estimate":"q5"},{"bfs_id":3251,"rcp":"RCP8.5","period":"2085","key":"TN","value":20.6,"estimate":"q50"},{"bfs_id":3251,"rcp":"RCP8.5","period":"2085","key":"TN","value":45.7,"estimate":"q95"},{"bfs_id":3251,"rcp":"RCP2.6","period":"2035","key":"pr","value":2.8,"estimate":"q5","season":"DJF"},{"bfs_id":3251,"rcp":"RCP2.6","period":"2035","key":"pr","value":3.4,"estimate":"q5","season":"MAM"},{"bfs_id":3251,"rcp":"RCP2.6","period":"2035","key":"pr","value":4,"estimate":"q5","season":"JJA"},{"bfs_id":3251,"rcp":"RCP2.6","period":"2035","key":"pr","value":3.1,"estimate":"q5","season":"SON"},{"bfs_id":3251,"rcp":"RCP2.6","period":"2035","key":"pr","value":3,"estimate":"q50","season":"DJF"},{"bfs_id":3251,"rcp":"RCP2.6","period":"2035","key":"pr","value":3.8,"estimate":"q50","season":"MAM"},{"bfs_id":3251,"rcp":"RCP2.6","period":"2035","key":"pr","value":4.8,"estimate":"q50","season":"JJA"},{"bfs_id":3251,"rcp":"RCP2.6","period":"2035","key":"pr","value":3.4,"estimate":"q50","season":"SON"},{"bfs_id":3251,"rcp":"RCP2.6","period":"2035","key":"pr","value":3.7,"estimate":"q95","season":"DJF"},{"bfs_id":3251,"rcp":"RCP2.6","period":"2035","key":"pr","value":4.1,"estimate":"q95","season":"MAM"},{"bfs_id":3251,"rcp":"RCP2.6","period":"2035","key":"pr","value":5.3,"estimate":"q95","season":"JJA"},{"bfs_id":3251,"rcp":"RCP2.6","period":"2035","key":"pr","value":4.2,"estimate":"q95","season":"SON"},{"bfs_id":3251,"rcp":"RCP2.6","period":"2060","key":"pr","value":2.7,"estimate":"q5","season":"DJF"},{"bfs_id":3251,"rcp":"RCP2.6","period":"2060","key":"pr","value":3.4,"estimate":"q5","season":"MAM"},{"bfs_id":3251,"rcp":"RCP2.6","period":"2060","key":"pr","value":3.9,"estimate":"q5","season":"JJA"},{"bfs_id":3251,"rcp":"RCP2.6","period":"2060","key":"pr","value":3.1,"estimate":"q5","season":"SON"},{"bfs_id":3251,"rcp":"RCP2.6","period":"2060","key":"pr","value":3.1,"estimate":"q50","season":"DJF"},{"bfs_id":3251,"rcp":"RCP2.6","period":"2060","key":"pr","value":3.8,"estimate":"q50","season":"MAM"},{"bfs_id":3251,"rcp":"RCP2.6","period":"2060","key":"pr","value":4.9,"estimate":"q50","season":"JJA"},{"bfs_id":3251,"rcp":"RCP2.6","period":"2060","key":"pr","value":3.4,"estimate":"q50","season":"SON"},{"bfs_id":3251,"rcp":"RCP2.6","period":"2060","key":"pr","value":3.4,"estimate":"q95","season":"DJF"},{"bfs_id":3251,"rcp":"RCP2.6","period":"2060","key":"pr","value":4.2,"estimate":"q95","season":"MAM"},{"bfs_id":3251,"rcp":"RCP2.6","period":"2060","key":"pr","value":5.5,"estimate":"q95","season":"JJA"},{"bfs_id":3251,"rcp":"RCP2.6","period":"2060","key":"pr","value":4,"estimate":"q95","season":"SON"},{"bfs_id":3251,"rcp":"RCP2.6","period":"2085","key":"pr","value":2.7,"estimate":"q5","season":"DJF"},{"bfs_id":3251,"rcp":"RCP2.6","period":"2085","key":"pr","value":3.3,"estimate":"q5","season":"MAM"},{"bfs_id":3251,"rcp":"RCP2.6","period":"2085","key":"pr","value":4,"estimate":"q5","season":"JJA"},{"bfs_id":3251,"rcp":"RCP2.6","period":"2085","key":"pr","value":3.1,"estimate":"q5","season":"SON"},{"bfs_id":3251,"rcp":"RCP2.6","period":"2085","key":"pr","value":3,"estimate":"q50","season":"DJF"},{"bfs_id":3251,"rcp":"RCP2.6","period":"2085","key":"pr","value":3.7,"estimate":"q50","season":"MAM"},{"bfs_id":3251,"rcp":"RCP2.6","period":"2085","key":"pr","value":5,"estimate":"q50","season":"JJA"},{"bfs_id":3251,"rcp":"RCP2.6","period":"2085","key":"pr","value":3.4,"estimate":"q50","season":"SON"},{"bfs_id":3251,"rcp":"RCP2.6","period":"2085","key":"pr","value":3.6,"estimate":"q95","season":"DJF"},{"bfs_id":3251,"rcp":"RCP2.6","period":"2085","key":"pr","value":4.1,"estimate":"q95","season":"MAM"},{"bfs_id":3251,"rcp":"RCP2.6","period":"2085","key":"pr","value":5.4,"estimate":"q95","season":"JJA"},{"bfs_id":3251,"rcp":"RCP2.6","period":"2085","key":"pr","value":3.9,"estimate":"q95","season":"SON"},{"bfs_id":3251,"rcp":"RCP8.5","period":"2035","key":"pr","value":2.8,"estimate":"q5","season":"DJF"},{"bfs_id":3251,"rcp":"RCP8.5","period":"2035","key":"pr","value":3.5,"estimate":"q5","season":"MAM"},{"bfs_id":3251,"rcp":"RCP8.5","period":"2035","key":"pr","value":4.2,"estimate":"q5","season":"JJA"},{"bfs_id":3251,"rcp":"RCP8.5","period":"2035","key":"pr","value":3.2,"estimate":"q5","season":"SON"},{"bfs_id":3251,"rcp":"RCP8.5","period":"2035","key":"pr","value":3.2,"estimate":"q50","season":"DJF"},{"bfs_id":3251,"rcp":"RCP8.5","period":"2035","key":"pr","value":3.8,"estimate":"q50","season":"MAM"},{"bfs_id":3251,"rcp":"RCP8.5","period":"2035","key":"pr","value":4.9,"estimate":"q50","season":"JJA"},{"bfs_id":3251,"rcp":"RCP8.5","period":"2035","key":"pr","value":3.6,"estimate":"q50","season":"SON"},{"bfs_id":3251,"rcp":"RCP8.5","period":"2035","key":"pr","value":3.5,"estimate":"q95","season":"DJF"},{"bfs_id":3251,"rcp":"RCP8.5","period":"2035","key":"pr","value":4.2,"estimate":"q95","season":"MAM"},{"bfs_id":3251,"rcp":"RCP8.5","period":"2035","key":"pr","value":5.3,"estimate":"q95","season":"JJA"},{"bfs_id":3251,"rcp":"RCP8.5","period":"2035","key":"pr","value":4,"estimate":"q95","season":"SON"},{"bfs_id":3251,"rcp":"RCP8.5","period":"2060","key":"pr","value":2.9,"estimate":"q5","season":"DJF"},{"bfs_id":3251,"rcp":"RCP8.5","period":"2060","key":"pr","value":3.7,"estimate":"q5","season":"MAM"},{"bfs_id":3251,"rcp":"RCP8.5","period":"2060","key":"pr","value":3.4,"estimate":"q5","season":"JJA"},{"bfs_id":3251,"rcp":"RCP8.5","period":"2060","key":"pr","value":3.2,"estimate":"q5","season":"SON"},{"bfs_id":3251,"rcp":"RCP8.5","period":"2060","key":"pr","value":3.3,"estimate":"q50","season":"DJF"},{"bfs_id":3251,"rcp":"RCP8.5","period":"2060","key":"pr","value":4,"estimate":"q50","season":"MAM"},{"bfs_id":3251,"rcp":"RCP8.5","period":"2060","key":"pr","value":4.7,"estimate":"q50","season":"JJA"},{"bfs_id":3251,"rcp":"RCP8.5","period":"2060","key":"pr","value":3.5,"estimate":"q50","season":"SON"},{"bfs_id":3251,"rcp":"RCP8.5","period":"2060","key":"pr","value":3.6,"estimate":"q95","season":"DJF"},{"bfs_id":3251,"rcp":"RCP8.5","period":"2060","key":"pr","value":4.6,"estimate":"q95","season":"MAM"},{"bfs_id":3251,"rcp":"RCP8.5","period":"2060","key":"pr","value":5.4,"estimate":"q95","season":"JJA"},{"bfs_id":3251,"rcp":"RCP8.5","period":"2060","key":"pr","value":3.9,"estimate":"q95","season":"SON"},{"bfs_id":3251,"rcp":"RCP8.5","period":"2085","key":"pr","value":3.1,"estimate":"q5","season":"DJF"},{"bfs_id":3251,"rcp":"RCP8.5","period":"2085","key":"pr","value":3.7,"estimate":"q5","season":"MAM"},{"bfs_id":3251,"rcp":"RCP8.5","period":"2085","key":"pr","value":2.8,"estimate":"q5","season":"JJA"},{"bfs_id":3251,"rcp":"RCP8.5","period":"2085","key":"pr","value":2.8,"estimate":"q5","season":"SON"},{"bfs_id":3251,"rcp":"RCP8.5","period":"2085","key":"pr","value":3.4,"estimate":"q50","season":"DJF"},{"bfs_id":3251,"rcp":"RCP8.5","period":"2085","key":"pr","value":4.2,"estimate":"q50","season":"MAM"},{"bfs_id":3251,"rcp":"RCP8.5","period":"2085","key":"pr","value":4.2,"estimate":"q50","season":"JJA"},{"bfs_id":3251,"rcp":"RCP8.5","period":"2085","key":"pr","value":3.4,"estimate":"q50","season":"SON"},{"bfs_id":3251,"rcp":"RCP8.5","period":"2085","key":"pr","value":4,"estimate":"q95","season":"DJF"},{"bfs_id":3251,"rcp":"RCP8.5","period":"2085","key":"pr","value":4.7,"estimate":"q95","season":"MAM"},{"bfs_id":3251,"rcp":"RCP8.5","period":"2085","key":"pr","value":4.7,"estimate":"q95","season":"JJA"},{"bfs_id":3251,"rcp":"RCP8.5","period":"2085","key":"pr","value":4.2,"estimate":"q95","season":"SON"},{"bfs_id":3251,"rcp":"RCP2.6","period":"2035","key":"tas","value":2.2,"estimate":"q5","season":"DJF"},{"bfs_id":3251,"rcp":"RCP2.6","period":"2035","key":"tas","value":9.9,"estimate":"q5","season":"MAM"},{"bfs_id":3251,"rcp":"RCP2.6","period":"2035","key":"tas","value":18.8,"estimate":"q5","season":"JJA"},{"bfs_id":3251,"rcp":"RCP2.6","period":"2035","key":"tas","value":10.8,"estimate":"q5","season":"SON"},{"bfs_id":3251,"rcp":"RCP2.6","period":"2035","key":"tas","value":2.7,"estimate":"q50","season":"DJF"},{"bfs_id":3251,"rcp":"RCP2.6","period":"2035","key":"tas","value":10.6,"estimate":"q50","season":"MAM"},{"bfs_id":3251,"rcp":"RCP2.6","period":"2035","key":"tas","value":19.4,"estimate":"q50","season":"JJA"},{"bfs_id":3251,"rcp":"RCP2.6","period":"2035","key":"tas","value":11.2,"estimate":"q50","season":"SON"},{"bfs_id":3251,"rcp":"RCP2.6","period":"2035","key":"tas","value":3.5,"estimate":"q95","season":"DJF"},{"bfs_id":3251,"rcp":"RCP2.6","period":"2035","key":"tas","value":10.9,"estimate":"q95","season":"MAM"},{"bfs_id":3251,"rcp":"RCP2.6","period":"2035","key":"tas","value":20.1,"estimate":"q95","season":"JJA"},{"bfs_id":3251,"rcp":"RCP2.6","period":"2035","key":"tas","value":12.2,"estimate":"q95","season":"SON"},{"bfs_id":3251,"rcp":"RCP2.6","period":"2060","key":"tas","value":2.1,"estimate":"q5","season":"DJF"},{"bfs_id":3251,"rcp":"RCP2.6","period":"2060","key":"tas","value":9.8,"estimate":"q5","season":"MAM"},{"bfs_id":3251,"rcp":"RCP2.6","period":"2060","key":"tas","value":19.1,"estimate":"q5","season":"JJA"},{"bfs_id":3251,"rcp":"RCP2.6","period":"2060","key":"tas","value":11.1,"estimate":"q5","season":"SON"},{"bfs_id":3251,"rcp":"RCP2.6","period":"2060","key":"tas","value":3,"estimate":"q50","season":"DJF"},{"bfs_id":3251,"rcp":"RCP2.6","period":"2060","key":"tas","value":10.5,"estimate":"q50","season":"MAM"},{"bfs_id":3251,"rcp":"RCP2.6","period":"2060","key":"tas","value":19.5,"estimate":"q50","season":"JJA"},{"bfs_id":3251,"rcp":"RCP2.6","period":"2060","key":"tas","value":11.5,"estimate":"q50","season":"SON"},{"bfs_id":3251,"rcp":"RCP2.6","period":"2060","key":"tas","value":3.7,"estimate":"q95","season":"DJF"},{"bfs_id":3251,"rcp":"RCP2.6","period":"2060","key":"tas","value":11.1,"estimate":"q95","season":"MAM"},{"bfs_id":3251,"rcp":"RCP2.6","period":"2060","key":"tas","value":20.2,"estimate":"q95","season":"JJA"},{"bfs_id":3251,"rcp":"RCP2.6","period":"2060","key":"tas","value":12.5,"estimate":"q95","season":"SON"},{"bfs_id":3251,"rcp":"RCP2.6","period":"2085","key":"tas","value":2.2,"estimate":"q5","season":"DJF"},{"bfs_id":3251,"rcp":"RCP2.6","period":"2085","key":"tas","value":9.9,"estimate":"q5","season":"MAM"},{"bfs_id":3251,"rcp":"RCP2.6","period":"2085","key":"tas","value":19,"estimate":"q5","season":"JJA"},{"bfs_id":3251,"rcp":"RCP2.6","period":"2085","key":"tas","value":10.9,"estimate":"q5","season":"SON"},{"bfs_id":3251,"rcp":"RCP2.6","period":"2085","key":"tas","value":3,"estimate":"q50","season":"DJF"},{"bfs_id":3251,"rcp":"RCP2.6","period":"2085","key":"tas","value":10.6,"estimate":"q50","season":"MAM"},{"bfs_id":3251,"rcp":"RCP2.6","period":"2085","key":"tas","value":19.4,"estimate":"q50","season":"JJA"},{"bfs_id":3251,"rcp":"RCP2.6","period":"2085","key":"tas","value":11.4,"estimate":"q50","season":"SON"},{"bfs_id":3251,"rcp":"RCP2.6","period":"2085","key":"tas","value":3.7,"estimate":"q95","season":"DJF"},{"bfs_id":3251,"rcp":"RCP2.6","period":"2085","key":"tas","value":11.2,"estimate":"q95","season":"MAM"},{"bfs_id":3251,"rcp":"RCP2.6","period":"2085","key":"tas","value":20.1,"estimate":"q95","season":"JJA"},{"bfs_id":3251,"rcp":"RCP2.6","period":"2085","key":"tas","value":12.5,"estimate":"q95","season":"SON"},{"bfs_id":3251,"rcp":"RCP8.5","period":"2035","key":"tas","value":2.2,"estimate":"q5","season":"DJF"},{"bfs_id":3251,"rcp":"RCP8.5","period":"2035","key":"tas","value":10.2,"estimate":"q5","season":"MAM"},{"bfs_id":3251,"rcp":"RCP8.5","period":"2035","key":"tas","value":19.3,"estimate":"q5","season":"JJA"},{"bfs_id":3251,"rcp":"RCP8.5","period":"2035","key":"tas","value":11.1,"estimate":"q5","season":"SON"},{"bfs_id":3251,"rcp":"RCP8.5","period":"2035","key":"tas","value":3,"estimate":"q50","season":"DJF"},{"bfs_id":3251,"rcp":"RCP8.5","period":"2035","key":"tas","value":10.6,"estimate":"q50","season":"MAM"},{"bfs_id":3251,"rcp":"RCP8.5","period":"2035","key":"tas","value":19.7,"estimate":"q50","season":"JJA"},{"bfs_id":3251,"rcp":"RCP8.5","period":"2035","key":"tas","value":11.6,"estimate":"q50","season":"SON"},{"bfs_id":3251,"rcp":"RCP8.5","period":"2035","key":"tas","value":3.5,"estimate":"q95","season":"DJF"},{"bfs_id":3251,"rcp":"RCP8.5","period":"2035","key":"tas","value":11,"estimate":"q95","season":"MAM"},{"bfs_id":3251,"rcp":"RCP8.5","period":"2035","key":"tas","value":20.4,"estimate":"q95","season":"JJA"},{"bfs_id":3251,"rcp":"RCP8.5","period":"2035","key":"tas","value":12.5,"estimate":"q95","season":"SON"},{"bfs_id":3251,"rcp":"RCP8.5","period":"2060","key":"tas","value":3.5,"estimate":"q5","season":"DJF"},{"bfs_id":3251,"rcp":"RCP8.5","period":"2060","key":"tas","value":11.1,"estimate":"q5","season":"MAM"},{"bfs_id":3251,"rcp":"RCP8.5","period":"2060","key":"tas","value":20.3,"estimate":"q5","season":"JJA"},{"bfs_id":3251,"rcp":"RCP8.5","period":"2060","key":"tas","value":12.2,"estimate":"q5","season":"SON"},{"bfs_id":3251,"rcp":"RCP8.5","period":"2060","key":"tas","value":4,"estimate":"q50","season":"DJF"},{"bfs_id":3251,"rcp":"RCP8.5","period":"2060","key":"tas","value":11.7,"estimate":"q50","season":"MAM"},{"bfs_id":3251,"rcp":"RCP8.5","period":"2060","key":"tas","value":20.8,"estimate":"q50","season":"JJA"},{"bfs_id":3251,"rcp":"RCP8.5","period":"2060","key":"tas","value":12.8,"estimate":"q50","season":"SON"},{"bfs_id":3251,"rcp":"RCP8.5","period":"2060","key":"tas","value":4.7,"estimate":"q95","season":"DJF"},{"bfs_id":3251,"rcp":"RCP8.5","period":"2060","key":"tas","value":12.5,"estimate":"q95","season":"MAM"},{"bfs_id":3251,"rcp":"RCP8.5","period":"2060","key":"tas","value":22,"estimate":"q95","season":"JJA"},{"bfs_id":3251,"rcp":"RCP8.5","period":"2060","key":"tas","value":13.7,"estimate":"q95","season":"SON"},{"bfs_id":3251,"rcp":"RCP8.5","period":"2085","key":"tas","value":4.8,"estimate":"q5","season":"DJF"},{"bfs_id":3251,"rcp":"RCP8.5","period":"2085","key":"tas","value":12.1,"estimate":"q5","season":"MAM"},{"bfs_id":3251,"rcp":"RCP8.5","period":"2085","key":"tas","value":21.8,"estimate":"q5","season":"JJA"},{"bfs_id":3251,"rcp":"RCP8.5","period":"2085","key":"tas","value":13.2,"estimate":"q5","season":"SON"},{"bfs_id":3251,"rcp":"RCP8.5","period":"2085","key":"tas","value":5.9,"estimate":"q50","season":"DJF"},{"bfs_id":3251,"rcp":"RCP8.5","period":"2085","key":"tas","value":13,"estimate":"q50","season":"MAM"},{"bfs_id":3251,"rcp":"RCP8.5","period":"2085","key":"tas","value":22.4,"estimate":"q50","season":"JJA"},{"bfs_id":3251,"rcp":"RCP8.5","period":"2085","key":"tas","value":14.1,"estimate":"q50","season":"SON"},{"bfs_id":3251,"rcp":"RCP8.5","period":"2085","key":"tas","value":6.6,"estimate":"q95","season":"DJF"},{"bfs_id":3251,"rcp":"RCP8.5","period":"2085","key":"tas","value":14.2,"estimate":"q95","season":"MAM"},{"bfs_id":3251,"rcp":"RCP8.5","period":"2085","key":"tas","value":25,"estimate":"q95","season":"JJA"},{"bfs_id":3251,"rcp":"RCP8.5","period":"2085","key":"tas","value":15.9,"estimate":"q95","season":"SON"},{"bfs_id":3251,"rcp":"obs","period":"1981-2010","key":"FD","value":74.1,"estimate":"yearly_mean"},{"bfs_id":3251,"rcp":"obs","period":"1981-2010","key":"HD","value":5.4,"estimate":"yearly_mean"},{"bfs_id":3251,"rcp":"obs","period":"1981-2010","key":"ID","value":17.7,"estimate":"yearly_mean"},{"bfs_id":3251,"rcp":"obs","period":"1981-2010","key":"SD","value":44,"estimate":"yearly_mean"},{"bfs_id":3251,"rcp":"obs","period":"1981-2010","key":"snowdays","value":18.4,"estimate":"yearly_mean"},{"bfs_id":3251,"rcp":"obs","period":"1981-2010","key":"TN","value":0.6,"estimate":"yearly_mean"},{"bfs_id":3251,"rcp":"obs","period":"1981-2010","key":"pr","value":2.7,"estimate":"mean","season":"DJF"},{"bfs_id":3251,"rcp":"obs","period":"1981-2010","key":"pr","value":3.6,"estimate":"mean","season":"MAM"},{"bfs_id":3251,"rcp":"obs","period":"1981-2010","key":"pr","value":5.4,"estimate":"mean","season":"JJA"},{"bfs_id":3251,"rcp":"obs","period":"1981-2010","key":"pr","value":3.5,"estimate":"mean","season":"SON"},{"bfs_id":3251,"rcp":"obs","period":"1981-2010","key":"tas","value":1.5,"estimate":"mean","season":"DJF"},{"bfs_id":3251,"rcp":"obs","period":"1981-2010","key":"tas","value":9.9,"estimate":"mean","season":"MAM"},{"bfs_id":3251,"rcp":"obs","period":"1981-2010","key":"tas","value":18.3,"estimate":"mean","season":"JJA"},{"bfs_id":3251,"rcp":"obs","period":"1981-2010","key":"tas","value":10.2,"estimate":"mean","season":"SON"}]
