[{"bfs_id":3695,"rcp":"RCP2.6","period":"2035","key":"FD","value":155.2,"estimate":"q5"},{"bfs_id":3695,"rcp":"RCP2.6","period":"2035","key":"FD","value":164.1,"estimate":"q50"},{"bfs_id":3695,"rcp":"RCP2.6","period":"2035","key":"FD","value":174.3,"estimate":"q95"},{"bfs_id":3695,"rcp":"RCP2.6","period":"2060","key":"FD","value":152.2,"estimate":"q5"},{"bfs_id":3695,"rcp":"RCP2.6","period":"2060","key":"FD","value":161.9,"estimate":"q50"},{"bfs_id":3695,"rcp":"RCP2.6","period":"2060","key":"FD","value":173.1,"estimate":"q95"},{"bfs_id":3695,"rcp":"RCP2.6","period":"2085","key":"FD","value":152.4,"estimate":"q5"},{"bfs_id":3695,"rcp":"RCP2.6","period":"2085","key":"FD","value":164.1,"estimate":"q50"},{"bfs_id":3695,"rcp":"RCP2.6","period":"2085","key":"FD","value":174.1,"estimate":"q95"},{"bfs_id":3695,"rcp":"RCP8.5","period":"2035","key":"FD","value":153.2,"estimate":"q5"},{"bfs_id":3695,"rcp":"RCP8.5","period":"2035","key":"FD","value":160.1,"estimate":"q50"},{"bfs_id":3695,"rcp":"RCP8.5","period":"2035","key":"FD","value":169.6,"estimate":"q95"},{"bfs_id":3695,"rcp":"RCP8.5","period":"2060","key":"FD","value":134.5,"estimate":"q5"},{"bfs_id":3695,"rcp":"RCP8.5","period":"2060","key":"FD","value":143.5,"estimate":"q50"},{"bfs_id":3695,"rcp":"RCP8.5","period":"2060","key":"FD","value":153.6,"estimate":"q95"},{"bfs_id":3695,"rcp":"RCP8.5","period":"2085","key":"FD","value":110.3,"estimate":"q5"},{"bfs_id":3695,"rcp":"RCP8.5","period":"2085","key":"FD","value":121.9,"estimate":"q50"},{"bfs_id":3695,"rcp":"RCP8.5","period":"2085","key":"FD","value":134.4,"estimate":"q95"},{"bfs_id":3695,"rcp":"RCP2.6","period":"2035","key":"HD","value":0,"estimate":"q5"},{"bfs_id":3695,"rcp":"RCP2.6","period":"2035","key":"HD","value":0,"estimate":"q50"},{"bfs_id":3695,"rcp":"RCP2.6","period":"2035","key":"HD","value":0.1,"estimate":"q95"},{"bfs_id":3695,"rcp":"RCP2.6","period":"2060","key":"HD","value":0,"estimate":"q5"},{"bfs_id":3695,"rcp":"RCP2.6","period":"2060","key":"HD","value":0,"estimate":"q50"},{"bfs_id":3695,"rcp":"RCP2.6","period":"2060","key":"HD","value":0.1,"estimate":"q95"},{"bfs_id":3695,"rcp":"RCP2.6","period":"2085","key":"HD","value":0,"estimate":"q5"},{"bfs_id":3695,"rcp":"RCP2.6","period":"2085","key":"HD","value":0,"estimate":"q50"},{"bfs_id":3695,"rcp":"RCP2.6","period":"2085","key":"HD","value":0.1,"estimate":"q95"},{"bfs_id":3695,"rcp":"RCP8.5","period":"2035","key":"HD","value":0,"estimate":"q5"},{"bfs_id":3695,"rcp":"RCP8.5","period":"2035","key":"HD","value":0,"estimate":"q50"},{"bfs_id":3695,"rcp":"RCP8.5","period":"2035","key":"HD","value":0.4,"estimate":"q95"},{"bfs_id":3695,"rcp":"RCP8.5","period":"2060","key":"HD","value":0.1,"estimate":"q5"},{"bfs_id":3695,"rcp":"RCP8.5","period":"2060","key":"HD","value":0.4,"estimate":"q50"},{"bfs_id":3695,"rcp":"RCP8.5","period":"2060","key":"HD","value":1.8,"estimate":"q95"},{"bfs_id":3695,"rcp":"RCP8.5","period":"2085","key":"HD","value":0.4,"estimate":"q5"},{"bfs_id":3695,"rcp":"RCP8.5","period":"2085","key":"HD","value":1.9,"estimate":"q50"},{"bfs_id":3695,"rcp":"RCP8.5","period":"2085","key":"HD","value":13,"estimate":"q95"},{"bfs_id":3695,"rcp":"RCP2.6","period":"2035","key":"ID","value":39.8,"estimate":"q5"},{"bfs_id":3695,"rcp":"RCP2.6","period":"2035","key":"ID","value":46.4,"estimate":"q50"},{"bfs_id":3695,"rcp":"RCP2.6","period":"2035","key":"ID","value":50.9,"estimate":"q95"},{"bfs_id":3695,"rcp":"RCP2.6","period":"2060","key":"ID","value":37.8,"estimate":"q5"},{"bfs_id":3695,"rcp":"RCP2.6","period":"2060","key":"ID","value":43.4,"estimate":"q50"},{"bfs_id":3695,"rcp":"RCP2.6","period":"2060","key":"ID","value":49.1,"estimate":"q95"},{"bfs_id":3695,"rcp":"RCP2.6","period":"2085","key":"ID","value":36.5,"estimate":"q5"},{"bfs_id":3695,"rcp":"RCP2.6","period":"2085","key":"ID","value":45.1,"estimate":"q50"},{"bfs_id":3695,"rcp":"RCP2.6","period":"2085","key":"ID","value":50.2,"estimate":"q95"},{"bfs_id":3695,"rcp":"RCP8.5","period":"2035","key":"ID","value":36.4,"estimate":"q5"},{"bfs_id":3695,"rcp":"RCP8.5","period":"2035","key":"ID","value":43.2,"estimate":"q50"},{"bfs_id":3695,"rcp":"RCP8.5","period":"2035","key":"ID","value":49,"estimate":"q95"},{"bfs_id":3695,"rcp":"RCP8.5","period":"2060","key":"ID","value":27.1,"estimate":"q5"},{"bfs_id":3695,"rcp":"RCP8.5","period":"2060","key":"ID","value":33.6,"estimate":"q50"},{"bfs_id":3695,"rcp":"RCP8.5","period":"2060","key":"ID","value":37.3,"estimate":"q95"},{"bfs_id":3695,"rcp":"RCP8.5","period":"2085","key":"ID","value":13.4,"estimate":"q5"},{"bfs_id":3695,"rcp":"RCP8.5","period":"2085","key":"ID","value":19.7,"estimate":"q50"},{"bfs_id":3695,"rcp":"RCP8.5","period":"2085","key":"ID","value":26.8,"estimate":"q95"},{"bfs_id":3695,"rcp":"RCP2.6","period":"2035","key":"SD","value":1.9,"estimate":"q5"},{"bfs_id":3695,"rcp":"RCP2.6","period":"2035","key":"SD","value":3.3,"estimate":"q50"},{"bfs_id":3695,"rcp":"RCP2.6","period":"2035","key":"SD","value":4.9,"estimate":"q95"},{"bfs_id":3695,"rcp":"RCP2.6","period":"2060","key":"SD","value":2,"estimate":"q5"},{"bfs_id":3695,"rcp":"RCP2.6","period":"2060","key":"SD","value":4,"estimate":"q50"},{"bfs_id":3695,"rcp":"RCP2.6","period":"2060","key":"SD","value":6.6,"estimate":"q95"},{"bfs_id":3695,"rcp":"RCP2.6","period":"2085","key":"SD","value":2.1,"estimate":"q5"},{"bfs_id":3695,"rcp":"RCP2.6","period":"2085","key":"SD","value":3.6,"estimate":"q50"},{"bfs_id":3695,"rcp":"RCP2.6","period":"2085","key":"SD","value":6.1,"estimate":"q95"},{"bfs_id":3695,"rcp":"RCP8.5","period":"2035","key":"SD","value":2.4,"estimate":"q5"},{"bfs_id":3695,"rcp":"RCP8.5","period":"2035","key":"SD","value":4.5,"estimate":"q50"},{"bfs_id":3695,"rcp":"RCP8.5","period":"2035","key":"SD","value":11.5,"estimate":"q95"},{"bfs_id":3695,"rcp":"RCP8.5","period":"2060","key":"SD","value":6.3,"estimate":"q5"},{"bfs_id":3695,"rcp":"RCP8.5","period":"2060","key":"SD","value":13.7,"estimate":"q50"},{"bfs_id":3695,"rcp":"RCP8.5","period":"2060","key":"SD","value":25.9,"estimate":"q95"},{"bfs_id":3695,"rcp":"RCP8.5","period":"2085","key":"SD","value":17,"estimate":"q5"},{"bfs_id":3695,"rcp":"RCP8.5","period":"2085","key":"SD","value":27.1,"estimate":"q50"},{"bfs_id":3695,"rcp":"RCP8.5","period":"2085","key":"SD","value":54.8,"estimate":"q95"},{"bfs_id":3695,"rcp":"RCP2.6","period":"2035","key":"snowdays","value":27.2,"estimate":"q5"},{"bfs_id":3695,"rcp":"RCP2.6","period":"2035","key":"snowdays","value":34.2,"estimate":"q50"},{"bfs_id":3695,"rcp":"RCP2.6","period":"2035","key":"snowdays","value":43.1,"estimate":"q95"},{"bfs_id":3695,"rcp":"RCP2.6","period":"2060","key":"snowdays","value":26.5,"estimate":"q5"},{"bfs_id":3695,"rcp":"RCP2.6","period":"2060","key":"snowdays","value":33.6,"estimate":"q50"},{"bfs_id":3695,"rcp":"RCP2.6","period":"2060","key":"snowdays","value":42.9,"estimate":"q95"},{"bfs_id":3695,"rcp":"RCP2.6","period":"2085","key":"snowdays","value":27.9,"estimate":"q5"},{"bfs_id":3695,"rcp":"RCP2.6","period":"2085","key":"snowdays","value":33.6,"estimate":"q50"},{"bfs_id":3695,"rcp":"RCP2.6","period":"2085","key":"snowdays","value":42.7,"estimate":"q95"},{"bfs_id":3695,"rcp":"RCP8.5","period":"2035","key":"snowdays","value":27.4,"estimate":"q5"},{"bfs_id":3695,"rcp":"RCP8.5","period":"2035","key":"snowdays","value":33.3,"estimate":"q50"},{"bfs_id":3695,"rcp":"RCP8.5","period":"2035","key":"snowdays","value":41.4,"estimate":"q95"},{"bfs_id":3695,"rcp":"RCP8.5","period":"2060","key":"snowdays","value":21.7,"estimate":"q5"},{"bfs_id":3695,"rcp":"RCP8.5","period":"2060","key":"snowdays","value":27.5,"estimate":"q50"},{"bfs_id":3695,"rcp":"RCP8.5","period":"2060","key":"snowdays","value":38.1,"estimate":"q95"},{"bfs_id":3695,"rcp":"RCP8.5","period":"2085","key":"snowdays","value":15.1,"estimate":"q5"},{"bfs_id":3695,"rcp":"RCP8.5","period":"2085","key":"snowdays","value":21.3,"estimate":"q50"},{"bfs_id":3695,"rcp":"RCP8.5","period":"2085","key":"snowdays","value":32.4,"estimate":"q95"},{"bfs_id":3695,"rcp":"RCP2.6","period":"2035","key":"TN","value":0,"estimate":"q5"},{"bfs_id":3695,"rcp":"RCP2.6","period":"2035","key":"TN","value":0,"estimate":"q50"},{"bfs_id":3695,"rcp":"RCP2.6","period":"2035","key":"TN","value":0,"estimate":"q95"},{"bfs_id":3695,"rcp":"RCP2.6","period":"2060","key":"TN","value":0,"estimate":"q5"},{"bfs_id":3695,"rcp":"RCP2.6","period":"2060","key":"TN","value":0,"estimate":"q50"},{"bfs_id":3695,"rcp":"RCP2.6","period":"2060","key":"TN","value":0,"estimate":"q95"},{"bfs_id":3695,"rcp":"RCP2.6","period":"2085","key":"TN","value":0,"estimate":"q5"},{"bfs_id":3695,"rcp":"RCP2.6","period":"2085","key":"TN","value":0,"estimate":"q50"},{"bfs_id":3695,"rcp":"RCP2.6","period":"2085","key":"TN","value":0,"estimate":"q95"},{"bfs_id":3695,"rcp":"RCP8.5","period":"2035","key":"TN","value":0,"estimate":"q5"},{"bfs_id":3695,"rcp":"RCP8.5","period":"2035","key":"TN","value":0,"estimate":"q50"},{"bfs_id":3695,"rcp":"RCP8.5","period":"2035","key":"TN","value":0,"estimate":"q95"},{"bfs_id":3695,"rcp":"RCP8.5","period":"2060","key":"TN","value":0,"estimate":"q5"},{"bfs_id":3695,"rcp":"RCP8.5","period":"2060","key":"TN","value":0,"estimate":"q50"},{"bfs_id":3695,"rcp":"RCP8.5","period":"2060","key":"TN","value":0.1,"estimate":"q95"},{"bfs_id":3695,"rcp":"RCP8.5","period":"2085","key":"TN","value":0,"estimate":"q5"},{"bfs_id":3695,"rcp":"RCP8.5","period":"2085","key":"TN","value":0,"estimate":"q50"},{"bfs_id":3695,"rcp":"RCP8.5","period":"2085","key":"TN","value":1.5,"estimate":"q95"},{"bfs_id":3695,"rcp":"RCP2.6","period":"2035","key":"pr","value":1.7,"estimate":"q5","season":"DJF"},{"bfs_id":3695,"rcp":"RCP2.6","period":"2035","key":"pr","value":2.9,"estimate":"q5","season":"MAM"},{"bfs_id":3695,"rcp":"RCP2.6","period":"2035","key":"pr","value":3.3,"estimate":"q5","season":"JJA"},{"bfs_id":3695,"rcp":"RCP2.6","period":"2035","key":"pr","value":3,"estimate":"q5","season":"SON"},{"bfs_id":3695,"rcp":"RCP2.6","period":"2035","key":"pr","value":2.1,"estimate":"q50","season":"DJF"},{"bfs_id":3695,"rcp":"RCP2.6","period":"2035","key":"pr","value":3.1,"estimate":"q50","season":"MAM"},{"bfs_id":3695,"rcp":"RCP2.6","period":"2035","key":"pr","value":4.2,"estimate":"q50","season":"JJA"},{"bfs_id":3695,"rcp":"RCP2.6","period":"2035","key":"pr","value":3.7,"estimate":"q50","season":"SON"},{"bfs_id":3695,"rcp":"RCP2.6","period":"2035","key":"pr","value":2.3,"estimate":"q95","season":"DJF"},{"bfs_id":3695,"rcp":"RCP2.6","period":"2035","key":"pr","value":3.7,"estimate":"q95","season":"MAM"},{"bfs_id":3695,"rcp":"RCP2.6","period":"2035","key":"pr","value":4.7,"estimate":"q95","season":"JJA"},{"bfs_id":3695,"rcp":"RCP2.6","period":"2035","key":"pr","value":4.4,"estimate":"q95","season":"SON"},{"bfs_id":3695,"rcp":"RCP2.6","period":"2060","key":"pr","value":1.8,"estimate":"q5","season":"DJF"},{"bfs_id":3695,"rcp":"RCP2.6","period":"2060","key":"pr","value":2.6,"estimate":"q5","season":"MAM"},{"bfs_id":3695,"rcp":"RCP2.6","period":"2060","key":"pr","value":3.3,"estimate":"q5","season":"JJA"},{"bfs_id":3695,"rcp":"RCP2.6","period":"2060","key":"pr","value":3.1,"estimate":"q5","season":"SON"},{"bfs_id":3695,"rcp":"RCP2.6","period":"2060","key":"pr","value":2,"estimate":"q50","season":"DJF"},{"bfs_id":3695,"rcp":"RCP2.6","period":"2060","key":"pr","value":3.1,"estimate":"q50","season":"MAM"},{"bfs_id":3695,"rcp":"RCP2.6","period":"2060","key":"pr","value":4.2,"estimate":"q50","season":"JJA"},{"bfs_id":3695,"rcp":"RCP2.6","period":"2060","key":"pr","value":3.7,"estimate":"q50","season":"SON"},{"bfs_id":3695,"rcp":"RCP2.6","period":"2060","key":"pr","value":2.4,"estimate":"q95","season":"DJF"},{"bfs_id":3695,"rcp":"RCP2.6","period":"2060","key":"pr","value":3.7,"estimate":"q95","season":"MAM"},{"bfs_id":3695,"rcp":"RCP2.6","period":"2060","key":"pr","value":4.9,"estimate":"q95","season":"JJA"},{"bfs_id":3695,"rcp":"RCP2.6","period":"2060","key":"pr","value":4.2,"estimate":"q95","season":"SON"},{"bfs_id":3695,"rcp":"RCP2.6","period":"2085","key":"pr","value":1.8,"estimate":"q5","season":"DJF"},{"bfs_id":3695,"rcp":"RCP2.6","period":"2085","key":"pr","value":2.6,"estimate":"q5","season":"MAM"},{"bfs_id":3695,"rcp":"RCP2.6","period":"2085","key":"pr","value":3.3,"estimate":"q5","season":"JJA"},{"bfs_id":3695,"rcp":"RCP2.6","period":"2085","key":"pr","value":3.1,"estimate":"q5","season":"SON"},{"bfs_id":3695,"rcp":"RCP2.6","period":"2085","key":"pr","value":2.1,"estimate":"q50","season":"DJF"},{"bfs_id":3695,"rcp":"RCP2.6","period":"2085","key":"pr","value":3.1,"estimate":"q50","season":"MAM"},{"bfs_id":3695,"rcp":"RCP2.6","period":"2085","key":"pr","value":4.2,"estimate":"q50","season":"JJA"},{"bfs_id":3695,"rcp":"RCP2.6","period":"2085","key":"pr","value":3.6,"estimate":"q50","season":"SON"},{"bfs_id":3695,"rcp":"RCP2.6","period":"2085","key":"pr","value":2.4,"estimate":"q95","season":"DJF"},{"bfs_id":3695,"rcp":"RCP2.6","period":"2085","key":"pr","value":3.7,"estimate":"q95","season":"MAM"},{"bfs_id":3695,"rcp":"RCP2.6","period":"2085","key":"pr","value":4.9,"estimate":"q95","season":"JJA"},{"bfs_id":3695,"rcp":"RCP2.6","period":"2085","key":"pr","value":4.2,"estimate":"q95","season":"SON"},{"bfs_id":3695,"rcp":"RCP8.5","period":"2035","key":"pr","value":1.8,"estimate":"q5","season":"DJF"},{"bfs_id":3695,"rcp":"RCP8.5","period":"2035","key":"pr","value":2.8,"estimate":"q5","season":"MAM"},{"bfs_id":3695,"rcp":"RCP8.5","period":"2035","key":"pr","value":3.4,"estimate":"q5","season":"JJA"},{"bfs_id":3695,"rcp":"RCP8.5","period":"2035","key":"pr","value":3.1,"estimate":"q5","season":"SON"},{"bfs_id":3695,"rcp":"RCP8.5","period":"2035","key":"pr","value":2,"estimate":"q50","season":"DJF"},{"bfs_id":3695,"rcp":"RCP8.5","period":"2035","key":"pr","value":3.2,"estimate":"q50","season":"MAM"},{"bfs_id":3695,"rcp":"RCP8.5","period":"2035","key":"pr","value":4.2,"estimate":"q50","season":"JJA"},{"bfs_id":3695,"rcp":"RCP8.5","period":"2035","key":"pr","value":3.5,"estimate":"q50","season":"SON"},{"bfs_id":3695,"rcp":"RCP8.5","period":"2035","key":"pr","value":2.2,"estimate":"q95","season":"DJF"},{"bfs_id":3695,"rcp":"RCP8.5","period":"2035","key":"pr","value":3.6,"estimate":"q95","season":"MAM"},{"bfs_id":3695,"rcp":"RCP8.5","period":"2035","key":"pr","value":4.9,"estimate":"q95","season":"JJA"},{"bfs_id":3695,"rcp":"RCP8.5","period":"2035","key":"pr","value":4,"estimate":"q95","season":"SON"},{"bfs_id":3695,"rcp":"RCP8.5","period":"2060","key":"pr","value":1.7,"estimate":"q5","season":"DJF"},{"bfs_id":3695,"rcp":"RCP8.5","period":"2060","key":"pr","value":2.9,"estimate":"q5","season":"MAM"},{"bfs_id":3695,"rcp":"RCP8.5","period":"2060","key":"pr","value":3.2,"estimate":"q5","season":"JJA"},{"bfs_id":3695,"rcp":"RCP8.5","period":"2060","key":"pr","value":3.1,"estimate":"q5","season":"SON"},{"bfs_id":3695,"rcp":"RCP8.5","period":"2060","key":"pr","value":2.2,"estimate":"q50","season":"DJF"},{"bfs_id":3695,"rcp":"RCP8.5","period":"2060","key":"pr","value":3.4,"estimate":"q50","season":"MAM"},{"bfs_id":3695,"rcp":"RCP8.5","period":"2060","key":"pr","value":3.8,"estimate":"q50","season":"JJA"},{"bfs_id":3695,"rcp":"RCP8.5","period":"2060","key":"pr","value":3.6,"estimate":"q50","season":"SON"},{"bfs_id":3695,"rcp":"RCP8.5","period":"2060","key":"pr","value":2.4,"estimate":"q95","season":"DJF"},{"bfs_id":3695,"rcp":"RCP8.5","period":"2060","key":"pr","value":4,"estimate":"q95","season":"MAM"},{"bfs_id":3695,"rcp":"RCP8.5","period":"2060","key":"pr","value":5.1,"estimate":"q95","season":"JJA"},{"bfs_id":3695,"rcp":"RCP8.5","period":"2060","key":"pr","value":4.2,"estimate":"q95","season":"SON"},{"bfs_id":3695,"rcp":"RCP8.5","period":"2085","key":"pr","value":2,"estimate":"q5","season":"DJF"},{"bfs_id":3695,"rcp":"RCP8.5","period":"2085","key":"pr","value":3,"estimate":"q5","season":"MAM"},{"bfs_id":3695,"rcp":"RCP8.5","period":"2085","key":"pr","value":2.6,"estimate":"q5","season":"JJA"},{"bfs_id":3695,"rcp":"RCP8.5","period":"2085","key":"pr","value":3.2,"estimate":"q5","season":"SON"},{"bfs_id":3695,"rcp":"RCP8.5","period":"2085","key":"pr","value":2.4,"estimate":"q50","season":"DJF"},{"bfs_id":3695,"rcp":"RCP8.5","period":"2085","key":"pr","value":3.6,"estimate":"q50","season":"MAM"},{"bfs_id":3695,"rcp":"RCP8.5","period":"2085","key":"pr","value":3.4,"estimate":"q50","season":"JJA"},{"bfs_id":3695,"rcp":"RCP8.5","period":"2085","key":"pr","value":3.6,"estimate":"q50","season":"SON"},{"bfs_id":3695,"rcp":"RCP8.5","period":"2085","key":"pr","value":3,"estimate":"q95","season":"DJF"},{"bfs_id":3695,"rcp":"RCP8.5","period":"2085","key":"pr","value":4.1,"estimate":"q95","season":"MAM"},{"bfs_id":3695,"rcp":"RCP8.5","period":"2085","key":"pr","value":5.3,"estimate":"q95","season":"JJA"},{"bfs_id":3695,"rcp":"RCP8.5","period":"2085","key":"pr","value":4.5,"estimate":"q95","season":"SON"},{"bfs_id":3695,"rcp":"RCP2.6","period":"2035","key":"tas","value":-3.4,"estimate":"q5","season":"DJF"},{"bfs_id":3695,"rcp":"RCP2.6","period":"2035","key":"tas","value":2.5,"estimate":"q5","season":"MAM"},{"bfs_id":3695,"rcp":"RCP2.6","period":"2035","key":"tas","value":12.1,"estimate":"q5","season":"JJA"},{"bfs_id":3695,"rcp":"RCP2.6","period":"2035","key":"tas","value":5.1,"estimate":"q5","season":"SON"},{"bfs_id":3695,"rcp":"RCP2.6","period":"2035","key":"tas","value":-2.9,"estimate":"q50","season":"DJF"},{"bfs_id":3695,"rcp":"RCP2.6","period":"2035","key":"tas","value":3.1,"estimate":"q50","season":"MAM"},{"bfs_id":3695,"rcp":"RCP2.6","period":"2035","key":"tas","value":13.1,"estimate":"q50","season":"JJA"},{"bfs_id":3695,"rcp":"RCP2.6","period":"2035","key":"tas","value":5.7,"estimate":"q50","season":"SON"},{"bfs_id":3695,"rcp":"RCP2.6","period":"2035","key":"tas","value":-2.4,"estimate":"q95","season":"DJF"},{"bfs_id":3695,"rcp":"RCP2.6","period":"2035","key":"tas","value":3.6,"estimate":"q95","season":"MAM"},{"bfs_id":3695,"rcp":"RCP2.6","period":"2035","key":"tas","value":14.2,"estimate":"q95","season":"JJA"},{"bfs_id":3695,"rcp":"RCP2.6","period":"2035","key":"tas","value":6.3,"estimate":"q95","season":"SON"},{"bfs_id":3695,"rcp":"RCP2.6","period":"2060","key":"tas","value":-3.4,"estimate":"q5","season":"DJF"},{"bfs_id":3695,"rcp":"RCP2.6","period":"2060","key":"tas","value":2.4,"estimate":"q5","season":"MAM"},{"bfs_id":3695,"rcp":"RCP2.6","period":"2060","key":"tas","value":12.4,"estimate":"q5","season":"JJA"},{"bfs_id":3695,"rcp":"RCP2.6","period":"2060","key":"tas","value":5.3,"estimate":"q5","season":"SON"},{"bfs_id":3695,"rcp":"RCP2.6","period":"2060","key":"tas","value":-2.7,"estimate":"q50","season":"DJF"},{"bfs_id":3695,"rcp":"RCP2.6","period":"2060","key":"tas","value":3,"estimate":"q50","season":"MAM"},{"bfs_id":3695,"rcp":"RCP2.6","period":"2060","key":"tas","value":13.3,"estimate":"q50","season":"JJA"},{"bfs_id":3695,"rcp":"RCP2.6","period":"2060","key":"tas","value":5.8,"estimate":"q50","season":"SON"},{"bfs_id":3695,"rcp":"RCP2.6","period":"2060","key":"tas","value":-2.2,"estimate":"q95","season":"DJF"},{"bfs_id":3695,"rcp":"RCP2.6","period":"2060","key":"tas","value":3.7,"estimate":"q95","season":"MAM"},{"bfs_id":3695,"rcp":"RCP2.6","period":"2060","key":"tas","value":14.5,"estimate":"q95","season":"JJA"},{"bfs_id":3695,"rcp":"RCP2.6","period":"2060","key":"tas","value":6.6,"estimate":"q95","season":"SON"},{"bfs_id":3695,"rcp":"RCP2.6","period":"2085","key":"tas","value":-3.3,"estimate":"q5","season":"DJF"},{"bfs_id":3695,"rcp":"RCP2.6","period":"2085","key":"tas","value":2.5,"estimate":"q5","season":"MAM"},{"bfs_id":3695,"rcp":"RCP2.6","period":"2085","key":"tas","value":12.3,"estimate":"q5","season":"JJA"},{"bfs_id":3695,"rcp":"RCP2.6","period":"2085","key":"tas","value":5.1,"estimate":"q5","season":"SON"},{"bfs_id":3695,"rcp":"RCP2.6","period":"2085","key":"tas","value":-2.8,"estimate":"q50","season":"DJF"},{"bfs_id":3695,"rcp":"RCP2.6","period":"2085","key":"tas","value":3.1,"estimate":"q50","season":"MAM"},{"bfs_id":3695,"rcp":"RCP2.6","period":"2085","key":"tas","value":13.3,"estimate":"q50","season":"JJA"},{"bfs_id":3695,"rcp":"RCP2.6","period":"2085","key":"tas","value":5.8,"estimate":"q50","season":"SON"},{"bfs_id":3695,"rcp":"RCP2.6","period":"2085","key":"tas","value":-2.1,"estimate":"q95","season":"DJF"},{"bfs_id":3695,"rcp":"RCP2.6","period":"2085","key":"tas","value":3.8,"estimate":"q95","season":"MAM"},{"bfs_id":3695,"rcp":"RCP2.6","period":"2085","key":"tas","value":14.2,"estimate":"q95","season":"JJA"},{"bfs_id":3695,"rcp":"RCP2.6","period":"2085","key":"tas","value":6.6,"estimate":"q95","season":"SON"},{"bfs_id":3695,"rcp":"RCP8.5","period":"2035","key":"tas","value":-3.2,"estimate":"q5","season":"DJF"},{"bfs_id":3695,"rcp":"RCP8.5","period":"2035","key":"tas","value":2.8,"estimate":"q5","season":"MAM"},{"bfs_id":3695,"rcp":"RCP8.5","period":"2035","key":"tas","value":12.7,"estimate":"q5","season":"JJA"},{"bfs_id":3695,"rcp":"RCP8.5","period":"2035","key":"tas","value":5.6,"estimate":"q5","season":"SON"},{"bfs_id":3695,"rcp":"RCP8.5","period":"2035","key":"tas","value":-2.5,"estimate":"q50","season":"DJF"},{"bfs_id":3695,"rcp":"RCP8.5","period":"2035","key":"tas","value":3,"estimate":"q50","season":"MAM"},{"bfs_id":3695,"rcp":"RCP8.5","period":"2035","key":"tas","value":13.5,"estimate":"q50","season":"JJA"},{"bfs_id":3695,"rcp":"RCP8.5","period":"2035","key":"tas","value":6,"estimate":"q50","season":"SON"},{"bfs_id":3695,"rcp":"RCP8.5","period":"2035","key":"tas","value":-2.3,"estimate":"q95","season":"DJF"},{"bfs_id":3695,"rcp":"RCP8.5","period":"2035","key":"tas","value":3.7,"estimate":"q95","season":"MAM"},{"bfs_id":3695,"rcp":"RCP8.5","period":"2035","key":"tas","value":14.8,"estimate":"q95","season":"JJA"},{"bfs_id":3695,"rcp":"RCP8.5","period":"2035","key":"tas","value":6.7,"estimate":"q95","season":"SON"},{"bfs_id":3695,"rcp":"RCP8.5","period":"2060","key":"tas","value":-2.1,"estimate":"q5","season":"DJF"},{"bfs_id":3695,"rcp":"RCP8.5","period":"2060","key":"tas","value":3.6,"estimate":"q5","season":"MAM"},{"bfs_id":3695,"rcp":"RCP8.5","period":"2060","key":"tas","value":13.7,"estimate":"q5","season":"JJA"},{"bfs_id":3695,"rcp":"RCP8.5","period":"2060","key":"tas","value":6.7,"estimate":"q5","season":"SON"},{"bfs_id":3695,"rcp":"RCP8.5","period":"2060","key":"tas","value":-1.8,"estimate":"q50","season":"DJF"},{"bfs_id":3695,"rcp":"RCP8.5","period":"2060","key":"tas","value":4.3,"estimate":"q50","season":"MAM"},{"bfs_id":3695,"rcp":"RCP8.5","period":"2060","key":"tas","value":15.3,"estimate":"q50","season":"JJA"},{"bfs_id":3695,"rcp":"RCP8.5","period":"2060","key":"tas","value":7.5,"estimate":"q50","season":"SON"},{"bfs_id":3695,"rcp":"RCP8.5","period":"2060","key":"tas","value":-1.1,"estimate":"q95","season":"DJF"},{"bfs_id":3695,"rcp":"RCP8.5","period":"2060","key":"tas","value":5.3,"estimate":"q95","season":"MAM"},{"bfs_id":3695,"rcp":"RCP8.5","period":"2060","key":"tas","value":16.8,"estimate":"q95","season":"JJA"},{"bfs_id":3695,"rcp":"RCP8.5","period":"2060","key":"tas","value":8.4,"estimate":"q95","season":"SON"},{"bfs_id":3695,"rcp":"RCP8.5","period":"2085","key":"tas","value":-0.9,"estimate":"q5","season":"DJF"},{"bfs_id":3695,"rcp":"RCP8.5","period":"2085","key":"tas","value":5,"estimate":"q5","season":"MAM"},{"bfs_id":3695,"rcp":"RCP8.5","period":"2085","key":"tas","value":15.4,"estimate":"q5","season":"JJA"},{"bfs_id":3695,"rcp":"RCP8.5","period":"2085","key":"tas","value":8.1,"estimate":"q5","season":"SON"},{"bfs_id":3695,"rcp":"RCP8.5","period":"2085","key":"tas","value":-0.1,"estimate":"q50","season":"DJF"},{"bfs_id":3695,"rcp":"RCP8.5","period":"2085","key":"tas","value":5.9,"estimate":"q50","season":"MAM"},{"bfs_id":3695,"rcp":"RCP8.5","period":"2085","key":"tas","value":17.3,"estimate":"q50","season":"JJA"},{"bfs_id":3695,"rcp":"RCP8.5","period":"2085","key":"tas","value":8.8,"estimate":"q50","season":"SON"},{"bfs_id":3695,"rcp":"RCP8.5","period":"2085","key":"tas","value":0.4,"estimate":"q95","season":"DJF"},{"bfs_id":3695,"rcp":"RCP8.5","period":"2085","key":"tas","value":7.9,"estimate":"q95","season":"MAM"},{"bfs_id":3695,"rcp":"RCP8.5","period":"2085","key":"tas","value":19.7,"estimate":"q95","season":"JJA"},{"bfs_id":3695,"rcp":"RCP8.5","period":"2085","key":"tas","value":10.4,"estimate":"q95","season":"SON"},{"bfs_id":3695,"rcp":"obs","period":"1981-2010","key":"FD","value":179.7,"estimate":"yearly_mean"},{"bfs_id":3695,"rcp":"obs","period":"1981-2010","key":"HD","value":0,"estimate":"yearly_mean"},{"bfs_id":3695,"rcp":"obs","period":"1981-2010","key":"ID","value":57.6,"estimate":"yearly_mean"},{"bfs_id":3695,"rcp":"obs","period":"1981-2010","key":"SD","value":1,"estimate":"yearly_mean"},{"bfs_id":3695,"rcp":"obs","period":"1981-2010","key":"snowdays","value":44.2,"estimate":"yearly_mean"},{"bfs_id":3695,"rcp":"obs","period":"1981-2010","key":"TN","value":0,"estimate":"yearly_mean"},{"bfs_id":3695,"rcp":"obs","period":"1981-2010","key":"pr","value":1.7,"estimate":"mean","season":"DJF"},{"bfs_id":3695,"rcp":"obs","period":"1981-2010","key":"pr","value":2.9,"estimate":"mean","season":"MAM"},{"bfs_id":3695,"rcp":"obs","period":"1981-2010","key":"pr","value":4.4,"estimate":"mean","season":"JJA"},{"bfs_id":3695,"rcp":"obs","period":"1981-2010","key":"pr","value":3.7,"estimate":"mean","season":"SON"},{"bfs_id":3695,"rcp":"obs","period":"1981-2010","key":"tas","value":-3.9,"estimate":"mean","season":"DJF"},{"bfs_id":3695,"rcp":"obs","period":"1981-2010","key":"tas","value":2.3,"estimate":"mean","season":"MAM"},{"bfs_id":3695,"rcp":"obs","period":"1981-2010","key":"tas","value":11.4,"estimate":"mean","season":"JJA"},{"bfs_id":3695,"rcp":"obs","period":"1981-2010","key":"tas","value":4.4,"estimate":"mean","season":"SON"}]
