[{"bfs_id":3733,"rcp":"RCP2.6","period":"2035","key":"FD","value":64.5,"estimate":"q5"},{"bfs_id":3733,"rcp":"RCP2.6","period":"2035","key":"FD","value":75.6,"estimate":"q50"},{"bfs_id":3733,"rcp":"RCP2.6","period":"2035","key":"FD","value":81.6,"estimate":"q95"},{"bfs_id":3733,"rcp":"RCP2.6","period":"2060","key":"FD","value":61.9,"estimate":"q5"},{"bfs_id":3733,"rcp":"RCP2.6","period":"2060","key":"FD","value":72.7,"estimate":"q50"},{"bfs_id":3733,"rcp":"RCP2.6","period":"2060","key":"FD","value":80.6,"estimate":"q95"},{"bfs_id":3733,"rcp":"RCP2.6","period":"2085","key":"FD","value":59.7,"estimate":"q5"},{"bfs_id":3733,"rcp":"RCP2.6","period":"2085","key":"FD","value":74.7,"estimate":"q50"},{"bfs_id":3733,"rcp":"RCP2.6","period":"2085","key":"FD","value":80.5,"estimate":"q95"},{"bfs_id":3733,"rcp":"RCP8.5","period":"2035","key":"FD","value":62.3,"estimate":"q5"},{"bfs_id":3733,"rcp":"RCP8.5","period":"2035","key":"FD","value":72.8,"estimate":"q50"},{"bfs_id":3733,"rcp":"RCP8.5","period":"2035","key":"FD","value":77.2,"estimate":"q95"},{"bfs_id":3733,"rcp":"RCP8.5","period":"2060","key":"FD","value":47,"estimate":"q5"},{"bfs_id":3733,"rcp":"RCP8.5","period":"2060","key":"FD","value":57.9,"estimate":"q50"},{"bfs_id":3733,"rcp":"RCP8.5","period":"2060","key":"FD","value":64.6,"estimate":"q95"},{"bfs_id":3733,"rcp":"RCP8.5","period":"2085","key":"FD","value":28.8,"estimate":"q5"},{"bfs_id":3733,"rcp":"RCP8.5","period":"2085","key":"FD","value":40.2,"estimate":"q50"},{"bfs_id":3733,"rcp":"RCP8.5","period":"2085","key":"FD","value":48.1,"estimate":"q95"},{"bfs_id":3733,"rcp":"RCP2.6","period":"2035","key":"HD","value":9.6,"estimate":"q5"},{"bfs_id":3733,"rcp":"RCP2.6","period":"2035","key":"HD","value":13,"estimate":"q50"},{"bfs_id":3733,"rcp":"RCP2.6","period":"2035","key":"HD","value":19.7,"estimate":"q95"},{"bfs_id":3733,"rcp":"RCP2.6","period":"2060","key":"HD","value":9.7,"estimate":"q5"},{"bfs_id":3733,"rcp":"RCP2.6","period":"2060","key":"HD","value":14.6,"estimate":"q50"},{"bfs_id":3733,"rcp":"RCP2.6","period":"2060","key":"HD","value":21.8,"estimate":"q95"},{"bfs_id":3733,"rcp":"RCP2.6","period":"2085","key":"HD","value":10.3,"estimate":"q5"},{"bfs_id":3733,"rcp":"RCP2.6","period":"2085","key":"HD","value":14.8,"estimate":"q50"},{"bfs_id":3733,"rcp":"RCP2.6","period":"2085","key":"HD","value":21.3,"estimate":"q95"},{"bfs_id":3733,"rcp":"RCP8.5","period":"2035","key":"HD","value":12.2,"estimate":"q5"},{"bfs_id":3733,"rcp":"RCP8.5","period":"2035","key":"HD","value":15.7,"estimate":"q50"},{"bfs_id":3733,"rcp":"RCP8.5","period":"2035","key":"HD","value":24.8,"estimate":"q95"},{"bfs_id":3733,"rcp":"RCP8.5","period":"2060","key":"HD","value":20.8,"estimate":"q5"},{"bfs_id":3733,"rcp":"RCP8.5","period":"2060","key":"HD","value":31.1,"estimate":"q50"},{"bfs_id":3733,"rcp":"RCP8.5","period":"2060","key":"HD","value":46.9,"estimate":"q95"},{"bfs_id":3733,"rcp":"RCP8.5","period":"2085","key":"HD","value":35.5,"estimate":"q5"},{"bfs_id":3733,"rcp":"RCP8.5","period":"2085","key":"HD","value":47.7,"estimate":"q50"},{"bfs_id":3733,"rcp":"RCP8.5","period":"2085","key":"HD","value":75.7,"estimate":"q95"},{"bfs_id":3733,"rcp":"RCP2.6","period":"2035","key":"ID","value":9.4,"estimate":"q5"},{"bfs_id":3733,"rcp":"RCP2.6","period":"2035","key":"ID","value":12.2,"estimate":"q50"},{"bfs_id":3733,"rcp":"RCP2.6","period":"2035","key":"ID","value":14.7,"estimate":"q95"},{"bfs_id":3733,"rcp":"RCP2.6","period":"2060","key":"ID","value":9,"estimate":"q5"},{"bfs_id":3733,"rcp":"RCP2.6","period":"2060","key":"ID","value":11.2,"estimate":"q50"},{"bfs_id":3733,"rcp":"RCP2.6","period":"2060","key":"ID","value":14.8,"estimate":"q95"},{"bfs_id":3733,"rcp":"RCP2.6","period":"2085","key":"ID","value":8,"estimate":"q5"},{"bfs_id":3733,"rcp":"RCP2.6","period":"2085","key":"ID","value":11.9,"estimate":"q50"},{"bfs_id":3733,"rcp":"RCP2.6","period":"2085","key":"ID","value":14.3,"estimate":"q95"},{"bfs_id":3733,"rcp":"RCP8.5","period":"2035","key":"ID","value":8.9,"estimate":"q5"},{"bfs_id":3733,"rcp":"RCP8.5","period":"2035","key":"ID","value":11,"estimate":"q50"},{"bfs_id":3733,"rcp":"RCP8.5","period":"2035","key":"ID","value":13.3,"estimate":"q95"},{"bfs_id":3733,"rcp":"RCP8.5","period":"2060","key":"ID","value":4.7,"estimate":"q5"},{"bfs_id":3733,"rcp":"RCP8.5","period":"2060","key":"ID","value":7.8,"estimate":"q50"},{"bfs_id":3733,"rcp":"RCP8.5","period":"2060","key":"ID","value":9.7,"estimate":"q95"},{"bfs_id":3733,"rcp":"RCP8.5","period":"2085","key":"ID","value":1.8,"estimate":"q5"},{"bfs_id":3733,"rcp":"RCP8.5","period":"2085","key":"ID","value":3.3,"estimate":"q50"},{"bfs_id":3733,"rcp":"RCP8.5","period":"2085","key":"ID","value":5.1,"estimate":"q95"},{"bfs_id":3733,"rcp":"RCP2.6","period":"2035","key":"SD","value":50.1,"estimate":"q5"},{"bfs_id":3733,"rcp":"RCP2.6","period":"2035","key":"SD","value":56.8,"estimate":"q50"},{"bfs_id":3733,"rcp":"RCP2.6","period":"2035","key":"SD","value":67.9,"estimate":"q95"},{"bfs_id":3733,"rcp":"RCP2.6","period":"2060","key":"SD","value":50.8,"estimate":"q5"},{"bfs_id":3733,"rcp":"RCP2.6","period":"2060","key":"SD","value":58,"estimate":"q50"},{"bfs_id":3733,"rcp":"RCP2.6","period":"2060","key":"SD","value":69.1,"estimate":"q95"},{"bfs_id":3733,"rcp":"RCP2.6","period":"2085","key":"SD","value":49.8,"estimate":"q5"},{"bfs_id":3733,"rcp":"RCP2.6","period":"2085","key":"SD","value":58,"estimate":"q50"},{"bfs_id":3733,"rcp":"RCP2.6","period":"2085","key":"SD","value":68.7,"estimate":"q95"},{"bfs_id":3733,"rcp":"RCP8.5","period":"2035","key":"SD","value":53.5,"estimate":"q5"},{"bfs_id":3733,"rcp":"RCP8.5","period":"2035","key":"SD","value":61.6,"estimate":"q50"},{"bfs_id":3733,"rcp":"RCP8.5","period":"2035","key":"SD","value":68.7,"estimate":"q95"},{"bfs_id":3733,"rcp":"RCP8.5","period":"2060","key":"SD","value":68.1,"estimate":"q5"},{"bfs_id":3733,"rcp":"RCP8.5","period":"2060","key":"SD","value":79.9,"estimate":"q50"},{"bfs_id":3733,"rcp":"RCP8.5","period":"2060","key":"SD","value":98.1,"estimate":"q95"},{"bfs_id":3733,"rcp":"RCP8.5","period":"2085","key":"SD","value":86.8,"estimate":"q5"},{"bfs_id":3733,"rcp":"RCP8.5","period":"2085","key":"SD","value":106.4,"estimate":"q50"},{"bfs_id":3733,"rcp":"RCP8.5","period":"2085","key":"SD","value":134.5,"estimate":"q95"},{"bfs_id":3733,"rcp":"RCP2.6","period":"2035","key":"snowdays","value":8.3,"estimate":"q5"},{"bfs_id":3733,"rcp":"RCP2.6","period":"2035","key":"snowdays","value":13.6,"estimate":"q50"},{"bfs_id":3733,"rcp":"RCP2.6","period":"2035","key":"snowdays","value":19.3,"estimate":"q95"},{"bfs_id":3733,"rcp":"RCP2.6","period":"2060","key":"snowdays","value":7.8,"estimate":"q5"},{"bfs_id":3733,"rcp":"RCP2.6","period":"2060","key":"snowdays","value":13.9,"estimate":"q50"},{"bfs_id":3733,"rcp":"RCP2.6","period":"2060","key":"snowdays","value":19.5,"estimate":"q95"},{"bfs_id":3733,"rcp":"RCP2.6","period":"2085","key":"snowdays","value":7.3,"estimate":"q5"},{"bfs_id":3733,"rcp":"RCP2.6","period":"2085","key":"snowdays","value":13.3,"estimate":"q50"},{"bfs_id":3733,"rcp":"RCP2.6","period":"2085","key":"snowdays","value":19.3,"estimate":"q95"},{"bfs_id":3733,"rcp":"RCP8.5","period":"2035","key":"snowdays","value":8.2,"estimate":"q5"},{"bfs_id":3733,"rcp":"RCP8.5","period":"2035","key":"snowdays","value":14.4,"estimate":"q50"},{"bfs_id":3733,"rcp":"RCP8.5","period":"2035","key":"snowdays","value":19.1,"estimate":"q95"},{"bfs_id":3733,"rcp":"RCP8.5","period":"2060","key":"snowdays","value":5.7,"estimate":"q5"},{"bfs_id":3733,"rcp":"RCP8.5","period":"2060","key":"snowdays","value":12,"estimate":"q50"},{"bfs_id":3733,"rcp":"RCP8.5","period":"2060","key":"snowdays","value":14.2,"estimate":"q95"},{"bfs_id":3733,"rcp":"RCP8.5","period":"2085","key":"snowdays","value":2.8,"estimate":"q5"},{"bfs_id":3733,"rcp":"RCP8.5","period":"2085","key":"snowdays","value":6.2,"estimate":"q50"},{"bfs_id":3733,"rcp":"RCP8.5","period":"2085","key":"snowdays","value":9.3,"estimate":"q95"},{"bfs_id":3733,"rcp":"RCP2.6","period":"2035","key":"TN","value":0.4,"estimate":"q5"},{"bfs_id":3733,"rcp":"RCP2.6","period":"2035","key":"TN","value":1.3,"estimate":"q50"},{"bfs_id":3733,"rcp":"RCP2.6","period":"2035","key":"TN","value":2.6,"estimate":"q95"},{"bfs_id":3733,"rcp":"RCP2.6","period":"2060","key":"TN","value":0.8,"estimate":"q5"},{"bfs_id":3733,"rcp":"RCP2.6","period":"2060","key":"TN","value":1.7,"estimate":"q50"},{"bfs_id":3733,"rcp":"RCP2.6","period":"2060","key":"TN","value":4.2,"estimate":"q95"},{"bfs_id":3733,"rcp":"RCP2.6","period":"2085","key":"TN","value":0.5,"estimate":"q5"},{"bfs_id":3733,"rcp":"RCP2.6","period":"2085","key":"TN","value":1.7,"estimate":"q50"},{"bfs_id":3733,"rcp":"RCP2.6","period":"2085","key":"TN","value":2.8,"estimate":"q95"},{"bfs_id":3733,"rcp":"RCP8.5","period":"2035","key":"TN","value":1.2,"estimate":"q5"},{"bfs_id":3733,"rcp":"RCP8.5","period":"2035","key":"TN","value":2.1,"estimate":"q50"},{"bfs_id":3733,"rcp":"RCP8.5","period":"2035","key":"TN","value":4.2,"estimate":"q95"},{"bfs_id":3733,"rcp":"RCP8.5","period":"2060","key":"TN","value":3.5,"estimate":"q5"},{"bfs_id":3733,"rcp":"RCP8.5","period":"2060","key":"TN","value":9,"estimate":"q50"},{"bfs_id":3733,"rcp":"RCP8.5","period":"2060","key":"TN","value":16.5,"estimate":"q95"},{"bfs_id":3733,"rcp":"RCP8.5","period":"2085","key":"TN","value":13.4,"estimate":"q5"},{"bfs_id":3733,"rcp":"RCP8.5","period":"2085","key":"TN","value":25.5,"estimate":"q50"},{"bfs_id":3733,"rcp":"RCP8.5","period":"2085","key":"TN","value":40.9,"estimate":"q95"},{"bfs_id":3733,"rcp":"RCP2.6","period":"2035","key":"pr","value":2.1,"estimate":"q5","season":"DJF"},{"bfs_id":3733,"rcp":"RCP2.6","period":"2035","key":"pr","value":2.4,"estimate":"q5","season":"MAM"},{"bfs_id":3733,"rcp":"RCP2.6","period":"2035","key":"pr","value":2.8,"estimate":"q5","season":"JJA"},{"bfs_id":3733,"rcp":"RCP2.6","period":"2035","key":"pr","value":2.4,"estimate":"q5","season":"SON"},{"bfs_id":3733,"rcp":"RCP2.6","period":"2035","key":"pr","value":2.5,"estimate":"q50","season":"DJF"},{"bfs_id":3733,"rcp":"RCP2.6","period":"2035","key":"pr","value":2.7,"estimate":"q50","season":"MAM"},{"bfs_id":3733,"rcp":"RCP2.6","period":"2035","key":"pr","value":3.5,"estimate":"q50","season":"JJA"},{"bfs_id":3733,"rcp":"RCP2.6","period":"2035","key":"pr","value":2.9,"estimate":"q50","season":"SON"},{"bfs_id":3733,"rcp":"RCP2.6","period":"2035","key":"pr","value":3.1,"estimate":"q95","season":"DJF"},{"bfs_id":3733,"rcp":"RCP2.6","period":"2035","key":"pr","value":3,"estimate":"q95","season":"MAM"},{"bfs_id":3733,"rcp":"RCP2.6","period":"2035","key":"pr","value":4.1,"estimate":"q95","season":"JJA"},{"bfs_id":3733,"rcp":"RCP2.6","period":"2035","key":"pr","value":3.6,"estimate":"q95","season":"SON"},{"bfs_id":3733,"rcp":"RCP2.6","period":"2060","key":"pr","value":2.2,"estimate":"q5","season":"DJF"},{"bfs_id":3733,"rcp":"RCP2.6","period":"2060","key":"pr","value":2.4,"estimate":"q5","season":"MAM"},{"bfs_id":3733,"rcp":"RCP2.6","period":"2060","key":"pr","value":3,"estimate":"q5","season":"JJA"},{"bfs_id":3733,"rcp":"RCP2.6","period":"2060","key":"pr","value":2.5,"estimate":"q5","season":"SON"},{"bfs_id":3733,"rcp":"RCP2.6","period":"2060","key":"pr","value":2.6,"estimate":"q50","season":"DJF"},{"bfs_id":3733,"rcp":"RCP2.6","period":"2060","key":"pr","value":2.7,"estimate":"q50","season":"MAM"},{"bfs_id":3733,"rcp":"RCP2.6","period":"2060","key":"pr","value":3.6,"estimate":"q50","season":"JJA"},{"bfs_id":3733,"rcp":"RCP2.6","period":"2060","key":"pr","value":2.9,"estimate":"q50","season":"SON"},{"bfs_id":3733,"rcp":"RCP2.6","period":"2060","key":"pr","value":2.9,"estimate":"q95","season":"DJF"},{"bfs_id":3733,"rcp":"RCP2.6","period":"2060","key":"pr","value":3.2,"estimate":"q95","season":"MAM"},{"bfs_id":3733,"rcp":"RCP2.6","period":"2060","key":"pr","value":4.1,"estimate":"q95","season":"JJA"},{"bfs_id":3733,"rcp":"RCP2.6","period":"2060","key":"pr","value":3.3,"estimate":"q95","season":"SON"},{"bfs_id":3733,"rcp":"RCP2.6","period":"2085","key":"pr","value":2.2,"estimate":"q5","season":"DJF"},{"bfs_id":3733,"rcp":"RCP2.6","period":"2085","key":"pr","value":2.4,"estimate":"q5","season":"MAM"},{"bfs_id":3733,"rcp":"RCP2.6","period":"2085","key":"pr","value":3,"estimate":"q5","season":"JJA"},{"bfs_id":3733,"rcp":"RCP2.6","period":"2085","key":"pr","value":2.5,"estimate":"q5","season":"SON"},{"bfs_id":3733,"rcp":"RCP2.6","period":"2085","key":"pr","value":2.6,"estimate":"q50","season":"DJF"},{"bfs_id":3733,"rcp":"RCP2.6","period":"2085","key":"pr","value":2.7,"estimate":"q50","season":"MAM"},{"bfs_id":3733,"rcp":"RCP2.6","period":"2085","key":"pr","value":3.6,"estimate":"q50","season":"JJA"},{"bfs_id":3733,"rcp":"RCP2.6","period":"2085","key":"pr","value":2.8,"estimate":"q50","season":"SON"},{"bfs_id":3733,"rcp":"RCP2.6","period":"2085","key":"pr","value":2.9,"estimate":"q95","season":"DJF"},{"bfs_id":3733,"rcp":"RCP2.6","period":"2085","key":"pr","value":3.1,"estimate":"q95","season":"MAM"},{"bfs_id":3733,"rcp":"RCP2.6","period":"2085","key":"pr","value":4,"estimate":"q95","season":"JJA"},{"bfs_id":3733,"rcp":"RCP2.6","period":"2085","key":"pr","value":3.4,"estimate":"q95","season":"SON"},{"bfs_id":3733,"rcp":"RCP8.5","period":"2035","key":"pr","value":2.3,"estimate":"q5","season":"DJF"},{"bfs_id":3733,"rcp":"RCP8.5","period":"2035","key":"pr","value":2.4,"estimate":"q5","season":"MAM"},{"bfs_id":3733,"rcp":"RCP8.5","period":"2035","key":"pr","value":3.1,"estimate":"q5","season":"JJA"},{"bfs_id":3733,"rcp":"RCP8.5","period":"2035","key":"pr","value":2.5,"estimate":"q5","season":"SON"},{"bfs_id":3733,"rcp":"RCP8.5","period":"2035","key":"pr","value":2.6,"estimate":"q50","season":"DJF"},{"bfs_id":3733,"rcp":"RCP8.5","period":"2035","key":"pr","value":2.8,"estimate":"q50","season":"MAM"},{"bfs_id":3733,"rcp":"RCP8.5","period":"2035","key":"pr","value":3.6,"estimate":"q50","season":"JJA"},{"bfs_id":3733,"rcp":"RCP8.5","period":"2035","key":"pr","value":2.9,"estimate":"q50","season":"SON"},{"bfs_id":3733,"rcp":"RCP8.5","period":"2035","key":"pr","value":2.9,"estimate":"q95","season":"DJF"},{"bfs_id":3733,"rcp":"RCP8.5","period":"2035","key":"pr","value":3.1,"estimate":"q95","season":"MAM"},{"bfs_id":3733,"rcp":"RCP8.5","period":"2035","key":"pr","value":4.1,"estimate":"q95","season":"JJA"},{"bfs_id":3733,"rcp":"RCP8.5","period":"2035","key":"pr","value":3.4,"estimate":"q95","season":"SON"},{"bfs_id":3733,"rcp":"RCP8.5","period":"2060","key":"pr","value":2.4,"estimate":"q5","season":"DJF"},{"bfs_id":3733,"rcp":"RCP8.5","period":"2060","key":"pr","value":2.6,"estimate":"q5","season":"MAM"},{"bfs_id":3733,"rcp":"RCP8.5","period":"2060","key":"pr","value":2.5,"estimate":"q5","season":"JJA"},{"bfs_id":3733,"rcp":"RCP8.5","period":"2060","key":"pr","value":2.6,"estimate":"q5","season":"SON"},{"bfs_id":3733,"rcp":"RCP8.5","period":"2060","key":"pr","value":2.8,"estimate":"q50","season":"DJF"},{"bfs_id":3733,"rcp":"RCP8.5","period":"2060","key":"pr","value":3,"estimate":"q50","season":"MAM"},{"bfs_id":3733,"rcp":"RCP8.5","period":"2060","key":"pr","value":3.4,"estimate":"q50","season":"JJA"},{"bfs_id":3733,"rcp":"RCP8.5","period":"2060","key":"pr","value":2.9,"estimate":"q50","season":"SON"},{"bfs_id":3733,"rcp":"RCP8.5","period":"2060","key":"pr","value":3.1,"estimate":"q95","season":"DJF"},{"bfs_id":3733,"rcp":"RCP8.5","period":"2060","key":"pr","value":3.2,"estimate":"q95","season":"MAM"},{"bfs_id":3733,"rcp":"RCP8.5","period":"2060","key":"pr","value":4.2,"estimate":"q95","season":"JJA"},{"bfs_id":3733,"rcp":"RCP8.5","period":"2060","key":"pr","value":3.4,"estimate":"q95","season":"SON"},{"bfs_id":3733,"rcp":"RCP8.5","period":"2085","key":"pr","value":2.5,"estimate":"q5","season":"DJF"},{"bfs_id":3733,"rcp":"RCP8.5","period":"2085","key":"pr","value":2.7,"estimate":"q5","season":"MAM"},{"bfs_id":3733,"rcp":"RCP8.5","period":"2085","key":"pr","value":2.1,"estimate":"q5","season":"JJA"},{"bfs_id":3733,"rcp":"RCP8.5","period":"2085","key":"pr","value":2.5,"estimate":"q5","season":"SON"},{"bfs_id":3733,"rcp":"RCP8.5","period":"2085","key":"pr","value":3,"estimate":"q50","season":"DJF"},{"bfs_id":3733,"rcp":"RCP8.5","period":"2085","key":"pr","value":3.1,"estimate":"q50","season":"MAM"},{"bfs_id":3733,"rcp":"RCP8.5","period":"2085","key":"pr","value":3.3,"estimate":"q50","season":"JJA"},{"bfs_id":3733,"rcp":"RCP8.5","period":"2085","key":"pr","value":3,"estimate":"q50","season":"SON"},{"bfs_id":3733,"rcp":"RCP8.5","period":"2085","key":"pr","value":3.4,"estimate":"q95","season":"DJF"},{"bfs_id":3733,"rcp":"RCP8.5","period":"2085","key":"pr","value":3.6,"estimate":"q95","season":"MAM"},{"bfs_id":3733,"rcp":"RCP8.5","period":"2085","key":"pr","value":4,"estimate":"q95","season":"JJA"},{"bfs_id":3733,"rcp":"RCP8.5","period":"2085","key":"pr","value":3.6,"estimate":"q95","season":"SON"},{"bfs_id":3733,"rcp":"RCP2.6","period":"2035","key":"tas","value":1.5,"estimate":"q5","season":"DJF"},{"bfs_id":3733,"rcp":"RCP2.6","period":"2035","key":"tas","value":9.2,"estimate":"q5","season":"MAM"},{"bfs_id":3733,"rcp":"RCP2.6","period":"2035","key":"tas","value":18.3,"estimate":"q5","season":"JJA"},{"bfs_id":3733,"rcp":"RCP2.6","period":"2035","key":"tas","value":10.4,"estimate":"q5","season":"SON"},{"bfs_id":3733,"rcp":"RCP2.6","period":"2035","key":"tas","value":2.1,"estimate":"q50","season":"DJF"},{"bfs_id":3733,"rcp":"RCP2.6","period":"2035","key":"tas","value":9.8,"estimate":"q50","season":"MAM"},{"bfs_id":3733,"rcp":"RCP2.6","period":"2035","key":"tas","value":19.3,"estimate":"q50","season":"JJA"},{"bfs_id":3733,"rcp":"RCP2.6","period":"2035","key":"tas","value":10.8,"estimate":"q50","season":"SON"},{"bfs_id":3733,"rcp":"RCP2.6","period":"2035","key":"tas","value":2.6,"estimate":"q95","season":"DJF"},{"bfs_id":3733,"rcp":"RCP2.6","period":"2035","key":"tas","value":10.3,"estimate":"q95","season":"MAM"},{"bfs_id":3733,"rcp":"RCP2.6","period":"2035","key":"tas","value":20.2,"estimate":"q95","season":"JJA"},{"bfs_id":3733,"rcp":"RCP2.6","period":"2035","key":"tas","value":11.7,"estimate":"q95","season":"SON"},{"bfs_id":3733,"rcp":"RCP2.6","period":"2060","key":"tas","value":1.5,"estimate":"q5","season":"DJF"},{"bfs_id":3733,"rcp":"RCP2.6","period":"2060","key":"tas","value":9.1,"estimate":"q5","season":"MAM"},{"bfs_id":3733,"rcp":"RCP2.6","period":"2060","key":"tas","value":18.6,"estimate":"q5","season":"JJA"},{"bfs_id":3733,"rcp":"RCP2.6","period":"2060","key":"tas","value":10.7,"estimate":"q5","season":"SON"},{"bfs_id":3733,"rcp":"RCP2.6","period":"2060","key":"tas","value":2.3,"estimate":"q50","season":"DJF"},{"bfs_id":3733,"rcp":"RCP2.6","period":"2060","key":"tas","value":9.9,"estimate":"q50","season":"MAM"},{"bfs_id":3733,"rcp":"RCP2.6","period":"2060","key":"tas","value":19.6,"estimate":"q50","season":"JJA"},{"bfs_id":3733,"rcp":"RCP2.6","period":"2060","key":"tas","value":11.1,"estimate":"q50","season":"SON"},{"bfs_id":3733,"rcp":"RCP2.6","period":"2060","key":"tas","value":2.9,"estimate":"q95","season":"DJF"},{"bfs_id":3733,"rcp":"RCP2.6","period":"2060","key":"tas","value":10.4,"estimate":"q95","season":"MAM"},{"bfs_id":3733,"rcp":"RCP2.6","period":"2060","key":"tas","value":20.5,"estimate":"q95","season":"JJA"},{"bfs_id":3733,"rcp":"RCP2.6","period":"2060","key":"tas","value":12,"estimate":"q95","season":"SON"},{"bfs_id":3733,"rcp":"RCP2.6","period":"2085","key":"tas","value":1.6,"estimate":"q5","season":"DJF"},{"bfs_id":3733,"rcp":"RCP2.6","period":"2085","key":"tas","value":9.1,"estimate":"q5","season":"MAM"},{"bfs_id":3733,"rcp":"RCP2.6","period":"2085","key":"tas","value":18.5,"estimate":"q5","season":"JJA"},{"bfs_id":3733,"rcp":"RCP2.6","period":"2085","key":"tas","value":10.4,"estimate":"q5","season":"SON"},{"bfs_id":3733,"rcp":"RCP2.6","period":"2085","key":"tas","value":2.2,"estimate":"q50","season":"DJF"},{"bfs_id":3733,"rcp":"RCP2.6","period":"2085","key":"tas","value":9.8,"estimate":"q50","season":"MAM"},{"bfs_id":3733,"rcp":"RCP2.6","period":"2085","key":"tas","value":19.5,"estimate":"q50","season":"JJA"},{"bfs_id":3733,"rcp":"RCP2.6","period":"2085","key":"tas","value":11.2,"estimate":"q50","season":"SON"},{"bfs_id":3733,"rcp":"RCP2.6","period":"2085","key":"tas","value":3,"estimate":"q95","season":"DJF"},{"bfs_id":3733,"rcp":"RCP2.6","period":"2085","key":"tas","value":10.5,"estimate":"q95","season":"MAM"},{"bfs_id":3733,"rcp":"RCP2.6","period":"2085","key":"tas","value":20.4,"estimate":"q95","season":"JJA"},{"bfs_id":3733,"rcp":"RCP2.6","period":"2085","key":"tas","value":12,"estimate":"q95","season":"SON"},{"bfs_id":3733,"rcp":"RCP8.5","period":"2035","key":"tas","value":1.5,"estimate":"q5","season":"DJF"},{"bfs_id":3733,"rcp":"RCP8.5","period":"2035","key":"tas","value":9.4,"estimate":"q5","season":"MAM"},{"bfs_id":3733,"rcp":"RCP8.5","period":"2035","key":"tas","value":18.9,"estimate":"q5","season":"JJA"},{"bfs_id":3733,"rcp":"RCP8.5","period":"2035","key":"tas","value":10.8,"estimate":"q5","season":"SON"},{"bfs_id":3733,"rcp":"RCP8.5","period":"2035","key":"tas","value":2.5,"estimate":"q50","season":"DJF"},{"bfs_id":3733,"rcp":"RCP8.5","period":"2035","key":"tas","value":9.9,"estimate":"q50","season":"MAM"},{"bfs_id":3733,"rcp":"RCP8.5","period":"2035","key":"tas","value":19.7,"estimate":"q50","season":"JJA"},{"bfs_id":3733,"rcp":"RCP8.5","period":"2035","key":"tas","value":11.2,"estimate":"q50","season":"SON"},{"bfs_id":3733,"rcp":"RCP8.5","period":"2035","key":"tas","value":2.8,"estimate":"q95","season":"DJF"},{"bfs_id":3733,"rcp":"RCP8.5","period":"2035","key":"tas","value":10.5,"estimate":"q95","season":"MAM"},{"bfs_id":3733,"rcp":"RCP8.5","period":"2035","key":"tas","value":20.9,"estimate":"q95","season":"JJA"},{"bfs_id":3733,"rcp":"RCP8.5","period":"2035","key":"tas","value":12,"estimate":"q95","season":"SON"},{"bfs_id":3733,"rcp":"RCP8.5","period":"2060","key":"tas","value":2.8,"estimate":"q5","season":"DJF"},{"bfs_id":3733,"rcp":"RCP8.5","period":"2060","key":"tas","value":10.5,"estimate":"q5","season":"MAM"},{"bfs_id":3733,"rcp":"RCP8.5","period":"2060","key":"tas","value":20.1,"estimate":"q5","season":"JJA"},{"bfs_id":3733,"rcp":"RCP8.5","period":"2060","key":"tas","value":12.1,"estimate":"q5","season":"SON"},{"bfs_id":3733,"rcp":"RCP8.5","period":"2060","key":"tas","value":3.4,"estimate":"q50","season":"DJF"},{"bfs_id":3733,"rcp":"RCP8.5","period":"2060","key":"tas","value":11.1,"estimate":"q50","season":"MAM"},{"bfs_id":3733,"rcp":"RCP8.5","period":"2060","key":"tas","value":21.3,"estimate":"q50","season":"JJA"},{"bfs_id":3733,"rcp":"RCP8.5","period":"2060","key":"tas","value":12.9,"estimate":"q50","season":"SON"},{"bfs_id":3733,"rcp":"RCP8.5","period":"2060","key":"tas","value":4.1,"estimate":"q95","season":"DJF"},{"bfs_id":3733,"rcp":"RCP8.5","period":"2060","key":"tas","value":12.4,"estimate":"q95","season":"MAM"},{"bfs_id":3733,"rcp":"RCP8.5","period":"2060","key":"tas","value":23,"estimate":"q95","season":"JJA"},{"bfs_id":3733,"rcp":"RCP8.5","period":"2060","key":"tas","value":13.8,"estimate":"q95","season":"SON"},{"bfs_id":3733,"rcp":"RCP8.5","period":"2085","key":"tas","value":4.2,"estimate":"q5","season":"DJF"},{"bfs_id":3733,"rcp":"RCP8.5","period":"2085","key":"tas","value":11.9,"estimate":"q5","season":"MAM"},{"bfs_id":3733,"rcp":"RCP8.5","period":"2085","key":"tas","value":21.7,"estimate":"q5","season":"JJA"},{"bfs_id":3733,"rcp":"RCP8.5","period":"2085","key":"tas","value":13.6,"estimate":"q5","season":"SON"},{"bfs_id":3733,"rcp":"RCP8.5","period":"2085","key":"tas","value":5.5,"estimate":"q50","season":"DJF"},{"bfs_id":3733,"rcp":"RCP8.5","period":"2085","key":"tas","value":13,"estimate":"q50","season":"MAM"},{"bfs_id":3733,"rcp":"RCP8.5","period":"2085","key":"tas","value":23.7,"estimate":"q50","season":"JJA"},{"bfs_id":3733,"rcp":"RCP8.5","period":"2085","key":"tas","value":14.2,"estimate":"q50","season":"SON"},{"bfs_id":3733,"rcp":"RCP8.5","period":"2085","key":"tas","value":6,"estimate":"q95","season":"DJF"},{"bfs_id":3733,"rcp":"RCP8.5","period":"2085","key":"tas","value":14.9,"estimate":"q95","season":"MAM"},{"bfs_id":3733,"rcp":"RCP8.5","period":"2085","key":"tas","value":26.1,"estimate":"q95","season":"JJA"},{"bfs_id":3733,"rcp":"RCP8.5","period":"2085","key":"tas","value":16,"estimate":"q95","season":"SON"},{"bfs_id":3733,"rcp":"obs","period":"1981-2010","key":"FD","value":88.4,"estimate":"yearly_mean"},{"bfs_id":3733,"rcp":"obs","period":"1981-2010","key":"HD","value":6.5,"estimate":"yearly_mean"},{"bfs_id":3733,"rcp":"obs","period":"1981-2010","key":"ID","value":17.6,"estimate":"yearly_mean"},{"bfs_id":3733,"rcp":"obs","period":"1981-2010","key":"SD","value":41.7,"estimate":"yearly_mean"},{"bfs_id":3733,"rcp":"obs","period":"1981-2010","key":"snowdays","value":19.3,"estimate":"yearly_mean"},{"bfs_id":3733,"rcp":"obs","period":"1981-2010","key":"TN","value":0.2,"estimate":"yearly_mean"},{"bfs_id":3733,"rcp":"obs","period":"1981-2010","key":"pr","value":2.4,"estimate":"mean","season":"DJF"},{"bfs_id":3733,"rcp":"obs","period":"1981-2010","key":"pr","value":2.5,"estimate":"mean","season":"MAM"},{"bfs_id":3733,"rcp":"obs","period":"1981-2010","key":"pr","value":3.9,"estimate":"mean","season":"JJA"},{"bfs_id":3733,"rcp":"obs","period":"1981-2010","key":"pr","value":2.8,"estimate":"mean","season":"SON"},{"bfs_id":3733,"rcp":"obs","period":"1981-2010","key":"tas","value":0.8,"estimate":"mean","season":"DJF"},{"bfs_id":3733,"rcp":"obs","period":"1981-2010","key":"tas","value":9.3,"estimate":"mean","season":"MAM"},{"bfs_id":3733,"rcp":"obs","period":"1981-2010","key":"tas","value":17.6,"estimate":"mean","season":"JJA"},{"bfs_id":3733,"rcp":"obs","period":"1981-2010","key":"tas","value":9.7,"estimate":"mean","season":"SON"}]
