[{"bfs_id":5242,"rcp":"RCP2.6","period":"2035","key":"FD","value":65.7,"estimate":"q5"},{"bfs_id":5242,"rcp":"RCP2.6","period":"2035","key":"FD","value":75.1,"estimate":"q50"},{"bfs_id":5242,"rcp":"RCP2.6","period":"2035","key":"FD","value":83.4,"estimate":"q95"},{"bfs_id":5242,"rcp":"RCP2.6","period":"2060","key":"FD","value":63,"estimate":"q5"},{"bfs_id":5242,"rcp":"RCP2.6","period":"2060","key":"FD","value":71.7,"estimate":"q50"},{"bfs_id":5242,"rcp":"RCP2.6","period":"2060","key":"FD","value":80.9,"estimate":"q95"},{"bfs_id":5242,"rcp":"RCP2.6","period":"2085","key":"FD","value":60.6,"estimate":"q5"},{"bfs_id":5242,"rcp":"RCP2.6","period":"2085","key":"FD","value":75.2,"estimate":"q50"},{"bfs_id":5242,"rcp":"RCP2.6","period":"2085","key":"FD","value":81.8,"estimate":"q95"},{"bfs_id":5242,"rcp":"RCP8.5","period":"2035","key":"FD","value":63.3,"estimate":"q5"},{"bfs_id":5242,"rcp":"RCP8.5","period":"2035","key":"FD","value":70.1,"estimate":"q50"},{"bfs_id":5242,"rcp":"RCP8.5","period":"2035","key":"FD","value":78.6,"estimate":"q95"},{"bfs_id":5242,"rcp":"RCP8.5","period":"2060","key":"FD","value":43.1,"estimate":"q5"},{"bfs_id":5242,"rcp":"RCP8.5","period":"2060","key":"FD","value":55.8,"estimate":"q50"},{"bfs_id":5242,"rcp":"RCP8.5","period":"2060","key":"FD","value":61.1,"estimate":"q95"},{"bfs_id":5242,"rcp":"RCP8.5","period":"2085","key":"FD","value":24.4,"estimate":"q5"},{"bfs_id":5242,"rcp":"RCP8.5","period":"2085","key":"FD","value":36.8,"estimate":"q50"},{"bfs_id":5242,"rcp":"RCP8.5","period":"2085","key":"FD","value":40.4,"estimate":"q95"},{"bfs_id":5242,"rcp":"RCP2.6","period":"2035","key":"HD","value":18.1,"estimate":"q5"},{"bfs_id":5242,"rcp":"RCP2.6","period":"2035","key":"HD","value":25,"estimate":"q50"},{"bfs_id":5242,"rcp":"RCP2.6","period":"2035","key":"HD","value":31,"estimate":"q95"},{"bfs_id":5242,"rcp":"RCP2.6","period":"2060","key":"HD","value":18.7,"estimate":"q5"},{"bfs_id":5242,"rcp":"RCP2.6","period":"2060","key":"HD","value":25.6,"estimate":"q50"},{"bfs_id":5242,"rcp":"RCP2.6","period":"2060","key":"HD","value":35.3,"estimate":"q95"},{"bfs_id":5242,"rcp":"RCP2.6","period":"2085","key":"HD","value":19.3,"estimate":"q5"},{"bfs_id":5242,"rcp":"RCP2.6","period":"2085","key":"HD","value":23.9,"estimate":"q50"},{"bfs_id":5242,"rcp":"RCP2.6","period":"2085","key":"HD","value":33.8,"estimate":"q95"},{"bfs_id":5242,"rcp":"RCP8.5","period":"2035","key":"HD","value":22.3,"estimate":"q5"},{"bfs_id":5242,"rcp":"RCP8.5","period":"2035","key":"HD","value":26.8,"estimate":"q50"},{"bfs_id":5242,"rcp":"RCP8.5","period":"2035","key":"HD","value":35,"estimate":"q95"},{"bfs_id":5242,"rcp":"RCP8.5","period":"2060","key":"HD","value":32.5,"estimate":"q5"},{"bfs_id":5242,"rcp":"RCP8.5","period":"2060","key":"HD","value":41.8,"estimate":"q50"},{"bfs_id":5242,"rcp":"RCP8.5","period":"2060","key":"HD","value":55.3,"estimate":"q95"},{"bfs_id":5242,"rcp":"RCP8.5","period":"2085","key":"HD","value":52.7,"estimate":"q5"},{"bfs_id":5242,"rcp":"RCP8.5","period":"2085","key":"HD","value":69.2,"estimate":"q50"},{"bfs_id":5242,"rcp":"RCP8.5","period":"2085","key":"HD","value":77.8,"estimate":"q95"},{"bfs_id":5242,"rcp":"RCP2.6","period":"2035","key":"ID","value":0.1,"estimate":"q5"},{"bfs_id":5242,"rcp":"RCP2.6","period":"2035","key":"ID","value":0.4,"estimate":"q50"},{"bfs_id":5242,"rcp":"RCP2.6","period":"2035","key":"ID","value":1,"estimate":"q95"},{"bfs_id":5242,"rcp":"RCP2.6","period":"2060","key":"ID","value":0.1,"estimate":"q5"},{"bfs_id":5242,"rcp":"RCP2.6","period":"2060","key":"ID","value":0.3,"estimate":"q50"},{"bfs_id":5242,"rcp":"RCP2.6","period":"2060","key":"ID","value":0.8,"estimate":"q95"},{"bfs_id":5242,"rcp":"RCP2.6","period":"2085","key":"ID","value":0.1,"estimate":"q5"},{"bfs_id":5242,"rcp":"RCP2.6","period":"2085","key":"ID","value":0.3,"estimate":"q50"},{"bfs_id":5242,"rcp":"RCP2.6","period":"2085","key":"ID","value":0.9,"estimate":"q95"},{"bfs_id":5242,"rcp":"RCP8.5","period":"2035","key":"ID","value":0.1,"estimate":"q5"},{"bfs_id":5242,"rcp":"RCP8.5","period":"2035","key":"ID","value":0.4,"estimate":"q50"},{"bfs_id":5242,"rcp":"RCP8.5","period":"2035","key":"ID","value":0.9,"estimate":"q95"},{"bfs_id":5242,"rcp":"RCP8.5","period":"2060","key":"ID","value":0,"estimate":"q5"},{"bfs_id":5242,"rcp":"RCP8.5","period":"2060","key":"ID","value":0.1,"estimate":"q50"},{"bfs_id":5242,"rcp":"RCP8.5","period":"2060","key":"ID","value":0.4,"estimate":"q95"},{"bfs_id":5242,"rcp":"RCP8.5","period":"2085","key":"ID","value":0,"estimate":"q5"},{"bfs_id":5242,"rcp":"RCP8.5","period":"2085","key":"ID","value":0,"estimate":"q50"},{"bfs_id":5242,"rcp":"RCP8.5","period":"2085","key":"ID","value":0.2,"estimate":"q95"},{"bfs_id":5242,"rcp":"RCP2.6","period":"2035","key":"SD","value":86.8,"estimate":"q5"},{"bfs_id":5242,"rcp":"RCP2.6","period":"2035","key":"SD","value":91.5,"estimate":"q50"},{"bfs_id":5242,"rcp":"RCP2.6","period":"2035","key":"SD","value":98.2,"estimate":"q95"},{"bfs_id":5242,"rcp":"RCP2.6","period":"2060","key":"SD","value":87.7,"estimate":"q5"},{"bfs_id":5242,"rcp":"RCP2.6","period":"2060","key":"SD","value":92.3,"estimate":"q50"},{"bfs_id":5242,"rcp":"RCP2.6","period":"2060","key":"SD","value":100.8,"estimate":"q95"},{"bfs_id":5242,"rcp":"RCP2.6","period":"2085","key":"SD","value":86.7,"estimate":"q5"},{"bfs_id":5242,"rcp":"RCP2.6","period":"2085","key":"SD","value":91.9,"estimate":"q50"},{"bfs_id":5242,"rcp":"RCP2.6","period":"2085","key":"SD","value":100.8,"estimate":"q95"},{"bfs_id":5242,"rcp":"RCP8.5","period":"2035","key":"SD","value":91.2,"estimate":"q5"},{"bfs_id":5242,"rcp":"RCP8.5","period":"2035","key":"SD","value":94.2,"estimate":"q50"},{"bfs_id":5242,"rcp":"RCP8.5","period":"2035","key":"SD","value":101.1,"estimate":"q95"},{"bfs_id":5242,"rcp":"RCP8.5","period":"2060","key":"SD","value":104.7,"estimate":"q5"},{"bfs_id":5242,"rcp":"RCP8.5","period":"2060","key":"SD","value":111.6,"estimate":"q50"},{"bfs_id":5242,"rcp":"RCP8.5","period":"2060","key":"SD","value":118.3,"estimate":"q95"},{"bfs_id":5242,"rcp":"RCP8.5","period":"2085","key":"SD","value":117.9,"estimate":"q5"},{"bfs_id":5242,"rcp":"RCP8.5","period":"2085","key":"SD","value":129.8,"estimate":"q50"},{"bfs_id":5242,"rcp":"RCP8.5","period":"2085","key":"SD","value":140.4,"estimate":"q95"},{"bfs_id":5242,"rcp":"RCP2.6","period":"2035","key":"snowdays","value":2.9,"estimate":"q5"},{"bfs_id":5242,"rcp":"RCP2.6","period":"2035","key":"snowdays","value":5.9,"estimate":"q50"},{"bfs_id":5242,"rcp":"RCP2.6","period":"2035","key":"snowdays","value":7.7,"estimate":"q95"},{"bfs_id":5242,"rcp":"RCP2.6","period":"2060","key":"snowdays","value":3.1,"estimate":"q5"},{"bfs_id":5242,"rcp":"RCP2.6","period":"2060","key":"snowdays","value":5.6,"estimate":"q50"},{"bfs_id":5242,"rcp":"RCP2.6","period":"2060","key":"snowdays","value":7.5,"estimate":"q95"},{"bfs_id":5242,"rcp":"RCP2.6","period":"2085","key":"snowdays","value":3.1,"estimate":"q5"},{"bfs_id":5242,"rcp":"RCP2.6","period":"2085","key":"snowdays","value":5.4,"estimate":"q50"},{"bfs_id":5242,"rcp":"RCP2.6","period":"2085","key":"snowdays","value":7.7,"estimate":"q95"},{"bfs_id":5242,"rcp":"RCP8.5","period":"2035","key":"snowdays","value":2.3,"estimate":"q5"},{"bfs_id":5242,"rcp":"RCP8.5","period":"2035","key":"snowdays","value":5.4,"estimate":"q50"},{"bfs_id":5242,"rcp":"RCP8.5","period":"2035","key":"snowdays","value":6.7,"estimate":"q95"},{"bfs_id":5242,"rcp":"RCP8.5","period":"2060","key":"snowdays","value":1.9,"estimate":"q5"},{"bfs_id":5242,"rcp":"RCP8.5","period":"2060","key":"snowdays","value":2.9,"estimate":"q50"},{"bfs_id":5242,"rcp":"RCP8.5","period":"2060","key":"snowdays","value":4.9,"estimate":"q95"},{"bfs_id":5242,"rcp":"RCP8.5","period":"2085","key":"snowdays","value":0.5,"estimate":"q5"},{"bfs_id":5242,"rcp":"RCP8.5","period":"2085","key":"snowdays","value":1.6,"estimate":"q50"},{"bfs_id":5242,"rcp":"RCP8.5","period":"2085","key":"snowdays","value":2.4,"estimate":"q95"},{"bfs_id":5242,"rcp":"RCP2.6","period":"2035","key":"TN","value":3,"estimate":"q5"},{"bfs_id":5242,"rcp":"RCP2.6","period":"2035","key":"TN","value":5.6,"estimate":"q50"},{"bfs_id":5242,"rcp":"RCP2.6","period":"2035","key":"TN","value":8,"estimate":"q95"},{"bfs_id":5242,"rcp":"RCP2.6","period":"2060","key":"TN","value":3.5,"estimate":"q5"},{"bfs_id":5242,"rcp":"RCP2.6","period":"2060","key":"TN","value":5.7,"estimate":"q50"},{"bfs_id":5242,"rcp":"RCP2.6","period":"2060","key":"TN","value":10.4,"estimate":"q95"},{"bfs_id":5242,"rcp":"RCP2.6","period":"2085","key":"TN","value":3.3,"estimate":"q5"},{"bfs_id":5242,"rcp":"RCP2.6","period":"2085","key":"TN","value":5.4,"estimate":"q50"},{"bfs_id":5242,"rcp":"RCP2.6","period":"2085","key":"TN","value":11.1,"estimate":"q95"},{"bfs_id":5242,"rcp":"RCP8.5","period":"2035","key":"TN","value":4.1,"estimate":"q5"},{"bfs_id":5242,"rcp":"RCP8.5","period":"2035","key":"TN","value":7.1,"estimate":"q50"},{"bfs_id":5242,"rcp":"RCP8.5","period":"2035","key":"TN","value":12.1,"estimate":"q95"},{"bfs_id":5242,"rcp":"RCP8.5","period":"2060","key":"TN","value":11.7,"estimate":"q5"},{"bfs_id":5242,"rcp":"RCP8.5","period":"2060","key":"TN","value":16.9,"estimate":"q50"},{"bfs_id":5242,"rcp":"RCP8.5","period":"2060","key":"TN","value":30.8,"estimate":"q95"},{"bfs_id":5242,"rcp":"RCP8.5","period":"2085","key":"TN","value":29.1,"estimate":"q5"},{"bfs_id":5242,"rcp":"RCP8.5","period":"2085","key":"TN","value":37.3,"estimate":"q50"},{"bfs_id":5242,"rcp":"RCP8.5","period":"2085","key":"TN","value":63.9,"estimate":"q95"},{"bfs_id":5242,"rcp":"RCP2.6","period":"2035","key":"pr","value":2.3,"estimate":"q5","season":"DJF"},{"bfs_id":5242,"rcp":"RCP2.6","period":"2035","key":"pr","value":4.3,"estimate":"q5","season":"MAM"},{"bfs_id":5242,"rcp":"RCP2.6","period":"2035","key":"pr","value":3.7,"estimate":"q5","season":"JJA"},{"bfs_id":5242,"rcp":"RCP2.6","period":"2035","key":"pr","value":4.5,"estimate":"q5","season":"SON"},{"bfs_id":5242,"rcp":"RCP2.6","period":"2035","key":"pr","value":3.1,"estimate":"q50","season":"DJF"},{"bfs_id":5242,"rcp":"RCP2.6","period":"2035","key":"pr","value":4.8,"estimate":"q50","season":"MAM"},{"bfs_id":5242,"rcp":"RCP2.6","period":"2035","key":"pr","value":4.4,"estimate":"q50","season":"JJA"},{"bfs_id":5242,"rcp":"RCP2.6","period":"2035","key":"pr","value":5.2,"estimate":"q50","season":"SON"},{"bfs_id":5242,"rcp":"RCP2.6","period":"2035","key":"pr","value":3.4,"estimate":"q95","season":"DJF"},{"bfs_id":5242,"rcp":"RCP2.6","period":"2035","key":"pr","value":5.4,"estimate":"q95","season":"MAM"},{"bfs_id":5242,"rcp":"RCP2.6","period":"2035","key":"pr","value":5.4,"estimate":"q95","season":"JJA"},{"bfs_id":5242,"rcp":"RCP2.6","period":"2035","key":"pr","value":6.2,"estimate":"q95","season":"SON"},{"bfs_id":5242,"rcp":"RCP2.6","period":"2060","key":"pr","value":2.5,"estimate":"q5","season":"DJF"},{"bfs_id":5242,"rcp":"RCP2.6","period":"2060","key":"pr","value":4.2,"estimate":"q5","season":"MAM"},{"bfs_id":5242,"rcp":"RCP2.6","period":"2060","key":"pr","value":3.8,"estimate":"q5","season":"JJA"},{"bfs_id":5242,"rcp":"RCP2.6","period":"2060","key":"pr","value":4.6,"estimate":"q5","season":"SON"},{"bfs_id":5242,"rcp":"RCP2.6","period":"2060","key":"pr","value":3.1,"estimate":"q50","season":"DJF"},{"bfs_id":5242,"rcp":"RCP2.6","period":"2060","key":"pr","value":4.8,"estimate":"q50","season":"MAM"},{"bfs_id":5242,"rcp":"RCP2.6","period":"2060","key":"pr","value":4.3,"estimate":"q50","season":"JJA"},{"bfs_id":5242,"rcp":"RCP2.6","period":"2060","key":"pr","value":5.2,"estimate":"q50","season":"SON"},{"bfs_id":5242,"rcp":"RCP2.6","period":"2060","key":"pr","value":3.9,"estimate":"q95","season":"DJF"},{"bfs_id":5242,"rcp":"RCP2.6","period":"2060","key":"pr","value":5.7,"estimate":"q95","season":"MAM"},{"bfs_id":5242,"rcp":"RCP2.6","period":"2060","key":"pr","value":5.6,"estimate":"q95","season":"JJA"},{"bfs_id":5242,"rcp":"RCP2.6","period":"2060","key":"pr","value":5.9,"estimate":"q95","season":"SON"},{"bfs_id":5242,"rcp":"RCP2.6","period":"2085","key":"pr","value":2.4,"estimate":"q5","season":"DJF"},{"bfs_id":5242,"rcp":"RCP2.6","period":"2085","key":"pr","value":4.2,"estimate":"q5","season":"MAM"},{"bfs_id":5242,"rcp":"RCP2.6","period":"2085","key":"pr","value":3.6,"estimate":"q5","season":"JJA"},{"bfs_id":5242,"rcp":"RCP2.6","period":"2085","key":"pr","value":4.5,"estimate":"q5","season":"SON"},{"bfs_id":5242,"rcp":"RCP2.6","period":"2085","key":"pr","value":3.3,"estimate":"q50","season":"DJF"},{"bfs_id":5242,"rcp":"RCP2.6","period":"2085","key":"pr","value":4.9,"estimate":"q50","season":"MAM"},{"bfs_id":5242,"rcp":"RCP2.6","period":"2085","key":"pr","value":4.5,"estimate":"q50","season":"JJA"},{"bfs_id":5242,"rcp":"RCP2.6","period":"2085","key":"pr","value":5.1,"estimate":"q50","season":"SON"},{"bfs_id":5242,"rcp":"RCP2.6","period":"2085","key":"pr","value":4,"estimate":"q95","season":"DJF"},{"bfs_id":5242,"rcp":"RCP2.6","period":"2085","key":"pr","value":5.6,"estimate":"q95","season":"MAM"},{"bfs_id":5242,"rcp":"RCP2.6","period":"2085","key":"pr","value":5.7,"estimate":"q95","season":"JJA"},{"bfs_id":5242,"rcp":"RCP2.6","period":"2085","key":"pr","value":6.1,"estimate":"q95","season":"SON"},{"bfs_id":5242,"rcp":"RCP8.5","period":"2035","key":"pr","value":2.5,"estimate":"q5","season":"DJF"},{"bfs_id":5242,"rcp":"RCP8.5","period":"2035","key":"pr","value":4.2,"estimate":"q5","season":"MAM"},{"bfs_id":5242,"rcp":"RCP8.5","period":"2035","key":"pr","value":3.7,"estimate":"q5","season":"JJA"},{"bfs_id":5242,"rcp":"RCP8.5","period":"2035","key":"pr","value":4.4,"estimate":"q5","season":"SON"},{"bfs_id":5242,"rcp":"RCP8.5","period":"2035","key":"pr","value":2.9,"estimate":"q50","season":"DJF"},{"bfs_id":5242,"rcp":"RCP8.5","period":"2035","key":"pr","value":4.7,"estimate":"q50","season":"MAM"},{"bfs_id":5242,"rcp":"RCP8.5","period":"2035","key":"pr","value":4.2,"estimate":"q50","season":"JJA"},{"bfs_id":5242,"rcp":"RCP8.5","period":"2035","key":"pr","value":5,"estimate":"q50","season":"SON"},{"bfs_id":5242,"rcp":"RCP8.5","period":"2035","key":"pr","value":3.4,"estimate":"q95","season":"DJF"},{"bfs_id":5242,"rcp":"RCP8.5","period":"2035","key":"pr","value":5.4,"estimate":"q95","season":"MAM"},{"bfs_id":5242,"rcp":"RCP8.5","period":"2035","key":"pr","value":5.5,"estimate":"q95","season":"JJA"},{"bfs_id":5242,"rcp":"RCP8.5","period":"2035","key":"pr","value":6,"estimate":"q95","season":"SON"},{"bfs_id":5242,"rcp":"RCP8.5","period":"2060","key":"pr","value":2.4,"estimate":"q5","season":"DJF"},{"bfs_id":5242,"rcp":"RCP8.5","period":"2060","key":"pr","value":4.1,"estimate":"q5","season":"MAM"},{"bfs_id":5242,"rcp":"RCP8.5","period":"2060","key":"pr","value":2.9,"estimate":"q5","season":"JJA"},{"bfs_id":5242,"rcp":"RCP8.5","period":"2060","key":"pr","value":4.6,"estimate":"q5","season":"SON"},{"bfs_id":5242,"rcp":"RCP8.5","period":"2060","key":"pr","value":3.1,"estimate":"q50","season":"DJF"},{"bfs_id":5242,"rcp":"RCP8.5","period":"2060","key":"pr","value":5.1,"estimate":"q50","season":"MAM"},{"bfs_id":5242,"rcp":"RCP8.5","period":"2060","key":"pr","value":4,"estimate":"q50","season":"JJA"},{"bfs_id":5242,"rcp":"RCP8.5","period":"2060","key":"pr","value":5.1,"estimate":"q50","season":"SON"},{"bfs_id":5242,"rcp":"RCP8.5","period":"2060","key":"pr","value":3.4,"estimate":"q95","season":"DJF"},{"bfs_id":5242,"rcp":"RCP8.5","period":"2060","key":"pr","value":5.5,"estimate":"q95","season":"MAM"},{"bfs_id":5242,"rcp":"RCP8.5","period":"2060","key":"pr","value":5.6,"estimate":"q95","season":"JJA"},{"bfs_id":5242,"rcp":"RCP8.5","period":"2060","key":"pr","value":5.9,"estimate":"q95","season":"SON"},{"bfs_id":5242,"rcp":"RCP8.5","period":"2085","key":"pr","value":2.9,"estimate":"q5","season":"DJF"},{"bfs_id":5242,"rcp":"RCP8.5","period":"2085","key":"pr","value":4.1,"estimate":"q5","season":"MAM"},{"bfs_id":5242,"rcp":"RCP8.5","period":"2085","key":"pr","value":2.5,"estimate":"q5","season":"JJA"},{"bfs_id":5242,"rcp":"RCP8.5","period":"2085","key":"pr","value":4.1,"estimate":"q5","season":"SON"},{"bfs_id":5242,"rcp":"RCP8.5","period":"2085","key":"pr","value":3.5,"estimate":"q50","season":"DJF"},{"bfs_id":5242,"rcp":"RCP8.5","period":"2085","key":"pr","value":4.8,"estimate":"q50","season":"MAM"},{"bfs_id":5242,"rcp":"RCP8.5","period":"2085","key":"pr","value":3.2,"estimate":"q50","season":"JJA"},{"bfs_id":5242,"rcp":"RCP8.5","period":"2085","key":"pr","value":5.1,"estimate":"q50","season":"SON"},{"bfs_id":5242,"rcp":"RCP8.5","period":"2085","key":"pr","value":4.1,"estimate":"q95","season":"DJF"},{"bfs_id":5242,"rcp":"RCP8.5","period":"2085","key":"pr","value":5.4,"estimate":"q95","season":"MAM"},{"bfs_id":5242,"rcp":"RCP8.5","period":"2085","key":"pr","value":5.1,"estimate":"q95","season":"JJA"},{"bfs_id":5242,"rcp":"RCP8.5","period":"2085","key":"pr","value":5.8,"estimate":"q95","season":"SON"},{"bfs_id":5242,"rcp":"RCP2.6","period":"2035","key":"tas","value":2.6,"estimate":"q5","season":"DJF"},{"bfs_id":5242,"rcp":"RCP2.6","period":"2035","key":"tas","value":11.1,"estimate":"q5","season":"MAM"},{"bfs_id":5242,"rcp":"RCP2.6","period":"2035","key":"tas","value":20.9,"estimate":"q5","season":"JJA"},{"bfs_id":5242,"rcp":"RCP2.6","period":"2035","key":"tas","value":11.9,"estimate":"q5","season":"SON"},{"bfs_id":5242,"rcp":"RCP2.6","period":"2035","key":"tas","value":3.2,"estimate":"q50","season":"DJF"},{"bfs_id":5242,"rcp":"RCP2.6","period":"2035","key":"tas","value":11.5,"estimate":"q50","season":"MAM"},{"bfs_id":5242,"rcp":"RCP2.6","period":"2035","key":"tas","value":21.4,"estimate":"q50","season":"JJA"},{"bfs_id":5242,"rcp":"RCP2.6","period":"2035","key":"tas","value":12.3,"estimate":"q50","season":"SON"},{"bfs_id":5242,"rcp":"RCP2.6","period":"2035","key":"tas","value":3.7,"estimate":"q95","season":"DJF"},{"bfs_id":5242,"rcp":"RCP2.6","period":"2035","key":"tas","value":11.8,"estimate":"q95","season":"MAM"},{"bfs_id":5242,"rcp":"RCP2.6","period":"2035","key":"tas","value":21.9,"estimate":"q95","season":"JJA"},{"bfs_id":5242,"rcp":"RCP2.6","period":"2035","key":"tas","value":13,"estimate":"q95","season":"SON"},{"bfs_id":5242,"rcp":"RCP2.6","period":"2060","key":"tas","value":2.7,"estimate":"q5","season":"DJF"},{"bfs_id":5242,"rcp":"RCP2.6","period":"2060","key":"tas","value":11.1,"estimate":"q5","season":"MAM"},{"bfs_id":5242,"rcp":"RCP2.6","period":"2060","key":"tas","value":21,"estimate":"q5","season":"JJA"},{"bfs_id":5242,"rcp":"RCP2.6","period":"2060","key":"tas","value":12.2,"estimate":"q5","season":"SON"},{"bfs_id":5242,"rcp":"RCP2.6","period":"2060","key":"tas","value":3.4,"estimate":"q50","season":"DJF"},{"bfs_id":5242,"rcp":"RCP2.6","period":"2060","key":"tas","value":11.5,"estimate":"q50","season":"MAM"},{"bfs_id":5242,"rcp":"RCP2.6","period":"2060","key":"tas","value":21.4,"estimate":"q50","season":"JJA"},{"bfs_id":5242,"rcp":"RCP2.6","period":"2060","key":"tas","value":12.5,"estimate":"q50","season":"SON"},{"bfs_id":5242,"rcp":"RCP2.6","period":"2060","key":"tas","value":3.9,"estimate":"q95","season":"DJF"},{"bfs_id":5242,"rcp":"RCP2.6","period":"2060","key":"tas","value":11.9,"estimate":"q95","season":"MAM"},{"bfs_id":5242,"rcp":"RCP2.6","period":"2060","key":"tas","value":22.1,"estimate":"q95","season":"JJA"},{"bfs_id":5242,"rcp":"RCP2.6","period":"2060","key":"tas","value":13.4,"estimate":"q95","season":"SON"},{"bfs_id":5242,"rcp":"RCP2.6","period":"2085","key":"tas","value":2.7,"estimate":"q5","season":"DJF"},{"bfs_id":5242,"rcp":"RCP2.6","period":"2085","key":"tas","value":11,"estimate":"q5","season":"MAM"},{"bfs_id":5242,"rcp":"RCP2.6","period":"2085","key":"tas","value":21,"estimate":"q5","season":"JJA"},{"bfs_id":5242,"rcp":"RCP2.6","period":"2085","key":"tas","value":11.9,"estimate":"q5","season":"SON"},{"bfs_id":5242,"rcp":"RCP2.6","period":"2085","key":"tas","value":3.3,"estimate":"q50","season":"DJF"},{"bfs_id":5242,"rcp":"RCP2.6","period":"2085","key":"tas","value":11.5,"estimate":"q50","season":"MAM"},{"bfs_id":5242,"rcp":"RCP2.6","period":"2085","key":"tas","value":21.3,"estimate":"q50","season":"JJA"},{"bfs_id":5242,"rcp":"RCP2.6","period":"2085","key":"tas","value":12.5,"estimate":"q50","season":"SON"},{"bfs_id":5242,"rcp":"RCP2.6","period":"2085","key":"tas","value":3.9,"estimate":"q95","season":"DJF"},{"bfs_id":5242,"rcp":"RCP2.6","period":"2085","key":"tas","value":12,"estimate":"q95","season":"MAM"},{"bfs_id":5242,"rcp":"RCP2.6","period":"2085","key":"tas","value":22.1,"estimate":"q95","season":"JJA"},{"bfs_id":5242,"rcp":"RCP2.6","period":"2085","key":"tas","value":13.3,"estimate":"q95","season":"SON"},{"bfs_id":5242,"rcp":"RCP8.5","period":"2035","key":"tas","value":2.7,"estimate":"q5","season":"DJF"},{"bfs_id":5242,"rcp":"RCP8.5","period":"2035","key":"tas","value":11.4,"estimate":"q5","season":"MAM"},{"bfs_id":5242,"rcp":"RCP8.5","period":"2035","key":"tas","value":21.2,"estimate":"q5","season":"JJA"},{"bfs_id":5242,"rcp":"RCP8.5","period":"2035","key":"tas","value":12.2,"estimate":"q5","season":"SON"},{"bfs_id":5242,"rcp":"RCP8.5","period":"2035","key":"tas","value":3.6,"estimate":"q50","season":"DJF"},{"bfs_id":5242,"rcp":"RCP8.5","period":"2035","key":"tas","value":11.6,"estimate":"q50","season":"MAM"},{"bfs_id":5242,"rcp":"RCP8.5","period":"2035","key":"tas","value":21.6,"estimate":"q50","season":"JJA"},{"bfs_id":5242,"rcp":"RCP8.5","period":"2035","key":"tas","value":12.7,"estimate":"q50","season":"SON"},{"bfs_id":5242,"rcp":"RCP8.5","period":"2035","key":"tas","value":3.9,"estimate":"q95","season":"DJF"},{"bfs_id":5242,"rcp":"RCP8.5","period":"2035","key":"tas","value":11.9,"estimate":"q95","season":"MAM"},{"bfs_id":5242,"rcp":"RCP8.5","period":"2035","key":"tas","value":22.1,"estimate":"q95","season":"JJA"},{"bfs_id":5242,"rcp":"RCP8.5","period":"2035","key":"tas","value":13.4,"estimate":"q95","season":"SON"},{"bfs_id":5242,"rcp":"RCP8.5","period":"2060","key":"tas","value":4,"estimate":"q5","season":"DJF"},{"bfs_id":5242,"rcp":"RCP8.5","period":"2060","key":"tas","value":12.2,"estimate":"q5","season":"MAM"},{"bfs_id":5242,"rcp":"RCP8.5","period":"2060","key":"tas","value":22.2,"estimate":"q5","season":"JJA"},{"bfs_id":5242,"rcp":"RCP8.5","period":"2060","key":"tas","value":13.3,"estimate":"q5","season":"SON"},{"bfs_id":5242,"rcp":"RCP8.5","period":"2060","key":"tas","value":4.4,"estimate":"q50","season":"DJF"},{"bfs_id":5242,"rcp":"RCP8.5","period":"2060","key":"tas","value":12.6,"estimate":"q50","season":"MAM"},{"bfs_id":5242,"rcp":"RCP8.5","period":"2060","key":"tas","value":22.8,"estimate":"q50","season":"JJA"},{"bfs_id":5242,"rcp":"RCP8.5","period":"2060","key":"tas","value":14,"estimate":"q50","season":"SON"},{"bfs_id":5242,"rcp":"RCP8.5","period":"2060","key":"tas","value":5,"estimate":"q95","season":"DJF"},{"bfs_id":5242,"rcp":"RCP8.5","period":"2060","key":"tas","value":13,"estimate":"q95","season":"MAM"},{"bfs_id":5242,"rcp":"RCP8.5","period":"2060","key":"tas","value":23.5,"estimate":"q95","season":"JJA"},{"bfs_id":5242,"rcp":"RCP8.5","period":"2060","key":"tas","value":14.6,"estimate":"q95","season":"SON"},{"bfs_id":5242,"rcp":"RCP8.5","period":"2085","key":"tas","value":5.3,"estimate":"q5","season":"DJF"},{"bfs_id":5242,"rcp":"RCP8.5","period":"2085","key":"tas","value":13.1,"estimate":"q5","season":"MAM"},{"bfs_id":5242,"rcp":"RCP8.5","period":"2085","key":"tas","value":23.7,"estimate":"q5","season":"JJA"},{"bfs_id":5242,"rcp":"RCP8.5","period":"2085","key":"tas","value":14.6,"estimate":"q5","season":"SON"},{"bfs_id":5242,"rcp":"RCP8.5","period":"2085","key":"tas","value":6,"estimate":"q50","season":"DJF"},{"bfs_id":5242,"rcp":"RCP8.5","period":"2085","key":"tas","value":13.8,"estimate":"q50","season":"MAM"},{"bfs_id":5242,"rcp":"RCP8.5","period":"2085","key":"tas","value":24.3,"estimate":"q50","season":"JJA"},{"bfs_id":5242,"rcp":"RCP8.5","period":"2085","key":"tas","value":15.4,"estimate":"q50","season":"SON"},{"bfs_id":5242,"rcp":"RCP8.5","period":"2085","key":"tas","value":6.9,"estimate":"q95","season":"DJF"},{"bfs_id":5242,"rcp":"RCP8.5","period":"2085","key":"tas","value":14.5,"estimate":"q95","season":"MAM"},{"bfs_id":5242,"rcp":"RCP8.5","period":"2085","key":"tas","value":25.9,"estimate":"q95","season":"JJA"},{"bfs_id":5242,"rcp":"RCP8.5","period":"2085","key":"tas","value":16.6,"estimate":"q95","season":"SON"},{"bfs_id":5242,"rcp":"obs","period":"1981-2010","key":"FD","value":90.8,"estimate":"yearly_mean"},{"bfs_id":5242,"rcp":"obs","period":"1981-2010","key":"HD","value":14.2,"estimate":"yearly_mean"},{"bfs_id":5242,"rcp":"obs","period":"1981-2010","key":"ID","value":1.2,"estimate":"yearly_mean"},{"bfs_id":5242,"rcp":"obs","period":"1981-2010","key":"SD","value":77.3,"estimate":"yearly_mean"},{"bfs_id":5242,"rcp":"obs","period":"1981-2010","key":"snowdays","value":8.6,"estimate":"yearly_mean"},{"bfs_id":5242,"rcp":"obs","period":"1981-2010","key":"TN","value":1.6,"estimate":"yearly_mean"},{"bfs_id":5242,"rcp":"obs","period":"1981-2010","key":"pr","value":2.6,"estimate":"mean","season":"DJF"},{"bfs_id":5242,"rcp":"obs","period":"1981-2010","key":"pr","value":4.7,"estimate":"mean","season":"MAM"},{"bfs_id":5242,"rcp":"obs","period":"1981-2010","key":"pr","value":4.4,"estimate":"mean","season":"JJA"},{"bfs_id":5242,"rcp":"obs","period":"1981-2010","key":"pr","value":5.2,"estimate":"mean","season":"SON"},{"bfs_id":5242,"rcp":"obs","period":"1981-2010","key":"tas","value":2.1,"estimate":"mean","season":"DJF"},{"bfs_id":5242,"rcp":"obs","period":"1981-2010","key":"tas","value":10.9,"estimate":"mean","season":"MAM"},{"bfs_id":5242,"rcp":"obs","period":"1981-2010","key":"tas","value":20.3,"estimate":"mean","season":"JJA"},{"bfs_id":5242,"rcp":"obs","period":"1981-2010","key":"tas","value":11.3,"estimate":"mean","season":"SON"}]
