[{"bfs_id":5556,"rcp":"RCP2.6","period":"2035","key":"FD","value":53.1,"estimate":"q5"},{"bfs_id":5556,"rcp":"RCP2.6","period":"2035","key":"FD","value":63.6,"estimate":"q50"},{"bfs_id":5556,"rcp":"RCP2.6","period":"2035","key":"FD","value":69.3,"estimate":"q95"},{"bfs_id":5556,"rcp":"RCP2.6","period":"2060","key":"FD","value":50,"estimate":"q5"},{"bfs_id":5556,"rcp":"RCP2.6","period":"2060","key":"FD","value":60.2,"estimate":"q50"},{"bfs_id":5556,"rcp":"RCP2.6","period":"2060","key":"FD","value":66.2,"estimate":"q95"},{"bfs_id":5556,"rcp":"RCP2.6","period":"2085","key":"FD","value":49.9,"estimate":"q5"},{"bfs_id":5556,"rcp":"RCP2.6","period":"2085","key":"FD","value":60.7,"estimate":"q50"},{"bfs_id":5556,"rcp":"RCP2.6","period":"2085","key":"FD","value":67.5,"estimate":"q95"},{"bfs_id":5556,"rcp":"RCP8.5","period":"2035","key":"FD","value":49.9,"estimate":"q5"},{"bfs_id":5556,"rcp":"RCP8.5","period":"2035","key":"FD","value":60.1,"estimate":"q50"},{"bfs_id":5556,"rcp":"RCP8.5","period":"2035","key":"FD","value":65.3,"estimate":"q95"},{"bfs_id":5556,"rcp":"RCP8.5","period":"2060","key":"FD","value":38.1,"estimate":"q5"},{"bfs_id":5556,"rcp":"RCP8.5","period":"2060","key":"FD","value":46,"estimate":"q50"},{"bfs_id":5556,"rcp":"RCP8.5","period":"2060","key":"FD","value":53.4,"estimate":"q95"},{"bfs_id":5556,"rcp":"RCP8.5","period":"2085","key":"FD","value":21.7,"estimate":"q5"},{"bfs_id":5556,"rcp":"RCP8.5","period":"2085","key":"FD","value":27.1,"estimate":"q50"},{"bfs_id":5556,"rcp":"RCP8.5","period":"2085","key":"FD","value":38.6,"estimate":"q95"},{"bfs_id":5556,"rcp":"RCP2.6","period":"2035","key":"HD","value":6.8,"estimate":"q5"},{"bfs_id":5556,"rcp":"RCP2.6","period":"2035","key":"HD","value":10.5,"estimate":"q50"},{"bfs_id":5556,"rcp":"RCP2.6","period":"2035","key":"HD","value":15.5,"estimate":"q95"},{"bfs_id":5556,"rcp":"RCP2.6","period":"2060","key":"HD","value":7.9,"estimate":"q5"},{"bfs_id":5556,"rcp":"RCP2.6","period":"2060","key":"HD","value":10.8,"estimate":"q50"},{"bfs_id":5556,"rcp":"RCP2.6","period":"2060","key":"HD","value":18.4,"estimate":"q95"},{"bfs_id":5556,"rcp":"RCP2.6","period":"2085","key":"HD","value":7.9,"estimate":"q5"},{"bfs_id":5556,"rcp":"RCP2.6","period":"2085","key":"HD","value":9.9,"estimate":"q50"},{"bfs_id":5556,"rcp":"RCP2.6","period":"2085","key":"HD","value":17.6,"estimate":"q95"},{"bfs_id":5556,"rcp":"RCP8.5","period":"2035","key":"HD","value":9,"estimate":"q5"},{"bfs_id":5556,"rcp":"RCP8.5","period":"2035","key":"HD","value":10.7,"estimate":"q50"},{"bfs_id":5556,"rcp":"RCP8.5","period":"2035","key":"HD","value":16.7,"estimate":"q95"},{"bfs_id":5556,"rcp":"RCP8.5","period":"2060","key":"HD","value":14,"estimate":"q5"},{"bfs_id":5556,"rcp":"RCP8.5","period":"2060","key":"HD","value":19.7,"estimate":"q50"},{"bfs_id":5556,"rcp":"RCP8.5","period":"2060","key":"HD","value":32.7,"estimate":"q95"},{"bfs_id":5556,"rcp":"RCP8.5","period":"2085","key":"HD","value":26.6,"estimate":"q5"},{"bfs_id":5556,"rcp":"RCP8.5","period":"2085","key":"HD","value":34.1,"estimate":"q50"},{"bfs_id":5556,"rcp":"RCP8.5","period":"2085","key":"HD","value":56,"estimate":"q95"},{"bfs_id":5556,"rcp":"RCP2.6","period":"2035","key":"ID","value":8.5,"estimate":"q5"},{"bfs_id":5556,"rcp":"RCP2.6","period":"2035","key":"ID","value":11.5,"estimate":"q50"},{"bfs_id":5556,"rcp":"RCP2.6","period":"2035","key":"ID","value":14.5,"estimate":"q95"},{"bfs_id":5556,"rcp":"RCP2.6","period":"2060","key":"ID","value":8.1,"estimate":"q5"},{"bfs_id":5556,"rcp":"RCP2.6","period":"2060","key":"ID","value":11.2,"estimate":"q50"},{"bfs_id":5556,"rcp":"RCP2.6","period":"2060","key":"ID","value":13.3,"estimate":"q95"},{"bfs_id":5556,"rcp":"RCP2.6","period":"2085","key":"ID","value":8.3,"estimate":"q5"},{"bfs_id":5556,"rcp":"RCP2.6","period":"2085","key":"ID","value":10.7,"estimate":"q50"},{"bfs_id":5556,"rcp":"RCP2.6","period":"2085","key":"ID","value":14.1,"estimate":"q95"},{"bfs_id":5556,"rcp":"RCP8.5","period":"2035","key":"ID","value":8.4,"estimate":"q5"},{"bfs_id":5556,"rcp":"RCP8.5","period":"2035","key":"ID","value":9.8,"estimate":"q50"},{"bfs_id":5556,"rcp":"RCP8.5","period":"2035","key":"ID","value":13.5,"estimate":"q95"},{"bfs_id":5556,"rcp":"RCP8.5","period":"2060","key":"ID","value":5.6,"estimate":"q5"},{"bfs_id":5556,"rcp":"RCP8.5","period":"2060","key":"ID","value":7.3,"estimate":"q50"},{"bfs_id":5556,"rcp":"RCP8.5","period":"2060","key":"ID","value":9.2,"estimate":"q95"},{"bfs_id":5556,"rcp":"RCP8.5","period":"2085","key":"ID","value":1.4,"estimate":"q5"},{"bfs_id":5556,"rcp":"RCP8.5","period":"2085","key":"ID","value":3.1,"estimate":"q50"},{"bfs_id":5556,"rcp":"RCP8.5","period":"2085","key":"ID","value":5.1,"estimate":"q95"},{"bfs_id":5556,"rcp":"RCP2.6","period":"2035","key":"SD","value":46.3,"estimate":"q5"},{"bfs_id":5556,"rcp":"RCP2.6","period":"2035","key":"SD","value":53.1,"estimate":"q50"},{"bfs_id":5556,"rcp":"RCP2.6","period":"2035","key":"SD","value":61.1,"estimate":"q95"},{"bfs_id":5556,"rcp":"RCP2.6","period":"2060","key":"SD","value":48.1,"estimate":"q5"},{"bfs_id":5556,"rcp":"RCP2.6","period":"2060","key":"SD","value":54.7,"estimate":"q50"},{"bfs_id":5556,"rcp":"RCP2.6","period":"2060","key":"SD","value":61.2,"estimate":"q95"},{"bfs_id":5556,"rcp":"RCP2.6","period":"2085","key":"SD","value":47.3,"estimate":"q5"},{"bfs_id":5556,"rcp":"RCP2.6","period":"2085","key":"SD","value":54.5,"estimate":"q50"},{"bfs_id":5556,"rcp":"RCP2.6","period":"2085","key":"SD","value":60.6,"estimate":"q95"},{"bfs_id":5556,"rcp":"RCP8.5","period":"2035","key":"SD","value":50.4,"estimate":"q5"},{"bfs_id":5556,"rcp":"RCP8.5","period":"2035","key":"SD","value":55.8,"estimate":"q50"},{"bfs_id":5556,"rcp":"RCP8.5","period":"2035","key":"SD","value":62.5,"estimate":"q95"},{"bfs_id":5556,"rcp":"RCP8.5","period":"2060","key":"SD","value":65.2,"estimate":"q5"},{"bfs_id":5556,"rcp":"RCP8.5","period":"2060","key":"SD","value":70.6,"estimate":"q50"},{"bfs_id":5556,"rcp":"RCP8.5","period":"2060","key":"SD","value":85.1,"estimate":"q95"},{"bfs_id":5556,"rcp":"RCP8.5","period":"2085","key":"SD","value":80.8,"estimate":"q5"},{"bfs_id":5556,"rcp":"RCP8.5","period":"2085","key":"SD","value":92.3,"estimate":"q50"},{"bfs_id":5556,"rcp":"RCP8.5","period":"2085","key":"SD","value":111.6,"estimate":"q95"},{"bfs_id":5556,"rcp":"RCP2.6","period":"2035","key":"snowdays","value":10.3,"estimate":"q5"},{"bfs_id":5556,"rcp":"RCP2.6","period":"2035","key":"snowdays","value":15.1,"estimate":"q50"},{"bfs_id":5556,"rcp":"RCP2.6","period":"2035","key":"snowdays","value":18,"estimate":"q95"},{"bfs_id":5556,"rcp":"RCP2.6","period":"2060","key":"snowdays","value":10,"estimate":"q5"},{"bfs_id":5556,"rcp":"RCP2.6","period":"2060","key":"snowdays","value":13.9,"estimate":"q50"},{"bfs_id":5556,"rcp":"RCP2.6","period":"2060","key":"snowdays","value":17.8,"estimate":"q95"},{"bfs_id":5556,"rcp":"RCP2.6","period":"2085","key":"snowdays","value":9.4,"estimate":"q5"},{"bfs_id":5556,"rcp":"RCP2.6","period":"2085","key":"snowdays","value":14,"estimate":"q50"},{"bfs_id":5556,"rcp":"RCP2.6","period":"2085","key":"snowdays","value":18.4,"estimate":"q95"},{"bfs_id":5556,"rcp":"RCP8.5","period":"2035","key":"snowdays","value":8.6,"estimate":"q5"},{"bfs_id":5556,"rcp":"RCP8.5","period":"2035","key":"snowdays","value":14,"estimate":"q50"},{"bfs_id":5556,"rcp":"RCP8.5","period":"2035","key":"snowdays","value":17.1,"estimate":"q95"},{"bfs_id":5556,"rcp":"RCP8.5","period":"2060","key":"snowdays","value":6.2,"estimate":"q5"},{"bfs_id":5556,"rcp":"RCP8.5","period":"2060","key":"snowdays","value":9.7,"estimate":"q50"},{"bfs_id":5556,"rcp":"RCP8.5","period":"2060","key":"snowdays","value":11.9,"estimate":"q95"},{"bfs_id":5556,"rcp":"RCP8.5","period":"2085","key":"snowdays","value":2.7,"estimate":"q5"},{"bfs_id":5556,"rcp":"RCP8.5","period":"2085","key":"snowdays","value":5.4,"estimate":"q50"},{"bfs_id":5556,"rcp":"RCP8.5","period":"2085","key":"snowdays","value":8.4,"estimate":"q95"},{"bfs_id":5556,"rcp":"RCP2.6","period":"2035","key":"TN","value":0.3,"estimate":"q5"},{"bfs_id":5556,"rcp":"RCP2.6","period":"2035","key":"TN","value":1.1,"estimate":"q50"},{"bfs_id":5556,"rcp":"RCP2.6","period":"2035","key":"TN","value":1.6,"estimate":"q95"},{"bfs_id":5556,"rcp":"RCP2.6","period":"2060","key":"TN","value":0.4,"estimate":"q5"},{"bfs_id":5556,"rcp":"RCP2.6","period":"2060","key":"TN","value":1.2,"estimate":"q50"},{"bfs_id":5556,"rcp":"RCP2.6","period":"2060","key":"TN","value":2.3,"estimate":"q95"},{"bfs_id":5556,"rcp":"RCP2.6","period":"2085","key":"TN","value":0.4,"estimate":"q5"},{"bfs_id":5556,"rcp":"RCP2.6","period":"2085","key":"TN","value":1.2,"estimate":"q50"},{"bfs_id":5556,"rcp":"RCP2.6","period":"2085","key":"TN","value":2.2,"estimate":"q95"},{"bfs_id":5556,"rcp":"RCP8.5","period":"2035","key":"TN","value":0.6,"estimate":"q5"},{"bfs_id":5556,"rcp":"RCP8.5","period":"2035","key":"TN","value":1.4,"estimate":"q50"},{"bfs_id":5556,"rcp":"RCP8.5","period":"2035","key":"TN","value":3.9,"estimate":"q95"},{"bfs_id":5556,"rcp":"RCP8.5","period":"2060","key":"TN","value":3,"estimate":"q5"},{"bfs_id":5556,"rcp":"RCP8.5","period":"2060","key":"TN","value":5,"estimate":"q50"},{"bfs_id":5556,"rcp":"RCP8.5","period":"2060","key":"TN","value":9.5,"estimate":"q95"},{"bfs_id":5556,"rcp":"RCP8.5","period":"2085","key":"TN","value":9.1,"estimate":"q5"},{"bfs_id":5556,"rcp":"RCP8.5","period":"2085","key":"TN","value":13.3,"estimate":"q50"},{"bfs_id":5556,"rcp":"RCP8.5","period":"2085","key":"TN","value":32.7,"estimate":"q95"},{"bfs_id":5556,"rcp":"RCP2.6","period":"2035","key":"pr","value":2.7,"estimate":"q5","season":"DJF"},{"bfs_id":5556,"rcp":"RCP2.6","period":"2035","key":"pr","value":2.5,"estimate":"q5","season":"MAM"},{"bfs_id":5556,"rcp":"RCP2.6","period":"2035","key":"pr","value":2.5,"estimate":"q5","season":"JJA"},{"bfs_id":5556,"rcp":"RCP2.6","period":"2035","key":"pr","value":2.7,"estimate":"q5","season":"SON"},{"bfs_id":5556,"rcp":"RCP2.6","period":"2035","key":"pr","value":3.2,"estimate":"q50","season":"DJF"},{"bfs_id":5556,"rcp":"RCP2.6","period":"2035","key":"pr","value":2.9,"estimate":"q50","season":"MAM"},{"bfs_id":5556,"rcp":"RCP2.6","period":"2035","key":"pr","value":2.9,"estimate":"q50","season":"JJA"},{"bfs_id":5556,"rcp":"RCP2.6","period":"2035","key":"pr","value":3,"estimate":"q50","season":"SON"},{"bfs_id":5556,"rcp":"RCP2.6","period":"2035","key":"pr","value":3.7,"estimate":"q95","season":"DJF"},{"bfs_id":5556,"rcp":"RCP2.6","period":"2035","key":"pr","value":3.2,"estimate":"q95","season":"MAM"},{"bfs_id":5556,"rcp":"RCP2.6","period":"2035","key":"pr","value":3.3,"estimate":"q95","season":"JJA"},{"bfs_id":5556,"rcp":"RCP2.6","period":"2035","key":"pr","value":3.5,"estimate":"q95","season":"SON"},{"bfs_id":5556,"rcp":"RCP2.6","period":"2060","key":"pr","value":2.9,"estimate":"q5","season":"DJF"},{"bfs_id":5556,"rcp":"RCP2.6","period":"2060","key":"pr","value":2.6,"estimate":"q5","season":"MAM"},{"bfs_id":5556,"rcp":"RCP2.6","period":"2060","key":"pr","value":2.5,"estimate":"q5","season":"JJA"},{"bfs_id":5556,"rcp":"RCP2.6","period":"2060","key":"pr","value":2.9,"estimate":"q5","season":"SON"},{"bfs_id":5556,"rcp":"RCP2.6","period":"2060","key":"pr","value":3.3,"estimate":"q50","season":"DJF"},{"bfs_id":5556,"rcp":"RCP2.6","period":"2060","key":"pr","value":2.9,"estimate":"q50","season":"MAM"},{"bfs_id":5556,"rcp":"RCP2.6","period":"2060","key":"pr","value":2.8,"estimate":"q50","season":"JJA"},{"bfs_id":5556,"rcp":"RCP2.6","period":"2060","key":"pr","value":3,"estimate":"q50","season":"SON"},{"bfs_id":5556,"rcp":"RCP2.6","period":"2060","key":"pr","value":3.6,"estimate":"q95","season":"DJF"},{"bfs_id":5556,"rcp":"RCP2.6","period":"2060","key":"pr","value":3.2,"estimate":"q95","season":"MAM"},{"bfs_id":5556,"rcp":"RCP2.6","period":"2060","key":"pr","value":3.2,"estimate":"q95","season":"JJA"},{"bfs_id":5556,"rcp":"RCP2.6","period":"2060","key":"pr","value":3.3,"estimate":"q95","season":"SON"},{"bfs_id":5556,"rcp":"RCP2.6","period":"2085","key":"pr","value":2.8,"estimate":"q5","season":"DJF"},{"bfs_id":5556,"rcp":"RCP2.6","period":"2085","key":"pr","value":2.7,"estimate":"q5","season":"MAM"},{"bfs_id":5556,"rcp":"RCP2.6","period":"2085","key":"pr","value":2.5,"estimate":"q5","season":"JJA"},{"bfs_id":5556,"rcp":"RCP2.6","period":"2085","key":"pr","value":2.7,"estimate":"q5","season":"SON"},{"bfs_id":5556,"rcp":"RCP2.6","period":"2085","key":"pr","value":3.3,"estimate":"q50","season":"DJF"},{"bfs_id":5556,"rcp":"RCP2.6","period":"2085","key":"pr","value":2.9,"estimate":"q50","season":"MAM"},{"bfs_id":5556,"rcp":"RCP2.6","period":"2085","key":"pr","value":2.9,"estimate":"q50","season":"JJA"},{"bfs_id":5556,"rcp":"RCP2.6","period":"2085","key":"pr","value":3,"estimate":"q50","season":"SON"},{"bfs_id":5556,"rcp":"RCP2.6","period":"2085","key":"pr","value":3.6,"estimate":"q95","season":"DJF"},{"bfs_id":5556,"rcp":"RCP2.6","period":"2085","key":"pr","value":3.2,"estimate":"q95","season":"MAM"},{"bfs_id":5556,"rcp":"RCP2.6","period":"2085","key":"pr","value":3.3,"estimate":"q95","season":"JJA"},{"bfs_id":5556,"rcp":"RCP2.6","period":"2085","key":"pr","value":3.4,"estimate":"q95","season":"SON"},{"bfs_id":5556,"rcp":"RCP8.5","period":"2035","key":"pr","value":3,"estimate":"q5","season":"DJF"},{"bfs_id":5556,"rcp":"RCP8.5","period":"2035","key":"pr","value":2.7,"estimate":"q5","season":"MAM"},{"bfs_id":5556,"rcp":"RCP8.5","period":"2035","key":"pr","value":2.3,"estimate":"q5","season":"JJA"},{"bfs_id":5556,"rcp":"RCP8.5","period":"2035","key":"pr","value":2.7,"estimate":"q5","season":"SON"},{"bfs_id":5556,"rcp":"RCP8.5","period":"2035","key":"pr","value":3.4,"estimate":"q50","season":"DJF"},{"bfs_id":5556,"rcp":"RCP8.5","period":"2035","key":"pr","value":3.1,"estimate":"q50","season":"MAM"},{"bfs_id":5556,"rcp":"RCP8.5","period":"2035","key":"pr","value":2.9,"estimate":"q50","season":"JJA"},{"bfs_id":5556,"rcp":"RCP8.5","period":"2035","key":"pr","value":3.1,"estimate":"q50","season":"SON"},{"bfs_id":5556,"rcp":"RCP8.5","period":"2035","key":"pr","value":3.7,"estimate":"q95","season":"DJF"},{"bfs_id":5556,"rcp":"RCP8.5","period":"2035","key":"pr","value":3.2,"estimate":"q95","season":"MAM"},{"bfs_id":5556,"rcp":"RCP8.5","period":"2035","key":"pr","value":3.2,"estimate":"q95","season":"JJA"},{"bfs_id":5556,"rcp":"RCP8.5","period":"2035","key":"pr","value":3.5,"estimate":"q95","season":"SON"},{"bfs_id":5556,"rcp":"RCP8.5","period":"2060","key":"pr","value":3.1,"estimate":"q5","season":"DJF"},{"bfs_id":5556,"rcp":"RCP8.5","period":"2060","key":"pr","value":2.8,"estimate":"q5","season":"MAM"},{"bfs_id":5556,"rcp":"RCP8.5","period":"2060","key":"pr","value":2,"estimate":"q5","season":"JJA"},{"bfs_id":5556,"rcp":"RCP8.5","period":"2060","key":"pr","value":2.7,"estimate":"q5","season":"SON"},{"bfs_id":5556,"rcp":"RCP8.5","period":"2060","key":"pr","value":3.4,"estimate":"q50","season":"DJF"},{"bfs_id":5556,"rcp":"RCP8.5","period":"2060","key":"pr","value":3.1,"estimate":"q50","season":"MAM"},{"bfs_id":5556,"rcp":"RCP8.5","period":"2060","key":"pr","value":2.8,"estimate":"q50","season":"JJA"},{"bfs_id":5556,"rcp":"RCP8.5","period":"2060","key":"pr","value":3.2,"estimate":"q50","season":"SON"},{"bfs_id":5556,"rcp":"RCP8.5","period":"2060","key":"pr","value":3.8,"estimate":"q95","season":"DJF"},{"bfs_id":5556,"rcp":"RCP8.5","period":"2060","key":"pr","value":3.3,"estimate":"q95","season":"MAM"},{"bfs_id":5556,"rcp":"RCP8.5","period":"2060","key":"pr","value":3.1,"estimate":"q95","season":"JJA"},{"bfs_id":5556,"rcp":"RCP8.5","period":"2060","key":"pr","value":3.4,"estimate":"q95","season":"SON"},{"bfs_id":5556,"rcp":"RCP8.5","period":"2085","key":"pr","value":3.3,"estimate":"q5","season":"DJF"},{"bfs_id":5556,"rcp":"RCP8.5","period":"2085","key":"pr","value":2.8,"estimate":"q5","season":"MAM"},{"bfs_id":5556,"rcp":"RCP8.5","period":"2085","key":"pr","value":1.6,"estimate":"q5","season":"JJA"},{"bfs_id":5556,"rcp":"RCP8.5","period":"2085","key":"pr","value":2.5,"estimate":"q5","season":"SON"},{"bfs_id":5556,"rcp":"RCP8.5","period":"2085","key":"pr","value":3.8,"estimate":"q50","season":"DJF"},{"bfs_id":5556,"rcp":"RCP8.5","period":"2085","key":"pr","value":3.2,"estimate":"q50","season":"MAM"},{"bfs_id":5556,"rcp":"RCP8.5","period":"2085","key":"pr","value":2.4,"estimate":"q50","season":"JJA"},{"bfs_id":5556,"rcp":"RCP8.5","period":"2085","key":"pr","value":3,"estimate":"q50","season":"SON"},{"bfs_id":5556,"rcp":"RCP8.5","period":"2085","key":"pr","value":4.2,"estimate":"q95","season":"DJF"},{"bfs_id":5556,"rcp":"RCP8.5","period":"2085","key":"pr","value":3.5,"estimate":"q95","season":"MAM"},{"bfs_id":5556,"rcp":"RCP8.5","period":"2085","key":"pr","value":3.1,"estimate":"q95","season":"JJA"},{"bfs_id":5556,"rcp":"RCP8.5","period":"2085","key":"pr","value":3.5,"estimate":"q95","season":"SON"},{"bfs_id":5556,"rcp":"RCP2.6","period":"2035","key":"tas","value":2.1,"estimate":"q5","season":"DJF"},{"bfs_id":5556,"rcp":"RCP2.6","period":"2035","key":"tas","value":9.3,"estimate":"q5","season":"MAM"},{"bfs_id":5556,"rcp":"RCP2.6","period":"2035","key":"tas","value":18.4,"estimate":"q5","season":"JJA"},{"bfs_id":5556,"rcp":"RCP2.6","period":"2035","key":"tas","value":10.5,"estimate":"q5","season":"SON"},{"bfs_id":5556,"rcp":"RCP2.6","period":"2035","key":"tas","value":2.5,"estimate":"q50","season":"DJF"},{"bfs_id":5556,"rcp":"RCP2.6","period":"2035","key":"tas","value":9.8,"estimate":"q50","season":"MAM"},{"bfs_id":5556,"rcp":"RCP2.6","period":"2035","key":"tas","value":19,"estimate":"q50","season":"JJA"},{"bfs_id":5556,"rcp":"RCP2.6","period":"2035","key":"tas","value":10.8,"estimate":"q50","season":"SON"},{"bfs_id":5556,"rcp":"RCP2.6","period":"2035","key":"tas","value":3.1,"estimate":"q95","season":"DJF"},{"bfs_id":5556,"rcp":"RCP2.6","period":"2035","key":"tas","value":10.1,"estimate":"q95","season":"MAM"},{"bfs_id":5556,"rcp":"RCP2.6","period":"2035","key":"tas","value":19.6,"estimate":"q95","season":"JJA"},{"bfs_id":5556,"rcp":"RCP2.6","period":"2035","key":"tas","value":11.6,"estimate":"q95","season":"SON"},{"bfs_id":5556,"rcp":"RCP2.6","period":"2060","key":"tas","value":2.1,"estimate":"q5","season":"DJF"},{"bfs_id":5556,"rcp":"RCP2.6","period":"2060","key":"tas","value":9.2,"estimate":"q5","season":"MAM"},{"bfs_id":5556,"rcp":"RCP2.6","period":"2060","key":"tas","value":18.7,"estimate":"q5","season":"JJA"},{"bfs_id":5556,"rcp":"RCP2.6","period":"2060","key":"tas","value":10.7,"estimate":"q5","season":"SON"},{"bfs_id":5556,"rcp":"RCP2.6","period":"2060","key":"tas","value":2.8,"estimate":"q50","season":"DJF"},{"bfs_id":5556,"rcp":"RCP2.6","period":"2060","key":"tas","value":9.8,"estimate":"q50","season":"MAM"},{"bfs_id":5556,"rcp":"RCP2.6","period":"2060","key":"tas","value":19.1,"estimate":"q50","season":"JJA"},{"bfs_id":5556,"rcp":"RCP2.6","period":"2060","key":"tas","value":11.1,"estimate":"q50","season":"SON"},{"bfs_id":5556,"rcp":"RCP2.6","period":"2060","key":"tas","value":3.4,"estimate":"q95","season":"DJF"},{"bfs_id":5556,"rcp":"RCP2.6","period":"2060","key":"tas","value":10.4,"estimate":"q95","season":"MAM"},{"bfs_id":5556,"rcp":"RCP2.6","period":"2060","key":"tas","value":19.8,"estimate":"q95","season":"JJA"},{"bfs_id":5556,"rcp":"RCP2.6","period":"2060","key":"tas","value":12,"estimate":"q95","season":"SON"},{"bfs_id":5556,"rcp":"RCP2.6","period":"2085","key":"tas","value":2.1,"estimate":"q5","season":"DJF"},{"bfs_id":5556,"rcp":"RCP2.6","period":"2085","key":"tas","value":9.2,"estimate":"q5","season":"MAM"},{"bfs_id":5556,"rcp":"RCP2.6","period":"2085","key":"tas","value":18.6,"estimate":"q5","season":"JJA"},{"bfs_id":5556,"rcp":"RCP2.6","period":"2085","key":"tas","value":10.5,"estimate":"q5","season":"SON"},{"bfs_id":5556,"rcp":"RCP2.6","period":"2085","key":"tas","value":2.7,"estimate":"q50","season":"DJF"},{"bfs_id":5556,"rcp":"RCP2.6","period":"2085","key":"tas","value":10,"estimate":"q50","season":"MAM"},{"bfs_id":5556,"rcp":"RCP2.6","period":"2085","key":"tas","value":19.1,"estimate":"q50","season":"JJA"},{"bfs_id":5556,"rcp":"RCP2.6","period":"2085","key":"tas","value":11,"estimate":"q50","season":"SON"},{"bfs_id":5556,"rcp":"RCP2.6","period":"2085","key":"tas","value":3.4,"estimate":"q95","season":"DJF"},{"bfs_id":5556,"rcp":"RCP2.6","period":"2085","key":"tas","value":10.4,"estimate":"q95","season":"MAM"},{"bfs_id":5556,"rcp":"RCP2.6","period":"2085","key":"tas","value":19.7,"estimate":"q95","season":"JJA"},{"bfs_id":5556,"rcp":"RCP2.6","period":"2085","key":"tas","value":12,"estimate":"q95","season":"SON"},{"bfs_id":5556,"rcp":"RCP8.5","period":"2035","key":"tas","value":2.2,"estimate":"q5","season":"DJF"},{"bfs_id":5556,"rcp":"RCP8.5","period":"2035","key":"tas","value":9.5,"estimate":"q5","season":"MAM"},{"bfs_id":5556,"rcp":"RCP8.5","period":"2035","key":"tas","value":18.8,"estimate":"q5","season":"JJA"},{"bfs_id":5556,"rcp":"RCP8.5","period":"2035","key":"tas","value":10.8,"estimate":"q5","season":"SON"},{"bfs_id":5556,"rcp":"RCP8.5","period":"2035","key":"tas","value":2.8,"estimate":"q50","season":"DJF"},{"bfs_id":5556,"rcp":"RCP8.5","period":"2035","key":"tas","value":9.8,"estimate":"q50","season":"MAM"},{"bfs_id":5556,"rcp":"RCP8.5","period":"2035","key":"tas","value":19.3,"estimate":"q50","season":"JJA"},{"bfs_id":5556,"rcp":"RCP8.5","period":"2035","key":"tas","value":11.2,"estimate":"q50","season":"SON"},{"bfs_id":5556,"rcp":"RCP8.5","period":"2035","key":"tas","value":3.2,"estimate":"q95","season":"DJF"},{"bfs_id":5556,"rcp":"RCP8.5","period":"2035","key":"tas","value":10.3,"estimate":"q95","season":"MAM"},{"bfs_id":5556,"rcp":"RCP8.5","period":"2035","key":"tas","value":19.9,"estimate":"q95","season":"JJA"},{"bfs_id":5556,"rcp":"RCP8.5","period":"2035","key":"tas","value":12,"estimate":"q95","season":"SON"},{"bfs_id":5556,"rcp":"RCP8.5","period":"2060","key":"tas","value":3.3,"estimate":"q5","season":"DJF"},{"bfs_id":5556,"rcp":"RCP8.5","period":"2060","key":"tas","value":10.2,"estimate":"q5","season":"MAM"},{"bfs_id":5556,"rcp":"RCP8.5","period":"2060","key":"tas","value":19.9,"estimate":"q5","season":"JJA"},{"bfs_id":5556,"rcp":"RCP8.5","period":"2060","key":"tas","value":11.9,"estimate":"q5","season":"SON"},{"bfs_id":5556,"rcp":"RCP8.5","period":"2060","key":"tas","value":3.6,"estimate":"q50","season":"DJF"},{"bfs_id":5556,"rcp":"RCP8.5","period":"2060","key":"tas","value":10.8,"estimate":"q50","season":"MAM"},{"bfs_id":5556,"rcp":"RCP8.5","period":"2060","key":"tas","value":20.4,"estimate":"q50","season":"JJA"},{"bfs_id":5556,"rcp":"RCP8.5","period":"2060","key":"tas","value":12.4,"estimate":"q50","season":"SON"},{"bfs_id":5556,"rcp":"RCP8.5","period":"2060","key":"tas","value":4.3,"estimate":"q95","season":"DJF"},{"bfs_id":5556,"rcp":"RCP8.5","period":"2060","key":"tas","value":11.4,"estimate":"q95","season":"MAM"},{"bfs_id":5556,"rcp":"RCP8.5","period":"2060","key":"tas","value":21.6,"estimate":"q95","season":"JJA"},{"bfs_id":5556,"rcp":"RCP8.5","period":"2060","key":"tas","value":13.3,"estimate":"q95","season":"SON"},{"bfs_id":5556,"rcp":"RCP8.5","period":"2085","key":"tas","value":4.3,"estimate":"q5","season":"DJF"},{"bfs_id":5556,"rcp":"RCP8.5","period":"2085","key":"tas","value":11.2,"estimate":"q5","season":"MAM"},{"bfs_id":5556,"rcp":"RCP8.5","period":"2085","key":"tas","value":21.3,"estimate":"q5","season":"JJA"},{"bfs_id":5556,"rcp":"RCP8.5","period":"2085","key":"tas","value":12.9,"estimate":"q5","season":"SON"},{"bfs_id":5556,"rcp":"RCP8.5","period":"2085","key":"tas","value":5.3,"estimate":"q50","season":"DJF"},{"bfs_id":5556,"rcp":"RCP8.5","period":"2085","key":"tas","value":12,"estimate":"q50","season":"MAM"},{"bfs_id":5556,"rcp":"RCP8.5","period":"2085","key":"tas","value":22,"estimate":"q50","season":"JJA"},{"bfs_id":5556,"rcp":"RCP8.5","period":"2085","key":"tas","value":13.8,"estimate":"q50","season":"SON"},{"bfs_id":5556,"rcp":"RCP8.5","period":"2085","key":"tas","value":6.1,"estimate":"q95","season":"DJF"},{"bfs_id":5556,"rcp":"RCP8.5","period":"2085","key":"tas","value":13.2,"estimate":"q95","season":"MAM"},{"bfs_id":5556,"rcp":"RCP8.5","period":"2085","key":"tas","value":24.2,"estimate":"q95","season":"JJA"},{"bfs_id":5556,"rcp":"RCP8.5","period":"2085","key":"tas","value":15.3,"estimate":"q95","season":"SON"},{"bfs_id":5556,"rcp":"obs","period":"1981-2010","key":"FD","value":76.6,"estimate":"yearly_mean"},{"bfs_id":5556,"rcp":"obs","period":"1981-2010","key":"HD","value":5.1,"estimate":"yearly_mean"},{"bfs_id":5556,"rcp":"obs","period":"1981-2010","key":"ID","value":16.7,"estimate":"yearly_mean"},{"bfs_id":5556,"rcp":"obs","period":"1981-2010","key":"SD","value":40.5,"estimate":"yearly_mean"},{"bfs_id":5556,"rcp":"obs","period":"1981-2010","key":"snowdays","value":15.3,"estimate":"yearly_mean"},{"bfs_id":5556,"rcp":"obs","period":"1981-2010","key":"TN","value":0.1,"estimate":"yearly_mean"},{"bfs_id":5556,"rcp":"obs","period":"1981-2010","key":"pr","value":3,"estimate":"mean","season":"DJF"},{"bfs_id":5556,"rcp":"obs","period":"1981-2010","key":"pr","value":2.8,"estimate":"mean","season":"MAM"},{"bfs_id":5556,"rcp":"obs","period":"1981-2010","key":"pr","value":3.1,"estimate":"mean","season":"JJA"},{"bfs_id":5556,"rcp":"obs","period":"1981-2010","key":"pr","value":3.1,"estimate":"mean","season":"SON"},{"bfs_id":5556,"rcp":"obs","period":"1981-2010","key":"tas","value":1.4,"estimate":"mean","season":"DJF"},{"bfs_id":5556,"rcp":"obs","period":"1981-2010","key":"tas","value":9.2,"estimate":"mean","season":"MAM"},{"bfs_id":5556,"rcp":"obs","period":"1981-2010","key":"tas","value":18,"estimate":"mean","season":"JJA"},{"bfs_id":5556,"rcp":"obs","period":"1981-2010","key":"tas","value":9.8,"estimate":"mean","season":"SON"}]
