[{"bfs_id":3661,"rcp":"RCP2.6","period":"2035","key":"FD","value":71.2,"estimate":"q5"},{"bfs_id":3661,"rcp":"RCP2.6","period":"2035","key":"FD","value":82.2,"estimate":"q50"},{"bfs_id":3661,"rcp":"RCP2.6","period":"2035","key":"FD","value":88.1,"estimate":"q95"},{"bfs_id":3661,"rcp":"RCP2.6","period":"2060","key":"FD","value":67.8,"estimate":"q5"},{"bfs_id":3661,"rcp":"RCP2.6","period":"2060","key":"FD","value":77.4,"estimate":"q50"},{"bfs_id":3661,"rcp":"RCP2.6","period":"2060","key":"FD","value":87.3,"estimate":"q95"},{"bfs_id":3661,"rcp":"RCP2.6","period":"2085","key":"FD","value":65.6,"estimate":"q5"},{"bfs_id":3661,"rcp":"RCP2.6","period":"2085","key":"FD","value":80.8,"estimate":"q50"},{"bfs_id":3661,"rcp":"RCP2.6","period":"2085","key":"FD","value":87.4,"estimate":"q95"},{"bfs_id":3661,"rcp":"RCP8.5","period":"2035","key":"FD","value":67.4,"estimate":"q5"},{"bfs_id":3661,"rcp":"RCP8.5","period":"2035","key":"FD","value":78.8,"estimate":"q50"},{"bfs_id":3661,"rcp":"RCP8.5","period":"2035","key":"FD","value":83.6,"estimate":"q95"},{"bfs_id":3661,"rcp":"RCP8.5","period":"2060","key":"FD","value":52.8,"estimate":"q5"},{"bfs_id":3661,"rcp":"RCP8.5","period":"2060","key":"FD","value":62.7,"estimate":"q50"},{"bfs_id":3661,"rcp":"RCP8.5","period":"2060","key":"FD","value":69.3,"estimate":"q95"},{"bfs_id":3661,"rcp":"RCP8.5","period":"2085","key":"FD","value":31.7,"estimate":"q5"},{"bfs_id":3661,"rcp":"RCP8.5","period":"2085","key":"FD","value":44.2,"estimate":"q50"},{"bfs_id":3661,"rcp":"RCP8.5","period":"2085","key":"FD","value":54.4,"estimate":"q95"},{"bfs_id":3661,"rcp":"RCP2.6","period":"2035","key":"HD","value":8.2,"estimate":"q5"},{"bfs_id":3661,"rcp":"RCP2.6","period":"2035","key":"HD","value":11.3,"estimate":"q50"},{"bfs_id":3661,"rcp":"RCP2.6","period":"2035","key":"HD","value":17.6,"estimate":"q95"},{"bfs_id":3661,"rcp":"RCP2.6","period":"2060","key":"HD","value":9,"estimate":"q5"},{"bfs_id":3661,"rcp":"RCP2.6","period":"2060","key":"HD","value":13.2,"estimate":"q50"},{"bfs_id":3661,"rcp":"RCP2.6","period":"2060","key":"HD","value":19.8,"estimate":"q95"},{"bfs_id":3661,"rcp":"RCP2.6","period":"2085","key":"HD","value":8.4,"estimate":"q5"},{"bfs_id":3661,"rcp":"RCP2.6","period":"2085","key":"HD","value":12.7,"estimate":"q50"},{"bfs_id":3661,"rcp":"RCP2.6","period":"2085","key":"HD","value":19.5,"estimate":"q95"},{"bfs_id":3661,"rcp":"RCP8.5","period":"2035","key":"HD","value":10.8,"estimate":"q5"},{"bfs_id":3661,"rcp":"RCP8.5","period":"2035","key":"HD","value":14.1,"estimate":"q50"},{"bfs_id":3661,"rcp":"RCP8.5","period":"2035","key":"HD","value":23.5,"estimate":"q95"},{"bfs_id":3661,"rcp":"RCP8.5","period":"2060","key":"HD","value":19.3,"estimate":"q5"},{"bfs_id":3661,"rcp":"RCP8.5","period":"2060","key":"HD","value":28.2,"estimate":"q50"},{"bfs_id":3661,"rcp":"RCP8.5","period":"2060","key":"HD","value":42.7,"estimate":"q95"},{"bfs_id":3661,"rcp":"RCP8.5","period":"2085","key":"HD","value":34.4,"estimate":"q5"},{"bfs_id":3661,"rcp":"RCP8.5","period":"2085","key":"HD","value":48.4,"estimate":"q50"},{"bfs_id":3661,"rcp":"RCP8.5","period":"2085","key":"HD","value":73.2,"estimate":"q95"},{"bfs_id":3661,"rcp":"RCP2.6","period":"2035","key":"ID","value":11.2,"estimate":"q5"},{"bfs_id":3661,"rcp":"RCP2.6","period":"2035","key":"ID","value":14.3,"estimate":"q50"},{"bfs_id":3661,"rcp":"RCP2.6","period":"2035","key":"ID","value":17.7,"estimate":"q95"},{"bfs_id":3661,"rcp":"RCP2.6","period":"2060","key":"ID","value":11.5,"estimate":"q5"},{"bfs_id":3661,"rcp":"RCP2.6","period":"2060","key":"ID","value":13.4,"estimate":"q50"},{"bfs_id":3661,"rcp":"RCP2.6","period":"2060","key":"ID","value":17.2,"estimate":"q95"},{"bfs_id":3661,"rcp":"RCP2.6","period":"2085","key":"ID","value":9.9,"estimate":"q5"},{"bfs_id":3661,"rcp":"RCP2.6","period":"2085","key":"ID","value":13.9,"estimate":"q50"},{"bfs_id":3661,"rcp":"RCP2.6","period":"2085","key":"ID","value":16.8,"estimate":"q95"},{"bfs_id":3661,"rcp":"RCP8.5","period":"2035","key":"ID","value":10.4,"estimate":"q5"},{"bfs_id":3661,"rcp":"RCP8.5","period":"2035","key":"ID","value":13,"estimate":"q50"},{"bfs_id":3661,"rcp":"RCP8.5","period":"2035","key":"ID","value":16.2,"estimate":"q95"},{"bfs_id":3661,"rcp":"RCP8.5","period":"2060","key":"ID","value":5.7,"estimate":"q5"},{"bfs_id":3661,"rcp":"RCP8.5","period":"2060","key":"ID","value":9.4,"estimate":"q50"},{"bfs_id":3661,"rcp":"RCP8.5","period":"2060","key":"ID","value":11.5,"estimate":"q95"},{"bfs_id":3661,"rcp":"RCP8.5","period":"2085","key":"ID","value":2.1,"estimate":"q5"},{"bfs_id":3661,"rcp":"RCP8.5","period":"2085","key":"ID","value":4.3,"estimate":"q50"},{"bfs_id":3661,"rcp":"RCP8.5","period":"2085","key":"ID","value":6.7,"estimate":"q95"},{"bfs_id":3661,"rcp":"RCP2.6","period":"2035","key":"SD","value":46,"estimate":"q5"},{"bfs_id":3661,"rcp":"RCP2.6","period":"2035","key":"SD","value":53.7,"estimate":"q50"},{"bfs_id":3661,"rcp":"RCP2.6","period":"2035","key":"SD","value":65,"estimate":"q95"},{"bfs_id":3661,"rcp":"RCP2.6","period":"2060","key":"SD","value":47.3,"estimate":"q5"},{"bfs_id":3661,"rcp":"RCP2.6","period":"2060","key":"SD","value":55.6,"estimate":"q50"},{"bfs_id":3661,"rcp":"RCP2.6","period":"2060","key":"SD","value":66.7,"estimate":"q95"},{"bfs_id":3661,"rcp":"RCP2.6","period":"2085","key":"SD","value":46.2,"estimate":"q5"},{"bfs_id":3661,"rcp":"RCP2.6","period":"2085","key":"SD","value":54,"estimate":"q50"},{"bfs_id":3661,"rcp":"RCP2.6","period":"2085","key":"SD","value":66.3,"estimate":"q95"},{"bfs_id":3661,"rcp":"RCP8.5","period":"2035","key":"SD","value":50.4,"estimate":"q5"},{"bfs_id":3661,"rcp":"RCP8.5","period":"2035","key":"SD","value":57.9,"estimate":"q50"},{"bfs_id":3661,"rcp":"RCP8.5","period":"2035","key":"SD","value":66,"estimate":"q95"},{"bfs_id":3661,"rcp":"RCP8.5","period":"2060","key":"SD","value":65.1,"estimate":"q5"},{"bfs_id":3661,"rcp":"RCP8.5","period":"2060","key":"SD","value":76.4,"estimate":"q50"},{"bfs_id":3661,"rcp":"RCP8.5","period":"2060","key":"SD","value":95.9,"estimate":"q95"},{"bfs_id":3661,"rcp":"RCP8.5","period":"2085","key":"SD","value":84.8,"estimate":"q5"},{"bfs_id":3661,"rcp":"RCP8.5","period":"2085","key":"SD","value":106,"estimate":"q50"},{"bfs_id":3661,"rcp":"RCP8.5","period":"2085","key":"SD","value":130.6,"estimate":"q95"},{"bfs_id":3661,"rcp":"RCP2.6","period":"2035","key":"snowdays","value":6.6,"estimate":"q5"},{"bfs_id":3661,"rcp":"RCP2.6","period":"2035","key":"snowdays","value":11.4,"estimate":"q50"},{"bfs_id":3661,"rcp":"RCP2.6","period":"2035","key":"snowdays","value":18,"estimate":"q95"},{"bfs_id":3661,"rcp":"RCP2.6","period":"2060","key":"snowdays","value":5.4,"estimate":"q5"},{"bfs_id":3661,"rcp":"RCP2.6","period":"2060","key":"snowdays","value":11.3,"estimate":"q50"},{"bfs_id":3661,"rcp":"RCP2.6","period":"2060","key":"snowdays","value":17.3,"estimate":"q95"},{"bfs_id":3661,"rcp":"RCP2.6","period":"2085","key":"snowdays","value":5.9,"estimate":"q5"},{"bfs_id":3661,"rcp":"RCP2.6","period":"2085","key":"snowdays","value":10.9,"estimate":"q50"},{"bfs_id":3661,"rcp":"RCP2.6","period":"2085","key":"snowdays","value":18.2,"estimate":"q95"},{"bfs_id":3661,"rcp":"RCP8.5","period":"2035","key":"snowdays","value":7,"estimate":"q5"},{"bfs_id":3661,"rcp":"RCP8.5","period":"2035","key":"snowdays","value":11.7,"estimate":"q50"},{"bfs_id":3661,"rcp":"RCP8.5","period":"2035","key":"snowdays","value":16.2,"estimate":"q95"},{"bfs_id":3661,"rcp":"RCP8.5","period":"2060","key":"snowdays","value":4.6,"estimate":"q5"},{"bfs_id":3661,"rcp":"RCP8.5","period":"2060","key":"snowdays","value":9.2,"estimate":"q50"},{"bfs_id":3661,"rcp":"RCP8.5","period":"2060","key":"snowdays","value":12.8,"estimate":"q95"},{"bfs_id":3661,"rcp":"RCP8.5","period":"2085","key":"snowdays","value":2.5,"estimate":"q5"},{"bfs_id":3661,"rcp":"RCP8.5","period":"2085","key":"snowdays","value":4.6,"estimate":"q50"},{"bfs_id":3661,"rcp":"RCP8.5","period":"2085","key":"snowdays","value":8.8,"estimate":"q95"},{"bfs_id":3661,"rcp":"RCP2.6","period":"2035","key":"TN","value":0.4,"estimate":"q5"},{"bfs_id":3661,"rcp":"RCP2.6","period":"2035","key":"TN","value":1.1,"estimate":"q50"},{"bfs_id":3661,"rcp":"RCP2.6","period":"2035","key":"TN","value":2.4,"estimate":"q95"},{"bfs_id":3661,"rcp":"RCP2.6","period":"2060","key":"TN","value":0.7,"estimate":"q5"},{"bfs_id":3661,"rcp":"RCP2.6","period":"2060","key":"TN","value":1.5,"estimate":"q50"},{"bfs_id":3661,"rcp":"RCP2.6","period":"2060","key":"TN","value":3.8,"estimate":"q95"},{"bfs_id":3661,"rcp":"RCP2.6","period":"2085","key":"TN","value":0.5,"estimate":"q5"},{"bfs_id":3661,"rcp":"RCP2.6","period":"2085","key":"TN","value":1.4,"estimate":"q50"},{"bfs_id":3661,"rcp":"RCP2.6","period":"2085","key":"TN","value":2.7,"estimate":"q95"},{"bfs_id":3661,"rcp":"RCP8.5","period":"2035","key":"TN","value":1.1,"estimate":"q5"},{"bfs_id":3661,"rcp":"RCP8.5","period":"2035","key":"TN","value":1.8,"estimate":"q50"},{"bfs_id":3661,"rcp":"RCP8.5","period":"2035","key":"TN","value":3.8,"estimate":"q95"},{"bfs_id":3661,"rcp":"RCP8.5","period":"2060","key":"TN","value":3.3,"estimate":"q5"},{"bfs_id":3661,"rcp":"RCP8.5","period":"2060","key":"TN","value":7.8,"estimate":"q50"},{"bfs_id":3661,"rcp":"RCP8.5","period":"2060","key":"TN","value":12.1,"estimate":"q95"},{"bfs_id":3661,"rcp":"RCP8.5","period":"2085","key":"TN","value":12.6,"estimate":"q5"},{"bfs_id":3661,"rcp":"RCP8.5","period":"2085","key":"TN","value":22,"estimate":"q50"},{"bfs_id":3661,"rcp":"RCP8.5","period":"2085","key":"TN","value":38,"estimate":"q95"},{"bfs_id":3661,"rcp":"RCP2.6","period":"2035","key":"pr","value":1.4,"estimate":"q5","season":"DJF"},{"bfs_id":3661,"rcp":"RCP2.6","period":"2035","key":"pr","value":1.9,"estimate":"q5","season":"MAM"},{"bfs_id":3661,"rcp":"RCP2.6","period":"2035","key":"pr","value":2.7,"estimate":"q5","season":"JJA"},{"bfs_id":3661,"rcp":"RCP2.6","period":"2035","key":"pr","value":2.2,"estimate":"q5","season":"SON"},{"bfs_id":3661,"rcp":"RCP2.6","period":"2035","key":"pr","value":1.9,"estimate":"q50","season":"DJF"},{"bfs_id":3661,"rcp":"RCP2.6","period":"2035","key":"pr","value":2.2,"estimate":"q50","season":"MAM"},{"bfs_id":3661,"rcp":"RCP2.6","period":"2035","key":"pr","value":3.4,"estimate":"q50","season":"JJA"},{"bfs_id":3661,"rcp":"RCP2.6","period":"2035","key":"pr","value":2.6,"estimate":"q50","season":"SON"},{"bfs_id":3661,"rcp":"RCP2.6","period":"2035","key":"pr","value":2.2,"estimate":"q95","season":"DJF"},{"bfs_id":3661,"rcp":"RCP2.6","period":"2035","key":"pr","value":2.6,"estimate":"q95","season":"MAM"},{"bfs_id":3661,"rcp":"RCP2.6","period":"2035","key":"pr","value":3.8,"estimate":"q95","season":"JJA"},{"bfs_id":3661,"rcp":"RCP2.6","period":"2035","key":"pr","value":3.2,"estimate":"q95","season":"SON"},{"bfs_id":3661,"rcp":"RCP2.6","period":"2060","key":"pr","value":1.6,"estimate":"q5","season":"DJF"},{"bfs_id":3661,"rcp":"RCP2.6","period":"2060","key":"pr","value":1.9,"estimate":"q5","season":"MAM"},{"bfs_id":3661,"rcp":"RCP2.6","period":"2060","key":"pr","value":2.7,"estimate":"q5","season":"JJA"},{"bfs_id":3661,"rcp":"RCP2.6","period":"2060","key":"pr","value":2.2,"estimate":"q5","season":"SON"},{"bfs_id":3661,"rcp":"RCP2.6","period":"2060","key":"pr","value":1.9,"estimate":"q50","season":"DJF"},{"bfs_id":3661,"rcp":"RCP2.6","period":"2060","key":"pr","value":2.2,"estimate":"q50","season":"MAM"},{"bfs_id":3661,"rcp":"RCP2.6","period":"2060","key":"pr","value":3.4,"estimate":"q50","season":"JJA"},{"bfs_id":3661,"rcp":"RCP2.6","period":"2060","key":"pr","value":2.6,"estimate":"q50","season":"SON"},{"bfs_id":3661,"rcp":"RCP2.6","period":"2060","key":"pr","value":2.1,"estimate":"q95","season":"DJF"},{"bfs_id":3661,"rcp":"RCP2.6","period":"2060","key":"pr","value":2.6,"estimate":"q95","season":"MAM"},{"bfs_id":3661,"rcp":"RCP2.6","period":"2060","key":"pr","value":3.8,"estimate":"q95","season":"JJA"},{"bfs_id":3661,"rcp":"RCP2.6","period":"2060","key":"pr","value":3,"estimate":"q95","season":"SON"},{"bfs_id":3661,"rcp":"RCP2.6","period":"2085","key":"pr","value":1.6,"estimate":"q5","season":"DJF"},{"bfs_id":3661,"rcp":"RCP2.6","period":"2085","key":"pr","value":2,"estimate":"q5","season":"MAM"},{"bfs_id":3661,"rcp":"RCP2.6","period":"2085","key":"pr","value":2.7,"estimate":"q5","season":"JJA"},{"bfs_id":3661,"rcp":"RCP2.6","period":"2085","key":"pr","value":2.3,"estimate":"q5","season":"SON"},{"bfs_id":3661,"rcp":"RCP2.6","period":"2085","key":"pr","value":1.9,"estimate":"q50","season":"DJF"},{"bfs_id":3661,"rcp":"RCP2.6","period":"2085","key":"pr","value":2.2,"estimate":"q50","season":"MAM"},{"bfs_id":3661,"rcp":"RCP2.6","period":"2085","key":"pr","value":3.3,"estimate":"q50","season":"JJA"},{"bfs_id":3661,"rcp":"RCP2.6","period":"2085","key":"pr","value":2.6,"estimate":"q50","season":"SON"},{"bfs_id":3661,"rcp":"RCP2.6","period":"2085","key":"pr","value":2.1,"estimate":"q95","season":"DJF"},{"bfs_id":3661,"rcp":"RCP2.6","period":"2085","key":"pr","value":2.6,"estimate":"q95","season":"MAM"},{"bfs_id":3661,"rcp":"RCP2.6","period":"2085","key":"pr","value":3.8,"estimate":"q95","season":"JJA"},{"bfs_id":3661,"rcp":"RCP2.6","period":"2085","key":"pr","value":3.1,"estimate":"q95","season":"SON"},{"bfs_id":3661,"rcp":"RCP8.5","period":"2035","key":"pr","value":1.7,"estimate":"q5","season":"DJF"},{"bfs_id":3661,"rcp":"RCP8.5","period":"2035","key":"pr","value":2,"estimate":"q5","season":"MAM"},{"bfs_id":3661,"rcp":"RCP8.5","period":"2035","key":"pr","value":2.8,"estimate":"q5","season":"JJA"},{"bfs_id":3661,"rcp":"RCP8.5","period":"2035","key":"pr","value":2.2,"estimate":"q5","season":"SON"},{"bfs_id":3661,"rcp":"RCP8.5","period":"2035","key":"pr","value":1.9,"estimate":"q50","season":"DJF"},{"bfs_id":3661,"rcp":"RCP8.5","period":"2035","key":"pr","value":2.3,"estimate":"q50","season":"MAM"},{"bfs_id":3661,"rcp":"RCP8.5","period":"2035","key":"pr","value":3.4,"estimate":"q50","season":"JJA"},{"bfs_id":3661,"rcp":"RCP8.5","period":"2035","key":"pr","value":2.6,"estimate":"q50","season":"SON"},{"bfs_id":3661,"rcp":"RCP8.5","period":"2035","key":"pr","value":2.1,"estimate":"q95","season":"DJF"},{"bfs_id":3661,"rcp":"RCP8.5","period":"2035","key":"pr","value":2.6,"estimate":"q95","season":"MAM"},{"bfs_id":3661,"rcp":"RCP8.5","period":"2035","key":"pr","value":3.8,"estimate":"q95","season":"JJA"},{"bfs_id":3661,"rcp":"RCP8.5","period":"2035","key":"pr","value":3,"estimate":"q95","season":"SON"},{"bfs_id":3661,"rcp":"RCP8.5","period":"2060","key":"pr","value":1.7,"estimate":"q5","season":"DJF"},{"bfs_id":3661,"rcp":"RCP8.5","period":"2060","key":"pr","value":2.2,"estimate":"q5","season":"MAM"},{"bfs_id":3661,"rcp":"RCP8.5","period":"2060","key":"pr","value":2.5,"estimate":"q5","season":"JJA"},{"bfs_id":3661,"rcp":"RCP8.5","period":"2060","key":"pr","value":2.3,"estimate":"q5","season":"SON"},{"bfs_id":3661,"rcp":"RCP8.5","period":"2060","key":"pr","value":2,"estimate":"q50","season":"DJF"},{"bfs_id":3661,"rcp":"RCP8.5","period":"2060","key":"pr","value":2.4,"estimate":"q50","season":"MAM"},{"bfs_id":3661,"rcp":"RCP8.5","period":"2060","key":"pr","value":3.1,"estimate":"q50","season":"JJA"},{"bfs_id":3661,"rcp":"RCP8.5","period":"2060","key":"pr","value":2.6,"estimate":"q50","season":"SON"},{"bfs_id":3661,"rcp":"RCP8.5","period":"2060","key":"pr","value":2.2,"estimate":"q95","season":"DJF"},{"bfs_id":3661,"rcp":"RCP8.5","period":"2060","key":"pr","value":2.8,"estimate":"q95","season":"MAM"},{"bfs_id":3661,"rcp":"RCP8.5","period":"2060","key":"pr","value":4,"estimate":"q95","season":"JJA"},{"bfs_id":3661,"rcp":"RCP8.5","period":"2060","key":"pr","value":3.2,"estimate":"q95","season":"SON"},{"bfs_id":3661,"rcp":"RCP8.5","period":"2085","key":"pr","value":1.9,"estimate":"q5","season":"DJF"},{"bfs_id":3661,"rcp":"RCP8.5","period":"2085","key":"pr","value":2.2,"estimate":"q5","season":"MAM"},{"bfs_id":3661,"rcp":"RCP8.5","period":"2085","key":"pr","value":2,"estimate":"q5","season":"JJA"},{"bfs_id":3661,"rcp":"RCP8.5","period":"2085","key":"pr","value":2.3,"estimate":"q5","season":"SON"},{"bfs_id":3661,"rcp":"RCP8.5","period":"2085","key":"pr","value":2.2,"estimate":"q50","season":"DJF"},{"bfs_id":3661,"rcp":"RCP8.5","period":"2085","key":"pr","value":2.6,"estimate":"q50","season":"MAM"},{"bfs_id":3661,"rcp":"RCP8.5","period":"2085","key":"pr","value":2.8,"estimate":"q50","season":"JJA"},{"bfs_id":3661,"rcp":"RCP8.5","period":"2085","key":"pr","value":2.7,"estimate":"q50","season":"SON"},{"bfs_id":3661,"rcp":"RCP8.5","period":"2085","key":"pr","value":2.5,"estimate":"q95","season":"DJF"},{"bfs_id":3661,"rcp":"RCP8.5","period":"2085","key":"pr","value":3,"estimate":"q95","season":"MAM"},{"bfs_id":3661,"rcp":"RCP8.5","period":"2085","key":"pr","value":4,"estimate":"q95","season":"JJA"},{"bfs_id":3661,"rcp":"RCP8.5","period":"2085","key":"pr","value":3.3,"estimate":"q95","season":"SON"},{"bfs_id":3661,"rcp":"RCP2.6","period":"2035","key":"tas","value":1.2,"estimate":"q5","season":"DJF"},{"bfs_id":3661,"rcp":"RCP2.6","period":"2035","key":"tas","value":8.7,"estimate":"q5","season":"MAM"},{"bfs_id":3661,"rcp":"RCP2.6","period":"2035","key":"tas","value":18,"estimate":"q5","season":"JJA"},{"bfs_id":3661,"rcp":"RCP2.6","period":"2035","key":"tas","value":10,"estimate":"q5","season":"SON"},{"bfs_id":3661,"rcp":"RCP2.6","period":"2035","key":"tas","value":1.8,"estimate":"q50","season":"DJF"},{"bfs_id":3661,"rcp":"RCP2.6","period":"2035","key":"tas","value":9.4,"estimate":"q50","season":"MAM"},{"bfs_id":3661,"rcp":"RCP2.6","period":"2035","key":"tas","value":19.1,"estimate":"q50","season":"JJA"},{"bfs_id":3661,"rcp":"RCP2.6","period":"2035","key":"tas","value":10.5,"estimate":"q50","season":"SON"},{"bfs_id":3661,"rcp":"RCP2.6","period":"2035","key":"tas","value":2.3,"estimate":"q95","season":"DJF"},{"bfs_id":3661,"rcp":"RCP2.6","period":"2035","key":"tas","value":9.9,"estimate":"q95","season":"MAM"},{"bfs_id":3661,"rcp":"RCP2.6","period":"2035","key":"tas","value":20.1,"estimate":"q95","season":"JJA"},{"bfs_id":3661,"rcp":"RCP2.6","period":"2035","key":"tas","value":11.3,"estimate":"q95","season":"SON"},{"bfs_id":3661,"rcp":"RCP2.6","period":"2060","key":"tas","value":1.1,"estimate":"q5","season":"DJF"},{"bfs_id":3661,"rcp":"RCP2.6","period":"2060","key":"tas","value":8.6,"estimate":"q5","season":"MAM"},{"bfs_id":3661,"rcp":"RCP2.6","period":"2060","key":"tas","value":18.3,"estimate":"q5","season":"JJA"},{"bfs_id":3661,"rcp":"RCP2.6","period":"2060","key":"tas","value":10.4,"estimate":"q5","season":"SON"},{"bfs_id":3661,"rcp":"RCP2.6","period":"2060","key":"tas","value":2.1,"estimate":"q50","season":"DJF"},{"bfs_id":3661,"rcp":"RCP2.6","period":"2060","key":"tas","value":9.4,"estimate":"q50","season":"MAM"},{"bfs_id":3661,"rcp":"RCP2.6","period":"2060","key":"tas","value":19.3,"estimate":"q50","season":"JJA"},{"bfs_id":3661,"rcp":"RCP2.6","period":"2060","key":"tas","value":10.8,"estimate":"q50","season":"SON"},{"bfs_id":3661,"rcp":"RCP2.6","period":"2060","key":"tas","value":2.6,"estimate":"q95","season":"DJF"},{"bfs_id":3661,"rcp":"RCP2.6","period":"2060","key":"tas","value":10,"estimate":"q95","season":"MAM"},{"bfs_id":3661,"rcp":"RCP2.6","period":"2060","key":"tas","value":20.4,"estimate":"q95","season":"JJA"},{"bfs_id":3661,"rcp":"RCP2.6","period":"2060","key":"tas","value":11.7,"estimate":"q95","season":"SON"},{"bfs_id":3661,"rcp":"RCP2.6","period":"2085","key":"tas","value":1.3,"estimate":"q5","season":"DJF"},{"bfs_id":3661,"rcp":"RCP2.6","period":"2085","key":"tas","value":8.7,"estimate":"q5","season":"MAM"},{"bfs_id":3661,"rcp":"RCP2.6","period":"2085","key":"tas","value":18.2,"estimate":"q5","season":"JJA"},{"bfs_id":3661,"rcp":"RCP2.6","period":"2085","key":"tas","value":10.1,"estimate":"q5","season":"SON"},{"bfs_id":3661,"rcp":"RCP2.6","period":"2085","key":"tas","value":2,"estimate":"q50","season":"DJF"},{"bfs_id":3661,"rcp":"RCP2.6","period":"2085","key":"tas","value":9.4,"estimate":"q50","season":"MAM"},{"bfs_id":3661,"rcp":"RCP2.6","period":"2085","key":"tas","value":19.3,"estimate":"q50","season":"JJA"},{"bfs_id":3661,"rcp":"RCP2.6","period":"2085","key":"tas","value":10.8,"estimate":"q50","season":"SON"},{"bfs_id":3661,"rcp":"RCP2.6","period":"2085","key":"tas","value":2.7,"estimate":"q95","season":"DJF"},{"bfs_id":3661,"rcp":"RCP2.6","period":"2085","key":"tas","value":10.1,"estimate":"q95","season":"MAM"},{"bfs_id":3661,"rcp":"RCP2.6","period":"2085","key":"tas","value":20.2,"estimate":"q95","season":"JJA"},{"bfs_id":3661,"rcp":"RCP2.6","period":"2085","key":"tas","value":11.7,"estimate":"q95","season":"SON"},{"bfs_id":3661,"rcp":"RCP8.5","period":"2035","key":"tas","value":1.4,"estimate":"q5","season":"DJF"},{"bfs_id":3661,"rcp":"RCP8.5","period":"2035","key":"tas","value":9,"estimate":"q5","season":"MAM"},{"bfs_id":3661,"rcp":"RCP8.5","period":"2035","key":"tas","value":18.5,"estimate":"q5","season":"JJA"},{"bfs_id":3661,"rcp":"RCP8.5","period":"2035","key":"tas","value":10.5,"estimate":"q5","season":"SON"},{"bfs_id":3661,"rcp":"RCP8.5","period":"2035","key":"tas","value":2.2,"estimate":"q50","season":"DJF"},{"bfs_id":3661,"rcp":"RCP8.5","period":"2035","key":"tas","value":9.4,"estimate":"q50","season":"MAM"},{"bfs_id":3661,"rcp":"RCP8.5","period":"2035","key":"tas","value":19.5,"estimate":"q50","season":"JJA"},{"bfs_id":3661,"rcp":"RCP8.5","period":"2035","key":"tas","value":10.9,"estimate":"q50","season":"SON"},{"bfs_id":3661,"rcp":"RCP8.5","period":"2035","key":"tas","value":2.6,"estimate":"q95","season":"DJF"},{"bfs_id":3661,"rcp":"RCP8.5","period":"2035","key":"tas","value":10.1,"estimate":"q95","season":"MAM"},{"bfs_id":3661,"rcp":"RCP8.5","period":"2035","key":"tas","value":20.3,"estimate":"q95","season":"JJA"},{"bfs_id":3661,"rcp":"RCP8.5","period":"2035","key":"tas","value":11.7,"estimate":"q95","season":"SON"},{"bfs_id":3661,"rcp":"RCP8.5","period":"2060","key":"tas","value":2.7,"estimate":"q5","season":"DJF"},{"bfs_id":3661,"rcp":"RCP8.5","period":"2060","key":"tas","value":10.1,"estimate":"q5","season":"MAM"},{"bfs_id":3661,"rcp":"RCP8.5","period":"2060","key":"tas","value":19.8,"estimate":"q5","season":"JJA"},{"bfs_id":3661,"rcp":"RCP8.5","period":"2060","key":"tas","value":11.9,"estimate":"q5","season":"SON"},{"bfs_id":3661,"rcp":"RCP8.5","period":"2060","key":"tas","value":3.2,"estimate":"q50","season":"DJF"},{"bfs_id":3661,"rcp":"RCP8.5","period":"2060","key":"tas","value":10.8,"estimate":"q50","season":"MAM"},{"bfs_id":3661,"rcp":"RCP8.5","period":"2060","key":"tas","value":21.3,"estimate":"q50","season":"JJA"},{"bfs_id":3661,"rcp":"RCP8.5","period":"2060","key":"tas","value":12.7,"estimate":"q50","season":"SON"},{"bfs_id":3661,"rcp":"RCP8.5","period":"2060","key":"tas","value":4,"estimate":"q95","season":"DJF"},{"bfs_id":3661,"rcp":"RCP8.5","period":"2060","key":"tas","value":12,"estimate":"q95","season":"MAM"},{"bfs_id":3661,"rcp":"RCP8.5","period":"2060","key":"tas","value":22.5,"estimate":"q95","season":"JJA"},{"bfs_id":3661,"rcp":"RCP8.5","period":"2060","key":"tas","value":13.5,"estimate":"q95","season":"SON"},{"bfs_id":3661,"rcp":"RCP8.5","period":"2085","key":"tas","value":4.1,"estimate":"q5","season":"DJF"},{"bfs_id":3661,"rcp":"RCP8.5","period":"2085","key":"tas","value":11.5,"estimate":"q5","season":"MAM"},{"bfs_id":3661,"rcp":"RCP8.5","period":"2085","key":"tas","value":21.4,"estimate":"q5","season":"JJA"},{"bfs_id":3661,"rcp":"RCP8.5","period":"2085","key":"tas","value":13.3,"estimate":"q5","season":"SON"},{"bfs_id":3661,"rcp":"RCP8.5","period":"2085","key":"tas","value":5.3,"estimate":"q50","season":"DJF"},{"bfs_id":3661,"rcp":"RCP8.5","period":"2085","key":"tas","value":12.6,"estimate":"q50","season":"MAM"},{"bfs_id":3661,"rcp":"RCP8.5","period":"2085","key":"tas","value":23.7,"estimate":"q50","season":"JJA"},{"bfs_id":3661,"rcp":"RCP8.5","period":"2085","key":"tas","value":14,"estimate":"q50","season":"SON"},{"bfs_id":3661,"rcp":"RCP8.5","period":"2085","key":"tas","value":5.8,"estimate":"q95","season":"DJF"},{"bfs_id":3661,"rcp":"RCP8.5","period":"2085","key":"tas","value":14.6,"estimate":"q95","season":"MAM"},{"bfs_id":3661,"rcp":"RCP8.5","period":"2085","key":"tas","value":25.4,"estimate":"q95","season":"JJA"},{"bfs_id":3661,"rcp":"RCP8.5","period":"2085","key":"tas","value":15.8,"estimate":"q95","season":"SON"},{"bfs_id":3661,"rcp":"obs","period":"1981-2010","key":"FD","value":94.3,"estimate":"yearly_mean"},{"bfs_id":3661,"rcp":"obs","period":"1981-2010","key":"HD","value":5.5,"estimate":"yearly_mean"},{"bfs_id":3661,"rcp":"obs","period":"1981-2010","key":"ID","value":20.5,"estimate":"yearly_mean"},{"bfs_id":3661,"rcp":"obs","period":"1981-2010","key":"SD","value":38.1,"estimate":"yearly_mean"},{"bfs_id":3661,"rcp":"obs","period":"1981-2010","key":"snowdays","value":17,"estimate":"yearly_mean"},{"bfs_id":3661,"rcp":"obs","period":"1981-2010","key":"TN","value":0.3,"estimate":"yearly_mean"},{"bfs_id":3661,"rcp":"obs","period":"1981-2010","key":"pr","value":1.6,"estimate":"mean","season":"DJF"},{"bfs_id":3661,"rcp":"obs","period":"1981-2010","key":"pr","value":2,"estimate":"mean","season":"MAM"},{"bfs_id":3661,"rcp":"obs","period":"1981-2010","key":"pr","value":3.6,"estimate":"mean","season":"JJA"},{"bfs_id":3661,"rcp":"obs","period":"1981-2010","key":"pr","value":2.5,"estimate":"mean","season":"SON"},{"bfs_id":3661,"rcp":"obs","period":"1981-2010","key":"tas","value":0.6,"estimate":"mean","season":"DJF"},{"bfs_id":3661,"rcp":"obs","period":"1981-2010","key":"tas","value":8.8,"estimate":"mean","season":"MAM"},{"bfs_id":3661,"rcp":"obs","period":"1981-2010","key":"tas","value":17.2,"estimate":"mean","season":"JJA"},{"bfs_id":3661,"rcp":"obs","period":"1981-2010","key":"tas","value":9.4,"estimate":"mean","season":"SON"}]
