[{"bfs_id":5541,"rcp":"RCP2.6","period":"2035","key":"FD","value":53,"estimate":"q5"},{"bfs_id":5541,"rcp":"RCP2.6","period":"2035","key":"FD","value":62.7,"estimate":"q50"},{"bfs_id":5541,"rcp":"RCP2.6","period":"2035","key":"FD","value":66.9,"estimate":"q95"},{"bfs_id":5541,"rcp":"RCP2.6","period":"2060","key":"FD","value":48.3,"estimate":"q5"},{"bfs_id":5541,"rcp":"RCP2.6","period":"2060","key":"FD","value":58.8,"estimate":"q50"},{"bfs_id":5541,"rcp":"RCP2.6","period":"2060","key":"FD","value":64.1,"estimate":"q95"},{"bfs_id":5541,"rcp":"RCP2.6","period":"2085","key":"FD","value":47.7,"estimate":"q5"},{"bfs_id":5541,"rcp":"RCP2.6","period":"2085","key":"FD","value":59,"estimate":"q50"},{"bfs_id":5541,"rcp":"RCP2.6","period":"2085","key":"FD","value":65.3,"estimate":"q95"},{"bfs_id":5541,"rcp":"RCP8.5","period":"2035","key":"FD","value":48.8,"estimate":"q5"},{"bfs_id":5541,"rcp":"RCP8.5","period":"2035","key":"FD","value":59.2,"estimate":"q50"},{"bfs_id":5541,"rcp":"RCP8.5","period":"2035","key":"FD","value":65.4,"estimate":"q95"},{"bfs_id":5541,"rcp":"RCP8.5","period":"2060","key":"FD","value":36.6,"estimate":"q5"},{"bfs_id":5541,"rcp":"RCP8.5","period":"2060","key":"FD","value":44.6,"estimate":"q50"},{"bfs_id":5541,"rcp":"RCP8.5","period":"2060","key":"FD","value":51.2,"estimate":"q95"},{"bfs_id":5541,"rcp":"RCP8.5","period":"2085","key":"FD","value":21.3,"estimate":"q5"},{"bfs_id":5541,"rcp":"RCP8.5","period":"2085","key":"FD","value":26.3,"estimate":"q50"},{"bfs_id":5541,"rcp":"RCP8.5","period":"2085","key":"FD","value":36,"estimate":"q95"},{"bfs_id":5541,"rcp":"RCP2.6","period":"2035","key":"HD","value":5.8,"estimate":"q5"},{"bfs_id":5541,"rcp":"RCP2.6","period":"2035","key":"HD","value":9.5,"estimate":"q50"},{"bfs_id":5541,"rcp":"RCP2.6","period":"2035","key":"HD","value":14,"estimate":"q95"},{"bfs_id":5541,"rcp":"RCP2.6","period":"2060","key":"HD","value":6.7,"estimate":"q5"},{"bfs_id":5541,"rcp":"RCP2.6","period":"2060","key":"HD","value":9.3,"estimate":"q50"},{"bfs_id":5541,"rcp":"RCP2.6","period":"2060","key":"HD","value":17.1,"estimate":"q95"},{"bfs_id":5541,"rcp":"RCP2.6","period":"2085","key":"HD","value":6.7,"estimate":"q5"},{"bfs_id":5541,"rcp":"RCP2.6","period":"2085","key":"HD","value":8.6,"estimate":"q50"},{"bfs_id":5541,"rcp":"RCP2.6","period":"2085","key":"HD","value":16.3,"estimate":"q95"},{"bfs_id":5541,"rcp":"RCP8.5","period":"2035","key":"HD","value":7.7,"estimate":"q5"},{"bfs_id":5541,"rcp":"RCP8.5","period":"2035","key":"HD","value":9.5,"estimate":"q50"},{"bfs_id":5541,"rcp":"RCP8.5","period":"2035","key":"HD","value":14.8,"estimate":"q95"},{"bfs_id":5541,"rcp":"RCP8.5","period":"2060","key":"HD","value":12.5,"estimate":"q5"},{"bfs_id":5541,"rcp":"RCP8.5","period":"2060","key":"HD","value":17.4,"estimate":"q50"},{"bfs_id":5541,"rcp":"RCP8.5","period":"2060","key":"HD","value":31,"estimate":"q95"},{"bfs_id":5541,"rcp":"RCP8.5","period":"2085","key":"HD","value":24.3,"estimate":"q5"},{"bfs_id":5541,"rcp":"RCP8.5","period":"2085","key":"HD","value":32.7,"estimate":"q50"},{"bfs_id":5541,"rcp":"RCP8.5","period":"2085","key":"HD","value":54.5,"estimate":"q95"},{"bfs_id":5541,"rcp":"RCP2.6","period":"2035","key":"ID","value":8.1,"estimate":"q5"},{"bfs_id":5541,"rcp":"RCP2.6","period":"2035","key":"ID","value":11.4,"estimate":"q50"},{"bfs_id":5541,"rcp":"RCP2.6","period":"2035","key":"ID","value":14.4,"estimate":"q95"},{"bfs_id":5541,"rcp":"RCP2.6","period":"2060","key":"ID","value":7.7,"estimate":"q5"},{"bfs_id":5541,"rcp":"RCP2.6","period":"2060","key":"ID","value":11.2,"estimate":"q50"},{"bfs_id":5541,"rcp":"RCP2.6","period":"2060","key":"ID","value":13.5,"estimate":"q95"},{"bfs_id":5541,"rcp":"RCP2.6","period":"2085","key":"ID","value":8,"estimate":"q5"},{"bfs_id":5541,"rcp":"RCP2.6","period":"2085","key":"ID","value":10.8,"estimate":"q50"},{"bfs_id":5541,"rcp":"RCP2.6","period":"2085","key":"ID","value":14.2,"estimate":"q95"},{"bfs_id":5541,"rcp":"RCP8.5","period":"2035","key":"ID","value":8.1,"estimate":"q5"},{"bfs_id":5541,"rcp":"RCP8.5","period":"2035","key":"ID","value":10,"estimate":"q50"},{"bfs_id":5541,"rcp":"RCP8.5","period":"2035","key":"ID","value":13.7,"estimate":"q95"},{"bfs_id":5541,"rcp":"RCP8.5","period":"2060","key":"ID","value":5.3,"estimate":"q5"},{"bfs_id":5541,"rcp":"RCP8.5","period":"2060","key":"ID","value":7.1,"estimate":"q50"},{"bfs_id":5541,"rcp":"RCP8.5","period":"2060","key":"ID","value":9.1,"estimate":"q95"},{"bfs_id":5541,"rcp":"RCP8.5","period":"2085","key":"ID","value":1.3,"estimate":"q5"},{"bfs_id":5541,"rcp":"RCP8.5","period":"2085","key":"ID","value":3.1,"estimate":"q50"},{"bfs_id":5541,"rcp":"RCP8.5","period":"2085","key":"ID","value":5.3,"estimate":"q95"},{"bfs_id":5541,"rcp":"RCP2.6","period":"2035","key":"SD","value":43.1,"estimate":"q5"},{"bfs_id":5541,"rcp":"RCP2.6","period":"2035","key":"SD","value":50,"estimate":"q50"},{"bfs_id":5541,"rcp":"RCP2.6","period":"2035","key":"SD","value":57.3,"estimate":"q95"},{"bfs_id":5541,"rcp":"RCP2.6","period":"2060","key":"SD","value":45.2,"estimate":"q5"},{"bfs_id":5541,"rcp":"RCP2.6","period":"2060","key":"SD","value":50.8,"estimate":"q50"},{"bfs_id":5541,"rcp":"RCP2.6","period":"2060","key":"SD","value":58,"estimate":"q95"},{"bfs_id":5541,"rcp":"RCP2.6","period":"2085","key":"SD","value":44.4,"estimate":"q5"},{"bfs_id":5541,"rcp":"RCP2.6","period":"2085","key":"SD","value":51.1,"estimate":"q50"},{"bfs_id":5541,"rcp":"RCP2.6","period":"2085","key":"SD","value":57.4,"estimate":"q95"},{"bfs_id":5541,"rcp":"RCP8.5","period":"2035","key":"SD","value":46.7,"estimate":"q5"},{"bfs_id":5541,"rcp":"RCP8.5","period":"2035","key":"SD","value":51.9,"estimate":"q50"},{"bfs_id":5541,"rcp":"RCP8.5","period":"2035","key":"SD","value":59.2,"estimate":"q95"},{"bfs_id":5541,"rcp":"RCP8.5","period":"2060","key":"SD","value":61.3,"estimate":"q5"},{"bfs_id":5541,"rcp":"RCP8.5","period":"2060","key":"SD","value":67.2,"estimate":"q50"},{"bfs_id":5541,"rcp":"RCP8.5","period":"2060","key":"SD","value":81.8,"estimate":"q95"},{"bfs_id":5541,"rcp":"RCP8.5","period":"2085","key":"SD","value":77.2,"estimate":"q5"},{"bfs_id":5541,"rcp":"RCP8.5","period":"2085","key":"SD","value":89,"estimate":"q50"},{"bfs_id":5541,"rcp":"RCP8.5","period":"2085","key":"SD","value":108.4,"estimate":"q95"},{"bfs_id":5541,"rcp":"RCP2.6","period":"2035","key":"snowdays","value":8.7,"estimate":"q5"},{"bfs_id":5541,"rcp":"RCP2.6","period":"2035","key":"snowdays","value":13.2,"estimate":"q50"},{"bfs_id":5541,"rcp":"RCP2.6","period":"2035","key":"snowdays","value":15,"estimate":"q95"},{"bfs_id":5541,"rcp":"RCP2.6","period":"2060","key":"snowdays","value":8.9,"estimate":"q5"},{"bfs_id":5541,"rcp":"RCP2.6","period":"2060","key":"snowdays","value":12.4,"estimate":"q50"},{"bfs_id":5541,"rcp":"RCP2.6","period":"2060","key":"snowdays","value":14.8,"estimate":"q95"},{"bfs_id":5541,"rcp":"RCP2.6","period":"2085","key":"snowdays","value":8.2,"estimate":"q5"},{"bfs_id":5541,"rcp":"RCP2.6","period":"2085","key":"snowdays","value":12.3,"estimate":"q50"},{"bfs_id":5541,"rcp":"RCP2.6","period":"2085","key":"snowdays","value":15.4,"estimate":"q95"},{"bfs_id":5541,"rcp":"RCP8.5","period":"2035","key":"snowdays","value":7.2,"estimate":"q5"},{"bfs_id":5541,"rcp":"RCP8.5","period":"2035","key":"snowdays","value":11.9,"estimate":"q50"},{"bfs_id":5541,"rcp":"RCP8.5","period":"2035","key":"snowdays","value":15.1,"estimate":"q95"},{"bfs_id":5541,"rcp":"RCP8.5","period":"2060","key":"snowdays","value":5.3,"estimate":"q5"},{"bfs_id":5541,"rcp":"RCP8.5","period":"2060","key":"snowdays","value":8.8,"estimate":"q50"},{"bfs_id":5541,"rcp":"RCP8.5","period":"2060","key":"snowdays","value":11.2,"estimate":"q95"},{"bfs_id":5541,"rcp":"RCP8.5","period":"2085","key":"snowdays","value":2.2,"estimate":"q5"},{"bfs_id":5541,"rcp":"RCP8.5","period":"2085","key":"snowdays","value":4.8,"estimate":"q50"},{"bfs_id":5541,"rcp":"RCP8.5","period":"2085","key":"snowdays","value":6.8,"estimate":"q95"},{"bfs_id":5541,"rcp":"RCP2.6","period":"2035","key":"TN","value":0.4,"estimate":"q5"},{"bfs_id":5541,"rcp":"RCP2.6","period":"2035","key":"TN","value":1.5,"estimate":"q50"},{"bfs_id":5541,"rcp":"RCP2.6","period":"2035","key":"TN","value":2,"estimate":"q95"},{"bfs_id":5541,"rcp":"RCP2.6","period":"2060","key":"TN","value":0.7,"estimate":"q5"},{"bfs_id":5541,"rcp":"RCP2.6","period":"2060","key":"TN","value":1.4,"estimate":"q50"},{"bfs_id":5541,"rcp":"RCP2.6","period":"2060","key":"TN","value":2.6,"estimate":"q95"},{"bfs_id":5541,"rcp":"RCP2.6","period":"2085","key":"TN","value":0.5,"estimate":"q5"},{"bfs_id":5541,"rcp":"RCP2.6","period":"2085","key":"TN","value":1.4,"estimate":"q50"},{"bfs_id":5541,"rcp":"RCP2.6","period":"2085","key":"TN","value":2.6,"estimate":"q95"},{"bfs_id":5541,"rcp":"RCP8.5","period":"2035","key":"TN","value":0.7,"estimate":"q5"},{"bfs_id":5541,"rcp":"RCP8.5","period":"2035","key":"TN","value":1.7,"estimate":"q50"},{"bfs_id":5541,"rcp":"RCP8.5","period":"2035","key":"TN","value":3.9,"estimate":"q95"},{"bfs_id":5541,"rcp":"RCP8.5","period":"2060","key":"TN","value":3.5,"estimate":"q5"},{"bfs_id":5541,"rcp":"RCP8.5","period":"2060","key":"TN","value":6.7,"estimate":"q50"},{"bfs_id":5541,"rcp":"RCP8.5","period":"2060","key":"TN","value":10.4,"estimate":"q95"},{"bfs_id":5541,"rcp":"RCP8.5","period":"2085","key":"TN","value":11.6,"estimate":"q5"},{"bfs_id":5541,"rcp":"RCP8.5","period":"2085","key":"TN","value":16.2,"estimate":"q50"},{"bfs_id":5541,"rcp":"RCP8.5","period":"2085","key":"TN","value":35.2,"estimate":"q95"},{"bfs_id":5541,"rcp":"RCP2.6","period":"2035","key":"pr","value":2.4,"estimate":"q5","season":"DJF"},{"bfs_id":5541,"rcp":"RCP2.6","period":"2035","key":"pr","value":2.3,"estimate":"q5","season":"MAM"},{"bfs_id":5541,"rcp":"RCP2.6","period":"2035","key":"pr","value":2.5,"estimate":"q5","season":"JJA"},{"bfs_id":5541,"rcp":"RCP2.6","period":"2035","key":"pr","value":2.6,"estimate":"q5","season":"SON"},{"bfs_id":5541,"rcp":"RCP2.6","period":"2035","key":"pr","value":2.8,"estimate":"q50","season":"DJF"},{"bfs_id":5541,"rcp":"RCP2.6","period":"2035","key":"pr","value":2.8,"estimate":"q50","season":"MAM"},{"bfs_id":5541,"rcp":"RCP2.6","period":"2035","key":"pr","value":2.8,"estimate":"q50","season":"JJA"},{"bfs_id":5541,"rcp":"RCP2.6","period":"2035","key":"pr","value":2.9,"estimate":"q50","season":"SON"},{"bfs_id":5541,"rcp":"RCP2.6","period":"2035","key":"pr","value":3.3,"estimate":"q95","season":"DJF"},{"bfs_id":5541,"rcp":"RCP2.6","period":"2035","key":"pr","value":3.1,"estimate":"q95","season":"MAM"},{"bfs_id":5541,"rcp":"RCP2.6","period":"2035","key":"pr","value":3.2,"estimate":"q95","season":"JJA"},{"bfs_id":5541,"rcp":"RCP2.6","period":"2035","key":"pr","value":3.4,"estimate":"q95","season":"SON"},{"bfs_id":5541,"rcp":"RCP2.6","period":"2060","key":"pr","value":2.5,"estimate":"q5","season":"DJF"},{"bfs_id":5541,"rcp":"RCP2.6","period":"2060","key":"pr","value":2.5,"estimate":"q5","season":"MAM"},{"bfs_id":5541,"rcp":"RCP2.6","period":"2060","key":"pr","value":2.4,"estimate":"q5","season":"JJA"},{"bfs_id":5541,"rcp":"RCP2.6","period":"2060","key":"pr","value":2.8,"estimate":"q5","season":"SON"},{"bfs_id":5541,"rcp":"RCP2.6","period":"2060","key":"pr","value":2.9,"estimate":"q50","season":"DJF"},{"bfs_id":5541,"rcp":"RCP2.6","period":"2060","key":"pr","value":2.8,"estimate":"q50","season":"MAM"},{"bfs_id":5541,"rcp":"RCP2.6","period":"2060","key":"pr","value":2.8,"estimate":"q50","season":"JJA"},{"bfs_id":5541,"rcp":"RCP2.6","period":"2060","key":"pr","value":2.9,"estimate":"q50","season":"SON"},{"bfs_id":5541,"rcp":"RCP2.6","period":"2060","key":"pr","value":3.1,"estimate":"q95","season":"DJF"},{"bfs_id":5541,"rcp":"RCP2.6","period":"2060","key":"pr","value":3.1,"estimate":"q95","season":"MAM"},{"bfs_id":5541,"rcp":"RCP2.6","period":"2060","key":"pr","value":3.2,"estimate":"q95","season":"JJA"},{"bfs_id":5541,"rcp":"RCP2.6","period":"2060","key":"pr","value":3.3,"estimate":"q95","season":"SON"},{"bfs_id":5541,"rcp":"RCP2.6","period":"2085","key":"pr","value":2.5,"estimate":"q5","season":"DJF"},{"bfs_id":5541,"rcp":"RCP2.6","period":"2085","key":"pr","value":2.6,"estimate":"q5","season":"MAM"},{"bfs_id":5541,"rcp":"RCP2.6","period":"2085","key":"pr","value":2.5,"estimate":"q5","season":"JJA"},{"bfs_id":5541,"rcp":"RCP2.6","period":"2085","key":"pr","value":2.6,"estimate":"q5","season":"SON"},{"bfs_id":5541,"rcp":"RCP2.6","period":"2085","key":"pr","value":2.8,"estimate":"q50","season":"DJF"},{"bfs_id":5541,"rcp":"RCP2.6","period":"2085","key":"pr","value":2.8,"estimate":"q50","season":"MAM"},{"bfs_id":5541,"rcp":"RCP2.6","period":"2085","key":"pr","value":2.9,"estimate":"q50","season":"JJA"},{"bfs_id":5541,"rcp":"RCP2.6","period":"2085","key":"pr","value":3,"estimate":"q50","season":"SON"},{"bfs_id":5541,"rcp":"RCP2.6","period":"2085","key":"pr","value":3.2,"estimate":"q95","season":"DJF"},{"bfs_id":5541,"rcp":"RCP2.6","period":"2085","key":"pr","value":3.1,"estimate":"q95","season":"MAM"},{"bfs_id":5541,"rcp":"RCP2.6","period":"2085","key":"pr","value":3.2,"estimate":"q95","season":"JJA"},{"bfs_id":5541,"rcp":"RCP2.6","period":"2085","key":"pr","value":3.4,"estimate":"q95","season":"SON"},{"bfs_id":5541,"rcp":"RCP8.5","period":"2035","key":"pr","value":2.6,"estimate":"q5","season":"DJF"},{"bfs_id":5541,"rcp":"RCP8.5","period":"2035","key":"pr","value":2.6,"estimate":"q5","season":"MAM"},{"bfs_id":5541,"rcp":"RCP8.5","period":"2035","key":"pr","value":2.2,"estimate":"q5","season":"JJA"},{"bfs_id":5541,"rcp":"RCP8.5","period":"2035","key":"pr","value":2.6,"estimate":"q5","season":"SON"},{"bfs_id":5541,"rcp":"RCP8.5","period":"2035","key":"pr","value":2.9,"estimate":"q50","season":"DJF"},{"bfs_id":5541,"rcp":"RCP8.5","period":"2035","key":"pr","value":2.9,"estimate":"q50","season":"MAM"},{"bfs_id":5541,"rcp":"RCP8.5","period":"2035","key":"pr","value":2.9,"estimate":"q50","season":"JJA"},{"bfs_id":5541,"rcp":"RCP8.5","period":"2035","key":"pr","value":3.1,"estimate":"q50","season":"SON"},{"bfs_id":5541,"rcp":"RCP8.5","period":"2035","key":"pr","value":3.2,"estimate":"q95","season":"DJF"},{"bfs_id":5541,"rcp":"RCP8.5","period":"2035","key":"pr","value":3.1,"estimate":"q95","season":"MAM"},{"bfs_id":5541,"rcp":"RCP8.5","period":"2035","key":"pr","value":3.2,"estimate":"q95","season":"JJA"},{"bfs_id":5541,"rcp":"RCP8.5","period":"2035","key":"pr","value":3.3,"estimate":"q95","season":"SON"},{"bfs_id":5541,"rcp":"RCP8.5","period":"2060","key":"pr","value":2.7,"estimate":"q5","season":"DJF"},{"bfs_id":5541,"rcp":"RCP8.5","period":"2060","key":"pr","value":2.6,"estimate":"q5","season":"MAM"},{"bfs_id":5541,"rcp":"RCP8.5","period":"2060","key":"pr","value":1.9,"estimate":"q5","season":"JJA"},{"bfs_id":5541,"rcp":"RCP8.5","period":"2060","key":"pr","value":2.6,"estimate":"q5","season":"SON"},{"bfs_id":5541,"rcp":"RCP8.5","period":"2060","key":"pr","value":3,"estimate":"q50","season":"DJF"},{"bfs_id":5541,"rcp":"RCP8.5","period":"2060","key":"pr","value":3,"estimate":"q50","season":"MAM"},{"bfs_id":5541,"rcp":"RCP8.5","period":"2060","key":"pr","value":2.7,"estimate":"q50","season":"JJA"},{"bfs_id":5541,"rcp":"RCP8.5","period":"2060","key":"pr","value":3.1,"estimate":"q50","season":"SON"},{"bfs_id":5541,"rcp":"RCP8.5","period":"2060","key":"pr","value":3.3,"estimate":"q95","season":"DJF"},{"bfs_id":5541,"rcp":"RCP8.5","period":"2060","key":"pr","value":3.2,"estimate":"q95","season":"MAM"},{"bfs_id":5541,"rcp":"RCP8.5","period":"2060","key":"pr","value":3.1,"estimate":"q95","season":"JJA"},{"bfs_id":5541,"rcp":"RCP8.5","period":"2060","key":"pr","value":3.4,"estimate":"q95","season":"SON"},{"bfs_id":5541,"rcp":"RCP8.5","period":"2085","key":"pr","value":2.9,"estimate":"q5","season":"DJF"},{"bfs_id":5541,"rcp":"RCP8.5","period":"2085","key":"pr","value":2.7,"estimate":"q5","season":"MAM"},{"bfs_id":5541,"rcp":"RCP8.5","period":"2085","key":"pr","value":1.5,"estimate":"q5","season":"JJA"},{"bfs_id":5541,"rcp":"RCP8.5","period":"2085","key":"pr","value":2.5,"estimate":"q5","season":"SON"},{"bfs_id":5541,"rcp":"RCP8.5","period":"2085","key":"pr","value":3.3,"estimate":"q50","season":"DJF"},{"bfs_id":5541,"rcp":"RCP8.5","period":"2085","key":"pr","value":3.1,"estimate":"q50","season":"MAM"},{"bfs_id":5541,"rcp":"RCP8.5","period":"2085","key":"pr","value":2.3,"estimate":"q50","season":"JJA"},{"bfs_id":5541,"rcp":"RCP8.5","period":"2085","key":"pr","value":3.1,"estimate":"q50","season":"SON"},{"bfs_id":5541,"rcp":"RCP8.5","period":"2085","key":"pr","value":3.7,"estimate":"q95","season":"DJF"},{"bfs_id":5541,"rcp":"RCP8.5","period":"2085","key":"pr","value":3.6,"estimate":"q95","season":"MAM"},{"bfs_id":5541,"rcp":"RCP8.5","period":"2085","key":"pr","value":3,"estimate":"q95","season":"JJA"},{"bfs_id":5541,"rcp":"RCP8.5","period":"2085","key":"pr","value":3.5,"estimate":"q95","season":"SON"},{"bfs_id":5541,"rcp":"RCP2.6","period":"2035","key":"tas","value":2.1,"estimate":"q5","season":"DJF"},{"bfs_id":5541,"rcp":"RCP2.6","period":"2035","key":"tas","value":9,"estimate":"q5","season":"MAM"},{"bfs_id":5541,"rcp":"RCP2.6","period":"2035","key":"tas","value":18.3,"estimate":"q5","season":"JJA"},{"bfs_id":5541,"rcp":"RCP2.6","period":"2035","key":"tas","value":10.4,"estimate":"q5","season":"SON"},{"bfs_id":5541,"rcp":"RCP2.6","period":"2035","key":"tas","value":2.4,"estimate":"q50","season":"DJF"},{"bfs_id":5541,"rcp":"RCP2.6","period":"2035","key":"tas","value":9.6,"estimate":"q50","season":"MAM"},{"bfs_id":5541,"rcp":"RCP2.6","period":"2035","key":"tas","value":18.9,"estimate":"q50","season":"JJA"},{"bfs_id":5541,"rcp":"RCP2.6","period":"2035","key":"tas","value":10.8,"estimate":"q50","season":"SON"},{"bfs_id":5541,"rcp":"RCP2.6","period":"2035","key":"tas","value":3.1,"estimate":"q95","season":"DJF"},{"bfs_id":5541,"rcp":"RCP2.6","period":"2035","key":"tas","value":9.9,"estimate":"q95","season":"MAM"},{"bfs_id":5541,"rcp":"RCP2.6","period":"2035","key":"tas","value":19.5,"estimate":"q95","season":"JJA"},{"bfs_id":5541,"rcp":"RCP2.6","period":"2035","key":"tas","value":11.6,"estimate":"q95","season":"SON"},{"bfs_id":5541,"rcp":"RCP2.6","period":"2060","key":"tas","value":2,"estimate":"q5","season":"DJF"},{"bfs_id":5541,"rcp":"RCP2.6","period":"2060","key":"tas","value":9,"estimate":"q5","season":"MAM"},{"bfs_id":5541,"rcp":"RCP2.6","period":"2060","key":"tas","value":18.5,"estimate":"q5","season":"JJA"},{"bfs_id":5541,"rcp":"RCP2.6","period":"2060","key":"tas","value":10.7,"estimate":"q5","season":"SON"},{"bfs_id":5541,"rcp":"RCP2.6","period":"2060","key":"tas","value":2.8,"estimate":"q50","season":"DJF"},{"bfs_id":5541,"rcp":"RCP2.6","period":"2060","key":"tas","value":9.6,"estimate":"q50","season":"MAM"},{"bfs_id":5541,"rcp":"RCP2.6","period":"2060","key":"tas","value":19,"estimate":"q50","season":"JJA"},{"bfs_id":5541,"rcp":"RCP2.6","period":"2060","key":"tas","value":11.1,"estimate":"q50","season":"SON"},{"bfs_id":5541,"rcp":"RCP2.6","period":"2060","key":"tas","value":3.3,"estimate":"q95","season":"DJF"},{"bfs_id":5541,"rcp":"RCP2.6","period":"2060","key":"tas","value":10.2,"estimate":"q95","season":"MAM"},{"bfs_id":5541,"rcp":"RCP2.6","period":"2060","key":"tas","value":19.7,"estimate":"q95","season":"JJA"},{"bfs_id":5541,"rcp":"RCP2.6","period":"2060","key":"tas","value":12,"estimate":"q95","season":"SON"},{"bfs_id":5541,"rcp":"RCP2.6","period":"2085","key":"tas","value":2,"estimate":"q5","season":"DJF"},{"bfs_id":5541,"rcp":"RCP2.6","period":"2085","key":"tas","value":9,"estimate":"q5","season":"MAM"},{"bfs_id":5541,"rcp":"RCP2.6","period":"2085","key":"tas","value":18.5,"estimate":"q5","season":"JJA"},{"bfs_id":5541,"rcp":"RCP2.6","period":"2085","key":"tas","value":10.5,"estimate":"q5","season":"SON"},{"bfs_id":5541,"rcp":"RCP2.6","period":"2085","key":"tas","value":2.7,"estimate":"q50","season":"DJF"},{"bfs_id":5541,"rcp":"RCP2.6","period":"2085","key":"tas","value":9.7,"estimate":"q50","season":"MAM"},{"bfs_id":5541,"rcp":"RCP2.6","period":"2085","key":"tas","value":19,"estimate":"q50","season":"JJA"},{"bfs_id":5541,"rcp":"RCP2.6","period":"2085","key":"tas","value":11.1,"estimate":"q50","season":"SON"},{"bfs_id":5541,"rcp":"RCP2.6","period":"2085","key":"tas","value":3.4,"estimate":"q95","season":"DJF"},{"bfs_id":5541,"rcp":"RCP2.6","period":"2085","key":"tas","value":10.2,"estimate":"q95","season":"MAM"},{"bfs_id":5541,"rcp":"RCP2.6","period":"2085","key":"tas","value":19.6,"estimate":"q95","season":"JJA"},{"bfs_id":5541,"rcp":"RCP2.6","period":"2085","key":"tas","value":11.9,"estimate":"q95","season":"SON"},{"bfs_id":5541,"rcp":"RCP8.5","period":"2035","key":"tas","value":2,"estimate":"q5","season":"DJF"},{"bfs_id":5541,"rcp":"RCP8.5","period":"2035","key":"tas","value":9.2,"estimate":"q5","season":"MAM"},{"bfs_id":5541,"rcp":"RCP8.5","period":"2035","key":"tas","value":18.7,"estimate":"q5","season":"JJA"},{"bfs_id":5541,"rcp":"RCP8.5","period":"2035","key":"tas","value":10.8,"estimate":"q5","season":"SON"},{"bfs_id":5541,"rcp":"RCP8.5","period":"2035","key":"tas","value":2.8,"estimate":"q50","season":"DJF"},{"bfs_id":5541,"rcp":"RCP8.5","period":"2035","key":"tas","value":9.6,"estimate":"q50","season":"MAM"},{"bfs_id":5541,"rcp":"RCP8.5","period":"2035","key":"tas","value":19.2,"estimate":"q50","season":"JJA"},{"bfs_id":5541,"rcp":"RCP8.5","period":"2035","key":"tas","value":11.2,"estimate":"q50","season":"SON"},{"bfs_id":5541,"rcp":"RCP8.5","period":"2035","key":"tas","value":3.2,"estimate":"q95","season":"DJF"},{"bfs_id":5541,"rcp":"RCP8.5","period":"2035","key":"tas","value":10.1,"estimate":"q95","season":"MAM"},{"bfs_id":5541,"rcp":"RCP8.5","period":"2035","key":"tas","value":19.8,"estimate":"q95","season":"JJA"},{"bfs_id":5541,"rcp":"RCP8.5","period":"2035","key":"tas","value":12,"estimate":"q95","season":"SON"},{"bfs_id":5541,"rcp":"RCP8.5","period":"2060","key":"tas","value":3.2,"estimate":"q5","season":"DJF"},{"bfs_id":5541,"rcp":"RCP8.5","period":"2060","key":"tas","value":10,"estimate":"q5","season":"MAM"},{"bfs_id":5541,"rcp":"RCP8.5","period":"2060","key":"tas","value":19.8,"estimate":"q5","season":"JJA"},{"bfs_id":5541,"rcp":"RCP8.5","period":"2060","key":"tas","value":11.8,"estimate":"q5","season":"SON"},{"bfs_id":5541,"rcp":"RCP8.5","period":"2060","key":"tas","value":3.6,"estimate":"q50","season":"DJF"},{"bfs_id":5541,"rcp":"RCP8.5","period":"2060","key":"tas","value":10.6,"estimate":"q50","season":"MAM"},{"bfs_id":5541,"rcp":"RCP8.5","period":"2060","key":"tas","value":20.4,"estimate":"q50","season":"JJA"},{"bfs_id":5541,"rcp":"RCP8.5","period":"2060","key":"tas","value":12.4,"estimate":"q50","season":"SON"},{"bfs_id":5541,"rcp":"RCP8.5","period":"2060","key":"tas","value":4.3,"estimate":"q95","season":"DJF"},{"bfs_id":5541,"rcp":"RCP8.5","period":"2060","key":"tas","value":11.2,"estimate":"q95","season":"MAM"},{"bfs_id":5541,"rcp":"RCP8.5","period":"2060","key":"tas","value":21.6,"estimate":"q95","season":"JJA"},{"bfs_id":5541,"rcp":"RCP8.5","period":"2060","key":"tas","value":13.3,"estimate":"q95","season":"SON"},{"bfs_id":5541,"rcp":"RCP8.5","period":"2085","key":"tas","value":4.2,"estimate":"q5","season":"DJF"},{"bfs_id":5541,"rcp":"RCP8.5","period":"2085","key":"tas","value":11,"estimate":"q5","season":"MAM"},{"bfs_id":5541,"rcp":"RCP8.5","period":"2085","key":"tas","value":21.3,"estimate":"q5","season":"JJA"},{"bfs_id":5541,"rcp":"RCP8.5","period":"2085","key":"tas","value":12.9,"estimate":"q5","season":"SON"},{"bfs_id":5541,"rcp":"RCP8.5","period":"2085","key":"tas","value":5.3,"estimate":"q50","season":"DJF"},{"bfs_id":5541,"rcp":"RCP8.5","period":"2085","key":"tas","value":11.9,"estimate":"q50","season":"MAM"},{"bfs_id":5541,"rcp":"RCP8.5","period":"2085","key":"tas","value":22.1,"estimate":"q50","season":"JJA"},{"bfs_id":5541,"rcp":"RCP8.5","period":"2085","key":"tas","value":13.8,"estimate":"q50","season":"SON"},{"bfs_id":5541,"rcp":"RCP8.5","period":"2085","key":"tas","value":6.1,"estimate":"q95","season":"DJF"},{"bfs_id":5541,"rcp":"RCP8.5","period":"2085","key":"tas","value":13,"estimate":"q95","season":"MAM"},{"bfs_id":5541,"rcp":"RCP8.5","period":"2085","key":"tas","value":24.4,"estimate":"q95","season":"JJA"},{"bfs_id":5541,"rcp":"RCP8.5","period":"2085","key":"tas","value":15.4,"estimate":"q95","season":"SON"},{"bfs_id":5541,"rcp":"obs","period":"1981-2010","key":"FD","value":75.7,"estimate":"yearly_mean"},{"bfs_id":5541,"rcp":"obs","period":"1981-2010","key":"HD","value":4.3,"estimate":"yearly_mean"},{"bfs_id":5541,"rcp":"obs","period":"1981-2010","key":"ID","value":16.8,"estimate":"yearly_mean"},{"bfs_id":5541,"rcp":"obs","period":"1981-2010","key":"SD","value":36.9,"estimate":"yearly_mean"},{"bfs_id":5541,"rcp":"obs","period":"1981-2010","key":"snowdays","value":14.5,"estimate":"yearly_mean"},{"bfs_id":5541,"rcp":"obs","period":"1981-2010","key":"TN","value":0.1,"estimate":"yearly_mean"},{"bfs_id":5541,"rcp":"obs","period":"1981-2010","key":"pr","value":2.5,"estimate":"mean","season":"DJF"},{"bfs_id":5541,"rcp":"obs","period":"1981-2010","key":"pr","value":2.7,"estimate":"mean","season":"MAM"},{"bfs_id":5541,"rcp":"obs","period":"1981-2010","key":"pr","value":3.1,"estimate":"mean","season":"JJA"},{"bfs_id":5541,"rcp":"obs","period":"1981-2010","key":"pr","value":3.1,"estimate":"mean","season":"SON"},{"bfs_id":5541,"rcp":"obs","period":"1981-2010","key":"tas","value":1.4,"estimate":"mean","season":"DJF"},{"bfs_id":5541,"rcp":"obs","period":"1981-2010","key":"tas","value":8.9,"estimate":"mean","season":"MAM"},{"bfs_id":5541,"rcp":"obs","period":"1981-2010","key":"tas","value":17.8,"estimate":"mean","season":"JJA"},{"bfs_id":5541,"rcp":"obs","period":"1981-2010","key":"tas","value":9.7,"estimate":"mean","season":"SON"}]
