[{"bfs_id":5078,"rcp":"RCP2.6","period":"2035","key":"FD","value":109.9,"estimate":"q5"},{"bfs_id":5078,"rcp":"RCP2.6","period":"2035","key":"FD","value":120.1,"estimate":"q50"},{"bfs_id":5078,"rcp":"RCP2.6","period":"2035","key":"FD","value":130.2,"estimate":"q95"},{"bfs_id":5078,"rcp":"RCP2.6","period":"2060","key":"FD","value":108.9,"estimate":"q5"},{"bfs_id":5078,"rcp":"RCP2.6","period":"2060","key":"FD","value":117.8,"estimate":"q50"},{"bfs_id":5078,"rcp":"RCP2.6","period":"2060","key":"FD","value":125.8,"estimate":"q95"},{"bfs_id":5078,"rcp":"RCP2.6","period":"2085","key":"FD","value":107.6,"estimate":"q5"},{"bfs_id":5078,"rcp":"RCP2.6","period":"2085","key":"FD","value":120.6,"estimate":"q50"},{"bfs_id":5078,"rcp":"RCP2.6","period":"2085","key":"FD","value":125.5,"estimate":"q95"},{"bfs_id":5078,"rcp":"RCP8.5","period":"2035","key":"FD","value":109,"estimate":"q5"},{"bfs_id":5078,"rcp":"RCP8.5","period":"2035","key":"FD","value":116.7,"estimate":"q50"},{"bfs_id":5078,"rcp":"RCP8.5","period":"2035","key":"FD","value":125.6,"estimate":"q95"},{"bfs_id":5078,"rcp":"RCP8.5","period":"2060","key":"FD","value":88.5,"estimate":"q5"},{"bfs_id":5078,"rcp":"RCP8.5","period":"2060","key":"FD","value":100,"estimate":"q50"},{"bfs_id":5078,"rcp":"RCP8.5","period":"2060","key":"FD","value":108.8,"estimate":"q95"},{"bfs_id":5078,"rcp":"RCP8.5","period":"2085","key":"FD","value":65.1,"estimate":"q5"},{"bfs_id":5078,"rcp":"RCP8.5","period":"2085","key":"FD","value":74.7,"estimate":"q50"},{"bfs_id":5078,"rcp":"RCP8.5","period":"2085","key":"FD","value":90.9,"estimate":"q95"},{"bfs_id":5078,"rcp":"RCP2.6","period":"2035","key":"HD","value":0,"estimate":"q5"},{"bfs_id":5078,"rcp":"RCP2.6","period":"2035","key":"HD","value":0.1,"estimate":"q50"},{"bfs_id":5078,"rcp":"RCP2.6","period":"2035","key":"HD","value":0.6,"estimate":"q95"},{"bfs_id":5078,"rcp":"RCP2.6","period":"2060","key":"HD","value":0,"estimate":"q5"},{"bfs_id":5078,"rcp":"RCP2.6","period":"2060","key":"HD","value":0.2,"estimate":"q50"},{"bfs_id":5078,"rcp":"RCP2.6","period":"2060","key":"HD","value":0.8,"estimate":"q95"},{"bfs_id":5078,"rcp":"RCP2.6","period":"2085","key":"HD","value":0,"estimate":"q5"},{"bfs_id":5078,"rcp":"RCP2.6","period":"2085","key":"HD","value":0.2,"estimate":"q50"},{"bfs_id":5078,"rcp":"RCP2.6","period":"2085","key":"HD","value":0.8,"estimate":"q95"},{"bfs_id":5078,"rcp":"RCP8.5","period":"2035","key":"HD","value":0.1,"estimate":"q5"},{"bfs_id":5078,"rcp":"RCP8.5","period":"2035","key":"HD","value":0.3,"estimate":"q50"},{"bfs_id":5078,"rcp":"RCP8.5","period":"2035","key":"HD","value":2,"estimate":"q95"},{"bfs_id":5078,"rcp":"RCP8.5","period":"2060","key":"HD","value":0.6,"estimate":"q5"},{"bfs_id":5078,"rcp":"RCP8.5","period":"2060","key":"HD","value":1.9,"estimate":"q50"},{"bfs_id":5078,"rcp":"RCP8.5","period":"2060","key":"HD","value":6.1,"estimate":"q95"},{"bfs_id":5078,"rcp":"RCP8.5","period":"2085","key":"HD","value":2.2,"estimate":"q5"},{"bfs_id":5078,"rcp":"RCP8.5","period":"2085","key":"HD","value":6.6,"estimate":"q50"},{"bfs_id":5078,"rcp":"RCP8.5","period":"2085","key":"HD","value":25.6,"estimate":"q95"},{"bfs_id":5078,"rcp":"RCP2.6","period":"2035","key":"ID","value":21.9,"estimate":"q5"},{"bfs_id":5078,"rcp":"RCP2.6","period":"2035","key":"ID","value":26.1,"estimate":"q50"},{"bfs_id":5078,"rcp":"RCP2.6","period":"2035","key":"ID","value":28.9,"estimate":"q95"},{"bfs_id":5078,"rcp":"RCP2.6","period":"2060","key":"ID","value":20.7,"estimate":"q5"},{"bfs_id":5078,"rcp":"RCP2.6","period":"2060","key":"ID","value":24.6,"estimate":"q50"},{"bfs_id":5078,"rcp":"RCP2.6","period":"2060","key":"ID","value":29.1,"estimate":"q95"},{"bfs_id":5078,"rcp":"RCP2.6","period":"2085","key":"ID","value":20.5,"estimate":"q5"},{"bfs_id":5078,"rcp":"RCP2.6","period":"2085","key":"ID","value":25.5,"estimate":"q50"},{"bfs_id":5078,"rcp":"RCP2.6","period":"2085","key":"ID","value":29,"estimate":"q95"},{"bfs_id":5078,"rcp":"RCP8.5","period":"2035","key":"ID","value":20.5,"estimate":"q5"},{"bfs_id":5078,"rcp":"RCP8.5","period":"2035","key":"ID","value":24.2,"estimate":"q50"},{"bfs_id":5078,"rcp":"RCP8.5","period":"2035","key":"ID","value":27.6,"estimate":"q95"},{"bfs_id":5078,"rcp":"RCP8.5","period":"2060","key":"ID","value":13,"estimate":"q5"},{"bfs_id":5078,"rcp":"RCP8.5","period":"2060","key":"ID","value":17.4,"estimate":"q50"},{"bfs_id":5078,"rcp":"RCP8.5","period":"2060","key":"ID","value":20.3,"estimate":"q95"},{"bfs_id":5078,"rcp":"RCP8.5","period":"2085","key":"ID","value":5.4,"estimate":"q5"},{"bfs_id":5078,"rcp":"RCP8.5","period":"2085","key":"ID","value":9.5,"estimate":"q50"},{"bfs_id":5078,"rcp":"RCP8.5","period":"2085","key":"ID","value":12.3,"estimate":"q95"},{"bfs_id":5078,"rcp":"RCP2.6","period":"2035","key":"SD","value":7.7,"estimate":"q5"},{"bfs_id":5078,"rcp":"RCP2.6","period":"2035","key":"SD","value":11.1,"estimate":"q50"},{"bfs_id":5078,"rcp":"RCP2.6","period":"2035","key":"SD","value":16.2,"estimate":"q95"},{"bfs_id":5078,"rcp":"RCP2.6","period":"2060","key":"SD","value":9.1,"estimate":"q5"},{"bfs_id":5078,"rcp":"RCP2.6","period":"2060","key":"SD","value":12.2,"estimate":"q50"},{"bfs_id":5078,"rcp":"RCP2.6","period":"2060","key":"SD","value":19.4,"estimate":"q95"},{"bfs_id":5078,"rcp":"RCP2.6","period":"2085","key":"SD","value":8.2,"estimate":"q5"},{"bfs_id":5078,"rcp":"RCP2.6","period":"2085","key":"SD","value":11.6,"estimate":"q50"},{"bfs_id":5078,"rcp":"RCP2.6","period":"2085","key":"SD","value":18.8,"estimate":"q95"},{"bfs_id":5078,"rcp":"RCP8.5","period":"2035","key":"SD","value":9.6,"estimate":"q5"},{"bfs_id":5078,"rcp":"RCP8.5","period":"2035","key":"SD","value":12.7,"estimate":"q50"},{"bfs_id":5078,"rcp":"RCP8.5","period":"2035","key":"SD","value":21.1,"estimate":"q95"},{"bfs_id":5078,"rcp":"RCP8.5","period":"2060","key":"SD","value":18.8,"estimate":"q5"},{"bfs_id":5078,"rcp":"RCP8.5","period":"2060","key":"SD","value":26.4,"estimate":"q50"},{"bfs_id":5078,"rcp":"RCP8.5","period":"2060","key":"SD","value":40.5,"estimate":"q95"},{"bfs_id":5078,"rcp":"RCP8.5","period":"2085","key":"SD","value":36.5,"estimate":"q5"},{"bfs_id":5078,"rcp":"RCP8.5","period":"2085","key":"SD","value":46.3,"estimate":"q50"},{"bfs_id":5078,"rcp":"RCP8.5","period":"2085","key":"SD","value":71,"estimate":"q95"},{"bfs_id":5078,"rcp":"RCP2.6","period":"2035","key":"snowdays","value":15.3,"estimate":"q5"},{"bfs_id":5078,"rcp":"RCP2.6","period":"2035","key":"snowdays","value":21.9,"estimate":"q50"},{"bfs_id":5078,"rcp":"RCP2.6","period":"2035","key":"snowdays","value":26.8,"estimate":"q95"},{"bfs_id":5078,"rcp":"RCP2.6","period":"2060","key":"snowdays","value":15.1,"estimate":"q5"},{"bfs_id":5078,"rcp":"RCP2.6","period":"2060","key":"snowdays","value":21.4,"estimate":"q50"},{"bfs_id":5078,"rcp":"RCP2.6","period":"2060","key":"snowdays","value":25.8,"estimate":"q95"},{"bfs_id":5078,"rcp":"RCP2.6","period":"2085","key":"snowdays","value":15.4,"estimate":"q5"},{"bfs_id":5078,"rcp":"RCP2.6","period":"2085","key":"snowdays","value":21.8,"estimate":"q50"},{"bfs_id":5078,"rcp":"RCP2.6","period":"2085","key":"snowdays","value":26.4,"estimate":"q95"},{"bfs_id":5078,"rcp":"RCP8.5","period":"2035","key":"snowdays","value":15,"estimate":"q5"},{"bfs_id":5078,"rcp":"RCP8.5","period":"2035","key":"snowdays","value":20.4,"estimate":"q50"},{"bfs_id":5078,"rcp":"RCP8.5","period":"2035","key":"snowdays","value":26,"estimate":"q95"},{"bfs_id":5078,"rcp":"RCP8.5","period":"2060","key":"snowdays","value":11.2,"estimate":"q5"},{"bfs_id":5078,"rcp":"RCP8.5","period":"2060","key":"snowdays","value":15.6,"estimate":"q50"},{"bfs_id":5078,"rcp":"RCP8.5","period":"2060","key":"snowdays","value":21.5,"estimate":"q95"},{"bfs_id":5078,"rcp":"RCP8.5","period":"2085","key":"snowdays","value":6.6,"estimate":"q5"},{"bfs_id":5078,"rcp":"RCP8.5","period":"2085","key":"snowdays","value":12.2,"estimate":"q50"},{"bfs_id":5078,"rcp":"RCP8.5","period":"2085","key":"snowdays","value":16.1,"estimate":"q95"},{"bfs_id":5078,"rcp":"RCP2.6","period":"2035","key":"TN","value":0,"estimate":"q5"},{"bfs_id":5078,"rcp":"RCP2.6","period":"2035","key":"TN","value":0,"estimate":"q50"},{"bfs_id":5078,"rcp":"RCP2.6","period":"2035","key":"TN","value":0.1,"estimate":"q95"},{"bfs_id":5078,"rcp":"RCP2.6","period":"2060","key":"TN","value":0,"estimate":"q5"},{"bfs_id":5078,"rcp":"RCP2.6","period":"2060","key":"TN","value":0,"estimate":"q50"},{"bfs_id":5078,"rcp":"RCP2.6","period":"2060","key":"TN","value":0.1,"estimate":"q95"},{"bfs_id":5078,"rcp":"RCP2.6","period":"2085","key":"TN","value":0,"estimate":"q5"},{"bfs_id":5078,"rcp":"RCP2.6","period":"2085","key":"TN","value":0,"estimate":"q50"},{"bfs_id":5078,"rcp":"RCP2.6","period":"2085","key":"TN","value":0.1,"estimate":"q95"},{"bfs_id":5078,"rcp":"RCP8.5","period":"2035","key":"TN","value":0,"estimate":"q5"},{"bfs_id":5078,"rcp":"RCP8.5","period":"2035","key":"TN","value":0,"estimate":"q50"},{"bfs_id":5078,"rcp":"RCP8.5","period":"2035","key":"TN","value":0.1,"estimate":"q95"},{"bfs_id":5078,"rcp":"RCP8.5","period":"2060","key":"TN","value":0.1,"estimate":"q5"},{"bfs_id":5078,"rcp":"RCP8.5","period":"2060","key":"TN","value":0.3,"estimate":"q50"},{"bfs_id":5078,"rcp":"RCP8.5","period":"2060","key":"TN","value":1.8,"estimate":"q95"},{"bfs_id":5078,"rcp":"RCP8.5","period":"2085","key":"TN","value":0.5,"estimate":"q5"},{"bfs_id":5078,"rcp":"RCP8.5","period":"2085","key":"TN","value":2.5,"estimate":"q50"},{"bfs_id":5078,"rcp":"RCP8.5","period":"2085","key":"TN","value":10.7,"estimate":"q95"},{"bfs_id":5078,"rcp":"RCP2.6","period":"2035","key":"pr","value":1.9,"estimate":"q5","season":"DJF"},{"bfs_id":5078,"rcp":"RCP2.6","period":"2035","key":"pr","value":3.7,"estimate":"q5","season":"MAM"},{"bfs_id":5078,"rcp":"RCP2.6","period":"2035","key":"pr","value":3.2,"estimate":"q5","season":"JJA"},{"bfs_id":5078,"rcp":"RCP2.6","period":"2035","key":"pr","value":3.9,"estimate":"q5","season":"SON"},{"bfs_id":5078,"rcp":"RCP2.6","period":"2035","key":"pr","value":2.6,"estimate":"q50","season":"DJF"},{"bfs_id":5078,"rcp":"RCP2.6","period":"2035","key":"pr","value":4,"estimate":"q50","season":"MAM"},{"bfs_id":5078,"rcp":"RCP2.6","period":"2035","key":"pr","value":4.2,"estimate":"q50","season":"JJA"},{"bfs_id":5078,"rcp":"RCP2.6","period":"2035","key":"pr","value":4.7,"estimate":"q50","season":"SON"},{"bfs_id":5078,"rcp":"RCP2.6","period":"2035","key":"pr","value":2.9,"estimate":"q95","season":"DJF"},{"bfs_id":5078,"rcp":"RCP2.6","period":"2035","key":"pr","value":4.6,"estimate":"q95","season":"MAM"},{"bfs_id":5078,"rcp":"RCP2.6","period":"2035","key":"pr","value":4.8,"estimate":"q95","season":"JJA"},{"bfs_id":5078,"rcp":"RCP2.6","period":"2035","key":"pr","value":5.6,"estimate":"q95","season":"SON"},{"bfs_id":5078,"rcp":"RCP2.6","period":"2060","key":"pr","value":2.2,"estimate":"q5","season":"DJF"},{"bfs_id":5078,"rcp":"RCP2.6","period":"2060","key":"pr","value":3.5,"estimate":"q5","season":"MAM"},{"bfs_id":5078,"rcp":"RCP2.6","period":"2060","key":"pr","value":3.5,"estimate":"q5","season":"JJA"},{"bfs_id":5078,"rcp":"RCP2.6","period":"2060","key":"pr","value":4,"estimate":"q5","season":"SON"},{"bfs_id":5078,"rcp":"RCP2.6","period":"2060","key":"pr","value":2.5,"estimate":"q50","season":"DJF"},{"bfs_id":5078,"rcp":"RCP2.6","period":"2060","key":"pr","value":3.9,"estimate":"q50","season":"MAM"},{"bfs_id":5078,"rcp":"RCP2.6","period":"2060","key":"pr","value":4.2,"estimate":"q50","season":"JJA"},{"bfs_id":5078,"rcp":"RCP2.6","period":"2060","key":"pr","value":4.6,"estimate":"q50","season":"SON"},{"bfs_id":5078,"rcp":"RCP2.6","period":"2060","key":"pr","value":3,"estimate":"q95","season":"DJF"},{"bfs_id":5078,"rcp":"RCP2.6","period":"2060","key":"pr","value":4.7,"estimate":"q95","season":"MAM"},{"bfs_id":5078,"rcp":"RCP2.6","period":"2060","key":"pr","value":5.1,"estimate":"q95","season":"JJA"},{"bfs_id":5078,"rcp":"RCP2.6","period":"2060","key":"pr","value":5.5,"estimate":"q95","season":"SON"},{"bfs_id":5078,"rcp":"RCP2.6","period":"2085","key":"pr","value":2.1,"estimate":"q5","season":"DJF"},{"bfs_id":5078,"rcp":"RCP2.6","period":"2085","key":"pr","value":3.7,"estimate":"q5","season":"MAM"},{"bfs_id":5078,"rcp":"RCP2.6","period":"2085","key":"pr","value":3.5,"estimate":"q5","season":"JJA"},{"bfs_id":5078,"rcp":"RCP2.6","period":"2085","key":"pr","value":4,"estimate":"q5","season":"SON"},{"bfs_id":5078,"rcp":"RCP2.6","period":"2085","key":"pr","value":2.5,"estimate":"q50","season":"DJF"},{"bfs_id":5078,"rcp":"RCP2.6","period":"2085","key":"pr","value":4.1,"estimate":"q50","season":"MAM"},{"bfs_id":5078,"rcp":"RCP2.6","period":"2085","key":"pr","value":4.2,"estimate":"q50","season":"JJA"},{"bfs_id":5078,"rcp":"RCP2.6","period":"2085","key":"pr","value":4.4,"estimate":"q50","season":"SON"},{"bfs_id":5078,"rcp":"RCP2.6","period":"2085","key":"pr","value":2.9,"estimate":"q95","season":"DJF"},{"bfs_id":5078,"rcp":"RCP2.6","period":"2085","key":"pr","value":4.9,"estimate":"q95","season":"MAM"},{"bfs_id":5078,"rcp":"RCP2.6","period":"2085","key":"pr","value":5,"estimate":"q95","season":"JJA"},{"bfs_id":5078,"rcp":"RCP2.6","period":"2085","key":"pr","value":5.3,"estimate":"q95","season":"SON"},{"bfs_id":5078,"rcp":"RCP8.5","period":"2035","key":"pr","value":2.3,"estimate":"q5","season":"DJF"},{"bfs_id":5078,"rcp":"RCP8.5","period":"2035","key":"pr","value":3.7,"estimate":"q5","season":"MAM"},{"bfs_id":5078,"rcp":"RCP8.5","period":"2035","key":"pr","value":3.5,"estimate":"q5","season":"JJA"},{"bfs_id":5078,"rcp":"RCP8.5","period":"2035","key":"pr","value":3.9,"estimate":"q5","season":"SON"},{"bfs_id":5078,"rcp":"RCP8.5","period":"2035","key":"pr","value":2.5,"estimate":"q50","season":"DJF"},{"bfs_id":5078,"rcp":"RCP8.5","period":"2035","key":"pr","value":4.2,"estimate":"q50","season":"MAM"},{"bfs_id":5078,"rcp":"RCP8.5","period":"2035","key":"pr","value":4.1,"estimate":"q50","season":"JJA"},{"bfs_id":5078,"rcp":"RCP8.5","period":"2035","key":"pr","value":4.2,"estimate":"q50","season":"SON"},{"bfs_id":5078,"rcp":"RCP8.5","period":"2035","key":"pr","value":2.8,"estimate":"q95","season":"DJF"},{"bfs_id":5078,"rcp":"RCP8.5","period":"2035","key":"pr","value":4.8,"estimate":"q95","season":"MAM"},{"bfs_id":5078,"rcp":"RCP8.5","period":"2035","key":"pr","value":5.1,"estimate":"q95","season":"JJA"},{"bfs_id":5078,"rcp":"RCP8.5","period":"2035","key":"pr","value":5.4,"estimate":"q95","season":"SON"},{"bfs_id":5078,"rcp":"RCP8.5","period":"2060","key":"pr","value":2.1,"estimate":"q5","season":"DJF"},{"bfs_id":5078,"rcp":"RCP8.5","period":"2060","key":"pr","value":3.6,"estimate":"q5","season":"MAM"},{"bfs_id":5078,"rcp":"RCP8.5","period":"2060","key":"pr","value":3.1,"estimate":"q5","season":"JJA"},{"bfs_id":5078,"rcp":"RCP8.5","period":"2060","key":"pr","value":4,"estimate":"q5","season":"SON"},{"bfs_id":5078,"rcp":"RCP8.5","period":"2060","key":"pr","value":2.7,"estimate":"q50","season":"DJF"},{"bfs_id":5078,"rcp":"RCP8.5","period":"2060","key":"pr","value":4.5,"estimate":"q50","season":"MAM"},{"bfs_id":5078,"rcp":"RCP8.5","period":"2060","key":"pr","value":3.8,"estimate":"q50","season":"JJA"},{"bfs_id":5078,"rcp":"RCP8.5","period":"2060","key":"pr","value":4.6,"estimate":"q50","season":"SON"},{"bfs_id":5078,"rcp":"RCP8.5","period":"2060","key":"pr","value":3.1,"estimate":"q95","season":"DJF"},{"bfs_id":5078,"rcp":"RCP8.5","period":"2060","key":"pr","value":5,"estimate":"q95","season":"MAM"},{"bfs_id":5078,"rcp":"RCP8.5","period":"2060","key":"pr","value":5.2,"estimate":"q95","season":"JJA"},{"bfs_id":5078,"rcp":"RCP8.5","period":"2060","key":"pr","value":5.3,"estimate":"q95","season":"SON"},{"bfs_id":5078,"rcp":"RCP8.5","period":"2085","key":"pr","value":2.5,"estimate":"q5","season":"DJF"},{"bfs_id":5078,"rcp":"RCP8.5","period":"2085","key":"pr","value":3.8,"estimate":"q5","season":"MAM"},{"bfs_id":5078,"rcp":"RCP8.5","period":"2085","key":"pr","value":2.4,"estimate":"q5","season":"JJA"},{"bfs_id":5078,"rcp":"RCP8.5","period":"2085","key":"pr","value":3.9,"estimate":"q5","season":"SON"},{"bfs_id":5078,"rcp":"RCP8.5","period":"2085","key":"pr","value":3,"estimate":"q50","season":"DJF"},{"bfs_id":5078,"rcp":"RCP8.5","period":"2085","key":"pr","value":4.8,"estimate":"q50","season":"MAM"},{"bfs_id":5078,"rcp":"RCP8.5","period":"2085","key":"pr","value":3.4,"estimate":"q50","season":"JJA"},{"bfs_id":5078,"rcp":"RCP8.5","period":"2085","key":"pr","value":4.6,"estimate":"q50","season":"SON"},{"bfs_id":5078,"rcp":"RCP8.5","period":"2085","key":"pr","value":3.4,"estimate":"q95","season":"DJF"},{"bfs_id":5078,"rcp":"RCP8.5","period":"2085","key":"pr","value":5.1,"estimate":"q95","season":"MAM"},{"bfs_id":5078,"rcp":"RCP8.5","period":"2085","key":"pr","value":4.8,"estimate":"q95","season":"JJA"},{"bfs_id":5078,"rcp":"RCP8.5","period":"2085","key":"pr","value":5.3,"estimate":"q95","season":"SON"},{"bfs_id":5078,"rcp":"RCP2.6","period":"2035","key":"tas","value":-0.9,"estimate":"q5","season":"DJF"},{"bfs_id":5078,"rcp":"RCP2.6","period":"2035","key":"tas","value":5.6,"estimate":"q5","season":"MAM"},{"bfs_id":5078,"rcp":"RCP2.6","period":"2035","key":"tas","value":15.1,"estimate":"q5","season":"JJA"},{"bfs_id":5078,"rcp":"RCP2.6","period":"2035","key":"tas","value":7.4,"estimate":"q5","season":"SON"},{"bfs_id":5078,"rcp":"RCP2.6","period":"2035","key":"tas","value":-0.4,"estimate":"q50","season":"DJF"},{"bfs_id":5078,"rcp":"RCP2.6","period":"2035","key":"tas","value":6.4,"estimate":"q50","season":"MAM"},{"bfs_id":5078,"rcp":"RCP2.6","period":"2035","key":"tas","value":16.2,"estimate":"q50","season":"JJA"},{"bfs_id":5078,"rcp":"RCP2.6","period":"2035","key":"tas","value":7.9,"estimate":"q50","season":"SON"},{"bfs_id":5078,"rcp":"RCP2.6","period":"2035","key":"tas","value":0,"estimate":"q95","season":"DJF"},{"bfs_id":5078,"rcp":"RCP2.6","period":"2035","key":"tas","value":6.8,"estimate":"q95","season":"MAM"},{"bfs_id":5078,"rcp":"RCP2.6","period":"2035","key":"tas","value":16.7,"estimate":"q95","season":"JJA"},{"bfs_id":5078,"rcp":"RCP2.6","period":"2035","key":"tas","value":8.5,"estimate":"q95","season":"SON"},{"bfs_id":5078,"rcp":"RCP2.6","period":"2060","key":"tas","value":-0.8,"estimate":"q5","season":"DJF"},{"bfs_id":5078,"rcp":"RCP2.6","period":"2060","key":"tas","value":5.6,"estimate":"q5","season":"MAM"},{"bfs_id":5078,"rcp":"RCP2.6","period":"2060","key":"tas","value":15.4,"estimate":"q5","season":"JJA"},{"bfs_id":5078,"rcp":"RCP2.6","period":"2060","key":"tas","value":7.7,"estimate":"q5","season":"SON"},{"bfs_id":5078,"rcp":"RCP2.6","period":"2060","key":"tas","value":-0.2,"estimate":"q50","season":"DJF"},{"bfs_id":5078,"rcp":"RCP2.6","period":"2060","key":"tas","value":6.4,"estimate":"q50","season":"MAM"},{"bfs_id":5078,"rcp":"RCP2.6","period":"2060","key":"tas","value":16.2,"estimate":"q50","season":"JJA"},{"bfs_id":5078,"rcp":"RCP2.6","period":"2060","key":"tas","value":8.1,"estimate":"q50","season":"SON"},{"bfs_id":5078,"rcp":"RCP2.6","period":"2060","key":"tas","value":0.2,"estimate":"q95","season":"DJF"},{"bfs_id":5078,"rcp":"RCP2.6","period":"2060","key":"tas","value":6.9,"estimate":"q95","season":"MAM"},{"bfs_id":5078,"rcp":"RCP2.6","period":"2060","key":"tas","value":17,"estimate":"q95","season":"JJA"},{"bfs_id":5078,"rcp":"RCP2.6","period":"2060","key":"tas","value":8.9,"estimate":"q95","season":"SON"},{"bfs_id":5078,"rcp":"RCP2.6","period":"2085","key":"tas","value":-0.8,"estimate":"q5","season":"DJF"},{"bfs_id":5078,"rcp":"RCP2.6","period":"2085","key":"tas","value":5.7,"estimate":"q5","season":"MAM"},{"bfs_id":5078,"rcp":"RCP2.6","period":"2085","key":"tas","value":15.3,"estimate":"q5","season":"JJA"},{"bfs_id":5078,"rcp":"RCP2.6","period":"2085","key":"tas","value":7.4,"estimate":"q5","season":"SON"},{"bfs_id":5078,"rcp":"RCP2.6","period":"2085","key":"tas","value":-0.3,"estimate":"q50","season":"DJF"},{"bfs_id":5078,"rcp":"RCP2.6","period":"2085","key":"tas","value":6.3,"estimate":"q50","season":"MAM"},{"bfs_id":5078,"rcp":"RCP2.6","period":"2085","key":"tas","value":16.2,"estimate":"q50","season":"JJA"},{"bfs_id":5078,"rcp":"RCP2.6","period":"2085","key":"tas","value":8.1,"estimate":"q50","season":"SON"},{"bfs_id":5078,"rcp":"RCP2.6","period":"2085","key":"tas","value":0.3,"estimate":"q95","season":"DJF"},{"bfs_id":5078,"rcp":"RCP2.6","period":"2085","key":"tas","value":6.9,"estimate":"q95","season":"MAM"},{"bfs_id":5078,"rcp":"RCP2.6","period":"2085","key":"tas","value":16.9,"estimate":"q95","season":"JJA"},{"bfs_id":5078,"rcp":"RCP2.6","period":"2085","key":"tas","value":8.8,"estimate":"q95","season":"SON"},{"bfs_id":5078,"rcp":"RCP8.5","period":"2035","key":"tas","value":-0.8,"estimate":"q5","season":"DJF"},{"bfs_id":5078,"rcp":"RCP8.5","period":"2035","key":"tas","value":6,"estimate":"q5","season":"MAM"},{"bfs_id":5078,"rcp":"RCP8.5","period":"2035","key":"tas","value":15.7,"estimate":"q5","season":"JJA"},{"bfs_id":5078,"rcp":"RCP8.5","period":"2035","key":"tas","value":7.9,"estimate":"q5","season":"SON"},{"bfs_id":5078,"rcp":"RCP8.5","period":"2035","key":"tas","value":-0,"estimate":"q50","season":"DJF"},{"bfs_id":5078,"rcp":"RCP8.5","period":"2035","key":"tas","value":6.3,"estimate":"q50","season":"MAM"},{"bfs_id":5078,"rcp":"RCP8.5","period":"2035","key":"tas","value":16.5,"estimate":"q50","season":"JJA"},{"bfs_id":5078,"rcp":"RCP8.5","period":"2035","key":"tas","value":8.3,"estimate":"q50","season":"SON"},{"bfs_id":5078,"rcp":"RCP8.5","period":"2035","key":"tas","value":0.2,"estimate":"q95","season":"DJF"},{"bfs_id":5078,"rcp":"RCP8.5","period":"2035","key":"tas","value":7,"estimate":"q95","season":"MAM"},{"bfs_id":5078,"rcp":"RCP8.5","period":"2035","key":"tas","value":17.2,"estimate":"q95","season":"JJA"},{"bfs_id":5078,"rcp":"RCP8.5","period":"2035","key":"tas","value":8.9,"estimate":"q95","season":"SON"},{"bfs_id":5078,"rcp":"RCP8.5","period":"2060","key":"tas","value":0.4,"estimate":"q5","season":"DJF"},{"bfs_id":5078,"rcp":"RCP8.5","period":"2060","key":"tas","value":6.8,"estimate":"q5","season":"MAM"},{"bfs_id":5078,"rcp":"RCP8.5","period":"2060","key":"tas","value":16.8,"estimate":"q5","season":"JJA"},{"bfs_id":5078,"rcp":"RCP8.5","period":"2060","key":"tas","value":9,"estimate":"q5","season":"SON"},{"bfs_id":5078,"rcp":"RCP8.5","period":"2060","key":"tas","value":0.8,"estimate":"q50","season":"DJF"},{"bfs_id":5078,"rcp":"RCP8.5","period":"2060","key":"tas","value":7.6,"estimate":"q50","season":"MAM"},{"bfs_id":5078,"rcp":"RCP8.5","period":"2060","key":"tas","value":17.7,"estimate":"q50","season":"JJA"},{"bfs_id":5078,"rcp":"RCP8.5","period":"2060","key":"tas","value":9.7,"estimate":"q50","season":"SON"},{"bfs_id":5078,"rcp":"RCP8.5","period":"2060","key":"tas","value":1.4,"estimate":"q95","season":"DJF"},{"bfs_id":5078,"rcp":"RCP8.5","period":"2060","key":"tas","value":8.9,"estimate":"q95","season":"MAM"},{"bfs_id":5078,"rcp":"RCP8.5","period":"2060","key":"tas","value":19,"estimate":"q95","season":"JJA"},{"bfs_id":5078,"rcp":"RCP8.5","period":"2060","key":"tas","value":10.4,"estimate":"q95","season":"SON"},{"bfs_id":5078,"rcp":"RCP8.5","period":"2085","key":"tas","value":1.7,"estimate":"q5","season":"DJF"},{"bfs_id":5078,"rcp":"RCP8.5","period":"2085","key":"tas","value":8.2,"estimate":"q5","season":"MAM"},{"bfs_id":5078,"rcp":"RCP8.5","period":"2085","key":"tas","value":18.2,"estimate":"q5","season":"JJA"},{"bfs_id":5078,"rcp":"RCP8.5","period":"2085","key":"tas","value":10.3,"estimate":"q5","season":"SON"},{"bfs_id":5078,"rcp":"RCP8.5","period":"2085","key":"tas","value":2.5,"estimate":"q50","season":"DJF"},{"bfs_id":5078,"rcp":"RCP8.5","period":"2085","key":"tas","value":9.2,"estimate":"q50","season":"MAM"},{"bfs_id":5078,"rcp":"RCP8.5","period":"2085","key":"tas","value":19.6,"estimate":"q50","season":"JJA"},{"bfs_id":5078,"rcp":"RCP8.5","period":"2085","key":"tas","value":10.9,"estimate":"q50","season":"SON"},{"bfs_id":5078,"rcp":"RCP8.5","period":"2085","key":"tas","value":3.4,"estimate":"q95","season":"DJF"},{"bfs_id":5078,"rcp":"RCP8.5","period":"2085","key":"tas","value":11.3,"estimate":"q95","season":"MAM"},{"bfs_id":5078,"rcp":"RCP8.5","period":"2085","key":"tas","value":21.6,"estimate":"q95","season":"JJA"},{"bfs_id":5078,"rcp":"RCP8.5","period":"2085","key":"tas","value":12.4,"estimate":"q95","season":"SON"},{"bfs_id":5078,"rcp":"obs","period":"1981-2010","key":"FD","value":134.2,"estimate":"yearly_mean"},{"bfs_id":5078,"rcp":"obs","period":"1981-2010","key":"HD","value":0.1,"estimate":"yearly_mean"},{"bfs_id":5078,"rcp":"obs","period":"1981-2010","key":"ID","value":34.2,"estimate":"yearly_mean"},{"bfs_id":5078,"rcp":"obs","period":"1981-2010","key":"SD","value":5.1,"estimate":"yearly_mean"},{"bfs_id":5078,"rcp":"obs","period":"1981-2010","key":"snowdays","value":32.4,"estimate":"yearly_mean"},{"bfs_id":5078,"rcp":"obs","period":"1981-2010","key":"TN","value":0,"estimate":"yearly_mean"},{"bfs_id":5078,"rcp":"obs","period":"1981-2010","key":"pr","value":2.2,"estimate":"mean","season":"DJF"},{"bfs_id":5078,"rcp":"obs","period":"1981-2010","key":"pr","value":4,"estimate":"mean","season":"MAM"},{"bfs_id":5078,"rcp":"obs","period":"1981-2010","key":"pr","value":4.5,"estimate":"mean","season":"JJA"},{"bfs_id":5078,"rcp":"obs","period":"1981-2010","key":"pr","value":4.8,"estimate":"mean","season":"SON"},{"bfs_id":5078,"rcp":"obs","period":"1981-2010","key":"tas","value":-1.4,"estimate":"mean","season":"DJF"},{"bfs_id":5078,"rcp":"obs","period":"1981-2010","key":"tas","value":5.6,"estimate":"mean","season":"MAM"},{"bfs_id":5078,"rcp":"obs","period":"1981-2010","key":"tas","value":14.6,"estimate":"mean","season":"JJA"},{"bfs_id":5078,"rcp":"obs","period":"1981-2010","key":"tas","value":6.8,"estimate":"mean","season":"SON"}]
