[{"bfs_id":5131,"rcp":"RCP2.6","period":"2035","key":"FD","value":20.2,"estimate":"q5"},{"bfs_id":5131,"rcp":"RCP2.6","period":"2035","key":"FD","value":25.1,"estimate":"q50"},{"bfs_id":5131,"rcp":"RCP2.6","period":"2035","key":"FD","value":34.1,"estimate":"q95"},{"bfs_id":5131,"rcp":"RCP2.6","period":"2060","key":"FD","value":19.5,"estimate":"q5"},{"bfs_id":5131,"rcp":"RCP2.6","period":"2060","key":"FD","value":24.9,"estimate":"q50"},{"bfs_id":5131,"rcp":"RCP2.6","period":"2060","key":"FD","value":31.9,"estimate":"q95"},{"bfs_id":5131,"rcp":"RCP2.6","period":"2085","key":"FD","value":18.8,"estimate":"q5"},{"bfs_id":5131,"rcp":"RCP2.6","period":"2085","key":"FD","value":26,"estimate":"q50"},{"bfs_id":5131,"rcp":"RCP2.6","period":"2085","key":"FD","value":31,"estimate":"q95"},{"bfs_id":5131,"rcp":"RCP8.5","period":"2035","key":"FD","value":14.2,"estimate":"q5"},{"bfs_id":5131,"rcp":"RCP8.5","period":"2035","key":"FD","value":23.1,"estimate":"q50"},{"bfs_id":5131,"rcp":"RCP8.5","period":"2035","key":"FD","value":29.1,"estimate":"q95"},{"bfs_id":5131,"rcp":"RCP8.5","period":"2060","key":"FD","value":7.8,"estimate":"q5"},{"bfs_id":5131,"rcp":"RCP8.5","period":"2060","key":"FD","value":16,"estimate":"q50"},{"bfs_id":5131,"rcp":"RCP8.5","period":"2060","key":"FD","value":20.2,"estimate":"q95"},{"bfs_id":5131,"rcp":"RCP8.5","period":"2085","key":"FD","value":1.5,"estimate":"q5"},{"bfs_id":5131,"rcp":"RCP8.5","period":"2085","key":"FD","value":6.2,"estimate":"q50"},{"bfs_id":5131,"rcp":"RCP8.5","period":"2085","key":"FD","value":9.8,"estimate":"q95"},{"bfs_id":5131,"rcp":"RCP2.6","period":"2035","key":"HD","value":12.4,"estimate":"q5"},{"bfs_id":5131,"rcp":"RCP2.6","period":"2035","key":"HD","value":17.2,"estimate":"q50"},{"bfs_id":5131,"rcp":"RCP2.6","period":"2035","key":"HD","value":22.7,"estimate":"q95"},{"bfs_id":5131,"rcp":"RCP2.6","period":"2060","key":"HD","value":12.7,"estimate":"q5"},{"bfs_id":5131,"rcp":"RCP2.6","period":"2060","key":"HD","value":17.6,"estimate":"q50"},{"bfs_id":5131,"rcp":"RCP2.6","period":"2060","key":"HD","value":26.1,"estimate":"q95"},{"bfs_id":5131,"rcp":"RCP2.6","period":"2085","key":"HD","value":13,"estimate":"q5"},{"bfs_id":5131,"rcp":"RCP2.6","period":"2085","key":"HD","value":16.7,"estimate":"q50"},{"bfs_id":5131,"rcp":"RCP2.6","period":"2085","key":"HD","value":25.3,"estimate":"q95"},{"bfs_id":5131,"rcp":"RCP8.5","period":"2035","key":"HD","value":14.9,"estimate":"q5"},{"bfs_id":5131,"rcp":"RCP8.5","period":"2035","key":"HD","value":18.7,"estimate":"q50"},{"bfs_id":5131,"rcp":"RCP8.5","period":"2035","key":"HD","value":25.6,"estimate":"q95"},{"bfs_id":5131,"rcp":"RCP8.5","period":"2060","key":"HD","value":24.9,"estimate":"q5"},{"bfs_id":5131,"rcp":"RCP8.5","period":"2060","key":"HD","value":34.5,"estimate":"q50"},{"bfs_id":5131,"rcp":"RCP8.5","period":"2060","key":"HD","value":43.8,"estimate":"q95"},{"bfs_id":5131,"rcp":"RCP8.5","period":"2085","key":"HD","value":43.4,"estimate":"q5"},{"bfs_id":5131,"rcp":"RCP8.5","period":"2085","key":"HD","value":58.4,"estimate":"q50"},{"bfs_id":5131,"rcp":"RCP8.5","period":"2085","key":"HD","value":65.6,"estimate":"q95"},{"bfs_id":5131,"rcp":"RCP2.6","period":"2035","key":"ID","value":0.1,"estimate":"q5"},{"bfs_id":5131,"rcp":"RCP2.6","period":"2035","key":"ID","value":0.3,"estimate":"q50"},{"bfs_id":5131,"rcp":"RCP2.6","period":"2035","key":"ID","value":1,"estimate":"q95"},{"bfs_id":5131,"rcp":"RCP2.6","period":"2060","key":"ID","value":0,"estimate":"q5"},{"bfs_id":5131,"rcp":"RCP2.6","period":"2060","key":"ID","value":0.3,"estimate":"q50"},{"bfs_id":5131,"rcp":"RCP2.6","period":"2060","key":"ID","value":0.5,"estimate":"q95"},{"bfs_id":5131,"rcp":"RCP2.6","period":"2085","key":"ID","value":0.1,"estimate":"q5"},{"bfs_id":5131,"rcp":"RCP2.6","period":"2085","key":"ID","value":0.3,"estimate":"q50"},{"bfs_id":5131,"rcp":"RCP2.6","period":"2085","key":"ID","value":0.8,"estimate":"q95"},{"bfs_id":5131,"rcp":"RCP8.5","period":"2035","key":"ID","value":0.1,"estimate":"q5"},{"bfs_id":5131,"rcp":"RCP8.5","period":"2035","key":"ID","value":0.4,"estimate":"q50"},{"bfs_id":5131,"rcp":"RCP8.5","period":"2035","key":"ID","value":0.7,"estimate":"q95"},{"bfs_id":5131,"rcp":"RCP8.5","period":"2060","key":"ID","value":0,"estimate":"q5"},{"bfs_id":5131,"rcp":"RCP8.5","period":"2060","key":"ID","value":0.1,"estimate":"q50"},{"bfs_id":5131,"rcp":"RCP8.5","period":"2060","key":"ID","value":0.4,"estimate":"q95"},{"bfs_id":5131,"rcp":"RCP8.5","period":"2085","key":"ID","value":0,"estimate":"q5"},{"bfs_id":5131,"rcp":"RCP8.5","period":"2085","key":"ID","value":0,"estimate":"q50"},{"bfs_id":5131,"rcp":"RCP8.5","period":"2085","key":"ID","value":0.1,"estimate":"q95"},{"bfs_id":5131,"rcp":"RCP2.6","period":"2035","key":"SD","value":78.2,"estimate":"q5"},{"bfs_id":5131,"rcp":"RCP2.6","period":"2035","key":"SD","value":83.1,"estimate":"q50"},{"bfs_id":5131,"rcp":"RCP2.6","period":"2035","key":"SD","value":91.5,"estimate":"q95"},{"bfs_id":5131,"rcp":"RCP2.6","period":"2060","key":"SD","value":79.3,"estimate":"q5"},{"bfs_id":5131,"rcp":"RCP2.6","period":"2060","key":"SD","value":84.9,"estimate":"q50"},{"bfs_id":5131,"rcp":"RCP2.6","period":"2060","key":"SD","value":93.4,"estimate":"q95"},{"bfs_id":5131,"rcp":"RCP2.6","period":"2085","key":"SD","value":78.9,"estimate":"q5"},{"bfs_id":5131,"rcp":"RCP2.6","period":"2085","key":"SD","value":84.5,"estimate":"q50"},{"bfs_id":5131,"rcp":"RCP2.6","period":"2085","key":"SD","value":93.8,"estimate":"q95"},{"bfs_id":5131,"rcp":"RCP8.5","period":"2035","key":"SD","value":84.1,"estimate":"q5"},{"bfs_id":5131,"rcp":"RCP8.5","period":"2035","key":"SD","value":87,"estimate":"q50"},{"bfs_id":5131,"rcp":"RCP8.5","period":"2035","key":"SD","value":93.8,"estimate":"q95"},{"bfs_id":5131,"rcp":"RCP8.5","period":"2060","key":"SD","value":99.3,"estimate":"q5"},{"bfs_id":5131,"rcp":"RCP8.5","period":"2060","key":"SD","value":105.1,"estimate":"q50"},{"bfs_id":5131,"rcp":"RCP8.5","period":"2060","key":"SD","value":114.5,"estimate":"q95"},{"bfs_id":5131,"rcp":"RCP8.5","period":"2085","key":"SD","value":117,"estimate":"q5"},{"bfs_id":5131,"rcp":"RCP8.5","period":"2085","key":"SD","value":128,"estimate":"q50"},{"bfs_id":5131,"rcp":"RCP8.5","period":"2085","key":"SD","value":137.1,"estimate":"q95"},{"bfs_id":5131,"rcp":"RCP2.6","period":"2035","key":"snowdays","value":0.5,"estimate":"q5"},{"bfs_id":5131,"rcp":"RCP2.6","period":"2035","key":"snowdays","value":1.2,"estimate":"q50"},{"bfs_id":5131,"rcp":"RCP2.6","period":"2035","key":"snowdays","value":2,"estimate":"q95"},{"bfs_id":5131,"rcp":"RCP2.6","period":"2060","key":"snowdays","value":0.3,"estimate":"q5"},{"bfs_id":5131,"rcp":"RCP2.6","period":"2060","key":"snowdays","value":1.1,"estimate":"q50"},{"bfs_id":5131,"rcp":"RCP2.6","period":"2060","key":"snowdays","value":1.9,"estimate":"q95"},{"bfs_id":5131,"rcp":"RCP2.6","period":"2085","key":"snowdays","value":0.3,"estimate":"q5"},{"bfs_id":5131,"rcp":"RCP2.6","period":"2085","key":"snowdays","value":1.2,"estimate":"q50"},{"bfs_id":5131,"rcp":"RCP2.6","period":"2085","key":"snowdays","value":1.9,"estimate":"q95"},{"bfs_id":5131,"rcp":"RCP8.5","period":"2035","key":"snowdays","value":0.4,"estimate":"q5"},{"bfs_id":5131,"rcp":"RCP8.5","period":"2035","key":"snowdays","value":1,"estimate":"q50"},{"bfs_id":5131,"rcp":"RCP8.5","period":"2035","key":"snowdays","value":1.6,"estimate":"q95"},{"bfs_id":5131,"rcp":"RCP8.5","period":"2060","key":"snowdays","value":0.2,"estimate":"q5"},{"bfs_id":5131,"rcp":"RCP8.5","period":"2060","key":"snowdays","value":0.6,"estimate":"q50"},{"bfs_id":5131,"rcp":"RCP8.5","period":"2060","key":"snowdays","value":1.1,"estimate":"q95"},{"bfs_id":5131,"rcp":"RCP8.5","period":"2085","key":"snowdays","value":0,"estimate":"q5"},{"bfs_id":5131,"rcp":"RCP8.5","period":"2085","key":"snowdays","value":0.2,"estimate":"q50"},{"bfs_id":5131,"rcp":"RCP8.5","period":"2085","key":"snowdays","value":0.4,"estimate":"q95"},{"bfs_id":5131,"rcp":"RCP2.6","period":"2035","key":"TN","value":11.1,"estimate":"q5"},{"bfs_id":5131,"rcp":"RCP2.6","period":"2035","key":"TN","value":16,"estimate":"q50"},{"bfs_id":5131,"rcp":"RCP2.6","period":"2035","key":"TN","value":20.9,"estimate":"q95"},{"bfs_id":5131,"rcp":"RCP2.6","period":"2060","key":"TN","value":13,"estimate":"q5"},{"bfs_id":5131,"rcp":"RCP2.6","period":"2060","key":"TN","value":16.8,"estimate":"q50"},{"bfs_id":5131,"rcp":"RCP2.6","period":"2060","key":"TN","value":23.3,"estimate":"q95"},{"bfs_id":5131,"rcp":"RCP2.6","period":"2085","key":"TN","value":12.5,"estimate":"q5"},{"bfs_id":5131,"rcp":"RCP2.6","period":"2085","key":"TN","value":17.1,"estimate":"q50"},{"bfs_id":5131,"rcp":"RCP2.6","period":"2085","key":"TN","value":22.3,"estimate":"q95"},{"bfs_id":5131,"rcp":"RCP8.5","period":"2035","key":"TN","value":14.6,"estimate":"q5"},{"bfs_id":5131,"rcp":"RCP8.5","period":"2035","key":"TN","value":18.9,"estimate":"q50"},{"bfs_id":5131,"rcp":"RCP8.5","period":"2035","key":"TN","value":26.5,"estimate":"q95"},{"bfs_id":5131,"rcp":"RCP8.5","period":"2060","key":"TN","value":27.8,"estimate":"q5"},{"bfs_id":5131,"rcp":"RCP8.5","period":"2060","key":"TN","value":36.6,"estimate":"q50"},{"bfs_id":5131,"rcp":"RCP8.5","period":"2060","key":"TN","value":48.6,"estimate":"q95"},{"bfs_id":5131,"rcp":"RCP8.5","period":"2085","key":"TN","value":48.6,"estimate":"q5"},{"bfs_id":5131,"rcp":"RCP8.5","period":"2085","key":"TN","value":60.6,"estimate":"q50"},{"bfs_id":5131,"rcp":"RCP8.5","period":"2085","key":"TN","value":83.7,"estimate":"q95"},{"bfs_id":5131,"rcp":"RCP2.6","period":"2035","key":"pr","value":2.1,"estimate":"q5","season":"DJF"},{"bfs_id":5131,"rcp":"RCP2.6","period":"2035","key":"pr","value":4.5,"estimate":"q5","season":"MAM"},{"bfs_id":5131,"rcp":"RCP2.6","period":"2035","key":"pr","value":4.1,"estimate":"q5","season":"JJA"},{"bfs_id":5131,"rcp":"RCP2.6","period":"2035","key":"pr","value":4.8,"estimate":"q5","season":"SON"},{"bfs_id":5131,"rcp":"RCP2.6","period":"2035","key":"pr","value":2.7,"estimate":"q50","season":"DJF"},{"bfs_id":5131,"rcp":"RCP2.6","period":"2035","key":"pr","value":5.1,"estimate":"q50","season":"MAM"},{"bfs_id":5131,"rcp":"RCP2.6","period":"2035","key":"pr","value":5.2,"estimate":"q50","season":"JJA"},{"bfs_id":5131,"rcp":"RCP2.6","period":"2035","key":"pr","value":5.9,"estimate":"q50","season":"SON"},{"bfs_id":5131,"rcp":"RCP2.6","period":"2035","key":"pr","value":3,"estimate":"q95","season":"DJF"},{"bfs_id":5131,"rcp":"RCP2.6","period":"2035","key":"pr","value":6.1,"estimate":"q95","season":"MAM"},{"bfs_id":5131,"rcp":"RCP2.6","period":"2035","key":"pr","value":6,"estimate":"q95","season":"JJA"},{"bfs_id":5131,"rcp":"RCP2.6","period":"2035","key":"pr","value":6.9,"estimate":"q95","season":"SON"},{"bfs_id":5131,"rcp":"RCP2.6","period":"2060","key":"pr","value":2.2,"estimate":"q5","season":"DJF"},{"bfs_id":5131,"rcp":"RCP2.6","period":"2060","key":"pr","value":4.5,"estimate":"q5","season":"MAM"},{"bfs_id":5131,"rcp":"RCP2.6","period":"2060","key":"pr","value":4.4,"estimate":"q5","season":"JJA"},{"bfs_id":5131,"rcp":"RCP2.6","period":"2060","key":"pr","value":4.9,"estimate":"q5","season":"SON"},{"bfs_id":5131,"rcp":"RCP2.6","period":"2060","key":"pr","value":2.8,"estimate":"q50","season":"DJF"},{"bfs_id":5131,"rcp":"RCP2.6","period":"2060","key":"pr","value":5.2,"estimate":"q50","season":"MAM"},{"bfs_id":5131,"rcp":"RCP2.6","period":"2060","key":"pr","value":5.2,"estimate":"q50","season":"JJA"},{"bfs_id":5131,"rcp":"RCP2.6","period":"2060","key":"pr","value":5.9,"estimate":"q50","season":"SON"},{"bfs_id":5131,"rcp":"RCP2.6","period":"2060","key":"pr","value":3.5,"estimate":"q95","season":"DJF"},{"bfs_id":5131,"rcp":"RCP2.6","period":"2060","key":"pr","value":6.2,"estimate":"q95","season":"MAM"},{"bfs_id":5131,"rcp":"RCP2.6","period":"2060","key":"pr","value":6.1,"estimate":"q95","season":"JJA"},{"bfs_id":5131,"rcp":"RCP2.6","period":"2060","key":"pr","value":6.6,"estimate":"q95","season":"SON"},{"bfs_id":5131,"rcp":"RCP2.6","period":"2085","key":"pr","value":2.1,"estimate":"q5","season":"DJF"},{"bfs_id":5131,"rcp":"RCP2.6","period":"2085","key":"pr","value":4.7,"estimate":"q5","season":"MAM"},{"bfs_id":5131,"rcp":"RCP2.6","period":"2085","key":"pr","value":4.4,"estimate":"q5","season":"JJA"},{"bfs_id":5131,"rcp":"RCP2.6","period":"2085","key":"pr","value":4.8,"estimate":"q5","season":"SON"},{"bfs_id":5131,"rcp":"RCP2.6","period":"2085","key":"pr","value":2.8,"estimate":"q50","season":"DJF"},{"bfs_id":5131,"rcp":"RCP2.6","period":"2085","key":"pr","value":5.2,"estimate":"q50","season":"MAM"},{"bfs_id":5131,"rcp":"RCP2.6","period":"2085","key":"pr","value":5.3,"estimate":"q50","season":"JJA"},{"bfs_id":5131,"rcp":"RCP2.6","period":"2085","key":"pr","value":5.6,"estimate":"q50","season":"SON"},{"bfs_id":5131,"rcp":"RCP2.6","period":"2085","key":"pr","value":3.5,"estimate":"q95","season":"DJF"},{"bfs_id":5131,"rcp":"RCP2.6","period":"2085","key":"pr","value":6.1,"estimate":"q95","season":"MAM"},{"bfs_id":5131,"rcp":"RCP2.6","period":"2085","key":"pr","value":6.1,"estimate":"q95","season":"JJA"},{"bfs_id":5131,"rcp":"RCP2.6","period":"2085","key":"pr","value":6.6,"estimate":"q95","season":"SON"},{"bfs_id":5131,"rcp":"RCP8.5","period":"2035","key":"pr","value":2.2,"estimate":"q5","season":"DJF"},{"bfs_id":5131,"rcp":"RCP8.5","period":"2035","key":"pr","value":4.7,"estimate":"q5","season":"MAM"},{"bfs_id":5131,"rcp":"RCP8.5","period":"2035","key":"pr","value":4.4,"estimate":"q5","season":"JJA"},{"bfs_id":5131,"rcp":"RCP8.5","period":"2035","key":"pr","value":4.9,"estimate":"q5","season":"SON"},{"bfs_id":5131,"rcp":"RCP8.5","period":"2035","key":"pr","value":2.7,"estimate":"q50","season":"DJF"},{"bfs_id":5131,"rcp":"RCP8.5","period":"2035","key":"pr","value":5.4,"estimate":"q50","season":"MAM"},{"bfs_id":5131,"rcp":"RCP8.5","period":"2035","key":"pr","value":5.1,"estimate":"q50","season":"JJA"},{"bfs_id":5131,"rcp":"RCP8.5","period":"2035","key":"pr","value":5.5,"estimate":"q50","season":"SON"},{"bfs_id":5131,"rcp":"RCP8.5","period":"2035","key":"pr","value":3,"estimate":"q95","season":"DJF"},{"bfs_id":5131,"rcp":"RCP8.5","period":"2035","key":"pr","value":6.1,"estimate":"q95","season":"MAM"},{"bfs_id":5131,"rcp":"RCP8.5","period":"2035","key":"pr","value":6,"estimate":"q95","season":"JJA"},{"bfs_id":5131,"rcp":"RCP8.5","period":"2035","key":"pr","value":6.5,"estimate":"q95","season":"SON"},{"bfs_id":5131,"rcp":"RCP8.5","period":"2060","key":"pr","value":2,"estimate":"q5","season":"DJF"},{"bfs_id":5131,"rcp":"RCP8.5","period":"2060","key":"pr","value":4.7,"estimate":"q5","season":"MAM"},{"bfs_id":5131,"rcp":"RCP8.5","period":"2060","key":"pr","value":3.6,"estimate":"q5","season":"JJA"},{"bfs_id":5131,"rcp":"RCP8.5","period":"2060","key":"pr","value":5.1,"estimate":"q5","season":"SON"},{"bfs_id":5131,"rcp":"RCP8.5","period":"2060","key":"pr","value":2.9,"estimate":"q50","season":"DJF"},{"bfs_id":5131,"rcp":"RCP8.5","period":"2060","key":"pr","value":5.6,"estimate":"q50","season":"MAM"},{"bfs_id":5131,"rcp":"RCP8.5","period":"2060","key":"pr","value":4.7,"estimate":"q50","season":"JJA"},{"bfs_id":5131,"rcp":"RCP8.5","period":"2060","key":"pr","value":5.6,"estimate":"q50","season":"SON"},{"bfs_id":5131,"rcp":"RCP8.5","period":"2060","key":"pr","value":3.3,"estimate":"q95","season":"DJF"},{"bfs_id":5131,"rcp":"RCP8.5","period":"2060","key":"pr","value":6.2,"estimate":"q95","season":"MAM"},{"bfs_id":5131,"rcp":"RCP8.5","period":"2060","key":"pr","value":6.1,"estimate":"q95","season":"JJA"},{"bfs_id":5131,"rcp":"RCP8.5","period":"2060","key":"pr","value":6.4,"estimate":"q95","season":"SON"},{"bfs_id":5131,"rcp":"RCP8.5","period":"2085","key":"pr","value":2.7,"estimate":"q5","season":"DJF"},{"bfs_id":5131,"rcp":"RCP8.5","period":"2085","key":"pr","value":4.7,"estimate":"q5","season":"MAM"},{"bfs_id":5131,"rcp":"RCP8.5","period":"2085","key":"pr","value":2.9,"estimate":"q5","season":"JJA"},{"bfs_id":5131,"rcp":"RCP8.5","period":"2085","key":"pr","value":4.5,"estimate":"q5","season":"SON"},{"bfs_id":5131,"rcp":"RCP8.5","period":"2085","key":"pr","value":3.2,"estimate":"q50","season":"DJF"},{"bfs_id":5131,"rcp":"RCP8.5","period":"2085","key":"pr","value":5.6,"estimate":"q50","season":"MAM"},{"bfs_id":5131,"rcp":"RCP8.5","period":"2085","key":"pr","value":3.9,"estimate":"q50","season":"JJA"},{"bfs_id":5131,"rcp":"RCP8.5","period":"2085","key":"pr","value":5.7,"estimate":"q50","season":"SON"},{"bfs_id":5131,"rcp":"RCP8.5","period":"2085","key":"pr","value":4,"estimate":"q95","season":"DJF"},{"bfs_id":5131,"rcp":"RCP8.5","period":"2085","key":"pr","value":6,"estimate":"q95","season":"MAM"},{"bfs_id":5131,"rcp":"RCP8.5","period":"2085","key":"pr","value":5.5,"estimate":"q95","season":"JJA"},{"bfs_id":5131,"rcp":"RCP8.5","period":"2085","key":"pr","value":6.4,"estimate":"q95","season":"SON"},{"bfs_id":5131,"rcp":"RCP2.6","period":"2035","key":"tas","value":4.3,"estimate":"q5","season":"DJF"},{"bfs_id":5131,"rcp":"RCP2.6","period":"2035","key":"tas","value":12,"estimate":"q5","season":"MAM"},{"bfs_id":5131,"rcp":"RCP2.6","period":"2035","key":"tas","value":21.2,"estimate":"q5","season":"JJA"},{"bfs_id":5131,"rcp":"RCP2.6","period":"2035","key":"tas","value":12.7,"estimate":"q5","season":"SON"},{"bfs_id":5131,"rcp":"RCP2.6","period":"2035","key":"tas","value":4.8,"estimate":"q50","season":"DJF"},{"bfs_id":5131,"rcp":"RCP2.6","period":"2035","key":"tas","value":12.6,"estimate":"q50","season":"MAM"},{"bfs_id":5131,"rcp":"RCP2.6","period":"2035","key":"tas","value":21.9,"estimate":"q50","season":"JJA"},{"bfs_id":5131,"rcp":"RCP2.6","period":"2035","key":"tas","value":13.1,"estimate":"q50","season":"SON"},{"bfs_id":5131,"rcp":"RCP2.6","period":"2035","key":"tas","value":5.4,"estimate":"q95","season":"DJF"},{"bfs_id":5131,"rcp":"RCP2.6","period":"2035","key":"tas","value":12.9,"estimate":"q95","season":"MAM"},{"bfs_id":5131,"rcp":"RCP2.6","period":"2035","key":"tas","value":22.5,"estimate":"q95","season":"JJA"},{"bfs_id":5131,"rcp":"RCP2.6","period":"2035","key":"tas","value":13.8,"estimate":"q95","season":"SON"},{"bfs_id":5131,"rcp":"RCP2.6","period":"2060","key":"tas","value":4.3,"estimate":"q5","season":"DJF"},{"bfs_id":5131,"rcp":"RCP2.6","period":"2060","key":"tas","value":12.1,"estimate":"q5","season":"MAM"},{"bfs_id":5131,"rcp":"RCP2.6","period":"2060","key":"tas","value":21.5,"estimate":"q5","season":"JJA"},{"bfs_id":5131,"rcp":"RCP2.6","period":"2060","key":"tas","value":13.1,"estimate":"q5","season":"SON"},{"bfs_id":5131,"rcp":"RCP2.6","period":"2060","key":"tas","value":5,"estimate":"q50","season":"DJF"},{"bfs_id":5131,"rcp":"RCP2.6","period":"2060","key":"tas","value":12.6,"estimate":"q50","season":"MAM"},{"bfs_id":5131,"rcp":"RCP2.6","period":"2060","key":"tas","value":22,"estimate":"q50","season":"JJA"},{"bfs_id":5131,"rcp":"RCP2.6","period":"2060","key":"tas","value":13.4,"estimate":"q50","season":"SON"},{"bfs_id":5131,"rcp":"RCP2.6","period":"2060","key":"tas","value":5.5,"estimate":"q95","season":"DJF"},{"bfs_id":5131,"rcp":"RCP2.6","period":"2060","key":"tas","value":13,"estimate":"q95","season":"MAM"},{"bfs_id":5131,"rcp":"RCP2.6","period":"2060","key":"tas","value":22.8,"estimate":"q95","season":"JJA"},{"bfs_id":5131,"rcp":"RCP2.6","period":"2060","key":"tas","value":14.2,"estimate":"q95","season":"SON"},{"bfs_id":5131,"rcp":"RCP2.6","period":"2085","key":"tas","value":4.5,"estimate":"q5","season":"DJF"},{"bfs_id":5131,"rcp":"RCP2.6","period":"2085","key":"tas","value":12.1,"estimate":"q5","season":"MAM"},{"bfs_id":5131,"rcp":"RCP2.6","period":"2085","key":"tas","value":21.4,"estimate":"q5","season":"JJA"},{"bfs_id":5131,"rcp":"RCP2.6","period":"2085","key":"tas","value":12.8,"estimate":"q5","season":"SON"},{"bfs_id":5131,"rcp":"RCP2.6","period":"2085","key":"tas","value":5,"estimate":"q50","season":"DJF"},{"bfs_id":5131,"rcp":"RCP2.6","period":"2085","key":"tas","value":12.6,"estimate":"q50","season":"MAM"},{"bfs_id":5131,"rcp":"RCP2.6","period":"2085","key":"tas","value":22,"estimate":"q50","season":"JJA"},{"bfs_id":5131,"rcp":"RCP2.6","period":"2085","key":"tas","value":13.3,"estimate":"q50","season":"SON"},{"bfs_id":5131,"rcp":"RCP2.6","period":"2085","key":"tas","value":5.6,"estimate":"q95","season":"DJF"},{"bfs_id":5131,"rcp":"RCP2.6","period":"2085","key":"tas","value":13,"estimate":"q95","season":"MAM"},{"bfs_id":5131,"rcp":"RCP2.6","period":"2085","key":"tas","value":22.7,"estimate":"q95","season":"JJA"},{"bfs_id":5131,"rcp":"RCP2.6","period":"2085","key":"tas","value":14.1,"estimate":"q95","season":"SON"},{"bfs_id":5131,"rcp":"RCP8.5","period":"2035","key":"tas","value":4.5,"estimate":"q5","season":"DJF"},{"bfs_id":5131,"rcp":"RCP8.5","period":"2035","key":"tas","value":12.3,"estimate":"q5","season":"MAM"},{"bfs_id":5131,"rcp":"RCP8.5","period":"2035","key":"tas","value":21.7,"estimate":"q5","season":"JJA"},{"bfs_id":5131,"rcp":"RCP8.5","period":"2035","key":"tas","value":13.1,"estimate":"q5","season":"SON"},{"bfs_id":5131,"rcp":"RCP8.5","period":"2035","key":"tas","value":5.2,"estimate":"q50","season":"DJF"},{"bfs_id":5131,"rcp":"RCP8.5","period":"2035","key":"tas","value":12.6,"estimate":"q50","season":"MAM"},{"bfs_id":5131,"rcp":"RCP8.5","period":"2035","key":"tas","value":22.3,"estimate":"q50","season":"JJA"},{"bfs_id":5131,"rcp":"RCP8.5","period":"2035","key":"tas","value":13.5,"estimate":"q50","season":"SON"},{"bfs_id":5131,"rcp":"RCP8.5","period":"2035","key":"tas","value":5.7,"estimate":"q95","season":"DJF"},{"bfs_id":5131,"rcp":"RCP8.5","period":"2035","key":"tas","value":13.1,"estimate":"q95","season":"MAM"},{"bfs_id":5131,"rcp":"RCP8.5","period":"2035","key":"tas","value":22.6,"estimate":"q95","season":"JJA"},{"bfs_id":5131,"rcp":"RCP8.5","period":"2035","key":"tas","value":14.2,"estimate":"q95","season":"SON"},{"bfs_id":5131,"rcp":"RCP8.5","period":"2060","key":"tas","value":5.6,"estimate":"q5","season":"DJF"},{"bfs_id":5131,"rcp":"RCP8.5","period":"2060","key":"tas","value":13.2,"estimate":"q5","season":"MAM"},{"bfs_id":5131,"rcp":"RCP8.5","period":"2060","key":"tas","value":22.7,"estimate":"q5","season":"JJA"},{"bfs_id":5131,"rcp":"RCP8.5","period":"2060","key":"tas","value":14.2,"estimate":"q5","season":"SON"},{"bfs_id":5131,"rcp":"RCP8.5","period":"2060","key":"tas","value":6.1,"estimate":"q50","season":"DJF"},{"bfs_id":5131,"rcp":"RCP8.5","period":"2060","key":"tas","value":13.7,"estimate":"q50","season":"MAM"},{"bfs_id":5131,"rcp":"RCP8.5","period":"2060","key":"tas","value":23.4,"estimate":"q50","season":"JJA"},{"bfs_id":5131,"rcp":"RCP8.5","period":"2060","key":"tas","value":14.8,"estimate":"q50","season":"SON"},{"bfs_id":5131,"rcp":"RCP8.5","period":"2060","key":"tas","value":6.7,"estimate":"q95","season":"DJF"},{"bfs_id":5131,"rcp":"RCP8.5","period":"2060","key":"tas","value":14.6,"estimate":"q95","season":"MAM"},{"bfs_id":5131,"rcp":"RCP8.5","period":"2060","key":"tas","value":24.3,"estimate":"q95","season":"JJA"},{"bfs_id":5131,"rcp":"RCP8.5","period":"2060","key":"tas","value":15.4,"estimate":"q95","season":"SON"},{"bfs_id":5131,"rcp":"RCP8.5","period":"2085","key":"tas","value":7,"estimate":"q5","season":"DJF"},{"bfs_id":5131,"rcp":"RCP8.5","period":"2085","key":"tas","value":14.4,"estimate":"q5","season":"MAM"},{"bfs_id":5131,"rcp":"RCP8.5","period":"2085","key":"tas","value":24.3,"estimate":"q5","season":"JJA"},{"bfs_id":5131,"rcp":"RCP8.5","period":"2085","key":"tas","value":15.6,"estimate":"q5","season":"SON"},{"bfs_id":5131,"rcp":"RCP8.5","period":"2085","key":"tas","value":7.7,"estimate":"q50","season":"DJF"},{"bfs_id":5131,"rcp":"RCP8.5","period":"2085","key":"tas","value":15.1,"estimate":"q50","season":"MAM"},{"bfs_id":5131,"rcp":"RCP8.5","period":"2085","key":"tas","value":25,"estimate":"q50","season":"JJA"},{"bfs_id":5131,"rcp":"RCP8.5","period":"2085","key":"tas","value":16.2,"estimate":"q50","season":"SON"},{"bfs_id":5131,"rcp":"RCP8.5","period":"2085","key":"tas","value":8.5,"estimate":"q95","season":"DJF"},{"bfs_id":5131,"rcp":"RCP8.5","period":"2085","key":"tas","value":16.4,"estimate":"q95","season":"MAM"},{"bfs_id":5131,"rcp":"RCP8.5","period":"2085","key":"tas","value":26.3,"estimate":"q95","season":"JJA"},{"bfs_id":5131,"rcp":"RCP8.5","period":"2085","key":"tas","value":17.4,"estimate":"q95","season":"SON"},{"bfs_id":5131,"rcp":"obs","period":"1981-2010","key":"FD","value":38.1,"estimate":"yearly_mean"},{"bfs_id":5131,"rcp":"obs","period":"1981-2010","key":"HD","value":8.6,"estimate":"yearly_mean"},{"bfs_id":5131,"rcp":"obs","period":"1981-2010","key":"ID","value":0.9,"estimate":"yearly_mean"},{"bfs_id":5131,"rcp":"obs","period":"1981-2010","key":"SD","value":68,"estimate":"yearly_mean"},{"bfs_id":5131,"rcp":"obs","period":"1981-2010","key":"snowdays","value":6.7,"estimate":"yearly_mean"},{"bfs_id":5131,"rcp":"obs","period":"1981-2010","key":"TN","value":6.2,"estimate":"yearly_mean"},{"bfs_id":5131,"rcp":"obs","period":"1981-2010","key":"pr","value":2.2,"estimate":"mean","season":"DJF"},{"bfs_id":5131,"rcp":"obs","period":"1981-2010","key":"pr","value":5.1,"estimate":"mean","season":"MAM"},{"bfs_id":5131,"rcp":"obs","period":"1981-2010","key":"pr","value":5.8,"estimate":"mean","season":"JJA"},{"bfs_id":5131,"rcp":"obs","period":"1981-2010","key":"pr","value":6.1,"estimate":"mean","season":"SON"},{"bfs_id":5131,"rcp":"obs","period":"1981-2010","key":"tas","value":3.7,"estimate":"mean","season":"DJF"},{"bfs_id":5131,"rcp":"obs","period":"1981-2010","key":"tas","value":11.9,"estimate":"mean","season":"MAM"},{"bfs_id":5131,"rcp":"obs","period":"1981-2010","key":"tas","value":20.7,"estimate":"mean","season":"JJA"},{"bfs_id":5131,"rcp":"obs","period":"1981-2010","key":"tas","value":12.1,"estimate":"mean","season":"SON"}]
