[{"bfs_id":1503,"rcp":"RCP2.6","period":"2035","key":"FD","value":96.1,"estimate":"q5"},{"bfs_id":1503,"rcp":"RCP2.6","period":"2035","key":"FD","value":109.7,"estimate":"q50"},{"bfs_id":1503,"rcp":"RCP2.6","period":"2035","key":"FD","value":116.5,"estimate":"q95"},{"bfs_id":1503,"rcp":"RCP2.6","period":"2060","key":"FD","value":95.9,"estimate":"q5"},{"bfs_id":1503,"rcp":"RCP2.6","period":"2060","key":"FD","value":104.6,"estimate":"q50"},{"bfs_id":1503,"rcp":"RCP2.6","period":"2060","key":"FD","value":117.2,"estimate":"q95"},{"bfs_id":1503,"rcp":"RCP2.6","period":"2085","key":"FD","value":94,"estimate":"q5"},{"bfs_id":1503,"rcp":"RCP2.6","period":"2085","key":"FD","value":106.9,"estimate":"q50"},{"bfs_id":1503,"rcp":"RCP2.6","period":"2085","key":"FD","value":117.5,"estimate":"q95"},{"bfs_id":1503,"rcp":"RCP8.5","period":"2035","key":"FD","value":96.6,"estimate":"q5"},{"bfs_id":1503,"rcp":"RCP8.5","period":"2035","key":"FD","value":106,"estimate":"q50"},{"bfs_id":1503,"rcp":"RCP8.5","period":"2035","key":"FD","value":114.4,"estimate":"q95"},{"bfs_id":1503,"rcp":"RCP8.5","period":"2060","key":"FD","value":80,"estimate":"q5"},{"bfs_id":1503,"rcp":"RCP8.5","period":"2060","key":"FD","value":87.8,"estimate":"q50"},{"bfs_id":1503,"rcp":"RCP8.5","period":"2060","key":"FD","value":97.1,"estimate":"q95"},{"bfs_id":1503,"rcp":"RCP8.5","period":"2085","key":"FD","value":55.7,"estimate":"q5"},{"bfs_id":1503,"rcp":"RCP8.5","period":"2085","key":"FD","value":65.1,"estimate":"q50"},{"bfs_id":1503,"rcp":"RCP8.5","period":"2085","key":"FD","value":80.6,"estimate":"q95"},{"bfs_id":1503,"rcp":"RCP2.6","period":"2035","key":"HD","value":1.8,"estimate":"q5"},{"bfs_id":1503,"rcp":"RCP2.6","period":"2035","key":"HD","value":3.1,"estimate":"q50"},{"bfs_id":1503,"rcp":"RCP2.6","period":"2035","key":"HD","value":5.6,"estimate":"q95"},{"bfs_id":1503,"rcp":"RCP2.6","period":"2060","key":"HD","value":2.1,"estimate":"q5"},{"bfs_id":1503,"rcp":"RCP2.6","period":"2060","key":"HD","value":3.2,"estimate":"q50"},{"bfs_id":1503,"rcp":"RCP2.6","period":"2060","key":"HD","value":6.8,"estimate":"q95"},{"bfs_id":1503,"rcp":"RCP2.6","period":"2085","key":"HD","value":2.1,"estimate":"q5"},{"bfs_id":1503,"rcp":"RCP2.6","period":"2085","key":"HD","value":3.2,"estimate":"q50"},{"bfs_id":1503,"rcp":"RCP2.6","period":"2085","key":"HD","value":6.2,"estimate":"q95"},{"bfs_id":1503,"rcp":"RCP8.5","period":"2035","key":"HD","value":2.1,"estimate":"q5"},{"bfs_id":1503,"rcp":"RCP8.5","period":"2035","key":"HD","value":3.3,"estimate":"q50"},{"bfs_id":1503,"rcp":"RCP8.5","period":"2035","key":"HD","value":10.7,"estimate":"q95"},{"bfs_id":1503,"rcp":"RCP8.5","period":"2060","key":"HD","value":4.4,"estimate":"q5"},{"bfs_id":1503,"rcp":"RCP8.5","period":"2060","key":"HD","value":10.2,"estimate":"q50"},{"bfs_id":1503,"rcp":"RCP8.5","period":"2060","key":"HD","value":21.7,"estimate":"q95"},{"bfs_id":1503,"rcp":"RCP8.5","period":"2085","key":"HD","value":10.5,"estimate":"q5"},{"bfs_id":1503,"rcp":"RCP8.5","period":"2085","key":"HD","value":22,"estimate":"q50"},{"bfs_id":1503,"rcp":"RCP8.5","period":"2085","key":"HD","value":45.8,"estimate":"q95"},{"bfs_id":1503,"rcp":"RCP2.6","period":"2035","key":"ID","value":23.1,"estimate":"q5"},{"bfs_id":1503,"rcp":"RCP2.6","period":"2035","key":"ID","value":27.8,"estimate":"q50"},{"bfs_id":1503,"rcp":"RCP2.6","period":"2035","key":"ID","value":33.2,"estimate":"q95"},{"bfs_id":1503,"rcp":"RCP2.6","period":"2060","key":"ID","value":21.5,"estimate":"q5"},{"bfs_id":1503,"rcp":"RCP2.6","period":"2060","key":"ID","value":25.8,"estimate":"q50"},{"bfs_id":1503,"rcp":"RCP2.6","period":"2060","key":"ID","value":31.7,"estimate":"q95"},{"bfs_id":1503,"rcp":"RCP2.6","period":"2085","key":"ID","value":20.4,"estimate":"q5"},{"bfs_id":1503,"rcp":"RCP2.6","period":"2085","key":"ID","value":26.5,"estimate":"q50"},{"bfs_id":1503,"rcp":"RCP2.6","period":"2085","key":"ID","value":31.6,"estimate":"q95"},{"bfs_id":1503,"rcp":"RCP8.5","period":"2035","key":"ID","value":20.8,"estimate":"q5"},{"bfs_id":1503,"rcp":"RCP8.5","period":"2035","key":"ID","value":25.9,"estimate":"q50"},{"bfs_id":1503,"rcp":"RCP8.5","period":"2035","key":"ID","value":30.8,"estimate":"q95"},{"bfs_id":1503,"rcp":"RCP8.5","period":"2060","key":"ID","value":15.4,"estimate":"q5"},{"bfs_id":1503,"rcp":"RCP8.5","period":"2060","key":"ID","value":19.6,"estimate":"q50"},{"bfs_id":1503,"rcp":"RCP8.5","period":"2060","key":"ID","value":22.2,"estimate":"q95"},{"bfs_id":1503,"rcp":"RCP8.5","period":"2085","key":"ID","value":7,"estimate":"q5"},{"bfs_id":1503,"rcp":"RCP8.5","period":"2085","key":"ID","value":10.8,"estimate":"q50"},{"bfs_id":1503,"rcp":"RCP8.5","period":"2085","key":"ID","value":15.8,"estimate":"q95"},{"bfs_id":1503,"rcp":"RCP2.6","period":"2035","key":"SD","value":21.9,"estimate":"q5"},{"bfs_id":1503,"rcp":"RCP2.6","period":"2035","key":"SD","value":26.3,"estimate":"q50"},{"bfs_id":1503,"rcp":"RCP2.6","period":"2035","key":"SD","value":35.4,"estimate":"q95"},{"bfs_id":1503,"rcp":"RCP2.6","period":"2060","key":"SD","value":22.9,"estimate":"q5"},{"bfs_id":1503,"rcp":"RCP2.6","period":"2060","key":"SD","value":26.4,"estimate":"q50"},{"bfs_id":1503,"rcp":"RCP2.6","period":"2060","key":"SD","value":35.8,"estimate":"q95"},{"bfs_id":1503,"rcp":"RCP2.6","period":"2085","key":"SD","value":21.2,"estimate":"q5"},{"bfs_id":1503,"rcp":"RCP2.6","period":"2085","key":"SD","value":28.4,"estimate":"q50"},{"bfs_id":1503,"rcp":"RCP2.6","period":"2085","key":"SD","value":35.3,"estimate":"q95"},{"bfs_id":1503,"rcp":"RCP8.5","period":"2035","key":"SD","value":23.7,"estimate":"q5"},{"bfs_id":1503,"rcp":"RCP8.5","period":"2035","key":"SD","value":29.1,"estimate":"q50"},{"bfs_id":1503,"rcp":"RCP8.5","period":"2035","key":"SD","value":36.7,"estimate":"q95"},{"bfs_id":1503,"rcp":"RCP8.5","period":"2060","key":"SD","value":33.6,"estimate":"q5"},{"bfs_id":1503,"rcp":"RCP8.5","period":"2060","key":"SD","value":42.7,"estimate":"q50"},{"bfs_id":1503,"rcp":"RCP8.5","period":"2060","key":"SD","value":60,"estimate":"q95"},{"bfs_id":1503,"rcp":"RCP8.5","period":"2085","key":"SD","value":51.1,"estimate":"q5"},{"bfs_id":1503,"rcp":"RCP8.5","period":"2085","key":"SD","value":67.2,"estimate":"q50"},{"bfs_id":1503,"rcp":"RCP8.5","period":"2085","key":"SD","value":89.1,"estimate":"q95"},{"bfs_id":1503,"rcp":"RCP2.6","period":"2035","key":"snowdays","value":25.2,"estimate":"q5"},{"bfs_id":1503,"rcp":"RCP2.6","period":"2035","key":"snowdays","value":32.6,"estimate":"q50"},{"bfs_id":1503,"rcp":"RCP2.6","period":"2035","key":"snowdays","value":38,"estimate":"q95"},{"bfs_id":1503,"rcp":"RCP2.6","period":"2060","key":"snowdays","value":24.8,"estimate":"q5"},{"bfs_id":1503,"rcp":"RCP2.6","period":"2060","key":"snowdays","value":31.6,"estimate":"q50"},{"bfs_id":1503,"rcp":"RCP2.6","period":"2060","key":"snowdays","value":38.3,"estimate":"q95"},{"bfs_id":1503,"rcp":"RCP2.6","period":"2085","key":"snowdays","value":24.4,"estimate":"q5"},{"bfs_id":1503,"rcp":"RCP2.6","period":"2085","key":"snowdays","value":31.6,"estimate":"q50"},{"bfs_id":1503,"rcp":"RCP2.6","period":"2085","key":"snowdays","value":38.4,"estimate":"q95"},{"bfs_id":1503,"rcp":"RCP8.5","period":"2035","key":"snowdays","value":22.8,"estimate":"q5"},{"bfs_id":1503,"rcp":"RCP8.5","period":"2035","key":"snowdays","value":31.8,"estimate":"q50"},{"bfs_id":1503,"rcp":"RCP8.5","period":"2035","key":"snowdays","value":38.5,"estimate":"q95"},{"bfs_id":1503,"rcp":"RCP8.5","period":"2060","key":"snowdays","value":18.2,"estimate":"q5"},{"bfs_id":1503,"rcp":"RCP8.5","period":"2060","key":"snowdays","value":25.8,"estimate":"q50"},{"bfs_id":1503,"rcp":"RCP8.5","period":"2060","key":"snowdays","value":29.9,"estimate":"q95"},{"bfs_id":1503,"rcp":"RCP8.5","period":"2085","key":"snowdays","value":11.2,"estimate":"q5"},{"bfs_id":1503,"rcp":"RCP8.5","period":"2085","key":"snowdays","value":18.1,"estimate":"q50"},{"bfs_id":1503,"rcp":"RCP8.5","period":"2085","key":"snowdays","value":24,"estimate":"q95"},{"bfs_id":1503,"rcp":"RCP2.6","period":"2035","key":"TN","value":0,"estimate":"q5"},{"bfs_id":1503,"rcp":"RCP2.6","period":"2035","key":"TN","value":0.1,"estimate":"q50"},{"bfs_id":1503,"rcp":"RCP2.6","period":"2035","key":"TN","value":0.4,"estimate":"q95"},{"bfs_id":1503,"rcp":"RCP2.6","period":"2060","key":"TN","value":0,"estimate":"q5"},{"bfs_id":1503,"rcp":"RCP2.6","period":"2060","key":"TN","value":0.1,"estimate":"q50"},{"bfs_id":1503,"rcp":"RCP2.6","period":"2060","key":"TN","value":0.7,"estimate":"q95"},{"bfs_id":1503,"rcp":"RCP2.6","period":"2085","key":"TN","value":0,"estimate":"q5"},{"bfs_id":1503,"rcp":"RCP2.6","period":"2085","key":"TN","value":0.1,"estimate":"q50"},{"bfs_id":1503,"rcp":"RCP2.6","period":"2085","key":"TN","value":0.6,"estimate":"q95"},{"bfs_id":1503,"rcp":"RCP8.5","period":"2035","key":"TN","value":0,"estimate":"q5"},{"bfs_id":1503,"rcp":"RCP8.5","period":"2035","key":"TN","value":0.2,"estimate":"q50"},{"bfs_id":1503,"rcp":"RCP8.5","period":"2035","key":"TN","value":1.1,"estimate":"q95"},{"bfs_id":1503,"rcp":"RCP8.5","period":"2060","key":"TN","value":0.1,"estimate":"q5"},{"bfs_id":1503,"rcp":"RCP8.5","period":"2060","key":"TN","value":0.9,"estimate":"q50"},{"bfs_id":1503,"rcp":"RCP8.5","period":"2060","key":"TN","value":3.7,"estimate":"q95"},{"bfs_id":1503,"rcp":"RCP8.5","period":"2085","key":"TN","value":1.1,"estimate":"q5"},{"bfs_id":1503,"rcp":"RCP8.5","period":"2085","key":"TN","value":4.9,"estimate":"q50"},{"bfs_id":1503,"rcp":"RCP8.5","period":"2085","key":"TN","value":15.1,"estimate":"q95"},{"bfs_id":1503,"rcp":"RCP2.6","period":"2035","key":"pr","value":2.3,"estimate":"q5","season":"DJF"},{"bfs_id":1503,"rcp":"RCP2.6","period":"2035","key":"pr","value":3.5,"estimate":"q5","season":"MAM"},{"bfs_id":1503,"rcp":"RCP2.6","period":"2035","key":"pr","value":4.3,"estimate":"q5","season":"JJA"},{"bfs_id":1503,"rcp":"RCP2.6","period":"2035","key":"pr","value":3,"estimate":"q5","season":"SON"},{"bfs_id":1503,"rcp":"RCP2.6","period":"2035","key":"pr","value":2.6,"estimate":"q50","season":"DJF"},{"bfs_id":1503,"rcp":"RCP2.6","period":"2035","key":"pr","value":3.9,"estimate":"q50","season":"MAM"},{"bfs_id":1503,"rcp":"RCP2.6","period":"2035","key":"pr","value":5.2,"estimate":"q50","season":"JJA"},{"bfs_id":1503,"rcp":"RCP2.6","period":"2035","key":"pr","value":3.3,"estimate":"q50","season":"SON"},{"bfs_id":1503,"rcp":"RCP2.6","period":"2035","key":"pr","value":3.2,"estimate":"q95","season":"DJF"},{"bfs_id":1503,"rcp":"RCP2.6","period":"2035","key":"pr","value":4.3,"estimate":"q95","season":"MAM"},{"bfs_id":1503,"rcp":"RCP2.6","period":"2035","key":"pr","value":5.7,"estimate":"q95","season":"JJA"},{"bfs_id":1503,"rcp":"RCP2.6","period":"2035","key":"pr","value":4,"estimate":"q95","season":"SON"},{"bfs_id":1503,"rcp":"RCP2.6","period":"2060","key":"pr","value":2.4,"estimate":"q5","season":"DJF"},{"bfs_id":1503,"rcp":"RCP2.6","period":"2060","key":"pr","value":3.6,"estimate":"q5","season":"MAM"},{"bfs_id":1503,"rcp":"RCP2.6","period":"2060","key":"pr","value":4.5,"estimate":"q5","season":"JJA"},{"bfs_id":1503,"rcp":"RCP2.6","period":"2060","key":"pr","value":2.9,"estimate":"q5","season":"SON"},{"bfs_id":1503,"rcp":"RCP2.6","period":"2060","key":"pr","value":2.6,"estimate":"q50","season":"DJF"},{"bfs_id":1503,"rcp":"RCP2.6","period":"2060","key":"pr","value":3.8,"estimate":"q50","season":"MAM"},{"bfs_id":1503,"rcp":"RCP2.6","period":"2060","key":"pr","value":5.3,"estimate":"q50","season":"JJA"},{"bfs_id":1503,"rcp":"RCP2.6","period":"2060","key":"pr","value":3.3,"estimate":"q50","season":"SON"},{"bfs_id":1503,"rcp":"RCP2.6","period":"2060","key":"pr","value":3.1,"estimate":"q95","season":"DJF"},{"bfs_id":1503,"rcp":"RCP2.6","period":"2060","key":"pr","value":4.3,"estimate":"q95","season":"MAM"},{"bfs_id":1503,"rcp":"RCP2.6","period":"2060","key":"pr","value":5.7,"estimate":"q95","season":"JJA"},{"bfs_id":1503,"rcp":"RCP2.6","period":"2060","key":"pr","value":3.8,"estimate":"q95","season":"SON"},{"bfs_id":1503,"rcp":"RCP2.6","period":"2085","key":"pr","value":2.3,"estimate":"q5","season":"DJF"},{"bfs_id":1503,"rcp":"RCP2.6","period":"2085","key":"pr","value":3.5,"estimate":"q5","season":"MAM"},{"bfs_id":1503,"rcp":"RCP2.6","period":"2085","key":"pr","value":4.5,"estimate":"q5","season":"JJA"},{"bfs_id":1503,"rcp":"RCP2.6","period":"2085","key":"pr","value":3,"estimate":"q5","season":"SON"},{"bfs_id":1503,"rcp":"RCP2.6","period":"2085","key":"pr","value":2.6,"estimate":"q50","season":"DJF"},{"bfs_id":1503,"rcp":"RCP2.6","period":"2085","key":"pr","value":3.9,"estimate":"q50","season":"MAM"},{"bfs_id":1503,"rcp":"RCP2.6","period":"2085","key":"pr","value":5.3,"estimate":"q50","season":"JJA"},{"bfs_id":1503,"rcp":"RCP2.6","period":"2085","key":"pr","value":3.3,"estimate":"q50","season":"SON"},{"bfs_id":1503,"rcp":"RCP2.6","period":"2085","key":"pr","value":3.2,"estimate":"q95","season":"DJF"},{"bfs_id":1503,"rcp":"RCP2.6","period":"2085","key":"pr","value":4.3,"estimate":"q95","season":"MAM"},{"bfs_id":1503,"rcp":"RCP2.6","period":"2085","key":"pr","value":5.7,"estimate":"q95","season":"JJA"},{"bfs_id":1503,"rcp":"RCP2.6","period":"2085","key":"pr","value":3.8,"estimate":"q95","season":"SON"},{"bfs_id":1503,"rcp":"RCP8.5","period":"2035","key":"pr","value":2.5,"estimate":"q5","season":"DJF"},{"bfs_id":1503,"rcp":"RCP8.5","period":"2035","key":"pr","value":3.5,"estimate":"q5","season":"MAM"},{"bfs_id":1503,"rcp":"RCP8.5","period":"2035","key":"pr","value":4.6,"estimate":"q5","season":"JJA"},{"bfs_id":1503,"rcp":"RCP8.5","period":"2035","key":"pr","value":3,"estimate":"q5","season":"SON"},{"bfs_id":1503,"rcp":"RCP8.5","period":"2035","key":"pr","value":2.9,"estimate":"q50","season":"DJF"},{"bfs_id":1503,"rcp":"RCP8.5","period":"2035","key":"pr","value":4,"estimate":"q50","season":"MAM"},{"bfs_id":1503,"rcp":"RCP8.5","period":"2035","key":"pr","value":5.1,"estimate":"q50","season":"JJA"},{"bfs_id":1503,"rcp":"RCP8.5","period":"2035","key":"pr","value":3.3,"estimate":"q50","season":"SON"},{"bfs_id":1503,"rcp":"RCP8.5","period":"2035","key":"pr","value":3.2,"estimate":"q95","season":"DJF"},{"bfs_id":1503,"rcp":"RCP8.5","period":"2035","key":"pr","value":4.3,"estimate":"q95","season":"MAM"},{"bfs_id":1503,"rcp":"RCP8.5","period":"2035","key":"pr","value":5.8,"estimate":"q95","season":"JJA"},{"bfs_id":1503,"rcp":"RCP8.5","period":"2035","key":"pr","value":3.9,"estimate":"q95","season":"SON"},{"bfs_id":1503,"rcp":"RCP8.5","period":"2060","key":"pr","value":2.6,"estimate":"q5","season":"DJF"},{"bfs_id":1503,"rcp":"RCP8.5","period":"2060","key":"pr","value":3.7,"estimate":"q5","season":"MAM"},{"bfs_id":1503,"rcp":"RCP8.5","period":"2060","key":"pr","value":3.9,"estimate":"q5","season":"JJA"},{"bfs_id":1503,"rcp":"RCP8.5","period":"2060","key":"pr","value":2.8,"estimate":"q5","season":"SON"},{"bfs_id":1503,"rcp":"RCP8.5","period":"2060","key":"pr","value":2.8,"estimate":"q50","season":"DJF"},{"bfs_id":1503,"rcp":"RCP8.5","period":"2060","key":"pr","value":4.1,"estimate":"q50","season":"MAM"},{"bfs_id":1503,"rcp":"RCP8.5","period":"2060","key":"pr","value":5,"estimate":"q50","season":"JJA"},{"bfs_id":1503,"rcp":"RCP8.5","period":"2060","key":"pr","value":3.2,"estimate":"q50","season":"SON"},{"bfs_id":1503,"rcp":"RCP8.5","period":"2060","key":"pr","value":3.2,"estimate":"q95","season":"DJF"},{"bfs_id":1503,"rcp":"RCP8.5","period":"2060","key":"pr","value":4.6,"estimate":"q95","season":"MAM"},{"bfs_id":1503,"rcp":"RCP8.5","period":"2060","key":"pr","value":5.6,"estimate":"q95","season":"JJA"},{"bfs_id":1503,"rcp":"RCP8.5","period":"2060","key":"pr","value":3.7,"estimate":"q95","season":"SON"},{"bfs_id":1503,"rcp":"RCP8.5","period":"2085","key":"pr","value":2.4,"estimate":"q5","season":"DJF"},{"bfs_id":1503,"rcp":"RCP8.5","period":"2085","key":"pr","value":3.6,"estimate":"q5","season":"MAM"},{"bfs_id":1503,"rcp":"RCP8.5","period":"2085","key":"pr","value":3,"estimate":"q5","season":"JJA"},{"bfs_id":1503,"rcp":"RCP8.5","period":"2085","key":"pr","value":2.7,"estimate":"q5","season":"SON"},{"bfs_id":1503,"rcp":"RCP8.5","period":"2085","key":"pr","value":2.9,"estimate":"q50","season":"DJF"},{"bfs_id":1503,"rcp":"RCP8.5","period":"2085","key":"pr","value":4.1,"estimate":"q50","season":"MAM"},{"bfs_id":1503,"rcp":"RCP8.5","period":"2085","key":"pr","value":4.4,"estimate":"q50","season":"JJA"},{"bfs_id":1503,"rcp":"RCP8.5","period":"2085","key":"pr","value":3.2,"estimate":"q50","season":"SON"},{"bfs_id":1503,"rcp":"RCP8.5","period":"2085","key":"pr","value":3.5,"estimate":"q95","season":"DJF"},{"bfs_id":1503,"rcp":"RCP8.5","period":"2085","key":"pr","value":4.7,"estimate":"q95","season":"MAM"},{"bfs_id":1503,"rcp":"RCP8.5","period":"2085","key":"pr","value":5,"estimate":"q95","season":"JJA"},{"bfs_id":1503,"rcp":"RCP8.5","period":"2085","key":"pr","value":3.6,"estimate":"q95","season":"SON"},{"bfs_id":1503,"rcp":"RCP2.6","period":"2035","key":"tas","value":-0.5,"estimate":"q5","season":"DJF"},{"bfs_id":1503,"rcp":"RCP2.6","period":"2035","key":"tas","value":6.5,"estimate":"q5","season":"MAM"},{"bfs_id":1503,"rcp":"RCP2.6","period":"2035","key":"tas","value":15.7,"estimate":"q5","season":"JJA"},{"bfs_id":1503,"rcp":"RCP2.6","period":"2035","key":"tas","value":8.1,"estimate":"q5","season":"SON"},{"bfs_id":1503,"rcp":"RCP2.6","period":"2035","key":"tas","value":0.1,"estimate":"q50","season":"DJF"},{"bfs_id":1503,"rcp":"RCP2.6","period":"2035","key":"tas","value":7.2,"estimate":"q50","season":"MAM"},{"bfs_id":1503,"rcp":"RCP2.6","period":"2035","key":"tas","value":16.4,"estimate":"q50","season":"JJA"},{"bfs_id":1503,"rcp":"RCP2.6","period":"2035","key":"tas","value":8.5,"estimate":"q50","season":"SON"},{"bfs_id":1503,"rcp":"RCP2.6","period":"2035","key":"tas","value":0.8,"estimate":"q95","season":"DJF"},{"bfs_id":1503,"rcp":"RCP2.6","period":"2035","key":"tas","value":7.4,"estimate":"q95","season":"MAM"},{"bfs_id":1503,"rcp":"RCP2.6","period":"2035","key":"tas","value":17.1,"estimate":"q95","season":"JJA"},{"bfs_id":1503,"rcp":"RCP2.6","period":"2035","key":"tas","value":9.4,"estimate":"q95","season":"SON"},{"bfs_id":1503,"rcp":"RCP2.6","period":"2060","key":"tas","value":-0.5,"estimate":"q5","season":"DJF"},{"bfs_id":1503,"rcp":"RCP2.6","period":"2060","key":"tas","value":6.4,"estimate":"q5","season":"MAM"},{"bfs_id":1503,"rcp":"RCP2.6","period":"2060","key":"tas","value":15.9,"estimate":"q5","season":"JJA"},{"bfs_id":1503,"rcp":"RCP2.6","period":"2060","key":"tas","value":8.4,"estimate":"q5","season":"SON"},{"bfs_id":1503,"rcp":"RCP2.6","period":"2060","key":"tas","value":0.5,"estimate":"q50","season":"DJF"},{"bfs_id":1503,"rcp":"RCP2.6","period":"2060","key":"tas","value":7.1,"estimate":"q50","season":"MAM"},{"bfs_id":1503,"rcp":"RCP2.6","period":"2060","key":"tas","value":16.4,"estimate":"q50","season":"JJA"},{"bfs_id":1503,"rcp":"RCP2.6","period":"2060","key":"tas","value":8.8,"estimate":"q50","season":"SON"},{"bfs_id":1503,"rcp":"RCP2.6","period":"2060","key":"tas","value":1,"estimate":"q95","season":"DJF"},{"bfs_id":1503,"rcp":"RCP2.6","period":"2060","key":"tas","value":7.7,"estimate":"q95","season":"MAM"},{"bfs_id":1503,"rcp":"RCP2.6","period":"2060","key":"tas","value":17.1,"estimate":"q95","season":"JJA"},{"bfs_id":1503,"rcp":"RCP2.6","period":"2060","key":"tas","value":9.7,"estimate":"q95","season":"SON"},{"bfs_id":1503,"rcp":"RCP2.6","period":"2085","key":"tas","value":-0.4,"estimate":"q5","season":"DJF"},{"bfs_id":1503,"rcp":"RCP2.6","period":"2085","key":"tas","value":6.5,"estimate":"q5","season":"MAM"},{"bfs_id":1503,"rcp":"RCP2.6","period":"2085","key":"tas","value":15.8,"estimate":"q5","season":"JJA"},{"bfs_id":1503,"rcp":"RCP2.6","period":"2085","key":"tas","value":8.2,"estimate":"q5","season":"SON"},{"bfs_id":1503,"rcp":"RCP2.6","period":"2085","key":"tas","value":0.5,"estimate":"q50","season":"DJF"},{"bfs_id":1503,"rcp":"RCP2.6","period":"2085","key":"tas","value":7.2,"estimate":"q50","season":"MAM"},{"bfs_id":1503,"rcp":"RCP2.6","period":"2085","key":"tas","value":16.4,"estimate":"q50","season":"JJA"},{"bfs_id":1503,"rcp":"RCP2.6","period":"2085","key":"tas","value":8.7,"estimate":"q50","season":"SON"},{"bfs_id":1503,"rcp":"RCP2.6","period":"2085","key":"tas","value":1.1,"estimate":"q95","season":"DJF"},{"bfs_id":1503,"rcp":"RCP2.6","period":"2085","key":"tas","value":7.7,"estimate":"q95","season":"MAM"},{"bfs_id":1503,"rcp":"RCP2.6","period":"2085","key":"tas","value":17,"estimate":"q95","season":"JJA"},{"bfs_id":1503,"rcp":"RCP2.6","period":"2085","key":"tas","value":9.7,"estimate":"q95","season":"SON"},{"bfs_id":1503,"rcp":"RCP8.5","period":"2035","key":"tas","value":-0.2,"estimate":"q5","season":"DJF"},{"bfs_id":1503,"rcp":"RCP8.5","period":"2035","key":"tas","value":6.7,"estimate":"q5","season":"MAM"},{"bfs_id":1503,"rcp":"RCP8.5","period":"2035","key":"tas","value":16.1,"estimate":"q5","season":"JJA"},{"bfs_id":1503,"rcp":"RCP8.5","period":"2035","key":"tas","value":8.5,"estimate":"q5","season":"SON"},{"bfs_id":1503,"rcp":"RCP8.5","period":"2035","key":"tas","value":0.5,"estimate":"q50","season":"DJF"},{"bfs_id":1503,"rcp":"RCP8.5","period":"2035","key":"tas","value":7.2,"estimate":"q50","season":"MAM"},{"bfs_id":1503,"rcp":"RCP8.5","period":"2035","key":"tas","value":16.6,"estimate":"q50","season":"JJA"},{"bfs_id":1503,"rcp":"RCP8.5","period":"2035","key":"tas","value":8.8,"estimate":"q50","season":"SON"},{"bfs_id":1503,"rcp":"RCP8.5","period":"2035","key":"tas","value":0.9,"estimate":"q95","season":"DJF"},{"bfs_id":1503,"rcp":"RCP8.5","period":"2035","key":"tas","value":7.7,"estimate":"q95","season":"MAM"},{"bfs_id":1503,"rcp":"RCP8.5","period":"2035","key":"tas","value":17.4,"estimate":"q95","season":"JJA"},{"bfs_id":1503,"rcp":"RCP8.5","period":"2035","key":"tas","value":9.7,"estimate":"q95","season":"SON"},{"bfs_id":1503,"rcp":"RCP8.5","period":"2060","key":"tas","value":0.9,"estimate":"q5","season":"DJF"},{"bfs_id":1503,"rcp":"RCP8.5","period":"2060","key":"tas","value":7.7,"estimate":"q5","season":"MAM"},{"bfs_id":1503,"rcp":"RCP8.5","period":"2060","key":"tas","value":17.2,"estimate":"q5","season":"JJA"},{"bfs_id":1503,"rcp":"RCP8.5","period":"2060","key":"tas","value":9.7,"estimate":"q5","season":"SON"},{"bfs_id":1503,"rcp":"RCP8.5","period":"2060","key":"tas","value":1.4,"estimate":"q50","season":"DJF"},{"bfs_id":1503,"rcp":"RCP8.5","period":"2060","key":"tas","value":8.3,"estimate":"q50","season":"MAM"},{"bfs_id":1503,"rcp":"RCP8.5","period":"2060","key":"tas","value":18,"estimate":"q50","season":"JJA"},{"bfs_id":1503,"rcp":"RCP8.5","period":"2060","key":"tas","value":10.3,"estimate":"q50","season":"SON"},{"bfs_id":1503,"rcp":"RCP8.5","period":"2060","key":"tas","value":2,"estimate":"q95","season":"DJF"},{"bfs_id":1503,"rcp":"RCP8.5","period":"2060","key":"tas","value":9.4,"estimate":"q95","season":"MAM"},{"bfs_id":1503,"rcp":"RCP8.5","period":"2060","key":"tas","value":19.2,"estimate":"q95","season":"JJA"},{"bfs_id":1503,"rcp":"RCP8.5","period":"2060","key":"tas","value":11.1,"estimate":"q95","season":"SON"},{"bfs_id":1503,"rcp":"RCP8.5","period":"2085","key":"tas","value":2.1,"estimate":"q5","season":"DJF"},{"bfs_id":1503,"rcp":"RCP8.5","period":"2085","key":"tas","value":9.1,"estimate":"q5","season":"MAM"},{"bfs_id":1503,"rcp":"RCP8.5","period":"2085","key":"tas","value":18.7,"estimate":"q5","season":"JJA"},{"bfs_id":1503,"rcp":"RCP8.5","period":"2085","key":"tas","value":10.7,"estimate":"q5","season":"SON"},{"bfs_id":1503,"rcp":"RCP8.5","period":"2085","key":"tas","value":3.3,"estimate":"q50","season":"DJF"},{"bfs_id":1503,"rcp":"RCP8.5","period":"2085","key":"tas","value":9.9,"estimate":"q50","season":"MAM"},{"bfs_id":1503,"rcp":"RCP8.5","period":"2085","key":"tas","value":19.5,"estimate":"q50","season":"JJA"},{"bfs_id":1503,"rcp":"RCP8.5","period":"2085","key":"tas","value":11.7,"estimate":"q50","season":"SON"},{"bfs_id":1503,"rcp":"RCP8.5","period":"2085","key":"tas","value":3.9,"estimate":"q95","season":"DJF"},{"bfs_id":1503,"rcp":"RCP8.5","period":"2085","key":"tas","value":11.3,"estimate":"q95","season":"MAM"},{"bfs_id":1503,"rcp":"RCP8.5","period":"2085","key":"tas","value":21.9,"estimate":"q95","season":"JJA"},{"bfs_id":1503,"rcp":"RCP8.5","period":"2085","key":"tas","value":13.3,"estimate":"q95","season":"SON"},{"bfs_id":1503,"rcp":"obs","period":"1981-2010","key":"FD","value":123.8,"estimate":"yearly_mean"},{"bfs_id":1503,"rcp":"obs","period":"1981-2010","key":"HD","value":1,"estimate":"yearly_mean"},{"bfs_id":1503,"rcp":"obs","period":"1981-2010","key":"ID","value":36,"estimate":"yearly_mean"},{"bfs_id":1503,"rcp":"obs","period":"1981-2010","key":"SD","value":16.5,"estimate":"yearly_mean"},{"bfs_id":1503,"rcp":"obs","period":"1981-2010","key":"snowdays","value":36.5,"estimate":"yearly_mean"},{"bfs_id":1503,"rcp":"obs","period":"1981-2010","key":"TN","value":0,"estimate":"yearly_mean"},{"bfs_id":1503,"rcp":"obs","period":"1981-2010","key":"pr","value":2.3,"estimate":"mean","season":"DJF"},{"bfs_id":1503,"rcp":"obs","period":"1981-2010","key":"pr","value":3.6,"estimate":"mean","season":"MAM"},{"bfs_id":1503,"rcp":"obs","period":"1981-2010","key":"pr","value":5.8,"estimate":"mean","season":"JJA"},{"bfs_id":1503,"rcp":"obs","period":"1981-2010","key":"pr","value":3.3,"estimate":"mean","season":"SON"},{"bfs_id":1503,"rcp":"obs","period":"1981-2010","key":"tas","value":-1,"estimate":"mean","season":"DJF"},{"bfs_id":1503,"rcp":"obs","period":"1981-2010","key":"tas","value":6.4,"estimate":"mean","season":"MAM"},{"bfs_id":1503,"rcp":"obs","period":"1981-2010","key":"tas","value":15,"estimate":"mean","season":"JJA"},{"bfs_id":1503,"rcp":"obs","period":"1981-2010","key":"tas","value":7.5,"estimate":"mean","season":"SON"}]
