[{"bfs_id":6248,"rcp":"RCP2.6","period":"2035","key":"FD","value":82,"estimate":"q5"},{"bfs_id":6248,"rcp":"RCP2.6","period":"2035","key":"FD","value":93.1,"estimate":"q50"},{"bfs_id":6248,"rcp":"RCP2.6","period":"2035","key":"FD","value":98.2,"estimate":"q95"},{"bfs_id":6248,"rcp":"RCP2.6","period":"2060","key":"FD","value":75.9,"estimate":"q5"},{"bfs_id":6248,"rcp":"RCP2.6","period":"2060","key":"FD","value":90.9,"estimate":"q50"},{"bfs_id":6248,"rcp":"RCP2.6","period":"2060","key":"FD","value":96.7,"estimate":"q95"},{"bfs_id":6248,"rcp":"RCP2.6","period":"2085","key":"FD","value":74.6,"estimate":"q5"},{"bfs_id":6248,"rcp":"RCP2.6","period":"2085","key":"FD","value":91.3,"estimate":"q50"},{"bfs_id":6248,"rcp":"RCP2.6","period":"2085","key":"FD","value":96.9,"estimate":"q95"},{"bfs_id":6248,"rcp":"RCP8.5","period":"2035","key":"FD","value":80.1,"estimate":"q5"},{"bfs_id":6248,"rcp":"RCP8.5","period":"2035","key":"FD","value":88.7,"estimate":"q50"},{"bfs_id":6248,"rcp":"RCP8.5","period":"2035","key":"FD","value":94.3,"estimate":"q95"},{"bfs_id":6248,"rcp":"RCP8.5","period":"2060","key":"FD","value":60,"estimate":"q5"},{"bfs_id":6248,"rcp":"RCP8.5","period":"2060","key":"FD","value":71.7,"estimate":"q50"},{"bfs_id":6248,"rcp":"RCP8.5","period":"2060","key":"FD","value":79.7,"estimate":"q95"},{"bfs_id":6248,"rcp":"RCP8.5","period":"2085","key":"FD","value":39.9,"estimate":"q5"},{"bfs_id":6248,"rcp":"RCP8.5","period":"2085","key":"FD","value":54,"estimate":"q50"},{"bfs_id":6248,"rcp":"RCP8.5","period":"2085","key":"FD","value":62.2,"estimate":"q95"},{"bfs_id":6248,"rcp":"RCP2.6","period":"2035","key":"HD","value":11.5,"estimate":"q5"},{"bfs_id":6248,"rcp":"RCP2.6","period":"2035","key":"HD","value":16.6,"estimate":"q50"},{"bfs_id":6248,"rcp":"RCP2.6","period":"2035","key":"HD","value":22.8,"estimate":"q95"},{"bfs_id":6248,"rcp":"RCP2.6","period":"2060","key":"HD","value":13,"estimate":"q5"},{"bfs_id":6248,"rcp":"RCP2.6","period":"2060","key":"HD","value":18.3,"estimate":"q50"},{"bfs_id":6248,"rcp":"RCP2.6","period":"2060","key":"HD","value":26.3,"estimate":"q95"},{"bfs_id":6248,"rcp":"RCP2.6","period":"2085","key":"HD","value":12.5,"estimate":"q5"},{"bfs_id":6248,"rcp":"RCP2.6","period":"2085","key":"HD","value":17,"estimate":"q50"},{"bfs_id":6248,"rcp":"RCP2.6","period":"2085","key":"HD","value":25.5,"estimate":"q95"},{"bfs_id":6248,"rcp":"RCP8.5","period":"2035","key":"HD","value":14.1,"estimate":"q5"},{"bfs_id":6248,"rcp":"RCP8.5","period":"2035","key":"HD","value":19.2,"estimate":"q50"},{"bfs_id":6248,"rcp":"RCP8.5","period":"2035","key":"HD","value":29.2,"estimate":"q95"},{"bfs_id":6248,"rcp":"RCP8.5","period":"2060","key":"HD","value":24.9,"estimate":"q5"},{"bfs_id":6248,"rcp":"RCP8.5","period":"2060","key":"HD","value":34,"estimate":"q50"},{"bfs_id":6248,"rcp":"RCP8.5","period":"2060","key":"HD","value":61.1,"estimate":"q95"},{"bfs_id":6248,"rcp":"RCP8.5","period":"2085","key":"HD","value":41.5,"estimate":"q5"},{"bfs_id":6248,"rcp":"RCP8.5","period":"2085","key":"HD","value":60.6,"estimate":"q50"},{"bfs_id":6248,"rcp":"RCP8.5","period":"2085","key":"HD","value":97.7,"estimate":"q95"},{"bfs_id":6248,"rcp":"RCP2.6","period":"2035","key":"ID","value":8.9,"estimate":"q5"},{"bfs_id":6248,"rcp":"RCP2.6","period":"2035","key":"ID","value":12.2,"estimate":"q50"},{"bfs_id":6248,"rcp":"RCP2.6","period":"2035","key":"ID","value":15,"estimate":"q95"},{"bfs_id":6248,"rcp":"RCP2.6","period":"2060","key":"ID","value":8.9,"estimate":"q5"},{"bfs_id":6248,"rcp":"RCP2.6","period":"2060","key":"ID","value":11.1,"estimate":"q50"},{"bfs_id":6248,"rcp":"RCP2.6","period":"2060","key":"ID","value":13.1,"estimate":"q95"},{"bfs_id":6248,"rcp":"RCP2.6","period":"2085","key":"ID","value":8.2,"estimate":"q5"},{"bfs_id":6248,"rcp":"RCP2.6","period":"2085","key":"ID","value":12.1,"estimate":"q50"},{"bfs_id":6248,"rcp":"RCP2.6","period":"2085","key":"ID","value":14.5,"estimate":"q95"},{"bfs_id":6248,"rcp":"RCP8.5","period":"2035","key":"ID","value":9,"estimate":"q5"},{"bfs_id":6248,"rcp":"RCP8.5","period":"2035","key":"ID","value":10.9,"estimate":"q50"},{"bfs_id":6248,"rcp":"RCP8.5","period":"2035","key":"ID","value":15.4,"estimate":"q95"},{"bfs_id":6248,"rcp":"RCP8.5","period":"2060","key":"ID","value":5.4,"estimate":"q5"},{"bfs_id":6248,"rcp":"RCP8.5","period":"2060","key":"ID","value":7.5,"estimate":"q50"},{"bfs_id":6248,"rcp":"RCP8.5","period":"2060","key":"ID","value":9.9,"estimate":"q95"},{"bfs_id":6248,"rcp":"RCP8.5","period":"2085","key":"ID","value":1.8,"estimate":"q5"},{"bfs_id":6248,"rcp":"RCP8.5","period":"2085","key":"ID","value":3.4,"estimate":"q50"},{"bfs_id":6248,"rcp":"RCP8.5","period":"2085","key":"ID","value":6.2,"estimate":"q95"},{"bfs_id":6248,"rcp":"RCP2.6","period":"2035","key":"SD","value":59.5,"estimate":"q5"},{"bfs_id":6248,"rcp":"RCP2.6","period":"2035","key":"SD","value":69.5,"estimate":"q50"},{"bfs_id":6248,"rcp":"RCP2.6","period":"2035","key":"SD","value":78.1,"estimate":"q95"},{"bfs_id":6248,"rcp":"RCP2.6","period":"2060","key":"SD","value":60.9,"estimate":"q5"},{"bfs_id":6248,"rcp":"RCP2.6","period":"2060","key":"SD","value":70.2,"estimate":"q50"},{"bfs_id":6248,"rcp":"RCP2.6","period":"2060","key":"SD","value":82.6,"estimate":"q95"},{"bfs_id":6248,"rcp":"RCP2.6","period":"2085","key":"SD","value":61,"estimate":"q5"},{"bfs_id":6248,"rcp":"RCP2.6","period":"2085","key":"SD","value":70,"estimate":"q50"},{"bfs_id":6248,"rcp":"RCP2.6","period":"2085","key":"SD","value":81.4,"estimate":"q95"},{"bfs_id":6248,"rcp":"RCP8.5","period":"2035","key":"SD","value":64.2,"estimate":"q5"},{"bfs_id":6248,"rcp":"RCP8.5","period":"2035","key":"SD","value":72.7,"estimate":"q50"},{"bfs_id":6248,"rcp":"RCP8.5","period":"2035","key":"SD","value":83.6,"estimate":"q95"},{"bfs_id":6248,"rcp":"RCP8.5","period":"2060","key":"SD","value":81.9,"estimate":"q5"},{"bfs_id":6248,"rcp":"RCP8.5","period":"2060","key":"SD","value":94.5,"estimate":"q50"},{"bfs_id":6248,"rcp":"RCP8.5","period":"2060","key":"SD","value":114.5,"estimate":"q95"},{"bfs_id":6248,"rcp":"RCP8.5","period":"2085","key":"SD","value":98.6,"estimate":"q5"},{"bfs_id":6248,"rcp":"RCP8.5","period":"2085","key":"SD","value":121.9,"estimate":"q50"},{"bfs_id":6248,"rcp":"RCP8.5","period":"2085","key":"SD","value":150.3,"estimate":"q95"},{"bfs_id":6248,"rcp":"RCP2.6","period":"2035","key":"snowdays","value":7.8,"estimate":"q5"},{"bfs_id":6248,"rcp":"RCP2.6","period":"2035","key":"snowdays","value":12.8,"estimate":"q50"},{"bfs_id":6248,"rcp":"RCP2.6","period":"2035","key":"snowdays","value":17.6,"estimate":"q95"},{"bfs_id":6248,"rcp":"RCP2.6","period":"2060","key":"snowdays","value":7.8,"estimate":"q5"},{"bfs_id":6248,"rcp":"RCP2.6","period":"2060","key":"snowdays","value":12,"estimate":"q50"},{"bfs_id":6248,"rcp":"RCP2.6","period":"2060","key":"snowdays","value":17.1,"estimate":"q95"},{"bfs_id":6248,"rcp":"RCP2.6","period":"2085","key":"snowdays","value":7.9,"estimate":"q5"},{"bfs_id":6248,"rcp":"RCP2.6","period":"2085","key":"snowdays","value":12.8,"estimate":"q50"},{"bfs_id":6248,"rcp":"RCP2.6","period":"2085","key":"snowdays","value":17.6,"estimate":"q95"},{"bfs_id":6248,"rcp":"RCP8.5","period":"2035","key":"snowdays","value":7.6,"estimate":"q5"},{"bfs_id":6248,"rcp":"RCP8.5","period":"2035","key":"snowdays","value":12.9,"estimate":"q50"},{"bfs_id":6248,"rcp":"RCP8.5","period":"2035","key":"snowdays","value":17.8,"estimate":"q95"},{"bfs_id":6248,"rcp":"RCP8.5","period":"2060","key":"snowdays","value":5.5,"estimate":"q5"},{"bfs_id":6248,"rcp":"RCP8.5","period":"2060","key":"snowdays","value":9,"estimate":"q50"},{"bfs_id":6248,"rcp":"RCP8.5","period":"2060","key":"snowdays","value":13.5,"estimate":"q95"},{"bfs_id":6248,"rcp":"RCP8.5","period":"2085","key":"snowdays","value":2.8,"estimate":"q5"},{"bfs_id":6248,"rcp":"RCP8.5","period":"2085","key":"snowdays","value":6.7,"estimate":"q50"},{"bfs_id":6248,"rcp":"RCP8.5","period":"2085","key":"snowdays","value":8.8,"estimate":"q95"},{"bfs_id":6248,"rcp":"RCP2.6","period":"2035","key":"TN","value":0,"estimate":"q5"},{"bfs_id":6248,"rcp":"RCP2.6","period":"2035","key":"TN","value":0.2,"estimate":"q50"},{"bfs_id":6248,"rcp":"RCP2.6","period":"2035","key":"TN","value":0.7,"estimate":"q95"},{"bfs_id":6248,"rcp":"RCP2.6","period":"2060","key":"TN","value":0,"estimate":"q5"},{"bfs_id":6248,"rcp":"RCP2.6","period":"2060","key":"TN","value":0.4,"estimate":"q50"},{"bfs_id":6248,"rcp":"RCP2.6","period":"2060","key":"TN","value":1.2,"estimate":"q95"},{"bfs_id":6248,"rcp":"RCP2.6","period":"2085","key":"TN","value":0,"estimate":"q5"},{"bfs_id":6248,"rcp":"RCP2.6","period":"2085","key":"TN","value":0.3,"estimate":"q50"},{"bfs_id":6248,"rcp":"RCP2.6","period":"2085","key":"TN","value":1,"estimate":"q95"},{"bfs_id":6248,"rcp":"RCP8.5","period":"2035","key":"TN","value":0.1,"estimate":"q5"},{"bfs_id":6248,"rcp":"RCP8.5","period":"2035","key":"TN","value":0.5,"estimate":"q50"},{"bfs_id":6248,"rcp":"RCP8.5","period":"2035","key":"TN","value":1.7,"estimate":"q95"},{"bfs_id":6248,"rcp":"RCP8.5","period":"2060","key":"TN","value":0.8,"estimate":"q5"},{"bfs_id":6248,"rcp":"RCP8.5","period":"2060","key":"TN","value":3.7,"estimate":"q50"},{"bfs_id":6248,"rcp":"RCP8.5","period":"2060","key":"TN","value":9.5,"estimate":"q95"},{"bfs_id":6248,"rcp":"RCP8.5","period":"2085","key":"TN","value":4.4,"estimate":"q5"},{"bfs_id":6248,"rcp":"RCP8.5","period":"2085","key":"TN","value":13.4,"estimate":"q50"},{"bfs_id":6248,"rcp":"RCP8.5","period":"2085","key":"TN","value":35,"estimate":"q95"},{"bfs_id":6248,"rcp":"RCP2.6","period":"2035","key":"pr","value":1.8,"estimate":"q5","season":"DJF"},{"bfs_id":6248,"rcp":"RCP2.6","period":"2035","key":"pr","value":1.4,"estimate":"q5","season":"MAM"},{"bfs_id":6248,"rcp":"RCP2.6","period":"2035","key":"pr","value":1.3,"estimate":"q5","season":"JJA"},{"bfs_id":6248,"rcp":"RCP2.6","period":"2035","key":"pr","value":1.5,"estimate":"q5","season":"SON"},{"bfs_id":6248,"rcp":"RCP2.6","period":"2035","key":"pr","value":2.2,"estimate":"q50","season":"DJF"},{"bfs_id":6248,"rcp":"RCP2.6","period":"2035","key":"pr","value":1.6,"estimate":"q50","season":"MAM"},{"bfs_id":6248,"rcp":"RCP2.6","period":"2035","key":"pr","value":1.6,"estimate":"q50","season":"JJA"},{"bfs_id":6248,"rcp":"RCP2.6","period":"2035","key":"pr","value":1.9,"estimate":"q50","season":"SON"},{"bfs_id":6248,"rcp":"RCP2.6","period":"2035","key":"pr","value":2.6,"estimate":"q95","season":"DJF"},{"bfs_id":6248,"rcp":"RCP2.6","period":"2035","key":"pr","value":1.9,"estimate":"q95","season":"MAM"},{"bfs_id":6248,"rcp":"RCP2.6","period":"2035","key":"pr","value":1.8,"estimate":"q95","season":"JJA"},{"bfs_id":6248,"rcp":"RCP2.6","period":"2035","key":"pr","value":2.3,"estimate":"q95","season":"SON"},{"bfs_id":6248,"rcp":"RCP2.6","period":"2060","key":"pr","value":1.9,"estimate":"q5","season":"DJF"},{"bfs_id":6248,"rcp":"RCP2.6","period":"2060","key":"pr","value":1.4,"estimate":"q5","season":"MAM"},{"bfs_id":6248,"rcp":"RCP2.6","period":"2060","key":"pr","value":1.3,"estimate":"q5","season":"JJA"},{"bfs_id":6248,"rcp":"RCP2.6","period":"2060","key":"pr","value":1.5,"estimate":"q5","season":"SON"},{"bfs_id":6248,"rcp":"RCP2.6","period":"2060","key":"pr","value":2.2,"estimate":"q50","season":"DJF"},{"bfs_id":6248,"rcp":"RCP2.6","period":"2060","key":"pr","value":1.6,"estimate":"q50","season":"MAM"},{"bfs_id":6248,"rcp":"RCP2.6","period":"2060","key":"pr","value":1.6,"estimate":"q50","season":"JJA"},{"bfs_id":6248,"rcp":"RCP2.6","period":"2060","key":"pr","value":1.8,"estimate":"q50","season":"SON"},{"bfs_id":6248,"rcp":"RCP2.6","period":"2060","key":"pr","value":2.6,"estimate":"q95","season":"DJF"},{"bfs_id":6248,"rcp":"RCP2.6","period":"2060","key":"pr","value":1.8,"estimate":"q95","season":"MAM"},{"bfs_id":6248,"rcp":"RCP2.6","period":"2060","key":"pr","value":1.8,"estimate":"q95","season":"JJA"},{"bfs_id":6248,"rcp":"RCP2.6","period":"2060","key":"pr","value":2.2,"estimate":"q95","season":"SON"},{"bfs_id":6248,"rcp":"RCP2.6","period":"2085","key":"pr","value":2,"estimate":"q5","season":"DJF"},{"bfs_id":6248,"rcp":"RCP2.6","period":"2085","key":"pr","value":1.4,"estimate":"q5","season":"MAM"},{"bfs_id":6248,"rcp":"RCP2.6","period":"2085","key":"pr","value":1.3,"estimate":"q5","season":"JJA"},{"bfs_id":6248,"rcp":"RCP2.6","period":"2085","key":"pr","value":1.6,"estimate":"q5","season":"SON"},{"bfs_id":6248,"rcp":"RCP2.6","period":"2085","key":"pr","value":2.2,"estimate":"q50","season":"DJF"},{"bfs_id":6248,"rcp":"RCP2.6","period":"2085","key":"pr","value":1.6,"estimate":"q50","season":"MAM"},{"bfs_id":6248,"rcp":"RCP2.6","period":"2085","key":"pr","value":1.7,"estimate":"q50","season":"JJA"},{"bfs_id":6248,"rcp":"RCP2.6","period":"2085","key":"pr","value":1.8,"estimate":"q50","season":"SON"},{"bfs_id":6248,"rcp":"RCP2.6","period":"2085","key":"pr","value":2.7,"estimate":"q95","season":"DJF"},{"bfs_id":6248,"rcp":"RCP2.6","period":"2085","key":"pr","value":1.8,"estimate":"q95","season":"MAM"},{"bfs_id":6248,"rcp":"RCP2.6","period":"2085","key":"pr","value":1.8,"estimate":"q95","season":"JJA"},{"bfs_id":6248,"rcp":"RCP2.6","period":"2085","key":"pr","value":2.1,"estimate":"q95","season":"SON"},{"bfs_id":6248,"rcp":"RCP8.5","period":"2035","key":"pr","value":2,"estimate":"q5","season":"DJF"},{"bfs_id":6248,"rcp":"RCP8.5","period":"2035","key":"pr","value":1.5,"estimate":"q5","season":"MAM"},{"bfs_id":6248,"rcp":"RCP8.5","period":"2035","key":"pr","value":1.4,"estimate":"q5","season":"JJA"},{"bfs_id":6248,"rcp":"RCP8.5","period":"2035","key":"pr","value":1.6,"estimate":"q5","season":"SON"},{"bfs_id":6248,"rcp":"RCP8.5","period":"2035","key":"pr","value":2.4,"estimate":"q50","season":"DJF"},{"bfs_id":6248,"rcp":"RCP8.5","period":"2035","key":"pr","value":1.6,"estimate":"q50","season":"MAM"},{"bfs_id":6248,"rcp":"RCP8.5","period":"2035","key":"pr","value":1.6,"estimate":"q50","season":"JJA"},{"bfs_id":6248,"rcp":"RCP8.5","period":"2035","key":"pr","value":1.8,"estimate":"q50","season":"SON"},{"bfs_id":6248,"rcp":"RCP8.5","period":"2035","key":"pr","value":2.6,"estimate":"q95","season":"DJF"},{"bfs_id":6248,"rcp":"RCP8.5","period":"2035","key":"pr","value":1.8,"estimate":"q95","season":"MAM"},{"bfs_id":6248,"rcp":"RCP8.5","period":"2035","key":"pr","value":1.8,"estimate":"q95","season":"JJA"},{"bfs_id":6248,"rcp":"RCP8.5","period":"2035","key":"pr","value":2.2,"estimate":"q95","season":"SON"},{"bfs_id":6248,"rcp":"RCP8.5","period":"2060","key":"pr","value":2.1,"estimate":"q5","season":"DJF"},{"bfs_id":6248,"rcp":"RCP8.5","period":"2060","key":"pr","value":1.4,"estimate":"q5","season":"MAM"},{"bfs_id":6248,"rcp":"RCP8.5","period":"2060","key":"pr","value":1.2,"estimate":"q5","season":"JJA"},{"bfs_id":6248,"rcp":"RCP8.5","period":"2060","key":"pr","value":1.6,"estimate":"q5","season":"SON"},{"bfs_id":6248,"rcp":"RCP8.5","period":"2060","key":"pr","value":2.4,"estimate":"q50","season":"DJF"},{"bfs_id":6248,"rcp":"RCP8.5","period":"2060","key":"pr","value":1.7,"estimate":"q50","season":"MAM"},{"bfs_id":6248,"rcp":"RCP8.5","period":"2060","key":"pr","value":1.5,"estimate":"q50","season":"JJA"},{"bfs_id":6248,"rcp":"RCP8.5","period":"2060","key":"pr","value":1.8,"estimate":"q50","season":"SON"},{"bfs_id":6248,"rcp":"RCP8.5","period":"2060","key":"pr","value":2.7,"estimate":"q95","season":"DJF"},{"bfs_id":6248,"rcp":"RCP8.5","period":"2060","key":"pr","value":1.9,"estimate":"q95","season":"MAM"},{"bfs_id":6248,"rcp":"RCP8.5","period":"2060","key":"pr","value":1.9,"estimate":"q95","season":"JJA"},{"bfs_id":6248,"rcp":"RCP8.5","period":"2060","key":"pr","value":2.2,"estimate":"q95","season":"SON"},{"bfs_id":6248,"rcp":"RCP8.5","period":"2085","key":"pr","value":2.2,"estimate":"q5","season":"DJF"},{"bfs_id":6248,"rcp":"RCP8.5","period":"2085","key":"pr","value":1.5,"estimate":"q5","season":"MAM"},{"bfs_id":6248,"rcp":"RCP8.5","period":"2085","key":"pr","value":1,"estimate":"q5","season":"JJA"},{"bfs_id":6248,"rcp":"RCP8.5","period":"2085","key":"pr","value":1.6,"estimate":"q5","season":"SON"},{"bfs_id":6248,"rcp":"RCP8.5","period":"2085","key":"pr","value":2.6,"estimate":"q50","season":"DJF"},{"bfs_id":6248,"rcp":"RCP8.5","period":"2085","key":"pr","value":1.7,"estimate":"q50","season":"MAM"},{"bfs_id":6248,"rcp":"RCP8.5","period":"2085","key":"pr","value":1.4,"estimate":"q50","season":"JJA"},{"bfs_id":6248,"rcp":"RCP8.5","period":"2085","key":"pr","value":1.8,"estimate":"q50","season":"SON"},{"bfs_id":6248,"rcp":"RCP8.5","period":"2085","key":"pr","value":2.8,"estimate":"q95","season":"DJF"},{"bfs_id":6248,"rcp":"RCP8.5","period":"2085","key":"pr","value":2.1,"estimate":"q95","season":"MAM"},{"bfs_id":6248,"rcp":"RCP8.5","period":"2085","key":"pr","value":1.8,"estimate":"q95","season":"JJA"},{"bfs_id":6248,"rcp":"RCP8.5","period":"2085","key":"pr","value":2.1,"estimate":"q95","season":"SON"},{"bfs_id":6248,"rcp":"RCP2.6","period":"2035","key":"tas","value":0.8,"estimate":"q5","season":"DJF"},{"bfs_id":6248,"rcp":"RCP2.6","period":"2035","key":"tas","value":9.1,"estimate":"q5","season":"MAM"},{"bfs_id":6248,"rcp":"RCP2.6","period":"2035","key":"tas","value":18.4,"estimate":"q5","season":"JJA"},{"bfs_id":6248,"rcp":"RCP2.6","period":"2035","key":"tas","value":9.9,"estimate":"q5","season":"SON"},{"bfs_id":6248,"rcp":"RCP2.6","period":"2035","key":"tas","value":1.3,"estimate":"q50","season":"DJF"},{"bfs_id":6248,"rcp":"RCP2.6","period":"2035","key":"tas","value":9.7,"estimate":"q50","season":"MAM"},{"bfs_id":6248,"rcp":"RCP2.6","period":"2035","key":"tas","value":19.4,"estimate":"q50","season":"JJA"},{"bfs_id":6248,"rcp":"RCP2.6","period":"2035","key":"tas","value":10.5,"estimate":"q50","season":"SON"},{"bfs_id":6248,"rcp":"RCP2.6","period":"2035","key":"tas","value":1.8,"estimate":"q95","season":"DJF"},{"bfs_id":6248,"rcp":"RCP2.6","period":"2035","key":"tas","value":10.2,"estimate":"q95","season":"MAM"},{"bfs_id":6248,"rcp":"RCP2.6","period":"2035","key":"tas","value":20.3,"estimate":"q95","season":"JJA"},{"bfs_id":6248,"rcp":"RCP2.6","period":"2035","key":"tas","value":11.2,"estimate":"q95","season":"SON"},{"bfs_id":6248,"rcp":"RCP2.6","period":"2060","key":"tas","value":1,"estimate":"q5","season":"DJF"},{"bfs_id":6248,"rcp":"RCP2.6","period":"2060","key":"tas","value":8.9,"estimate":"q5","season":"MAM"},{"bfs_id":6248,"rcp":"RCP2.6","period":"2060","key":"tas","value":18.7,"estimate":"q5","season":"JJA"},{"bfs_id":6248,"rcp":"RCP2.6","period":"2060","key":"tas","value":10.3,"estimate":"q5","season":"SON"},{"bfs_id":6248,"rcp":"RCP2.6","period":"2060","key":"tas","value":1.6,"estimate":"q50","season":"DJF"},{"bfs_id":6248,"rcp":"RCP2.6","period":"2060","key":"tas","value":9.8,"estimate":"q50","season":"MAM"},{"bfs_id":6248,"rcp":"RCP2.6","period":"2060","key":"tas","value":19.7,"estimate":"q50","season":"JJA"},{"bfs_id":6248,"rcp":"RCP2.6","period":"2060","key":"tas","value":10.8,"estimate":"q50","season":"SON"},{"bfs_id":6248,"rcp":"RCP2.6","period":"2060","key":"tas","value":2,"estimate":"q95","season":"DJF"},{"bfs_id":6248,"rcp":"RCP2.6","period":"2060","key":"tas","value":10.4,"estimate":"q95","season":"MAM"},{"bfs_id":6248,"rcp":"RCP2.6","period":"2060","key":"tas","value":20.5,"estimate":"q95","season":"JJA"},{"bfs_id":6248,"rcp":"RCP2.6","period":"2060","key":"tas","value":11.6,"estimate":"q95","season":"SON"},{"bfs_id":6248,"rcp":"RCP2.6","period":"2085","key":"tas","value":1,"estimate":"q5","season":"DJF"},{"bfs_id":6248,"rcp":"RCP2.6","period":"2085","key":"tas","value":9,"estimate":"q5","season":"MAM"},{"bfs_id":6248,"rcp":"RCP2.6","period":"2085","key":"tas","value":18.7,"estimate":"q5","season":"JJA"},{"bfs_id":6248,"rcp":"RCP2.6","period":"2085","key":"tas","value":10,"estimate":"q5","season":"SON"},{"bfs_id":6248,"rcp":"RCP2.6","period":"2085","key":"tas","value":1.5,"estimate":"q50","season":"DJF"},{"bfs_id":6248,"rcp":"RCP2.6","period":"2085","key":"tas","value":9.8,"estimate":"q50","season":"MAM"},{"bfs_id":6248,"rcp":"RCP2.6","period":"2085","key":"tas","value":19.7,"estimate":"q50","season":"JJA"},{"bfs_id":6248,"rcp":"RCP2.6","period":"2085","key":"tas","value":10.8,"estimate":"q50","season":"SON"},{"bfs_id":6248,"rcp":"RCP2.6","period":"2085","key":"tas","value":2.2,"estimate":"q95","season":"DJF"},{"bfs_id":6248,"rcp":"RCP2.6","period":"2085","key":"tas","value":10.4,"estimate":"q95","season":"MAM"},{"bfs_id":6248,"rcp":"RCP2.6","period":"2085","key":"tas","value":20.4,"estimate":"q95","season":"JJA"},{"bfs_id":6248,"rcp":"RCP2.6","period":"2085","key":"tas","value":11.5,"estimate":"q95","season":"SON"},{"bfs_id":6248,"rcp":"RCP8.5","period":"2035","key":"tas","value":1.1,"estimate":"q5","season":"DJF"},{"bfs_id":6248,"rcp":"RCP8.5","period":"2035","key":"tas","value":9.4,"estimate":"q5","season":"MAM"},{"bfs_id":6248,"rcp":"RCP8.5","period":"2035","key":"tas","value":18.9,"estimate":"q5","season":"JJA"},{"bfs_id":6248,"rcp":"RCP8.5","period":"2035","key":"tas","value":10.5,"estimate":"q5","season":"SON"},{"bfs_id":6248,"rcp":"RCP8.5","period":"2035","key":"tas","value":1.8,"estimate":"q50","season":"DJF"},{"bfs_id":6248,"rcp":"RCP8.5","period":"2035","key":"tas","value":9.8,"estimate":"q50","season":"MAM"},{"bfs_id":6248,"rcp":"RCP8.5","period":"2035","key":"tas","value":19.8,"estimate":"q50","season":"JJA"},{"bfs_id":6248,"rcp":"RCP8.5","period":"2035","key":"tas","value":10.9,"estimate":"q50","season":"SON"},{"bfs_id":6248,"rcp":"RCP8.5","period":"2035","key":"tas","value":2,"estimate":"q95","season":"DJF"},{"bfs_id":6248,"rcp":"RCP8.5","period":"2035","key":"tas","value":10.4,"estimate":"q95","season":"MAM"},{"bfs_id":6248,"rcp":"RCP8.5","period":"2035","key":"tas","value":21,"estimate":"q95","season":"JJA"},{"bfs_id":6248,"rcp":"RCP8.5","period":"2035","key":"tas","value":11.8,"estimate":"q95","season":"SON"},{"bfs_id":6248,"rcp":"RCP8.5","period":"2060","key":"tas","value":2.1,"estimate":"q5","season":"DJF"},{"bfs_id":6248,"rcp":"RCP8.5","period":"2060","key":"tas","value":10.4,"estimate":"q5","season":"MAM"},{"bfs_id":6248,"rcp":"RCP8.5","period":"2060","key":"tas","value":20.1,"estimate":"q5","season":"JJA"},{"bfs_id":6248,"rcp":"RCP8.5","period":"2060","key":"tas","value":11.8,"estimate":"q5","season":"SON"},{"bfs_id":6248,"rcp":"RCP8.5","period":"2060","key":"tas","value":2.6,"estimate":"q50","season":"DJF"},{"bfs_id":6248,"rcp":"RCP8.5","period":"2060","key":"tas","value":11,"estimate":"q50","season":"MAM"},{"bfs_id":6248,"rcp":"RCP8.5","period":"2060","key":"tas","value":21.6,"estimate":"q50","season":"JJA"},{"bfs_id":6248,"rcp":"RCP8.5","period":"2060","key":"tas","value":12.6,"estimate":"q50","season":"SON"},{"bfs_id":6248,"rcp":"RCP8.5","period":"2060","key":"tas","value":3.2,"estimate":"q95","season":"DJF"},{"bfs_id":6248,"rcp":"RCP8.5","period":"2060","key":"tas","value":12.1,"estimate":"q95","season":"MAM"},{"bfs_id":6248,"rcp":"RCP8.5","period":"2060","key":"tas","value":23.5,"estimate":"q95","season":"JJA"},{"bfs_id":6248,"rcp":"RCP8.5","period":"2060","key":"tas","value":13.7,"estimate":"q95","season":"SON"},{"bfs_id":6248,"rcp":"RCP8.5","period":"2085","key":"tas","value":3.4,"estimate":"q5","season":"DJF"},{"bfs_id":6248,"rcp":"RCP8.5","period":"2085","key":"tas","value":11.8,"estimate":"q5","season":"MAM"},{"bfs_id":6248,"rcp":"RCP8.5","period":"2085","key":"tas","value":21.6,"estimate":"q5","season":"JJA"},{"bfs_id":6248,"rcp":"RCP8.5","period":"2085","key":"tas","value":13.3,"estimate":"q5","season":"SON"},{"bfs_id":6248,"rcp":"RCP8.5","period":"2085","key":"tas","value":4.3,"estimate":"q50","season":"DJF"},{"bfs_id":6248,"rcp":"RCP8.5","period":"2085","key":"tas","value":12.8,"estimate":"q50","season":"MAM"},{"bfs_id":6248,"rcp":"RCP8.5","period":"2085","key":"tas","value":23.7,"estimate":"q50","season":"JJA"},{"bfs_id":6248,"rcp":"RCP8.5","period":"2085","key":"tas","value":14,"estimate":"q50","season":"SON"},{"bfs_id":6248,"rcp":"RCP8.5","period":"2085","key":"tas","value":5,"estimate":"q95","season":"DJF"},{"bfs_id":6248,"rcp":"RCP8.5","period":"2085","key":"tas","value":14.7,"estimate":"q95","season":"MAM"},{"bfs_id":6248,"rcp":"RCP8.5","period":"2085","key":"tas","value":26.6,"estimate":"q95","season":"JJA"},{"bfs_id":6248,"rcp":"RCP8.5","period":"2085","key":"tas","value":16.3,"estimate":"q95","season":"SON"},{"bfs_id":6248,"rcp":"obs","period":"1981-2010","key":"FD","value":104.6,"estimate":"yearly_mean"},{"bfs_id":6248,"rcp":"obs","period":"1981-2010","key":"HD","value":7.6,"estimate":"yearly_mean"},{"bfs_id":6248,"rcp":"obs","period":"1981-2010","key":"ID","value":17.2,"estimate":"yearly_mean"},{"bfs_id":6248,"rcp":"obs","period":"1981-2010","key":"SD","value":49.7,"estimate":"yearly_mean"},{"bfs_id":6248,"rcp":"obs","period":"1981-2010","key":"snowdays","value":15.3,"estimate":"yearly_mean"},{"bfs_id":6248,"rcp":"obs","period":"1981-2010","key":"TN","value":0,"estimate":"yearly_mean"},{"bfs_id":6248,"rcp":"obs","period":"1981-2010","key":"pr","value":2.2,"estimate":"mean","season":"DJF"},{"bfs_id":6248,"rcp":"obs","period":"1981-2010","key":"pr","value":1.5,"estimate":"mean","season":"MAM"},{"bfs_id":6248,"rcp":"obs","period":"1981-2010","key":"pr","value":1.7,"estimate":"mean","season":"JJA"},{"bfs_id":6248,"rcp":"obs","period":"1981-2010","key":"pr","value":1.7,"estimate":"mean","season":"SON"},{"bfs_id":6248,"rcp":"obs","period":"1981-2010","key":"tas","value":0.1,"estimate":"mean","season":"DJF"},{"bfs_id":6248,"rcp":"obs","period":"1981-2010","key":"tas","value":9.2,"estimate":"mean","season":"MAM"},{"bfs_id":6248,"rcp":"obs","period":"1981-2010","key":"tas","value":17.8,"estimate":"mean","season":"JJA"},{"bfs_id":6248,"rcp":"obs","period":"1981-2010","key":"tas","value":9.2,"estimate":"mean","season":"SON"}]
