[{"bfs_id":4223,"rcp":"RCP2.6","period":"2035","key":"FD","value":56.8,"estimate":"q5"},{"bfs_id":4223,"rcp":"RCP2.6","period":"2035","key":"FD","value":66.8,"estimate":"q50"},{"bfs_id":4223,"rcp":"RCP2.6","period":"2035","key":"FD","value":72.5,"estimate":"q95"},{"bfs_id":4223,"rcp":"RCP2.6","period":"2060","key":"FD","value":52.7,"estimate":"q5"},{"bfs_id":4223,"rcp":"RCP2.6","period":"2060","key":"FD","value":62.7,"estimate":"q50"},{"bfs_id":4223,"rcp":"RCP2.6","period":"2060","key":"FD","value":68.4,"estimate":"q95"},{"bfs_id":4223,"rcp":"RCP2.6","period":"2085","key":"FD","value":51.8,"estimate":"q5"},{"bfs_id":4223,"rcp":"RCP2.6","period":"2085","key":"FD","value":64.1,"estimate":"q50"},{"bfs_id":4223,"rcp":"RCP2.6","period":"2085","key":"FD","value":70,"estimate":"q95"},{"bfs_id":4223,"rcp":"RCP8.5","period":"2035","key":"FD","value":52.7,"estimate":"q5"},{"bfs_id":4223,"rcp":"RCP8.5","period":"2035","key":"FD","value":63.1,"estimate":"q50"},{"bfs_id":4223,"rcp":"RCP8.5","period":"2035","key":"FD","value":68.4,"estimate":"q95"},{"bfs_id":4223,"rcp":"RCP8.5","period":"2060","key":"FD","value":41.7,"estimate":"q5"},{"bfs_id":4223,"rcp":"RCP8.5","period":"2060","key":"FD","value":49.7,"estimate":"q50"},{"bfs_id":4223,"rcp":"RCP8.5","period":"2060","key":"FD","value":56,"estimate":"q95"},{"bfs_id":4223,"rcp":"RCP8.5","period":"2085","key":"FD","value":25.6,"estimate":"q5"},{"bfs_id":4223,"rcp":"RCP8.5","period":"2085","key":"FD","value":31.2,"estimate":"q50"},{"bfs_id":4223,"rcp":"RCP8.5","period":"2085","key":"FD","value":40.1,"estimate":"q95"},{"bfs_id":4223,"rcp":"RCP2.6","period":"2035","key":"HD","value":10.6,"estimate":"q5"},{"bfs_id":4223,"rcp":"RCP2.6","period":"2035","key":"HD","value":13.6,"estimate":"q50"},{"bfs_id":4223,"rcp":"RCP2.6","period":"2035","key":"HD","value":19.4,"estimate":"q95"},{"bfs_id":4223,"rcp":"RCP2.6","period":"2060","key":"HD","value":11.3,"estimate":"q5"},{"bfs_id":4223,"rcp":"RCP2.6","period":"2060","key":"HD","value":13.4,"estimate":"q50"},{"bfs_id":4223,"rcp":"RCP2.6","period":"2060","key":"HD","value":21.8,"estimate":"q95"},{"bfs_id":4223,"rcp":"RCP2.6","period":"2085","key":"HD","value":11.2,"estimate":"q5"},{"bfs_id":4223,"rcp":"RCP2.6","period":"2085","key":"HD","value":13.2,"estimate":"q50"},{"bfs_id":4223,"rcp":"RCP2.6","period":"2085","key":"HD","value":20.9,"estimate":"q95"},{"bfs_id":4223,"rcp":"RCP8.5","period":"2035","key":"HD","value":11.2,"estimate":"q5"},{"bfs_id":4223,"rcp":"RCP8.5","period":"2035","key":"HD","value":14.9,"estimate":"q50"},{"bfs_id":4223,"rcp":"RCP8.5","period":"2035","key":"HD","value":21.6,"estimate":"q95"},{"bfs_id":4223,"rcp":"RCP8.5","period":"2060","key":"HD","value":18.1,"estimate":"q5"},{"bfs_id":4223,"rcp":"RCP8.5","period":"2060","key":"HD","value":24.7,"estimate":"q50"},{"bfs_id":4223,"rcp":"RCP8.5","period":"2060","key":"HD","value":37.9,"estimate":"q95"},{"bfs_id":4223,"rcp":"RCP8.5","period":"2085","key":"HD","value":31.2,"estimate":"q5"},{"bfs_id":4223,"rcp":"RCP8.5","period":"2085","key":"HD","value":35.5,"estimate":"q50"},{"bfs_id":4223,"rcp":"RCP8.5","period":"2085","key":"HD","value":64.3,"estimate":"q95"},{"bfs_id":4223,"rcp":"RCP2.6","period":"2035","key":"ID","value":9,"estimate":"q5"},{"bfs_id":4223,"rcp":"RCP2.6","period":"2035","key":"ID","value":12.8,"estimate":"q50"},{"bfs_id":4223,"rcp":"RCP2.6","period":"2035","key":"ID","value":16.5,"estimate":"q95"},{"bfs_id":4223,"rcp":"RCP2.6","period":"2060","key":"ID","value":8.8,"estimate":"q5"},{"bfs_id":4223,"rcp":"RCP2.6","period":"2060","key":"ID","value":12.9,"estimate":"q50"},{"bfs_id":4223,"rcp":"RCP2.6","period":"2060","key":"ID","value":15.5,"estimate":"q95"},{"bfs_id":4223,"rcp":"RCP2.6","period":"2085","key":"ID","value":9,"estimate":"q5"},{"bfs_id":4223,"rcp":"RCP2.6","period":"2085","key":"ID","value":11.3,"estimate":"q50"},{"bfs_id":4223,"rcp":"RCP2.6","period":"2085","key":"ID","value":14.9,"estimate":"q95"},{"bfs_id":4223,"rcp":"RCP8.5","period":"2035","key":"ID","value":9.2,"estimate":"q5"},{"bfs_id":4223,"rcp":"RCP8.5","period":"2035","key":"ID","value":11.1,"estimate":"q50"},{"bfs_id":4223,"rcp":"RCP8.5","period":"2035","key":"ID","value":15.9,"estimate":"q95"},{"bfs_id":4223,"rcp":"RCP8.5","period":"2060","key":"ID","value":5.7,"estimate":"q5"},{"bfs_id":4223,"rcp":"RCP8.5","period":"2060","key":"ID","value":8.4,"estimate":"q50"},{"bfs_id":4223,"rcp":"RCP8.5","period":"2060","key":"ID","value":10.6,"estimate":"q95"},{"bfs_id":4223,"rcp":"RCP8.5","period":"2085","key":"ID","value":1.6,"estimate":"q5"},{"bfs_id":4223,"rcp":"RCP8.5","period":"2085","key":"ID","value":3.5,"estimate":"q50"},{"bfs_id":4223,"rcp":"RCP8.5","period":"2085","key":"ID","value":6.1,"estimate":"q95"},{"bfs_id":4223,"rcp":"RCP2.6","period":"2035","key":"SD","value":53.4,"estimate":"q5"},{"bfs_id":4223,"rcp":"RCP2.6","period":"2035","key":"SD","value":58.7,"estimate":"q50"},{"bfs_id":4223,"rcp":"RCP2.6","period":"2035","key":"SD","value":67.1,"estimate":"q95"},{"bfs_id":4223,"rcp":"RCP2.6","period":"2060","key":"SD","value":53.8,"estimate":"q5"},{"bfs_id":4223,"rcp":"RCP2.6","period":"2060","key":"SD","value":60.2,"estimate":"q50"},{"bfs_id":4223,"rcp":"RCP2.6","period":"2060","key":"SD","value":66.4,"estimate":"q95"},{"bfs_id":4223,"rcp":"RCP2.6","period":"2085","key":"SD","value":53,"estimate":"q5"},{"bfs_id":4223,"rcp":"RCP2.6","period":"2085","key":"SD","value":60.8,"estimate":"q50"},{"bfs_id":4223,"rcp":"RCP2.6","period":"2085","key":"SD","value":65.9,"estimate":"q95"},{"bfs_id":4223,"rcp":"RCP8.5","period":"2035","key":"SD","value":56.1,"estimate":"q5"},{"bfs_id":4223,"rcp":"RCP8.5","period":"2035","key":"SD","value":61.9,"estimate":"q50"},{"bfs_id":4223,"rcp":"RCP8.5","period":"2035","key":"SD","value":67.7,"estimate":"q95"},{"bfs_id":4223,"rcp":"RCP8.5","period":"2060","key":"SD","value":71,"estimate":"q5"},{"bfs_id":4223,"rcp":"RCP8.5","period":"2060","key":"SD","value":75.8,"estimate":"q50"},{"bfs_id":4223,"rcp":"RCP8.5","period":"2060","key":"SD","value":91.6,"estimate":"q95"},{"bfs_id":4223,"rcp":"RCP8.5","period":"2085","key":"SD","value":86.9,"estimate":"q5"},{"bfs_id":4223,"rcp":"RCP8.5","period":"2085","key":"SD","value":99.2,"estimate":"q50"},{"bfs_id":4223,"rcp":"RCP8.5","period":"2085","key":"SD","value":118.7,"estimate":"q95"},{"bfs_id":4223,"rcp":"RCP2.6","period":"2035","key":"snowdays","value":10.9,"estimate":"q5"},{"bfs_id":4223,"rcp":"RCP2.6","period":"2035","key":"snowdays","value":15.9,"estimate":"q50"},{"bfs_id":4223,"rcp":"RCP2.6","period":"2035","key":"snowdays","value":18.1,"estimate":"q95"},{"bfs_id":4223,"rcp":"RCP2.6","period":"2060","key":"snowdays","value":9.7,"estimate":"q5"},{"bfs_id":4223,"rcp":"RCP2.6","period":"2060","key":"snowdays","value":14.7,"estimate":"q50"},{"bfs_id":4223,"rcp":"RCP2.6","period":"2060","key":"snowdays","value":18.2,"estimate":"q95"},{"bfs_id":4223,"rcp":"RCP2.6","period":"2085","key":"snowdays","value":9.7,"estimate":"q5"},{"bfs_id":4223,"rcp":"RCP2.6","period":"2085","key":"snowdays","value":14.9,"estimate":"q50"},{"bfs_id":4223,"rcp":"RCP2.6","period":"2085","key":"snowdays","value":17.8,"estimate":"q95"},{"bfs_id":4223,"rcp":"RCP8.5","period":"2035","key":"snowdays","value":9.3,"estimate":"q5"},{"bfs_id":4223,"rcp":"RCP8.5","period":"2035","key":"snowdays","value":14.1,"estimate":"q50"},{"bfs_id":4223,"rcp":"RCP8.5","period":"2035","key":"snowdays","value":17.8,"estimate":"q95"},{"bfs_id":4223,"rcp":"RCP8.5","period":"2060","key":"snowdays","value":6.8,"estimate":"q5"},{"bfs_id":4223,"rcp":"RCP8.5","period":"2060","key":"snowdays","value":10.9,"estimate":"q50"},{"bfs_id":4223,"rcp":"RCP8.5","period":"2060","key":"snowdays","value":13.2,"estimate":"q95"},{"bfs_id":4223,"rcp":"RCP8.5","period":"2085","key":"snowdays","value":3.1,"estimate":"q5"},{"bfs_id":4223,"rcp":"RCP8.5","period":"2085","key":"snowdays","value":6,"estimate":"q50"},{"bfs_id":4223,"rcp":"RCP8.5","period":"2085","key":"snowdays","value":8.4,"estimate":"q95"},{"bfs_id":4223,"rcp":"RCP2.6","period":"2035","key":"TN","value":0.3,"estimate":"q5"},{"bfs_id":4223,"rcp":"RCP2.6","period":"2035","key":"TN","value":0.9,"estimate":"q50"},{"bfs_id":4223,"rcp":"RCP2.6","period":"2035","key":"TN","value":2.2,"estimate":"q95"},{"bfs_id":4223,"rcp":"RCP2.6","period":"2060","key":"TN","value":0.5,"estimate":"q5"},{"bfs_id":4223,"rcp":"RCP2.6","period":"2060","key":"TN","value":1.1,"estimate":"q50"},{"bfs_id":4223,"rcp":"RCP2.6","period":"2060","key":"TN","value":2.7,"estimate":"q95"},{"bfs_id":4223,"rcp":"RCP2.6","period":"2085","key":"TN","value":0.4,"estimate":"q5"},{"bfs_id":4223,"rcp":"RCP2.6","period":"2085","key":"TN","value":1.2,"estimate":"q50"},{"bfs_id":4223,"rcp":"RCP2.6","period":"2085","key":"TN","value":2.2,"estimate":"q95"},{"bfs_id":4223,"rcp":"RCP8.5","period":"2035","key":"TN","value":0.7,"estimate":"q5"},{"bfs_id":4223,"rcp":"RCP8.5","period":"2035","key":"TN","value":1.2,"estimate":"q50"},{"bfs_id":4223,"rcp":"RCP8.5","period":"2035","key":"TN","value":3.4,"estimate":"q95"},{"bfs_id":4223,"rcp":"RCP8.5","period":"2060","key":"TN","value":2.8,"estimate":"q5"},{"bfs_id":4223,"rcp":"RCP8.5","period":"2060","key":"TN","value":4.6,"estimate":"q50"},{"bfs_id":4223,"rcp":"RCP8.5","period":"2060","key":"TN","value":10.4,"estimate":"q95"},{"bfs_id":4223,"rcp":"RCP8.5","period":"2085","key":"TN","value":9.5,"estimate":"q5"},{"bfs_id":4223,"rcp":"RCP8.5","period":"2085","key":"TN","value":14,"estimate":"q50"},{"bfs_id":4223,"rcp":"RCP8.5","period":"2085","key":"TN","value":32.5,"estimate":"q95"},{"bfs_id":4223,"rcp":"RCP2.6","period":"2035","key":"pr","value":2.2,"estimate":"q5","season":"DJF"},{"bfs_id":4223,"rcp":"RCP2.6","period":"2035","key":"pr","value":2.9,"estimate":"q5","season":"MAM"},{"bfs_id":4223,"rcp":"RCP2.6","period":"2035","key":"pr","value":3.6,"estimate":"q5","season":"JJA"},{"bfs_id":4223,"rcp":"RCP2.6","period":"2035","key":"pr","value":2.5,"estimate":"q5","season":"SON"},{"bfs_id":4223,"rcp":"RCP2.6","period":"2035","key":"pr","value":2.5,"estimate":"q50","season":"DJF"},{"bfs_id":4223,"rcp":"RCP2.6","period":"2035","key":"pr","value":3.3,"estimate":"q50","season":"MAM"},{"bfs_id":4223,"rcp":"RCP2.6","period":"2035","key":"pr","value":4.1,"estimate":"q50","season":"JJA"},{"bfs_id":4223,"rcp":"RCP2.6","period":"2035","key":"pr","value":2.8,"estimate":"q50","season":"SON"},{"bfs_id":4223,"rcp":"RCP2.6","period":"2035","key":"pr","value":2.9,"estimate":"q95","season":"DJF"},{"bfs_id":4223,"rcp":"RCP2.6","period":"2035","key":"pr","value":3.6,"estimate":"q95","season":"MAM"},{"bfs_id":4223,"rcp":"RCP2.6","period":"2035","key":"pr","value":4.4,"estimate":"q95","season":"JJA"},{"bfs_id":4223,"rcp":"RCP2.6","period":"2035","key":"pr","value":3.4,"estimate":"q95","season":"SON"},{"bfs_id":4223,"rcp":"RCP2.6","period":"2060","key":"pr","value":2.2,"estimate":"q5","season":"DJF"},{"bfs_id":4223,"rcp":"RCP2.6","period":"2060","key":"pr","value":3,"estimate":"q5","season":"MAM"},{"bfs_id":4223,"rcp":"RCP2.6","period":"2060","key":"pr","value":3.3,"estimate":"q5","season":"JJA"},{"bfs_id":4223,"rcp":"RCP2.6","period":"2060","key":"pr","value":2.6,"estimate":"q5","season":"SON"},{"bfs_id":4223,"rcp":"RCP2.6","period":"2060","key":"pr","value":2.4,"estimate":"q50","season":"DJF"},{"bfs_id":4223,"rcp":"RCP2.6","period":"2060","key":"pr","value":3.3,"estimate":"q50","season":"MAM"},{"bfs_id":4223,"rcp":"RCP2.6","period":"2060","key":"pr","value":4,"estimate":"q50","season":"JJA"},{"bfs_id":4223,"rcp":"RCP2.6","period":"2060","key":"pr","value":2.8,"estimate":"q50","season":"SON"},{"bfs_id":4223,"rcp":"RCP2.6","period":"2060","key":"pr","value":2.7,"estimate":"q95","season":"DJF"},{"bfs_id":4223,"rcp":"RCP2.6","period":"2060","key":"pr","value":3.5,"estimate":"q95","season":"MAM"},{"bfs_id":4223,"rcp":"RCP2.6","period":"2060","key":"pr","value":4.6,"estimate":"q95","season":"JJA"},{"bfs_id":4223,"rcp":"RCP2.6","period":"2060","key":"pr","value":3.3,"estimate":"q95","season":"SON"},{"bfs_id":4223,"rcp":"RCP2.6","period":"2085","key":"pr","value":2.1,"estimate":"q5","season":"DJF"},{"bfs_id":4223,"rcp":"RCP2.6","period":"2085","key":"pr","value":3,"estimate":"q5","season":"MAM"},{"bfs_id":4223,"rcp":"RCP2.6","period":"2085","key":"pr","value":3.3,"estimate":"q5","season":"JJA"},{"bfs_id":4223,"rcp":"RCP2.6","period":"2085","key":"pr","value":2.4,"estimate":"q5","season":"SON"},{"bfs_id":4223,"rcp":"RCP2.6","period":"2085","key":"pr","value":2.4,"estimate":"q50","season":"DJF"},{"bfs_id":4223,"rcp":"RCP2.6","period":"2085","key":"pr","value":3.2,"estimate":"q50","season":"MAM"},{"bfs_id":4223,"rcp":"RCP2.6","period":"2085","key":"pr","value":4.1,"estimate":"q50","season":"JJA"},{"bfs_id":4223,"rcp":"RCP2.6","period":"2085","key":"pr","value":2.8,"estimate":"q50","season":"SON"},{"bfs_id":4223,"rcp":"RCP2.6","period":"2085","key":"pr","value":2.8,"estimate":"q95","season":"DJF"},{"bfs_id":4223,"rcp":"RCP2.6","period":"2085","key":"pr","value":3.6,"estimate":"q95","season":"MAM"},{"bfs_id":4223,"rcp":"RCP2.6","period":"2085","key":"pr","value":4.5,"estimate":"q95","season":"JJA"},{"bfs_id":4223,"rcp":"RCP2.6","period":"2085","key":"pr","value":3.3,"estimate":"q95","season":"SON"},{"bfs_id":4223,"rcp":"RCP8.5","period":"2035","key":"pr","value":2.2,"estimate":"q5","season":"DJF"},{"bfs_id":4223,"rcp":"RCP8.5","period":"2035","key":"pr","value":3,"estimate":"q5","season":"MAM"},{"bfs_id":4223,"rcp":"RCP8.5","period":"2035","key":"pr","value":3.5,"estimate":"q5","season":"JJA"},{"bfs_id":4223,"rcp":"RCP8.5","period":"2035","key":"pr","value":2.5,"estimate":"q5","season":"SON"},{"bfs_id":4223,"rcp":"RCP8.5","period":"2035","key":"pr","value":2.6,"estimate":"q50","season":"DJF"},{"bfs_id":4223,"rcp":"RCP8.5","period":"2035","key":"pr","value":3.4,"estimate":"q50","season":"MAM"},{"bfs_id":4223,"rcp":"RCP8.5","period":"2035","key":"pr","value":4.1,"estimate":"q50","season":"JJA"},{"bfs_id":4223,"rcp":"RCP8.5","period":"2035","key":"pr","value":2.9,"estimate":"q50","season":"SON"},{"bfs_id":4223,"rcp":"RCP8.5","period":"2035","key":"pr","value":2.8,"estimate":"q95","season":"DJF"},{"bfs_id":4223,"rcp":"RCP8.5","period":"2035","key":"pr","value":3.7,"estimate":"q95","season":"MAM"},{"bfs_id":4223,"rcp":"RCP8.5","period":"2035","key":"pr","value":4.6,"estimate":"q95","season":"JJA"},{"bfs_id":4223,"rcp":"RCP8.5","period":"2035","key":"pr","value":3.4,"estimate":"q95","season":"SON"},{"bfs_id":4223,"rcp":"RCP8.5","period":"2060","key":"pr","value":2.4,"estimate":"q5","season":"DJF"},{"bfs_id":4223,"rcp":"RCP8.5","period":"2060","key":"pr","value":3.2,"estimate":"q5","season":"MAM"},{"bfs_id":4223,"rcp":"RCP8.5","period":"2060","key":"pr","value":2.8,"estimate":"q5","season":"JJA"},{"bfs_id":4223,"rcp":"RCP8.5","period":"2060","key":"pr","value":2.6,"estimate":"q5","season":"SON"},{"bfs_id":4223,"rcp":"RCP8.5","period":"2060","key":"pr","value":2.5,"estimate":"q50","season":"DJF"},{"bfs_id":4223,"rcp":"RCP8.5","period":"2060","key":"pr","value":3.5,"estimate":"q50","season":"MAM"},{"bfs_id":4223,"rcp":"RCP8.5","period":"2060","key":"pr","value":4,"estimate":"q50","season":"JJA"},{"bfs_id":4223,"rcp":"RCP8.5","period":"2060","key":"pr","value":2.8,"estimate":"q50","season":"SON"},{"bfs_id":4223,"rcp":"RCP8.5","period":"2060","key":"pr","value":2.9,"estimate":"q95","season":"DJF"},{"bfs_id":4223,"rcp":"RCP8.5","period":"2060","key":"pr","value":3.9,"estimate":"q95","season":"MAM"},{"bfs_id":4223,"rcp":"RCP8.5","period":"2060","key":"pr","value":4.3,"estimate":"q95","season":"JJA"},{"bfs_id":4223,"rcp":"RCP8.5","period":"2060","key":"pr","value":3.2,"estimate":"q95","season":"SON"},{"bfs_id":4223,"rcp":"RCP8.5","period":"2085","key":"pr","value":2.5,"estimate":"q5","season":"DJF"},{"bfs_id":4223,"rcp":"RCP8.5","period":"2085","key":"pr","value":3.2,"estimate":"q5","season":"MAM"},{"bfs_id":4223,"rcp":"RCP8.5","period":"2085","key":"pr","value":2.5,"estimate":"q5","season":"JJA"},{"bfs_id":4223,"rcp":"RCP8.5","period":"2085","key":"pr","value":2.3,"estimate":"q5","season":"SON"},{"bfs_id":4223,"rcp":"RCP8.5","period":"2085","key":"pr","value":2.8,"estimate":"q50","season":"DJF"},{"bfs_id":4223,"rcp":"RCP8.5","period":"2085","key":"pr","value":3.6,"estimate":"q50","season":"MAM"},{"bfs_id":4223,"rcp":"RCP8.5","period":"2085","key":"pr","value":3.5,"estimate":"q50","season":"JJA"},{"bfs_id":4223,"rcp":"RCP8.5","period":"2085","key":"pr","value":2.8,"estimate":"q50","season":"SON"},{"bfs_id":4223,"rcp":"RCP8.5","period":"2085","key":"pr","value":3.2,"estimate":"q95","season":"DJF"},{"bfs_id":4223,"rcp":"RCP8.5","period":"2085","key":"pr","value":4,"estimate":"q95","season":"MAM"},{"bfs_id":4223,"rcp":"RCP8.5","period":"2085","key":"pr","value":3.9,"estimate":"q95","season":"JJA"},{"bfs_id":4223,"rcp":"RCP8.5","period":"2085","key":"pr","value":3.4,"estimate":"q95","season":"SON"},{"bfs_id":4223,"rcp":"RCP2.6","period":"2035","key":"tas","value":1.9,"estimate":"q5","season":"DJF"},{"bfs_id":4223,"rcp":"RCP2.6","period":"2035","key":"tas","value":9.6,"estimate":"q5","season":"MAM"},{"bfs_id":4223,"rcp":"RCP2.6","period":"2035","key":"tas","value":18.7,"estimate":"q5","season":"JJA"},{"bfs_id":4223,"rcp":"RCP2.6","period":"2035","key":"tas","value":10.5,"estimate":"q5","season":"SON"},{"bfs_id":4223,"rcp":"RCP2.6","period":"2035","key":"tas","value":2.5,"estimate":"q50","season":"DJF"},{"bfs_id":4223,"rcp":"RCP2.6","period":"2035","key":"tas","value":10.1,"estimate":"q50","season":"MAM"},{"bfs_id":4223,"rcp":"RCP2.6","period":"2035","key":"tas","value":19.3,"estimate":"q50","season":"JJA"},{"bfs_id":4223,"rcp":"RCP2.6","period":"2035","key":"tas","value":10.8,"estimate":"q50","season":"SON"},{"bfs_id":4223,"rcp":"RCP2.6","period":"2035","key":"tas","value":3.2,"estimate":"q95","season":"DJF"},{"bfs_id":4223,"rcp":"RCP2.6","period":"2035","key":"tas","value":10.5,"estimate":"q95","season":"MAM"},{"bfs_id":4223,"rcp":"RCP2.6","period":"2035","key":"tas","value":19.9,"estimate":"q95","season":"JJA"},{"bfs_id":4223,"rcp":"RCP2.6","period":"2035","key":"tas","value":11.7,"estimate":"q95","season":"SON"},{"bfs_id":4223,"rcp":"RCP2.6","period":"2060","key":"tas","value":2,"estimate":"q5","season":"DJF"},{"bfs_id":4223,"rcp":"RCP2.6","period":"2060","key":"tas","value":9.5,"estimate":"q5","season":"MAM"},{"bfs_id":4223,"rcp":"RCP2.6","period":"2060","key":"tas","value":19,"estimate":"q5","season":"JJA"},{"bfs_id":4223,"rcp":"RCP2.6","period":"2060","key":"tas","value":10.7,"estimate":"q5","season":"SON"},{"bfs_id":4223,"rcp":"RCP2.6","period":"2060","key":"tas","value":2.7,"estimate":"q50","season":"DJF"},{"bfs_id":4223,"rcp":"RCP2.6","period":"2060","key":"tas","value":10.2,"estimate":"q50","season":"MAM"},{"bfs_id":4223,"rcp":"RCP2.6","period":"2060","key":"tas","value":19.4,"estimate":"q50","season":"JJA"},{"bfs_id":4223,"rcp":"RCP2.6","period":"2060","key":"tas","value":11.1,"estimate":"q50","season":"SON"},{"bfs_id":4223,"rcp":"RCP2.6","period":"2060","key":"tas","value":3.3,"estimate":"q95","season":"DJF"},{"bfs_id":4223,"rcp":"RCP2.6","period":"2060","key":"tas","value":10.7,"estimate":"q95","season":"MAM"},{"bfs_id":4223,"rcp":"RCP2.6","period":"2060","key":"tas","value":20,"estimate":"q95","season":"JJA"},{"bfs_id":4223,"rcp":"RCP2.6","period":"2060","key":"tas","value":12,"estimate":"q95","season":"SON"},{"bfs_id":4223,"rcp":"RCP2.6","period":"2085","key":"tas","value":2,"estimate":"q5","season":"DJF"},{"bfs_id":4223,"rcp":"RCP2.6","period":"2085","key":"tas","value":9.6,"estimate":"q5","season":"MAM"},{"bfs_id":4223,"rcp":"RCP2.6","period":"2085","key":"tas","value":18.9,"estimate":"q5","season":"JJA"},{"bfs_id":4223,"rcp":"RCP2.6","period":"2085","key":"tas","value":10.5,"estimate":"q5","season":"SON"},{"bfs_id":4223,"rcp":"RCP2.6","period":"2085","key":"tas","value":2.7,"estimate":"q50","season":"DJF"},{"bfs_id":4223,"rcp":"RCP2.6","period":"2085","key":"tas","value":10.3,"estimate":"q50","season":"MAM"},{"bfs_id":4223,"rcp":"RCP2.6","period":"2085","key":"tas","value":19.3,"estimate":"q50","season":"JJA"},{"bfs_id":4223,"rcp":"RCP2.6","period":"2085","key":"tas","value":11,"estimate":"q50","season":"SON"},{"bfs_id":4223,"rcp":"RCP2.6","period":"2085","key":"tas","value":3.3,"estimate":"q95","season":"DJF"},{"bfs_id":4223,"rcp":"RCP2.6","period":"2085","key":"tas","value":10.8,"estimate":"q95","season":"MAM"},{"bfs_id":4223,"rcp":"RCP2.6","period":"2085","key":"tas","value":19.9,"estimate":"q95","season":"JJA"},{"bfs_id":4223,"rcp":"RCP2.6","period":"2085","key":"tas","value":12,"estimate":"q95","season":"SON"},{"bfs_id":4223,"rcp":"RCP8.5","period":"2035","key":"tas","value":1.8,"estimate":"q5","season":"DJF"},{"bfs_id":4223,"rcp":"RCP8.5","period":"2035","key":"tas","value":9.9,"estimate":"q5","season":"MAM"},{"bfs_id":4223,"rcp":"RCP8.5","period":"2035","key":"tas","value":19.1,"estimate":"q5","season":"JJA"},{"bfs_id":4223,"rcp":"RCP8.5","period":"2035","key":"tas","value":10.7,"estimate":"q5","season":"SON"},{"bfs_id":4223,"rcp":"RCP8.5","period":"2035","key":"tas","value":2.7,"estimate":"q50","season":"DJF"},{"bfs_id":4223,"rcp":"RCP8.5","period":"2035","key":"tas","value":10.2,"estimate":"q50","season":"MAM"},{"bfs_id":4223,"rcp":"RCP8.5","period":"2035","key":"tas","value":19.5,"estimate":"q50","season":"JJA"},{"bfs_id":4223,"rcp":"RCP8.5","period":"2035","key":"tas","value":11.2,"estimate":"q50","season":"SON"},{"bfs_id":4223,"rcp":"RCP8.5","period":"2035","key":"tas","value":3.2,"estimate":"q95","season":"DJF"},{"bfs_id":4223,"rcp":"RCP8.5","period":"2035","key":"tas","value":10.6,"estimate":"q95","season":"MAM"},{"bfs_id":4223,"rcp":"RCP8.5","period":"2035","key":"tas","value":20.2,"estimate":"q95","season":"JJA"},{"bfs_id":4223,"rcp":"RCP8.5","period":"2035","key":"tas","value":12,"estimate":"q95","season":"SON"},{"bfs_id":4223,"rcp":"RCP8.5","period":"2060","key":"tas","value":3.2,"estimate":"q5","season":"DJF"},{"bfs_id":4223,"rcp":"RCP8.5","period":"2060","key":"tas","value":10.6,"estimate":"q5","season":"MAM"},{"bfs_id":4223,"rcp":"RCP8.5","period":"2060","key":"tas","value":20.2,"estimate":"q5","season":"JJA"},{"bfs_id":4223,"rcp":"RCP8.5","period":"2060","key":"tas","value":11.8,"estimate":"q5","season":"SON"},{"bfs_id":4223,"rcp":"RCP8.5","period":"2060","key":"tas","value":3.5,"estimate":"q50","season":"DJF"},{"bfs_id":4223,"rcp":"RCP8.5","period":"2060","key":"tas","value":11.1,"estimate":"q50","season":"MAM"},{"bfs_id":4223,"rcp":"RCP8.5","period":"2060","key":"tas","value":20.7,"estimate":"q50","season":"JJA"},{"bfs_id":4223,"rcp":"RCP8.5","period":"2060","key":"tas","value":12.4,"estimate":"q50","season":"SON"},{"bfs_id":4223,"rcp":"RCP8.5","period":"2060","key":"tas","value":4.2,"estimate":"q95","season":"DJF"},{"bfs_id":4223,"rcp":"RCP8.5","period":"2060","key":"tas","value":11.7,"estimate":"q95","season":"MAM"},{"bfs_id":4223,"rcp":"RCP8.5","period":"2060","key":"tas","value":21.9,"estimate":"q95","season":"JJA"},{"bfs_id":4223,"rcp":"RCP8.5","period":"2060","key":"tas","value":13.3,"estimate":"q95","season":"SON"},{"bfs_id":4223,"rcp":"RCP8.5","period":"2085","key":"tas","value":4.2,"estimate":"q5","season":"DJF"},{"bfs_id":4223,"rcp":"RCP8.5","period":"2085","key":"tas","value":11.7,"estimate":"q5","season":"MAM"},{"bfs_id":4223,"rcp":"RCP8.5","period":"2085","key":"tas","value":21.6,"estimate":"q5","season":"JJA"},{"bfs_id":4223,"rcp":"RCP8.5","period":"2085","key":"tas","value":12.8,"estimate":"q5","season":"SON"},{"bfs_id":4223,"rcp":"RCP8.5","period":"2085","key":"tas","value":5.3,"estimate":"q50","season":"DJF"},{"bfs_id":4223,"rcp":"RCP8.5","period":"2085","key":"tas","value":12.6,"estimate":"q50","season":"MAM"},{"bfs_id":4223,"rcp":"RCP8.5","period":"2085","key":"tas","value":22.3,"estimate":"q50","season":"JJA"},{"bfs_id":4223,"rcp":"RCP8.5","period":"2085","key":"tas","value":13.7,"estimate":"q50","season":"SON"},{"bfs_id":4223,"rcp":"RCP8.5","period":"2085","key":"tas","value":6,"estimate":"q95","season":"DJF"},{"bfs_id":4223,"rcp":"RCP8.5","period":"2085","key":"tas","value":13.4,"estimate":"q95","season":"MAM"},{"bfs_id":4223,"rcp":"RCP8.5","period":"2085","key":"tas","value":24.6,"estimate":"q95","season":"JJA"},{"bfs_id":4223,"rcp":"RCP8.5","period":"2085","key":"tas","value":15.5,"estimate":"q95","season":"SON"},{"bfs_id":4223,"rcp":"obs","period":"1981-2010","key":"FD","value":79.6,"estimate":"yearly_mean"},{"bfs_id":4223,"rcp":"obs","period":"1981-2010","key":"HD","value":7.6,"estimate":"yearly_mean"},{"bfs_id":4223,"rcp":"obs","period":"1981-2010","key":"ID","value":18.4,"estimate":"yearly_mean"},{"bfs_id":4223,"rcp":"obs","period":"1981-2010","key":"SD","value":45.8,"estimate":"yearly_mean"},{"bfs_id":4223,"rcp":"obs","period":"1981-2010","key":"snowdays","value":16.1,"estimate":"yearly_mean"},{"bfs_id":4223,"rcp":"obs","period":"1981-2010","key":"TN","value":0,"estimate":"yearly_mean"},{"bfs_id":4223,"rcp":"obs","period":"1981-2010","key":"pr","value":2.2,"estimate":"mean","season":"DJF"},{"bfs_id":4223,"rcp":"obs","period":"1981-2010","key":"pr","value":3.1,"estimate":"mean","season":"MAM"},{"bfs_id":4223,"rcp":"obs","period":"1981-2010","key":"pr","value":4.5,"estimate":"mean","season":"JJA"},{"bfs_id":4223,"rcp":"obs","period":"1981-2010","key":"pr","value":2.8,"estimate":"mean","season":"SON"},{"bfs_id":4223,"rcp":"obs","period":"1981-2010","key":"tas","value":1.3,"estimate":"mean","season":"DJF"},{"bfs_id":4223,"rcp":"obs","period":"1981-2010","key":"tas","value":9.5,"estimate":"mean","season":"MAM"},{"bfs_id":4223,"rcp":"obs","period":"1981-2010","key":"tas","value":18.2,"estimate":"mean","season":"JJA"},{"bfs_id":4223,"rcp":"obs","period":"1981-2010","key":"tas","value":9.8,"estimate":"mean","season":"SON"}]
