[{"bfs_id":5756,"rcp":"RCP2.6","period":"2035","key":"FD","value":45.6,"estimate":"q5"},{"bfs_id":5756,"rcp":"RCP2.6","period":"2035","key":"FD","value":54.2,"estimate":"q50"},{"bfs_id":5756,"rcp":"RCP2.6","period":"2035","key":"FD","value":59.6,"estimate":"q95"},{"bfs_id":5756,"rcp":"RCP2.6","period":"2060","key":"FD","value":42.5,"estimate":"q5"},{"bfs_id":5756,"rcp":"RCP2.6","period":"2060","key":"FD","value":51.1,"estimate":"q50"},{"bfs_id":5756,"rcp":"RCP2.6","period":"2060","key":"FD","value":56.8,"estimate":"q95"},{"bfs_id":5756,"rcp":"RCP2.6","period":"2085","key":"FD","value":42.6,"estimate":"q5"},{"bfs_id":5756,"rcp":"RCP2.6","period":"2085","key":"FD","value":51.6,"estimate":"q50"},{"bfs_id":5756,"rcp":"RCP2.6","period":"2085","key":"FD","value":58,"estimate":"q95"},{"bfs_id":5756,"rcp":"RCP8.5","period":"2035","key":"FD","value":42.2,"estimate":"q5"},{"bfs_id":5756,"rcp":"RCP8.5","period":"2035","key":"FD","value":51.4,"estimate":"q50"},{"bfs_id":5756,"rcp":"RCP8.5","period":"2035","key":"FD","value":56.1,"estimate":"q95"},{"bfs_id":5756,"rcp":"RCP8.5","period":"2060","key":"FD","value":31.6,"estimate":"q5"},{"bfs_id":5756,"rcp":"RCP8.5","period":"2060","key":"FD","value":38.1,"estimate":"q50"},{"bfs_id":5756,"rcp":"RCP8.5","period":"2060","key":"FD","value":45.5,"estimate":"q95"},{"bfs_id":5756,"rcp":"RCP8.5","period":"2085","key":"FD","value":16.8,"estimate":"q5"},{"bfs_id":5756,"rcp":"RCP8.5","period":"2085","key":"FD","value":22.1,"estimate":"q50"},{"bfs_id":5756,"rcp":"RCP8.5","period":"2085","key":"FD","value":31,"estimate":"q95"},{"bfs_id":5756,"rcp":"RCP2.6","period":"2035","key":"HD","value":6.6,"estimate":"q5"},{"bfs_id":5756,"rcp":"RCP2.6","period":"2035","key":"HD","value":10.2,"estimate":"q50"},{"bfs_id":5756,"rcp":"RCP2.6","period":"2035","key":"HD","value":14.7,"estimate":"q95"},{"bfs_id":5756,"rcp":"RCP2.6","period":"2060","key":"HD","value":7.5,"estimate":"q5"},{"bfs_id":5756,"rcp":"RCP2.6","period":"2060","key":"HD","value":10.4,"estimate":"q50"},{"bfs_id":5756,"rcp":"RCP2.6","period":"2060","key":"HD","value":17.7,"estimate":"q95"},{"bfs_id":5756,"rcp":"RCP2.6","period":"2085","key":"HD","value":7.4,"estimate":"q5"},{"bfs_id":5756,"rcp":"RCP2.6","period":"2085","key":"HD","value":9.3,"estimate":"q50"},{"bfs_id":5756,"rcp":"RCP2.6","period":"2085","key":"HD","value":16.9,"estimate":"q95"},{"bfs_id":5756,"rcp":"RCP8.5","period":"2035","key":"HD","value":8.4,"estimate":"q5"},{"bfs_id":5756,"rcp":"RCP8.5","period":"2035","key":"HD","value":10,"estimate":"q50"},{"bfs_id":5756,"rcp":"RCP8.5","period":"2035","key":"HD","value":15.9,"estimate":"q95"},{"bfs_id":5756,"rcp":"RCP8.5","period":"2060","key":"HD","value":13.5,"estimate":"q5"},{"bfs_id":5756,"rcp":"RCP8.5","period":"2060","key":"HD","value":19,"estimate":"q50"},{"bfs_id":5756,"rcp":"RCP8.5","period":"2060","key":"HD","value":31.8,"estimate":"q95"},{"bfs_id":5756,"rcp":"RCP8.5","period":"2085","key":"HD","value":25.3,"estimate":"q5"},{"bfs_id":5756,"rcp":"RCP8.5","period":"2085","key":"HD","value":33.9,"estimate":"q50"},{"bfs_id":5756,"rcp":"RCP8.5","period":"2085","key":"HD","value":55.4,"estimate":"q95"},{"bfs_id":5756,"rcp":"RCP2.6","period":"2035","key":"ID","value":7,"estimate":"q5"},{"bfs_id":5756,"rcp":"RCP2.6","period":"2035","key":"ID","value":9.4,"estimate":"q50"},{"bfs_id":5756,"rcp":"RCP2.6","period":"2035","key":"ID","value":12.3,"estimate":"q95"},{"bfs_id":5756,"rcp":"RCP2.6","period":"2060","key":"ID","value":6.2,"estimate":"q5"},{"bfs_id":5756,"rcp":"RCP2.6","period":"2060","key":"ID","value":9.1,"estimate":"q50"},{"bfs_id":5756,"rcp":"RCP2.6","period":"2060","key":"ID","value":11.5,"estimate":"q95"},{"bfs_id":5756,"rcp":"RCP2.6","period":"2085","key":"ID","value":6.8,"estimate":"q5"},{"bfs_id":5756,"rcp":"RCP2.6","period":"2085","key":"ID","value":8.7,"estimate":"q50"},{"bfs_id":5756,"rcp":"RCP2.6","period":"2085","key":"ID","value":11.5,"estimate":"q95"},{"bfs_id":5756,"rcp":"RCP8.5","period":"2035","key":"ID","value":6.5,"estimate":"q5"},{"bfs_id":5756,"rcp":"RCP8.5","period":"2035","key":"ID","value":8.1,"estimate":"q50"},{"bfs_id":5756,"rcp":"RCP8.5","period":"2035","key":"ID","value":11.2,"estimate":"q95"},{"bfs_id":5756,"rcp":"RCP8.5","period":"2060","key":"ID","value":4.2,"estimate":"q5"},{"bfs_id":5756,"rcp":"RCP8.5","period":"2060","key":"ID","value":5.9,"estimate":"q50"},{"bfs_id":5756,"rcp":"RCP8.5","period":"2060","key":"ID","value":7.7,"estimate":"q95"},{"bfs_id":5756,"rcp":"RCP8.5","period":"2085","key":"ID","value":1.1,"estimate":"q5"},{"bfs_id":5756,"rcp":"RCP8.5","period":"2085","key":"ID","value":2.3,"estimate":"q50"},{"bfs_id":5756,"rcp":"RCP8.5","period":"2085","key":"ID","value":4.3,"estimate":"q95"},{"bfs_id":5756,"rcp":"RCP2.6","period":"2035","key":"SD","value":45.7,"estimate":"q5"},{"bfs_id":5756,"rcp":"RCP2.6","period":"2035","key":"SD","value":52.9,"estimate":"q50"},{"bfs_id":5756,"rcp":"RCP2.6","period":"2035","key":"SD","value":59.8,"estimate":"q95"},{"bfs_id":5756,"rcp":"RCP2.6","period":"2060","key":"SD","value":47.5,"estimate":"q5"},{"bfs_id":5756,"rcp":"RCP2.6","period":"2060","key":"SD","value":54.1,"estimate":"q50"},{"bfs_id":5756,"rcp":"RCP2.6","period":"2060","key":"SD","value":59.9,"estimate":"q95"},{"bfs_id":5756,"rcp":"RCP2.6","period":"2085","key":"SD","value":46.7,"estimate":"q5"},{"bfs_id":5756,"rcp":"RCP2.6","period":"2085","key":"SD","value":53.3,"estimate":"q50"},{"bfs_id":5756,"rcp":"RCP2.6","period":"2085","key":"SD","value":59.5,"estimate":"q95"},{"bfs_id":5756,"rcp":"RCP8.5","period":"2035","key":"SD","value":50,"estimate":"q5"},{"bfs_id":5756,"rcp":"RCP8.5","period":"2035","key":"SD","value":54.9,"estimate":"q50"},{"bfs_id":5756,"rcp":"RCP8.5","period":"2035","key":"SD","value":61.7,"estimate":"q95"},{"bfs_id":5756,"rcp":"RCP8.5","period":"2060","key":"SD","value":64.1,"estimate":"q5"},{"bfs_id":5756,"rcp":"RCP8.5","period":"2060","key":"SD","value":69.4,"estimate":"q50"},{"bfs_id":5756,"rcp":"RCP8.5","period":"2060","key":"SD","value":84.2,"estimate":"q95"},{"bfs_id":5756,"rcp":"RCP8.5","period":"2085","key":"SD","value":79.8,"estimate":"q5"},{"bfs_id":5756,"rcp":"RCP8.5","period":"2085","key":"SD","value":90.6,"estimate":"q50"},{"bfs_id":5756,"rcp":"RCP8.5","period":"2085","key":"SD","value":110.4,"estimate":"q95"},{"bfs_id":5756,"rcp":"RCP2.6","period":"2035","key":"snowdays","value":8.2,"estimate":"q5"},{"bfs_id":5756,"rcp":"RCP2.6","period":"2035","key":"snowdays","value":12.8,"estimate":"q50"},{"bfs_id":5756,"rcp":"RCP2.6","period":"2035","key":"snowdays","value":14.2,"estimate":"q95"},{"bfs_id":5756,"rcp":"RCP2.6","period":"2060","key":"snowdays","value":7.8,"estimate":"q5"},{"bfs_id":5756,"rcp":"RCP2.6","period":"2060","key":"snowdays","value":11.2,"estimate":"q50"},{"bfs_id":5756,"rcp":"RCP2.6","period":"2060","key":"snowdays","value":14.1,"estimate":"q95"},{"bfs_id":5756,"rcp":"RCP2.6","period":"2085","key":"snowdays","value":7.3,"estimate":"q5"},{"bfs_id":5756,"rcp":"RCP2.6","period":"2085","key":"snowdays","value":11.5,"estimate":"q50"},{"bfs_id":5756,"rcp":"RCP2.6","period":"2085","key":"snowdays","value":14.4,"estimate":"q95"},{"bfs_id":5756,"rcp":"RCP8.5","period":"2035","key":"snowdays","value":6.5,"estimate":"q5"},{"bfs_id":5756,"rcp":"RCP8.5","period":"2035","key":"snowdays","value":11.1,"estimate":"q50"},{"bfs_id":5756,"rcp":"RCP8.5","period":"2035","key":"snowdays","value":14.7,"estimate":"q95"},{"bfs_id":5756,"rcp":"RCP8.5","period":"2060","key":"snowdays","value":4.5,"estimate":"q5"},{"bfs_id":5756,"rcp":"RCP8.5","period":"2060","key":"snowdays","value":7.9,"estimate":"q50"},{"bfs_id":5756,"rcp":"RCP8.5","period":"2060","key":"snowdays","value":9.8,"estimate":"q95"},{"bfs_id":5756,"rcp":"RCP8.5","period":"2085","key":"snowdays","value":1.7,"estimate":"q5"},{"bfs_id":5756,"rcp":"RCP8.5","period":"2085","key":"snowdays","value":4.3,"estimate":"q50"},{"bfs_id":5756,"rcp":"RCP8.5","period":"2085","key":"snowdays","value":6.4,"estimate":"q95"},{"bfs_id":5756,"rcp":"RCP2.6","period":"2035","key":"TN","value":0.8,"estimate":"q5"},{"bfs_id":5756,"rcp":"RCP2.6","period":"2035","key":"TN","value":2.2,"estimate":"q50"},{"bfs_id":5756,"rcp":"RCP2.6","period":"2035","key":"TN","value":3.3,"estimate":"q95"},{"bfs_id":5756,"rcp":"RCP2.6","period":"2060","key":"TN","value":1.3,"estimate":"q5"},{"bfs_id":5756,"rcp":"RCP2.6","period":"2060","key":"TN","value":2.1,"estimate":"q50"},{"bfs_id":5756,"rcp":"RCP2.6","period":"2060","key":"TN","value":3.9,"estimate":"q95"},{"bfs_id":5756,"rcp":"RCP2.6","period":"2085","key":"TN","value":1.2,"estimate":"q5"},{"bfs_id":5756,"rcp":"RCP2.6","period":"2085","key":"TN","value":2,"estimate":"q50"},{"bfs_id":5756,"rcp":"RCP2.6","period":"2085","key":"TN","value":3.9,"estimate":"q95"},{"bfs_id":5756,"rcp":"RCP8.5","period":"2035","key":"TN","value":1.8,"estimate":"q5"},{"bfs_id":5756,"rcp":"RCP8.5","period":"2035","key":"TN","value":2.6,"estimate":"q50"},{"bfs_id":5756,"rcp":"RCP8.5","period":"2035","key":"TN","value":5.3,"estimate":"q95"},{"bfs_id":5756,"rcp":"RCP8.5","period":"2060","key":"TN","value":4.7,"estimate":"q5"},{"bfs_id":5756,"rcp":"RCP8.5","period":"2060","key":"TN","value":8.7,"estimate":"q50"},{"bfs_id":5756,"rcp":"RCP8.5","period":"2060","key":"TN","value":14.1,"estimate":"q95"},{"bfs_id":5756,"rcp":"RCP8.5","period":"2085","key":"TN","value":12.3,"estimate":"q5"},{"bfs_id":5756,"rcp":"RCP8.5","period":"2085","key":"TN","value":17.6,"estimate":"q50"},{"bfs_id":5756,"rcp":"RCP8.5","period":"2085","key":"TN","value":38.8,"estimate":"q95"},{"bfs_id":5756,"rcp":"RCP2.6","period":"2035","key":"pr","value":2.4,"estimate":"q5","season":"DJF"},{"bfs_id":5756,"rcp":"RCP2.6","period":"2035","key":"pr","value":2.2,"estimate":"q5","season":"MAM"},{"bfs_id":5756,"rcp":"RCP2.6","period":"2035","key":"pr","value":2.3,"estimate":"q5","season":"JJA"},{"bfs_id":5756,"rcp":"RCP2.6","period":"2035","key":"pr","value":2.5,"estimate":"q5","season":"SON"},{"bfs_id":5756,"rcp":"RCP2.6","period":"2035","key":"pr","value":2.9,"estimate":"q50","season":"DJF"},{"bfs_id":5756,"rcp":"RCP2.6","period":"2035","key":"pr","value":2.6,"estimate":"q50","season":"MAM"},{"bfs_id":5756,"rcp":"RCP2.6","period":"2035","key":"pr","value":2.6,"estimate":"q50","season":"JJA"},{"bfs_id":5756,"rcp":"RCP2.6","period":"2035","key":"pr","value":2.8,"estimate":"q50","season":"SON"},{"bfs_id":5756,"rcp":"RCP2.6","period":"2035","key":"pr","value":3.3,"estimate":"q95","season":"DJF"},{"bfs_id":5756,"rcp":"RCP2.6","period":"2035","key":"pr","value":2.9,"estimate":"q95","season":"MAM"},{"bfs_id":5756,"rcp":"RCP2.6","period":"2035","key":"pr","value":3,"estimate":"q95","season":"JJA"},{"bfs_id":5756,"rcp":"RCP2.6","period":"2035","key":"pr","value":3.2,"estimate":"q95","season":"SON"},{"bfs_id":5756,"rcp":"RCP2.6","period":"2060","key":"pr","value":2.6,"estimate":"q5","season":"DJF"},{"bfs_id":5756,"rcp":"RCP2.6","period":"2060","key":"pr","value":2.4,"estimate":"q5","season":"MAM"},{"bfs_id":5756,"rcp":"RCP2.6","period":"2060","key":"pr","value":2.2,"estimate":"q5","season":"JJA"},{"bfs_id":5756,"rcp":"RCP2.6","period":"2060","key":"pr","value":2.6,"estimate":"q5","season":"SON"},{"bfs_id":5756,"rcp":"RCP2.6","period":"2060","key":"pr","value":2.9,"estimate":"q50","season":"DJF"},{"bfs_id":5756,"rcp":"RCP2.6","period":"2060","key":"pr","value":2.6,"estimate":"q50","season":"MAM"},{"bfs_id":5756,"rcp":"RCP2.6","period":"2060","key":"pr","value":2.6,"estimate":"q50","season":"JJA"},{"bfs_id":5756,"rcp":"RCP2.6","period":"2060","key":"pr","value":2.8,"estimate":"q50","season":"SON"},{"bfs_id":5756,"rcp":"RCP2.6","period":"2060","key":"pr","value":3.2,"estimate":"q95","season":"DJF"},{"bfs_id":5756,"rcp":"RCP2.6","period":"2060","key":"pr","value":2.9,"estimate":"q95","season":"MAM"},{"bfs_id":5756,"rcp":"RCP2.6","period":"2060","key":"pr","value":2.9,"estimate":"q95","season":"JJA"},{"bfs_id":5756,"rcp":"RCP2.6","period":"2060","key":"pr","value":3.1,"estimate":"q95","season":"SON"},{"bfs_id":5756,"rcp":"RCP2.6","period":"2085","key":"pr","value":2.4,"estimate":"q5","season":"DJF"},{"bfs_id":5756,"rcp":"RCP2.6","period":"2085","key":"pr","value":2.4,"estimate":"q5","season":"MAM"},{"bfs_id":5756,"rcp":"RCP2.6","period":"2085","key":"pr","value":2.2,"estimate":"q5","season":"JJA"},{"bfs_id":5756,"rcp":"RCP2.6","period":"2085","key":"pr","value":2.5,"estimate":"q5","season":"SON"},{"bfs_id":5756,"rcp":"RCP2.6","period":"2085","key":"pr","value":2.9,"estimate":"q50","season":"DJF"},{"bfs_id":5756,"rcp":"RCP2.6","period":"2085","key":"pr","value":2.6,"estimate":"q50","season":"MAM"},{"bfs_id":5756,"rcp":"RCP2.6","period":"2085","key":"pr","value":2.7,"estimate":"q50","season":"JJA"},{"bfs_id":5756,"rcp":"RCP2.6","period":"2085","key":"pr","value":2.7,"estimate":"q50","season":"SON"},{"bfs_id":5756,"rcp":"RCP2.6","period":"2085","key":"pr","value":3.2,"estimate":"q95","season":"DJF"},{"bfs_id":5756,"rcp":"RCP2.6","period":"2085","key":"pr","value":2.9,"estimate":"q95","season":"MAM"},{"bfs_id":5756,"rcp":"RCP2.6","period":"2085","key":"pr","value":3,"estimate":"q95","season":"JJA"},{"bfs_id":5756,"rcp":"RCP2.6","period":"2085","key":"pr","value":3.1,"estimate":"q95","season":"SON"},{"bfs_id":5756,"rcp":"RCP8.5","period":"2035","key":"pr","value":2.6,"estimate":"q5","season":"DJF"},{"bfs_id":5756,"rcp":"RCP8.5","period":"2035","key":"pr","value":2.4,"estimate":"q5","season":"MAM"},{"bfs_id":5756,"rcp":"RCP8.5","period":"2035","key":"pr","value":2.1,"estimate":"q5","season":"JJA"},{"bfs_id":5756,"rcp":"RCP8.5","period":"2035","key":"pr","value":2.5,"estimate":"q5","season":"SON"},{"bfs_id":5756,"rcp":"RCP8.5","period":"2035","key":"pr","value":3,"estimate":"q50","season":"DJF"},{"bfs_id":5756,"rcp":"RCP8.5","period":"2035","key":"pr","value":2.8,"estimate":"q50","season":"MAM"},{"bfs_id":5756,"rcp":"RCP8.5","period":"2035","key":"pr","value":2.7,"estimate":"q50","season":"JJA"},{"bfs_id":5756,"rcp":"RCP8.5","period":"2035","key":"pr","value":2.9,"estimate":"q50","season":"SON"},{"bfs_id":5756,"rcp":"RCP8.5","period":"2035","key":"pr","value":3.3,"estimate":"q95","season":"DJF"},{"bfs_id":5756,"rcp":"RCP8.5","period":"2035","key":"pr","value":2.9,"estimate":"q95","season":"MAM"},{"bfs_id":5756,"rcp":"RCP8.5","period":"2035","key":"pr","value":3,"estimate":"q95","season":"JJA"},{"bfs_id":5756,"rcp":"RCP8.5","period":"2035","key":"pr","value":3.2,"estimate":"q95","season":"SON"},{"bfs_id":5756,"rcp":"RCP8.5","period":"2060","key":"pr","value":2.7,"estimate":"q5","season":"DJF"},{"bfs_id":5756,"rcp":"RCP8.5","period":"2060","key":"pr","value":2.5,"estimate":"q5","season":"MAM"},{"bfs_id":5756,"rcp":"RCP8.5","period":"2060","key":"pr","value":1.9,"estimate":"q5","season":"JJA"},{"bfs_id":5756,"rcp":"RCP8.5","period":"2060","key":"pr","value":2.4,"estimate":"q5","season":"SON"},{"bfs_id":5756,"rcp":"RCP8.5","period":"2060","key":"pr","value":3,"estimate":"q50","season":"DJF"},{"bfs_id":5756,"rcp":"RCP8.5","period":"2060","key":"pr","value":2.8,"estimate":"q50","season":"MAM"},{"bfs_id":5756,"rcp":"RCP8.5","period":"2060","key":"pr","value":2.5,"estimate":"q50","season":"JJA"},{"bfs_id":5756,"rcp":"RCP8.5","period":"2060","key":"pr","value":2.9,"estimate":"q50","season":"SON"},{"bfs_id":5756,"rcp":"RCP8.5","period":"2060","key":"pr","value":3.4,"estimate":"q95","season":"DJF"},{"bfs_id":5756,"rcp":"RCP8.5","period":"2060","key":"pr","value":3,"estimate":"q95","season":"MAM"},{"bfs_id":5756,"rcp":"RCP8.5","period":"2060","key":"pr","value":2.9,"estimate":"q95","season":"JJA"},{"bfs_id":5756,"rcp":"RCP8.5","period":"2060","key":"pr","value":3.1,"estimate":"q95","season":"SON"},{"bfs_id":5756,"rcp":"RCP8.5","period":"2085","key":"pr","value":2.9,"estimate":"q5","season":"DJF"},{"bfs_id":5756,"rcp":"RCP8.5","period":"2085","key":"pr","value":2.5,"estimate":"q5","season":"MAM"},{"bfs_id":5756,"rcp":"RCP8.5","period":"2085","key":"pr","value":1.5,"estimate":"q5","season":"JJA"},{"bfs_id":5756,"rcp":"RCP8.5","period":"2085","key":"pr","value":2.2,"estimate":"q5","season":"SON"},{"bfs_id":5756,"rcp":"RCP8.5","period":"2085","key":"pr","value":3.3,"estimate":"q50","season":"DJF"},{"bfs_id":5756,"rcp":"RCP8.5","period":"2085","key":"pr","value":2.9,"estimate":"q50","season":"MAM"},{"bfs_id":5756,"rcp":"RCP8.5","period":"2085","key":"pr","value":2.2,"estimate":"q50","season":"JJA"},{"bfs_id":5756,"rcp":"RCP8.5","period":"2085","key":"pr","value":2.8,"estimate":"q50","season":"SON"},{"bfs_id":5756,"rcp":"RCP8.5","period":"2085","key":"pr","value":3.7,"estimate":"q95","season":"DJF"},{"bfs_id":5756,"rcp":"RCP8.5","period":"2085","key":"pr","value":3.3,"estimate":"q95","season":"MAM"},{"bfs_id":5756,"rcp":"RCP8.5","period":"2085","key":"pr","value":2.8,"estimate":"q95","season":"JJA"},{"bfs_id":5756,"rcp":"RCP8.5","period":"2085","key":"pr","value":3.3,"estimate":"q95","season":"SON"},{"bfs_id":5756,"rcp":"RCP2.6","period":"2035","key":"tas","value":2.5,"estimate":"q5","season":"DJF"},{"bfs_id":5756,"rcp":"RCP2.6","period":"2035","key":"tas","value":9.6,"estimate":"q5","season":"MAM"},{"bfs_id":5756,"rcp":"RCP2.6","period":"2035","key":"tas","value":18.7,"estimate":"q5","season":"JJA"},{"bfs_id":5756,"rcp":"RCP2.6","period":"2035","key":"tas","value":10.8,"estimate":"q5","season":"SON"},{"bfs_id":5756,"rcp":"RCP2.6","period":"2035","key":"tas","value":2.9,"estimate":"q50","season":"DJF"},{"bfs_id":5756,"rcp":"RCP2.6","period":"2035","key":"tas","value":10.1,"estimate":"q50","season":"MAM"},{"bfs_id":5756,"rcp":"RCP2.6","period":"2035","key":"tas","value":19.3,"estimate":"q50","season":"JJA"},{"bfs_id":5756,"rcp":"RCP2.6","period":"2035","key":"tas","value":11.1,"estimate":"q50","season":"SON"},{"bfs_id":5756,"rcp":"RCP2.6","period":"2035","key":"tas","value":3.5,"estimate":"q95","season":"DJF"},{"bfs_id":5756,"rcp":"RCP2.6","period":"2035","key":"tas","value":10.4,"estimate":"q95","season":"MAM"},{"bfs_id":5756,"rcp":"RCP2.6","period":"2035","key":"tas","value":19.9,"estimate":"q95","season":"JJA"},{"bfs_id":5756,"rcp":"RCP2.6","period":"2035","key":"tas","value":11.9,"estimate":"q95","season":"SON"},{"bfs_id":5756,"rcp":"RCP2.6","period":"2060","key":"tas","value":2.5,"estimate":"q5","season":"DJF"},{"bfs_id":5756,"rcp":"RCP2.6","period":"2060","key":"tas","value":9.5,"estimate":"q5","season":"MAM"},{"bfs_id":5756,"rcp":"RCP2.6","period":"2060","key":"tas","value":19,"estimate":"q5","season":"JJA"},{"bfs_id":5756,"rcp":"RCP2.6","period":"2060","key":"tas","value":11,"estimate":"q5","season":"SON"},{"bfs_id":5756,"rcp":"RCP2.6","period":"2060","key":"tas","value":3.2,"estimate":"q50","season":"DJF"},{"bfs_id":5756,"rcp":"RCP2.6","period":"2060","key":"tas","value":10.1,"estimate":"q50","season":"MAM"},{"bfs_id":5756,"rcp":"RCP2.6","period":"2060","key":"tas","value":19.4,"estimate":"q50","season":"JJA"},{"bfs_id":5756,"rcp":"RCP2.6","period":"2060","key":"tas","value":11.4,"estimate":"q50","season":"SON"},{"bfs_id":5756,"rcp":"RCP2.6","period":"2060","key":"tas","value":3.7,"estimate":"q95","season":"DJF"},{"bfs_id":5756,"rcp":"RCP2.6","period":"2060","key":"tas","value":10.6,"estimate":"q95","season":"MAM"},{"bfs_id":5756,"rcp":"RCP2.6","period":"2060","key":"tas","value":20.1,"estimate":"q95","season":"JJA"},{"bfs_id":5756,"rcp":"RCP2.6","period":"2060","key":"tas","value":12.4,"estimate":"q95","season":"SON"},{"bfs_id":5756,"rcp":"RCP2.6","period":"2085","key":"tas","value":2.5,"estimate":"q5","season":"DJF"},{"bfs_id":5756,"rcp":"RCP2.6","period":"2085","key":"tas","value":9.5,"estimate":"q5","season":"MAM"},{"bfs_id":5756,"rcp":"RCP2.6","period":"2085","key":"tas","value":18.9,"estimate":"q5","season":"JJA"},{"bfs_id":5756,"rcp":"RCP2.6","period":"2085","key":"tas","value":10.8,"estimate":"q5","season":"SON"},{"bfs_id":5756,"rcp":"RCP2.6","period":"2085","key":"tas","value":3,"estimate":"q50","season":"DJF"},{"bfs_id":5756,"rcp":"RCP2.6","period":"2085","key":"tas","value":10.2,"estimate":"q50","season":"MAM"},{"bfs_id":5756,"rcp":"RCP2.6","period":"2085","key":"tas","value":19.4,"estimate":"q50","season":"JJA"},{"bfs_id":5756,"rcp":"RCP2.6","period":"2085","key":"tas","value":11.4,"estimate":"q50","season":"SON"},{"bfs_id":5756,"rcp":"RCP2.6","period":"2085","key":"tas","value":3.8,"estimate":"q95","season":"DJF"},{"bfs_id":5756,"rcp":"RCP2.6","period":"2085","key":"tas","value":10.7,"estimate":"q95","season":"MAM"},{"bfs_id":5756,"rcp":"RCP2.6","period":"2085","key":"tas","value":20,"estimate":"q95","season":"JJA"},{"bfs_id":5756,"rcp":"RCP2.6","period":"2085","key":"tas","value":12.3,"estimate":"q95","season":"SON"},{"bfs_id":5756,"rcp":"RCP8.5","period":"2035","key":"tas","value":2.5,"estimate":"q5","season":"DJF"},{"bfs_id":5756,"rcp":"RCP8.5","period":"2035","key":"tas","value":9.7,"estimate":"q5","season":"MAM"},{"bfs_id":5756,"rcp":"RCP8.5","period":"2035","key":"tas","value":19.1,"estimate":"q5","season":"JJA"},{"bfs_id":5756,"rcp":"RCP8.5","period":"2035","key":"tas","value":11.1,"estimate":"q5","season":"SON"},{"bfs_id":5756,"rcp":"RCP8.5","period":"2035","key":"tas","value":3.2,"estimate":"q50","season":"DJF"},{"bfs_id":5756,"rcp":"RCP8.5","period":"2035","key":"tas","value":10.1,"estimate":"q50","season":"MAM"},{"bfs_id":5756,"rcp":"RCP8.5","period":"2035","key":"tas","value":19.6,"estimate":"q50","season":"JJA"},{"bfs_id":5756,"rcp":"RCP8.5","period":"2035","key":"tas","value":11.5,"estimate":"q50","season":"SON"},{"bfs_id":5756,"rcp":"RCP8.5","period":"2035","key":"tas","value":3.6,"estimate":"q95","season":"DJF"},{"bfs_id":5756,"rcp":"RCP8.5","period":"2035","key":"tas","value":10.6,"estimate":"q95","season":"MAM"},{"bfs_id":5756,"rcp":"RCP8.5","period":"2035","key":"tas","value":20.2,"estimate":"q95","season":"JJA"},{"bfs_id":5756,"rcp":"RCP8.5","period":"2035","key":"tas","value":12.4,"estimate":"q95","season":"SON"},{"bfs_id":5756,"rcp":"RCP8.5","period":"2060","key":"tas","value":3.6,"estimate":"q5","season":"DJF"},{"bfs_id":5756,"rcp":"RCP8.5","period":"2060","key":"tas","value":10.5,"estimate":"q5","season":"MAM"},{"bfs_id":5756,"rcp":"RCP8.5","period":"2060","key":"tas","value":20.2,"estimate":"q5","season":"JJA"},{"bfs_id":5756,"rcp":"RCP8.5","period":"2060","key":"tas","value":12.2,"estimate":"q5","season":"SON"},{"bfs_id":5756,"rcp":"RCP8.5","period":"2060","key":"tas","value":4,"estimate":"q50","season":"DJF"},{"bfs_id":5756,"rcp":"RCP8.5","period":"2060","key":"tas","value":11,"estimate":"q50","season":"MAM"},{"bfs_id":5756,"rcp":"RCP8.5","period":"2060","key":"tas","value":20.8,"estimate":"q50","season":"JJA"},{"bfs_id":5756,"rcp":"RCP8.5","period":"2060","key":"tas","value":12.8,"estimate":"q50","season":"SON"},{"bfs_id":5756,"rcp":"RCP8.5","period":"2060","key":"tas","value":4.6,"estimate":"q95","season":"DJF"},{"bfs_id":5756,"rcp":"RCP8.5","period":"2060","key":"tas","value":11.7,"estimate":"q95","season":"MAM"},{"bfs_id":5756,"rcp":"RCP8.5","period":"2060","key":"tas","value":21.9,"estimate":"q95","season":"JJA"},{"bfs_id":5756,"rcp":"RCP8.5","period":"2060","key":"tas","value":13.6,"estimate":"q95","season":"SON"},{"bfs_id":5756,"rcp":"RCP8.5","period":"2085","key":"tas","value":4.6,"estimate":"q5","season":"DJF"},{"bfs_id":5756,"rcp":"RCP8.5","period":"2085","key":"tas","value":11.5,"estimate":"q5","season":"MAM"},{"bfs_id":5756,"rcp":"RCP8.5","period":"2085","key":"tas","value":21.6,"estimate":"q5","season":"JJA"},{"bfs_id":5756,"rcp":"RCP8.5","period":"2085","key":"tas","value":13.3,"estimate":"q5","season":"SON"},{"bfs_id":5756,"rcp":"RCP8.5","period":"2085","key":"tas","value":5.7,"estimate":"q50","season":"DJF"},{"bfs_id":5756,"rcp":"RCP8.5","period":"2085","key":"tas","value":12.3,"estimate":"q50","season":"MAM"},{"bfs_id":5756,"rcp":"RCP8.5","period":"2085","key":"tas","value":22.3,"estimate":"q50","season":"JJA"},{"bfs_id":5756,"rcp":"RCP8.5","period":"2085","key":"tas","value":14.1,"estimate":"q50","season":"SON"},{"bfs_id":5756,"rcp":"RCP8.5","period":"2085","key":"tas","value":6.4,"estimate":"q95","season":"DJF"},{"bfs_id":5756,"rcp":"RCP8.5","period":"2085","key":"tas","value":13.5,"estimate":"q95","season":"MAM"},{"bfs_id":5756,"rcp":"RCP8.5","period":"2085","key":"tas","value":24.5,"estimate":"q95","season":"JJA"},{"bfs_id":5756,"rcp":"RCP8.5","period":"2085","key":"tas","value":15.7,"estimate":"q95","season":"SON"},{"bfs_id":5756,"rcp":"obs","period":"1981-2010","key":"FD","value":66.9,"estimate":"yearly_mean"},{"bfs_id":5756,"rcp":"obs","period":"1981-2010","key":"HD","value":4.8,"estimate":"yearly_mean"},{"bfs_id":5756,"rcp":"obs","period":"1981-2010","key":"ID","value":13.9,"estimate":"yearly_mean"},{"bfs_id":5756,"rcp":"obs","period":"1981-2010","key":"SD","value":39.2,"estimate":"yearly_mean"},{"bfs_id":5756,"rcp":"obs","period":"1981-2010","key":"snowdays","value":12.6,"estimate":"yearly_mean"},{"bfs_id":5756,"rcp":"obs","period":"1981-2010","key":"TN","value":0.3,"estimate":"yearly_mean"},{"bfs_id":5756,"rcp":"obs","period":"1981-2010","key":"pr","value":2.6,"estimate":"mean","season":"DJF"},{"bfs_id":5756,"rcp":"obs","period":"1981-2010","key":"pr","value":2.5,"estimate":"mean","season":"MAM"},{"bfs_id":5756,"rcp":"obs","period":"1981-2010","key":"pr","value":2.8,"estimate":"mean","season":"JJA"},{"bfs_id":5756,"rcp":"obs","period":"1981-2010","key":"pr","value":2.8,"estimate":"mean","season":"SON"},{"bfs_id":5756,"rcp":"obs","period":"1981-2010","key":"tas","value":1.8,"estimate":"mean","season":"DJF"},{"bfs_id":5756,"rcp":"obs","period":"1981-2010","key":"tas","value":9.4,"estimate":"mean","season":"MAM"},{"bfs_id":5756,"rcp":"obs","period":"1981-2010","key":"tas","value":18.3,"estimate":"mean","season":"JJA"},{"bfs_id":5756,"rcp":"obs","period":"1981-2010","key":"tas","value":10.1,"estimate":"mean","season":"SON"}]
