[{"bfs_id":52,"rcp":"RCP2.6","period":"2035","key":"FD","value":65.7,"estimate":"q5"},{"bfs_id":52,"rcp":"RCP2.6","period":"2035","key":"FD","value":77.1,"estimate":"q50"},{"bfs_id":52,"rcp":"RCP2.6","period":"2035","key":"FD","value":82.2,"estimate":"q95"},{"bfs_id":52,"rcp":"RCP2.6","period":"2060","key":"FD","value":64.4,"estimate":"q5"},{"bfs_id":52,"rcp":"RCP2.6","period":"2060","key":"FD","value":74.8,"estimate":"q50"},{"bfs_id":52,"rcp":"RCP2.6","period":"2060","key":"FD","value":79.2,"estimate":"q95"},{"bfs_id":52,"rcp":"RCP2.6","period":"2085","key":"FD","value":64.7,"estimate":"q5"},{"bfs_id":52,"rcp":"RCP2.6","period":"2085","key":"FD","value":75.3,"estimate":"q50"},{"bfs_id":52,"rcp":"RCP2.6","period":"2085","key":"FD","value":81.3,"estimate":"q95"},{"bfs_id":52,"rcp":"RCP8.5","period":"2035","key":"FD","value":61.9,"estimate":"q5"},{"bfs_id":52,"rcp":"RCP8.5","period":"2035","key":"FD","value":73.1,"estimate":"q50"},{"bfs_id":52,"rcp":"RCP8.5","period":"2035","key":"FD","value":79.1,"estimate":"q95"},{"bfs_id":52,"rcp":"RCP8.5","period":"2060","key":"FD","value":51.1,"estimate":"q5"},{"bfs_id":52,"rcp":"RCP8.5","period":"2060","key":"FD","value":58.3,"estimate":"q50"},{"bfs_id":52,"rcp":"RCP8.5","period":"2060","key":"FD","value":65.3,"estimate":"q95"},{"bfs_id":52,"rcp":"RCP8.5","period":"2085","key":"FD","value":31.6,"estimate":"q5"},{"bfs_id":52,"rcp":"RCP8.5","period":"2085","key":"FD","value":37,"estimate":"q50"},{"bfs_id":52,"rcp":"RCP8.5","period":"2085","key":"FD","value":48.4,"estimate":"q95"},{"bfs_id":52,"rcp":"RCP2.6","period":"2035","key":"HD","value":10.9,"estimate":"q5"},{"bfs_id":52,"rcp":"RCP2.6","period":"2035","key":"HD","value":13.5,"estimate":"q50"},{"bfs_id":52,"rcp":"RCP2.6","period":"2035","key":"HD","value":19,"estimate":"q95"},{"bfs_id":52,"rcp":"RCP2.6","period":"2060","key":"HD","value":11.5,"estimate":"q5"},{"bfs_id":52,"rcp":"RCP2.6","period":"2060","key":"HD","value":14.2,"estimate":"q50"},{"bfs_id":52,"rcp":"RCP2.6","period":"2060","key":"HD","value":21.2,"estimate":"q95"},{"bfs_id":52,"rcp":"RCP2.6","period":"2085","key":"HD","value":11.3,"estimate":"q5"},{"bfs_id":52,"rcp":"RCP2.6","period":"2085","key":"HD","value":13.4,"estimate":"q50"},{"bfs_id":52,"rcp":"RCP2.6","period":"2085","key":"HD","value":20.4,"estimate":"q95"},{"bfs_id":52,"rcp":"RCP8.5","period":"2035","key":"HD","value":11.4,"estimate":"q5"},{"bfs_id":52,"rcp":"RCP8.5","period":"2035","key":"HD","value":14.8,"estimate":"q50"},{"bfs_id":52,"rcp":"RCP8.5","period":"2035","key":"HD","value":21.8,"estimate":"q95"},{"bfs_id":52,"rcp":"RCP8.5","period":"2060","key":"HD","value":18.3,"estimate":"q5"},{"bfs_id":52,"rcp":"RCP8.5","period":"2060","key":"HD","value":24.7,"estimate":"q50"},{"bfs_id":52,"rcp":"RCP8.5","period":"2060","key":"HD","value":36.6,"estimate":"q95"},{"bfs_id":52,"rcp":"RCP8.5","period":"2085","key":"HD","value":32,"estimate":"q5"},{"bfs_id":52,"rcp":"RCP8.5","period":"2085","key":"HD","value":37.1,"estimate":"q50"},{"bfs_id":52,"rcp":"RCP8.5","period":"2085","key":"HD","value":63,"estimate":"q95"},{"bfs_id":52,"rcp":"RCP2.6","period":"2035","key":"ID","value":10.4,"estimate":"q5"},{"bfs_id":52,"rcp":"RCP2.6","period":"2035","key":"ID","value":14.5,"estimate":"q50"},{"bfs_id":52,"rcp":"RCP2.6","period":"2035","key":"ID","value":19.2,"estimate":"q95"},{"bfs_id":52,"rcp":"RCP2.6","period":"2060","key":"ID","value":10.5,"estimate":"q5"},{"bfs_id":52,"rcp":"RCP2.6","period":"2060","key":"ID","value":14.9,"estimate":"q50"},{"bfs_id":52,"rcp":"RCP2.6","period":"2060","key":"ID","value":18.1,"estimate":"q95"},{"bfs_id":52,"rcp":"RCP2.6","period":"2085","key":"ID","value":11,"estimate":"q5"},{"bfs_id":52,"rcp":"RCP2.6","period":"2085","key":"ID","value":14,"estimate":"q50"},{"bfs_id":52,"rcp":"RCP2.6","period":"2085","key":"ID","value":17.2,"estimate":"q95"},{"bfs_id":52,"rcp":"RCP8.5","period":"2035","key":"ID","value":11,"estimate":"q5"},{"bfs_id":52,"rcp":"RCP8.5","period":"2035","key":"ID","value":13.6,"estimate":"q50"},{"bfs_id":52,"rcp":"RCP8.5","period":"2035","key":"ID","value":18.6,"estimate":"q95"},{"bfs_id":52,"rcp":"RCP8.5","period":"2060","key":"ID","value":7,"estimate":"q5"},{"bfs_id":52,"rcp":"RCP8.5","period":"2060","key":"ID","value":10.1,"estimate":"q50"},{"bfs_id":52,"rcp":"RCP8.5","period":"2060","key":"ID","value":12.7,"estimate":"q95"},{"bfs_id":52,"rcp":"RCP8.5","period":"2085","key":"ID","value":1.8,"estimate":"q5"},{"bfs_id":52,"rcp":"RCP8.5","period":"2085","key":"ID","value":4.4,"estimate":"q50"},{"bfs_id":52,"rcp":"RCP8.5","period":"2085","key":"ID","value":7,"estimate":"q95"},{"bfs_id":52,"rcp":"RCP2.6","period":"2035","key":"SD","value":51.1,"estimate":"q5"},{"bfs_id":52,"rcp":"RCP2.6","period":"2035","key":"SD","value":57,"estimate":"q50"},{"bfs_id":52,"rcp":"RCP2.6","period":"2035","key":"SD","value":64.4,"estimate":"q95"},{"bfs_id":52,"rcp":"RCP2.6","period":"2060","key":"SD","value":52,"estimate":"q5"},{"bfs_id":52,"rcp":"RCP2.6","period":"2060","key":"SD","value":58.7,"estimate":"q50"},{"bfs_id":52,"rcp":"RCP2.6","period":"2060","key":"SD","value":64.6,"estimate":"q95"},{"bfs_id":52,"rcp":"RCP2.6","period":"2085","key":"SD","value":50.8,"estimate":"q5"},{"bfs_id":52,"rcp":"RCP2.6","period":"2085","key":"SD","value":58.2,"estimate":"q50"},{"bfs_id":52,"rcp":"RCP2.6","period":"2085","key":"SD","value":65.3,"estimate":"q95"},{"bfs_id":52,"rcp":"RCP8.5","period":"2035","key":"SD","value":53.7,"estimate":"q5"},{"bfs_id":52,"rcp":"RCP8.5","period":"2035","key":"SD","value":59.7,"estimate":"q50"},{"bfs_id":52,"rcp":"RCP8.5","period":"2035","key":"SD","value":65.3,"estimate":"q95"},{"bfs_id":52,"rcp":"RCP8.5","period":"2060","key":"SD","value":68.9,"estimate":"q5"},{"bfs_id":52,"rcp":"RCP8.5","period":"2060","key":"SD","value":73.9,"estimate":"q50"},{"bfs_id":52,"rcp":"RCP8.5","period":"2060","key":"SD","value":89.3,"estimate":"q95"},{"bfs_id":52,"rcp":"RCP8.5","period":"2085","key":"SD","value":83.4,"estimate":"q5"},{"bfs_id":52,"rcp":"RCP8.5","period":"2085","key":"SD","value":95.8,"estimate":"q50"},{"bfs_id":52,"rcp":"RCP8.5","period":"2085","key":"SD","value":114.8,"estimate":"q95"},{"bfs_id":52,"rcp":"RCP2.6","period":"2035","key":"snowdays","value":11.9,"estimate":"q5"},{"bfs_id":52,"rcp":"RCP2.6","period":"2035","key":"snowdays","value":17,"estimate":"q50"},{"bfs_id":52,"rcp":"RCP2.6","period":"2035","key":"snowdays","value":19.3,"estimate":"q95"},{"bfs_id":52,"rcp":"RCP2.6","period":"2060","key":"snowdays","value":11.1,"estimate":"q5"},{"bfs_id":52,"rcp":"RCP2.6","period":"2060","key":"snowdays","value":16.9,"estimate":"q50"},{"bfs_id":52,"rcp":"RCP2.6","period":"2060","key":"snowdays","value":18.3,"estimate":"q95"},{"bfs_id":52,"rcp":"RCP2.6","period":"2085","key":"snowdays","value":10.8,"estimate":"q5"},{"bfs_id":52,"rcp":"RCP2.6","period":"2085","key":"snowdays","value":16.2,"estimate":"q50"},{"bfs_id":52,"rcp":"RCP2.6","period":"2085","key":"snowdays","value":19,"estimate":"q95"},{"bfs_id":52,"rcp":"RCP8.5","period":"2035","key":"snowdays","value":10.8,"estimate":"q5"},{"bfs_id":52,"rcp":"RCP8.5","period":"2035","key":"snowdays","value":15.8,"estimate":"q50"},{"bfs_id":52,"rcp":"RCP8.5","period":"2035","key":"snowdays","value":18.2,"estimate":"q95"},{"bfs_id":52,"rcp":"RCP8.5","period":"2060","key":"snowdays","value":7.7,"estimate":"q5"},{"bfs_id":52,"rcp":"RCP8.5","period":"2060","key":"snowdays","value":12.4,"estimate":"q50"},{"bfs_id":52,"rcp":"RCP8.5","period":"2060","key":"snowdays","value":15.1,"estimate":"q95"},{"bfs_id":52,"rcp":"RCP8.5","period":"2085","key":"snowdays","value":2.9,"estimate":"q5"},{"bfs_id":52,"rcp":"RCP8.5","period":"2085","key":"snowdays","value":6.6,"estimate":"q50"},{"bfs_id":52,"rcp":"RCP8.5","period":"2085","key":"snowdays","value":9.7,"estimate":"q95"},{"bfs_id":52,"rcp":"RCP2.6","period":"2035","key":"TN","value":0,"estimate":"q5"},{"bfs_id":52,"rcp":"RCP2.6","period":"2035","key":"TN","value":0.3,"estimate":"q50"},{"bfs_id":52,"rcp":"RCP2.6","period":"2035","key":"TN","value":0.7,"estimate":"q95"},{"bfs_id":52,"rcp":"RCP2.6","period":"2060","key":"TN","value":0.1,"estimate":"q5"},{"bfs_id":52,"rcp":"RCP2.6","period":"2060","key":"TN","value":0.4,"estimate":"q50"},{"bfs_id":52,"rcp":"RCP2.6","period":"2060","key":"TN","value":1.1,"estimate":"q95"},{"bfs_id":52,"rcp":"RCP2.6","period":"2085","key":"TN","value":0,"estimate":"q5"},{"bfs_id":52,"rcp":"RCP2.6","period":"2085","key":"TN","value":0.4,"estimate":"q50"},{"bfs_id":52,"rcp":"RCP2.6","period":"2085","key":"TN","value":1,"estimate":"q95"},{"bfs_id":52,"rcp":"RCP8.5","period":"2035","key":"TN","value":0.2,"estimate":"q5"},{"bfs_id":52,"rcp":"RCP8.5","period":"2035","key":"TN","value":0.4,"estimate":"q50"},{"bfs_id":52,"rcp":"RCP8.5","period":"2035","key":"TN","value":1.8,"estimate":"q95"},{"bfs_id":52,"rcp":"RCP8.5","period":"2060","key":"TN","value":1,"estimate":"q5"},{"bfs_id":52,"rcp":"RCP8.5","period":"2060","key":"TN","value":2.7,"estimate":"q50"},{"bfs_id":52,"rcp":"RCP8.5","period":"2060","key":"TN","value":5.6,"estimate":"q95"},{"bfs_id":52,"rcp":"RCP8.5","period":"2085","key":"TN","value":4.6,"estimate":"q5"},{"bfs_id":52,"rcp":"RCP8.5","period":"2085","key":"TN","value":8.4,"estimate":"q50"},{"bfs_id":52,"rcp":"RCP8.5","period":"2085","key":"TN","value":22.7,"estimate":"q95"},{"bfs_id":52,"rcp":"RCP2.6","period":"2035","key":"pr","value":2.5,"estimate":"q5","season":"DJF"},{"bfs_id":52,"rcp":"RCP2.6","period":"2035","key":"pr","value":2.8,"estimate":"q5","season":"MAM"},{"bfs_id":52,"rcp":"RCP2.6","period":"2035","key":"pr","value":3.2,"estimate":"q5","season":"JJA"},{"bfs_id":52,"rcp":"RCP2.6","period":"2035","key":"pr","value":2.5,"estimate":"q5","season":"SON"},{"bfs_id":52,"rcp":"RCP2.6","period":"2035","key":"pr","value":2.8,"estimate":"q50","season":"DJF"},{"bfs_id":52,"rcp":"RCP2.6","period":"2035","key":"pr","value":3.2,"estimate":"q50","season":"MAM"},{"bfs_id":52,"rcp":"RCP2.6","period":"2035","key":"pr","value":3.5,"estimate":"q50","season":"JJA"},{"bfs_id":52,"rcp":"RCP2.6","period":"2035","key":"pr","value":2.8,"estimate":"q50","season":"SON"},{"bfs_id":52,"rcp":"RCP2.6","period":"2035","key":"pr","value":3.3,"estimate":"q95","season":"DJF"},{"bfs_id":52,"rcp":"RCP2.6","period":"2035","key":"pr","value":3.4,"estimate":"q95","season":"MAM"},{"bfs_id":52,"rcp":"RCP2.6","period":"2035","key":"pr","value":4,"estimate":"q95","season":"JJA"},{"bfs_id":52,"rcp":"RCP2.6","period":"2035","key":"pr","value":3.5,"estimate":"q95","season":"SON"},{"bfs_id":52,"rcp":"RCP2.6","period":"2060","key":"pr","value":2.4,"estimate":"q5","season":"DJF"},{"bfs_id":52,"rcp":"RCP2.6","period":"2060","key":"pr","value":2.9,"estimate":"q5","season":"MAM"},{"bfs_id":52,"rcp":"RCP2.6","period":"2060","key":"pr","value":2.9,"estimate":"q5","season":"JJA"},{"bfs_id":52,"rcp":"RCP2.6","period":"2060","key":"pr","value":2.6,"estimate":"q5","season":"SON"},{"bfs_id":52,"rcp":"RCP2.6","period":"2060","key":"pr","value":2.8,"estimate":"q50","season":"DJF"},{"bfs_id":52,"rcp":"RCP2.6","period":"2060","key":"pr","value":3.2,"estimate":"q50","season":"MAM"},{"bfs_id":52,"rcp":"RCP2.6","period":"2060","key":"pr","value":3.6,"estimate":"q50","season":"JJA"},{"bfs_id":52,"rcp":"RCP2.6","period":"2060","key":"pr","value":2.9,"estimate":"q50","season":"SON"},{"bfs_id":52,"rcp":"RCP2.6","period":"2060","key":"pr","value":3,"estimate":"q95","season":"DJF"},{"bfs_id":52,"rcp":"RCP2.6","period":"2060","key":"pr","value":3.4,"estimate":"q95","season":"MAM"},{"bfs_id":52,"rcp":"RCP2.6","period":"2060","key":"pr","value":4,"estimate":"q95","season":"JJA"},{"bfs_id":52,"rcp":"RCP2.6","period":"2060","key":"pr","value":3.4,"estimate":"q95","season":"SON"},{"bfs_id":52,"rcp":"RCP2.6","period":"2085","key":"pr","value":2.4,"estimate":"q5","season":"DJF"},{"bfs_id":52,"rcp":"RCP2.6","period":"2085","key":"pr","value":2.8,"estimate":"q5","season":"MAM"},{"bfs_id":52,"rcp":"RCP2.6","period":"2085","key":"pr","value":2.9,"estimate":"q5","season":"JJA"},{"bfs_id":52,"rcp":"RCP2.6","period":"2085","key":"pr","value":2.5,"estimate":"q5","season":"SON"},{"bfs_id":52,"rcp":"RCP2.6","period":"2085","key":"pr","value":2.7,"estimate":"q50","season":"DJF"},{"bfs_id":52,"rcp":"RCP2.6","period":"2085","key":"pr","value":3.1,"estimate":"q50","season":"MAM"},{"bfs_id":52,"rcp":"RCP2.6","period":"2085","key":"pr","value":3.6,"estimate":"q50","season":"JJA"},{"bfs_id":52,"rcp":"RCP2.6","period":"2085","key":"pr","value":2.9,"estimate":"q50","season":"SON"},{"bfs_id":52,"rcp":"RCP2.6","period":"2085","key":"pr","value":3.1,"estimate":"q95","season":"DJF"},{"bfs_id":52,"rcp":"RCP2.6","period":"2085","key":"pr","value":3.4,"estimate":"q95","season":"MAM"},{"bfs_id":52,"rcp":"RCP2.6","period":"2085","key":"pr","value":3.9,"estimate":"q95","season":"JJA"},{"bfs_id":52,"rcp":"RCP2.6","period":"2085","key":"pr","value":3.4,"estimate":"q95","season":"SON"},{"bfs_id":52,"rcp":"RCP8.5","period":"2035","key":"pr","value":2.5,"estimate":"q5","season":"DJF"},{"bfs_id":52,"rcp":"RCP8.5","period":"2035","key":"pr","value":2.9,"estimate":"q5","season":"MAM"},{"bfs_id":52,"rcp":"RCP8.5","period":"2035","key":"pr","value":3,"estimate":"q5","season":"JJA"},{"bfs_id":52,"rcp":"RCP8.5","period":"2035","key":"pr","value":2.7,"estimate":"q5","season":"SON"},{"bfs_id":52,"rcp":"RCP8.5","period":"2035","key":"pr","value":2.9,"estimate":"q50","season":"DJF"},{"bfs_id":52,"rcp":"RCP8.5","period":"2035","key":"pr","value":3.3,"estimate":"q50","season":"MAM"},{"bfs_id":52,"rcp":"RCP8.5","period":"2035","key":"pr","value":3.6,"estimate":"q50","season":"JJA"},{"bfs_id":52,"rcp":"RCP8.5","period":"2035","key":"pr","value":3,"estimate":"q50","season":"SON"},{"bfs_id":52,"rcp":"RCP8.5","period":"2035","key":"pr","value":3.2,"estimate":"q95","season":"DJF"},{"bfs_id":52,"rcp":"RCP8.5","period":"2035","key":"pr","value":3.5,"estimate":"q95","season":"MAM"},{"bfs_id":52,"rcp":"RCP8.5","period":"2035","key":"pr","value":4,"estimate":"q95","season":"JJA"},{"bfs_id":52,"rcp":"RCP8.5","period":"2035","key":"pr","value":3.3,"estimate":"q95","season":"SON"},{"bfs_id":52,"rcp":"RCP8.5","period":"2060","key":"pr","value":2.6,"estimate":"q5","season":"DJF"},{"bfs_id":52,"rcp":"RCP8.5","period":"2060","key":"pr","value":3.1,"estimate":"q5","season":"MAM"},{"bfs_id":52,"rcp":"RCP8.5","period":"2060","key":"pr","value":2.5,"estimate":"q5","season":"JJA"},{"bfs_id":52,"rcp":"RCP8.5","period":"2060","key":"pr","value":2.6,"estimate":"q5","season":"SON"},{"bfs_id":52,"rcp":"RCP8.5","period":"2060","key":"pr","value":3,"estimate":"q50","season":"DJF"},{"bfs_id":52,"rcp":"RCP8.5","period":"2060","key":"pr","value":3.4,"estimate":"q50","season":"MAM"},{"bfs_id":52,"rcp":"RCP8.5","period":"2060","key":"pr","value":3.5,"estimate":"q50","season":"JJA"},{"bfs_id":52,"rcp":"RCP8.5","period":"2060","key":"pr","value":3,"estimate":"q50","season":"SON"},{"bfs_id":52,"rcp":"RCP8.5","period":"2060","key":"pr","value":3.4,"estimate":"q95","season":"DJF"},{"bfs_id":52,"rcp":"RCP8.5","period":"2060","key":"pr","value":3.7,"estimate":"q95","season":"MAM"},{"bfs_id":52,"rcp":"RCP8.5","period":"2060","key":"pr","value":4,"estimate":"q95","season":"JJA"},{"bfs_id":52,"rcp":"RCP8.5","period":"2060","key":"pr","value":3.3,"estimate":"q95","season":"SON"},{"bfs_id":52,"rcp":"RCP8.5","period":"2085","key":"pr","value":2.9,"estimate":"q5","season":"DJF"},{"bfs_id":52,"rcp":"RCP8.5","period":"2085","key":"pr","value":3.1,"estimate":"q5","season":"MAM"},{"bfs_id":52,"rcp":"RCP8.5","period":"2085","key":"pr","value":2.1,"estimate":"q5","season":"JJA"},{"bfs_id":52,"rcp":"RCP8.5","period":"2085","key":"pr","value":2.4,"estimate":"q5","season":"SON"},{"bfs_id":52,"rcp":"RCP8.5","period":"2085","key":"pr","value":3.3,"estimate":"q50","season":"DJF"},{"bfs_id":52,"rcp":"RCP8.5","period":"2085","key":"pr","value":3.6,"estimate":"q50","season":"MAM"},{"bfs_id":52,"rcp":"RCP8.5","period":"2085","key":"pr","value":3,"estimate":"q50","season":"JJA"},{"bfs_id":52,"rcp":"RCP8.5","period":"2085","key":"pr","value":2.9,"estimate":"q50","season":"SON"},{"bfs_id":52,"rcp":"RCP8.5","period":"2085","key":"pr","value":3.8,"estimate":"q95","season":"DJF"},{"bfs_id":52,"rcp":"RCP8.5","period":"2085","key":"pr","value":3.8,"estimate":"q95","season":"MAM"},{"bfs_id":52,"rcp":"RCP8.5","period":"2085","key":"pr","value":3.7,"estimate":"q95","season":"JJA"},{"bfs_id":52,"rcp":"RCP8.5","period":"2085","key":"pr","value":3.7,"estimate":"q95","season":"SON"},{"bfs_id":52,"rcp":"RCP2.6","period":"2035","key":"tas","value":1.5,"estimate":"q5","season":"DJF"},{"bfs_id":52,"rcp":"RCP2.6","period":"2035","key":"tas","value":9.3,"estimate":"q5","season":"MAM"},{"bfs_id":52,"rcp":"RCP2.6","period":"2035","key":"tas","value":18.4,"estimate":"q5","season":"JJA"},{"bfs_id":52,"rcp":"RCP2.6","period":"2035","key":"tas","value":10.1,"estimate":"q5","season":"SON"},{"bfs_id":52,"rcp":"RCP2.6","period":"2035","key":"tas","value":2.1,"estimate":"q50","season":"DJF"},{"bfs_id":52,"rcp":"RCP2.6","period":"2035","key":"tas","value":9.8,"estimate":"q50","season":"MAM"},{"bfs_id":52,"rcp":"RCP2.6","period":"2035","key":"tas","value":18.9,"estimate":"q50","season":"JJA"},{"bfs_id":52,"rcp":"RCP2.6","period":"2035","key":"tas","value":10.4,"estimate":"q50","season":"SON"},{"bfs_id":52,"rcp":"RCP2.6","period":"2035","key":"tas","value":2.9,"estimate":"q95","season":"DJF"},{"bfs_id":52,"rcp":"RCP2.6","period":"2035","key":"tas","value":10.2,"estimate":"q95","season":"MAM"},{"bfs_id":52,"rcp":"RCP2.6","period":"2035","key":"tas","value":19.5,"estimate":"q95","season":"JJA"},{"bfs_id":52,"rcp":"RCP2.6","period":"2035","key":"tas","value":11.4,"estimate":"q95","season":"SON"},{"bfs_id":52,"rcp":"RCP2.6","period":"2060","key":"tas","value":1.6,"estimate":"q5","season":"DJF"},{"bfs_id":52,"rcp":"RCP2.6","period":"2060","key":"tas","value":9.2,"estimate":"q5","season":"MAM"},{"bfs_id":52,"rcp":"RCP2.6","period":"2060","key":"tas","value":18.6,"estimate":"q5","season":"JJA"},{"bfs_id":52,"rcp":"RCP2.6","period":"2060","key":"tas","value":10.4,"estimate":"q5","season":"SON"},{"bfs_id":52,"rcp":"RCP2.6","period":"2060","key":"tas","value":2.4,"estimate":"q50","season":"DJF"},{"bfs_id":52,"rcp":"RCP2.6","period":"2060","key":"tas","value":9.9,"estimate":"q50","season":"MAM"},{"bfs_id":52,"rcp":"RCP2.6","period":"2060","key":"tas","value":19,"estimate":"q50","season":"JJA"},{"bfs_id":52,"rcp":"RCP2.6","period":"2060","key":"tas","value":10.7,"estimate":"q50","season":"SON"},{"bfs_id":52,"rcp":"RCP2.6","period":"2060","key":"tas","value":3,"estimate":"q95","season":"DJF"},{"bfs_id":52,"rcp":"RCP2.6","period":"2060","key":"tas","value":10.3,"estimate":"q95","season":"MAM"},{"bfs_id":52,"rcp":"RCP2.6","period":"2060","key":"tas","value":19.6,"estimate":"q95","season":"JJA"},{"bfs_id":52,"rcp":"RCP2.6","period":"2060","key":"tas","value":11.7,"estimate":"q95","season":"SON"},{"bfs_id":52,"rcp":"RCP2.6","period":"2085","key":"tas","value":1.7,"estimate":"q5","season":"DJF"},{"bfs_id":52,"rcp":"RCP2.6","period":"2085","key":"tas","value":9.2,"estimate":"q5","season":"MAM"},{"bfs_id":52,"rcp":"RCP2.6","period":"2085","key":"tas","value":18.6,"estimate":"q5","season":"JJA"},{"bfs_id":52,"rcp":"RCP2.6","period":"2085","key":"tas","value":10.2,"estimate":"q5","season":"SON"},{"bfs_id":52,"rcp":"RCP2.6","period":"2085","key":"tas","value":2.4,"estimate":"q50","season":"DJF"},{"bfs_id":52,"rcp":"RCP2.6","period":"2085","key":"tas","value":10,"estimate":"q50","season":"MAM"},{"bfs_id":52,"rcp":"RCP2.6","period":"2085","key":"tas","value":19,"estimate":"q50","season":"JJA"},{"bfs_id":52,"rcp":"RCP2.6","period":"2085","key":"tas","value":10.7,"estimate":"q50","season":"SON"},{"bfs_id":52,"rcp":"RCP2.6","period":"2085","key":"tas","value":3,"estimate":"q95","season":"DJF"},{"bfs_id":52,"rcp":"RCP2.6","period":"2085","key":"tas","value":10.3,"estimate":"q95","season":"MAM"},{"bfs_id":52,"rcp":"RCP2.6","period":"2085","key":"tas","value":19.5,"estimate":"q95","season":"JJA"},{"bfs_id":52,"rcp":"RCP2.6","period":"2085","key":"tas","value":11.7,"estimate":"q95","season":"SON"},{"bfs_id":52,"rcp":"RCP8.5","period":"2035","key":"tas","value":1.4,"estimate":"q5","season":"DJF"},{"bfs_id":52,"rcp":"RCP8.5","period":"2035","key":"tas","value":9.5,"estimate":"q5","season":"MAM"},{"bfs_id":52,"rcp":"RCP8.5","period":"2035","key":"tas","value":18.8,"estimate":"q5","season":"JJA"},{"bfs_id":52,"rcp":"RCP8.5","period":"2035","key":"tas","value":10.4,"estimate":"q5","season":"SON"},{"bfs_id":52,"rcp":"RCP8.5","period":"2035","key":"tas","value":2.4,"estimate":"q50","season":"DJF"},{"bfs_id":52,"rcp":"RCP8.5","period":"2035","key":"tas","value":9.9,"estimate":"q50","season":"MAM"},{"bfs_id":52,"rcp":"RCP8.5","period":"2035","key":"tas","value":19.2,"estimate":"q50","season":"JJA"},{"bfs_id":52,"rcp":"RCP8.5","period":"2035","key":"tas","value":10.9,"estimate":"q50","season":"SON"},{"bfs_id":52,"rcp":"RCP8.5","period":"2035","key":"tas","value":2.9,"estimate":"q95","season":"DJF"},{"bfs_id":52,"rcp":"RCP8.5","period":"2035","key":"tas","value":10.2,"estimate":"q95","season":"MAM"},{"bfs_id":52,"rcp":"RCP8.5","period":"2035","key":"tas","value":19.7,"estimate":"q95","season":"JJA"},{"bfs_id":52,"rcp":"RCP8.5","period":"2035","key":"tas","value":11.7,"estimate":"q95","season":"SON"},{"bfs_id":52,"rcp":"RCP8.5","period":"2060","key":"tas","value":2.9,"estimate":"q5","season":"DJF"},{"bfs_id":52,"rcp":"RCP8.5","period":"2060","key":"tas","value":10.3,"estimate":"q5","season":"MAM"},{"bfs_id":52,"rcp":"RCP8.5","period":"2060","key":"tas","value":19.9,"estimate":"q5","season":"JJA"},{"bfs_id":52,"rcp":"RCP8.5","period":"2060","key":"tas","value":11.5,"estimate":"q5","season":"SON"},{"bfs_id":52,"rcp":"RCP8.5","period":"2060","key":"tas","value":3.2,"estimate":"q50","season":"DJF"},{"bfs_id":52,"rcp":"RCP8.5","period":"2060","key":"tas","value":10.8,"estimate":"q50","season":"MAM"},{"bfs_id":52,"rcp":"RCP8.5","period":"2060","key":"tas","value":20.4,"estimate":"q50","season":"JJA"},{"bfs_id":52,"rcp":"RCP8.5","period":"2060","key":"tas","value":12.1,"estimate":"q50","season":"SON"},{"bfs_id":52,"rcp":"RCP8.5","period":"2060","key":"tas","value":4,"estimate":"q95","season":"DJF"},{"bfs_id":52,"rcp":"RCP8.5","period":"2060","key":"tas","value":11.3,"estimate":"q95","season":"MAM"},{"bfs_id":52,"rcp":"RCP8.5","period":"2060","key":"tas","value":21.5,"estimate":"q95","season":"JJA"},{"bfs_id":52,"rcp":"RCP8.5","period":"2060","key":"tas","value":12.9,"estimate":"q95","season":"SON"},{"bfs_id":52,"rcp":"RCP8.5","period":"2085","key":"tas","value":4,"estimate":"q5","season":"DJF"},{"bfs_id":52,"rcp":"RCP8.5","period":"2085","key":"tas","value":11.4,"estimate":"q5","season":"MAM"},{"bfs_id":52,"rcp":"RCP8.5","period":"2085","key":"tas","value":21.1,"estimate":"q5","season":"JJA"},{"bfs_id":52,"rcp":"RCP8.5","period":"2085","key":"tas","value":12.4,"estimate":"q5","season":"SON"},{"bfs_id":52,"rcp":"RCP8.5","period":"2085","key":"tas","value":5.1,"estimate":"q50","season":"DJF"},{"bfs_id":52,"rcp":"RCP8.5","period":"2085","key":"tas","value":12.1,"estimate":"q50","season":"MAM"},{"bfs_id":52,"rcp":"RCP8.5","period":"2085","key":"tas","value":22,"estimate":"q50","season":"JJA"},{"bfs_id":52,"rcp":"RCP8.5","period":"2085","key":"tas","value":13.5,"estimate":"q50","season":"SON"},{"bfs_id":52,"rcp":"RCP8.5","period":"2085","key":"tas","value":5.8,"estimate":"q95","season":"DJF"},{"bfs_id":52,"rcp":"RCP8.5","period":"2085","key":"tas","value":13,"estimate":"q95","season":"MAM"},{"bfs_id":52,"rcp":"RCP8.5","period":"2085","key":"tas","value":24.1,"estimate":"q95","season":"JJA"},{"bfs_id":52,"rcp":"RCP8.5","period":"2085","key":"tas","value":15.2,"estimate":"q95","season":"SON"},{"bfs_id":52,"rcp":"obs","period":"1981-2010","key":"FD","value":91.7,"estimate":"yearly_mean"},{"bfs_id":52,"rcp":"obs","period":"1981-2010","key":"HD","value":7.8,"estimate":"yearly_mean"},{"bfs_id":52,"rcp":"obs","period":"1981-2010","key":"ID","value":21.3,"estimate":"yearly_mean"},{"bfs_id":52,"rcp":"obs","period":"1981-2010","key":"SD","value":44.5,"estimate":"yearly_mean"},{"bfs_id":52,"rcp":"obs","period":"1981-2010","key":"snowdays","value":17.8,"estimate":"yearly_mean"},{"bfs_id":52,"rcp":"obs","period":"1981-2010","key":"TN","value":0,"estimate":"yearly_mean"},{"bfs_id":52,"rcp":"obs","period":"1981-2010","key":"pr","value":2.4,"estimate":"mean","season":"DJF"},{"bfs_id":52,"rcp":"obs","period":"1981-2010","key":"pr","value":3.1,"estimate":"mean","season":"MAM"},{"bfs_id":52,"rcp":"obs","period":"1981-2010","key":"pr","value":3.8,"estimate":"mean","season":"JJA"},{"bfs_id":52,"rcp":"obs","period":"1981-2010","key":"pr","value":2.9,"estimate":"mean","season":"SON"},{"bfs_id":52,"rcp":"obs","period":"1981-2010","key":"tas","value":0.9,"estimate":"mean","season":"DJF"},{"bfs_id":52,"rcp":"obs","period":"1981-2010","key":"tas","value":9.2,"estimate":"mean","season":"MAM"},{"bfs_id":52,"rcp":"obs","period":"1981-2010","key":"tas","value":17.9,"estimate":"mean","season":"JJA"},{"bfs_id":52,"rcp":"obs","period":"1981-2010","key":"tas","value":9.4,"estimate":"mean","season":"SON"}]
