[{"bfs_id":5002,"rcp":"RCP2.6","period":"2035","key":"FD","value":54.1,"estimate":"q5"},{"bfs_id":5002,"rcp":"RCP2.6","period":"2035","key":"FD","value":62.6,"estimate":"q50"},{"bfs_id":5002,"rcp":"RCP2.6","period":"2035","key":"FD","value":71,"estimate":"q95"},{"bfs_id":5002,"rcp":"RCP2.6","period":"2060","key":"FD","value":52.1,"estimate":"q5"},{"bfs_id":5002,"rcp":"RCP2.6","period":"2060","key":"FD","value":59.8,"estimate":"q50"},{"bfs_id":5002,"rcp":"RCP2.6","period":"2060","key":"FD","value":71.2,"estimate":"q95"},{"bfs_id":5002,"rcp":"RCP2.6","period":"2085","key":"FD","value":48.5,"estimate":"q5"},{"bfs_id":5002,"rcp":"RCP2.6","period":"2085","key":"FD","value":60.5,"estimate":"q50"},{"bfs_id":5002,"rcp":"RCP2.6","period":"2085","key":"FD","value":68.3,"estimate":"q95"},{"bfs_id":5002,"rcp":"RCP8.5","period":"2035","key":"FD","value":47.1,"estimate":"q5"},{"bfs_id":5002,"rcp":"RCP8.5","period":"2035","key":"FD","value":57.7,"estimate":"q50"},{"bfs_id":5002,"rcp":"RCP8.5","period":"2035","key":"FD","value":66.1,"estimate":"q95"},{"bfs_id":5002,"rcp":"RCP8.5","period":"2060","key":"FD","value":31.6,"estimate":"q5"},{"bfs_id":5002,"rcp":"RCP8.5","period":"2060","key":"FD","value":42.6,"estimate":"q50"},{"bfs_id":5002,"rcp":"RCP8.5","period":"2060","key":"FD","value":51,"estimate":"q95"},{"bfs_id":5002,"rcp":"RCP8.5","period":"2085","key":"FD","value":12.5,"estimate":"q5"},{"bfs_id":5002,"rcp":"RCP8.5","period":"2085","key":"FD","value":24.5,"estimate":"q50"},{"bfs_id":5002,"rcp":"RCP8.5","period":"2085","key":"FD","value":32.9,"estimate":"q95"},{"bfs_id":5002,"rcp":"RCP2.6","period":"2035","key":"HD","value":6.2,"estimate":"q5"},{"bfs_id":5002,"rcp":"RCP2.6","period":"2035","key":"HD","value":8.6,"estimate":"q50"},{"bfs_id":5002,"rcp":"RCP2.6","period":"2035","key":"HD","value":13.1,"estimate":"q95"},{"bfs_id":5002,"rcp":"RCP2.6","period":"2060","key":"HD","value":7.1,"estimate":"q5"},{"bfs_id":5002,"rcp":"RCP2.6","period":"2060","key":"HD","value":9,"estimate":"q50"},{"bfs_id":5002,"rcp":"RCP2.6","period":"2060","key":"HD","value":16.2,"estimate":"q95"},{"bfs_id":5002,"rcp":"RCP2.6","period":"2085","key":"HD","value":6.2,"estimate":"q5"},{"bfs_id":5002,"rcp":"RCP2.6","period":"2085","key":"HD","value":8.4,"estimate":"q50"},{"bfs_id":5002,"rcp":"RCP2.6","period":"2085","key":"HD","value":15.8,"estimate":"q95"},{"bfs_id":5002,"rcp":"RCP8.5","period":"2035","key":"HD","value":7.8,"estimate":"q5"},{"bfs_id":5002,"rcp":"RCP8.5","period":"2035","key":"HD","value":9.8,"estimate":"q50"},{"bfs_id":5002,"rcp":"RCP8.5","period":"2035","key":"HD","value":16.5,"estimate":"q95"},{"bfs_id":5002,"rcp":"RCP8.5","period":"2060","key":"HD","value":13.5,"estimate":"q5"},{"bfs_id":5002,"rcp":"RCP8.5","period":"2060","key":"HD","value":21,"estimate":"q50"},{"bfs_id":5002,"rcp":"RCP8.5","period":"2060","key":"HD","value":32,"estimate":"q95"},{"bfs_id":5002,"rcp":"RCP8.5","period":"2085","key":"HD","value":28.9,"estimate":"q5"},{"bfs_id":5002,"rcp":"RCP8.5","period":"2085","key":"HD","value":45.5,"estimate":"q50"},{"bfs_id":5002,"rcp":"RCP8.5","period":"2085","key":"HD","value":55.7,"estimate":"q95"},{"bfs_id":5002,"rcp":"RCP2.6","period":"2035","key":"ID","value":0.6,"estimate":"q5"},{"bfs_id":5002,"rcp":"RCP2.6","period":"2035","key":"ID","value":1.1,"estimate":"q50"},{"bfs_id":5002,"rcp":"RCP2.6","period":"2035","key":"ID","value":2.3,"estimate":"q95"},{"bfs_id":5002,"rcp":"RCP2.6","period":"2060","key":"ID","value":0.4,"estimate":"q5"},{"bfs_id":5002,"rcp":"RCP2.6","period":"2060","key":"ID","value":1,"estimate":"q50"},{"bfs_id":5002,"rcp":"RCP2.6","period":"2060","key":"ID","value":2,"estimate":"q95"},{"bfs_id":5002,"rcp":"RCP2.6","period":"2085","key":"ID","value":0.4,"estimate":"q5"},{"bfs_id":5002,"rcp":"RCP2.6","period":"2085","key":"ID","value":1,"estimate":"q50"},{"bfs_id":5002,"rcp":"RCP2.6","period":"2085","key":"ID","value":1.7,"estimate":"q95"},{"bfs_id":5002,"rcp":"RCP8.5","period":"2035","key":"ID","value":0.4,"estimate":"q5"},{"bfs_id":5002,"rcp":"RCP8.5","period":"2035","key":"ID","value":1,"estimate":"q50"},{"bfs_id":5002,"rcp":"RCP8.5","period":"2035","key":"ID","value":1.6,"estimate":"q95"},{"bfs_id":5002,"rcp":"RCP8.5","period":"2060","key":"ID","value":0,"estimate":"q5"},{"bfs_id":5002,"rcp":"RCP8.5","period":"2060","key":"ID","value":0.3,"estimate":"q50"},{"bfs_id":5002,"rcp":"RCP8.5","period":"2060","key":"ID","value":1,"estimate":"q95"},{"bfs_id":5002,"rcp":"RCP8.5","period":"2085","key":"ID","value":0,"estimate":"q5"},{"bfs_id":5002,"rcp":"RCP8.5","period":"2085","key":"ID","value":0.1,"estimate":"q50"},{"bfs_id":5002,"rcp":"RCP8.5","period":"2085","key":"ID","value":0.4,"estimate":"q95"},{"bfs_id":5002,"rcp":"RCP2.6","period":"2035","key":"SD","value":63.2,"estimate":"q5"},{"bfs_id":5002,"rcp":"RCP2.6","period":"2035","key":"SD","value":70.3,"estimate":"q50"},{"bfs_id":5002,"rcp":"RCP2.6","period":"2035","key":"SD","value":78.9,"estimate":"q95"},{"bfs_id":5002,"rcp":"RCP2.6","period":"2060","key":"SD","value":67.1,"estimate":"q5"},{"bfs_id":5002,"rcp":"RCP2.6","period":"2060","key":"SD","value":72.2,"estimate":"q50"},{"bfs_id":5002,"rcp":"RCP2.6","period":"2060","key":"SD","value":80.3,"estimate":"q95"},{"bfs_id":5002,"rcp":"RCP2.6","period":"2085","key":"SD","value":65.2,"estimate":"q5"},{"bfs_id":5002,"rcp":"RCP2.6","period":"2085","key":"SD","value":70.9,"estimate":"q50"},{"bfs_id":5002,"rcp":"RCP2.6","period":"2085","key":"SD","value":81,"estimate":"q95"},{"bfs_id":5002,"rcp":"RCP8.5","period":"2035","key":"SD","value":70.9,"estimate":"q5"},{"bfs_id":5002,"rcp":"RCP8.5","period":"2035","key":"SD","value":73.6,"estimate":"q50"},{"bfs_id":5002,"rcp":"RCP8.5","period":"2035","key":"SD","value":81,"estimate":"q95"},{"bfs_id":5002,"rcp":"RCP8.5","period":"2060","key":"SD","value":84.9,"estimate":"q5"},{"bfs_id":5002,"rcp":"RCP8.5","period":"2060","key":"SD","value":92.6,"estimate":"q50"},{"bfs_id":5002,"rcp":"RCP8.5","period":"2060","key":"SD","value":102.1,"estimate":"q95"},{"bfs_id":5002,"rcp":"RCP8.5","period":"2085","key":"SD","value":104.1,"estimate":"q5"},{"bfs_id":5002,"rcp":"RCP8.5","period":"2085","key":"SD","value":116.1,"estimate":"q50"},{"bfs_id":5002,"rcp":"RCP8.5","period":"2085","key":"SD","value":125.4,"estimate":"q95"},{"bfs_id":5002,"rcp":"RCP2.6","period":"2035","key":"snowdays","value":1.4,"estimate":"q5"},{"bfs_id":5002,"rcp":"RCP2.6","period":"2035","key":"snowdays","value":4.1,"estimate":"q50"},{"bfs_id":5002,"rcp":"RCP2.6","period":"2035","key":"snowdays","value":5,"estimate":"q95"},{"bfs_id":5002,"rcp":"RCP2.6","period":"2060","key":"snowdays","value":1.2,"estimate":"q5"},{"bfs_id":5002,"rcp":"RCP2.6","period":"2060","key":"snowdays","value":3.7,"estimate":"q50"},{"bfs_id":5002,"rcp":"RCP2.6","period":"2060","key":"snowdays","value":4.8,"estimate":"q95"},{"bfs_id":5002,"rcp":"RCP2.6","period":"2085","key":"snowdays","value":1.4,"estimate":"q5"},{"bfs_id":5002,"rcp":"RCP2.6","period":"2085","key":"snowdays","value":3.9,"estimate":"q50"},{"bfs_id":5002,"rcp":"RCP2.6","period":"2085","key":"snowdays","value":4.9,"estimate":"q95"},{"bfs_id":5002,"rcp":"RCP8.5","period":"2035","key":"snowdays","value":1.5,"estimate":"q5"},{"bfs_id":5002,"rcp":"RCP8.5","period":"2035","key":"snowdays","value":3.3,"estimate":"q50"},{"bfs_id":5002,"rcp":"RCP8.5","period":"2035","key":"snowdays","value":4.6,"estimate":"q95"},{"bfs_id":5002,"rcp":"RCP8.5","period":"2060","key":"snowdays","value":0.6,"estimate":"q5"},{"bfs_id":5002,"rcp":"RCP8.5","period":"2060","key":"snowdays","value":1.8,"estimate":"q50"},{"bfs_id":5002,"rcp":"RCP8.5","period":"2060","key":"snowdays","value":3.2,"estimate":"q95"},{"bfs_id":5002,"rcp":"RCP8.5","period":"2085","key":"snowdays","value":0.2,"estimate":"q5"},{"bfs_id":5002,"rcp":"RCP8.5","period":"2085","key":"snowdays","value":0.9,"estimate":"q50"},{"bfs_id":5002,"rcp":"RCP8.5","period":"2085","key":"snowdays","value":1.8,"estimate":"q95"},{"bfs_id":5002,"rcp":"RCP2.6","period":"2035","key":"TN","value":1.7,"estimate":"q5"},{"bfs_id":5002,"rcp":"RCP2.6","period":"2035","key":"TN","value":4,"estimate":"q50"},{"bfs_id":5002,"rcp":"RCP2.6","period":"2035","key":"TN","value":7.3,"estimate":"q95"},{"bfs_id":5002,"rcp":"RCP2.6","period":"2060","key":"TN","value":2.4,"estimate":"q5"},{"bfs_id":5002,"rcp":"RCP2.6","period":"2060","key":"TN","value":4.5,"estimate":"q50"},{"bfs_id":5002,"rcp":"RCP2.6","period":"2060","key":"TN","value":7.7,"estimate":"q95"},{"bfs_id":5002,"rcp":"RCP2.6","period":"2085","key":"TN","value":2.4,"estimate":"q5"},{"bfs_id":5002,"rcp":"RCP2.6","period":"2085","key":"TN","value":4.4,"estimate":"q50"},{"bfs_id":5002,"rcp":"RCP2.6","period":"2085","key":"TN","value":7.4,"estimate":"q95"},{"bfs_id":5002,"rcp":"RCP8.5","period":"2035","key":"TN","value":2.8,"estimate":"q5"},{"bfs_id":5002,"rcp":"RCP8.5","period":"2035","key":"TN","value":5.7,"estimate":"q50"},{"bfs_id":5002,"rcp":"RCP8.5","period":"2035","key":"TN","value":9.4,"estimate":"q95"},{"bfs_id":5002,"rcp":"RCP8.5","period":"2060","key":"TN","value":8.3,"estimate":"q5"},{"bfs_id":5002,"rcp":"RCP8.5","period":"2060","key":"TN","value":15.7,"estimate":"q50"},{"bfs_id":5002,"rcp":"RCP8.5","period":"2060","key":"TN","value":25.1,"estimate":"q95"},{"bfs_id":5002,"rcp":"RCP8.5","period":"2085","key":"TN","value":23.4,"estimate":"q5"},{"bfs_id":5002,"rcp":"RCP8.5","period":"2085","key":"TN","value":37.4,"estimate":"q50"},{"bfs_id":5002,"rcp":"RCP8.5","period":"2085","key":"TN","value":57.9,"estimate":"q95"},{"bfs_id":5002,"rcp":"RCP2.6","period":"2035","key":"pr","value":2,"estimate":"q5","season":"DJF"},{"bfs_id":5002,"rcp":"RCP2.6","period":"2035","key":"pr","value":4.1,"estimate":"q5","season":"MAM"},{"bfs_id":5002,"rcp":"RCP2.6","period":"2035","key":"pr","value":3.9,"estimate":"q5","season":"JJA"},{"bfs_id":5002,"rcp":"RCP2.6","period":"2035","key":"pr","value":4.1,"estimate":"q5","season":"SON"},{"bfs_id":5002,"rcp":"RCP2.6","period":"2035","key":"pr","value":2.5,"estimate":"q50","season":"DJF"},{"bfs_id":5002,"rcp":"RCP2.6","period":"2035","key":"pr","value":4.7,"estimate":"q50","season":"MAM"},{"bfs_id":5002,"rcp":"RCP2.6","period":"2035","key":"pr","value":5,"estimate":"q50","season":"JJA"},{"bfs_id":5002,"rcp":"RCP2.6","period":"2035","key":"pr","value":4.9,"estimate":"q50","season":"SON"},{"bfs_id":5002,"rcp":"RCP2.6","period":"2035","key":"pr","value":2.9,"estimate":"q95","season":"DJF"},{"bfs_id":5002,"rcp":"RCP2.6","period":"2035","key":"pr","value":5.6,"estimate":"q95","season":"MAM"},{"bfs_id":5002,"rcp":"RCP2.6","period":"2035","key":"pr","value":5.8,"estimate":"q95","season":"JJA"},{"bfs_id":5002,"rcp":"RCP2.6","period":"2035","key":"pr","value":5.8,"estimate":"q95","season":"SON"},{"bfs_id":5002,"rcp":"RCP2.6","period":"2060","key":"pr","value":2,"estimate":"q5","season":"DJF"},{"bfs_id":5002,"rcp":"RCP2.6","period":"2060","key":"pr","value":4.1,"estimate":"q5","season":"MAM"},{"bfs_id":5002,"rcp":"RCP2.6","period":"2060","key":"pr","value":4.2,"estimate":"q5","season":"JJA"},{"bfs_id":5002,"rcp":"RCP2.6","period":"2060","key":"pr","value":4.2,"estimate":"q5","season":"SON"},{"bfs_id":5002,"rcp":"RCP2.6","period":"2060","key":"pr","value":2.6,"estimate":"q50","season":"DJF"},{"bfs_id":5002,"rcp":"RCP2.6","period":"2060","key":"pr","value":4.7,"estimate":"q50","season":"MAM"},{"bfs_id":5002,"rcp":"RCP2.6","period":"2060","key":"pr","value":4.9,"estimate":"q50","season":"JJA"},{"bfs_id":5002,"rcp":"RCP2.6","period":"2060","key":"pr","value":4.9,"estimate":"q50","season":"SON"},{"bfs_id":5002,"rcp":"RCP2.6","period":"2060","key":"pr","value":3.3,"estimate":"q95","season":"DJF"},{"bfs_id":5002,"rcp":"RCP2.6","period":"2060","key":"pr","value":5.6,"estimate":"q95","season":"MAM"},{"bfs_id":5002,"rcp":"RCP2.6","period":"2060","key":"pr","value":5.8,"estimate":"q95","season":"JJA"},{"bfs_id":5002,"rcp":"RCP2.6","period":"2060","key":"pr","value":5.7,"estimate":"q95","season":"SON"},{"bfs_id":5002,"rcp":"RCP2.6","period":"2085","key":"pr","value":2,"estimate":"q5","season":"DJF"},{"bfs_id":5002,"rcp":"RCP2.6","period":"2085","key":"pr","value":4.3,"estimate":"q5","season":"MAM"},{"bfs_id":5002,"rcp":"RCP2.6","period":"2085","key":"pr","value":4.2,"estimate":"q5","season":"JJA"},{"bfs_id":5002,"rcp":"RCP2.6","period":"2085","key":"pr","value":4,"estimate":"q5","season":"SON"},{"bfs_id":5002,"rcp":"RCP2.6","period":"2085","key":"pr","value":2.7,"estimate":"q50","season":"DJF"},{"bfs_id":5002,"rcp":"RCP2.6","period":"2085","key":"pr","value":4.8,"estimate":"q50","season":"MAM"},{"bfs_id":5002,"rcp":"RCP2.6","period":"2085","key":"pr","value":5,"estimate":"q50","season":"JJA"},{"bfs_id":5002,"rcp":"RCP2.6","period":"2085","key":"pr","value":4.8,"estimate":"q50","season":"SON"},{"bfs_id":5002,"rcp":"RCP2.6","period":"2085","key":"pr","value":3.3,"estimate":"q95","season":"DJF"},{"bfs_id":5002,"rcp":"RCP2.6","period":"2085","key":"pr","value":5.6,"estimate":"q95","season":"MAM"},{"bfs_id":5002,"rcp":"RCP2.6","period":"2085","key":"pr","value":5.8,"estimate":"q95","season":"JJA"},{"bfs_id":5002,"rcp":"RCP2.6","period":"2085","key":"pr","value":5.7,"estimate":"q95","season":"SON"},{"bfs_id":5002,"rcp":"RCP8.5","period":"2035","key":"pr","value":2.1,"estimate":"q5","season":"DJF"},{"bfs_id":5002,"rcp":"RCP8.5","period":"2035","key":"pr","value":4.3,"estimate":"q5","season":"MAM"},{"bfs_id":5002,"rcp":"RCP8.5","period":"2035","key":"pr","value":4.1,"estimate":"q5","season":"JJA"},{"bfs_id":5002,"rcp":"RCP8.5","period":"2035","key":"pr","value":4.2,"estimate":"q5","season":"SON"},{"bfs_id":5002,"rcp":"RCP8.5","period":"2035","key":"pr","value":2.5,"estimate":"q50","season":"DJF"},{"bfs_id":5002,"rcp":"RCP8.5","period":"2035","key":"pr","value":4.9,"estimate":"q50","season":"MAM"},{"bfs_id":5002,"rcp":"RCP8.5","period":"2035","key":"pr","value":4.9,"estimate":"q50","season":"JJA"},{"bfs_id":5002,"rcp":"RCP8.5","period":"2035","key":"pr","value":4.7,"estimate":"q50","season":"SON"},{"bfs_id":5002,"rcp":"RCP8.5","period":"2035","key":"pr","value":2.8,"estimate":"q95","season":"DJF"},{"bfs_id":5002,"rcp":"RCP8.5","period":"2035","key":"pr","value":5.6,"estimate":"q95","season":"MAM"},{"bfs_id":5002,"rcp":"RCP8.5","period":"2035","key":"pr","value":5.7,"estimate":"q95","season":"JJA"},{"bfs_id":5002,"rcp":"RCP8.5","period":"2035","key":"pr","value":5.6,"estimate":"q95","season":"SON"},{"bfs_id":5002,"rcp":"RCP8.5","period":"2060","key":"pr","value":2,"estimate":"q5","season":"DJF"},{"bfs_id":5002,"rcp":"RCP8.5","period":"2060","key":"pr","value":4.3,"estimate":"q5","season":"MAM"},{"bfs_id":5002,"rcp":"RCP8.5","period":"2060","key":"pr","value":3.6,"estimate":"q5","season":"JJA"},{"bfs_id":5002,"rcp":"RCP8.5","period":"2060","key":"pr","value":4.4,"estimate":"q5","season":"SON"},{"bfs_id":5002,"rcp":"RCP8.5","period":"2060","key":"pr","value":2.8,"estimate":"q50","season":"DJF"},{"bfs_id":5002,"rcp":"RCP8.5","period":"2060","key":"pr","value":5.2,"estimate":"q50","season":"MAM"},{"bfs_id":5002,"rcp":"RCP8.5","period":"2060","key":"pr","value":4.6,"estimate":"q50","season":"JJA"},{"bfs_id":5002,"rcp":"RCP8.5","period":"2060","key":"pr","value":4.9,"estimate":"q50","season":"SON"},{"bfs_id":5002,"rcp":"RCP8.5","period":"2060","key":"pr","value":3.2,"estimate":"q95","season":"DJF"},{"bfs_id":5002,"rcp":"RCP8.5","period":"2060","key":"pr","value":5.8,"estimate":"q95","season":"MAM"},{"bfs_id":5002,"rcp":"RCP8.5","period":"2060","key":"pr","value":5.7,"estimate":"q95","season":"JJA"},{"bfs_id":5002,"rcp":"RCP8.5","period":"2060","key":"pr","value":5.5,"estimate":"q95","season":"SON"},{"bfs_id":5002,"rcp":"RCP8.5","period":"2085","key":"pr","value":2.6,"estimate":"q5","season":"DJF"},{"bfs_id":5002,"rcp":"RCP8.5","period":"2085","key":"pr","value":4.2,"estimate":"q5","season":"MAM"},{"bfs_id":5002,"rcp":"RCP8.5","period":"2085","key":"pr","value":2.5,"estimate":"q5","season":"JJA"},{"bfs_id":5002,"rcp":"RCP8.5","period":"2085","key":"pr","value":3.8,"estimate":"q5","season":"SON"},{"bfs_id":5002,"rcp":"RCP8.5","period":"2085","key":"pr","value":3,"estimate":"q50","season":"DJF"},{"bfs_id":5002,"rcp":"RCP8.5","period":"2085","key":"pr","value":5.2,"estimate":"q50","season":"MAM"},{"bfs_id":5002,"rcp":"RCP8.5","period":"2085","key":"pr","value":3.7,"estimate":"q50","season":"JJA"},{"bfs_id":5002,"rcp":"RCP8.5","period":"2085","key":"pr","value":4.9,"estimate":"q50","season":"SON"},{"bfs_id":5002,"rcp":"RCP8.5","period":"2085","key":"pr","value":4,"estimate":"q95","season":"DJF"},{"bfs_id":5002,"rcp":"RCP8.5","period":"2085","key":"pr","value":5.7,"estimate":"q95","season":"MAM"},{"bfs_id":5002,"rcp":"RCP8.5","period":"2085","key":"pr","value":5.1,"estimate":"q95","season":"JJA"},{"bfs_id":5002,"rcp":"RCP8.5","period":"2085","key":"pr","value":5.7,"estimate":"q95","season":"SON"},{"bfs_id":5002,"rcp":"RCP2.6","period":"2035","key":"tas","value":2.8,"estimate":"q5","season":"DJF"},{"bfs_id":5002,"rcp":"RCP2.6","period":"2035","key":"tas","value":10.8,"estimate":"q5","season":"MAM"},{"bfs_id":5002,"rcp":"RCP2.6","period":"2035","key":"tas","value":20,"estimate":"q5","season":"JJA"},{"bfs_id":5002,"rcp":"RCP2.6","period":"2035","key":"tas","value":11.4,"estimate":"q5","season":"SON"},{"bfs_id":5002,"rcp":"RCP2.6","period":"2035","key":"tas","value":3.3,"estimate":"q50","season":"DJF"},{"bfs_id":5002,"rcp":"RCP2.6","period":"2035","key":"tas","value":11.4,"estimate":"q50","season":"MAM"},{"bfs_id":5002,"rcp":"RCP2.6","period":"2035","key":"tas","value":20.6,"estimate":"q50","season":"JJA"},{"bfs_id":5002,"rcp":"RCP2.6","period":"2035","key":"tas","value":11.8,"estimate":"q50","season":"SON"},{"bfs_id":5002,"rcp":"RCP2.6","period":"2035","key":"tas","value":3.9,"estimate":"q95","season":"DJF"},{"bfs_id":5002,"rcp":"RCP2.6","period":"2035","key":"tas","value":11.8,"estimate":"q95","season":"MAM"},{"bfs_id":5002,"rcp":"RCP2.6","period":"2035","key":"tas","value":21.2,"estimate":"q95","season":"JJA"},{"bfs_id":5002,"rcp":"RCP2.6","period":"2035","key":"tas","value":12.4,"estimate":"q95","season":"SON"},{"bfs_id":5002,"rcp":"RCP2.6","period":"2060","key":"tas","value":2.9,"estimate":"q5","season":"DJF"},{"bfs_id":5002,"rcp":"RCP2.6","period":"2060","key":"tas","value":10.9,"estimate":"q5","season":"MAM"},{"bfs_id":5002,"rcp":"RCP2.6","period":"2060","key":"tas","value":20.2,"estimate":"q5","season":"JJA"},{"bfs_id":5002,"rcp":"RCP2.6","period":"2060","key":"tas","value":11.8,"estimate":"q5","season":"SON"},{"bfs_id":5002,"rcp":"RCP2.6","period":"2060","key":"tas","value":3.5,"estimate":"q50","season":"DJF"},{"bfs_id":5002,"rcp":"RCP2.6","period":"2060","key":"tas","value":11.5,"estimate":"q50","season":"MAM"},{"bfs_id":5002,"rcp":"RCP2.6","period":"2060","key":"tas","value":20.7,"estimate":"q50","season":"JJA"},{"bfs_id":5002,"rcp":"RCP2.6","period":"2060","key":"tas","value":12.1,"estimate":"q50","season":"SON"},{"bfs_id":5002,"rcp":"RCP2.6","period":"2060","key":"tas","value":4,"estimate":"q95","season":"DJF"},{"bfs_id":5002,"rcp":"RCP2.6","period":"2060","key":"tas","value":11.9,"estimate":"q95","season":"MAM"},{"bfs_id":5002,"rcp":"RCP2.6","period":"2060","key":"tas","value":21.4,"estimate":"q95","season":"JJA"},{"bfs_id":5002,"rcp":"RCP2.6","period":"2060","key":"tas","value":12.9,"estimate":"q95","season":"SON"},{"bfs_id":5002,"rcp":"RCP2.6","period":"2085","key":"tas","value":3,"estimate":"q5","season":"DJF"},{"bfs_id":5002,"rcp":"RCP2.6","period":"2085","key":"tas","value":11,"estimate":"q5","season":"MAM"},{"bfs_id":5002,"rcp":"RCP2.6","period":"2085","key":"tas","value":20.2,"estimate":"q5","season":"JJA"},{"bfs_id":5002,"rcp":"RCP2.6","period":"2085","key":"tas","value":11.5,"estimate":"q5","season":"SON"},{"bfs_id":5002,"rcp":"RCP2.6","period":"2085","key":"tas","value":3.5,"estimate":"q50","season":"DJF"},{"bfs_id":5002,"rcp":"RCP2.6","period":"2085","key":"tas","value":11.5,"estimate":"q50","season":"MAM"},{"bfs_id":5002,"rcp":"RCP2.6","period":"2085","key":"tas","value":20.7,"estimate":"q50","season":"JJA"},{"bfs_id":5002,"rcp":"RCP2.6","period":"2085","key":"tas","value":12.1,"estimate":"q50","season":"SON"},{"bfs_id":5002,"rcp":"RCP2.6","period":"2085","key":"tas","value":4.1,"estimate":"q95","season":"DJF"},{"bfs_id":5002,"rcp":"RCP2.6","period":"2085","key":"tas","value":11.8,"estimate":"q95","season":"MAM"},{"bfs_id":5002,"rcp":"RCP2.6","period":"2085","key":"tas","value":21.4,"estimate":"q95","season":"JJA"},{"bfs_id":5002,"rcp":"RCP2.6","period":"2085","key":"tas","value":12.8,"estimate":"q95","season":"SON"},{"bfs_id":5002,"rcp":"RCP8.5","period":"2035","key":"tas","value":3,"estimate":"q5","season":"DJF"},{"bfs_id":5002,"rcp":"RCP8.5","period":"2035","key":"tas","value":11.2,"estimate":"q5","season":"MAM"},{"bfs_id":5002,"rcp":"RCP8.5","period":"2035","key":"tas","value":20.4,"estimate":"q5","season":"JJA"},{"bfs_id":5002,"rcp":"RCP8.5","period":"2035","key":"tas","value":11.7,"estimate":"q5","season":"SON"},{"bfs_id":5002,"rcp":"RCP8.5","period":"2035","key":"tas","value":3.7,"estimate":"q50","season":"DJF"},{"bfs_id":5002,"rcp":"RCP8.5","period":"2035","key":"tas","value":11.5,"estimate":"q50","season":"MAM"},{"bfs_id":5002,"rcp":"RCP8.5","period":"2035","key":"tas","value":20.9,"estimate":"q50","season":"JJA"},{"bfs_id":5002,"rcp":"RCP8.5","period":"2035","key":"tas","value":12.2,"estimate":"q50","season":"SON"},{"bfs_id":5002,"rcp":"RCP8.5","period":"2035","key":"tas","value":4.1,"estimate":"q95","season":"DJF"},{"bfs_id":5002,"rcp":"RCP8.5","period":"2035","key":"tas","value":12.1,"estimate":"q95","season":"MAM"},{"bfs_id":5002,"rcp":"RCP8.5","period":"2035","key":"tas","value":21.3,"estimate":"q95","season":"JJA"},{"bfs_id":5002,"rcp":"RCP8.5","period":"2035","key":"tas","value":12.9,"estimate":"q95","season":"SON"},{"bfs_id":5002,"rcp":"RCP8.5","period":"2060","key":"tas","value":4.1,"estimate":"q5","season":"DJF"},{"bfs_id":5002,"rcp":"RCP8.5","period":"2060","key":"tas","value":12.1,"estimate":"q5","season":"MAM"},{"bfs_id":5002,"rcp":"RCP8.5","period":"2060","key":"tas","value":21.4,"estimate":"q5","season":"JJA"},{"bfs_id":5002,"rcp":"RCP8.5","period":"2060","key":"tas","value":13,"estimate":"q5","season":"SON"},{"bfs_id":5002,"rcp":"RCP8.5","period":"2060","key":"tas","value":4.6,"estimate":"q50","season":"DJF"},{"bfs_id":5002,"rcp":"RCP8.5","period":"2060","key":"tas","value":12.6,"estimate":"q50","season":"MAM"},{"bfs_id":5002,"rcp":"RCP8.5","period":"2060","key":"tas","value":22.1,"estimate":"q50","season":"JJA"},{"bfs_id":5002,"rcp":"RCP8.5","period":"2060","key":"tas","value":13.5,"estimate":"q50","season":"SON"},{"bfs_id":5002,"rcp":"RCP8.5","period":"2060","key":"tas","value":5.3,"estimate":"q95","season":"DJF"},{"bfs_id":5002,"rcp":"RCP8.5","period":"2060","key":"tas","value":13.8,"estimate":"q95","season":"MAM"},{"bfs_id":5002,"rcp":"RCP8.5","period":"2060","key":"tas","value":22.9,"estimate":"q95","season":"JJA"},{"bfs_id":5002,"rcp":"RCP8.5","period":"2060","key":"tas","value":14.1,"estimate":"q95","season":"SON"},{"bfs_id":5002,"rcp":"RCP8.5","period":"2085","key":"tas","value":5.5,"estimate":"q5","season":"DJF"},{"bfs_id":5002,"rcp":"RCP8.5","period":"2085","key":"tas","value":13.3,"estimate":"q5","season":"MAM"},{"bfs_id":5002,"rcp":"RCP8.5","period":"2085","key":"tas","value":23,"estimate":"q5","season":"JJA"},{"bfs_id":5002,"rcp":"RCP8.5","period":"2085","key":"tas","value":14.4,"estimate":"q5","season":"SON"},{"bfs_id":5002,"rcp":"RCP8.5","period":"2085","key":"tas","value":6.2,"estimate":"q50","season":"DJF"},{"bfs_id":5002,"rcp":"RCP8.5","period":"2085","key":"tas","value":13.9,"estimate":"q50","season":"MAM"},{"bfs_id":5002,"rcp":"RCP8.5","period":"2085","key":"tas","value":23.7,"estimate":"q50","season":"JJA"},{"bfs_id":5002,"rcp":"RCP8.5","period":"2085","key":"tas","value":14.9,"estimate":"q50","season":"SON"},{"bfs_id":5002,"rcp":"RCP8.5","period":"2085","key":"tas","value":7,"estimate":"q95","season":"DJF"},{"bfs_id":5002,"rcp":"RCP8.5","period":"2085","key":"tas","value":15.6,"estimate":"q95","season":"MAM"},{"bfs_id":5002,"rcp":"RCP8.5","period":"2085","key":"tas","value":25,"estimate":"q95","season":"JJA"},{"bfs_id":5002,"rcp":"RCP8.5","period":"2085","key":"tas","value":16.1,"estimate":"q95","season":"SON"},{"bfs_id":5002,"rcp":"obs","period":"1981-2010","key":"FD","value":77.3,"estimate":"yearly_mean"},{"bfs_id":5002,"rcp":"obs","period":"1981-2010","key":"HD","value":4.1,"estimate":"yearly_mean"},{"bfs_id":5002,"rcp":"obs","period":"1981-2010","key":"ID","value":2.5,"estimate":"yearly_mean"},{"bfs_id":5002,"rcp":"obs","period":"1981-2010","key":"SD","value":54.7,"estimate":"yearly_mean"},{"bfs_id":5002,"rcp":"obs","period":"1981-2010","key":"snowdays","value":10.3,"estimate":"yearly_mean"},{"bfs_id":5002,"rcp":"obs","period":"1981-2010","key":"TN","value":0.8,"estimate":"yearly_mean"},{"bfs_id":5002,"rcp":"obs","period":"1981-2010","key":"pr","value":2.1,"estimate":"mean","season":"DJF"},{"bfs_id":5002,"rcp":"obs","period":"1981-2010","key":"pr","value":4.6,"estimate":"mean","season":"MAM"},{"bfs_id":5002,"rcp":"obs","period":"1981-2010","key":"pr","value":5.6,"estimate":"mean","season":"JJA"},{"bfs_id":5002,"rcp":"obs","period":"1981-2010","key":"pr","value":5.1,"estimate":"mean","season":"SON"},{"bfs_id":5002,"rcp":"obs","period":"1981-2010","key":"tas","value":2.2,"estimate":"mean","season":"DJF"},{"bfs_id":5002,"rcp":"obs","period":"1981-2010","key":"tas","value":10.8,"estimate":"mean","season":"MAM"},{"bfs_id":5002,"rcp":"obs","period":"1981-2010","key":"tas","value":19.4,"estimate":"mean","season":"JJA"},{"bfs_id":5002,"rcp":"obs","period":"1981-2010","key":"tas","value":10.8,"estimate":"mean","season":"SON"}]
