[{"bfs_id":4306,"rcp":"RCP2.6","period":"2035","key":"FD","value":63.1,"estimate":"q5"},{"bfs_id":4306,"rcp":"RCP2.6","period":"2035","key":"FD","value":73.7,"estimate":"q50"},{"bfs_id":4306,"rcp":"RCP2.6","period":"2035","key":"FD","value":78.9,"estimate":"q95"},{"bfs_id":4306,"rcp":"RCP2.6","period":"2060","key":"FD","value":60.9,"estimate":"q5"},{"bfs_id":4306,"rcp":"RCP2.6","period":"2060","key":"FD","value":71.4,"estimate":"q50"},{"bfs_id":4306,"rcp":"RCP2.6","period":"2060","key":"FD","value":77.7,"estimate":"q95"},{"bfs_id":4306,"rcp":"RCP2.6","period":"2085","key":"FD","value":61.8,"estimate":"q5"},{"bfs_id":4306,"rcp":"RCP2.6","period":"2085","key":"FD","value":71.3,"estimate":"q50"},{"bfs_id":4306,"rcp":"RCP2.6","period":"2085","key":"FD","value":79,"estimate":"q95"},{"bfs_id":4306,"rcp":"RCP8.5","period":"2035","key":"FD","value":59,"estimate":"q5"},{"bfs_id":4306,"rcp":"RCP8.5","period":"2035","key":"FD","value":69.6,"estimate":"q50"},{"bfs_id":4306,"rcp":"RCP8.5","period":"2035","key":"FD","value":76.6,"estimate":"q95"},{"bfs_id":4306,"rcp":"RCP8.5","period":"2060","key":"FD","value":48.3,"estimate":"q5"},{"bfs_id":4306,"rcp":"RCP8.5","period":"2060","key":"FD","value":55.4,"estimate":"q50"},{"bfs_id":4306,"rcp":"RCP8.5","period":"2060","key":"FD","value":63.4,"estimate":"q95"},{"bfs_id":4306,"rcp":"RCP8.5","period":"2085","key":"FD","value":28.4,"estimate":"q5"},{"bfs_id":4306,"rcp":"RCP8.5","period":"2085","key":"FD","value":34.6,"estimate":"q50"},{"bfs_id":4306,"rcp":"RCP8.5","period":"2085","key":"FD","value":47.5,"estimate":"q95"},{"bfs_id":4306,"rcp":"RCP2.6","period":"2035","key":"HD","value":12.7,"estimate":"q5"},{"bfs_id":4306,"rcp":"RCP2.6","period":"2035","key":"HD","value":16,"estimate":"q50"},{"bfs_id":4306,"rcp":"RCP2.6","period":"2035","key":"HD","value":21,"estimate":"q95"},{"bfs_id":4306,"rcp":"RCP2.6","period":"2060","key":"HD","value":13.2,"estimate":"q5"},{"bfs_id":4306,"rcp":"RCP2.6","period":"2060","key":"HD","value":16.1,"estimate":"q50"},{"bfs_id":4306,"rcp":"RCP2.6","period":"2060","key":"HD","value":23.3,"estimate":"q95"},{"bfs_id":4306,"rcp":"RCP2.6","period":"2085","key":"HD","value":12.7,"estimate":"q5"},{"bfs_id":4306,"rcp":"RCP2.6","period":"2085","key":"HD","value":16.2,"estimate":"q50"},{"bfs_id":4306,"rcp":"RCP2.6","period":"2085","key":"HD","value":22.6,"estimate":"q95"},{"bfs_id":4306,"rcp":"RCP8.5","period":"2035","key":"HD","value":13.6,"estimate":"q5"},{"bfs_id":4306,"rcp":"RCP8.5","period":"2035","key":"HD","value":17.6,"estimate":"q50"},{"bfs_id":4306,"rcp":"RCP8.5","period":"2035","key":"HD","value":23.4,"estimate":"q95"},{"bfs_id":4306,"rcp":"RCP8.5","period":"2060","key":"HD","value":20.8,"estimate":"q5"},{"bfs_id":4306,"rcp":"RCP8.5","period":"2060","key":"HD","value":26.7,"estimate":"q50"},{"bfs_id":4306,"rcp":"RCP8.5","period":"2060","key":"HD","value":39.2,"estimate":"q95"},{"bfs_id":4306,"rcp":"RCP8.5","period":"2085","key":"HD","value":35.2,"estimate":"q5"},{"bfs_id":4306,"rcp":"RCP8.5","period":"2085","key":"HD","value":41.7,"estimate":"q50"},{"bfs_id":4306,"rcp":"RCP8.5","period":"2085","key":"HD","value":66.3,"estimate":"q95"},{"bfs_id":4306,"rcp":"RCP2.6","period":"2035","key":"ID","value":9.8,"estimate":"q5"},{"bfs_id":4306,"rcp":"RCP2.6","period":"2035","key":"ID","value":13.2,"estimate":"q50"},{"bfs_id":4306,"rcp":"RCP2.6","period":"2035","key":"ID","value":16.4,"estimate":"q95"},{"bfs_id":4306,"rcp":"RCP2.6","period":"2060","key":"ID","value":9.5,"estimate":"q5"},{"bfs_id":4306,"rcp":"RCP2.6","period":"2060","key":"ID","value":13.4,"estimate":"q50"},{"bfs_id":4306,"rcp":"RCP2.6","period":"2060","key":"ID","value":15.9,"estimate":"q95"},{"bfs_id":4306,"rcp":"RCP2.6","period":"2085","key":"ID","value":9.8,"estimate":"q5"},{"bfs_id":4306,"rcp":"RCP2.6","period":"2085","key":"ID","value":12.9,"estimate":"q50"},{"bfs_id":4306,"rcp":"RCP2.6","period":"2085","key":"ID","value":15.5,"estimate":"q95"},{"bfs_id":4306,"rcp":"RCP8.5","period":"2035","key":"ID","value":9.3,"estimate":"q5"},{"bfs_id":4306,"rcp":"RCP8.5","period":"2035","key":"ID","value":11.8,"estimate":"q50"},{"bfs_id":4306,"rcp":"RCP8.5","period":"2035","key":"ID","value":16.6,"estimate":"q95"},{"bfs_id":4306,"rcp":"RCP8.5","period":"2060","key":"ID","value":5.7,"estimate":"q5"},{"bfs_id":4306,"rcp":"RCP8.5","period":"2060","key":"ID","value":8.5,"estimate":"q50"},{"bfs_id":4306,"rcp":"RCP8.5","period":"2060","key":"ID","value":11.3,"estimate":"q95"},{"bfs_id":4306,"rcp":"RCP8.5","period":"2085","key":"ID","value":1.4,"estimate":"q5"},{"bfs_id":4306,"rcp":"RCP8.5","period":"2085","key":"ID","value":3.6,"estimate":"q50"},{"bfs_id":4306,"rcp":"RCP8.5","period":"2085","key":"ID","value":6.2,"estimate":"q95"},{"bfs_id":4306,"rcp":"RCP2.6","period":"2035","key":"SD","value":54.9,"estimate":"q5"},{"bfs_id":4306,"rcp":"RCP2.6","period":"2035","key":"SD","value":61.3,"estimate":"q50"},{"bfs_id":4306,"rcp":"RCP2.6","period":"2035","key":"SD","value":68.3,"estimate":"q95"},{"bfs_id":4306,"rcp":"RCP2.6","period":"2060","key":"SD","value":55.2,"estimate":"q5"},{"bfs_id":4306,"rcp":"RCP2.6","period":"2060","key":"SD","value":62.4,"estimate":"q50"},{"bfs_id":4306,"rcp":"RCP2.6","period":"2060","key":"SD","value":68.8,"estimate":"q95"},{"bfs_id":4306,"rcp":"RCP2.6","period":"2085","key":"SD","value":54.5,"estimate":"q5"},{"bfs_id":4306,"rcp":"RCP2.6","period":"2085","key":"SD","value":62.4,"estimate":"q50"},{"bfs_id":4306,"rcp":"RCP2.6","period":"2085","key":"SD","value":69.9,"estimate":"q95"},{"bfs_id":4306,"rcp":"RCP8.5","period":"2035","key":"SD","value":56.8,"estimate":"q5"},{"bfs_id":4306,"rcp":"RCP8.5","period":"2035","key":"SD","value":63.1,"estimate":"q50"},{"bfs_id":4306,"rcp":"RCP8.5","period":"2035","key":"SD","value":69.9,"estimate":"q95"},{"bfs_id":4306,"rcp":"RCP8.5","period":"2060","key":"SD","value":72.8,"estimate":"q5"},{"bfs_id":4306,"rcp":"RCP8.5","period":"2060","key":"SD","value":78.4,"estimate":"q50"},{"bfs_id":4306,"rcp":"RCP8.5","period":"2060","key":"SD","value":92.9,"estimate":"q95"},{"bfs_id":4306,"rcp":"RCP8.5","period":"2085","key":"SD","value":87.5,"estimate":"q5"},{"bfs_id":4306,"rcp":"RCP8.5","period":"2085","key":"SD","value":100.8,"estimate":"q50"},{"bfs_id":4306,"rcp":"RCP8.5","period":"2085","key":"SD","value":118.4,"estimate":"q95"},{"bfs_id":4306,"rcp":"RCP2.6","period":"2035","key":"snowdays","value":11.2,"estimate":"q5"},{"bfs_id":4306,"rcp":"RCP2.6","period":"2035","key":"snowdays","value":15.5,"estimate":"q50"},{"bfs_id":4306,"rcp":"RCP2.6","period":"2035","key":"snowdays","value":17.5,"estimate":"q95"},{"bfs_id":4306,"rcp":"RCP2.6","period":"2060","key":"snowdays","value":10.7,"estimate":"q5"},{"bfs_id":4306,"rcp":"RCP2.6","period":"2060","key":"snowdays","value":15.4,"estimate":"q50"},{"bfs_id":4306,"rcp":"RCP2.6","period":"2060","key":"snowdays","value":17.1,"estimate":"q95"},{"bfs_id":4306,"rcp":"RCP2.6","period":"2085","key":"snowdays","value":10.9,"estimate":"q5"},{"bfs_id":4306,"rcp":"RCP2.6","period":"2085","key":"snowdays","value":15,"estimate":"q50"},{"bfs_id":4306,"rcp":"RCP2.6","period":"2085","key":"snowdays","value":17.6,"estimate":"q95"},{"bfs_id":4306,"rcp":"RCP8.5","period":"2035","key":"snowdays","value":9.8,"estimate":"q5"},{"bfs_id":4306,"rcp":"RCP8.5","period":"2035","key":"snowdays","value":14.6,"estimate":"q50"},{"bfs_id":4306,"rcp":"RCP8.5","period":"2035","key":"snowdays","value":16.5,"estimate":"q95"},{"bfs_id":4306,"rcp":"RCP8.5","period":"2060","key":"snowdays","value":6.4,"estimate":"q5"},{"bfs_id":4306,"rcp":"RCP8.5","period":"2060","key":"snowdays","value":11.2,"estimate":"q50"},{"bfs_id":4306,"rcp":"RCP8.5","period":"2060","key":"snowdays","value":12.8,"estimate":"q95"},{"bfs_id":4306,"rcp":"RCP8.5","period":"2085","key":"snowdays","value":2.6,"estimate":"q5"},{"bfs_id":4306,"rcp":"RCP8.5","period":"2085","key":"snowdays","value":6.2,"estimate":"q50"},{"bfs_id":4306,"rcp":"RCP8.5","period":"2085","key":"snowdays","value":8.3,"estimate":"q95"},{"bfs_id":4306,"rcp":"RCP2.6","period":"2035","key":"TN","value":0.1,"estimate":"q5"},{"bfs_id":4306,"rcp":"RCP2.6","period":"2035","key":"TN","value":0.4,"estimate":"q50"},{"bfs_id":4306,"rcp":"RCP2.6","period":"2035","key":"TN","value":0.9,"estimate":"q95"},{"bfs_id":4306,"rcp":"RCP2.6","period":"2060","key":"TN","value":0.1,"estimate":"q5"},{"bfs_id":4306,"rcp":"RCP2.6","period":"2060","key":"TN","value":0.5,"estimate":"q50"},{"bfs_id":4306,"rcp":"RCP2.6","period":"2060","key":"TN","value":1.3,"estimate":"q95"},{"bfs_id":4306,"rcp":"RCP2.6","period":"2085","key":"TN","value":0.1,"estimate":"q5"},{"bfs_id":4306,"rcp":"RCP2.6","period":"2085","key":"TN","value":0.5,"estimate":"q50"},{"bfs_id":4306,"rcp":"RCP2.6","period":"2085","key":"TN","value":1,"estimate":"q95"},{"bfs_id":4306,"rcp":"RCP8.5","period":"2035","key":"TN","value":0.2,"estimate":"q5"},{"bfs_id":4306,"rcp":"RCP8.5","period":"2035","key":"TN","value":0.5,"estimate":"q50"},{"bfs_id":4306,"rcp":"RCP8.5","period":"2035","key":"TN","value":2.1,"estimate":"q95"},{"bfs_id":4306,"rcp":"RCP8.5","period":"2060","key":"TN","value":1.2,"estimate":"q5"},{"bfs_id":4306,"rcp":"RCP8.5","period":"2060","key":"TN","value":3.1,"estimate":"q50"},{"bfs_id":4306,"rcp":"RCP8.5","period":"2060","key":"TN","value":7.4,"estimate":"q95"},{"bfs_id":4306,"rcp":"RCP8.5","period":"2085","key":"TN","value":5.3,"estimate":"q5"},{"bfs_id":4306,"rcp":"RCP8.5","period":"2085","key":"TN","value":9.3,"estimate":"q50"},{"bfs_id":4306,"rcp":"RCP8.5","period":"2085","key":"TN","value":24.1,"estimate":"q95"},{"bfs_id":4306,"rcp":"RCP2.6","period":"2035","key":"pr","value":2.4,"estimate":"q5","season":"DJF"},{"bfs_id":4306,"rcp":"RCP2.6","period":"2035","key":"pr","value":2.3,"estimate":"q5","season":"MAM"},{"bfs_id":4306,"rcp":"RCP2.6","period":"2035","key":"pr","value":2.4,"estimate":"q5","season":"JJA"},{"bfs_id":4306,"rcp":"RCP2.6","period":"2035","key":"pr","value":2.2,"estimate":"q5","season":"SON"},{"bfs_id":4306,"rcp":"RCP2.6","period":"2035","key":"pr","value":2.7,"estimate":"q50","season":"DJF"},{"bfs_id":4306,"rcp":"RCP2.6","period":"2035","key":"pr","value":2.6,"estimate":"q50","season":"MAM"},{"bfs_id":4306,"rcp":"RCP2.6","period":"2035","key":"pr","value":2.7,"estimate":"q50","season":"JJA"},{"bfs_id":4306,"rcp":"RCP2.6","period":"2035","key":"pr","value":2.5,"estimate":"q50","season":"SON"},{"bfs_id":4306,"rcp":"RCP2.6","period":"2035","key":"pr","value":3.2,"estimate":"q95","season":"DJF"},{"bfs_id":4306,"rcp":"RCP2.6","period":"2035","key":"pr","value":2.8,"estimate":"q95","season":"MAM"},{"bfs_id":4306,"rcp":"RCP2.6","period":"2035","key":"pr","value":3,"estimate":"q95","season":"JJA"},{"bfs_id":4306,"rcp":"RCP2.6","period":"2035","key":"pr","value":3,"estimate":"q95","season":"SON"},{"bfs_id":4306,"rcp":"RCP2.6","period":"2060","key":"pr","value":2.4,"estimate":"q5","season":"DJF"},{"bfs_id":4306,"rcp":"RCP2.6","period":"2060","key":"pr","value":2.4,"estimate":"q5","season":"MAM"},{"bfs_id":4306,"rcp":"RCP2.6","period":"2060","key":"pr","value":2.4,"estimate":"q5","season":"JJA"},{"bfs_id":4306,"rcp":"RCP2.6","period":"2060","key":"pr","value":2.3,"estimate":"q5","season":"SON"},{"bfs_id":4306,"rcp":"RCP2.6","period":"2060","key":"pr","value":2.7,"estimate":"q50","season":"DJF"},{"bfs_id":4306,"rcp":"RCP2.6","period":"2060","key":"pr","value":2.6,"estimate":"q50","season":"MAM"},{"bfs_id":4306,"rcp":"RCP2.6","period":"2060","key":"pr","value":2.7,"estimate":"q50","season":"JJA"},{"bfs_id":4306,"rcp":"RCP2.6","period":"2060","key":"pr","value":2.5,"estimate":"q50","season":"SON"},{"bfs_id":4306,"rcp":"RCP2.6","period":"2060","key":"pr","value":3,"estimate":"q95","season":"DJF"},{"bfs_id":4306,"rcp":"RCP2.6","period":"2060","key":"pr","value":2.8,"estimate":"q95","season":"MAM"},{"bfs_id":4306,"rcp":"RCP2.6","period":"2060","key":"pr","value":3,"estimate":"q95","season":"JJA"},{"bfs_id":4306,"rcp":"RCP2.6","period":"2060","key":"pr","value":2.9,"estimate":"q95","season":"SON"},{"bfs_id":4306,"rcp":"RCP2.6","period":"2085","key":"pr","value":2.5,"estimate":"q5","season":"DJF"},{"bfs_id":4306,"rcp":"RCP2.6","period":"2085","key":"pr","value":2.3,"estimate":"q5","season":"MAM"},{"bfs_id":4306,"rcp":"RCP2.6","period":"2085","key":"pr","value":2.3,"estimate":"q5","season":"JJA"},{"bfs_id":4306,"rcp":"RCP2.6","period":"2085","key":"pr","value":2.2,"estimate":"q5","season":"SON"},{"bfs_id":4306,"rcp":"RCP2.6","period":"2085","key":"pr","value":2.7,"estimate":"q50","season":"DJF"},{"bfs_id":4306,"rcp":"RCP2.6","period":"2085","key":"pr","value":2.6,"estimate":"q50","season":"MAM"},{"bfs_id":4306,"rcp":"RCP2.6","period":"2085","key":"pr","value":2.7,"estimate":"q50","season":"JJA"},{"bfs_id":4306,"rcp":"RCP2.6","period":"2085","key":"pr","value":2.5,"estimate":"q50","season":"SON"},{"bfs_id":4306,"rcp":"RCP2.6","period":"2085","key":"pr","value":3.1,"estimate":"q95","season":"DJF"},{"bfs_id":4306,"rcp":"RCP2.6","period":"2085","key":"pr","value":2.8,"estimate":"q95","season":"MAM"},{"bfs_id":4306,"rcp":"RCP2.6","period":"2085","key":"pr","value":3,"estimate":"q95","season":"JJA"},{"bfs_id":4306,"rcp":"RCP2.6","period":"2085","key":"pr","value":2.9,"estimate":"q95","season":"SON"},{"bfs_id":4306,"rcp":"RCP8.5","period":"2035","key":"pr","value":2.5,"estimate":"q5","season":"DJF"},{"bfs_id":4306,"rcp":"RCP8.5","period":"2035","key":"pr","value":2.4,"estimate":"q5","season":"MAM"},{"bfs_id":4306,"rcp":"RCP8.5","period":"2035","key":"pr","value":2.2,"estimate":"q5","season":"JJA"},{"bfs_id":4306,"rcp":"RCP8.5","period":"2035","key":"pr","value":2.3,"estimate":"q5","season":"SON"},{"bfs_id":4306,"rcp":"RCP8.5","period":"2035","key":"pr","value":2.9,"estimate":"q50","season":"DJF"},{"bfs_id":4306,"rcp":"RCP8.5","period":"2035","key":"pr","value":2.6,"estimate":"q50","season":"MAM"},{"bfs_id":4306,"rcp":"RCP8.5","period":"2035","key":"pr","value":2.8,"estimate":"q50","season":"JJA"},{"bfs_id":4306,"rcp":"RCP8.5","period":"2035","key":"pr","value":2.6,"estimate":"q50","season":"SON"},{"bfs_id":4306,"rcp":"RCP8.5","period":"2035","key":"pr","value":3.1,"estimate":"q95","season":"DJF"},{"bfs_id":4306,"rcp":"RCP8.5","period":"2035","key":"pr","value":2.9,"estimate":"q95","season":"MAM"},{"bfs_id":4306,"rcp":"RCP8.5","period":"2035","key":"pr","value":3,"estimate":"q95","season":"JJA"},{"bfs_id":4306,"rcp":"RCP8.5","period":"2035","key":"pr","value":3,"estimate":"q95","season":"SON"},{"bfs_id":4306,"rcp":"RCP8.5","period":"2060","key":"pr","value":2.6,"estimate":"q5","season":"DJF"},{"bfs_id":4306,"rcp":"RCP8.5","period":"2060","key":"pr","value":2.6,"estimate":"q5","season":"MAM"},{"bfs_id":4306,"rcp":"RCP8.5","period":"2060","key":"pr","value":2,"estimate":"q5","season":"JJA"},{"bfs_id":4306,"rcp":"RCP8.5","period":"2060","key":"pr","value":2.3,"estimate":"q5","season":"SON"},{"bfs_id":4306,"rcp":"RCP8.5","period":"2060","key":"pr","value":2.9,"estimate":"q50","season":"DJF"},{"bfs_id":4306,"rcp":"RCP8.5","period":"2060","key":"pr","value":2.8,"estimate":"q50","season":"MAM"},{"bfs_id":4306,"rcp":"RCP8.5","period":"2060","key":"pr","value":2.6,"estimate":"q50","season":"JJA"},{"bfs_id":4306,"rcp":"RCP8.5","period":"2060","key":"pr","value":2.7,"estimate":"q50","season":"SON"},{"bfs_id":4306,"rcp":"RCP8.5","period":"2060","key":"pr","value":3.4,"estimate":"q95","season":"DJF"},{"bfs_id":4306,"rcp":"RCP8.5","period":"2060","key":"pr","value":3.1,"estimate":"q95","season":"MAM"},{"bfs_id":4306,"rcp":"RCP8.5","period":"2060","key":"pr","value":3,"estimate":"q95","season":"JJA"},{"bfs_id":4306,"rcp":"RCP8.5","period":"2060","key":"pr","value":3,"estimate":"q95","season":"SON"},{"bfs_id":4306,"rcp":"RCP8.5","period":"2085","key":"pr","value":2.8,"estimate":"q5","season":"DJF"},{"bfs_id":4306,"rcp":"RCP8.5","period":"2085","key":"pr","value":2.5,"estimate":"q5","season":"MAM"},{"bfs_id":4306,"rcp":"RCP8.5","period":"2085","key":"pr","value":1.6,"estimate":"q5","season":"JJA"},{"bfs_id":4306,"rcp":"RCP8.5","period":"2085","key":"pr","value":2.2,"estimate":"q5","season":"SON"},{"bfs_id":4306,"rcp":"RCP8.5","period":"2085","key":"pr","value":3.2,"estimate":"q50","season":"DJF"},{"bfs_id":4306,"rcp":"RCP8.5","period":"2085","key":"pr","value":3,"estimate":"q50","season":"MAM"},{"bfs_id":4306,"rcp":"RCP8.5","period":"2085","key":"pr","value":2.4,"estimate":"q50","season":"JJA"},{"bfs_id":4306,"rcp":"RCP8.5","period":"2085","key":"pr","value":2.6,"estimate":"q50","season":"SON"},{"bfs_id":4306,"rcp":"RCP8.5","period":"2085","key":"pr","value":3.9,"estimate":"q95","season":"DJF"},{"bfs_id":4306,"rcp":"RCP8.5","period":"2085","key":"pr","value":3.2,"estimate":"q95","season":"MAM"},{"bfs_id":4306,"rcp":"RCP8.5","period":"2085","key":"pr","value":2.9,"estimate":"q95","season":"JJA"},{"bfs_id":4306,"rcp":"RCP8.5","period":"2085","key":"pr","value":3.3,"estimate":"q95","season":"SON"},{"bfs_id":4306,"rcp":"RCP2.6","period":"2035","key":"tas","value":1.5,"estimate":"q5","season":"DJF"},{"bfs_id":4306,"rcp":"RCP2.6","period":"2035","key":"tas","value":9.5,"estimate":"q5","season":"MAM"},{"bfs_id":4306,"rcp":"RCP2.6","period":"2035","key":"tas","value":18.6,"estimate":"q5","season":"JJA"},{"bfs_id":4306,"rcp":"RCP2.6","period":"2035","key":"tas","value":10.2,"estimate":"q5","season":"SON"},{"bfs_id":4306,"rcp":"RCP2.6","period":"2035","key":"tas","value":2.1,"estimate":"q50","season":"DJF"},{"bfs_id":4306,"rcp":"RCP2.6","period":"2035","key":"tas","value":10,"estimate":"q50","season":"MAM"},{"bfs_id":4306,"rcp":"RCP2.6","period":"2035","key":"tas","value":19.1,"estimate":"q50","season":"JJA"},{"bfs_id":4306,"rcp":"RCP2.6","period":"2035","key":"tas","value":10.6,"estimate":"q50","season":"SON"},{"bfs_id":4306,"rcp":"RCP2.6","period":"2035","key":"tas","value":3,"estimate":"q95","season":"DJF"},{"bfs_id":4306,"rcp":"RCP2.6","period":"2035","key":"tas","value":10.3,"estimate":"q95","season":"MAM"},{"bfs_id":4306,"rcp":"RCP2.6","period":"2035","key":"tas","value":19.7,"estimate":"q95","season":"JJA"},{"bfs_id":4306,"rcp":"RCP2.6","period":"2035","key":"tas","value":11.4,"estimate":"q95","season":"SON"},{"bfs_id":4306,"rcp":"RCP2.6","period":"2060","key":"tas","value":1.6,"estimate":"q5","season":"DJF"},{"bfs_id":4306,"rcp":"RCP2.6","period":"2060","key":"tas","value":9.3,"estimate":"q5","season":"MAM"},{"bfs_id":4306,"rcp":"RCP2.6","period":"2060","key":"tas","value":18.8,"estimate":"q5","season":"JJA"},{"bfs_id":4306,"rcp":"RCP2.6","period":"2060","key":"tas","value":10.5,"estimate":"q5","season":"SON"},{"bfs_id":4306,"rcp":"RCP2.6","period":"2060","key":"tas","value":2.4,"estimate":"q50","season":"DJF"},{"bfs_id":4306,"rcp":"RCP2.6","period":"2060","key":"tas","value":10,"estimate":"q50","season":"MAM"},{"bfs_id":4306,"rcp":"RCP2.6","period":"2060","key":"tas","value":19.3,"estimate":"q50","season":"JJA"},{"bfs_id":4306,"rcp":"RCP2.6","period":"2060","key":"tas","value":10.8,"estimate":"q50","season":"SON"},{"bfs_id":4306,"rcp":"RCP2.6","period":"2060","key":"tas","value":3,"estimate":"q95","season":"DJF"},{"bfs_id":4306,"rcp":"RCP2.6","period":"2060","key":"tas","value":10.5,"estimate":"q95","season":"MAM"},{"bfs_id":4306,"rcp":"RCP2.6","period":"2060","key":"tas","value":19.9,"estimate":"q95","season":"JJA"},{"bfs_id":4306,"rcp":"RCP2.6","period":"2060","key":"tas","value":11.8,"estimate":"q95","season":"SON"},{"bfs_id":4306,"rcp":"RCP2.6","period":"2085","key":"tas","value":1.6,"estimate":"q5","season":"DJF"},{"bfs_id":4306,"rcp":"RCP2.6","period":"2085","key":"tas","value":9.4,"estimate":"q5","season":"MAM"},{"bfs_id":4306,"rcp":"RCP2.6","period":"2085","key":"tas","value":18.8,"estimate":"q5","season":"JJA"},{"bfs_id":4306,"rcp":"RCP2.6","period":"2085","key":"tas","value":10.2,"estimate":"q5","season":"SON"},{"bfs_id":4306,"rcp":"RCP2.6","period":"2085","key":"tas","value":2.4,"estimate":"q50","season":"DJF"},{"bfs_id":4306,"rcp":"RCP2.6","period":"2085","key":"tas","value":10.2,"estimate":"q50","season":"MAM"},{"bfs_id":4306,"rcp":"RCP2.6","period":"2085","key":"tas","value":19.2,"estimate":"q50","season":"JJA"},{"bfs_id":4306,"rcp":"RCP2.6","period":"2085","key":"tas","value":10.8,"estimate":"q50","season":"SON"},{"bfs_id":4306,"rcp":"RCP2.6","period":"2085","key":"tas","value":3,"estimate":"q95","season":"DJF"},{"bfs_id":4306,"rcp":"RCP2.6","period":"2085","key":"tas","value":10.5,"estimate":"q95","season":"MAM"},{"bfs_id":4306,"rcp":"RCP2.6","period":"2085","key":"tas","value":19.8,"estimate":"q95","season":"JJA"},{"bfs_id":4306,"rcp":"RCP2.6","period":"2085","key":"tas","value":11.7,"estimate":"q95","season":"SON"},{"bfs_id":4306,"rcp":"RCP8.5","period":"2035","key":"tas","value":1.4,"estimate":"q5","season":"DJF"},{"bfs_id":4306,"rcp":"RCP8.5","period":"2035","key":"tas","value":9.7,"estimate":"q5","season":"MAM"},{"bfs_id":4306,"rcp":"RCP8.5","period":"2035","key":"tas","value":19,"estimate":"q5","season":"JJA"},{"bfs_id":4306,"rcp":"RCP8.5","period":"2035","key":"tas","value":10.5,"estimate":"q5","season":"SON"},{"bfs_id":4306,"rcp":"RCP8.5","period":"2035","key":"tas","value":2.5,"estimate":"q50","season":"DJF"},{"bfs_id":4306,"rcp":"RCP8.5","period":"2035","key":"tas","value":10.1,"estimate":"q50","season":"MAM"},{"bfs_id":4306,"rcp":"RCP8.5","period":"2035","key":"tas","value":19.4,"estimate":"q50","season":"JJA"},{"bfs_id":4306,"rcp":"RCP8.5","period":"2035","key":"tas","value":11,"estimate":"q50","season":"SON"},{"bfs_id":4306,"rcp":"RCP8.5","period":"2035","key":"tas","value":2.9,"estimate":"q95","season":"DJF"},{"bfs_id":4306,"rcp":"RCP8.5","period":"2035","key":"tas","value":10.4,"estimate":"q95","season":"MAM"},{"bfs_id":4306,"rcp":"RCP8.5","period":"2035","key":"tas","value":20,"estimate":"q95","season":"JJA"},{"bfs_id":4306,"rcp":"RCP8.5","period":"2035","key":"tas","value":11.8,"estimate":"q95","season":"SON"},{"bfs_id":4306,"rcp":"RCP8.5","period":"2060","key":"tas","value":2.9,"estimate":"q5","season":"DJF"},{"bfs_id":4306,"rcp":"RCP8.5","period":"2060","key":"tas","value":10.5,"estimate":"q5","season":"MAM"},{"bfs_id":4306,"rcp":"RCP8.5","period":"2060","key":"tas","value":20,"estimate":"q5","season":"JJA"},{"bfs_id":4306,"rcp":"RCP8.5","period":"2060","key":"tas","value":11.6,"estimate":"q5","season":"SON"},{"bfs_id":4306,"rcp":"RCP8.5","period":"2060","key":"tas","value":3.2,"estimate":"q50","season":"DJF"},{"bfs_id":4306,"rcp":"RCP8.5","period":"2060","key":"tas","value":11,"estimate":"q50","season":"MAM"},{"bfs_id":4306,"rcp":"RCP8.5","period":"2060","key":"tas","value":20.7,"estimate":"q50","season":"JJA"},{"bfs_id":4306,"rcp":"RCP8.5","period":"2060","key":"tas","value":12.2,"estimate":"q50","season":"SON"},{"bfs_id":4306,"rcp":"RCP8.5","period":"2060","key":"tas","value":3.9,"estimate":"q95","season":"DJF"},{"bfs_id":4306,"rcp":"RCP8.5","period":"2060","key":"tas","value":11.5,"estimate":"q95","season":"MAM"},{"bfs_id":4306,"rcp":"RCP8.5","period":"2060","key":"tas","value":21.7,"estimate":"q95","season":"JJA"},{"bfs_id":4306,"rcp":"RCP8.5","period":"2060","key":"tas","value":13,"estimate":"q95","season":"SON"},{"bfs_id":4306,"rcp":"RCP8.5","period":"2085","key":"tas","value":4,"estimate":"q5","season":"DJF"},{"bfs_id":4306,"rcp":"RCP8.5","period":"2085","key":"tas","value":11.5,"estimate":"q5","season":"MAM"},{"bfs_id":4306,"rcp":"RCP8.5","period":"2085","key":"tas","value":21.4,"estimate":"q5","season":"JJA"},{"bfs_id":4306,"rcp":"RCP8.5","period":"2085","key":"tas","value":12.6,"estimate":"q5","season":"SON"},{"bfs_id":4306,"rcp":"RCP8.5","period":"2085","key":"tas","value":5.1,"estimate":"q50","season":"DJF"},{"bfs_id":4306,"rcp":"RCP8.5","period":"2085","key":"tas","value":12.2,"estimate":"q50","season":"MAM"},{"bfs_id":4306,"rcp":"RCP8.5","period":"2085","key":"tas","value":22.3,"estimate":"q50","season":"JJA"},{"bfs_id":4306,"rcp":"RCP8.5","period":"2085","key":"tas","value":13.5,"estimate":"q50","season":"SON"},{"bfs_id":4306,"rcp":"RCP8.5","period":"2085","key":"tas","value":5.8,"estimate":"q95","season":"DJF"},{"bfs_id":4306,"rcp":"RCP8.5","period":"2085","key":"tas","value":13.2,"estimate":"q95","season":"MAM"},{"bfs_id":4306,"rcp":"RCP8.5","period":"2085","key":"tas","value":24.4,"estimate":"q95","season":"JJA"},{"bfs_id":4306,"rcp":"RCP8.5","period":"2085","key":"tas","value":15.2,"estimate":"q95","season":"SON"},{"bfs_id":4306,"rcp":"obs","period":"1981-2010","key":"FD","value":89.3,"estimate":"yearly_mean"},{"bfs_id":4306,"rcp":"obs","period":"1981-2010","key":"HD","value":9.1,"estimate":"yearly_mean"},{"bfs_id":4306,"rcp":"obs","period":"1981-2010","key":"ID","value":19.4,"estimate":"yearly_mean"},{"bfs_id":4306,"rcp":"obs","period":"1981-2010","key":"SD","value":48.3,"estimate":"yearly_mean"},{"bfs_id":4306,"rcp":"obs","period":"1981-2010","key":"snowdays","value":16.9,"estimate":"yearly_mean"},{"bfs_id":4306,"rcp":"obs","period":"1981-2010","key":"TN","value":0,"estimate":"yearly_mean"},{"bfs_id":4306,"rcp":"obs","period":"1981-2010","key":"pr","value":2.5,"estimate":"mean","season":"DJF"},{"bfs_id":4306,"rcp":"obs","period":"1981-2010","key":"pr","value":2.5,"estimate":"mean","season":"MAM"},{"bfs_id":4306,"rcp":"obs","period":"1981-2010","key":"pr","value":2.9,"estimate":"mean","season":"JJA"},{"bfs_id":4306,"rcp":"obs","period":"1981-2010","key":"pr","value":2.5,"estimate":"mean","season":"SON"},{"bfs_id":4306,"rcp":"obs","period":"1981-2010","key":"tas","value":0.9,"estimate":"mean","season":"DJF"},{"bfs_id":4306,"rcp":"obs","period":"1981-2010","key":"tas","value":9.4,"estimate":"mean","season":"MAM"},{"bfs_id":4306,"rcp":"obs","period":"1981-2010","key":"tas","value":18.1,"estimate":"mean","season":"JJA"},{"bfs_id":4306,"rcp":"obs","period":"1981-2010","key":"tas","value":9.5,"estimate":"mean","season":"SON"}]
