[{"bfs_id":353,"rcp":"RCP2.6","period":"2035","key":"FD","value":70,"estimate":"q5"},{"bfs_id":353,"rcp":"RCP2.6","period":"2035","key":"FD","value":81.8,"estimate":"q50"},{"bfs_id":353,"rcp":"RCP2.6","period":"2035","key":"FD","value":88.6,"estimate":"q95"},{"bfs_id":353,"rcp":"RCP2.6","period":"2060","key":"FD","value":67.1,"estimate":"q5"},{"bfs_id":353,"rcp":"RCP2.6","period":"2060","key":"FD","value":79.6,"estimate":"q50"},{"bfs_id":353,"rcp":"RCP2.6","period":"2060","key":"FD","value":85.9,"estimate":"q95"},{"bfs_id":353,"rcp":"RCP2.6","period":"2085","key":"FD","value":66.9,"estimate":"q5"},{"bfs_id":353,"rcp":"RCP2.6","period":"2085","key":"FD","value":78.6,"estimate":"q50"},{"bfs_id":353,"rcp":"RCP2.6","period":"2085","key":"FD","value":87.5,"estimate":"q95"},{"bfs_id":353,"rcp":"RCP8.5","period":"2035","key":"FD","value":67.3,"estimate":"q5"},{"bfs_id":353,"rcp":"RCP8.5","period":"2035","key":"FD","value":78.5,"estimate":"q50"},{"bfs_id":353,"rcp":"RCP8.5","period":"2035","key":"FD","value":85.8,"estimate":"q95"},{"bfs_id":353,"rcp":"RCP8.5","period":"2060","key":"FD","value":53.7,"estimate":"q5"},{"bfs_id":353,"rcp":"RCP8.5","period":"2060","key":"FD","value":62.6,"estimate":"q50"},{"bfs_id":353,"rcp":"RCP8.5","period":"2060","key":"FD","value":70.7,"estimate":"q95"},{"bfs_id":353,"rcp":"RCP8.5","period":"2085","key":"FD","value":34.4,"estimate":"q5"},{"bfs_id":353,"rcp":"RCP8.5","period":"2085","key":"FD","value":42.4,"estimate":"q50"},{"bfs_id":353,"rcp":"RCP8.5","period":"2085","key":"FD","value":53.8,"estimate":"q95"},{"bfs_id":353,"rcp":"RCP2.6","period":"2035","key":"HD","value":8.5,"estimate":"q5"},{"bfs_id":353,"rcp":"RCP2.6","period":"2035","key":"HD","value":11.9,"estimate":"q50"},{"bfs_id":353,"rcp":"RCP2.6","period":"2035","key":"HD","value":17.5,"estimate":"q95"},{"bfs_id":353,"rcp":"RCP2.6","period":"2060","key":"HD","value":9.4,"estimate":"q5"},{"bfs_id":353,"rcp":"RCP2.6","period":"2060","key":"HD","value":13,"estimate":"q50"},{"bfs_id":353,"rcp":"RCP2.6","period":"2060","key":"HD","value":20.9,"estimate":"q95"},{"bfs_id":353,"rcp":"RCP2.6","period":"2085","key":"HD","value":9.7,"estimate":"q5"},{"bfs_id":353,"rcp":"RCP2.6","period":"2085","key":"HD","value":11.6,"estimate":"q50"},{"bfs_id":353,"rcp":"RCP2.6","period":"2085","key":"HD","value":20.1,"estimate":"q95"},{"bfs_id":353,"rcp":"RCP8.5","period":"2035","key":"HD","value":10.1,"estimate":"q5"},{"bfs_id":353,"rcp":"RCP8.5","period":"2035","key":"HD","value":12.8,"estimate":"q50"},{"bfs_id":353,"rcp":"RCP8.5","period":"2035","key":"HD","value":19,"estimate":"q95"},{"bfs_id":353,"rcp":"RCP8.5","period":"2060","key":"HD","value":16.2,"estimate":"q5"},{"bfs_id":353,"rcp":"RCP8.5","period":"2060","key":"HD","value":22.7,"estimate":"q50"},{"bfs_id":353,"rcp":"RCP8.5","period":"2060","key":"HD","value":36,"estimate":"q95"},{"bfs_id":353,"rcp":"RCP8.5","period":"2085","key":"HD","value":29.8,"estimate":"q5"},{"bfs_id":353,"rcp":"RCP8.5","period":"2085","key":"HD","value":36.6,"estimate":"q50"},{"bfs_id":353,"rcp":"RCP8.5","period":"2085","key":"HD","value":60.5,"estimate":"q95"},{"bfs_id":353,"rcp":"RCP2.6","period":"2035","key":"ID","value":11.1,"estimate":"q5"},{"bfs_id":353,"rcp":"RCP2.6","period":"2035","key":"ID","value":14.6,"estimate":"q50"},{"bfs_id":353,"rcp":"RCP2.6","period":"2035","key":"ID","value":18,"estimate":"q95"},{"bfs_id":353,"rcp":"RCP2.6","period":"2060","key":"ID","value":10.5,"estimate":"q5"},{"bfs_id":353,"rcp":"RCP2.6","period":"2060","key":"ID","value":14.3,"estimate":"q50"},{"bfs_id":353,"rcp":"RCP2.6","period":"2060","key":"ID","value":16.8,"estimate":"q95"},{"bfs_id":353,"rcp":"RCP2.6","period":"2085","key":"ID","value":10.7,"estimate":"q5"},{"bfs_id":353,"rcp":"RCP2.6","period":"2085","key":"ID","value":13.5,"estimate":"q50"},{"bfs_id":353,"rcp":"RCP2.6","period":"2085","key":"ID","value":17.4,"estimate":"q95"},{"bfs_id":353,"rcp":"RCP8.5","period":"2035","key":"ID","value":10.7,"estimate":"q5"},{"bfs_id":353,"rcp":"RCP8.5","period":"2035","key":"ID","value":13.5,"estimate":"q50"},{"bfs_id":353,"rcp":"RCP8.5","period":"2035","key":"ID","value":17.4,"estimate":"q95"},{"bfs_id":353,"rcp":"RCP8.5","period":"2060","key":"ID","value":7.1,"estimate":"q5"},{"bfs_id":353,"rcp":"RCP8.5","period":"2060","key":"ID","value":10,"estimate":"q50"},{"bfs_id":353,"rcp":"RCP8.5","period":"2060","key":"ID","value":11.9,"estimate":"q95"},{"bfs_id":353,"rcp":"RCP8.5","period":"2085","key":"ID","value":1.9,"estimate":"q5"},{"bfs_id":353,"rcp":"RCP8.5","period":"2085","key":"ID","value":4.2,"estimate":"q50"},{"bfs_id":353,"rcp":"RCP8.5","period":"2085","key":"ID","value":7,"estimate":"q95"},{"bfs_id":353,"rcp":"RCP2.6","period":"2035","key":"SD","value":49.1,"estimate":"q5"},{"bfs_id":353,"rcp":"RCP2.6","period":"2035","key":"SD","value":55.4,"estimate":"q50"},{"bfs_id":353,"rcp":"RCP2.6","period":"2035","key":"SD","value":64.1,"estimate":"q95"},{"bfs_id":353,"rcp":"RCP2.6","period":"2060","key":"SD","value":49.6,"estimate":"q5"},{"bfs_id":353,"rcp":"RCP2.6","period":"2060","key":"SD","value":56.5,"estimate":"q50"},{"bfs_id":353,"rcp":"RCP2.6","period":"2060","key":"SD","value":63.9,"estimate":"q95"},{"bfs_id":353,"rcp":"RCP2.6","period":"2085","key":"SD","value":49.8,"estimate":"q5"},{"bfs_id":353,"rcp":"RCP2.6","period":"2085","key":"SD","value":57.2,"estimate":"q50"},{"bfs_id":353,"rcp":"RCP2.6","period":"2085","key":"SD","value":63.4,"estimate":"q95"},{"bfs_id":353,"rcp":"RCP8.5","period":"2035","key":"SD","value":51.8,"estimate":"q5"},{"bfs_id":353,"rcp":"RCP8.5","period":"2035","key":"SD","value":57.4,"estimate":"q50"},{"bfs_id":353,"rcp":"RCP8.5","period":"2035","key":"SD","value":64.5,"estimate":"q95"},{"bfs_id":353,"rcp":"RCP8.5","period":"2060","key":"SD","value":66.8,"estimate":"q5"},{"bfs_id":353,"rcp":"RCP8.5","period":"2060","key":"SD","value":74.5,"estimate":"q50"},{"bfs_id":353,"rcp":"RCP8.5","period":"2060","key":"SD","value":88.6,"estimate":"q95"},{"bfs_id":353,"rcp":"RCP8.5","period":"2085","key":"SD","value":83.3,"estimate":"q5"},{"bfs_id":353,"rcp":"RCP8.5","period":"2085","key":"SD","value":95.7,"estimate":"q50"},{"bfs_id":353,"rcp":"RCP8.5","period":"2085","key":"SD","value":115.4,"estimate":"q95"},{"bfs_id":353,"rcp":"RCP2.6","period":"2035","key":"snowdays","value":13.4,"estimate":"q5"},{"bfs_id":353,"rcp":"RCP2.6","period":"2035","key":"snowdays","value":18.2,"estimate":"q50"},{"bfs_id":353,"rcp":"RCP2.6","period":"2035","key":"snowdays","value":23.1,"estimate":"q95"},{"bfs_id":353,"rcp":"RCP2.6","period":"2060","key":"snowdays","value":12.9,"estimate":"q5"},{"bfs_id":353,"rcp":"RCP2.6","period":"2060","key":"snowdays","value":16.8,"estimate":"q50"},{"bfs_id":353,"rcp":"RCP2.6","period":"2060","key":"snowdays","value":21.5,"estimate":"q95"},{"bfs_id":353,"rcp":"RCP2.6","period":"2085","key":"snowdays","value":12.7,"estimate":"q5"},{"bfs_id":353,"rcp":"RCP2.6","period":"2085","key":"snowdays","value":17.6,"estimate":"q50"},{"bfs_id":353,"rcp":"RCP2.6","period":"2085","key":"snowdays","value":21.8,"estimate":"q95"},{"bfs_id":353,"rcp":"RCP8.5","period":"2035","key":"snowdays","value":10.9,"estimate":"q5"},{"bfs_id":353,"rcp":"RCP8.5","period":"2035","key":"snowdays","value":17.4,"estimate":"q50"},{"bfs_id":353,"rcp":"RCP8.5","period":"2035","key":"snowdays","value":21.1,"estimate":"q95"},{"bfs_id":353,"rcp":"RCP8.5","period":"2060","key":"snowdays","value":8.6,"estimate":"q5"},{"bfs_id":353,"rcp":"RCP8.5","period":"2060","key":"snowdays","value":13.1,"estimate":"q50"},{"bfs_id":353,"rcp":"RCP8.5","period":"2060","key":"snowdays","value":15.7,"estimate":"q95"},{"bfs_id":353,"rcp":"RCP8.5","period":"2085","key":"snowdays","value":4.1,"estimate":"q5"},{"bfs_id":353,"rcp":"RCP8.5","period":"2085","key":"snowdays","value":7.5,"estimate":"q50"},{"bfs_id":353,"rcp":"RCP8.5","period":"2085","key":"snowdays","value":11.8,"estimate":"q95"},{"bfs_id":353,"rcp":"RCP2.6","period":"2035","key":"TN","value":0,"estimate":"q5"},{"bfs_id":353,"rcp":"RCP2.6","period":"2035","key":"TN","value":0.4,"estimate":"q50"},{"bfs_id":353,"rcp":"RCP2.6","period":"2035","key":"TN","value":0.9,"estimate":"q95"},{"bfs_id":353,"rcp":"RCP2.6","period":"2060","key":"TN","value":0.1,"estimate":"q5"},{"bfs_id":353,"rcp":"RCP2.6","period":"2060","key":"TN","value":0.4,"estimate":"q50"},{"bfs_id":353,"rcp":"RCP2.6","period":"2060","key":"TN","value":1,"estimate":"q95"},{"bfs_id":353,"rcp":"RCP2.6","period":"2085","key":"TN","value":0.1,"estimate":"q5"},{"bfs_id":353,"rcp":"RCP2.6","period":"2085","key":"TN","value":0.4,"estimate":"q50"},{"bfs_id":353,"rcp":"RCP2.6","period":"2085","key":"TN","value":0.9,"estimate":"q95"},{"bfs_id":353,"rcp":"RCP8.5","period":"2035","key":"TN","value":0.1,"estimate":"q5"},{"bfs_id":353,"rcp":"RCP8.5","period":"2035","key":"TN","value":0.4,"estimate":"q50"},{"bfs_id":353,"rcp":"RCP8.5","period":"2035","key":"TN","value":2.1,"estimate":"q95"},{"bfs_id":353,"rcp":"RCP8.5","period":"2060","key":"TN","value":0.8,"estimate":"q5"},{"bfs_id":353,"rcp":"RCP8.5","period":"2060","key":"TN","value":2.7,"estimate":"q50"},{"bfs_id":353,"rcp":"RCP8.5","period":"2060","key":"TN","value":5.7,"estimate":"q95"},{"bfs_id":353,"rcp":"RCP8.5","period":"2085","key":"TN","value":4.5,"estimate":"q5"},{"bfs_id":353,"rcp":"RCP8.5","period":"2085","key":"TN","value":9,"estimate":"q50"},{"bfs_id":353,"rcp":"RCP8.5","period":"2085","key":"TN","value":24,"estimate":"q95"},{"bfs_id":353,"rcp":"RCP2.6","period":"2035","key":"pr","value":2.1,"estimate":"q5","season":"DJF"},{"bfs_id":353,"rcp":"RCP2.6","period":"2035","key":"pr","value":2.6,"estimate":"q5","season":"MAM"},{"bfs_id":353,"rcp":"RCP2.6","period":"2035","key":"pr","value":2.5,"estimate":"q5","season":"JJA"},{"bfs_id":353,"rcp":"RCP2.6","period":"2035","key":"pr","value":2.5,"estimate":"q5","season":"SON"},{"bfs_id":353,"rcp":"RCP2.6","period":"2035","key":"pr","value":2.5,"estimate":"q50","season":"DJF"},{"bfs_id":353,"rcp":"RCP2.6","period":"2035","key":"pr","value":3,"estimate":"q50","season":"MAM"},{"bfs_id":353,"rcp":"RCP2.6","period":"2035","key":"pr","value":3.3,"estimate":"q50","season":"JJA"},{"bfs_id":353,"rcp":"RCP2.6","period":"2035","key":"pr","value":2.7,"estimate":"q50","season":"SON"},{"bfs_id":353,"rcp":"RCP2.6","period":"2035","key":"pr","value":2.9,"estimate":"q95","season":"DJF"},{"bfs_id":353,"rcp":"RCP2.6","period":"2035","key":"pr","value":3.2,"estimate":"q95","season":"MAM"},{"bfs_id":353,"rcp":"RCP2.6","period":"2035","key":"pr","value":3.8,"estimate":"q95","season":"JJA"},{"bfs_id":353,"rcp":"RCP2.6","period":"2035","key":"pr","value":3.3,"estimate":"q95","season":"SON"},{"bfs_id":353,"rcp":"RCP2.6","period":"2060","key":"pr","value":2.2,"estimate":"q5","season":"DJF"},{"bfs_id":353,"rcp":"RCP2.6","period":"2060","key":"pr","value":2.7,"estimate":"q5","season":"MAM"},{"bfs_id":353,"rcp":"RCP2.6","period":"2060","key":"pr","value":2.6,"estimate":"q5","season":"JJA"},{"bfs_id":353,"rcp":"RCP2.6","period":"2060","key":"pr","value":2.6,"estimate":"q5","season":"SON"},{"bfs_id":353,"rcp":"RCP2.6","period":"2060","key":"pr","value":2.4,"estimate":"q50","season":"DJF"},{"bfs_id":353,"rcp":"RCP2.6","period":"2060","key":"pr","value":3,"estimate":"q50","season":"MAM"},{"bfs_id":353,"rcp":"RCP2.6","period":"2060","key":"pr","value":3.2,"estimate":"q50","season":"JJA"},{"bfs_id":353,"rcp":"RCP2.6","period":"2060","key":"pr","value":2.8,"estimate":"q50","season":"SON"},{"bfs_id":353,"rcp":"RCP2.6","period":"2060","key":"pr","value":2.7,"estimate":"q95","season":"DJF"},{"bfs_id":353,"rcp":"RCP2.6","period":"2060","key":"pr","value":3.3,"estimate":"q95","season":"MAM"},{"bfs_id":353,"rcp":"RCP2.6","period":"2060","key":"pr","value":3.8,"estimate":"q95","season":"JJA"},{"bfs_id":353,"rcp":"RCP2.6","period":"2060","key":"pr","value":3.1,"estimate":"q95","season":"SON"},{"bfs_id":353,"rcp":"RCP2.6","period":"2085","key":"pr","value":2.2,"estimate":"q5","season":"DJF"},{"bfs_id":353,"rcp":"RCP2.6","period":"2085","key":"pr","value":2.7,"estimate":"q5","season":"MAM"},{"bfs_id":353,"rcp":"RCP2.6","period":"2085","key":"pr","value":2.6,"estimate":"q5","season":"JJA"},{"bfs_id":353,"rcp":"RCP2.6","period":"2085","key":"pr","value":2.4,"estimate":"q5","season":"SON"},{"bfs_id":353,"rcp":"RCP2.6","period":"2085","key":"pr","value":2.5,"estimate":"q50","season":"DJF"},{"bfs_id":353,"rcp":"RCP2.6","period":"2085","key":"pr","value":2.9,"estimate":"q50","season":"MAM"},{"bfs_id":353,"rcp":"RCP2.6","period":"2085","key":"pr","value":3.3,"estimate":"q50","season":"JJA"},{"bfs_id":353,"rcp":"RCP2.6","period":"2085","key":"pr","value":2.7,"estimate":"q50","season":"SON"},{"bfs_id":353,"rcp":"RCP2.6","period":"2085","key":"pr","value":2.8,"estimate":"q95","season":"DJF"},{"bfs_id":353,"rcp":"RCP2.6","period":"2085","key":"pr","value":3.2,"estimate":"q95","season":"MAM"},{"bfs_id":353,"rcp":"RCP2.6","period":"2085","key":"pr","value":3.8,"estimate":"q95","season":"JJA"},{"bfs_id":353,"rcp":"RCP2.6","period":"2085","key":"pr","value":3.1,"estimate":"q95","season":"SON"},{"bfs_id":353,"rcp":"RCP8.5","period":"2035","key":"pr","value":2.2,"estimate":"q5","season":"DJF"},{"bfs_id":353,"rcp":"RCP8.5","period":"2035","key":"pr","value":2.8,"estimate":"q5","season":"MAM"},{"bfs_id":353,"rcp":"RCP8.5","period":"2035","key":"pr","value":2.4,"estimate":"q5","season":"JJA"},{"bfs_id":353,"rcp":"RCP8.5","period":"2035","key":"pr","value":2.5,"estimate":"q5","season":"SON"},{"bfs_id":353,"rcp":"RCP8.5","period":"2035","key":"pr","value":2.6,"estimate":"q50","season":"DJF"},{"bfs_id":353,"rcp":"RCP8.5","period":"2035","key":"pr","value":3.1,"estimate":"q50","season":"MAM"},{"bfs_id":353,"rcp":"RCP8.5","period":"2035","key":"pr","value":3.4,"estimate":"q50","season":"JJA"},{"bfs_id":353,"rcp":"RCP8.5","period":"2035","key":"pr","value":2.9,"estimate":"q50","season":"SON"},{"bfs_id":353,"rcp":"RCP8.5","period":"2035","key":"pr","value":2.8,"estimate":"q95","season":"DJF"},{"bfs_id":353,"rcp":"RCP8.5","period":"2035","key":"pr","value":3.3,"estimate":"q95","season":"MAM"},{"bfs_id":353,"rcp":"RCP8.5","period":"2035","key":"pr","value":3.8,"estimate":"q95","season":"JJA"},{"bfs_id":353,"rcp":"RCP8.5","period":"2035","key":"pr","value":3.3,"estimate":"q95","season":"SON"},{"bfs_id":353,"rcp":"RCP8.5","period":"2060","key":"pr","value":2.4,"estimate":"q5","season":"DJF"},{"bfs_id":353,"rcp":"RCP8.5","period":"2060","key":"pr","value":2.9,"estimate":"q5","season":"MAM"},{"bfs_id":353,"rcp":"RCP8.5","period":"2060","key":"pr","value":2.2,"estimate":"q5","season":"JJA"},{"bfs_id":353,"rcp":"RCP8.5","period":"2060","key":"pr","value":2.5,"estimate":"q5","season":"SON"},{"bfs_id":353,"rcp":"RCP8.5","period":"2060","key":"pr","value":2.6,"estimate":"q50","season":"DJF"},{"bfs_id":353,"rcp":"RCP8.5","period":"2060","key":"pr","value":3.2,"estimate":"q50","season":"MAM"},{"bfs_id":353,"rcp":"RCP8.5","period":"2060","key":"pr","value":3.3,"estimate":"q50","season":"JJA"},{"bfs_id":353,"rcp":"RCP8.5","period":"2060","key":"pr","value":2.9,"estimate":"q50","season":"SON"},{"bfs_id":353,"rcp":"RCP8.5","period":"2060","key":"pr","value":2.9,"estimate":"q95","season":"DJF"},{"bfs_id":353,"rcp":"RCP8.5","period":"2060","key":"pr","value":3.5,"estimate":"q95","season":"MAM"},{"bfs_id":353,"rcp":"RCP8.5","period":"2060","key":"pr","value":3.5,"estimate":"q95","season":"JJA"},{"bfs_id":353,"rcp":"RCP8.5","period":"2060","key":"pr","value":3.2,"estimate":"q95","season":"SON"},{"bfs_id":353,"rcp":"RCP8.5","period":"2085","key":"pr","value":2.6,"estimate":"q5","season":"DJF"},{"bfs_id":353,"rcp":"RCP8.5","period":"2085","key":"pr","value":2.9,"estimate":"q5","season":"MAM"},{"bfs_id":353,"rcp":"RCP8.5","period":"2085","key":"pr","value":1.6,"estimate":"q5","season":"JJA"},{"bfs_id":353,"rcp":"RCP8.5","period":"2085","key":"pr","value":2.3,"estimate":"q5","season":"SON"},{"bfs_id":353,"rcp":"RCP8.5","period":"2085","key":"pr","value":2.8,"estimate":"q50","season":"DJF"},{"bfs_id":353,"rcp":"RCP8.5","period":"2085","key":"pr","value":3.3,"estimate":"q50","season":"MAM"},{"bfs_id":353,"rcp":"RCP8.5","period":"2085","key":"pr","value":2.7,"estimate":"q50","season":"JJA"},{"bfs_id":353,"rcp":"RCP8.5","period":"2085","key":"pr","value":2.9,"estimate":"q50","season":"SON"},{"bfs_id":353,"rcp":"RCP8.5","period":"2085","key":"pr","value":3.3,"estimate":"q95","season":"DJF"},{"bfs_id":353,"rcp":"RCP8.5","period":"2085","key":"pr","value":3.7,"estimate":"q95","season":"MAM"},{"bfs_id":353,"rcp":"RCP8.5","period":"2085","key":"pr","value":3.4,"estimate":"q95","season":"JJA"},{"bfs_id":353,"rcp":"RCP8.5","period":"2085","key":"pr","value":3.4,"estimate":"q95","season":"SON"},{"bfs_id":353,"rcp":"RCP2.6","period":"2035","key":"tas","value":1.2,"estimate":"q5","season":"DJF"},{"bfs_id":353,"rcp":"RCP2.6","period":"2035","key":"tas","value":8.8,"estimate":"q5","season":"MAM"},{"bfs_id":353,"rcp":"RCP2.6","period":"2035","key":"tas","value":18,"estimate":"q5","season":"JJA"},{"bfs_id":353,"rcp":"RCP2.6","period":"2035","key":"tas","value":9.8,"estimate":"q5","season":"SON"},{"bfs_id":353,"rcp":"RCP2.6","period":"2035","key":"tas","value":1.6,"estimate":"q50","season":"DJF"},{"bfs_id":353,"rcp":"RCP2.6","period":"2035","key":"tas","value":9.4,"estimate":"q50","season":"MAM"},{"bfs_id":353,"rcp":"RCP2.6","period":"2035","key":"tas","value":18.6,"estimate":"q50","season":"JJA"},{"bfs_id":353,"rcp":"RCP2.6","period":"2035","key":"tas","value":10.1,"estimate":"q50","season":"SON"},{"bfs_id":353,"rcp":"RCP2.6","period":"2035","key":"tas","value":2.4,"estimate":"q95","season":"DJF"},{"bfs_id":353,"rcp":"RCP2.6","period":"2035","key":"tas","value":9.7,"estimate":"q95","season":"MAM"},{"bfs_id":353,"rcp":"RCP2.6","period":"2035","key":"tas","value":19.2,"estimate":"q95","season":"JJA"},{"bfs_id":353,"rcp":"RCP2.6","period":"2035","key":"tas","value":11,"estimate":"q95","season":"SON"},{"bfs_id":353,"rcp":"RCP2.6","period":"2060","key":"tas","value":1.2,"estimate":"q5","season":"DJF"},{"bfs_id":353,"rcp":"RCP2.6","period":"2060","key":"tas","value":8.7,"estimate":"q5","season":"MAM"},{"bfs_id":353,"rcp":"RCP2.6","period":"2060","key":"tas","value":18.2,"estimate":"q5","season":"JJA"},{"bfs_id":353,"rcp":"RCP2.6","period":"2060","key":"tas","value":10.1,"estimate":"q5","season":"SON"},{"bfs_id":353,"rcp":"RCP2.6","period":"2060","key":"tas","value":2,"estimate":"q50","season":"DJF"},{"bfs_id":353,"rcp":"RCP2.6","period":"2060","key":"tas","value":9.4,"estimate":"q50","season":"MAM"},{"bfs_id":353,"rcp":"RCP2.6","period":"2060","key":"tas","value":18.7,"estimate":"q50","season":"JJA"},{"bfs_id":353,"rcp":"RCP2.6","period":"2060","key":"tas","value":10.4,"estimate":"q50","season":"SON"},{"bfs_id":353,"rcp":"RCP2.6","period":"2060","key":"tas","value":2.5,"estimate":"q95","season":"DJF"},{"bfs_id":353,"rcp":"RCP2.6","period":"2060","key":"tas","value":9.9,"estimate":"q95","season":"MAM"},{"bfs_id":353,"rcp":"RCP2.6","period":"2060","key":"tas","value":19.3,"estimate":"q95","season":"JJA"},{"bfs_id":353,"rcp":"RCP2.6","period":"2060","key":"tas","value":11.4,"estimate":"q95","season":"SON"},{"bfs_id":353,"rcp":"RCP2.6","period":"2085","key":"tas","value":1.2,"estimate":"q5","season":"DJF"},{"bfs_id":353,"rcp":"RCP2.6","period":"2085","key":"tas","value":8.8,"estimate":"q5","season":"MAM"},{"bfs_id":353,"rcp":"RCP2.6","period":"2085","key":"tas","value":18.2,"estimate":"q5","season":"JJA"},{"bfs_id":353,"rcp":"RCP2.6","period":"2085","key":"tas","value":9.8,"estimate":"q5","season":"SON"},{"bfs_id":353,"rcp":"RCP2.6","period":"2085","key":"tas","value":1.9,"estimate":"q50","season":"DJF"},{"bfs_id":353,"rcp":"RCP2.6","period":"2085","key":"tas","value":9.4,"estimate":"q50","season":"MAM"},{"bfs_id":353,"rcp":"RCP2.6","period":"2085","key":"tas","value":18.6,"estimate":"q50","season":"JJA"},{"bfs_id":353,"rcp":"RCP2.6","period":"2085","key":"tas","value":10.4,"estimate":"q50","season":"SON"},{"bfs_id":353,"rcp":"RCP2.6","period":"2085","key":"tas","value":2.6,"estimate":"q95","season":"DJF"},{"bfs_id":353,"rcp":"RCP2.6","period":"2085","key":"tas","value":10,"estimate":"q95","season":"MAM"},{"bfs_id":353,"rcp":"RCP2.6","period":"2085","key":"tas","value":19.2,"estimate":"q95","season":"JJA"},{"bfs_id":353,"rcp":"RCP2.6","period":"2085","key":"tas","value":11.3,"estimate":"q95","season":"SON"},{"bfs_id":353,"rcp":"RCP8.5","period":"2035","key":"tas","value":1,"estimate":"q5","season":"DJF"},{"bfs_id":353,"rcp":"RCP8.5","period":"2035","key":"tas","value":9,"estimate":"q5","season":"MAM"},{"bfs_id":353,"rcp":"RCP8.5","period":"2035","key":"tas","value":18.5,"estimate":"q5","season":"JJA"},{"bfs_id":353,"rcp":"RCP8.5","period":"2035","key":"tas","value":10.1,"estimate":"q5","season":"SON"},{"bfs_id":353,"rcp":"RCP8.5","period":"2035","key":"tas","value":2,"estimate":"q50","season":"DJF"},{"bfs_id":353,"rcp":"RCP8.5","period":"2035","key":"tas","value":9.4,"estimate":"q50","season":"MAM"},{"bfs_id":353,"rcp":"RCP8.5","period":"2035","key":"tas","value":18.8,"estimate":"q50","season":"JJA"},{"bfs_id":353,"rcp":"RCP8.5","period":"2035","key":"tas","value":10.5,"estimate":"q50","season":"SON"},{"bfs_id":353,"rcp":"RCP8.5","period":"2035","key":"tas","value":2.4,"estimate":"q95","season":"DJF"},{"bfs_id":353,"rcp":"RCP8.5","period":"2035","key":"tas","value":9.8,"estimate":"q95","season":"MAM"},{"bfs_id":353,"rcp":"RCP8.5","period":"2035","key":"tas","value":19.4,"estimate":"q95","season":"JJA"},{"bfs_id":353,"rcp":"RCP8.5","period":"2035","key":"tas","value":11.4,"estimate":"q95","season":"SON"},{"bfs_id":353,"rcp":"RCP8.5","period":"2060","key":"tas","value":2.3,"estimate":"q5","season":"DJF"},{"bfs_id":353,"rcp":"RCP8.5","period":"2060","key":"tas","value":9.8,"estimate":"q5","season":"MAM"},{"bfs_id":353,"rcp":"RCP8.5","period":"2060","key":"tas","value":19.5,"estimate":"q5","season":"JJA"},{"bfs_id":353,"rcp":"RCP8.5","period":"2060","key":"tas","value":11.1,"estimate":"q5","season":"SON"},{"bfs_id":353,"rcp":"RCP8.5","period":"2060","key":"tas","value":2.8,"estimate":"q50","season":"DJF"},{"bfs_id":353,"rcp":"RCP8.5","period":"2060","key":"tas","value":10.3,"estimate":"q50","season":"MAM"},{"bfs_id":353,"rcp":"RCP8.5","period":"2060","key":"tas","value":20,"estimate":"q50","season":"JJA"},{"bfs_id":353,"rcp":"RCP8.5","period":"2060","key":"tas","value":11.8,"estimate":"q50","season":"SON"},{"bfs_id":353,"rcp":"RCP8.5","period":"2060","key":"tas","value":3.5,"estimate":"q95","season":"DJF"},{"bfs_id":353,"rcp":"RCP8.5","period":"2060","key":"tas","value":10.8,"estimate":"q95","season":"MAM"},{"bfs_id":353,"rcp":"RCP8.5","period":"2060","key":"tas","value":21,"estimate":"q95","season":"JJA"},{"bfs_id":353,"rcp":"RCP8.5","period":"2060","key":"tas","value":12.6,"estimate":"q95","season":"SON"},{"bfs_id":353,"rcp":"RCP8.5","period":"2085","key":"tas","value":3.5,"estimate":"q5","season":"DJF"},{"bfs_id":353,"rcp":"RCP8.5","period":"2085","key":"tas","value":10.8,"estimate":"q5","season":"MAM"},{"bfs_id":353,"rcp":"RCP8.5","period":"2085","key":"tas","value":20.8,"estimate":"q5","season":"JJA"},{"bfs_id":353,"rcp":"RCP8.5","period":"2085","key":"tas","value":12.2,"estimate":"q5","season":"SON"},{"bfs_id":353,"rcp":"RCP8.5","period":"2085","key":"tas","value":4.6,"estimate":"q50","season":"DJF"},{"bfs_id":353,"rcp":"RCP8.5","period":"2085","key":"tas","value":11.7,"estimate":"q50","season":"MAM"},{"bfs_id":353,"rcp":"RCP8.5","period":"2085","key":"tas","value":21.7,"estimate":"q50","season":"JJA"},{"bfs_id":353,"rcp":"RCP8.5","period":"2085","key":"tas","value":13.2,"estimate":"q50","season":"SON"},{"bfs_id":353,"rcp":"RCP8.5","period":"2085","key":"tas","value":5.4,"estimate":"q95","season":"DJF"},{"bfs_id":353,"rcp":"RCP8.5","period":"2085","key":"tas","value":12.6,"estimate":"q95","season":"MAM"},{"bfs_id":353,"rcp":"RCP8.5","period":"2085","key":"tas","value":23.9,"estimate":"q95","season":"JJA"},{"bfs_id":353,"rcp":"RCP8.5","period":"2085","key":"tas","value":14.8,"estimate":"q95","season":"SON"},{"bfs_id":353,"rcp":"obs","period":"1981-2010","key":"FD","value":96.6,"estimate":"yearly_mean"},{"bfs_id":353,"rcp":"obs","period":"1981-2010","key":"HD","value":6.3,"estimate":"yearly_mean"},{"bfs_id":353,"rcp":"obs","period":"1981-2010","key":"ID","value":20.7,"estimate":"yearly_mean"},{"bfs_id":353,"rcp":"obs","period":"1981-2010","key":"SD","value":42.2,"estimate":"yearly_mean"},{"bfs_id":353,"rcp":"obs","period":"1981-2010","key":"snowdays","value":18.3,"estimate":"yearly_mean"},{"bfs_id":353,"rcp":"obs","period":"1981-2010","key":"TN","value":0,"estimate":"yearly_mean"},{"bfs_id":353,"rcp":"obs","period":"1981-2010","key":"pr","value":2.1,"estimate":"mean","season":"DJF"},{"bfs_id":353,"rcp":"obs","period":"1981-2010","key":"pr","value":2.9,"estimate":"mean","season":"MAM"},{"bfs_id":353,"rcp":"obs","period":"1981-2010","key":"pr","value":3.6,"estimate":"mean","season":"JJA"},{"bfs_id":353,"rcp":"obs","period":"1981-2010","key":"pr","value":2.9,"estimate":"mean","season":"SON"},{"bfs_id":353,"rcp":"obs","period":"1981-2010","key":"tas","value":0.4,"estimate":"mean","season":"DJF"},{"bfs_id":353,"rcp":"obs","period":"1981-2010","key":"tas","value":8.7,"estimate":"mean","season":"MAM"},{"bfs_id":353,"rcp":"obs","period":"1981-2010","key":"tas","value":17.5,"estimate":"mean","season":"JJA"},{"bfs_id":353,"rcp":"obs","period":"1981-2010","key":"tas","value":9.1,"estimate":"mean","season":"SON"}]
