[{"bfs_id":3882,"rcp":"RCP2.6","period":"2035","key":"FD","value":100.9,"estimate":"q5"},{"bfs_id":3882,"rcp":"RCP2.6","period":"2035","key":"FD","value":115,"estimate":"q50"},{"bfs_id":3882,"rcp":"RCP2.6","period":"2035","key":"FD","value":119.8,"estimate":"q95"},{"bfs_id":3882,"rcp":"RCP2.6","period":"2060","key":"FD","value":100.7,"estimate":"q5"},{"bfs_id":3882,"rcp":"RCP2.6","period":"2060","key":"FD","value":111.3,"estimate":"q50"},{"bfs_id":3882,"rcp":"RCP2.6","period":"2060","key":"FD","value":122.6,"estimate":"q95"},{"bfs_id":3882,"rcp":"RCP2.6","period":"2085","key":"FD","value":99,"estimate":"q5"},{"bfs_id":3882,"rcp":"RCP2.6","period":"2085","key":"FD","value":112.4,"estimate":"q50"},{"bfs_id":3882,"rcp":"RCP2.6","period":"2085","key":"FD","value":119.8,"estimate":"q95"},{"bfs_id":3882,"rcp":"RCP8.5","period":"2035","key":"FD","value":101.4,"estimate":"q5"},{"bfs_id":3882,"rcp":"RCP8.5","period":"2035","key":"FD","value":110.5,"estimate":"q50"},{"bfs_id":3882,"rcp":"RCP8.5","period":"2035","key":"FD","value":115.7,"estimate":"q95"},{"bfs_id":3882,"rcp":"RCP8.5","period":"2060","key":"FD","value":81.6,"estimate":"q5"},{"bfs_id":3882,"rcp":"RCP8.5","period":"2060","key":"FD","value":92.4,"estimate":"q50"},{"bfs_id":3882,"rcp":"RCP8.5","period":"2060","key":"FD","value":101.1,"estimate":"q95"},{"bfs_id":3882,"rcp":"RCP8.5","period":"2085","key":"FD","value":57.5,"estimate":"q5"},{"bfs_id":3882,"rcp":"RCP8.5","period":"2085","key":"FD","value":70.4,"estimate":"q50"},{"bfs_id":3882,"rcp":"RCP8.5","period":"2085","key":"FD","value":82.8,"estimate":"q95"},{"bfs_id":3882,"rcp":"RCP2.6","period":"2035","key":"HD","value":2.9,"estimate":"q5"},{"bfs_id":3882,"rcp":"RCP2.6","period":"2035","key":"HD","value":4.2,"estimate":"q50"},{"bfs_id":3882,"rcp":"RCP2.6","period":"2035","key":"HD","value":8.5,"estimate":"q95"},{"bfs_id":3882,"rcp":"RCP2.6","period":"2060","key":"HD","value":3.1,"estimate":"q5"},{"bfs_id":3882,"rcp":"RCP2.6","period":"2060","key":"HD","value":5.6,"estimate":"q50"},{"bfs_id":3882,"rcp":"RCP2.6","period":"2060","key":"HD","value":10,"estimate":"q95"},{"bfs_id":3882,"rcp":"RCP2.6","period":"2085","key":"HD","value":3.1,"estimate":"q5"},{"bfs_id":3882,"rcp":"RCP2.6","period":"2085","key":"HD","value":5.1,"estimate":"q50"},{"bfs_id":3882,"rcp":"RCP2.6","period":"2085","key":"HD","value":9.5,"estimate":"q95"},{"bfs_id":3882,"rcp":"RCP8.5","period":"2035","key":"HD","value":3.2,"estimate":"q5"},{"bfs_id":3882,"rcp":"RCP8.5","period":"2035","key":"HD","value":5.8,"estimate":"q50"},{"bfs_id":3882,"rcp":"RCP8.5","period":"2035","key":"HD","value":14.6,"estimate":"q95"},{"bfs_id":3882,"rcp":"RCP8.5","period":"2060","key":"HD","value":7.6,"estimate":"q5"},{"bfs_id":3882,"rcp":"RCP8.5","period":"2060","key":"HD","value":15.4,"estimate":"q50"},{"bfs_id":3882,"rcp":"RCP8.5","period":"2060","key":"HD","value":31.1,"estimate":"q95"},{"bfs_id":3882,"rcp":"RCP8.5","period":"2085","key":"HD","value":17.6,"estimate":"q5"},{"bfs_id":3882,"rcp":"RCP8.5","period":"2085","key":"HD","value":30.2,"estimate":"q50"},{"bfs_id":3882,"rcp":"RCP8.5","period":"2085","key":"HD","value":62.2,"estimate":"q95"},{"bfs_id":3882,"rcp":"RCP2.6","period":"2035","key":"ID","value":24.2,"estimate":"q5"},{"bfs_id":3882,"rcp":"RCP2.6","period":"2035","key":"ID","value":28.4,"estimate":"q50"},{"bfs_id":3882,"rcp":"RCP2.6","period":"2035","key":"ID","value":33,"estimate":"q95"},{"bfs_id":3882,"rcp":"RCP2.6","period":"2060","key":"ID","value":23.1,"estimate":"q5"},{"bfs_id":3882,"rcp":"RCP2.6","period":"2060","key":"ID","value":27,"estimate":"q50"},{"bfs_id":3882,"rcp":"RCP2.6","period":"2060","key":"ID","value":31.8,"estimate":"q95"},{"bfs_id":3882,"rcp":"RCP2.6","period":"2085","key":"ID","value":22,"estimate":"q5"},{"bfs_id":3882,"rcp":"RCP2.6","period":"2085","key":"ID","value":27.9,"estimate":"q50"},{"bfs_id":3882,"rcp":"RCP2.6","period":"2085","key":"ID","value":31.9,"estimate":"q95"},{"bfs_id":3882,"rcp":"RCP8.5","period":"2035","key":"ID","value":21.8,"estimate":"q5"},{"bfs_id":3882,"rcp":"RCP8.5","period":"2035","key":"ID","value":27.3,"estimate":"q50"},{"bfs_id":3882,"rcp":"RCP8.5","period":"2035","key":"ID","value":32.5,"estimate":"q95"},{"bfs_id":3882,"rcp":"RCP8.5","period":"2060","key":"ID","value":15.1,"estimate":"q5"},{"bfs_id":3882,"rcp":"RCP8.5","period":"2060","key":"ID","value":20.6,"estimate":"q50"},{"bfs_id":3882,"rcp":"RCP8.5","period":"2060","key":"ID","value":22.7,"estimate":"q95"},{"bfs_id":3882,"rcp":"RCP8.5","period":"2085","key":"ID","value":6.7,"estimate":"q5"},{"bfs_id":3882,"rcp":"RCP8.5","period":"2085","key":"ID","value":11.3,"estimate":"q50"},{"bfs_id":3882,"rcp":"RCP8.5","period":"2085","key":"ID","value":16.6,"estimate":"q95"},{"bfs_id":3882,"rcp":"RCP2.6","period":"2035","key":"SD","value":25.9,"estimate":"q5"},{"bfs_id":3882,"rcp":"RCP2.6","period":"2035","key":"SD","value":30.6,"estimate":"q50"},{"bfs_id":3882,"rcp":"RCP2.6","period":"2035","key":"SD","value":43.6,"estimate":"q95"},{"bfs_id":3882,"rcp":"RCP2.6","period":"2060","key":"SD","value":27.3,"estimate":"q5"},{"bfs_id":3882,"rcp":"RCP2.6","period":"2060","key":"SD","value":34.1,"estimate":"q50"},{"bfs_id":3882,"rcp":"RCP2.6","period":"2060","key":"SD","value":45.5,"estimate":"q95"},{"bfs_id":3882,"rcp":"RCP2.6","period":"2085","key":"SD","value":26.4,"estimate":"q5"},{"bfs_id":3882,"rcp":"RCP2.6","period":"2085","key":"SD","value":32.5,"estimate":"q50"},{"bfs_id":3882,"rcp":"RCP2.6","period":"2085","key":"SD","value":44.8,"estimate":"q95"},{"bfs_id":3882,"rcp":"RCP8.5","period":"2035","key":"SD","value":29.2,"estimate":"q5"},{"bfs_id":3882,"rcp":"RCP8.5","period":"2035","key":"SD","value":35.3,"estimate":"q50"},{"bfs_id":3882,"rcp":"RCP8.5","period":"2035","key":"SD","value":42.8,"estimate":"q95"},{"bfs_id":3882,"rcp":"RCP8.5","period":"2060","key":"SD","value":40.2,"estimate":"q5"},{"bfs_id":3882,"rcp":"RCP8.5","period":"2060","key":"SD","value":53.9,"estimate":"q50"},{"bfs_id":3882,"rcp":"RCP8.5","period":"2060","key":"SD","value":72.8,"estimate":"q95"},{"bfs_id":3882,"rcp":"RCP8.5","period":"2085","key":"SD","value":58.4,"estimate":"q5"},{"bfs_id":3882,"rcp":"RCP8.5","period":"2085","key":"SD","value":80.6,"estimate":"q50"},{"bfs_id":3882,"rcp":"RCP8.5","period":"2085","key":"SD","value":108.7,"estimate":"q95"},{"bfs_id":3882,"rcp":"RCP2.6","period":"2035","key":"snowdays","value":22.1,"estimate":"q5"},{"bfs_id":3882,"rcp":"RCP2.6","period":"2035","key":"snowdays","value":29.5,"estimate":"q50"},{"bfs_id":3882,"rcp":"RCP2.6","period":"2035","key":"snowdays","value":39.6,"estimate":"q95"},{"bfs_id":3882,"rcp":"RCP2.6","period":"2060","key":"snowdays","value":20.3,"estimate":"q5"},{"bfs_id":3882,"rcp":"RCP2.6","period":"2060","key":"snowdays","value":28.2,"estimate":"q50"},{"bfs_id":3882,"rcp":"RCP2.6","period":"2060","key":"snowdays","value":38,"estimate":"q95"},{"bfs_id":3882,"rcp":"RCP2.6","period":"2085","key":"snowdays","value":20.3,"estimate":"q5"},{"bfs_id":3882,"rcp":"RCP2.6","period":"2085","key":"snowdays","value":29.8,"estimate":"q50"},{"bfs_id":3882,"rcp":"RCP2.6","period":"2085","key":"snowdays","value":38.7,"estimate":"q95"},{"bfs_id":3882,"rcp":"RCP8.5","period":"2035","key":"snowdays","value":22.2,"estimate":"q5"},{"bfs_id":3882,"rcp":"RCP8.5","period":"2035","key":"snowdays","value":30.3,"estimate":"q50"},{"bfs_id":3882,"rcp":"RCP8.5","period":"2035","key":"snowdays","value":37.6,"estimate":"q95"},{"bfs_id":3882,"rcp":"RCP8.5","period":"2060","key":"snowdays","value":17.5,"estimate":"q5"},{"bfs_id":3882,"rcp":"RCP8.5","period":"2060","key":"snowdays","value":23.2,"estimate":"q50"},{"bfs_id":3882,"rcp":"RCP8.5","period":"2060","key":"snowdays","value":32.1,"estimate":"q95"},{"bfs_id":3882,"rcp":"RCP8.5","period":"2085","key":"snowdays","value":11.2,"estimate":"q5"},{"bfs_id":3882,"rcp":"RCP8.5","period":"2085","key":"snowdays","value":17.3,"estimate":"q50"},{"bfs_id":3882,"rcp":"RCP8.5","period":"2085","key":"snowdays","value":24.6,"estimate":"q95"},{"bfs_id":3882,"rcp":"RCP2.6","period":"2035","key":"TN","value":0,"estimate":"q5"},{"bfs_id":3882,"rcp":"RCP2.6","period":"2035","key":"TN","value":0.1,"estimate":"q50"},{"bfs_id":3882,"rcp":"RCP2.6","period":"2035","key":"TN","value":0.5,"estimate":"q95"},{"bfs_id":3882,"rcp":"RCP2.6","period":"2060","key":"TN","value":0,"estimate":"q5"},{"bfs_id":3882,"rcp":"RCP2.6","period":"2060","key":"TN","value":0.2,"estimate":"q50"},{"bfs_id":3882,"rcp":"RCP2.6","period":"2060","key":"TN","value":1,"estimate":"q95"},{"bfs_id":3882,"rcp":"RCP2.6","period":"2085","key":"TN","value":0,"estimate":"q5"},{"bfs_id":3882,"rcp":"RCP2.6","period":"2085","key":"TN","value":0.1,"estimate":"q50"},{"bfs_id":3882,"rcp":"RCP2.6","period":"2085","key":"TN","value":0.6,"estimate":"q95"},{"bfs_id":3882,"rcp":"RCP8.5","period":"2035","key":"TN","value":0.1,"estimate":"q5"},{"bfs_id":3882,"rcp":"RCP8.5","period":"2035","key":"TN","value":0.2,"estimate":"q50"},{"bfs_id":3882,"rcp":"RCP8.5","period":"2035","key":"TN","value":1.5,"estimate":"q95"},{"bfs_id":3882,"rcp":"RCP8.5","period":"2060","key":"TN","value":0.4,"estimate":"q5"},{"bfs_id":3882,"rcp":"RCP8.5","period":"2060","key":"TN","value":1.7,"estimate":"q50"},{"bfs_id":3882,"rcp":"RCP8.5","period":"2060","key":"TN","value":6.1,"estimate":"q95"},{"bfs_id":3882,"rcp":"RCP8.5","period":"2085","key":"TN","value":2.7,"estimate":"q5"},{"bfs_id":3882,"rcp":"RCP8.5","period":"2085","key":"TN","value":9.3,"estimate":"q50"},{"bfs_id":3882,"rcp":"RCP8.5","period":"2085","key":"TN","value":24.1,"estimate":"q95"},{"bfs_id":3882,"rcp":"RCP2.6","period":"2035","key":"pr","value":2.3,"estimate":"q5","season":"DJF"},{"bfs_id":3882,"rcp":"RCP2.6","period":"2035","key":"pr","value":2.6,"estimate":"q5","season":"MAM"},{"bfs_id":3882,"rcp":"RCP2.6","period":"2035","key":"pr","value":3.2,"estimate":"q5","season":"JJA"},{"bfs_id":3882,"rcp":"RCP2.6","period":"2035","key":"pr","value":2.5,"estimate":"q5","season":"SON"},{"bfs_id":3882,"rcp":"RCP2.6","period":"2035","key":"pr","value":2.7,"estimate":"q50","season":"DJF"},{"bfs_id":3882,"rcp":"RCP2.6","period":"2035","key":"pr","value":3,"estimate":"q50","season":"MAM"},{"bfs_id":3882,"rcp":"RCP2.6","period":"2035","key":"pr","value":3.9,"estimate":"q50","season":"JJA"},{"bfs_id":3882,"rcp":"RCP2.6","period":"2035","key":"pr","value":2.9,"estimate":"q50","season":"SON"},{"bfs_id":3882,"rcp":"RCP2.6","period":"2035","key":"pr","value":3.3,"estimate":"q95","season":"DJF"},{"bfs_id":3882,"rcp":"RCP2.6","period":"2035","key":"pr","value":3.2,"estimate":"q95","season":"MAM"},{"bfs_id":3882,"rcp":"RCP2.6","period":"2035","key":"pr","value":4.4,"estimate":"q95","season":"JJA"},{"bfs_id":3882,"rcp":"RCP2.6","period":"2035","key":"pr","value":3.6,"estimate":"q95","season":"SON"},{"bfs_id":3882,"rcp":"RCP2.6","period":"2060","key":"pr","value":2.4,"estimate":"q5","season":"DJF"},{"bfs_id":3882,"rcp":"RCP2.6","period":"2060","key":"pr","value":2.6,"estimate":"q5","season":"MAM"},{"bfs_id":3882,"rcp":"RCP2.6","period":"2060","key":"pr","value":3.3,"estimate":"q5","season":"JJA"},{"bfs_id":3882,"rcp":"RCP2.6","period":"2060","key":"pr","value":2.4,"estimate":"q5","season":"SON"},{"bfs_id":3882,"rcp":"RCP2.6","period":"2060","key":"pr","value":2.7,"estimate":"q50","season":"DJF"},{"bfs_id":3882,"rcp":"RCP2.6","period":"2060","key":"pr","value":2.9,"estimate":"q50","season":"MAM"},{"bfs_id":3882,"rcp":"RCP2.6","period":"2060","key":"pr","value":3.9,"estimate":"q50","season":"JJA"},{"bfs_id":3882,"rcp":"RCP2.6","period":"2060","key":"pr","value":3,"estimate":"q50","season":"SON"},{"bfs_id":3882,"rcp":"RCP2.6","period":"2060","key":"pr","value":3.1,"estimate":"q95","season":"DJF"},{"bfs_id":3882,"rcp":"RCP2.6","period":"2060","key":"pr","value":3.3,"estimate":"q95","season":"MAM"},{"bfs_id":3882,"rcp":"RCP2.6","period":"2060","key":"pr","value":4.4,"estimate":"q95","season":"JJA"},{"bfs_id":3882,"rcp":"RCP2.6","period":"2060","key":"pr","value":3.2,"estimate":"q95","season":"SON"},{"bfs_id":3882,"rcp":"RCP2.6","period":"2085","key":"pr","value":2.4,"estimate":"q5","season":"DJF"},{"bfs_id":3882,"rcp":"RCP2.6","period":"2085","key":"pr","value":2.6,"estimate":"q5","season":"MAM"},{"bfs_id":3882,"rcp":"RCP2.6","period":"2085","key":"pr","value":3.3,"estimate":"q5","season":"JJA"},{"bfs_id":3882,"rcp":"RCP2.6","period":"2085","key":"pr","value":2.6,"estimate":"q5","season":"SON"},{"bfs_id":3882,"rcp":"RCP2.6","period":"2085","key":"pr","value":2.7,"estimate":"q50","season":"DJF"},{"bfs_id":3882,"rcp":"RCP2.6","period":"2085","key":"pr","value":2.8,"estimate":"q50","season":"MAM"},{"bfs_id":3882,"rcp":"RCP2.6","period":"2085","key":"pr","value":3.9,"estimate":"q50","season":"JJA"},{"bfs_id":3882,"rcp":"RCP2.6","period":"2085","key":"pr","value":2.9,"estimate":"q50","season":"SON"},{"bfs_id":3882,"rcp":"RCP2.6","period":"2085","key":"pr","value":3.2,"estimate":"q95","season":"DJF"},{"bfs_id":3882,"rcp":"RCP2.6","period":"2085","key":"pr","value":3.2,"estimate":"q95","season":"MAM"},{"bfs_id":3882,"rcp":"RCP2.6","period":"2085","key":"pr","value":4.3,"estimate":"q95","season":"JJA"},{"bfs_id":3882,"rcp":"RCP2.6","period":"2085","key":"pr","value":3.4,"estimate":"q95","season":"SON"},{"bfs_id":3882,"rcp":"RCP8.5","period":"2035","key":"pr","value":2.5,"estimate":"q5","season":"DJF"},{"bfs_id":3882,"rcp":"RCP8.5","period":"2035","key":"pr","value":2.7,"estimate":"q5","season":"MAM"},{"bfs_id":3882,"rcp":"RCP8.5","period":"2035","key":"pr","value":3.5,"estimate":"q5","season":"JJA"},{"bfs_id":3882,"rcp":"RCP8.5","period":"2035","key":"pr","value":2.6,"estimate":"q5","season":"SON"},{"bfs_id":3882,"rcp":"RCP8.5","period":"2035","key":"pr","value":2.8,"estimate":"q50","season":"DJF"},{"bfs_id":3882,"rcp":"RCP8.5","period":"2035","key":"pr","value":2.9,"estimate":"q50","season":"MAM"},{"bfs_id":3882,"rcp":"RCP8.5","period":"2035","key":"pr","value":3.9,"estimate":"q50","season":"JJA"},{"bfs_id":3882,"rcp":"RCP8.5","period":"2035","key":"pr","value":2.9,"estimate":"q50","season":"SON"},{"bfs_id":3882,"rcp":"RCP8.5","period":"2035","key":"pr","value":3.2,"estimate":"q95","season":"DJF"},{"bfs_id":3882,"rcp":"RCP8.5","period":"2035","key":"pr","value":3.2,"estimate":"q95","season":"MAM"},{"bfs_id":3882,"rcp":"RCP8.5","period":"2035","key":"pr","value":4.4,"estimate":"q95","season":"JJA"},{"bfs_id":3882,"rcp":"RCP8.5","period":"2035","key":"pr","value":3.3,"estimate":"q95","season":"SON"},{"bfs_id":3882,"rcp":"RCP8.5","period":"2060","key":"pr","value":2.5,"estimate":"q5","season":"DJF"},{"bfs_id":3882,"rcp":"RCP8.5","period":"2060","key":"pr","value":2.7,"estimate":"q5","season":"MAM"},{"bfs_id":3882,"rcp":"RCP8.5","period":"2060","key":"pr","value":3,"estimate":"q5","season":"JJA"},{"bfs_id":3882,"rcp":"RCP8.5","period":"2060","key":"pr","value":2.5,"estimate":"q5","season":"SON"},{"bfs_id":3882,"rcp":"RCP8.5","period":"2060","key":"pr","value":3,"estimate":"q50","season":"DJF"},{"bfs_id":3882,"rcp":"RCP8.5","period":"2060","key":"pr","value":3.1,"estimate":"q50","season":"MAM"},{"bfs_id":3882,"rcp":"RCP8.5","period":"2060","key":"pr","value":3.7,"estimate":"q50","season":"JJA"},{"bfs_id":3882,"rcp":"RCP8.5","period":"2060","key":"pr","value":2.9,"estimate":"q50","season":"SON"},{"bfs_id":3882,"rcp":"RCP8.5","period":"2060","key":"pr","value":3.3,"estimate":"q95","season":"DJF"},{"bfs_id":3882,"rcp":"RCP8.5","period":"2060","key":"pr","value":3.4,"estimate":"q95","season":"MAM"},{"bfs_id":3882,"rcp":"RCP8.5","period":"2060","key":"pr","value":4.5,"estimate":"q95","season":"JJA"},{"bfs_id":3882,"rcp":"RCP8.5","period":"2060","key":"pr","value":3.3,"estimate":"q95","season":"SON"},{"bfs_id":3882,"rcp":"RCP8.5","period":"2085","key":"pr","value":2.8,"estimate":"q5","season":"DJF"},{"bfs_id":3882,"rcp":"RCP8.5","period":"2085","key":"pr","value":2.9,"estimate":"q5","season":"MAM"},{"bfs_id":3882,"rcp":"RCP8.5","period":"2085","key":"pr","value":2.6,"estimate":"q5","season":"JJA"},{"bfs_id":3882,"rcp":"RCP8.5","period":"2085","key":"pr","value":2.5,"estimate":"q5","season":"SON"},{"bfs_id":3882,"rcp":"RCP8.5","period":"2085","key":"pr","value":3.1,"estimate":"q50","season":"DJF"},{"bfs_id":3882,"rcp":"RCP8.5","period":"2085","key":"pr","value":3.2,"estimate":"q50","season":"MAM"},{"bfs_id":3882,"rcp":"RCP8.5","period":"2085","key":"pr","value":3.4,"estimate":"q50","season":"JJA"},{"bfs_id":3882,"rcp":"RCP8.5","period":"2085","key":"pr","value":2.9,"estimate":"q50","season":"SON"},{"bfs_id":3882,"rcp":"RCP8.5","period":"2085","key":"pr","value":3.5,"estimate":"q95","season":"DJF"},{"bfs_id":3882,"rcp":"RCP8.5","period":"2085","key":"pr","value":3.7,"estimate":"q95","season":"MAM"},{"bfs_id":3882,"rcp":"RCP8.5","period":"2085","key":"pr","value":4.3,"estimate":"q95","season":"JJA"},{"bfs_id":3882,"rcp":"RCP8.5","period":"2085","key":"pr","value":3.4,"estimate":"q95","season":"SON"},{"bfs_id":3882,"rcp":"RCP2.6","period":"2035","key":"tas","value":-0.9,"estimate":"q5","season":"DJF"},{"bfs_id":3882,"rcp":"RCP2.6","period":"2035","key":"tas","value":6.2,"estimate":"q5","season":"MAM"},{"bfs_id":3882,"rcp":"RCP2.6","period":"2035","key":"tas","value":15.7,"estimate":"q5","season":"JJA"},{"bfs_id":3882,"rcp":"RCP2.6","period":"2035","key":"tas","value":8,"estimate":"q5","season":"SON"},{"bfs_id":3882,"rcp":"RCP2.6","period":"2035","key":"tas","value":-0.3,"estimate":"q50","season":"DJF"},{"bfs_id":3882,"rcp":"RCP2.6","period":"2035","key":"tas","value":6.8,"estimate":"q50","season":"MAM"},{"bfs_id":3882,"rcp":"RCP2.6","period":"2035","key":"tas","value":16.7,"estimate":"q50","season":"JJA"},{"bfs_id":3882,"rcp":"RCP2.6","period":"2035","key":"tas","value":8.6,"estimate":"q50","season":"SON"},{"bfs_id":3882,"rcp":"RCP2.6","period":"2035","key":"tas","value":0.3,"estimate":"q95","season":"DJF"},{"bfs_id":3882,"rcp":"RCP2.6","period":"2035","key":"tas","value":7.3,"estimate":"q95","season":"MAM"},{"bfs_id":3882,"rcp":"RCP2.6","period":"2035","key":"tas","value":17.9,"estimate":"q95","season":"JJA"},{"bfs_id":3882,"rcp":"RCP2.6","period":"2035","key":"tas","value":9.4,"estimate":"q95","season":"SON"},{"bfs_id":3882,"rcp":"RCP2.6","period":"2060","key":"tas","value":-0.9,"estimate":"q5","season":"DJF"},{"bfs_id":3882,"rcp":"RCP2.6","period":"2060","key":"tas","value":6,"estimate":"q5","season":"MAM"},{"bfs_id":3882,"rcp":"RCP2.6","period":"2060","key":"tas","value":16,"estimate":"q5","season":"JJA"},{"bfs_id":3882,"rcp":"RCP2.6","period":"2060","key":"tas","value":8.3,"estimate":"q5","season":"SON"},{"bfs_id":3882,"rcp":"RCP2.6","period":"2060","key":"tas","value":-0,"estimate":"q50","season":"DJF"},{"bfs_id":3882,"rcp":"RCP2.6","period":"2060","key":"tas","value":6.8,"estimate":"q50","season":"MAM"},{"bfs_id":3882,"rcp":"RCP2.6","period":"2060","key":"tas","value":17.1,"estimate":"q50","season":"JJA"},{"bfs_id":3882,"rcp":"RCP2.6","period":"2060","key":"tas","value":8.9,"estimate":"q50","season":"SON"},{"bfs_id":3882,"rcp":"RCP2.6","period":"2060","key":"tas","value":0.6,"estimate":"q95","season":"DJF"},{"bfs_id":3882,"rcp":"RCP2.6","period":"2060","key":"tas","value":7.5,"estimate":"q95","season":"MAM"},{"bfs_id":3882,"rcp":"RCP2.6","period":"2060","key":"tas","value":18.3,"estimate":"q95","season":"JJA"},{"bfs_id":3882,"rcp":"RCP2.6","period":"2060","key":"tas","value":9.8,"estimate":"q95","season":"SON"},{"bfs_id":3882,"rcp":"RCP2.6","period":"2085","key":"tas","value":-0.8,"estimate":"q5","season":"DJF"},{"bfs_id":3882,"rcp":"RCP2.6","period":"2085","key":"tas","value":6.1,"estimate":"q5","season":"MAM"},{"bfs_id":3882,"rcp":"RCP2.6","period":"2085","key":"tas","value":15.9,"estimate":"q5","season":"JJA"},{"bfs_id":3882,"rcp":"RCP2.6","period":"2085","key":"tas","value":8,"estimate":"q5","season":"SON"},{"bfs_id":3882,"rcp":"RCP2.6","period":"2085","key":"tas","value":-0.1,"estimate":"q50","season":"DJF"},{"bfs_id":3882,"rcp":"RCP2.6","period":"2085","key":"tas","value":6.8,"estimate":"q50","season":"MAM"},{"bfs_id":3882,"rcp":"RCP2.6","period":"2085","key":"tas","value":17,"estimate":"q50","season":"JJA"},{"bfs_id":3882,"rcp":"RCP2.6","period":"2085","key":"tas","value":8.8,"estimate":"q50","season":"SON"},{"bfs_id":3882,"rcp":"RCP2.6","period":"2085","key":"tas","value":0.7,"estimate":"q95","season":"DJF"},{"bfs_id":3882,"rcp":"RCP2.6","period":"2085","key":"tas","value":7.5,"estimate":"q95","season":"MAM"},{"bfs_id":3882,"rcp":"RCP2.6","period":"2085","key":"tas","value":18,"estimate":"q95","season":"JJA"},{"bfs_id":3882,"rcp":"RCP2.6","period":"2085","key":"tas","value":9.7,"estimate":"q95","season":"SON"},{"bfs_id":3882,"rcp":"RCP8.5","period":"2035","key":"tas","value":-0.7,"estimate":"q5","season":"DJF"},{"bfs_id":3882,"rcp":"RCP8.5","period":"2035","key":"tas","value":6.5,"estimate":"q5","season":"MAM"},{"bfs_id":3882,"rcp":"RCP8.5","period":"2035","key":"tas","value":16.2,"estimate":"q5","season":"JJA"},{"bfs_id":3882,"rcp":"RCP8.5","period":"2035","key":"tas","value":8.5,"estimate":"q5","season":"SON"},{"bfs_id":3882,"rcp":"RCP8.5","period":"2035","key":"tas","value":0.1,"estimate":"q50","season":"DJF"},{"bfs_id":3882,"rcp":"RCP8.5","period":"2035","key":"tas","value":6.9,"estimate":"q50","season":"MAM"},{"bfs_id":3882,"rcp":"RCP8.5","period":"2035","key":"tas","value":17.1,"estimate":"q50","season":"JJA"},{"bfs_id":3882,"rcp":"RCP8.5","period":"2035","key":"tas","value":9,"estimate":"q50","season":"SON"},{"bfs_id":3882,"rcp":"RCP8.5","period":"2035","key":"tas","value":0.4,"estimate":"q95","season":"DJF"},{"bfs_id":3882,"rcp":"RCP8.5","period":"2035","key":"tas","value":7.5,"estimate":"q95","season":"MAM"},{"bfs_id":3882,"rcp":"RCP8.5","period":"2035","key":"tas","value":18.2,"estimate":"q95","season":"JJA"},{"bfs_id":3882,"rcp":"RCP8.5","period":"2035","key":"tas","value":9.8,"estimate":"q95","season":"SON"},{"bfs_id":3882,"rcp":"RCP8.5","period":"2060","key":"tas","value":0.5,"estimate":"q5","season":"DJF"},{"bfs_id":3882,"rcp":"RCP8.5","period":"2060","key":"tas","value":7.5,"estimate":"q5","season":"MAM"},{"bfs_id":3882,"rcp":"RCP8.5","period":"2060","key":"tas","value":17.5,"estimate":"q5","season":"JJA"},{"bfs_id":3882,"rcp":"RCP8.5","period":"2060","key":"tas","value":9.9,"estimate":"q5","season":"SON"},{"bfs_id":3882,"rcp":"RCP8.5","period":"2060","key":"tas","value":1,"estimate":"q50","season":"DJF"},{"bfs_id":3882,"rcp":"RCP8.5","period":"2060","key":"tas","value":8.2,"estimate":"q50","season":"MAM"},{"bfs_id":3882,"rcp":"RCP8.5","period":"2060","key":"tas","value":19.3,"estimate":"q50","season":"JJA"},{"bfs_id":3882,"rcp":"RCP8.5","period":"2060","key":"tas","value":10.7,"estimate":"q50","season":"SON"},{"bfs_id":3882,"rcp":"RCP8.5","period":"2060","key":"tas","value":1.7,"estimate":"q95","season":"DJF"},{"bfs_id":3882,"rcp":"RCP8.5","period":"2060","key":"tas","value":9.3,"estimate":"q95","season":"MAM"},{"bfs_id":3882,"rcp":"RCP8.5","period":"2060","key":"tas","value":20.9,"estimate":"q95","season":"JJA"},{"bfs_id":3882,"rcp":"RCP8.5","period":"2060","key":"tas","value":11.8,"estimate":"q95","season":"SON"},{"bfs_id":3882,"rcp":"RCP8.5","period":"2085","key":"tas","value":2,"estimate":"q5","season":"DJF"},{"bfs_id":3882,"rcp":"RCP8.5","period":"2085","key":"tas","value":9,"estimate":"q5","season":"MAM"},{"bfs_id":3882,"rcp":"RCP8.5","period":"2085","key":"tas","value":19.2,"estimate":"q5","season":"JJA"},{"bfs_id":3882,"rcp":"RCP8.5","period":"2085","key":"tas","value":11.3,"estimate":"q5","season":"SON"},{"bfs_id":3882,"rcp":"RCP8.5","period":"2085","key":"tas","value":3.2,"estimate":"q50","season":"DJF"},{"bfs_id":3882,"rcp":"RCP8.5","period":"2085","key":"tas","value":9.9,"estimate":"q50","season":"MAM"},{"bfs_id":3882,"rcp":"RCP8.5","period":"2085","key":"tas","value":21.6,"estimate":"q50","season":"JJA"},{"bfs_id":3882,"rcp":"RCP8.5","period":"2085","key":"tas","value":12.2,"estimate":"q50","season":"SON"},{"bfs_id":3882,"rcp":"RCP8.5","period":"2085","key":"tas","value":3.7,"estimate":"q95","season":"DJF"},{"bfs_id":3882,"rcp":"RCP8.5","period":"2085","key":"tas","value":11.8,"estimate":"q95","season":"MAM"},{"bfs_id":3882,"rcp":"RCP8.5","period":"2085","key":"tas","value":24.3,"estimate":"q95","season":"JJA"},{"bfs_id":3882,"rcp":"RCP8.5","period":"2085","key":"tas","value":14.4,"estimate":"q95","season":"SON"},{"bfs_id":3882,"rcp":"obs","period":"1981-2010","key":"FD","value":127.8,"estimate":"yearly_mean"},{"bfs_id":3882,"rcp":"obs","period":"1981-2010","key":"HD","value":1.5,"estimate":"yearly_mean"},{"bfs_id":3882,"rcp":"obs","period":"1981-2010","key":"ID","value":37.1,"estimate":"yearly_mean"},{"bfs_id":3882,"rcp":"obs","period":"1981-2010","key":"SD","value":19.2,"estimate":"yearly_mean"},{"bfs_id":3882,"rcp":"obs","period":"1981-2010","key":"snowdays","value":38.9,"estimate":"yearly_mean"},{"bfs_id":3882,"rcp":"obs","period":"1981-2010","key":"TN","value":0,"estimate":"yearly_mean"},{"bfs_id":3882,"rcp":"obs","period":"1981-2010","key":"pr","value":2.6,"estimate":"mean","season":"DJF"},{"bfs_id":3882,"rcp":"obs","period":"1981-2010","key":"pr","value":2.7,"estimate":"mean","season":"MAM"},{"bfs_id":3882,"rcp":"obs","period":"1981-2010","key":"pr","value":4.2,"estimate":"mean","season":"JJA"},{"bfs_id":3882,"rcp":"obs","period":"1981-2010","key":"pr","value":2.8,"estimate":"mean","season":"SON"},{"bfs_id":3882,"rcp":"obs","period":"1981-2010","key":"tas","value":-1.4,"estimate":"mean","season":"DJF"},{"bfs_id":3882,"rcp":"obs","period":"1981-2010","key":"tas","value":6.2,"estimate":"mean","season":"MAM"},{"bfs_id":3882,"rcp":"obs","period":"1981-2010","key":"tas","value":14.8,"estimate":"mean","season":"JJA"},{"bfs_id":3882,"rcp":"obs","period":"1981-2010","key":"tas","value":7.3,"estimate":"mean","season":"SON"}]
