[{"bfs_id":4023,"rcp":"RCP2.6","period":"2035","key":"FD","value":62.9,"estimate":"q5"},{"bfs_id":4023,"rcp":"RCP2.6","period":"2035","key":"FD","value":74.5,"estimate":"q50"},{"bfs_id":4023,"rcp":"RCP2.6","period":"2035","key":"FD","value":78.8,"estimate":"q95"},{"bfs_id":4023,"rcp":"RCP2.6","period":"2060","key":"FD","value":61.5,"estimate":"q5"},{"bfs_id":4023,"rcp":"RCP2.6","period":"2060","key":"FD","value":71.9,"estimate":"q50"},{"bfs_id":4023,"rcp":"RCP2.6","period":"2060","key":"FD","value":76.5,"estimate":"q95"},{"bfs_id":4023,"rcp":"RCP2.6","period":"2085","key":"FD","value":61.9,"estimate":"q5"},{"bfs_id":4023,"rcp":"RCP2.6","period":"2085","key":"FD","value":71.9,"estimate":"q50"},{"bfs_id":4023,"rcp":"RCP2.6","period":"2085","key":"FD","value":77.6,"estimate":"q95"},{"bfs_id":4023,"rcp":"RCP8.5","period":"2035","key":"FD","value":59.2,"estimate":"q5"},{"bfs_id":4023,"rcp":"RCP8.5","period":"2035","key":"FD","value":70,"estimate":"q50"},{"bfs_id":4023,"rcp":"RCP8.5","period":"2035","key":"FD","value":76.5,"estimate":"q95"},{"bfs_id":4023,"rcp":"RCP8.5","period":"2060","key":"FD","value":48.3,"estimate":"q5"},{"bfs_id":4023,"rcp":"RCP8.5","period":"2060","key":"FD","value":56.6,"estimate":"q50"},{"bfs_id":4023,"rcp":"RCP8.5","period":"2060","key":"FD","value":63.2,"estimate":"q95"},{"bfs_id":4023,"rcp":"RCP8.5","period":"2085","key":"FD","value":30,"estimate":"q5"},{"bfs_id":4023,"rcp":"RCP8.5","period":"2085","key":"FD","value":36,"estimate":"q50"},{"bfs_id":4023,"rcp":"RCP8.5","period":"2085","key":"FD","value":47.1,"estimate":"q95"},{"bfs_id":4023,"rcp":"RCP2.6","period":"2035","key":"HD","value":11,"estimate":"q5"},{"bfs_id":4023,"rcp":"RCP2.6","period":"2035","key":"HD","value":14,"estimate":"q50"},{"bfs_id":4023,"rcp":"RCP2.6","period":"2035","key":"HD","value":19.1,"estimate":"q95"},{"bfs_id":4023,"rcp":"RCP2.6","period":"2060","key":"HD","value":11.6,"estimate":"q5"},{"bfs_id":4023,"rcp":"RCP2.6","period":"2060","key":"HD","value":14.2,"estimate":"q50"},{"bfs_id":4023,"rcp":"RCP2.6","period":"2060","key":"HD","value":21.4,"estimate":"q95"},{"bfs_id":4023,"rcp":"RCP2.6","period":"2085","key":"HD","value":11.5,"estimate":"q5"},{"bfs_id":4023,"rcp":"RCP2.6","period":"2085","key":"HD","value":14,"estimate":"q50"},{"bfs_id":4023,"rcp":"RCP2.6","period":"2085","key":"HD","value":20.7,"estimate":"q95"},{"bfs_id":4023,"rcp":"RCP8.5","period":"2035","key":"HD","value":12.1,"estimate":"q5"},{"bfs_id":4023,"rcp":"RCP8.5","period":"2035","key":"HD","value":15.3,"estimate":"q50"},{"bfs_id":4023,"rcp":"RCP8.5","period":"2035","key":"HD","value":21.8,"estimate":"q95"},{"bfs_id":4023,"rcp":"RCP8.5","period":"2060","key":"HD","value":18.2,"estimate":"q5"},{"bfs_id":4023,"rcp":"RCP8.5","period":"2060","key":"HD","value":24.7,"estimate":"q50"},{"bfs_id":4023,"rcp":"RCP8.5","period":"2060","key":"HD","value":37.3,"estimate":"q95"},{"bfs_id":4023,"rcp":"RCP8.5","period":"2085","key":"HD","value":32.1,"estimate":"q5"},{"bfs_id":4023,"rcp":"RCP8.5","period":"2085","key":"HD","value":38.1,"estimate":"q50"},{"bfs_id":4023,"rcp":"RCP8.5","period":"2085","key":"HD","value":63.4,"estimate":"q95"},{"bfs_id":4023,"rcp":"RCP2.6","period":"2035","key":"ID","value":10.2,"estimate":"q5"},{"bfs_id":4023,"rcp":"RCP2.6","period":"2035","key":"ID","value":14.1,"estimate":"q50"},{"bfs_id":4023,"rcp":"RCP2.6","period":"2035","key":"ID","value":18.8,"estimate":"q95"},{"bfs_id":4023,"rcp":"RCP2.6","period":"2060","key":"ID","value":10.3,"estimate":"q5"},{"bfs_id":4023,"rcp":"RCP2.6","period":"2060","key":"ID","value":14.5,"estimate":"q50"},{"bfs_id":4023,"rcp":"RCP2.6","period":"2060","key":"ID","value":17.7,"estimate":"q95"},{"bfs_id":4023,"rcp":"RCP2.6","period":"2085","key":"ID","value":10.7,"estimate":"q5"},{"bfs_id":4023,"rcp":"RCP2.6","period":"2085","key":"ID","value":13.5,"estimate":"q50"},{"bfs_id":4023,"rcp":"RCP2.6","period":"2085","key":"ID","value":16.6,"estimate":"q95"},{"bfs_id":4023,"rcp":"RCP8.5","period":"2035","key":"ID","value":10.2,"estimate":"q5"},{"bfs_id":4023,"rcp":"RCP8.5","period":"2035","key":"ID","value":13,"estimate":"q50"},{"bfs_id":4023,"rcp":"RCP8.5","period":"2035","key":"ID","value":18.1,"estimate":"q95"},{"bfs_id":4023,"rcp":"RCP8.5","period":"2060","key":"ID","value":6.4,"estimate":"q5"},{"bfs_id":4023,"rcp":"RCP8.5","period":"2060","key":"ID","value":9.7,"estimate":"q50"},{"bfs_id":4023,"rcp":"RCP8.5","period":"2060","key":"ID","value":12.3,"estimate":"q95"},{"bfs_id":4023,"rcp":"RCP8.5","period":"2085","key":"ID","value":1.8,"estimate":"q5"},{"bfs_id":4023,"rcp":"RCP8.5","period":"2085","key":"ID","value":4.1,"estimate":"q50"},{"bfs_id":4023,"rcp":"RCP8.5","period":"2085","key":"ID","value":7,"estimate":"q95"},{"bfs_id":4023,"rcp":"RCP2.6","period":"2035","key":"SD","value":51.5,"estimate":"q5"},{"bfs_id":4023,"rcp":"RCP2.6","period":"2035","key":"SD","value":57.2,"estimate":"q50"},{"bfs_id":4023,"rcp":"RCP2.6","period":"2035","key":"SD","value":64.8,"estimate":"q95"},{"bfs_id":4023,"rcp":"RCP2.6","period":"2060","key":"SD","value":52.4,"estimate":"q5"},{"bfs_id":4023,"rcp":"RCP2.6","period":"2060","key":"SD","value":59.1,"estimate":"q50"},{"bfs_id":4023,"rcp":"RCP2.6","period":"2060","key":"SD","value":65.1,"estimate":"q95"},{"bfs_id":4023,"rcp":"RCP2.6","period":"2085","key":"SD","value":51.1,"estimate":"q5"},{"bfs_id":4023,"rcp":"RCP2.6","period":"2085","key":"SD","value":58.7,"estimate":"q50"},{"bfs_id":4023,"rcp":"RCP2.6","period":"2085","key":"SD","value":65.9,"estimate":"q95"},{"bfs_id":4023,"rcp":"RCP8.5","period":"2035","key":"SD","value":54.1,"estimate":"q5"},{"bfs_id":4023,"rcp":"RCP8.5","period":"2035","key":"SD","value":59.8,"estimate":"q50"},{"bfs_id":4023,"rcp":"RCP8.5","period":"2035","key":"SD","value":65.9,"estimate":"q95"},{"bfs_id":4023,"rcp":"RCP8.5","period":"2060","key":"SD","value":69.6,"estimate":"q5"},{"bfs_id":4023,"rcp":"RCP8.5","period":"2060","key":"SD","value":74.3,"estimate":"q50"},{"bfs_id":4023,"rcp":"RCP8.5","period":"2060","key":"SD","value":89.6,"estimate":"q95"},{"bfs_id":4023,"rcp":"RCP8.5","period":"2085","key":"SD","value":84,"estimate":"q5"},{"bfs_id":4023,"rcp":"RCP8.5","period":"2085","key":"SD","value":97.1,"estimate":"q50"},{"bfs_id":4023,"rcp":"RCP8.5","period":"2085","key":"SD","value":115.4,"estimate":"q95"},{"bfs_id":4023,"rcp":"RCP2.6","period":"2035","key":"snowdays","value":12,"estimate":"q5"},{"bfs_id":4023,"rcp":"RCP2.6","period":"2035","key":"snowdays","value":16.3,"estimate":"q50"},{"bfs_id":4023,"rcp":"RCP2.6","period":"2035","key":"snowdays","value":18.6,"estimate":"q95"},{"bfs_id":4023,"rcp":"RCP2.6","period":"2060","key":"snowdays","value":10.9,"estimate":"q5"},{"bfs_id":4023,"rcp":"RCP2.6","period":"2060","key":"snowdays","value":16.1,"estimate":"q50"},{"bfs_id":4023,"rcp":"RCP2.6","period":"2060","key":"snowdays","value":18.1,"estimate":"q95"},{"bfs_id":4023,"rcp":"RCP2.6","period":"2085","key":"snowdays","value":10.9,"estimate":"q5"},{"bfs_id":4023,"rcp":"RCP2.6","period":"2085","key":"snowdays","value":15.8,"estimate":"q50"},{"bfs_id":4023,"rcp":"RCP2.6","period":"2085","key":"snowdays","value":18.1,"estimate":"q95"},{"bfs_id":4023,"rcp":"RCP8.5","period":"2035","key":"snowdays","value":10.7,"estimate":"q5"},{"bfs_id":4023,"rcp":"RCP8.5","period":"2035","key":"snowdays","value":15.1,"estimate":"q50"},{"bfs_id":4023,"rcp":"RCP8.5","period":"2035","key":"snowdays","value":17.7,"estimate":"q95"},{"bfs_id":4023,"rcp":"RCP8.5","period":"2060","key":"snowdays","value":7.5,"estimate":"q5"},{"bfs_id":4023,"rcp":"RCP8.5","period":"2060","key":"snowdays","value":12.1,"estimate":"q50"},{"bfs_id":4023,"rcp":"RCP8.5","period":"2060","key":"snowdays","value":14.6,"estimate":"q95"},{"bfs_id":4023,"rcp":"RCP8.5","period":"2085","key":"snowdays","value":2.7,"estimate":"q5"},{"bfs_id":4023,"rcp":"RCP8.5","period":"2085","key":"snowdays","value":6.3,"estimate":"q50"},{"bfs_id":4023,"rcp":"RCP8.5","period":"2085","key":"snowdays","value":9.3,"estimate":"q95"},{"bfs_id":4023,"rcp":"RCP2.6","period":"2035","key":"TN","value":0,"estimate":"q5"},{"bfs_id":4023,"rcp":"RCP2.6","period":"2035","key":"TN","value":0.3,"estimate":"q50"},{"bfs_id":4023,"rcp":"RCP2.6","period":"2035","key":"TN","value":0.8,"estimate":"q95"},{"bfs_id":4023,"rcp":"RCP2.6","period":"2060","key":"TN","value":0.1,"estimate":"q5"},{"bfs_id":4023,"rcp":"RCP2.6","period":"2060","key":"TN","value":0.4,"estimate":"q50"},{"bfs_id":4023,"rcp":"RCP2.6","period":"2060","key":"TN","value":1.2,"estimate":"q95"},{"bfs_id":4023,"rcp":"RCP2.6","period":"2085","key":"TN","value":0.1,"estimate":"q5"},{"bfs_id":4023,"rcp":"RCP2.6","period":"2085","key":"TN","value":0.6,"estimate":"q50"},{"bfs_id":4023,"rcp":"RCP2.6","period":"2085","key":"TN","value":1.1,"estimate":"q95"},{"bfs_id":4023,"rcp":"RCP8.5","period":"2035","key":"TN","value":0.2,"estimate":"q5"},{"bfs_id":4023,"rcp":"RCP8.5","period":"2035","key":"TN","value":0.5,"estimate":"q50"},{"bfs_id":4023,"rcp":"RCP8.5","period":"2035","key":"TN","value":2.1,"estimate":"q95"},{"bfs_id":4023,"rcp":"RCP8.5","period":"2060","key":"TN","value":1.1,"estimate":"q5"},{"bfs_id":4023,"rcp":"RCP8.5","period":"2060","key":"TN","value":3,"estimate":"q50"},{"bfs_id":4023,"rcp":"RCP8.5","period":"2060","key":"TN","value":6.9,"estimate":"q95"},{"bfs_id":4023,"rcp":"RCP8.5","period":"2085","key":"TN","value":5.3,"estimate":"q5"},{"bfs_id":4023,"rcp":"RCP8.5","period":"2085","key":"TN","value":9.2,"estimate":"q50"},{"bfs_id":4023,"rcp":"RCP8.5","period":"2085","key":"TN","value":23.9,"estimate":"q95"},{"bfs_id":4023,"rcp":"RCP2.6","period":"2035","key":"pr","value":2.5,"estimate":"q5","season":"DJF"},{"bfs_id":4023,"rcp":"RCP2.6","period":"2035","key":"pr","value":2.8,"estimate":"q5","season":"MAM"},{"bfs_id":4023,"rcp":"RCP2.6","period":"2035","key":"pr","value":3.1,"estimate":"q5","season":"JJA"},{"bfs_id":4023,"rcp":"RCP2.6","period":"2035","key":"pr","value":2.5,"estimate":"q5","season":"SON"},{"bfs_id":4023,"rcp":"RCP2.6","period":"2035","key":"pr","value":2.9,"estimate":"q50","season":"DJF"},{"bfs_id":4023,"rcp":"RCP2.6","period":"2035","key":"pr","value":3.1,"estimate":"q50","season":"MAM"},{"bfs_id":4023,"rcp":"RCP2.6","period":"2035","key":"pr","value":3.4,"estimate":"q50","season":"JJA"},{"bfs_id":4023,"rcp":"RCP2.6","period":"2035","key":"pr","value":2.8,"estimate":"q50","season":"SON"},{"bfs_id":4023,"rcp":"RCP2.6","period":"2035","key":"pr","value":3.4,"estimate":"q95","season":"DJF"},{"bfs_id":4023,"rcp":"RCP2.6","period":"2035","key":"pr","value":3.4,"estimate":"q95","season":"MAM"},{"bfs_id":4023,"rcp":"RCP2.6","period":"2035","key":"pr","value":3.7,"estimate":"q95","season":"JJA"},{"bfs_id":4023,"rcp":"RCP2.6","period":"2035","key":"pr","value":3.4,"estimate":"q95","season":"SON"},{"bfs_id":4023,"rcp":"RCP2.6","period":"2060","key":"pr","value":2.5,"estimate":"q5","season":"DJF"},{"bfs_id":4023,"rcp":"RCP2.6","period":"2060","key":"pr","value":2.8,"estimate":"q5","season":"MAM"},{"bfs_id":4023,"rcp":"RCP2.6","period":"2060","key":"pr","value":2.8,"estimate":"q5","season":"JJA"},{"bfs_id":4023,"rcp":"RCP2.6","period":"2060","key":"pr","value":2.6,"estimate":"q5","season":"SON"},{"bfs_id":4023,"rcp":"RCP2.6","period":"2060","key":"pr","value":2.8,"estimate":"q50","season":"DJF"},{"bfs_id":4023,"rcp":"RCP2.6","period":"2060","key":"pr","value":3.1,"estimate":"q50","season":"MAM"},{"bfs_id":4023,"rcp":"RCP2.6","period":"2060","key":"pr","value":3.4,"estimate":"q50","season":"JJA"},{"bfs_id":4023,"rcp":"RCP2.6","period":"2060","key":"pr","value":2.8,"estimate":"q50","season":"SON"},{"bfs_id":4023,"rcp":"RCP2.6","period":"2060","key":"pr","value":3.1,"estimate":"q95","season":"DJF"},{"bfs_id":4023,"rcp":"RCP2.6","period":"2060","key":"pr","value":3.4,"estimate":"q95","season":"MAM"},{"bfs_id":4023,"rcp":"RCP2.6","period":"2060","key":"pr","value":3.8,"estimate":"q95","season":"JJA"},{"bfs_id":4023,"rcp":"RCP2.6","period":"2060","key":"pr","value":3.3,"estimate":"q95","season":"SON"},{"bfs_id":4023,"rcp":"RCP2.6","period":"2085","key":"pr","value":2.5,"estimate":"q5","season":"DJF"},{"bfs_id":4023,"rcp":"RCP2.6","period":"2085","key":"pr","value":2.8,"estimate":"q5","season":"MAM"},{"bfs_id":4023,"rcp":"RCP2.6","period":"2085","key":"pr","value":2.9,"estimate":"q5","season":"JJA"},{"bfs_id":4023,"rcp":"RCP2.6","period":"2085","key":"pr","value":2.5,"estimate":"q5","season":"SON"},{"bfs_id":4023,"rcp":"RCP2.6","period":"2085","key":"pr","value":2.8,"estimate":"q50","season":"DJF"},{"bfs_id":4023,"rcp":"RCP2.6","period":"2085","key":"pr","value":3.1,"estimate":"q50","season":"MAM"},{"bfs_id":4023,"rcp":"RCP2.6","period":"2085","key":"pr","value":3.4,"estimate":"q50","season":"JJA"},{"bfs_id":4023,"rcp":"RCP2.6","period":"2085","key":"pr","value":2.8,"estimate":"q50","season":"SON"},{"bfs_id":4023,"rcp":"RCP2.6","period":"2085","key":"pr","value":3.2,"estimate":"q95","season":"DJF"},{"bfs_id":4023,"rcp":"RCP2.6","period":"2085","key":"pr","value":3.4,"estimate":"q95","season":"MAM"},{"bfs_id":4023,"rcp":"RCP2.6","period":"2085","key":"pr","value":3.8,"estimate":"q95","season":"JJA"},{"bfs_id":4023,"rcp":"RCP2.6","period":"2085","key":"pr","value":3.3,"estimate":"q95","season":"SON"},{"bfs_id":4023,"rcp":"RCP8.5","period":"2035","key":"pr","value":2.6,"estimate":"q5","season":"DJF"},{"bfs_id":4023,"rcp":"RCP8.5","period":"2035","key":"pr","value":2.9,"estimate":"q5","season":"MAM"},{"bfs_id":4023,"rcp":"RCP8.5","period":"2035","key":"pr","value":2.9,"estimate":"q5","season":"JJA"},{"bfs_id":4023,"rcp":"RCP8.5","period":"2035","key":"pr","value":2.6,"estimate":"q5","season":"SON"},{"bfs_id":4023,"rcp":"RCP8.5","period":"2035","key":"pr","value":3,"estimate":"q50","season":"DJF"},{"bfs_id":4023,"rcp":"RCP8.5","period":"2035","key":"pr","value":3.2,"estimate":"q50","season":"MAM"},{"bfs_id":4023,"rcp":"RCP8.5","period":"2035","key":"pr","value":3.5,"estimate":"q50","season":"JJA"},{"bfs_id":4023,"rcp":"RCP8.5","period":"2035","key":"pr","value":2.9,"estimate":"q50","season":"SON"},{"bfs_id":4023,"rcp":"RCP8.5","period":"2035","key":"pr","value":3.2,"estimate":"q95","season":"DJF"},{"bfs_id":4023,"rcp":"RCP8.5","period":"2035","key":"pr","value":3.4,"estimate":"q95","season":"MAM"},{"bfs_id":4023,"rcp":"RCP8.5","period":"2035","key":"pr","value":3.8,"estimate":"q95","season":"JJA"},{"bfs_id":4023,"rcp":"RCP8.5","period":"2035","key":"pr","value":3.3,"estimate":"q95","season":"SON"},{"bfs_id":4023,"rcp":"RCP8.5","period":"2060","key":"pr","value":2.7,"estimate":"q5","season":"DJF"},{"bfs_id":4023,"rcp":"RCP8.5","period":"2060","key":"pr","value":3.1,"estimate":"q5","season":"MAM"},{"bfs_id":4023,"rcp":"RCP8.5","period":"2060","key":"pr","value":2.4,"estimate":"q5","season":"JJA"},{"bfs_id":4023,"rcp":"RCP8.5","period":"2060","key":"pr","value":2.6,"estimate":"q5","season":"SON"},{"bfs_id":4023,"rcp":"RCP8.5","period":"2060","key":"pr","value":3,"estimate":"q50","season":"DJF"},{"bfs_id":4023,"rcp":"RCP8.5","period":"2060","key":"pr","value":3.3,"estimate":"q50","season":"MAM"},{"bfs_id":4023,"rcp":"RCP8.5","period":"2060","key":"pr","value":3.3,"estimate":"q50","season":"JJA"},{"bfs_id":4023,"rcp":"RCP8.5","period":"2060","key":"pr","value":2.9,"estimate":"q50","season":"SON"},{"bfs_id":4023,"rcp":"RCP8.5","period":"2060","key":"pr","value":3.6,"estimate":"q95","season":"DJF"},{"bfs_id":4023,"rcp":"RCP8.5","period":"2060","key":"pr","value":3.7,"estimate":"q95","season":"MAM"},{"bfs_id":4023,"rcp":"RCP8.5","period":"2060","key":"pr","value":3.6,"estimate":"q95","season":"JJA"},{"bfs_id":4023,"rcp":"RCP8.5","period":"2060","key":"pr","value":3.3,"estimate":"q95","season":"SON"},{"bfs_id":4023,"rcp":"RCP8.5","period":"2085","key":"pr","value":3,"estimate":"q5","season":"DJF"},{"bfs_id":4023,"rcp":"RCP8.5","period":"2085","key":"pr","value":3.1,"estimate":"q5","season":"MAM"},{"bfs_id":4023,"rcp":"RCP8.5","period":"2085","key":"pr","value":2,"estimate":"q5","season":"JJA"},{"bfs_id":4023,"rcp":"RCP8.5","period":"2085","key":"pr","value":2.4,"estimate":"q5","season":"SON"},{"bfs_id":4023,"rcp":"RCP8.5","period":"2085","key":"pr","value":3.4,"estimate":"q50","season":"DJF"},{"bfs_id":4023,"rcp":"RCP8.5","period":"2085","key":"pr","value":3.5,"estimate":"q50","season":"MAM"},{"bfs_id":4023,"rcp":"RCP8.5","period":"2085","key":"pr","value":2.9,"estimate":"q50","season":"JJA"},{"bfs_id":4023,"rcp":"RCP8.5","period":"2085","key":"pr","value":2.9,"estimate":"q50","season":"SON"},{"bfs_id":4023,"rcp":"RCP8.5","period":"2085","key":"pr","value":3.9,"estimate":"q95","season":"DJF"},{"bfs_id":4023,"rcp":"RCP8.5","period":"2085","key":"pr","value":3.8,"estimate":"q95","season":"MAM"},{"bfs_id":4023,"rcp":"RCP8.5","period":"2085","key":"pr","value":3.6,"estimate":"q95","season":"JJA"},{"bfs_id":4023,"rcp":"RCP8.5","period":"2085","key":"pr","value":3.6,"estimate":"q95","season":"SON"},{"bfs_id":4023,"rcp":"RCP2.6","period":"2035","key":"tas","value":1.6,"estimate":"q5","season":"DJF"},{"bfs_id":4023,"rcp":"RCP2.6","period":"2035","key":"tas","value":9.3,"estimate":"q5","season":"MAM"},{"bfs_id":4023,"rcp":"RCP2.6","period":"2035","key":"tas","value":18.5,"estimate":"q5","season":"JJA"},{"bfs_id":4023,"rcp":"RCP2.6","period":"2035","key":"tas","value":10.2,"estimate":"q5","season":"SON"},{"bfs_id":4023,"rcp":"RCP2.6","period":"2035","key":"tas","value":2.2,"estimate":"q50","season":"DJF"},{"bfs_id":4023,"rcp":"RCP2.6","period":"2035","key":"tas","value":9.9,"estimate":"q50","season":"MAM"},{"bfs_id":4023,"rcp":"RCP2.6","period":"2035","key":"tas","value":19,"estimate":"q50","season":"JJA"},{"bfs_id":4023,"rcp":"RCP2.6","period":"2035","key":"tas","value":10.5,"estimate":"q50","season":"SON"},{"bfs_id":4023,"rcp":"RCP2.6","period":"2035","key":"tas","value":3,"estimate":"q95","season":"DJF"},{"bfs_id":4023,"rcp":"RCP2.6","period":"2035","key":"tas","value":10.2,"estimate":"q95","season":"MAM"},{"bfs_id":4023,"rcp":"RCP2.6","period":"2035","key":"tas","value":19.6,"estimate":"q95","season":"JJA"},{"bfs_id":4023,"rcp":"RCP2.6","period":"2035","key":"tas","value":11.5,"estimate":"q95","season":"SON"},{"bfs_id":4023,"rcp":"RCP2.6","period":"2060","key":"tas","value":1.7,"estimate":"q5","season":"DJF"},{"bfs_id":4023,"rcp":"RCP2.6","period":"2060","key":"tas","value":9.2,"estimate":"q5","season":"MAM"},{"bfs_id":4023,"rcp":"RCP2.6","period":"2060","key":"tas","value":18.7,"estimate":"q5","season":"JJA"},{"bfs_id":4023,"rcp":"RCP2.6","period":"2060","key":"tas","value":10.5,"estimate":"q5","season":"SON"},{"bfs_id":4023,"rcp":"RCP2.6","period":"2060","key":"tas","value":2.5,"estimate":"q50","season":"DJF"},{"bfs_id":4023,"rcp":"RCP2.6","period":"2060","key":"tas","value":10,"estimate":"q50","season":"MAM"},{"bfs_id":4023,"rcp":"RCP2.6","period":"2060","key":"tas","value":19.1,"estimate":"q50","season":"JJA"},{"bfs_id":4023,"rcp":"RCP2.6","period":"2060","key":"tas","value":10.8,"estimate":"q50","season":"SON"},{"bfs_id":4023,"rcp":"RCP2.6","period":"2060","key":"tas","value":3,"estimate":"q95","season":"DJF"},{"bfs_id":4023,"rcp":"RCP2.6","period":"2060","key":"tas","value":10.4,"estimate":"q95","season":"MAM"},{"bfs_id":4023,"rcp":"RCP2.6","period":"2060","key":"tas","value":19.7,"estimate":"q95","season":"JJA"},{"bfs_id":4023,"rcp":"RCP2.6","period":"2060","key":"tas","value":11.8,"estimate":"q95","season":"SON"},{"bfs_id":4023,"rcp":"RCP2.6","period":"2085","key":"tas","value":1.7,"estimate":"q5","season":"DJF"},{"bfs_id":4023,"rcp":"RCP2.6","period":"2085","key":"tas","value":9.3,"estimate":"q5","season":"MAM"},{"bfs_id":4023,"rcp":"RCP2.6","period":"2085","key":"tas","value":18.7,"estimate":"q5","season":"JJA"},{"bfs_id":4023,"rcp":"RCP2.6","period":"2085","key":"tas","value":10.2,"estimate":"q5","season":"SON"},{"bfs_id":4023,"rcp":"RCP2.6","period":"2085","key":"tas","value":2.4,"estimate":"q50","season":"DJF"},{"bfs_id":4023,"rcp":"RCP2.6","period":"2085","key":"tas","value":10.1,"estimate":"q50","season":"MAM"},{"bfs_id":4023,"rcp":"RCP2.6","period":"2085","key":"tas","value":19.1,"estimate":"q50","season":"JJA"},{"bfs_id":4023,"rcp":"RCP2.6","period":"2085","key":"tas","value":10.8,"estimate":"q50","season":"SON"},{"bfs_id":4023,"rcp":"RCP2.6","period":"2085","key":"tas","value":3.1,"estimate":"q95","season":"DJF"},{"bfs_id":4023,"rcp":"RCP2.6","period":"2085","key":"tas","value":10.4,"estimate":"q95","season":"MAM"},{"bfs_id":4023,"rcp":"RCP2.6","period":"2085","key":"tas","value":19.6,"estimate":"q95","season":"JJA"},{"bfs_id":4023,"rcp":"RCP2.6","period":"2085","key":"tas","value":11.7,"estimate":"q95","season":"SON"},{"bfs_id":4023,"rcp":"RCP8.5","period":"2035","key":"tas","value":1.5,"estimate":"q5","season":"DJF"},{"bfs_id":4023,"rcp":"RCP8.5","period":"2035","key":"tas","value":9.6,"estimate":"q5","season":"MAM"},{"bfs_id":4023,"rcp":"RCP8.5","period":"2035","key":"tas","value":18.9,"estimate":"q5","season":"JJA"},{"bfs_id":4023,"rcp":"RCP8.5","period":"2035","key":"tas","value":10.5,"estimate":"q5","season":"SON"},{"bfs_id":4023,"rcp":"RCP8.5","period":"2035","key":"tas","value":2.5,"estimate":"q50","season":"DJF"},{"bfs_id":4023,"rcp":"RCP8.5","period":"2035","key":"tas","value":10,"estimate":"q50","season":"MAM"},{"bfs_id":4023,"rcp":"RCP8.5","period":"2035","key":"tas","value":19.3,"estimate":"q50","season":"JJA"},{"bfs_id":4023,"rcp":"RCP8.5","period":"2035","key":"tas","value":11,"estimate":"q50","season":"SON"},{"bfs_id":4023,"rcp":"RCP8.5","period":"2035","key":"tas","value":3,"estimate":"q95","season":"DJF"},{"bfs_id":4023,"rcp":"RCP8.5","period":"2035","key":"tas","value":10.3,"estimate":"q95","season":"MAM"},{"bfs_id":4023,"rcp":"RCP8.5","period":"2035","key":"tas","value":19.8,"estimate":"q95","season":"JJA"},{"bfs_id":4023,"rcp":"RCP8.5","period":"2035","key":"tas","value":11.8,"estimate":"q95","season":"SON"},{"bfs_id":4023,"rcp":"RCP8.5","period":"2060","key":"tas","value":3,"estimate":"q5","season":"DJF"},{"bfs_id":4023,"rcp":"RCP8.5","period":"2060","key":"tas","value":10.4,"estimate":"q5","season":"MAM"},{"bfs_id":4023,"rcp":"RCP8.5","period":"2060","key":"tas","value":20,"estimate":"q5","season":"JJA"},{"bfs_id":4023,"rcp":"RCP8.5","period":"2060","key":"tas","value":11.6,"estimate":"q5","season":"SON"},{"bfs_id":4023,"rcp":"RCP8.5","period":"2060","key":"tas","value":3.3,"estimate":"q50","season":"DJF"},{"bfs_id":4023,"rcp":"RCP8.5","period":"2060","key":"tas","value":10.9,"estimate":"q50","season":"MAM"},{"bfs_id":4023,"rcp":"RCP8.5","period":"2060","key":"tas","value":20.6,"estimate":"q50","season":"JJA"},{"bfs_id":4023,"rcp":"RCP8.5","period":"2060","key":"tas","value":12.1,"estimate":"q50","season":"SON"},{"bfs_id":4023,"rcp":"RCP8.5","period":"2060","key":"tas","value":4,"estimate":"q95","season":"DJF"},{"bfs_id":4023,"rcp":"RCP8.5","period":"2060","key":"tas","value":11.4,"estimate":"q95","season":"MAM"},{"bfs_id":4023,"rcp":"RCP8.5","period":"2060","key":"tas","value":21.6,"estimate":"q95","season":"JJA"},{"bfs_id":4023,"rcp":"RCP8.5","period":"2060","key":"tas","value":13,"estimate":"q95","season":"SON"},{"bfs_id":4023,"rcp":"RCP8.5","period":"2085","key":"tas","value":4.1,"estimate":"q5","season":"DJF"},{"bfs_id":4023,"rcp":"RCP8.5","period":"2085","key":"tas","value":11.4,"estimate":"q5","season":"MAM"},{"bfs_id":4023,"rcp":"RCP8.5","period":"2085","key":"tas","value":21.2,"estimate":"q5","season":"JJA"},{"bfs_id":4023,"rcp":"RCP8.5","period":"2085","key":"tas","value":12.5,"estimate":"q5","season":"SON"},{"bfs_id":4023,"rcp":"RCP8.5","period":"2085","key":"tas","value":5.1,"estimate":"q50","season":"DJF"},{"bfs_id":4023,"rcp":"RCP8.5","period":"2085","key":"tas","value":12.2,"estimate":"q50","season":"MAM"},{"bfs_id":4023,"rcp":"RCP8.5","period":"2085","key":"tas","value":22.2,"estimate":"q50","season":"JJA"},{"bfs_id":4023,"rcp":"RCP8.5","period":"2085","key":"tas","value":13.5,"estimate":"q50","season":"SON"},{"bfs_id":4023,"rcp":"RCP8.5","period":"2085","key":"tas","value":5.8,"estimate":"q95","season":"DJF"},{"bfs_id":4023,"rcp":"RCP8.5","period":"2085","key":"tas","value":13,"estimate":"q95","season":"MAM"},{"bfs_id":4023,"rcp":"RCP8.5","period":"2085","key":"tas","value":24.2,"estimate":"q95","season":"JJA"},{"bfs_id":4023,"rcp":"RCP8.5","period":"2085","key":"tas","value":15.2,"estimate":"q95","season":"SON"},{"bfs_id":4023,"rcp":"obs","period":"1981-2010","key":"FD","value":88.6,"estimate":"yearly_mean"},{"bfs_id":4023,"rcp":"obs","period":"1981-2010","key":"HD","value":7.9,"estimate":"yearly_mean"},{"bfs_id":4023,"rcp":"obs","period":"1981-2010","key":"ID","value":21,"estimate":"yearly_mean"},{"bfs_id":4023,"rcp":"obs","period":"1981-2010","key":"SD","value":45.1,"estimate":"yearly_mean"},{"bfs_id":4023,"rcp":"obs","period":"1981-2010","key":"snowdays","value":17.7,"estimate":"yearly_mean"},{"bfs_id":4023,"rcp":"obs","period":"1981-2010","key":"TN","value":0,"estimate":"yearly_mean"},{"bfs_id":4023,"rcp":"obs","period":"1981-2010","key":"pr","value":2.5,"estimate":"mean","season":"DJF"},{"bfs_id":4023,"rcp":"obs","period":"1981-2010","key":"pr","value":3,"estimate":"mean","season":"MAM"},{"bfs_id":4023,"rcp":"obs","period":"1981-2010","key":"pr","value":3.6,"estimate":"mean","season":"JJA"},{"bfs_id":4023,"rcp":"obs","period":"1981-2010","key":"pr","value":2.9,"estimate":"mean","season":"SON"},{"bfs_id":4023,"rcp":"obs","period":"1981-2010","key":"tas","value":1,"estimate":"mean","season":"DJF"},{"bfs_id":4023,"rcp":"obs","period":"1981-2010","key":"tas","value":9.3,"estimate":"mean","season":"MAM"},{"bfs_id":4023,"rcp":"obs","period":"1981-2010","key":"tas","value":17.9,"estimate":"mean","season":"JJA"},{"bfs_id":4023,"rcp":"obs","period":"1981-2010","key":"tas","value":9.5,"estimate":"mean","season":"SON"}]
