[{"bfs_id":2495,"rcp":"RCP2.6","period":"2035","key":"FD","value":60.6,"estimate":"q5"},{"bfs_id":2495,"rcp":"RCP2.6","period":"2035","key":"FD","value":72.2,"estimate":"q50"},{"bfs_id":2495,"rcp":"RCP2.6","period":"2035","key":"FD","value":78.5,"estimate":"q95"},{"bfs_id":2495,"rcp":"RCP2.6","period":"2060","key":"FD","value":58.9,"estimate":"q5"},{"bfs_id":2495,"rcp":"RCP2.6","period":"2060","key":"FD","value":68.6,"estimate":"q50"},{"bfs_id":2495,"rcp":"RCP2.6","period":"2060","key":"FD","value":75,"estimate":"q95"},{"bfs_id":2495,"rcp":"RCP2.6","period":"2085","key":"FD","value":59.8,"estimate":"q5"},{"bfs_id":2495,"rcp":"RCP2.6","period":"2085","key":"FD","value":70.5,"estimate":"q50"},{"bfs_id":2495,"rcp":"RCP2.6","period":"2085","key":"FD","value":77.2,"estimate":"q95"},{"bfs_id":2495,"rcp":"RCP8.5","period":"2035","key":"FD","value":57.4,"estimate":"q5"},{"bfs_id":2495,"rcp":"RCP8.5","period":"2035","key":"FD","value":68.1,"estimate":"q50"},{"bfs_id":2495,"rcp":"RCP8.5","period":"2035","key":"FD","value":74.7,"estimate":"q95"},{"bfs_id":2495,"rcp":"RCP8.5","period":"2060","key":"FD","value":47.1,"estimate":"q5"},{"bfs_id":2495,"rcp":"RCP8.5","period":"2060","key":"FD","value":54.6,"estimate":"q50"},{"bfs_id":2495,"rcp":"RCP8.5","period":"2060","key":"FD","value":63.5,"estimate":"q95"},{"bfs_id":2495,"rcp":"RCP8.5","period":"2085","key":"FD","value":29.5,"estimate":"q5"},{"bfs_id":2495,"rcp":"RCP8.5","period":"2085","key":"FD","value":34.9,"estimate":"q50"},{"bfs_id":2495,"rcp":"RCP8.5","period":"2085","key":"FD","value":47.4,"estimate":"q95"},{"bfs_id":2495,"rcp":"RCP2.6","period":"2035","key":"HD","value":12.7,"estimate":"q5"},{"bfs_id":2495,"rcp":"RCP2.6","period":"2035","key":"HD","value":16.1,"estimate":"q50"},{"bfs_id":2495,"rcp":"RCP2.6","period":"2035","key":"HD","value":21.2,"estimate":"q95"},{"bfs_id":2495,"rcp":"RCP2.6","period":"2060","key":"HD","value":13.5,"estimate":"q5"},{"bfs_id":2495,"rcp":"RCP2.6","period":"2060","key":"HD","value":16,"estimate":"q50"},{"bfs_id":2495,"rcp":"RCP2.6","period":"2060","key":"HD","value":23.7,"estimate":"q95"},{"bfs_id":2495,"rcp":"RCP2.6","period":"2085","key":"HD","value":13,"estimate":"q5"},{"bfs_id":2495,"rcp":"RCP2.6","period":"2085","key":"HD","value":16.2,"estimate":"q50"},{"bfs_id":2495,"rcp":"RCP2.6","period":"2085","key":"HD","value":22.9,"estimate":"q95"},{"bfs_id":2495,"rcp":"RCP8.5","period":"2035","key":"HD","value":13.4,"estimate":"q5"},{"bfs_id":2495,"rcp":"RCP8.5","period":"2035","key":"HD","value":17.3,"estimate":"q50"},{"bfs_id":2495,"rcp":"RCP8.5","period":"2035","key":"HD","value":23.8,"estimate":"q95"},{"bfs_id":2495,"rcp":"RCP8.5","period":"2060","key":"HD","value":20.8,"estimate":"q5"},{"bfs_id":2495,"rcp":"RCP8.5","period":"2060","key":"HD","value":26.7,"estimate":"q50"},{"bfs_id":2495,"rcp":"RCP8.5","period":"2060","key":"HD","value":39.3,"estimate":"q95"},{"bfs_id":2495,"rcp":"RCP8.5","period":"2085","key":"HD","value":35.9,"estimate":"q5"},{"bfs_id":2495,"rcp":"RCP8.5","period":"2085","key":"HD","value":42,"estimate":"q50"},{"bfs_id":2495,"rcp":"RCP8.5","period":"2085","key":"HD","value":67.1,"estimate":"q95"},{"bfs_id":2495,"rcp":"RCP2.6","period":"2035","key":"ID","value":9.9,"estimate":"q5"},{"bfs_id":2495,"rcp":"RCP2.6","period":"2035","key":"ID","value":14.3,"estimate":"q50"},{"bfs_id":2495,"rcp":"RCP2.6","period":"2035","key":"ID","value":17.8,"estimate":"q95"},{"bfs_id":2495,"rcp":"RCP2.6","period":"2060","key":"ID","value":10.2,"estimate":"q5"},{"bfs_id":2495,"rcp":"RCP2.6","period":"2060","key":"ID","value":14.5,"estimate":"q50"},{"bfs_id":2495,"rcp":"RCP2.6","period":"2060","key":"ID","value":17.1,"estimate":"q95"},{"bfs_id":2495,"rcp":"RCP2.6","period":"2085","key":"ID","value":10.4,"estimate":"q5"},{"bfs_id":2495,"rcp":"RCP2.6","period":"2085","key":"ID","value":13.8,"estimate":"q50"},{"bfs_id":2495,"rcp":"RCP2.6","period":"2085","key":"ID","value":16.2,"estimate":"q95"},{"bfs_id":2495,"rcp":"RCP8.5","period":"2035","key":"ID","value":10.5,"estimate":"q5"},{"bfs_id":2495,"rcp":"RCP8.5","period":"2035","key":"ID","value":13.2,"estimate":"q50"},{"bfs_id":2495,"rcp":"RCP8.5","period":"2035","key":"ID","value":17.7,"estimate":"q95"},{"bfs_id":2495,"rcp":"RCP8.5","period":"2060","key":"ID","value":6.9,"estimate":"q5"},{"bfs_id":2495,"rcp":"RCP8.5","period":"2060","key":"ID","value":9.8,"estimate":"q50"},{"bfs_id":2495,"rcp":"RCP8.5","period":"2060","key":"ID","value":12.3,"estimate":"q95"},{"bfs_id":2495,"rcp":"RCP8.5","period":"2085","key":"ID","value":1.8,"estimate":"q5"},{"bfs_id":2495,"rcp":"RCP8.5","period":"2085","key":"ID","value":4.2,"estimate":"q50"},{"bfs_id":2495,"rcp":"RCP8.5","period":"2085","key":"ID","value":6.9,"estimate":"q95"},{"bfs_id":2495,"rcp":"RCP2.6","period":"2035","key":"SD","value":52.8,"estimate":"q5"},{"bfs_id":2495,"rcp":"RCP2.6","period":"2035","key":"SD","value":59,"estimate":"q50"},{"bfs_id":2495,"rcp":"RCP2.6","period":"2035","key":"SD","value":66.2,"estimate":"q95"},{"bfs_id":2495,"rcp":"RCP2.6","period":"2060","key":"SD","value":53.8,"estimate":"q5"},{"bfs_id":2495,"rcp":"RCP2.6","period":"2060","key":"SD","value":60.3,"estimate":"q50"},{"bfs_id":2495,"rcp":"RCP2.6","period":"2060","key":"SD","value":66.1,"estimate":"q95"},{"bfs_id":2495,"rcp":"RCP2.6","period":"2085","key":"SD","value":52.9,"estimate":"q5"},{"bfs_id":2495,"rcp":"RCP2.6","period":"2085","key":"SD","value":60.4,"estimate":"q50"},{"bfs_id":2495,"rcp":"RCP2.6","period":"2085","key":"SD","value":66.9,"estimate":"q95"},{"bfs_id":2495,"rcp":"RCP8.5","period":"2035","key":"SD","value":55.5,"estimate":"q5"},{"bfs_id":2495,"rcp":"RCP8.5","period":"2035","key":"SD","value":61.7,"estimate":"q50"},{"bfs_id":2495,"rcp":"RCP8.5","period":"2035","key":"SD","value":66.9,"estimate":"q95"},{"bfs_id":2495,"rcp":"RCP8.5","period":"2060","key":"SD","value":71.4,"estimate":"q5"},{"bfs_id":2495,"rcp":"RCP8.5","period":"2060","key":"SD","value":76.3,"estimate":"q50"},{"bfs_id":2495,"rcp":"RCP8.5","period":"2060","key":"SD","value":91.1,"estimate":"q95"},{"bfs_id":2495,"rcp":"RCP8.5","period":"2085","key":"SD","value":86.3,"estimate":"q5"},{"bfs_id":2495,"rcp":"RCP8.5","period":"2085","key":"SD","value":99.8,"estimate":"q50"},{"bfs_id":2495,"rcp":"RCP8.5","period":"2085","key":"SD","value":117.1,"estimate":"q95"},{"bfs_id":2495,"rcp":"RCP2.6","period":"2035","key":"snowdays","value":13.3,"estimate":"q5"},{"bfs_id":2495,"rcp":"RCP2.6","period":"2035","key":"snowdays","value":17.4,"estimate":"q50"},{"bfs_id":2495,"rcp":"RCP2.6","period":"2035","key":"snowdays","value":19.6,"estimate":"q95"},{"bfs_id":2495,"rcp":"RCP2.6","period":"2060","key":"snowdays","value":12,"estimate":"q5"},{"bfs_id":2495,"rcp":"RCP2.6","period":"2060","key":"snowdays","value":16.6,"estimate":"q50"},{"bfs_id":2495,"rcp":"RCP2.6","period":"2060","key":"snowdays","value":19,"estimate":"q95"},{"bfs_id":2495,"rcp":"RCP2.6","period":"2085","key":"snowdays","value":12,"estimate":"q5"},{"bfs_id":2495,"rcp":"RCP2.6","period":"2085","key":"snowdays","value":16.6,"estimate":"q50"},{"bfs_id":2495,"rcp":"RCP2.6","period":"2085","key":"snowdays","value":19.1,"estimate":"q95"},{"bfs_id":2495,"rcp":"RCP8.5","period":"2035","key":"snowdays","value":11.7,"estimate":"q5"},{"bfs_id":2495,"rcp":"RCP8.5","period":"2035","key":"snowdays","value":16.9,"estimate":"q50"},{"bfs_id":2495,"rcp":"RCP8.5","period":"2035","key":"snowdays","value":18.8,"estimate":"q95"},{"bfs_id":2495,"rcp":"RCP8.5","period":"2060","key":"snowdays","value":8.5,"estimate":"q5"},{"bfs_id":2495,"rcp":"RCP8.5","period":"2060","key":"snowdays","value":12.3,"estimate":"q50"},{"bfs_id":2495,"rcp":"RCP8.5","period":"2060","key":"snowdays","value":14.9,"estimate":"q95"},{"bfs_id":2495,"rcp":"RCP8.5","period":"2085","key":"snowdays","value":3.4,"estimate":"q5"},{"bfs_id":2495,"rcp":"RCP8.5","period":"2085","key":"snowdays","value":6.8,"estimate":"q50"},{"bfs_id":2495,"rcp":"RCP8.5","period":"2085","key":"snowdays","value":9.6,"estimate":"q95"},{"bfs_id":2495,"rcp":"RCP2.6","period":"2035","key":"TN","value":0,"estimate":"q5"},{"bfs_id":2495,"rcp":"RCP2.6","period":"2035","key":"TN","value":0.3,"estimate":"q50"},{"bfs_id":2495,"rcp":"RCP2.6","period":"2035","key":"TN","value":0.6,"estimate":"q95"},{"bfs_id":2495,"rcp":"RCP2.6","period":"2060","key":"TN","value":0.1,"estimate":"q5"},{"bfs_id":2495,"rcp":"RCP2.6","period":"2060","key":"TN","value":0.4,"estimate":"q50"},{"bfs_id":2495,"rcp":"RCP2.6","period":"2060","key":"TN","value":0.8,"estimate":"q95"},{"bfs_id":2495,"rcp":"RCP2.6","period":"2085","key":"TN","value":0.1,"estimate":"q5"},{"bfs_id":2495,"rcp":"RCP2.6","period":"2085","key":"TN","value":0.4,"estimate":"q50"},{"bfs_id":2495,"rcp":"RCP2.6","period":"2085","key":"TN","value":0.7,"estimate":"q95"},{"bfs_id":2495,"rcp":"RCP8.5","period":"2035","key":"TN","value":0.1,"estimate":"q5"},{"bfs_id":2495,"rcp":"RCP8.5","period":"2035","key":"TN","value":0.3,"estimate":"q50"},{"bfs_id":2495,"rcp":"RCP8.5","period":"2035","key":"TN","value":1.8,"estimate":"q95"},{"bfs_id":2495,"rcp":"RCP8.5","period":"2060","key":"TN","value":0.9,"estimate":"q5"},{"bfs_id":2495,"rcp":"RCP8.5","period":"2060","key":"TN","value":2.5,"estimate":"q50"},{"bfs_id":2495,"rcp":"RCP8.5","period":"2060","key":"TN","value":6.1,"estimate":"q95"},{"bfs_id":2495,"rcp":"RCP8.5","period":"2085","key":"TN","value":4.4,"estimate":"q5"},{"bfs_id":2495,"rcp":"RCP8.5","period":"2085","key":"TN","value":8.2,"estimate":"q50"},{"bfs_id":2495,"rcp":"RCP8.5","period":"2085","key":"TN","value":21.6,"estimate":"q95"},{"bfs_id":2495,"rcp":"RCP2.6","period":"2035","key":"pr","value":2.6,"estimate":"q5","season":"DJF"},{"bfs_id":2495,"rcp":"RCP2.6","period":"2035","key":"pr","value":2.7,"estimate":"q5","season":"MAM"},{"bfs_id":2495,"rcp":"RCP2.6","period":"2035","key":"pr","value":3,"estimate":"q5","season":"JJA"},{"bfs_id":2495,"rcp":"RCP2.6","period":"2035","key":"pr","value":2.6,"estimate":"q5","season":"SON"},{"bfs_id":2495,"rcp":"RCP2.6","period":"2035","key":"pr","value":3,"estimate":"q50","season":"DJF"},{"bfs_id":2495,"rcp":"RCP2.6","period":"2035","key":"pr","value":3.1,"estimate":"q50","season":"MAM"},{"bfs_id":2495,"rcp":"RCP2.6","period":"2035","key":"pr","value":3.4,"estimate":"q50","season":"JJA"},{"bfs_id":2495,"rcp":"RCP2.6","period":"2035","key":"pr","value":2.9,"estimate":"q50","season":"SON"},{"bfs_id":2495,"rcp":"RCP2.6","period":"2035","key":"pr","value":3.5,"estimate":"q95","season":"DJF"},{"bfs_id":2495,"rcp":"RCP2.6","period":"2035","key":"pr","value":3.3,"estimate":"q95","season":"MAM"},{"bfs_id":2495,"rcp":"RCP2.6","period":"2035","key":"pr","value":3.7,"estimate":"q95","season":"JJA"},{"bfs_id":2495,"rcp":"RCP2.6","period":"2035","key":"pr","value":3.5,"estimate":"q95","season":"SON"},{"bfs_id":2495,"rcp":"RCP2.6","period":"2060","key":"pr","value":2.7,"estimate":"q5","season":"DJF"},{"bfs_id":2495,"rcp":"RCP2.6","period":"2060","key":"pr","value":2.9,"estimate":"q5","season":"MAM"},{"bfs_id":2495,"rcp":"RCP2.6","period":"2060","key":"pr","value":3,"estimate":"q5","season":"JJA"},{"bfs_id":2495,"rcp":"RCP2.6","period":"2060","key":"pr","value":2.7,"estimate":"q5","season":"SON"},{"bfs_id":2495,"rcp":"RCP2.6","period":"2060","key":"pr","value":3,"estimate":"q50","season":"DJF"},{"bfs_id":2495,"rcp":"RCP2.6","period":"2060","key":"pr","value":3.1,"estimate":"q50","season":"MAM"},{"bfs_id":2495,"rcp":"RCP2.6","period":"2060","key":"pr","value":3.3,"estimate":"q50","season":"JJA"},{"bfs_id":2495,"rcp":"RCP2.6","period":"2060","key":"pr","value":2.9,"estimate":"q50","season":"SON"},{"bfs_id":2495,"rcp":"RCP2.6","period":"2060","key":"pr","value":3.3,"estimate":"q95","season":"DJF"},{"bfs_id":2495,"rcp":"RCP2.6","period":"2060","key":"pr","value":3.4,"estimate":"q95","season":"MAM"},{"bfs_id":2495,"rcp":"RCP2.6","period":"2060","key":"pr","value":3.9,"estimate":"q95","season":"JJA"},{"bfs_id":2495,"rcp":"RCP2.6","period":"2060","key":"pr","value":3.4,"estimate":"q95","season":"SON"},{"bfs_id":2495,"rcp":"RCP2.6","period":"2085","key":"pr","value":2.7,"estimate":"q5","season":"DJF"},{"bfs_id":2495,"rcp":"RCP2.6","period":"2085","key":"pr","value":2.8,"estimate":"q5","season":"MAM"},{"bfs_id":2495,"rcp":"RCP2.6","period":"2085","key":"pr","value":3,"estimate":"q5","season":"JJA"},{"bfs_id":2495,"rcp":"RCP2.6","period":"2085","key":"pr","value":2.6,"estimate":"q5","season":"SON"},{"bfs_id":2495,"rcp":"RCP2.6","period":"2085","key":"pr","value":3,"estimate":"q50","season":"DJF"},{"bfs_id":2495,"rcp":"RCP2.6","period":"2085","key":"pr","value":3.1,"estimate":"q50","season":"MAM"},{"bfs_id":2495,"rcp":"RCP2.6","period":"2085","key":"pr","value":3.4,"estimate":"q50","season":"JJA"},{"bfs_id":2495,"rcp":"RCP2.6","period":"2085","key":"pr","value":3,"estimate":"q50","season":"SON"},{"bfs_id":2495,"rcp":"RCP2.6","period":"2085","key":"pr","value":3.4,"estimate":"q95","season":"DJF"},{"bfs_id":2495,"rcp":"RCP2.6","period":"2085","key":"pr","value":3.4,"estimate":"q95","season":"MAM"},{"bfs_id":2495,"rcp":"RCP2.6","period":"2085","key":"pr","value":3.9,"estimate":"q95","season":"JJA"},{"bfs_id":2495,"rcp":"RCP2.6","period":"2085","key":"pr","value":3.4,"estimate":"q95","season":"SON"},{"bfs_id":2495,"rcp":"RCP8.5","period":"2035","key":"pr","value":2.8,"estimate":"q5","season":"DJF"},{"bfs_id":2495,"rcp":"RCP8.5","period":"2035","key":"pr","value":2.9,"estimate":"q5","season":"MAM"},{"bfs_id":2495,"rcp":"RCP8.5","period":"2035","key":"pr","value":2.7,"estimate":"q5","season":"JJA"},{"bfs_id":2495,"rcp":"RCP8.5","period":"2035","key":"pr","value":2.7,"estimate":"q5","season":"SON"},{"bfs_id":2495,"rcp":"RCP8.5","period":"2035","key":"pr","value":3.1,"estimate":"q50","season":"DJF"},{"bfs_id":2495,"rcp":"RCP8.5","period":"2035","key":"pr","value":3.2,"estimate":"q50","season":"MAM"},{"bfs_id":2495,"rcp":"RCP8.5","period":"2035","key":"pr","value":3.5,"estimate":"q50","season":"JJA"},{"bfs_id":2495,"rcp":"RCP8.5","period":"2035","key":"pr","value":3.1,"estimate":"q50","season":"SON"},{"bfs_id":2495,"rcp":"RCP8.5","period":"2035","key":"pr","value":3.4,"estimate":"q95","season":"DJF"},{"bfs_id":2495,"rcp":"RCP8.5","period":"2035","key":"pr","value":3.4,"estimate":"q95","season":"MAM"},{"bfs_id":2495,"rcp":"RCP8.5","period":"2035","key":"pr","value":3.7,"estimate":"q95","season":"JJA"},{"bfs_id":2495,"rcp":"RCP8.5","period":"2035","key":"pr","value":3.4,"estimate":"q95","season":"SON"},{"bfs_id":2495,"rcp":"RCP8.5","period":"2060","key":"pr","value":2.9,"estimate":"q5","season":"DJF"},{"bfs_id":2495,"rcp":"RCP8.5","period":"2060","key":"pr","value":3.1,"estimate":"q5","season":"MAM"},{"bfs_id":2495,"rcp":"RCP8.5","period":"2060","key":"pr","value":2.4,"estimate":"q5","season":"JJA"},{"bfs_id":2495,"rcp":"RCP8.5","period":"2060","key":"pr","value":2.7,"estimate":"q5","season":"SON"},{"bfs_id":2495,"rcp":"RCP8.5","period":"2060","key":"pr","value":3.2,"estimate":"q50","season":"DJF"},{"bfs_id":2495,"rcp":"RCP8.5","period":"2060","key":"pr","value":3.3,"estimate":"q50","season":"MAM"},{"bfs_id":2495,"rcp":"RCP8.5","period":"2060","key":"pr","value":3.4,"estimate":"q50","season":"JJA"},{"bfs_id":2495,"rcp":"RCP8.5","period":"2060","key":"pr","value":3,"estimate":"q50","season":"SON"},{"bfs_id":2495,"rcp":"RCP8.5","period":"2060","key":"pr","value":3.7,"estimate":"q95","season":"DJF"},{"bfs_id":2495,"rcp":"RCP8.5","period":"2060","key":"pr","value":3.7,"estimate":"q95","season":"MAM"},{"bfs_id":2495,"rcp":"RCP8.5","period":"2060","key":"pr","value":3.6,"estimate":"q95","season":"JJA"},{"bfs_id":2495,"rcp":"RCP8.5","period":"2060","key":"pr","value":3.4,"estimate":"q95","season":"SON"},{"bfs_id":2495,"rcp":"RCP8.5","period":"2085","key":"pr","value":3.2,"estimate":"q5","season":"DJF"},{"bfs_id":2495,"rcp":"RCP8.5","period":"2085","key":"pr","value":3,"estimate":"q5","season":"MAM"},{"bfs_id":2495,"rcp":"RCP8.5","period":"2085","key":"pr","value":2,"estimate":"q5","season":"JJA"},{"bfs_id":2495,"rcp":"RCP8.5","period":"2085","key":"pr","value":2.5,"estimate":"q5","season":"SON"},{"bfs_id":2495,"rcp":"RCP8.5","period":"2085","key":"pr","value":3.6,"estimate":"q50","season":"DJF"},{"bfs_id":2495,"rcp":"RCP8.5","period":"2085","key":"pr","value":3.4,"estimate":"q50","season":"MAM"},{"bfs_id":2495,"rcp":"RCP8.5","period":"2085","key":"pr","value":3,"estimate":"q50","season":"JJA"},{"bfs_id":2495,"rcp":"RCP8.5","period":"2085","key":"pr","value":3,"estimate":"q50","season":"SON"},{"bfs_id":2495,"rcp":"RCP8.5","period":"2085","key":"pr","value":4,"estimate":"q95","season":"DJF"},{"bfs_id":2495,"rcp":"RCP8.5","period":"2085","key":"pr","value":3.7,"estimate":"q95","season":"MAM"},{"bfs_id":2495,"rcp":"RCP8.5","period":"2085","key":"pr","value":3.6,"estimate":"q95","season":"JJA"},{"bfs_id":2495,"rcp":"RCP8.5","period":"2085","key":"pr","value":3.5,"estimate":"q95","season":"SON"},{"bfs_id":2495,"rcp":"RCP2.6","period":"2035","key":"tas","value":1.5,"estimate":"q5","season":"DJF"},{"bfs_id":2495,"rcp":"RCP2.6","period":"2035","key":"tas","value":9.2,"estimate":"q5","season":"MAM"},{"bfs_id":2495,"rcp":"RCP2.6","period":"2035","key":"tas","value":18.3,"estimate":"q5","season":"JJA"},{"bfs_id":2495,"rcp":"RCP2.6","period":"2035","key":"tas","value":10.1,"estimate":"q5","season":"SON"},{"bfs_id":2495,"rcp":"RCP2.6","period":"2035","key":"tas","value":2.1,"estimate":"q50","season":"DJF"},{"bfs_id":2495,"rcp":"RCP2.6","period":"2035","key":"tas","value":9.7,"estimate":"q50","season":"MAM"},{"bfs_id":2495,"rcp":"RCP2.6","period":"2035","key":"tas","value":18.8,"estimate":"q50","season":"JJA"},{"bfs_id":2495,"rcp":"RCP2.6","period":"2035","key":"tas","value":10.4,"estimate":"q50","season":"SON"},{"bfs_id":2495,"rcp":"RCP2.6","period":"2035","key":"tas","value":2.9,"estimate":"q95","season":"DJF"},{"bfs_id":2495,"rcp":"RCP2.6","period":"2035","key":"tas","value":10,"estimate":"q95","season":"MAM"},{"bfs_id":2495,"rcp":"RCP2.6","period":"2035","key":"tas","value":19.4,"estimate":"q95","season":"JJA"},{"bfs_id":2495,"rcp":"RCP2.6","period":"2035","key":"tas","value":11.3,"estimate":"q95","season":"SON"},{"bfs_id":2495,"rcp":"RCP2.6","period":"2060","key":"tas","value":1.6,"estimate":"q5","season":"DJF"},{"bfs_id":2495,"rcp":"RCP2.6","period":"2060","key":"tas","value":9.1,"estimate":"q5","season":"MAM"},{"bfs_id":2495,"rcp":"RCP2.6","period":"2060","key":"tas","value":18.5,"estimate":"q5","season":"JJA"},{"bfs_id":2495,"rcp":"RCP2.6","period":"2060","key":"tas","value":10.4,"estimate":"q5","season":"SON"},{"bfs_id":2495,"rcp":"RCP2.6","period":"2060","key":"tas","value":2.4,"estimate":"q50","season":"DJF"},{"bfs_id":2495,"rcp":"RCP2.6","period":"2060","key":"tas","value":9.8,"estimate":"q50","season":"MAM"},{"bfs_id":2495,"rcp":"RCP2.6","period":"2060","key":"tas","value":18.9,"estimate":"q50","season":"JJA"},{"bfs_id":2495,"rcp":"RCP2.6","period":"2060","key":"tas","value":10.7,"estimate":"q50","season":"SON"},{"bfs_id":2495,"rcp":"RCP2.6","period":"2060","key":"tas","value":2.9,"estimate":"q95","season":"DJF"},{"bfs_id":2495,"rcp":"RCP2.6","period":"2060","key":"tas","value":10.2,"estimate":"q95","season":"MAM"},{"bfs_id":2495,"rcp":"RCP2.6","period":"2060","key":"tas","value":19.5,"estimate":"q95","season":"JJA"},{"bfs_id":2495,"rcp":"RCP2.6","period":"2060","key":"tas","value":11.7,"estimate":"q95","season":"SON"},{"bfs_id":2495,"rcp":"RCP2.6","period":"2085","key":"tas","value":1.6,"estimate":"q5","season":"DJF"},{"bfs_id":2495,"rcp":"RCP2.6","period":"2085","key":"tas","value":9.1,"estimate":"q5","season":"MAM"},{"bfs_id":2495,"rcp":"RCP2.6","period":"2085","key":"tas","value":18.5,"estimate":"q5","season":"JJA"},{"bfs_id":2495,"rcp":"RCP2.6","period":"2085","key":"tas","value":10.1,"estimate":"q5","season":"SON"},{"bfs_id":2495,"rcp":"RCP2.6","period":"2085","key":"tas","value":2.4,"estimate":"q50","season":"DJF"},{"bfs_id":2495,"rcp":"RCP2.6","period":"2085","key":"tas","value":9.9,"estimate":"q50","season":"MAM"},{"bfs_id":2495,"rcp":"RCP2.6","period":"2085","key":"tas","value":18.9,"estimate":"q50","season":"JJA"},{"bfs_id":2495,"rcp":"RCP2.6","period":"2085","key":"tas","value":10.6,"estimate":"q50","season":"SON"},{"bfs_id":2495,"rcp":"RCP2.6","period":"2085","key":"tas","value":3,"estimate":"q95","season":"DJF"},{"bfs_id":2495,"rcp":"RCP2.6","period":"2085","key":"tas","value":10.2,"estimate":"q95","season":"MAM"},{"bfs_id":2495,"rcp":"RCP2.6","period":"2085","key":"tas","value":19.4,"estimate":"q95","season":"JJA"},{"bfs_id":2495,"rcp":"RCP2.6","period":"2085","key":"tas","value":11.6,"estimate":"q95","season":"SON"},{"bfs_id":2495,"rcp":"RCP8.5","period":"2035","key":"tas","value":1.4,"estimate":"q5","season":"DJF"},{"bfs_id":2495,"rcp":"RCP8.5","period":"2035","key":"tas","value":9.4,"estimate":"q5","season":"MAM"},{"bfs_id":2495,"rcp":"RCP8.5","period":"2035","key":"tas","value":18.7,"estimate":"q5","season":"JJA"},{"bfs_id":2495,"rcp":"RCP8.5","period":"2035","key":"tas","value":10.3,"estimate":"q5","season":"SON"},{"bfs_id":2495,"rcp":"RCP8.5","period":"2035","key":"tas","value":2.4,"estimate":"q50","season":"DJF"},{"bfs_id":2495,"rcp":"RCP8.5","period":"2035","key":"tas","value":9.8,"estimate":"q50","season":"MAM"},{"bfs_id":2495,"rcp":"RCP8.5","period":"2035","key":"tas","value":19.1,"estimate":"q50","season":"JJA"},{"bfs_id":2495,"rcp":"RCP8.5","period":"2035","key":"tas","value":10.9,"estimate":"q50","season":"SON"},{"bfs_id":2495,"rcp":"RCP8.5","period":"2035","key":"tas","value":2.9,"estimate":"q95","season":"DJF"},{"bfs_id":2495,"rcp":"RCP8.5","period":"2035","key":"tas","value":10.1,"estimate":"q95","season":"MAM"},{"bfs_id":2495,"rcp":"RCP8.5","period":"2035","key":"tas","value":19.6,"estimate":"q95","season":"JJA"},{"bfs_id":2495,"rcp":"RCP8.5","period":"2035","key":"tas","value":11.6,"estimate":"q95","season":"SON"},{"bfs_id":2495,"rcp":"RCP8.5","period":"2060","key":"tas","value":2.9,"estimate":"q5","season":"DJF"},{"bfs_id":2495,"rcp":"RCP8.5","period":"2060","key":"tas","value":10.2,"estimate":"q5","season":"MAM"},{"bfs_id":2495,"rcp":"RCP8.5","period":"2060","key":"tas","value":19.7,"estimate":"q5","season":"JJA"},{"bfs_id":2495,"rcp":"RCP8.5","period":"2060","key":"tas","value":11.4,"estimate":"q5","season":"SON"},{"bfs_id":2495,"rcp":"RCP8.5","period":"2060","key":"tas","value":3.2,"estimate":"q50","season":"DJF"},{"bfs_id":2495,"rcp":"RCP8.5","period":"2060","key":"tas","value":10.7,"estimate":"q50","season":"MAM"},{"bfs_id":2495,"rcp":"RCP8.5","period":"2060","key":"tas","value":20.4,"estimate":"q50","season":"JJA"},{"bfs_id":2495,"rcp":"RCP8.5","period":"2060","key":"tas","value":12,"estimate":"q50","season":"SON"},{"bfs_id":2495,"rcp":"RCP8.5","period":"2060","key":"tas","value":3.9,"estimate":"q95","season":"DJF"},{"bfs_id":2495,"rcp":"RCP8.5","period":"2060","key":"tas","value":11.2,"estimate":"q95","season":"MAM"},{"bfs_id":2495,"rcp":"RCP8.5","period":"2060","key":"tas","value":21.3,"estimate":"q95","season":"JJA"},{"bfs_id":2495,"rcp":"RCP8.5","period":"2060","key":"tas","value":12.9,"estimate":"q95","season":"SON"},{"bfs_id":2495,"rcp":"RCP8.5","period":"2085","key":"tas","value":3.9,"estimate":"q5","season":"DJF"},{"bfs_id":2495,"rcp":"RCP8.5","period":"2085","key":"tas","value":11.2,"estimate":"q5","season":"MAM"},{"bfs_id":2495,"rcp":"RCP8.5","period":"2085","key":"tas","value":21,"estimate":"q5","season":"JJA"},{"bfs_id":2495,"rcp":"RCP8.5","period":"2085","key":"tas","value":12.4,"estimate":"q5","season":"SON"},{"bfs_id":2495,"rcp":"RCP8.5","period":"2085","key":"tas","value":4.9,"estimate":"q50","season":"DJF"},{"bfs_id":2495,"rcp":"RCP8.5","period":"2085","key":"tas","value":11.9,"estimate":"q50","season":"MAM"},{"bfs_id":2495,"rcp":"RCP8.5","period":"2085","key":"tas","value":22,"estimate":"q50","season":"JJA"},{"bfs_id":2495,"rcp":"RCP8.5","period":"2085","key":"tas","value":13.4,"estimate":"q50","season":"SON"},{"bfs_id":2495,"rcp":"RCP8.5","period":"2085","key":"tas","value":5.6,"estimate":"q95","season":"DJF"},{"bfs_id":2495,"rcp":"RCP8.5","period":"2085","key":"tas","value":12.8,"estimate":"q95","season":"MAM"},{"bfs_id":2495,"rcp":"RCP8.5","period":"2085","key":"tas","value":24,"estimate":"q95","season":"JJA"},{"bfs_id":2495,"rcp":"RCP8.5","period":"2085","key":"tas","value":15.1,"estimate":"q95","season":"SON"},{"bfs_id":2495,"rcp":"obs","period":"1981-2010","key":"FD","value":86.7,"estimate":"yearly_mean"},{"bfs_id":2495,"rcp":"obs","period":"1981-2010","key":"HD","value":9.2,"estimate":"yearly_mean"},{"bfs_id":2495,"rcp":"obs","period":"1981-2010","key":"ID","value":20.5,"estimate":"yearly_mean"},{"bfs_id":2495,"rcp":"obs","period":"1981-2010","key":"SD","value":46.5,"estimate":"yearly_mean"},{"bfs_id":2495,"rcp":"obs","period":"1981-2010","key":"snowdays","value":18.8,"estimate":"yearly_mean"},{"bfs_id":2495,"rcp":"obs","period":"1981-2010","key":"TN","value":0,"estimate":"yearly_mean"},{"bfs_id":2495,"rcp":"obs","period":"1981-2010","key":"pr","value":2.8,"estimate":"mean","season":"DJF"},{"bfs_id":2495,"rcp":"obs","period":"1981-2010","key":"pr","value":3,"estimate":"mean","season":"MAM"},{"bfs_id":2495,"rcp":"obs","period":"1981-2010","key":"pr","value":3.6,"estimate":"mean","season":"JJA"},{"bfs_id":2495,"rcp":"obs","period":"1981-2010","key":"pr","value":3,"estimate":"mean","season":"SON"},{"bfs_id":2495,"rcp":"obs","period":"1981-2010","key":"tas","value":0.9,"estimate":"mean","season":"DJF"},{"bfs_id":2495,"rcp":"obs","period":"1981-2010","key":"tas","value":9.1,"estimate":"mean","season":"MAM"},{"bfs_id":2495,"rcp":"obs","period":"1981-2010","key":"tas","value":17.8,"estimate":"mean","season":"JJA"},{"bfs_id":2495,"rcp":"obs","period":"1981-2010","key":"tas","value":9.4,"estimate":"mean","season":"SON"}]
