[{"bfs_id":4035,"rcp":"RCP2.6","period":"2035","key":"FD","value":66,"estimate":"q5"},{"bfs_id":4035,"rcp":"RCP2.6","period":"2035","key":"FD","value":77.4,"estimate":"q50"},{"bfs_id":4035,"rcp":"RCP2.6","period":"2035","key":"FD","value":82,"estimate":"q95"},{"bfs_id":4035,"rcp":"RCP2.6","period":"2060","key":"FD","value":64.5,"estimate":"q5"},{"bfs_id":4035,"rcp":"RCP2.6","period":"2060","key":"FD","value":74.6,"estimate":"q50"},{"bfs_id":4035,"rcp":"RCP2.6","period":"2060","key":"FD","value":79,"estimate":"q95"},{"bfs_id":4035,"rcp":"RCP2.6","period":"2085","key":"FD","value":65.1,"estimate":"q5"},{"bfs_id":4035,"rcp":"RCP2.6","period":"2085","key":"FD","value":74.9,"estimate":"q50"},{"bfs_id":4035,"rcp":"RCP2.6","period":"2085","key":"FD","value":81.3,"estimate":"q95"},{"bfs_id":4035,"rcp":"RCP8.5","period":"2035","key":"FD","value":61.3,"estimate":"q5"},{"bfs_id":4035,"rcp":"RCP8.5","period":"2035","key":"FD","value":72.8,"estimate":"q50"},{"bfs_id":4035,"rcp":"RCP8.5","period":"2035","key":"FD","value":79,"estimate":"q95"},{"bfs_id":4035,"rcp":"RCP8.5","period":"2060","key":"FD","value":51,"estimate":"q5"},{"bfs_id":4035,"rcp":"RCP8.5","period":"2060","key":"FD","value":58.9,"estimate":"q50"},{"bfs_id":4035,"rcp":"RCP8.5","period":"2060","key":"FD","value":66.5,"estimate":"q95"},{"bfs_id":4035,"rcp":"RCP8.5","period":"2085","key":"FD","value":31.8,"estimate":"q5"},{"bfs_id":4035,"rcp":"RCP8.5","period":"2085","key":"FD","value":38.3,"estimate":"q50"},{"bfs_id":4035,"rcp":"RCP8.5","period":"2085","key":"FD","value":50.1,"estimate":"q95"},{"bfs_id":4035,"rcp":"RCP2.6","period":"2035","key":"HD","value":10.1,"estimate":"q5"},{"bfs_id":4035,"rcp":"RCP2.6","period":"2035","key":"HD","value":13.2,"estimate":"q50"},{"bfs_id":4035,"rcp":"RCP2.6","period":"2035","key":"HD","value":18,"estimate":"q95"},{"bfs_id":4035,"rcp":"RCP2.6","period":"2060","key":"HD","value":10.7,"estimate":"q5"},{"bfs_id":4035,"rcp":"RCP2.6","period":"2060","key":"HD","value":13.5,"estimate":"q50"},{"bfs_id":4035,"rcp":"RCP2.6","period":"2060","key":"HD","value":20.5,"estimate":"q95"},{"bfs_id":4035,"rcp":"RCP2.6","period":"2085","key":"HD","value":10.8,"estimate":"q5"},{"bfs_id":4035,"rcp":"RCP2.6","period":"2085","key":"HD","value":12.8,"estimate":"q50"},{"bfs_id":4035,"rcp":"RCP2.6","period":"2085","key":"HD","value":19.8,"estimate":"q95"},{"bfs_id":4035,"rcp":"RCP8.5","period":"2035","key":"HD","value":11,"estimate":"q5"},{"bfs_id":4035,"rcp":"RCP8.5","period":"2035","key":"HD","value":14,"estimate":"q50"},{"bfs_id":4035,"rcp":"RCP8.5","period":"2035","key":"HD","value":20.6,"estimate":"q95"},{"bfs_id":4035,"rcp":"RCP8.5","period":"2060","key":"HD","value":17,"estimate":"q5"},{"bfs_id":4035,"rcp":"RCP8.5","period":"2060","key":"HD","value":23.5,"estimate":"q50"},{"bfs_id":4035,"rcp":"RCP8.5","period":"2060","key":"HD","value":35.7,"estimate":"q95"},{"bfs_id":4035,"rcp":"RCP8.5","period":"2085","key":"HD","value":30.8,"estimate":"q5"},{"bfs_id":4035,"rcp":"RCP8.5","period":"2085","key":"HD","value":36.8,"estimate":"q50"},{"bfs_id":4035,"rcp":"RCP8.5","period":"2085","key":"HD","value":62.5,"estimate":"q95"},{"bfs_id":4035,"rcp":"RCP2.6","period":"2035","key":"ID","value":10.9,"estimate":"q5"},{"bfs_id":4035,"rcp":"RCP2.6","period":"2035","key":"ID","value":15.9,"estimate":"q50"},{"bfs_id":4035,"rcp":"RCP2.6","period":"2035","key":"ID","value":19.9,"estimate":"q95"},{"bfs_id":4035,"rcp":"RCP2.6","period":"2060","key":"ID","value":11.4,"estimate":"q5"},{"bfs_id":4035,"rcp":"RCP2.6","period":"2060","key":"ID","value":15.6,"estimate":"q50"},{"bfs_id":4035,"rcp":"RCP2.6","period":"2060","key":"ID","value":18.9,"estimate":"q95"},{"bfs_id":4035,"rcp":"RCP2.6","period":"2085","key":"ID","value":11.5,"estimate":"q5"},{"bfs_id":4035,"rcp":"RCP2.6","period":"2085","key":"ID","value":14.9,"estimate":"q50"},{"bfs_id":4035,"rcp":"RCP2.6","period":"2085","key":"ID","value":17.9,"estimate":"q95"},{"bfs_id":4035,"rcp":"RCP8.5","period":"2035","key":"ID","value":11.2,"estimate":"q5"},{"bfs_id":4035,"rcp":"RCP8.5","period":"2035","key":"ID","value":14.5,"estimate":"q50"},{"bfs_id":4035,"rcp":"RCP8.5","period":"2035","key":"ID","value":19.2,"estimate":"q95"},{"bfs_id":4035,"rcp":"RCP8.5","period":"2060","key":"ID","value":7.2,"estimate":"q5"},{"bfs_id":4035,"rcp":"RCP8.5","period":"2060","key":"ID","value":10.8,"estimate":"q50"},{"bfs_id":4035,"rcp":"RCP8.5","period":"2060","key":"ID","value":13.4,"estimate":"q95"},{"bfs_id":4035,"rcp":"RCP8.5","period":"2085","key":"ID","value":2.1,"estimate":"q5"},{"bfs_id":4035,"rcp":"RCP8.5","period":"2085","key":"ID","value":5,"estimate":"q50"},{"bfs_id":4035,"rcp":"RCP8.5","period":"2085","key":"ID","value":7.6,"estimate":"q95"},{"bfs_id":4035,"rcp":"RCP2.6","period":"2035","key":"SD","value":49.3,"estimate":"q5"},{"bfs_id":4035,"rcp":"RCP2.6","period":"2035","key":"SD","value":54.7,"estimate":"q50"},{"bfs_id":4035,"rcp":"RCP2.6","period":"2035","key":"SD","value":62.3,"estimate":"q95"},{"bfs_id":4035,"rcp":"RCP2.6","period":"2060","key":"SD","value":49.9,"estimate":"q5"},{"bfs_id":4035,"rcp":"RCP2.6","period":"2060","key":"SD","value":56.7,"estimate":"q50"},{"bfs_id":4035,"rcp":"RCP2.6","period":"2060","key":"SD","value":62.4,"estimate":"q95"},{"bfs_id":4035,"rcp":"RCP2.6","period":"2085","key":"SD","value":49.1,"estimate":"q5"},{"bfs_id":4035,"rcp":"RCP2.6","period":"2085","key":"SD","value":56.8,"estimate":"q50"},{"bfs_id":4035,"rcp":"RCP2.6","period":"2085","key":"SD","value":63.1,"estimate":"q95"},{"bfs_id":4035,"rcp":"RCP8.5","period":"2035","key":"SD","value":51.7,"estimate":"q5"},{"bfs_id":4035,"rcp":"RCP8.5","period":"2035","key":"SD","value":57.2,"estimate":"q50"},{"bfs_id":4035,"rcp":"RCP8.5","period":"2035","key":"SD","value":63.1,"estimate":"q95"},{"bfs_id":4035,"rcp":"RCP8.5","period":"2060","key":"SD","value":67.1,"estimate":"q5"},{"bfs_id":4035,"rcp":"RCP8.5","period":"2060","key":"SD","value":71.8,"estimate":"q50"},{"bfs_id":4035,"rcp":"RCP8.5","period":"2060","key":"SD","value":87.6,"estimate":"q95"},{"bfs_id":4035,"rcp":"RCP8.5","period":"2085","key":"SD","value":81.9,"estimate":"q5"},{"bfs_id":4035,"rcp":"RCP8.5","period":"2085","key":"SD","value":95.5,"estimate":"q50"},{"bfs_id":4035,"rcp":"RCP8.5","period":"2085","key":"SD","value":112.9,"estimate":"q95"},{"bfs_id":4035,"rcp":"RCP2.6","period":"2035","key":"snowdays","value":13.2,"estimate":"q5"},{"bfs_id":4035,"rcp":"RCP2.6","period":"2035","key":"snowdays","value":17.9,"estimate":"q50"},{"bfs_id":4035,"rcp":"RCP2.6","period":"2035","key":"snowdays","value":19.6,"estimate":"q95"},{"bfs_id":4035,"rcp":"RCP2.6","period":"2060","key":"snowdays","value":12.3,"estimate":"q5"},{"bfs_id":4035,"rcp":"RCP2.6","period":"2060","key":"snowdays","value":17.5,"estimate":"q50"},{"bfs_id":4035,"rcp":"RCP2.6","period":"2060","key":"snowdays","value":19.2,"estimate":"q95"},{"bfs_id":4035,"rcp":"RCP2.6","period":"2085","key":"snowdays","value":12.2,"estimate":"q5"},{"bfs_id":4035,"rcp":"RCP2.6","period":"2085","key":"snowdays","value":17.3,"estimate":"q50"},{"bfs_id":4035,"rcp":"RCP2.6","period":"2085","key":"snowdays","value":19.7,"estimate":"q95"},{"bfs_id":4035,"rcp":"RCP8.5","period":"2035","key":"snowdays","value":11.6,"estimate":"q5"},{"bfs_id":4035,"rcp":"RCP8.5","period":"2035","key":"snowdays","value":16.6,"estimate":"q50"},{"bfs_id":4035,"rcp":"RCP8.5","period":"2035","key":"snowdays","value":19.1,"estimate":"q95"},{"bfs_id":4035,"rcp":"RCP8.5","period":"2060","key":"snowdays","value":8.1,"estimate":"q5"},{"bfs_id":4035,"rcp":"RCP8.5","period":"2060","key":"snowdays","value":13.2,"estimate":"q50"},{"bfs_id":4035,"rcp":"RCP8.5","period":"2060","key":"snowdays","value":15.8,"estimate":"q95"},{"bfs_id":4035,"rcp":"RCP8.5","period":"2085","key":"snowdays","value":3.4,"estimate":"q5"},{"bfs_id":4035,"rcp":"RCP8.5","period":"2085","key":"snowdays","value":7.1,"estimate":"q50"},{"bfs_id":4035,"rcp":"RCP8.5","period":"2085","key":"snowdays","value":10.3,"estimate":"q95"},{"bfs_id":4035,"rcp":"RCP2.6","period":"2035","key":"TN","value":0,"estimate":"q5"},{"bfs_id":4035,"rcp":"RCP2.6","period":"2035","key":"TN","value":0.3,"estimate":"q50"},{"bfs_id":4035,"rcp":"RCP2.6","period":"2035","key":"TN","value":0.6,"estimate":"q95"},{"bfs_id":4035,"rcp":"RCP2.6","period":"2060","key":"TN","value":0.1,"estimate":"q5"},{"bfs_id":4035,"rcp":"RCP2.6","period":"2060","key":"TN","value":0.3,"estimate":"q50"},{"bfs_id":4035,"rcp":"RCP2.6","period":"2060","key":"TN","value":0.9,"estimate":"q95"},{"bfs_id":4035,"rcp":"RCP2.6","period":"2085","key":"TN","value":0.1,"estimate":"q5"},{"bfs_id":4035,"rcp":"RCP2.6","period":"2085","key":"TN","value":0.3,"estimate":"q50"},{"bfs_id":4035,"rcp":"RCP2.6","period":"2085","key":"TN","value":0.8,"estimate":"q95"},{"bfs_id":4035,"rcp":"RCP8.5","period":"2035","key":"TN","value":0.2,"estimate":"q5"},{"bfs_id":4035,"rcp":"RCP8.5","period":"2035","key":"TN","value":0.3,"estimate":"q50"},{"bfs_id":4035,"rcp":"RCP8.5","period":"2035","key":"TN","value":1.7,"estimate":"q95"},{"bfs_id":4035,"rcp":"RCP8.5","period":"2060","key":"TN","value":0.8,"estimate":"q5"},{"bfs_id":4035,"rcp":"RCP8.5","period":"2060","key":"TN","value":2.5,"estimate":"q50"},{"bfs_id":4035,"rcp":"RCP8.5","period":"2060","key":"TN","value":5.6,"estimate":"q95"},{"bfs_id":4035,"rcp":"RCP8.5","period":"2085","key":"TN","value":4.3,"estimate":"q5"},{"bfs_id":4035,"rcp":"RCP8.5","period":"2085","key":"TN","value":8.3,"estimate":"q50"},{"bfs_id":4035,"rcp":"RCP8.5","period":"2085","key":"TN","value":21.8,"estimate":"q95"},{"bfs_id":4035,"rcp":"RCP2.6","period":"2035","key":"pr","value":2.6,"estimate":"q5","season":"DJF"},{"bfs_id":4035,"rcp":"RCP2.6","period":"2035","key":"pr","value":2.8,"estimate":"q5","season":"MAM"},{"bfs_id":4035,"rcp":"RCP2.6","period":"2035","key":"pr","value":3,"estimate":"q5","season":"JJA"},{"bfs_id":4035,"rcp":"RCP2.6","period":"2035","key":"pr","value":2.5,"estimate":"q5","season":"SON"},{"bfs_id":4035,"rcp":"RCP2.6","period":"2035","key":"pr","value":3,"estimate":"q50","season":"DJF"},{"bfs_id":4035,"rcp":"RCP2.6","period":"2035","key":"pr","value":3.2,"estimate":"q50","season":"MAM"},{"bfs_id":4035,"rcp":"RCP2.6","period":"2035","key":"pr","value":3.4,"estimate":"q50","season":"JJA"},{"bfs_id":4035,"rcp":"RCP2.6","period":"2035","key":"pr","value":2.8,"estimate":"q50","season":"SON"},{"bfs_id":4035,"rcp":"RCP2.6","period":"2035","key":"pr","value":3.5,"estimate":"q95","season":"DJF"},{"bfs_id":4035,"rcp":"RCP2.6","period":"2035","key":"pr","value":3.4,"estimate":"q95","season":"MAM"},{"bfs_id":4035,"rcp":"RCP2.6","period":"2035","key":"pr","value":3.7,"estimate":"q95","season":"JJA"},{"bfs_id":4035,"rcp":"RCP2.6","period":"2035","key":"pr","value":3.5,"estimate":"q95","season":"SON"},{"bfs_id":4035,"rcp":"RCP2.6","period":"2060","key":"pr","value":2.6,"estimate":"q5","season":"DJF"},{"bfs_id":4035,"rcp":"RCP2.6","period":"2060","key":"pr","value":2.9,"estimate":"q5","season":"MAM"},{"bfs_id":4035,"rcp":"RCP2.6","period":"2060","key":"pr","value":2.9,"estimate":"q5","season":"JJA"},{"bfs_id":4035,"rcp":"RCP2.6","period":"2060","key":"pr","value":2.6,"estimate":"q5","season":"SON"},{"bfs_id":4035,"rcp":"RCP2.6","period":"2060","key":"pr","value":3,"estimate":"q50","season":"DJF"},{"bfs_id":4035,"rcp":"RCP2.6","period":"2060","key":"pr","value":3.2,"estimate":"q50","season":"MAM"},{"bfs_id":4035,"rcp":"RCP2.6","period":"2060","key":"pr","value":3.4,"estimate":"q50","season":"JJA"},{"bfs_id":4035,"rcp":"RCP2.6","period":"2060","key":"pr","value":2.9,"estimate":"q50","season":"SON"},{"bfs_id":4035,"rcp":"RCP2.6","period":"2060","key":"pr","value":3.3,"estimate":"q95","season":"DJF"},{"bfs_id":4035,"rcp":"RCP2.6","period":"2060","key":"pr","value":3.4,"estimate":"q95","season":"MAM"},{"bfs_id":4035,"rcp":"RCP2.6","period":"2060","key":"pr","value":3.8,"estimate":"q95","season":"JJA"},{"bfs_id":4035,"rcp":"RCP2.6","period":"2060","key":"pr","value":3.3,"estimate":"q95","season":"SON"},{"bfs_id":4035,"rcp":"RCP2.6","period":"2085","key":"pr","value":2.6,"estimate":"q5","season":"DJF"},{"bfs_id":4035,"rcp":"RCP2.6","period":"2085","key":"pr","value":2.8,"estimate":"q5","season":"MAM"},{"bfs_id":4035,"rcp":"RCP2.6","period":"2085","key":"pr","value":2.8,"estimate":"q5","season":"JJA"},{"bfs_id":4035,"rcp":"RCP2.6","period":"2085","key":"pr","value":2.5,"estimate":"q5","season":"SON"},{"bfs_id":4035,"rcp":"RCP2.6","period":"2085","key":"pr","value":3,"estimate":"q50","season":"DJF"},{"bfs_id":4035,"rcp":"RCP2.6","period":"2085","key":"pr","value":3.1,"estimate":"q50","season":"MAM"},{"bfs_id":4035,"rcp":"RCP2.6","period":"2085","key":"pr","value":3.4,"estimate":"q50","season":"JJA"},{"bfs_id":4035,"rcp":"RCP2.6","period":"2085","key":"pr","value":2.9,"estimate":"q50","season":"SON"},{"bfs_id":4035,"rcp":"RCP2.6","period":"2085","key":"pr","value":3.3,"estimate":"q95","season":"DJF"},{"bfs_id":4035,"rcp":"RCP2.6","period":"2085","key":"pr","value":3.4,"estimate":"q95","season":"MAM"},{"bfs_id":4035,"rcp":"RCP2.6","period":"2085","key":"pr","value":3.8,"estimate":"q95","season":"JJA"},{"bfs_id":4035,"rcp":"RCP2.6","period":"2085","key":"pr","value":3.3,"estimate":"q95","season":"SON"},{"bfs_id":4035,"rcp":"RCP8.5","period":"2035","key":"pr","value":2.7,"estimate":"q5","season":"DJF"},{"bfs_id":4035,"rcp":"RCP8.5","period":"2035","key":"pr","value":2.9,"estimate":"q5","season":"MAM"},{"bfs_id":4035,"rcp":"RCP8.5","period":"2035","key":"pr","value":2.8,"estimate":"q5","season":"JJA"},{"bfs_id":4035,"rcp":"RCP8.5","period":"2035","key":"pr","value":2.7,"estimate":"q5","season":"SON"},{"bfs_id":4035,"rcp":"RCP8.5","period":"2035","key":"pr","value":3.1,"estimate":"q50","season":"DJF"},{"bfs_id":4035,"rcp":"RCP8.5","period":"2035","key":"pr","value":3.2,"estimate":"q50","season":"MAM"},{"bfs_id":4035,"rcp":"RCP8.5","period":"2035","key":"pr","value":3.5,"estimate":"q50","season":"JJA"},{"bfs_id":4035,"rcp":"RCP8.5","period":"2035","key":"pr","value":3,"estimate":"q50","season":"SON"},{"bfs_id":4035,"rcp":"RCP8.5","period":"2035","key":"pr","value":3.4,"estimate":"q95","season":"DJF"},{"bfs_id":4035,"rcp":"RCP8.5","period":"2035","key":"pr","value":3.5,"estimate":"q95","season":"MAM"},{"bfs_id":4035,"rcp":"RCP8.5","period":"2035","key":"pr","value":3.8,"estimate":"q95","season":"JJA"},{"bfs_id":4035,"rcp":"RCP8.5","period":"2035","key":"pr","value":3.4,"estimate":"q95","season":"SON"},{"bfs_id":4035,"rcp":"RCP8.5","period":"2060","key":"pr","value":2.8,"estimate":"q5","season":"DJF"},{"bfs_id":4035,"rcp":"RCP8.5","period":"2060","key":"pr","value":3.1,"estimate":"q5","season":"MAM"},{"bfs_id":4035,"rcp":"RCP8.5","period":"2060","key":"pr","value":2.4,"estimate":"q5","season":"JJA"},{"bfs_id":4035,"rcp":"RCP8.5","period":"2060","key":"pr","value":2.6,"estimate":"q5","season":"SON"},{"bfs_id":4035,"rcp":"RCP8.5","period":"2060","key":"pr","value":3.2,"estimate":"q50","season":"DJF"},{"bfs_id":4035,"rcp":"RCP8.5","period":"2060","key":"pr","value":3.3,"estimate":"q50","season":"MAM"},{"bfs_id":4035,"rcp":"RCP8.5","period":"2060","key":"pr","value":3.3,"estimate":"q50","season":"JJA"},{"bfs_id":4035,"rcp":"RCP8.5","period":"2060","key":"pr","value":3,"estimate":"q50","season":"SON"},{"bfs_id":4035,"rcp":"RCP8.5","period":"2060","key":"pr","value":3.7,"estimate":"q95","season":"DJF"},{"bfs_id":4035,"rcp":"RCP8.5","period":"2060","key":"pr","value":3.7,"estimate":"q95","season":"MAM"},{"bfs_id":4035,"rcp":"RCP8.5","period":"2060","key":"pr","value":3.7,"estimate":"q95","season":"JJA"},{"bfs_id":4035,"rcp":"RCP8.5","period":"2060","key":"pr","value":3.4,"estimate":"q95","season":"SON"},{"bfs_id":4035,"rcp":"RCP8.5","period":"2085","key":"pr","value":3.1,"estimate":"q5","season":"DJF"},{"bfs_id":4035,"rcp":"RCP8.5","period":"2085","key":"pr","value":3.1,"estimate":"q5","season":"MAM"},{"bfs_id":4035,"rcp":"RCP8.5","period":"2085","key":"pr","value":1.9,"estimate":"q5","season":"JJA"},{"bfs_id":4035,"rcp":"RCP8.5","period":"2085","key":"pr","value":2.5,"estimate":"q5","season":"SON"},{"bfs_id":4035,"rcp":"RCP8.5","period":"2085","key":"pr","value":3.5,"estimate":"q50","season":"DJF"},{"bfs_id":4035,"rcp":"RCP8.5","period":"2085","key":"pr","value":3.5,"estimate":"q50","season":"MAM"},{"bfs_id":4035,"rcp":"RCP8.5","period":"2085","key":"pr","value":2.9,"estimate":"q50","season":"JJA"},{"bfs_id":4035,"rcp":"RCP8.5","period":"2085","key":"pr","value":3,"estimate":"q50","season":"SON"},{"bfs_id":4035,"rcp":"RCP8.5","period":"2085","key":"pr","value":4.1,"estimate":"q95","season":"DJF"},{"bfs_id":4035,"rcp":"RCP8.5","period":"2085","key":"pr","value":3.9,"estimate":"q95","season":"MAM"},{"bfs_id":4035,"rcp":"RCP8.5","period":"2085","key":"pr","value":3.6,"estimate":"q95","season":"JJA"},{"bfs_id":4035,"rcp":"RCP8.5","period":"2085","key":"pr","value":3.7,"estimate":"q95","season":"SON"},{"bfs_id":4035,"rcp":"RCP2.6","period":"2035","key":"tas","value":1.4,"estimate":"q5","season":"DJF"},{"bfs_id":4035,"rcp":"RCP2.6","period":"2035","key":"tas","value":9.1,"estimate":"q5","season":"MAM"},{"bfs_id":4035,"rcp":"RCP2.6","period":"2035","key":"tas","value":18.2,"estimate":"q5","season":"JJA"},{"bfs_id":4035,"rcp":"RCP2.6","period":"2035","key":"tas","value":10,"estimate":"q5","season":"SON"},{"bfs_id":4035,"rcp":"RCP2.6","period":"2035","key":"tas","value":2,"estimate":"q50","season":"DJF"},{"bfs_id":4035,"rcp":"RCP2.6","period":"2035","key":"tas","value":9.6,"estimate":"q50","season":"MAM"},{"bfs_id":4035,"rcp":"RCP2.6","period":"2035","key":"tas","value":18.8,"estimate":"q50","season":"JJA"},{"bfs_id":4035,"rcp":"RCP2.6","period":"2035","key":"tas","value":10.3,"estimate":"q50","season":"SON"},{"bfs_id":4035,"rcp":"RCP2.6","period":"2035","key":"tas","value":2.8,"estimate":"q95","season":"DJF"},{"bfs_id":4035,"rcp":"RCP2.6","period":"2035","key":"tas","value":9.9,"estimate":"q95","season":"MAM"},{"bfs_id":4035,"rcp":"RCP2.6","period":"2035","key":"tas","value":19.3,"estimate":"q95","season":"JJA"},{"bfs_id":4035,"rcp":"RCP2.6","period":"2035","key":"tas","value":11.2,"estimate":"q95","season":"SON"},{"bfs_id":4035,"rcp":"RCP2.6","period":"2060","key":"tas","value":1.5,"estimate":"q5","season":"DJF"},{"bfs_id":4035,"rcp":"RCP2.6","period":"2060","key":"tas","value":9,"estimate":"q5","season":"MAM"},{"bfs_id":4035,"rcp":"RCP2.6","period":"2060","key":"tas","value":18.4,"estimate":"q5","season":"JJA"},{"bfs_id":4035,"rcp":"RCP2.6","period":"2060","key":"tas","value":10.3,"estimate":"q5","season":"SON"},{"bfs_id":4035,"rcp":"RCP2.6","period":"2060","key":"tas","value":2.3,"estimate":"q50","season":"DJF"},{"bfs_id":4035,"rcp":"RCP2.6","period":"2060","key":"tas","value":9.7,"estimate":"q50","season":"MAM"},{"bfs_id":4035,"rcp":"RCP2.6","period":"2060","key":"tas","value":18.9,"estimate":"q50","season":"JJA"},{"bfs_id":4035,"rcp":"RCP2.6","period":"2060","key":"tas","value":10.6,"estimate":"q50","season":"SON"},{"bfs_id":4035,"rcp":"RCP2.6","period":"2060","key":"tas","value":2.8,"estimate":"q95","season":"DJF"},{"bfs_id":4035,"rcp":"RCP2.6","period":"2060","key":"tas","value":10.1,"estimate":"q95","season":"MAM"},{"bfs_id":4035,"rcp":"RCP2.6","period":"2060","key":"tas","value":19.5,"estimate":"q95","season":"JJA"},{"bfs_id":4035,"rcp":"RCP2.6","period":"2060","key":"tas","value":11.6,"estimate":"q95","season":"SON"},{"bfs_id":4035,"rcp":"RCP2.6","period":"2085","key":"tas","value":1.5,"estimate":"q5","season":"DJF"},{"bfs_id":4035,"rcp":"RCP2.6","period":"2085","key":"tas","value":9,"estimate":"q5","season":"MAM"},{"bfs_id":4035,"rcp":"RCP2.6","period":"2085","key":"tas","value":18.4,"estimate":"q5","season":"JJA"},{"bfs_id":4035,"rcp":"RCP2.6","period":"2085","key":"tas","value":10,"estimate":"q5","season":"SON"},{"bfs_id":4035,"rcp":"RCP2.6","period":"2085","key":"tas","value":2.2,"estimate":"q50","season":"DJF"},{"bfs_id":4035,"rcp":"RCP2.6","period":"2085","key":"tas","value":9.8,"estimate":"q50","season":"MAM"},{"bfs_id":4035,"rcp":"RCP2.6","period":"2085","key":"tas","value":18.8,"estimate":"q50","season":"JJA"},{"bfs_id":4035,"rcp":"RCP2.6","period":"2085","key":"tas","value":10.5,"estimate":"q50","season":"SON"},{"bfs_id":4035,"rcp":"RCP2.6","period":"2085","key":"tas","value":2.9,"estimate":"q95","season":"DJF"},{"bfs_id":4035,"rcp":"RCP2.6","period":"2085","key":"tas","value":10.1,"estimate":"q95","season":"MAM"},{"bfs_id":4035,"rcp":"RCP2.6","period":"2085","key":"tas","value":19.4,"estimate":"q95","season":"JJA"},{"bfs_id":4035,"rcp":"RCP2.6","period":"2085","key":"tas","value":11.5,"estimate":"q95","season":"SON"},{"bfs_id":4035,"rcp":"RCP8.5","period":"2035","key":"tas","value":1.3,"estimate":"q5","season":"DJF"},{"bfs_id":4035,"rcp":"RCP8.5","period":"2035","key":"tas","value":9.3,"estimate":"q5","season":"MAM"},{"bfs_id":4035,"rcp":"RCP8.5","period":"2035","key":"tas","value":18.6,"estimate":"q5","season":"JJA"},{"bfs_id":4035,"rcp":"RCP8.5","period":"2035","key":"tas","value":10.2,"estimate":"q5","season":"SON"},{"bfs_id":4035,"rcp":"RCP8.5","period":"2035","key":"tas","value":2.3,"estimate":"q50","season":"DJF"},{"bfs_id":4035,"rcp":"RCP8.5","period":"2035","key":"tas","value":9.7,"estimate":"q50","season":"MAM"},{"bfs_id":4035,"rcp":"RCP8.5","period":"2035","key":"tas","value":19,"estimate":"q50","season":"JJA"},{"bfs_id":4035,"rcp":"RCP8.5","period":"2035","key":"tas","value":10.8,"estimate":"q50","season":"SON"},{"bfs_id":4035,"rcp":"RCP8.5","period":"2035","key":"tas","value":2.8,"estimate":"q95","season":"DJF"},{"bfs_id":4035,"rcp":"RCP8.5","period":"2035","key":"tas","value":10,"estimate":"q95","season":"MAM"},{"bfs_id":4035,"rcp":"RCP8.5","period":"2035","key":"tas","value":19.6,"estimate":"q95","season":"JJA"},{"bfs_id":4035,"rcp":"RCP8.5","period":"2035","key":"tas","value":11.6,"estimate":"q95","season":"SON"},{"bfs_id":4035,"rcp":"RCP8.5","period":"2060","key":"tas","value":2.8,"estimate":"q5","season":"DJF"},{"bfs_id":4035,"rcp":"RCP8.5","period":"2060","key":"tas","value":10.1,"estimate":"q5","season":"MAM"},{"bfs_id":4035,"rcp":"RCP8.5","period":"2060","key":"tas","value":19.7,"estimate":"q5","season":"JJA"},{"bfs_id":4035,"rcp":"RCP8.5","period":"2060","key":"tas","value":11.3,"estimate":"q5","season":"SON"},{"bfs_id":4035,"rcp":"RCP8.5","period":"2060","key":"tas","value":3.1,"estimate":"q50","season":"DJF"},{"bfs_id":4035,"rcp":"RCP8.5","period":"2060","key":"tas","value":10.6,"estimate":"q50","season":"MAM"},{"bfs_id":4035,"rcp":"RCP8.5","period":"2060","key":"tas","value":20.3,"estimate":"q50","season":"JJA"},{"bfs_id":4035,"rcp":"RCP8.5","period":"2060","key":"tas","value":11.9,"estimate":"q50","season":"SON"},{"bfs_id":4035,"rcp":"RCP8.5","period":"2060","key":"tas","value":3.8,"estimate":"q95","season":"DJF"},{"bfs_id":4035,"rcp":"RCP8.5","period":"2060","key":"tas","value":11.1,"estimate":"q95","season":"MAM"},{"bfs_id":4035,"rcp":"RCP8.5","period":"2060","key":"tas","value":21.3,"estimate":"q95","season":"JJA"},{"bfs_id":4035,"rcp":"RCP8.5","period":"2060","key":"tas","value":12.8,"estimate":"q95","season":"SON"},{"bfs_id":4035,"rcp":"RCP8.5","period":"2085","key":"tas","value":3.9,"estimate":"q5","season":"DJF"},{"bfs_id":4035,"rcp":"RCP8.5","period":"2085","key":"tas","value":11.2,"estimate":"q5","season":"MAM"},{"bfs_id":4035,"rcp":"RCP8.5","period":"2085","key":"tas","value":21,"estimate":"q5","season":"JJA"},{"bfs_id":4035,"rcp":"RCP8.5","period":"2085","key":"tas","value":12.3,"estimate":"q5","season":"SON"},{"bfs_id":4035,"rcp":"RCP8.5","period":"2085","key":"tas","value":4.9,"estimate":"q50","season":"DJF"},{"bfs_id":4035,"rcp":"RCP8.5","period":"2085","key":"tas","value":11.9,"estimate":"q50","season":"MAM"},{"bfs_id":4035,"rcp":"RCP8.5","period":"2085","key":"tas","value":22,"estimate":"q50","season":"JJA"},{"bfs_id":4035,"rcp":"RCP8.5","period":"2085","key":"tas","value":13.3,"estimate":"q50","season":"SON"},{"bfs_id":4035,"rcp":"RCP8.5","period":"2085","key":"tas","value":5.6,"estimate":"q95","season":"DJF"},{"bfs_id":4035,"rcp":"RCP8.5","period":"2085","key":"tas","value":12.8,"estimate":"q95","season":"MAM"},{"bfs_id":4035,"rcp":"RCP8.5","period":"2085","key":"tas","value":23.9,"estimate":"q95","season":"JJA"},{"bfs_id":4035,"rcp":"RCP8.5","period":"2085","key":"tas","value":15,"estimate":"q95","season":"SON"},{"bfs_id":4035,"rcp":"obs","period":"1981-2010","key":"FD","value":91.4,"estimate":"yearly_mean"},{"bfs_id":4035,"rcp":"obs","period":"1981-2010","key":"HD","value":7.2,"estimate":"yearly_mean"},{"bfs_id":4035,"rcp":"obs","period":"1981-2010","key":"ID","value":22.4,"estimate":"yearly_mean"},{"bfs_id":4035,"rcp":"obs","period":"1981-2010","key":"SD","value":42.8,"estimate":"yearly_mean"},{"bfs_id":4035,"rcp":"obs","period":"1981-2010","key":"snowdays","value":19.6,"estimate":"yearly_mean"},{"bfs_id":4035,"rcp":"obs","period":"1981-2010","key":"TN","value":0,"estimate":"yearly_mean"},{"bfs_id":4035,"rcp":"obs","period":"1981-2010","key":"pr","value":2.7,"estimate":"mean","season":"DJF"},{"bfs_id":4035,"rcp":"obs","period":"1981-2010","key":"pr","value":3,"estimate":"mean","season":"MAM"},{"bfs_id":4035,"rcp":"obs","period":"1981-2010","key":"pr","value":3.7,"estimate":"mean","season":"JJA"},{"bfs_id":4035,"rcp":"obs","period":"1981-2010","key":"pr","value":2.9,"estimate":"mean","season":"SON"},{"bfs_id":4035,"rcp":"obs","period":"1981-2010","key":"tas","value":0.8,"estimate":"mean","season":"DJF"},{"bfs_id":4035,"rcp":"obs","period":"1981-2010","key":"tas","value":9,"estimate":"mean","season":"MAM"},{"bfs_id":4035,"rcp":"obs","period":"1981-2010","key":"tas","value":17.7,"estimate":"mean","season":"JJA"},{"bfs_id":4035,"rcp":"obs","period":"1981-2010","key":"tas","value":9.3,"estimate":"mean","season":"SON"}]
