[{"bfs_id":3379,"rcp":"RCP2.6","period":"2035","key":"FD","value":95.7,"estimate":"q5"},{"bfs_id":3379,"rcp":"RCP2.6","period":"2035","key":"FD","value":107.7,"estimate":"q50"},{"bfs_id":3379,"rcp":"RCP2.6","period":"2035","key":"FD","value":113.2,"estimate":"q95"},{"bfs_id":3379,"rcp":"RCP2.6","period":"2060","key":"FD","value":91.5,"estimate":"q5"},{"bfs_id":3379,"rcp":"RCP2.6","period":"2060","key":"FD","value":102.8,"estimate":"q50"},{"bfs_id":3379,"rcp":"RCP2.6","period":"2060","key":"FD","value":113.9,"estimate":"q95"},{"bfs_id":3379,"rcp":"RCP2.6","period":"2085","key":"FD","value":91.8,"estimate":"q5"},{"bfs_id":3379,"rcp":"RCP2.6","period":"2085","key":"FD","value":105.5,"estimate":"q50"},{"bfs_id":3379,"rcp":"RCP2.6","period":"2085","key":"FD","value":113.6,"estimate":"q95"},{"bfs_id":3379,"rcp":"RCP8.5","period":"2035","key":"FD","value":93.4,"estimate":"q5"},{"bfs_id":3379,"rcp":"RCP8.5","period":"2035","key":"FD","value":102.7,"estimate":"q50"},{"bfs_id":3379,"rcp":"RCP8.5","period":"2035","key":"FD","value":111.3,"estimate":"q95"},{"bfs_id":3379,"rcp":"RCP8.5","period":"2060","key":"FD","value":77.9,"estimate":"q5"},{"bfs_id":3379,"rcp":"RCP8.5","period":"2060","key":"FD","value":84.1,"estimate":"q50"},{"bfs_id":3379,"rcp":"RCP8.5","period":"2060","key":"FD","value":95,"estimate":"q95"},{"bfs_id":3379,"rcp":"RCP8.5","period":"2085","key":"FD","value":52.2,"estimate":"q5"},{"bfs_id":3379,"rcp":"RCP8.5","period":"2085","key":"FD","value":61.1,"estimate":"q50"},{"bfs_id":3379,"rcp":"RCP8.5","period":"2085","key":"FD","value":71.9,"estimate":"q95"},{"bfs_id":3379,"rcp":"RCP2.6","period":"2035","key":"HD","value":3.1,"estimate":"q5"},{"bfs_id":3379,"rcp":"RCP2.6","period":"2035","key":"HD","value":4.6,"estimate":"q50"},{"bfs_id":3379,"rcp":"RCP2.6","period":"2035","key":"HD","value":8.3,"estimate":"q95"},{"bfs_id":3379,"rcp":"RCP2.6","period":"2060","key":"HD","value":3.4,"estimate":"q5"},{"bfs_id":3379,"rcp":"RCP2.6","period":"2060","key":"HD","value":4.9,"estimate":"q50"},{"bfs_id":3379,"rcp":"RCP2.6","period":"2060","key":"HD","value":9.1,"estimate":"q95"},{"bfs_id":3379,"rcp":"RCP2.6","period":"2085","key":"HD","value":3.2,"estimate":"q5"},{"bfs_id":3379,"rcp":"RCP2.6","period":"2085","key":"HD","value":4.7,"estimate":"q50"},{"bfs_id":3379,"rcp":"RCP2.6","period":"2085","key":"HD","value":8.7,"estimate":"q95"},{"bfs_id":3379,"rcp":"RCP8.5","period":"2035","key":"HD","value":4,"estimate":"q5"},{"bfs_id":3379,"rcp":"RCP8.5","period":"2035","key":"HD","value":5.3,"estimate":"q50"},{"bfs_id":3379,"rcp":"RCP8.5","period":"2035","key":"HD","value":10.6,"estimate":"q95"},{"bfs_id":3379,"rcp":"RCP8.5","period":"2060","key":"HD","value":6.8,"estimate":"q5"},{"bfs_id":3379,"rcp":"RCP8.5","period":"2060","key":"HD","value":11.8,"estimate":"q50"},{"bfs_id":3379,"rcp":"RCP8.5","period":"2060","key":"HD","value":21.2,"estimate":"q95"},{"bfs_id":3379,"rcp":"RCP8.5","period":"2085","key":"HD","value":15.7,"estimate":"q5"},{"bfs_id":3379,"rcp":"RCP8.5","period":"2085","key":"HD","value":20.3,"estimate":"q50"},{"bfs_id":3379,"rcp":"RCP8.5","period":"2085","key":"HD","value":43.9,"estimate":"q95"},{"bfs_id":3379,"rcp":"RCP2.6","period":"2035","key":"ID","value":19.6,"estimate":"q5"},{"bfs_id":3379,"rcp":"RCP2.6","period":"2035","key":"ID","value":22.9,"estimate":"q50"},{"bfs_id":3379,"rcp":"RCP2.6","period":"2035","key":"ID","value":27.3,"estimate":"q95"},{"bfs_id":3379,"rcp":"RCP2.6","period":"2060","key":"ID","value":18.2,"estimate":"q5"},{"bfs_id":3379,"rcp":"RCP2.6","period":"2060","key":"ID","value":21.4,"estimate":"q50"},{"bfs_id":3379,"rcp":"RCP2.6","period":"2060","key":"ID","value":27.1,"estimate":"q95"},{"bfs_id":3379,"rcp":"RCP2.6","period":"2085","key":"ID","value":16.7,"estimate":"q5"},{"bfs_id":3379,"rcp":"RCP2.6","period":"2085","key":"ID","value":21.8,"estimate":"q50"},{"bfs_id":3379,"rcp":"RCP2.6","period":"2085","key":"ID","value":26.4,"estimate":"q95"},{"bfs_id":3379,"rcp":"RCP8.5","period":"2035","key":"ID","value":17.8,"estimate":"q5"},{"bfs_id":3379,"rcp":"RCP8.5","period":"2035","key":"ID","value":21.6,"estimate":"q50"},{"bfs_id":3379,"rcp":"RCP8.5","period":"2035","key":"ID","value":27,"estimate":"q95"},{"bfs_id":3379,"rcp":"RCP8.5","period":"2060","key":"ID","value":12.5,"estimate":"q5"},{"bfs_id":3379,"rcp":"RCP8.5","period":"2060","key":"ID","value":16.3,"estimate":"q50"},{"bfs_id":3379,"rcp":"RCP8.5","period":"2060","key":"ID","value":18.6,"estimate":"q95"},{"bfs_id":3379,"rcp":"RCP8.5","period":"2085","key":"ID","value":4.9,"estimate":"q5"},{"bfs_id":3379,"rcp":"RCP8.5","period":"2085","key":"ID","value":8.3,"estimate":"q50"},{"bfs_id":3379,"rcp":"RCP8.5","period":"2085","key":"ID","value":12.1,"estimate":"q95"},{"bfs_id":3379,"rcp":"RCP2.6","period":"2035","key":"SD","value":29.8,"estimate":"q5"},{"bfs_id":3379,"rcp":"RCP2.6","period":"2035","key":"SD","value":33.9,"estimate":"q50"},{"bfs_id":3379,"rcp":"RCP2.6","period":"2035","key":"SD","value":42.1,"estimate":"q95"},{"bfs_id":3379,"rcp":"RCP2.6","period":"2060","key":"SD","value":29.4,"estimate":"q5"},{"bfs_id":3379,"rcp":"RCP2.6","period":"2060","key":"SD","value":35.5,"estimate":"q50"},{"bfs_id":3379,"rcp":"RCP2.6","period":"2060","key":"SD","value":41.8,"estimate":"q95"},{"bfs_id":3379,"rcp":"RCP2.6","period":"2085","key":"SD","value":29.1,"estimate":"q5"},{"bfs_id":3379,"rcp":"RCP2.6","period":"2085","key":"SD","value":36,"estimate":"q50"},{"bfs_id":3379,"rcp":"RCP2.6","period":"2085","key":"SD","value":41.4,"estimate":"q95"},{"bfs_id":3379,"rcp":"RCP8.5","period":"2035","key":"SD","value":30.9,"estimate":"q5"},{"bfs_id":3379,"rcp":"RCP8.5","period":"2035","key":"SD","value":36.8,"estimate":"q50"},{"bfs_id":3379,"rcp":"RCP8.5","period":"2035","key":"SD","value":43.1,"estimate":"q95"},{"bfs_id":3379,"rcp":"RCP8.5","period":"2060","key":"SD","value":42.4,"estimate":"q5"},{"bfs_id":3379,"rcp":"RCP8.5","period":"2060","key":"SD","value":49.4,"estimate":"q50"},{"bfs_id":3379,"rcp":"RCP8.5","period":"2060","key":"SD","value":66.2,"estimate":"q95"},{"bfs_id":3379,"rcp":"RCP8.5","period":"2085","key":"SD","value":58.1,"estimate":"q5"},{"bfs_id":3379,"rcp":"RCP8.5","period":"2085","key":"SD","value":67.9,"estimate":"q50"},{"bfs_id":3379,"rcp":"RCP8.5","period":"2085","key":"SD","value":92.5,"estimate":"q95"},{"bfs_id":3379,"rcp":"RCP2.6","period":"2035","key":"snowdays","value":25.1,"estimate":"q5"},{"bfs_id":3379,"rcp":"RCP2.6","period":"2035","key":"snowdays","value":33.6,"estimate":"q50"},{"bfs_id":3379,"rcp":"RCP2.6","period":"2035","key":"snowdays","value":39.6,"estimate":"q95"},{"bfs_id":3379,"rcp":"RCP2.6","period":"2060","key":"snowdays","value":24.8,"estimate":"q5"},{"bfs_id":3379,"rcp":"RCP2.6","period":"2060","key":"snowdays","value":32,"estimate":"q50"},{"bfs_id":3379,"rcp":"RCP2.6","period":"2060","key":"snowdays","value":39.9,"estimate":"q95"},{"bfs_id":3379,"rcp":"RCP2.6","period":"2085","key":"snowdays","value":24.4,"estimate":"q5"},{"bfs_id":3379,"rcp":"RCP2.6","period":"2085","key":"snowdays","value":32.8,"estimate":"q50"},{"bfs_id":3379,"rcp":"RCP2.6","period":"2085","key":"snowdays","value":40.4,"estimate":"q95"},{"bfs_id":3379,"rcp":"RCP8.5","period":"2035","key":"snowdays","value":23.5,"estimate":"q5"},{"bfs_id":3379,"rcp":"RCP8.5","period":"2035","key":"snowdays","value":33.2,"estimate":"q50"},{"bfs_id":3379,"rcp":"RCP8.5","period":"2035","key":"snowdays","value":41.3,"estimate":"q95"},{"bfs_id":3379,"rcp":"RCP8.5","period":"2060","key":"snowdays","value":18.1,"estimate":"q5"},{"bfs_id":3379,"rcp":"RCP8.5","period":"2060","key":"snowdays","value":27.2,"estimate":"q50"},{"bfs_id":3379,"rcp":"RCP8.5","period":"2060","key":"snowdays","value":32.1,"estimate":"q95"},{"bfs_id":3379,"rcp":"RCP8.5","period":"2085","key":"snowdays","value":10.7,"estimate":"q5"},{"bfs_id":3379,"rcp":"RCP8.5","period":"2085","key":"snowdays","value":18.5,"estimate":"q50"},{"bfs_id":3379,"rcp":"RCP8.5","period":"2085","key":"snowdays","value":25,"estimate":"q95"},{"bfs_id":3379,"rcp":"RCP2.6","period":"2035","key":"TN","value":0,"estimate":"q5"},{"bfs_id":3379,"rcp":"RCP2.6","period":"2035","key":"TN","value":0.1,"estimate":"q50"},{"bfs_id":3379,"rcp":"RCP2.6","period":"2035","key":"TN","value":0.3,"estimate":"q95"},{"bfs_id":3379,"rcp":"RCP2.6","period":"2060","key":"TN","value":0,"estimate":"q5"},{"bfs_id":3379,"rcp":"RCP2.6","period":"2060","key":"TN","value":0.1,"estimate":"q50"},{"bfs_id":3379,"rcp":"RCP2.6","period":"2060","key":"TN","value":0.5,"estimate":"q95"},{"bfs_id":3379,"rcp":"RCP2.6","period":"2085","key":"TN","value":0,"estimate":"q5"},{"bfs_id":3379,"rcp":"RCP2.6","period":"2085","key":"TN","value":0.1,"estimate":"q50"},{"bfs_id":3379,"rcp":"RCP2.6","period":"2085","key":"TN","value":0.4,"estimate":"q95"},{"bfs_id":3379,"rcp":"RCP8.5","period":"2035","key":"TN","value":0,"estimate":"q5"},{"bfs_id":3379,"rcp":"RCP8.5","period":"2035","key":"TN","value":0.1,"estimate":"q50"},{"bfs_id":3379,"rcp":"RCP8.5","period":"2035","key":"TN","value":1.2,"estimate":"q95"},{"bfs_id":3379,"rcp":"RCP8.5","period":"2060","key":"TN","value":0.2,"estimate":"q5"},{"bfs_id":3379,"rcp":"RCP8.5","period":"2060","key":"TN","value":0.7,"estimate":"q50"},{"bfs_id":3379,"rcp":"RCP8.5","period":"2060","key":"TN","value":2.6,"estimate":"q95"},{"bfs_id":3379,"rcp":"RCP8.5","period":"2085","key":"TN","value":1.3,"estimate":"q5"},{"bfs_id":3379,"rcp":"RCP8.5","period":"2085","key":"TN","value":3.9,"estimate":"q50"},{"bfs_id":3379,"rcp":"RCP8.5","period":"2085","key":"TN","value":15.1,"estimate":"q95"},{"bfs_id":3379,"rcp":"RCP2.6","period":"2035","key":"pr","value":3.4,"estimate":"q5","season":"DJF"},{"bfs_id":3379,"rcp":"RCP2.6","period":"2035","key":"pr","value":3.7,"estimate":"q5","season":"MAM"},{"bfs_id":3379,"rcp":"RCP2.6","period":"2035","key":"pr","value":3.8,"estimate":"q5","season":"JJA"},{"bfs_id":3379,"rcp":"RCP2.6","period":"2035","key":"pr","value":3.2,"estimate":"q5","season":"SON"},{"bfs_id":3379,"rcp":"RCP2.6","period":"2035","key":"pr","value":3.8,"estimate":"q50","season":"DJF"},{"bfs_id":3379,"rcp":"RCP2.6","period":"2035","key":"pr","value":4.2,"estimate":"q50","season":"MAM"},{"bfs_id":3379,"rcp":"RCP2.6","period":"2035","key":"pr","value":4.7,"estimate":"q50","season":"JJA"},{"bfs_id":3379,"rcp":"RCP2.6","period":"2035","key":"pr","value":3.6,"estimate":"q50","season":"SON"},{"bfs_id":3379,"rcp":"RCP2.6","period":"2035","key":"pr","value":4.5,"estimate":"q95","season":"DJF"},{"bfs_id":3379,"rcp":"RCP2.6","period":"2035","key":"pr","value":4.5,"estimate":"q95","season":"MAM"},{"bfs_id":3379,"rcp":"RCP2.6","period":"2035","key":"pr","value":5.1,"estimate":"q95","season":"JJA"},{"bfs_id":3379,"rcp":"RCP2.6","period":"2035","key":"pr","value":4.5,"estimate":"q95","season":"SON"},{"bfs_id":3379,"rcp":"RCP2.6","period":"2060","key":"pr","value":3.3,"estimate":"q5","season":"DJF"},{"bfs_id":3379,"rcp":"RCP2.6","period":"2060","key":"pr","value":3.8,"estimate":"q5","season":"MAM"},{"bfs_id":3379,"rcp":"RCP2.6","period":"2060","key":"pr","value":4,"estimate":"q5","season":"JJA"},{"bfs_id":3379,"rcp":"RCP2.6","period":"2060","key":"pr","value":3.3,"estimate":"q5","season":"SON"},{"bfs_id":3379,"rcp":"RCP2.6","period":"2060","key":"pr","value":3.8,"estimate":"q50","season":"DJF"},{"bfs_id":3379,"rcp":"RCP2.6","period":"2060","key":"pr","value":4.1,"estimate":"q50","season":"MAM"},{"bfs_id":3379,"rcp":"RCP2.6","period":"2060","key":"pr","value":4.7,"estimate":"q50","season":"JJA"},{"bfs_id":3379,"rcp":"RCP2.6","period":"2060","key":"pr","value":3.6,"estimate":"q50","season":"SON"},{"bfs_id":3379,"rcp":"RCP2.6","period":"2060","key":"pr","value":4.2,"estimate":"q95","season":"DJF"},{"bfs_id":3379,"rcp":"RCP2.6","period":"2060","key":"pr","value":4.6,"estimate":"q95","season":"MAM"},{"bfs_id":3379,"rcp":"RCP2.6","period":"2060","key":"pr","value":5.3,"estimate":"q95","season":"JJA"},{"bfs_id":3379,"rcp":"RCP2.6","period":"2060","key":"pr","value":4.2,"estimate":"q95","season":"SON"},{"bfs_id":3379,"rcp":"RCP2.6","period":"2085","key":"pr","value":3.3,"estimate":"q5","season":"DJF"},{"bfs_id":3379,"rcp":"RCP2.6","period":"2085","key":"pr","value":3.7,"estimate":"q5","season":"MAM"},{"bfs_id":3379,"rcp":"RCP2.6","period":"2085","key":"pr","value":4.1,"estimate":"q5","season":"JJA"},{"bfs_id":3379,"rcp":"RCP2.6","period":"2085","key":"pr","value":3.2,"estimate":"q5","season":"SON"},{"bfs_id":3379,"rcp":"RCP2.6","period":"2085","key":"pr","value":3.7,"estimate":"q50","season":"DJF"},{"bfs_id":3379,"rcp":"RCP2.6","period":"2085","key":"pr","value":4,"estimate":"q50","season":"MAM"},{"bfs_id":3379,"rcp":"RCP2.6","period":"2085","key":"pr","value":4.7,"estimate":"q50","season":"JJA"},{"bfs_id":3379,"rcp":"RCP2.6","period":"2085","key":"pr","value":3.6,"estimate":"q50","season":"SON"},{"bfs_id":3379,"rcp":"RCP2.6","period":"2085","key":"pr","value":4.3,"estimate":"q95","season":"DJF"},{"bfs_id":3379,"rcp":"RCP2.6","period":"2085","key":"pr","value":4.5,"estimate":"q95","season":"MAM"},{"bfs_id":3379,"rcp":"RCP2.6","period":"2085","key":"pr","value":5.2,"estimate":"q95","season":"JJA"},{"bfs_id":3379,"rcp":"RCP2.6","period":"2085","key":"pr","value":4.2,"estimate":"q95","season":"SON"},{"bfs_id":3379,"rcp":"RCP8.5","period":"2035","key":"pr","value":3.5,"estimate":"q5","season":"DJF"},{"bfs_id":3379,"rcp":"RCP8.5","period":"2035","key":"pr","value":3.9,"estimate":"q5","season":"MAM"},{"bfs_id":3379,"rcp":"RCP8.5","period":"2035","key":"pr","value":4.1,"estimate":"q5","season":"JJA"},{"bfs_id":3379,"rcp":"RCP8.5","period":"2035","key":"pr","value":3.4,"estimate":"q5","season":"SON"},{"bfs_id":3379,"rcp":"RCP8.5","period":"2035","key":"pr","value":4,"estimate":"q50","season":"DJF"},{"bfs_id":3379,"rcp":"RCP8.5","period":"2035","key":"pr","value":4.3,"estimate":"q50","season":"MAM"},{"bfs_id":3379,"rcp":"RCP8.5","period":"2035","key":"pr","value":4.7,"estimate":"q50","season":"JJA"},{"bfs_id":3379,"rcp":"RCP8.5","period":"2035","key":"pr","value":3.8,"estimate":"q50","season":"SON"},{"bfs_id":3379,"rcp":"RCP8.5","period":"2035","key":"pr","value":4.3,"estimate":"q95","season":"DJF"},{"bfs_id":3379,"rcp":"RCP8.5","period":"2035","key":"pr","value":4.6,"estimate":"q95","season":"MAM"},{"bfs_id":3379,"rcp":"RCP8.5","period":"2035","key":"pr","value":5.1,"estimate":"q95","season":"JJA"},{"bfs_id":3379,"rcp":"RCP8.5","period":"2035","key":"pr","value":4.3,"estimate":"q95","season":"SON"},{"bfs_id":3379,"rcp":"RCP8.5","period":"2060","key":"pr","value":3.6,"estimate":"q5","season":"DJF"},{"bfs_id":3379,"rcp":"RCP8.5","period":"2060","key":"pr","value":4,"estimate":"q5","season":"MAM"},{"bfs_id":3379,"rcp":"RCP8.5","period":"2060","key":"pr","value":3.4,"estimate":"q5","season":"JJA"},{"bfs_id":3379,"rcp":"RCP8.5","period":"2060","key":"pr","value":3.3,"estimate":"q5","season":"SON"},{"bfs_id":3379,"rcp":"RCP8.5","period":"2060","key":"pr","value":4,"estimate":"q50","season":"DJF"},{"bfs_id":3379,"rcp":"RCP8.5","period":"2060","key":"pr","value":4.4,"estimate":"q50","season":"MAM"},{"bfs_id":3379,"rcp":"RCP8.5","period":"2060","key":"pr","value":4.5,"estimate":"q50","season":"JJA"},{"bfs_id":3379,"rcp":"RCP8.5","period":"2060","key":"pr","value":3.6,"estimate":"q50","season":"SON"},{"bfs_id":3379,"rcp":"RCP8.5","period":"2060","key":"pr","value":4.4,"estimate":"q95","season":"DJF"},{"bfs_id":3379,"rcp":"RCP8.5","period":"2060","key":"pr","value":4.9,"estimate":"q95","season":"MAM"},{"bfs_id":3379,"rcp":"RCP8.5","period":"2060","key":"pr","value":5.2,"estimate":"q95","season":"JJA"},{"bfs_id":3379,"rcp":"RCP8.5","period":"2060","key":"pr","value":4.1,"estimate":"q95","season":"SON"},{"bfs_id":3379,"rcp":"RCP8.5","period":"2085","key":"pr","value":3.9,"estimate":"q5","season":"DJF"},{"bfs_id":3379,"rcp":"RCP8.5","period":"2085","key":"pr","value":4.1,"estimate":"q5","season":"MAM"},{"bfs_id":3379,"rcp":"RCP8.5","period":"2085","key":"pr","value":3.1,"estimate":"q5","season":"JJA"},{"bfs_id":3379,"rcp":"RCP8.5","period":"2085","key":"pr","value":3,"estimate":"q5","season":"SON"},{"bfs_id":3379,"rcp":"RCP8.5","period":"2085","key":"pr","value":4.2,"estimate":"q50","season":"DJF"},{"bfs_id":3379,"rcp":"RCP8.5","period":"2085","key":"pr","value":4.5,"estimate":"q50","season":"MAM"},{"bfs_id":3379,"rcp":"RCP8.5","period":"2085","key":"pr","value":4,"estimate":"q50","season":"JJA"},{"bfs_id":3379,"rcp":"RCP8.5","period":"2085","key":"pr","value":3.5,"estimate":"q50","season":"SON"},{"bfs_id":3379,"rcp":"RCP8.5","period":"2085","key":"pr","value":4.8,"estimate":"q95","season":"DJF"},{"bfs_id":3379,"rcp":"RCP8.5","period":"2085","key":"pr","value":5,"estimate":"q95","season":"MAM"},{"bfs_id":3379,"rcp":"RCP8.5","period":"2085","key":"pr","value":4.5,"estimate":"q95","season":"JJA"},{"bfs_id":3379,"rcp":"RCP8.5","period":"2085","key":"pr","value":4.3,"estimate":"q95","season":"SON"},{"bfs_id":3379,"rcp":"RCP2.6","period":"2035","key":"tas","value":-0.2,"estimate":"q5","season":"DJF"},{"bfs_id":3379,"rcp":"RCP2.6","period":"2035","key":"tas","value":6.9,"estimate":"q5","season":"MAM"},{"bfs_id":3379,"rcp":"RCP2.6","period":"2035","key":"tas","value":16.2,"estimate":"q5","season":"JJA"},{"bfs_id":3379,"rcp":"RCP2.6","period":"2035","key":"tas","value":8.5,"estimate":"q5","season":"SON"},{"bfs_id":3379,"rcp":"RCP2.6","period":"2035","key":"tas","value":0.4,"estimate":"q50","season":"DJF"},{"bfs_id":3379,"rcp":"RCP2.6","period":"2035","key":"tas","value":7.6,"estimate":"q50","season":"MAM"},{"bfs_id":3379,"rcp":"RCP2.6","period":"2035","key":"tas","value":16.8,"estimate":"q50","season":"JJA"},{"bfs_id":3379,"rcp":"RCP2.6","period":"2035","key":"tas","value":8.8,"estimate":"q50","season":"SON"},{"bfs_id":3379,"rcp":"RCP2.6","period":"2035","key":"tas","value":1.1,"estimate":"q95","season":"DJF"},{"bfs_id":3379,"rcp":"RCP2.6","period":"2035","key":"tas","value":7.9,"estimate":"q95","season":"MAM"},{"bfs_id":3379,"rcp":"RCP2.6","period":"2035","key":"tas","value":17.5,"estimate":"q95","season":"JJA"},{"bfs_id":3379,"rcp":"RCP2.6","period":"2035","key":"tas","value":9.7,"estimate":"q95","season":"SON"},{"bfs_id":3379,"rcp":"RCP2.6","period":"2060","key":"tas","value":-0.2,"estimate":"q5","season":"DJF"},{"bfs_id":3379,"rcp":"RCP2.6","period":"2060","key":"tas","value":6.8,"estimate":"q5","season":"MAM"},{"bfs_id":3379,"rcp":"RCP2.6","period":"2060","key":"tas","value":16.5,"estimate":"q5","season":"JJA"},{"bfs_id":3379,"rcp":"RCP2.6","period":"2060","key":"tas","value":8.7,"estimate":"q5","season":"SON"},{"bfs_id":3379,"rcp":"RCP2.6","period":"2060","key":"tas","value":0.7,"estimate":"q50","season":"DJF"},{"bfs_id":3379,"rcp":"RCP2.6","period":"2060","key":"tas","value":7.6,"estimate":"q50","season":"MAM"},{"bfs_id":3379,"rcp":"RCP2.6","period":"2060","key":"tas","value":16.9,"estimate":"q50","season":"JJA"},{"bfs_id":3379,"rcp":"RCP2.6","period":"2060","key":"tas","value":9.1,"estimate":"q50","season":"SON"},{"bfs_id":3379,"rcp":"RCP2.6","period":"2060","key":"tas","value":1.3,"estimate":"q95","season":"DJF"},{"bfs_id":3379,"rcp":"RCP2.6","period":"2060","key":"tas","value":8.1,"estimate":"q95","season":"MAM"},{"bfs_id":3379,"rcp":"RCP2.6","period":"2060","key":"tas","value":17.6,"estimate":"q95","season":"JJA"},{"bfs_id":3379,"rcp":"RCP2.6","period":"2060","key":"tas","value":10.1,"estimate":"q95","season":"SON"},{"bfs_id":3379,"rcp":"RCP2.6","period":"2085","key":"tas","value":-0.1,"estimate":"q5","season":"DJF"},{"bfs_id":3379,"rcp":"RCP2.6","period":"2085","key":"tas","value":6.9,"estimate":"q5","season":"MAM"},{"bfs_id":3379,"rcp":"RCP2.6","period":"2085","key":"tas","value":16.4,"estimate":"q5","season":"JJA"},{"bfs_id":3379,"rcp":"RCP2.6","period":"2085","key":"tas","value":8.5,"estimate":"q5","season":"SON"},{"bfs_id":3379,"rcp":"RCP2.6","period":"2085","key":"tas","value":0.6,"estimate":"q50","season":"DJF"},{"bfs_id":3379,"rcp":"RCP2.6","period":"2085","key":"tas","value":7.6,"estimate":"q50","season":"MAM"},{"bfs_id":3379,"rcp":"RCP2.6","period":"2085","key":"tas","value":16.8,"estimate":"q50","season":"JJA"},{"bfs_id":3379,"rcp":"RCP2.6","period":"2085","key":"tas","value":9.1,"estimate":"q50","season":"SON"},{"bfs_id":3379,"rcp":"RCP2.6","period":"2085","key":"tas","value":1.3,"estimate":"q95","season":"DJF"},{"bfs_id":3379,"rcp":"RCP2.6","period":"2085","key":"tas","value":8.2,"estimate":"q95","season":"MAM"},{"bfs_id":3379,"rcp":"RCP2.6","period":"2085","key":"tas","value":17.5,"estimate":"q95","season":"JJA"},{"bfs_id":3379,"rcp":"RCP2.6","period":"2085","key":"tas","value":10.1,"estimate":"q95","season":"SON"},{"bfs_id":3379,"rcp":"RCP8.5","period":"2035","key":"tas","value":-0.1,"estimate":"q5","season":"DJF"},{"bfs_id":3379,"rcp":"RCP8.5","period":"2035","key":"tas","value":7.2,"estimate":"q5","season":"MAM"},{"bfs_id":3379,"rcp":"RCP8.5","period":"2035","key":"tas","value":16.6,"estimate":"q5","season":"JJA"},{"bfs_id":3379,"rcp":"RCP8.5","period":"2035","key":"tas","value":8.7,"estimate":"q5","season":"SON"},{"bfs_id":3379,"rcp":"RCP8.5","period":"2035","key":"tas","value":0.7,"estimate":"q50","season":"DJF"},{"bfs_id":3379,"rcp":"RCP8.5","period":"2035","key":"tas","value":7.6,"estimate":"q50","season":"MAM"},{"bfs_id":3379,"rcp":"RCP8.5","period":"2035","key":"tas","value":17.1,"estimate":"q50","season":"JJA"},{"bfs_id":3379,"rcp":"RCP8.5","period":"2035","key":"tas","value":9.2,"estimate":"q50","season":"SON"},{"bfs_id":3379,"rcp":"RCP8.5","period":"2035","key":"tas","value":1.2,"estimate":"q95","season":"DJF"},{"bfs_id":3379,"rcp":"RCP8.5","period":"2035","key":"tas","value":8.1,"estimate":"q95","season":"MAM"},{"bfs_id":3379,"rcp":"RCP8.5","period":"2035","key":"tas","value":17.7,"estimate":"q95","season":"JJA"},{"bfs_id":3379,"rcp":"RCP8.5","period":"2035","key":"tas","value":10.1,"estimate":"q95","season":"SON"},{"bfs_id":3379,"rcp":"RCP8.5","period":"2060","key":"tas","value":1.4,"estimate":"q5","season":"DJF"},{"bfs_id":3379,"rcp":"RCP8.5","period":"2060","key":"tas","value":8.1,"estimate":"q5","season":"MAM"},{"bfs_id":3379,"rcp":"RCP8.5","period":"2060","key":"tas","value":17.7,"estimate":"q5","season":"JJA"},{"bfs_id":3379,"rcp":"RCP8.5","period":"2060","key":"tas","value":9.9,"estimate":"q5","season":"SON"},{"bfs_id":3379,"rcp":"RCP8.5","period":"2060","key":"tas","value":1.6,"estimate":"q50","season":"DJF"},{"bfs_id":3379,"rcp":"RCP8.5","period":"2060","key":"tas","value":8.6,"estimate":"q50","season":"MAM"},{"bfs_id":3379,"rcp":"RCP8.5","period":"2060","key":"tas","value":18.2,"estimate":"q50","season":"JJA"},{"bfs_id":3379,"rcp":"RCP8.5","period":"2060","key":"tas","value":10.5,"estimate":"q50","season":"SON"},{"bfs_id":3379,"rcp":"RCP8.5","period":"2060","key":"tas","value":2.4,"estimate":"q95","season":"DJF"},{"bfs_id":3379,"rcp":"RCP8.5","period":"2060","key":"tas","value":9.6,"estimate":"q95","season":"MAM"},{"bfs_id":3379,"rcp":"RCP8.5","period":"2060","key":"tas","value":19.4,"estimate":"q95","season":"JJA"},{"bfs_id":3379,"rcp":"RCP8.5","period":"2060","key":"tas","value":11.3,"estimate":"q95","season":"SON"},{"bfs_id":3379,"rcp":"RCP8.5","period":"2085","key":"tas","value":2.5,"estimate":"q5","season":"DJF"},{"bfs_id":3379,"rcp":"RCP8.5","period":"2085","key":"tas","value":9.3,"estimate":"q5","season":"MAM"},{"bfs_id":3379,"rcp":"RCP8.5","period":"2085","key":"tas","value":19.1,"estimate":"q5","season":"JJA"},{"bfs_id":3379,"rcp":"RCP8.5","period":"2085","key":"tas","value":10.8,"estimate":"q5","season":"SON"},{"bfs_id":3379,"rcp":"RCP8.5","period":"2085","key":"tas","value":3.6,"estimate":"q50","season":"DJF"},{"bfs_id":3379,"rcp":"RCP8.5","period":"2085","key":"tas","value":10.1,"estimate":"q50","season":"MAM"},{"bfs_id":3379,"rcp":"RCP8.5","period":"2085","key":"tas","value":19.8,"estimate":"q50","season":"JJA"},{"bfs_id":3379,"rcp":"RCP8.5","period":"2085","key":"tas","value":11.9,"estimate":"q50","season":"SON"},{"bfs_id":3379,"rcp":"RCP8.5","period":"2085","key":"tas","value":4.3,"estimate":"q95","season":"DJF"},{"bfs_id":3379,"rcp":"RCP8.5","period":"2085","key":"tas","value":11.3,"estimate":"q95","season":"MAM"},{"bfs_id":3379,"rcp":"RCP8.5","period":"2085","key":"tas","value":22.2,"estimate":"q95","season":"JJA"},{"bfs_id":3379,"rcp":"RCP8.5","period":"2085","key":"tas","value":13.6,"estimate":"q95","season":"SON"},{"bfs_id":3379,"rcp":"obs","period":"1981-2010","key":"FD","value":122.2,"estimate":"yearly_mean"},{"bfs_id":3379,"rcp":"obs","period":"1981-2010","key":"HD","value":2.1,"estimate":"yearly_mean"},{"bfs_id":3379,"rcp":"obs","period":"1981-2010","key":"ID","value":31.5,"estimate":"yearly_mean"},{"bfs_id":3379,"rcp":"obs","period":"1981-2010","key":"SD","value":24,"estimate":"yearly_mean"},{"bfs_id":3379,"rcp":"obs","period":"1981-2010","key":"snowdays","value":38.5,"estimate":"yearly_mean"},{"bfs_id":3379,"rcp":"obs","period":"1981-2010","key":"TN","value":0,"estimate":"yearly_mean"},{"bfs_id":3379,"rcp":"obs","period":"1981-2010","key":"pr","value":3.5,"estimate":"mean","season":"DJF"},{"bfs_id":3379,"rcp":"obs","period":"1981-2010","key":"pr","value":3.9,"estimate":"mean","season":"MAM"},{"bfs_id":3379,"rcp":"obs","period":"1981-2010","key":"pr","value":5.1,"estimate":"mean","season":"JJA"},{"bfs_id":3379,"rcp":"obs","period":"1981-2010","key":"pr","value":3.7,"estimate":"mean","season":"SON"},{"bfs_id":3379,"rcp":"obs","period":"1981-2010","key":"tas","value":-0.8,"estimate":"mean","season":"DJF"},{"bfs_id":3379,"rcp":"obs","period":"1981-2010","key":"tas","value":6.8,"estimate":"mean","season":"MAM"},{"bfs_id":3379,"rcp":"obs","period":"1981-2010","key":"tas","value":15.6,"estimate":"mean","season":"JJA"},{"bfs_id":3379,"rcp":"obs","period":"1981-2010","key":"tas","value":7.8,"estimate":"mean","season":"SON"}]
