[{"bfs_id":2586,"rcp":"RCP2.6","period":"2035","key":"FD","value":59.1,"estimate":"q5"},{"bfs_id":2586,"rcp":"RCP2.6","period":"2035","key":"FD","value":71.2,"estimate":"q50"},{"bfs_id":2586,"rcp":"RCP2.6","period":"2035","key":"FD","value":76.4,"estimate":"q95"},{"bfs_id":2586,"rcp":"RCP2.6","period":"2060","key":"FD","value":57.6,"estimate":"q5"},{"bfs_id":2586,"rcp":"RCP2.6","period":"2060","key":"FD","value":67.2,"estimate":"q50"},{"bfs_id":2586,"rcp":"RCP2.6","period":"2060","key":"FD","value":73.6,"estimate":"q95"},{"bfs_id":2586,"rcp":"RCP2.6","period":"2085","key":"FD","value":58.4,"estimate":"q5"},{"bfs_id":2586,"rcp":"RCP2.6","period":"2085","key":"FD","value":69.5,"estimate":"q50"},{"bfs_id":2586,"rcp":"RCP2.6","period":"2085","key":"FD","value":75.2,"estimate":"q95"},{"bfs_id":2586,"rcp":"RCP8.5","period":"2035","key":"FD","value":56.3,"estimate":"q5"},{"bfs_id":2586,"rcp":"RCP8.5","period":"2035","key":"FD","value":66.8,"estimate":"q50"},{"bfs_id":2586,"rcp":"RCP8.5","period":"2035","key":"FD","value":73.9,"estimate":"q95"},{"bfs_id":2586,"rcp":"RCP8.5","period":"2060","key":"FD","value":46.6,"estimate":"q5"},{"bfs_id":2586,"rcp":"RCP8.5","period":"2060","key":"FD","value":53.8,"estimate":"q50"},{"bfs_id":2586,"rcp":"RCP8.5","period":"2060","key":"FD","value":62.2,"estimate":"q95"},{"bfs_id":2586,"rcp":"RCP8.5","period":"2085","key":"FD","value":28.9,"estimate":"q5"},{"bfs_id":2586,"rcp":"RCP8.5","period":"2085","key":"FD","value":33,"estimate":"q50"},{"bfs_id":2586,"rcp":"RCP8.5","period":"2085","key":"FD","value":46.3,"estimate":"q95"},{"bfs_id":2586,"rcp":"RCP2.6","period":"2035","key":"HD","value":13.6,"estimate":"q5"},{"bfs_id":2586,"rcp":"RCP2.6","period":"2035","key":"HD","value":17.1,"estimate":"q50"},{"bfs_id":2586,"rcp":"RCP2.6","period":"2035","key":"HD","value":22.1,"estimate":"q95"},{"bfs_id":2586,"rcp":"RCP2.6","period":"2060","key":"HD","value":14.1,"estimate":"q5"},{"bfs_id":2586,"rcp":"RCP2.6","period":"2060","key":"HD","value":17.4,"estimate":"q50"},{"bfs_id":2586,"rcp":"RCP2.6","period":"2060","key":"HD","value":24.9,"estimate":"q95"},{"bfs_id":2586,"rcp":"RCP2.6","period":"2085","key":"HD","value":13.8,"estimate":"q5"},{"bfs_id":2586,"rcp":"RCP2.6","period":"2085","key":"HD","value":17.6,"estimate":"q50"},{"bfs_id":2586,"rcp":"RCP2.6","period":"2085","key":"HD","value":24.1,"estimate":"q95"},{"bfs_id":2586,"rcp":"RCP8.5","period":"2035","key":"HD","value":14.2,"estimate":"q5"},{"bfs_id":2586,"rcp":"RCP8.5","period":"2035","key":"HD","value":18.1,"estimate":"q50"},{"bfs_id":2586,"rcp":"RCP8.5","period":"2035","key":"HD","value":24.5,"estimate":"q95"},{"bfs_id":2586,"rcp":"RCP8.5","period":"2060","key":"HD","value":21.8,"estimate":"q5"},{"bfs_id":2586,"rcp":"RCP8.5","period":"2060","key":"HD","value":27.8,"estimate":"q50"},{"bfs_id":2586,"rcp":"RCP8.5","period":"2060","key":"HD","value":41.2,"estimate":"q95"},{"bfs_id":2586,"rcp":"RCP8.5","period":"2085","key":"HD","value":36.9,"estimate":"q5"},{"bfs_id":2586,"rcp":"RCP8.5","period":"2085","key":"HD","value":43.3,"estimate":"q50"},{"bfs_id":2586,"rcp":"RCP8.5","period":"2085","key":"HD","value":68.4,"estimate":"q95"},{"bfs_id":2586,"rcp":"RCP2.6","period":"2035","key":"ID","value":9.5,"estimate":"q5"},{"bfs_id":2586,"rcp":"RCP2.6","period":"2035","key":"ID","value":13.2,"estimate":"q50"},{"bfs_id":2586,"rcp":"RCP2.6","period":"2035","key":"ID","value":16.7,"estimate":"q95"},{"bfs_id":2586,"rcp":"RCP2.6","period":"2060","key":"ID","value":9.5,"estimate":"q5"},{"bfs_id":2586,"rcp":"RCP2.6","period":"2060","key":"ID","value":13.4,"estimate":"q50"},{"bfs_id":2586,"rcp":"RCP2.6","period":"2060","key":"ID","value":15.8,"estimate":"q95"},{"bfs_id":2586,"rcp":"RCP2.6","period":"2085","key":"ID","value":9.7,"estimate":"q5"},{"bfs_id":2586,"rcp":"RCP2.6","period":"2085","key":"ID","value":12.9,"estimate":"q50"},{"bfs_id":2586,"rcp":"RCP2.6","period":"2085","key":"ID","value":15,"estimate":"q95"},{"bfs_id":2586,"rcp":"RCP8.5","period":"2035","key":"ID","value":9.7,"estimate":"q5"},{"bfs_id":2586,"rcp":"RCP8.5","period":"2035","key":"ID","value":11.6,"estimate":"q50"},{"bfs_id":2586,"rcp":"RCP8.5","period":"2035","key":"ID","value":16.8,"estimate":"q95"},{"bfs_id":2586,"rcp":"RCP8.5","period":"2060","key":"ID","value":6.6,"estimate":"q5"},{"bfs_id":2586,"rcp":"RCP8.5","period":"2060","key":"ID","value":9,"estimate":"q50"},{"bfs_id":2586,"rcp":"RCP8.5","period":"2060","key":"ID","value":11.4,"estimate":"q95"},{"bfs_id":2586,"rcp":"RCP8.5","period":"2085","key":"ID","value":1.7,"estimate":"q5"},{"bfs_id":2586,"rcp":"RCP8.5","period":"2085","key":"ID","value":4,"estimate":"q50"},{"bfs_id":2586,"rcp":"RCP8.5","period":"2085","key":"ID","value":6.2,"estimate":"q95"},{"bfs_id":2586,"rcp":"RCP2.6","period":"2035","key":"SD","value":54.6,"estimate":"q5"},{"bfs_id":2586,"rcp":"RCP2.6","period":"2035","key":"SD","value":60.9,"estimate":"q50"},{"bfs_id":2586,"rcp":"RCP2.6","period":"2035","key":"SD","value":68.2,"estimate":"q95"},{"bfs_id":2586,"rcp":"RCP2.6","period":"2060","key":"SD","value":55.1,"estimate":"q5"},{"bfs_id":2586,"rcp":"RCP2.6","period":"2060","key":"SD","value":61.9,"estimate":"q50"},{"bfs_id":2586,"rcp":"RCP2.6","period":"2060","key":"SD","value":67.9,"estimate":"q95"},{"bfs_id":2586,"rcp":"RCP2.6","period":"2085","key":"SD","value":54.2,"estimate":"q5"},{"bfs_id":2586,"rcp":"RCP2.6","period":"2085","key":"SD","value":62.2,"estimate":"q50"},{"bfs_id":2586,"rcp":"RCP2.6","period":"2085","key":"SD","value":68.8,"estimate":"q95"},{"bfs_id":2586,"rcp":"RCP8.5","period":"2035","key":"SD","value":57,"estimate":"q5"},{"bfs_id":2586,"rcp":"RCP8.5","period":"2035","key":"SD","value":63.5,"estimate":"q50"},{"bfs_id":2586,"rcp":"RCP8.5","period":"2035","key":"SD","value":68.8,"estimate":"q95"},{"bfs_id":2586,"rcp":"RCP8.5","period":"2060","key":"SD","value":73.2,"estimate":"q5"},{"bfs_id":2586,"rcp":"RCP8.5","period":"2060","key":"SD","value":78.2,"estimate":"q50"},{"bfs_id":2586,"rcp":"RCP8.5","period":"2060","key":"SD","value":92.6,"estimate":"q95"},{"bfs_id":2586,"rcp":"RCP8.5","period":"2085","key":"SD","value":88.3,"estimate":"q5"},{"bfs_id":2586,"rcp":"RCP8.5","period":"2085","key":"SD","value":101.9,"estimate":"q50"},{"bfs_id":2586,"rcp":"RCP8.5","period":"2085","key":"SD","value":118.2,"estimate":"q95"},{"bfs_id":2586,"rcp":"RCP2.6","period":"2035","key":"snowdays","value":13.9,"estimate":"q5"},{"bfs_id":2586,"rcp":"RCP2.6","period":"2035","key":"snowdays","value":17.7,"estimate":"q50"},{"bfs_id":2586,"rcp":"RCP2.6","period":"2035","key":"snowdays","value":20.4,"estimate":"q95"},{"bfs_id":2586,"rcp":"RCP2.6","period":"2060","key":"snowdays","value":13.4,"estimate":"q5"},{"bfs_id":2586,"rcp":"RCP2.6","period":"2060","key":"snowdays","value":16.8,"estimate":"q50"},{"bfs_id":2586,"rcp":"RCP2.6","period":"2060","key":"snowdays","value":20.5,"estimate":"q95"},{"bfs_id":2586,"rcp":"RCP2.6","period":"2085","key":"snowdays","value":12.9,"estimate":"q5"},{"bfs_id":2586,"rcp":"RCP2.6","period":"2085","key":"snowdays","value":17.3,"estimate":"q50"},{"bfs_id":2586,"rcp":"RCP2.6","period":"2085","key":"snowdays","value":19.7,"estimate":"q95"},{"bfs_id":2586,"rcp":"RCP8.5","period":"2035","key":"snowdays","value":12,"estimate":"q5"},{"bfs_id":2586,"rcp":"RCP8.5","period":"2035","key":"snowdays","value":17.3,"estimate":"q50"},{"bfs_id":2586,"rcp":"RCP8.5","period":"2035","key":"snowdays","value":19.8,"estimate":"q95"},{"bfs_id":2586,"rcp":"RCP8.5","period":"2060","key":"snowdays","value":9,"estimate":"q5"},{"bfs_id":2586,"rcp":"RCP8.5","period":"2060","key":"snowdays","value":12.9,"estimate":"q50"},{"bfs_id":2586,"rcp":"RCP8.5","period":"2060","key":"snowdays","value":15.5,"estimate":"q95"},{"bfs_id":2586,"rcp":"RCP8.5","period":"2085","key":"snowdays","value":3.8,"estimate":"q5"},{"bfs_id":2586,"rcp":"RCP8.5","period":"2085","key":"snowdays","value":7,"estimate":"q50"},{"bfs_id":2586,"rcp":"RCP8.5","period":"2085","key":"snowdays","value":10,"estimate":"q95"},{"bfs_id":2586,"rcp":"RCP2.6","period":"2035","key":"TN","value":0.1,"estimate":"q5"},{"bfs_id":2586,"rcp":"RCP2.6","period":"2035","key":"TN","value":0.4,"estimate":"q50"},{"bfs_id":2586,"rcp":"RCP2.6","period":"2035","key":"TN","value":0.8,"estimate":"q95"},{"bfs_id":2586,"rcp":"RCP2.6","period":"2060","key":"TN","value":0.2,"estimate":"q5"},{"bfs_id":2586,"rcp":"RCP2.6","period":"2060","key":"TN","value":0.6,"estimate":"q50"},{"bfs_id":2586,"rcp":"RCP2.6","period":"2060","key":"TN","value":1.1,"estimate":"q95"},{"bfs_id":2586,"rcp":"RCP2.6","period":"2085","key":"TN","value":0.2,"estimate":"q5"},{"bfs_id":2586,"rcp":"RCP2.6","period":"2085","key":"TN","value":0.6,"estimate":"q50"},{"bfs_id":2586,"rcp":"RCP2.6","period":"2085","key":"TN","value":1,"estimate":"q95"},{"bfs_id":2586,"rcp":"RCP8.5","period":"2035","key":"TN","value":0.2,"estimate":"q5"},{"bfs_id":2586,"rcp":"RCP8.5","period":"2035","key":"TN","value":0.7,"estimate":"q50"},{"bfs_id":2586,"rcp":"RCP8.5","period":"2035","key":"TN","value":1.9,"estimate":"q95"},{"bfs_id":2586,"rcp":"RCP8.5","period":"2060","key":"TN","value":1.3,"estimate":"q5"},{"bfs_id":2586,"rcp":"RCP8.5","period":"2060","key":"TN","value":3,"estimate":"q50"},{"bfs_id":2586,"rcp":"RCP8.5","period":"2060","key":"TN","value":6.9,"estimate":"q95"},{"bfs_id":2586,"rcp":"RCP8.5","period":"2085","key":"TN","value":5.8,"estimate":"q5"},{"bfs_id":2586,"rcp":"RCP8.5","period":"2085","key":"TN","value":10,"estimate":"q50"},{"bfs_id":2586,"rcp":"RCP8.5","period":"2085","key":"TN","value":24.3,"estimate":"q95"},{"bfs_id":2586,"rcp":"RCP2.6","period":"2035","key":"pr","value":2.5,"estimate":"q5","season":"DJF"},{"bfs_id":2586,"rcp":"RCP2.6","period":"2035","key":"pr","value":2.8,"estimate":"q5","season":"MAM"},{"bfs_id":2586,"rcp":"RCP2.6","period":"2035","key":"pr","value":3,"estimate":"q5","season":"JJA"},{"bfs_id":2586,"rcp":"RCP2.6","period":"2035","key":"pr","value":2.7,"estimate":"q5","season":"SON"},{"bfs_id":2586,"rcp":"RCP2.6","period":"2035","key":"pr","value":2.9,"estimate":"q50","season":"DJF"},{"bfs_id":2586,"rcp":"RCP2.6","period":"2035","key":"pr","value":3.1,"estimate":"q50","season":"MAM"},{"bfs_id":2586,"rcp":"RCP2.6","period":"2035","key":"pr","value":3.4,"estimate":"q50","season":"JJA"},{"bfs_id":2586,"rcp":"RCP2.6","period":"2035","key":"pr","value":2.9,"estimate":"q50","season":"SON"},{"bfs_id":2586,"rcp":"RCP2.6","period":"2035","key":"pr","value":3.4,"estimate":"q95","season":"DJF"},{"bfs_id":2586,"rcp":"RCP2.6","period":"2035","key":"pr","value":3.3,"estimate":"q95","season":"MAM"},{"bfs_id":2586,"rcp":"RCP2.6","period":"2035","key":"pr","value":3.8,"estimate":"q95","season":"JJA"},{"bfs_id":2586,"rcp":"RCP2.6","period":"2035","key":"pr","value":3.5,"estimate":"q95","season":"SON"},{"bfs_id":2586,"rcp":"RCP2.6","period":"2060","key":"pr","value":2.6,"estimate":"q5","season":"DJF"},{"bfs_id":2586,"rcp":"RCP2.6","period":"2060","key":"pr","value":2.9,"estimate":"q5","season":"MAM"},{"bfs_id":2586,"rcp":"RCP2.6","period":"2060","key":"pr","value":3,"estimate":"q5","season":"JJA"},{"bfs_id":2586,"rcp":"RCP2.6","period":"2060","key":"pr","value":2.7,"estimate":"q5","season":"SON"},{"bfs_id":2586,"rcp":"RCP2.6","period":"2060","key":"pr","value":2.9,"estimate":"q50","season":"DJF"},{"bfs_id":2586,"rcp":"RCP2.6","period":"2060","key":"pr","value":3.1,"estimate":"q50","season":"MAM"},{"bfs_id":2586,"rcp":"RCP2.6","period":"2060","key":"pr","value":3.4,"estimate":"q50","season":"JJA"},{"bfs_id":2586,"rcp":"RCP2.6","period":"2060","key":"pr","value":2.9,"estimate":"q50","season":"SON"},{"bfs_id":2586,"rcp":"RCP2.6","period":"2060","key":"pr","value":3.2,"estimate":"q95","season":"DJF"},{"bfs_id":2586,"rcp":"RCP2.6","period":"2060","key":"pr","value":3.4,"estimate":"q95","season":"MAM"},{"bfs_id":2586,"rcp":"RCP2.6","period":"2060","key":"pr","value":3.9,"estimate":"q95","season":"JJA"},{"bfs_id":2586,"rcp":"RCP2.6","period":"2060","key":"pr","value":3.4,"estimate":"q95","season":"SON"},{"bfs_id":2586,"rcp":"RCP2.6","period":"2085","key":"pr","value":2.6,"estimate":"q5","season":"DJF"},{"bfs_id":2586,"rcp":"RCP2.6","period":"2085","key":"pr","value":2.8,"estimate":"q5","season":"MAM"},{"bfs_id":2586,"rcp":"RCP2.6","period":"2085","key":"pr","value":2.9,"estimate":"q5","season":"JJA"},{"bfs_id":2586,"rcp":"RCP2.6","period":"2085","key":"pr","value":2.6,"estimate":"q5","season":"SON"},{"bfs_id":2586,"rcp":"RCP2.6","period":"2085","key":"pr","value":2.9,"estimate":"q50","season":"DJF"},{"bfs_id":2586,"rcp":"RCP2.6","period":"2085","key":"pr","value":3.1,"estimate":"q50","season":"MAM"},{"bfs_id":2586,"rcp":"RCP2.6","period":"2085","key":"pr","value":3.5,"estimate":"q50","season":"JJA"},{"bfs_id":2586,"rcp":"RCP2.6","period":"2085","key":"pr","value":2.9,"estimate":"q50","season":"SON"},{"bfs_id":2586,"rcp":"RCP2.6","period":"2085","key":"pr","value":3.3,"estimate":"q95","season":"DJF"},{"bfs_id":2586,"rcp":"RCP2.6","period":"2085","key":"pr","value":3.4,"estimate":"q95","season":"MAM"},{"bfs_id":2586,"rcp":"RCP2.6","period":"2085","key":"pr","value":3.9,"estimate":"q95","season":"JJA"},{"bfs_id":2586,"rcp":"RCP2.6","period":"2085","key":"pr","value":3.3,"estimate":"q95","season":"SON"},{"bfs_id":2586,"rcp":"RCP8.5","period":"2035","key":"pr","value":2.7,"estimate":"q5","season":"DJF"},{"bfs_id":2586,"rcp":"RCP8.5","period":"2035","key":"pr","value":2.9,"estimate":"q5","season":"MAM"},{"bfs_id":2586,"rcp":"RCP8.5","period":"2035","key":"pr","value":2.9,"estimate":"q5","season":"JJA"},{"bfs_id":2586,"rcp":"RCP8.5","period":"2035","key":"pr","value":2.7,"estimate":"q5","season":"SON"},{"bfs_id":2586,"rcp":"RCP8.5","period":"2035","key":"pr","value":3,"estimate":"q50","season":"DJF"},{"bfs_id":2586,"rcp":"RCP8.5","period":"2035","key":"pr","value":3.2,"estimate":"q50","season":"MAM"},{"bfs_id":2586,"rcp":"RCP8.5","period":"2035","key":"pr","value":3.5,"estimate":"q50","season":"JJA"},{"bfs_id":2586,"rcp":"RCP8.5","period":"2035","key":"pr","value":3.1,"estimate":"q50","season":"SON"},{"bfs_id":2586,"rcp":"RCP8.5","period":"2035","key":"pr","value":3.3,"estimate":"q95","season":"DJF"},{"bfs_id":2586,"rcp":"RCP8.5","period":"2035","key":"pr","value":3.4,"estimate":"q95","season":"MAM"},{"bfs_id":2586,"rcp":"RCP8.5","period":"2035","key":"pr","value":3.9,"estimate":"q95","season":"JJA"},{"bfs_id":2586,"rcp":"RCP8.5","period":"2035","key":"pr","value":3.4,"estimate":"q95","season":"SON"},{"bfs_id":2586,"rcp":"RCP8.5","period":"2060","key":"pr","value":2.8,"estimate":"q5","season":"DJF"},{"bfs_id":2586,"rcp":"RCP8.5","period":"2060","key":"pr","value":3.1,"estimate":"q5","season":"MAM"},{"bfs_id":2586,"rcp":"RCP8.5","period":"2060","key":"pr","value":2.6,"estimate":"q5","season":"JJA"},{"bfs_id":2586,"rcp":"RCP8.5","period":"2060","key":"pr","value":2.7,"estimate":"q5","season":"SON"},{"bfs_id":2586,"rcp":"RCP8.5","period":"2060","key":"pr","value":3.1,"estimate":"q50","season":"DJF"},{"bfs_id":2586,"rcp":"RCP8.5","period":"2060","key":"pr","value":3.2,"estimate":"q50","season":"MAM"},{"bfs_id":2586,"rcp":"RCP8.5","period":"2060","key":"pr","value":3.4,"estimate":"q50","season":"JJA"},{"bfs_id":2586,"rcp":"RCP8.5","period":"2060","key":"pr","value":3,"estimate":"q50","season":"SON"},{"bfs_id":2586,"rcp":"RCP8.5","period":"2060","key":"pr","value":3.5,"estimate":"q95","season":"DJF"},{"bfs_id":2586,"rcp":"RCP8.5","period":"2060","key":"pr","value":3.6,"estimate":"q95","season":"MAM"},{"bfs_id":2586,"rcp":"RCP8.5","period":"2060","key":"pr","value":3.6,"estimate":"q95","season":"JJA"},{"bfs_id":2586,"rcp":"RCP8.5","period":"2060","key":"pr","value":3.4,"estimate":"q95","season":"SON"},{"bfs_id":2586,"rcp":"RCP8.5","period":"2085","key":"pr","value":3,"estimate":"q5","season":"DJF"},{"bfs_id":2586,"rcp":"RCP8.5","period":"2085","key":"pr","value":3,"estimate":"q5","season":"MAM"},{"bfs_id":2586,"rcp":"RCP8.5","period":"2085","key":"pr","value":2.1,"estimate":"q5","season":"JJA"},{"bfs_id":2586,"rcp":"RCP8.5","period":"2085","key":"pr","value":2.5,"estimate":"q5","season":"SON"},{"bfs_id":2586,"rcp":"RCP8.5","period":"2085","key":"pr","value":3.4,"estimate":"q50","season":"DJF"},{"bfs_id":2586,"rcp":"RCP8.5","period":"2085","key":"pr","value":3.4,"estimate":"q50","season":"MAM"},{"bfs_id":2586,"rcp":"RCP8.5","period":"2085","key":"pr","value":3,"estimate":"q50","season":"JJA"},{"bfs_id":2586,"rcp":"RCP8.5","period":"2085","key":"pr","value":3,"estimate":"q50","season":"SON"},{"bfs_id":2586,"rcp":"RCP8.5","period":"2085","key":"pr","value":3.8,"estimate":"q95","season":"DJF"},{"bfs_id":2586,"rcp":"RCP8.5","period":"2085","key":"pr","value":3.7,"estimate":"q95","season":"MAM"},{"bfs_id":2586,"rcp":"RCP8.5","period":"2085","key":"pr","value":3.5,"estimate":"q95","season":"JJA"},{"bfs_id":2586,"rcp":"RCP8.5","period":"2085","key":"pr","value":3.5,"estimate":"q95","season":"SON"},{"bfs_id":2586,"rcp":"RCP2.6","period":"2035","key":"tas","value":1.5,"estimate":"q5","season":"DJF"},{"bfs_id":2586,"rcp":"RCP2.6","period":"2035","key":"tas","value":9.2,"estimate":"q5","season":"MAM"},{"bfs_id":2586,"rcp":"RCP2.6","period":"2035","key":"tas","value":18.4,"estimate":"q5","season":"JJA"},{"bfs_id":2586,"rcp":"RCP2.6","period":"2035","key":"tas","value":10.2,"estimate":"q5","season":"SON"},{"bfs_id":2586,"rcp":"RCP2.6","period":"2035","key":"tas","value":2.1,"estimate":"q50","season":"DJF"},{"bfs_id":2586,"rcp":"RCP2.6","period":"2035","key":"tas","value":9.8,"estimate":"q50","season":"MAM"},{"bfs_id":2586,"rcp":"RCP2.6","period":"2035","key":"tas","value":18.9,"estimate":"q50","season":"JJA"},{"bfs_id":2586,"rcp":"RCP2.6","period":"2035","key":"tas","value":10.5,"estimate":"q50","season":"SON"},{"bfs_id":2586,"rcp":"RCP2.6","period":"2035","key":"tas","value":2.9,"estimate":"q95","season":"DJF"},{"bfs_id":2586,"rcp":"RCP2.6","period":"2035","key":"tas","value":10.1,"estimate":"q95","season":"MAM"},{"bfs_id":2586,"rcp":"RCP2.6","period":"2035","key":"tas","value":19.4,"estimate":"q95","season":"JJA"},{"bfs_id":2586,"rcp":"RCP2.6","period":"2035","key":"tas","value":11.3,"estimate":"q95","season":"SON"},{"bfs_id":2586,"rcp":"RCP2.6","period":"2060","key":"tas","value":1.6,"estimate":"q5","season":"DJF"},{"bfs_id":2586,"rcp":"RCP2.6","period":"2060","key":"tas","value":9.1,"estimate":"q5","season":"MAM"},{"bfs_id":2586,"rcp":"RCP2.6","period":"2060","key":"tas","value":18.6,"estimate":"q5","season":"JJA"},{"bfs_id":2586,"rcp":"RCP2.6","period":"2060","key":"tas","value":10.4,"estimate":"q5","season":"SON"},{"bfs_id":2586,"rcp":"RCP2.6","period":"2060","key":"tas","value":2.4,"estimate":"q50","season":"DJF"},{"bfs_id":2586,"rcp":"RCP2.6","period":"2060","key":"tas","value":9.8,"estimate":"q50","season":"MAM"},{"bfs_id":2586,"rcp":"RCP2.6","period":"2060","key":"tas","value":19,"estimate":"q50","season":"JJA"},{"bfs_id":2586,"rcp":"RCP2.6","period":"2060","key":"tas","value":10.8,"estimate":"q50","season":"SON"},{"bfs_id":2586,"rcp":"RCP2.6","period":"2060","key":"tas","value":2.9,"estimate":"q95","season":"DJF"},{"bfs_id":2586,"rcp":"RCP2.6","period":"2060","key":"tas","value":10.2,"estimate":"q95","season":"MAM"},{"bfs_id":2586,"rcp":"RCP2.6","period":"2060","key":"tas","value":19.6,"estimate":"q95","season":"JJA"},{"bfs_id":2586,"rcp":"RCP2.6","period":"2060","key":"tas","value":11.7,"estimate":"q95","season":"SON"},{"bfs_id":2586,"rcp":"RCP2.6","period":"2085","key":"tas","value":1.7,"estimate":"q5","season":"DJF"},{"bfs_id":2586,"rcp":"RCP2.6","period":"2085","key":"tas","value":9.2,"estimate":"q5","season":"MAM"},{"bfs_id":2586,"rcp":"RCP2.6","period":"2085","key":"tas","value":18.5,"estimate":"q5","season":"JJA"},{"bfs_id":2586,"rcp":"RCP2.6","period":"2085","key":"tas","value":10.2,"estimate":"q5","season":"SON"},{"bfs_id":2586,"rcp":"RCP2.6","period":"2085","key":"tas","value":2.3,"estimate":"q50","season":"DJF"},{"bfs_id":2586,"rcp":"RCP2.6","period":"2085","key":"tas","value":9.9,"estimate":"q50","season":"MAM"},{"bfs_id":2586,"rcp":"RCP2.6","period":"2085","key":"tas","value":19,"estimate":"q50","season":"JJA"},{"bfs_id":2586,"rcp":"RCP2.6","period":"2085","key":"tas","value":10.7,"estimate":"q50","season":"SON"},{"bfs_id":2586,"rcp":"RCP2.6","period":"2085","key":"tas","value":3,"estimate":"q95","season":"DJF"},{"bfs_id":2586,"rcp":"RCP2.6","period":"2085","key":"tas","value":10.2,"estimate":"q95","season":"MAM"},{"bfs_id":2586,"rcp":"RCP2.6","period":"2085","key":"tas","value":19.5,"estimate":"q95","season":"JJA"},{"bfs_id":2586,"rcp":"RCP2.6","period":"2085","key":"tas","value":11.7,"estimate":"q95","season":"SON"},{"bfs_id":2586,"rcp":"RCP8.5","period":"2035","key":"tas","value":1.5,"estimate":"q5","season":"DJF"},{"bfs_id":2586,"rcp":"RCP8.5","period":"2035","key":"tas","value":9.4,"estimate":"q5","season":"MAM"},{"bfs_id":2586,"rcp":"RCP8.5","period":"2035","key":"tas","value":18.8,"estimate":"q5","season":"JJA"},{"bfs_id":2586,"rcp":"RCP8.5","period":"2035","key":"tas","value":10.4,"estimate":"q5","season":"SON"},{"bfs_id":2586,"rcp":"RCP8.5","period":"2035","key":"tas","value":2.4,"estimate":"q50","season":"DJF"},{"bfs_id":2586,"rcp":"RCP8.5","period":"2035","key":"tas","value":9.8,"estimate":"q50","season":"MAM"},{"bfs_id":2586,"rcp":"RCP8.5","period":"2035","key":"tas","value":19.2,"estimate":"q50","season":"JJA"},{"bfs_id":2586,"rcp":"RCP8.5","period":"2035","key":"tas","value":11,"estimate":"q50","season":"SON"},{"bfs_id":2586,"rcp":"RCP8.5","period":"2035","key":"tas","value":2.9,"estimate":"q95","season":"DJF"},{"bfs_id":2586,"rcp":"RCP8.5","period":"2035","key":"tas","value":10.1,"estimate":"q95","season":"MAM"},{"bfs_id":2586,"rcp":"RCP8.5","period":"2035","key":"tas","value":19.7,"estimate":"q95","season":"JJA"},{"bfs_id":2586,"rcp":"RCP8.5","period":"2035","key":"tas","value":11.7,"estimate":"q95","season":"SON"},{"bfs_id":2586,"rcp":"RCP8.5","period":"2060","key":"tas","value":2.8,"estimate":"q5","season":"DJF"},{"bfs_id":2586,"rcp":"RCP8.5","period":"2060","key":"tas","value":10.2,"estimate":"q5","season":"MAM"},{"bfs_id":2586,"rcp":"RCP8.5","period":"2060","key":"tas","value":19.8,"estimate":"q5","season":"JJA"},{"bfs_id":2586,"rcp":"RCP8.5","period":"2060","key":"tas","value":11.5,"estimate":"q5","season":"SON"},{"bfs_id":2586,"rcp":"RCP8.5","period":"2060","key":"tas","value":3.2,"estimate":"q50","season":"DJF"},{"bfs_id":2586,"rcp":"RCP8.5","period":"2060","key":"tas","value":10.7,"estimate":"q50","season":"MAM"},{"bfs_id":2586,"rcp":"RCP8.5","period":"2060","key":"tas","value":20.4,"estimate":"q50","season":"JJA"},{"bfs_id":2586,"rcp":"RCP8.5","period":"2060","key":"tas","value":12.1,"estimate":"q50","season":"SON"},{"bfs_id":2586,"rcp":"RCP8.5","period":"2060","key":"tas","value":3.9,"estimate":"q95","season":"DJF"},{"bfs_id":2586,"rcp":"RCP8.5","period":"2060","key":"tas","value":11.2,"estimate":"q95","season":"MAM"},{"bfs_id":2586,"rcp":"RCP8.5","period":"2060","key":"tas","value":21.4,"estimate":"q95","season":"JJA"},{"bfs_id":2586,"rcp":"RCP8.5","period":"2060","key":"tas","value":12.9,"estimate":"q95","season":"SON"},{"bfs_id":2586,"rcp":"RCP8.5","period":"2085","key":"tas","value":3.9,"estimate":"q5","season":"DJF"},{"bfs_id":2586,"rcp":"RCP8.5","period":"2085","key":"tas","value":11.2,"estimate":"q5","season":"MAM"},{"bfs_id":2586,"rcp":"RCP8.5","period":"2085","key":"tas","value":21.1,"estimate":"q5","season":"JJA"},{"bfs_id":2586,"rcp":"RCP8.5","period":"2085","key":"tas","value":12.5,"estimate":"q5","season":"SON"},{"bfs_id":2586,"rcp":"RCP8.5","period":"2085","key":"tas","value":5,"estimate":"q50","season":"DJF"},{"bfs_id":2586,"rcp":"RCP8.5","period":"2085","key":"tas","value":12,"estimate":"q50","season":"MAM"},{"bfs_id":2586,"rcp":"RCP8.5","period":"2085","key":"tas","value":22,"estimate":"q50","season":"JJA"},{"bfs_id":2586,"rcp":"RCP8.5","period":"2085","key":"tas","value":13.5,"estimate":"q50","season":"SON"},{"bfs_id":2586,"rcp":"RCP8.5","period":"2085","key":"tas","value":5.6,"estimate":"q95","season":"DJF"},{"bfs_id":2586,"rcp":"RCP8.5","period":"2085","key":"tas","value":12.9,"estimate":"q95","season":"MAM"},{"bfs_id":2586,"rcp":"RCP8.5","period":"2085","key":"tas","value":24,"estimate":"q95","season":"JJA"},{"bfs_id":2586,"rcp":"RCP8.5","period":"2085","key":"tas","value":15.1,"estimate":"q95","season":"SON"},{"bfs_id":2586,"rcp":"obs","period":"1981-2010","key":"FD","value":84.9,"estimate":"yearly_mean"},{"bfs_id":2586,"rcp":"obs","period":"1981-2010","key":"HD","value":10.1,"estimate":"yearly_mean"},{"bfs_id":2586,"rcp":"obs","period":"1981-2010","key":"ID","value":19.1,"estimate":"yearly_mean"},{"bfs_id":2586,"rcp":"obs","period":"1981-2010","key":"SD","value":48.2,"estimate":"yearly_mean"},{"bfs_id":2586,"rcp":"obs","period":"1981-2010","key":"snowdays","value":19.1,"estimate":"yearly_mean"},{"bfs_id":2586,"rcp":"obs","period":"1981-2010","key":"TN","value":0,"estimate":"yearly_mean"},{"bfs_id":2586,"rcp":"obs","period":"1981-2010","key":"pr","value":2.7,"estimate":"mean","season":"DJF"},{"bfs_id":2586,"rcp":"obs","period":"1981-2010","key":"pr","value":3,"estimate":"mean","season":"MAM"},{"bfs_id":2586,"rcp":"obs","period":"1981-2010","key":"pr","value":3.6,"estimate":"mean","season":"JJA"},{"bfs_id":2586,"rcp":"obs","period":"1981-2010","key":"pr","value":3,"estimate":"mean","season":"SON"},{"bfs_id":2586,"rcp":"obs","period":"1981-2010","key":"tas","value":0.9,"estimate":"mean","season":"DJF"},{"bfs_id":2586,"rcp":"obs","period":"1981-2010","key":"tas","value":9.1,"estimate":"mean","season":"MAM"},{"bfs_id":2586,"rcp":"obs","period":"1981-2010","key":"tas","value":17.9,"estimate":"mean","season":"JJA"},{"bfs_id":2586,"rcp":"obs","period":"1981-2010","key":"tas","value":9.5,"estimate":"mean","season":"SON"}]
