[{"bfs_id":3031,"rcp":"RCP2.6","period":"2035","key":"FD","value":74.6,"estimate":"q5"},{"bfs_id":3031,"rcp":"RCP2.6","period":"2035","key":"FD","value":87.6,"estimate":"q50"},{"bfs_id":3031,"rcp":"RCP2.6","period":"2035","key":"FD","value":95.7,"estimate":"q95"},{"bfs_id":3031,"rcp":"RCP2.6","period":"2060","key":"FD","value":70.7,"estimate":"q5"},{"bfs_id":3031,"rcp":"RCP2.6","period":"2060","key":"FD","value":83.3,"estimate":"q50"},{"bfs_id":3031,"rcp":"RCP2.6","period":"2060","key":"FD","value":91.9,"estimate":"q95"},{"bfs_id":3031,"rcp":"RCP2.6","period":"2085","key":"FD","value":70.5,"estimate":"q5"},{"bfs_id":3031,"rcp":"RCP2.6","period":"2085","key":"FD","value":84.8,"estimate":"q50"},{"bfs_id":3031,"rcp":"RCP2.6","period":"2085","key":"FD","value":93.1,"estimate":"q95"},{"bfs_id":3031,"rcp":"RCP8.5","period":"2035","key":"FD","value":73.4,"estimate":"q5"},{"bfs_id":3031,"rcp":"RCP8.5","period":"2035","key":"FD","value":83,"estimate":"q50"},{"bfs_id":3031,"rcp":"RCP8.5","period":"2035","key":"FD","value":90.5,"estimate":"q95"},{"bfs_id":3031,"rcp":"RCP8.5","period":"2060","key":"FD","value":58.4,"estimate":"q5"},{"bfs_id":3031,"rcp":"RCP8.5","period":"2060","key":"FD","value":67.1,"estimate":"q50"},{"bfs_id":3031,"rcp":"RCP8.5","period":"2060","key":"FD","value":73.1,"estimate":"q95"},{"bfs_id":3031,"rcp":"RCP8.5","period":"2085","key":"FD","value":36.4,"estimate":"q5"},{"bfs_id":3031,"rcp":"RCP8.5","period":"2085","key":"FD","value":44.4,"estimate":"q50"},{"bfs_id":3031,"rcp":"RCP8.5","period":"2085","key":"FD","value":54.6,"estimate":"q95"},{"bfs_id":3031,"rcp":"RCP2.6","period":"2035","key":"HD","value":1.1,"estimate":"q5"},{"bfs_id":3031,"rcp":"RCP2.6","period":"2035","key":"HD","value":2.3,"estimate":"q50"},{"bfs_id":3031,"rcp":"RCP2.6","period":"2035","key":"HD","value":4.6,"estimate":"q95"},{"bfs_id":3031,"rcp":"RCP2.6","period":"2060","key":"HD","value":1.4,"estimate":"q5"},{"bfs_id":3031,"rcp":"RCP2.6","period":"2060","key":"HD","value":2.4,"estimate":"q50"},{"bfs_id":3031,"rcp":"RCP2.6","period":"2060","key":"HD","value":5.1,"estimate":"q95"},{"bfs_id":3031,"rcp":"RCP2.6","period":"2085","key":"HD","value":1.4,"estimate":"q5"},{"bfs_id":3031,"rcp":"RCP2.6","period":"2085","key":"HD","value":2.4,"estimate":"q50"},{"bfs_id":3031,"rcp":"RCP2.6","period":"2085","key":"HD","value":4.8,"estimate":"q95"},{"bfs_id":3031,"rcp":"RCP8.5","period":"2035","key":"HD","value":1.8,"estimate":"q5"},{"bfs_id":3031,"rcp":"RCP8.5","period":"2035","key":"HD","value":2.7,"estimate":"q50"},{"bfs_id":3031,"rcp":"RCP8.5","period":"2035","key":"HD","value":7.7,"estimate":"q95"},{"bfs_id":3031,"rcp":"RCP8.5","period":"2060","key":"HD","value":3.6,"estimate":"q5"},{"bfs_id":3031,"rcp":"RCP8.5","period":"2060","key":"HD","value":6.7,"estimate":"q50"},{"bfs_id":3031,"rcp":"RCP8.5","period":"2060","key":"HD","value":16.9,"estimate":"q95"},{"bfs_id":3031,"rcp":"RCP8.5","period":"2085","key":"HD","value":10.1,"estimate":"q5"},{"bfs_id":3031,"rcp":"RCP8.5","period":"2085","key":"HD","value":14.9,"estimate":"q50"},{"bfs_id":3031,"rcp":"RCP8.5","period":"2085","key":"HD","value":39.8,"estimate":"q95"},{"bfs_id":3031,"rcp":"RCP2.6","period":"2035","key":"ID","value":23,"estimate":"q5"},{"bfs_id":3031,"rcp":"RCP2.6","period":"2035","key":"ID","value":28.6,"estimate":"q50"},{"bfs_id":3031,"rcp":"RCP2.6","period":"2035","key":"ID","value":32.1,"estimate":"q95"},{"bfs_id":3031,"rcp":"RCP2.6","period":"2060","key":"ID","value":21.1,"estimate":"q5"},{"bfs_id":3031,"rcp":"RCP2.6","period":"2060","key":"ID","value":26.1,"estimate":"q50"},{"bfs_id":3031,"rcp":"RCP2.6","period":"2060","key":"ID","value":32,"estimate":"q95"},{"bfs_id":3031,"rcp":"RCP2.6","period":"2085","key":"ID","value":20.5,"estimate":"q5"},{"bfs_id":3031,"rcp":"RCP2.6","period":"2085","key":"ID","value":27,"estimate":"q50"},{"bfs_id":3031,"rcp":"RCP2.6","period":"2085","key":"ID","value":30.7,"estimate":"q95"},{"bfs_id":3031,"rcp":"RCP8.5","period":"2035","key":"ID","value":20.7,"estimate":"q5"},{"bfs_id":3031,"rcp":"RCP8.5","period":"2035","key":"ID","value":26.8,"estimate":"q50"},{"bfs_id":3031,"rcp":"RCP8.5","period":"2035","key":"ID","value":30.3,"estimate":"q95"},{"bfs_id":3031,"rcp":"RCP8.5","period":"2060","key":"ID","value":15.2,"estimate":"q5"},{"bfs_id":3031,"rcp":"RCP8.5","period":"2060","key":"ID","value":19.4,"estimate":"q50"},{"bfs_id":3031,"rcp":"RCP8.5","period":"2060","key":"ID","value":22.8,"estimate":"q95"},{"bfs_id":3031,"rcp":"RCP8.5","period":"2085","key":"ID","value":6.2,"estimate":"q5"},{"bfs_id":3031,"rcp":"RCP8.5","period":"2085","key":"ID","value":10.9,"estimate":"q50"},{"bfs_id":3031,"rcp":"RCP8.5","period":"2085","key":"ID","value":13.6,"estimate":"q95"},{"bfs_id":3031,"rcp":"RCP2.6","period":"2035","key":"SD","value":22.4,"estimate":"q5"},{"bfs_id":3031,"rcp":"RCP2.6","period":"2035","key":"SD","value":25.4,"estimate":"q50"},{"bfs_id":3031,"rcp":"RCP2.6","period":"2035","key":"SD","value":33.6,"estimate":"q95"},{"bfs_id":3031,"rcp":"RCP2.6","period":"2060","key":"SD","value":22.3,"estimate":"q5"},{"bfs_id":3031,"rcp":"RCP2.6","period":"2060","key":"SD","value":26.8,"estimate":"q50"},{"bfs_id":3031,"rcp":"RCP2.6","period":"2060","key":"SD","value":33.5,"estimate":"q95"},{"bfs_id":3031,"rcp":"RCP2.6","period":"2085","key":"SD","value":22.4,"estimate":"q5"},{"bfs_id":3031,"rcp":"RCP2.6","period":"2085","key":"SD","value":26.3,"estimate":"q50"},{"bfs_id":3031,"rcp":"RCP2.6","period":"2085","key":"SD","value":32.4,"estimate":"q95"},{"bfs_id":3031,"rcp":"RCP8.5","period":"2035","key":"SD","value":23.6,"estimate":"q5"},{"bfs_id":3031,"rcp":"RCP8.5","period":"2035","key":"SD","value":28,"estimate":"q50"},{"bfs_id":3031,"rcp":"RCP8.5","period":"2035","key":"SD","value":34,"estimate":"q95"},{"bfs_id":3031,"rcp":"RCP8.5","period":"2060","key":"SD","value":34.1,"estimate":"q5"},{"bfs_id":3031,"rcp":"RCP8.5","period":"2060","key":"SD","value":39.2,"estimate":"q50"},{"bfs_id":3031,"rcp":"RCP8.5","period":"2060","key":"SD","value":54.9,"estimate":"q95"},{"bfs_id":3031,"rcp":"RCP8.5","period":"2085","key":"SD","value":48.7,"estimate":"q5"},{"bfs_id":3031,"rcp":"RCP8.5","period":"2085","key":"SD","value":57.8,"estimate":"q50"},{"bfs_id":3031,"rcp":"RCP8.5","period":"2085","key":"SD","value":81.4,"estimate":"q95"},{"bfs_id":3031,"rcp":"RCP2.6","period":"2035","key":"snowdays","value":18.3,"estimate":"q5"},{"bfs_id":3031,"rcp":"RCP2.6","period":"2035","key":"snowdays","value":27.9,"estimate":"q50"},{"bfs_id":3031,"rcp":"RCP2.6","period":"2035","key":"snowdays","value":32.1,"estimate":"q95"},{"bfs_id":3031,"rcp":"RCP2.6","period":"2060","key":"snowdays","value":17.7,"estimate":"q5"},{"bfs_id":3031,"rcp":"RCP2.6","period":"2060","key":"snowdays","value":26.7,"estimate":"q50"},{"bfs_id":3031,"rcp":"RCP2.6","period":"2060","key":"snowdays","value":32.1,"estimate":"q95"},{"bfs_id":3031,"rcp":"RCP2.6","period":"2085","key":"snowdays","value":17.3,"estimate":"q5"},{"bfs_id":3031,"rcp":"RCP2.6","period":"2085","key":"snowdays","value":26.5,"estimate":"q50"},{"bfs_id":3031,"rcp":"RCP2.6","period":"2085","key":"snowdays","value":32.7,"estimate":"q95"},{"bfs_id":3031,"rcp":"RCP8.5","period":"2035","key":"snowdays","value":17.3,"estimate":"q5"},{"bfs_id":3031,"rcp":"RCP8.5","period":"2035","key":"snowdays","value":27.4,"estimate":"q50"},{"bfs_id":3031,"rcp":"RCP8.5","period":"2035","key":"snowdays","value":32.5,"estimate":"q95"},{"bfs_id":3031,"rcp":"RCP8.5","period":"2060","key":"snowdays","value":12.8,"estimate":"q5"},{"bfs_id":3031,"rcp":"RCP8.5","period":"2060","key":"snowdays","value":21.3,"estimate":"q50"},{"bfs_id":3031,"rcp":"RCP8.5","period":"2060","key":"snowdays","value":25.8,"estimate":"q95"},{"bfs_id":3031,"rcp":"RCP8.5","period":"2085","key":"snowdays","value":6.9,"estimate":"q5"},{"bfs_id":3031,"rcp":"RCP8.5","period":"2085","key":"snowdays","value":14.3,"estimate":"q50"},{"bfs_id":3031,"rcp":"RCP8.5","period":"2085","key":"snowdays","value":18.9,"estimate":"q95"},{"bfs_id":3031,"rcp":"RCP2.6","period":"2035","key":"TN","value":0.5,"estimate":"q5"},{"bfs_id":3031,"rcp":"RCP2.6","period":"2035","key":"TN","value":1.6,"estimate":"q50"},{"bfs_id":3031,"rcp":"RCP2.6","period":"2035","key":"TN","value":2.2,"estimate":"q95"},{"bfs_id":3031,"rcp":"RCP2.6","period":"2060","key":"TN","value":0.8,"estimate":"q5"},{"bfs_id":3031,"rcp":"RCP2.6","period":"2060","key":"TN","value":1.5,"estimate":"q50"},{"bfs_id":3031,"rcp":"RCP2.6","period":"2060","key":"TN","value":2.7,"estimate":"q95"},{"bfs_id":3031,"rcp":"RCP2.6","period":"2085","key":"TN","value":0.7,"estimate":"q5"},{"bfs_id":3031,"rcp":"RCP2.6","period":"2085","key":"TN","value":1.5,"estimate":"q50"},{"bfs_id":3031,"rcp":"RCP2.6","period":"2085","key":"TN","value":2.5,"estimate":"q95"},{"bfs_id":3031,"rcp":"RCP8.5","period":"2035","key":"TN","value":1.1,"estimate":"q5"},{"bfs_id":3031,"rcp":"RCP8.5","period":"2035","key":"TN","value":1.6,"estimate":"q50"},{"bfs_id":3031,"rcp":"RCP8.5","period":"2035","key":"TN","value":4.8,"estimate":"q95"},{"bfs_id":3031,"rcp":"RCP8.5","period":"2060","key":"TN","value":3.3,"estimate":"q5"},{"bfs_id":3031,"rcp":"RCP8.5","period":"2060","key":"TN","value":5.9,"estimate":"q50"},{"bfs_id":3031,"rcp":"RCP8.5","period":"2060","key":"TN","value":13.5,"estimate":"q95"},{"bfs_id":3031,"rcp":"RCP8.5","period":"2085","key":"TN","value":10.3,"estimate":"q5"},{"bfs_id":3031,"rcp":"RCP8.5","period":"2085","key":"TN","value":14.2,"estimate":"q50"},{"bfs_id":3031,"rcp":"RCP8.5","period":"2085","key":"TN","value":33.9,"estimate":"q95"},{"bfs_id":3031,"rcp":"RCP2.6","period":"2035","key":"pr","value":2.6,"estimate":"q5","season":"DJF"},{"bfs_id":3031,"rcp":"RCP2.6","period":"2035","key":"pr","value":3.4,"estimate":"q5","season":"MAM"},{"bfs_id":3031,"rcp":"RCP2.6","period":"2035","key":"pr","value":4.3,"estimate":"q5","season":"JJA"},{"bfs_id":3031,"rcp":"RCP2.6","period":"2035","key":"pr","value":3.1,"estimate":"q5","season":"SON"},{"bfs_id":3031,"rcp":"RCP2.6","period":"2035","key":"pr","value":2.8,"estimate":"q50","season":"DJF"},{"bfs_id":3031,"rcp":"RCP2.6","period":"2035","key":"pr","value":3.8,"estimate":"q50","season":"MAM"},{"bfs_id":3031,"rcp":"RCP2.6","period":"2035","key":"pr","value":4.9,"estimate":"q50","season":"JJA"},{"bfs_id":3031,"rcp":"RCP2.6","period":"2035","key":"pr","value":3.5,"estimate":"q50","season":"SON"},{"bfs_id":3031,"rcp":"RCP2.6","period":"2035","key":"pr","value":3.4,"estimate":"q95","season":"DJF"},{"bfs_id":3031,"rcp":"RCP2.6","period":"2035","key":"pr","value":4.2,"estimate":"q95","season":"MAM"},{"bfs_id":3031,"rcp":"RCP2.6","period":"2035","key":"pr","value":5.7,"estimate":"q95","season":"JJA"},{"bfs_id":3031,"rcp":"RCP2.6","period":"2035","key":"pr","value":4.2,"estimate":"q95","season":"SON"},{"bfs_id":3031,"rcp":"RCP2.6","period":"2060","key":"pr","value":2.5,"estimate":"q5","season":"DJF"},{"bfs_id":3031,"rcp":"RCP2.6","period":"2060","key":"pr","value":3.4,"estimate":"q5","season":"MAM"},{"bfs_id":3031,"rcp":"RCP2.6","period":"2060","key":"pr","value":4.3,"estimate":"q5","season":"JJA"},{"bfs_id":3031,"rcp":"RCP2.6","period":"2060","key":"pr","value":3,"estimate":"q5","season":"SON"},{"bfs_id":3031,"rcp":"RCP2.6","period":"2060","key":"pr","value":2.9,"estimate":"q50","season":"DJF"},{"bfs_id":3031,"rcp":"RCP2.6","period":"2060","key":"pr","value":3.8,"estimate":"q50","season":"MAM"},{"bfs_id":3031,"rcp":"RCP2.6","period":"2060","key":"pr","value":4.9,"estimate":"q50","season":"JJA"},{"bfs_id":3031,"rcp":"RCP2.6","period":"2060","key":"pr","value":3.4,"estimate":"q50","season":"SON"},{"bfs_id":3031,"rcp":"RCP2.6","period":"2060","key":"pr","value":3.2,"estimate":"q95","season":"DJF"},{"bfs_id":3031,"rcp":"RCP2.6","period":"2060","key":"pr","value":4.2,"estimate":"q95","season":"MAM"},{"bfs_id":3031,"rcp":"RCP2.6","period":"2060","key":"pr","value":6,"estimate":"q95","season":"JJA"},{"bfs_id":3031,"rcp":"RCP2.6","period":"2060","key":"pr","value":4,"estimate":"q95","season":"SON"},{"bfs_id":3031,"rcp":"RCP2.6","period":"2085","key":"pr","value":2.5,"estimate":"q5","season":"DJF"},{"bfs_id":3031,"rcp":"RCP2.6","period":"2085","key":"pr","value":3.4,"estimate":"q5","season":"MAM"},{"bfs_id":3031,"rcp":"RCP2.6","period":"2085","key":"pr","value":4.3,"estimate":"q5","season":"JJA"},{"bfs_id":3031,"rcp":"RCP2.6","period":"2085","key":"pr","value":3.2,"estimate":"q5","season":"SON"},{"bfs_id":3031,"rcp":"RCP2.6","period":"2085","key":"pr","value":2.8,"estimate":"q50","season":"DJF"},{"bfs_id":3031,"rcp":"RCP2.6","period":"2085","key":"pr","value":3.7,"estimate":"q50","season":"MAM"},{"bfs_id":3031,"rcp":"RCP2.6","period":"2085","key":"pr","value":4.9,"estimate":"q50","season":"JJA"},{"bfs_id":3031,"rcp":"RCP2.6","period":"2085","key":"pr","value":3.4,"estimate":"q50","season":"SON"},{"bfs_id":3031,"rcp":"RCP2.6","period":"2085","key":"pr","value":3.3,"estimate":"q95","season":"DJF"},{"bfs_id":3031,"rcp":"RCP2.6","period":"2085","key":"pr","value":4.2,"estimate":"q95","season":"MAM"},{"bfs_id":3031,"rcp":"RCP2.6","period":"2085","key":"pr","value":6.3,"estimate":"q95","season":"JJA"},{"bfs_id":3031,"rcp":"RCP2.6","period":"2085","key":"pr","value":4.1,"estimate":"q95","season":"SON"},{"bfs_id":3031,"rcp":"RCP8.5","period":"2035","key":"pr","value":2.6,"estimate":"q5","season":"DJF"},{"bfs_id":3031,"rcp":"RCP8.5","period":"2035","key":"pr","value":3.6,"estimate":"q5","season":"MAM"},{"bfs_id":3031,"rcp":"RCP8.5","period":"2035","key":"pr","value":4.6,"estimate":"q5","season":"JJA"},{"bfs_id":3031,"rcp":"RCP8.5","period":"2035","key":"pr","value":3.2,"estimate":"q5","season":"SON"},{"bfs_id":3031,"rcp":"RCP8.5","period":"2035","key":"pr","value":3,"estimate":"q50","season":"DJF"},{"bfs_id":3031,"rcp":"RCP8.5","period":"2035","key":"pr","value":3.9,"estimate":"q50","season":"MAM"},{"bfs_id":3031,"rcp":"RCP8.5","period":"2035","key":"pr","value":5,"estimate":"q50","season":"JJA"},{"bfs_id":3031,"rcp":"RCP8.5","period":"2035","key":"pr","value":3.6,"estimate":"q50","season":"SON"},{"bfs_id":3031,"rcp":"RCP8.5","period":"2035","key":"pr","value":3.3,"estimate":"q95","season":"DJF"},{"bfs_id":3031,"rcp":"RCP8.5","period":"2035","key":"pr","value":4.2,"estimate":"q95","season":"MAM"},{"bfs_id":3031,"rcp":"RCP8.5","period":"2035","key":"pr","value":5.7,"estimate":"q95","season":"JJA"},{"bfs_id":3031,"rcp":"RCP8.5","period":"2035","key":"pr","value":4.1,"estimate":"q95","season":"SON"},{"bfs_id":3031,"rcp":"RCP8.5","period":"2060","key":"pr","value":2.7,"estimate":"q5","season":"DJF"},{"bfs_id":3031,"rcp":"RCP8.5","period":"2060","key":"pr","value":3.7,"estimate":"q5","season":"MAM"},{"bfs_id":3031,"rcp":"RCP8.5","period":"2060","key":"pr","value":4.3,"estimate":"q5","season":"JJA"},{"bfs_id":3031,"rcp":"RCP8.5","period":"2060","key":"pr","value":3.3,"estimate":"q5","season":"SON"},{"bfs_id":3031,"rcp":"RCP8.5","period":"2060","key":"pr","value":3,"estimate":"q50","season":"DJF"},{"bfs_id":3031,"rcp":"RCP8.5","period":"2060","key":"pr","value":4,"estimate":"q50","season":"MAM"},{"bfs_id":3031,"rcp":"RCP8.5","period":"2060","key":"pr","value":4.7,"estimate":"q50","season":"JJA"},{"bfs_id":3031,"rcp":"RCP8.5","period":"2060","key":"pr","value":3.6,"estimate":"q50","season":"SON"},{"bfs_id":3031,"rcp":"RCP8.5","period":"2060","key":"pr","value":3.4,"estimate":"q95","season":"DJF"},{"bfs_id":3031,"rcp":"RCP8.5","period":"2060","key":"pr","value":4.6,"estimate":"q95","season":"MAM"},{"bfs_id":3031,"rcp":"RCP8.5","period":"2060","key":"pr","value":5.8,"estimate":"q95","season":"JJA"},{"bfs_id":3031,"rcp":"RCP8.5","period":"2060","key":"pr","value":4.1,"estimate":"q95","season":"SON"},{"bfs_id":3031,"rcp":"RCP8.5","period":"2085","key":"pr","value":3,"estimate":"q5","season":"DJF"},{"bfs_id":3031,"rcp":"RCP8.5","period":"2085","key":"pr","value":3.7,"estimate":"q5","season":"MAM"},{"bfs_id":3031,"rcp":"RCP8.5","period":"2085","key":"pr","value":3.5,"estimate":"q5","season":"JJA"},{"bfs_id":3031,"rcp":"RCP8.5","period":"2085","key":"pr","value":3.1,"estimate":"q5","season":"SON"},{"bfs_id":3031,"rcp":"RCP8.5","period":"2085","key":"pr","value":3.2,"estimate":"q50","season":"DJF"},{"bfs_id":3031,"rcp":"RCP8.5","period":"2085","key":"pr","value":4.2,"estimate":"q50","season":"MAM"},{"bfs_id":3031,"rcp":"RCP8.5","period":"2085","key":"pr","value":4.3,"estimate":"q50","season":"JJA"},{"bfs_id":3031,"rcp":"RCP8.5","period":"2085","key":"pr","value":3.4,"estimate":"q50","season":"SON"},{"bfs_id":3031,"rcp":"RCP8.5","period":"2085","key":"pr","value":3.7,"estimate":"q95","season":"DJF"},{"bfs_id":3031,"rcp":"RCP8.5","period":"2085","key":"pr","value":4.8,"estimate":"q95","season":"MAM"},{"bfs_id":3031,"rcp":"RCP8.5","period":"2085","key":"pr","value":5,"estimate":"q95","season":"JJA"},{"bfs_id":3031,"rcp":"RCP8.5","period":"2085","key":"pr","value":4.3,"estimate":"q95","season":"SON"},{"bfs_id":3031,"rcp":"RCP2.6","period":"2035","key":"tas","value":0.6,"estimate":"q5","season":"DJF"},{"bfs_id":3031,"rcp":"RCP2.6","period":"2035","key":"tas","value":7.4,"estimate":"q5","season":"MAM"},{"bfs_id":3031,"rcp":"RCP2.6","period":"2035","key":"tas","value":16.6,"estimate":"q5","season":"JJA"},{"bfs_id":3031,"rcp":"RCP2.6","period":"2035","key":"tas","value":8.9,"estimate":"q5","season":"SON"},{"bfs_id":3031,"rcp":"RCP2.6","period":"2035","key":"tas","value":1.1,"estimate":"q50","season":"DJF"},{"bfs_id":3031,"rcp":"RCP2.6","period":"2035","key":"tas","value":8.1,"estimate":"q50","season":"MAM"},{"bfs_id":3031,"rcp":"RCP2.6","period":"2035","key":"tas","value":17.2,"estimate":"q50","season":"JJA"},{"bfs_id":3031,"rcp":"RCP2.6","period":"2035","key":"tas","value":9.3,"estimate":"q50","season":"SON"},{"bfs_id":3031,"rcp":"RCP2.6","period":"2035","key":"tas","value":2,"estimate":"q95","season":"DJF"},{"bfs_id":3031,"rcp":"RCP2.6","period":"2035","key":"tas","value":8.4,"estimate":"q95","season":"MAM"},{"bfs_id":3031,"rcp":"RCP2.6","period":"2035","key":"tas","value":17.9,"estimate":"q95","season":"JJA"},{"bfs_id":3031,"rcp":"RCP2.6","period":"2035","key":"tas","value":10.4,"estimate":"q95","season":"SON"},{"bfs_id":3031,"rcp":"RCP2.6","period":"2060","key":"tas","value":0.5,"estimate":"q5","season":"DJF"},{"bfs_id":3031,"rcp":"RCP2.6","period":"2060","key":"tas","value":7.3,"estimate":"q5","season":"MAM"},{"bfs_id":3031,"rcp":"RCP2.6","period":"2060","key":"tas","value":16.8,"estimate":"q5","season":"JJA"},{"bfs_id":3031,"rcp":"RCP2.6","period":"2060","key":"tas","value":9.3,"estimate":"q5","season":"SON"},{"bfs_id":3031,"rcp":"RCP2.6","period":"2060","key":"tas","value":1.5,"estimate":"q50","season":"DJF"},{"bfs_id":3031,"rcp":"RCP2.6","period":"2060","key":"tas","value":8.1,"estimate":"q50","season":"MAM"},{"bfs_id":3031,"rcp":"RCP2.6","period":"2060","key":"tas","value":17.3,"estimate":"q50","season":"JJA"},{"bfs_id":3031,"rcp":"RCP2.6","period":"2060","key":"tas","value":9.6,"estimate":"q50","season":"SON"},{"bfs_id":3031,"rcp":"RCP2.6","period":"2060","key":"tas","value":2.3,"estimate":"q95","season":"DJF"},{"bfs_id":3031,"rcp":"RCP2.6","period":"2060","key":"tas","value":8.6,"estimate":"q95","season":"MAM"},{"bfs_id":3031,"rcp":"RCP2.6","period":"2060","key":"tas","value":18.1,"estimate":"q95","season":"JJA"},{"bfs_id":3031,"rcp":"RCP2.6","period":"2060","key":"tas","value":10.7,"estimate":"q95","season":"SON"},{"bfs_id":3031,"rcp":"RCP2.6","period":"2085","key":"tas","value":0.6,"estimate":"q5","season":"DJF"},{"bfs_id":3031,"rcp":"RCP2.6","period":"2085","key":"tas","value":7.3,"estimate":"q5","season":"MAM"},{"bfs_id":3031,"rcp":"RCP2.6","period":"2085","key":"tas","value":16.8,"estimate":"q5","season":"JJA"},{"bfs_id":3031,"rcp":"RCP2.6","period":"2085","key":"tas","value":9,"estimate":"q5","season":"SON"},{"bfs_id":3031,"rcp":"RCP2.6","period":"2085","key":"tas","value":1.4,"estimate":"q50","season":"DJF"},{"bfs_id":3031,"rcp":"RCP2.6","period":"2085","key":"tas","value":8.1,"estimate":"q50","season":"MAM"},{"bfs_id":3031,"rcp":"RCP2.6","period":"2085","key":"tas","value":17.2,"estimate":"q50","season":"JJA"},{"bfs_id":3031,"rcp":"RCP2.6","period":"2085","key":"tas","value":9.5,"estimate":"q50","season":"SON"},{"bfs_id":3031,"rcp":"RCP2.6","period":"2085","key":"tas","value":2.2,"estimate":"q95","season":"DJF"},{"bfs_id":3031,"rcp":"RCP2.6","period":"2085","key":"tas","value":8.7,"estimate":"q95","season":"MAM"},{"bfs_id":3031,"rcp":"RCP2.6","period":"2085","key":"tas","value":17.9,"estimate":"q95","season":"JJA"},{"bfs_id":3031,"rcp":"RCP2.6","period":"2085","key":"tas","value":10.6,"estimate":"q95","season":"SON"},{"bfs_id":3031,"rcp":"RCP8.5","period":"2035","key":"tas","value":0.6,"estimate":"q5","season":"DJF"},{"bfs_id":3031,"rcp":"RCP8.5","period":"2035","key":"tas","value":7.7,"estimate":"q5","season":"MAM"},{"bfs_id":3031,"rcp":"RCP8.5","period":"2035","key":"tas","value":17.2,"estimate":"q5","season":"JJA"},{"bfs_id":3031,"rcp":"RCP8.5","period":"2035","key":"tas","value":9.3,"estimate":"q5","season":"SON"},{"bfs_id":3031,"rcp":"RCP8.5","period":"2035","key":"tas","value":1.5,"estimate":"q50","season":"DJF"},{"bfs_id":3031,"rcp":"RCP8.5","period":"2035","key":"tas","value":8.1,"estimate":"q50","season":"MAM"},{"bfs_id":3031,"rcp":"RCP8.5","period":"2035","key":"tas","value":17.4,"estimate":"q50","season":"JJA"},{"bfs_id":3031,"rcp":"RCP8.5","period":"2035","key":"tas","value":9.8,"estimate":"q50","season":"SON"},{"bfs_id":3031,"rcp":"RCP8.5","period":"2035","key":"tas","value":2,"estimate":"q95","season":"DJF"},{"bfs_id":3031,"rcp":"RCP8.5","period":"2035","key":"tas","value":8.5,"estimate":"q95","season":"MAM"},{"bfs_id":3031,"rcp":"RCP8.5","period":"2035","key":"tas","value":18.2,"estimate":"q95","season":"JJA"},{"bfs_id":3031,"rcp":"RCP8.5","period":"2035","key":"tas","value":10.7,"estimate":"q95","season":"SON"},{"bfs_id":3031,"rcp":"RCP8.5","period":"2060","key":"tas","value":2,"estimate":"q5","season":"DJF"},{"bfs_id":3031,"rcp":"RCP8.5","period":"2060","key":"tas","value":8.6,"estimate":"q5","season":"MAM"},{"bfs_id":3031,"rcp":"RCP8.5","period":"2060","key":"tas","value":18.3,"estimate":"q5","season":"JJA"},{"bfs_id":3031,"rcp":"RCP8.5","period":"2060","key":"tas","value":10.4,"estimate":"q5","season":"SON"},{"bfs_id":3031,"rcp":"RCP8.5","period":"2060","key":"tas","value":2.5,"estimate":"q50","season":"DJF"},{"bfs_id":3031,"rcp":"RCP8.5","period":"2060","key":"tas","value":9.1,"estimate":"q50","season":"MAM"},{"bfs_id":3031,"rcp":"RCP8.5","period":"2060","key":"tas","value":18.8,"estimate":"q50","season":"JJA"},{"bfs_id":3031,"rcp":"RCP8.5","period":"2060","key":"tas","value":11,"estimate":"q50","season":"SON"},{"bfs_id":3031,"rcp":"RCP8.5","period":"2060","key":"tas","value":3.3,"estimate":"q95","season":"DJF"},{"bfs_id":3031,"rcp":"RCP8.5","period":"2060","key":"tas","value":9.9,"estimate":"q95","season":"MAM"},{"bfs_id":3031,"rcp":"RCP8.5","period":"2060","key":"tas","value":20,"estimate":"q95","season":"JJA"},{"bfs_id":3031,"rcp":"RCP8.5","period":"2060","key":"tas","value":11.9,"estimate":"q95","season":"SON"},{"bfs_id":3031,"rcp":"RCP8.5","period":"2085","key":"tas","value":3.4,"estimate":"q5","season":"DJF"},{"bfs_id":3031,"rcp":"RCP8.5","period":"2085","key":"tas","value":9.7,"estimate":"q5","season":"MAM"},{"bfs_id":3031,"rcp":"RCP8.5","period":"2085","key":"tas","value":19.7,"estimate":"q5","season":"JJA"},{"bfs_id":3031,"rcp":"RCP8.5","period":"2085","key":"tas","value":11.4,"estimate":"q5","season":"SON"},{"bfs_id":3031,"rcp":"RCP8.5","period":"2085","key":"tas","value":4.5,"estimate":"q50","season":"DJF"},{"bfs_id":3031,"rcp":"RCP8.5","period":"2085","key":"tas","value":10.6,"estimate":"q50","season":"MAM"},{"bfs_id":3031,"rcp":"RCP8.5","period":"2085","key":"tas","value":20.5,"estimate":"q50","season":"JJA"},{"bfs_id":3031,"rcp":"RCP8.5","period":"2085","key":"tas","value":12.5,"estimate":"q50","season":"SON"},{"bfs_id":3031,"rcp":"RCP8.5","period":"2085","key":"tas","value":5.4,"estimate":"q95","season":"DJF"},{"bfs_id":3031,"rcp":"RCP8.5","period":"2085","key":"tas","value":11.6,"estimate":"q95","season":"MAM"},{"bfs_id":3031,"rcp":"RCP8.5","period":"2085","key":"tas","value":22.9,"estimate":"q95","season":"JJA"},{"bfs_id":3031,"rcp":"RCP8.5","period":"2085","key":"tas","value":14.3,"estimate":"q95","season":"SON"},{"bfs_id":3031,"rcp":"obs","period":"1981-2010","key":"FD","value":102.4,"estimate":"yearly_mean"},{"bfs_id":3031,"rcp":"obs","period":"1981-2010","key":"HD","value":0.9,"estimate":"yearly_mean"},{"bfs_id":3031,"rcp":"obs","period":"1981-2010","key":"ID","value":37,"estimate":"yearly_mean"},{"bfs_id":3031,"rcp":"obs","period":"1981-2010","key":"SD","value":17.4,"estimate":"yearly_mean"},{"bfs_id":3031,"rcp":"obs","period":"1981-2010","key":"snowdays","value":32.9,"estimate":"yearly_mean"},{"bfs_id":3031,"rcp":"obs","period":"1981-2010","key":"TN","value":0.3,"estimate":"yearly_mean"},{"bfs_id":3031,"rcp":"obs","period":"1981-2010","key":"pr","value":2.4,"estimate":"mean","season":"DJF"},{"bfs_id":3031,"rcp":"obs","period":"1981-2010","key":"pr","value":3.6,"estimate":"mean","season":"MAM"},{"bfs_id":3031,"rcp":"obs","period":"1981-2010","key":"pr","value":5.3,"estimate":"mean","season":"JJA"},{"bfs_id":3031,"rcp":"obs","period":"1981-2010","key":"pr","value":3.5,"estimate":"mean","season":"SON"},{"bfs_id":3031,"rcp":"obs","period":"1981-2010","key":"tas","value":0,"estimate":"mean","season":"DJF"},{"bfs_id":3031,"rcp":"obs","period":"1981-2010","key":"tas","value":7.3,"estimate":"mean","season":"MAM"},{"bfs_id":3031,"rcp":"obs","period":"1981-2010","key":"tas","value":15.9,"estimate":"mean","season":"JJA"},{"bfs_id":3031,"rcp":"obs","period":"1981-2010","key":"tas","value":8.3,"estimate":"mean","season":"SON"}]
