[{"bfs_id":958,"rcp":"RCP2.6","period":"2035","key":"FD","value":79.5,"estimate":"q5"},{"bfs_id":958,"rcp":"RCP2.6","period":"2035","key":"FD","value":91.3,"estimate":"q50"},{"bfs_id":958,"rcp":"RCP2.6","period":"2035","key":"FD","value":98.3,"estimate":"q95"},{"bfs_id":958,"rcp":"RCP2.6","period":"2060","key":"FD","value":76.9,"estimate":"q5"},{"bfs_id":958,"rcp":"RCP2.6","period":"2060","key":"FD","value":87.8,"estimate":"q50"},{"bfs_id":958,"rcp":"RCP2.6","period":"2060","key":"FD","value":96.3,"estimate":"q95"},{"bfs_id":958,"rcp":"RCP2.6","period":"2085","key":"FD","value":75.2,"estimate":"q5"},{"bfs_id":958,"rcp":"RCP2.6","period":"2085","key":"FD","value":88.1,"estimate":"q50"},{"bfs_id":958,"rcp":"RCP2.6","period":"2085","key":"FD","value":97.5,"estimate":"q95"},{"bfs_id":958,"rcp":"RCP8.5","period":"2035","key":"FD","value":77.5,"estimate":"q5"},{"bfs_id":958,"rcp":"RCP8.5","period":"2035","key":"FD","value":87.1,"estimate":"q50"},{"bfs_id":958,"rcp":"RCP8.5","period":"2035","key":"FD","value":96.1,"estimate":"q95"},{"bfs_id":958,"rcp":"RCP8.5","period":"2060","key":"FD","value":62.5,"estimate":"q5"},{"bfs_id":958,"rcp":"RCP8.5","period":"2060","key":"FD","value":71.4,"estimate":"q50"},{"bfs_id":958,"rcp":"RCP8.5","period":"2060","key":"FD","value":80.5,"estimate":"q95"},{"bfs_id":958,"rcp":"RCP8.5","period":"2085","key":"FD","value":41.8,"estimate":"q5"},{"bfs_id":958,"rcp":"RCP8.5","period":"2085","key":"FD","value":48.8,"estimate":"q50"},{"bfs_id":958,"rcp":"RCP8.5","period":"2085","key":"FD","value":61.1,"estimate":"q95"},{"bfs_id":958,"rcp":"RCP2.6","period":"2035","key":"HD","value":6.2,"estimate":"q5"},{"bfs_id":958,"rcp":"RCP2.6","period":"2035","key":"HD","value":8.7,"estimate":"q50"},{"bfs_id":958,"rcp":"RCP2.6","period":"2035","key":"HD","value":14.1,"estimate":"q95"},{"bfs_id":958,"rcp":"RCP2.6","period":"2060","key":"HD","value":6.7,"estimate":"q5"},{"bfs_id":958,"rcp":"RCP2.6","period":"2060","key":"HD","value":9.4,"estimate":"q50"},{"bfs_id":958,"rcp":"RCP2.6","period":"2060","key":"HD","value":16.6,"estimate":"q95"},{"bfs_id":958,"rcp":"RCP2.6","period":"2085","key":"HD","value":6.7,"estimate":"q5"},{"bfs_id":958,"rcp":"RCP2.6","period":"2085","key":"HD","value":8.3,"estimate":"q50"},{"bfs_id":958,"rcp":"RCP2.6","period":"2085","key":"HD","value":16,"estimate":"q95"},{"bfs_id":958,"rcp":"RCP8.5","period":"2035","key":"HD","value":7.2,"estimate":"q5"},{"bfs_id":958,"rcp":"RCP8.5","period":"2035","key":"HD","value":9.2,"estimate":"q50"},{"bfs_id":958,"rcp":"RCP8.5","period":"2035","key":"HD","value":13.7,"estimate":"q95"},{"bfs_id":958,"rcp":"RCP8.5","period":"2060","key":"HD","value":11.9,"estimate":"q5"},{"bfs_id":958,"rcp":"RCP8.5","period":"2060","key":"HD","value":18.9,"estimate":"q50"},{"bfs_id":958,"rcp":"RCP8.5","period":"2060","key":"HD","value":30.5,"estimate":"q95"},{"bfs_id":958,"rcp":"RCP8.5","period":"2085","key":"HD","value":25.4,"estimate":"q5"},{"bfs_id":958,"rcp":"RCP8.5","period":"2085","key":"HD","value":29.7,"estimate":"q50"},{"bfs_id":958,"rcp":"RCP8.5","period":"2085","key":"HD","value":51.7,"estimate":"q95"},{"bfs_id":958,"rcp":"RCP2.6","period":"2035","key":"ID","value":12.7,"estimate":"q5"},{"bfs_id":958,"rcp":"RCP2.6","period":"2035","key":"ID","value":15.6,"estimate":"q50"},{"bfs_id":958,"rcp":"RCP2.6","period":"2035","key":"ID","value":18.7,"estimate":"q95"},{"bfs_id":958,"rcp":"RCP2.6","period":"2060","key":"ID","value":11.2,"estimate":"q5"},{"bfs_id":958,"rcp":"RCP2.6","period":"2060","key":"ID","value":15.1,"estimate":"q50"},{"bfs_id":958,"rcp":"RCP2.6","period":"2060","key":"ID","value":17.8,"estimate":"q95"},{"bfs_id":958,"rcp":"RCP2.6","period":"2085","key":"ID","value":11.1,"estimate":"q5"},{"bfs_id":958,"rcp":"RCP2.6","period":"2085","key":"ID","value":14.2,"estimate":"q50"},{"bfs_id":958,"rcp":"RCP2.6","period":"2085","key":"ID","value":18.3,"estimate":"q95"},{"bfs_id":958,"rcp":"RCP8.5","period":"2035","key":"ID","value":11.5,"estimate":"q5"},{"bfs_id":958,"rcp":"RCP8.5","period":"2035","key":"ID","value":14.1,"estimate":"q50"},{"bfs_id":958,"rcp":"RCP8.5","period":"2035","key":"ID","value":18,"estimate":"q95"},{"bfs_id":958,"rcp":"RCP8.5","period":"2060","key":"ID","value":8.2,"estimate":"q5"},{"bfs_id":958,"rcp":"RCP8.5","period":"2060","key":"ID","value":10.6,"estimate":"q50"},{"bfs_id":958,"rcp":"RCP8.5","period":"2060","key":"ID","value":12.5,"estimate":"q95"},{"bfs_id":958,"rcp":"RCP8.5","period":"2085","key":"ID","value":2.4,"estimate":"q5"},{"bfs_id":958,"rcp":"RCP8.5","period":"2085","key":"ID","value":4.7,"estimate":"q50"},{"bfs_id":958,"rcp":"RCP8.5","period":"2085","key":"ID","value":7.3,"estimate":"q95"},{"bfs_id":958,"rcp":"RCP2.6","period":"2035","key":"SD","value":43.9,"estimate":"q5"},{"bfs_id":958,"rcp":"RCP2.6","period":"2035","key":"SD","value":49.1,"estimate":"q50"},{"bfs_id":958,"rcp":"RCP2.6","period":"2035","key":"SD","value":58,"estimate":"q95"},{"bfs_id":958,"rcp":"RCP2.6","period":"2060","key":"SD","value":44.6,"estimate":"q5"},{"bfs_id":958,"rcp":"RCP2.6","period":"2060","key":"SD","value":50.5,"estimate":"q50"},{"bfs_id":958,"rcp":"RCP2.6","period":"2060","key":"SD","value":58.5,"estimate":"q95"},{"bfs_id":958,"rcp":"RCP2.6","period":"2085","key":"SD","value":44.4,"estimate":"q5"},{"bfs_id":958,"rcp":"RCP2.6","period":"2085","key":"SD","value":51.8,"estimate":"q50"},{"bfs_id":958,"rcp":"RCP2.6","period":"2085","key":"SD","value":58,"estimate":"q95"},{"bfs_id":958,"rcp":"RCP8.5","period":"2035","key":"SD","value":46.7,"estimate":"q5"},{"bfs_id":958,"rcp":"RCP8.5","period":"2035","key":"SD","value":52.1,"estimate":"q50"},{"bfs_id":958,"rcp":"RCP8.5","period":"2035","key":"SD","value":59.1,"estimate":"q95"},{"bfs_id":958,"rcp":"RCP8.5","period":"2060","key":"SD","value":61.1,"estimate":"q5"},{"bfs_id":958,"rcp":"RCP8.5","period":"2060","key":"SD","value":68.6,"estimate":"q50"},{"bfs_id":958,"rcp":"RCP8.5","period":"2060","key":"SD","value":82.8,"estimate":"q95"},{"bfs_id":958,"rcp":"RCP8.5","period":"2085","key":"SD","value":77.3,"estimate":"q5"},{"bfs_id":958,"rcp":"RCP8.5","period":"2085","key":"SD","value":89.6,"estimate":"q50"},{"bfs_id":958,"rcp":"RCP8.5","period":"2085","key":"SD","value":109.7,"estimate":"q95"},{"bfs_id":958,"rcp":"RCP2.6","period":"2035","key":"snowdays","value":21.1,"estimate":"q5"},{"bfs_id":958,"rcp":"RCP2.6","period":"2035","key":"snowdays","value":26.8,"estimate":"q50"},{"bfs_id":958,"rcp":"RCP2.6","period":"2035","key":"snowdays","value":31.2,"estimate":"q95"},{"bfs_id":958,"rcp":"RCP2.6","period":"2060","key":"snowdays","value":19.6,"estimate":"q5"},{"bfs_id":958,"rcp":"RCP2.6","period":"2060","key":"snowdays","value":25.6,"estimate":"q50"},{"bfs_id":958,"rcp":"RCP2.6","period":"2060","key":"snowdays","value":31.7,"estimate":"q95"},{"bfs_id":958,"rcp":"RCP2.6","period":"2085","key":"snowdays","value":20.7,"estimate":"q5"},{"bfs_id":958,"rcp":"RCP2.6","period":"2085","key":"snowdays","value":26,"estimate":"q50"},{"bfs_id":958,"rcp":"RCP2.6","period":"2085","key":"snowdays","value":32.1,"estimate":"q95"},{"bfs_id":958,"rcp":"RCP8.5","period":"2035","key":"snowdays","value":18.6,"estimate":"q5"},{"bfs_id":958,"rcp":"RCP8.5","period":"2035","key":"snowdays","value":25.5,"estimate":"q50"},{"bfs_id":958,"rcp":"RCP8.5","period":"2035","key":"snowdays","value":31.1,"estimate":"q95"},{"bfs_id":958,"rcp":"RCP8.5","period":"2060","key":"snowdays","value":14.1,"estimate":"q5"},{"bfs_id":958,"rcp":"RCP8.5","period":"2060","key":"snowdays","value":21.1,"estimate":"q50"},{"bfs_id":958,"rcp":"RCP8.5","period":"2060","key":"snowdays","value":23.9,"estimate":"q95"},{"bfs_id":958,"rcp":"RCP8.5","period":"2085","key":"snowdays","value":7.6,"estimate":"q5"},{"bfs_id":958,"rcp":"RCP8.5","period":"2085","key":"snowdays","value":13.4,"estimate":"q50"},{"bfs_id":958,"rcp":"RCP8.5","period":"2085","key":"snowdays","value":19.4,"estimate":"q95"},{"bfs_id":958,"rcp":"RCP2.6","period":"2035","key":"TN","value":0,"estimate":"q5"},{"bfs_id":958,"rcp":"RCP2.6","period":"2035","key":"TN","value":0.1,"estimate":"q50"},{"bfs_id":958,"rcp":"RCP2.6","period":"2035","key":"TN","value":0.4,"estimate":"q95"},{"bfs_id":958,"rcp":"RCP2.6","period":"2060","key":"TN","value":0,"estimate":"q5"},{"bfs_id":958,"rcp":"RCP2.6","period":"2060","key":"TN","value":0.2,"estimate":"q50"},{"bfs_id":958,"rcp":"RCP2.6","period":"2060","key":"TN","value":0.7,"estimate":"q95"},{"bfs_id":958,"rcp":"RCP2.6","period":"2085","key":"TN","value":0,"estimate":"q5"},{"bfs_id":958,"rcp":"RCP2.6","period":"2085","key":"TN","value":0.1,"estimate":"q50"},{"bfs_id":958,"rcp":"RCP2.6","period":"2085","key":"TN","value":0.6,"estimate":"q95"},{"bfs_id":958,"rcp":"RCP8.5","period":"2035","key":"TN","value":0,"estimate":"q5"},{"bfs_id":958,"rcp":"RCP8.5","period":"2035","key":"TN","value":0.1,"estimate":"q50"},{"bfs_id":958,"rcp":"RCP8.5","period":"2035","key":"TN","value":1.2,"estimate":"q95"},{"bfs_id":958,"rcp":"RCP8.5","period":"2060","key":"TN","value":0.2,"estimate":"q5"},{"bfs_id":958,"rcp":"RCP8.5","period":"2060","key":"TN","value":1.2,"estimate":"q50"},{"bfs_id":958,"rcp":"RCP8.5","period":"2060","key":"TN","value":3.6,"estimate":"q95"},{"bfs_id":958,"rcp":"RCP8.5","period":"2085","key":"TN","value":2,"estimate":"q5"},{"bfs_id":958,"rcp":"RCP8.5","period":"2085","key":"TN","value":4.9,"estimate":"q50"},{"bfs_id":958,"rcp":"RCP8.5","period":"2085","key":"TN","value":17.1,"estimate":"q95"},{"bfs_id":958,"rcp":"RCP2.6","period":"2035","key":"pr","value":2.6,"estimate":"q5","season":"DJF"},{"bfs_id":958,"rcp":"RCP2.6","period":"2035","key":"pr","value":3.2,"estimate":"q5","season":"MAM"},{"bfs_id":958,"rcp":"RCP2.6","period":"2035","key":"pr","value":3.4,"estimate":"q5","season":"JJA"},{"bfs_id":958,"rcp":"RCP2.6","period":"2035","key":"pr","value":2.8,"estimate":"q5","season":"SON"},{"bfs_id":958,"rcp":"RCP2.6","period":"2035","key":"pr","value":3.1,"estimate":"q50","season":"DJF"},{"bfs_id":958,"rcp":"RCP2.6","period":"2035","key":"pr","value":3.6,"estimate":"q50","season":"MAM"},{"bfs_id":958,"rcp":"RCP2.6","period":"2035","key":"pr","value":4,"estimate":"q50","season":"JJA"},{"bfs_id":958,"rcp":"RCP2.6","period":"2035","key":"pr","value":3.1,"estimate":"q50","season":"SON"},{"bfs_id":958,"rcp":"RCP2.6","period":"2035","key":"pr","value":3.4,"estimate":"q95","season":"DJF"},{"bfs_id":958,"rcp":"RCP2.6","period":"2035","key":"pr","value":4,"estimate":"q95","season":"MAM"},{"bfs_id":958,"rcp":"RCP2.6","period":"2035","key":"pr","value":4.4,"estimate":"q95","season":"JJA"},{"bfs_id":958,"rcp":"RCP2.6","period":"2035","key":"pr","value":3.8,"estimate":"q95","season":"SON"},{"bfs_id":958,"rcp":"RCP2.6","period":"2060","key":"pr","value":2.6,"estimate":"q5","season":"DJF"},{"bfs_id":958,"rcp":"RCP2.6","period":"2060","key":"pr","value":3.3,"estimate":"q5","season":"MAM"},{"bfs_id":958,"rcp":"RCP2.6","period":"2060","key":"pr","value":3.3,"estimate":"q5","season":"JJA"},{"bfs_id":958,"rcp":"RCP2.6","period":"2060","key":"pr","value":2.8,"estimate":"q5","season":"SON"},{"bfs_id":958,"rcp":"RCP2.6","period":"2060","key":"pr","value":3,"estimate":"q50","season":"DJF"},{"bfs_id":958,"rcp":"RCP2.6","period":"2060","key":"pr","value":3.6,"estimate":"q50","season":"MAM"},{"bfs_id":958,"rcp":"RCP2.6","period":"2060","key":"pr","value":3.9,"estimate":"q50","season":"JJA"},{"bfs_id":958,"rcp":"RCP2.6","period":"2060","key":"pr","value":3.1,"estimate":"q50","season":"SON"},{"bfs_id":958,"rcp":"RCP2.6","period":"2060","key":"pr","value":3.2,"estimate":"q95","season":"DJF"},{"bfs_id":958,"rcp":"RCP2.6","period":"2060","key":"pr","value":4,"estimate":"q95","season":"MAM"},{"bfs_id":958,"rcp":"RCP2.6","period":"2060","key":"pr","value":4.5,"estimate":"q95","season":"JJA"},{"bfs_id":958,"rcp":"RCP2.6","period":"2060","key":"pr","value":3.6,"estimate":"q95","season":"SON"},{"bfs_id":958,"rcp":"RCP2.6","period":"2085","key":"pr","value":2.6,"estimate":"q5","season":"DJF"},{"bfs_id":958,"rcp":"RCP2.6","period":"2085","key":"pr","value":3.3,"estimate":"q5","season":"MAM"},{"bfs_id":958,"rcp":"RCP2.6","period":"2085","key":"pr","value":3.3,"estimate":"q5","season":"JJA"},{"bfs_id":958,"rcp":"RCP2.6","period":"2085","key":"pr","value":2.8,"estimate":"q5","season":"SON"},{"bfs_id":958,"rcp":"RCP2.6","period":"2085","key":"pr","value":3,"estimate":"q50","season":"DJF"},{"bfs_id":958,"rcp":"RCP2.6","period":"2085","key":"pr","value":3.5,"estimate":"q50","season":"MAM"},{"bfs_id":958,"rcp":"RCP2.6","period":"2085","key":"pr","value":4,"estimate":"q50","season":"JJA"},{"bfs_id":958,"rcp":"RCP2.6","period":"2085","key":"pr","value":3.1,"estimate":"q50","season":"SON"},{"bfs_id":958,"rcp":"RCP2.6","period":"2085","key":"pr","value":3.3,"estimate":"q95","season":"DJF"},{"bfs_id":958,"rcp":"RCP2.6","period":"2085","key":"pr","value":4,"estimate":"q95","season":"MAM"},{"bfs_id":958,"rcp":"RCP2.6","period":"2085","key":"pr","value":4.5,"estimate":"q95","season":"JJA"},{"bfs_id":958,"rcp":"RCP2.6","period":"2085","key":"pr","value":3.7,"estimate":"q95","season":"SON"},{"bfs_id":958,"rcp":"RCP8.5","period":"2035","key":"pr","value":2.7,"estimate":"q5","season":"DJF"},{"bfs_id":958,"rcp":"RCP8.5","period":"2035","key":"pr","value":3.4,"estimate":"q5","season":"MAM"},{"bfs_id":958,"rcp":"RCP8.5","period":"2035","key":"pr","value":3.2,"estimate":"q5","season":"JJA"},{"bfs_id":958,"rcp":"RCP8.5","period":"2035","key":"pr","value":2.8,"estimate":"q5","season":"SON"},{"bfs_id":958,"rcp":"RCP8.5","period":"2035","key":"pr","value":3.1,"estimate":"q50","season":"DJF"},{"bfs_id":958,"rcp":"RCP8.5","period":"2035","key":"pr","value":3.7,"estimate":"q50","season":"MAM"},{"bfs_id":958,"rcp":"RCP8.5","period":"2035","key":"pr","value":4.1,"estimate":"q50","season":"JJA"},{"bfs_id":958,"rcp":"RCP8.5","period":"2035","key":"pr","value":3.3,"estimate":"q50","season":"SON"},{"bfs_id":958,"rcp":"RCP8.5","period":"2035","key":"pr","value":3.4,"estimate":"q95","season":"DJF"},{"bfs_id":958,"rcp":"RCP8.5","period":"2035","key":"pr","value":4,"estimate":"q95","season":"MAM"},{"bfs_id":958,"rcp":"RCP8.5","period":"2035","key":"pr","value":4.5,"estimate":"q95","season":"JJA"},{"bfs_id":958,"rcp":"RCP8.5","period":"2035","key":"pr","value":3.7,"estimate":"q95","season":"SON"},{"bfs_id":958,"rcp":"RCP8.5","period":"2060","key":"pr","value":2.9,"estimate":"q5","season":"DJF"},{"bfs_id":958,"rcp":"RCP8.5","period":"2060","key":"pr","value":3.5,"estimate":"q5","season":"MAM"},{"bfs_id":958,"rcp":"RCP8.5","period":"2060","key":"pr","value":2.7,"estimate":"q5","season":"JJA"},{"bfs_id":958,"rcp":"RCP8.5","period":"2060","key":"pr","value":2.8,"estimate":"q5","season":"SON"},{"bfs_id":958,"rcp":"RCP8.5","period":"2060","key":"pr","value":3.1,"estimate":"q50","season":"DJF"},{"bfs_id":958,"rcp":"RCP8.5","period":"2060","key":"pr","value":3.8,"estimate":"q50","season":"MAM"},{"bfs_id":958,"rcp":"RCP8.5","period":"2060","key":"pr","value":3.9,"estimate":"q50","season":"JJA"},{"bfs_id":958,"rcp":"RCP8.5","period":"2060","key":"pr","value":3.3,"estimate":"q50","season":"SON"},{"bfs_id":958,"rcp":"RCP8.5","period":"2060","key":"pr","value":3.4,"estimate":"q95","season":"DJF"},{"bfs_id":958,"rcp":"RCP8.5","period":"2060","key":"pr","value":4.2,"estimate":"q95","season":"MAM"},{"bfs_id":958,"rcp":"RCP8.5","period":"2060","key":"pr","value":4.2,"estimate":"q95","season":"JJA"},{"bfs_id":958,"rcp":"RCP8.5","period":"2060","key":"pr","value":3.6,"estimate":"q95","season":"SON"},{"bfs_id":958,"rcp":"RCP8.5","period":"2085","key":"pr","value":3.1,"estimate":"q5","season":"DJF"},{"bfs_id":958,"rcp":"RCP8.5","period":"2085","key":"pr","value":3.5,"estimate":"q5","season":"MAM"},{"bfs_id":958,"rcp":"RCP8.5","period":"2085","key":"pr","value":2.2,"estimate":"q5","season":"JJA"},{"bfs_id":958,"rcp":"RCP8.5","period":"2085","key":"pr","value":2.7,"estimate":"q5","season":"SON"},{"bfs_id":958,"rcp":"RCP8.5","period":"2085","key":"pr","value":3.3,"estimate":"q50","season":"DJF"},{"bfs_id":958,"rcp":"RCP8.5","period":"2085","key":"pr","value":3.9,"estimate":"q50","season":"MAM"},{"bfs_id":958,"rcp":"RCP8.5","period":"2085","key":"pr","value":3.3,"estimate":"q50","season":"JJA"},{"bfs_id":958,"rcp":"RCP8.5","period":"2085","key":"pr","value":3.2,"estimate":"q50","season":"SON"},{"bfs_id":958,"rcp":"RCP8.5","period":"2085","key":"pr","value":3.8,"estimate":"q95","season":"DJF"},{"bfs_id":958,"rcp":"RCP8.5","period":"2085","key":"pr","value":4.3,"estimate":"q95","season":"MAM"},{"bfs_id":958,"rcp":"RCP8.5","period":"2085","key":"pr","value":3.8,"estimate":"q95","season":"JJA"},{"bfs_id":958,"rcp":"RCP8.5","period":"2085","key":"pr","value":3.8,"estimate":"q95","season":"SON"},{"bfs_id":958,"rcp":"RCP2.6","period":"2035","key":"tas","value":0.5,"estimate":"q5","season":"DJF"},{"bfs_id":958,"rcp":"RCP2.6","period":"2035","key":"tas","value":7.8,"estimate":"q5","season":"MAM"},{"bfs_id":958,"rcp":"RCP2.6","period":"2035","key":"tas","value":17,"estimate":"q5","season":"JJA"},{"bfs_id":958,"rcp":"RCP2.6","period":"2035","key":"tas","value":9.2,"estimate":"q5","season":"SON"},{"bfs_id":958,"rcp":"RCP2.6","period":"2035","key":"tas","value":0.9,"estimate":"q50","season":"DJF"},{"bfs_id":958,"rcp":"RCP2.6","period":"2035","key":"tas","value":8.4,"estimate":"q50","season":"MAM"},{"bfs_id":958,"rcp":"RCP2.6","period":"2035","key":"tas","value":17.6,"estimate":"q50","season":"JJA"},{"bfs_id":958,"rcp":"RCP2.6","period":"2035","key":"tas","value":9.5,"estimate":"q50","season":"SON"},{"bfs_id":958,"rcp":"RCP2.6","period":"2035","key":"tas","value":1.6,"estimate":"q95","season":"DJF"},{"bfs_id":958,"rcp":"RCP2.6","period":"2035","key":"tas","value":8.7,"estimate":"q95","season":"MAM"},{"bfs_id":958,"rcp":"RCP2.6","period":"2035","key":"tas","value":18.2,"estimate":"q95","season":"JJA"},{"bfs_id":958,"rcp":"RCP2.6","period":"2035","key":"tas","value":10.3,"estimate":"q95","season":"SON"},{"bfs_id":958,"rcp":"RCP2.6","period":"2060","key":"tas","value":0.5,"estimate":"q5","season":"DJF"},{"bfs_id":958,"rcp":"RCP2.6","period":"2060","key":"tas","value":7.7,"estimate":"q5","season":"MAM"},{"bfs_id":958,"rcp":"RCP2.6","period":"2060","key":"tas","value":17.2,"estimate":"q5","season":"JJA"},{"bfs_id":958,"rcp":"RCP2.6","period":"2060","key":"tas","value":9.4,"estimate":"q5","season":"SON"},{"bfs_id":958,"rcp":"RCP2.6","period":"2060","key":"tas","value":1.3,"estimate":"q50","season":"DJF"},{"bfs_id":958,"rcp":"RCP2.6","period":"2060","key":"tas","value":8.4,"estimate":"q50","season":"MAM"},{"bfs_id":958,"rcp":"RCP2.6","period":"2060","key":"tas","value":17.6,"estimate":"q50","season":"JJA"},{"bfs_id":958,"rcp":"RCP2.6","period":"2060","key":"tas","value":9.8,"estimate":"q50","season":"SON"},{"bfs_id":958,"rcp":"RCP2.6","period":"2060","key":"tas","value":1.8,"estimate":"q95","season":"DJF"},{"bfs_id":958,"rcp":"RCP2.6","period":"2060","key":"tas","value":9,"estimate":"q95","season":"MAM"},{"bfs_id":958,"rcp":"RCP2.6","period":"2060","key":"tas","value":18.2,"estimate":"q95","season":"JJA"},{"bfs_id":958,"rcp":"RCP2.6","period":"2060","key":"tas","value":10.8,"estimate":"q95","season":"SON"},{"bfs_id":958,"rcp":"RCP2.6","period":"2085","key":"tas","value":0.6,"estimate":"q5","season":"DJF"},{"bfs_id":958,"rcp":"RCP2.6","period":"2085","key":"tas","value":7.8,"estimate":"q5","season":"MAM"},{"bfs_id":958,"rcp":"RCP2.6","period":"2085","key":"tas","value":17.2,"estimate":"q5","season":"JJA"},{"bfs_id":958,"rcp":"RCP2.6","period":"2085","key":"tas","value":9.2,"estimate":"q5","season":"SON"},{"bfs_id":958,"rcp":"RCP2.6","period":"2085","key":"tas","value":1.3,"estimate":"q50","season":"DJF"},{"bfs_id":958,"rcp":"RCP2.6","period":"2085","key":"tas","value":8.4,"estimate":"q50","season":"MAM"},{"bfs_id":958,"rcp":"RCP2.6","period":"2085","key":"tas","value":17.6,"estimate":"q50","season":"JJA"},{"bfs_id":958,"rcp":"RCP2.6","period":"2085","key":"tas","value":9.7,"estimate":"q50","season":"SON"},{"bfs_id":958,"rcp":"RCP2.6","period":"2085","key":"tas","value":1.9,"estimate":"q95","season":"DJF"},{"bfs_id":958,"rcp":"RCP2.6","period":"2085","key":"tas","value":9,"estimate":"q95","season":"MAM"},{"bfs_id":958,"rcp":"RCP2.6","period":"2085","key":"tas","value":18.2,"estimate":"q95","season":"JJA"},{"bfs_id":958,"rcp":"RCP2.6","period":"2085","key":"tas","value":10.7,"estimate":"q95","season":"SON"},{"bfs_id":958,"rcp":"RCP8.5","period":"2035","key":"tas","value":0.5,"estimate":"q5","season":"DJF"},{"bfs_id":958,"rcp":"RCP8.5","period":"2035","key":"tas","value":8.1,"estimate":"q5","season":"MAM"},{"bfs_id":958,"rcp":"RCP8.5","period":"2035","key":"tas","value":17.4,"estimate":"q5","season":"JJA"},{"bfs_id":958,"rcp":"RCP8.5","period":"2035","key":"tas","value":9.5,"estimate":"q5","season":"SON"},{"bfs_id":958,"rcp":"RCP8.5","period":"2035","key":"tas","value":1.3,"estimate":"q50","season":"DJF"},{"bfs_id":958,"rcp":"RCP8.5","period":"2035","key":"tas","value":8.4,"estimate":"q50","season":"MAM"},{"bfs_id":958,"rcp":"RCP8.5","period":"2035","key":"tas","value":17.8,"estimate":"q50","season":"JJA"},{"bfs_id":958,"rcp":"RCP8.5","period":"2035","key":"tas","value":9.9,"estimate":"q50","season":"SON"},{"bfs_id":958,"rcp":"RCP8.5","period":"2035","key":"tas","value":1.7,"estimate":"q95","season":"DJF"},{"bfs_id":958,"rcp":"RCP8.5","period":"2035","key":"tas","value":8.9,"estimate":"q95","season":"MAM"},{"bfs_id":958,"rcp":"RCP8.5","period":"2035","key":"tas","value":18.4,"estimate":"q95","season":"JJA"},{"bfs_id":958,"rcp":"RCP8.5","period":"2035","key":"tas","value":10.8,"estimate":"q95","season":"SON"},{"bfs_id":958,"rcp":"RCP8.5","period":"2060","key":"tas","value":1.7,"estimate":"q5","season":"DJF"},{"bfs_id":958,"rcp":"RCP8.5","period":"2060","key":"tas","value":8.9,"estimate":"q5","season":"MAM"},{"bfs_id":958,"rcp":"RCP8.5","period":"2060","key":"tas","value":18.5,"estimate":"q5","season":"JJA"},{"bfs_id":958,"rcp":"RCP8.5","period":"2060","key":"tas","value":10.6,"estimate":"q5","season":"SON"},{"bfs_id":958,"rcp":"RCP8.5","period":"2060","key":"tas","value":2.1,"estimate":"q50","season":"DJF"},{"bfs_id":958,"rcp":"RCP8.5","period":"2060","key":"tas","value":9.4,"estimate":"q50","season":"MAM"},{"bfs_id":958,"rcp":"RCP8.5","period":"2060","key":"tas","value":18.9,"estimate":"q50","season":"JJA"},{"bfs_id":958,"rcp":"RCP8.5","period":"2060","key":"tas","value":11.2,"estimate":"q50","season":"SON"},{"bfs_id":958,"rcp":"RCP8.5","period":"2060","key":"tas","value":2.8,"estimate":"q95","season":"DJF"},{"bfs_id":958,"rcp":"RCP8.5","period":"2060","key":"tas","value":10,"estimate":"q95","season":"MAM"},{"bfs_id":958,"rcp":"RCP8.5","period":"2060","key":"tas","value":20,"estimate":"q95","season":"JJA"},{"bfs_id":958,"rcp":"RCP8.5","period":"2060","key":"tas","value":12,"estimate":"q95","season":"SON"},{"bfs_id":958,"rcp":"RCP8.5","period":"2085","key":"tas","value":2.9,"estimate":"q5","season":"DJF"},{"bfs_id":958,"rcp":"RCP8.5","period":"2085","key":"tas","value":9.9,"estimate":"q5","season":"MAM"},{"bfs_id":958,"rcp":"RCP8.5","period":"2085","key":"tas","value":19.8,"estimate":"q5","season":"JJA"},{"bfs_id":958,"rcp":"RCP8.5","period":"2085","key":"tas","value":11.6,"estimate":"q5","season":"SON"},{"bfs_id":958,"rcp":"RCP8.5","period":"2085","key":"tas","value":4,"estimate":"q50","season":"DJF"},{"bfs_id":958,"rcp":"RCP8.5","period":"2085","key":"tas","value":10.8,"estimate":"q50","season":"MAM"},{"bfs_id":958,"rcp":"RCP8.5","period":"2085","key":"tas","value":20.5,"estimate":"q50","season":"JJA"},{"bfs_id":958,"rcp":"RCP8.5","period":"2085","key":"tas","value":12.6,"estimate":"q50","season":"SON"},{"bfs_id":958,"rcp":"RCP8.5","period":"2085","key":"tas","value":4.7,"estimate":"q95","season":"DJF"},{"bfs_id":958,"rcp":"RCP8.5","period":"2085","key":"tas","value":11.9,"estimate":"q95","season":"MAM"},{"bfs_id":958,"rcp":"RCP8.5","period":"2085","key":"tas","value":22.8,"estimate":"q95","season":"JJA"},{"bfs_id":958,"rcp":"RCP8.5","period":"2085","key":"tas","value":14.1,"estimate":"q95","season":"SON"},{"bfs_id":958,"rcp":"obs","period":"1981-2010","key":"FD","value":106.6,"estimate":"yearly_mean"},{"bfs_id":958,"rcp":"obs","period":"1981-2010","key":"HD","value":4.2,"estimate":"yearly_mean"},{"bfs_id":958,"rcp":"obs","period":"1981-2010","key":"ID","value":22.1,"estimate":"yearly_mean"},{"bfs_id":958,"rcp":"obs","period":"1981-2010","key":"SD","value":37.2,"estimate":"yearly_mean"},{"bfs_id":958,"rcp":"obs","period":"1981-2010","key":"snowdays","value":30.6,"estimate":"yearly_mean"},{"bfs_id":958,"rcp":"obs","period":"1981-2010","key":"TN","value":0,"estimate":"yearly_mean"},{"bfs_id":958,"rcp":"obs","period":"1981-2010","key":"pr","value":2.7,"estimate":"mean","season":"DJF"},{"bfs_id":958,"rcp":"obs","period":"1981-2010","key":"pr","value":3.5,"estimate":"mean","season":"MAM"},{"bfs_id":958,"rcp":"obs","period":"1981-2010","key":"pr","value":4.4,"estimate":"mean","season":"JJA"},{"bfs_id":958,"rcp":"obs","period":"1981-2010","key":"pr","value":3.2,"estimate":"mean","season":"SON"},{"bfs_id":958,"rcp":"obs","period":"1981-2010","key":"tas","value":-0.2,"estimate":"mean","season":"DJF"},{"bfs_id":958,"rcp":"obs","period":"1981-2010","key":"tas","value":7.7,"estimate":"mean","season":"MAM"},{"bfs_id":958,"rcp":"obs","period":"1981-2010","key":"tas","value":16.4,"estimate":"mean","season":"JJA"},{"bfs_id":958,"rcp":"obs","period":"1981-2010","key":"tas","value":8.5,"estimate":"mean","season":"SON"}]
