[{"bfs_id":2821,"rcp":"RCP2.6","period":"2035","key":"FD","value":58.9,"estimate":"q5"},{"bfs_id":2821,"rcp":"RCP2.6","period":"2035","key":"FD","value":71.3,"estimate":"q50"},{"bfs_id":2821,"rcp":"RCP2.6","period":"2035","key":"FD","value":76,"estimate":"q95"},{"bfs_id":2821,"rcp":"RCP2.6","period":"2060","key":"FD","value":57.6,"estimate":"q5"},{"bfs_id":2821,"rcp":"RCP2.6","period":"2060","key":"FD","value":68,"estimate":"q50"},{"bfs_id":2821,"rcp":"RCP2.6","period":"2060","key":"FD","value":74,"estimate":"q95"},{"bfs_id":2821,"rcp":"RCP2.6","period":"2085","key":"FD","value":58.6,"estimate":"q5"},{"bfs_id":2821,"rcp":"RCP2.6","period":"2085","key":"FD","value":68.9,"estimate":"q50"},{"bfs_id":2821,"rcp":"RCP2.6","period":"2085","key":"FD","value":75.2,"estimate":"q95"},{"bfs_id":2821,"rcp":"RCP8.5","period":"2035","key":"FD","value":55.9,"estimate":"q5"},{"bfs_id":2821,"rcp":"RCP8.5","period":"2035","key":"FD","value":67.1,"estimate":"q50"},{"bfs_id":2821,"rcp":"RCP8.5","period":"2035","key":"FD","value":73.6,"estimate":"q95"},{"bfs_id":2821,"rcp":"RCP8.5","period":"2060","key":"FD","value":46.4,"estimate":"q5"},{"bfs_id":2821,"rcp":"RCP8.5","period":"2060","key":"FD","value":52.8,"estimate":"q50"},{"bfs_id":2821,"rcp":"RCP8.5","period":"2060","key":"FD","value":59.4,"estimate":"q95"},{"bfs_id":2821,"rcp":"RCP8.5","period":"2085","key":"FD","value":28.5,"estimate":"q5"},{"bfs_id":2821,"rcp":"RCP8.5","period":"2085","key":"FD","value":32.9,"estimate":"q50"},{"bfs_id":2821,"rcp":"RCP8.5","period":"2085","key":"FD","value":46.3,"estimate":"q95"},{"bfs_id":2821,"rcp":"RCP2.6","period":"2035","key":"HD","value":11.6,"estimate":"q5"},{"bfs_id":2821,"rcp":"RCP2.6","period":"2035","key":"HD","value":15.5,"estimate":"q50"},{"bfs_id":2821,"rcp":"RCP2.6","period":"2035","key":"HD","value":20,"estimate":"q95"},{"bfs_id":2821,"rcp":"RCP2.6","period":"2060","key":"HD","value":12.7,"estimate":"q5"},{"bfs_id":2821,"rcp":"RCP2.6","period":"2060","key":"HD","value":15.3,"estimate":"q50"},{"bfs_id":2821,"rcp":"RCP2.6","period":"2060","key":"HD","value":22.8,"estimate":"q95"},{"bfs_id":2821,"rcp":"RCP2.6","period":"2085","key":"HD","value":12.9,"estimate":"q5"},{"bfs_id":2821,"rcp":"RCP2.6","period":"2085","key":"HD","value":15.1,"estimate":"q50"},{"bfs_id":2821,"rcp":"RCP2.6","period":"2085","key":"HD","value":22.2,"estimate":"q95"},{"bfs_id":2821,"rcp":"RCP8.5","period":"2035","key":"HD","value":12.8,"estimate":"q5"},{"bfs_id":2821,"rcp":"RCP8.5","period":"2035","key":"HD","value":16.1,"estimate":"q50"},{"bfs_id":2821,"rcp":"RCP8.5","period":"2035","key":"HD","value":23.1,"estimate":"q95"},{"bfs_id":2821,"rcp":"RCP8.5","period":"2060","key":"HD","value":19.5,"estimate":"q5"},{"bfs_id":2821,"rcp":"RCP8.5","period":"2060","key":"HD","value":25.9,"estimate":"q50"},{"bfs_id":2821,"rcp":"RCP8.5","period":"2060","key":"HD","value":38.6,"estimate":"q95"},{"bfs_id":2821,"rcp":"RCP8.5","period":"2085","key":"HD","value":33.9,"estimate":"q5"},{"bfs_id":2821,"rcp":"RCP8.5","period":"2085","key":"HD","value":41.4,"estimate":"q50"},{"bfs_id":2821,"rcp":"RCP8.5","period":"2085","key":"HD","value":66.1,"estimate":"q95"},{"bfs_id":2821,"rcp":"RCP2.6","period":"2035","key":"ID","value":8.3,"estimate":"q5"},{"bfs_id":2821,"rcp":"RCP2.6","period":"2035","key":"ID","value":11.7,"estimate":"q50"},{"bfs_id":2821,"rcp":"RCP2.6","period":"2035","key":"ID","value":14.7,"estimate":"q95"},{"bfs_id":2821,"rcp":"RCP2.6","period":"2060","key":"ID","value":7.9,"estimate":"q5"},{"bfs_id":2821,"rcp":"RCP2.6","period":"2060","key":"ID","value":11.5,"estimate":"q50"},{"bfs_id":2821,"rcp":"RCP2.6","period":"2060","key":"ID","value":13.8,"estimate":"q95"},{"bfs_id":2821,"rcp":"RCP2.6","period":"2085","key":"ID","value":8.2,"estimate":"q5"},{"bfs_id":2821,"rcp":"RCP2.6","period":"2085","key":"ID","value":11.2,"estimate":"q50"},{"bfs_id":2821,"rcp":"RCP2.6","period":"2085","key":"ID","value":13.6,"estimate":"q95"},{"bfs_id":2821,"rcp":"RCP8.5","period":"2035","key":"ID","value":8.2,"estimate":"q5"},{"bfs_id":2821,"rcp":"RCP8.5","period":"2035","key":"ID","value":10.6,"estimate":"q50"},{"bfs_id":2821,"rcp":"RCP8.5","period":"2035","key":"ID","value":15.1,"estimate":"q95"},{"bfs_id":2821,"rcp":"RCP8.5","period":"2060","key":"ID","value":4.9,"estimate":"q5"},{"bfs_id":2821,"rcp":"RCP8.5","period":"2060","key":"ID","value":7.2,"estimate":"q50"},{"bfs_id":2821,"rcp":"RCP8.5","period":"2060","key":"ID","value":9.3,"estimate":"q95"},{"bfs_id":2821,"rcp":"RCP8.5","period":"2085","key":"ID","value":1.1,"estimate":"q5"},{"bfs_id":2821,"rcp":"RCP8.5","period":"2085","key":"ID","value":3,"estimate":"q50"},{"bfs_id":2821,"rcp":"RCP8.5","period":"2085","key":"ID","value":5.3,"estimate":"q95"},{"bfs_id":2821,"rcp":"RCP2.6","period":"2035","key":"SD","value":52.7,"estimate":"q5"},{"bfs_id":2821,"rcp":"RCP2.6","period":"2035","key":"SD","value":59,"estimate":"q50"},{"bfs_id":2821,"rcp":"RCP2.6","period":"2035","key":"SD","value":66.2,"estimate":"q95"},{"bfs_id":2821,"rcp":"RCP2.6","period":"2060","key":"SD","value":53.1,"estimate":"q5"},{"bfs_id":2821,"rcp":"RCP2.6","period":"2060","key":"SD","value":60,"estimate":"q50"},{"bfs_id":2821,"rcp":"RCP2.6","period":"2060","key":"SD","value":66.2,"estimate":"q95"},{"bfs_id":2821,"rcp":"RCP2.6","period":"2085","key":"SD","value":52.5,"estimate":"q5"},{"bfs_id":2821,"rcp":"RCP2.6","period":"2085","key":"SD","value":60.3,"estimate":"q50"},{"bfs_id":2821,"rcp":"RCP2.6","period":"2085","key":"SD","value":66.6,"estimate":"q95"},{"bfs_id":2821,"rcp":"RCP8.5","period":"2035","key":"SD","value":54.9,"estimate":"q5"},{"bfs_id":2821,"rcp":"RCP8.5","period":"2035","key":"SD","value":60.9,"estimate":"q50"},{"bfs_id":2821,"rcp":"RCP8.5","period":"2035","key":"SD","value":66.9,"estimate":"q95"},{"bfs_id":2821,"rcp":"RCP8.5","period":"2060","key":"SD","value":70.5,"estimate":"q5"},{"bfs_id":2821,"rcp":"RCP8.5","period":"2060","key":"SD","value":76.2,"estimate":"q50"},{"bfs_id":2821,"rcp":"RCP8.5","period":"2060","key":"SD","value":91.9,"estimate":"q95"},{"bfs_id":2821,"rcp":"RCP8.5","period":"2085","key":"SD","value":86.3,"estimate":"q5"},{"bfs_id":2821,"rcp":"RCP8.5","period":"2085","key":"SD","value":99.7,"estimate":"q50"},{"bfs_id":2821,"rcp":"RCP8.5","period":"2085","key":"SD","value":117,"estimate":"q95"},{"bfs_id":2821,"rcp":"RCP2.6","period":"2035","key":"snowdays","value":11.5,"estimate":"q5"},{"bfs_id":2821,"rcp":"RCP2.6","period":"2035","key":"snowdays","value":14.4,"estimate":"q50"},{"bfs_id":2821,"rcp":"RCP2.6","period":"2035","key":"snowdays","value":17.1,"estimate":"q95"},{"bfs_id":2821,"rcp":"RCP2.6","period":"2060","key":"snowdays","value":10.4,"estimate":"q5"},{"bfs_id":2821,"rcp":"RCP2.6","period":"2060","key":"snowdays","value":13.2,"estimate":"q50"},{"bfs_id":2821,"rcp":"RCP2.6","period":"2060","key":"snowdays","value":16.5,"estimate":"q95"},{"bfs_id":2821,"rcp":"RCP2.6","period":"2085","key":"snowdays","value":10.2,"estimate":"q5"},{"bfs_id":2821,"rcp":"RCP2.6","period":"2085","key":"snowdays","value":13.8,"estimate":"q50"},{"bfs_id":2821,"rcp":"RCP2.6","period":"2085","key":"snowdays","value":16.5,"estimate":"q95"},{"bfs_id":2821,"rcp":"RCP8.5","period":"2035","key":"snowdays","value":10.4,"estimate":"q5"},{"bfs_id":2821,"rcp":"RCP8.5","period":"2035","key":"snowdays","value":13.6,"estimate":"q50"},{"bfs_id":2821,"rcp":"RCP8.5","period":"2035","key":"snowdays","value":16.5,"estimate":"q95"},{"bfs_id":2821,"rcp":"RCP8.5","period":"2060","key":"snowdays","value":7.3,"estimate":"q5"},{"bfs_id":2821,"rcp":"RCP8.5","period":"2060","key":"snowdays","value":9.8,"estimate":"q50"},{"bfs_id":2821,"rcp":"RCP8.5","period":"2060","key":"snowdays","value":11.6,"estimate":"q95"},{"bfs_id":2821,"rcp":"RCP8.5","period":"2085","key":"snowdays","value":2.9,"estimate":"q5"},{"bfs_id":2821,"rcp":"RCP8.5","period":"2085","key":"snowdays","value":5.2,"estimate":"q50"},{"bfs_id":2821,"rcp":"RCP8.5","period":"2085","key":"snowdays","value":7.4,"estimate":"q95"},{"bfs_id":2821,"rcp":"RCP2.6","period":"2035","key":"TN","value":0.4,"estimate":"q5"},{"bfs_id":2821,"rcp":"RCP2.6","period":"2035","key":"TN","value":0.9,"estimate":"q50"},{"bfs_id":2821,"rcp":"RCP2.6","period":"2035","key":"TN","value":1.6,"estimate":"q95"},{"bfs_id":2821,"rcp":"RCP2.6","period":"2060","key":"TN","value":0.5,"estimate":"q5"},{"bfs_id":2821,"rcp":"RCP2.6","period":"2060","key":"TN","value":1,"estimate":"q50"},{"bfs_id":2821,"rcp":"RCP2.6","period":"2060","key":"TN","value":2.1,"estimate":"q95"},{"bfs_id":2821,"rcp":"RCP2.6","period":"2085","key":"TN","value":0.4,"estimate":"q5"},{"bfs_id":2821,"rcp":"RCP2.6","period":"2085","key":"TN","value":1.1,"estimate":"q50"},{"bfs_id":2821,"rcp":"RCP2.6","period":"2085","key":"TN","value":1.8,"estimate":"q95"},{"bfs_id":2821,"rcp":"RCP8.5","period":"2035","key":"TN","value":0.6,"estimate":"q5"},{"bfs_id":2821,"rcp":"RCP8.5","period":"2035","key":"TN","value":1.3,"estimate":"q50"},{"bfs_id":2821,"rcp":"RCP8.5","period":"2035","key":"TN","value":3.1,"estimate":"q95"},{"bfs_id":2821,"rcp":"RCP8.5","period":"2060","key":"TN","value":2.4,"estimate":"q5"},{"bfs_id":2821,"rcp":"RCP8.5","period":"2060","key":"TN","value":5.4,"estimate":"q50"},{"bfs_id":2821,"rcp":"RCP8.5","period":"2060","key":"TN","value":9.7,"estimate":"q95"},{"bfs_id":2821,"rcp":"RCP8.5","period":"2085","key":"TN","value":8.6,"estimate":"q5"},{"bfs_id":2821,"rcp":"RCP8.5","period":"2085","key":"TN","value":14.1,"estimate":"q50"},{"bfs_id":2821,"rcp":"RCP8.5","period":"2085","key":"TN","value":30.4,"estimate":"q95"},{"bfs_id":2821,"rcp":"RCP2.6","period":"2035","key":"pr","value":2.2,"estimate":"q5","season":"DJF"},{"bfs_id":2821,"rcp":"RCP2.6","period":"2035","key":"pr","value":2.5,"estimate":"q5","season":"MAM"},{"bfs_id":2821,"rcp":"RCP2.6","period":"2035","key":"pr","value":2.7,"estimate":"q5","season":"JJA"},{"bfs_id":2821,"rcp":"RCP2.6","period":"2035","key":"pr","value":2.5,"estimate":"q5","season":"SON"},{"bfs_id":2821,"rcp":"RCP2.6","period":"2035","key":"pr","value":2.6,"estimate":"q50","season":"DJF"},{"bfs_id":2821,"rcp":"RCP2.6","period":"2035","key":"pr","value":2.9,"estimate":"q50","season":"MAM"},{"bfs_id":2821,"rcp":"RCP2.6","period":"2035","key":"pr","value":3.1,"estimate":"q50","season":"JJA"},{"bfs_id":2821,"rcp":"RCP2.6","period":"2035","key":"pr","value":2.7,"estimate":"q50","season":"SON"},{"bfs_id":2821,"rcp":"RCP2.6","period":"2035","key":"pr","value":3,"estimate":"q95","season":"DJF"},{"bfs_id":2821,"rcp":"RCP2.6","period":"2035","key":"pr","value":3.1,"estimate":"q95","season":"MAM"},{"bfs_id":2821,"rcp":"RCP2.6","period":"2035","key":"pr","value":3.5,"estimate":"q95","season":"JJA"},{"bfs_id":2821,"rcp":"RCP2.6","period":"2035","key":"pr","value":3.2,"estimate":"q95","season":"SON"},{"bfs_id":2821,"rcp":"RCP2.6","period":"2060","key":"pr","value":2.2,"estimate":"q5","season":"DJF"},{"bfs_id":2821,"rcp":"RCP2.6","period":"2060","key":"pr","value":2.6,"estimate":"q5","season":"MAM"},{"bfs_id":2821,"rcp":"RCP2.6","period":"2060","key":"pr","value":2.6,"estimate":"q5","season":"JJA"},{"bfs_id":2821,"rcp":"RCP2.6","period":"2060","key":"pr","value":2.5,"estimate":"q5","season":"SON"},{"bfs_id":2821,"rcp":"RCP2.6","period":"2060","key":"pr","value":2.6,"estimate":"q50","season":"DJF"},{"bfs_id":2821,"rcp":"RCP2.6","period":"2060","key":"pr","value":2.8,"estimate":"q50","season":"MAM"},{"bfs_id":2821,"rcp":"RCP2.6","period":"2060","key":"pr","value":3.1,"estimate":"q50","season":"JJA"},{"bfs_id":2821,"rcp":"RCP2.6","period":"2060","key":"pr","value":2.7,"estimate":"q50","season":"SON"},{"bfs_id":2821,"rcp":"RCP2.6","period":"2060","key":"pr","value":2.8,"estimate":"q95","season":"DJF"},{"bfs_id":2821,"rcp":"RCP2.6","period":"2060","key":"pr","value":3.1,"estimate":"q95","season":"MAM"},{"bfs_id":2821,"rcp":"RCP2.6","period":"2060","key":"pr","value":3.5,"estimate":"q95","season":"JJA"},{"bfs_id":2821,"rcp":"RCP2.6","period":"2060","key":"pr","value":3,"estimate":"q95","season":"SON"},{"bfs_id":2821,"rcp":"RCP2.6","period":"2085","key":"pr","value":2.3,"estimate":"q5","season":"DJF"},{"bfs_id":2821,"rcp":"RCP2.6","period":"2085","key":"pr","value":2.6,"estimate":"q5","season":"MAM"},{"bfs_id":2821,"rcp":"RCP2.6","period":"2085","key":"pr","value":2.6,"estimate":"q5","season":"JJA"},{"bfs_id":2821,"rcp":"RCP2.6","period":"2085","key":"pr","value":2.4,"estimate":"q5","season":"SON"},{"bfs_id":2821,"rcp":"RCP2.6","period":"2085","key":"pr","value":2.5,"estimate":"q50","season":"DJF"},{"bfs_id":2821,"rcp":"RCP2.6","period":"2085","key":"pr","value":2.8,"estimate":"q50","season":"MAM"},{"bfs_id":2821,"rcp":"RCP2.6","period":"2085","key":"pr","value":3.1,"estimate":"q50","season":"JJA"},{"bfs_id":2821,"rcp":"RCP2.6","period":"2085","key":"pr","value":2.7,"estimate":"q50","season":"SON"},{"bfs_id":2821,"rcp":"RCP2.6","period":"2085","key":"pr","value":2.8,"estimate":"q95","season":"DJF"},{"bfs_id":2821,"rcp":"RCP2.6","period":"2085","key":"pr","value":3.1,"estimate":"q95","season":"MAM"},{"bfs_id":2821,"rcp":"RCP2.6","period":"2085","key":"pr","value":3.5,"estimate":"q95","season":"JJA"},{"bfs_id":2821,"rcp":"RCP2.6","period":"2085","key":"pr","value":3,"estimate":"q95","season":"SON"},{"bfs_id":2821,"rcp":"RCP8.5","period":"2035","key":"pr","value":2.3,"estimate":"q5","season":"DJF"},{"bfs_id":2821,"rcp":"RCP8.5","period":"2035","key":"pr","value":2.7,"estimate":"q5","season":"MAM"},{"bfs_id":2821,"rcp":"RCP8.5","period":"2035","key":"pr","value":2.5,"estimate":"q5","season":"JJA"},{"bfs_id":2821,"rcp":"RCP8.5","period":"2035","key":"pr","value":2.5,"estimate":"q5","season":"SON"},{"bfs_id":2821,"rcp":"RCP8.5","period":"2035","key":"pr","value":2.7,"estimate":"q50","season":"DJF"},{"bfs_id":2821,"rcp":"RCP8.5","period":"2035","key":"pr","value":2.9,"estimate":"q50","season":"MAM"},{"bfs_id":2821,"rcp":"RCP8.5","period":"2035","key":"pr","value":3.2,"estimate":"q50","season":"JJA"},{"bfs_id":2821,"rcp":"RCP8.5","period":"2035","key":"pr","value":2.8,"estimate":"q50","season":"SON"},{"bfs_id":2821,"rcp":"RCP8.5","period":"2035","key":"pr","value":2.8,"estimate":"q95","season":"DJF"},{"bfs_id":2821,"rcp":"RCP8.5","period":"2035","key":"pr","value":3.1,"estimate":"q95","season":"MAM"},{"bfs_id":2821,"rcp":"RCP8.5","period":"2035","key":"pr","value":3.5,"estimate":"q95","season":"JJA"},{"bfs_id":2821,"rcp":"RCP8.5","period":"2035","key":"pr","value":3.2,"estimate":"q95","season":"SON"},{"bfs_id":2821,"rcp":"RCP8.5","period":"2060","key":"pr","value":2.4,"estimate":"q5","season":"DJF"},{"bfs_id":2821,"rcp":"RCP8.5","period":"2060","key":"pr","value":2.8,"estimate":"q5","season":"MAM"},{"bfs_id":2821,"rcp":"RCP8.5","period":"2060","key":"pr","value":2.3,"estimate":"q5","season":"JJA"},{"bfs_id":2821,"rcp":"RCP8.5","period":"2060","key":"pr","value":2.5,"estimate":"q5","season":"SON"},{"bfs_id":2821,"rcp":"RCP8.5","period":"2060","key":"pr","value":2.7,"estimate":"q50","season":"DJF"},{"bfs_id":2821,"rcp":"RCP8.5","period":"2060","key":"pr","value":3,"estimate":"q50","season":"MAM"},{"bfs_id":2821,"rcp":"RCP8.5","period":"2060","key":"pr","value":3,"estimate":"q50","season":"JJA"},{"bfs_id":2821,"rcp":"RCP8.5","period":"2060","key":"pr","value":2.8,"estimate":"q50","season":"SON"},{"bfs_id":2821,"rcp":"RCP8.5","period":"2060","key":"pr","value":3.1,"estimate":"q95","season":"DJF"},{"bfs_id":2821,"rcp":"RCP8.5","period":"2060","key":"pr","value":3.3,"estimate":"q95","season":"MAM"},{"bfs_id":2821,"rcp":"RCP8.5","period":"2060","key":"pr","value":3.4,"estimate":"q95","season":"JJA"},{"bfs_id":2821,"rcp":"RCP8.5","period":"2060","key":"pr","value":3.2,"estimate":"q95","season":"SON"},{"bfs_id":2821,"rcp":"RCP8.5","period":"2085","key":"pr","value":2.6,"estimate":"q5","season":"DJF"},{"bfs_id":2821,"rcp":"RCP8.5","period":"2085","key":"pr","value":2.8,"estimate":"q5","season":"MAM"},{"bfs_id":2821,"rcp":"RCP8.5","period":"2085","key":"pr","value":1.7,"estimate":"q5","season":"JJA"},{"bfs_id":2821,"rcp":"RCP8.5","period":"2085","key":"pr","value":2.4,"estimate":"q5","season":"SON"},{"bfs_id":2821,"rcp":"RCP8.5","period":"2085","key":"pr","value":3,"estimate":"q50","season":"DJF"},{"bfs_id":2821,"rcp":"RCP8.5","period":"2085","key":"pr","value":3.1,"estimate":"q50","season":"MAM"},{"bfs_id":2821,"rcp":"RCP8.5","period":"2085","key":"pr","value":2.7,"estimate":"q50","season":"JJA"},{"bfs_id":2821,"rcp":"RCP8.5","period":"2085","key":"pr","value":2.8,"estimate":"q50","season":"SON"},{"bfs_id":2821,"rcp":"RCP8.5","period":"2085","key":"pr","value":3.4,"estimate":"q95","season":"DJF"},{"bfs_id":2821,"rcp":"RCP8.5","period":"2085","key":"pr","value":3.4,"estimate":"q95","season":"MAM"},{"bfs_id":2821,"rcp":"RCP8.5","period":"2085","key":"pr","value":3.2,"estimate":"q95","season":"JJA"},{"bfs_id":2821,"rcp":"RCP8.5","period":"2085","key":"pr","value":3.2,"estimate":"q95","season":"SON"},{"bfs_id":2821,"rcp":"RCP2.6","period":"2035","key":"tas","value":1.9,"estimate":"q5","season":"DJF"},{"bfs_id":2821,"rcp":"RCP2.6","period":"2035","key":"tas","value":9.3,"estimate":"q5","season":"MAM"},{"bfs_id":2821,"rcp":"RCP2.6","period":"2035","key":"tas","value":18.4,"estimate":"q5","season":"JJA"},{"bfs_id":2821,"rcp":"RCP2.6","period":"2035","key":"tas","value":10.3,"estimate":"q5","season":"SON"},{"bfs_id":2821,"rcp":"RCP2.6","period":"2035","key":"tas","value":2.4,"estimate":"q50","season":"DJF"},{"bfs_id":2821,"rcp":"RCP2.6","period":"2035","key":"tas","value":9.9,"estimate":"q50","season":"MAM"},{"bfs_id":2821,"rcp":"RCP2.6","period":"2035","key":"tas","value":18.9,"estimate":"q50","season":"JJA"},{"bfs_id":2821,"rcp":"RCP2.6","period":"2035","key":"tas","value":10.7,"estimate":"q50","season":"SON"},{"bfs_id":2821,"rcp":"RCP2.6","period":"2035","key":"tas","value":3.2,"estimate":"q95","season":"DJF"},{"bfs_id":2821,"rcp":"RCP2.6","period":"2035","key":"tas","value":10.2,"estimate":"q95","season":"MAM"},{"bfs_id":2821,"rcp":"RCP2.6","period":"2035","key":"tas","value":19.5,"estimate":"q95","season":"JJA"},{"bfs_id":2821,"rcp":"RCP2.6","period":"2035","key":"tas","value":11.5,"estimate":"q95","season":"SON"},{"bfs_id":2821,"rcp":"RCP2.6","period":"2060","key":"tas","value":1.9,"estimate":"q5","season":"DJF"},{"bfs_id":2821,"rcp":"RCP2.6","period":"2060","key":"tas","value":9.2,"estimate":"q5","season":"MAM"},{"bfs_id":2821,"rcp":"RCP2.6","period":"2060","key":"tas","value":18.6,"estimate":"q5","season":"JJA"},{"bfs_id":2821,"rcp":"RCP2.6","period":"2060","key":"tas","value":10.6,"estimate":"q5","season":"SON"},{"bfs_id":2821,"rcp":"RCP2.6","period":"2060","key":"tas","value":2.8,"estimate":"q50","season":"DJF"},{"bfs_id":2821,"rcp":"RCP2.6","period":"2060","key":"tas","value":9.9,"estimate":"q50","season":"MAM"},{"bfs_id":2821,"rcp":"RCP2.6","period":"2060","key":"tas","value":19,"estimate":"q50","season":"JJA"},{"bfs_id":2821,"rcp":"RCP2.6","period":"2060","key":"tas","value":10.9,"estimate":"q50","season":"SON"},{"bfs_id":2821,"rcp":"RCP2.6","period":"2060","key":"tas","value":3.3,"estimate":"q95","season":"DJF"},{"bfs_id":2821,"rcp":"RCP2.6","period":"2060","key":"tas","value":10.4,"estimate":"q95","season":"MAM"},{"bfs_id":2821,"rcp":"RCP2.6","period":"2060","key":"tas","value":19.7,"estimate":"q95","season":"JJA"},{"bfs_id":2821,"rcp":"RCP2.6","period":"2060","key":"tas","value":11.9,"estimate":"q95","season":"SON"},{"bfs_id":2821,"rcp":"RCP2.6","period":"2085","key":"tas","value":2,"estimate":"q5","season":"DJF"},{"bfs_id":2821,"rcp":"RCP2.6","period":"2085","key":"tas","value":9.3,"estimate":"q5","season":"MAM"},{"bfs_id":2821,"rcp":"RCP2.6","period":"2085","key":"tas","value":18.5,"estimate":"q5","season":"JJA"},{"bfs_id":2821,"rcp":"RCP2.6","period":"2085","key":"tas","value":10.4,"estimate":"q5","season":"SON"},{"bfs_id":2821,"rcp":"RCP2.6","period":"2085","key":"tas","value":2.7,"estimate":"q50","season":"DJF"},{"bfs_id":2821,"rcp":"RCP2.6","period":"2085","key":"tas","value":10,"estimate":"q50","season":"MAM"},{"bfs_id":2821,"rcp":"RCP2.6","period":"2085","key":"tas","value":19,"estimate":"q50","season":"JJA"},{"bfs_id":2821,"rcp":"RCP2.6","period":"2085","key":"tas","value":11,"estimate":"q50","season":"SON"},{"bfs_id":2821,"rcp":"RCP2.6","period":"2085","key":"tas","value":3.4,"estimate":"q95","season":"DJF"},{"bfs_id":2821,"rcp":"RCP2.6","period":"2085","key":"tas","value":10.4,"estimate":"q95","season":"MAM"},{"bfs_id":2821,"rcp":"RCP2.6","period":"2085","key":"tas","value":19.6,"estimate":"q95","season":"JJA"},{"bfs_id":2821,"rcp":"RCP2.6","period":"2085","key":"tas","value":11.8,"estimate":"q95","season":"SON"},{"bfs_id":2821,"rcp":"RCP8.5","period":"2035","key":"tas","value":1.8,"estimate":"q5","season":"DJF"},{"bfs_id":2821,"rcp":"RCP8.5","period":"2035","key":"tas","value":9.5,"estimate":"q5","season":"MAM"},{"bfs_id":2821,"rcp":"RCP8.5","period":"2035","key":"tas","value":18.8,"estimate":"q5","season":"JJA"},{"bfs_id":2821,"rcp":"RCP8.5","period":"2035","key":"tas","value":10.6,"estimate":"q5","season":"SON"},{"bfs_id":2821,"rcp":"RCP8.5","period":"2035","key":"tas","value":2.8,"estimate":"q50","season":"DJF"},{"bfs_id":2821,"rcp":"RCP8.5","period":"2035","key":"tas","value":9.9,"estimate":"q50","season":"MAM"},{"bfs_id":2821,"rcp":"RCP8.5","period":"2035","key":"tas","value":19.2,"estimate":"q50","season":"JJA"},{"bfs_id":2821,"rcp":"RCP8.5","period":"2035","key":"tas","value":11.1,"estimate":"q50","season":"SON"},{"bfs_id":2821,"rcp":"RCP8.5","period":"2035","key":"tas","value":3.3,"estimate":"q95","season":"DJF"},{"bfs_id":2821,"rcp":"RCP8.5","period":"2035","key":"tas","value":10.3,"estimate":"q95","season":"MAM"},{"bfs_id":2821,"rcp":"RCP8.5","period":"2035","key":"tas","value":19.8,"estimate":"q95","season":"JJA"},{"bfs_id":2821,"rcp":"RCP8.5","period":"2035","key":"tas","value":11.9,"estimate":"q95","season":"SON"},{"bfs_id":2821,"rcp":"RCP8.5","period":"2060","key":"tas","value":3.2,"estimate":"q5","season":"DJF"},{"bfs_id":2821,"rcp":"RCP8.5","period":"2060","key":"tas","value":10.3,"estimate":"q5","season":"MAM"},{"bfs_id":2821,"rcp":"RCP8.5","period":"2060","key":"tas","value":19.8,"estimate":"q5","season":"JJA"},{"bfs_id":2821,"rcp":"RCP8.5","period":"2060","key":"tas","value":11.7,"estimate":"q5","season":"SON"},{"bfs_id":2821,"rcp":"RCP8.5","period":"2060","key":"tas","value":3.6,"estimate":"q50","season":"DJF"},{"bfs_id":2821,"rcp":"RCP8.5","period":"2060","key":"tas","value":10.8,"estimate":"q50","season":"MAM"},{"bfs_id":2821,"rcp":"RCP8.5","period":"2060","key":"tas","value":20.4,"estimate":"q50","season":"JJA"},{"bfs_id":2821,"rcp":"RCP8.5","period":"2060","key":"tas","value":12.3,"estimate":"q50","season":"SON"},{"bfs_id":2821,"rcp":"RCP8.5","period":"2060","key":"tas","value":4.3,"estimate":"q95","season":"DJF"},{"bfs_id":2821,"rcp":"RCP8.5","period":"2060","key":"tas","value":11.3,"estimate":"q95","season":"MAM"},{"bfs_id":2821,"rcp":"RCP8.5","period":"2060","key":"tas","value":21.5,"estimate":"q95","season":"JJA"},{"bfs_id":2821,"rcp":"RCP8.5","period":"2060","key":"tas","value":13.1,"estimate":"q95","season":"SON"},{"bfs_id":2821,"rcp":"RCP8.5","period":"2085","key":"tas","value":4.4,"estimate":"q5","season":"DJF"},{"bfs_id":2821,"rcp":"RCP8.5","period":"2085","key":"tas","value":11.3,"estimate":"q5","season":"MAM"},{"bfs_id":2821,"rcp":"RCP8.5","period":"2085","key":"tas","value":21.2,"estimate":"q5","season":"JJA"},{"bfs_id":2821,"rcp":"RCP8.5","period":"2085","key":"tas","value":12.8,"estimate":"q5","season":"SON"},{"bfs_id":2821,"rcp":"RCP8.5","period":"2085","key":"tas","value":5.4,"estimate":"q50","season":"DJF"},{"bfs_id":2821,"rcp":"RCP8.5","period":"2085","key":"tas","value":12.1,"estimate":"q50","season":"MAM"},{"bfs_id":2821,"rcp":"RCP8.5","period":"2085","key":"tas","value":22.1,"estimate":"q50","season":"JJA"},{"bfs_id":2821,"rcp":"RCP8.5","period":"2085","key":"tas","value":13.7,"estimate":"q50","season":"SON"},{"bfs_id":2821,"rcp":"RCP8.5","period":"2085","key":"tas","value":6.1,"estimate":"q95","season":"DJF"},{"bfs_id":2821,"rcp":"RCP8.5","period":"2085","key":"tas","value":13,"estimate":"q95","season":"MAM"},{"bfs_id":2821,"rcp":"RCP8.5","period":"2085","key":"tas","value":24.4,"estimate":"q95","season":"JJA"},{"bfs_id":2821,"rcp":"RCP8.5","period":"2085","key":"tas","value":15.3,"estimate":"q95","season":"SON"},{"bfs_id":2821,"rcp":"obs","period":"1981-2010","key":"FD","value":85.4,"estimate":"yearly_mean"},{"bfs_id":2821,"rcp":"obs","period":"1981-2010","key":"HD","value":8.9,"estimate":"yearly_mean"},{"bfs_id":2821,"rcp":"obs","period":"1981-2010","key":"ID","value":17.2,"estimate":"yearly_mean"},{"bfs_id":2821,"rcp":"obs","period":"1981-2010","key":"SD","value":46.7,"estimate":"yearly_mean"},{"bfs_id":2821,"rcp":"obs","period":"1981-2010","key":"snowdays","value":17.8,"estimate":"yearly_mean"},{"bfs_id":2821,"rcp":"obs","period":"1981-2010","key":"TN","value":0.1,"estimate":"yearly_mean"},{"bfs_id":2821,"rcp":"obs","period":"1981-2010","key":"pr","value":2.3,"estimate":"mean","season":"DJF"},{"bfs_id":2821,"rcp":"obs","period":"1981-2010","key":"pr","value":2.8,"estimate":"mean","season":"MAM"},{"bfs_id":2821,"rcp":"obs","period":"1981-2010","key":"pr","value":3.3,"estimate":"mean","season":"JJA"},{"bfs_id":2821,"rcp":"obs","period":"1981-2010","key":"pr","value":2.8,"estimate":"mean","season":"SON"},{"bfs_id":2821,"rcp":"obs","period":"1981-2010","key":"tas","value":1.3,"estimate":"mean","season":"DJF"},{"bfs_id":2821,"rcp":"obs","period":"1981-2010","key":"tas","value":9.3,"estimate":"mean","season":"MAM"},{"bfs_id":2821,"rcp":"obs","period":"1981-2010","key":"tas","value":17.9,"estimate":"mean","season":"JJA"},{"bfs_id":2821,"rcp":"obs","period":"1981-2010","key":"tas","value":9.7,"estimate":"mean","season":"SON"}]
