[{"bfs_id":3713,"rcp":"RCP2.6","period":"2035","key":"FD","value":151.1,"estimate":"q5"},{"bfs_id":3713,"rcp":"RCP2.6","period":"2035","key":"FD","value":160.5,"estimate":"q50"},{"bfs_id":3713,"rcp":"RCP2.6","period":"2035","key":"FD","value":171,"estimate":"q95"},{"bfs_id":3713,"rcp":"RCP2.6","period":"2060","key":"FD","value":148.3,"estimate":"q5"},{"bfs_id":3713,"rcp":"RCP2.6","period":"2060","key":"FD","value":158.5,"estimate":"q50"},{"bfs_id":3713,"rcp":"RCP2.6","period":"2060","key":"FD","value":170,"estimate":"q95"},{"bfs_id":3713,"rcp":"RCP2.6","period":"2085","key":"FD","value":148.9,"estimate":"q5"},{"bfs_id":3713,"rcp":"RCP2.6","period":"2085","key":"FD","value":160.1,"estimate":"q50"},{"bfs_id":3713,"rcp":"RCP2.6","period":"2085","key":"FD","value":171,"estimate":"q95"},{"bfs_id":3713,"rcp":"RCP8.5","period":"2035","key":"FD","value":149.2,"estimate":"q5"},{"bfs_id":3713,"rcp":"RCP8.5","period":"2035","key":"FD","value":157.2,"estimate":"q50"},{"bfs_id":3713,"rcp":"RCP8.5","period":"2035","key":"FD","value":166.2,"estimate":"q95"},{"bfs_id":3713,"rcp":"RCP8.5","period":"2060","key":"FD","value":130.1,"estimate":"q5"},{"bfs_id":3713,"rcp":"RCP8.5","period":"2060","key":"FD","value":140.2,"estimate":"q50"},{"bfs_id":3713,"rcp":"RCP8.5","period":"2060","key":"FD","value":149.9,"estimate":"q95"},{"bfs_id":3713,"rcp":"RCP8.5","period":"2085","key":"FD","value":107.2,"estimate":"q5"},{"bfs_id":3713,"rcp":"RCP8.5","period":"2085","key":"FD","value":118.2,"estimate":"q50"},{"bfs_id":3713,"rcp":"RCP8.5","period":"2085","key":"FD","value":130.7,"estimate":"q95"},{"bfs_id":3713,"rcp":"RCP2.6","period":"2035","key":"HD","value":0,"estimate":"q5"},{"bfs_id":3713,"rcp":"RCP2.6","period":"2035","key":"HD","value":0,"estimate":"q50"},{"bfs_id":3713,"rcp":"RCP2.6","period":"2035","key":"HD","value":0.1,"estimate":"q95"},{"bfs_id":3713,"rcp":"RCP2.6","period":"2060","key":"HD","value":0,"estimate":"q5"},{"bfs_id":3713,"rcp":"RCP2.6","period":"2060","key":"HD","value":0,"estimate":"q50"},{"bfs_id":3713,"rcp":"RCP2.6","period":"2060","key":"HD","value":0.1,"estimate":"q95"},{"bfs_id":3713,"rcp":"RCP2.6","period":"2085","key":"HD","value":0,"estimate":"q5"},{"bfs_id":3713,"rcp":"RCP2.6","period":"2085","key":"HD","value":0,"estimate":"q50"},{"bfs_id":3713,"rcp":"RCP2.6","period":"2085","key":"HD","value":0.1,"estimate":"q95"},{"bfs_id":3713,"rcp":"RCP8.5","period":"2035","key":"HD","value":0,"estimate":"q5"},{"bfs_id":3713,"rcp":"RCP8.5","period":"2035","key":"HD","value":0,"estimate":"q50"},{"bfs_id":3713,"rcp":"RCP8.5","period":"2035","key":"HD","value":0.4,"estimate":"q95"},{"bfs_id":3713,"rcp":"RCP8.5","period":"2060","key":"HD","value":0.1,"estimate":"q5"},{"bfs_id":3713,"rcp":"RCP8.5","period":"2060","key":"HD","value":0.4,"estimate":"q50"},{"bfs_id":3713,"rcp":"RCP8.5","period":"2060","key":"HD","value":1.9,"estimate":"q95"},{"bfs_id":3713,"rcp":"RCP8.5","period":"2085","key":"HD","value":0.4,"estimate":"q5"},{"bfs_id":3713,"rcp":"RCP8.5","period":"2085","key":"HD","value":1.9,"estimate":"q50"},{"bfs_id":3713,"rcp":"RCP8.5","period":"2085","key":"HD","value":13.6,"estimate":"q95"},{"bfs_id":3713,"rcp":"RCP2.6","period":"2035","key":"ID","value":37.6,"estimate":"q5"},{"bfs_id":3713,"rcp":"RCP2.6","period":"2035","key":"ID","value":44.2,"estimate":"q50"},{"bfs_id":3713,"rcp":"RCP2.6","period":"2035","key":"ID","value":50.2,"estimate":"q95"},{"bfs_id":3713,"rcp":"RCP2.6","period":"2060","key":"ID","value":36.3,"estimate":"q5"},{"bfs_id":3713,"rcp":"RCP2.6","period":"2060","key":"ID","value":41.8,"estimate":"q50"},{"bfs_id":3713,"rcp":"RCP2.6","period":"2060","key":"ID","value":48.3,"estimate":"q95"},{"bfs_id":3713,"rcp":"RCP2.6","period":"2085","key":"ID","value":35.6,"estimate":"q5"},{"bfs_id":3713,"rcp":"RCP2.6","period":"2085","key":"ID","value":43,"estimate":"q50"},{"bfs_id":3713,"rcp":"RCP2.6","period":"2085","key":"ID","value":49.1,"estimate":"q95"},{"bfs_id":3713,"rcp":"RCP8.5","period":"2035","key":"ID","value":35.1,"estimate":"q5"},{"bfs_id":3713,"rcp":"RCP8.5","period":"2035","key":"ID","value":41.1,"estimate":"q50"},{"bfs_id":3713,"rcp":"RCP8.5","period":"2035","key":"ID","value":47.4,"estimate":"q95"},{"bfs_id":3713,"rcp":"RCP8.5","period":"2060","key":"ID","value":24.9,"estimate":"q5"},{"bfs_id":3713,"rcp":"RCP8.5","period":"2060","key":"ID","value":32.3,"estimate":"q50"},{"bfs_id":3713,"rcp":"RCP8.5","period":"2060","key":"ID","value":35,"estimate":"q95"},{"bfs_id":3713,"rcp":"RCP8.5","period":"2085","key":"ID","value":13,"estimate":"q5"},{"bfs_id":3713,"rcp":"RCP8.5","period":"2085","key":"ID","value":18.8,"estimate":"q50"},{"bfs_id":3713,"rcp":"RCP8.5","period":"2085","key":"ID","value":25.3,"estimate":"q95"},{"bfs_id":3713,"rcp":"RCP2.6","period":"2035","key":"SD","value":1.7,"estimate":"q5"},{"bfs_id":3713,"rcp":"RCP2.6","period":"2035","key":"SD","value":3.3,"estimate":"q50"},{"bfs_id":3713,"rcp":"RCP2.6","period":"2035","key":"SD","value":4.6,"estimate":"q95"},{"bfs_id":3713,"rcp":"RCP2.6","period":"2060","key":"SD","value":1.8,"estimate":"q5"},{"bfs_id":3713,"rcp":"RCP2.6","period":"2060","key":"SD","value":3.8,"estimate":"q50"},{"bfs_id":3713,"rcp":"RCP2.6","period":"2060","key":"SD","value":6,"estimate":"q95"},{"bfs_id":3713,"rcp":"RCP2.6","period":"2085","key":"SD","value":1.7,"estimate":"q5"},{"bfs_id":3713,"rcp":"RCP2.6","period":"2085","key":"SD","value":3.4,"estimate":"q50"},{"bfs_id":3713,"rcp":"RCP2.6","period":"2085","key":"SD","value":5.5,"estimate":"q95"},{"bfs_id":3713,"rcp":"RCP8.5","period":"2035","key":"SD","value":2.1,"estimate":"q5"},{"bfs_id":3713,"rcp":"RCP8.5","period":"2035","key":"SD","value":4.2,"estimate":"q50"},{"bfs_id":3713,"rcp":"RCP8.5","period":"2035","key":"SD","value":10.9,"estimate":"q95"},{"bfs_id":3713,"rcp":"RCP8.5","period":"2060","key":"SD","value":6.1,"estimate":"q5"},{"bfs_id":3713,"rcp":"RCP8.5","period":"2060","key":"SD","value":12.3,"estimate":"q50"},{"bfs_id":3713,"rcp":"RCP8.5","period":"2060","key":"SD","value":27.5,"estimate":"q95"},{"bfs_id":3713,"rcp":"RCP8.5","period":"2085","key":"SD","value":16.9,"estimate":"q5"},{"bfs_id":3713,"rcp":"RCP8.5","period":"2085","key":"SD","value":26.3,"estimate":"q50"},{"bfs_id":3713,"rcp":"RCP8.5","period":"2085","key":"SD","value":59.3,"estimate":"q95"},{"bfs_id":3713,"rcp":"RCP2.6","period":"2035","key":"snowdays","value":26.7,"estimate":"q5"},{"bfs_id":3713,"rcp":"RCP2.6","period":"2035","key":"snowdays","value":33,"estimate":"q50"},{"bfs_id":3713,"rcp":"RCP2.6","period":"2035","key":"snowdays","value":42.6,"estimate":"q95"},{"bfs_id":3713,"rcp":"RCP2.6","period":"2060","key":"snowdays","value":25.6,"estimate":"q5"},{"bfs_id":3713,"rcp":"RCP2.6","period":"2060","key":"snowdays","value":32.7,"estimate":"q50"},{"bfs_id":3713,"rcp":"RCP2.6","period":"2060","key":"snowdays","value":41.1,"estimate":"q95"},{"bfs_id":3713,"rcp":"RCP2.6","period":"2085","key":"snowdays","value":26.2,"estimate":"q5"},{"bfs_id":3713,"rcp":"RCP2.6","period":"2085","key":"snowdays","value":32,"estimate":"q50"},{"bfs_id":3713,"rcp":"RCP2.6","period":"2085","key":"snowdays","value":41.9,"estimate":"q95"},{"bfs_id":3713,"rcp":"RCP8.5","period":"2035","key":"snowdays","value":25.4,"estimate":"q5"},{"bfs_id":3713,"rcp":"RCP8.5","period":"2035","key":"snowdays","value":31.8,"estimate":"q50"},{"bfs_id":3713,"rcp":"RCP8.5","period":"2035","key":"snowdays","value":40.3,"estimate":"q95"},{"bfs_id":3713,"rcp":"RCP8.5","period":"2060","key":"snowdays","value":20.3,"estimate":"q5"},{"bfs_id":3713,"rcp":"RCP8.5","period":"2060","key":"snowdays","value":26.1,"estimate":"q50"},{"bfs_id":3713,"rcp":"RCP8.5","period":"2060","key":"snowdays","value":37,"estimate":"q95"},{"bfs_id":3713,"rcp":"RCP8.5","period":"2085","key":"snowdays","value":14.5,"estimate":"q5"},{"bfs_id":3713,"rcp":"RCP8.5","period":"2085","key":"snowdays","value":20.3,"estimate":"q50"},{"bfs_id":3713,"rcp":"RCP8.5","period":"2085","key":"snowdays","value":31.2,"estimate":"q95"},{"bfs_id":3713,"rcp":"RCP2.6","period":"2035","key":"TN","value":0,"estimate":"q5"},{"bfs_id":3713,"rcp":"RCP2.6","period":"2035","key":"TN","value":0,"estimate":"q50"},{"bfs_id":3713,"rcp":"RCP2.6","period":"2035","key":"TN","value":0,"estimate":"q95"},{"bfs_id":3713,"rcp":"RCP2.6","period":"2060","key":"TN","value":0,"estimate":"q5"},{"bfs_id":3713,"rcp":"RCP2.6","period":"2060","key":"TN","value":0,"estimate":"q50"},{"bfs_id":3713,"rcp":"RCP2.6","period":"2060","key":"TN","value":0,"estimate":"q95"},{"bfs_id":3713,"rcp":"RCP2.6","period":"2085","key":"TN","value":0,"estimate":"q5"},{"bfs_id":3713,"rcp":"RCP2.6","period":"2085","key":"TN","value":0,"estimate":"q50"},{"bfs_id":3713,"rcp":"RCP2.6","period":"2085","key":"TN","value":0,"estimate":"q95"},{"bfs_id":3713,"rcp":"RCP8.5","period":"2035","key":"TN","value":0,"estimate":"q5"},{"bfs_id":3713,"rcp":"RCP8.5","period":"2035","key":"TN","value":0,"estimate":"q50"},{"bfs_id":3713,"rcp":"RCP8.5","period":"2035","key":"TN","value":0,"estimate":"q95"},{"bfs_id":3713,"rcp":"RCP8.5","period":"2060","key":"TN","value":0,"estimate":"q5"},{"bfs_id":3713,"rcp":"RCP8.5","period":"2060","key":"TN","value":0,"estimate":"q50"},{"bfs_id":3713,"rcp":"RCP8.5","period":"2060","key":"TN","value":0.2,"estimate":"q95"},{"bfs_id":3713,"rcp":"RCP8.5","period":"2085","key":"TN","value":0,"estimate":"q5"},{"bfs_id":3713,"rcp":"RCP8.5","period":"2085","key":"TN","value":0.1,"estimate":"q50"},{"bfs_id":3713,"rcp":"RCP8.5","period":"2085","key":"TN","value":2.9,"estimate":"q95"},{"bfs_id":3713,"rcp":"RCP2.6","period":"2035","key":"pr","value":1.6,"estimate":"q5","season":"DJF"},{"bfs_id":3713,"rcp":"RCP2.6","period":"2035","key":"pr","value":2.9,"estimate":"q5","season":"MAM"},{"bfs_id":3713,"rcp":"RCP2.6","period":"2035","key":"pr","value":3.7,"estimate":"q5","season":"JJA"},{"bfs_id":3713,"rcp":"RCP2.6","period":"2035","key":"pr","value":3,"estimate":"q5","season":"SON"},{"bfs_id":3713,"rcp":"RCP2.6","period":"2035","key":"pr","value":2,"estimate":"q50","season":"DJF"},{"bfs_id":3713,"rcp":"RCP2.6","period":"2035","key":"pr","value":3.1,"estimate":"q50","season":"MAM"},{"bfs_id":3713,"rcp":"RCP2.6","period":"2035","key":"pr","value":4.6,"estimate":"q50","season":"JJA"},{"bfs_id":3713,"rcp":"RCP2.6","period":"2035","key":"pr","value":3.8,"estimate":"q50","season":"SON"},{"bfs_id":3713,"rcp":"RCP2.6","period":"2035","key":"pr","value":2.2,"estimate":"q95","season":"DJF"},{"bfs_id":3713,"rcp":"RCP2.6","period":"2035","key":"pr","value":3.7,"estimate":"q95","season":"MAM"},{"bfs_id":3713,"rcp":"RCP2.6","period":"2035","key":"pr","value":5.2,"estimate":"q95","season":"JJA"},{"bfs_id":3713,"rcp":"RCP2.6","period":"2035","key":"pr","value":4.4,"estimate":"q95","season":"SON"},{"bfs_id":3713,"rcp":"RCP2.6","period":"2060","key":"pr","value":1.7,"estimate":"q5","season":"DJF"},{"bfs_id":3713,"rcp":"RCP2.6","period":"2060","key":"pr","value":2.6,"estimate":"q5","season":"MAM"},{"bfs_id":3713,"rcp":"RCP2.6","period":"2060","key":"pr","value":3.6,"estimate":"q5","season":"JJA"},{"bfs_id":3713,"rcp":"RCP2.6","period":"2060","key":"pr","value":3.1,"estimate":"q5","season":"SON"},{"bfs_id":3713,"rcp":"RCP2.6","period":"2060","key":"pr","value":1.9,"estimate":"q50","season":"DJF"},{"bfs_id":3713,"rcp":"RCP2.6","period":"2060","key":"pr","value":3.2,"estimate":"q50","season":"MAM"},{"bfs_id":3713,"rcp":"RCP2.6","period":"2060","key":"pr","value":4.6,"estimate":"q50","season":"JJA"},{"bfs_id":3713,"rcp":"RCP2.6","period":"2060","key":"pr","value":3.7,"estimate":"q50","season":"SON"},{"bfs_id":3713,"rcp":"RCP2.6","period":"2060","key":"pr","value":2.3,"estimate":"q95","season":"DJF"},{"bfs_id":3713,"rcp":"RCP2.6","period":"2060","key":"pr","value":3.8,"estimate":"q95","season":"MAM"},{"bfs_id":3713,"rcp":"RCP2.6","period":"2060","key":"pr","value":5.4,"estimate":"q95","season":"JJA"},{"bfs_id":3713,"rcp":"RCP2.6","period":"2060","key":"pr","value":4.2,"estimate":"q95","season":"SON"},{"bfs_id":3713,"rcp":"RCP2.6","period":"2085","key":"pr","value":1.7,"estimate":"q5","season":"DJF"},{"bfs_id":3713,"rcp":"RCP2.6","period":"2085","key":"pr","value":2.7,"estimate":"q5","season":"MAM"},{"bfs_id":3713,"rcp":"RCP2.6","period":"2085","key":"pr","value":3.6,"estimate":"q5","season":"JJA"},{"bfs_id":3713,"rcp":"RCP2.6","period":"2085","key":"pr","value":3,"estimate":"q5","season":"SON"},{"bfs_id":3713,"rcp":"RCP2.6","period":"2085","key":"pr","value":2,"estimate":"q50","season":"DJF"},{"bfs_id":3713,"rcp":"RCP2.6","period":"2085","key":"pr","value":3.2,"estimate":"q50","season":"MAM"},{"bfs_id":3713,"rcp":"RCP2.6","period":"2085","key":"pr","value":4.7,"estimate":"q50","season":"JJA"},{"bfs_id":3713,"rcp":"RCP2.6","period":"2085","key":"pr","value":3.6,"estimate":"q50","season":"SON"},{"bfs_id":3713,"rcp":"RCP2.6","period":"2085","key":"pr","value":2.3,"estimate":"q95","season":"DJF"},{"bfs_id":3713,"rcp":"RCP2.6","period":"2085","key":"pr","value":3.7,"estimate":"q95","season":"MAM"},{"bfs_id":3713,"rcp":"RCP2.6","period":"2085","key":"pr","value":5.3,"estimate":"q95","season":"JJA"},{"bfs_id":3713,"rcp":"RCP2.6","period":"2085","key":"pr","value":4.2,"estimate":"q95","season":"SON"},{"bfs_id":3713,"rcp":"RCP8.5","period":"2035","key":"pr","value":1.7,"estimate":"q5","season":"DJF"},{"bfs_id":3713,"rcp":"RCP8.5","period":"2035","key":"pr","value":2.9,"estimate":"q5","season":"MAM"},{"bfs_id":3713,"rcp":"RCP8.5","period":"2035","key":"pr","value":3.8,"estimate":"q5","season":"JJA"},{"bfs_id":3713,"rcp":"RCP8.5","period":"2035","key":"pr","value":3.2,"estimate":"q5","season":"SON"},{"bfs_id":3713,"rcp":"RCP8.5","period":"2035","key":"pr","value":1.9,"estimate":"q50","season":"DJF"},{"bfs_id":3713,"rcp":"RCP8.5","period":"2035","key":"pr","value":3.2,"estimate":"q50","season":"MAM"},{"bfs_id":3713,"rcp":"RCP8.5","period":"2035","key":"pr","value":4.5,"estimate":"q50","season":"JJA"},{"bfs_id":3713,"rcp":"RCP8.5","period":"2035","key":"pr","value":3.6,"estimate":"q50","season":"SON"},{"bfs_id":3713,"rcp":"RCP8.5","period":"2035","key":"pr","value":2.1,"estimate":"q95","season":"DJF"},{"bfs_id":3713,"rcp":"RCP8.5","period":"2035","key":"pr","value":3.7,"estimate":"q95","season":"MAM"},{"bfs_id":3713,"rcp":"RCP8.5","period":"2035","key":"pr","value":5.4,"estimate":"q95","season":"JJA"},{"bfs_id":3713,"rcp":"RCP8.5","period":"2035","key":"pr","value":4.1,"estimate":"q95","season":"SON"},{"bfs_id":3713,"rcp":"RCP8.5","period":"2060","key":"pr","value":1.6,"estimate":"q5","season":"DJF"},{"bfs_id":3713,"rcp":"RCP8.5","period":"2060","key":"pr","value":2.9,"estimate":"q5","season":"MAM"},{"bfs_id":3713,"rcp":"RCP8.5","period":"2060","key":"pr","value":3.5,"estimate":"q5","season":"JJA"},{"bfs_id":3713,"rcp":"RCP8.5","period":"2060","key":"pr","value":3.1,"estimate":"q5","season":"SON"},{"bfs_id":3713,"rcp":"RCP8.5","period":"2060","key":"pr","value":2.1,"estimate":"q50","season":"DJF"},{"bfs_id":3713,"rcp":"RCP8.5","period":"2060","key":"pr","value":3.5,"estimate":"q50","season":"MAM"},{"bfs_id":3713,"rcp":"RCP8.5","period":"2060","key":"pr","value":4.1,"estimate":"q50","season":"JJA"},{"bfs_id":3713,"rcp":"RCP8.5","period":"2060","key":"pr","value":3.7,"estimate":"q50","season":"SON"},{"bfs_id":3713,"rcp":"RCP8.5","period":"2060","key":"pr","value":2.4,"estimate":"q95","season":"DJF"},{"bfs_id":3713,"rcp":"RCP8.5","period":"2060","key":"pr","value":4,"estimate":"q95","season":"MAM"},{"bfs_id":3713,"rcp":"RCP8.5","period":"2060","key":"pr","value":5.5,"estimate":"q95","season":"JJA"},{"bfs_id":3713,"rcp":"RCP8.5","period":"2060","key":"pr","value":4.3,"estimate":"q95","season":"SON"},{"bfs_id":3713,"rcp":"RCP8.5","period":"2085","key":"pr","value":1.9,"estimate":"q5","season":"DJF"},{"bfs_id":3713,"rcp":"RCP8.5","period":"2085","key":"pr","value":3,"estimate":"q5","season":"MAM"},{"bfs_id":3713,"rcp":"RCP8.5","period":"2085","key":"pr","value":2.9,"estimate":"q5","season":"JJA"},{"bfs_id":3713,"rcp":"RCP8.5","period":"2085","key":"pr","value":3.2,"estimate":"q5","season":"SON"},{"bfs_id":3713,"rcp":"RCP8.5","period":"2085","key":"pr","value":2.3,"estimate":"q50","season":"DJF"},{"bfs_id":3713,"rcp":"RCP8.5","period":"2085","key":"pr","value":3.6,"estimate":"q50","season":"MAM"},{"bfs_id":3713,"rcp":"RCP8.5","period":"2085","key":"pr","value":3.8,"estimate":"q50","season":"JJA"},{"bfs_id":3713,"rcp":"RCP8.5","period":"2085","key":"pr","value":3.6,"estimate":"q50","season":"SON"},{"bfs_id":3713,"rcp":"RCP8.5","period":"2085","key":"pr","value":3,"estimate":"q95","season":"DJF"},{"bfs_id":3713,"rcp":"RCP8.5","period":"2085","key":"pr","value":4.1,"estimate":"q95","season":"MAM"},{"bfs_id":3713,"rcp":"RCP8.5","period":"2085","key":"pr","value":5.8,"estimate":"q95","season":"JJA"},{"bfs_id":3713,"rcp":"RCP8.5","period":"2085","key":"pr","value":4.5,"estimate":"q95","season":"SON"},{"bfs_id":3713,"rcp":"RCP2.6","period":"2035","key":"tas","value":-3.3,"estimate":"q5","season":"DJF"},{"bfs_id":3713,"rcp":"RCP2.6","period":"2035","key":"tas","value":2.7,"estimate":"q5","season":"MAM"},{"bfs_id":3713,"rcp":"RCP2.6","period":"2035","key":"tas","value":12.3,"estimate":"q5","season":"JJA"},{"bfs_id":3713,"rcp":"RCP2.6","period":"2035","key":"tas","value":5.2,"estimate":"q5","season":"SON"},{"bfs_id":3713,"rcp":"RCP2.6","period":"2035","key":"tas","value":-2.8,"estimate":"q50","season":"DJF"},{"bfs_id":3713,"rcp":"RCP2.6","period":"2035","key":"tas","value":3.2,"estimate":"q50","season":"MAM"},{"bfs_id":3713,"rcp":"RCP2.6","period":"2035","key":"tas","value":13.2,"estimate":"q50","season":"JJA"},{"bfs_id":3713,"rcp":"RCP2.6","period":"2035","key":"tas","value":5.8,"estimate":"q50","season":"SON"},{"bfs_id":3713,"rcp":"RCP2.6","period":"2035","key":"tas","value":-2.3,"estimate":"q95","season":"DJF"},{"bfs_id":3713,"rcp":"RCP2.6","period":"2035","key":"tas","value":3.7,"estimate":"q95","season":"MAM"},{"bfs_id":3713,"rcp":"RCP2.6","period":"2035","key":"tas","value":14.3,"estimate":"q95","season":"JJA"},{"bfs_id":3713,"rcp":"RCP2.6","period":"2035","key":"tas","value":6.4,"estimate":"q95","season":"SON"},{"bfs_id":3713,"rcp":"RCP2.6","period":"2060","key":"tas","value":-3.2,"estimate":"q5","season":"DJF"},{"bfs_id":3713,"rcp":"RCP2.6","period":"2060","key":"tas","value":2.5,"estimate":"q5","season":"MAM"},{"bfs_id":3713,"rcp":"RCP2.6","period":"2060","key":"tas","value":12.6,"estimate":"q5","season":"JJA"},{"bfs_id":3713,"rcp":"RCP2.6","period":"2060","key":"tas","value":5.5,"estimate":"q5","season":"SON"},{"bfs_id":3713,"rcp":"RCP2.6","period":"2060","key":"tas","value":-2.5,"estimate":"q50","season":"DJF"},{"bfs_id":3713,"rcp":"RCP2.6","period":"2060","key":"tas","value":3.1,"estimate":"q50","season":"MAM"},{"bfs_id":3713,"rcp":"RCP2.6","period":"2060","key":"tas","value":13.4,"estimate":"q50","season":"JJA"},{"bfs_id":3713,"rcp":"RCP2.6","period":"2060","key":"tas","value":5.9,"estimate":"q50","season":"SON"},{"bfs_id":3713,"rcp":"RCP2.6","period":"2060","key":"tas","value":-2,"estimate":"q95","season":"DJF"},{"bfs_id":3713,"rcp":"RCP2.6","period":"2060","key":"tas","value":3.8,"estimate":"q95","season":"MAM"},{"bfs_id":3713,"rcp":"RCP2.6","period":"2060","key":"tas","value":14.6,"estimate":"q95","season":"JJA"},{"bfs_id":3713,"rcp":"RCP2.6","period":"2060","key":"tas","value":6.7,"estimate":"q95","season":"SON"},{"bfs_id":3713,"rcp":"RCP2.6","period":"2085","key":"tas","value":-3.1,"estimate":"q5","season":"DJF"},{"bfs_id":3713,"rcp":"RCP2.6","period":"2085","key":"tas","value":2.6,"estimate":"q5","season":"MAM"},{"bfs_id":3713,"rcp":"RCP2.6","period":"2085","key":"tas","value":12.5,"estimate":"q5","season":"JJA"},{"bfs_id":3713,"rcp":"RCP2.6","period":"2085","key":"tas","value":5.2,"estimate":"q5","season":"SON"},{"bfs_id":3713,"rcp":"RCP2.6","period":"2085","key":"tas","value":-2.7,"estimate":"q50","season":"DJF"},{"bfs_id":3713,"rcp":"RCP2.6","period":"2085","key":"tas","value":3.2,"estimate":"q50","season":"MAM"},{"bfs_id":3713,"rcp":"RCP2.6","period":"2085","key":"tas","value":13.4,"estimate":"q50","season":"JJA"},{"bfs_id":3713,"rcp":"RCP2.6","period":"2085","key":"tas","value":6,"estimate":"q50","season":"SON"},{"bfs_id":3713,"rcp":"RCP2.6","period":"2085","key":"tas","value":-2,"estimate":"q95","season":"DJF"},{"bfs_id":3713,"rcp":"RCP2.6","period":"2085","key":"tas","value":4,"estimate":"q95","season":"MAM"},{"bfs_id":3713,"rcp":"RCP2.6","period":"2085","key":"tas","value":14.3,"estimate":"q95","season":"JJA"},{"bfs_id":3713,"rcp":"RCP2.6","period":"2085","key":"tas","value":6.7,"estimate":"q95","season":"SON"},{"bfs_id":3713,"rcp":"RCP8.5","period":"2035","key":"tas","value":-3.1,"estimate":"q5","season":"DJF"},{"bfs_id":3713,"rcp":"RCP8.5","period":"2035","key":"tas","value":2.9,"estimate":"q5","season":"MAM"},{"bfs_id":3713,"rcp":"RCP8.5","period":"2035","key":"tas","value":12.8,"estimate":"q5","season":"JJA"},{"bfs_id":3713,"rcp":"RCP8.5","period":"2035","key":"tas","value":5.7,"estimate":"q5","season":"SON"},{"bfs_id":3713,"rcp":"RCP8.5","period":"2035","key":"tas","value":-2.4,"estimate":"q50","season":"DJF"},{"bfs_id":3713,"rcp":"RCP8.5","period":"2035","key":"tas","value":3.2,"estimate":"q50","season":"MAM"},{"bfs_id":3713,"rcp":"RCP8.5","period":"2035","key":"tas","value":13.6,"estimate":"q50","season":"JJA"},{"bfs_id":3713,"rcp":"RCP8.5","period":"2035","key":"tas","value":6.1,"estimate":"q50","season":"SON"},{"bfs_id":3713,"rcp":"RCP8.5","period":"2035","key":"tas","value":-2.1,"estimate":"q95","season":"DJF"},{"bfs_id":3713,"rcp":"RCP8.5","period":"2035","key":"tas","value":3.8,"estimate":"q95","season":"MAM"},{"bfs_id":3713,"rcp":"RCP8.5","period":"2035","key":"tas","value":15,"estimate":"q95","season":"JJA"},{"bfs_id":3713,"rcp":"RCP8.5","period":"2035","key":"tas","value":6.8,"estimate":"q95","season":"SON"},{"bfs_id":3713,"rcp":"RCP8.5","period":"2060","key":"tas","value":-1.9,"estimate":"q5","season":"DJF"},{"bfs_id":3713,"rcp":"RCP8.5","period":"2060","key":"tas","value":3.7,"estimate":"q5","season":"MAM"},{"bfs_id":3713,"rcp":"RCP8.5","period":"2060","key":"tas","value":13.9,"estimate":"q5","season":"JJA"},{"bfs_id":3713,"rcp":"RCP8.5","period":"2060","key":"tas","value":6.8,"estimate":"q5","season":"SON"},{"bfs_id":3713,"rcp":"RCP8.5","period":"2060","key":"tas","value":-1.6,"estimate":"q50","season":"DJF"},{"bfs_id":3713,"rcp":"RCP8.5","period":"2060","key":"tas","value":4.4,"estimate":"q50","season":"MAM"},{"bfs_id":3713,"rcp":"RCP8.5","period":"2060","key":"tas","value":15.4,"estimate":"q50","season":"JJA"},{"bfs_id":3713,"rcp":"RCP8.5","period":"2060","key":"tas","value":7.7,"estimate":"q50","season":"SON"},{"bfs_id":3713,"rcp":"RCP8.5","period":"2060","key":"tas","value":-1,"estimate":"q95","season":"DJF"},{"bfs_id":3713,"rcp":"RCP8.5","period":"2060","key":"tas","value":5.3,"estimate":"q95","season":"MAM"},{"bfs_id":3713,"rcp":"RCP8.5","period":"2060","key":"tas","value":16.9,"estimate":"q95","season":"JJA"},{"bfs_id":3713,"rcp":"RCP8.5","period":"2060","key":"tas","value":8.7,"estimate":"q95","season":"SON"},{"bfs_id":3713,"rcp":"RCP8.5","period":"2085","key":"tas","value":-0.7,"estimate":"q5","season":"DJF"},{"bfs_id":3713,"rcp":"RCP8.5","period":"2085","key":"tas","value":5.1,"estimate":"q5","season":"MAM"},{"bfs_id":3713,"rcp":"RCP8.5","period":"2085","key":"tas","value":15.5,"estimate":"q5","season":"JJA"},{"bfs_id":3713,"rcp":"RCP8.5","period":"2085","key":"tas","value":8.2,"estimate":"q5","season":"SON"},{"bfs_id":3713,"rcp":"RCP8.5","period":"2085","key":"tas","value":0.1,"estimate":"q50","season":"DJF"},{"bfs_id":3713,"rcp":"RCP8.5","period":"2085","key":"tas","value":6,"estimate":"q50","season":"MAM"},{"bfs_id":3713,"rcp":"RCP8.5","period":"2085","key":"tas","value":17.4,"estimate":"q50","season":"JJA"},{"bfs_id":3713,"rcp":"RCP8.5","period":"2085","key":"tas","value":9.1,"estimate":"q50","season":"SON"},{"bfs_id":3713,"rcp":"RCP8.5","period":"2085","key":"tas","value":0.5,"estimate":"q95","season":"DJF"},{"bfs_id":3713,"rcp":"RCP8.5","period":"2085","key":"tas","value":8,"estimate":"q95","season":"MAM"},{"bfs_id":3713,"rcp":"RCP8.5","period":"2085","key":"tas","value":20.4,"estimate":"q95","season":"JJA"},{"bfs_id":3713,"rcp":"RCP8.5","period":"2085","key":"tas","value":10.9,"estimate":"q95","season":"SON"},{"bfs_id":3713,"rcp":"obs","period":"1981-2010","key":"FD","value":175.8,"estimate":"yearly_mean"},{"bfs_id":3713,"rcp":"obs","period":"1981-2010","key":"HD","value":0,"estimate":"yearly_mean"},{"bfs_id":3713,"rcp":"obs","period":"1981-2010","key":"ID","value":55.8,"estimate":"yearly_mean"},{"bfs_id":3713,"rcp":"obs","period":"1981-2010","key":"SD","value":0.8,"estimate":"yearly_mean"},{"bfs_id":3713,"rcp":"obs","period":"1981-2010","key":"snowdays","value":43.8,"estimate":"yearly_mean"},{"bfs_id":3713,"rcp":"obs","period":"1981-2010","key":"TN","value":0,"estimate":"yearly_mean"},{"bfs_id":3713,"rcp":"obs","period":"1981-2010","key":"pr","value":1.6,"estimate":"mean","season":"DJF"},{"bfs_id":3713,"rcp":"obs","period":"1981-2010","key":"pr","value":3,"estimate":"mean","season":"MAM"},{"bfs_id":3713,"rcp":"obs","period":"1981-2010","key":"pr","value":4.9,"estimate":"mean","season":"JJA"},{"bfs_id":3713,"rcp":"obs","period":"1981-2010","key":"pr","value":3.7,"estimate":"mean","season":"SON"},{"bfs_id":3713,"rcp":"obs","period":"1981-2010","key":"tas","value":-3.8,"estimate":"mean","season":"DJF"},{"bfs_id":3713,"rcp":"obs","period":"1981-2010","key":"tas","value":2.4,"estimate":"mean","season":"MAM"},{"bfs_id":3713,"rcp":"obs","period":"1981-2010","key":"tas","value":11.6,"estimate":"mean","season":"JJA"},{"bfs_id":3713,"rcp":"obs","period":"1981-2010","key":"tas","value":4.5,"estimate":"mean","season":"SON"}]
