[{"bfs_id":3271,"rcp":"RCP2.6","period":"2035","key":"FD","value":55.8,"estimate":"q5"},{"bfs_id":3271,"rcp":"RCP2.6","period":"2035","key":"FD","value":66.4,"estimate":"q50"},{"bfs_id":3271,"rcp":"RCP2.6","period":"2035","key":"FD","value":74.6,"estimate":"q95"},{"bfs_id":3271,"rcp":"RCP2.6","period":"2060","key":"FD","value":50.5,"estimate":"q5"},{"bfs_id":3271,"rcp":"RCP2.6","period":"2060","key":"FD","value":62.5,"estimate":"q50"},{"bfs_id":3271,"rcp":"RCP2.6","period":"2060","key":"FD","value":69.4,"estimate":"q95"},{"bfs_id":3271,"rcp":"RCP2.6","period":"2085","key":"FD","value":50.6,"estimate":"q5"},{"bfs_id":3271,"rcp":"RCP2.6","period":"2085","key":"FD","value":63.5,"estimate":"q50"},{"bfs_id":3271,"rcp":"RCP2.6","period":"2085","key":"FD","value":71,"estimate":"q95"},{"bfs_id":3271,"rcp":"RCP8.5","period":"2035","key":"FD","value":52.5,"estimate":"q5"},{"bfs_id":3271,"rcp":"RCP8.5","period":"2035","key":"FD","value":63.1,"estimate":"q50"},{"bfs_id":3271,"rcp":"RCP8.5","period":"2035","key":"FD","value":68,"estimate":"q95"},{"bfs_id":3271,"rcp":"RCP8.5","period":"2060","key":"FD","value":39.7,"estimate":"q5"},{"bfs_id":3271,"rcp":"RCP8.5","period":"2060","key":"FD","value":49.9,"estimate":"q50"},{"bfs_id":3271,"rcp":"RCP8.5","period":"2060","key":"FD","value":54.7,"estimate":"q95"},{"bfs_id":3271,"rcp":"RCP8.5","period":"2085","key":"FD","value":23.4,"estimate":"q5"},{"bfs_id":3271,"rcp":"RCP8.5","period":"2085","key":"FD","value":30.7,"estimate":"q50"},{"bfs_id":3271,"rcp":"RCP8.5","period":"2085","key":"FD","value":39.8,"estimate":"q95"},{"bfs_id":3271,"rcp":"RCP2.6","period":"2035","key":"HD","value":9,"estimate":"q5"},{"bfs_id":3271,"rcp":"RCP2.6","period":"2035","key":"HD","value":11.4,"estimate":"q50"},{"bfs_id":3271,"rcp":"RCP2.6","period":"2035","key":"HD","value":18.4,"estimate":"q95"},{"bfs_id":3271,"rcp":"RCP2.6","period":"2060","key":"HD","value":9.2,"estimate":"q5"},{"bfs_id":3271,"rcp":"RCP2.6","period":"2060","key":"HD","value":12.6,"estimate":"q50"},{"bfs_id":3271,"rcp":"RCP2.6","period":"2060","key":"HD","value":20.9,"estimate":"q95"},{"bfs_id":3271,"rcp":"RCP2.6","period":"2085","key":"HD","value":9.3,"estimate":"q5"},{"bfs_id":3271,"rcp":"RCP2.6","period":"2085","key":"HD","value":12.7,"estimate":"q50"},{"bfs_id":3271,"rcp":"RCP2.6","period":"2085","key":"HD","value":20,"estimate":"q95"},{"bfs_id":3271,"rcp":"RCP8.5","period":"2035","key":"HD","value":10.5,"estimate":"q5"},{"bfs_id":3271,"rcp":"RCP8.5","period":"2035","key":"HD","value":13.7,"estimate":"q50"},{"bfs_id":3271,"rcp":"RCP8.5","period":"2035","key":"HD","value":19.3,"estimate":"q95"},{"bfs_id":3271,"rcp":"RCP8.5","period":"2060","key":"HD","value":16.9,"estimate":"q5"},{"bfs_id":3271,"rcp":"RCP8.5","period":"2060","key":"HD","value":24.2,"estimate":"q50"},{"bfs_id":3271,"rcp":"RCP8.5","period":"2060","key":"HD","value":35.4,"estimate":"q95"},{"bfs_id":3271,"rcp":"RCP8.5","period":"2085","key":"HD","value":31,"estimate":"q5"},{"bfs_id":3271,"rcp":"RCP8.5","period":"2085","key":"HD","value":40.5,"estimate":"q50"},{"bfs_id":3271,"rcp":"RCP8.5","period":"2085","key":"HD","value":62.3,"estimate":"q95"},{"bfs_id":3271,"rcp":"RCP2.6","period":"2035","key":"ID","value":10.4,"estimate":"q5"},{"bfs_id":3271,"rcp":"RCP2.6","period":"2035","key":"ID","value":12.7,"estimate":"q50"},{"bfs_id":3271,"rcp":"RCP2.6","period":"2035","key":"ID","value":15.6,"estimate":"q95"},{"bfs_id":3271,"rcp":"RCP2.6","period":"2060","key":"ID","value":8.7,"estimate":"q5"},{"bfs_id":3271,"rcp":"RCP2.6","period":"2060","key":"ID","value":11.9,"estimate":"q50"},{"bfs_id":3271,"rcp":"RCP2.6","period":"2060","key":"ID","value":15.3,"estimate":"q95"},{"bfs_id":3271,"rcp":"RCP2.6","period":"2085","key":"ID","value":9.5,"estimate":"q5"},{"bfs_id":3271,"rcp":"RCP2.6","period":"2085","key":"ID","value":11.6,"estimate":"q50"},{"bfs_id":3271,"rcp":"RCP2.6","period":"2085","key":"ID","value":15.3,"estimate":"q95"},{"bfs_id":3271,"rcp":"RCP8.5","period":"2035","key":"ID","value":9.6,"estimate":"q5"},{"bfs_id":3271,"rcp":"RCP8.5","period":"2035","key":"ID","value":11.6,"estimate":"q50"},{"bfs_id":3271,"rcp":"RCP8.5","period":"2035","key":"ID","value":15,"estimate":"q95"},{"bfs_id":3271,"rcp":"RCP8.5","period":"2060","key":"ID","value":5.6,"estimate":"q5"},{"bfs_id":3271,"rcp":"RCP8.5","period":"2060","key":"ID","value":8,"estimate":"q50"},{"bfs_id":3271,"rcp":"RCP8.5","period":"2060","key":"ID","value":10,"estimate":"q95"},{"bfs_id":3271,"rcp":"RCP8.5","period":"2085","key":"ID","value":2.2,"estimate":"q5"},{"bfs_id":3271,"rcp":"RCP8.5","period":"2085","key":"ID","value":3.8,"estimate":"q50"},{"bfs_id":3271,"rcp":"RCP8.5","period":"2085","key":"ID","value":5.7,"estimate":"q95"},{"bfs_id":3271,"rcp":"RCP2.6","period":"2035","key":"SD","value":57.5,"estimate":"q5"},{"bfs_id":3271,"rcp":"RCP2.6","period":"2035","key":"SD","value":63.2,"estimate":"q50"},{"bfs_id":3271,"rcp":"RCP2.6","period":"2035","key":"SD","value":72.7,"estimate":"q95"},{"bfs_id":3271,"rcp":"RCP2.6","period":"2060","key":"SD","value":57.8,"estimate":"q5"},{"bfs_id":3271,"rcp":"RCP2.6","period":"2060","key":"SD","value":63.9,"estimate":"q50"},{"bfs_id":3271,"rcp":"RCP2.6","period":"2060","key":"SD","value":71.5,"estimate":"q95"},{"bfs_id":3271,"rcp":"RCP2.6","period":"2085","key":"SD","value":57.4,"estimate":"q5"},{"bfs_id":3271,"rcp":"RCP2.6","period":"2085","key":"SD","value":64.5,"estimate":"q50"},{"bfs_id":3271,"rcp":"RCP2.6","period":"2085","key":"SD","value":71.1,"estimate":"q95"},{"bfs_id":3271,"rcp":"RCP8.5","period":"2035","key":"SD","value":60.6,"estimate":"q5"},{"bfs_id":3271,"rcp":"RCP8.5","period":"2035","key":"SD","value":66.8,"estimate":"q50"},{"bfs_id":3271,"rcp":"RCP8.5","period":"2035","key":"SD","value":72.1,"estimate":"q95"},{"bfs_id":3271,"rcp":"RCP8.5","period":"2060","key":"SD","value":74.9,"estimate":"q5"},{"bfs_id":3271,"rcp":"RCP8.5","period":"2060","key":"SD","value":82.7,"estimate":"q50"},{"bfs_id":3271,"rcp":"RCP8.5","period":"2060","key":"SD","value":97.6,"estimate":"q95"},{"bfs_id":3271,"rcp":"RCP8.5","period":"2085","key":"SD","value":91,"estimate":"q5"},{"bfs_id":3271,"rcp":"RCP8.5","period":"2085","key":"SD","value":107.5,"estimate":"q50"},{"bfs_id":3271,"rcp":"RCP8.5","period":"2085","key":"SD","value":125.3,"estimate":"q95"},{"bfs_id":3271,"rcp":"RCP2.6","period":"2035","key":"snowdays","value":8.8,"estimate":"q5"},{"bfs_id":3271,"rcp":"RCP2.6","period":"2035","key":"snowdays","value":13.8,"estimate":"q50"},{"bfs_id":3271,"rcp":"RCP2.6","period":"2035","key":"snowdays","value":18.6,"estimate":"q95"},{"bfs_id":3271,"rcp":"RCP2.6","period":"2060","key":"snowdays","value":8.3,"estimate":"q5"},{"bfs_id":3271,"rcp":"RCP2.6","period":"2060","key":"snowdays","value":12.9,"estimate":"q50"},{"bfs_id":3271,"rcp":"RCP2.6","period":"2060","key":"snowdays","value":18.4,"estimate":"q95"},{"bfs_id":3271,"rcp":"RCP2.6","period":"2085","key":"snowdays","value":8.1,"estimate":"q5"},{"bfs_id":3271,"rcp":"RCP2.6","period":"2085","key":"snowdays","value":13.1,"estimate":"q50"},{"bfs_id":3271,"rcp":"RCP2.6","period":"2085","key":"snowdays","value":18.2,"estimate":"q95"},{"bfs_id":3271,"rcp":"RCP8.5","period":"2035","key":"snowdays","value":7.7,"estimate":"q5"},{"bfs_id":3271,"rcp":"RCP8.5","period":"2035","key":"snowdays","value":13.5,"estimate":"q50"},{"bfs_id":3271,"rcp":"RCP8.5","period":"2035","key":"snowdays","value":18,"estimate":"q95"},{"bfs_id":3271,"rcp":"RCP8.5","period":"2060","key":"snowdays","value":5.5,"estimate":"q5"},{"bfs_id":3271,"rcp":"RCP8.5","period":"2060","key":"snowdays","value":10.9,"estimate":"q50"},{"bfs_id":3271,"rcp":"RCP8.5","period":"2060","key":"snowdays","value":13.8,"estimate":"q95"},{"bfs_id":3271,"rcp":"RCP8.5","period":"2085","key":"snowdays","value":2.4,"estimate":"q5"},{"bfs_id":3271,"rcp":"RCP8.5","period":"2085","key":"snowdays","value":5.7,"estimate":"q50"},{"bfs_id":3271,"rcp":"RCP8.5","period":"2085","key":"snowdays","value":9.1,"estimate":"q95"},{"bfs_id":3271,"rcp":"RCP2.6","period":"2035","key":"TN","value":2.2,"estimate":"q5"},{"bfs_id":3271,"rcp":"RCP2.6","period":"2035","key":"TN","value":3.5,"estimate":"q50"},{"bfs_id":3271,"rcp":"RCP2.6","period":"2035","key":"TN","value":6.7,"estimate":"q95"},{"bfs_id":3271,"rcp":"RCP2.6","period":"2060","key":"TN","value":3.2,"estimate":"q5"},{"bfs_id":3271,"rcp":"RCP2.6","period":"2060","key":"TN","value":4.7,"estimate":"q50"},{"bfs_id":3271,"rcp":"RCP2.6","period":"2060","key":"TN","value":8.1,"estimate":"q95"},{"bfs_id":3271,"rcp":"RCP2.6","period":"2085","key":"TN","value":2.7,"estimate":"q5"},{"bfs_id":3271,"rcp":"RCP2.6","period":"2085","key":"TN","value":4.2,"estimate":"q50"},{"bfs_id":3271,"rcp":"RCP2.6","period":"2085","key":"TN","value":8,"estimate":"q95"},{"bfs_id":3271,"rcp":"RCP8.5","period":"2035","key":"TN","value":4,"estimate":"q5"},{"bfs_id":3271,"rcp":"RCP8.5","period":"2035","key":"TN","value":5.4,"estimate":"q50"},{"bfs_id":3271,"rcp":"RCP8.5","period":"2035","key":"TN","value":9.4,"estimate":"q95"},{"bfs_id":3271,"rcp":"RCP8.5","period":"2060","key":"TN","value":10.5,"estimate":"q5"},{"bfs_id":3271,"rcp":"RCP8.5","period":"2060","key":"TN","value":14.7,"estimate":"q50"},{"bfs_id":3271,"rcp":"RCP8.5","period":"2060","key":"TN","value":22.9,"estimate":"q95"},{"bfs_id":3271,"rcp":"RCP8.5","period":"2085","key":"TN","value":23.3,"estimate":"q5"},{"bfs_id":3271,"rcp":"RCP8.5","period":"2085","key":"TN","value":29.1,"estimate":"q50"},{"bfs_id":3271,"rcp":"RCP8.5","period":"2085","key":"TN","value":52.5,"estimate":"q95"},{"bfs_id":3271,"rcp":"RCP2.6","period":"2035","key":"pr","value":2.1,"estimate":"q5","season":"DJF"},{"bfs_id":3271,"rcp":"RCP2.6","period":"2035","key":"pr","value":2.6,"estimate":"q5","season":"MAM"},{"bfs_id":3271,"rcp":"RCP2.6","period":"2035","key":"pr","value":3.4,"estimate":"q5","season":"JJA"},{"bfs_id":3271,"rcp":"RCP2.6","period":"2035","key":"pr","value":2.5,"estimate":"q5","season":"SON"},{"bfs_id":3271,"rcp":"RCP2.6","period":"2035","key":"pr","value":2.4,"estimate":"q50","season":"DJF"},{"bfs_id":3271,"rcp":"RCP2.6","period":"2035","key":"pr","value":2.9,"estimate":"q50","season":"MAM"},{"bfs_id":3271,"rcp":"RCP2.6","period":"2035","key":"pr","value":4,"estimate":"q50","season":"JJA"},{"bfs_id":3271,"rcp":"RCP2.6","period":"2035","key":"pr","value":2.8,"estimate":"q50","season":"SON"},{"bfs_id":3271,"rcp":"RCP2.6","period":"2035","key":"pr","value":3,"estimate":"q95","season":"DJF"},{"bfs_id":3271,"rcp":"RCP2.6","period":"2035","key":"pr","value":3.1,"estimate":"q95","season":"MAM"},{"bfs_id":3271,"rcp":"RCP2.6","period":"2035","key":"pr","value":4.7,"estimate":"q95","season":"JJA"},{"bfs_id":3271,"rcp":"RCP2.6","period":"2035","key":"pr","value":3.5,"estimate":"q95","season":"SON"},{"bfs_id":3271,"rcp":"RCP2.6","period":"2060","key":"pr","value":2.1,"estimate":"q5","season":"DJF"},{"bfs_id":3271,"rcp":"RCP2.6","period":"2060","key":"pr","value":2.6,"estimate":"q5","season":"MAM"},{"bfs_id":3271,"rcp":"RCP2.6","period":"2060","key":"pr","value":3.4,"estimate":"q5","season":"JJA"},{"bfs_id":3271,"rcp":"RCP2.6","period":"2060","key":"pr","value":2.6,"estimate":"q5","season":"SON"},{"bfs_id":3271,"rcp":"RCP2.6","period":"2060","key":"pr","value":2.4,"estimate":"q50","season":"DJF"},{"bfs_id":3271,"rcp":"RCP2.6","period":"2060","key":"pr","value":2.9,"estimate":"q50","season":"MAM"},{"bfs_id":3271,"rcp":"RCP2.6","period":"2060","key":"pr","value":4.2,"estimate":"q50","season":"JJA"},{"bfs_id":3271,"rcp":"RCP2.6","period":"2060","key":"pr","value":2.8,"estimate":"q50","season":"SON"},{"bfs_id":3271,"rcp":"RCP2.6","period":"2060","key":"pr","value":2.7,"estimate":"q95","season":"DJF"},{"bfs_id":3271,"rcp":"RCP2.6","period":"2060","key":"pr","value":3.2,"estimate":"q95","season":"MAM"},{"bfs_id":3271,"rcp":"RCP2.6","period":"2060","key":"pr","value":4.7,"estimate":"q95","season":"JJA"},{"bfs_id":3271,"rcp":"RCP2.6","period":"2060","key":"pr","value":3.3,"estimate":"q95","season":"SON"},{"bfs_id":3271,"rcp":"RCP2.6","period":"2085","key":"pr","value":2,"estimate":"q5","season":"DJF"},{"bfs_id":3271,"rcp":"RCP2.6","period":"2085","key":"pr","value":2.5,"estimate":"q5","season":"MAM"},{"bfs_id":3271,"rcp":"RCP2.6","period":"2085","key":"pr","value":3.4,"estimate":"q5","season":"JJA"},{"bfs_id":3271,"rcp":"RCP2.6","period":"2085","key":"pr","value":2.6,"estimate":"q5","season":"SON"},{"bfs_id":3271,"rcp":"RCP2.6","period":"2085","key":"pr","value":2.4,"estimate":"q50","season":"DJF"},{"bfs_id":3271,"rcp":"RCP2.6","period":"2085","key":"pr","value":2.9,"estimate":"q50","season":"MAM"},{"bfs_id":3271,"rcp":"RCP2.6","period":"2085","key":"pr","value":4.3,"estimate":"q50","season":"JJA"},{"bfs_id":3271,"rcp":"RCP2.6","period":"2085","key":"pr","value":2.9,"estimate":"q50","season":"SON"},{"bfs_id":3271,"rcp":"RCP2.6","period":"2085","key":"pr","value":2.8,"estimate":"q95","season":"DJF"},{"bfs_id":3271,"rcp":"RCP2.6","period":"2085","key":"pr","value":3.1,"estimate":"q95","season":"MAM"},{"bfs_id":3271,"rcp":"RCP2.6","period":"2085","key":"pr","value":4.7,"estimate":"q95","season":"JJA"},{"bfs_id":3271,"rcp":"RCP2.6","period":"2085","key":"pr","value":3.4,"estimate":"q95","season":"SON"},{"bfs_id":3271,"rcp":"RCP8.5","period":"2035","key":"pr","value":2.2,"estimate":"q5","season":"DJF"},{"bfs_id":3271,"rcp":"RCP8.5","period":"2035","key":"pr","value":2.6,"estimate":"q5","season":"MAM"},{"bfs_id":3271,"rcp":"RCP8.5","period":"2035","key":"pr","value":3.5,"estimate":"q5","season":"JJA"},{"bfs_id":3271,"rcp":"RCP8.5","period":"2035","key":"pr","value":2.6,"estimate":"q5","season":"SON"},{"bfs_id":3271,"rcp":"RCP8.5","period":"2035","key":"pr","value":2.5,"estimate":"q50","season":"DJF"},{"bfs_id":3271,"rcp":"RCP8.5","period":"2035","key":"pr","value":2.9,"estimate":"q50","season":"MAM"},{"bfs_id":3271,"rcp":"RCP8.5","period":"2035","key":"pr","value":4.1,"estimate":"q50","season":"JJA"},{"bfs_id":3271,"rcp":"RCP8.5","period":"2035","key":"pr","value":3,"estimate":"q50","season":"SON"},{"bfs_id":3271,"rcp":"RCP8.5","period":"2035","key":"pr","value":2.8,"estimate":"q95","season":"DJF"},{"bfs_id":3271,"rcp":"RCP8.5","period":"2035","key":"pr","value":3.2,"estimate":"q95","season":"MAM"},{"bfs_id":3271,"rcp":"RCP8.5","period":"2035","key":"pr","value":4.6,"estimate":"q95","season":"JJA"},{"bfs_id":3271,"rcp":"RCP8.5","period":"2035","key":"pr","value":3.5,"estimate":"q95","season":"SON"},{"bfs_id":3271,"rcp":"RCP8.5","period":"2060","key":"pr","value":2.3,"estimate":"q5","season":"DJF"},{"bfs_id":3271,"rcp":"RCP8.5","period":"2060","key":"pr","value":2.8,"estimate":"q5","season":"MAM"},{"bfs_id":3271,"rcp":"RCP8.5","period":"2060","key":"pr","value":2.9,"estimate":"q5","season":"JJA"},{"bfs_id":3271,"rcp":"RCP8.5","period":"2060","key":"pr","value":2.6,"estimate":"q5","season":"SON"},{"bfs_id":3271,"rcp":"RCP8.5","period":"2060","key":"pr","value":2.5,"estimate":"q50","season":"DJF"},{"bfs_id":3271,"rcp":"RCP8.5","period":"2060","key":"pr","value":3.1,"estimate":"q50","season":"MAM"},{"bfs_id":3271,"rcp":"RCP8.5","period":"2060","key":"pr","value":4.1,"estimate":"q50","season":"JJA"},{"bfs_id":3271,"rcp":"RCP8.5","period":"2060","key":"pr","value":3,"estimate":"q50","season":"SON"},{"bfs_id":3271,"rcp":"RCP8.5","period":"2060","key":"pr","value":2.9,"estimate":"q95","season":"DJF"},{"bfs_id":3271,"rcp":"RCP8.5","period":"2060","key":"pr","value":3.5,"estimate":"q95","season":"MAM"},{"bfs_id":3271,"rcp":"RCP8.5","period":"2060","key":"pr","value":4.8,"estimate":"q95","season":"JJA"},{"bfs_id":3271,"rcp":"RCP8.5","period":"2060","key":"pr","value":3.3,"estimate":"q95","season":"SON"},{"bfs_id":3271,"rcp":"RCP8.5","period":"2085","key":"pr","value":2.3,"estimate":"q5","season":"DJF"},{"bfs_id":3271,"rcp":"RCP8.5","period":"2085","key":"pr","value":2.9,"estimate":"q5","season":"MAM"},{"bfs_id":3271,"rcp":"RCP8.5","period":"2085","key":"pr","value":2.5,"estimate":"q5","season":"JJA"},{"bfs_id":3271,"rcp":"RCP8.5","period":"2085","key":"pr","value":2.3,"estimate":"q5","season":"SON"},{"bfs_id":3271,"rcp":"RCP8.5","period":"2085","key":"pr","value":2.8,"estimate":"q50","season":"DJF"},{"bfs_id":3271,"rcp":"RCP8.5","period":"2085","key":"pr","value":3.2,"estimate":"q50","season":"MAM"},{"bfs_id":3271,"rcp":"RCP8.5","period":"2085","key":"pr","value":3.6,"estimate":"q50","season":"JJA"},{"bfs_id":3271,"rcp":"RCP8.5","period":"2085","key":"pr","value":3,"estimate":"q50","season":"SON"},{"bfs_id":3271,"rcp":"RCP8.5","period":"2085","key":"pr","value":3.3,"estimate":"q95","season":"DJF"},{"bfs_id":3271,"rcp":"RCP8.5","period":"2085","key":"pr","value":3.6,"estimate":"q95","season":"MAM"},{"bfs_id":3271,"rcp":"RCP8.5","period":"2085","key":"pr","value":4.1,"estimate":"q95","season":"JJA"},{"bfs_id":3271,"rcp":"RCP8.5","period":"2085","key":"pr","value":3.6,"estimate":"q95","season":"SON"},{"bfs_id":3271,"rcp":"RCP2.6","period":"2035","key":"tas","value":2.2,"estimate":"q5","season":"DJF"},{"bfs_id":3271,"rcp":"RCP2.6","period":"2035","key":"tas","value":10.2,"estimate":"q5","season":"MAM"},{"bfs_id":3271,"rcp":"RCP2.6","period":"2035","key":"tas","value":18.9,"estimate":"q5","season":"JJA"},{"bfs_id":3271,"rcp":"RCP2.6","period":"2035","key":"tas","value":11,"estimate":"q5","season":"SON"},{"bfs_id":3271,"rcp":"RCP2.6","period":"2035","key":"tas","value":2.7,"estimate":"q50","season":"DJF"},{"bfs_id":3271,"rcp":"RCP2.6","period":"2035","key":"tas","value":10.8,"estimate":"q50","season":"MAM"},{"bfs_id":3271,"rcp":"RCP2.6","period":"2035","key":"tas","value":19.6,"estimate":"q50","season":"JJA"},{"bfs_id":3271,"rcp":"RCP2.6","period":"2035","key":"tas","value":11.4,"estimate":"q50","season":"SON"},{"bfs_id":3271,"rcp":"RCP2.6","period":"2035","key":"tas","value":3.5,"estimate":"q95","season":"DJF"},{"bfs_id":3271,"rcp":"RCP2.6","period":"2035","key":"tas","value":11.2,"estimate":"q95","season":"MAM"},{"bfs_id":3271,"rcp":"RCP2.6","period":"2035","key":"tas","value":20.5,"estimate":"q95","season":"JJA"},{"bfs_id":3271,"rcp":"RCP2.6","period":"2035","key":"tas","value":12.3,"estimate":"q95","season":"SON"},{"bfs_id":3271,"rcp":"RCP2.6","period":"2060","key":"tas","value":2.1,"estimate":"q5","season":"DJF"},{"bfs_id":3271,"rcp":"RCP2.6","period":"2060","key":"tas","value":10,"estimate":"q5","season":"MAM"},{"bfs_id":3271,"rcp":"RCP2.6","period":"2060","key":"tas","value":19.2,"estimate":"q5","season":"JJA"},{"bfs_id":3271,"rcp":"RCP2.6","period":"2060","key":"tas","value":11.2,"estimate":"q5","season":"SON"},{"bfs_id":3271,"rcp":"RCP2.6","period":"2060","key":"tas","value":3.1,"estimate":"q50","season":"DJF"},{"bfs_id":3271,"rcp":"RCP2.6","period":"2060","key":"tas","value":10.7,"estimate":"q50","season":"MAM"},{"bfs_id":3271,"rcp":"RCP2.6","period":"2060","key":"tas","value":19.7,"estimate":"q50","season":"JJA"},{"bfs_id":3271,"rcp":"RCP2.6","period":"2060","key":"tas","value":11.7,"estimate":"q50","season":"SON"},{"bfs_id":3271,"rcp":"RCP2.6","period":"2060","key":"tas","value":3.8,"estimate":"q95","season":"DJF"},{"bfs_id":3271,"rcp":"RCP2.6","period":"2060","key":"tas","value":11.4,"estimate":"q95","season":"MAM"},{"bfs_id":3271,"rcp":"RCP2.6","period":"2060","key":"tas","value":20.5,"estimate":"q95","season":"JJA"},{"bfs_id":3271,"rcp":"RCP2.6","period":"2060","key":"tas","value":12.7,"estimate":"q95","season":"SON"},{"bfs_id":3271,"rcp":"RCP2.6","period":"2085","key":"tas","value":2.2,"estimate":"q5","season":"DJF"},{"bfs_id":3271,"rcp":"RCP2.6","period":"2085","key":"tas","value":10.1,"estimate":"q5","season":"MAM"},{"bfs_id":3271,"rcp":"RCP2.6","period":"2085","key":"tas","value":19.1,"estimate":"q5","season":"JJA"},{"bfs_id":3271,"rcp":"RCP2.6","period":"2085","key":"tas","value":11.1,"estimate":"q5","season":"SON"},{"bfs_id":3271,"rcp":"RCP2.6","period":"2085","key":"tas","value":3.1,"estimate":"q50","season":"DJF"},{"bfs_id":3271,"rcp":"RCP2.6","period":"2085","key":"tas","value":10.8,"estimate":"q50","season":"MAM"},{"bfs_id":3271,"rcp":"RCP2.6","period":"2085","key":"tas","value":19.7,"estimate":"q50","season":"JJA"},{"bfs_id":3271,"rcp":"RCP2.6","period":"2085","key":"tas","value":11.6,"estimate":"q50","season":"SON"},{"bfs_id":3271,"rcp":"RCP2.6","period":"2085","key":"tas","value":3.9,"estimate":"q95","season":"DJF"},{"bfs_id":3271,"rcp":"RCP2.6","period":"2085","key":"tas","value":11.5,"estimate":"q95","season":"MAM"},{"bfs_id":3271,"rcp":"RCP2.6","period":"2085","key":"tas","value":20.4,"estimate":"q95","season":"JJA"},{"bfs_id":3271,"rcp":"RCP2.6","period":"2085","key":"tas","value":12.7,"estimate":"q95","season":"SON"},{"bfs_id":3271,"rcp":"RCP8.5","period":"2035","key":"tas","value":2.3,"estimate":"q5","season":"DJF"},{"bfs_id":3271,"rcp":"RCP8.5","period":"2035","key":"tas","value":10.4,"estimate":"q5","season":"MAM"},{"bfs_id":3271,"rcp":"RCP8.5","period":"2035","key":"tas","value":19.4,"estimate":"q5","season":"JJA"},{"bfs_id":3271,"rcp":"RCP8.5","period":"2035","key":"tas","value":11.4,"estimate":"q5","season":"SON"},{"bfs_id":3271,"rcp":"RCP8.5","period":"2035","key":"tas","value":3.2,"estimate":"q50","season":"DJF"},{"bfs_id":3271,"rcp":"RCP8.5","period":"2035","key":"tas","value":10.8,"estimate":"q50","season":"MAM"},{"bfs_id":3271,"rcp":"RCP8.5","period":"2035","key":"tas","value":20,"estimate":"q50","season":"JJA"},{"bfs_id":3271,"rcp":"RCP8.5","period":"2035","key":"tas","value":11.7,"estimate":"q50","season":"SON"},{"bfs_id":3271,"rcp":"RCP8.5","period":"2035","key":"tas","value":3.7,"estimate":"q95","season":"DJF"},{"bfs_id":3271,"rcp":"RCP8.5","period":"2035","key":"tas","value":11.6,"estimate":"q95","season":"MAM"},{"bfs_id":3271,"rcp":"RCP8.5","period":"2035","key":"tas","value":20.8,"estimate":"q95","season":"JJA"},{"bfs_id":3271,"rcp":"RCP8.5","period":"2035","key":"tas","value":12.7,"estimate":"q95","season":"SON"},{"bfs_id":3271,"rcp":"RCP8.5","period":"2060","key":"tas","value":3.7,"estimate":"q5","season":"DJF"},{"bfs_id":3271,"rcp":"RCP8.5","period":"2060","key":"tas","value":11.5,"estimate":"q5","season":"MAM"},{"bfs_id":3271,"rcp":"RCP8.5","period":"2060","key":"tas","value":20.6,"estimate":"q5","season":"JJA"},{"bfs_id":3271,"rcp":"RCP8.5","period":"2060","key":"tas","value":12.5,"estimate":"q5","season":"SON"},{"bfs_id":3271,"rcp":"RCP8.5","period":"2060","key":"tas","value":4.2,"estimate":"q50","season":"DJF"},{"bfs_id":3271,"rcp":"RCP8.5","period":"2060","key":"tas","value":12.1,"estimate":"q50","season":"MAM"},{"bfs_id":3271,"rcp":"RCP8.5","period":"2060","key":"tas","value":21.3,"estimate":"q50","season":"JJA"},{"bfs_id":3271,"rcp":"RCP8.5","period":"2060","key":"tas","value":13.3,"estimate":"q50","season":"SON"},{"bfs_id":3271,"rcp":"RCP8.5","period":"2060","key":"tas","value":5,"estimate":"q95","season":"DJF"},{"bfs_id":3271,"rcp":"RCP8.5","period":"2060","key":"tas","value":13.5,"estimate":"q95","season":"MAM"},{"bfs_id":3271,"rcp":"RCP8.5","period":"2060","key":"tas","value":22.6,"estimate":"q95","season":"JJA"},{"bfs_id":3271,"rcp":"RCP8.5","period":"2060","key":"tas","value":14,"estimate":"q95","season":"SON"},{"bfs_id":3271,"rcp":"RCP8.5","period":"2085","key":"tas","value":5.1,"estimate":"q5","season":"DJF"},{"bfs_id":3271,"rcp":"RCP8.5","period":"2085","key":"tas","value":12.7,"estimate":"q5","season":"MAM"},{"bfs_id":3271,"rcp":"RCP8.5","period":"2085","key":"tas","value":22.2,"estimate":"q5","season":"JJA"},{"bfs_id":3271,"rcp":"RCP8.5","period":"2085","key":"tas","value":13.8,"estimate":"q5","season":"SON"},{"bfs_id":3271,"rcp":"RCP8.5","period":"2085","key":"tas","value":6.5,"estimate":"q50","season":"DJF"},{"bfs_id":3271,"rcp":"RCP8.5","period":"2085","key":"tas","value":13.6,"estimate":"q50","season":"MAM"},{"bfs_id":3271,"rcp":"RCP8.5","period":"2085","key":"tas","value":22.9,"estimate":"q50","season":"JJA"},{"bfs_id":3271,"rcp":"RCP8.5","period":"2085","key":"tas","value":14.7,"estimate":"q50","season":"SON"},{"bfs_id":3271,"rcp":"RCP8.5","period":"2085","key":"tas","value":7.2,"estimate":"q95","season":"DJF"},{"bfs_id":3271,"rcp":"RCP8.5","period":"2085","key":"tas","value":15.5,"estimate":"q95","season":"MAM"},{"bfs_id":3271,"rcp":"RCP8.5","period":"2085","key":"tas","value":25.5,"estimate":"q95","season":"JJA"},{"bfs_id":3271,"rcp":"RCP8.5","period":"2085","key":"tas","value":16.4,"estimate":"q95","season":"SON"},{"bfs_id":3271,"rcp":"obs","period":"1981-2010","key":"FD","value":78.9,"estimate":"yearly_mean"},{"bfs_id":3271,"rcp":"obs","period":"1981-2010","key":"HD","value":6.7,"estimate":"yearly_mean"},{"bfs_id":3271,"rcp":"obs","period":"1981-2010","key":"ID","value":18.3,"estimate":"yearly_mean"},{"bfs_id":3271,"rcp":"obs","period":"1981-2010","key":"SD","value":49.2,"estimate":"yearly_mean"},{"bfs_id":3271,"rcp":"obs","period":"1981-2010","key":"snowdays","value":15.1,"estimate":"yearly_mean"},{"bfs_id":3271,"rcp":"obs","period":"1981-2010","key":"TN","value":1.3,"estimate":"yearly_mean"},{"bfs_id":3271,"rcp":"obs","period":"1981-2010","key":"pr","value":2.1,"estimate":"mean","season":"DJF"},{"bfs_id":3271,"rcp":"obs","period":"1981-2010","key":"pr","value":2.6,"estimate":"mean","season":"MAM"},{"bfs_id":3271,"rcp":"obs","period":"1981-2010","key":"pr","value":4.7,"estimate":"mean","season":"JJA"},{"bfs_id":3271,"rcp":"obs","period":"1981-2010","key":"pr","value":2.9,"estimate":"mean","season":"SON"},{"bfs_id":3271,"rcp":"obs","period":"1981-2010","key":"tas","value":1.5,"estimate":"mean","season":"DJF"},{"bfs_id":3271,"rcp":"obs","period":"1981-2010","key":"tas","value":10.2,"estimate":"mean","season":"MAM"},{"bfs_id":3271,"rcp":"obs","period":"1981-2010","key":"tas","value":18.2,"estimate":"mean","season":"JJA"},{"bfs_id":3271,"rcp":"obs","period":"1981-2010","key":"tas","value":10.4,"estimate":"mean","season":"SON"}]
