[{"bfs_id":3837,"rcp":"RCP2.6","period":"2035","key":"FD","value":86.8,"estimate":"q5"},{"bfs_id":3837,"rcp":"RCP2.6","period":"2035","key":"FD","value":96.6,"estimate":"q50"},{"bfs_id":3837,"rcp":"RCP2.6","period":"2035","key":"FD","value":105.3,"estimate":"q95"},{"bfs_id":3837,"rcp":"RCP2.6","period":"2060","key":"FD","value":84,"estimate":"q5"},{"bfs_id":3837,"rcp":"RCP2.6","period":"2060","key":"FD","value":91.6,"estimate":"q50"},{"bfs_id":3837,"rcp":"RCP2.6","period":"2060","key":"FD","value":103.3,"estimate":"q95"},{"bfs_id":3837,"rcp":"RCP2.6","period":"2085","key":"FD","value":81.2,"estimate":"q5"},{"bfs_id":3837,"rcp":"RCP2.6","period":"2085","key":"FD","value":94.9,"estimate":"q50"},{"bfs_id":3837,"rcp":"RCP2.6","period":"2085","key":"FD","value":102.4,"estimate":"q95"},{"bfs_id":3837,"rcp":"RCP8.5","period":"2035","key":"FD","value":83,"estimate":"q5"},{"bfs_id":3837,"rcp":"RCP8.5","period":"2035","key":"FD","value":90.5,"estimate":"q50"},{"bfs_id":3837,"rcp":"RCP8.5","period":"2035","key":"FD","value":99.9,"estimate":"q95"},{"bfs_id":3837,"rcp":"RCP8.5","period":"2060","key":"FD","value":61.5,"estimate":"q5"},{"bfs_id":3837,"rcp":"RCP8.5","period":"2060","key":"FD","value":73.8,"estimate":"q50"},{"bfs_id":3837,"rcp":"RCP8.5","period":"2060","key":"FD","value":83.7,"estimate":"q95"},{"bfs_id":3837,"rcp":"RCP8.5","period":"2085","key":"FD","value":39.9,"estimate":"q5"},{"bfs_id":3837,"rcp":"RCP8.5","period":"2085","key":"FD","value":50.3,"estimate":"q50"},{"bfs_id":3837,"rcp":"RCP8.5","period":"2085","key":"FD","value":63.7,"estimate":"q95"},{"bfs_id":3837,"rcp":"RCP2.6","period":"2035","key":"HD","value":0.6,"estimate":"q5"},{"bfs_id":3837,"rcp":"RCP2.6","period":"2035","key":"HD","value":1.2,"estimate":"q50"},{"bfs_id":3837,"rcp":"RCP2.6","period":"2035","key":"HD","value":2.1,"estimate":"q95"},{"bfs_id":3837,"rcp":"RCP2.6","period":"2060","key":"HD","value":0.7,"estimate":"q5"},{"bfs_id":3837,"rcp":"RCP2.6","period":"2060","key":"HD","value":1.4,"estimate":"q50"},{"bfs_id":3837,"rcp":"RCP2.6","period":"2060","key":"HD","value":2.8,"estimate":"q95"},{"bfs_id":3837,"rcp":"RCP2.6","period":"2085","key":"HD","value":0.8,"estimate":"q5"},{"bfs_id":3837,"rcp":"RCP2.6","period":"2085","key":"HD","value":1.2,"estimate":"q50"},{"bfs_id":3837,"rcp":"RCP2.6","period":"2085","key":"HD","value":2.8,"estimate":"q95"},{"bfs_id":3837,"rcp":"RCP8.5","period":"2035","key":"HD","value":0.7,"estimate":"q5"},{"bfs_id":3837,"rcp":"RCP8.5","period":"2035","key":"HD","value":1.5,"estimate":"q50"},{"bfs_id":3837,"rcp":"RCP8.5","period":"2035","key":"HD","value":6.1,"estimate":"q95"},{"bfs_id":3837,"rcp":"RCP8.5","period":"2060","key":"HD","value":2.1,"estimate":"q5"},{"bfs_id":3837,"rcp":"RCP8.5","period":"2060","key":"HD","value":5.6,"estimate":"q50"},{"bfs_id":3837,"rcp":"RCP8.5","period":"2060","key":"HD","value":13.1,"estimate":"q95"},{"bfs_id":3837,"rcp":"RCP8.5","period":"2085","key":"HD","value":9.9,"estimate":"q5"},{"bfs_id":3837,"rcp":"RCP8.5","period":"2085","key":"HD","value":16.8,"estimate":"q50"},{"bfs_id":3837,"rcp":"RCP8.5","period":"2085","key":"HD","value":39.1,"estimate":"q95"},{"bfs_id":3837,"rcp":"RCP2.6","period":"2035","key":"ID","value":8.4,"estimate":"q5"},{"bfs_id":3837,"rcp":"RCP2.6","period":"2035","key":"ID","value":11,"estimate":"q50"},{"bfs_id":3837,"rcp":"RCP2.6","period":"2035","key":"ID","value":13.7,"estimate":"q95"},{"bfs_id":3837,"rcp":"RCP2.6","period":"2060","key":"ID","value":8.2,"estimate":"q5"},{"bfs_id":3837,"rcp":"RCP2.6","period":"2060","key":"ID","value":9.9,"estimate":"q50"},{"bfs_id":3837,"rcp":"RCP2.6","period":"2060","key":"ID","value":13.7,"estimate":"q95"},{"bfs_id":3837,"rcp":"RCP2.6","period":"2085","key":"ID","value":7.5,"estimate":"q5"},{"bfs_id":3837,"rcp":"RCP2.6","period":"2085","key":"ID","value":10.6,"estimate":"q50"},{"bfs_id":3837,"rcp":"RCP2.6","period":"2085","key":"ID","value":13.1,"estimate":"q95"},{"bfs_id":3837,"rcp":"RCP8.5","period":"2035","key":"ID","value":6.8,"estimate":"q5"},{"bfs_id":3837,"rcp":"RCP8.5","period":"2035","key":"ID","value":10.2,"estimate":"q50"},{"bfs_id":3837,"rcp":"RCP8.5","period":"2035","key":"ID","value":12.2,"estimate":"q95"},{"bfs_id":3837,"rcp":"RCP8.5","period":"2060","key":"ID","value":3.8,"estimate":"q5"},{"bfs_id":3837,"rcp":"RCP8.5","period":"2060","key":"ID","value":6.3,"estimate":"q50"},{"bfs_id":3837,"rcp":"RCP8.5","period":"2060","key":"ID","value":8,"estimate":"q95"},{"bfs_id":3837,"rcp":"RCP8.5","period":"2085","key":"ID","value":0.6,"estimate":"q5"},{"bfs_id":3837,"rcp":"RCP8.5","period":"2085","key":"ID","value":2.6,"estimate":"q50"},{"bfs_id":3837,"rcp":"RCP8.5","period":"2085","key":"ID","value":3.7,"estimate":"q95"},{"bfs_id":3837,"rcp":"RCP2.6","period":"2035","key":"SD","value":20.2,"estimate":"q5"},{"bfs_id":3837,"rcp":"RCP2.6","period":"2035","key":"SD","value":27.2,"estimate":"q50"},{"bfs_id":3837,"rcp":"RCP2.6","period":"2035","key":"SD","value":32.8,"estimate":"q95"},{"bfs_id":3837,"rcp":"RCP2.6","period":"2060","key":"SD","value":23.7,"estimate":"q5"},{"bfs_id":3837,"rcp":"RCP2.6","period":"2060","key":"SD","value":27.7,"estimate":"q50"},{"bfs_id":3837,"rcp":"RCP2.6","period":"2060","key":"SD","value":36.9,"estimate":"q95"},{"bfs_id":3837,"rcp":"RCP2.6","period":"2085","key":"SD","value":22,"estimate":"q5"},{"bfs_id":3837,"rcp":"RCP2.6","period":"2085","key":"SD","value":25.7,"estimate":"q50"},{"bfs_id":3837,"rcp":"RCP2.6","period":"2085","key":"SD","value":36,"estimate":"q95"},{"bfs_id":3837,"rcp":"RCP8.5","period":"2035","key":"SD","value":26.3,"estimate":"q5"},{"bfs_id":3837,"rcp":"RCP8.5","period":"2035","key":"SD","value":30.8,"estimate":"q50"},{"bfs_id":3837,"rcp":"RCP8.5","period":"2035","key":"SD","value":36,"estimate":"q95"},{"bfs_id":3837,"rcp":"RCP8.5","period":"2060","key":"SD","value":36.8,"estimate":"q5"},{"bfs_id":3837,"rcp":"RCP8.5","period":"2060","key":"SD","value":47.6,"estimate":"q50"},{"bfs_id":3837,"rcp":"RCP8.5","period":"2060","key":"SD","value":60.5,"estimate":"q95"},{"bfs_id":3837,"rcp":"RCP8.5","period":"2085","key":"SD","value":59.4,"estimate":"q5"},{"bfs_id":3837,"rcp":"RCP8.5","period":"2085","key":"SD","value":74.6,"estimate":"q50"},{"bfs_id":3837,"rcp":"RCP8.5","period":"2085","key":"SD","value":92.3,"estimate":"q95"},{"bfs_id":3837,"rcp":"RCP2.6","period":"2035","key":"snowdays","value":5.7,"estimate":"q5"},{"bfs_id":3837,"rcp":"RCP2.6","period":"2035","key":"snowdays","value":9.8,"estimate":"q50"},{"bfs_id":3837,"rcp":"RCP2.6","period":"2035","key":"snowdays","value":13.5,"estimate":"q95"},{"bfs_id":3837,"rcp":"RCP2.6","period":"2060","key":"snowdays","value":5.5,"estimate":"q5"},{"bfs_id":3837,"rcp":"RCP2.6","period":"2060","key":"snowdays","value":9.7,"estimate":"q50"},{"bfs_id":3837,"rcp":"RCP2.6","period":"2060","key":"snowdays","value":13,"estimate":"q95"},{"bfs_id":3837,"rcp":"RCP2.6","period":"2085","key":"snowdays","value":5.3,"estimate":"q5"},{"bfs_id":3837,"rcp":"RCP2.6","period":"2085","key":"snowdays","value":9.5,"estimate":"q50"},{"bfs_id":3837,"rcp":"RCP2.6","period":"2085","key":"snowdays","value":13.4,"estimate":"q95"},{"bfs_id":3837,"rcp":"RCP8.5","period":"2035","key":"snowdays","value":4.9,"estimate":"q5"},{"bfs_id":3837,"rcp":"RCP8.5","period":"2035","key":"snowdays","value":8.2,"estimate":"q50"},{"bfs_id":3837,"rcp":"RCP8.5","period":"2035","key":"snowdays","value":12.3,"estimate":"q95"},{"bfs_id":3837,"rcp":"RCP8.5","period":"2060","key":"snowdays","value":3.2,"estimate":"q5"},{"bfs_id":3837,"rcp":"RCP8.5","period":"2060","key":"snowdays","value":5.7,"estimate":"q50"},{"bfs_id":3837,"rcp":"RCP8.5","period":"2060","key":"snowdays","value":9.6,"estimate":"q95"},{"bfs_id":3837,"rcp":"RCP8.5","period":"2085","key":"snowdays","value":1.4,"estimate":"q5"},{"bfs_id":3837,"rcp":"RCP8.5","period":"2085","key":"snowdays","value":3.3,"estimate":"q50"},{"bfs_id":3837,"rcp":"RCP8.5","period":"2085","key":"snowdays","value":6.1,"estimate":"q95"},{"bfs_id":3837,"rcp":"RCP2.6","period":"2035","key":"TN","value":0,"estimate":"q5"},{"bfs_id":3837,"rcp":"RCP2.6","period":"2035","key":"TN","value":0.2,"estimate":"q50"},{"bfs_id":3837,"rcp":"RCP2.6","period":"2035","key":"TN","value":0.5,"estimate":"q95"},{"bfs_id":3837,"rcp":"RCP2.6","period":"2060","key":"TN","value":0.1,"estimate":"q5"},{"bfs_id":3837,"rcp":"RCP2.6","period":"2060","key":"TN","value":0.3,"estimate":"q50"},{"bfs_id":3837,"rcp":"RCP2.6","period":"2060","key":"TN","value":0.8,"estimate":"q95"},{"bfs_id":3837,"rcp":"RCP2.6","period":"2085","key":"TN","value":0,"estimate":"q5"},{"bfs_id":3837,"rcp":"RCP2.6","period":"2085","key":"TN","value":0.3,"estimate":"q50"},{"bfs_id":3837,"rcp":"RCP2.6","period":"2085","key":"TN","value":0.6,"estimate":"q95"},{"bfs_id":3837,"rcp":"RCP8.5","period":"2035","key":"TN","value":0.1,"estimate":"q5"},{"bfs_id":3837,"rcp":"RCP8.5","period":"2035","key":"TN","value":0.4,"estimate":"q50"},{"bfs_id":3837,"rcp":"RCP8.5","period":"2035","key":"TN","value":0.8,"estimate":"q95"},{"bfs_id":3837,"rcp":"RCP8.5","period":"2060","key":"TN","value":0.5,"estimate":"q5"},{"bfs_id":3837,"rcp":"RCP8.5","period":"2060","key":"TN","value":2.1,"estimate":"q50"},{"bfs_id":3837,"rcp":"RCP8.5","period":"2060","key":"TN","value":5.6,"estimate":"q95"},{"bfs_id":3837,"rcp":"RCP8.5","period":"2085","key":"TN","value":4.4,"estimate":"q5"},{"bfs_id":3837,"rcp":"RCP8.5","period":"2085","key":"TN","value":13.7,"estimate":"q50"},{"bfs_id":3837,"rcp":"RCP8.5","period":"2085","key":"TN","value":27.3,"estimate":"q95"},{"bfs_id":3837,"rcp":"RCP2.6","period":"2035","key":"pr","value":2,"estimate":"q5","season":"DJF"},{"bfs_id":3837,"rcp":"RCP2.6","period":"2035","key":"pr","value":4.3,"estimate":"q5","season":"MAM"},{"bfs_id":3837,"rcp":"RCP2.6","period":"2035","key":"pr","value":4.4,"estimate":"q5","season":"JJA"},{"bfs_id":3837,"rcp":"RCP2.6","period":"2035","key":"pr","value":4.3,"estimate":"q5","season":"SON"},{"bfs_id":3837,"rcp":"RCP2.6","period":"2035","key":"pr","value":2.6,"estimate":"q50","season":"DJF"},{"bfs_id":3837,"rcp":"RCP2.6","period":"2035","key":"pr","value":4.8,"estimate":"q50","season":"MAM"},{"bfs_id":3837,"rcp":"RCP2.6","period":"2035","key":"pr","value":5.6,"estimate":"q50","season":"JJA"},{"bfs_id":3837,"rcp":"RCP2.6","period":"2035","key":"pr","value":5.1,"estimate":"q50","season":"SON"},{"bfs_id":3837,"rcp":"RCP2.6","period":"2035","key":"pr","value":2.9,"estimate":"q95","season":"DJF"},{"bfs_id":3837,"rcp":"RCP2.6","period":"2035","key":"pr","value":5.6,"estimate":"q95","season":"MAM"},{"bfs_id":3837,"rcp":"RCP2.6","period":"2035","key":"pr","value":6.3,"estimate":"q95","season":"JJA"},{"bfs_id":3837,"rcp":"RCP2.6","period":"2035","key":"pr","value":6.1,"estimate":"q95","season":"SON"},{"bfs_id":3837,"rcp":"RCP2.6","period":"2060","key":"pr","value":2.1,"estimate":"q5","season":"DJF"},{"bfs_id":3837,"rcp":"RCP2.6","period":"2060","key":"pr","value":4.2,"estimate":"q5","season":"MAM"},{"bfs_id":3837,"rcp":"RCP2.6","period":"2060","key":"pr","value":4.7,"estimate":"q5","season":"JJA"},{"bfs_id":3837,"rcp":"RCP2.6","period":"2060","key":"pr","value":4.3,"estimate":"q5","season":"SON"},{"bfs_id":3837,"rcp":"RCP2.6","period":"2060","key":"pr","value":2.6,"estimate":"q50","season":"DJF"},{"bfs_id":3837,"rcp":"RCP2.6","period":"2060","key":"pr","value":4.9,"estimate":"q50","season":"MAM"},{"bfs_id":3837,"rcp":"RCP2.6","period":"2060","key":"pr","value":5.6,"estimate":"q50","season":"JJA"},{"bfs_id":3837,"rcp":"RCP2.6","period":"2060","key":"pr","value":5.2,"estimate":"q50","season":"SON"},{"bfs_id":3837,"rcp":"RCP2.6","period":"2060","key":"pr","value":3.2,"estimate":"q95","season":"DJF"},{"bfs_id":3837,"rcp":"RCP2.6","period":"2060","key":"pr","value":5.6,"estimate":"q95","season":"MAM"},{"bfs_id":3837,"rcp":"RCP2.6","period":"2060","key":"pr","value":6.6,"estimate":"q95","season":"JJA"},{"bfs_id":3837,"rcp":"RCP2.6","period":"2060","key":"pr","value":5.8,"estimate":"q95","season":"SON"},{"bfs_id":3837,"rcp":"RCP2.6","period":"2085","key":"pr","value":2.1,"estimate":"q5","season":"DJF"},{"bfs_id":3837,"rcp":"RCP2.6","period":"2085","key":"pr","value":4.3,"estimate":"q5","season":"MAM"},{"bfs_id":3837,"rcp":"RCP2.6","period":"2085","key":"pr","value":4.8,"estimate":"q5","season":"JJA"},{"bfs_id":3837,"rcp":"RCP2.6","period":"2085","key":"pr","value":4.3,"estimate":"q5","season":"SON"},{"bfs_id":3837,"rcp":"RCP2.6","period":"2085","key":"pr","value":2.7,"estimate":"q50","season":"DJF"},{"bfs_id":3837,"rcp":"RCP2.6","period":"2085","key":"pr","value":4.9,"estimate":"q50","season":"MAM"},{"bfs_id":3837,"rcp":"RCP2.6","period":"2085","key":"pr","value":5.5,"estimate":"q50","season":"JJA"},{"bfs_id":3837,"rcp":"RCP2.6","period":"2085","key":"pr","value":4.9,"estimate":"q50","season":"SON"},{"bfs_id":3837,"rcp":"RCP2.6","period":"2085","key":"pr","value":3.3,"estimate":"q95","season":"DJF"},{"bfs_id":3837,"rcp":"RCP2.6","period":"2085","key":"pr","value":5.7,"estimate":"q95","season":"MAM"},{"bfs_id":3837,"rcp":"RCP2.6","period":"2085","key":"pr","value":6.7,"estimate":"q95","season":"JJA"},{"bfs_id":3837,"rcp":"RCP2.6","period":"2085","key":"pr","value":5.7,"estimate":"q95","season":"SON"},{"bfs_id":3837,"rcp":"RCP8.5","period":"2035","key":"pr","value":2.2,"estimate":"q5","season":"DJF"},{"bfs_id":3837,"rcp":"RCP8.5","period":"2035","key":"pr","value":4.4,"estimate":"q5","season":"MAM"},{"bfs_id":3837,"rcp":"RCP8.5","period":"2035","key":"pr","value":4.8,"estimate":"q5","season":"JJA"},{"bfs_id":3837,"rcp":"RCP8.5","period":"2035","key":"pr","value":4.3,"estimate":"q5","season":"SON"},{"bfs_id":3837,"rcp":"RCP8.5","period":"2035","key":"pr","value":2.5,"estimate":"q50","season":"DJF"},{"bfs_id":3837,"rcp":"RCP8.5","period":"2035","key":"pr","value":5,"estimate":"q50","season":"MAM"},{"bfs_id":3837,"rcp":"RCP8.5","period":"2035","key":"pr","value":5.4,"estimate":"q50","season":"JJA"},{"bfs_id":3837,"rcp":"RCP8.5","period":"2035","key":"pr","value":4.8,"estimate":"q50","season":"SON"},{"bfs_id":3837,"rcp":"RCP8.5","period":"2035","key":"pr","value":2.9,"estimate":"q95","season":"DJF"},{"bfs_id":3837,"rcp":"RCP8.5","period":"2035","key":"pr","value":5.6,"estimate":"q95","season":"MAM"},{"bfs_id":3837,"rcp":"RCP8.5","period":"2035","key":"pr","value":6.5,"estimate":"q95","season":"JJA"},{"bfs_id":3837,"rcp":"RCP8.5","period":"2035","key":"pr","value":5.8,"estimate":"q95","season":"SON"},{"bfs_id":3837,"rcp":"RCP8.5","period":"2060","key":"pr","value":2,"estimate":"q5","season":"DJF"},{"bfs_id":3837,"rcp":"RCP8.5","period":"2060","key":"pr","value":4.4,"estimate":"q5","season":"MAM"},{"bfs_id":3837,"rcp":"RCP8.5","period":"2060","key":"pr","value":4.1,"estimate":"q5","season":"JJA"},{"bfs_id":3837,"rcp":"RCP8.5","period":"2060","key":"pr","value":4.5,"estimate":"q5","season":"SON"},{"bfs_id":3837,"rcp":"RCP8.5","period":"2060","key":"pr","value":2.7,"estimate":"q50","season":"DJF"},{"bfs_id":3837,"rcp":"RCP8.5","period":"2060","key":"pr","value":5.2,"estimate":"q50","season":"MAM"},{"bfs_id":3837,"rcp":"RCP8.5","period":"2060","key":"pr","value":5.2,"estimate":"q50","season":"JJA"},{"bfs_id":3837,"rcp":"RCP8.5","period":"2060","key":"pr","value":5,"estimate":"q50","season":"SON"},{"bfs_id":3837,"rcp":"RCP8.5","period":"2060","key":"pr","value":3.2,"estimate":"q95","season":"DJF"},{"bfs_id":3837,"rcp":"RCP8.5","period":"2060","key":"pr","value":6,"estimate":"q95","season":"MAM"},{"bfs_id":3837,"rcp":"RCP8.5","period":"2060","key":"pr","value":6.5,"estimate":"q95","season":"JJA"},{"bfs_id":3837,"rcp":"RCP8.5","period":"2060","key":"pr","value":5.6,"estimate":"q95","season":"SON"},{"bfs_id":3837,"rcp":"RCP8.5","period":"2085","key":"pr","value":2.6,"estimate":"q5","season":"DJF"},{"bfs_id":3837,"rcp":"RCP8.5","period":"2085","key":"pr","value":4.4,"estimate":"q5","season":"MAM"},{"bfs_id":3837,"rcp":"RCP8.5","period":"2085","key":"pr","value":3.1,"estimate":"q5","season":"JJA"},{"bfs_id":3837,"rcp":"RCP8.5","period":"2085","key":"pr","value":4.1,"estimate":"q5","season":"SON"},{"bfs_id":3837,"rcp":"RCP8.5","period":"2085","key":"pr","value":3,"estimate":"q50","season":"DJF"},{"bfs_id":3837,"rcp":"RCP8.5","period":"2085","key":"pr","value":5.3,"estimate":"q50","season":"MAM"},{"bfs_id":3837,"rcp":"RCP8.5","period":"2085","key":"pr","value":4.4,"estimate":"q50","season":"JJA"},{"bfs_id":3837,"rcp":"RCP8.5","period":"2085","key":"pr","value":5,"estimate":"q50","season":"SON"},{"bfs_id":3837,"rcp":"RCP8.5","period":"2085","key":"pr","value":4.1,"estimate":"q95","season":"DJF"},{"bfs_id":3837,"rcp":"RCP8.5","period":"2085","key":"pr","value":5.9,"estimate":"q95","season":"MAM"},{"bfs_id":3837,"rcp":"RCP8.5","period":"2085","key":"pr","value":6.2,"estimate":"q95","season":"JJA"},{"bfs_id":3837,"rcp":"RCP8.5","period":"2085","key":"pr","value":5.7,"estimate":"q95","season":"SON"},{"bfs_id":3837,"rcp":"RCP2.6","period":"2035","key":"tas","value":0.5,"estimate":"q5","season":"DJF"},{"bfs_id":3837,"rcp":"RCP2.6","period":"2035","key":"tas","value":7.8,"estimate":"q5","season":"MAM"},{"bfs_id":3837,"rcp":"RCP2.6","period":"2035","key":"tas","value":16.8,"estimate":"q5","season":"JJA"},{"bfs_id":3837,"rcp":"RCP2.6","period":"2035","key":"tas","value":8.8,"estimate":"q5","season":"SON"},{"bfs_id":3837,"rcp":"RCP2.6","period":"2035","key":"tas","value":1.1,"estimate":"q50","season":"DJF"},{"bfs_id":3837,"rcp":"RCP2.6","period":"2035","key":"tas","value":8.5,"estimate":"q50","season":"MAM"},{"bfs_id":3837,"rcp":"RCP2.6","period":"2035","key":"tas","value":17.7,"estimate":"q50","season":"JJA"},{"bfs_id":3837,"rcp":"RCP2.6","period":"2035","key":"tas","value":9.3,"estimate":"q50","season":"SON"},{"bfs_id":3837,"rcp":"RCP2.6","period":"2035","key":"tas","value":1.6,"estimate":"q95","season":"DJF"},{"bfs_id":3837,"rcp":"RCP2.6","period":"2035","key":"tas","value":8.9,"estimate":"q95","season":"MAM"},{"bfs_id":3837,"rcp":"RCP2.6","period":"2035","key":"tas","value":18.3,"estimate":"q95","season":"JJA"},{"bfs_id":3837,"rcp":"RCP2.6","period":"2035","key":"tas","value":10,"estimate":"q95","season":"SON"},{"bfs_id":3837,"rcp":"RCP2.6","period":"2060","key":"tas","value":0.6,"estimate":"q5","season":"DJF"},{"bfs_id":3837,"rcp":"RCP2.6","period":"2060","key":"tas","value":7.9,"estimate":"q5","season":"MAM"},{"bfs_id":3837,"rcp":"RCP2.6","period":"2060","key":"tas","value":17.1,"estimate":"q5","season":"JJA"},{"bfs_id":3837,"rcp":"RCP2.6","period":"2060","key":"tas","value":9.2,"estimate":"q5","season":"SON"},{"bfs_id":3837,"rcp":"RCP2.6","period":"2060","key":"tas","value":1.3,"estimate":"q50","season":"DJF"},{"bfs_id":3837,"rcp":"RCP2.6","period":"2060","key":"tas","value":8.6,"estimate":"q50","season":"MAM"},{"bfs_id":3837,"rcp":"RCP2.6","period":"2060","key":"tas","value":17.8,"estimate":"q50","season":"JJA"},{"bfs_id":3837,"rcp":"RCP2.6","period":"2060","key":"tas","value":9.6,"estimate":"q50","season":"SON"},{"bfs_id":3837,"rcp":"RCP2.6","period":"2060","key":"tas","value":1.8,"estimate":"q95","season":"DJF"},{"bfs_id":3837,"rcp":"RCP2.6","period":"2060","key":"tas","value":8.9,"estimate":"q95","season":"MAM"},{"bfs_id":3837,"rcp":"RCP2.6","period":"2060","key":"tas","value":18.5,"estimate":"q95","season":"JJA"},{"bfs_id":3837,"rcp":"RCP2.6","period":"2060","key":"tas","value":10.4,"estimate":"q95","season":"SON"},{"bfs_id":3837,"rcp":"RCP2.6","period":"2085","key":"tas","value":0.7,"estimate":"q5","season":"DJF"},{"bfs_id":3837,"rcp":"RCP2.6","period":"2085","key":"tas","value":7.9,"estimate":"q5","season":"MAM"},{"bfs_id":3837,"rcp":"RCP2.6","period":"2085","key":"tas","value":17.1,"estimate":"q5","season":"JJA"},{"bfs_id":3837,"rcp":"RCP2.6","period":"2085","key":"tas","value":8.9,"estimate":"q5","season":"SON"},{"bfs_id":3837,"rcp":"RCP2.6","period":"2085","key":"tas","value":1.2,"estimate":"q50","season":"DJF"},{"bfs_id":3837,"rcp":"RCP2.6","period":"2085","key":"tas","value":8.5,"estimate":"q50","season":"MAM"},{"bfs_id":3837,"rcp":"RCP2.6","period":"2085","key":"tas","value":17.7,"estimate":"q50","season":"JJA"},{"bfs_id":3837,"rcp":"RCP2.6","period":"2085","key":"tas","value":9.6,"estimate":"q50","season":"SON"},{"bfs_id":3837,"rcp":"RCP2.6","period":"2085","key":"tas","value":1.9,"estimate":"q95","season":"DJF"},{"bfs_id":3837,"rcp":"RCP2.6","period":"2085","key":"tas","value":9,"estimate":"q95","season":"MAM"},{"bfs_id":3837,"rcp":"RCP2.6","period":"2085","key":"tas","value":18.5,"estimate":"q95","season":"JJA"},{"bfs_id":3837,"rcp":"RCP2.6","period":"2085","key":"tas","value":10.3,"estimate":"q95","season":"SON"},{"bfs_id":3837,"rcp":"RCP8.5","period":"2035","key":"tas","value":0.8,"estimate":"q5","season":"DJF"},{"bfs_id":3837,"rcp":"RCP8.5","period":"2035","key":"tas","value":8.1,"estimate":"q5","season":"MAM"},{"bfs_id":3837,"rcp":"RCP8.5","period":"2035","key":"tas","value":17.3,"estimate":"q5","season":"JJA"},{"bfs_id":3837,"rcp":"RCP8.5","period":"2035","key":"tas","value":9.3,"estimate":"q5","season":"SON"},{"bfs_id":3837,"rcp":"RCP8.5","period":"2035","key":"tas","value":1.5,"estimate":"q50","season":"DJF"},{"bfs_id":3837,"rcp":"RCP8.5","period":"2035","key":"tas","value":8.5,"estimate":"q50","season":"MAM"},{"bfs_id":3837,"rcp":"RCP8.5","period":"2035","key":"tas","value":18.1,"estimate":"q50","season":"JJA"},{"bfs_id":3837,"rcp":"RCP8.5","period":"2035","key":"tas","value":9.7,"estimate":"q50","season":"SON"},{"bfs_id":3837,"rcp":"RCP8.5","period":"2035","key":"tas","value":1.8,"estimate":"q95","season":"DJF"},{"bfs_id":3837,"rcp":"RCP8.5","period":"2035","key":"tas","value":9.1,"estimate":"q95","season":"MAM"},{"bfs_id":3837,"rcp":"RCP8.5","period":"2035","key":"tas","value":18.7,"estimate":"q95","season":"JJA"},{"bfs_id":3837,"rcp":"RCP8.5","period":"2035","key":"tas","value":10.3,"estimate":"q95","season":"SON"},{"bfs_id":3837,"rcp":"RCP8.5","period":"2060","key":"tas","value":1.9,"estimate":"q5","season":"DJF"},{"bfs_id":3837,"rcp":"RCP8.5","period":"2060","key":"tas","value":9.1,"estimate":"q5","season":"MAM"},{"bfs_id":3837,"rcp":"RCP8.5","period":"2060","key":"tas","value":18.4,"estimate":"q5","season":"JJA"},{"bfs_id":3837,"rcp":"RCP8.5","period":"2060","key":"tas","value":10.5,"estimate":"q5","season":"SON"},{"bfs_id":3837,"rcp":"RCP8.5","period":"2060","key":"tas","value":2.4,"estimate":"q50","season":"DJF"},{"bfs_id":3837,"rcp":"RCP8.5","period":"2060","key":"tas","value":9.8,"estimate":"q50","season":"MAM"},{"bfs_id":3837,"rcp":"RCP8.5","period":"2060","key":"tas","value":19.2,"estimate":"q50","season":"JJA"},{"bfs_id":3837,"rcp":"RCP8.5","period":"2060","key":"tas","value":11.2,"estimate":"q50","season":"SON"},{"bfs_id":3837,"rcp":"RCP8.5","period":"2060","key":"tas","value":3,"estimate":"q95","season":"DJF"},{"bfs_id":3837,"rcp":"RCP8.5","period":"2060","key":"tas","value":11.1,"estimate":"q95","season":"MAM"},{"bfs_id":3837,"rcp":"RCP8.5","period":"2060","key":"tas","value":20.8,"estimate":"q95","season":"JJA"},{"bfs_id":3837,"rcp":"RCP8.5","period":"2060","key":"tas","value":11.8,"estimate":"q95","season":"SON"},{"bfs_id":3837,"rcp":"RCP8.5","period":"2085","key":"tas","value":3.4,"estimate":"q5","season":"DJF"},{"bfs_id":3837,"rcp":"RCP8.5","period":"2085","key":"tas","value":10.5,"estimate":"q5","season":"MAM"},{"bfs_id":3837,"rcp":"RCP8.5","period":"2085","key":"tas","value":20.1,"estimate":"q5","season":"JJA"},{"bfs_id":3837,"rcp":"RCP8.5","period":"2085","key":"tas","value":11.9,"estimate":"q5","season":"SON"},{"bfs_id":3837,"rcp":"RCP8.5","period":"2085","key":"tas","value":4.2,"estimate":"q50","season":"DJF"},{"bfs_id":3837,"rcp":"RCP8.5","period":"2085","key":"tas","value":11.3,"estimate":"q50","season":"MAM"},{"bfs_id":3837,"rcp":"RCP8.5","period":"2085","key":"tas","value":20.9,"estimate":"q50","season":"JJA"},{"bfs_id":3837,"rcp":"RCP8.5","period":"2085","key":"tas","value":12.5,"estimate":"q50","season":"SON"},{"bfs_id":3837,"rcp":"RCP8.5","period":"2085","key":"tas","value":5.1,"estimate":"q95","season":"DJF"},{"bfs_id":3837,"rcp":"RCP8.5","period":"2085","key":"tas","value":13.4,"estimate":"q95","season":"MAM"},{"bfs_id":3837,"rcp":"RCP8.5","period":"2085","key":"tas","value":23.4,"estimate":"q95","season":"JJA"},{"bfs_id":3837,"rcp":"RCP8.5","period":"2085","key":"tas","value":13.7,"estimate":"q95","season":"SON"},{"bfs_id":3837,"rcp":"obs","period":"1981-2010","key":"FD","value":110.5,"estimate":"yearly_mean"},{"bfs_id":3837,"rcp":"obs","period":"1981-2010","key":"HD","value":0.7,"estimate":"yearly_mean"},{"bfs_id":3837,"rcp":"obs","period":"1981-2010","key":"ID","value":17.5,"estimate":"yearly_mean"},{"bfs_id":3837,"rcp":"obs","period":"1981-2010","key":"SD","value":16.2,"estimate":"yearly_mean"},{"bfs_id":3837,"rcp":"obs","period":"1981-2010","key":"snowdays","value":19.3,"estimate":"yearly_mean"},{"bfs_id":3837,"rcp":"obs","period":"1981-2010","key":"TN","value":0,"estimate":"yearly_mean"},{"bfs_id":3837,"rcp":"obs","period":"1981-2010","key":"pr","value":2.1,"estimate":"mean","season":"DJF"},{"bfs_id":3837,"rcp":"obs","period":"1981-2010","key":"pr","value":4.5,"estimate":"mean","season":"MAM"},{"bfs_id":3837,"rcp":"obs","period":"1981-2010","key":"pr","value":6.1,"estimate":"mean","season":"JJA"},{"bfs_id":3837,"rcp":"obs","period":"1981-2010","key":"pr","value":5.2,"estimate":"mean","season":"SON"},{"bfs_id":3837,"rcp":"obs","period":"1981-2010","key":"tas","value":-0,"estimate":"mean","season":"DJF"},{"bfs_id":3837,"rcp":"obs","period":"1981-2010","key":"tas","value":7.8,"estimate":"mean","season":"MAM"},{"bfs_id":3837,"rcp":"obs","period":"1981-2010","key":"tas","value":16.2,"estimate":"mean","season":"JJA"},{"bfs_id":3837,"rcp":"obs","period":"1981-2010","key":"tas","value":8.3,"estimate":"mean","season":"SON"}]
