[{"bfs_id":3401,"rcp":"RCP2.6","period":"2035","key":"FD","value":88,"estimate":"q5"},{"bfs_id":3401,"rcp":"RCP2.6","period":"2035","key":"FD","value":100.4,"estimate":"q50"},{"bfs_id":3401,"rcp":"RCP2.6","period":"2035","key":"FD","value":108.2,"estimate":"q95"},{"bfs_id":3401,"rcp":"RCP2.6","period":"2060","key":"FD","value":84.2,"estimate":"q5"},{"bfs_id":3401,"rcp":"RCP2.6","period":"2060","key":"FD","value":95.7,"estimate":"q50"},{"bfs_id":3401,"rcp":"RCP2.6","period":"2060","key":"FD","value":106.1,"estimate":"q95"},{"bfs_id":3401,"rcp":"RCP2.6","period":"2085","key":"FD","value":84.5,"estimate":"q5"},{"bfs_id":3401,"rcp":"RCP2.6","period":"2085","key":"FD","value":97.9,"estimate":"q50"},{"bfs_id":3401,"rcp":"RCP2.6","period":"2085","key":"FD","value":106.5,"estimate":"q95"},{"bfs_id":3401,"rcp":"RCP8.5","period":"2035","key":"FD","value":85.9,"estimate":"q5"},{"bfs_id":3401,"rcp":"RCP8.5","period":"2035","key":"FD","value":94.8,"estimate":"q50"},{"bfs_id":3401,"rcp":"RCP8.5","period":"2035","key":"FD","value":103.8,"estimate":"q95"},{"bfs_id":3401,"rcp":"RCP8.5","period":"2060","key":"FD","value":70.2,"estimate":"q5"},{"bfs_id":3401,"rcp":"RCP8.5","period":"2060","key":"FD","value":78,"estimate":"q50"},{"bfs_id":3401,"rcp":"RCP8.5","period":"2060","key":"FD","value":87,"estimate":"q95"},{"bfs_id":3401,"rcp":"RCP8.5","period":"2085","key":"FD","value":45.8,"estimate":"q5"},{"bfs_id":3401,"rcp":"RCP8.5","period":"2085","key":"FD","value":55,"estimate":"q50"},{"bfs_id":3401,"rcp":"RCP8.5","period":"2085","key":"FD","value":66.2,"estimate":"q95"},{"bfs_id":3401,"rcp":"RCP2.6","period":"2035","key":"HD","value":1.4,"estimate":"q5"},{"bfs_id":3401,"rcp":"RCP2.6","period":"2035","key":"HD","value":2.5,"estimate":"q50"},{"bfs_id":3401,"rcp":"RCP2.6","period":"2035","key":"HD","value":4.1,"estimate":"q95"},{"bfs_id":3401,"rcp":"RCP2.6","period":"2060","key":"HD","value":1.7,"estimate":"q5"},{"bfs_id":3401,"rcp":"RCP2.6","period":"2060","key":"HD","value":2.9,"estimate":"q50"},{"bfs_id":3401,"rcp":"RCP2.6","period":"2060","key":"HD","value":5.2,"estimate":"q95"},{"bfs_id":3401,"rcp":"RCP2.6","period":"2085","key":"HD","value":1.6,"estimate":"q5"},{"bfs_id":3401,"rcp":"RCP2.6","period":"2085","key":"HD","value":2.5,"estimate":"q50"},{"bfs_id":3401,"rcp":"RCP2.6","period":"2085","key":"HD","value":4.9,"estimate":"q95"},{"bfs_id":3401,"rcp":"RCP8.5","period":"2035","key":"HD","value":1.9,"estimate":"q5"},{"bfs_id":3401,"rcp":"RCP8.5","period":"2035","key":"HD","value":2.8,"estimate":"q50"},{"bfs_id":3401,"rcp":"RCP8.5","period":"2035","key":"HD","value":7.5,"estimate":"q95"},{"bfs_id":3401,"rcp":"RCP8.5","period":"2060","key":"HD","value":3.7,"estimate":"q5"},{"bfs_id":3401,"rcp":"RCP8.5","period":"2060","key":"HD","value":7.4,"estimate":"q50"},{"bfs_id":3401,"rcp":"RCP8.5","period":"2060","key":"HD","value":16.3,"estimate":"q95"},{"bfs_id":3401,"rcp":"RCP8.5","period":"2085","key":"HD","value":9.7,"estimate":"q5"},{"bfs_id":3401,"rcp":"RCP8.5","period":"2085","key":"HD","value":14.2,"estimate":"q50"},{"bfs_id":3401,"rcp":"RCP8.5","period":"2085","key":"HD","value":36.4,"estimate":"q95"},{"bfs_id":3401,"rcp":"RCP2.6","period":"2035","key":"ID","value":22.8,"estimate":"q5"},{"bfs_id":3401,"rcp":"RCP2.6","period":"2035","key":"ID","value":27.1,"estimate":"q50"},{"bfs_id":3401,"rcp":"RCP2.6","period":"2035","key":"ID","value":31.5,"estimate":"q95"},{"bfs_id":3401,"rcp":"RCP2.6","period":"2060","key":"ID","value":21.3,"estimate":"q5"},{"bfs_id":3401,"rcp":"RCP2.6","period":"2060","key":"ID","value":25.4,"estimate":"q50"},{"bfs_id":3401,"rcp":"RCP2.6","period":"2060","key":"ID","value":31.4,"estimate":"q95"},{"bfs_id":3401,"rcp":"RCP2.6","period":"2085","key":"ID","value":19.7,"estimate":"q5"},{"bfs_id":3401,"rcp":"RCP2.6","period":"2085","key":"ID","value":25.7,"estimate":"q50"},{"bfs_id":3401,"rcp":"RCP2.6","period":"2085","key":"ID","value":29.8,"estimate":"q95"},{"bfs_id":3401,"rcp":"RCP8.5","period":"2035","key":"ID","value":21.2,"estimate":"q5"},{"bfs_id":3401,"rcp":"RCP8.5","period":"2035","key":"ID","value":25.7,"estimate":"q50"},{"bfs_id":3401,"rcp":"RCP8.5","period":"2035","key":"ID","value":30.6,"estimate":"q95"},{"bfs_id":3401,"rcp":"RCP8.5","period":"2060","key":"ID","value":14.7,"estimate":"q5"},{"bfs_id":3401,"rcp":"RCP8.5","period":"2060","key":"ID","value":19.2,"estimate":"q50"},{"bfs_id":3401,"rcp":"RCP8.5","period":"2060","key":"ID","value":22.4,"estimate":"q95"},{"bfs_id":3401,"rcp":"RCP8.5","period":"2085","key":"ID","value":6.2,"estimate":"q5"},{"bfs_id":3401,"rcp":"RCP8.5","period":"2085","key":"ID","value":10.5,"estimate":"q50"},{"bfs_id":3401,"rcp":"RCP8.5","period":"2085","key":"ID","value":13.6,"estimate":"q95"},{"bfs_id":3401,"rcp":"RCP2.6","period":"2035","key":"SD","value":22.1,"estimate":"q5"},{"bfs_id":3401,"rcp":"RCP2.6","period":"2035","key":"SD","value":25.3,"estimate":"q50"},{"bfs_id":3401,"rcp":"RCP2.6","period":"2035","key":"SD","value":32.7,"estimate":"q95"},{"bfs_id":3401,"rcp":"RCP2.6","period":"2060","key":"SD","value":21.9,"estimate":"q5"},{"bfs_id":3401,"rcp":"RCP2.6","period":"2060","key":"SD","value":26.7,"estimate":"q50"},{"bfs_id":3401,"rcp":"RCP2.6","period":"2060","key":"SD","value":33.3,"estimate":"q95"},{"bfs_id":3401,"rcp":"RCP2.6","period":"2085","key":"SD","value":22,"estimate":"q5"},{"bfs_id":3401,"rcp":"RCP2.6","period":"2085","key":"SD","value":26,"estimate":"q50"},{"bfs_id":3401,"rcp":"RCP2.6","period":"2085","key":"SD","value":31.8,"estimate":"q95"},{"bfs_id":3401,"rcp":"RCP8.5","period":"2035","key":"SD","value":23.3,"estimate":"q5"},{"bfs_id":3401,"rcp":"RCP8.5","period":"2035","key":"SD","value":28.3,"estimate":"q50"},{"bfs_id":3401,"rcp":"RCP8.5","period":"2035","key":"SD","value":33.5,"estimate":"q95"},{"bfs_id":3401,"rcp":"RCP8.5","period":"2060","key":"SD","value":32.4,"estimate":"q5"},{"bfs_id":3401,"rcp":"RCP8.5","period":"2060","key":"SD","value":39.2,"estimate":"q50"},{"bfs_id":3401,"rcp":"RCP8.5","period":"2060","key":"SD","value":54.9,"estimate":"q95"},{"bfs_id":3401,"rcp":"RCP8.5","period":"2085","key":"SD","value":47.4,"estimate":"q5"},{"bfs_id":3401,"rcp":"RCP8.5","period":"2085","key":"SD","value":56,"estimate":"q50"},{"bfs_id":3401,"rcp":"RCP8.5","period":"2085","key":"SD","value":81.7,"estimate":"q95"},{"bfs_id":3401,"rcp":"RCP2.6","period":"2035","key":"snowdays","value":23.8,"estimate":"q5"},{"bfs_id":3401,"rcp":"RCP2.6","period":"2035","key":"snowdays","value":33.1,"estimate":"q50"},{"bfs_id":3401,"rcp":"RCP2.6","period":"2035","key":"snowdays","value":37.8,"estimate":"q95"},{"bfs_id":3401,"rcp":"RCP2.6","period":"2060","key":"snowdays","value":23,"estimate":"q5"},{"bfs_id":3401,"rcp":"RCP2.6","period":"2060","key":"snowdays","value":31.4,"estimate":"q50"},{"bfs_id":3401,"rcp":"RCP2.6","period":"2060","key":"snowdays","value":39.6,"estimate":"q95"},{"bfs_id":3401,"rcp":"RCP2.6","period":"2085","key":"snowdays","value":22.6,"estimate":"q5"},{"bfs_id":3401,"rcp":"RCP2.6","period":"2085","key":"snowdays","value":31.8,"estimate":"q50"},{"bfs_id":3401,"rcp":"RCP2.6","period":"2085","key":"snowdays","value":38.6,"estimate":"q95"},{"bfs_id":3401,"rcp":"RCP8.5","period":"2035","key":"snowdays","value":21.9,"estimate":"q5"},{"bfs_id":3401,"rcp":"RCP8.5","period":"2035","key":"snowdays","value":32.7,"estimate":"q50"},{"bfs_id":3401,"rcp":"RCP8.5","period":"2035","key":"snowdays","value":39.2,"estimate":"q95"},{"bfs_id":3401,"rcp":"RCP8.5","period":"2060","key":"snowdays","value":16.9,"estimate":"q5"},{"bfs_id":3401,"rcp":"RCP8.5","period":"2060","key":"snowdays","value":26,"estimate":"q50"},{"bfs_id":3401,"rcp":"RCP8.5","period":"2060","key":"snowdays","value":29.9,"estimate":"q95"},{"bfs_id":3401,"rcp":"RCP8.5","period":"2085","key":"snowdays","value":9.4,"estimate":"q5"},{"bfs_id":3401,"rcp":"RCP8.5","period":"2085","key":"snowdays","value":17.3,"estimate":"q50"},{"bfs_id":3401,"rcp":"RCP8.5","period":"2085","key":"snowdays","value":25.8,"estimate":"q95"},{"bfs_id":3401,"rcp":"RCP2.6","period":"2035","key":"TN","value":0.1,"estimate":"q5"},{"bfs_id":3401,"rcp":"RCP2.6","period":"2035","key":"TN","value":0.3,"estimate":"q50"},{"bfs_id":3401,"rcp":"RCP2.6","period":"2035","key":"TN","value":0.7,"estimate":"q95"},{"bfs_id":3401,"rcp":"RCP2.6","period":"2060","key":"TN","value":0.1,"estimate":"q5"},{"bfs_id":3401,"rcp":"RCP2.6","period":"2060","key":"TN","value":0.4,"estimate":"q50"},{"bfs_id":3401,"rcp":"RCP2.6","period":"2060","key":"TN","value":0.9,"estimate":"q95"},{"bfs_id":3401,"rcp":"RCP2.6","period":"2085","key":"TN","value":0.1,"estimate":"q5"},{"bfs_id":3401,"rcp":"RCP2.6","period":"2085","key":"TN","value":0.4,"estimate":"q50"},{"bfs_id":3401,"rcp":"RCP2.6","period":"2085","key":"TN","value":0.8,"estimate":"q95"},{"bfs_id":3401,"rcp":"RCP8.5","period":"2035","key":"TN","value":0.2,"estimate":"q5"},{"bfs_id":3401,"rcp":"RCP8.5","period":"2035","key":"TN","value":0.4,"estimate":"q50"},{"bfs_id":3401,"rcp":"RCP8.5","period":"2035","key":"TN","value":2.2,"estimate":"q95"},{"bfs_id":3401,"rcp":"RCP8.5","period":"2060","key":"TN","value":0.7,"estimate":"q5"},{"bfs_id":3401,"rcp":"RCP8.5","period":"2060","key":"TN","value":1.9,"estimate":"q50"},{"bfs_id":3401,"rcp":"RCP8.5","period":"2060","key":"TN","value":5.5,"estimate":"q95"},{"bfs_id":3401,"rcp":"RCP8.5","period":"2085","key":"TN","value":3.7,"estimate":"q5"},{"bfs_id":3401,"rcp":"RCP8.5","period":"2085","key":"TN","value":7.4,"estimate":"q50"},{"bfs_id":3401,"rcp":"RCP8.5","period":"2085","key":"TN","value":21.1,"estimate":"q95"},{"bfs_id":3401,"rcp":"RCP2.6","period":"2035","key":"pr","value":3.3,"estimate":"q5","season":"DJF"},{"bfs_id":3401,"rcp":"RCP2.6","period":"2035","key":"pr","value":4,"estimate":"q5","season":"MAM"},{"bfs_id":3401,"rcp":"RCP2.6","period":"2035","key":"pr","value":4.5,"estimate":"q5","season":"JJA"},{"bfs_id":3401,"rcp":"RCP2.6","period":"2035","key":"pr","value":3.4,"estimate":"q5","season":"SON"},{"bfs_id":3401,"rcp":"RCP2.6","period":"2035","key":"pr","value":3.5,"estimate":"q50","season":"DJF"},{"bfs_id":3401,"rcp":"RCP2.6","period":"2035","key":"pr","value":4.4,"estimate":"q50","season":"MAM"},{"bfs_id":3401,"rcp":"RCP2.6","period":"2035","key":"pr","value":5.5,"estimate":"q50","season":"JJA"},{"bfs_id":3401,"rcp":"RCP2.6","period":"2035","key":"pr","value":3.8,"estimate":"q50","season":"SON"},{"bfs_id":3401,"rcp":"RCP2.6","period":"2035","key":"pr","value":4.3,"estimate":"q95","season":"DJF"},{"bfs_id":3401,"rcp":"RCP2.6","period":"2035","key":"pr","value":4.8,"estimate":"q95","season":"MAM"},{"bfs_id":3401,"rcp":"RCP2.6","period":"2035","key":"pr","value":6,"estimate":"q95","season":"JJA"},{"bfs_id":3401,"rcp":"RCP2.6","period":"2035","key":"pr","value":4.7,"estimate":"q95","season":"SON"},{"bfs_id":3401,"rcp":"RCP2.6","period":"2060","key":"pr","value":3.1,"estimate":"q5","season":"DJF"},{"bfs_id":3401,"rcp":"RCP2.6","period":"2060","key":"pr","value":4.1,"estimate":"q5","season":"MAM"},{"bfs_id":3401,"rcp":"RCP2.6","period":"2060","key":"pr","value":4.8,"estimate":"q5","season":"JJA"},{"bfs_id":3401,"rcp":"RCP2.6","period":"2060","key":"pr","value":3.5,"estimate":"q5","season":"SON"},{"bfs_id":3401,"rcp":"RCP2.6","period":"2060","key":"pr","value":3.6,"estimate":"q50","season":"DJF"},{"bfs_id":3401,"rcp":"RCP2.6","period":"2060","key":"pr","value":4.4,"estimate":"q50","season":"MAM"},{"bfs_id":3401,"rcp":"RCP2.6","period":"2060","key":"pr","value":5.5,"estimate":"q50","season":"JJA"},{"bfs_id":3401,"rcp":"RCP2.6","period":"2060","key":"pr","value":3.8,"estimate":"q50","season":"SON"},{"bfs_id":3401,"rcp":"RCP2.6","period":"2060","key":"pr","value":3.9,"estimate":"q95","season":"DJF"},{"bfs_id":3401,"rcp":"RCP2.6","period":"2060","key":"pr","value":4.8,"estimate":"q95","season":"MAM"},{"bfs_id":3401,"rcp":"RCP2.6","period":"2060","key":"pr","value":6.2,"estimate":"q95","season":"JJA"},{"bfs_id":3401,"rcp":"RCP2.6","period":"2060","key":"pr","value":4.5,"estimate":"q95","season":"SON"},{"bfs_id":3401,"rcp":"RCP2.6","period":"2085","key":"pr","value":3.1,"estimate":"q5","season":"DJF"},{"bfs_id":3401,"rcp":"RCP2.6","period":"2085","key":"pr","value":4,"estimate":"q5","season":"MAM"},{"bfs_id":3401,"rcp":"RCP2.6","period":"2085","key":"pr","value":4.7,"estimate":"q5","season":"JJA"},{"bfs_id":3401,"rcp":"RCP2.6","period":"2085","key":"pr","value":3.5,"estimate":"q5","season":"SON"},{"bfs_id":3401,"rcp":"RCP2.6","period":"2085","key":"pr","value":3.5,"estimate":"q50","season":"DJF"},{"bfs_id":3401,"rcp":"RCP2.6","period":"2085","key":"pr","value":4.3,"estimate":"q50","season":"MAM"},{"bfs_id":3401,"rcp":"RCP2.6","period":"2085","key":"pr","value":5.5,"estimate":"q50","season":"JJA"},{"bfs_id":3401,"rcp":"RCP2.6","period":"2085","key":"pr","value":3.8,"estimate":"q50","season":"SON"},{"bfs_id":3401,"rcp":"RCP2.6","period":"2085","key":"pr","value":4,"estimate":"q95","season":"DJF"},{"bfs_id":3401,"rcp":"RCP2.6","period":"2085","key":"pr","value":4.9,"estimate":"q95","season":"MAM"},{"bfs_id":3401,"rcp":"RCP2.6","period":"2085","key":"pr","value":6.2,"estimate":"q95","season":"JJA"},{"bfs_id":3401,"rcp":"RCP2.6","period":"2085","key":"pr","value":4.4,"estimate":"q95","season":"SON"},{"bfs_id":3401,"rcp":"RCP8.5","period":"2035","key":"pr","value":3.3,"estimate":"q5","season":"DJF"},{"bfs_id":3401,"rcp":"RCP8.5","period":"2035","key":"pr","value":4.2,"estimate":"q5","season":"MAM"},{"bfs_id":3401,"rcp":"RCP8.5","period":"2035","key":"pr","value":4.7,"estimate":"q5","season":"JJA"},{"bfs_id":3401,"rcp":"RCP8.5","period":"2035","key":"pr","value":3.5,"estimate":"q5","season":"SON"},{"bfs_id":3401,"rcp":"RCP8.5","period":"2035","key":"pr","value":3.8,"estimate":"q50","season":"DJF"},{"bfs_id":3401,"rcp":"RCP8.5","period":"2035","key":"pr","value":4.6,"estimate":"q50","season":"MAM"},{"bfs_id":3401,"rcp":"RCP8.5","period":"2035","key":"pr","value":5.4,"estimate":"q50","season":"JJA"},{"bfs_id":3401,"rcp":"RCP8.5","period":"2035","key":"pr","value":4,"estimate":"q50","season":"SON"},{"bfs_id":3401,"rcp":"RCP8.5","period":"2035","key":"pr","value":4.1,"estimate":"q95","season":"DJF"},{"bfs_id":3401,"rcp":"RCP8.5","period":"2035","key":"pr","value":4.9,"estimate":"q95","season":"MAM"},{"bfs_id":3401,"rcp":"RCP8.5","period":"2035","key":"pr","value":6.1,"estimate":"q95","season":"JJA"},{"bfs_id":3401,"rcp":"RCP8.5","period":"2035","key":"pr","value":4.5,"estimate":"q95","season":"SON"},{"bfs_id":3401,"rcp":"RCP8.5","period":"2060","key":"pr","value":3.4,"estimate":"q5","season":"DJF"},{"bfs_id":3401,"rcp":"RCP8.5","period":"2060","key":"pr","value":4.3,"estimate":"q5","season":"MAM"},{"bfs_id":3401,"rcp":"RCP8.5","period":"2060","key":"pr","value":4.1,"estimate":"q5","season":"JJA"},{"bfs_id":3401,"rcp":"RCP8.5","period":"2060","key":"pr","value":3.5,"estimate":"q5","season":"SON"},{"bfs_id":3401,"rcp":"RCP8.5","period":"2060","key":"pr","value":3.8,"estimate":"q50","season":"DJF"},{"bfs_id":3401,"rcp":"RCP8.5","period":"2060","key":"pr","value":4.7,"estimate":"q50","season":"MAM"},{"bfs_id":3401,"rcp":"RCP8.5","period":"2060","key":"pr","value":5.2,"estimate":"q50","season":"JJA"},{"bfs_id":3401,"rcp":"RCP8.5","period":"2060","key":"pr","value":3.8,"estimate":"q50","season":"SON"},{"bfs_id":3401,"rcp":"RCP8.5","period":"2060","key":"pr","value":4.2,"estimate":"q95","season":"DJF"},{"bfs_id":3401,"rcp":"RCP8.5","period":"2060","key":"pr","value":5.3,"estimate":"q95","season":"MAM"},{"bfs_id":3401,"rcp":"RCP8.5","period":"2060","key":"pr","value":6,"estimate":"q95","season":"JJA"},{"bfs_id":3401,"rcp":"RCP8.5","period":"2060","key":"pr","value":4.4,"estimate":"q95","season":"SON"},{"bfs_id":3401,"rcp":"RCP8.5","period":"2085","key":"pr","value":3.7,"estimate":"q5","season":"DJF"},{"bfs_id":3401,"rcp":"RCP8.5","period":"2085","key":"pr","value":4.4,"estimate":"q5","season":"MAM"},{"bfs_id":3401,"rcp":"RCP8.5","period":"2085","key":"pr","value":3.9,"estimate":"q5","season":"JJA"},{"bfs_id":3401,"rcp":"RCP8.5","period":"2085","key":"pr","value":3.1,"estimate":"q5","season":"SON"},{"bfs_id":3401,"rcp":"RCP8.5","period":"2085","key":"pr","value":3.9,"estimate":"q50","season":"DJF"},{"bfs_id":3401,"rcp":"RCP8.5","period":"2085","key":"pr","value":4.9,"estimate":"q50","season":"MAM"},{"bfs_id":3401,"rcp":"RCP8.5","period":"2085","key":"pr","value":4.6,"estimate":"q50","season":"JJA"},{"bfs_id":3401,"rcp":"RCP8.5","period":"2085","key":"pr","value":3.7,"estimate":"q50","season":"SON"},{"bfs_id":3401,"rcp":"RCP8.5","period":"2085","key":"pr","value":4.5,"estimate":"q95","season":"DJF"},{"bfs_id":3401,"rcp":"RCP8.5","period":"2085","key":"pr","value":5.5,"estimate":"q95","season":"MAM"},{"bfs_id":3401,"rcp":"RCP8.5","period":"2085","key":"pr","value":5.2,"estimate":"q95","season":"JJA"},{"bfs_id":3401,"rcp":"RCP8.5","period":"2085","key":"pr","value":4.6,"estimate":"q95","season":"SON"},{"bfs_id":3401,"rcp":"RCP2.6","period":"2035","key":"tas","value":-0.1,"estimate":"q5","season":"DJF"},{"bfs_id":3401,"rcp":"RCP2.6","period":"2035","key":"tas","value":6.8,"estimate":"q5","season":"MAM"},{"bfs_id":3401,"rcp":"RCP2.6","period":"2035","key":"tas","value":16,"estimate":"q5","season":"JJA"},{"bfs_id":3401,"rcp":"RCP2.6","period":"2035","key":"tas","value":8.5,"estimate":"q5","season":"SON"},{"bfs_id":3401,"rcp":"RCP2.6","period":"2035","key":"tas","value":0.6,"estimate":"q50","season":"DJF"},{"bfs_id":3401,"rcp":"RCP2.6","period":"2035","key":"tas","value":7.5,"estimate":"q50","season":"MAM"},{"bfs_id":3401,"rcp":"RCP2.6","period":"2035","key":"tas","value":16.6,"estimate":"q50","season":"JJA"},{"bfs_id":3401,"rcp":"RCP2.6","period":"2035","key":"tas","value":8.8,"estimate":"q50","season":"SON"},{"bfs_id":3401,"rcp":"RCP2.6","period":"2035","key":"tas","value":1.3,"estimate":"q95","season":"DJF"},{"bfs_id":3401,"rcp":"RCP2.6","period":"2035","key":"tas","value":7.8,"estimate":"q95","season":"MAM"},{"bfs_id":3401,"rcp":"RCP2.6","period":"2035","key":"tas","value":17.4,"estimate":"q95","season":"JJA"},{"bfs_id":3401,"rcp":"RCP2.6","period":"2035","key":"tas","value":9.7,"estimate":"q95","season":"SON"},{"bfs_id":3401,"rcp":"RCP2.6","period":"2060","key":"tas","value":-0.1,"estimate":"q5","season":"DJF"},{"bfs_id":3401,"rcp":"RCP2.6","period":"2060","key":"tas","value":6.7,"estimate":"q5","season":"MAM"},{"bfs_id":3401,"rcp":"RCP2.6","period":"2060","key":"tas","value":16.3,"estimate":"q5","season":"JJA"},{"bfs_id":3401,"rcp":"RCP2.6","period":"2060","key":"tas","value":8.7,"estimate":"q5","season":"SON"},{"bfs_id":3401,"rcp":"RCP2.6","period":"2060","key":"tas","value":0.9,"estimate":"q50","season":"DJF"},{"bfs_id":3401,"rcp":"RCP2.6","period":"2060","key":"tas","value":7.5,"estimate":"q50","season":"MAM"},{"bfs_id":3401,"rcp":"RCP2.6","period":"2060","key":"tas","value":16.8,"estimate":"q50","season":"JJA"},{"bfs_id":3401,"rcp":"RCP2.6","period":"2060","key":"tas","value":9.1,"estimate":"q50","season":"SON"},{"bfs_id":3401,"rcp":"RCP2.6","period":"2060","key":"tas","value":1.5,"estimate":"q95","season":"DJF"},{"bfs_id":3401,"rcp":"RCP2.6","period":"2060","key":"tas","value":8,"estimate":"q95","season":"MAM"},{"bfs_id":3401,"rcp":"RCP2.6","period":"2060","key":"tas","value":17.5,"estimate":"q95","season":"JJA"},{"bfs_id":3401,"rcp":"RCP2.6","period":"2060","key":"tas","value":10.1,"estimate":"q95","season":"SON"},{"bfs_id":3401,"rcp":"RCP2.6","period":"2085","key":"tas","value":-0,"estimate":"q5","season":"DJF"},{"bfs_id":3401,"rcp":"RCP2.6","period":"2085","key":"tas","value":6.8,"estimate":"q5","season":"MAM"},{"bfs_id":3401,"rcp":"RCP2.6","period":"2085","key":"tas","value":16.2,"estimate":"q5","season":"JJA"},{"bfs_id":3401,"rcp":"RCP2.6","period":"2085","key":"tas","value":8.5,"estimate":"q5","season":"SON"},{"bfs_id":3401,"rcp":"RCP2.6","period":"2085","key":"tas","value":0.8,"estimate":"q50","season":"DJF"},{"bfs_id":3401,"rcp":"RCP2.6","period":"2085","key":"tas","value":7.5,"estimate":"q50","season":"MAM"},{"bfs_id":3401,"rcp":"RCP2.6","period":"2085","key":"tas","value":16.7,"estimate":"q50","season":"JJA"},{"bfs_id":3401,"rcp":"RCP2.6","period":"2085","key":"tas","value":9,"estimate":"q50","season":"SON"},{"bfs_id":3401,"rcp":"RCP2.6","period":"2085","key":"tas","value":1.5,"estimate":"q95","season":"DJF"},{"bfs_id":3401,"rcp":"RCP2.6","period":"2085","key":"tas","value":8.1,"estimate":"q95","season":"MAM"},{"bfs_id":3401,"rcp":"RCP2.6","period":"2085","key":"tas","value":17.4,"estimate":"q95","season":"JJA"},{"bfs_id":3401,"rcp":"RCP2.6","period":"2085","key":"tas","value":10.1,"estimate":"q95","season":"SON"},{"bfs_id":3401,"rcp":"RCP8.5","period":"2035","key":"tas","value":-0,"estimate":"q5","season":"DJF"},{"bfs_id":3401,"rcp":"RCP8.5","period":"2035","key":"tas","value":7.1,"estimate":"q5","season":"MAM"},{"bfs_id":3401,"rcp":"RCP8.5","period":"2035","key":"tas","value":16.5,"estimate":"q5","season":"JJA"},{"bfs_id":3401,"rcp":"RCP8.5","period":"2035","key":"tas","value":8.7,"estimate":"q5","season":"SON"},{"bfs_id":3401,"rcp":"RCP8.5","period":"2035","key":"tas","value":0.9,"estimate":"q50","season":"DJF"},{"bfs_id":3401,"rcp":"RCP8.5","period":"2035","key":"tas","value":7.5,"estimate":"q50","season":"MAM"},{"bfs_id":3401,"rcp":"RCP8.5","period":"2035","key":"tas","value":16.9,"estimate":"q50","season":"JJA"},{"bfs_id":3401,"rcp":"RCP8.5","period":"2035","key":"tas","value":9.2,"estimate":"q50","season":"SON"},{"bfs_id":3401,"rcp":"RCP8.5","period":"2035","key":"tas","value":1.4,"estimate":"q95","season":"DJF"},{"bfs_id":3401,"rcp":"RCP8.5","period":"2035","key":"tas","value":8,"estimate":"q95","season":"MAM"},{"bfs_id":3401,"rcp":"RCP8.5","period":"2035","key":"tas","value":17.6,"estimate":"q95","season":"JJA"},{"bfs_id":3401,"rcp":"RCP8.5","period":"2035","key":"tas","value":10.1,"estimate":"q95","season":"SON"},{"bfs_id":3401,"rcp":"RCP8.5","period":"2060","key":"tas","value":1.5,"estimate":"q5","season":"DJF"},{"bfs_id":3401,"rcp":"RCP8.5","period":"2060","key":"tas","value":7.9,"estimate":"q5","season":"MAM"},{"bfs_id":3401,"rcp":"RCP8.5","period":"2060","key":"tas","value":17.6,"estimate":"q5","season":"JJA"},{"bfs_id":3401,"rcp":"RCP8.5","period":"2060","key":"tas","value":9.9,"estimate":"q5","season":"SON"},{"bfs_id":3401,"rcp":"RCP8.5","period":"2060","key":"tas","value":1.8,"estimate":"q50","season":"DJF"},{"bfs_id":3401,"rcp":"RCP8.5","period":"2060","key":"tas","value":8.5,"estimate":"q50","season":"MAM"},{"bfs_id":3401,"rcp":"RCP8.5","period":"2060","key":"tas","value":18.1,"estimate":"q50","season":"JJA"},{"bfs_id":3401,"rcp":"RCP8.5","period":"2060","key":"tas","value":10.5,"estimate":"q50","season":"SON"},{"bfs_id":3401,"rcp":"RCP8.5","period":"2060","key":"tas","value":2.6,"estimate":"q95","season":"DJF"},{"bfs_id":3401,"rcp":"RCP8.5","period":"2060","key":"tas","value":9.4,"estimate":"q95","season":"MAM"},{"bfs_id":3401,"rcp":"RCP8.5","period":"2060","key":"tas","value":19.4,"estimate":"q95","season":"JJA"},{"bfs_id":3401,"rcp":"RCP8.5","period":"2060","key":"tas","value":11.4,"estimate":"q95","season":"SON"},{"bfs_id":3401,"rcp":"RCP8.5","period":"2085","key":"tas","value":2.6,"estimate":"q5","season":"DJF"},{"bfs_id":3401,"rcp":"RCP8.5","period":"2085","key":"tas","value":9.1,"estimate":"q5","season":"MAM"},{"bfs_id":3401,"rcp":"RCP8.5","period":"2085","key":"tas","value":19,"estimate":"q5","season":"JJA"},{"bfs_id":3401,"rcp":"RCP8.5","period":"2085","key":"tas","value":10.8,"estimate":"q5","season":"SON"},{"bfs_id":3401,"rcp":"RCP8.5","period":"2085","key":"tas","value":3.8,"estimate":"q50","season":"DJF"},{"bfs_id":3401,"rcp":"RCP8.5","period":"2085","key":"tas","value":10,"estimate":"q50","season":"MAM"},{"bfs_id":3401,"rcp":"RCP8.5","period":"2085","key":"tas","value":19.8,"estimate":"q50","season":"JJA"},{"bfs_id":3401,"rcp":"RCP8.5","period":"2085","key":"tas","value":11.9,"estimate":"q50","season":"SON"},{"bfs_id":3401,"rcp":"RCP8.5","period":"2085","key":"tas","value":4.6,"estimate":"q95","season":"DJF"},{"bfs_id":3401,"rcp":"RCP8.5","period":"2085","key":"tas","value":11.3,"estimate":"q95","season":"MAM"},{"bfs_id":3401,"rcp":"RCP8.5","period":"2085","key":"tas","value":22.3,"estimate":"q95","season":"JJA"},{"bfs_id":3401,"rcp":"RCP8.5","period":"2085","key":"tas","value":13.7,"estimate":"q95","season":"SON"},{"bfs_id":3401,"rcp":"obs","period":"1981-2010","key":"FD","value":115,"estimate":"yearly_mean"},{"bfs_id":3401,"rcp":"obs","period":"1981-2010","key":"HD","value":0.8,"estimate":"yearly_mean"},{"bfs_id":3401,"rcp":"obs","period":"1981-2010","key":"ID","value":36.3,"estimate":"yearly_mean"},{"bfs_id":3401,"rcp":"obs","period":"1981-2010","key":"SD","value":16.9,"estimate":"yearly_mean"},{"bfs_id":3401,"rcp":"obs","period":"1981-2010","key":"snowdays","value":38.3,"estimate":"yearly_mean"},{"bfs_id":3401,"rcp":"obs","period":"1981-2010","key":"TN","value":0,"estimate":"yearly_mean"},{"bfs_id":3401,"rcp":"obs","period":"1981-2010","key":"pr","value":3.2,"estimate":"mean","season":"DJF"},{"bfs_id":3401,"rcp":"obs","period":"1981-2010","key":"pr","value":4.2,"estimate":"mean","season":"MAM"},{"bfs_id":3401,"rcp":"obs","period":"1981-2010","key":"pr","value":5.9,"estimate":"mean","season":"JJA"},{"bfs_id":3401,"rcp":"obs","period":"1981-2010","key":"pr","value":3.9,"estimate":"mean","season":"SON"},{"bfs_id":3401,"rcp":"obs","period":"1981-2010","key":"tas","value":-0.6,"estimate":"mean","season":"DJF"},{"bfs_id":3401,"rcp":"obs","period":"1981-2010","key":"tas","value":6.7,"estimate":"mean","season":"MAM"},{"bfs_id":3401,"rcp":"obs","period":"1981-2010","key":"tas","value":15.4,"estimate":"mean","season":"JJA"},{"bfs_id":3401,"rcp":"obs","period":"1981-2010","key":"tas","value":7.8,"estimate":"mean","season":"SON"}]
