[{"bfs_id":2123,"rcp":"RCP2.6","period":"2035","key":"FD","value":75.9,"estimate":"q5"},{"bfs_id":2123,"rcp":"RCP2.6","period":"2035","key":"FD","value":86.3,"estimate":"q50"},{"bfs_id":2123,"rcp":"RCP2.6","period":"2035","key":"FD","value":96.6,"estimate":"q95"},{"bfs_id":2123,"rcp":"RCP2.6","period":"2060","key":"FD","value":71.7,"estimate":"q5"},{"bfs_id":2123,"rcp":"RCP2.6","period":"2060","key":"FD","value":81.8,"estimate":"q50"},{"bfs_id":2123,"rcp":"RCP2.6","period":"2060","key":"FD","value":93.6,"estimate":"q95"},{"bfs_id":2123,"rcp":"RCP2.6","period":"2085","key":"FD","value":70.3,"estimate":"q5"},{"bfs_id":2123,"rcp":"RCP2.6","period":"2085","key":"FD","value":83.9,"estimate":"q50"},{"bfs_id":2123,"rcp":"RCP2.6","period":"2085","key":"FD","value":94.2,"estimate":"q95"},{"bfs_id":2123,"rcp":"RCP8.5","period":"2035","key":"FD","value":72.1,"estimate":"q5"},{"bfs_id":2123,"rcp":"RCP8.5","period":"2035","key":"FD","value":82.8,"estimate":"q50"},{"bfs_id":2123,"rcp":"RCP8.5","period":"2035","key":"FD","value":90.3,"estimate":"q95"},{"bfs_id":2123,"rcp":"RCP8.5","period":"2060","key":"FD","value":55.8,"estimate":"q5"},{"bfs_id":2123,"rcp":"RCP8.5","period":"2060","key":"FD","value":65.2,"estimate":"q50"},{"bfs_id":2123,"rcp":"RCP8.5","period":"2060","key":"FD","value":74,"estimate":"q95"},{"bfs_id":2123,"rcp":"RCP8.5","period":"2085","key":"FD","value":35.2,"estimate":"q5"},{"bfs_id":2123,"rcp":"RCP8.5","period":"2085","key":"FD","value":46.7,"estimate":"q50"},{"bfs_id":2123,"rcp":"RCP8.5","period":"2085","key":"FD","value":54,"estimate":"q95"},{"bfs_id":2123,"rcp":"RCP2.6","period":"2035","key":"HD","value":5.2,"estimate":"q5"},{"bfs_id":2123,"rcp":"RCP2.6","period":"2035","key":"HD","value":8.4,"estimate":"q50"},{"bfs_id":2123,"rcp":"RCP2.6","period":"2035","key":"HD","value":13.6,"estimate":"q95"},{"bfs_id":2123,"rcp":"RCP2.6","period":"2060","key":"HD","value":6.6,"estimate":"q5"},{"bfs_id":2123,"rcp":"RCP2.6","period":"2060","key":"HD","value":8.7,"estimate":"q50"},{"bfs_id":2123,"rcp":"RCP2.6","period":"2060","key":"HD","value":16.5,"estimate":"q95"},{"bfs_id":2123,"rcp":"RCP2.6","period":"2085","key":"HD","value":6.1,"estimate":"q5"},{"bfs_id":2123,"rcp":"RCP2.6","period":"2085","key":"HD","value":8.6,"estimate":"q50"},{"bfs_id":2123,"rcp":"RCP2.6","period":"2085","key":"HD","value":15.8,"estimate":"q95"},{"bfs_id":2123,"rcp":"RCP8.5","period":"2035","key":"HD","value":6.9,"estimate":"q5"},{"bfs_id":2123,"rcp":"RCP8.5","period":"2035","key":"HD","value":9.2,"estimate":"q50"},{"bfs_id":2123,"rcp":"RCP8.5","period":"2035","key":"HD","value":14.3,"estimate":"q95"},{"bfs_id":2123,"rcp":"RCP8.5","period":"2060","key":"HD","value":11.7,"estimate":"q5"},{"bfs_id":2123,"rcp":"RCP8.5","period":"2060","key":"HD","value":18.3,"estimate":"q50"},{"bfs_id":2123,"rcp":"RCP8.5","period":"2060","key":"HD","value":31.5,"estimate":"q95"},{"bfs_id":2123,"rcp":"RCP8.5","period":"2085","key":"HD","value":24.8,"estimate":"q5"},{"bfs_id":2123,"rcp":"RCP8.5","period":"2085","key":"HD","value":28.7,"estimate":"q50"},{"bfs_id":2123,"rcp":"RCP8.5","period":"2085","key":"HD","value":51.2,"estimate":"q95"},{"bfs_id":2123,"rcp":"RCP2.6","period":"2035","key":"ID","value":13.4,"estimate":"q5"},{"bfs_id":2123,"rcp":"RCP2.6","period":"2035","key":"ID","value":16.7,"estimate":"q50"},{"bfs_id":2123,"rcp":"RCP2.6","period":"2035","key":"ID","value":20.7,"estimate":"q95"},{"bfs_id":2123,"rcp":"RCP2.6","period":"2060","key":"ID","value":12.7,"estimate":"q5"},{"bfs_id":2123,"rcp":"RCP2.6","period":"2060","key":"ID","value":15.5,"estimate":"q50"},{"bfs_id":2123,"rcp":"RCP2.6","period":"2060","key":"ID","value":19.7,"estimate":"q95"},{"bfs_id":2123,"rcp":"RCP2.6","period":"2085","key":"ID","value":12.1,"estimate":"q5"},{"bfs_id":2123,"rcp":"RCP2.6","period":"2085","key":"ID","value":15.4,"estimate":"q50"},{"bfs_id":2123,"rcp":"RCP2.6","period":"2085","key":"ID","value":19.5,"estimate":"q95"},{"bfs_id":2123,"rcp":"RCP8.5","period":"2035","key":"ID","value":11.8,"estimate":"q5"},{"bfs_id":2123,"rcp":"RCP8.5","period":"2035","key":"ID","value":15.6,"estimate":"q50"},{"bfs_id":2123,"rcp":"RCP8.5","period":"2035","key":"ID","value":19.4,"estimate":"q95"},{"bfs_id":2123,"rcp":"RCP8.5","period":"2060","key":"ID","value":8,"estimate":"q5"},{"bfs_id":2123,"rcp":"RCP8.5","period":"2060","key":"ID","value":11.5,"estimate":"q50"},{"bfs_id":2123,"rcp":"RCP8.5","period":"2060","key":"ID","value":13.2,"estimate":"q95"},{"bfs_id":2123,"rcp":"RCP8.5","period":"2085","key":"ID","value":2.9,"estimate":"q5"},{"bfs_id":2123,"rcp":"RCP8.5","period":"2085","key":"ID","value":5.3,"estimate":"q50"},{"bfs_id":2123,"rcp":"RCP8.5","period":"2085","key":"ID","value":8.7,"estimate":"q95"},{"bfs_id":2123,"rcp":"RCP2.6","period":"2035","key":"SD","value":41.5,"estimate":"q5"},{"bfs_id":2123,"rcp":"RCP2.6","period":"2035","key":"SD","value":47.6,"estimate":"q50"},{"bfs_id":2123,"rcp":"RCP2.6","period":"2035","key":"SD","value":56.2,"estimate":"q95"},{"bfs_id":2123,"rcp":"RCP2.6","period":"2060","key":"SD","value":43.9,"estimate":"q5"},{"bfs_id":2123,"rcp":"RCP2.6","period":"2060","key":"SD","value":49.2,"estimate":"q50"},{"bfs_id":2123,"rcp":"RCP2.6","period":"2060","key":"SD","value":57.1,"estimate":"q95"},{"bfs_id":2123,"rcp":"RCP2.6","period":"2085","key":"SD","value":43.2,"estimate":"q5"},{"bfs_id":2123,"rcp":"RCP2.6","period":"2085","key":"SD","value":48.9,"estimate":"q50"},{"bfs_id":2123,"rcp":"RCP2.6","period":"2085","key":"SD","value":56.4,"estimate":"q95"},{"bfs_id":2123,"rcp":"RCP8.5","period":"2035","key":"SD","value":44.6,"estimate":"q5"},{"bfs_id":2123,"rcp":"RCP8.5","period":"2035","key":"SD","value":50.3,"estimate":"q50"},{"bfs_id":2123,"rcp":"RCP8.5","period":"2035","key":"SD","value":58,"estimate":"q95"},{"bfs_id":2123,"rcp":"RCP8.5","period":"2060","key":"SD","value":59.8,"estimate":"q5"},{"bfs_id":2123,"rcp":"RCP8.5","period":"2060","key":"SD","value":66.7,"estimate":"q50"},{"bfs_id":2123,"rcp":"RCP8.5","period":"2060","key":"SD","value":81.6,"estimate":"q95"},{"bfs_id":2123,"rcp":"RCP8.5","period":"2085","key":"SD","value":76.8,"estimate":"q5"},{"bfs_id":2123,"rcp":"RCP8.5","period":"2085","key":"SD","value":87.2,"estimate":"q50"},{"bfs_id":2123,"rcp":"RCP8.5","period":"2085","key":"SD","value":106.2,"estimate":"q95"},{"bfs_id":2123,"rcp":"RCP2.6","period":"2035","key":"snowdays","value":16.4,"estimate":"q5"},{"bfs_id":2123,"rcp":"RCP2.6","period":"2035","key":"snowdays","value":22.7,"estimate":"q50"},{"bfs_id":2123,"rcp":"RCP2.6","period":"2035","key":"snowdays","value":29.6,"estimate":"q95"},{"bfs_id":2123,"rcp":"RCP2.6","period":"2060","key":"snowdays","value":15.7,"estimate":"q5"},{"bfs_id":2123,"rcp":"RCP2.6","period":"2060","key":"snowdays","value":21.2,"estimate":"q50"},{"bfs_id":2123,"rcp":"RCP2.6","period":"2060","key":"snowdays","value":28.8,"estimate":"q95"},{"bfs_id":2123,"rcp":"RCP2.6","period":"2085","key":"snowdays","value":15.6,"estimate":"q5"},{"bfs_id":2123,"rcp":"RCP2.6","period":"2085","key":"snowdays","value":21.6,"estimate":"q50"},{"bfs_id":2123,"rcp":"RCP2.6","period":"2085","key":"snowdays","value":29.7,"estimate":"q95"},{"bfs_id":2123,"rcp":"RCP8.5","period":"2035","key":"snowdays","value":13.1,"estimate":"q5"},{"bfs_id":2123,"rcp":"RCP8.5","period":"2035","key":"snowdays","value":22.6,"estimate":"q50"},{"bfs_id":2123,"rcp":"RCP8.5","period":"2035","key":"snowdays","value":28.8,"estimate":"q95"},{"bfs_id":2123,"rcp":"RCP8.5","period":"2060","key":"snowdays","value":9.6,"estimate":"q5"},{"bfs_id":2123,"rcp":"RCP8.5","period":"2060","key":"snowdays","value":17.2,"estimate":"q50"},{"bfs_id":2123,"rcp":"RCP8.5","period":"2060","key":"snowdays","value":22.1,"estimate":"q95"},{"bfs_id":2123,"rcp":"RCP8.5","period":"2085","key":"snowdays","value":4.8,"estimate":"q5"},{"bfs_id":2123,"rcp":"RCP8.5","period":"2085","key":"snowdays","value":10.8,"estimate":"q50"},{"bfs_id":2123,"rcp":"RCP8.5","period":"2085","key":"snowdays","value":15.9,"estimate":"q95"},{"bfs_id":2123,"rcp":"RCP2.6","period":"2035","key":"TN","value":0,"estimate":"q5"},{"bfs_id":2123,"rcp":"RCP2.6","period":"2035","key":"TN","value":0.1,"estimate":"q50"},{"bfs_id":2123,"rcp":"RCP2.6","period":"2035","key":"TN","value":0.7,"estimate":"q95"},{"bfs_id":2123,"rcp":"RCP2.6","period":"2060","key":"TN","value":0,"estimate":"q5"},{"bfs_id":2123,"rcp":"RCP2.6","period":"2060","key":"TN","value":0.3,"estimate":"q50"},{"bfs_id":2123,"rcp":"RCP2.6","period":"2060","key":"TN","value":0.8,"estimate":"q95"},{"bfs_id":2123,"rcp":"RCP2.6","period":"2085","key":"TN","value":0,"estimate":"q5"},{"bfs_id":2123,"rcp":"RCP2.6","period":"2085","key":"TN","value":0.3,"estimate":"q50"},{"bfs_id":2123,"rcp":"RCP2.6","period":"2085","key":"TN","value":0.7,"estimate":"q95"},{"bfs_id":2123,"rcp":"RCP8.5","period":"2035","key":"TN","value":0,"estimate":"q5"},{"bfs_id":2123,"rcp":"RCP8.5","period":"2035","key":"TN","value":0.4,"estimate":"q50"},{"bfs_id":2123,"rcp":"RCP8.5","period":"2035","key":"TN","value":1.8,"estimate":"q95"},{"bfs_id":2123,"rcp":"RCP8.5","period":"2060","key":"TN","value":0.5,"estimate":"q5"},{"bfs_id":2123,"rcp":"RCP8.5","period":"2060","key":"TN","value":1.7,"estimate":"q50"},{"bfs_id":2123,"rcp":"RCP8.5","period":"2060","key":"TN","value":5.3,"estimate":"q95"},{"bfs_id":2123,"rcp":"RCP8.5","period":"2085","key":"TN","value":2.9,"estimate":"q5"},{"bfs_id":2123,"rcp":"RCP8.5","period":"2085","key":"TN","value":6.6,"estimate":"q50"},{"bfs_id":2123,"rcp":"RCP8.5","period":"2085","key":"TN","value":20.3,"estimate":"q95"},{"bfs_id":2123,"rcp":"RCP2.6","period":"2035","key":"pr","value":2.6,"estimate":"q5","season":"DJF"},{"bfs_id":2123,"rcp":"RCP2.6","period":"2035","key":"pr","value":3.2,"estimate":"q5","season":"MAM"},{"bfs_id":2123,"rcp":"RCP2.6","period":"2035","key":"pr","value":3,"estimate":"q5","season":"JJA"},{"bfs_id":2123,"rcp":"RCP2.6","period":"2035","key":"pr","value":2.8,"estimate":"q5","season":"SON"},{"bfs_id":2123,"rcp":"RCP2.6","period":"2035","key":"pr","value":3.1,"estimate":"q50","season":"DJF"},{"bfs_id":2123,"rcp":"RCP2.6","period":"2035","key":"pr","value":3.6,"estimate":"q50","season":"MAM"},{"bfs_id":2123,"rcp":"RCP2.6","period":"2035","key":"pr","value":3.7,"estimate":"q50","season":"JJA"},{"bfs_id":2123,"rcp":"RCP2.6","period":"2035","key":"pr","value":3.2,"estimate":"q50","season":"SON"},{"bfs_id":2123,"rcp":"RCP2.6","period":"2035","key":"pr","value":3.5,"estimate":"q95","season":"DJF"},{"bfs_id":2123,"rcp":"RCP2.6","period":"2035","key":"pr","value":4.1,"estimate":"q95","season":"MAM"},{"bfs_id":2123,"rcp":"RCP2.6","period":"2035","key":"pr","value":4.3,"estimate":"q95","season":"JJA"},{"bfs_id":2123,"rcp":"RCP2.6","period":"2035","key":"pr","value":3.8,"estimate":"q95","season":"SON"},{"bfs_id":2123,"rcp":"RCP2.6","period":"2060","key":"pr","value":2.7,"estimate":"q5","season":"DJF"},{"bfs_id":2123,"rcp":"RCP2.6","period":"2060","key":"pr","value":3.4,"estimate":"q5","season":"MAM"},{"bfs_id":2123,"rcp":"RCP2.6","period":"2060","key":"pr","value":3,"estimate":"q5","season":"JJA"},{"bfs_id":2123,"rcp":"RCP2.6","period":"2060","key":"pr","value":2.9,"estimate":"q5","season":"SON"},{"bfs_id":2123,"rcp":"RCP2.6","period":"2060","key":"pr","value":3,"estimate":"q50","season":"DJF"},{"bfs_id":2123,"rcp":"RCP2.6","period":"2060","key":"pr","value":3.6,"estimate":"q50","season":"MAM"},{"bfs_id":2123,"rcp":"RCP2.6","period":"2060","key":"pr","value":3.7,"estimate":"q50","season":"JJA"},{"bfs_id":2123,"rcp":"RCP2.6","period":"2060","key":"pr","value":3.2,"estimate":"q50","season":"SON"},{"bfs_id":2123,"rcp":"RCP2.6","period":"2060","key":"pr","value":3.4,"estimate":"q95","season":"DJF"},{"bfs_id":2123,"rcp":"RCP2.6","period":"2060","key":"pr","value":4,"estimate":"q95","season":"MAM"},{"bfs_id":2123,"rcp":"RCP2.6","period":"2060","key":"pr","value":4.5,"estimate":"q95","season":"JJA"},{"bfs_id":2123,"rcp":"RCP2.6","period":"2060","key":"pr","value":3.6,"estimate":"q95","season":"SON"},{"bfs_id":2123,"rcp":"RCP2.6","period":"2085","key":"pr","value":2.7,"estimate":"q5","season":"DJF"},{"bfs_id":2123,"rcp":"RCP2.6","period":"2085","key":"pr","value":3.3,"estimate":"q5","season":"MAM"},{"bfs_id":2123,"rcp":"RCP2.6","period":"2085","key":"pr","value":3,"estimate":"q5","season":"JJA"},{"bfs_id":2123,"rcp":"RCP2.6","period":"2085","key":"pr","value":2.7,"estimate":"q5","season":"SON"},{"bfs_id":2123,"rcp":"RCP2.6","period":"2085","key":"pr","value":3,"estimate":"q50","season":"DJF"},{"bfs_id":2123,"rcp":"RCP2.6","period":"2085","key":"pr","value":3.5,"estimate":"q50","season":"MAM"},{"bfs_id":2123,"rcp":"RCP2.6","period":"2085","key":"pr","value":3.9,"estimate":"q50","season":"JJA"},{"bfs_id":2123,"rcp":"RCP2.6","period":"2085","key":"pr","value":3.2,"estimate":"q50","season":"SON"},{"bfs_id":2123,"rcp":"RCP2.6","period":"2085","key":"pr","value":3.5,"estimate":"q95","season":"DJF"},{"bfs_id":2123,"rcp":"RCP2.6","period":"2085","key":"pr","value":4,"estimate":"q95","season":"MAM"},{"bfs_id":2123,"rcp":"RCP2.6","period":"2085","key":"pr","value":4.3,"estimate":"q95","season":"JJA"},{"bfs_id":2123,"rcp":"RCP2.6","period":"2085","key":"pr","value":3.7,"estimate":"q95","season":"SON"},{"bfs_id":2123,"rcp":"RCP8.5","period":"2035","key":"pr","value":2.7,"estimate":"q5","season":"DJF"},{"bfs_id":2123,"rcp":"RCP8.5","period":"2035","key":"pr","value":3.4,"estimate":"q5","season":"MAM"},{"bfs_id":2123,"rcp":"RCP8.5","period":"2035","key":"pr","value":2.9,"estimate":"q5","season":"JJA"},{"bfs_id":2123,"rcp":"RCP8.5","period":"2035","key":"pr","value":2.8,"estimate":"q5","season":"SON"},{"bfs_id":2123,"rcp":"RCP8.5","period":"2035","key":"pr","value":3.2,"estimate":"q50","season":"DJF"},{"bfs_id":2123,"rcp":"RCP8.5","period":"2035","key":"pr","value":3.6,"estimate":"q50","season":"MAM"},{"bfs_id":2123,"rcp":"RCP8.5","period":"2035","key":"pr","value":3.8,"estimate":"q50","season":"JJA"},{"bfs_id":2123,"rcp":"RCP8.5","period":"2035","key":"pr","value":3.4,"estimate":"q50","season":"SON"},{"bfs_id":2123,"rcp":"RCP8.5","period":"2035","key":"pr","value":3.5,"estimate":"q95","season":"DJF"},{"bfs_id":2123,"rcp":"RCP8.5","period":"2035","key":"pr","value":4,"estimate":"q95","season":"MAM"},{"bfs_id":2123,"rcp":"RCP8.5","period":"2035","key":"pr","value":4.3,"estimate":"q95","season":"JJA"},{"bfs_id":2123,"rcp":"RCP8.5","period":"2035","key":"pr","value":3.7,"estimate":"q95","season":"SON"},{"bfs_id":2123,"rcp":"RCP8.5","period":"2060","key":"pr","value":2.9,"estimate":"q5","season":"DJF"},{"bfs_id":2123,"rcp":"RCP8.5","period":"2060","key":"pr","value":3.4,"estimate":"q5","season":"MAM"},{"bfs_id":2123,"rcp":"RCP8.5","period":"2060","key":"pr","value":2.5,"estimate":"q5","season":"JJA"},{"bfs_id":2123,"rcp":"RCP8.5","period":"2060","key":"pr","value":2.8,"estimate":"q5","season":"SON"},{"bfs_id":2123,"rcp":"RCP8.5","period":"2060","key":"pr","value":3.2,"estimate":"q50","season":"DJF"},{"bfs_id":2123,"rcp":"RCP8.5","period":"2060","key":"pr","value":3.8,"estimate":"q50","season":"MAM"},{"bfs_id":2123,"rcp":"RCP8.5","period":"2060","key":"pr","value":3.6,"estimate":"q50","season":"JJA"},{"bfs_id":2123,"rcp":"RCP8.5","period":"2060","key":"pr","value":3.2,"estimate":"q50","season":"SON"},{"bfs_id":2123,"rcp":"RCP8.5","period":"2060","key":"pr","value":3.5,"estimate":"q95","season":"DJF"},{"bfs_id":2123,"rcp":"RCP8.5","period":"2060","key":"pr","value":4.1,"estimate":"q95","season":"MAM"},{"bfs_id":2123,"rcp":"RCP8.5","period":"2060","key":"pr","value":4,"estimate":"q95","season":"JJA"},{"bfs_id":2123,"rcp":"RCP8.5","period":"2060","key":"pr","value":3.6,"estimate":"q95","season":"SON"},{"bfs_id":2123,"rcp":"RCP8.5","period":"2085","key":"pr","value":3.1,"estimate":"q5","season":"DJF"},{"bfs_id":2123,"rcp":"RCP8.5","period":"2085","key":"pr","value":3.5,"estimate":"q5","season":"MAM"},{"bfs_id":2123,"rcp":"RCP8.5","period":"2085","key":"pr","value":2,"estimate":"q5","season":"JJA"},{"bfs_id":2123,"rcp":"RCP8.5","period":"2085","key":"pr","value":2.6,"estimate":"q5","season":"SON"},{"bfs_id":2123,"rcp":"RCP8.5","period":"2085","key":"pr","value":3.4,"estimate":"q50","season":"DJF"},{"bfs_id":2123,"rcp":"RCP8.5","period":"2085","key":"pr","value":3.8,"estimate":"q50","season":"MAM"},{"bfs_id":2123,"rcp":"RCP8.5","period":"2085","key":"pr","value":3.1,"estimate":"q50","season":"JJA"},{"bfs_id":2123,"rcp":"RCP8.5","period":"2085","key":"pr","value":3,"estimate":"q50","season":"SON"},{"bfs_id":2123,"rcp":"RCP8.5","period":"2085","key":"pr","value":3.9,"estimate":"q95","season":"DJF"},{"bfs_id":2123,"rcp":"RCP8.5","period":"2085","key":"pr","value":4.3,"estimate":"q95","season":"MAM"},{"bfs_id":2123,"rcp":"RCP8.5","period":"2085","key":"pr","value":3.6,"estimate":"q95","season":"JJA"},{"bfs_id":2123,"rcp":"RCP8.5","period":"2085","key":"pr","value":3.8,"estimate":"q95","season":"SON"},{"bfs_id":2123,"rcp":"RCP2.6","period":"2035","key":"tas","value":0.9,"estimate":"q5","season":"DJF"},{"bfs_id":2123,"rcp":"RCP2.6","period":"2035","key":"tas","value":8,"estimate":"q5","season":"MAM"},{"bfs_id":2123,"rcp":"RCP2.6","period":"2035","key":"tas","value":17.3,"estimate":"q5","season":"JJA"},{"bfs_id":2123,"rcp":"RCP2.6","period":"2035","key":"tas","value":9.4,"estimate":"q5","season":"SON"},{"bfs_id":2123,"rcp":"RCP2.6","period":"2035","key":"tas","value":1.5,"estimate":"q50","season":"DJF"},{"bfs_id":2123,"rcp":"RCP2.6","period":"2035","key":"tas","value":8.7,"estimate":"q50","season":"MAM"},{"bfs_id":2123,"rcp":"RCP2.6","period":"2035","key":"tas","value":18,"estimate":"q50","season":"JJA"},{"bfs_id":2123,"rcp":"RCP2.6","period":"2035","key":"tas","value":9.8,"estimate":"q50","season":"SON"},{"bfs_id":2123,"rcp":"RCP2.6","period":"2035","key":"tas","value":2,"estimate":"q95","season":"DJF"},{"bfs_id":2123,"rcp":"RCP2.6","period":"2035","key":"tas","value":9,"estimate":"q95","season":"MAM"},{"bfs_id":2123,"rcp":"RCP2.6","period":"2035","key":"tas","value":18.7,"estimate":"q95","season":"JJA"},{"bfs_id":2123,"rcp":"RCP2.6","period":"2035","key":"tas","value":10.6,"estimate":"q95","season":"SON"},{"bfs_id":2123,"rcp":"RCP2.6","period":"2060","key":"tas","value":1.1,"estimate":"q5","season":"DJF"},{"bfs_id":2123,"rcp":"RCP2.6","period":"2060","key":"tas","value":8,"estimate":"q5","season":"MAM"},{"bfs_id":2123,"rcp":"RCP2.6","period":"2060","key":"tas","value":17.5,"estimate":"q5","season":"JJA"},{"bfs_id":2123,"rcp":"RCP2.6","period":"2060","key":"tas","value":9.7,"estimate":"q5","season":"SON"},{"bfs_id":2123,"rcp":"RCP2.6","period":"2060","key":"tas","value":1.8,"estimate":"q50","season":"DJF"},{"bfs_id":2123,"rcp":"RCP2.6","period":"2060","key":"tas","value":8.7,"estimate":"q50","season":"MAM"},{"bfs_id":2123,"rcp":"RCP2.6","period":"2060","key":"tas","value":18.1,"estimate":"q50","season":"JJA"},{"bfs_id":2123,"rcp":"RCP2.6","period":"2060","key":"tas","value":10.1,"estimate":"q50","season":"SON"},{"bfs_id":2123,"rcp":"RCP2.6","period":"2060","key":"tas","value":2.3,"estimate":"q95","season":"DJF"},{"bfs_id":2123,"rcp":"RCP2.6","period":"2060","key":"tas","value":9.4,"estimate":"q95","season":"MAM"},{"bfs_id":2123,"rcp":"RCP2.6","period":"2060","key":"tas","value":18.8,"estimate":"q95","season":"JJA"},{"bfs_id":2123,"rcp":"RCP2.6","period":"2060","key":"tas","value":11,"estimate":"q95","season":"SON"},{"bfs_id":2123,"rcp":"RCP2.6","period":"2085","key":"tas","value":1,"estimate":"q5","season":"DJF"},{"bfs_id":2123,"rcp":"RCP2.6","period":"2085","key":"tas","value":8,"estimate":"q5","season":"MAM"},{"bfs_id":2123,"rcp":"RCP2.6","period":"2085","key":"tas","value":17.4,"estimate":"q5","season":"JJA"},{"bfs_id":2123,"rcp":"RCP2.6","period":"2085","key":"tas","value":9.5,"estimate":"q5","season":"SON"},{"bfs_id":2123,"rcp":"RCP2.6","period":"2085","key":"tas","value":1.8,"estimate":"q50","season":"DJF"},{"bfs_id":2123,"rcp":"RCP2.6","period":"2085","key":"tas","value":8.7,"estimate":"q50","season":"MAM"},{"bfs_id":2123,"rcp":"RCP2.6","period":"2085","key":"tas","value":18.1,"estimate":"q50","season":"JJA"},{"bfs_id":2123,"rcp":"RCP2.6","period":"2085","key":"tas","value":10.1,"estimate":"q50","season":"SON"},{"bfs_id":2123,"rcp":"RCP2.6","period":"2085","key":"tas","value":2.4,"estimate":"q95","season":"DJF"},{"bfs_id":2123,"rcp":"RCP2.6","period":"2085","key":"tas","value":9.3,"estimate":"q95","season":"MAM"},{"bfs_id":2123,"rcp":"RCP2.6","period":"2085","key":"tas","value":18.7,"estimate":"q95","season":"JJA"},{"bfs_id":2123,"rcp":"RCP2.6","period":"2085","key":"tas","value":11,"estimate":"q95","season":"SON"},{"bfs_id":2123,"rcp":"RCP8.5","period":"2035","key":"tas","value":1.3,"estimate":"q5","season":"DJF"},{"bfs_id":2123,"rcp":"RCP8.5","period":"2035","key":"tas","value":8.4,"estimate":"q5","season":"MAM"},{"bfs_id":2123,"rcp":"RCP8.5","period":"2035","key":"tas","value":17.6,"estimate":"q5","season":"JJA"},{"bfs_id":2123,"rcp":"RCP8.5","period":"2035","key":"tas","value":9.7,"estimate":"q5","season":"SON"},{"bfs_id":2123,"rcp":"RCP8.5","period":"2035","key":"tas","value":1.9,"estimate":"q50","season":"DJF"},{"bfs_id":2123,"rcp":"RCP8.5","period":"2035","key":"tas","value":8.7,"estimate":"q50","season":"MAM"},{"bfs_id":2123,"rcp":"RCP8.5","period":"2035","key":"tas","value":18.3,"estimate":"q50","season":"JJA"},{"bfs_id":2123,"rcp":"RCP8.5","period":"2035","key":"tas","value":10.2,"estimate":"q50","season":"SON"},{"bfs_id":2123,"rcp":"RCP8.5","period":"2035","key":"tas","value":2.3,"estimate":"q95","season":"DJF"},{"bfs_id":2123,"rcp":"RCP8.5","period":"2035","key":"tas","value":9.3,"estimate":"q95","season":"MAM"},{"bfs_id":2123,"rcp":"RCP8.5","period":"2035","key":"tas","value":18.9,"estimate":"q95","season":"JJA"},{"bfs_id":2123,"rcp":"RCP8.5","period":"2035","key":"tas","value":11,"estimate":"q95","season":"SON"},{"bfs_id":2123,"rcp":"RCP8.5","period":"2060","key":"tas","value":2.4,"estimate":"q5","season":"DJF"},{"bfs_id":2123,"rcp":"RCP8.5","period":"2060","key":"tas","value":9.2,"estimate":"q5","season":"MAM"},{"bfs_id":2123,"rcp":"RCP8.5","period":"2060","key":"tas","value":18.8,"estimate":"q5","season":"JJA"},{"bfs_id":2123,"rcp":"RCP8.5","period":"2060","key":"tas","value":10.9,"estimate":"q5","season":"SON"},{"bfs_id":2123,"rcp":"RCP8.5","period":"2060","key":"tas","value":2.7,"estimate":"q50","season":"DJF"},{"bfs_id":2123,"rcp":"RCP8.5","period":"2060","key":"tas","value":9.8,"estimate":"q50","season":"MAM"},{"bfs_id":2123,"rcp":"RCP8.5","period":"2060","key":"tas","value":19.4,"estimate":"q50","season":"JJA"},{"bfs_id":2123,"rcp":"RCP8.5","period":"2060","key":"tas","value":11.5,"estimate":"q50","season":"SON"},{"bfs_id":2123,"rcp":"RCP8.5","period":"2060","key":"tas","value":3.4,"estimate":"q95","season":"DJF"},{"bfs_id":2123,"rcp":"RCP8.5","period":"2060","key":"tas","value":10.9,"estimate":"q95","season":"MAM"},{"bfs_id":2123,"rcp":"RCP8.5","period":"2060","key":"tas","value":20.6,"estimate":"q95","season":"JJA"},{"bfs_id":2123,"rcp":"RCP8.5","period":"2060","key":"tas","value":12.3,"estimate":"q95","season":"SON"},{"bfs_id":2123,"rcp":"RCP8.5","period":"2085","key":"tas","value":3.5,"estimate":"q5","season":"DJF"},{"bfs_id":2123,"rcp":"RCP8.5","period":"2085","key":"tas","value":10.3,"estimate":"q5","season":"MAM"},{"bfs_id":2123,"rcp":"RCP8.5","period":"2085","key":"tas","value":20.2,"estimate":"q5","season":"JJA"},{"bfs_id":2123,"rcp":"RCP8.5","period":"2085","key":"tas","value":12,"estimate":"q5","season":"SON"},{"bfs_id":2123,"rcp":"RCP8.5","period":"2085","key":"tas","value":4.7,"estimate":"q50","season":"DJF"},{"bfs_id":2123,"rcp":"RCP8.5","period":"2085","key":"tas","value":11.2,"estimate":"q50","season":"MAM"},{"bfs_id":2123,"rcp":"RCP8.5","period":"2085","key":"tas","value":20.9,"estimate":"q50","season":"JJA"},{"bfs_id":2123,"rcp":"RCP8.5","period":"2085","key":"tas","value":13,"estimate":"q50","season":"SON"},{"bfs_id":2123,"rcp":"RCP8.5","period":"2085","key":"tas","value":5.5,"estimate":"q95","season":"DJF"},{"bfs_id":2123,"rcp":"RCP8.5","period":"2085","key":"tas","value":12.8,"estimate":"q95","season":"MAM"},{"bfs_id":2123,"rcp":"RCP8.5","period":"2085","key":"tas","value":22.9,"estimate":"q95","season":"JJA"},{"bfs_id":2123,"rcp":"RCP8.5","period":"2085","key":"tas","value":14.4,"estimate":"q95","season":"SON"},{"bfs_id":2123,"rcp":"obs","period":"1981-2010","key":"FD","value":101.8,"estimate":"yearly_mean"},{"bfs_id":2123,"rcp":"obs","period":"1981-2010","key":"HD","value":3.8,"estimate":"yearly_mean"},{"bfs_id":2123,"rcp":"obs","period":"1981-2010","key":"ID","value":23.2,"estimate":"yearly_mean"},{"bfs_id":2123,"rcp":"obs","period":"1981-2010","key":"SD","value":34.7,"estimate":"yearly_mean"},{"bfs_id":2123,"rcp":"obs","period":"1981-2010","key":"snowdays","value":23.1,"estimate":"yearly_mean"},{"bfs_id":2123,"rcp":"obs","period":"1981-2010","key":"TN","value":0,"estimate":"yearly_mean"},{"bfs_id":2123,"rcp":"obs","period":"1981-2010","key":"pr","value":2.7,"estimate":"mean","season":"DJF"},{"bfs_id":2123,"rcp":"obs","period":"1981-2010","key":"pr","value":3.5,"estimate":"mean","season":"MAM"},{"bfs_id":2123,"rcp":"obs","period":"1981-2010","key":"pr","value":4.3,"estimate":"mean","season":"JJA"},{"bfs_id":2123,"rcp":"obs","period":"1981-2010","key":"pr","value":3.3,"estimate":"mean","season":"SON"},{"bfs_id":2123,"rcp":"obs","period":"1981-2010","key":"tas","value":0.3,"estimate":"mean","season":"DJF"},{"bfs_id":2123,"rcp":"obs","period":"1981-2010","key":"tas","value":8,"estimate":"mean","season":"MAM"},{"bfs_id":2123,"rcp":"obs","period":"1981-2010","key":"tas","value":16.8,"estimate":"mean","season":"JJA"},{"bfs_id":2123,"rcp":"obs","period":"1981-2010","key":"tas","value":8.7,"estimate":"mean","season":"SON"}]
