[{"bfs_id":1104,"rcp":"RCP2.6","period":"2035","key":"FD","value":70.8,"estimate":"q5"},{"bfs_id":1104,"rcp":"RCP2.6","period":"2035","key":"FD","value":81.6,"estimate":"q50"},{"bfs_id":1104,"rcp":"RCP2.6","period":"2035","key":"FD","value":88.8,"estimate":"q95"},{"bfs_id":1104,"rcp":"RCP2.6","period":"2060","key":"FD","value":67.4,"estimate":"q5"},{"bfs_id":1104,"rcp":"RCP2.6","period":"2060","key":"FD","value":79.1,"estimate":"q50"},{"bfs_id":1104,"rcp":"RCP2.6","period":"2060","key":"FD","value":86.1,"estimate":"q95"},{"bfs_id":1104,"rcp":"RCP2.6","period":"2085","key":"FD","value":67.5,"estimate":"q5"},{"bfs_id":1104,"rcp":"RCP2.6","period":"2085","key":"FD","value":78.7,"estimate":"q50"},{"bfs_id":1104,"rcp":"RCP2.6","period":"2085","key":"FD","value":86.7,"estimate":"q95"},{"bfs_id":1104,"rcp":"RCP8.5","period":"2035","key":"FD","value":66.3,"estimate":"q5"},{"bfs_id":1104,"rcp":"RCP8.5","period":"2035","key":"FD","value":77.1,"estimate":"q50"},{"bfs_id":1104,"rcp":"RCP8.5","period":"2035","key":"FD","value":84.3,"estimate":"q95"},{"bfs_id":1104,"rcp":"RCP8.5","period":"2060","key":"FD","value":54.9,"estimate":"q5"},{"bfs_id":1104,"rcp":"RCP8.5","period":"2060","key":"FD","value":63,"estimate":"q50"},{"bfs_id":1104,"rcp":"RCP8.5","period":"2060","key":"FD","value":70.1,"estimate":"q95"},{"bfs_id":1104,"rcp":"RCP8.5","period":"2085","key":"FD","value":35.1,"estimate":"q5"},{"bfs_id":1104,"rcp":"RCP8.5","period":"2085","key":"FD","value":42.6,"estimate":"q50"},{"bfs_id":1104,"rcp":"RCP8.5","period":"2085","key":"FD","value":53.1,"estimate":"q95"},{"bfs_id":1104,"rcp":"RCP2.6","period":"2035","key":"HD","value":5.7,"estimate":"q5"},{"bfs_id":1104,"rcp":"RCP2.6","period":"2035","key":"HD","value":8.1,"estimate":"q50"},{"bfs_id":1104,"rcp":"RCP2.6","period":"2035","key":"HD","value":12.6,"estimate":"q95"},{"bfs_id":1104,"rcp":"RCP2.6","period":"2060","key":"HD","value":6.1,"estimate":"q5"},{"bfs_id":1104,"rcp":"RCP2.6","period":"2060","key":"HD","value":8.5,"estimate":"q50"},{"bfs_id":1104,"rcp":"RCP2.6","period":"2060","key":"HD","value":15,"estimate":"q95"},{"bfs_id":1104,"rcp":"RCP2.6","period":"2085","key":"HD","value":6.3,"estimate":"q5"},{"bfs_id":1104,"rcp":"RCP2.6","period":"2085","key":"HD","value":7.8,"estimate":"q50"},{"bfs_id":1104,"rcp":"RCP2.6","period":"2085","key":"HD","value":14.4,"estimate":"q95"},{"bfs_id":1104,"rcp":"RCP8.5","period":"2035","key":"HD","value":7,"estimate":"q5"},{"bfs_id":1104,"rcp":"RCP8.5","period":"2035","key":"HD","value":8.2,"estimate":"q50"},{"bfs_id":1104,"rcp":"RCP8.5","period":"2035","key":"HD","value":13.9,"estimate":"q95"},{"bfs_id":1104,"rcp":"RCP8.5","period":"2060","key":"HD","value":11.4,"estimate":"q5"},{"bfs_id":1104,"rcp":"RCP8.5","period":"2060","key":"HD","value":17,"estimate":"q50"},{"bfs_id":1104,"rcp":"RCP8.5","period":"2060","key":"HD","value":28.8,"estimate":"q95"},{"bfs_id":1104,"rcp":"RCP8.5","period":"2085","key":"HD","value":22.8,"estimate":"q5"},{"bfs_id":1104,"rcp":"RCP8.5","period":"2085","key":"HD","value":27.3,"estimate":"q50"},{"bfs_id":1104,"rcp":"RCP8.5","period":"2085","key":"HD","value":53.9,"estimate":"q95"},{"bfs_id":1104,"rcp":"RCP2.6","period":"2035","key":"ID","value":17,"estimate":"q5"},{"bfs_id":1104,"rcp":"RCP2.6","period":"2035","key":"ID","value":20.5,"estimate":"q50"},{"bfs_id":1104,"rcp":"RCP2.6","period":"2035","key":"ID","value":24.3,"estimate":"q95"},{"bfs_id":1104,"rcp":"RCP2.6","period":"2060","key":"ID","value":16,"estimate":"q5"},{"bfs_id":1104,"rcp":"RCP2.6","period":"2060","key":"ID","value":19.5,"estimate":"q50"},{"bfs_id":1104,"rcp":"RCP2.6","period":"2060","key":"ID","value":24.5,"estimate":"q95"},{"bfs_id":1104,"rcp":"RCP2.6","period":"2085","key":"ID","value":15.5,"estimate":"q5"},{"bfs_id":1104,"rcp":"RCP2.6","period":"2085","key":"ID","value":19.6,"estimate":"q50"},{"bfs_id":1104,"rcp":"RCP2.6","period":"2085","key":"ID","value":23.5,"estimate":"q95"},{"bfs_id":1104,"rcp":"RCP8.5","period":"2035","key":"ID","value":15.2,"estimate":"q5"},{"bfs_id":1104,"rcp":"RCP8.5","period":"2035","key":"ID","value":19.1,"estimate":"q50"},{"bfs_id":1104,"rcp":"RCP8.5","period":"2035","key":"ID","value":24,"estimate":"q95"},{"bfs_id":1104,"rcp":"RCP8.5","period":"2060","key":"ID","value":10.5,"estimate":"q5"},{"bfs_id":1104,"rcp":"RCP8.5","period":"2060","key":"ID","value":14.5,"estimate":"q50"},{"bfs_id":1104,"rcp":"RCP8.5","period":"2060","key":"ID","value":17.2,"estimate":"q95"},{"bfs_id":1104,"rcp":"RCP8.5","period":"2085","key":"ID","value":3.9,"estimate":"q5"},{"bfs_id":1104,"rcp":"RCP8.5","period":"2085","key":"ID","value":7.4,"estimate":"q50"},{"bfs_id":1104,"rcp":"RCP8.5","period":"2085","key":"ID","value":10.1,"estimate":"q95"},{"bfs_id":1104,"rcp":"RCP2.6","period":"2035","key":"SD","value":38,"estimate":"q5"},{"bfs_id":1104,"rcp":"RCP2.6","period":"2035","key":"SD","value":42.8,"estimate":"q50"},{"bfs_id":1104,"rcp":"RCP2.6","period":"2035","key":"SD","value":50.3,"estimate":"q95"},{"bfs_id":1104,"rcp":"RCP2.6","period":"2060","key":"SD","value":38.3,"estimate":"q5"},{"bfs_id":1104,"rcp":"RCP2.6","period":"2060","key":"SD","value":44.4,"estimate":"q50"},{"bfs_id":1104,"rcp":"RCP2.6","period":"2060","key":"SD","value":50.9,"estimate":"q95"},{"bfs_id":1104,"rcp":"RCP2.6","period":"2085","key":"SD","value":37.7,"estimate":"q5"},{"bfs_id":1104,"rcp":"RCP2.6","period":"2085","key":"SD","value":45.7,"estimate":"q50"},{"bfs_id":1104,"rcp":"RCP2.6","period":"2085","key":"SD","value":50.6,"estimate":"q95"},{"bfs_id":1104,"rcp":"RCP8.5","period":"2035","key":"SD","value":40.1,"estimate":"q5"},{"bfs_id":1104,"rcp":"RCP8.5","period":"2035","key":"SD","value":44.7,"estimate":"q50"},{"bfs_id":1104,"rcp":"RCP8.5","period":"2035","key":"SD","value":51.8,"estimate":"q95"},{"bfs_id":1104,"rcp":"RCP8.5","period":"2060","key":"SD","value":54,"estimate":"q5"},{"bfs_id":1104,"rcp":"RCP8.5","period":"2060","key":"SD","value":60.7,"estimate":"q50"},{"bfs_id":1104,"rcp":"RCP8.5","period":"2060","key":"SD","value":76.4,"estimate":"q95"},{"bfs_id":1104,"rcp":"RCP8.5","period":"2085","key":"SD","value":69.7,"estimate":"q5"},{"bfs_id":1104,"rcp":"RCP8.5","period":"2085","key":"SD","value":82.4,"estimate":"q50"},{"bfs_id":1104,"rcp":"RCP8.5","period":"2085","key":"SD","value":102.6,"estimate":"q95"},{"bfs_id":1104,"rcp":"RCP2.6","period":"2035","key":"snowdays","value":16.3,"estimate":"q5"},{"bfs_id":1104,"rcp":"RCP2.6","period":"2035","key":"snowdays","value":21.6,"estimate":"q50"},{"bfs_id":1104,"rcp":"RCP2.6","period":"2035","key":"snowdays","value":24.6,"estimate":"q95"},{"bfs_id":1104,"rcp":"RCP2.6","period":"2060","key":"snowdays","value":15.6,"estimate":"q5"},{"bfs_id":1104,"rcp":"RCP2.6","period":"2060","key":"snowdays","value":20.6,"estimate":"q50"},{"bfs_id":1104,"rcp":"RCP2.6","period":"2060","key":"snowdays","value":24,"estimate":"q95"},{"bfs_id":1104,"rcp":"RCP2.6","period":"2085","key":"snowdays","value":15.5,"estimate":"q5"},{"bfs_id":1104,"rcp":"RCP2.6","period":"2085","key":"snowdays","value":20.7,"estimate":"q50"},{"bfs_id":1104,"rcp":"RCP2.6","period":"2085","key":"snowdays","value":24,"estimate":"q95"},{"bfs_id":1104,"rcp":"RCP8.5","period":"2035","key":"snowdays","value":13.7,"estimate":"q5"},{"bfs_id":1104,"rcp":"RCP8.5","period":"2035","key":"snowdays","value":20.1,"estimate":"q50"},{"bfs_id":1104,"rcp":"RCP8.5","period":"2035","key":"snowdays","value":23.9,"estimate":"q95"},{"bfs_id":1104,"rcp":"RCP8.5","period":"2060","key":"snowdays","value":10.4,"estimate":"q5"},{"bfs_id":1104,"rcp":"RCP8.5","period":"2060","key":"snowdays","value":16.2,"estimate":"q50"},{"bfs_id":1104,"rcp":"RCP8.5","period":"2060","key":"snowdays","value":18.2,"estimate":"q95"},{"bfs_id":1104,"rcp":"RCP8.5","period":"2085","key":"snowdays","value":5.1,"estimate":"q5"},{"bfs_id":1104,"rcp":"RCP8.5","period":"2085","key":"snowdays","value":9.4,"estimate":"q50"},{"bfs_id":1104,"rcp":"RCP8.5","period":"2085","key":"snowdays","value":13.3,"estimate":"q95"},{"bfs_id":1104,"rcp":"RCP2.6","period":"2035","key":"TN","value":0,"estimate":"q5"},{"bfs_id":1104,"rcp":"RCP2.6","period":"2035","key":"TN","value":0.3,"estimate":"q50"},{"bfs_id":1104,"rcp":"RCP2.6","period":"2035","key":"TN","value":0.9,"estimate":"q95"},{"bfs_id":1104,"rcp":"RCP2.6","period":"2060","key":"TN","value":0.2,"estimate":"q5"},{"bfs_id":1104,"rcp":"RCP2.6","period":"2060","key":"TN","value":0.5,"estimate":"q50"},{"bfs_id":1104,"rcp":"RCP2.6","period":"2060","key":"TN","value":1.2,"estimate":"q95"},{"bfs_id":1104,"rcp":"RCP2.6","period":"2085","key":"TN","value":0.2,"estimate":"q5"},{"bfs_id":1104,"rcp":"RCP2.6","period":"2085","key":"TN","value":0.5,"estimate":"q50"},{"bfs_id":1104,"rcp":"RCP2.6","period":"2085","key":"TN","value":1.1,"estimate":"q95"},{"bfs_id":1104,"rcp":"RCP8.5","period":"2035","key":"TN","value":0.2,"estimate":"q5"},{"bfs_id":1104,"rcp":"RCP8.5","period":"2035","key":"TN","value":0.4,"estimate":"q50"},{"bfs_id":1104,"rcp":"RCP8.5","period":"2035","key":"TN","value":2,"estimate":"q95"},{"bfs_id":1104,"rcp":"RCP8.5","period":"2060","key":"TN","value":1,"estimate":"q5"},{"bfs_id":1104,"rcp":"RCP8.5","period":"2060","key":"TN","value":2.7,"estimate":"q50"},{"bfs_id":1104,"rcp":"RCP8.5","period":"2060","key":"TN","value":5.9,"estimate":"q95"},{"bfs_id":1104,"rcp":"RCP8.5","period":"2085","key":"TN","value":4.8,"estimate":"q5"},{"bfs_id":1104,"rcp":"RCP8.5","period":"2085","key":"TN","value":8.2,"estimate":"q50"},{"bfs_id":1104,"rcp":"RCP8.5","period":"2085","key":"TN","value":23.8,"estimate":"q95"},{"bfs_id":1104,"rcp":"RCP2.6","period":"2035","key":"pr","value":2.5,"estimate":"q5","season":"DJF"},{"bfs_id":1104,"rcp":"RCP2.6","period":"2035","key":"pr","value":2.9,"estimate":"q5","season":"MAM"},{"bfs_id":1104,"rcp":"RCP2.6","period":"2035","key":"pr","value":3.1,"estimate":"q5","season":"JJA"},{"bfs_id":1104,"rcp":"RCP2.6","period":"2035","key":"pr","value":2.6,"estimate":"q5","season":"SON"},{"bfs_id":1104,"rcp":"RCP2.6","period":"2035","key":"pr","value":2.9,"estimate":"q50","season":"DJF"},{"bfs_id":1104,"rcp":"RCP2.6","period":"2035","key":"pr","value":3.3,"estimate":"q50","season":"MAM"},{"bfs_id":1104,"rcp":"RCP2.6","period":"2035","key":"pr","value":3.7,"estimate":"q50","season":"JJA"},{"bfs_id":1104,"rcp":"RCP2.6","period":"2035","key":"pr","value":2.9,"estimate":"q50","season":"SON"},{"bfs_id":1104,"rcp":"RCP2.6","period":"2035","key":"pr","value":3.4,"estimate":"q95","season":"DJF"},{"bfs_id":1104,"rcp":"RCP2.6","period":"2035","key":"pr","value":3.6,"estimate":"q95","season":"MAM"},{"bfs_id":1104,"rcp":"RCP2.6","period":"2035","key":"pr","value":4,"estimate":"q95","season":"JJA"},{"bfs_id":1104,"rcp":"RCP2.6","period":"2035","key":"pr","value":3.5,"estimate":"q95","season":"SON"},{"bfs_id":1104,"rcp":"RCP2.6","period":"2060","key":"pr","value":2.6,"estimate":"q5","season":"DJF"},{"bfs_id":1104,"rcp":"RCP2.6","period":"2060","key":"pr","value":3,"estimate":"q5","season":"MAM"},{"bfs_id":1104,"rcp":"RCP2.6","period":"2060","key":"pr","value":3,"estimate":"q5","season":"JJA"},{"bfs_id":1104,"rcp":"RCP2.6","period":"2060","key":"pr","value":2.7,"estimate":"q5","season":"SON"},{"bfs_id":1104,"rcp":"RCP2.6","period":"2060","key":"pr","value":2.9,"estimate":"q50","season":"DJF"},{"bfs_id":1104,"rcp":"RCP2.6","period":"2060","key":"pr","value":3.3,"estimate":"q50","season":"MAM"},{"bfs_id":1104,"rcp":"RCP2.6","period":"2060","key":"pr","value":3.7,"estimate":"q50","season":"JJA"},{"bfs_id":1104,"rcp":"RCP2.6","period":"2060","key":"pr","value":2.9,"estimate":"q50","season":"SON"},{"bfs_id":1104,"rcp":"RCP2.6","period":"2060","key":"pr","value":3.2,"estimate":"q95","season":"DJF"},{"bfs_id":1104,"rcp":"RCP2.6","period":"2060","key":"pr","value":3.6,"estimate":"q95","season":"MAM"},{"bfs_id":1104,"rcp":"RCP2.6","period":"2060","key":"pr","value":4.3,"estimate":"q95","season":"JJA"},{"bfs_id":1104,"rcp":"RCP2.6","period":"2060","key":"pr","value":3.4,"estimate":"q95","season":"SON"},{"bfs_id":1104,"rcp":"RCP2.6","period":"2085","key":"pr","value":2.6,"estimate":"q5","season":"DJF"},{"bfs_id":1104,"rcp":"RCP2.6","period":"2085","key":"pr","value":3,"estimate":"q5","season":"MAM"},{"bfs_id":1104,"rcp":"RCP2.6","period":"2085","key":"pr","value":3,"estimate":"q5","season":"JJA"},{"bfs_id":1104,"rcp":"RCP2.6","period":"2085","key":"pr","value":2.6,"estimate":"q5","season":"SON"},{"bfs_id":1104,"rcp":"RCP2.6","period":"2085","key":"pr","value":2.9,"estimate":"q50","season":"DJF"},{"bfs_id":1104,"rcp":"RCP2.6","period":"2085","key":"pr","value":3.2,"estimate":"q50","season":"MAM"},{"bfs_id":1104,"rcp":"RCP2.6","period":"2085","key":"pr","value":3.7,"estimate":"q50","season":"JJA"},{"bfs_id":1104,"rcp":"RCP2.6","period":"2085","key":"pr","value":2.9,"estimate":"q50","season":"SON"},{"bfs_id":1104,"rcp":"RCP2.6","period":"2085","key":"pr","value":3.3,"estimate":"q95","season":"DJF"},{"bfs_id":1104,"rcp":"RCP2.6","period":"2085","key":"pr","value":3.6,"estimate":"q95","season":"MAM"},{"bfs_id":1104,"rcp":"RCP2.6","period":"2085","key":"pr","value":4.2,"estimate":"q95","season":"JJA"},{"bfs_id":1104,"rcp":"RCP2.6","period":"2085","key":"pr","value":3.4,"estimate":"q95","season":"SON"},{"bfs_id":1104,"rcp":"RCP8.5","period":"2035","key":"pr","value":2.6,"estimate":"q5","season":"DJF"},{"bfs_id":1104,"rcp":"RCP8.5","period":"2035","key":"pr","value":3,"estimate":"q5","season":"MAM"},{"bfs_id":1104,"rcp":"RCP8.5","period":"2035","key":"pr","value":3,"estimate":"q5","season":"JJA"},{"bfs_id":1104,"rcp":"RCP8.5","period":"2035","key":"pr","value":2.6,"estimate":"q5","season":"SON"},{"bfs_id":1104,"rcp":"RCP8.5","period":"2035","key":"pr","value":3,"estimate":"q50","season":"DJF"},{"bfs_id":1104,"rcp":"RCP8.5","period":"2035","key":"pr","value":3.4,"estimate":"q50","season":"MAM"},{"bfs_id":1104,"rcp":"RCP8.5","period":"2035","key":"pr","value":3.8,"estimate":"q50","season":"JJA"},{"bfs_id":1104,"rcp":"RCP8.5","period":"2035","key":"pr","value":3,"estimate":"q50","season":"SON"},{"bfs_id":1104,"rcp":"RCP8.5","period":"2035","key":"pr","value":3.3,"estimate":"q95","season":"DJF"},{"bfs_id":1104,"rcp":"RCP8.5","period":"2035","key":"pr","value":3.6,"estimate":"q95","season":"MAM"},{"bfs_id":1104,"rcp":"RCP8.5","period":"2035","key":"pr","value":4.2,"estimate":"q95","season":"JJA"},{"bfs_id":1104,"rcp":"RCP8.5","period":"2035","key":"pr","value":3.5,"estimate":"q95","season":"SON"},{"bfs_id":1104,"rcp":"RCP8.5","period":"2060","key":"pr","value":2.8,"estimate":"q5","season":"DJF"},{"bfs_id":1104,"rcp":"RCP8.5","period":"2060","key":"pr","value":3.2,"estimate":"q5","season":"MAM"},{"bfs_id":1104,"rcp":"RCP8.5","period":"2060","key":"pr","value":2.6,"estimate":"q5","season":"JJA"},{"bfs_id":1104,"rcp":"RCP8.5","period":"2060","key":"pr","value":2.6,"estimate":"q5","season":"SON"},{"bfs_id":1104,"rcp":"RCP8.5","period":"2060","key":"pr","value":3,"estimate":"q50","season":"DJF"},{"bfs_id":1104,"rcp":"RCP8.5","period":"2060","key":"pr","value":3.4,"estimate":"q50","season":"MAM"},{"bfs_id":1104,"rcp":"RCP8.5","period":"2060","key":"pr","value":3.6,"estimate":"q50","season":"JJA"},{"bfs_id":1104,"rcp":"RCP8.5","period":"2060","key":"pr","value":3,"estimate":"q50","season":"SON"},{"bfs_id":1104,"rcp":"RCP8.5","period":"2060","key":"pr","value":3.4,"estimate":"q95","season":"DJF"},{"bfs_id":1104,"rcp":"RCP8.5","period":"2060","key":"pr","value":3.8,"estimate":"q95","season":"MAM"},{"bfs_id":1104,"rcp":"RCP8.5","period":"2060","key":"pr","value":3.9,"estimate":"q95","season":"JJA"},{"bfs_id":1104,"rcp":"RCP8.5","period":"2060","key":"pr","value":3.3,"estimate":"q95","season":"SON"},{"bfs_id":1104,"rcp":"RCP8.5","period":"2085","key":"pr","value":3,"estimate":"q5","season":"DJF"},{"bfs_id":1104,"rcp":"RCP8.5","period":"2085","key":"pr","value":3.1,"estimate":"q5","season":"MAM"},{"bfs_id":1104,"rcp":"RCP8.5","period":"2085","key":"pr","value":2,"estimate":"q5","season":"JJA"},{"bfs_id":1104,"rcp":"RCP8.5","period":"2085","key":"pr","value":2.4,"estimate":"q5","season":"SON"},{"bfs_id":1104,"rcp":"RCP8.5","period":"2085","key":"pr","value":3.3,"estimate":"q50","season":"DJF"},{"bfs_id":1104,"rcp":"RCP8.5","period":"2085","key":"pr","value":3.6,"estimate":"q50","season":"MAM"},{"bfs_id":1104,"rcp":"RCP8.5","period":"2085","key":"pr","value":3.2,"estimate":"q50","season":"JJA"},{"bfs_id":1104,"rcp":"RCP8.5","period":"2085","key":"pr","value":3,"estimate":"q50","season":"SON"},{"bfs_id":1104,"rcp":"RCP8.5","period":"2085","key":"pr","value":3.8,"estimate":"q95","season":"DJF"},{"bfs_id":1104,"rcp":"RCP8.5","period":"2085","key":"pr","value":4.1,"estimate":"q95","season":"MAM"},{"bfs_id":1104,"rcp":"RCP8.5","period":"2085","key":"pr","value":3.7,"estimate":"q95","season":"JJA"},{"bfs_id":1104,"rcp":"RCP8.5","period":"2085","key":"pr","value":3.5,"estimate":"q95","season":"SON"},{"bfs_id":1104,"rcp":"RCP2.6","period":"2035","key":"tas","value":1,"estimate":"q5","season":"DJF"},{"bfs_id":1104,"rcp":"RCP2.6","period":"2035","key":"tas","value":8.2,"estimate":"q5","season":"MAM"},{"bfs_id":1104,"rcp":"RCP2.6","period":"2035","key":"tas","value":17.3,"estimate":"q5","season":"JJA"},{"bfs_id":1104,"rcp":"RCP2.6","period":"2035","key":"tas","value":9.4,"estimate":"q5","season":"SON"},{"bfs_id":1104,"rcp":"RCP2.6","period":"2035","key":"tas","value":1.6,"estimate":"q50","season":"DJF"},{"bfs_id":1104,"rcp":"RCP2.6","period":"2035","key":"tas","value":8.8,"estimate":"q50","season":"MAM"},{"bfs_id":1104,"rcp":"RCP2.6","period":"2035","key":"tas","value":17.9,"estimate":"q50","season":"JJA"},{"bfs_id":1104,"rcp":"RCP2.6","period":"2035","key":"tas","value":9.7,"estimate":"q50","season":"SON"},{"bfs_id":1104,"rcp":"RCP2.6","period":"2035","key":"tas","value":2.3,"estimate":"q95","season":"DJF"},{"bfs_id":1104,"rcp":"RCP2.6","period":"2035","key":"tas","value":9.1,"estimate":"q95","season":"MAM"},{"bfs_id":1104,"rcp":"RCP2.6","period":"2035","key":"tas","value":18.5,"estimate":"q95","season":"JJA"},{"bfs_id":1104,"rcp":"RCP2.6","period":"2035","key":"tas","value":10.6,"estimate":"q95","season":"SON"},{"bfs_id":1104,"rcp":"RCP2.6","period":"2060","key":"tas","value":1,"estimate":"q5","season":"DJF"},{"bfs_id":1104,"rcp":"RCP2.6","period":"2060","key":"tas","value":8.1,"estimate":"q5","season":"MAM"},{"bfs_id":1104,"rcp":"RCP2.6","period":"2060","key":"tas","value":17.6,"estimate":"q5","season":"JJA"},{"bfs_id":1104,"rcp":"RCP2.6","period":"2060","key":"tas","value":9.7,"estimate":"q5","season":"SON"},{"bfs_id":1104,"rcp":"RCP2.6","period":"2060","key":"tas","value":1.9,"estimate":"q50","season":"DJF"},{"bfs_id":1104,"rcp":"RCP2.6","period":"2060","key":"tas","value":8.8,"estimate":"q50","season":"MAM"},{"bfs_id":1104,"rcp":"RCP2.6","period":"2060","key":"tas","value":18.1,"estimate":"q50","season":"JJA"},{"bfs_id":1104,"rcp":"RCP2.6","period":"2060","key":"tas","value":10,"estimate":"q50","season":"SON"},{"bfs_id":1104,"rcp":"RCP2.6","period":"2060","key":"tas","value":2.4,"estimate":"q95","season":"DJF"},{"bfs_id":1104,"rcp":"RCP2.6","period":"2060","key":"tas","value":9.3,"estimate":"q95","season":"MAM"},{"bfs_id":1104,"rcp":"RCP2.6","period":"2060","key":"tas","value":18.6,"estimate":"q95","season":"JJA"},{"bfs_id":1104,"rcp":"RCP2.6","period":"2060","key":"tas","value":11,"estimate":"q95","season":"SON"},{"bfs_id":1104,"rcp":"RCP2.6","period":"2085","key":"tas","value":1.1,"estimate":"q5","season":"DJF"},{"bfs_id":1104,"rcp":"RCP2.6","period":"2085","key":"tas","value":8.2,"estimate":"q5","season":"MAM"},{"bfs_id":1104,"rcp":"RCP2.6","period":"2085","key":"tas","value":17.5,"estimate":"q5","season":"JJA"},{"bfs_id":1104,"rcp":"RCP2.6","period":"2085","key":"tas","value":9.4,"estimate":"q5","season":"SON"},{"bfs_id":1104,"rcp":"RCP2.6","period":"2085","key":"tas","value":1.8,"estimate":"q50","season":"DJF"},{"bfs_id":1104,"rcp":"RCP2.6","period":"2085","key":"tas","value":8.9,"estimate":"q50","season":"MAM"},{"bfs_id":1104,"rcp":"RCP2.6","period":"2085","key":"tas","value":17.9,"estimate":"q50","season":"JJA"},{"bfs_id":1104,"rcp":"RCP2.6","period":"2085","key":"tas","value":9.9,"estimate":"q50","season":"SON"},{"bfs_id":1104,"rcp":"RCP2.6","period":"2085","key":"tas","value":2.5,"estimate":"q95","season":"DJF"},{"bfs_id":1104,"rcp":"RCP2.6","period":"2085","key":"tas","value":9.4,"estimate":"q95","season":"MAM"},{"bfs_id":1104,"rcp":"RCP2.6","period":"2085","key":"tas","value":18.5,"estimate":"q95","season":"JJA"},{"bfs_id":1104,"rcp":"RCP2.6","period":"2085","key":"tas","value":11,"estimate":"q95","season":"SON"},{"bfs_id":1104,"rcp":"RCP8.5","period":"2035","key":"tas","value":0.9,"estimate":"q5","season":"DJF"},{"bfs_id":1104,"rcp":"RCP8.5","period":"2035","key":"tas","value":8.4,"estimate":"q5","season":"MAM"},{"bfs_id":1104,"rcp":"RCP8.5","period":"2035","key":"tas","value":17.7,"estimate":"q5","season":"JJA"},{"bfs_id":1104,"rcp":"RCP8.5","period":"2035","key":"tas","value":9.7,"estimate":"q5","season":"SON"},{"bfs_id":1104,"rcp":"RCP8.5","period":"2035","key":"tas","value":1.9,"estimate":"q50","season":"DJF"},{"bfs_id":1104,"rcp":"RCP8.5","period":"2035","key":"tas","value":8.8,"estimate":"q50","season":"MAM"},{"bfs_id":1104,"rcp":"RCP8.5","period":"2035","key":"tas","value":18.2,"estimate":"q50","season":"JJA"},{"bfs_id":1104,"rcp":"RCP8.5","period":"2035","key":"tas","value":10.2,"estimate":"q50","season":"SON"},{"bfs_id":1104,"rcp":"RCP8.5","period":"2035","key":"tas","value":2.3,"estimate":"q95","season":"DJF"},{"bfs_id":1104,"rcp":"RCP8.5","period":"2035","key":"tas","value":9.2,"estimate":"q95","season":"MAM"},{"bfs_id":1104,"rcp":"RCP8.5","period":"2035","key":"tas","value":18.8,"estimate":"q95","season":"JJA"},{"bfs_id":1104,"rcp":"RCP8.5","period":"2035","key":"tas","value":11,"estimate":"q95","season":"SON"},{"bfs_id":1104,"rcp":"RCP8.5","period":"2060","key":"tas","value":2.3,"estimate":"q5","season":"DJF"},{"bfs_id":1104,"rcp":"RCP8.5","period":"2060","key":"tas","value":9.2,"estimate":"q5","season":"MAM"},{"bfs_id":1104,"rcp":"RCP8.5","period":"2060","key":"tas","value":18.8,"estimate":"q5","season":"JJA"},{"bfs_id":1104,"rcp":"RCP8.5","period":"2060","key":"tas","value":10.7,"estimate":"q5","season":"SON"},{"bfs_id":1104,"rcp":"RCP8.5","period":"2060","key":"tas","value":2.7,"estimate":"q50","season":"DJF"},{"bfs_id":1104,"rcp":"RCP8.5","period":"2060","key":"tas","value":9.7,"estimate":"q50","season":"MAM"},{"bfs_id":1104,"rcp":"RCP8.5","period":"2060","key":"tas","value":19.4,"estimate":"q50","season":"JJA"},{"bfs_id":1104,"rcp":"RCP8.5","period":"2060","key":"tas","value":11.4,"estimate":"q50","season":"SON"},{"bfs_id":1104,"rcp":"RCP8.5","period":"2060","key":"tas","value":3.5,"estimate":"q95","season":"DJF"},{"bfs_id":1104,"rcp":"RCP8.5","period":"2060","key":"tas","value":10.3,"estimate":"q95","season":"MAM"},{"bfs_id":1104,"rcp":"RCP8.5","period":"2060","key":"tas","value":20.6,"estimate":"q95","season":"JJA"},{"bfs_id":1104,"rcp":"RCP8.5","period":"2060","key":"tas","value":12.3,"estimate":"q95","season":"SON"},{"bfs_id":1104,"rcp":"RCP8.5","period":"2085","key":"tas","value":3.5,"estimate":"q5","season":"DJF"},{"bfs_id":1104,"rcp":"RCP8.5","period":"2085","key":"tas","value":10.3,"estimate":"q5","season":"MAM"},{"bfs_id":1104,"rcp":"RCP8.5","period":"2085","key":"tas","value":20.3,"estimate":"q5","season":"JJA"},{"bfs_id":1104,"rcp":"RCP8.5","period":"2085","key":"tas","value":11.8,"estimate":"q5","season":"SON"},{"bfs_id":1104,"rcp":"RCP8.5","period":"2085","key":"tas","value":4.5,"estimate":"q50","season":"DJF"},{"bfs_id":1104,"rcp":"RCP8.5","period":"2085","key":"tas","value":11.2,"estimate":"q50","season":"MAM"},{"bfs_id":1104,"rcp":"RCP8.5","period":"2085","key":"tas","value":21.1,"estimate":"q50","season":"JJA"},{"bfs_id":1104,"rcp":"RCP8.5","period":"2085","key":"tas","value":12.8,"estimate":"q50","season":"SON"},{"bfs_id":1104,"rcp":"RCP8.5","period":"2085","key":"tas","value":5.3,"estimate":"q95","season":"DJF"},{"bfs_id":1104,"rcp":"RCP8.5","period":"2085","key":"tas","value":12,"estimate":"q95","season":"MAM"},{"bfs_id":1104,"rcp":"RCP8.5","period":"2085","key":"tas","value":23.3,"estimate":"q95","season":"JJA"},{"bfs_id":1104,"rcp":"RCP8.5","period":"2085","key":"tas","value":14.5,"estimate":"q95","season":"SON"},{"bfs_id":1104,"rcp":"obs","period":"1981-2010","key":"FD","value":96.6,"estimate":"yearly_mean"},{"bfs_id":1104,"rcp":"obs","period":"1981-2010","key":"HD","value":3.9,"estimate":"yearly_mean"},{"bfs_id":1104,"rcp":"obs","period":"1981-2010","key":"ID","value":28.3,"estimate":"yearly_mean"},{"bfs_id":1104,"rcp":"obs","period":"1981-2010","key":"SD","value":31.9,"estimate":"yearly_mean"},{"bfs_id":1104,"rcp":"obs","period":"1981-2010","key":"snowdays","value":24.7,"estimate":"yearly_mean"},{"bfs_id":1104,"rcp":"obs","period":"1981-2010","key":"TN","value":0,"estimate":"yearly_mean"},{"bfs_id":1104,"rcp":"obs","period":"1981-2010","key":"pr","value":2.6,"estimate":"mean","season":"DJF"},{"bfs_id":1104,"rcp":"obs","period":"1981-2010","key":"pr","value":3.2,"estimate":"mean","season":"MAM"},{"bfs_id":1104,"rcp":"obs","period":"1981-2010","key":"pr","value":4,"estimate":"mean","season":"JJA"},{"bfs_id":1104,"rcp":"obs","period":"1981-2010","key":"pr","value":2.9,"estimate":"mean","season":"SON"},{"bfs_id":1104,"rcp":"obs","period":"1981-2010","key":"tas","value":0.4,"estimate":"mean","season":"DJF"},{"bfs_id":1104,"rcp":"obs","period":"1981-2010","key":"tas","value":8.1,"estimate":"mean","season":"MAM"},{"bfs_id":1104,"rcp":"obs","period":"1981-2010","key":"tas","value":16.8,"estimate":"mean","season":"JJA"},{"bfs_id":1104,"rcp":"obs","period":"1981-2010","key":"tas","value":8.7,"estimate":"mean","season":"SON"}]
