[{"bfs_id":12,"rcp":"RCP2.6","period":"2035","key":"FD","value":64,"estimate":"q5"},{"bfs_id":12,"rcp":"RCP2.6","period":"2035","key":"FD","value":74.6,"estimate":"q50"},{"bfs_id":12,"rcp":"RCP2.6","period":"2035","key":"FD","value":80.8,"estimate":"q95"},{"bfs_id":12,"rcp":"RCP2.6","period":"2060","key":"FD","value":59.1,"estimate":"q5"},{"bfs_id":12,"rcp":"RCP2.6","period":"2060","key":"FD","value":71.2,"estimate":"q50"},{"bfs_id":12,"rcp":"RCP2.6","period":"2060","key":"FD","value":76.5,"estimate":"q95"},{"bfs_id":12,"rcp":"RCP2.6","period":"2085","key":"FD","value":59.2,"estimate":"q5"},{"bfs_id":12,"rcp":"RCP2.6","period":"2085","key":"FD","value":71.8,"estimate":"q50"},{"bfs_id":12,"rcp":"RCP2.6","period":"2085","key":"FD","value":79.5,"estimate":"q95"},{"bfs_id":12,"rcp":"RCP8.5","period":"2035","key":"FD","value":59.8,"estimate":"q5"},{"bfs_id":12,"rcp":"RCP8.5","period":"2035","key":"FD","value":70.4,"estimate":"q50"},{"bfs_id":12,"rcp":"RCP8.5","period":"2035","key":"FD","value":75.6,"estimate":"q95"},{"bfs_id":12,"rcp":"RCP8.5","period":"2060","key":"FD","value":47.8,"estimate":"q5"},{"bfs_id":12,"rcp":"RCP8.5","period":"2060","key":"FD","value":56.4,"estimate":"q50"},{"bfs_id":12,"rcp":"RCP8.5","period":"2060","key":"FD","value":62.6,"estimate":"q95"},{"bfs_id":12,"rcp":"RCP8.5","period":"2085","key":"FD","value":29.5,"estimate":"q5"},{"bfs_id":12,"rcp":"RCP8.5","period":"2085","key":"FD","value":36.3,"estimate":"q50"},{"bfs_id":12,"rcp":"RCP8.5","period":"2085","key":"FD","value":46.4,"estimate":"q95"},{"bfs_id":12,"rcp":"RCP2.6","period":"2035","key":"HD","value":7.1,"estimate":"q5"},{"bfs_id":12,"rcp":"RCP2.6","period":"2035","key":"HD","value":9.3,"estimate":"q50"},{"bfs_id":12,"rcp":"RCP2.6","period":"2035","key":"HD","value":14.7,"estimate":"q95"},{"bfs_id":12,"rcp":"RCP2.6","period":"2060","key":"HD","value":7.3,"estimate":"q5"},{"bfs_id":12,"rcp":"RCP2.6","period":"2060","key":"HD","value":9.9,"estimate":"q50"},{"bfs_id":12,"rcp":"RCP2.6","period":"2060","key":"HD","value":17.3,"estimate":"q95"},{"bfs_id":12,"rcp":"RCP2.6","period":"2085","key":"HD","value":7.6,"estimate":"q5"},{"bfs_id":12,"rcp":"RCP2.6","period":"2085","key":"HD","value":9.3,"estimate":"q50"},{"bfs_id":12,"rcp":"RCP2.6","period":"2085","key":"HD","value":16.5,"estimate":"q95"},{"bfs_id":12,"rcp":"RCP8.5","period":"2035","key":"HD","value":8,"estimate":"q5"},{"bfs_id":12,"rcp":"RCP8.5","period":"2035","key":"HD","value":10.1,"estimate":"q50"},{"bfs_id":12,"rcp":"RCP8.5","period":"2035","key":"HD","value":16.4,"estimate":"q95"},{"bfs_id":12,"rcp":"RCP8.5","period":"2060","key":"HD","value":13.1,"estimate":"q5"},{"bfs_id":12,"rcp":"RCP8.5","period":"2060","key":"HD","value":19.6,"estimate":"q50"},{"bfs_id":12,"rcp":"RCP8.5","period":"2060","key":"HD","value":31.5,"estimate":"q95"},{"bfs_id":12,"rcp":"RCP8.5","period":"2085","key":"HD","value":25,"estimate":"q5"},{"bfs_id":12,"rcp":"RCP8.5","period":"2085","key":"HD","value":28.9,"estimate":"q50"},{"bfs_id":12,"rcp":"RCP8.5","period":"2085","key":"HD","value":57.5,"estimate":"q95"},{"bfs_id":12,"rcp":"RCP2.6","period":"2035","key":"ID","value":14.9,"estimate":"q5"},{"bfs_id":12,"rcp":"RCP2.6","period":"2035","key":"ID","value":19.1,"estimate":"q50"},{"bfs_id":12,"rcp":"RCP2.6","period":"2035","key":"ID","value":22.9,"estimate":"q95"},{"bfs_id":12,"rcp":"RCP2.6","period":"2060","key":"ID","value":14.2,"estimate":"q5"},{"bfs_id":12,"rcp":"RCP2.6","period":"2060","key":"ID","value":18.2,"estimate":"q50"},{"bfs_id":12,"rcp":"RCP2.6","period":"2060","key":"ID","value":22.7,"estimate":"q95"},{"bfs_id":12,"rcp":"RCP2.6","period":"2085","key":"ID","value":14.2,"estimate":"q5"},{"bfs_id":12,"rcp":"RCP2.6","period":"2085","key":"ID","value":18.3,"estimate":"q50"},{"bfs_id":12,"rcp":"RCP2.6","period":"2085","key":"ID","value":21.7,"estimate":"q95"},{"bfs_id":12,"rcp":"RCP8.5","period":"2035","key":"ID","value":14,"estimate":"q5"},{"bfs_id":12,"rcp":"RCP8.5","period":"2035","key":"ID","value":18,"estimate":"q50"},{"bfs_id":12,"rcp":"RCP8.5","period":"2035","key":"ID","value":22,"estimate":"q95"},{"bfs_id":12,"rcp":"RCP8.5","period":"2060","key":"ID","value":9.8,"estimate":"q5"},{"bfs_id":12,"rcp":"RCP8.5","period":"2060","key":"ID","value":13.2,"estimate":"q50"},{"bfs_id":12,"rcp":"RCP8.5","period":"2060","key":"ID","value":15.6,"estimate":"q95"},{"bfs_id":12,"rcp":"RCP8.5","period":"2085","key":"ID","value":3.2,"estimate":"q5"},{"bfs_id":12,"rcp":"RCP8.5","period":"2085","key":"ID","value":6.4,"estimate":"q50"},{"bfs_id":12,"rcp":"RCP8.5","period":"2085","key":"ID","value":9.1,"estimate":"q95"},{"bfs_id":12,"rcp":"RCP2.6","period":"2035","key":"SD","value":43,"estimate":"q5"},{"bfs_id":12,"rcp":"RCP2.6","period":"2035","key":"SD","value":48.4,"estimate":"q50"},{"bfs_id":12,"rcp":"RCP2.6","period":"2035","key":"SD","value":56.4,"estimate":"q95"},{"bfs_id":12,"rcp":"RCP2.6","period":"2060","key":"SD","value":43.5,"estimate":"q5"},{"bfs_id":12,"rcp":"RCP2.6","period":"2060","key":"SD","value":50,"estimate":"q50"},{"bfs_id":12,"rcp":"RCP2.6","period":"2060","key":"SD","value":55.3,"estimate":"q95"},{"bfs_id":12,"rcp":"RCP2.6","period":"2085","key":"SD","value":42.9,"estimate":"q5"},{"bfs_id":12,"rcp":"RCP2.6","period":"2085","key":"SD","value":50.6,"estimate":"q50"},{"bfs_id":12,"rcp":"RCP2.6","period":"2085","key":"SD","value":55.1,"estimate":"q95"},{"bfs_id":12,"rcp":"RCP8.5","period":"2035","key":"SD","value":45.1,"estimate":"q5"},{"bfs_id":12,"rcp":"RCP8.5","period":"2035","key":"SD","value":50.9,"estimate":"q50"},{"bfs_id":12,"rcp":"RCP8.5","period":"2035","key":"SD","value":56.9,"estimate":"q95"},{"bfs_id":12,"rcp":"RCP8.5","period":"2060","key":"SD","value":59.5,"estimate":"q5"},{"bfs_id":12,"rcp":"RCP8.5","period":"2060","key":"SD","value":65.6,"estimate":"q50"},{"bfs_id":12,"rcp":"RCP8.5","period":"2060","key":"SD","value":81.6,"estimate":"q95"},{"bfs_id":12,"rcp":"RCP8.5","period":"2085","key":"SD","value":75.6,"estimate":"q5"},{"bfs_id":12,"rcp":"RCP8.5","period":"2085","key":"SD","value":86.9,"estimate":"q50"},{"bfs_id":12,"rcp":"RCP8.5","period":"2085","key":"SD","value":108.1,"estimate":"q95"},{"bfs_id":12,"rcp":"RCP2.6","period":"2035","key":"snowdays","value":14.8,"estimate":"q5"},{"bfs_id":12,"rcp":"RCP2.6","period":"2035","key":"snowdays","value":20.3,"estimate":"q50"},{"bfs_id":12,"rcp":"RCP2.6","period":"2035","key":"snowdays","value":23.5,"estimate":"q95"},{"bfs_id":12,"rcp":"RCP2.6","period":"2060","key":"snowdays","value":13.9,"estimate":"q5"},{"bfs_id":12,"rcp":"RCP2.6","period":"2060","key":"snowdays","value":19.3,"estimate":"q50"},{"bfs_id":12,"rcp":"RCP2.6","period":"2060","key":"snowdays","value":22.7,"estimate":"q95"},{"bfs_id":12,"rcp":"RCP2.6","period":"2085","key":"snowdays","value":13.8,"estimate":"q5"},{"bfs_id":12,"rcp":"RCP2.6","period":"2085","key":"snowdays","value":19.3,"estimate":"q50"},{"bfs_id":12,"rcp":"RCP2.6","period":"2085","key":"snowdays","value":22.7,"estimate":"q95"},{"bfs_id":12,"rcp":"RCP8.5","period":"2035","key":"snowdays","value":12.9,"estimate":"q5"},{"bfs_id":12,"rcp":"RCP8.5","period":"2035","key":"snowdays","value":18.7,"estimate":"q50"},{"bfs_id":12,"rcp":"RCP8.5","period":"2035","key":"snowdays","value":22.7,"estimate":"q95"},{"bfs_id":12,"rcp":"RCP8.5","period":"2060","key":"snowdays","value":9.4,"estimate":"q5"},{"bfs_id":12,"rcp":"RCP8.5","period":"2060","key":"snowdays","value":15.2,"estimate":"q50"},{"bfs_id":12,"rcp":"RCP8.5","period":"2060","key":"snowdays","value":17.1,"estimate":"q95"},{"bfs_id":12,"rcp":"RCP8.5","period":"2085","key":"snowdays","value":4.4,"estimate":"q5"},{"bfs_id":12,"rcp":"RCP8.5","period":"2085","key":"snowdays","value":8.6,"estimate":"q50"},{"bfs_id":12,"rcp":"RCP8.5","period":"2085","key":"snowdays","value":11.7,"estimate":"q95"},{"bfs_id":12,"rcp":"RCP2.6","period":"2035","key":"TN","value":0.2,"estimate":"q5"},{"bfs_id":12,"rcp":"RCP2.6","period":"2035","key":"TN","value":0.7,"estimate":"q50"},{"bfs_id":12,"rcp":"RCP2.6","period":"2035","key":"TN","value":1.7,"estimate":"q95"},{"bfs_id":12,"rcp":"RCP2.6","period":"2060","key":"TN","value":0.3,"estimate":"q5"},{"bfs_id":12,"rcp":"RCP2.6","period":"2060","key":"TN","value":0.9,"estimate":"q50"},{"bfs_id":12,"rcp":"RCP2.6","period":"2060","key":"TN","value":2.2,"estimate":"q95"},{"bfs_id":12,"rcp":"RCP2.6","period":"2085","key":"TN","value":0.3,"estimate":"q5"},{"bfs_id":12,"rcp":"RCP2.6","period":"2085","key":"TN","value":0.9,"estimate":"q50"},{"bfs_id":12,"rcp":"RCP2.6","period":"2085","key":"TN","value":1.7,"estimate":"q95"},{"bfs_id":12,"rcp":"RCP8.5","period":"2035","key":"TN","value":0.5,"estimate":"q5"},{"bfs_id":12,"rcp":"RCP8.5","period":"2035","key":"TN","value":1,"estimate":"q50"},{"bfs_id":12,"rcp":"RCP8.5","period":"2035","key":"TN","value":3,"estimate":"q95"},{"bfs_id":12,"rcp":"RCP8.5","period":"2060","key":"TN","value":2.1,"estimate":"q5"},{"bfs_id":12,"rcp":"RCP8.5","period":"2060","key":"TN","value":4,"estimate":"q50"},{"bfs_id":12,"rcp":"RCP8.5","period":"2060","key":"TN","value":9.1,"estimate":"q95"},{"bfs_id":12,"rcp":"RCP8.5","period":"2085","key":"TN","value":8,"estimate":"q5"},{"bfs_id":12,"rcp":"RCP8.5","period":"2085","key":"TN","value":12.7,"estimate":"q50"},{"bfs_id":12,"rcp":"RCP8.5","period":"2085","key":"TN","value":29.2,"estimate":"q95"},{"bfs_id":12,"rcp":"RCP2.6","period":"2035","key":"pr","value":2.3,"estimate":"q5","season":"DJF"},{"bfs_id":12,"rcp":"RCP2.6","period":"2035","key":"pr","value":3.2,"estimate":"q5","season":"MAM"},{"bfs_id":12,"rcp":"RCP2.6","period":"2035","key":"pr","value":4.1,"estimate":"q5","season":"JJA"},{"bfs_id":12,"rcp":"RCP2.6","period":"2035","key":"pr","value":2.8,"estimate":"q5","season":"SON"},{"bfs_id":12,"rcp":"RCP2.6","period":"2035","key":"pr","value":2.7,"estimate":"q50","season":"DJF"},{"bfs_id":12,"rcp":"RCP2.6","period":"2035","key":"pr","value":3.7,"estimate":"q50","season":"MAM"},{"bfs_id":12,"rcp":"RCP2.6","period":"2035","key":"pr","value":4.6,"estimate":"q50","season":"JJA"},{"bfs_id":12,"rcp":"RCP2.6","period":"2035","key":"pr","value":3.1,"estimate":"q50","season":"SON"},{"bfs_id":12,"rcp":"RCP2.6","period":"2035","key":"pr","value":3.1,"estimate":"q95","season":"DJF"},{"bfs_id":12,"rcp":"RCP2.6","period":"2035","key":"pr","value":4,"estimate":"q95","season":"MAM"},{"bfs_id":12,"rcp":"RCP2.6","period":"2035","key":"pr","value":4.9,"estimate":"q95","season":"JJA"},{"bfs_id":12,"rcp":"RCP2.6","period":"2035","key":"pr","value":3.7,"estimate":"q95","season":"SON"},{"bfs_id":12,"rcp":"RCP2.6","period":"2060","key":"pr","value":2.3,"estimate":"q5","season":"DJF"},{"bfs_id":12,"rcp":"RCP2.6","period":"2060","key":"pr","value":3.3,"estimate":"q5","season":"MAM"},{"bfs_id":12,"rcp":"RCP2.6","period":"2060","key":"pr","value":3.8,"estimate":"q5","season":"JJA"},{"bfs_id":12,"rcp":"RCP2.6","period":"2060","key":"pr","value":2.8,"estimate":"q5","season":"SON"},{"bfs_id":12,"rcp":"RCP2.6","period":"2060","key":"pr","value":2.6,"estimate":"q50","season":"DJF"},{"bfs_id":12,"rcp":"RCP2.6","period":"2060","key":"pr","value":3.6,"estimate":"q50","season":"MAM"},{"bfs_id":12,"rcp":"RCP2.6","period":"2060","key":"pr","value":4.5,"estimate":"q50","season":"JJA"},{"bfs_id":12,"rcp":"RCP2.6","period":"2060","key":"pr","value":3.1,"estimate":"q50","season":"SON"},{"bfs_id":12,"rcp":"RCP2.6","period":"2060","key":"pr","value":2.9,"estimate":"q95","season":"DJF"},{"bfs_id":12,"rcp":"RCP2.6","period":"2060","key":"pr","value":4,"estimate":"q95","season":"MAM"},{"bfs_id":12,"rcp":"RCP2.6","period":"2060","key":"pr","value":5.1,"estimate":"q95","season":"JJA"},{"bfs_id":12,"rcp":"RCP2.6","period":"2060","key":"pr","value":3.6,"estimate":"q95","season":"SON"},{"bfs_id":12,"rcp":"RCP2.6","period":"2085","key":"pr","value":2.3,"estimate":"q5","season":"DJF"},{"bfs_id":12,"rcp":"RCP2.6","period":"2085","key":"pr","value":3.3,"estimate":"q5","season":"MAM"},{"bfs_id":12,"rcp":"RCP2.6","period":"2085","key":"pr","value":3.8,"estimate":"q5","season":"JJA"},{"bfs_id":12,"rcp":"RCP2.6","period":"2085","key":"pr","value":2.7,"estimate":"q5","season":"SON"},{"bfs_id":12,"rcp":"RCP2.6","period":"2085","key":"pr","value":2.6,"estimate":"q50","season":"DJF"},{"bfs_id":12,"rcp":"RCP2.6","period":"2085","key":"pr","value":3.5,"estimate":"q50","season":"MAM"},{"bfs_id":12,"rcp":"RCP2.6","period":"2085","key":"pr","value":4.5,"estimate":"q50","season":"JJA"},{"bfs_id":12,"rcp":"RCP2.6","period":"2085","key":"pr","value":3.1,"estimate":"q50","season":"SON"},{"bfs_id":12,"rcp":"RCP2.6","period":"2085","key":"pr","value":3,"estimate":"q95","season":"DJF"},{"bfs_id":12,"rcp":"RCP2.6","period":"2085","key":"pr","value":4,"estimate":"q95","season":"MAM"},{"bfs_id":12,"rcp":"RCP2.6","period":"2085","key":"pr","value":5,"estimate":"q95","season":"JJA"},{"bfs_id":12,"rcp":"RCP2.6","period":"2085","key":"pr","value":3.6,"estimate":"q95","season":"SON"},{"bfs_id":12,"rcp":"RCP8.5","period":"2035","key":"pr","value":2.4,"estimate":"q5","season":"DJF"},{"bfs_id":12,"rcp":"RCP8.5","period":"2035","key":"pr","value":3.3,"estimate":"q5","season":"MAM"},{"bfs_id":12,"rcp":"RCP8.5","period":"2035","key":"pr","value":3.9,"estimate":"q5","season":"JJA"},{"bfs_id":12,"rcp":"RCP8.5","period":"2035","key":"pr","value":2.8,"estimate":"q5","season":"SON"},{"bfs_id":12,"rcp":"RCP8.5","period":"2035","key":"pr","value":2.8,"estimate":"q50","season":"DJF"},{"bfs_id":12,"rcp":"RCP8.5","period":"2035","key":"pr","value":3.8,"estimate":"q50","season":"MAM"},{"bfs_id":12,"rcp":"RCP8.5","period":"2035","key":"pr","value":4.6,"estimate":"q50","season":"JJA"},{"bfs_id":12,"rcp":"RCP8.5","period":"2035","key":"pr","value":3.2,"estimate":"q50","season":"SON"},{"bfs_id":12,"rcp":"RCP8.5","period":"2035","key":"pr","value":3,"estimate":"q95","season":"DJF"},{"bfs_id":12,"rcp":"RCP8.5","period":"2035","key":"pr","value":4.1,"estimate":"q95","season":"MAM"},{"bfs_id":12,"rcp":"RCP8.5","period":"2035","key":"pr","value":5.2,"estimate":"q95","season":"JJA"},{"bfs_id":12,"rcp":"RCP8.5","period":"2035","key":"pr","value":3.7,"estimate":"q95","season":"SON"},{"bfs_id":12,"rcp":"RCP8.5","period":"2060","key":"pr","value":2.5,"estimate":"q5","season":"DJF"},{"bfs_id":12,"rcp":"RCP8.5","period":"2060","key":"pr","value":3.6,"estimate":"q5","season":"MAM"},{"bfs_id":12,"rcp":"RCP8.5","period":"2060","key":"pr","value":3.2,"estimate":"q5","season":"JJA"},{"bfs_id":12,"rcp":"RCP8.5","period":"2060","key":"pr","value":2.8,"estimate":"q5","season":"SON"},{"bfs_id":12,"rcp":"RCP8.5","period":"2060","key":"pr","value":2.8,"estimate":"q50","season":"DJF"},{"bfs_id":12,"rcp":"RCP8.5","period":"2060","key":"pr","value":3.9,"estimate":"q50","season":"MAM"},{"bfs_id":12,"rcp":"RCP8.5","period":"2060","key":"pr","value":4.5,"estimate":"q50","season":"JJA"},{"bfs_id":12,"rcp":"RCP8.5","period":"2060","key":"pr","value":3.1,"estimate":"q50","season":"SON"},{"bfs_id":12,"rcp":"RCP8.5","period":"2060","key":"pr","value":3.1,"estimate":"q95","season":"DJF"},{"bfs_id":12,"rcp":"RCP8.5","period":"2060","key":"pr","value":4.4,"estimate":"q95","season":"MAM"},{"bfs_id":12,"rcp":"RCP8.5","period":"2060","key":"pr","value":4.9,"estimate":"q95","season":"JJA"},{"bfs_id":12,"rcp":"RCP8.5","period":"2060","key":"pr","value":3.6,"estimate":"q95","season":"SON"},{"bfs_id":12,"rcp":"RCP8.5","period":"2085","key":"pr","value":2.8,"estimate":"q5","season":"DJF"},{"bfs_id":12,"rcp":"RCP8.5","period":"2085","key":"pr","value":3.7,"estimate":"q5","season":"MAM"},{"bfs_id":12,"rcp":"RCP8.5","period":"2085","key":"pr","value":3,"estimate":"q5","season":"JJA"},{"bfs_id":12,"rcp":"RCP8.5","period":"2085","key":"pr","value":2.5,"estimate":"q5","season":"SON"},{"bfs_id":12,"rcp":"RCP8.5","period":"2085","key":"pr","value":3,"estimate":"q50","season":"DJF"},{"bfs_id":12,"rcp":"RCP8.5","period":"2085","key":"pr","value":4,"estimate":"q50","season":"MAM"},{"bfs_id":12,"rcp":"RCP8.5","period":"2085","key":"pr","value":3.9,"estimate":"q50","season":"JJA"},{"bfs_id":12,"rcp":"RCP8.5","period":"2085","key":"pr","value":3.1,"estimate":"q50","season":"SON"},{"bfs_id":12,"rcp":"RCP8.5","period":"2085","key":"pr","value":3.4,"estimate":"q95","season":"DJF"},{"bfs_id":12,"rcp":"RCP8.5","period":"2085","key":"pr","value":4.4,"estimate":"q95","season":"MAM"},{"bfs_id":12,"rcp":"RCP8.5","period":"2085","key":"pr","value":4.4,"estimate":"q95","season":"JJA"},{"bfs_id":12,"rcp":"RCP8.5","period":"2085","key":"pr","value":3.7,"estimate":"q95","season":"SON"},{"bfs_id":12,"rcp":"RCP2.6","period":"2035","key":"tas","value":1.3,"estimate":"q5","season":"DJF"},{"bfs_id":12,"rcp":"RCP2.6","period":"2035","key":"tas","value":8.8,"estimate":"q5","season":"MAM"},{"bfs_id":12,"rcp":"RCP2.6","period":"2035","key":"tas","value":17.9,"estimate":"q5","season":"JJA"},{"bfs_id":12,"rcp":"RCP2.6","period":"2035","key":"tas","value":9.8,"estimate":"q5","season":"SON"},{"bfs_id":12,"rcp":"RCP2.6","period":"2035","key":"tas","value":1.9,"estimate":"q50","season":"DJF"},{"bfs_id":12,"rcp":"RCP2.6","period":"2035","key":"tas","value":9.4,"estimate":"q50","season":"MAM"},{"bfs_id":12,"rcp":"RCP2.6","period":"2035","key":"tas","value":18.5,"estimate":"q50","season":"JJA"},{"bfs_id":12,"rcp":"RCP2.6","period":"2035","key":"tas","value":10.2,"estimate":"q50","season":"SON"},{"bfs_id":12,"rcp":"RCP2.6","period":"2035","key":"tas","value":2.7,"estimate":"q95","season":"DJF"},{"bfs_id":12,"rcp":"RCP2.6","period":"2035","key":"tas","value":9.7,"estimate":"q95","season":"MAM"},{"bfs_id":12,"rcp":"RCP2.6","period":"2035","key":"tas","value":19.1,"estimate":"q95","season":"JJA"},{"bfs_id":12,"rcp":"RCP2.6","period":"2035","key":"tas","value":11.1,"estimate":"q95","season":"SON"},{"bfs_id":12,"rcp":"RCP2.6","period":"2060","key":"tas","value":1.3,"estimate":"q5","season":"DJF"},{"bfs_id":12,"rcp":"RCP2.6","period":"2060","key":"tas","value":8.7,"estimate":"q5","season":"MAM"},{"bfs_id":12,"rcp":"RCP2.6","period":"2060","key":"tas","value":18.2,"estimate":"q5","season":"JJA"},{"bfs_id":12,"rcp":"RCP2.6","period":"2060","key":"tas","value":10.1,"estimate":"q5","season":"SON"},{"bfs_id":12,"rcp":"RCP2.6","period":"2060","key":"tas","value":2.2,"estimate":"q50","season":"DJF"},{"bfs_id":12,"rcp":"RCP2.6","period":"2060","key":"tas","value":9.4,"estimate":"q50","season":"MAM"},{"bfs_id":12,"rcp":"RCP2.6","period":"2060","key":"tas","value":18.6,"estimate":"q50","season":"JJA"},{"bfs_id":12,"rcp":"RCP2.6","period":"2060","key":"tas","value":10.4,"estimate":"q50","season":"SON"},{"bfs_id":12,"rcp":"RCP2.6","period":"2060","key":"tas","value":2.8,"estimate":"q95","season":"DJF"},{"bfs_id":12,"rcp":"RCP2.6","period":"2060","key":"tas","value":9.9,"estimate":"q95","season":"MAM"},{"bfs_id":12,"rcp":"RCP2.6","period":"2060","key":"tas","value":19.2,"estimate":"q95","season":"JJA"},{"bfs_id":12,"rcp":"RCP2.6","period":"2060","key":"tas","value":11.4,"estimate":"q95","season":"SON"},{"bfs_id":12,"rcp":"RCP2.6","period":"2085","key":"tas","value":1.4,"estimate":"q5","season":"DJF"},{"bfs_id":12,"rcp":"RCP2.6","period":"2085","key":"tas","value":8.8,"estimate":"q5","season":"MAM"},{"bfs_id":12,"rcp":"RCP2.6","period":"2085","key":"tas","value":18.1,"estimate":"q5","season":"JJA"},{"bfs_id":12,"rcp":"RCP2.6","period":"2085","key":"tas","value":9.9,"estimate":"q5","season":"SON"},{"bfs_id":12,"rcp":"RCP2.6","period":"2085","key":"tas","value":2.1,"estimate":"q50","season":"DJF"},{"bfs_id":12,"rcp":"RCP2.6","period":"2085","key":"tas","value":9.5,"estimate":"q50","season":"MAM"},{"bfs_id":12,"rcp":"RCP2.6","period":"2085","key":"tas","value":18.5,"estimate":"q50","season":"JJA"},{"bfs_id":12,"rcp":"RCP2.6","period":"2085","key":"tas","value":10.4,"estimate":"q50","season":"SON"},{"bfs_id":12,"rcp":"RCP2.6","period":"2085","key":"tas","value":2.8,"estimate":"q95","season":"DJF"},{"bfs_id":12,"rcp":"RCP2.6","period":"2085","key":"tas","value":10,"estimate":"q95","season":"MAM"},{"bfs_id":12,"rcp":"RCP2.6","period":"2085","key":"tas","value":19.1,"estimate":"q95","season":"JJA"},{"bfs_id":12,"rcp":"RCP2.6","period":"2085","key":"tas","value":11.4,"estimate":"q95","season":"SON"},{"bfs_id":12,"rcp":"RCP8.5","period":"2035","key":"tas","value":1.2,"estimate":"q5","season":"DJF"},{"bfs_id":12,"rcp":"RCP8.5","period":"2035","key":"tas","value":9,"estimate":"q5","season":"MAM"},{"bfs_id":12,"rcp":"RCP8.5","period":"2035","key":"tas","value":18.3,"estimate":"q5","season":"JJA"},{"bfs_id":12,"rcp":"RCP8.5","period":"2035","key":"tas","value":10.1,"estimate":"q5","season":"SON"},{"bfs_id":12,"rcp":"RCP8.5","period":"2035","key":"tas","value":2.2,"estimate":"q50","season":"DJF"},{"bfs_id":12,"rcp":"RCP8.5","period":"2035","key":"tas","value":9.4,"estimate":"q50","season":"MAM"},{"bfs_id":12,"rcp":"RCP8.5","period":"2035","key":"tas","value":18.7,"estimate":"q50","season":"JJA"},{"bfs_id":12,"rcp":"RCP8.5","period":"2035","key":"tas","value":10.6,"estimate":"q50","season":"SON"},{"bfs_id":12,"rcp":"RCP8.5","period":"2035","key":"tas","value":2.6,"estimate":"q95","season":"DJF"},{"bfs_id":12,"rcp":"RCP8.5","period":"2035","key":"tas","value":9.8,"estimate":"q95","season":"MAM"},{"bfs_id":12,"rcp":"RCP8.5","period":"2035","key":"tas","value":19.4,"estimate":"q95","season":"JJA"},{"bfs_id":12,"rcp":"RCP8.5","period":"2035","key":"tas","value":11.4,"estimate":"q95","season":"SON"},{"bfs_id":12,"rcp":"RCP8.5","period":"2060","key":"tas","value":2.6,"estimate":"q5","season":"DJF"},{"bfs_id":12,"rcp":"RCP8.5","period":"2060","key":"tas","value":9.8,"estimate":"q5","season":"MAM"},{"bfs_id":12,"rcp":"RCP8.5","period":"2060","key":"tas","value":19.4,"estimate":"q5","season":"JJA"},{"bfs_id":12,"rcp":"RCP8.5","period":"2060","key":"tas","value":11.2,"estimate":"q5","season":"SON"},{"bfs_id":12,"rcp":"RCP8.5","period":"2060","key":"tas","value":3,"estimate":"q50","season":"DJF"},{"bfs_id":12,"rcp":"RCP8.5","period":"2060","key":"tas","value":10.3,"estimate":"q50","season":"MAM"},{"bfs_id":12,"rcp":"RCP8.5","period":"2060","key":"tas","value":20,"estimate":"q50","season":"JJA"},{"bfs_id":12,"rcp":"RCP8.5","period":"2060","key":"tas","value":11.8,"estimate":"q50","season":"SON"},{"bfs_id":12,"rcp":"RCP8.5","period":"2060","key":"tas","value":3.7,"estimate":"q95","season":"DJF"},{"bfs_id":12,"rcp":"RCP8.5","period":"2060","key":"tas","value":10.9,"estimate":"q95","season":"MAM"},{"bfs_id":12,"rcp":"RCP8.5","period":"2060","key":"tas","value":21.2,"estimate":"q95","season":"JJA"},{"bfs_id":12,"rcp":"RCP8.5","period":"2060","key":"tas","value":12.7,"estimate":"q95","season":"SON"},{"bfs_id":12,"rcp":"RCP8.5","period":"2085","key":"tas","value":3.8,"estimate":"q5","season":"DJF"},{"bfs_id":12,"rcp":"RCP8.5","period":"2085","key":"tas","value":10.9,"estimate":"q5","season":"MAM"},{"bfs_id":12,"rcp":"RCP8.5","period":"2085","key":"tas","value":20.8,"estimate":"q5","season":"JJA"},{"bfs_id":12,"rcp":"RCP8.5","period":"2085","key":"tas","value":12.2,"estimate":"q5","season":"SON"},{"bfs_id":12,"rcp":"RCP8.5","period":"2085","key":"tas","value":4.8,"estimate":"q50","season":"DJF"},{"bfs_id":12,"rcp":"RCP8.5","period":"2085","key":"tas","value":11.8,"estimate":"q50","season":"MAM"},{"bfs_id":12,"rcp":"RCP8.5","period":"2085","key":"tas","value":21.6,"estimate":"q50","season":"JJA"},{"bfs_id":12,"rcp":"RCP8.5","period":"2085","key":"tas","value":13.2,"estimate":"q50","season":"SON"},{"bfs_id":12,"rcp":"RCP8.5","period":"2085","key":"tas","value":5.6,"estimate":"q95","season":"DJF"},{"bfs_id":12,"rcp":"RCP8.5","period":"2085","key":"tas","value":12.7,"estimate":"q95","season":"MAM"},{"bfs_id":12,"rcp":"RCP8.5","period":"2085","key":"tas","value":23.9,"estimate":"q95","season":"JJA"},{"bfs_id":12,"rcp":"RCP8.5","period":"2085","key":"tas","value":14.9,"estimate":"q95","season":"SON"},{"bfs_id":12,"rcp":"obs","period":"1981-2010","key":"FD","value":88.5,"estimate":"yearly_mean"},{"bfs_id":12,"rcp":"obs","period":"1981-2010","key":"HD","value":4.8,"estimate":"yearly_mean"},{"bfs_id":12,"rcp":"obs","period":"1981-2010","key":"ID","value":26.1,"estimate":"yearly_mean"},{"bfs_id":12,"rcp":"obs","period":"1981-2010","key":"SD","value":36.5,"estimate":"yearly_mean"},{"bfs_id":12,"rcp":"obs","period":"1981-2010","key":"snowdays","value":22.8,"estimate":"yearly_mean"},{"bfs_id":12,"rcp":"obs","period":"1981-2010","key":"TN","value":0,"estimate":"yearly_mean"},{"bfs_id":12,"rcp":"obs","period":"1981-2010","key":"pr","value":2.3,"estimate":"mean","season":"DJF"},{"bfs_id":12,"rcp":"obs","period":"1981-2010","key":"pr","value":3.5,"estimate":"mean","season":"MAM"},{"bfs_id":12,"rcp":"obs","period":"1981-2010","key":"pr","value":5,"estimate":"mean","season":"JJA"},{"bfs_id":12,"rcp":"obs","period":"1981-2010","key":"pr","value":3.1,"estimate":"mean","season":"SON"},{"bfs_id":12,"rcp":"obs","period":"1981-2010","key":"tas","value":0.7,"estimate":"mean","season":"DJF"},{"bfs_id":12,"rcp":"obs","period":"1981-2010","key":"tas","value":8.7,"estimate":"mean","season":"MAM"},{"bfs_id":12,"rcp":"obs","period":"1981-2010","key":"tas","value":17.3,"estimate":"mean","season":"JJA"},{"bfs_id":12,"rcp":"obs","period":"1981-2010","key":"tas","value":9.2,"estimate":"mean","season":"SON"}]
