[{"bfs_id":762,"rcp":"RCP2.6","period":"2035","key":"FD","value":90.6,"estimate":"q5"},{"bfs_id":762,"rcp":"RCP2.6","period":"2035","key":"FD","value":102.2,"estimate":"q50"},{"bfs_id":762,"rcp":"RCP2.6","period":"2035","key":"FD","value":109.6,"estimate":"q95"},{"bfs_id":762,"rcp":"RCP2.6","period":"2060","key":"FD","value":85.8,"estimate":"q5"},{"bfs_id":762,"rcp":"RCP2.6","period":"2060","key":"FD","value":96.9,"estimate":"q50"},{"bfs_id":762,"rcp":"RCP2.6","period":"2060","key":"FD","value":108.1,"estimate":"q95"},{"bfs_id":762,"rcp":"RCP2.6","period":"2085","key":"FD","value":84.2,"estimate":"q5"},{"bfs_id":762,"rcp":"RCP2.6","period":"2085","key":"FD","value":99.4,"estimate":"q50"},{"bfs_id":762,"rcp":"RCP2.6","period":"2085","key":"FD","value":109.3,"estimate":"q95"},{"bfs_id":762,"rcp":"RCP8.5","period":"2035","key":"FD","value":89.7,"estimate":"q5"},{"bfs_id":762,"rcp":"RCP8.5","period":"2035","key":"FD","value":97.8,"estimate":"q50"},{"bfs_id":762,"rcp":"RCP8.5","period":"2035","key":"FD","value":106,"estimate":"q95"},{"bfs_id":762,"rcp":"RCP8.5","period":"2060","key":"FD","value":70.1,"estimate":"q5"},{"bfs_id":762,"rcp":"RCP8.5","period":"2060","key":"FD","value":79.4,"estimate":"q50"},{"bfs_id":762,"rcp":"RCP8.5","period":"2060","key":"FD","value":89.1,"estimate":"q95"},{"bfs_id":762,"rcp":"RCP8.5","period":"2085","key":"FD","value":47.5,"estimate":"q5"},{"bfs_id":762,"rcp":"RCP8.5","period":"2085","key":"FD","value":59,"estimate":"q50"},{"bfs_id":762,"rcp":"RCP8.5","period":"2085","key":"FD","value":70.5,"estimate":"q95"},{"bfs_id":762,"rcp":"RCP2.6","period":"2035","key":"HD","value":1.5,"estimate":"q5"},{"bfs_id":762,"rcp":"RCP2.6","period":"2035","key":"HD","value":2.4,"estimate":"q50"},{"bfs_id":762,"rcp":"RCP2.6","period":"2035","key":"HD","value":4.3,"estimate":"q95"},{"bfs_id":762,"rcp":"RCP2.6","period":"2060","key":"HD","value":1.7,"estimate":"q5"},{"bfs_id":762,"rcp":"RCP2.6","period":"2060","key":"HD","value":2.8,"estimate":"q50"},{"bfs_id":762,"rcp":"RCP2.6","period":"2060","key":"HD","value":6.4,"estimate":"q95"},{"bfs_id":762,"rcp":"RCP2.6","period":"2085","key":"HD","value":1.9,"estimate":"q5"},{"bfs_id":762,"rcp":"RCP2.6","period":"2085","key":"HD","value":2.7,"estimate":"q50"},{"bfs_id":762,"rcp":"RCP2.6","period":"2085","key":"HD","value":5.9,"estimate":"q95"},{"bfs_id":762,"rcp":"RCP8.5","period":"2035","key":"HD","value":1.9,"estimate":"q5"},{"bfs_id":762,"rcp":"RCP8.5","period":"2035","key":"HD","value":3,"estimate":"q50"},{"bfs_id":762,"rcp":"RCP8.5","period":"2035","key":"HD","value":9,"estimate":"q95"},{"bfs_id":762,"rcp":"RCP8.5","period":"2060","key":"HD","value":4.4,"estimate":"q5"},{"bfs_id":762,"rcp":"RCP8.5","period":"2060","key":"HD","value":8.4,"estimate":"q50"},{"bfs_id":762,"rcp":"RCP8.5","period":"2060","key":"HD","value":19.6,"estimate":"q95"},{"bfs_id":762,"rcp":"RCP8.5","period":"2085","key":"HD","value":10.4,"estimate":"q5"},{"bfs_id":762,"rcp":"RCP8.5","period":"2085","key":"HD","value":16.4,"estimate":"q50"},{"bfs_id":762,"rcp":"RCP8.5","period":"2085","key":"HD","value":45.2,"estimate":"q95"},{"bfs_id":762,"rcp":"RCP2.6","period":"2035","key":"ID","value":17.8,"estimate":"q5"},{"bfs_id":762,"rcp":"RCP2.6","period":"2035","key":"ID","value":20.9,"estimate":"q50"},{"bfs_id":762,"rcp":"RCP2.6","period":"2035","key":"ID","value":25.3,"estimate":"q95"},{"bfs_id":762,"rcp":"RCP2.6","period":"2060","key":"ID","value":17.2,"estimate":"q5"},{"bfs_id":762,"rcp":"RCP2.6","period":"2060","key":"ID","value":19.7,"estimate":"q50"},{"bfs_id":762,"rcp":"RCP2.6","period":"2060","key":"ID","value":23.9,"estimate":"q95"},{"bfs_id":762,"rcp":"RCP2.6","period":"2085","key":"ID","value":15.7,"estimate":"q5"},{"bfs_id":762,"rcp":"RCP2.6","period":"2085","key":"ID","value":20.2,"estimate":"q50"},{"bfs_id":762,"rcp":"RCP2.6","period":"2085","key":"ID","value":24.7,"estimate":"q95"},{"bfs_id":762,"rcp":"RCP8.5","period":"2035","key":"ID","value":16.2,"estimate":"q5"},{"bfs_id":762,"rcp":"RCP8.5","period":"2035","key":"ID","value":20.1,"estimate":"q50"},{"bfs_id":762,"rcp":"RCP8.5","period":"2035","key":"ID","value":24.6,"estimate":"q95"},{"bfs_id":762,"rcp":"RCP8.5","period":"2060","key":"ID","value":11.4,"estimate":"q5"},{"bfs_id":762,"rcp":"RCP8.5","period":"2060","key":"ID","value":15,"estimate":"q50"},{"bfs_id":762,"rcp":"RCP8.5","period":"2060","key":"ID","value":17.3,"estimate":"q95"},{"bfs_id":762,"rcp":"RCP8.5","period":"2085","key":"ID","value":4.7,"estimate":"q5"},{"bfs_id":762,"rcp":"RCP8.5","period":"2085","key":"ID","value":7.5,"estimate":"q50"},{"bfs_id":762,"rcp":"RCP8.5","period":"2085","key":"ID","value":12,"estimate":"q95"},{"bfs_id":762,"rcp":"RCP2.6","period":"2035","key":"SD","value":24.8,"estimate":"q5"},{"bfs_id":762,"rcp":"RCP2.6","period":"2035","key":"SD","value":30,"estimate":"q50"},{"bfs_id":762,"rcp":"RCP2.6","period":"2035","key":"SD","value":37.5,"estimate":"q95"},{"bfs_id":762,"rcp":"RCP2.6","period":"2060","key":"SD","value":25.8,"estimate":"q5"},{"bfs_id":762,"rcp":"RCP2.6","period":"2060","key":"SD","value":30.1,"estimate":"q50"},{"bfs_id":762,"rcp":"RCP2.6","period":"2060","key":"SD","value":39.5,"estimate":"q95"},{"bfs_id":762,"rcp":"RCP2.6","period":"2085","key":"SD","value":25,"estimate":"q5"},{"bfs_id":762,"rcp":"RCP2.6","period":"2085","key":"SD","value":31.1,"estimate":"q50"},{"bfs_id":762,"rcp":"RCP2.6","period":"2085","key":"SD","value":38.8,"estimate":"q95"},{"bfs_id":762,"rcp":"RCP8.5","period":"2035","key":"SD","value":26.6,"estimate":"q5"},{"bfs_id":762,"rcp":"RCP8.5","period":"2035","key":"SD","value":33,"estimate":"q50"},{"bfs_id":762,"rcp":"RCP8.5","period":"2035","key":"SD","value":39.2,"estimate":"q95"},{"bfs_id":762,"rcp":"RCP8.5","period":"2060","key":"SD","value":37.4,"estimate":"q5"},{"bfs_id":762,"rcp":"RCP8.5","period":"2060","key":"SD","value":47.2,"estimate":"q50"},{"bfs_id":762,"rcp":"RCP8.5","period":"2060","key":"SD","value":65.2,"estimate":"q95"},{"bfs_id":762,"rcp":"RCP8.5","period":"2085","key":"SD","value":57.6,"estimate":"q5"},{"bfs_id":762,"rcp":"RCP8.5","period":"2085","key":"SD","value":66.2,"estimate":"q50"},{"bfs_id":762,"rcp":"RCP8.5","period":"2085","key":"SD","value":91.5,"estimate":"q95"},{"bfs_id":762,"rcp":"RCP2.6","period":"2035","key":"snowdays","value":20.2,"estimate":"q5"},{"bfs_id":762,"rcp":"RCP2.6","period":"2035","key":"snowdays","value":26.9,"estimate":"q50"},{"bfs_id":762,"rcp":"RCP2.6","period":"2035","key":"snowdays","value":34.3,"estimate":"q95"},{"bfs_id":762,"rcp":"RCP2.6","period":"2060","key":"snowdays","value":19.8,"estimate":"q5"},{"bfs_id":762,"rcp":"RCP2.6","period":"2060","key":"snowdays","value":25.2,"estimate":"q50"},{"bfs_id":762,"rcp":"RCP2.6","period":"2060","key":"snowdays","value":35.6,"estimate":"q95"},{"bfs_id":762,"rcp":"RCP2.6","period":"2085","key":"snowdays","value":19.1,"estimate":"q5"},{"bfs_id":762,"rcp":"RCP2.6","period":"2085","key":"snowdays","value":25.7,"estimate":"q50"},{"bfs_id":762,"rcp":"RCP2.6","period":"2085","key":"snowdays","value":34.9,"estimate":"q95"},{"bfs_id":762,"rcp":"RCP8.5","period":"2035","key":"snowdays","value":18.3,"estimate":"q5"},{"bfs_id":762,"rcp":"RCP8.5","period":"2035","key":"snowdays","value":25.9,"estimate":"q50"},{"bfs_id":762,"rcp":"RCP8.5","period":"2035","key":"snowdays","value":34.4,"estimate":"q95"},{"bfs_id":762,"rcp":"RCP8.5","period":"2060","key":"snowdays","value":14.7,"estimate":"q5"},{"bfs_id":762,"rcp":"RCP8.5","period":"2060","key":"snowdays","value":21.7,"estimate":"q50"},{"bfs_id":762,"rcp":"RCP8.5","period":"2060","key":"snowdays","value":26.3,"estimate":"q95"},{"bfs_id":762,"rcp":"RCP8.5","period":"2085","key":"snowdays","value":8.7,"estimate":"q5"},{"bfs_id":762,"rcp":"RCP8.5","period":"2085","key":"snowdays","value":15.1,"estimate":"q50"},{"bfs_id":762,"rcp":"RCP8.5","period":"2085","key":"snowdays","value":20.8,"estimate":"q95"},{"bfs_id":762,"rcp":"RCP2.6","period":"2035","key":"TN","value":0,"estimate":"q5"},{"bfs_id":762,"rcp":"RCP2.6","period":"2035","key":"TN","value":0.1,"estimate":"q50"},{"bfs_id":762,"rcp":"RCP2.6","period":"2035","key":"TN","value":0.3,"estimate":"q95"},{"bfs_id":762,"rcp":"RCP2.6","period":"2060","key":"TN","value":0,"estimate":"q5"},{"bfs_id":762,"rcp":"RCP2.6","period":"2060","key":"TN","value":0.1,"estimate":"q50"},{"bfs_id":762,"rcp":"RCP2.6","period":"2060","key":"TN","value":0.4,"estimate":"q95"},{"bfs_id":762,"rcp":"RCP2.6","period":"2085","key":"TN","value":0,"estimate":"q5"},{"bfs_id":762,"rcp":"RCP2.6","period":"2085","key":"TN","value":0.1,"estimate":"q50"},{"bfs_id":762,"rcp":"RCP2.6","period":"2085","key":"TN","value":0.4,"estimate":"q95"},{"bfs_id":762,"rcp":"RCP8.5","period":"2035","key":"TN","value":0,"estimate":"q5"},{"bfs_id":762,"rcp":"RCP8.5","period":"2035","key":"TN","value":0.1,"estimate":"q50"},{"bfs_id":762,"rcp":"RCP8.5","period":"2035","key":"TN","value":1.1,"estimate":"q95"},{"bfs_id":762,"rcp":"RCP8.5","period":"2060","key":"TN","value":0.2,"estimate":"q5"},{"bfs_id":762,"rcp":"RCP8.5","period":"2060","key":"TN","value":0.8,"estimate":"q50"},{"bfs_id":762,"rcp":"RCP8.5","period":"2060","key":"TN","value":3.5,"estimate":"q95"},{"bfs_id":762,"rcp":"RCP8.5","period":"2085","key":"TN","value":1.6,"estimate":"q5"},{"bfs_id":762,"rcp":"RCP8.5","period":"2085","key":"TN","value":5.2,"estimate":"q50"},{"bfs_id":762,"rcp":"RCP8.5","period":"2085","key":"TN","value":16.3,"estimate":"q95"},{"bfs_id":762,"rcp":"RCP2.6","period":"2035","key":"pr","value":2.6,"estimate":"q5","season":"DJF"},{"bfs_id":762,"rcp":"RCP2.6","period":"2035","key":"pr","value":3.1,"estimate":"q5","season":"MAM"},{"bfs_id":762,"rcp":"RCP2.6","period":"2035","key":"pr","value":3.3,"estimate":"q5","season":"JJA"},{"bfs_id":762,"rcp":"RCP2.6","period":"2035","key":"pr","value":2.6,"estimate":"q5","season":"SON"},{"bfs_id":762,"rcp":"RCP2.6","period":"2035","key":"pr","value":3.1,"estimate":"q50","season":"DJF"},{"bfs_id":762,"rcp":"RCP2.6","period":"2035","key":"pr","value":3.4,"estimate":"q50","season":"MAM"},{"bfs_id":762,"rcp":"RCP2.6","period":"2035","key":"pr","value":4.1,"estimate":"q50","season":"JJA"},{"bfs_id":762,"rcp":"RCP2.6","period":"2035","key":"pr","value":3,"estimate":"q50","season":"SON"},{"bfs_id":762,"rcp":"RCP2.6","period":"2035","key":"pr","value":3.6,"estimate":"q95","season":"DJF"},{"bfs_id":762,"rcp":"RCP2.6","period":"2035","key":"pr","value":3.8,"estimate":"q95","season":"MAM"},{"bfs_id":762,"rcp":"RCP2.6","period":"2035","key":"pr","value":4.5,"estimate":"q95","season":"JJA"},{"bfs_id":762,"rcp":"RCP2.6","period":"2035","key":"pr","value":3.6,"estimate":"q95","season":"SON"},{"bfs_id":762,"rcp":"RCP2.6","period":"2060","key":"pr","value":2.8,"estimate":"q5","season":"DJF"},{"bfs_id":762,"rcp":"RCP2.6","period":"2060","key":"pr","value":3.2,"estimate":"q5","season":"MAM"},{"bfs_id":762,"rcp":"RCP2.6","period":"2060","key":"pr","value":3.4,"estimate":"q5","season":"JJA"},{"bfs_id":762,"rcp":"RCP2.6","period":"2060","key":"pr","value":2.7,"estimate":"q5","season":"SON"},{"bfs_id":762,"rcp":"RCP2.6","period":"2060","key":"pr","value":3.2,"estimate":"q50","season":"DJF"},{"bfs_id":762,"rcp":"RCP2.6","period":"2060","key":"pr","value":3.4,"estimate":"q50","season":"MAM"},{"bfs_id":762,"rcp":"RCP2.6","period":"2060","key":"pr","value":4.1,"estimate":"q50","season":"JJA"},{"bfs_id":762,"rcp":"RCP2.6","period":"2060","key":"pr","value":3,"estimate":"q50","season":"SON"},{"bfs_id":762,"rcp":"RCP2.6","period":"2060","key":"pr","value":3.5,"estimate":"q95","season":"DJF"},{"bfs_id":762,"rcp":"RCP2.6","period":"2060","key":"pr","value":3.8,"estimate":"q95","season":"MAM"},{"bfs_id":762,"rcp":"RCP2.6","period":"2060","key":"pr","value":4.6,"estimate":"q95","season":"JJA"},{"bfs_id":762,"rcp":"RCP2.6","period":"2060","key":"pr","value":3.3,"estimate":"q95","season":"SON"},{"bfs_id":762,"rcp":"RCP2.6","period":"2085","key":"pr","value":2.9,"estimate":"q5","season":"DJF"},{"bfs_id":762,"rcp":"RCP2.6","period":"2085","key":"pr","value":3.1,"estimate":"q5","season":"MAM"},{"bfs_id":762,"rcp":"RCP2.6","period":"2085","key":"pr","value":3.4,"estimate":"q5","season":"JJA"},{"bfs_id":762,"rcp":"RCP2.6","period":"2085","key":"pr","value":2.7,"estimate":"q5","season":"SON"},{"bfs_id":762,"rcp":"RCP2.6","period":"2085","key":"pr","value":3.1,"estimate":"q50","season":"DJF"},{"bfs_id":762,"rcp":"RCP2.6","period":"2085","key":"pr","value":3.4,"estimate":"q50","season":"MAM"},{"bfs_id":762,"rcp":"RCP2.6","period":"2085","key":"pr","value":4.2,"estimate":"q50","season":"JJA"},{"bfs_id":762,"rcp":"RCP2.6","period":"2085","key":"pr","value":3,"estimate":"q50","season":"SON"},{"bfs_id":762,"rcp":"RCP2.6","period":"2085","key":"pr","value":3.6,"estimate":"q95","season":"DJF"},{"bfs_id":762,"rcp":"RCP2.6","period":"2085","key":"pr","value":3.7,"estimate":"q95","season":"MAM"},{"bfs_id":762,"rcp":"RCP2.6","period":"2085","key":"pr","value":4.5,"estimate":"q95","season":"JJA"},{"bfs_id":762,"rcp":"RCP2.6","period":"2085","key":"pr","value":3.5,"estimate":"q95","season":"SON"},{"bfs_id":762,"rcp":"RCP8.5","period":"2035","key":"pr","value":2.9,"estimate":"q5","season":"DJF"},{"bfs_id":762,"rcp":"RCP8.5","period":"2035","key":"pr","value":3.2,"estimate":"q5","season":"MAM"},{"bfs_id":762,"rcp":"RCP8.5","period":"2035","key":"pr","value":3.5,"estimate":"q5","season":"JJA"},{"bfs_id":762,"rcp":"RCP8.5","period":"2035","key":"pr","value":2.7,"estimate":"q5","season":"SON"},{"bfs_id":762,"rcp":"RCP8.5","period":"2035","key":"pr","value":3.3,"estimate":"q50","season":"DJF"},{"bfs_id":762,"rcp":"RCP8.5","period":"2035","key":"pr","value":3.5,"estimate":"q50","season":"MAM"},{"bfs_id":762,"rcp":"RCP8.5","period":"2035","key":"pr","value":4.2,"estimate":"q50","season":"JJA"},{"bfs_id":762,"rcp":"RCP8.5","period":"2035","key":"pr","value":3,"estimate":"q50","season":"SON"},{"bfs_id":762,"rcp":"RCP8.5","period":"2035","key":"pr","value":3.6,"estimate":"q95","season":"DJF"},{"bfs_id":762,"rcp":"RCP8.5","period":"2035","key":"pr","value":3.8,"estimate":"q95","season":"MAM"},{"bfs_id":762,"rcp":"RCP8.5","period":"2035","key":"pr","value":4.6,"estimate":"q95","season":"JJA"},{"bfs_id":762,"rcp":"RCP8.5","period":"2035","key":"pr","value":3.6,"estimate":"q95","season":"SON"},{"bfs_id":762,"rcp":"RCP8.5","period":"2060","key":"pr","value":3,"estimate":"q5","season":"DJF"},{"bfs_id":762,"rcp":"RCP8.5","period":"2060","key":"pr","value":3.2,"estimate":"q5","season":"MAM"},{"bfs_id":762,"rcp":"RCP8.5","period":"2060","key":"pr","value":3,"estimate":"q5","season":"JJA"},{"bfs_id":762,"rcp":"RCP8.5","period":"2060","key":"pr","value":2.6,"estimate":"q5","season":"SON"},{"bfs_id":762,"rcp":"RCP8.5","period":"2060","key":"pr","value":3.2,"estimate":"q50","season":"DJF"},{"bfs_id":762,"rcp":"RCP8.5","period":"2060","key":"pr","value":3.6,"estimate":"q50","season":"MAM"},{"bfs_id":762,"rcp":"RCP8.5","period":"2060","key":"pr","value":4,"estimate":"q50","season":"JJA"},{"bfs_id":762,"rcp":"RCP8.5","period":"2060","key":"pr","value":3,"estimate":"q50","season":"SON"},{"bfs_id":762,"rcp":"RCP8.5","period":"2060","key":"pr","value":3.7,"estimate":"q95","season":"DJF"},{"bfs_id":762,"rcp":"RCP8.5","period":"2060","key":"pr","value":3.9,"estimate":"q95","season":"MAM"},{"bfs_id":762,"rcp":"RCP8.5","period":"2060","key":"pr","value":4.5,"estimate":"q95","season":"JJA"},{"bfs_id":762,"rcp":"RCP8.5","period":"2060","key":"pr","value":3.4,"estimate":"q95","season":"SON"},{"bfs_id":762,"rcp":"RCP8.5","period":"2085","key":"pr","value":3.1,"estimate":"q5","season":"DJF"},{"bfs_id":762,"rcp":"RCP8.5","period":"2085","key":"pr","value":3.3,"estimate":"q5","season":"MAM"},{"bfs_id":762,"rcp":"RCP8.5","period":"2085","key":"pr","value":2.4,"estimate":"q5","season":"JJA"},{"bfs_id":762,"rcp":"RCP8.5","period":"2085","key":"pr","value":2.4,"estimate":"q5","season":"SON"},{"bfs_id":762,"rcp":"RCP8.5","period":"2085","key":"pr","value":3.5,"estimate":"q50","season":"DJF"},{"bfs_id":762,"rcp":"RCP8.5","period":"2085","key":"pr","value":3.6,"estimate":"q50","season":"MAM"},{"bfs_id":762,"rcp":"RCP8.5","period":"2085","key":"pr","value":3.4,"estimate":"q50","season":"JJA"},{"bfs_id":762,"rcp":"RCP8.5","period":"2085","key":"pr","value":2.9,"estimate":"q50","season":"SON"},{"bfs_id":762,"rcp":"RCP8.5","period":"2085","key":"pr","value":3.9,"estimate":"q95","season":"DJF"},{"bfs_id":762,"rcp":"RCP8.5","period":"2085","key":"pr","value":4.1,"estimate":"q95","season":"MAM"},{"bfs_id":762,"rcp":"RCP8.5","period":"2085","key":"pr","value":4.1,"estimate":"q95","season":"JJA"},{"bfs_id":762,"rcp":"RCP8.5","period":"2085","key":"pr","value":3.4,"estimate":"q95","season":"SON"},{"bfs_id":762,"rcp":"RCP2.6","period":"2035","key":"tas","value":0,"estimate":"q5","season":"DJF"},{"bfs_id":762,"rcp":"RCP2.6","period":"2035","key":"tas","value":6.8,"estimate":"q5","season":"MAM"},{"bfs_id":762,"rcp":"RCP2.6","period":"2035","key":"tas","value":15.9,"estimate":"q5","season":"JJA"},{"bfs_id":762,"rcp":"RCP2.6","period":"2035","key":"tas","value":8.4,"estimate":"q5","season":"SON"},{"bfs_id":762,"rcp":"RCP2.6","period":"2035","key":"tas","value":0.5,"estimate":"q50","season":"DJF"},{"bfs_id":762,"rcp":"RCP2.6","period":"2035","key":"tas","value":7.5,"estimate":"q50","season":"MAM"},{"bfs_id":762,"rcp":"RCP2.6","period":"2035","key":"tas","value":16.8,"estimate":"q50","season":"JJA"},{"bfs_id":762,"rcp":"RCP2.6","period":"2035","key":"tas","value":8.8,"estimate":"q50","season":"SON"},{"bfs_id":762,"rcp":"RCP2.6","period":"2035","key":"tas","value":1.1,"estimate":"q95","season":"DJF"},{"bfs_id":762,"rcp":"RCP2.6","period":"2035","key":"tas","value":7.8,"estimate":"q95","season":"MAM"},{"bfs_id":762,"rcp":"RCP2.6","period":"2035","key":"tas","value":17.6,"estimate":"q95","season":"JJA"},{"bfs_id":762,"rcp":"RCP2.6","period":"2035","key":"tas","value":9.6,"estimate":"q95","season":"SON"},{"bfs_id":762,"rcp":"RCP2.6","period":"2060","key":"tas","value":-0,"estimate":"q5","season":"DJF"},{"bfs_id":762,"rcp":"RCP2.6","period":"2060","key":"tas","value":6.7,"estimate":"q5","season":"MAM"},{"bfs_id":762,"rcp":"RCP2.6","period":"2060","key":"tas","value":16.2,"estimate":"q5","season":"JJA"},{"bfs_id":762,"rcp":"RCP2.6","period":"2060","key":"tas","value":8.7,"estimate":"q5","season":"SON"},{"bfs_id":762,"rcp":"RCP2.6","period":"2060","key":"tas","value":0.9,"estimate":"q50","season":"DJF"},{"bfs_id":762,"rcp":"RCP2.6","period":"2060","key":"tas","value":7.4,"estimate":"q50","season":"MAM"},{"bfs_id":762,"rcp":"RCP2.6","period":"2060","key":"tas","value":16.8,"estimate":"q50","season":"JJA"},{"bfs_id":762,"rcp":"RCP2.6","period":"2060","key":"tas","value":9.2,"estimate":"q50","season":"SON"},{"bfs_id":762,"rcp":"RCP2.6","period":"2060","key":"tas","value":1.3,"estimate":"q95","season":"DJF"},{"bfs_id":762,"rcp":"RCP2.6","period":"2060","key":"tas","value":8,"estimate":"q95","season":"MAM"},{"bfs_id":762,"rcp":"RCP2.6","period":"2060","key":"tas","value":17.6,"estimate":"q95","season":"JJA"},{"bfs_id":762,"rcp":"RCP2.6","period":"2060","key":"tas","value":10,"estimate":"q95","season":"SON"},{"bfs_id":762,"rcp":"RCP2.6","period":"2085","key":"tas","value":0.1,"estimate":"q5","season":"DJF"},{"bfs_id":762,"rcp":"RCP2.6","period":"2085","key":"tas","value":6.8,"estimate":"q5","season":"MAM"},{"bfs_id":762,"rcp":"RCP2.6","period":"2085","key":"tas","value":16.2,"estimate":"q5","season":"JJA"},{"bfs_id":762,"rcp":"RCP2.6","period":"2085","key":"tas","value":8.4,"estimate":"q5","season":"SON"},{"bfs_id":762,"rcp":"RCP2.6","period":"2085","key":"tas","value":0.9,"estimate":"q50","season":"DJF"},{"bfs_id":762,"rcp":"RCP2.6","period":"2085","key":"tas","value":7.5,"estimate":"q50","season":"MAM"},{"bfs_id":762,"rcp":"RCP2.6","period":"2085","key":"tas","value":16.8,"estimate":"q50","season":"JJA"},{"bfs_id":762,"rcp":"RCP2.6","period":"2085","key":"tas","value":9,"estimate":"q50","season":"SON"},{"bfs_id":762,"rcp":"RCP2.6","period":"2085","key":"tas","value":1.4,"estimate":"q95","season":"DJF"},{"bfs_id":762,"rcp":"RCP2.6","period":"2085","key":"tas","value":8,"estimate":"q95","season":"MAM"},{"bfs_id":762,"rcp":"RCP2.6","period":"2085","key":"tas","value":17.6,"estimate":"q95","season":"JJA"},{"bfs_id":762,"rcp":"RCP2.6","period":"2085","key":"tas","value":9.9,"estimate":"q95","season":"SON"},{"bfs_id":762,"rcp":"RCP8.5","period":"2035","key":"tas","value":0.3,"estimate":"q5","season":"DJF"},{"bfs_id":762,"rcp":"RCP8.5","period":"2035","key":"tas","value":7.1,"estimate":"q5","season":"MAM"},{"bfs_id":762,"rcp":"RCP8.5","period":"2035","key":"tas","value":16.4,"estimate":"q5","season":"JJA"},{"bfs_id":762,"rcp":"RCP8.5","period":"2035","key":"tas","value":8.8,"estimate":"q5","season":"SON"},{"bfs_id":762,"rcp":"RCP8.5","period":"2035","key":"tas","value":1,"estimate":"q50","season":"DJF"},{"bfs_id":762,"rcp":"RCP8.5","period":"2035","key":"tas","value":7.4,"estimate":"q50","season":"MAM"},{"bfs_id":762,"rcp":"RCP8.5","period":"2035","key":"tas","value":17.1,"estimate":"q50","season":"JJA"},{"bfs_id":762,"rcp":"RCP8.5","period":"2035","key":"tas","value":9.2,"estimate":"q50","season":"SON"},{"bfs_id":762,"rcp":"RCP8.5","period":"2035","key":"tas","value":1.3,"estimate":"q95","season":"DJF"},{"bfs_id":762,"rcp":"RCP8.5","period":"2035","key":"tas","value":8.1,"estimate":"q95","season":"MAM"},{"bfs_id":762,"rcp":"RCP8.5","period":"2035","key":"tas","value":17.7,"estimate":"q95","season":"JJA"},{"bfs_id":762,"rcp":"RCP8.5","period":"2035","key":"tas","value":10,"estimate":"q95","season":"SON"},{"bfs_id":762,"rcp":"RCP8.5","period":"2060","key":"tas","value":1.3,"estimate":"q5","season":"DJF"},{"bfs_id":762,"rcp":"RCP8.5","period":"2060","key":"tas","value":8,"estimate":"q5","season":"MAM"},{"bfs_id":762,"rcp":"RCP8.5","period":"2060","key":"tas","value":17.4,"estimate":"q5","season":"JJA"},{"bfs_id":762,"rcp":"RCP8.5","period":"2060","key":"tas","value":9.7,"estimate":"q5","season":"SON"},{"bfs_id":762,"rcp":"RCP8.5","period":"2060","key":"tas","value":1.8,"estimate":"q50","season":"DJF"},{"bfs_id":762,"rcp":"RCP8.5","period":"2060","key":"tas","value":8.6,"estimate":"q50","season":"MAM"},{"bfs_id":762,"rcp":"RCP8.5","period":"2060","key":"tas","value":18.3,"estimate":"q50","season":"JJA"},{"bfs_id":762,"rcp":"RCP8.5","period":"2060","key":"tas","value":10.5,"estimate":"q50","season":"SON"},{"bfs_id":762,"rcp":"RCP8.5","period":"2060","key":"tas","value":2.3,"estimate":"q95","season":"DJF"},{"bfs_id":762,"rcp":"RCP8.5","period":"2060","key":"tas","value":9.7,"estimate":"q95","season":"MAM"},{"bfs_id":762,"rcp":"RCP8.5","period":"2060","key":"tas","value":19.4,"estimate":"q95","season":"JJA"},{"bfs_id":762,"rcp":"RCP8.5","period":"2060","key":"tas","value":11.4,"estimate":"q95","season":"SON"},{"bfs_id":762,"rcp":"RCP8.5","period":"2085","key":"tas","value":2.5,"estimate":"q5","season":"DJF"},{"bfs_id":762,"rcp":"RCP8.5","period":"2085","key":"tas","value":9.3,"estimate":"q5","season":"MAM"},{"bfs_id":762,"rcp":"RCP8.5","period":"2085","key":"tas","value":18.9,"estimate":"q5","season":"JJA"},{"bfs_id":762,"rcp":"RCP8.5","period":"2085","key":"tas","value":11.1,"estimate":"q5","season":"SON"},{"bfs_id":762,"rcp":"RCP8.5","period":"2085","key":"tas","value":3.7,"estimate":"q50","season":"DJF"},{"bfs_id":762,"rcp":"RCP8.5","period":"2085","key":"tas","value":10.2,"estimate":"q50","season":"MAM"},{"bfs_id":762,"rcp":"RCP8.5","period":"2085","key":"tas","value":19.9,"estimate":"q50","season":"JJA"},{"bfs_id":762,"rcp":"RCP8.5","period":"2085","key":"tas","value":12,"estimate":"q50","season":"SON"},{"bfs_id":762,"rcp":"RCP8.5","period":"2085","key":"tas","value":4.4,"estimate":"q95","season":"DJF"},{"bfs_id":762,"rcp":"RCP8.5","period":"2085","key":"tas","value":11.7,"estimate":"q95","season":"MAM"},{"bfs_id":762,"rcp":"RCP8.5","period":"2085","key":"tas","value":21.8,"estimate":"q95","season":"JJA"},{"bfs_id":762,"rcp":"RCP8.5","period":"2085","key":"tas","value":13.5,"estimate":"q95","season":"SON"},{"bfs_id":762,"rcp":"obs","period":"1981-2010","key":"FD","value":116,"estimate":"yearly_mean"},{"bfs_id":762,"rcp":"obs","period":"1981-2010","key":"HD","value":0.8,"estimate":"yearly_mean"},{"bfs_id":762,"rcp":"obs","period":"1981-2010","key":"ID","value":28.9,"estimate":"yearly_mean"},{"bfs_id":762,"rcp":"obs","period":"1981-2010","key":"SD","value":18.5,"estimate":"yearly_mean"},{"bfs_id":762,"rcp":"obs","period":"1981-2010","key":"snowdays","value":31.6,"estimate":"yearly_mean"},{"bfs_id":762,"rcp":"obs","period":"1981-2010","key":"TN","value":0,"estimate":"yearly_mean"},{"bfs_id":762,"rcp":"obs","period":"1981-2010","key":"pr","value":2.9,"estimate":"mean","season":"DJF"},{"bfs_id":762,"rcp":"obs","period":"1981-2010","key":"pr","value":3.2,"estimate":"mean","season":"MAM"},{"bfs_id":762,"rcp":"obs","period":"1981-2010","key":"pr","value":4.6,"estimate":"mean","season":"JJA"},{"bfs_id":762,"rcp":"obs","period":"1981-2010","key":"pr","value":3,"estimate":"mean","season":"SON"},{"bfs_id":762,"rcp":"obs","period":"1981-2010","key":"tas","value":-0.6,"estimate":"mean","season":"DJF"},{"bfs_id":762,"rcp":"obs","period":"1981-2010","key":"tas","value":6.7,"estimate":"mean","season":"MAM"},{"bfs_id":762,"rcp":"obs","period":"1981-2010","key":"tas","value":15.4,"estimate":"mean","season":"JJA"},{"bfs_id":762,"rcp":"obs","period":"1981-2010","key":"tas","value":7.7,"estimate":"mean","season":"SON"}]
