[{"bfs_id":2952,"rcp":"RCP2.6","period":"2035","key":"FD","value":69.1,"estimate":"q5"},{"bfs_id":2952,"rcp":"RCP2.6","period":"2035","key":"FD","value":80.1,"estimate":"q50"},{"bfs_id":2952,"rcp":"RCP2.6","period":"2035","key":"FD","value":86.5,"estimate":"q95"},{"bfs_id":2952,"rcp":"RCP2.6","period":"2060","key":"FD","value":66.2,"estimate":"q5"},{"bfs_id":2952,"rcp":"RCP2.6","period":"2060","key":"FD","value":77.9,"estimate":"q50"},{"bfs_id":2952,"rcp":"RCP2.6","period":"2060","key":"FD","value":84.8,"estimate":"q95"},{"bfs_id":2952,"rcp":"RCP2.6","period":"2085","key":"FD","value":67.6,"estimate":"q5"},{"bfs_id":2952,"rcp":"RCP2.6","period":"2085","key":"FD","value":78.3,"estimate":"q50"},{"bfs_id":2952,"rcp":"RCP2.6","period":"2085","key":"FD","value":85.9,"estimate":"q95"},{"bfs_id":2952,"rcp":"RCP8.5","period":"2035","key":"FD","value":65.3,"estimate":"q5"},{"bfs_id":2952,"rcp":"RCP8.5","period":"2035","key":"FD","value":76.5,"estimate":"q50"},{"bfs_id":2952,"rcp":"RCP8.5","period":"2035","key":"FD","value":83.5,"estimate":"q95"},{"bfs_id":2952,"rcp":"RCP8.5","period":"2060","key":"FD","value":52.6,"estimate":"q5"},{"bfs_id":2952,"rcp":"RCP8.5","period":"2060","key":"FD","value":60.3,"estimate":"q50"},{"bfs_id":2952,"rcp":"RCP8.5","period":"2060","key":"FD","value":69,"estimate":"q95"},{"bfs_id":2952,"rcp":"RCP8.5","period":"2085","key":"FD","value":29.1,"estimate":"q5"},{"bfs_id":2952,"rcp":"RCP8.5","period":"2085","key":"FD","value":39.3,"estimate":"q50"},{"bfs_id":2952,"rcp":"RCP8.5","period":"2085","key":"FD","value":51.4,"estimate":"q95"},{"bfs_id":2952,"rcp":"RCP2.6","period":"2035","key":"HD","value":10.2,"estimate":"q5"},{"bfs_id":2952,"rcp":"RCP2.6","period":"2035","key":"HD","value":13.3,"estimate":"q50"},{"bfs_id":2952,"rcp":"RCP2.6","period":"2035","key":"HD","value":18,"estimate":"q95"},{"bfs_id":2952,"rcp":"RCP2.6","period":"2060","key":"HD","value":10.8,"estimate":"q5"},{"bfs_id":2952,"rcp":"RCP2.6","period":"2060","key":"HD","value":14.1,"estimate":"q50"},{"bfs_id":2952,"rcp":"RCP2.6","period":"2060","key":"HD","value":20.2,"estimate":"q95"},{"bfs_id":2952,"rcp":"RCP2.6","period":"2085","key":"HD","value":10.9,"estimate":"q5"},{"bfs_id":2952,"rcp":"RCP2.6","period":"2085","key":"HD","value":13.4,"estimate":"q50"},{"bfs_id":2952,"rcp":"RCP2.6","period":"2085","key":"HD","value":19.6,"estimate":"q95"},{"bfs_id":2952,"rcp":"RCP8.5","period":"2035","key":"HD","value":11.5,"estimate":"q5"},{"bfs_id":2952,"rcp":"RCP8.5","period":"2035","key":"HD","value":13.5,"estimate":"q50"},{"bfs_id":2952,"rcp":"RCP8.5","period":"2035","key":"HD","value":20,"estimate":"q95"},{"bfs_id":2952,"rcp":"RCP8.5","period":"2060","key":"HD","value":17.1,"estimate":"q5"},{"bfs_id":2952,"rcp":"RCP8.5","period":"2060","key":"HD","value":23.7,"estimate":"q50"},{"bfs_id":2952,"rcp":"RCP8.5","period":"2060","key":"HD","value":35.3,"estimate":"q95"},{"bfs_id":2952,"rcp":"RCP8.5","period":"2085","key":"HD","value":31,"estimate":"q5"},{"bfs_id":2952,"rcp":"RCP8.5","period":"2085","key":"HD","value":37.9,"estimate":"q50"},{"bfs_id":2952,"rcp":"RCP8.5","period":"2085","key":"HD","value":60.7,"estimate":"q95"},{"bfs_id":2952,"rcp":"RCP2.6","period":"2035","key":"ID","value":12.3,"estimate":"q5"},{"bfs_id":2952,"rcp":"RCP2.6","period":"2035","key":"ID","value":17.1,"estimate":"q50"},{"bfs_id":2952,"rcp":"RCP2.6","period":"2035","key":"ID","value":20.2,"estimate":"q95"},{"bfs_id":2952,"rcp":"RCP2.6","period":"2060","key":"ID","value":12.7,"estimate":"q5"},{"bfs_id":2952,"rcp":"RCP2.6","period":"2060","key":"ID","value":16.9,"estimate":"q50"},{"bfs_id":2952,"rcp":"RCP2.6","period":"2060","key":"ID","value":20.3,"estimate":"q95"},{"bfs_id":2952,"rcp":"RCP2.6","period":"2085","key":"ID","value":12.6,"estimate":"q5"},{"bfs_id":2952,"rcp":"RCP2.6","period":"2085","key":"ID","value":16.5,"estimate":"q50"},{"bfs_id":2952,"rcp":"RCP2.6","period":"2085","key":"ID","value":19.5,"estimate":"q95"},{"bfs_id":2952,"rcp":"RCP8.5","period":"2035","key":"ID","value":13,"estimate":"q5"},{"bfs_id":2952,"rcp":"RCP8.5","period":"2035","key":"ID","value":15.4,"estimate":"q50"},{"bfs_id":2952,"rcp":"RCP8.5","period":"2035","key":"ID","value":19.3,"estimate":"q95"},{"bfs_id":2952,"rcp":"RCP8.5","period":"2060","key":"ID","value":7.8,"estimate":"q5"},{"bfs_id":2952,"rcp":"RCP8.5","period":"2060","key":"ID","value":11.5,"estimate":"q50"},{"bfs_id":2952,"rcp":"RCP8.5","period":"2060","key":"ID","value":13.3,"estimate":"q95"},{"bfs_id":2952,"rcp":"RCP8.5","period":"2085","key":"ID","value":2.7,"estimate":"q5"},{"bfs_id":2952,"rcp":"RCP8.5","period":"2085","key":"ID","value":5.4,"estimate":"q50"},{"bfs_id":2952,"rcp":"RCP8.5","period":"2085","key":"ID","value":7.7,"estimate":"q95"},{"bfs_id":2952,"rcp":"RCP2.6","period":"2035","key":"SD","value":49.5,"estimate":"q5"},{"bfs_id":2952,"rcp":"RCP2.6","period":"2035","key":"SD","value":55.6,"estimate":"q50"},{"bfs_id":2952,"rcp":"RCP2.6","period":"2035","key":"SD","value":62.4,"estimate":"q95"},{"bfs_id":2952,"rcp":"RCP2.6","period":"2060","key":"SD","value":50.3,"estimate":"q5"},{"bfs_id":2952,"rcp":"RCP2.6","period":"2060","key":"SD","value":56.9,"estimate":"q50"},{"bfs_id":2952,"rcp":"RCP2.6","period":"2060","key":"SD","value":63.2,"estimate":"q95"},{"bfs_id":2952,"rcp":"RCP2.6","period":"2085","key":"SD","value":49.4,"estimate":"q5"},{"bfs_id":2952,"rcp":"RCP2.6","period":"2085","key":"SD","value":56.9,"estimate":"q50"},{"bfs_id":2952,"rcp":"RCP2.6","period":"2085","key":"SD","value":63.7,"estimate":"q95"},{"bfs_id":2952,"rcp":"RCP8.5","period":"2035","key":"SD","value":51.9,"estimate":"q5"},{"bfs_id":2952,"rcp":"RCP8.5","period":"2035","key":"SD","value":57.6,"estimate":"q50"},{"bfs_id":2952,"rcp":"RCP8.5","period":"2035","key":"SD","value":63.9,"estimate":"q95"},{"bfs_id":2952,"rcp":"RCP8.5","period":"2060","key":"SD","value":67.7,"estimate":"q5"},{"bfs_id":2952,"rcp":"RCP8.5","period":"2060","key":"SD","value":72.6,"estimate":"q50"},{"bfs_id":2952,"rcp":"RCP8.5","period":"2060","key":"SD","value":88,"estimate":"q95"},{"bfs_id":2952,"rcp":"RCP8.5","period":"2085","key":"SD","value":82.8,"estimate":"q5"},{"bfs_id":2952,"rcp":"RCP8.5","period":"2085","key":"SD","value":95.1,"estimate":"q50"},{"bfs_id":2952,"rcp":"RCP8.5","period":"2085","key":"SD","value":113.5,"estimate":"q95"},{"bfs_id":2952,"rcp":"RCP2.6","period":"2035","key":"snowdays","value":13,"estimate":"q5"},{"bfs_id":2952,"rcp":"RCP2.6","period":"2035","key":"snowdays","value":17.4,"estimate":"q50"},{"bfs_id":2952,"rcp":"RCP2.6","period":"2035","key":"snowdays","value":20.8,"estimate":"q95"},{"bfs_id":2952,"rcp":"RCP2.6","period":"2060","key":"snowdays","value":13,"estimate":"q5"},{"bfs_id":2952,"rcp":"RCP2.6","period":"2060","key":"snowdays","value":16.7,"estimate":"q50"},{"bfs_id":2952,"rcp":"RCP2.6","period":"2060","key":"snowdays","value":20.5,"estimate":"q95"},{"bfs_id":2952,"rcp":"RCP2.6","period":"2085","key":"snowdays","value":12.7,"estimate":"q5"},{"bfs_id":2952,"rcp":"RCP2.6","period":"2085","key":"snowdays","value":16.3,"estimate":"q50"},{"bfs_id":2952,"rcp":"RCP2.6","period":"2085","key":"snowdays","value":21.7,"estimate":"q95"},{"bfs_id":2952,"rcp":"RCP8.5","period":"2035","key":"snowdays","value":11.8,"estimate":"q5"},{"bfs_id":2952,"rcp":"RCP8.5","period":"2035","key":"snowdays","value":16.4,"estimate":"q50"},{"bfs_id":2952,"rcp":"RCP8.5","period":"2035","key":"snowdays","value":20.6,"estimate":"q95"},{"bfs_id":2952,"rcp":"RCP8.5","period":"2060","key":"snowdays","value":8.2,"estimate":"q5"},{"bfs_id":2952,"rcp":"RCP8.5","period":"2060","key":"snowdays","value":12.2,"estimate":"q50"},{"bfs_id":2952,"rcp":"RCP8.5","period":"2060","key":"snowdays","value":15.2,"estimate":"q95"},{"bfs_id":2952,"rcp":"RCP8.5","period":"2085","key":"snowdays","value":3.1,"estimate":"q5"},{"bfs_id":2952,"rcp":"RCP8.5","period":"2085","key":"snowdays","value":7,"estimate":"q50"},{"bfs_id":2952,"rcp":"RCP8.5","period":"2085","key":"snowdays","value":10.9,"estimate":"q95"},{"bfs_id":2952,"rcp":"RCP2.6","period":"2035","key":"TN","value":0,"estimate":"q5"},{"bfs_id":2952,"rcp":"RCP2.6","period":"2035","key":"TN","value":0.4,"estimate":"q50"},{"bfs_id":2952,"rcp":"RCP2.6","period":"2035","key":"TN","value":0.9,"estimate":"q95"},{"bfs_id":2952,"rcp":"RCP2.6","period":"2060","key":"TN","value":0.1,"estimate":"q5"},{"bfs_id":2952,"rcp":"RCP2.6","period":"2060","key":"TN","value":0.4,"estimate":"q50"},{"bfs_id":2952,"rcp":"RCP2.6","period":"2060","key":"TN","value":1.2,"estimate":"q95"},{"bfs_id":2952,"rcp":"RCP2.6","period":"2085","key":"TN","value":0.1,"estimate":"q5"},{"bfs_id":2952,"rcp":"RCP2.6","period":"2085","key":"TN","value":0.4,"estimate":"q50"},{"bfs_id":2952,"rcp":"RCP2.6","period":"2085","key":"TN","value":0.8,"estimate":"q95"},{"bfs_id":2952,"rcp":"RCP8.5","period":"2035","key":"TN","value":0.2,"estimate":"q5"},{"bfs_id":2952,"rcp":"RCP8.5","period":"2035","key":"TN","value":0.4,"estimate":"q50"},{"bfs_id":2952,"rcp":"RCP8.5","period":"2035","key":"TN","value":2.1,"estimate":"q95"},{"bfs_id":2952,"rcp":"RCP8.5","period":"2060","key":"TN","value":0.9,"estimate":"q5"},{"bfs_id":2952,"rcp":"RCP8.5","period":"2060","key":"TN","value":2.6,"estimate":"q50"},{"bfs_id":2952,"rcp":"RCP8.5","period":"2060","key":"TN","value":6.3,"estimate":"q95"},{"bfs_id":2952,"rcp":"RCP8.5","period":"2085","key":"TN","value":4.4,"estimate":"q5"},{"bfs_id":2952,"rcp":"RCP8.5","period":"2085","key":"TN","value":8.6,"estimate":"q50"},{"bfs_id":2952,"rcp":"RCP8.5","period":"2085","key":"TN","value":23.9,"estimate":"q95"},{"bfs_id":2952,"rcp":"RCP2.6","period":"2035","key":"pr","value":2.3,"estimate":"q5","season":"DJF"},{"bfs_id":2952,"rcp":"RCP2.6","period":"2035","key":"pr","value":2.2,"estimate":"q5","season":"MAM"},{"bfs_id":2952,"rcp":"RCP2.6","period":"2035","key":"pr","value":2.4,"estimate":"q5","season":"JJA"},{"bfs_id":2952,"rcp":"RCP2.6","period":"2035","key":"pr","value":2,"estimate":"q5","season":"SON"},{"bfs_id":2952,"rcp":"RCP2.6","period":"2035","key":"pr","value":2.6,"estimate":"q50","season":"DJF"},{"bfs_id":2952,"rcp":"RCP2.6","period":"2035","key":"pr","value":2.5,"estimate":"q50","season":"MAM"},{"bfs_id":2952,"rcp":"RCP2.6","period":"2035","key":"pr","value":2.7,"estimate":"q50","season":"JJA"},{"bfs_id":2952,"rcp":"RCP2.6","period":"2035","key":"pr","value":2.3,"estimate":"q50","season":"SON"},{"bfs_id":2952,"rcp":"RCP2.6","period":"2035","key":"pr","value":3.1,"estimate":"q95","season":"DJF"},{"bfs_id":2952,"rcp":"RCP2.6","period":"2035","key":"pr","value":2.8,"estimate":"q95","season":"MAM"},{"bfs_id":2952,"rcp":"RCP2.6","period":"2035","key":"pr","value":2.9,"estimate":"q95","season":"JJA"},{"bfs_id":2952,"rcp":"RCP2.6","period":"2035","key":"pr","value":2.7,"estimate":"q95","season":"SON"},{"bfs_id":2952,"rcp":"RCP2.6","period":"2060","key":"pr","value":2.3,"estimate":"q5","season":"DJF"},{"bfs_id":2952,"rcp":"RCP2.6","period":"2060","key":"pr","value":2.3,"estimate":"q5","season":"MAM"},{"bfs_id":2952,"rcp":"RCP2.6","period":"2060","key":"pr","value":2.2,"estimate":"q5","season":"JJA"},{"bfs_id":2952,"rcp":"RCP2.6","period":"2060","key":"pr","value":2.2,"estimate":"q5","season":"SON"},{"bfs_id":2952,"rcp":"RCP2.6","period":"2060","key":"pr","value":2.6,"estimate":"q50","season":"DJF"},{"bfs_id":2952,"rcp":"RCP2.6","period":"2060","key":"pr","value":2.5,"estimate":"q50","season":"MAM"},{"bfs_id":2952,"rcp":"RCP2.6","period":"2060","key":"pr","value":2.6,"estimate":"q50","season":"JJA"},{"bfs_id":2952,"rcp":"RCP2.6","period":"2060","key":"pr","value":2.4,"estimate":"q50","season":"SON"},{"bfs_id":2952,"rcp":"RCP2.6","period":"2060","key":"pr","value":3,"estimate":"q95","season":"DJF"},{"bfs_id":2952,"rcp":"RCP2.6","period":"2060","key":"pr","value":2.8,"estimate":"q95","season":"MAM"},{"bfs_id":2952,"rcp":"RCP2.6","period":"2060","key":"pr","value":3,"estimate":"q95","season":"JJA"},{"bfs_id":2952,"rcp":"RCP2.6","period":"2060","key":"pr","value":2.6,"estimate":"q95","season":"SON"},{"bfs_id":2952,"rcp":"RCP2.6","period":"2085","key":"pr","value":2.3,"estimate":"q5","season":"DJF"},{"bfs_id":2952,"rcp":"RCP2.6","period":"2085","key":"pr","value":2.3,"estimate":"q5","season":"MAM"},{"bfs_id":2952,"rcp":"RCP2.6","period":"2085","key":"pr","value":2.2,"estimate":"q5","season":"JJA"},{"bfs_id":2952,"rcp":"RCP2.6","period":"2085","key":"pr","value":2.1,"estimate":"q5","season":"SON"},{"bfs_id":2952,"rcp":"RCP2.6","period":"2085","key":"pr","value":2.6,"estimate":"q50","season":"DJF"},{"bfs_id":2952,"rcp":"RCP2.6","period":"2085","key":"pr","value":2.5,"estimate":"q50","season":"MAM"},{"bfs_id":2952,"rcp":"RCP2.6","period":"2085","key":"pr","value":2.7,"estimate":"q50","season":"JJA"},{"bfs_id":2952,"rcp":"RCP2.6","period":"2085","key":"pr","value":2.3,"estimate":"q50","season":"SON"},{"bfs_id":2952,"rcp":"RCP2.6","period":"2085","key":"pr","value":3,"estimate":"q95","season":"DJF"},{"bfs_id":2952,"rcp":"RCP2.6","period":"2085","key":"pr","value":2.8,"estimate":"q95","season":"MAM"},{"bfs_id":2952,"rcp":"RCP2.6","period":"2085","key":"pr","value":2.9,"estimate":"q95","season":"JJA"},{"bfs_id":2952,"rcp":"RCP2.6","period":"2085","key":"pr","value":2.6,"estimate":"q95","season":"SON"},{"bfs_id":2952,"rcp":"RCP8.5","period":"2035","key":"pr","value":2.4,"estimate":"q5","season":"DJF"},{"bfs_id":2952,"rcp":"RCP8.5","period":"2035","key":"pr","value":2.3,"estimate":"q5","season":"MAM"},{"bfs_id":2952,"rcp":"RCP8.5","period":"2035","key":"pr","value":2.3,"estimate":"q5","season":"JJA"},{"bfs_id":2952,"rcp":"RCP8.5","period":"2035","key":"pr","value":2.2,"estimate":"q5","season":"SON"},{"bfs_id":2952,"rcp":"RCP8.5","period":"2035","key":"pr","value":2.8,"estimate":"q50","season":"DJF"},{"bfs_id":2952,"rcp":"RCP8.5","period":"2035","key":"pr","value":2.5,"estimate":"q50","season":"MAM"},{"bfs_id":2952,"rcp":"RCP8.5","period":"2035","key":"pr","value":2.8,"estimate":"q50","season":"JJA"},{"bfs_id":2952,"rcp":"RCP8.5","period":"2035","key":"pr","value":2.5,"estimate":"q50","season":"SON"},{"bfs_id":2952,"rcp":"RCP8.5","period":"2035","key":"pr","value":3,"estimate":"q95","season":"DJF"},{"bfs_id":2952,"rcp":"RCP8.5","period":"2035","key":"pr","value":2.7,"estimate":"q95","season":"MAM"},{"bfs_id":2952,"rcp":"RCP8.5","period":"2035","key":"pr","value":3,"estimate":"q95","season":"JJA"},{"bfs_id":2952,"rcp":"RCP8.5","period":"2035","key":"pr","value":2.7,"estimate":"q95","season":"SON"},{"bfs_id":2952,"rcp":"RCP8.5","period":"2060","key":"pr","value":2.5,"estimate":"q5","season":"DJF"},{"bfs_id":2952,"rcp":"RCP8.5","period":"2060","key":"pr","value":2.4,"estimate":"q5","season":"MAM"},{"bfs_id":2952,"rcp":"RCP8.5","period":"2060","key":"pr","value":2.1,"estimate":"q5","season":"JJA"},{"bfs_id":2952,"rcp":"RCP8.5","period":"2060","key":"pr","value":2.1,"estimate":"q5","season":"SON"},{"bfs_id":2952,"rcp":"RCP8.5","period":"2060","key":"pr","value":2.8,"estimate":"q50","season":"DJF"},{"bfs_id":2952,"rcp":"RCP8.5","period":"2060","key":"pr","value":2.7,"estimate":"q50","season":"MAM"},{"bfs_id":2952,"rcp":"RCP8.5","period":"2060","key":"pr","value":2.6,"estimate":"q50","season":"JJA"},{"bfs_id":2952,"rcp":"RCP8.5","period":"2060","key":"pr","value":2.5,"estimate":"q50","season":"SON"},{"bfs_id":2952,"rcp":"RCP8.5","period":"2060","key":"pr","value":3.2,"estimate":"q95","season":"DJF"},{"bfs_id":2952,"rcp":"RCP8.5","period":"2060","key":"pr","value":2.9,"estimate":"q95","season":"MAM"},{"bfs_id":2952,"rcp":"RCP8.5","period":"2060","key":"pr","value":3,"estimate":"q95","season":"JJA"},{"bfs_id":2952,"rcp":"RCP8.5","period":"2060","key":"pr","value":2.8,"estimate":"q95","season":"SON"},{"bfs_id":2952,"rcp":"RCP8.5","period":"2085","key":"pr","value":2.6,"estimate":"q5","season":"DJF"},{"bfs_id":2952,"rcp":"RCP8.5","period":"2085","key":"pr","value":2.5,"estimate":"q5","season":"MAM"},{"bfs_id":2952,"rcp":"RCP8.5","period":"2085","key":"pr","value":1.6,"estimate":"q5","season":"JJA"},{"bfs_id":2952,"rcp":"RCP8.5","period":"2085","key":"pr","value":2,"estimate":"q5","season":"SON"},{"bfs_id":2952,"rcp":"RCP8.5","period":"2085","key":"pr","value":3.2,"estimate":"q50","season":"DJF"},{"bfs_id":2952,"rcp":"RCP8.5","period":"2085","key":"pr","value":2.8,"estimate":"q50","season":"MAM"},{"bfs_id":2952,"rcp":"RCP8.5","period":"2085","key":"pr","value":2.4,"estimate":"q50","season":"JJA"},{"bfs_id":2952,"rcp":"RCP8.5","period":"2085","key":"pr","value":2.5,"estimate":"q50","season":"SON"},{"bfs_id":2952,"rcp":"RCP8.5","period":"2085","key":"pr","value":3.8,"estimate":"q95","season":"DJF"},{"bfs_id":2952,"rcp":"RCP8.5","period":"2085","key":"pr","value":3.1,"estimate":"q95","season":"MAM"},{"bfs_id":2952,"rcp":"RCP8.5","period":"2085","key":"pr","value":2.9,"estimate":"q95","season":"JJA"},{"bfs_id":2952,"rcp":"RCP8.5","period":"2085","key":"pr","value":3,"estimate":"q95","season":"SON"},{"bfs_id":2952,"rcp":"RCP2.6","period":"2035","key":"tas","value":0.8,"estimate":"q5","season":"DJF"},{"bfs_id":2952,"rcp":"RCP2.6","period":"2035","key":"tas","value":8.9,"estimate":"q5","season":"MAM"},{"bfs_id":2952,"rcp":"RCP2.6","period":"2035","key":"tas","value":18.1,"estimate":"q5","season":"JJA"},{"bfs_id":2952,"rcp":"RCP2.6","period":"2035","key":"tas","value":9.6,"estimate":"q5","season":"SON"},{"bfs_id":2952,"rcp":"RCP2.6","period":"2035","key":"tas","value":1.4,"estimate":"q50","season":"DJF"},{"bfs_id":2952,"rcp":"RCP2.6","period":"2035","key":"tas","value":9.5,"estimate":"q50","season":"MAM"},{"bfs_id":2952,"rcp":"RCP2.6","period":"2035","key":"tas","value":18.6,"estimate":"q50","season":"JJA"},{"bfs_id":2952,"rcp":"RCP2.6","period":"2035","key":"tas","value":9.9,"estimate":"q50","season":"SON"},{"bfs_id":2952,"rcp":"RCP2.6","period":"2035","key":"tas","value":2.3,"estimate":"q95","season":"DJF"},{"bfs_id":2952,"rcp":"RCP2.6","period":"2035","key":"tas","value":9.8,"estimate":"q95","season":"MAM"},{"bfs_id":2952,"rcp":"RCP2.6","period":"2035","key":"tas","value":19.1,"estimate":"q95","season":"JJA"},{"bfs_id":2952,"rcp":"RCP2.6","period":"2035","key":"tas","value":10.9,"estimate":"q95","season":"SON"},{"bfs_id":2952,"rcp":"RCP2.6","period":"2060","key":"tas","value":0.9,"estimate":"q5","season":"DJF"},{"bfs_id":2952,"rcp":"RCP2.6","period":"2060","key":"tas","value":8.8,"estimate":"q5","season":"MAM"},{"bfs_id":2952,"rcp":"RCP2.6","period":"2060","key":"tas","value":18.3,"estimate":"q5","season":"JJA"},{"bfs_id":2952,"rcp":"RCP2.6","period":"2060","key":"tas","value":9.9,"estimate":"q5","season":"SON"},{"bfs_id":2952,"rcp":"RCP2.6","period":"2060","key":"tas","value":1.8,"estimate":"q50","season":"DJF"},{"bfs_id":2952,"rcp":"RCP2.6","period":"2060","key":"tas","value":9.5,"estimate":"q50","season":"MAM"},{"bfs_id":2952,"rcp":"RCP2.6","period":"2060","key":"tas","value":18.8,"estimate":"q50","season":"JJA"},{"bfs_id":2952,"rcp":"RCP2.6","period":"2060","key":"tas","value":10.3,"estimate":"q50","season":"SON"},{"bfs_id":2952,"rcp":"RCP2.6","period":"2060","key":"tas","value":2.3,"estimate":"q95","season":"DJF"},{"bfs_id":2952,"rcp":"RCP2.6","period":"2060","key":"tas","value":10,"estimate":"q95","season":"MAM"},{"bfs_id":2952,"rcp":"RCP2.6","period":"2060","key":"tas","value":19.4,"estimate":"q95","season":"JJA"},{"bfs_id":2952,"rcp":"RCP2.6","period":"2060","key":"tas","value":11.2,"estimate":"q95","season":"SON"},{"bfs_id":2952,"rcp":"RCP2.6","period":"2085","key":"tas","value":1,"estimate":"q5","season":"DJF"},{"bfs_id":2952,"rcp":"RCP2.6","period":"2085","key":"tas","value":8.9,"estimate":"q5","season":"MAM"},{"bfs_id":2952,"rcp":"RCP2.6","period":"2085","key":"tas","value":18.2,"estimate":"q5","season":"JJA"},{"bfs_id":2952,"rcp":"RCP2.6","period":"2085","key":"tas","value":9.7,"estimate":"q5","season":"SON"},{"bfs_id":2952,"rcp":"RCP2.6","period":"2085","key":"tas","value":1.7,"estimate":"q50","season":"DJF"},{"bfs_id":2952,"rcp":"RCP2.6","period":"2085","key":"tas","value":9.6,"estimate":"q50","season":"MAM"},{"bfs_id":2952,"rcp":"RCP2.6","period":"2085","key":"tas","value":18.7,"estimate":"q50","season":"JJA"},{"bfs_id":2952,"rcp":"RCP2.6","period":"2085","key":"tas","value":10.2,"estimate":"q50","season":"SON"},{"bfs_id":2952,"rcp":"RCP2.6","period":"2085","key":"tas","value":2.4,"estimate":"q95","season":"DJF"},{"bfs_id":2952,"rcp":"RCP2.6","period":"2085","key":"tas","value":10,"estimate":"q95","season":"MAM"},{"bfs_id":2952,"rcp":"RCP2.6","period":"2085","key":"tas","value":19.3,"estimate":"q95","season":"JJA"},{"bfs_id":2952,"rcp":"RCP2.6","period":"2085","key":"tas","value":11.1,"estimate":"q95","season":"SON"},{"bfs_id":2952,"rcp":"RCP8.5","period":"2035","key":"tas","value":0.9,"estimate":"q5","season":"DJF"},{"bfs_id":2952,"rcp":"RCP8.5","period":"2035","key":"tas","value":9.1,"estimate":"q5","season":"MAM"},{"bfs_id":2952,"rcp":"RCP8.5","period":"2035","key":"tas","value":18.4,"estimate":"q5","season":"JJA"},{"bfs_id":2952,"rcp":"RCP8.5","period":"2035","key":"tas","value":9.9,"estimate":"q5","season":"SON"},{"bfs_id":2952,"rcp":"RCP8.5","period":"2035","key":"tas","value":1.8,"estimate":"q50","season":"DJF"},{"bfs_id":2952,"rcp":"RCP8.5","period":"2035","key":"tas","value":9.6,"estimate":"q50","season":"MAM"},{"bfs_id":2952,"rcp":"RCP8.5","period":"2035","key":"tas","value":18.9,"estimate":"q50","season":"JJA"},{"bfs_id":2952,"rcp":"RCP8.5","period":"2035","key":"tas","value":10.4,"estimate":"q50","season":"SON"},{"bfs_id":2952,"rcp":"RCP8.5","period":"2035","key":"tas","value":2.3,"estimate":"q95","season":"DJF"},{"bfs_id":2952,"rcp":"RCP8.5","period":"2035","key":"tas","value":10.1,"estimate":"q95","season":"MAM"},{"bfs_id":2952,"rcp":"RCP8.5","period":"2035","key":"tas","value":19.5,"estimate":"q95","season":"JJA"},{"bfs_id":2952,"rcp":"RCP8.5","period":"2035","key":"tas","value":11.2,"estimate":"q95","season":"SON"},{"bfs_id":2952,"rcp":"RCP8.5","period":"2060","key":"tas","value":2.2,"estimate":"q5","season":"DJF"},{"bfs_id":2952,"rcp":"RCP8.5","period":"2060","key":"tas","value":10,"estimate":"q5","season":"MAM"},{"bfs_id":2952,"rcp":"RCP8.5","period":"2060","key":"tas","value":19.6,"estimate":"q5","season":"JJA"},{"bfs_id":2952,"rcp":"RCP8.5","period":"2060","key":"tas","value":11,"estimate":"q5","season":"SON"},{"bfs_id":2952,"rcp":"RCP8.5","period":"2060","key":"tas","value":2.7,"estimate":"q50","season":"DJF"},{"bfs_id":2952,"rcp":"RCP8.5","period":"2060","key":"tas","value":10.5,"estimate":"q50","season":"MAM"},{"bfs_id":2952,"rcp":"RCP8.5","period":"2060","key":"tas","value":20.2,"estimate":"q50","season":"JJA"},{"bfs_id":2952,"rcp":"RCP8.5","period":"2060","key":"tas","value":11.6,"estimate":"q50","season":"SON"},{"bfs_id":2952,"rcp":"RCP8.5","period":"2060","key":"tas","value":3.3,"estimate":"q95","season":"DJF"},{"bfs_id":2952,"rcp":"RCP8.5","period":"2060","key":"tas","value":11.2,"estimate":"q95","season":"MAM"},{"bfs_id":2952,"rcp":"RCP8.5","period":"2060","key":"tas","value":21.1,"estimate":"q95","season":"JJA"},{"bfs_id":2952,"rcp":"RCP8.5","period":"2060","key":"tas","value":12.4,"estimate":"q95","season":"SON"},{"bfs_id":2952,"rcp":"RCP8.5","period":"2085","key":"tas","value":3.4,"estimate":"q5","season":"DJF"},{"bfs_id":2952,"rcp":"RCP8.5","period":"2085","key":"tas","value":11,"estimate":"q5","season":"MAM"},{"bfs_id":2952,"rcp":"RCP8.5","period":"2085","key":"tas","value":20.9,"estimate":"q5","season":"JJA"},{"bfs_id":2952,"rcp":"RCP8.5","period":"2085","key":"tas","value":12.2,"estimate":"q5","season":"SON"},{"bfs_id":2952,"rcp":"RCP8.5","period":"2085","key":"tas","value":4.3,"estimate":"q50","season":"DJF"},{"bfs_id":2952,"rcp":"RCP8.5","period":"2085","key":"tas","value":11.7,"estimate":"q50","season":"MAM"},{"bfs_id":2952,"rcp":"RCP8.5","period":"2085","key":"tas","value":21.8,"estimate":"q50","season":"JJA"},{"bfs_id":2952,"rcp":"RCP8.5","period":"2085","key":"tas","value":13,"estimate":"q50","season":"SON"},{"bfs_id":2952,"rcp":"RCP8.5","period":"2085","key":"tas","value":5.3,"estimate":"q95","season":"DJF"},{"bfs_id":2952,"rcp":"RCP8.5","period":"2085","key":"tas","value":12.8,"estimate":"q95","season":"MAM"},{"bfs_id":2952,"rcp":"RCP8.5","period":"2085","key":"tas","value":24.1,"estimate":"q95","season":"JJA"},{"bfs_id":2952,"rcp":"RCP8.5","period":"2085","key":"tas","value":14.6,"estimate":"q95","season":"SON"},{"bfs_id":2952,"rcp":"obs","period":"1981-2010","key":"FD","value":95.3,"estimate":"yearly_mean"},{"bfs_id":2952,"rcp":"obs","period":"1981-2010","key":"HD","value":7.4,"estimate":"yearly_mean"},{"bfs_id":2952,"rcp":"obs","period":"1981-2010","key":"ID","value":24.3,"estimate":"yearly_mean"},{"bfs_id":2952,"rcp":"obs","period":"1981-2010","key":"SD","value":43.6,"estimate":"yearly_mean"},{"bfs_id":2952,"rcp":"obs","period":"1981-2010","key":"snowdays","value":19.9,"estimate":"yearly_mean"},{"bfs_id":2952,"rcp":"obs","period":"1981-2010","key":"TN","value":0,"estimate":"yearly_mean"},{"bfs_id":2952,"rcp":"obs","period":"1981-2010","key":"pr","value":2.5,"estimate":"mean","season":"DJF"},{"bfs_id":2952,"rcp":"obs","period":"1981-2010","key":"pr","value":2.4,"estimate":"mean","season":"MAM"},{"bfs_id":2952,"rcp":"obs","period":"1981-2010","key":"pr","value":2.8,"estimate":"mean","season":"JJA"},{"bfs_id":2952,"rcp":"obs","period":"1981-2010","key":"pr","value":2.3,"estimate":"mean","season":"SON"},{"bfs_id":2952,"rcp":"obs","period":"1981-2010","key":"tas","value":0.3,"estimate":"mean","season":"DJF"},{"bfs_id":2952,"rcp":"obs","period":"1981-2010","key":"tas","value":8.9,"estimate":"mean","season":"MAM"},{"bfs_id":2952,"rcp":"obs","period":"1981-2010","key":"tas","value":17.5,"estimate":"mean","season":"JJA"},{"bfs_id":2952,"rcp":"obs","period":"1981-2010","key":"tas","value":8.9,"estimate":"mean","season":"SON"}]
