[{"bfs_id":5937,"rcp":"RCP2.6","period":"2035","key":"FD","value":60.2,"estimate":"q5"},{"bfs_id":5937,"rcp":"RCP2.6","period":"2035","key":"FD","value":72.5,"estimate":"q50"},{"bfs_id":5937,"rcp":"RCP2.6","period":"2035","key":"FD","value":77.1,"estimate":"q95"},{"bfs_id":5937,"rcp":"RCP2.6","period":"2060","key":"FD","value":57.5,"estimate":"q5"},{"bfs_id":5937,"rcp":"RCP2.6","period":"2060","key":"FD","value":68.2,"estimate":"q50"},{"bfs_id":5937,"rcp":"RCP2.6","period":"2060","key":"FD","value":75.1,"estimate":"q95"},{"bfs_id":5937,"rcp":"RCP2.6","period":"2085","key":"FD","value":57.4,"estimate":"q5"},{"bfs_id":5937,"rcp":"RCP2.6","period":"2085","key":"FD","value":68.8,"estimate":"q50"},{"bfs_id":5937,"rcp":"RCP2.6","period":"2085","key":"FD","value":76.2,"estimate":"q95"},{"bfs_id":5937,"rcp":"RCP8.5","period":"2035","key":"FD","value":59.3,"estimate":"q5"},{"bfs_id":5937,"rcp":"RCP8.5","period":"2035","key":"FD","value":68.3,"estimate":"q50"},{"bfs_id":5937,"rcp":"RCP8.5","period":"2035","key":"FD","value":74.2,"estimate":"q95"},{"bfs_id":5937,"rcp":"RCP8.5","period":"2060","key":"FD","value":44.8,"estimate":"q5"},{"bfs_id":5937,"rcp":"RCP8.5","period":"2060","key":"FD","value":52.6,"estimate":"q50"},{"bfs_id":5937,"rcp":"RCP8.5","period":"2060","key":"FD","value":61.5,"estimate":"q95"},{"bfs_id":5937,"rcp":"RCP8.5","period":"2085","key":"FD","value":27.4,"estimate":"q5"},{"bfs_id":5937,"rcp":"RCP8.5","period":"2085","key":"FD","value":33,"estimate":"q50"},{"bfs_id":5937,"rcp":"RCP8.5","period":"2085","key":"FD","value":46,"estimate":"q95"},{"bfs_id":5937,"rcp":"RCP2.6","period":"2035","key":"HD","value":0.7,"estimate":"q5"},{"bfs_id":5937,"rcp":"RCP2.6","period":"2035","key":"HD","value":1.6,"estimate":"q50"},{"bfs_id":5937,"rcp":"RCP2.6","period":"2035","key":"HD","value":2.9,"estimate":"q95"},{"bfs_id":5937,"rcp":"RCP2.6","period":"2060","key":"HD","value":1.2,"estimate":"q5"},{"bfs_id":5937,"rcp":"RCP2.6","period":"2060","key":"HD","value":1.8,"estimate":"q50"},{"bfs_id":5937,"rcp":"RCP2.6","period":"2060","key":"HD","value":3.9,"estimate":"q95"},{"bfs_id":5937,"rcp":"RCP2.6","period":"2085","key":"HD","value":1,"estimate":"q5"},{"bfs_id":5937,"rcp":"RCP2.6","period":"2085","key":"HD","value":1.8,"estimate":"q50"},{"bfs_id":5937,"rcp":"RCP2.6","period":"2085","key":"HD","value":3.6,"estimate":"q95"},{"bfs_id":5937,"rcp":"RCP8.5","period":"2035","key":"HD","value":1,"estimate":"q5"},{"bfs_id":5937,"rcp":"RCP8.5","period":"2035","key":"HD","value":1.9,"estimate":"q50"},{"bfs_id":5937,"rcp":"RCP8.5","period":"2035","key":"HD","value":5.4,"estimate":"q95"},{"bfs_id":5937,"rcp":"RCP8.5","period":"2060","key":"HD","value":2.9,"estimate":"q5"},{"bfs_id":5937,"rcp":"RCP8.5","period":"2060","key":"HD","value":5.4,"estimate":"q50"},{"bfs_id":5937,"rcp":"RCP8.5","period":"2060","key":"HD","value":12.1,"estimate":"q95"},{"bfs_id":5937,"rcp":"RCP8.5","period":"2085","key":"HD","value":8.5,"estimate":"q5"},{"bfs_id":5937,"rcp":"RCP8.5","period":"2085","key":"HD","value":12.8,"estimate":"q50"},{"bfs_id":5937,"rcp":"RCP8.5","period":"2085","key":"HD","value":29.5,"estimate":"q95"},{"bfs_id":5937,"rcp":"RCP2.6","period":"2035","key":"ID","value":10,"estimate":"q5"},{"bfs_id":5937,"rcp":"RCP2.6","period":"2035","key":"ID","value":13,"estimate":"q50"},{"bfs_id":5937,"rcp":"RCP2.6","period":"2035","key":"ID","value":15.9,"estimate":"q95"},{"bfs_id":5937,"rcp":"RCP2.6","period":"2060","key":"ID","value":9.3,"estimate":"q5"},{"bfs_id":5937,"rcp":"RCP2.6","period":"2060","key":"ID","value":13.1,"estimate":"q50"},{"bfs_id":5937,"rcp":"RCP2.6","period":"2060","key":"ID","value":15.3,"estimate":"q95"},{"bfs_id":5937,"rcp":"RCP2.6","period":"2085","key":"ID","value":9.5,"estimate":"q5"},{"bfs_id":5937,"rcp":"RCP2.6","period":"2085","key":"ID","value":12.4,"estimate":"q50"},{"bfs_id":5937,"rcp":"RCP2.6","period":"2085","key":"ID","value":16.2,"estimate":"q95"},{"bfs_id":5937,"rcp":"RCP8.5","period":"2035","key":"ID","value":9.6,"estimate":"q5"},{"bfs_id":5937,"rcp":"RCP8.5","period":"2035","key":"ID","value":12.4,"estimate":"q50"},{"bfs_id":5937,"rcp":"RCP8.5","period":"2035","key":"ID","value":15.3,"estimate":"q95"},{"bfs_id":5937,"rcp":"RCP8.5","period":"2060","key":"ID","value":6.6,"estimate":"q5"},{"bfs_id":5937,"rcp":"RCP8.5","period":"2060","key":"ID","value":8.7,"estimate":"q50"},{"bfs_id":5937,"rcp":"RCP8.5","period":"2060","key":"ID","value":10.7,"estimate":"q95"},{"bfs_id":5937,"rcp":"RCP8.5","period":"2085","key":"ID","value":2.1,"estimate":"q5"},{"bfs_id":5937,"rcp":"RCP8.5","period":"2085","key":"ID","value":3.7,"estimate":"q50"},{"bfs_id":5937,"rcp":"RCP8.5","period":"2085","key":"ID","value":5.9,"estimate":"q95"},{"bfs_id":5937,"rcp":"RCP2.6","period":"2035","key":"SD","value":19.1,"estimate":"q5"},{"bfs_id":5937,"rcp":"RCP2.6","period":"2035","key":"SD","value":24,"estimate":"q50"},{"bfs_id":5937,"rcp":"RCP2.6","period":"2035","key":"SD","value":30,"estimate":"q95"},{"bfs_id":5937,"rcp":"RCP2.6","period":"2060","key":"SD","value":19.7,"estimate":"q5"},{"bfs_id":5937,"rcp":"RCP2.6","period":"2060","key":"SD","value":24,"estimate":"q50"},{"bfs_id":5937,"rcp":"RCP2.6","period":"2060","key":"SD","value":32.6,"estimate":"q95"},{"bfs_id":5937,"rcp":"RCP2.6","period":"2085","key":"SD","value":19.7,"estimate":"q5"},{"bfs_id":5937,"rcp":"RCP2.6","period":"2085","key":"SD","value":22.9,"estimate":"q50"},{"bfs_id":5937,"rcp":"RCP2.6","period":"2085","key":"SD","value":32.2,"estimate":"q95"},{"bfs_id":5937,"rcp":"RCP8.5","period":"2035","key":"SD","value":21.1,"estimate":"q5"},{"bfs_id":5937,"rcp":"RCP8.5","period":"2035","key":"SD","value":25.2,"estimate":"q50"},{"bfs_id":5937,"rcp":"RCP8.5","period":"2035","key":"SD","value":32.3,"estimate":"q95"},{"bfs_id":5937,"rcp":"RCP8.5","period":"2060","key":"SD","value":29.7,"estimate":"q5"},{"bfs_id":5937,"rcp":"RCP8.5","period":"2060","key":"SD","value":37.5,"estimate":"q50"},{"bfs_id":5937,"rcp":"RCP8.5","period":"2060","key":"SD","value":52.6,"estimate":"q95"},{"bfs_id":5937,"rcp":"RCP8.5","period":"2085","key":"SD","value":47.1,"estimate":"q5"},{"bfs_id":5937,"rcp":"RCP8.5","period":"2085","key":"SD","value":55.1,"estimate":"q50"},{"bfs_id":5937,"rcp":"RCP8.5","period":"2085","key":"SD","value":78.6,"estimate":"q95"},{"bfs_id":5937,"rcp":"RCP2.6","period":"2035","key":"snowdays","value":14.9,"estimate":"q5"},{"bfs_id":5937,"rcp":"RCP2.6","period":"2035","key":"snowdays","value":20.2,"estimate":"q50"},{"bfs_id":5937,"rcp":"RCP2.6","period":"2035","key":"snowdays","value":24.6,"estimate":"q95"},{"bfs_id":5937,"rcp":"RCP2.6","period":"2060","key":"snowdays","value":13.8,"estimate":"q5"},{"bfs_id":5937,"rcp":"RCP2.6","period":"2060","key":"snowdays","value":18.6,"estimate":"q50"},{"bfs_id":5937,"rcp":"RCP2.6","period":"2060","key":"snowdays","value":23.8,"estimate":"q95"},{"bfs_id":5937,"rcp":"RCP2.6","period":"2085","key":"snowdays","value":13.9,"estimate":"q5"},{"bfs_id":5937,"rcp":"RCP2.6","period":"2085","key":"snowdays","value":18.8,"estimate":"q50"},{"bfs_id":5937,"rcp":"RCP2.6","period":"2085","key":"snowdays","value":24.4,"estimate":"q95"},{"bfs_id":5937,"rcp":"RCP8.5","period":"2035","key":"snowdays","value":12.5,"estimate":"q5"},{"bfs_id":5937,"rcp":"RCP8.5","period":"2035","key":"snowdays","value":18.8,"estimate":"q50"},{"bfs_id":5937,"rcp":"RCP8.5","period":"2035","key":"snowdays","value":24.1,"estimate":"q95"},{"bfs_id":5937,"rcp":"RCP8.5","period":"2060","key":"snowdays","value":9.2,"estimate":"q5"},{"bfs_id":5937,"rcp":"RCP8.5","period":"2060","key":"snowdays","value":13.6,"estimate":"q50"},{"bfs_id":5937,"rcp":"RCP8.5","period":"2060","key":"snowdays","value":16.6,"estimate":"q95"},{"bfs_id":5937,"rcp":"RCP8.5","period":"2085","key":"snowdays","value":4.3,"estimate":"q5"},{"bfs_id":5937,"rcp":"RCP8.5","period":"2085","key":"snowdays","value":7.7,"estimate":"q50"},{"bfs_id":5937,"rcp":"RCP8.5","period":"2085","key":"snowdays","value":12.7,"estimate":"q95"},{"bfs_id":5937,"rcp":"RCP2.6","period":"2035","key":"TN","value":1.6,"estimate":"q5"},{"bfs_id":5937,"rcp":"RCP2.6","period":"2035","key":"TN","value":3.4,"estimate":"q50"},{"bfs_id":5937,"rcp":"RCP2.6","period":"2035","key":"TN","value":5.1,"estimate":"q95"},{"bfs_id":5937,"rcp":"RCP2.6","period":"2060","key":"TN","value":2.3,"estimate":"q5"},{"bfs_id":5937,"rcp":"RCP2.6","period":"2060","key":"TN","value":3.6,"estimate":"q50"},{"bfs_id":5937,"rcp":"RCP2.6","period":"2060","key":"TN","value":5.4,"estimate":"q95"},{"bfs_id":5937,"rcp":"RCP2.6","period":"2085","key":"TN","value":2.2,"estimate":"q5"},{"bfs_id":5937,"rcp":"RCP2.6","period":"2085","key":"TN","value":3.3,"estimate":"q50"},{"bfs_id":5937,"rcp":"RCP2.6","period":"2085","key":"TN","value":5.9,"estimate":"q95"},{"bfs_id":5937,"rcp":"RCP8.5","period":"2035","key":"TN","value":2.6,"estimate":"q5"},{"bfs_id":5937,"rcp":"RCP8.5","period":"2035","key":"TN","value":4.3,"estimate":"q50"},{"bfs_id":5937,"rcp":"RCP8.5","period":"2035","key":"TN","value":7.8,"estimate":"q95"},{"bfs_id":5937,"rcp":"RCP8.5","period":"2060","key":"TN","value":6.9,"estimate":"q5"},{"bfs_id":5937,"rcp":"RCP8.5","period":"2060","key":"TN","value":11.1,"estimate":"q50"},{"bfs_id":5937,"rcp":"RCP8.5","period":"2060","key":"TN","value":17.6,"estimate":"q95"},{"bfs_id":5937,"rcp":"RCP8.5","period":"2085","key":"TN","value":16.1,"estimate":"q5"},{"bfs_id":5937,"rcp":"RCP8.5","period":"2085","key":"TN","value":21.9,"estimate":"q50"},{"bfs_id":5937,"rcp":"RCP8.5","period":"2085","key":"TN","value":43.9,"estimate":"q95"},{"bfs_id":5937,"rcp":"RCP2.6","period":"2035","key":"pr","value":3.4,"estimate":"q5","season":"DJF"},{"bfs_id":5937,"rcp":"RCP2.6","period":"2035","key":"pr","value":3,"estimate":"q5","season":"MAM"},{"bfs_id":5937,"rcp":"RCP2.6","period":"2035","key":"pr","value":2.9,"estimate":"q5","season":"JJA"},{"bfs_id":5937,"rcp":"RCP2.6","period":"2035","key":"pr","value":3.3,"estimate":"q5","season":"SON"},{"bfs_id":5937,"rcp":"RCP2.6","period":"2035","key":"pr","value":4,"estimate":"q50","season":"DJF"},{"bfs_id":5937,"rcp":"RCP2.6","period":"2035","key":"pr","value":3.6,"estimate":"q50","season":"MAM"},{"bfs_id":5937,"rcp":"RCP2.6","period":"2035","key":"pr","value":3.3,"estimate":"q50","season":"JJA"},{"bfs_id":5937,"rcp":"RCP2.6","period":"2035","key":"pr","value":3.7,"estimate":"q50","season":"SON"},{"bfs_id":5937,"rcp":"RCP2.6","period":"2035","key":"pr","value":4.7,"estimate":"q95","season":"DJF"},{"bfs_id":5937,"rcp":"RCP2.6","period":"2035","key":"pr","value":3.9,"estimate":"q95","season":"MAM"},{"bfs_id":5937,"rcp":"RCP2.6","period":"2035","key":"pr","value":3.8,"estimate":"q95","season":"JJA"},{"bfs_id":5937,"rcp":"RCP2.6","period":"2035","key":"pr","value":4.2,"estimate":"q95","season":"SON"},{"bfs_id":5937,"rcp":"RCP2.6","period":"2060","key":"pr","value":3.6,"estimate":"q5","season":"DJF"},{"bfs_id":5937,"rcp":"RCP2.6","period":"2060","key":"pr","value":3.2,"estimate":"q5","season":"MAM"},{"bfs_id":5937,"rcp":"RCP2.6","period":"2060","key":"pr","value":2.9,"estimate":"q5","season":"JJA"},{"bfs_id":5937,"rcp":"RCP2.6","period":"2060","key":"pr","value":3.5,"estimate":"q5","season":"SON"},{"bfs_id":5937,"rcp":"RCP2.6","period":"2060","key":"pr","value":4.1,"estimate":"q50","season":"DJF"},{"bfs_id":5937,"rcp":"RCP2.6","period":"2060","key":"pr","value":3.6,"estimate":"q50","season":"MAM"},{"bfs_id":5937,"rcp":"RCP2.6","period":"2060","key":"pr","value":3.3,"estimate":"q50","season":"JJA"},{"bfs_id":5937,"rcp":"RCP2.6","period":"2060","key":"pr","value":3.7,"estimate":"q50","season":"SON"},{"bfs_id":5937,"rcp":"RCP2.6","period":"2060","key":"pr","value":4.5,"estimate":"q95","season":"DJF"},{"bfs_id":5937,"rcp":"RCP2.6","period":"2060","key":"pr","value":3.9,"estimate":"q95","season":"MAM"},{"bfs_id":5937,"rcp":"RCP2.6","period":"2060","key":"pr","value":3.7,"estimate":"q95","season":"JJA"},{"bfs_id":5937,"rcp":"RCP2.6","period":"2060","key":"pr","value":4,"estimate":"q95","season":"SON"},{"bfs_id":5937,"rcp":"RCP2.6","period":"2085","key":"pr","value":3.5,"estimate":"q5","season":"DJF"},{"bfs_id":5937,"rcp":"RCP2.6","period":"2085","key":"pr","value":3.2,"estimate":"q5","season":"MAM"},{"bfs_id":5937,"rcp":"RCP2.6","period":"2085","key":"pr","value":2.9,"estimate":"q5","season":"JJA"},{"bfs_id":5937,"rcp":"RCP2.6","period":"2085","key":"pr","value":3.3,"estimate":"q5","season":"SON"},{"bfs_id":5937,"rcp":"RCP2.6","period":"2085","key":"pr","value":4.1,"estimate":"q50","season":"DJF"},{"bfs_id":5937,"rcp":"RCP2.6","period":"2085","key":"pr","value":3.6,"estimate":"q50","season":"MAM"},{"bfs_id":5937,"rcp":"RCP2.6","period":"2085","key":"pr","value":3.4,"estimate":"q50","season":"JJA"},{"bfs_id":5937,"rcp":"RCP2.6","period":"2085","key":"pr","value":3.6,"estimate":"q50","season":"SON"},{"bfs_id":5937,"rcp":"RCP2.6","period":"2085","key":"pr","value":4.5,"estimate":"q95","season":"DJF"},{"bfs_id":5937,"rcp":"RCP2.6","period":"2085","key":"pr","value":3.9,"estimate":"q95","season":"MAM"},{"bfs_id":5937,"rcp":"RCP2.6","period":"2085","key":"pr","value":3.7,"estimate":"q95","season":"JJA"},{"bfs_id":5937,"rcp":"RCP2.6","period":"2085","key":"pr","value":4.2,"estimate":"q95","season":"SON"},{"bfs_id":5937,"rcp":"RCP8.5","period":"2035","key":"pr","value":3.8,"estimate":"q5","season":"DJF"},{"bfs_id":5937,"rcp":"RCP8.5","period":"2035","key":"pr","value":3.3,"estimate":"q5","season":"MAM"},{"bfs_id":5937,"rcp":"RCP8.5","period":"2035","key":"pr","value":2.6,"estimate":"q5","season":"JJA"},{"bfs_id":5937,"rcp":"RCP8.5","period":"2035","key":"pr","value":3.3,"estimate":"q5","season":"SON"},{"bfs_id":5937,"rcp":"RCP8.5","period":"2035","key":"pr","value":4.2,"estimate":"q50","season":"DJF"},{"bfs_id":5937,"rcp":"RCP8.5","period":"2035","key":"pr","value":3.7,"estimate":"q50","season":"MAM"},{"bfs_id":5937,"rcp":"RCP8.5","period":"2035","key":"pr","value":3.3,"estimate":"q50","season":"JJA"},{"bfs_id":5937,"rcp":"RCP8.5","period":"2035","key":"pr","value":3.8,"estimate":"q50","season":"SON"},{"bfs_id":5937,"rcp":"RCP8.5","period":"2035","key":"pr","value":4.6,"estimate":"q95","season":"DJF"},{"bfs_id":5937,"rcp":"RCP8.5","period":"2035","key":"pr","value":3.9,"estimate":"q95","season":"MAM"},{"bfs_id":5937,"rcp":"RCP8.5","period":"2035","key":"pr","value":3.7,"estimate":"q95","season":"JJA"},{"bfs_id":5937,"rcp":"RCP8.5","period":"2035","key":"pr","value":4.3,"estimate":"q95","season":"SON"},{"bfs_id":5937,"rcp":"RCP8.5","period":"2060","key":"pr","value":3.9,"estimate":"q5","season":"DJF"},{"bfs_id":5937,"rcp":"RCP8.5","period":"2060","key":"pr","value":3.4,"estimate":"q5","season":"MAM"},{"bfs_id":5937,"rcp":"RCP8.5","period":"2060","key":"pr","value":2.4,"estimate":"q5","season":"JJA"},{"bfs_id":5937,"rcp":"RCP8.5","period":"2060","key":"pr","value":3.4,"estimate":"q5","season":"SON"},{"bfs_id":5937,"rcp":"RCP8.5","period":"2060","key":"pr","value":4.2,"estimate":"q50","season":"DJF"},{"bfs_id":5937,"rcp":"RCP8.5","period":"2060","key":"pr","value":3.8,"estimate":"q50","season":"MAM"},{"bfs_id":5937,"rcp":"RCP8.5","period":"2060","key":"pr","value":3.1,"estimate":"q50","season":"JJA"},{"bfs_id":5937,"rcp":"RCP8.5","period":"2060","key":"pr","value":3.8,"estimate":"q50","season":"SON"},{"bfs_id":5937,"rcp":"RCP8.5","period":"2060","key":"pr","value":4.8,"estimate":"q95","season":"DJF"},{"bfs_id":5937,"rcp":"RCP8.5","period":"2060","key":"pr","value":3.9,"estimate":"q95","season":"MAM"},{"bfs_id":5937,"rcp":"RCP8.5","period":"2060","key":"pr","value":3.5,"estimate":"q95","season":"JJA"},{"bfs_id":5937,"rcp":"RCP8.5","period":"2060","key":"pr","value":4.1,"estimate":"q95","season":"SON"},{"bfs_id":5937,"rcp":"RCP8.5","period":"2085","key":"pr","value":4.1,"estimate":"q5","season":"DJF"},{"bfs_id":5937,"rcp":"RCP8.5","period":"2085","key":"pr","value":3.4,"estimate":"q5","season":"MAM"},{"bfs_id":5937,"rcp":"RCP8.5","period":"2085","key":"pr","value":1.9,"estimate":"q5","season":"JJA"},{"bfs_id":5937,"rcp":"RCP8.5","period":"2085","key":"pr","value":3.1,"estimate":"q5","season":"SON"},{"bfs_id":5937,"rcp":"RCP8.5","period":"2085","key":"pr","value":4.6,"estimate":"q50","season":"DJF"},{"bfs_id":5937,"rcp":"RCP8.5","period":"2085","key":"pr","value":3.9,"estimate":"q50","season":"MAM"},{"bfs_id":5937,"rcp":"RCP8.5","period":"2085","key":"pr","value":2.7,"estimate":"q50","season":"JJA"},{"bfs_id":5937,"rcp":"RCP8.5","period":"2085","key":"pr","value":3.7,"estimate":"q50","season":"SON"},{"bfs_id":5937,"rcp":"RCP8.5","period":"2085","key":"pr","value":5.2,"estimate":"q95","season":"DJF"},{"bfs_id":5937,"rcp":"RCP8.5","period":"2085","key":"pr","value":4.3,"estimate":"q95","season":"MAM"},{"bfs_id":5937,"rcp":"RCP8.5","period":"2085","key":"pr","value":3.5,"estimate":"q95","season":"JJA"},{"bfs_id":5937,"rcp":"RCP8.5","period":"2085","key":"pr","value":4.2,"estimate":"q95","season":"SON"},{"bfs_id":5937,"rcp":"RCP2.6","period":"2035","key":"tas","value":1.4,"estimate":"q5","season":"DJF"},{"bfs_id":5937,"rcp":"RCP2.6","period":"2035","key":"tas","value":8.4,"estimate":"q5","season":"MAM"},{"bfs_id":5937,"rcp":"RCP2.6","period":"2035","key":"tas","value":17.4,"estimate":"q5","season":"JJA"},{"bfs_id":5937,"rcp":"RCP2.6","period":"2035","key":"tas","value":9.7,"estimate":"q5","season":"SON"},{"bfs_id":5937,"rcp":"RCP2.6","period":"2035","key":"tas","value":1.8,"estimate":"q50","season":"DJF"},{"bfs_id":5937,"rcp":"RCP2.6","period":"2035","key":"tas","value":8.9,"estimate":"q50","season":"MAM"},{"bfs_id":5937,"rcp":"RCP2.6","period":"2035","key":"tas","value":18,"estimate":"q50","season":"JJA"},{"bfs_id":5937,"rcp":"RCP2.6","period":"2035","key":"tas","value":10,"estimate":"q50","season":"SON"},{"bfs_id":5937,"rcp":"RCP2.6","period":"2035","key":"tas","value":2.4,"estimate":"q95","season":"DJF"},{"bfs_id":5937,"rcp":"RCP2.6","period":"2035","key":"tas","value":9.2,"estimate":"q95","season":"MAM"},{"bfs_id":5937,"rcp":"RCP2.6","period":"2035","key":"tas","value":18.6,"estimate":"q95","season":"JJA"},{"bfs_id":5937,"rcp":"RCP2.6","period":"2035","key":"tas","value":10.8,"estimate":"q95","season":"SON"},{"bfs_id":5937,"rcp":"RCP2.6","period":"2060","key":"tas","value":1.4,"estimate":"q5","season":"DJF"},{"bfs_id":5937,"rcp":"RCP2.6","period":"2060","key":"tas","value":8.3,"estimate":"q5","season":"MAM"},{"bfs_id":5937,"rcp":"RCP2.6","period":"2060","key":"tas","value":17.6,"estimate":"q5","season":"JJA"},{"bfs_id":5937,"rcp":"RCP2.6","period":"2060","key":"tas","value":9.9,"estimate":"q5","season":"SON"},{"bfs_id":5937,"rcp":"RCP2.6","period":"2060","key":"tas","value":2.1,"estimate":"q50","season":"DJF"},{"bfs_id":5937,"rcp":"RCP2.6","period":"2060","key":"tas","value":8.9,"estimate":"q50","season":"MAM"},{"bfs_id":5937,"rcp":"RCP2.6","period":"2060","key":"tas","value":18.1,"estimate":"q50","season":"JJA"},{"bfs_id":5937,"rcp":"RCP2.6","period":"2060","key":"tas","value":10.3,"estimate":"q50","season":"SON"},{"bfs_id":5937,"rcp":"RCP2.6","period":"2060","key":"tas","value":2.6,"estimate":"q95","season":"DJF"},{"bfs_id":5937,"rcp":"RCP2.6","period":"2060","key":"tas","value":9.5,"estimate":"q95","season":"MAM"},{"bfs_id":5937,"rcp":"RCP2.6","period":"2060","key":"tas","value":18.8,"estimate":"q95","season":"JJA"},{"bfs_id":5937,"rcp":"RCP2.6","period":"2060","key":"tas","value":11.2,"estimate":"q95","season":"SON"},{"bfs_id":5937,"rcp":"RCP2.6","period":"2085","key":"tas","value":1.4,"estimate":"q5","season":"DJF"},{"bfs_id":5937,"rcp":"RCP2.6","period":"2085","key":"tas","value":8.3,"estimate":"q5","season":"MAM"},{"bfs_id":5937,"rcp":"RCP2.6","period":"2085","key":"tas","value":17.5,"estimate":"q5","season":"JJA"},{"bfs_id":5937,"rcp":"RCP2.6","period":"2085","key":"tas","value":9.7,"estimate":"q5","season":"SON"},{"bfs_id":5937,"rcp":"RCP2.6","period":"2085","key":"tas","value":1.9,"estimate":"q50","season":"DJF"},{"bfs_id":5937,"rcp":"RCP2.6","period":"2085","key":"tas","value":9,"estimate":"q50","season":"MAM"},{"bfs_id":5937,"rcp":"RCP2.6","period":"2085","key":"tas","value":18.1,"estimate":"q50","season":"JJA"},{"bfs_id":5937,"rcp":"RCP2.6","period":"2085","key":"tas","value":10.2,"estimate":"q50","season":"SON"},{"bfs_id":5937,"rcp":"RCP2.6","period":"2085","key":"tas","value":2.7,"estimate":"q95","season":"DJF"},{"bfs_id":5937,"rcp":"RCP2.6","period":"2085","key":"tas","value":9.5,"estimate":"q95","season":"MAM"},{"bfs_id":5937,"rcp":"RCP2.6","period":"2085","key":"tas","value":18.7,"estimate":"q95","season":"JJA"},{"bfs_id":5937,"rcp":"RCP2.6","period":"2085","key":"tas","value":11.1,"estimate":"q95","season":"SON"},{"bfs_id":5937,"rcp":"RCP8.5","period":"2035","key":"tas","value":1.5,"estimate":"q5","season":"DJF"},{"bfs_id":5937,"rcp":"RCP8.5","period":"2035","key":"tas","value":8.5,"estimate":"q5","season":"MAM"},{"bfs_id":5937,"rcp":"RCP8.5","period":"2035","key":"tas","value":17.7,"estimate":"q5","season":"JJA"},{"bfs_id":5937,"rcp":"RCP8.5","period":"2035","key":"tas","value":9.9,"estimate":"q5","season":"SON"},{"bfs_id":5937,"rcp":"RCP8.5","period":"2035","key":"tas","value":2.1,"estimate":"q50","season":"DJF"},{"bfs_id":5937,"rcp":"RCP8.5","period":"2035","key":"tas","value":8.9,"estimate":"q50","season":"MAM"},{"bfs_id":5937,"rcp":"RCP8.5","period":"2035","key":"tas","value":18.3,"estimate":"q50","season":"JJA"},{"bfs_id":5937,"rcp":"RCP8.5","period":"2035","key":"tas","value":10.4,"estimate":"q50","season":"SON"},{"bfs_id":5937,"rcp":"RCP8.5","period":"2035","key":"tas","value":2.5,"estimate":"q95","season":"DJF"},{"bfs_id":5937,"rcp":"RCP8.5","period":"2035","key":"tas","value":9.4,"estimate":"q95","season":"MAM"},{"bfs_id":5937,"rcp":"RCP8.5","period":"2035","key":"tas","value":18.9,"estimate":"q95","season":"JJA"},{"bfs_id":5937,"rcp":"RCP8.5","period":"2035","key":"tas","value":11.2,"estimate":"q95","season":"SON"},{"bfs_id":5937,"rcp":"RCP8.5","period":"2060","key":"tas","value":2.6,"estimate":"q5","season":"DJF"},{"bfs_id":5937,"rcp":"RCP8.5","period":"2060","key":"tas","value":9.3,"estimate":"q5","season":"MAM"},{"bfs_id":5937,"rcp":"RCP8.5","period":"2060","key":"tas","value":18.9,"estimate":"q5","season":"JJA"},{"bfs_id":5937,"rcp":"RCP8.5","period":"2060","key":"tas","value":11,"estimate":"q5","season":"SON"},{"bfs_id":5937,"rcp":"RCP8.5","period":"2060","key":"tas","value":2.9,"estimate":"q50","season":"DJF"},{"bfs_id":5937,"rcp":"RCP8.5","period":"2060","key":"tas","value":9.9,"estimate":"q50","season":"MAM"},{"bfs_id":5937,"rcp":"RCP8.5","period":"2060","key":"tas","value":19.4,"estimate":"q50","season":"JJA"},{"bfs_id":5937,"rcp":"RCP8.5","period":"2060","key":"tas","value":11.6,"estimate":"q50","season":"SON"},{"bfs_id":5937,"rcp":"RCP8.5","period":"2060","key":"tas","value":3.6,"estimate":"q95","season":"DJF"},{"bfs_id":5937,"rcp":"RCP8.5","period":"2060","key":"tas","value":10.6,"estimate":"q95","season":"MAM"},{"bfs_id":5937,"rcp":"RCP8.5","period":"2060","key":"tas","value":20.6,"estimate":"q95","season":"JJA"},{"bfs_id":5937,"rcp":"RCP8.5","period":"2060","key":"tas","value":12.4,"estimate":"q95","season":"SON"},{"bfs_id":5937,"rcp":"RCP8.5","period":"2085","key":"tas","value":3.6,"estimate":"q5","season":"DJF"},{"bfs_id":5937,"rcp":"RCP8.5","period":"2085","key":"tas","value":10.4,"estimate":"q5","season":"MAM"},{"bfs_id":5937,"rcp":"RCP8.5","period":"2085","key":"tas","value":20.3,"estimate":"q5","season":"JJA"},{"bfs_id":5937,"rcp":"RCP8.5","period":"2085","key":"tas","value":12.1,"estimate":"q5","season":"SON"},{"bfs_id":5937,"rcp":"RCP8.5","period":"2085","key":"tas","value":4.6,"estimate":"q50","season":"DJF"},{"bfs_id":5937,"rcp":"RCP8.5","period":"2085","key":"tas","value":11.2,"estimate":"q50","season":"MAM"},{"bfs_id":5937,"rcp":"RCP8.5","period":"2085","key":"tas","value":21,"estimate":"q50","season":"JJA"},{"bfs_id":5937,"rcp":"RCP8.5","period":"2085","key":"tas","value":13,"estimate":"q50","season":"SON"},{"bfs_id":5937,"rcp":"RCP8.5","period":"2085","key":"tas","value":5.4,"estimate":"q95","season":"DJF"},{"bfs_id":5937,"rcp":"RCP8.5","period":"2085","key":"tas","value":12.4,"estimate":"q95","season":"MAM"},{"bfs_id":5937,"rcp":"RCP8.5","period":"2085","key":"tas","value":23.3,"estimate":"q95","season":"JJA"},{"bfs_id":5937,"rcp":"RCP8.5","period":"2085","key":"tas","value":14.5,"estimate":"q95","season":"SON"},{"bfs_id":5937,"rcp":"obs","period":"1981-2010","key":"FD","value":85.2,"estimate":"yearly_mean"},{"bfs_id":5937,"rcp":"obs","period":"1981-2010","key":"HD","value":0.5,"estimate":"yearly_mean"},{"bfs_id":5937,"rcp":"obs","period":"1981-2010","key":"ID","value":19.2,"estimate":"yearly_mean"},{"bfs_id":5937,"rcp":"obs","period":"1981-2010","key":"SD","value":14.7,"estimate":"yearly_mean"},{"bfs_id":5937,"rcp":"obs","period":"1981-2010","key":"snowdays","value":21.5,"estimate":"yearly_mean"},{"bfs_id":5937,"rcp":"obs","period":"1981-2010","key":"TN","value":0.8,"estimate":"yearly_mean"},{"bfs_id":5937,"rcp":"obs","period":"1981-2010","key":"pr","value":3.8,"estimate":"mean","season":"DJF"},{"bfs_id":5937,"rcp":"obs","period":"1981-2010","key":"pr","value":3.4,"estimate":"mean","season":"MAM"},{"bfs_id":5937,"rcp":"obs","period":"1981-2010","key":"pr","value":3.6,"estimate":"mean","season":"JJA"},{"bfs_id":5937,"rcp":"obs","period":"1981-2010","key":"pr","value":3.8,"estimate":"mean","season":"SON"},{"bfs_id":5937,"rcp":"obs","period":"1981-2010","key":"tas","value":0.6,"estimate":"mean","season":"DJF"},{"bfs_id":5937,"rcp":"obs","period":"1981-2010","key":"tas","value":8.3,"estimate":"mean","season":"MAM"},{"bfs_id":5937,"rcp":"obs","period":"1981-2010","key":"tas","value":16.9,"estimate":"mean","season":"JJA"},{"bfs_id":5937,"rcp":"obs","period":"1981-2010","key":"tas","value":9,"estimate":"mean","season":"SON"}]
