[{"bfs_id":6459,"rcp":"RCP2.6","period":"2035","key":"FD","value":39.7,"estimate":"q5"},{"bfs_id":6459,"rcp":"RCP2.6","period":"2035","key":"FD","value":47.7,"estimate":"q50"},{"bfs_id":6459,"rcp":"RCP2.6","period":"2035","key":"FD","value":52.9,"estimate":"q95"},{"bfs_id":6459,"rcp":"RCP2.6","period":"2060","key":"FD","value":37.5,"estimate":"q5"},{"bfs_id":6459,"rcp":"RCP2.6","period":"2060","key":"FD","value":44.7,"estimate":"q50"},{"bfs_id":6459,"rcp":"RCP2.6","period":"2060","key":"FD","value":50.5,"estimate":"q95"},{"bfs_id":6459,"rcp":"RCP2.6","period":"2085","key":"FD","value":36.8,"estimate":"q5"},{"bfs_id":6459,"rcp":"RCP2.6","period":"2085","key":"FD","value":45.1,"estimate":"q50"},{"bfs_id":6459,"rcp":"RCP2.6","period":"2085","key":"FD","value":51.6,"estimate":"q95"},{"bfs_id":6459,"rcp":"RCP8.5","period":"2035","key":"FD","value":37.3,"estimate":"q5"},{"bfs_id":6459,"rcp":"RCP8.5","period":"2035","key":"FD","value":45.2,"estimate":"q50"},{"bfs_id":6459,"rcp":"RCP8.5","period":"2035","key":"FD","value":50,"estimate":"q95"},{"bfs_id":6459,"rcp":"RCP8.5","period":"2060","key":"FD","value":28,"estimate":"q5"},{"bfs_id":6459,"rcp":"RCP8.5","period":"2060","key":"FD","value":32.9,"estimate":"q50"},{"bfs_id":6459,"rcp":"RCP8.5","period":"2060","key":"FD","value":37.6,"estimate":"q95"},{"bfs_id":6459,"rcp":"RCP8.5","period":"2085","key":"FD","value":14.3,"estimate":"q5"},{"bfs_id":6459,"rcp":"RCP8.5","period":"2085","key":"FD","value":18.5,"estimate":"q50"},{"bfs_id":6459,"rcp":"RCP8.5","period":"2085","key":"FD","value":25.4,"estimate":"q95"},{"bfs_id":6459,"rcp":"RCP2.6","period":"2035","key":"HD","value":9,"estimate":"q5"},{"bfs_id":6459,"rcp":"RCP2.6","period":"2035","key":"HD","value":13.1,"estimate":"q50"},{"bfs_id":6459,"rcp":"RCP2.6","period":"2035","key":"HD","value":18.4,"estimate":"q95"},{"bfs_id":6459,"rcp":"RCP2.6","period":"2060","key":"HD","value":10,"estimate":"q5"},{"bfs_id":6459,"rcp":"RCP2.6","period":"2060","key":"HD","value":13.1,"estimate":"q50"},{"bfs_id":6459,"rcp":"RCP2.6","period":"2060","key":"HD","value":21.6,"estimate":"q95"},{"bfs_id":6459,"rcp":"RCP2.6","period":"2085","key":"HD","value":10.2,"estimate":"q5"},{"bfs_id":6459,"rcp":"RCP2.6","period":"2085","key":"HD","value":12.3,"estimate":"q50"},{"bfs_id":6459,"rcp":"RCP2.6","period":"2085","key":"HD","value":20.8,"estimate":"q95"},{"bfs_id":6459,"rcp":"RCP8.5","period":"2035","key":"HD","value":11,"estimate":"q5"},{"bfs_id":6459,"rcp":"RCP8.5","period":"2035","key":"HD","value":13.3,"estimate":"q50"},{"bfs_id":6459,"rcp":"RCP8.5","period":"2035","key":"HD","value":19.7,"estimate":"q95"},{"bfs_id":6459,"rcp":"RCP8.5","period":"2060","key":"HD","value":16.5,"estimate":"q5"},{"bfs_id":6459,"rcp":"RCP8.5","period":"2060","key":"HD","value":22.9,"estimate":"q50"},{"bfs_id":6459,"rcp":"RCP8.5","period":"2060","key":"HD","value":36.5,"estimate":"q95"},{"bfs_id":6459,"rcp":"RCP8.5","period":"2085","key":"HD","value":30.4,"estimate":"q5"},{"bfs_id":6459,"rcp":"RCP8.5","period":"2085","key":"HD","value":37.6,"estimate":"q50"},{"bfs_id":6459,"rcp":"RCP8.5","period":"2085","key":"HD","value":60.9,"estimate":"q95"},{"bfs_id":6459,"rcp":"RCP2.6","period":"2035","key":"ID","value":8.1,"estimate":"q5"},{"bfs_id":6459,"rcp":"RCP2.6","period":"2035","key":"ID","value":11.1,"estimate":"q50"},{"bfs_id":6459,"rcp":"RCP2.6","period":"2035","key":"ID","value":13.8,"estimate":"q95"},{"bfs_id":6459,"rcp":"RCP2.6","period":"2060","key":"ID","value":7.7,"estimate":"q5"},{"bfs_id":6459,"rcp":"RCP2.6","period":"2060","key":"ID","value":11,"estimate":"q50"},{"bfs_id":6459,"rcp":"RCP2.6","period":"2060","key":"ID","value":13.1,"estimate":"q95"},{"bfs_id":6459,"rcp":"RCP2.6","period":"2085","key":"ID","value":7.9,"estimate":"q5"},{"bfs_id":6459,"rcp":"RCP2.6","period":"2085","key":"ID","value":10.2,"estimate":"q50"},{"bfs_id":6459,"rcp":"RCP2.6","period":"2085","key":"ID","value":13.9,"estimate":"q95"},{"bfs_id":6459,"rcp":"RCP8.5","period":"2035","key":"ID","value":8.2,"estimate":"q5"},{"bfs_id":6459,"rcp":"RCP8.5","period":"2035","key":"ID","value":9.6,"estimate":"q50"},{"bfs_id":6459,"rcp":"RCP8.5","period":"2035","key":"ID","value":13.2,"estimate":"q95"},{"bfs_id":6459,"rcp":"RCP8.5","period":"2060","key":"ID","value":5.2,"estimate":"q5"},{"bfs_id":6459,"rcp":"RCP8.5","period":"2060","key":"ID","value":7.1,"estimate":"q50"},{"bfs_id":6459,"rcp":"RCP8.5","period":"2060","key":"ID","value":9.2,"estimate":"q95"},{"bfs_id":6459,"rcp":"RCP8.5","period":"2085","key":"ID","value":1.2,"estimate":"q5"},{"bfs_id":6459,"rcp":"RCP8.5","period":"2085","key":"ID","value":3,"estimate":"q50"},{"bfs_id":6459,"rcp":"RCP8.5","period":"2085","key":"ID","value":5.1,"estimate":"q95"},{"bfs_id":6459,"rcp":"RCP2.6","period":"2035","key":"SD","value":49.7,"estimate":"q5"},{"bfs_id":6459,"rcp":"RCP2.6","period":"2035","key":"SD","value":56.7,"estimate":"q50"},{"bfs_id":6459,"rcp":"RCP2.6","period":"2035","key":"SD","value":65.1,"estimate":"q95"},{"bfs_id":6459,"rcp":"RCP2.6","period":"2060","key":"SD","value":51.3,"estimate":"q5"},{"bfs_id":6459,"rcp":"RCP2.6","period":"2060","key":"SD","value":58.2,"estimate":"q50"},{"bfs_id":6459,"rcp":"RCP2.6","period":"2060","key":"SD","value":65.1,"estimate":"q95"},{"bfs_id":6459,"rcp":"RCP2.6","period":"2085","key":"SD","value":50.6,"estimate":"q5"},{"bfs_id":6459,"rcp":"RCP2.6","period":"2085","key":"SD","value":58.7,"estimate":"q50"},{"bfs_id":6459,"rcp":"RCP2.6","period":"2085","key":"SD","value":64.7,"estimate":"q95"},{"bfs_id":6459,"rcp":"RCP8.5","period":"2035","key":"SD","value":53,"estimate":"q5"},{"bfs_id":6459,"rcp":"RCP8.5","period":"2035","key":"SD","value":59.4,"estimate":"q50"},{"bfs_id":6459,"rcp":"RCP8.5","period":"2035","key":"SD","value":65.9,"estimate":"q95"},{"bfs_id":6459,"rcp":"RCP8.5","period":"2060","key":"SD","value":68.8,"estimate":"q5"},{"bfs_id":6459,"rcp":"RCP8.5","period":"2060","key":"SD","value":73.9,"estimate":"q50"},{"bfs_id":6459,"rcp":"RCP8.5","period":"2060","key":"SD","value":88.4,"estimate":"q95"},{"bfs_id":6459,"rcp":"RCP8.5","period":"2085","key":"SD","value":83.9,"estimate":"q5"},{"bfs_id":6459,"rcp":"RCP8.5","period":"2085","key":"SD","value":96.6,"estimate":"q50"},{"bfs_id":6459,"rcp":"RCP8.5","period":"2085","key":"SD","value":114.9,"estimate":"q95"},{"bfs_id":6459,"rcp":"RCP2.6","period":"2035","key":"snowdays","value":8.5,"estimate":"q5"},{"bfs_id":6459,"rcp":"RCP2.6","period":"2035","key":"snowdays","value":12.3,"estimate":"q50"},{"bfs_id":6459,"rcp":"RCP2.6","period":"2035","key":"snowdays","value":14.7,"estimate":"q95"},{"bfs_id":6459,"rcp":"RCP2.6","period":"2060","key":"snowdays","value":7.9,"estimate":"q5"},{"bfs_id":6459,"rcp":"RCP2.6","period":"2060","key":"snowdays","value":11.7,"estimate":"q50"},{"bfs_id":6459,"rcp":"RCP2.6","period":"2060","key":"snowdays","value":14.5,"estimate":"q95"},{"bfs_id":6459,"rcp":"RCP2.6","period":"2085","key":"snowdays","value":7.3,"estimate":"q5"},{"bfs_id":6459,"rcp":"RCP2.6","period":"2085","key":"snowdays","value":11.4,"estimate":"q50"},{"bfs_id":6459,"rcp":"RCP2.6","period":"2085","key":"snowdays","value":14.9,"estimate":"q95"},{"bfs_id":6459,"rcp":"RCP8.5","period":"2035","key":"snowdays","value":6.8,"estimate":"q5"},{"bfs_id":6459,"rcp":"RCP8.5","period":"2035","key":"snowdays","value":11.2,"estimate":"q50"},{"bfs_id":6459,"rcp":"RCP8.5","period":"2035","key":"snowdays","value":14.2,"estimate":"q95"},{"bfs_id":6459,"rcp":"RCP8.5","period":"2060","key":"snowdays","value":5.1,"estimate":"q5"},{"bfs_id":6459,"rcp":"RCP8.5","period":"2060","key":"snowdays","value":7.9,"estimate":"q50"},{"bfs_id":6459,"rcp":"RCP8.5","period":"2060","key":"snowdays","value":9.9,"estimate":"q95"},{"bfs_id":6459,"rcp":"RCP8.5","period":"2085","key":"snowdays","value":2.2,"estimate":"q5"},{"bfs_id":6459,"rcp":"RCP8.5","period":"2085","key":"snowdays","value":3.9,"estimate":"q50"},{"bfs_id":6459,"rcp":"RCP8.5","period":"2085","key":"snowdays","value":6.3,"estimate":"q95"},{"bfs_id":6459,"rcp":"RCP2.6","period":"2035","key":"TN","value":2.2,"estimate":"q5"},{"bfs_id":6459,"rcp":"RCP2.6","period":"2035","key":"TN","value":4.2,"estimate":"q50"},{"bfs_id":6459,"rcp":"RCP2.6","period":"2035","key":"TN","value":7.1,"estimate":"q95"},{"bfs_id":6459,"rcp":"RCP2.6","period":"2060","key":"TN","value":3,"estimate":"q5"},{"bfs_id":6459,"rcp":"RCP2.6","period":"2060","key":"TN","value":4.4,"estimate":"q50"},{"bfs_id":6459,"rcp":"RCP2.6","period":"2060","key":"TN","value":7,"estimate":"q95"},{"bfs_id":6459,"rcp":"RCP2.6","period":"2085","key":"TN","value":2.9,"estimate":"q5"},{"bfs_id":6459,"rcp":"RCP2.6","period":"2085","key":"TN","value":4.1,"estimate":"q50"},{"bfs_id":6459,"rcp":"RCP2.6","period":"2085","key":"TN","value":7.6,"estimate":"q95"},{"bfs_id":6459,"rcp":"RCP8.5","period":"2035","key":"TN","value":3.3,"estimate":"q5"},{"bfs_id":6459,"rcp":"RCP8.5","period":"2035","key":"TN","value":5.5,"estimate":"q50"},{"bfs_id":6459,"rcp":"RCP8.5","period":"2035","key":"TN","value":9.1,"estimate":"q95"},{"bfs_id":6459,"rcp":"RCP8.5","period":"2060","key":"TN","value":8,"estimate":"q5"},{"bfs_id":6459,"rcp":"RCP8.5","period":"2060","key":"TN","value":12.4,"estimate":"q50"},{"bfs_id":6459,"rcp":"RCP8.5","period":"2060","key":"TN","value":20.4,"estimate":"q95"},{"bfs_id":6459,"rcp":"RCP8.5","period":"2085","key":"TN","value":19.1,"estimate":"q5"},{"bfs_id":6459,"rcp":"RCP8.5","period":"2085","key":"TN","value":25.5,"estimate":"q50"},{"bfs_id":6459,"rcp":"RCP8.5","period":"2085","key":"TN","value":48.2,"estimate":"q95"},{"bfs_id":6459,"rcp":"RCP2.6","period":"2035","key":"pr","value":2.8,"estimate":"q5","season":"DJF"},{"bfs_id":6459,"rcp":"RCP2.6","period":"2035","key":"pr","value":2.4,"estimate":"q5","season":"MAM"},{"bfs_id":6459,"rcp":"RCP2.6","period":"2035","key":"pr","value":2.5,"estimate":"q5","season":"JJA"},{"bfs_id":6459,"rcp":"RCP2.6","period":"2035","key":"pr","value":2.7,"estimate":"q5","season":"SON"},{"bfs_id":6459,"rcp":"RCP2.6","period":"2035","key":"pr","value":3.2,"estimate":"q50","season":"DJF"},{"bfs_id":6459,"rcp":"RCP2.6","period":"2035","key":"pr","value":2.8,"estimate":"q50","season":"MAM"},{"bfs_id":6459,"rcp":"RCP2.6","period":"2035","key":"pr","value":2.8,"estimate":"q50","season":"JJA"},{"bfs_id":6459,"rcp":"RCP2.6","period":"2035","key":"pr","value":3.1,"estimate":"q50","season":"SON"},{"bfs_id":6459,"rcp":"RCP2.6","period":"2035","key":"pr","value":3.7,"estimate":"q95","season":"DJF"},{"bfs_id":6459,"rcp":"RCP2.6","period":"2035","key":"pr","value":3.1,"estimate":"q95","season":"MAM"},{"bfs_id":6459,"rcp":"RCP2.6","period":"2035","key":"pr","value":3.2,"estimate":"q95","season":"JJA"},{"bfs_id":6459,"rcp":"RCP2.6","period":"2035","key":"pr","value":3.5,"estimate":"q95","season":"SON"},{"bfs_id":6459,"rcp":"RCP2.6","period":"2060","key":"pr","value":2.9,"estimate":"q5","season":"DJF"},{"bfs_id":6459,"rcp":"RCP2.6","period":"2060","key":"pr","value":2.6,"estimate":"q5","season":"MAM"},{"bfs_id":6459,"rcp":"RCP2.6","period":"2060","key":"pr","value":2.3,"estimate":"q5","season":"JJA"},{"bfs_id":6459,"rcp":"RCP2.6","period":"2060","key":"pr","value":2.9,"estimate":"q5","season":"SON"},{"bfs_id":6459,"rcp":"RCP2.6","period":"2060","key":"pr","value":3.3,"estimate":"q50","season":"DJF"},{"bfs_id":6459,"rcp":"RCP2.6","period":"2060","key":"pr","value":2.9,"estimate":"q50","season":"MAM"},{"bfs_id":6459,"rcp":"RCP2.6","period":"2060","key":"pr","value":2.8,"estimate":"q50","season":"JJA"},{"bfs_id":6459,"rcp":"RCP2.6","period":"2060","key":"pr","value":3.1,"estimate":"q50","season":"SON"},{"bfs_id":6459,"rcp":"RCP2.6","period":"2060","key":"pr","value":3.6,"estimate":"q95","season":"DJF"},{"bfs_id":6459,"rcp":"RCP2.6","period":"2060","key":"pr","value":3,"estimate":"q95","season":"MAM"},{"bfs_id":6459,"rcp":"RCP2.6","period":"2060","key":"pr","value":3.2,"estimate":"q95","season":"JJA"},{"bfs_id":6459,"rcp":"RCP2.6","period":"2060","key":"pr","value":3.4,"estimate":"q95","season":"SON"},{"bfs_id":6459,"rcp":"RCP2.6","period":"2085","key":"pr","value":2.8,"estimate":"q5","season":"DJF"},{"bfs_id":6459,"rcp":"RCP2.6","period":"2085","key":"pr","value":2.6,"estimate":"q5","season":"MAM"},{"bfs_id":6459,"rcp":"RCP2.6","period":"2085","key":"pr","value":2.4,"estimate":"q5","season":"JJA"},{"bfs_id":6459,"rcp":"RCP2.6","period":"2085","key":"pr","value":2.7,"estimate":"q5","season":"SON"},{"bfs_id":6459,"rcp":"RCP2.6","period":"2085","key":"pr","value":3.3,"estimate":"q50","season":"DJF"},{"bfs_id":6459,"rcp":"RCP2.6","period":"2085","key":"pr","value":2.8,"estimate":"q50","season":"MAM"},{"bfs_id":6459,"rcp":"RCP2.6","period":"2085","key":"pr","value":2.9,"estimate":"q50","season":"JJA"},{"bfs_id":6459,"rcp":"RCP2.6","period":"2085","key":"pr","value":3,"estimate":"q50","season":"SON"},{"bfs_id":6459,"rcp":"RCP2.6","period":"2085","key":"pr","value":3.6,"estimate":"q95","season":"DJF"},{"bfs_id":6459,"rcp":"RCP2.6","period":"2085","key":"pr","value":3,"estimate":"q95","season":"MAM"},{"bfs_id":6459,"rcp":"RCP2.6","period":"2085","key":"pr","value":3.2,"estimate":"q95","season":"JJA"},{"bfs_id":6459,"rcp":"RCP2.6","period":"2085","key":"pr","value":3.5,"estimate":"q95","season":"SON"},{"bfs_id":6459,"rcp":"RCP8.5","period":"2035","key":"pr","value":3,"estimate":"q5","season":"DJF"},{"bfs_id":6459,"rcp":"RCP8.5","period":"2035","key":"pr","value":2.7,"estimate":"q5","season":"MAM"},{"bfs_id":6459,"rcp":"RCP8.5","period":"2035","key":"pr","value":2.2,"estimate":"q5","season":"JJA"},{"bfs_id":6459,"rcp":"RCP8.5","period":"2035","key":"pr","value":2.7,"estimate":"q5","season":"SON"},{"bfs_id":6459,"rcp":"RCP8.5","period":"2035","key":"pr","value":3.4,"estimate":"q50","season":"DJF"},{"bfs_id":6459,"rcp":"RCP8.5","period":"2035","key":"pr","value":2.9,"estimate":"q50","season":"MAM"},{"bfs_id":6459,"rcp":"RCP8.5","period":"2035","key":"pr","value":2.9,"estimate":"q50","season":"JJA"},{"bfs_id":6459,"rcp":"RCP8.5","period":"2035","key":"pr","value":3.2,"estimate":"q50","season":"SON"},{"bfs_id":6459,"rcp":"RCP8.5","period":"2035","key":"pr","value":3.7,"estimate":"q95","season":"DJF"},{"bfs_id":6459,"rcp":"RCP8.5","period":"2035","key":"pr","value":3.1,"estimate":"q95","season":"MAM"},{"bfs_id":6459,"rcp":"RCP8.5","period":"2035","key":"pr","value":3.2,"estimate":"q95","season":"JJA"},{"bfs_id":6459,"rcp":"RCP8.5","period":"2035","key":"pr","value":3.6,"estimate":"q95","season":"SON"},{"bfs_id":6459,"rcp":"RCP8.5","period":"2060","key":"pr","value":3.1,"estimate":"q5","season":"DJF"},{"bfs_id":6459,"rcp":"RCP8.5","period":"2060","key":"pr","value":2.8,"estimate":"q5","season":"MAM"},{"bfs_id":6459,"rcp":"RCP8.5","period":"2060","key":"pr","value":2,"estimate":"q5","season":"JJA"},{"bfs_id":6459,"rcp":"RCP8.5","period":"2060","key":"pr","value":2.8,"estimate":"q5","season":"SON"},{"bfs_id":6459,"rcp":"RCP8.5","period":"2060","key":"pr","value":3.4,"estimate":"q50","season":"DJF"},{"bfs_id":6459,"rcp":"RCP8.5","period":"2060","key":"pr","value":3,"estimate":"q50","season":"MAM"},{"bfs_id":6459,"rcp":"RCP8.5","period":"2060","key":"pr","value":2.8,"estimate":"q50","season":"JJA"},{"bfs_id":6459,"rcp":"RCP8.5","period":"2060","key":"pr","value":3.2,"estimate":"q50","season":"SON"},{"bfs_id":6459,"rcp":"RCP8.5","period":"2060","key":"pr","value":3.8,"estimate":"q95","season":"DJF"},{"bfs_id":6459,"rcp":"RCP8.5","period":"2060","key":"pr","value":3.3,"estimate":"q95","season":"MAM"},{"bfs_id":6459,"rcp":"RCP8.5","period":"2060","key":"pr","value":3.1,"estimate":"q95","season":"JJA"},{"bfs_id":6459,"rcp":"RCP8.5","period":"2060","key":"pr","value":3.5,"estimate":"q95","season":"SON"},{"bfs_id":6459,"rcp":"RCP8.5","period":"2085","key":"pr","value":3.3,"estimate":"q5","season":"DJF"},{"bfs_id":6459,"rcp":"RCP8.5","period":"2085","key":"pr","value":2.8,"estimate":"q5","season":"MAM"},{"bfs_id":6459,"rcp":"RCP8.5","period":"2085","key":"pr","value":1.6,"estimate":"q5","season":"JJA"},{"bfs_id":6459,"rcp":"RCP8.5","period":"2085","key":"pr","value":2.6,"estimate":"q5","season":"SON"},{"bfs_id":6459,"rcp":"RCP8.5","period":"2085","key":"pr","value":3.8,"estimate":"q50","season":"DJF"},{"bfs_id":6459,"rcp":"RCP8.5","period":"2085","key":"pr","value":3.2,"estimate":"q50","season":"MAM"},{"bfs_id":6459,"rcp":"RCP8.5","period":"2085","key":"pr","value":2.4,"estimate":"q50","season":"JJA"},{"bfs_id":6459,"rcp":"RCP8.5","period":"2085","key":"pr","value":3.1,"estimate":"q50","season":"SON"},{"bfs_id":6459,"rcp":"RCP8.5","period":"2085","key":"pr","value":4.2,"estimate":"q95","season":"DJF"},{"bfs_id":6459,"rcp":"RCP8.5","period":"2085","key":"pr","value":3.5,"estimate":"q95","season":"MAM"},{"bfs_id":6459,"rcp":"RCP8.5","period":"2085","key":"pr","value":3,"estimate":"q95","season":"JJA"},{"bfs_id":6459,"rcp":"RCP8.5","period":"2085","key":"pr","value":3.6,"estimate":"q95","season":"SON"},{"bfs_id":6459,"rcp":"RCP2.6","period":"2035","key":"tas","value":2.5,"estimate":"q5","season":"DJF"},{"bfs_id":6459,"rcp":"RCP2.6","period":"2035","key":"tas","value":9.8,"estimate":"q5","season":"MAM"},{"bfs_id":6459,"rcp":"RCP2.6","period":"2035","key":"tas","value":19.1,"estimate":"q5","season":"JJA"},{"bfs_id":6459,"rcp":"RCP2.6","period":"2035","key":"tas","value":11.1,"estimate":"q5","season":"SON"},{"bfs_id":6459,"rcp":"RCP2.6","period":"2035","key":"tas","value":2.9,"estimate":"q50","season":"DJF"},{"bfs_id":6459,"rcp":"RCP2.6","period":"2035","key":"tas","value":10.4,"estimate":"q50","season":"MAM"},{"bfs_id":6459,"rcp":"RCP2.6","period":"2035","key":"tas","value":19.7,"estimate":"q50","season":"JJA"},{"bfs_id":6459,"rcp":"RCP2.6","period":"2035","key":"tas","value":11.3,"estimate":"q50","season":"SON"},{"bfs_id":6459,"rcp":"RCP2.6","period":"2035","key":"tas","value":3.6,"estimate":"q95","season":"DJF"},{"bfs_id":6459,"rcp":"RCP2.6","period":"2035","key":"tas","value":10.7,"estimate":"q95","season":"MAM"},{"bfs_id":6459,"rcp":"RCP2.6","period":"2035","key":"tas","value":20.3,"estimate":"q95","season":"JJA"},{"bfs_id":6459,"rcp":"RCP2.6","period":"2035","key":"tas","value":12.1,"estimate":"q95","season":"SON"},{"bfs_id":6459,"rcp":"RCP2.6","period":"2060","key":"tas","value":2.6,"estimate":"q5","season":"DJF"},{"bfs_id":6459,"rcp":"RCP2.6","period":"2060","key":"tas","value":9.7,"estimate":"q5","season":"MAM"},{"bfs_id":6459,"rcp":"RCP2.6","period":"2060","key":"tas","value":19.4,"estimate":"q5","season":"JJA"},{"bfs_id":6459,"rcp":"RCP2.6","period":"2060","key":"tas","value":11.3,"estimate":"q5","season":"SON"},{"bfs_id":6459,"rcp":"RCP2.6","period":"2060","key":"tas","value":3.3,"estimate":"q50","season":"DJF"},{"bfs_id":6459,"rcp":"RCP2.6","period":"2060","key":"tas","value":10.4,"estimate":"q50","season":"MAM"},{"bfs_id":6459,"rcp":"RCP2.6","period":"2060","key":"tas","value":19.8,"estimate":"q50","season":"JJA"},{"bfs_id":6459,"rcp":"RCP2.6","period":"2060","key":"tas","value":11.6,"estimate":"q50","season":"SON"},{"bfs_id":6459,"rcp":"RCP2.6","period":"2060","key":"tas","value":3.8,"estimate":"q95","season":"DJF"},{"bfs_id":6459,"rcp":"RCP2.6","period":"2060","key":"tas","value":10.9,"estimate":"q95","season":"MAM"},{"bfs_id":6459,"rcp":"RCP2.6","period":"2060","key":"tas","value":20.5,"estimate":"q95","season":"JJA"},{"bfs_id":6459,"rcp":"RCP2.6","period":"2060","key":"tas","value":12.6,"estimate":"q95","season":"SON"},{"bfs_id":6459,"rcp":"RCP2.6","period":"2085","key":"tas","value":2.6,"estimate":"q5","season":"DJF"},{"bfs_id":6459,"rcp":"RCP2.6","period":"2085","key":"tas","value":9.7,"estimate":"q5","season":"MAM"},{"bfs_id":6459,"rcp":"RCP2.6","period":"2085","key":"tas","value":19.3,"estimate":"q5","season":"JJA"},{"bfs_id":6459,"rcp":"RCP2.6","period":"2085","key":"tas","value":11.1,"estimate":"q5","season":"SON"},{"bfs_id":6459,"rcp":"RCP2.6","period":"2085","key":"tas","value":3.2,"estimate":"q50","season":"DJF"},{"bfs_id":6459,"rcp":"RCP2.6","period":"2085","key":"tas","value":10.5,"estimate":"q50","season":"MAM"},{"bfs_id":6459,"rcp":"RCP2.6","period":"2085","key":"tas","value":19.8,"estimate":"q50","season":"JJA"},{"bfs_id":6459,"rcp":"RCP2.6","period":"2085","key":"tas","value":11.6,"estimate":"q50","season":"SON"},{"bfs_id":6459,"rcp":"RCP2.6","period":"2085","key":"tas","value":3.9,"estimate":"q95","season":"DJF"},{"bfs_id":6459,"rcp":"RCP2.6","period":"2085","key":"tas","value":11,"estimate":"q95","season":"MAM"},{"bfs_id":6459,"rcp":"RCP2.6","period":"2085","key":"tas","value":20.5,"estimate":"q95","season":"JJA"},{"bfs_id":6459,"rcp":"RCP2.6","period":"2085","key":"tas","value":12.5,"estimate":"q95","season":"SON"},{"bfs_id":6459,"rcp":"RCP8.5","period":"2035","key":"tas","value":2.6,"estimate":"q5","season":"DJF"},{"bfs_id":6459,"rcp":"RCP8.5","period":"2035","key":"tas","value":10,"estimate":"q5","season":"MAM"},{"bfs_id":6459,"rcp":"RCP8.5","period":"2035","key":"tas","value":19.5,"estimate":"q5","season":"JJA"},{"bfs_id":6459,"rcp":"RCP8.5","period":"2035","key":"tas","value":11.3,"estimate":"q5","season":"SON"},{"bfs_id":6459,"rcp":"RCP8.5","period":"2035","key":"tas","value":3.3,"estimate":"q50","season":"DJF"},{"bfs_id":6459,"rcp":"RCP8.5","period":"2035","key":"tas","value":10.4,"estimate":"q50","season":"MAM"},{"bfs_id":6459,"rcp":"RCP8.5","period":"2035","key":"tas","value":20,"estimate":"q50","season":"JJA"},{"bfs_id":6459,"rcp":"RCP8.5","period":"2035","key":"tas","value":11.8,"estimate":"q50","season":"SON"},{"bfs_id":6459,"rcp":"RCP8.5","period":"2035","key":"tas","value":3.7,"estimate":"q95","season":"DJF"},{"bfs_id":6459,"rcp":"RCP8.5","period":"2035","key":"tas","value":10.8,"estimate":"q95","season":"MAM"},{"bfs_id":6459,"rcp":"RCP8.5","period":"2035","key":"tas","value":20.7,"estimate":"q95","season":"JJA"},{"bfs_id":6459,"rcp":"RCP8.5","period":"2035","key":"tas","value":12.6,"estimate":"q95","season":"SON"},{"bfs_id":6459,"rcp":"RCP8.5","period":"2060","key":"tas","value":3.7,"estimate":"q5","season":"DJF"},{"bfs_id":6459,"rcp":"RCP8.5","period":"2060","key":"tas","value":10.8,"estimate":"q5","season":"MAM"},{"bfs_id":6459,"rcp":"RCP8.5","period":"2060","key":"tas","value":20.7,"estimate":"q5","season":"JJA"},{"bfs_id":6459,"rcp":"RCP8.5","period":"2060","key":"tas","value":12.4,"estimate":"q5","season":"SON"},{"bfs_id":6459,"rcp":"RCP8.5","period":"2060","key":"tas","value":4.1,"estimate":"q50","season":"DJF"},{"bfs_id":6459,"rcp":"RCP8.5","period":"2060","key":"tas","value":11.3,"estimate":"q50","season":"MAM"},{"bfs_id":6459,"rcp":"RCP8.5","period":"2060","key":"tas","value":21.1,"estimate":"q50","season":"JJA"},{"bfs_id":6459,"rcp":"RCP8.5","period":"2060","key":"tas","value":13,"estimate":"q50","season":"SON"},{"bfs_id":6459,"rcp":"RCP8.5","period":"2060","key":"tas","value":4.8,"estimate":"q95","season":"DJF"},{"bfs_id":6459,"rcp":"RCP8.5","period":"2060","key":"tas","value":11.9,"estimate":"q95","season":"MAM"},{"bfs_id":6459,"rcp":"RCP8.5","period":"2060","key":"tas","value":22.3,"estimate":"q95","season":"JJA"},{"bfs_id":6459,"rcp":"RCP8.5","period":"2060","key":"tas","value":13.8,"estimate":"q95","season":"SON"},{"bfs_id":6459,"rcp":"RCP8.5","period":"2085","key":"tas","value":4.7,"estimate":"q5","season":"DJF"},{"bfs_id":6459,"rcp":"RCP8.5","period":"2085","key":"tas","value":11.8,"estimate":"q5","season":"MAM"},{"bfs_id":6459,"rcp":"RCP8.5","period":"2085","key":"tas","value":22.1,"estimate":"q5","season":"JJA"},{"bfs_id":6459,"rcp":"RCP8.5","period":"2085","key":"tas","value":13.5,"estimate":"q5","season":"SON"},{"bfs_id":6459,"rcp":"RCP8.5","period":"2085","key":"tas","value":5.7,"estimate":"q50","season":"DJF"},{"bfs_id":6459,"rcp":"RCP8.5","period":"2085","key":"tas","value":12.6,"estimate":"q50","season":"MAM"},{"bfs_id":6459,"rcp":"RCP8.5","period":"2085","key":"tas","value":22.8,"estimate":"q50","season":"JJA"},{"bfs_id":6459,"rcp":"RCP8.5","period":"2085","key":"tas","value":14.4,"estimate":"q50","season":"SON"},{"bfs_id":6459,"rcp":"RCP8.5","period":"2085","key":"tas","value":6.5,"estimate":"q95","season":"DJF"},{"bfs_id":6459,"rcp":"RCP8.5","period":"2085","key":"tas","value":13.8,"estimate":"q95","season":"MAM"},{"bfs_id":6459,"rcp":"RCP8.5","period":"2085","key":"tas","value":25.1,"estimate":"q95","season":"JJA"},{"bfs_id":6459,"rcp":"RCP8.5","period":"2085","key":"tas","value":15.9,"estimate":"q95","season":"SON"},{"bfs_id":6459,"rcp":"obs","period":"1981-2010","key":"FD","value":59.8,"estimate":"yearly_mean"},{"bfs_id":6459,"rcp":"obs","period":"1981-2010","key":"HD","value":6.8,"estimate":"yearly_mean"},{"bfs_id":6459,"rcp":"obs","period":"1981-2010","key":"ID","value":15.9,"estimate":"yearly_mean"},{"bfs_id":6459,"rcp":"obs","period":"1981-2010","key":"SD","value":43.5,"estimate":"yearly_mean"},{"bfs_id":6459,"rcp":"obs","period":"1981-2010","key":"snowdays","value":13.5,"estimate":"yearly_mean"},{"bfs_id":6459,"rcp":"obs","period":"1981-2010","key":"TN","value":1.1,"estimate":"yearly_mean"},{"bfs_id":6459,"rcp":"obs","period":"1981-2010","key":"pr","value":3,"estimate":"mean","season":"DJF"},{"bfs_id":6459,"rcp":"obs","period":"1981-2010","key":"pr","value":2.7,"estimate":"mean","season":"MAM"},{"bfs_id":6459,"rcp":"obs","period":"1981-2010","key":"pr","value":3.1,"estimate":"mean","season":"JJA"},{"bfs_id":6459,"rcp":"obs","period":"1981-2010","key":"pr","value":3.1,"estimate":"mean","season":"SON"},{"bfs_id":6459,"rcp":"obs","period":"1981-2010","key":"tas","value":1.8,"estimate":"mean","season":"DJF"},{"bfs_id":6459,"rcp":"obs","period":"1981-2010","key":"tas","value":9.7,"estimate":"mean","season":"MAM"},{"bfs_id":6459,"rcp":"obs","period":"1981-2010","key":"tas","value":18.7,"estimate":"mean","season":"JJA"},{"bfs_id":6459,"rcp":"obs","period":"1981-2010","key":"tas","value":10.3,"estimate":"mean","season":"SON"}]
