[{"bfs_id":579,"rcp":"RCP2.6","period":"2035","key":"FD","value":103.3,"estimate":"q5"},{"bfs_id":579,"rcp":"RCP2.6","period":"2035","key":"FD","value":115,"estimate":"q50"},{"bfs_id":579,"rcp":"RCP2.6","period":"2035","key":"FD","value":122.9,"estimate":"q95"},{"bfs_id":579,"rcp":"RCP2.6","period":"2060","key":"FD","value":99.9,"estimate":"q5"},{"bfs_id":579,"rcp":"RCP2.6","period":"2060","key":"FD","value":112.1,"estimate":"q50"},{"bfs_id":579,"rcp":"RCP2.6","period":"2060","key":"FD","value":125.3,"estimate":"q95"},{"bfs_id":579,"rcp":"RCP2.6","period":"2085","key":"FD","value":98.4,"estimate":"q5"},{"bfs_id":579,"rcp":"RCP2.6","period":"2085","key":"FD","value":113.7,"estimate":"q50"},{"bfs_id":579,"rcp":"RCP2.6","period":"2085","key":"FD","value":123.8,"estimate":"q95"},{"bfs_id":579,"rcp":"RCP8.5","period":"2035","key":"FD","value":102.5,"estimate":"q5"},{"bfs_id":579,"rcp":"RCP8.5","period":"2035","key":"FD","value":112.6,"estimate":"q50"},{"bfs_id":579,"rcp":"RCP8.5","period":"2035","key":"FD","value":118.4,"estimate":"q95"},{"bfs_id":579,"rcp":"RCP8.5","period":"2060","key":"FD","value":84.1,"estimate":"q5"},{"bfs_id":579,"rcp":"RCP8.5","period":"2060","key":"FD","value":93.9,"estimate":"q50"},{"bfs_id":579,"rcp":"RCP8.5","period":"2060","key":"FD","value":103,"estimate":"q95"},{"bfs_id":579,"rcp":"RCP8.5","period":"2085","key":"FD","value":59.8,"estimate":"q5"},{"bfs_id":579,"rcp":"RCP8.5","period":"2085","key":"FD","value":71.5,"estimate":"q50"},{"bfs_id":579,"rcp":"RCP8.5","period":"2085","key":"FD","value":84.2,"estimate":"q95"},{"bfs_id":579,"rcp":"RCP2.6","period":"2035","key":"HD","value":1.3,"estimate":"q5"},{"bfs_id":579,"rcp":"RCP2.6","period":"2035","key":"HD","value":2.1,"estimate":"q50"},{"bfs_id":579,"rcp":"RCP2.6","period":"2035","key":"HD","value":3.9,"estimate":"q95"},{"bfs_id":579,"rcp":"RCP2.6","period":"2060","key":"HD","value":1.6,"estimate":"q5"},{"bfs_id":579,"rcp":"RCP2.6","period":"2060","key":"HD","value":2.6,"estimate":"q50"},{"bfs_id":579,"rcp":"RCP2.6","period":"2060","key":"HD","value":5.8,"estimate":"q95"},{"bfs_id":579,"rcp":"RCP2.6","period":"2085","key":"HD","value":1.6,"estimate":"q5"},{"bfs_id":579,"rcp":"RCP2.6","period":"2085","key":"HD","value":2.4,"estimate":"q50"},{"bfs_id":579,"rcp":"RCP2.6","period":"2085","key":"HD","value":5.3,"estimate":"q95"},{"bfs_id":579,"rcp":"RCP8.5","period":"2035","key":"HD","value":1.6,"estimate":"q5"},{"bfs_id":579,"rcp":"RCP8.5","period":"2035","key":"HD","value":2.7,"estimate":"q50"},{"bfs_id":579,"rcp":"RCP8.5","period":"2035","key":"HD","value":8.7,"estimate":"q95"},{"bfs_id":579,"rcp":"RCP8.5","period":"2060","key":"HD","value":3.9,"estimate":"q5"},{"bfs_id":579,"rcp":"RCP8.5","period":"2060","key":"HD","value":7.9,"estimate":"q50"},{"bfs_id":579,"rcp":"RCP8.5","period":"2060","key":"HD","value":18.8,"estimate":"q95"},{"bfs_id":579,"rcp":"RCP8.5","period":"2085","key":"HD","value":9.8,"estimate":"q5"},{"bfs_id":579,"rcp":"RCP8.5","period":"2085","key":"HD","value":15.7,"estimate":"q50"},{"bfs_id":579,"rcp":"RCP8.5","period":"2085","key":"HD","value":44.7,"estimate":"q95"},{"bfs_id":579,"rcp":"RCP2.6","period":"2035","key":"ID","value":20.6,"estimate":"q5"},{"bfs_id":579,"rcp":"RCP2.6","period":"2035","key":"ID","value":24.3,"estimate":"q50"},{"bfs_id":579,"rcp":"RCP2.6","period":"2035","key":"ID","value":28.8,"estimate":"q95"},{"bfs_id":579,"rcp":"RCP2.6","period":"2060","key":"ID","value":19.1,"estimate":"q5"},{"bfs_id":579,"rcp":"RCP2.6","period":"2060","key":"ID","value":22.5,"estimate":"q50"},{"bfs_id":579,"rcp":"RCP2.6","period":"2060","key":"ID","value":27,"estimate":"q95"},{"bfs_id":579,"rcp":"RCP2.6","period":"2085","key":"ID","value":18.1,"estimate":"q5"},{"bfs_id":579,"rcp":"RCP2.6","period":"2085","key":"ID","value":23.1,"estimate":"q50"},{"bfs_id":579,"rcp":"RCP2.6","period":"2085","key":"ID","value":27.9,"estimate":"q95"},{"bfs_id":579,"rcp":"RCP8.5","period":"2035","key":"ID","value":18.5,"estimate":"q5"},{"bfs_id":579,"rcp":"RCP8.5","period":"2035","key":"ID","value":22.7,"estimate":"q50"},{"bfs_id":579,"rcp":"RCP8.5","period":"2035","key":"ID","value":27.5,"estimate":"q95"},{"bfs_id":579,"rcp":"RCP8.5","period":"2060","key":"ID","value":12.6,"estimate":"q5"},{"bfs_id":579,"rcp":"RCP8.5","period":"2060","key":"ID","value":17.5,"estimate":"q50"},{"bfs_id":579,"rcp":"RCP8.5","period":"2060","key":"ID","value":19.4,"estimate":"q95"},{"bfs_id":579,"rcp":"RCP8.5","period":"2085","key":"ID","value":5.4,"estimate":"q5"},{"bfs_id":579,"rcp":"RCP8.5","period":"2085","key":"ID","value":9,"estimate":"q50"},{"bfs_id":579,"rcp":"RCP8.5","period":"2085","key":"ID","value":14.1,"estimate":"q95"},{"bfs_id":579,"rcp":"RCP2.6","period":"2035","key":"SD","value":19.9,"estimate":"q5"},{"bfs_id":579,"rcp":"RCP2.6","period":"2035","key":"SD","value":25,"estimate":"q50"},{"bfs_id":579,"rcp":"RCP2.6","period":"2035","key":"SD","value":33.1,"estimate":"q95"},{"bfs_id":579,"rcp":"RCP2.6","period":"2060","key":"SD","value":21.1,"estimate":"q5"},{"bfs_id":579,"rcp":"RCP2.6","period":"2060","key":"SD","value":25.2,"estimate":"q50"},{"bfs_id":579,"rcp":"RCP2.6","period":"2060","key":"SD","value":34.8,"estimate":"q95"},{"bfs_id":579,"rcp":"RCP2.6","period":"2085","key":"SD","value":20.5,"estimate":"q5"},{"bfs_id":579,"rcp":"RCP2.6","period":"2085","key":"SD","value":26,"estimate":"q50"},{"bfs_id":579,"rcp":"RCP2.6","period":"2085","key":"SD","value":34.1,"estimate":"q95"},{"bfs_id":579,"rcp":"RCP8.5","period":"2035","key":"SD","value":21.6,"estimate":"q5"},{"bfs_id":579,"rcp":"RCP8.5","period":"2035","key":"SD","value":27.8,"estimate":"q50"},{"bfs_id":579,"rcp":"RCP8.5","period":"2035","key":"SD","value":34.8,"estimate":"q95"},{"bfs_id":579,"rcp":"RCP8.5","period":"2060","key":"SD","value":32,"estimate":"q5"},{"bfs_id":579,"rcp":"RCP8.5","period":"2060","key":"SD","value":41.3,"estimate":"q50"},{"bfs_id":579,"rcp":"RCP8.5","period":"2060","key":"SD","value":58.3,"estimate":"q95"},{"bfs_id":579,"rcp":"RCP8.5","period":"2085","key":"SD","value":51.8,"estimate":"q5"},{"bfs_id":579,"rcp":"RCP8.5","period":"2085","key":"SD","value":59.4,"estimate":"q50"},{"bfs_id":579,"rcp":"RCP8.5","period":"2085","key":"SD","value":87.5,"estimate":"q95"},{"bfs_id":579,"rcp":"RCP2.6","period":"2035","key":"snowdays","value":22.6,"estimate":"q5"},{"bfs_id":579,"rcp":"RCP2.6","period":"2035","key":"snowdays","value":30.4,"estimate":"q50"},{"bfs_id":579,"rcp":"RCP2.6","period":"2035","key":"snowdays","value":37.1,"estimate":"q95"},{"bfs_id":579,"rcp":"RCP2.6","period":"2060","key":"snowdays","value":21.9,"estimate":"q5"},{"bfs_id":579,"rcp":"RCP2.6","period":"2060","key":"snowdays","value":27.7,"estimate":"q50"},{"bfs_id":579,"rcp":"RCP2.6","period":"2060","key":"snowdays","value":35.7,"estimate":"q95"},{"bfs_id":579,"rcp":"RCP2.6","period":"2085","key":"snowdays","value":20.9,"estimate":"q5"},{"bfs_id":579,"rcp":"RCP2.6","period":"2085","key":"snowdays","value":28.7,"estimate":"q50"},{"bfs_id":579,"rcp":"RCP2.6","period":"2085","key":"snowdays","value":36.1,"estimate":"q95"},{"bfs_id":579,"rcp":"RCP8.5","period":"2035","key":"snowdays","value":21.1,"estimate":"q5"},{"bfs_id":579,"rcp":"RCP8.5","period":"2035","key":"snowdays","value":28.9,"estimate":"q50"},{"bfs_id":579,"rcp":"RCP8.5","period":"2035","key":"snowdays","value":35.6,"estimate":"q95"},{"bfs_id":579,"rcp":"RCP8.5","period":"2060","key":"snowdays","value":16.7,"estimate":"q5"},{"bfs_id":579,"rcp":"RCP8.5","period":"2060","key":"snowdays","value":24.1,"estimate":"q50"},{"bfs_id":579,"rcp":"RCP8.5","period":"2060","key":"snowdays","value":29.6,"estimate":"q95"},{"bfs_id":579,"rcp":"RCP8.5","period":"2085","key":"snowdays","value":10.7,"estimate":"q5"},{"bfs_id":579,"rcp":"RCP8.5","period":"2085","key":"snowdays","value":17.5,"estimate":"q50"},{"bfs_id":579,"rcp":"RCP8.5","period":"2085","key":"snowdays","value":20.9,"estimate":"q95"},{"bfs_id":579,"rcp":"RCP2.6","period":"2035","key":"TN","value":0,"estimate":"q5"},{"bfs_id":579,"rcp":"RCP2.6","period":"2035","key":"TN","value":0,"estimate":"q50"},{"bfs_id":579,"rcp":"RCP2.6","period":"2035","key":"TN","value":0.2,"estimate":"q95"},{"bfs_id":579,"rcp":"RCP2.6","period":"2060","key":"TN","value":0,"estimate":"q5"},{"bfs_id":579,"rcp":"RCP2.6","period":"2060","key":"TN","value":0,"estimate":"q50"},{"bfs_id":579,"rcp":"RCP2.6","period":"2060","key":"TN","value":0.2,"estimate":"q95"},{"bfs_id":579,"rcp":"RCP2.6","period":"2085","key":"TN","value":0,"estimate":"q5"},{"bfs_id":579,"rcp":"RCP2.6","period":"2085","key":"TN","value":0,"estimate":"q50"},{"bfs_id":579,"rcp":"RCP2.6","period":"2085","key":"TN","value":0.2,"estimate":"q95"},{"bfs_id":579,"rcp":"RCP8.5","period":"2035","key":"TN","value":0,"estimate":"q5"},{"bfs_id":579,"rcp":"RCP8.5","period":"2035","key":"TN","value":0,"estimate":"q50"},{"bfs_id":579,"rcp":"RCP8.5","period":"2035","key":"TN","value":0.4,"estimate":"q95"},{"bfs_id":579,"rcp":"RCP8.5","period":"2060","key":"TN","value":0.1,"estimate":"q5"},{"bfs_id":579,"rcp":"RCP8.5","period":"2060","key":"TN","value":0.6,"estimate":"q50"},{"bfs_id":579,"rcp":"RCP8.5","period":"2060","key":"TN","value":2.3,"estimate":"q95"},{"bfs_id":579,"rcp":"RCP8.5","period":"2085","key":"TN","value":0.8,"estimate":"q5"},{"bfs_id":579,"rcp":"RCP8.5","period":"2085","key":"TN","value":3.7,"estimate":"q50"},{"bfs_id":579,"rcp":"RCP8.5","period":"2085","key":"TN","value":12.3,"estimate":"q95"},{"bfs_id":579,"rcp":"RCP2.6","period":"2035","key":"pr","value":2.8,"estimate":"q5","season":"DJF"},{"bfs_id":579,"rcp":"RCP2.6","period":"2035","key":"pr","value":3.5,"estimate":"q5","season":"MAM"},{"bfs_id":579,"rcp":"RCP2.6","period":"2035","key":"pr","value":3.7,"estimate":"q5","season":"JJA"},{"bfs_id":579,"rcp":"RCP2.6","period":"2035","key":"pr","value":3.1,"estimate":"q5","season":"SON"},{"bfs_id":579,"rcp":"RCP2.6","period":"2035","key":"pr","value":3.3,"estimate":"q50","season":"DJF"},{"bfs_id":579,"rcp":"RCP2.6","period":"2035","key":"pr","value":3.9,"estimate":"q50","season":"MAM"},{"bfs_id":579,"rcp":"RCP2.6","period":"2035","key":"pr","value":4.7,"estimate":"q50","season":"JJA"},{"bfs_id":579,"rcp":"RCP2.6","period":"2035","key":"pr","value":3.4,"estimate":"q50","season":"SON"},{"bfs_id":579,"rcp":"RCP2.6","period":"2035","key":"pr","value":3.9,"estimate":"q95","season":"DJF"},{"bfs_id":579,"rcp":"RCP2.6","period":"2035","key":"pr","value":4.4,"estimate":"q95","season":"MAM"},{"bfs_id":579,"rcp":"RCP2.6","period":"2035","key":"pr","value":5.2,"estimate":"q95","season":"JJA"},{"bfs_id":579,"rcp":"RCP2.6","period":"2035","key":"pr","value":4,"estimate":"q95","season":"SON"},{"bfs_id":579,"rcp":"RCP2.6","period":"2060","key":"pr","value":2.9,"estimate":"q5","season":"DJF"},{"bfs_id":579,"rcp":"RCP2.6","period":"2060","key":"pr","value":3.6,"estimate":"q5","season":"MAM"},{"bfs_id":579,"rcp":"RCP2.6","period":"2060","key":"pr","value":3.8,"estimate":"q5","season":"JJA"},{"bfs_id":579,"rcp":"RCP2.6","period":"2060","key":"pr","value":3,"estimate":"q5","season":"SON"},{"bfs_id":579,"rcp":"RCP2.6","period":"2060","key":"pr","value":3.3,"estimate":"q50","season":"DJF"},{"bfs_id":579,"rcp":"RCP2.6","period":"2060","key":"pr","value":3.9,"estimate":"q50","season":"MAM"},{"bfs_id":579,"rcp":"RCP2.6","period":"2060","key":"pr","value":4.8,"estimate":"q50","season":"JJA"},{"bfs_id":579,"rcp":"RCP2.6","period":"2060","key":"pr","value":3.4,"estimate":"q50","season":"SON"},{"bfs_id":579,"rcp":"RCP2.6","period":"2060","key":"pr","value":3.8,"estimate":"q95","season":"DJF"},{"bfs_id":579,"rcp":"RCP2.6","period":"2060","key":"pr","value":4.4,"estimate":"q95","season":"MAM"},{"bfs_id":579,"rcp":"RCP2.6","period":"2060","key":"pr","value":5.3,"estimate":"q95","season":"JJA"},{"bfs_id":579,"rcp":"RCP2.6","period":"2060","key":"pr","value":3.8,"estimate":"q95","season":"SON"},{"bfs_id":579,"rcp":"RCP2.6","period":"2085","key":"pr","value":3,"estimate":"q5","season":"DJF"},{"bfs_id":579,"rcp":"RCP2.6","period":"2085","key":"pr","value":3.6,"estimate":"q5","season":"MAM"},{"bfs_id":579,"rcp":"RCP2.6","period":"2085","key":"pr","value":3.8,"estimate":"q5","season":"JJA"},{"bfs_id":579,"rcp":"RCP2.6","period":"2085","key":"pr","value":3.1,"estimate":"q5","season":"SON"},{"bfs_id":579,"rcp":"RCP2.6","period":"2085","key":"pr","value":3.3,"estimate":"q50","season":"DJF"},{"bfs_id":579,"rcp":"RCP2.6","period":"2085","key":"pr","value":3.9,"estimate":"q50","season":"MAM"},{"bfs_id":579,"rcp":"RCP2.6","period":"2085","key":"pr","value":4.8,"estimate":"q50","season":"JJA"},{"bfs_id":579,"rcp":"RCP2.6","period":"2085","key":"pr","value":3.3,"estimate":"q50","season":"SON"},{"bfs_id":579,"rcp":"RCP2.6","period":"2085","key":"pr","value":4,"estimate":"q95","season":"DJF"},{"bfs_id":579,"rcp":"RCP2.6","period":"2085","key":"pr","value":4.3,"estimate":"q95","season":"MAM"},{"bfs_id":579,"rcp":"RCP2.6","period":"2085","key":"pr","value":5.2,"estimate":"q95","season":"JJA"},{"bfs_id":579,"rcp":"RCP2.6","period":"2085","key":"pr","value":3.9,"estimate":"q95","season":"SON"},{"bfs_id":579,"rcp":"RCP8.5","period":"2035","key":"pr","value":3,"estimate":"q5","season":"DJF"},{"bfs_id":579,"rcp":"RCP8.5","period":"2035","key":"pr","value":3.6,"estimate":"q5","season":"MAM"},{"bfs_id":579,"rcp":"RCP8.5","period":"2035","key":"pr","value":4,"estimate":"q5","season":"JJA"},{"bfs_id":579,"rcp":"RCP8.5","period":"2035","key":"pr","value":3,"estimate":"q5","season":"SON"},{"bfs_id":579,"rcp":"RCP8.5","period":"2035","key":"pr","value":3.5,"estimate":"q50","season":"DJF"},{"bfs_id":579,"rcp":"RCP8.5","period":"2035","key":"pr","value":4.1,"estimate":"q50","season":"MAM"},{"bfs_id":579,"rcp":"RCP8.5","period":"2035","key":"pr","value":4.8,"estimate":"q50","season":"JJA"},{"bfs_id":579,"rcp":"RCP8.5","period":"2035","key":"pr","value":3.4,"estimate":"q50","season":"SON"},{"bfs_id":579,"rcp":"RCP8.5","period":"2035","key":"pr","value":3.9,"estimate":"q95","season":"DJF"},{"bfs_id":579,"rcp":"RCP8.5","period":"2035","key":"pr","value":4.4,"estimate":"q95","season":"MAM"},{"bfs_id":579,"rcp":"RCP8.5","period":"2035","key":"pr","value":5.3,"estimate":"q95","season":"JJA"},{"bfs_id":579,"rcp":"RCP8.5","period":"2035","key":"pr","value":4.1,"estimate":"q95","season":"SON"},{"bfs_id":579,"rcp":"RCP8.5","period":"2060","key":"pr","value":3.1,"estimate":"q5","season":"DJF"},{"bfs_id":579,"rcp":"RCP8.5","period":"2060","key":"pr","value":3.7,"estimate":"q5","season":"MAM"},{"bfs_id":579,"rcp":"RCP8.5","period":"2060","key":"pr","value":3.5,"estimate":"q5","season":"JJA"},{"bfs_id":579,"rcp":"RCP8.5","period":"2060","key":"pr","value":2.9,"estimate":"q5","season":"SON"},{"bfs_id":579,"rcp":"RCP8.5","period":"2060","key":"pr","value":3.4,"estimate":"q50","season":"DJF"},{"bfs_id":579,"rcp":"RCP8.5","period":"2060","key":"pr","value":4.1,"estimate":"q50","season":"MAM"},{"bfs_id":579,"rcp":"RCP8.5","period":"2060","key":"pr","value":4.6,"estimate":"q50","season":"JJA"},{"bfs_id":579,"rcp":"RCP8.5","period":"2060","key":"pr","value":3.4,"estimate":"q50","season":"SON"},{"bfs_id":579,"rcp":"RCP8.5","period":"2060","key":"pr","value":3.9,"estimate":"q95","season":"DJF"},{"bfs_id":579,"rcp":"RCP8.5","period":"2060","key":"pr","value":4.6,"estimate":"q95","season":"MAM"},{"bfs_id":579,"rcp":"RCP8.5","period":"2060","key":"pr","value":5.2,"estimate":"q95","season":"JJA"},{"bfs_id":579,"rcp":"RCP8.5","period":"2060","key":"pr","value":3.8,"estimate":"q95","season":"SON"},{"bfs_id":579,"rcp":"RCP8.5","period":"2085","key":"pr","value":3,"estimate":"q5","season":"DJF"},{"bfs_id":579,"rcp":"RCP8.5","period":"2085","key":"pr","value":3.7,"estimate":"q5","season":"MAM"},{"bfs_id":579,"rcp":"RCP8.5","period":"2085","key":"pr","value":2.8,"estimate":"q5","season":"JJA"},{"bfs_id":579,"rcp":"RCP8.5","period":"2085","key":"pr","value":2.8,"estimate":"q5","season":"SON"},{"bfs_id":579,"rcp":"RCP8.5","period":"2085","key":"pr","value":3.7,"estimate":"q50","season":"DJF"},{"bfs_id":579,"rcp":"RCP8.5","period":"2085","key":"pr","value":4.2,"estimate":"q50","season":"MAM"},{"bfs_id":579,"rcp":"RCP8.5","period":"2085","key":"pr","value":4,"estimate":"q50","season":"JJA"},{"bfs_id":579,"rcp":"RCP8.5","period":"2085","key":"pr","value":3.3,"estimate":"q50","season":"SON"},{"bfs_id":579,"rcp":"RCP8.5","period":"2085","key":"pr","value":4.3,"estimate":"q95","season":"DJF"},{"bfs_id":579,"rcp":"RCP8.5","period":"2085","key":"pr","value":4.7,"estimate":"q95","season":"MAM"},{"bfs_id":579,"rcp":"RCP8.5","period":"2085","key":"pr","value":4.6,"estimate":"q95","season":"JJA"},{"bfs_id":579,"rcp":"RCP8.5","period":"2085","key":"pr","value":3.8,"estimate":"q95","season":"SON"},{"bfs_id":579,"rcp":"RCP2.6","period":"2035","key":"tas","value":-0.4,"estimate":"q5","season":"DJF"},{"bfs_id":579,"rcp":"RCP2.6","period":"2035","key":"tas","value":6.2,"estimate":"q5","season":"MAM"},{"bfs_id":579,"rcp":"RCP2.6","period":"2035","key":"tas","value":15.3,"estimate":"q5","season":"JJA"},{"bfs_id":579,"rcp":"RCP2.6","period":"2035","key":"tas","value":8,"estimate":"q5","season":"SON"},{"bfs_id":579,"rcp":"RCP2.6","period":"2035","key":"tas","value":0,"estimate":"q50","season":"DJF"},{"bfs_id":579,"rcp":"RCP2.6","period":"2035","key":"tas","value":6.8,"estimate":"q50","season":"MAM"},{"bfs_id":579,"rcp":"RCP2.6","period":"2035","key":"tas","value":16.1,"estimate":"q50","season":"JJA"},{"bfs_id":579,"rcp":"RCP2.6","period":"2035","key":"tas","value":8.3,"estimate":"q50","season":"SON"},{"bfs_id":579,"rcp":"RCP2.6","period":"2035","key":"tas","value":0.7,"estimate":"q95","season":"DJF"},{"bfs_id":579,"rcp":"RCP2.6","period":"2035","key":"tas","value":7.1,"estimate":"q95","season":"MAM"},{"bfs_id":579,"rcp":"RCP2.6","period":"2035","key":"tas","value":17,"estimate":"q95","season":"JJA"},{"bfs_id":579,"rcp":"RCP2.6","period":"2035","key":"tas","value":9.1,"estimate":"q95","season":"SON"},{"bfs_id":579,"rcp":"RCP2.6","period":"2060","key":"tas","value":-0.4,"estimate":"q5","season":"DJF"},{"bfs_id":579,"rcp":"RCP2.6","period":"2060","key":"tas","value":6,"estimate":"q5","season":"MAM"},{"bfs_id":579,"rcp":"RCP2.6","period":"2060","key":"tas","value":15.6,"estimate":"q5","season":"JJA"},{"bfs_id":579,"rcp":"RCP2.6","period":"2060","key":"tas","value":8.2,"estimate":"q5","season":"SON"},{"bfs_id":579,"rcp":"RCP2.6","period":"2060","key":"tas","value":0.4,"estimate":"q50","season":"DJF"},{"bfs_id":579,"rcp":"RCP2.6","period":"2060","key":"tas","value":6.8,"estimate":"q50","season":"MAM"},{"bfs_id":579,"rcp":"RCP2.6","period":"2060","key":"tas","value":16.2,"estimate":"q50","season":"JJA"},{"bfs_id":579,"rcp":"RCP2.6","period":"2060","key":"tas","value":8.7,"estimate":"q50","season":"SON"},{"bfs_id":579,"rcp":"RCP2.6","period":"2060","key":"tas","value":0.9,"estimate":"q95","season":"DJF"},{"bfs_id":579,"rcp":"RCP2.6","period":"2060","key":"tas","value":7.3,"estimate":"q95","season":"MAM"},{"bfs_id":579,"rcp":"RCP2.6","period":"2060","key":"tas","value":17,"estimate":"q95","season":"JJA"},{"bfs_id":579,"rcp":"RCP2.6","period":"2060","key":"tas","value":9.5,"estimate":"q95","season":"SON"},{"bfs_id":579,"rcp":"RCP2.6","period":"2085","key":"tas","value":-0.3,"estimate":"q5","season":"DJF"},{"bfs_id":579,"rcp":"RCP2.6","period":"2085","key":"tas","value":6.1,"estimate":"q5","season":"MAM"},{"bfs_id":579,"rcp":"RCP2.6","period":"2085","key":"tas","value":15.5,"estimate":"q5","season":"JJA"},{"bfs_id":579,"rcp":"RCP2.6","period":"2085","key":"tas","value":7.9,"estimate":"q5","season":"SON"},{"bfs_id":579,"rcp":"RCP2.6","period":"2085","key":"tas","value":0.4,"estimate":"q50","season":"DJF"},{"bfs_id":579,"rcp":"RCP2.6","period":"2085","key":"tas","value":6.8,"estimate":"q50","season":"MAM"},{"bfs_id":579,"rcp":"RCP2.6","period":"2085","key":"tas","value":16.2,"estimate":"q50","season":"JJA"},{"bfs_id":579,"rcp":"RCP2.6","period":"2085","key":"tas","value":8.5,"estimate":"q50","season":"SON"},{"bfs_id":579,"rcp":"RCP2.6","period":"2085","key":"tas","value":1,"estimate":"q95","season":"DJF"},{"bfs_id":579,"rcp":"RCP2.6","period":"2085","key":"tas","value":7.4,"estimate":"q95","season":"MAM"},{"bfs_id":579,"rcp":"RCP2.6","period":"2085","key":"tas","value":16.9,"estimate":"q95","season":"JJA"},{"bfs_id":579,"rcp":"RCP2.6","period":"2085","key":"tas","value":9.4,"estimate":"q95","season":"SON"},{"bfs_id":579,"rcp":"RCP8.5","period":"2035","key":"tas","value":-0.2,"estimate":"q5","season":"DJF"},{"bfs_id":579,"rcp":"RCP8.5","period":"2035","key":"tas","value":6.4,"estimate":"q5","season":"MAM"},{"bfs_id":579,"rcp":"RCP8.5","period":"2035","key":"tas","value":15.7,"estimate":"q5","season":"JJA"},{"bfs_id":579,"rcp":"RCP8.5","period":"2035","key":"tas","value":8.3,"estimate":"q5","season":"SON"},{"bfs_id":579,"rcp":"RCP8.5","period":"2035","key":"tas","value":0.5,"estimate":"q50","season":"DJF"},{"bfs_id":579,"rcp":"RCP8.5","period":"2035","key":"tas","value":6.8,"estimate":"q50","season":"MAM"},{"bfs_id":579,"rcp":"RCP8.5","period":"2035","key":"tas","value":16.4,"estimate":"q50","season":"JJA"},{"bfs_id":579,"rcp":"RCP8.5","period":"2035","key":"tas","value":8.6,"estimate":"q50","season":"SON"},{"bfs_id":579,"rcp":"RCP8.5","period":"2035","key":"tas","value":0.8,"estimate":"q95","season":"DJF"},{"bfs_id":579,"rcp":"RCP8.5","period":"2035","key":"tas","value":7.4,"estimate":"q95","season":"MAM"},{"bfs_id":579,"rcp":"RCP8.5","period":"2035","key":"tas","value":17.1,"estimate":"q95","season":"JJA"},{"bfs_id":579,"rcp":"RCP8.5","period":"2035","key":"tas","value":9.5,"estimate":"q95","season":"SON"},{"bfs_id":579,"rcp":"RCP8.5","period":"2060","key":"tas","value":0.8,"estimate":"q5","season":"DJF"},{"bfs_id":579,"rcp":"RCP8.5","period":"2060","key":"tas","value":7.4,"estimate":"q5","season":"MAM"},{"bfs_id":579,"rcp":"RCP8.5","period":"2060","key":"tas","value":16.8,"estimate":"q5","season":"JJA"},{"bfs_id":579,"rcp":"RCP8.5","period":"2060","key":"tas","value":9.3,"estimate":"q5","season":"SON"},{"bfs_id":579,"rcp":"RCP8.5","period":"2060","key":"tas","value":1.3,"estimate":"q50","season":"DJF"},{"bfs_id":579,"rcp":"RCP8.5","period":"2060","key":"tas","value":8,"estimate":"q50","season":"MAM"},{"bfs_id":579,"rcp":"RCP8.5","period":"2060","key":"tas","value":17.7,"estimate":"q50","season":"JJA"},{"bfs_id":579,"rcp":"RCP8.5","period":"2060","key":"tas","value":10.1,"estimate":"q50","season":"SON"},{"bfs_id":579,"rcp":"RCP8.5","period":"2060","key":"tas","value":1.8,"estimate":"q95","season":"DJF"},{"bfs_id":579,"rcp":"RCP8.5","period":"2060","key":"tas","value":9.1,"estimate":"q95","season":"MAM"},{"bfs_id":579,"rcp":"RCP8.5","period":"2060","key":"tas","value":18.8,"estimate":"q95","season":"JJA"},{"bfs_id":579,"rcp":"RCP8.5","period":"2060","key":"tas","value":10.9,"estimate":"q95","season":"SON"},{"bfs_id":579,"rcp":"RCP8.5","period":"2085","key":"tas","value":2,"estimate":"q5","season":"DJF"},{"bfs_id":579,"rcp":"RCP8.5","period":"2085","key":"tas","value":8.7,"estimate":"q5","season":"MAM"},{"bfs_id":579,"rcp":"RCP8.5","period":"2085","key":"tas","value":18.3,"estimate":"q5","season":"JJA"},{"bfs_id":579,"rcp":"RCP8.5","period":"2085","key":"tas","value":10.6,"estimate":"q5","season":"SON"},{"bfs_id":579,"rcp":"RCP8.5","period":"2085","key":"tas","value":3.1,"estimate":"q50","season":"DJF"},{"bfs_id":579,"rcp":"RCP8.5","period":"2085","key":"tas","value":9.6,"estimate":"q50","season":"MAM"},{"bfs_id":579,"rcp":"RCP8.5","period":"2085","key":"tas","value":19.3,"estimate":"q50","season":"JJA"},{"bfs_id":579,"rcp":"RCP8.5","period":"2085","key":"tas","value":11.5,"estimate":"q50","season":"SON"},{"bfs_id":579,"rcp":"RCP8.5","period":"2085","key":"tas","value":3.8,"estimate":"q95","season":"DJF"},{"bfs_id":579,"rcp":"RCP8.5","period":"2085","key":"tas","value":11.1,"estimate":"q95","season":"MAM"},{"bfs_id":579,"rcp":"RCP8.5","period":"2085","key":"tas","value":21.5,"estimate":"q95","season":"JJA"},{"bfs_id":579,"rcp":"RCP8.5","period":"2085","key":"tas","value":13,"estimate":"q95","season":"SON"},{"bfs_id":579,"rcp":"obs","period":"1981-2010","key":"FD","value":130.4,"estimate":"yearly_mean"},{"bfs_id":579,"rcp":"obs","period":"1981-2010","key":"HD","value":0.7,"estimate":"yearly_mean"},{"bfs_id":579,"rcp":"obs","period":"1981-2010","key":"ID","value":32.2,"estimate":"yearly_mean"},{"bfs_id":579,"rcp":"obs","period":"1981-2010","key":"SD","value":14.7,"estimate":"yearly_mean"},{"bfs_id":579,"rcp":"obs","period":"1981-2010","key":"snowdays","value":36.4,"estimate":"yearly_mean"},{"bfs_id":579,"rcp":"obs","period":"1981-2010","key":"TN","value":0,"estimate":"yearly_mean"},{"bfs_id":579,"rcp":"obs","period":"1981-2010","key":"pr","value":3.1,"estimate":"mean","season":"DJF"},{"bfs_id":579,"rcp":"obs","period":"1981-2010","key":"pr","value":3.8,"estimate":"mean","season":"MAM"},{"bfs_id":579,"rcp":"obs","period":"1981-2010","key":"pr","value":5.3,"estimate":"mean","season":"JJA"},{"bfs_id":579,"rcp":"obs","period":"1981-2010","key":"pr","value":3.3,"estimate":"mean","season":"SON"},{"bfs_id":579,"rcp":"obs","period":"1981-2010","key":"tas","value":-1,"estimate":"mean","season":"DJF"},{"bfs_id":579,"rcp":"obs","period":"1981-2010","key":"tas","value":6.1,"estimate":"mean","season":"MAM"},{"bfs_id":579,"rcp":"obs","period":"1981-2010","key":"tas","value":14.7,"estimate":"mean","season":"JJA"},{"bfs_id":579,"rcp":"obs","period":"1981-2010","key":"tas","value":7.3,"estimate":"mean","season":"SON"}]
