[{"bfs_id":606,"rcp":"RCP2.6","period":"2035","key":"FD","value":75.3,"estimate":"q5"},{"bfs_id":606,"rcp":"RCP2.6","period":"2035","key":"FD","value":86.4,"estimate":"q50"},{"bfs_id":606,"rcp":"RCP2.6","period":"2035","key":"FD","value":94.5,"estimate":"q95"},{"bfs_id":606,"rcp":"RCP2.6","period":"2060","key":"FD","value":72.4,"estimate":"q5"},{"bfs_id":606,"rcp":"RCP2.6","period":"2060","key":"FD","value":83.3,"estimate":"q50"},{"bfs_id":606,"rcp":"RCP2.6","period":"2060","key":"FD","value":91.2,"estimate":"q95"},{"bfs_id":606,"rcp":"RCP2.6","period":"2085","key":"FD","value":70.6,"estimate":"q5"},{"bfs_id":606,"rcp":"RCP2.6","period":"2085","key":"FD","value":85.1,"estimate":"q50"},{"bfs_id":606,"rcp":"RCP2.6","period":"2085","key":"FD","value":92.1,"estimate":"q95"},{"bfs_id":606,"rcp":"RCP8.5","period":"2035","key":"FD","value":73.8,"estimate":"q5"},{"bfs_id":606,"rcp":"RCP8.5","period":"2035","key":"FD","value":83,"estimate":"q50"},{"bfs_id":606,"rcp":"RCP8.5","period":"2035","key":"FD","value":89.9,"estimate":"q95"},{"bfs_id":606,"rcp":"RCP8.5","period":"2060","key":"FD","value":57.7,"estimate":"q5"},{"bfs_id":606,"rcp":"RCP8.5","period":"2060","key":"FD","value":66.6,"estimate":"q50"},{"bfs_id":606,"rcp":"RCP8.5","period":"2060","key":"FD","value":74.2,"estimate":"q95"},{"bfs_id":606,"rcp":"RCP8.5","period":"2085","key":"FD","value":39.2,"estimate":"q5"},{"bfs_id":606,"rcp":"RCP8.5","period":"2085","key":"FD","value":46.2,"estimate":"q50"},{"bfs_id":606,"rcp":"RCP8.5","period":"2085","key":"FD","value":56.3,"estimate":"q95"},{"bfs_id":606,"rcp":"RCP2.6","period":"2035","key":"HD","value":6,"estimate":"q5"},{"bfs_id":606,"rcp":"RCP2.6","period":"2035","key":"HD","value":8.6,"estimate":"q50"},{"bfs_id":606,"rcp":"RCP2.6","period":"2035","key":"HD","value":14.3,"estimate":"q95"},{"bfs_id":606,"rcp":"RCP2.6","period":"2060","key":"HD","value":6.8,"estimate":"q5"},{"bfs_id":606,"rcp":"RCP2.6","period":"2060","key":"HD","value":9.2,"estimate":"q50"},{"bfs_id":606,"rcp":"RCP2.6","period":"2060","key":"HD","value":17,"estimate":"q95"},{"bfs_id":606,"rcp":"RCP2.6","period":"2085","key":"HD","value":6.6,"estimate":"q5"},{"bfs_id":606,"rcp":"RCP2.6","period":"2085","key":"HD","value":8.8,"estimate":"q50"},{"bfs_id":606,"rcp":"RCP2.6","period":"2085","key":"HD","value":16.3,"estimate":"q95"},{"bfs_id":606,"rcp":"RCP8.5","period":"2035","key":"HD","value":7.2,"estimate":"q5"},{"bfs_id":606,"rcp":"RCP8.5","period":"2035","key":"HD","value":9.6,"estimate":"q50"},{"bfs_id":606,"rcp":"RCP8.5","period":"2035","key":"HD","value":14.6,"estimate":"q95"},{"bfs_id":606,"rcp":"RCP8.5","period":"2060","key":"HD","value":12.8,"estimate":"q5"},{"bfs_id":606,"rcp":"RCP8.5","period":"2060","key":"HD","value":18.7,"estimate":"q50"},{"bfs_id":606,"rcp":"RCP8.5","period":"2060","key":"HD","value":31.9,"estimate":"q95"},{"bfs_id":606,"rcp":"RCP8.5","period":"2085","key":"HD","value":24.4,"estimate":"q5"},{"bfs_id":606,"rcp":"RCP8.5","period":"2085","key":"HD","value":28.9,"estimate":"q50"},{"bfs_id":606,"rcp":"RCP8.5","period":"2085","key":"HD","value":53.8,"estimate":"q95"},{"bfs_id":606,"rcp":"RCP2.6","period":"2035","key":"ID","value":12.3,"estimate":"q5"},{"bfs_id":606,"rcp":"RCP2.6","period":"2035","key":"ID","value":14.8,"estimate":"q50"},{"bfs_id":606,"rcp":"RCP2.6","period":"2035","key":"ID","value":17.7,"estimate":"q95"},{"bfs_id":606,"rcp":"RCP2.6","period":"2060","key":"ID","value":10.6,"estimate":"q5"},{"bfs_id":606,"rcp":"RCP2.6","period":"2060","key":"ID","value":14,"estimate":"q50"},{"bfs_id":606,"rcp":"RCP2.6","period":"2060","key":"ID","value":16.8,"estimate":"q95"},{"bfs_id":606,"rcp":"RCP2.6","period":"2085","key":"ID","value":10.5,"estimate":"q5"},{"bfs_id":606,"rcp":"RCP2.6","period":"2085","key":"ID","value":13.5,"estimate":"q50"},{"bfs_id":606,"rcp":"RCP2.6","period":"2085","key":"ID","value":17.3,"estimate":"q95"},{"bfs_id":606,"rcp":"RCP8.5","period":"2035","key":"ID","value":11,"estimate":"q5"},{"bfs_id":606,"rcp":"RCP8.5","period":"2035","key":"ID","value":13.7,"estimate":"q50"},{"bfs_id":606,"rcp":"RCP8.5","period":"2035","key":"ID","value":16.9,"estimate":"q95"},{"bfs_id":606,"rcp":"RCP8.5","period":"2060","key":"ID","value":7.5,"estimate":"q5"},{"bfs_id":606,"rcp":"RCP8.5","period":"2060","key":"ID","value":9.8,"estimate":"q50"},{"bfs_id":606,"rcp":"RCP8.5","period":"2060","key":"ID","value":12,"estimate":"q95"},{"bfs_id":606,"rcp":"RCP8.5","period":"2085","key":"ID","value":2.7,"estimate":"q5"},{"bfs_id":606,"rcp":"RCP8.5","period":"2085","key":"ID","value":4.4,"estimate":"q50"},{"bfs_id":606,"rcp":"RCP8.5","period":"2085","key":"ID","value":7,"estimate":"q95"},{"bfs_id":606,"rcp":"RCP2.6","period":"2035","key":"SD","value":45.5,"estimate":"q5"},{"bfs_id":606,"rcp":"RCP2.6","period":"2035","key":"SD","value":50.2,"estimate":"q50"},{"bfs_id":606,"rcp":"RCP2.6","period":"2035","key":"SD","value":60,"estimate":"q95"},{"bfs_id":606,"rcp":"RCP2.6","period":"2060","key":"SD","value":46.4,"estimate":"q5"},{"bfs_id":606,"rcp":"RCP2.6","period":"2060","key":"SD","value":52.5,"estimate":"q50"},{"bfs_id":606,"rcp":"RCP2.6","period":"2060","key":"SD","value":60.6,"estimate":"q95"},{"bfs_id":606,"rcp":"RCP2.6","period":"2085","key":"SD","value":46.3,"estimate":"q5"},{"bfs_id":606,"rcp":"RCP2.6","period":"2085","key":"SD","value":51.7,"estimate":"q50"},{"bfs_id":606,"rcp":"RCP2.6","period":"2085","key":"SD","value":59.9,"estimate":"q95"},{"bfs_id":606,"rcp":"RCP8.5","period":"2035","key":"SD","value":47.9,"estimate":"q5"},{"bfs_id":606,"rcp":"RCP8.5","period":"2035","key":"SD","value":53.2,"estimate":"q50"},{"bfs_id":606,"rcp":"RCP8.5","period":"2035","key":"SD","value":61.9,"estimate":"q95"},{"bfs_id":606,"rcp":"RCP8.5","period":"2060","key":"SD","value":62.6,"estimate":"q5"},{"bfs_id":606,"rcp":"RCP8.5","period":"2060","key":"SD","value":68.9,"estimate":"q50"},{"bfs_id":606,"rcp":"RCP8.5","period":"2060","key":"SD","value":85.2,"estimate":"q95"},{"bfs_id":606,"rcp":"RCP8.5","period":"2085","key":"SD","value":80.4,"estimate":"q5"},{"bfs_id":606,"rcp":"RCP8.5","period":"2085","key":"SD","value":91.2,"estimate":"q50"},{"bfs_id":606,"rcp":"RCP8.5","period":"2085","key":"SD","value":111.2,"estimate":"q95"},{"bfs_id":606,"rcp":"RCP2.6","period":"2035","key":"snowdays","value":15.4,"estimate":"q5"},{"bfs_id":606,"rcp":"RCP2.6","period":"2035","key":"snowdays","value":22,"estimate":"q50"},{"bfs_id":606,"rcp":"RCP2.6","period":"2035","key":"snowdays","value":27.5,"estimate":"q95"},{"bfs_id":606,"rcp":"RCP2.6","period":"2060","key":"snowdays","value":15.3,"estimate":"q5"},{"bfs_id":606,"rcp":"RCP2.6","period":"2060","key":"snowdays","value":20.2,"estimate":"q50"},{"bfs_id":606,"rcp":"RCP2.6","period":"2060","key":"snowdays","value":25.5,"estimate":"q95"},{"bfs_id":606,"rcp":"RCP2.6","period":"2085","key":"snowdays","value":15,"estimate":"q5"},{"bfs_id":606,"rcp":"RCP2.6","period":"2085","key":"snowdays","value":20.8,"estimate":"q50"},{"bfs_id":606,"rcp":"RCP2.6","period":"2085","key":"snowdays","value":26,"estimate":"q95"},{"bfs_id":606,"rcp":"RCP8.5","period":"2035","key":"snowdays","value":12.9,"estimate":"q5"},{"bfs_id":606,"rcp":"RCP8.5","period":"2035","key":"snowdays","value":20.8,"estimate":"q50"},{"bfs_id":606,"rcp":"RCP8.5","period":"2035","key":"snowdays","value":26,"estimate":"q95"},{"bfs_id":606,"rcp":"RCP8.5","period":"2060","key":"snowdays","value":10.2,"estimate":"q5"},{"bfs_id":606,"rcp":"RCP8.5","period":"2060","key":"snowdays","value":16.8,"estimate":"q50"},{"bfs_id":606,"rcp":"RCP8.5","period":"2060","key":"snowdays","value":19.1,"estimate":"q95"},{"bfs_id":606,"rcp":"RCP8.5","period":"2085","key":"snowdays","value":5.5,"estimate":"q5"},{"bfs_id":606,"rcp":"RCP8.5","period":"2085","key":"snowdays","value":10.6,"estimate":"q50"},{"bfs_id":606,"rcp":"RCP8.5","period":"2085","key":"snowdays","value":14.5,"estimate":"q95"},{"bfs_id":606,"rcp":"RCP2.6","period":"2035","key":"TN","value":0,"estimate":"q5"},{"bfs_id":606,"rcp":"RCP2.6","period":"2035","key":"TN","value":0.1,"estimate":"q50"},{"bfs_id":606,"rcp":"RCP2.6","period":"2035","key":"TN","value":0.6,"estimate":"q95"},{"bfs_id":606,"rcp":"RCP2.6","period":"2060","key":"TN","value":0,"estimate":"q5"},{"bfs_id":606,"rcp":"RCP2.6","period":"2060","key":"TN","value":0.2,"estimate":"q50"},{"bfs_id":606,"rcp":"RCP2.6","period":"2060","key":"TN","value":0.9,"estimate":"q95"},{"bfs_id":606,"rcp":"RCP2.6","period":"2085","key":"TN","value":0,"estimate":"q5"},{"bfs_id":606,"rcp":"RCP2.6","period":"2085","key":"TN","value":0.2,"estimate":"q50"},{"bfs_id":606,"rcp":"RCP2.6","period":"2085","key":"TN","value":0.8,"estimate":"q95"},{"bfs_id":606,"rcp":"RCP8.5","period":"2035","key":"TN","value":0.1,"estimate":"q5"},{"bfs_id":606,"rcp":"RCP8.5","period":"2035","key":"TN","value":0.2,"estimate":"q50"},{"bfs_id":606,"rcp":"RCP8.5","period":"2035","key":"TN","value":1.6,"estimate":"q95"},{"bfs_id":606,"rcp":"RCP8.5","period":"2060","key":"TN","value":0.3,"estimate":"q5"},{"bfs_id":606,"rcp":"RCP8.5","period":"2060","key":"TN","value":1.3,"estimate":"q50"},{"bfs_id":606,"rcp":"RCP8.5","period":"2060","key":"TN","value":3.9,"estimate":"q95"},{"bfs_id":606,"rcp":"RCP8.5","period":"2085","key":"TN","value":2.6,"estimate":"q5"},{"bfs_id":606,"rcp":"RCP8.5","period":"2085","key":"TN","value":6.1,"estimate":"q50"},{"bfs_id":606,"rcp":"RCP8.5","period":"2085","key":"TN","value":18.7,"estimate":"q95"},{"bfs_id":606,"rcp":"RCP2.6","period":"2035","key":"pr","value":2,"estimate":"q5","season":"DJF"},{"bfs_id":606,"rcp":"RCP2.6","period":"2035","key":"pr","value":2.7,"estimate":"q5","season":"MAM"},{"bfs_id":606,"rcp":"RCP2.6","period":"2035","key":"pr","value":3,"estimate":"q5","season":"JJA"},{"bfs_id":606,"rcp":"RCP2.6","period":"2035","key":"pr","value":2.3,"estimate":"q5","season":"SON"},{"bfs_id":606,"rcp":"RCP2.6","period":"2035","key":"pr","value":2.3,"estimate":"q50","season":"DJF"},{"bfs_id":606,"rcp":"RCP2.6","period":"2035","key":"pr","value":3,"estimate":"q50","season":"MAM"},{"bfs_id":606,"rcp":"RCP2.6","period":"2035","key":"pr","value":3.8,"estimate":"q50","season":"JJA"},{"bfs_id":606,"rcp":"RCP2.6","period":"2035","key":"pr","value":2.5,"estimate":"q50","season":"SON"},{"bfs_id":606,"rcp":"RCP2.6","period":"2035","key":"pr","value":2.6,"estimate":"q95","season":"DJF"},{"bfs_id":606,"rcp":"RCP2.6","period":"2035","key":"pr","value":3.4,"estimate":"q95","season":"MAM"},{"bfs_id":606,"rcp":"RCP2.6","period":"2035","key":"pr","value":4.2,"estimate":"q95","season":"JJA"},{"bfs_id":606,"rcp":"RCP2.6","period":"2035","key":"pr","value":3.1,"estimate":"q95","season":"SON"},{"bfs_id":606,"rcp":"RCP2.6","period":"2060","key":"pr","value":2,"estimate":"q5","season":"DJF"},{"bfs_id":606,"rcp":"RCP2.6","period":"2060","key":"pr","value":2.8,"estimate":"q5","season":"MAM"},{"bfs_id":606,"rcp":"RCP2.6","period":"2060","key":"pr","value":3,"estimate":"q5","season":"JJA"},{"bfs_id":606,"rcp":"RCP2.6","period":"2060","key":"pr","value":2.4,"estimate":"q5","season":"SON"},{"bfs_id":606,"rcp":"RCP2.6","period":"2060","key":"pr","value":2.3,"estimate":"q50","season":"DJF"},{"bfs_id":606,"rcp":"RCP2.6","period":"2060","key":"pr","value":3,"estimate":"q50","season":"MAM"},{"bfs_id":606,"rcp":"RCP2.6","period":"2060","key":"pr","value":3.7,"estimate":"q50","season":"JJA"},{"bfs_id":606,"rcp":"RCP2.6","period":"2060","key":"pr","value":2.6,"estimate":"q50","season":"SON"},{"bfs_id":606,"rcp":"RCP2.6","period":"2060","key":"pr","value":2.5,"estimate":"q95","season":"DJF"},{"bfs_id":606,"rcp":"RCP2.6","period":"2060","key":"pr","value":3.4,"estimate":"q95","season":"MAM"},{"bfs_id":606,"rcp":"RCP2.6","period":"2060","key":"pr","value":4.3,"estimate":"q95","season":"JJA"},{"bfs_id":606,"rcp":"RCP2.6","period":"2060","key":"pr","value":3,"estimate":"q95","season":"SON"},{"bfs_id":606,"rcp":"RCP2.6","period":"2085","key":"pr","value":1.9,"estimate":"q5","season":"DJF"},{"bfs_id":606,"rcp":"RCP2.6","period":"2085","key":"pr","value":2.8,"estimate":"q5","season":"MAM"},{"bfs_id":606,"rcp":"RCP2.6","period":"2085","key":"pr","value":3,"estimate":"q5","season":"JJA"},{"bfs_id":606,"rcp":"RCP2.6","period":"2085","key":"pr","value":2.3,"estimate":"q5","season":"SON"},{"bfs_id":606,"rcp":"RCP2.6","period":"2085","key":"pr","value":2.2,"estimate":"q50","season":"DJF"},{"bfs_id":606,"rcp":"RCP2.6","period":"2085","key":"pr","value":3,"estimate":"q50","season":"MAM"},{"bfs_id":606,"rcp":"RCP2.6","period":"2085","key":"pr","value":3.8,"estimate":"q50","season":"JJA"},{"bfs_id":606,"rcp":"RCP2.6","period":"2085","key":"pr","value":2.6,"estimate":"q50","season":"SON"},{"bfs_id":606,"rcp":"RCP2.6","period":"2085","key":"pr","value":2.6,"estimate":"q95","season":"DJF"},{"bfs_id":606,"rcp":"RCP2.6","period":"2085","key":"pr","value":3.4,"estimate":"q95","season":"MAM"},{"bfs_id":606,"rcp":"RCP2.6","period":"2085","key":"pr","value":4.3,"estimate":"q95","season":"JJA"},{"bfs_id":606,"rcp":"RCP2.6","period":"2085","key":"pr","value":3,"estimate":"q95","season":"SON"},{"bfs_id":606,"rcp":"RCP8.5","period":"2035","key":"pr","value":2,"estimate":"q5","season":"DJF"},{"bfs_id":606,"rcp":"RCP8.5","period":"2035","key":"pr","value":2.8,"estimate":"q5","season":"MAM"},{"bfs_id":606,"rcp":"RCP8.5","period":"2035","key":"pr","value":3,"estimate":"q5","season":"JJA"},{"bfs_id":606,"rcp":"RCP8.5","period":"2035","key":"pr","value":2.4,"estimate":"q5","season":"SON"},{"bfs_id":606,"rcp":"RCP8.5","period":"2035","key":"pr","value":2.4,"estimate":"q50","season":"DJF"},{"bfs_id":606,"rcp":"RCP8.5","period":"2035","key":"pr","value":3.2,"estimate":"q50","season":"MAM"},{"bfs_id":606,"rcp":"RCP8.5","period":"2035","key":"pr","value":3.9,"estimate":"q50","season":"JJA"},{"bfs_id":606,"rcp":"RCP8.5","period":"2035","key":"pr","value":2.7,"estimate":"q50","season":"SON"},{"bfs_id":606,"rcp":"RCP8.5","period":"2035","key":"pr","value":2.6,"estimate":"q95","season":"DJF"},{"bfs_id":606,"rcp":"RCP8.5","period":"2035","key":"pr","value":3.4,"estimate":"q95","season":"MAM"},{"bfs_id":606,"rcp":"RCP8.5","period":"2035","key":"pr","value":4.3,"estimate":"q95","season":"JJA"},{"bfs_id":606,"rcp":"RCP8.5","period":"2035","key":"pr","value":3.2,"estimate":"q95","season":"SON"},{"bfs_id":606,"rcp":"RCP8.5","period":"2060","key":"pr","value":2.2,"estimate":"q5","season":"DJF"},{"bfs_id":606,"rcp":"RCP8.5","period":"2060","key":"pr","value":3,"estimate":"q5","season":"MAM"},{"bfs_id":606,"rcp":"RCP8.5","period":"2060","key":"pr","value":2.5,"estimate":"q5","season":"JJA"},{"bfs_id":606,"rcp":"RCP8.5","period":"2060","key":"pr","value":2.3,"estimate":"q5","season":"SON"},{"bfs_id":606,"rcp":"RCP8.5","period":"2060","key":"pr","value":2.3,"estimate":"q50","season":"DJF"},{"bfs_id":606,"rcp":"RCP8.5","period":"2060","key":"pr","value":3.2,"estimate":"q50","season":"MAM"},{"bfs_id":606,"rcp":"RCP8.5","period":"2060","key":"pr","value":3.7,"estimate":"q50","season":"JJA"},{"bfs_id":606,"rcp":"RCP8.5","period":"2060","key":"pr","value":2.7,"estimate":"q50","season":"SON"},{"bfs_id":606,"rcp":"RCP8.5","period":"2060","key":"pr","value":2.7,"estimate":"q95","season":"DJF"},{"bfs_id":606,"rcp":"RCP8.5","period":"2060","key":"pr","value":3.6,"estimate":"q95","season":"MAM"},{"bfs_id":606,"rcp":"RCP8.5","period":"2060","key":"pr","value":4.1,"estimate":"q95","season":"JJA"},{"bfs_id":606,"rcp":"RCP8.5","period":"2060","key":"pr","value":3,"estimate":"q95","season":"SON"},{"bfs_id":606,"rcp":"RCP8.5","period":"2085","key":"pr","value":2.3,"estimate":"q5","season":"DJF"},{"bfs_id":606,"rcp":"RCP8.5","period":"2085","key":"pr","value":3,"estimate":"q5","season":"MAM"},{"bfs_id":606,"rcp":"RCP8.5","period":"2085","key":"pr","value":1.9,"estimate":"q5","season":"JJA"},{"bfs_id":606,"rcp":"RCP8.5","period":"2085","key":"pr","value":2.1,"estimate":"q5","season":"SON"},{"bfs_id":606,"rcp":"RCP8.5","period":"2085","key":"pr","value":2.5,"estimate":"q50","season":"DJF"},{"bfs_id":606,"rcp":"RCP8.5","period":"2085","key":"pr","value":3.2,"estimate":"q50","season":"MAM"},{"bfs_id":606,"rcp":"RCP8.5","period":"2085","key":"pr","value":3.1,"estimate":"q50","season":"JJA"},{"bfs_id":606,"rcp":"RCP8.5","period":"2085","key":"pr","value":2.6,"estimate":"q50","season":"SON"},{"bfs_id":606,"rcp":"RCP8.5","period":"2085","key":"pr","value":2.9,"estimate":"q95","season":"DJF"},{"bfs_id":606,"rcp":"RCP8.5","period":"2085","key":"pr","value":3.9,"estimate":"q95","season":"MAM"},{"bfs_id":606,"rcp":"RCP8.5","period":"2085","key":"pr","value":3.6,"estimate":"q95","season":"JJA"},{"bfs_id":606,"rcp":"RCP8.5","period":"2085","key":"pr","value":3.1,"estimate":"q95","season":"SON"},{"bfs_id":606,"rcp":"RCP2.6","period":"2035","key":"tas","value":0.8,"estimate":"q5","season":"DJF"},{"bfs_id":606,"rcp":"RCP2.6","period":"2035","key":"tas","value":8.3,"estimate":"q5","season":"MAM"},{"bfs_id":606,"rcp":"RCP2.6","period":"2035","key":"tas","value":17.4,"estimate":"q5","season":"JJA"},{"bfs_id":606,"rcp":"RCP2.6","period":"2035","key":"tas","value":9.5,"estimate":"q5","season":"SON"},{"bfs_id":606,"rcp":"RCP2.6","period":"2035","key":"tas","value":1.3,"estimate":"q50","season":"DJF"},{"bfs_id":606,"rcp":"RCP2.6","period":"2035","key":"tas","value":8.9,"estimate":"q50","season":"MAM"},{"bfs_id":606,"rcp":"RCP2.6","period":"2035","key":"tas","value":18,"estimate":"q50","season":"JJA"},{"bfs_id":606,"rcp":"RCP2.6","period":"2035","key":"tas","value":9.8,"estimate":"q50","season":"SON"},{"bfs_id":606,"rcp":"RCP2.6","period":"2035","key":"tas","value":1.9,"estimate":"q95","season":"DJF"},{"bfs_id":606,"rcp":"RCP2.6","period":"2035","key":"tas","value":9.2,"estimate":"q95","season":"MAM"},{"bfs_id":606,"rcp":"RCP2.6","period":"2035","key":"tas","value":18.7,"estimate":"q95","season":"JJA"},{"bfs_id":606,"rcp":"RCP2.6","period":"2035","key":"tas","value":10.6,"estimate":"q95","season":"SON"},{"bfs_id":606,"rcp":"RCP2.6","period":"2060","key":"tas","value":0.8,"estimate":"q5","season":"DJF"},{"bfs_id":606,"rcp":"RCP2.6","period":"2060","key":"tas","value":8.2,"estimate":"q5","season":"MAM"},{"bfs_id":606,"rcp":"RCP2.6","period":"2060","key":"tas","value":17.7,"estimate":"q5","season":"JJA"},{"bfs_id":606,"rcp":"RCP2.6","period":"2060","key":"tas","value":9.7,"estimate":"q5","season":"SON"},{"bfs_id":606,"rcp":"RCP2.6","period":"2060","key":"tas","value":1.6,"estimate":"q50","season":"DJF"},{"bfs_id":606,"rcp":"RCP2.6","period":"2060","key":"tas","value":8.9,"estimate":"q50","season":"MAM"},{"bfs_id":606,"rcp":"RCP2.6","period":"2060","key":"tas","value":18.1,"estimate":"q50","season":"JJA"},{"bfs_id":606,"rcp":"RCP2.6","period":"2060","key":"tas","value":10.1,"estimate":"q50","season":"SON"},{"bfs_id":606,"rcp":"RCP2.6","period":"2060","key":"tas","value":2.1,"estimate":"q95","season":"DJF"},{"bfs_id":606,"rcp":"RCP2.6","period":"2060","key":"tas","value":9.5,"estimate":"q95","season":"MAM"},{"bfs_id":606,"rcp":"RCP2.6","period":"2060","key":"tas","value":18.8,"estimate":"q95","season":"JJA"},{"bfs_id":606,"rcp":"RCP2.6","period":"2060","key":"tas","value":11,"estimate":"q95","season":"SON"},{"bfs_id":606,"rcp":"RCP2.6","period":"2085","key":"tas","value":1,"estimate":"q5","season":"DJF"},{"bfs_id":606,"rcp":"RCP2.6","period":"2085","key":"tas","value":8.3,"estimate":"q5","season":"MAM"},{"bfs_id":606,"rcp":"RCP2.6","period":"2085","key":"tas","value":17.6,"estimate":"q5","season":"JJA"},{"bfs_id":606,"rcp":"RCP2.6","period":"2085","key":"tas","value":9.5,"estimate":"q5","season":"SON"},{"bfs_id":606,"rcp":"RCP2.6","period":"2085","key":"tas","value":1.6,"estimate":"q50","season":"DJF"},{"bfs_id":606,"rcp":"RCP2.6","period":"2085","key":"tas","value":8.9,"estimate":"q50","season":"MAM"},{"bfs_id":606,"rcp":"RCP2.6","period":"2085","key":"tas","value":18.1,"estimate":"q50","season":"JJA"},{"bfs_id":606,"rcp":"RCP2.6","period":"2085","key":"tas","value":10,"estimate":"q50","season":"SON"},{"bfs_id":606,"rcp":"RCP2.6","period":"2085","key":"tas","value":2.2,"estimate":"q95","season":"DJF"},{"bfs_id":606,"rcp":"RCP2.6","period":"2085","key":"tas","value":9.5,"estimate":"q95","season":"MAM"},{"bfs_id":606,"rcp":"RCP2.6","period":"2085","key":"tas","value":18.7,"estimate":"q95","season":"JJA"},{"bfs_id":606,"rcp":"RCP2.6","period":"2085","key":"tas","value":11,"estimate":"q95","season":"SON"},{"bfs_id":606,"rcp":"RCP8.5","period":"2035","key":"tas","value":1,"estimate":"q5","season":"DJF"},{"bfs_id":606,"rcp":"RCP8.5","period":"2035","key":"tas","value":8.5,"estimate":"q5","season":"MAM"},{"bfs_id":606,"rcp":"RCP8.5","period":"2035","key":"tas","value":17.8,"estimate":"q5","season":"JJA"},{"bfs_id":606,"rcp":"RCP8.5","period":"2035","key":"tas","value":9.8,"estimate":"q5","season":"SON"},{"bfs_id":606,"rcp":"RCP8.5","period":"2035","key":"tas","value":1.7,"estimate":"q50","season":"DJF"},{"bfs_id":606,"rcp":"RCP8.5","period":"2035","key":"tas","value":8.9,"estimate":"q50","season":"MAM"},{"bfs_id":606,"rcp":"RCP8.5","period":"2035","key":"tas","value":18.3,"estimate":"q50","season":"JJA"},{"bfs_id":606,"rcp":"RCP8.5","period":"2035","key":"tas","value":10.2,"estimate":"q50","season":"SON"},{"bfs_id":606,"rcp":"RCP8.5","period":"2035","key":"tas","value":2.1,"estimate":"q95","season":"DJF"},{"bfs_id":606,"rcp":"RCP8.5","period":"2035","key":"tas","value":9.4,"estimate":"q95","season":"MAM"},{"bfs_id":606,"rcp":"RCP8.5","period":"2035","key":"tas","value":19,"estimate":"q95","season":"JJA"},{"bfs_id":606,"rcp":"RCP8.5","period":"2035","key":"tas","value":11,"estimate":"q95","season":"SON"},{"bfs_id":606,"rcp":"RCP8.5","period":"2060","key":"tas","value":2,"estimate":"q5","season":"DJF"},{"bfs_id":606,"rcp":"RCP8.5","period":"2060","key":"tas","value":9.4,"estimate":"q5","season":"MAM"},{"bfs_id":606,"rcp":"RCP8.5","period":"2060","key":"tas","value":18.9,"estimate":"q5","season":"JJA"},{"bfs_id":606,"rcp":"RCP8.5","period":"2060","key":"tas","value":10.8,"estimate":"q5","season":"SON"},{"bfs_id":606,"rcp":"RCP8.5","period":"2060","key":"tas","value":2.5,"estimate":"q50","season":"DJF"},{"bfs_id":606,"rcp":"RCP8.5","period":"2060","key":"tas","value":9.9,"estimate":"q50","season":"MAM"},{"bfs_id":606,"rcp":"RCP8.5","period":"2060","key":"tas","value":19.4,"estimate":"q50","season":"JJA"},{"bfs_id":606,"rcp":"RCP8.5","period":"2060","key":"tas","value":11.4,"estimate":"q50","season":"SON"},{"bfs_id":606,"rcp":"RCP8.5","period":"2060","key":"tas","value":3,"estimate":"q95","season":"DJF"},{"bfs_id":606,"rcp":"RCP8.5","period":"2060","key":"tas","value":10.7,"estimate":"q95","season":"MAM"},{"bfs_id":606,"rcp":"RCP8.5","period":"2060","key":"tas","value":20.5,"estimate":"q95","season":"JJA"},{"bfs_id":606,"rcp":"RCP8.5","period":"2060","key":"tas","value":12.3,"estimate":"q95","season":"SON"},{"bfs_id":606,"rcp":"RCP8.5","period":"2085","key":"tas","value":3.2,"estimate":"q5","season":"DJF"},{"bfs_id":606,"rcp":"RCP8.5","period":"2085","key":"tas","value":10.5,"estimate":"q5","season":"MAM"},{"bfs_id":606,"rcp":"RCP8.5","period":"2085","key":"tas","value":20.2,"estimate":"q5","season":"JJA"},{"bfs_id":606,"rcp":"RCP8.5","period":"2085","key":"tas","value":11.9,"estimate":"q5","season":"SON"},{"bfs_id":606,"rcp":"RCP8.5","period":"2085","key":"tas","value":4.3,"estimate":"q50","season":"DJF"},{"bfs_id":606,"rcp":"RCP8.5","period":"2085","key":"tas","value":11.3,"estimate":"q50","season":"MAM"},{"bfs_id":606,"rcp":"RCP8.5","period":"2085","key":"tas","value":20.8,"estimate":"q50","season":"JJA"},{"bfs_id":606,"rcp":"RCP8.5","period":"2085","key":"tas","value":12.7,"estimate":"q50","season":"SON"},{"bfs_id":606,"rcp":"RCP8.5","period":"2085","key":"tas","value":5,"estimate":"q95","season":"DJF"},{"bfs_id":606,"rcp":"RCP8.5","period":"2085","key":"tas","value":12.6,"estimate":"q95","season":"MAM"},{"bfs_id":606,"rcp":"RCP8.5","period":"2085","key":"tas","value":23.1,"estimate":"q95","season":"JJA"},{"bfs_id":606,"rcp":"RCP8.5","period":"2085","key":"tas","value":14.4,"estimate":"q95","season":"SON"},{"bfs_id":606,"rcp":"obs","period":"1981-2010","key":"FD","value":100.9,"estimate":"yearly_mean"},{"bfs_id":606,"rcp":"obs","period":"1981-2010","key":"HD","value":4.1,"estimate":"yearly_mean"},{"bfs_id":606,"rcp":"obs","period":"1981-2010","key":"ID","value":20.8,"estimate":"yearly_mean"},{"bfs_id":606,"rcp":"obs","period":"1981-2010","key":"SD","value":37.9,"estimate":"yearly_mean"},{"bfs_id":606,"rcp":"obs","period":"1981-2010","key":"snowdays","value":21.9,"estimate":"yearly_mean"},{"bfs_id":606,"rcp":"obs","period":"1981-2010","key":"TN","value":0,"estimate":"yearly_mean"},{"bfs_id":606,"rcp":"obs","period":"1981-2010","key":"pr","value":2,"estimate":"mean","season":"DJF"},{"bfs_id":606,"rcp":"obs","period":"1981-2010","key":"pr","value":2.9,"estimate":"mean","season":"MAM"},{"bfs_id":606,"rcp":"obs","period":"1981-2010","key":"pr","value":4.3,"estimate":"mean","season":"JJA"},{"bfs_id":606,"rcp":"obs","period":"1981-2010","key":"pr","value":2.6,"estimate":"mean","season":"SON"},{"bfs_id":606,"rcp":"obs","period":"1981-2010","key":"tas","value":0.1,"estimate":"mean","season":"DJF"},{"bfs_id":606,"rcp":"obs","period":"1981-2010","key":"tas","value":8.2,"estimate":"mean","season":"MAM"},{"bfs_id":606,"rcp":"obs","period":"1981-2010","key":"tas","value":16.9,"estimate":"mean","season":"JJA"},{"bfs_id":606,"rcp":"obs","period":"1981-2010","key":"tas","value":8.8,"estimate":"mean","season":"SON"}]
