[{"bfs_id":2499,"rcp":"RCP2.6","period":"2035","key":"FD","value":60.4,"estimate":"q5"},{"bfs_id":2499,"rcp":"RCP2.6","period":"2035","key":"FD","value":71.9,"estimate":"q50"},{"bfs_id":2499,"rcp":"RCP2.6","period":"2035","key":"FD","value":78.3,"estimate":"q95"},{"bfs_id":2499,"rcp":"RCP2.6","period":"2060","key":"FD","value":58.5,"estimate":"q5"},{"bfs_id":2499,"rcp":"RCP2.6","period":"2060","key":"FD","value":68.6,"estimate":"q50"},{"bfs_id":2499,"rcp":"RCP2.6","period":"2060","key":"FD","value":74.7,"estimate":"q95"},{"bfs_id":2499,"rcp":"RCP2.6","period":"2085","key":"FD","value":59.5,"estimate":"q5"},{"bfs_id":2499,"rcp":"RCP2.6","period":"2085","key":"FD","value":70.6,"estimate":"q50"},{"bfs_id":2499,"rcp":"RCP2.6","period":"2085","key":"FD","value":76.4,"estimate":"q95"},{"bfs_id":2499,"rcp":"RCP8.5","period":"2035","key":"FD","value":57.2,"estimate":"q5"},{"bfs_id":2499,"rcp":"RCP8.5","period":"2035","key":"FD","value":68.1,"estimate":"q50"},{"bfs_id":2499,"rcp":"RCP8.5","period":"2035","key":"FD","value":74.4,"estimate":"q95"},{"bfs_id":2499,"rcp":"RCP8.5","period":"2060","key":"FD","value":47.1,"estimate":"q5"},{"bfs_id":2499,"rcp":"RCP8.5","period":"2060","key":"FD","value":54.3,"estimate":"q50"},{"bfs_id":2499,"rcp":"RCP8.5","period":"2060","key":"FD","value":63.2,"estimate":"q95"},{"bfs_id":2499,"rcp":"RCP8.5","period":"2085","key":"FD","value":29.4,"estimate":"q5"},{"bfs_id":2499,"rcp":"RCP8.5","period":"2085","key":"FD","value":33.9,"estimate":"q50"},{"bfs_id":2499,"rcp":"RCP8.5","period":"2085","key":"FD","value":47.2,"estimate":"q95"},{"bfs_id":2499,"rcp":"RCP2.6","period":"2035","key":"HD","value":11,"estimate":"q5"},{"bfs_id":2499,"rcp":"RCP2.6","period":"2035","key":"HD","value":14.4,"estimate":"q50"},{"bfs_id":2499,"rcp":"RCP2.6","period":"2035","key":"HD","value":19.1,"estimate":"q95"},{"bfs_id":2499,"rcp":"RCP2.6","period":"2060","key":"HD","value":11.6,"estimate":"q5"},{"bfs_id":2499,"rcp":"RCP2.6","period":"2060","key":"HD","value":14.9,"estimate":"q50"},{"bfs_id":2499,"rcp":"RCP2.6","period":"2060","key":"HD","value":21.7,"estimate":"q95"},{"bfs_id":2499,"rcp":"RCP2.6","period":"2085","key":"HD","value":11.4,"estimate":"q5"},{"bfs_id":2499,"rcp":"RCP2.6","period":"2085","key":"HD","value":14.1,"estimate":"q50"},{"bfs_id":2499,"rcp":"RCP2.6","period":"2085","key":"HD","value":21,"estimate":"q95"},{"bfs_id":2499,"rcp":"RCP8.5","period":"2035","key":"HD","value":11.7,"estimate":"q5"},{"bfs_id":2499,"rcp":"RCP8.5","period":"2035","key":"HD","value":15,"estimate":"q50"},{"bfs_id":2499,"rcp":"RCP8.5","period":"2035","key":"HD","value":21.5,"estimate":"q95"},{"bfs_id":2499,"rcp":"RCP8.5","period":"2060","key":"HD","value":18.1,"estimate":"q5"},{"bfs_id":2499,"rcp":"RCP8.5","period":"2060","key":"HD","value":24.5,"estimate":"q50"},{"bfs_id":2499,"rcp":"RCP8.5","period":"2060","key":"HD","value":36.7,"estimate":"q95"},{"bfs_id":2499,"rcp":"RCP8.5","period":"2085","key":"HD","value":32.6,"estimate":"q5"},{"bfs_id":2499,"rcp":"RCP8.5","period":"2085","key":"HD","value":39.5,"estimate":"q50"},{"bfs_id":2499,"rcp":"RCP8.5","period":"2085","key":"HD","value":64,"estimate":"q95"},{"bfs_id":2499,"rcp":"RCP2.6","period":"2035","key":"ID","value":10.6,"estimate":"q5"},{"bfs_id":2499,"rcp":"RCP2.6","period":"2035","key":"ID","value":15,"estimate":"q50"},{"bfs_id":2499,"rcp":"RCP2.6","period":"2035","key":"ID","value":18.7,"estimate":"q95"},{"bfs_id":2499,"rcp":"RCP2.6","period":"2060","key":"ID","value":10.8,"estimate":"q5"},{"bfs_id":2499,"rcp":"RCP2.6","period":"2060","key":"ID","value":15.4,"estimate":"q50"},{"bfs_id":2499,"rcp":"RCP2.6","period":"2060","key":"ID","value":18.2,"estimate":"q95"},{"bfs_id":2499,"rcp":"RCP2.6","period":"2085","key":"ID","value":11.1,"estimate":"q5"},{"bfs_id":2499,"rcp":"RCP2.6","period":"2085","key":"ID","value":14.5,"estimate":"q50"},{"bfs_id":2499,"rcp":"RCP2.6","period":"2085","key":"ID","value":17.4,"estimate":"q95"},{"bfs_id":2499,"rcp":"RCP8.5","period":"2035","key":"ID","value":11.2,"estimate":"q5"},{"bfs_id":2499,"rcp":"RCP8.5","period":"2035","key":"ID","value":14.1,"estimate":"q50"},{"bfs_id":2499,"rcp":"RCP8.5","period":"2035","key":"ID","value":18.6,"estimate":"q95"},{"bfs_id":2499,"rcp":"RCP8.5","period":"2060","key":"ID","value":7.3,"estimate":"q5"},{"bfs_id":2499,"rcp":"RCP8.5","period":"2060","key":"ID","value":10.5,"estimate":"q50"},{"bfs_id":2499,"rcp":"RCP8.5","period":"2060","key":"ID","value":12.8,"estimate":"q95"},{"bfs_id":2499,"rcp":"RCP8.5","period":"2085","key":"ID","value":1.9,"estimate":"q5"},{"bfs_id":2499,"rcp":"RCP8.5","period":"2085","key":"ID","value":4.7,"estimate":"q50"},{"bfs_id":2499,"rcp":"RCP8.5","period":"2085","key":"ID","value":7.4,"estimate":"q95"},{"bfs_id":2499,"rcp":"RCP2.6","period":"2035","key":"SD","value":50.4,"estimate":"q5"},{"bfs_id":2499,"rcp":"RCP2.6","period":"2035","key":"SD","value":56.9,"estimate":"q50"},{"bfs_id":2499,"rcp":"RCP2.6","period":"2035","key":"SD","value":64,"estimate":"q95"},{"bfs_id":2499,"rcp":"RCP2.6","period":"2060","key":"SD","value":50.8,"estimate":"q5"},{"bfs_id":2499,"rcp":"RCP2.6","period":"2060","key":"SD","value":57.4,"estimate":"q50"},{"bfs_id":2499,"rcp":"RCP2.6","period":"2060","key":"SD","value":63.5,"estimate":"q95"},{"bfs_id":2499,"rcp":"RCP2.6","period":"2085","key":"SD","value":50.1,"estimate":"q5"},{"bfs_id":2499,"rcp":"RCP2.6","period":"2085","key":"SD","value":57.5,"estimate":"q50"},{"bfs_id":2499,"rcp":"RCP2.6","period":"2085","key":"SD","value":64,"estimate":"q95"},{"bfs_id":2499,"rcp":"RCP8.5","period":"2035","key":"SD","value":52.2,"estimate":"q5"},{"bfs_id":2499,"rcp":"RCP8.5","period":"2035","key":"SD","value":58.7,"estimate":"q50"},{"bfs_id":2499,"rcp":"RCP8.5","period":"2035","key":"SD","value":64,"estimate":"q95"},{"bfs_id":2499,"rcp":"RCP8.5","period":"2060","key":"SD","value":68.3,"estimate":"q5"},{"bfs_id":2499,"rcp":"RCP8.5","period":"2060","key":"SD","value":73.2,"estimate":"q50"},{"bfs_id":2499,"rcp":"RCP8.5","period":"2060","key":"SD","value":89.2,"estimate":"q95"},{"bfs_id":2499,"rcp":"RCP8.5","period":"2085","key":"SD","value":82.9,"estimate":"q5"},{"bfs_id":2499,"rcp":"RCP8.5","period":"2085","key":"SD","value":96.9,"estimate":"q50"},{"bfs_id":2499,"rcp":"RCP8.5","period":"2085","key":"SD","value":114.1,"estimate":"q95"},{"bfs_id":2499,"rcp":"RCP2.6","period":"2035","key":"snowdays","value":13.8,"estimate":"q5"},{"bfs_id":2499,"rcp":"RCP2.6","period":"2035","key":"snowdays","value":18.1,"estimate":"q50"},{"bfs_id":2499,"rcp":"RCP2.6","period":"2035","key":"snowdays","value":20.3,"estimate":"q95"},{"bfs_id":2499,"rcp":"RCP2.6","period":"2060","key":"snowdays","value":12.9,"estimate":"q5"},{"bfs_id":2499,"rcp":"RCP2.6","period":"2060","key":"snowdays","value":16.9,"estimate":"q50"},{"bfs_id":2499,"rcp":"RCP2.6","period":"2060","key":"snowdays","value":19.6,"estimate":"q95"},{"bfs_id":2499,"rcp":"RCP2.6","period":"2085","key":"snowdays","value":12.8,"estimate":"q5"},{"bfs_id":2499,"rcp":"RCP2.6","period":"2085","key":"snowdays","value":17.4,"estimate":"q50"},{"bfs_id":2499,"rcp":"RCP2.6","period":"2085","key":"snowdays","value":19.7,"estimate":"q95"},{"bfs_id":2499,"rcp":"RCP8.5","period":"2035","key":"snowdays","value":12.1,"estimate":"q5"},{"bfs_id":2499,"rcp":"RCP8.5","period":"2035","key":"snowdays","value":17.4,"estimate":"q50"},{"bfs_id":2499,"rcp":"RCP8.5","period":"2035","key":"snowdays","value":19.1,"estimate":"q95"},{"bfs_id":2499,"rcp":"RCP8.5","period":"2060","key":"snowdays","value":8.8,"estimate":"q5"},{"bfs_id":2499,"rcp":"RCP8.5","period":"2060","key":"snowdays","value":12.8,"estimate":"q50"},{"bfs_id":2499,"rcp":"RCP8.5","period":"2060","key":"snowdays","value":15.5,"estimate":"q95"},{"bfs_id":2499,"rcp":"RCP8.5","period":"2085","key":"snowdays","value":3.5,"estimate":"q5"},{"bfs_id":2499,"rcp":"RCP8.5","period":"2085","key":"snowdays","value":7,"estimate":"q50"},{"bfs_id":2499,"rcp":"RCP8.5","period":"2085","key":"snowdays","value":9.8,"estimate":"q95"},{"bfs_id":2499,"rcp":"RCP2.6","period":"2035","key":"TN","value":0,"estimate":"q5"},{"bfs_id":2499,"rcp":"RCP2.6","period":"2035","key":"TN","value":0.3,"estimate":"q50"},{"bfs_id":2499,"rcp":"RCP2.6","period":"2035","key":"TN","value":0.6,"estimate":"q95"},{"bfs_id":2499,"rcp":"RCP2.6","period":"2060","key":"TN","value":0.1,"estimate":"q5"},{"bfs_id":2499,"rcp":"RCP2.6","period":"2060","key":"TN","value":0.4,"estimate":"q50"},{"bfs_id":2499,"rcp":"RCP2.6","period":"2060","key":"TN","value":1,"estimate":"q95"},{"bfs_id":2499,"rcp":"RCP2.6","period":"2085","key":"TN","value":0.1,"estimate":"q5"},{"bfs_id":2499,"rcp":"RCP2.6","period":"2085","key":"TN","value":0.5,"estimate":"q50"},{"bfs_id":2499,"rcp":"RCP2.6","period":"2085","key":"TN","value":0.9,"estimate":"q95"},{"bfs_id":2499,"rcp":"RCP8.5","period":"2035","key":"TN","value":0.1,"estimate":"q5"},{"bfs_id":2499,"rcp":"RCP8.5","period":"2035","key":"TN","value":0.4,"estimate":"q50"},{"bfs_id":2499,"rcp":"RCP8.5","period":"2035","key":"TN","value":2,"estimate":"q95"},{"bfs_id":2499,"rcp":"RCP8.5","period":"2060","key":"TN","value":1,"estimate":"q5"},{"bfs_id":2499,"rcp":"RCP8.5","period":"2060","key":"TN","value":2.7,"estimate":"q50"},{"bfs_id":2499,"rcp":"RCP8.5","period":"2060","key":"TN","value":6.5,"estimate":"q95"},{"bfs_id":2499,"rcp":"RCP8.5","period":"2085","key":"TN","value":4.8,"estimate":"q5"},{"bfs_id":2499,"rcp":"RCP8.5","period":"2085","key":"TN","value":8.8,"estimate":"q50"},{"bfs_id":2499,"rcp":"RCP8.5","period":"2085","key":"TN","value":22.6,"estimate":"q95"},{"bfs_id":2499,"rcp":"RCP2.6","period":"2035","key":"pr","value":2.6,"estimate":"q5","season":"DJF"},{"bfs_id":2499,"rcp":"RCP2.6","period":"2035","key":"pr","value":2.9,"estimate":"q5","season":"MAM"},{"bfs_id":2499,"rcp":"RCP2.6","period":"2035","key":"pr","value":3,"estimate":"q5","season":"JJA"},{"bfs_id":2499,"rcp":"RCP2.6","period":"2035","key":"pr","value":2.7,"estimate":"q5","season":"SON"},{"bfs_id":2499,"rcp":"RCP2.6","period":"2035","key":"pr","value":3,"estimate":"q50","season":"DJF"},{"bfs_id":2499,"rcp":"RCP2.6","period":"2035","key":"pr","value":3.3,"estimate":"q50","season":"MAM"},{"bfs_id":2499,"rcp":"RCP2.6","period":"2035","key":"pr","value":3.5,"estimate":"q50","season":"JJA"},{"bfs_id":2499,"rcp":"RCP2.6","period":"2035","key":"pr","value":2.9,"estimate":"q50","season":"SON"},{"bfs_id":2499,"rcp":"RCP2.6","period":"2035","key":"pr","value":3.5,"estimate":"q95","season":"DJF"},{"bfs_id":2499,"rcp":"RCP2.6","period":"2035","key":"pr","value":3.6,"estimate":"q95","season":"MAM"},{"bfs_id":2499,"rcp":"RCP2.6","period":"2035","key":"pr","value":3.8,"estimate":"q95","season":"JJA"},{"bfs_id":2499,"rcp":"RCP2.6","period":"2035","key":"pr","value":3.6,"estimate":"q95","season":"SON"},{"bfs_id":2499,"rcp":"RCP2.6","period":"2060","key":"pr","value":2.7,"estimate":"q5","season":"DJF"},{"bfs_id":2499,"rcp":"RCP2.6","period":"2060","key":"pr","value":3.1,"estimate":"q5","season":"MAM"},{"bfs_id":2499,"rcp":"RCP2.6","period":"2060","key":"pr","value":3,"estimate":"q5","season":"JJA"},{"bfs_id":2499,"rcp":"RCP2.6","period":"2060","key":"pr","value":2.8,"estimate":"q5","season":"SON"},{"bfs_id":2499,"rcp":"RCP2.6","period":"2060","key":"pr","value":3,"estimate":"q50","season":"DJF"},{"bfs_id":2499,"rcp":"RCP2.6","period":"2060","key":"pr","value":3.3,"estimate":"q50","season":"MAM"},{"bfs_id":2499,"rcp":"RCP2.6","period":"2060","key":"pr","value":3.5,"estimate":"q50","season":"JJA"},{"bfs_id":2499,"rcp":"RCP2.6","period":"2060","key":"pr","value":3,"estimate":"q50","season":"SON"},{"bfs_id":2499,"rcp":"RCP2.6","period":"2060","key":"pr","value":3.3,"estimate":"q95","season":"DJF"},{"bfs_id":2499,"rcp":"RCP2.6","period":"2060","key":"pr","value":3.6,"estimate":"q95","season":"MAM"},{"bfs_id":2499,"rcp":"RCP2.6","period":"2060","key":"pr","value":4,"estimate":"q95","season":"JJA"},{"bfs_id":2499,"rcp":"RCP2.6","period":"2060","key":"pr","value":3.5,"estimate":"q95","season":"SON"},{"bfs_id":2499,"rcp":"RCP2.6","period":"2085","key":"pr","value":2.7,"estimate":"q5","season":"DJF"},{"bfs_id":2499,"rcp":"RCP2.6","period":"2085","key":"pr","value":3,"estimate":"q5","season":"MAM"},{"bfs_id":2499,"rcp":"RCP2.6","period":"2085","key":"pr","value":3.1,"estimate":"q5","season":"JJA"},{"bfs_id":2499,"rcp":"RCP2.6","period":"2085","key":"pr","value":2.7,"estimate":"q5","season":"SON"},{"bfs_id":2499,"rcp":"RCP2.6","period":"2085","key":"pr","value":3,"estimate":"q50","season":"DJF"},{"bfs_id":2499,"rcp":"RCP2.6","period":"2085","key":"pr","value":3.3,"estimate":"q50","season":"MAM"},{"bfs_id":2499,"rcp":"RCP2.6","period":"2085","key":"pr","value":3.5,"estimate":"q50","season":"JJA"},{"bfs_id":2499,"rcp":"RCP2.6","period":"2085","key":"pr","value":3,"estimate":"q50","season":"SON"},{"bfs_id":2499,"rcp":"RCP2.6","period":"2085","key":"pr","value":3.4,"estimate":"q95","season":"DJF"},{"bfs_id":2499,"rcp":"RCP2.6","period":"2085","key":"pr","value":3.6,"estimate":"q95","season":"MAM"},{"bfs_id":2499,"rcp":"RCP2.6","period":"2085","key":"pr","value":4,"estimate":"q95","season":"JJA"},{"bfs_id":2499,"rcp":"RCP2.6","period":"2085","key":"pr","value":3.4,"estimate":"q95","season":"SON"},{"bfs_id":2499,"rcp":"RCP8.5","period":"2035","key":"pr","value":2.8,"estimate":"q5","season":"DJF"},{"bfs_id":2499,"rcp":"RCP8.5","period":"2035","key":"pr","value":3.1,"estimate":"q5","season":"MAM"},{"bfs_id":2499,"rcp":"RCP8.5","period":"2035","key":"pr","value":2.8,"estimate":"q5","season":"JJA"},{"bfs_id":2499,"rcp":"RCP8.5","period":"2035","key":"pr","value":2.7,"estimate":"q5","season":"SON"},{"bfs_id":2499,"rcp":"RCP8.5","period":"2035","key":"pr","value":3.2,"estimate":"q50","season":"DJF"},{"bfs_id":2499,"rcp":"RCP8.5","period":"2035","key":"pr","value":3.4,"estimate":"q50","season":"MAM"},{"bfs_id":2499,"rcp":"RCP8.5","period":"2035","key":"pr","value":3.6,"estimate":"q50","season":"JJA"},{"bfs_id":2499,"rcp":"RCP8.5","period":"2035","key":"pr","value":3.1,"estimate":"q50","season":"SON"},{"bfs_id":2499,"rcp":"RCP8.5","period":"2035","key":"pr","value":3.4,"estimate":"q95","season":"DJF"},{"bfs_id":2499,"rcp":"RCP8.5","period":"2035","key":"pr","value":3.6,"estimate":"q95","season":"MAM"},{"bfs_id":2499,"rcp":"RCP8.5","period":"2035","key":"pr","value":3.9,"estimate":"q95","season":"JJA"},{"bfs_id":2499,"rcp":"RCP8.5","period":"2035","key":"pr","value":3.5,"estimate":"q95","season":"SON"},{"bfs_id":2499,"rcp":"RCP8.5","period":"2060","key":"pr","value":2.9,"estimate":"q5","season":"DJF"},{"bfs_id":2499,"rcp":"RCP8.5","period":"2060","key":"pr","value":3.3,"estimate":"q5","season":"MAM"},{"bfs_id":2499,"rcp":"RCP8.5","period":"2060","key":"pr","value":2.5,"estimate":"q5","season":"JJA"},{"bfs_id":2499,"rcp":"RCP8.5","period":"2060","key":"pr","value":2.7,"estimate":"q5","season":"SON"},{"bfs_id":2499,"rcp":"RCP8.5","period":"2060","key":"pr","value":3.2,"estimate":"q50","season":"DJF"},{"bfs_id":2499,"rcp":"RCP8.5","period":"2060","key":"pr","value":3.5,"estimate":"q50","season":"MAM"},{"bfs_id":2499,"rcp":"RCP8.5","period":"2060","key":"pr","value":3.4,"estimate":"q50","season":"JJA"},{"bfs_id":2499,"rcp":"RCP8.5","period":"2060","key":"pr","value":3.1,"estimate":"q50","season":"SON"},{"bfs_id":2499,"rcp":"RCP8.5","period":"2060","key":"pr","value":3.7,"estimate":"q95","season":"DJF"},{"bfs_id":2499,"rcp":"RCP8.5","period":"2060","key":"pr","value":3.9,"estimate":"q95","season":"MAM"},{"bfs_id":2499,"rcp":"RCP8.5","period":"2060","key":"pr","value":3.7,"estimate":"q95","season":"JJA"},{"bfs_id":2499,"rcp":"RCP8.5","period":"2060","key":"pr","value":3.4,"estimate":"q95","season":"SON"},{"bfs_id":2499,"rcp":"RCP8.5","period":"2085","key":"pr","value":3.1,"estimate":"q5","season":"DJF"},{"bfs_id":2499,"rcp":"RCP8.5","period":"2085","key":"pr","value":3.3,"estimate":"q5","season":"MAM"},{"bfs_id":2499,"rcp":"RCP8.5","period":"2085","key":"pr","value":2,"estimate":"q5","season":"JJA"},{"bfs_id":2499,"rcp":"RCP8.5","period":"2085","key":"pr","value":2.6,"estimate":"q5","season":"SON"},{"bfs_id":2499,"rcp":"RCP8.5","period":"2085","key":"pr","value":3.6,"estimate":"q50","season":"DJF"},{"bfs_id":2499,"rcp":"RCP8.5","period":"2085","key":"pr","value":3.7,"estimate":"q50","season":"MAM"},{"bfs_id":2499,"rcp":"RCP8.5","period":"2085","key":"pr","value":3.1,"estimate":"q50","season":"JJA"},{"bfs_id":2499,"rcp":"RCP8.5","period":"2085","key":"pr","value":3.1,"estimate":"q50","season":"SON"},{"bfs_id":2499,"rcp":"RCP8.5","period":"2085","key":"pr","value":4,"estimate":"q95","season":"DJF"},{"bfs_id":2499,"rcp":"RCP8.5","period":"2085","key":"pr","value":4,"estimate":"q95","season":"MAM"},{"bfs_id":2499,"rcp":"RCP8.5","period":"2085","key":"pr","value":3.7,"estimate":"q95","season":"JJA"},{"bfs_id":2499,"rcp":"RCP8.5","period":"2085","key":"pr","value":3.6,"estimate":"q95","season":"SON"},{"bfs_id":2499,"rcp":"RCP2.6","period":"2035","key":"tas","value":1.5,"estimate":"q5","season":"DJF"},{"bfs_id":2499,"rcp":"RCP2.6","period":"2035","key":"tas","value":9,"estimate":"q5","season":"MAM"},{"bfs_id":2499,"rcp":"RCP2.6","period":"2035","key":"tas","value":18.2,"estimate":"q5","season":"JJA"},{"bfs_id":2499,"rcp":"RCP2.6","period":"2035","key":"tas","value":10,"estimate":"q5","season":"SON"},{"bfs_id":2499,"rcp":"RCP2.6","period":"2035","key":"tas","value":2,"estimate":"q50","season":"DJF"},{"bfs_id":2499,"rcp":"RCP2.6","period":"2035","key":"tas","value":9.6,"estimate":"q50","season":"MAM"},{"bfs_id":2499,"rcp":"RCP2.6","period":"2035","key":"tas","value":18.7,"estimate":"q50","season":"JJA"},{"bfs_id":2499,"rcp":"RCP2.6","period":"2035","key":"tas","value":10.3,"estimate":"q50","season":"SON"},{"bfs_id":2499,"rcp":"RCP2.6","period":"2035","key":"tas","value":2.8,"estimate":"q95","season":"DJF"},{"bfs_id":2499,"rcp":"RCP2.6","period":"2035","key":"tas","value":9.9,"estimate":"q95","season":"MAM"},{"bfs_id":2499,"rcp":"RCP2.6","period":"2035","key":"tas","value":19.3,"estimate":"q95","season":"JJA"},{"bfs_id":2499,"rcp":"RCP2.6","period":"2035","key":"tas","value":11.2,"estimate":"q95","season":"SON"},{"bfs_id":2499,"rcp":"RCP2.6","period":"2060","key":"tas","value":1.5,"estimate":"q5","season":"DJF"},{"bfs_id":2499,"rcp":"RCP2.6","period":"2060","key":"tas","value":8.9,"estimate":"q5","season":"MAM"},{"bfs_id":2499,"rcp":"RCP2.6","period":"2060","key":"tas","value":18.4,"estimate":"q5","season":"JJA"},{"bfs_id":2499,"rcp":"RCP2.6","period":"2060","key":"tas","value":10.3,"estimate":"q5","season":"SON"},{"bfs_id":2499,"rcp":"RCP2.6","period":"2060","key":"tas","value":2.3,"estimate":"q50","season":"DJF"},{"bfs_id":2499,"rcp":"RCP2.6","period":"2060","key":"tas","value":9.6,"estimate":"q50","season":"MAM"},{"bfs_id":2499,"rcp":"RCP2.6","period":"2060","key":"tas","value":18.8,"estimate":"q50","season":"JJA"},{"bfs_id":2499,"rcp":"RCP2.6","period":"2060","key":"tas","value":10.6,"estimate":"q50","season":"SON"},{"bfs_id":2499,"rcp":"RCP2.6","period":"2060","key":"tas","value":2.8,"estimate":"q95","season":"DJF"},{"bfs_id":2499,"rcp":"RCP2.6","period":"2060","key":"tas","value":10,"estimate":"q95","season":"MAM"},{"bfs_id":2499,"rcp":"RCP2.6","period":"2060","key":"tas","value":19.4,"estimate":"q95","season":"JJA"},{"bfs_id":2499,"rcp":"RCP2.6","period":"2060","key":"tas","value":11.6,"estimate":"q95","season":"SON"},{"bfs_id":2499,"rcp":"RCP2.6","period":"2085","key":"tas","value":1.6,"estimate":"q5","season":"DJF"},{"bfs_id":2499,"rcp":"RCP2.6","period":"2085","key":"tas","value":9,"estimate":"q5","season":"MAM"},{"bfs_id":2499,"rcp":"RCP2.6","period":"2085","key":"tas","value":18.3,"estimate":"q5","season":"JJA"},{"bfs_id":2499,"rcp":"RCP2.6","period":"2085","key":"tas","value":10.1,"estimate":"q5","season":"SON"},{"bfs_id":2499,"rcp":"RCP2.6","period":"2085","key":"tas","value":2.3,"estimate":"q50","season":"DJF"},{"bfs_id":2499,"rcp":"RCP2.6","period":"2085","key":"tas","value":9.7,"estimate":"q50","season":"MAM"},{"bfs_id":2499,"rcp":"RCP2.6","period":"2085","key":"tas","value":18.8,"estimate":"q50","season":"JJA"},{"bfs_id":2499,"rcp":"RCP2.6","period":"2085","key":"tas","value":10.6,"estimate":"q50","season":"SON"},{"bfs_id":2499,"rcp":"RCP2.6","period":"2085","key":"tas","value":2.9,"estimate":"q95","season":"DJF"},{"bfs_id":2499,"rcp":"RCP2.6","period":"2085","key":"tas","value":10.1,"estimate":"q95","season":"MAM"},{"bfs_id":2499,"rcp":"RCP2.6","period":"2085","key":"tas","value":19.3,"estimate":"q95","season":"JJA"},{"bfs_id":2499,"rcp":"RCP2.6","period":"2085","key":"tas","value":11.5,"estimate":"q95","season":"SON"},{"bfs_id":2499,"rcp":"RCP8.5","period":"2035","key":"tas","value":1.4,"estimate":"q5","season":"DJF"},{"bfs_id":2499,"rcp":"RCP8.5","period":"2035","key":"tas","value":9.2,"estimate":"q5","season":"MAM"},{"bfs_id":2499,"rcp":"RCP8.5","period":"2035","key":"tas","value":18.6,"estimate":"q5","season":"JJA"},{"bfs_id":2499,"rcp":"RCP8.5","period":"2035","key":"tas","value":10.3,"estimate":"q5","season":"SON"},{"bfs_id":2499,"rcp":"RCP8.5","period":"2035","key":"tas","value":2.3,"estimate":"q50","season":"DJF"},{"bfs_id":2499,"rcp":"RCP8.5","period":"2035","key":"tas","value":9.7,"estimate":"q50","season":"MAM"},{"bfs_id":2499,"rcp":"RCP8.5","period":"2035","key":"tas","value":19,"estimate":"q50","season":"JJA"},{"bfs_id":2499,"rcp":"RCP8.5","period":"2035","key":"tas","value":10.8,"estimate":"q50","season":"SON"},{"bfs_id":2499,"rcp":"RCP8.5","period":"2035","key":"tas","value":2.8,"estimate":"q95","season":"DJF"},{"bfs_id":2499,"rcp":"RCP8.5","period":"2035","key":"tas","value":10,"estimate":"q95","season":"MAM"},{"bfs_id":2499,"rcp":"RCP8.5","period":"2035","key":"tas","value":19.5,"estimate":"q95","season":"JJA"},{"bfs_id":2499,"rcp":"RCP8.5","period":"2035","key":"tas","value":11.6,"estimate":"q95","season":"SON"},{"bfs_id":2499,"rcp":"RCP8.5","period":"2060","key":"tas","value":2.8,"estimate":"q5","season":"DJF"},{"bfs_id":2499,"rcp":"RCP8.5","period":"2060","key":"tas","value":10,"estimate":"q5","season":"MAM"},{"bfs_id":2499,"rcp":"RCP8.5","period":"2060","key":"tas","value":19.6,"estimate":"q5","season":"JJA"},{"bfs_id":2499,"rcp":"RCP8.5","period":"2060","key":"tas","value":11.3,"estimate":"q5","season":"SON"},{"bfs_id":2499,"rcp":"RCP8.5","period":"2060","key":"tas","value":3.1,"estimate":"q50","season":"DJF"},{"bfs_id":2499,"rcp":"RCP8.5","period":"2060","key":"tas","value":10.6,"estimate":"q50","season":"MAM"},{"bfs_id":2499,"rcp":"RCP8.5","period":"2060","key":"tas","value":20.3,"estimate":"q50","season":"JJA"},{"bfs_id":2499,"rcp":"RCP8.5","period":"2060","key":"tas","value":11.9,"estimate":"q50","season":"SON"},{"bfs_id":2499,"rcp":"RCP8.5","period":"2060","key":"tas","value":3.8,"estimate":"q95","season":"DJF"},{"bfs_id":2499,"rcp":"RCP8.5","period":"2060","key":"tas","value":11,"estimate":"q95","season":"MAM"},{"bfs_id":2499,"rcp":"RCP8.5","period":"2060","key":"tas","value":21.2,"estimate":"q95","season":"JJA"},{"bfs_id":2499,"rcp":"RCP8.5","period":"2060","key":"tas","value":12.8,"estimate":"q95","season":"SON"},{"bfs_id":2499,"rcp":"RCP8.5","period":"2085","key":"tas","value":3.9,"estimate":"q5","season":"DJF"},{"bfs_id":2499,"rcp":"RCP8.5","period":"2085","key":"tas","value":11.1,"estimate":"q5","season":"MAM"},{"bfs_id":2499,"rcp":"RCP8.5","period":"2085","key":"tas","value":20.9,"estimate":"q5","season":"JJA"},{"bfs_id":2499,"rcp":"RCP8.5","period":"2085","key":"tas","value":12.3,"estimate":"q5","season":"SON"},{"bfs_id":2499,"rcp":"RCP8.5","period":"2085","key":"tas","value":4.9,"estimate":"q50","season":"DJF"},{"bfs_id":2499,"rcp":"RCP8.5","period":"2085","key":"tas","value":11.8,"estimate":"q50","season":"MAM"},{"bfs_id":2499,"rcp":"RCP8.5","period":"2085","key":"tas","value":21.9,"estimate":"q50","season":"JJA"},{"bfs_id":2499,"rcp":"RCP8.5","period":"2085","key":"tas","value":13.3,"estimate":"q50","season":"SON"},{"bfs_id":2499,"rcp":"RCP8.5","period":"2085","key":"tas","value":5.6,"estimate":"q95","season":"DJF"},{"bfs_id":2499,"rcp":"RCP8.5","period":"2085","key":"tas","value":12.7,"estimate":"q95","season":"MAM"},{"bfs_id":2499,"rcp":"RCP8.5","period":"2085","key":"tas","value":23.9,"estimate":"q95","season":"JJA"},{"bfs_id":2499,"rcp":"RCP8.5","period":"2085","key":"tas","value":15,"estimate":"q95","season":"SON"},{"bfs_id":2499,"rcp":"obs","period":"1981-2010","key":"FD","value":86.5,"estimate":"yearly_mean"},{"bfs_id":2499,"rcp":"obs","period":"1981-2010","key":"HD","value":8,"estimate":"yearly_mean"},{"bfs_id":2499,"rcp":"obs","period":"1981-2010","key":"ID","value":21.9,"estimate":"yearly_mean"},{"bfs_id":2499,"rcp":"obs","period":"1981-2010","key":"SD","value":44,"estimate":"yearly_mean"},{"bfs_id":2499,"rcp":"obs","period":"1981-2010","key":"snowdays","value":20,"estimate":"yearly_mean"},{"bfs_id":2499,"rcp":"obs","period":"1981-2010","key":"TN","value":0,"estimate":"yearly_mean"},{"bfs_id":2499,"rcp":"obs","period":"1981-2010","key":"pr","value":2.7,"estimate":"mean","season":"DJF"},{"bfs_id":2499,"rcp":"obs","period":"1981-2010","key":"pr","value":3.2,"estimate":"mean","season":"MAM"},{"bfs_id":2499,"rcp":"obs","period":"1981-2010","key":"pr","value":3.7,"estimate":"mean","season":"JJA"},{"bfs_id":2499,"rcp":"obs","period":"1981-2010","key":"pr","value":3,"estimate":"mean","season":"SON"},{"bfs_id":2499,"rcp":"obs","period":"1981-2010","key":"tas","value":0.9,"estimate":"mean","season":"DJF"},{"bfs_id":2499,"rcp":"obs","period":"1981-2010","key":"tas","value":9,"estimate":"mean","season":"MAM"},{"bfs_id":2499,"rcp":"obs","period":"1981-2010","key":"tas","value":17.6,"estimate":"mean","season":"JJA"},{"bfs_id":2499,"rcp":"obs","period":"1981-2010","key":"tas","value":9.3,"estimate":"mean","season":"SON"}]
