[{"bfs_id":386,"rcp":"RCP2.6","period":"2035","key":"FD","value":53.2,"estimate":"q5"},{"bfs_id":386,"rcp":"RCP2.6","period":"2035","key":"FD","value":63.7,"estimate":"q50"},{"bfs_id":386,"rcp":"RCP2.6","period":"2035","key":"FD","value":69.2,"estimate":"q95"},{"bfs_id":386,"rcp":"RCP2.6","period":"2060","key":"FD","value":50.4,"estimate":"q5"},{"bfs_id":386,"rcp":"RCP2.6","period":"2060","key":"FD","value":60.7,"estimate":"q50"},{"bfs_id":386,"rcp":"RCP2.6","period":"2060","key":"FD","value":65.9,"estimate":"q95"},{"bfs_id":386,"rcp":"RCP2.6","period":"2085","key":"FD","value":51.2,"estimate":"q5"},{"bfs_id":386,"rcp":"RCP2.6","period":"2085","key":"FD","value":61.1,"estimate":"q50"},{"bfs_id":386,"rcp":"RCP2.6","period":"2085","key":"FD","value":67.3,"estimate":"q95"},{"bfs_id":386,"rcp":"RCP8.5","period":"2035","key":"FD","value":51,"estimate":"q5"},{"bfs_id":386,"rcp":"RCP8.5","period":"2035","key":"FD","value":60.2,"estimate":"q50"},{"bfs_id":386,"rcp":"RCP8.5","period":"2035","key":"FD","value":64.7,"estimate":"q95"},{"bfs_id":386,"rcp":"RCP8.5","period":"2060","key":"FD","value":39.7,"estimate":"q5"},{"bfs_id":386,"rcp":"RCP8.5","period":"2060","key":"FD","value":45.9,"estimate":"q50"},{"bfs_id":386,"rcp":"RCP8.5","period":"2060","key":"FD","value":54.9,"estimate":"q95"},{"bfs_id":386,"rcp":"RCP8.5","period":"2085","key":"FD","value":23.1,"estimate":"q5"},{"bfs_id":386,"rcp":"RCP8.5","period":"2085","key":"FD","value":27.6,"estimate":"q50"},{"bfs_id":386,"rcp":"RCP8.5","period":"2085","key":"FD","value":39.7,"estimate":"q95"},{"bfs_id":386,"rcp":"RCP2.6","period":"2035","key":"HD","value":14.4,"estimate":"q5"},{"bfs_id":386,"rcp":"RCP2.6","period":"2035","key":"HD","value":18.4,"estimate":"q50"},{"bfs_id":386,"rcp":"RCP2.6","period":"2035","key":"HD","value":24.2,"estimate":"q95"},{"bfs_id":386,"rcp":"RCP2.6","period":"2060","key":"HD","value":15.2,"estimate":"q5"},{"bfs_id":386,"rcp":"RCP2.6","period":"2060","key":"HD","value":18.2,"estimate":"q50"},{"bfs_id":386,"rcp":"RCP2.6","period":"2060","key":"HD","value":26.9,"estimate":"q95"},{"bfs_id":386,"rcp":"RCP2.6","period":"2085","key":"HD","value":14.7,"estimate":"q5"},{"bfs_id":386,"rcp":"RCP2.6","period":"2085","key":"HD","value":17.8,"estimate":"q50"},{"bfs_id":386,"rcp":"RCP2.6","period":"2085","key":"HD","value":26.2,"estimate":"q95"},{"bfs_id":386,"rcp":"RCP8.5","period":"2035","key":"HD","value":15.1,"estimate":"q5"},{"bfs_id":386,"rcp":"RCP8.5","period":"2035","key":"HD","value":19.5,"estimate":"q50"},{"bfs_id":386,"rcp":"RCP8.5","period":"2035","key":"HD","value":26.6,"estimate":"q95"},{"bfs_id":386,"rcp":"RCP8.5","period":"2060","key":"HD","value":23.2,"estimate":"q5"},{"bfs_id":386,"rcp":"RCP8.5","period":"2060","key":"HD","value":29.8,"estimate":"q50"},{"bfs_id":386,"rcp":"RCP8.5","period":"2060","key":"HD","value":45,"estimate":"q95"},{"bfs_id":386,"rcp":"RCP8.5","period":"2085","key":"HD","value":39.1,"estimate":"q5"},{"bfs_id":386,"rcp":"RCP8.5","period":"2085","key":"HD","value":45.9,"estimate":"q50"},{"bfs_id":386,"rcp":"RCP8.5","period":"2085","key":"HD","value":70.1,"estimate":"q95"},{"bfs_id":386,"rcp":"RCP2.6","period":"2035","key":"ID","value":6.3,"estimate":"q5"},{"bfs_id":386,"rcp":"RCP2.6","period":"2035","key":"ID","value":9.3,"estimate":"q50"},{"bfs_id":386,"rcp":"RCP2.6","period":"2035","key":"ID","value":11.8,"estimate":"q95"},{"bfs_id":386,"rcp":"RCP2.6","period":"2060","key":"ID","value":6.2,"estimate":"q5"},{"bfs_id":386,"rcp":"RCP2.6","period":"2060","key":"ID","value":9.4,"estimate":"q50"},{"bfs_id":386,"rcp":"RCP2.6","period":"2060","key":"ID","value":11.2,"estimate":"q95"},{"bfs_id":386,"rcp":"RCP2.6","period":"2085","key":"ID","value":6.5,"estimate":"q5"},{"bfs_id":386,"rcp":"RCP2.6","period":"2085","key":"ID","value":8.8,"estimate":"q50"},{"bfs_id":386,"rcp":"RCP2.6","period":"2085","key":"ID","value":11.7,"estimate":"q95"},{"bfs_id":386,"rcp":"RCP8.5","period":"2035","key":"ID","value":6.5,"estimate":"q5"},{"bfs_id":386,"rcp":"RCP8.5","period":"2035","key":"ID","value":8.2,"estimate":"q50"},{"bfs_id":386,"rcp":"RCP8.5","period":"2035","key":"ID","value":11.8,"estimate":"q95"},{"bfs_id":386,"rcp":"RCP8.5","period":"2060","key":"ID","value":4,"estimate":"q5"},{"bfs_id":386,"rcp":"RCP8.5","period":"2060","key":"ID","value":5.8,"estimate":"q50"},{"bfs_id":386,"rcp":"RCP8.5","period":"2060","key":"ID","value":7.8,"estimate":"q95"},{"bfs_id":386,"rcp":"RCP8.5","period":"2085","key":"ID","value":0.8,"estimate":"q5"},{"bfs_id":386,"rcp":"RCP8.5","period":"2085","key":"ID","value":2.2,"estimate":"q50"},{"bfs_id":386,"rcp":"RCP8.5","period":"2085","key":"ID","value":4,"estimate":"q95"},{"bfs_id":386,"rcp":"RCP2.6","period":"2035","key":"SD","value":59.5,"estimate":"q5"},{"bfs_id":386,"rcp":"RCP2.6","period":"2035","key":"SD","value":66,"estimate":"q50"},{"bfs_id":386,"rcp":"RCP2.6","period":"2035","key":"SD","value":74.1,"estimate":"q95"},{"bfs_id":386,"rcp":"RCP2.6","period":"2060","key":"SD","value":60,"estimate":"q5"},{"bfs_id":386,"rcp":"RCP2.6","period":"2060","key":"SD","value":67.7,"estimate":"q50"},{"bfs_id":386,"rcp":"RCP2.6","period":"2060","key":"SD","value":73.6,"estimate":"q95"},{"bfs_id":386,"rcp":"RCP2.6","period":"2085","key":"SD","value":60.2,"estimate":"q5"},{"bfs_id":386,"rcp":"RCP2.6","period":"2085","key":"SD","value":67.1,"estimate":"q50"},{"bfs_id":386,"rcp":"RCP2.6","period":"2085","key":"SD","value":73.3,"estimate":"q95"},{"bfs_id":386,"rcp":"RCP8.5","period":"2035","key":"SD","value":62.8,"estimate":"q5"},{"bfs_id":386,"rcp":"RCP8.5","period":"2035","key":"SD","value":67.8,"estimate":"q50"},{"bfs_id":386,"rcp":"RCP8.5","period":"2035","key":"SD","value":73.9,"estimate":"q95"},{"bfs_id":386,"rcp":"RCP8.5","period":"2060","key":"SD","value":78.9,"estimate":"q5"},{"bfs_id":386,"rcp":"RCP8.5","period":"2060","key":"SD","value":83.9,"estimate":"q50"},{"bfs_id":386,"rcp":"RCP8.5","period":"2060","key":"SD","value":97.6,"estimate":"q95"},{"bfs_id":386,"rcp":"RCP8.5","period":"2085","key":"SD","value":93.6,"estimate":"q5"},{"bfs_id":386,"rcp":"RCP8.5","period":"2085","key":"SD","value":105.8,"estimate":"q50"},{"bfs_id":386,"rcp":"RCP8.5","period":"2085","key":"SD","value":122.4,"estimate":"q95"},{"bfs_id":386,"rcp":"RCP2.6","period":"2035","key":"snowdays","value":11.2,"estimate":"q5"},{"bfs_id":386,"rcp":"RCP2.6","period":"2035","key":"snowdays","value":15.4,"estimate":"q50"},{"bfs_id":386,"rcp":"RCP2.6","period":"2035","key":"snowdays","value":17.9,"estimate":"q95"},{"bfs_id":386,"rcp":"RCP2.6","period":"2060","key":"snowdays","value":10.7,"estimate":"q5"},{"bfs_id":386,"rcp":"RCP2.6","period":"2060","key":"snowdays","value":13.9,"estimate":"q50"},{"bfs_id":386,"rcp":"RCP2.6","period":"2060","key":"snowdays","value":17.7,"estimate":"q95"},{"bfs_id":386,"rcp":"RCP2.6","period":"2085","key":"snowdays","value":10.1,"estimate":"q5"},{"bfs_id":386,"rcp":"RCP2.6","period":"2085","key":"snowdays","value":14.4,"estimate":"q50"},{"bfs_id":386,"rcp":"RCP2.6","period":"2085","key":"snowdays","value":17.3,"estimate":"q95"},{"bfs_id":386,"rcp":"RCP8.5","period":"2035","key":"snowdays","value":9.5,"estimate":"q5"},{"bfs_id":386,"rcp":"RCP8.5","period":"2035","key":"snowdays","value":14.4,"estimate":"q50"},{"bfs_id":386,"rcp":"RCP8.5","period":"2035","key":"snowdays","value":16.7,"estimate":"q95"},{"bfs_id":386,"rcp":"RCP8.5","period":"2060","key":"snowdays","value":7.2,"estimate":"q5"},{"bfs_id":386,"rcp":"RCP8.5","period":"2060","key":"snowdays","value":10.6,"estimate":"q50"},{"bfs_id":386,"rcp":"RCP8.5","period":"2060","key":"snowdays","value":12.3,"estimate":"q95"},{"bfs_id":386,"rcp":"RCP8.5","period":"2085","key":"snowdays","value":3,"estimate":"q5"},{"bfs_id":386,"rcp":"RCP8.5","period":"2085","key":"snowdays","value":5.5,"estimate":"q50"},{"bfs_id":386,"rcp":"RCP8.5","period":"2085","key":"snowdays","value":8.2,"estimate":"q95"},{"bfs_id":386,"rcp":"RCP2.6","period":"2035","key":"TN","value":0.8,"estimate":"q5"},{"bfs_id":386,"rcp":"RCP2.6","period":"2035","key":"TN","value":1.6,"estimate":"q50"},{"bfs_id":386,"rcp":"RCP2.6","period":"2035","key":"TN","value":2.8,"estimate":"q95"},{"bfs_id":386,"rcp":"RCP2.6","period":"2060","key":"TN","value":0.9,"estimate":"q5"},{"bfs_id":386,"rcp":"RCP2.6","period":"2060","key":"TN","value":1.6,"estimate":"q50"},{"bfs_id":386,"rcp":"RCP2.6","period":"2060","key":"TN","value":3.4,"estimate":"q95"},{"bfs_id":386,"rcp":"RCP2.6","period":"2085","key":"TN","value":0.9,"estimate":"q5"},{"bfs_id":386,"rcp":"RCP2.6","period":"2085","key":"TN","value":1.6,"estimate":"q50"},{"bfs_id":386,"rcp":"RCP2.6","period":"2085","key":"TN","value":3,"estimate":"q95"},{"bfs_id":386,"rcp":"RCP8.5","period":"2035","key":"TN","value":1.2,"estimate":"q5"},{"bfs_id":386,"rcp":"RCP8.5","period":"2035","key":"TN","value":2,"estimate":"q50"},{"bfs_id":386,"rcp":"RCP8.5","period":"2035","key":"TN","value":4.4,"estimate":"q95"},{"bfs_id":386,"rcp":"RCP8.5","period":"2060","key":"TN","value":3.8,"estimate":"q5"},{"bfs_id":386,"rcp":"RCP8.5","period":"2060","key":"TN","value":7.6,"estimate":"q50"},{"bfs_id":386,"rcp":"RCP8.5","period":"2060","key":"TN","value":12,"estimate":"q95"},{"bfs_id":386,"rcp":"RCP8.5","period":"2085","key":"TN","value":11.1,"estimate":"q5"},{"bfs_id":386,"rcp":"RCP8.5","period":"2085","key":"TN","value":17.2,"estimate":"q50"},{"bfs_id":386,"rcp":"RCP8.5","period":"2085","key":"TN","value":36.8,"estimate":"q95"},{"bfs_id":386,"rcp":"RCP2.6","period":"2035","key":"pr","value":2.8,"estimate":"q5","season":"DJF"},{"bfs_id":386,"rcp":"RCP2.6","period":"2035","key":"pr","value":2.6,"estimate":"q5","season":"MAM"},{"bfs_id":386,"rcp":"RCP2.6","period":"2035","key":"pr","value":2.7,"estimate":"q5","season":"JJA"},{"bfs_id":386,"rcp":"RCP2.6","period":"2035","key":"pr","value":2.7,"estimate":"q5","season":"SON"},{"bfs_id":386,"rcp":"RCP2.6","period":"2035","key":"pr","value":3.1,"estimate":"q50","season":"DJF"},{"bfs_id":386,"rcp":"RCP2.6","period":"2035","key":"pr","value":3,"estimate":"q50","season":"MAM"},{"bfs_id":386,"rcp":"RCP2.6","period":"2035","key":"pr","value":3.1,"estimate":"q50","season":"JJA"},{"bfs_id":386,"rcp":"RCP2.6","period":"2035","key":"pr","value":3,"estimate":"q50","season":"SON"},{"bfs_id":386,"rcp":"RCP2.6","period":"2035","key":"pr","value":3.7,"estimate":"q95","season":"DJF"},{"bfs_id":386,"rcp":"RCP2.6","period":"2035","key":"pr","value":3.3,"estimate":"q95","season":"MAM"},{"bfs_id":386,"rcp":"RCP2.6","period":"2035","key":"pr","value":3.7,"estimate":"q95","season":"JJA"},{"bfs_id":386,"rcp":"RCP2.6","period":"2035","key":"pr","value":3.5,"estimate":"q95","season":"SON"},{"bfs_id":386,"rcp":"RCP2.6","period":"2060","key":"pr","value":2.8,"estimate":"q5","season":"DJF"},{"bfs_id":386,"rcp":"RCP2.6","period":"2060","key":"pr","value":2.8,"estimate":"q5","season":"MAM"},{"bfs_id":386,"rcp":"RCP2.6","period":"2060","key":"pr","value":2.6,"estimate":"q5","season":"JJA"},{"bfs_id":386,"rcp":"RCP2.6","period":"2060","key":"pr","value":2.9,"estimate":"q5","season":"SON"},{"bfs_id":386,"rcp":"RCP2.6","period":"2060","key":"pr","value":3.2,"estimate":"q50","season":"DJF"},{"bfs_id":386,"rcp":"RCP2.6","period":"2060","key":"pr","value":3,"estimate":"q50","season":"MAM"},{"bfs_id":386,"rcp":"RCP2.6","period":"2060","key":"pr","value":3.1,"estimate":"q50","season":"JJA"},{"bfs_id":386,"rcp":"RCP2.6","period":"2060","key":"pr","value":3,"estimate":"q50","season":"SON"},{"bfs_id":386,"rcp":"RCP2.6","period":"2060","key":"pr","value":3.5,"estimate":"q95","season":"DJF"},{"bfs_id":386,"rcp":"RCP2.6","period":"2060","key":"pr","value":3.2,"estimate":"q95","season":"MAM"},{"bfs_id":386,"rcp":"RCP2.6","period":"2060","key":"pr","value":3.7,"estimate":"q95","season":"JJA"},{"bfs_id":386,"rcp":"RCP2.6","period":"2060","key":"pr","value":3.4,"estimate":"q95","season":"SON"},{"bfs_id":386,"rcp":"RCP2.6","period":"2085","key":"pr","value":2.8,"estimate":"q5","season":"DJF"},{"bfs_id":386,"rcp":"RCP2.6","period":"2085","key":"pr","value":2.8,"estimate":"q5","season":"MAM"},{"bfs_id":386,"rcp":"RCP2.6","period":"2085","key":"pr","value":2.7,"estimate":"q5","season":"JJA"},{"bfs_id":386,"rcp":"RCP2.6","period":"2085","key":"pr","value":2.6,"estimate":"q5","season":"SON"},{"bfs_id":386,"rcp":"RCP2.6","period":"2085","key":"pr","value":3.2,"estimate":"q50","season":"DJF"},{"bfs_id":386,"rcp":"RCP2.6","period":"2085","key":"pr","value":2.9,"estimate":"q50","season":"MAM"},{"bfs_id":386,"rcp":"RCP2.6","period":"2085","key":"pr","value":3.1,"estimate":"q50","season":"JJA"},{"bfs_id":386,"rcp":"RCP2.6","period":"2085","key":"pr","value":3,"estimate":"q50","season":"SON"},{"bfs_id":386,"rcp":"RCP2.6","period":"2085","key":"pr","value":3.6,"estimate":"q95","season":"DJF"},{"bfs_id":386,"rcp":"RCP2.6","period":"2085","key":"pr","value":3.2,"estimate":"q95","season":"MAM"},{"bfs_id":386,"rcp":"RCP2.6","period":"2085","key":"pr","value":3.7,"estimate":"q95","season":"JJA"},{"bfs_id":386,"rcp":"RCP2.6","period":"2085","key":"pr","value":3.4,"estimate":"q95","season":"SON"},{"bfs_id":386,"rcp":"RCP8.5","period":"2035","key":"pr","value":2.9,"estimate":"q5","season":"DJF"},{"bfs_id":386,"rcp":"RCP8.5","period":"2035","key":"pr","value":2.9,"estimate":"q5","season":"MAM"},{"bfs_id":386,"rcp":"RCP8.5","period":"2035","key":"pr","value":2.5,"estimate":"q5","season":"JJA"},{"bfs_id":386,"rcp":"RCP8.5","period":"2035","key":"pr","value":2.7,"estimate":"q5","season":"SON"},{"bfs_id":386,"rcp":"RCP8.5","period":"2035","key":"pr","value":3.4,"estimate":"q50","season":"DJF"},{"bfs_id":386,"rcp":"RCP8.5","period":"2035","key":"pr","value":3.1,"estimate":"q50","season":"MAM"},{"bfs_id":386,"rcp":"RCP8.5","period":"2035","key":"pr","value":3.2,"estimate":"q50","season":"JJA"},{"bfs_id":386,"rcp":"RCP8.5","period":"2035","key":"pr","value":3.2,"estimate":"q50","season":"SON"},{"bfs_id":386,"rcp":"RCP8.5","period":"2035","key":"pr","value":3.6,"estimate":"q95","season":"DJF"},{"bfs_id":386,"rcp":"RCP8.5","period":"2035","key":"pr","value":3.3,"estimate":"q95","season":"MAM"},{"bfs_id":386,"rcp":"RCP8.5","period":"2035","key":"pr","value":3.6,"estimate":"q95","season":"JJA"},{"bfs_id":386,"rcp":"RCP8.5","period":"2035","key":"pr","value":3.5,"estimate":"q95","season":"SON"},{"bfs_id":386,"rcp":"RCP8.5","period":"2060","key":"pr","value":3.1,"estimate":"q5","season":"DJF"},{"bfs_id":386,"rcp":"RCP8.5","period":"2060","key":"pr","value":3,"estimate":"q5","season":"MAM"},{"bfs_id":386,"rcp":"RCP8.5","period":"2060","key":"pr","value":2.3,"estimate":"q5","season":"JJA"},{"bfs_id":386,"rcp":"RCP8.5","period":"2060","key":"pr","value":2.7,"estimate":"q5","season":"SON"},{"bfs_id":386,"rcp":"RCP8.5","period":"2060","key":"pr","value":3.3,"estimate":"q50","season":"DJF"},{"bfs_id":386,"rcp":"RCP8.5","period":"2060","key":"pr","value":3.2,"estimate":"q50","season":"MAM"},{"bfs_id":386,"rcp":"RCP8.5","period":"2060","key":"pr","value":3.1,"estimate":"q50","season":"JJA"},{"bfs_id":386,"rcp":"RCP8.5","period":"2060","key":"pr","value":3.2,"estimate":"q50","season":"SON"},{"bfs_id":386,"rcp":"RCP8.5","period":"2060","key":"pr","value":3.7,"estimate":"q95","season":"DJF"},{"bfs_id":386,"rcp":"RCP8.5","period":"2060","key":"pr","value":3.6,"estimate":"q95","season":"MAM"},{"bfs_id":386,"rcp":"RCP8.5","period":"2060","key":"pr","value":3.4,"estimate":"q95","season":"JJA"},{"bfs_id":386,"rcp":"RCP8.5","period":"2060","key":"pr","value":3.6,"estimate":"q95","season":"SON"},{"bfs_id":386,"rcp":"RCP8.5","period":"2085","key":"pr","value":3.2,"estimate":"q5","season":"DJF"},{"bfs_id":386,"rcp":"RCP8.5","period":"2085","key":"pr","value":3,"estimate":"q5","season":"MAM"},{"bfs_id":386,"rcp":"RCP8.5","period":"2085","key":"pr","value":1.7,"estimate":"q5","season":"JJA"},{"bfs_id":386,"rcp":"RCP8.5","period":"2085","key":"pr","value":2.6,"estimate":"q5","season":"SON"},{"bfs_id":386,"rcp":"RCP8.5","period":"2085","key":"pr","value":3.7,"estimate":"q50","season":"DJF"},{"bfs_id":386,"rcp":"RCP8.5","period":"2085","key":"pr","value":3.3,"estimate":"q50","season":"MAM"},{"bfs_id":386,"rcp":"RCP8.5","period":"2085","key":"pr","value":2.7,"estimate":"q50","season":"JJA"},{"bfs_id":386,"rcp":"RCP8.5","period":"2085","key":"pr","value":3.2,"estimate":"q50","season":"SON"},{"bfs_id":386,"rcp":"RCP8.5","period":"2085","key":"pr","value":4.2,"estimate":"q95","season":"DJF"},{"bfs_id":386,"rcp":"RCP8.5","period":"2085","key":"pr","value":3.7,"estimate":"q95","season":"MAM"},{"bfs_id":386,"rcp":"RCP8.5","period":"2085","key":"pr","value":3.4,"estimate":"q95","season":"JJA"},{"bfs_id":386,"rcp":"RCP8.5","period":"2085","key":"pr","value":3.7,"estimate":"q95","season":"SON"},{"bfs_id":386,"rcp":"RCP2.6","period":"2035","key":"tas","value":1.9,"estimate":"q5","season":"DJF"},{"bfs_id":386,"rcp":"RCP2.6","period":"2035","key":"tas","value":9.6,"estimate":"q5","season":"MAM"},{"bfs_id":386,"rcp":"RCP2.6","period":"2035","key":"tas","value":19,"estimate":"q5","season":"JJA"},{"bfs_id":386,"rcp":"RCP2.6","period":"2035","key":"tas","value":10.6,"estimate":"q5","season":"SON"},{"bfs_id":386,"rcp":"RCP2.6","period":"2035","key":"tas","value":2.4,"estimate":"q50","season":"DJF"},{"bfs_id":386,"rcp":"RCP2.6","period":"2035","key":"tas","value":10.2,"estimate":"q50","season":"MAM"},{"bfs_id":386,"rcp":"RCP2.6","period":"2035","key":"tas","value":19.5,"estimate":"q50","season":"JJA"},{"bfs_id":386,"rcp":"RCP2.6","period":"2035","key":"tas","value":10.9,"estimate":"q50","season":"SON"},{"bfs_id":386,"rcp":"RCP2.6","period":"2035","key":"tas","value":3.1,"estimate":"q95","season":"DJF"},{"bfs_id":386,"rcp":"RCP2.6","period":"2035","key":"tas","value":10.5,"estimate":"q95","season":"MAM"},{"bfs_id":386,"rcp":"RCP2.6","period":"2035","key":"tas","value":20.1,"estimate":"q95","season":"JJA"},{"bfs_id":386,"rcp":"RCP2.6","period":"2035","key":"tas","value":11.7,"estimate":"q95","season":"SON"},{"bfs_id":386,"rcp":"RCP2.6","period":"2060","key":"tas","value":2,"estimate":"q5","season":"DJF"},{"bfs_id":386,"rcp":"RCP2.6","period":"2060","key":"tas","value":9.5,"estimate":"q5","season":"MAM"},{"bfs_id":386,"rcp":"RCP2.6","period":"2060","key":"tas","value":19.2,"estimate":"q5","season":"JJA"},{"bfs_id":386,"rcp":"RCP2.6","period":"2060","key":"tas","value":10.8,"estimate":"q5","season":"SON"},{"bfs_id":386,"rcp":"RCP2.6","period":"2060","key":"tas","value":2.7,"estimate":"q50","season":"DJF"},{"bfs_id":386,"rcp":"RCP2.6","period":"2060","key":"tas","value":10.2,"estimate":"q50","season":"MAM"},{"bfs_id":386,"rcp":"RCP2.6","period":"2060","key":"tas","value":19.7,"estimate":"q50","season":"JJA"},{"bfs_id":386,"rcp":"RCP2.6","period":"2060","key":"tas","value":11.2,"estimate":"q50","season":"SON"},{"bfs_id":386,"rcp":"RCP2.6","period":"2060","key":"tas","value":3.3,"estimate":"q95","season":"DJF"},{"bfs_id":386,"rcp":"RCP2.6","period":"2060","key":"tas","value":10.7,"estimate":"q95","season":"MAM"},{"bfs_id":386,"rcp":"RCP2.6","period":"2060","key":"tas","value":20.2,"estimate":"q95","season":"JJA"},{"bfs_id":386,"rcp":"RCP2.6","period":"2060","key":"tas","value":12.2,"estimate":"q95","season":"SON"},{"bfs_id":386,"rcp":"RCP2.6","period":"2085","key":"tas","value":2,"estimate":"q5","season":"DJF"},{"bfs_id":386,"rcp":"RCP2.6","period":"2085","key":"tas","value":9.6,"estimate":"q5","season":"MAM"},{"bfs_id":386,"rcp":"RCP2.6","period":"2085","key":"tas","value":19.2,"estimate":"q5","season":"JJA"},{"bfs_id":386,"rcp":"RCP2.6","period":"2085","key":"tas","value":10.6,"estimate":"q5","season":"SON"},{"bfs_id":386,"rcp":"RCP2.6","period":"2085","key":"tas","value":2.6,"estimate":"q50","season":"DJF"},{"bfs_id":386,"rcp":"RCP2.6","period":"2085","key":"tas","value":10.3,"estimate":"q50","season":"MAM"},{"bfs_id":386,"rcp":"RCP2.6","period":"2085","key":"tas","value":19.6,"estimate":"q50","season":"JJA"},{"bfs_id":386,"rcp":"RCP2.6","period":"2085","key":"tas","value":11.2,"estimate":"q50","season":"SON"},{"bfs_id":386,"rcp":"RCP2.6","period":"2085","key":"tas","value":3.3,"estimate":"q95","season":"DJF"},{"bfs_id":386,"rcp":"RCP2.6","period":"2085","key":"tas","value":10.7,"estimate":"q95","season":"MAM"},{"bfs_id":386,"rcp":"RCP2.6","period":"2085","key":"tas","value":20.2,"estimate":"q95","season":"JJA"},{"bfs_id":386,"rcp":"RCP2.6","period":"2085","key":"tas","value":12.1,"estimate":"q95","season":"SON"},{"bfs_id":386,"rcp":"RCP8.5","period":"2035","key":"tas","value":1.9,"estimate":"q5","season":"DJF"},{"bfs_id":386,"rcp":"RCP8.5","period":"2035","key":"tas","value":9.8,"estimate":"q5","season":"MAM"},{"bfs_id":386,"rcp":"RCP8.5","period":"2035","key":"tas","value":19.4,"estimate":"q5","season":"JJA"},{"bfs_id":386,"rcp":"RCP8.5","period":"2035","key":"tas","value":10.9,"estimate":"q5","season":"SON"},{"bfs_id":386,"rcp":"RCP8.5","period":"2035","key":"tas","value":2.7,"estimate":"q50","season":"DJF"},{"bfs_id":386,"rcp":"RCP8.5","period":"2035","key":"tas","value":10.2,"estimate":"q50","season":"MAM"},{"bfs_id":386,"rcp":"RCP8.5","period":"2035","key":"tas","value":19.8,"estimate":"q50","season":"JJA"},{"bfs_id":386,"rcp":"RCP8.5","period":"2035","key":"tas","value":11.3,"estimate":"q50","season":"SON"},{"bfs_id":386,"rcp":"RCP8.5","period":"2035","key":"tas","value":3.1,"estimate":"q95","season":"DJF"},{"bfs_id":386,"rcp":"RCP8.5","period":"2035","key":"tas","value":10.6,"estimate":"q95","season":"MAM"},{"bfs_id":386,"rcp":"RCP8.5","period":"2035","key":"tas","value":20.4,"estimate":"q95","season":"JJA"},{"bfs_id":386,"rcp":"RCP8.5","period":"2035","key":"tas","value":12.2,"estimate":"q95","season":"SON"},{"bfs_id":386,"rcp":"RCP8.5","period":"2060","key":"tas","value":3.1,"estimate":"q5","season":"DJF"},{"bfs_id":386,"rcp":"RCP8.5","period":"2060","key":"tas","value":10.6,"estimate":"q5","season":"MAM"},{"bfs_id":386,"rcp":"RCP8.5","period":"2060","key":"tas","value":20.5,"estimate":"q5","season":"JJA"},{"bfs_id":386,"rcp":"RCP8.5","period":"2060","key":"tas","value":11.9,"estimate":"q5","season":"SON"},{"bfs_id":386,"rcp":"RCP8.5","period":"2060","key":"tas","value":3.5,"estimate":"q50","season":"DJF"},{"bfs_id":386,"rcp":"RCP8.5","period":"2060","key":"tas","value":11.1,"estimate":"q50","season":"MAM"},{"bfs_id":386,"rcp":"RCP8.5","period":"2060","key":"tas","value":20.9,"estimate":"q50","season":"JJA"},{"bfs_id":386,"rcp":"RCP8.5","period":"2060","key":"tas","value":12.5,"estimate":"q50","season":"SON"},{"bfs_id":386,"rcp":"RCP8.5","period":"2060","key":"tas","value":4.2,"estimate":"q95","season":"DJF"},{"bfs_id":386,"rcp":"RCP8.5","period":"2060","key":"tas","value":11.8,"estimate":"q95","season":"MAM"},{"bfs_id":386,"rcp":"RCP8.5","period":"2060","key":"tas","value":21.9,"estimate":"q95","season":"JJA"},{"bfs_id":386,"rcp":"RCP8.5","period":"2060","key":"tas","value":13.4,"estimate":"q95","season":"SON"},{"bfs_id":386,"rcp":"RCP8.5","period":"2085","key":"tas","value":4.2,"estimate":"q5","season":"DJF"},{"bfs_id":386,"rcp":"RCP8.5","period":"2085","key":"tas","value":11.7,"estimate":"q5","season":"MAM"},{"bfs_id":386,"rcp":"RCP8.5","period":"2085","key":"tas","value":21.8,"estimate":"q5","season":"JJA"},{"bfs_id":386,"rcp":"RCP8.5","period":"2085","key":"tas","value":13,"estimate":"q5","season":"SON"},{"bfs_id":386,"rcp":"RCP8.5","period":"2085","key":"tas","value":5.1,"estimate":"q50","season":"DJF"},{"bfs_id":386,"rcp":"RCP8.5","period":"2085","key":"tas","value":12.4,"estimate":"q50","season":"MAM"},{"bfs_id":386,"rcp":"RCP8.5","period":"2085","key":"tas","value":22.6,"estimate":"q50","season":"JJA"},{"bfs_id":386,"rcp":"RCP8.5","period":"2085","key":"tas","value":14,"estimate":"q50","season":"SON"},{"bfs_id":386,"rcp":"RCP8.5","period":"2085","key":"tas","value":5.9,"estimate":"q95","season":"DJF"},{"bfs_id":386,"rcp":"RCP8.5","period":"2085","key":"tas","value":13.5,"estimate":"q95","season":"MAM"},{"bfs_id":386,"rcp":"RCP8.5","period":"2085","key":"tas","value":24.8,"estimate":"q95","season":"JJA"},{"bfs_id":386,"rcp":"RCP8.5","period":"2085","key":"tas","value":15.5,"estimate":"q95","season":"SON"},{"bfs_id":386,"rcp":"obs","period":"1981-2010","key":"FD","value":77.2,"estimate":"yearly_mean"},{"bfs_id":386,"rcp":"obs","period":"1981-2010","key":"HD","value":10.4,"estimate":"yearly_mean"},{"bfs_id":386,"rcp":"obs","period":"1981-2010","key":"ID","value":13.8,"estimate":"yearly_mean"},{"bfs_id":386,"rcp":"obs","period":"1981-2010","key":"SD","value":52.4,"estimate":"yearly_mean"},{"bfs_id":386,"rcp":"obs","period":"1981-2010","key":"snowdays","value":16,"estimate":"yearly_mean"},{"bfs_id":386,"rcp":"obs","period":"1981-2010","key":"TN","value":0.2,"estimate":"yearly_mean"},{"bfs_id":386,"rcp":"obs","period":"1981-2010","key":"pr","value":3,"estimate":"mean","season":"DJF"},{"bfs_id":386,"rcp":"obs","period":"1981-2010","key":"pr","value":2.9,"estimate":"mean","season":"MAM"},{"bfs_id":386,"rcp":"obs","period":"1981-2010","key":"pr","value":3.5,"estimate":"mean","season":"JJA"},{"bfs_id":386,"rcp":"obs","period":"1981-2010","key":"pr","value":3.1,"estimate":"mean","season":"SON"},{"bfs_id":386,"rcp":"obs","period":"1981-2010","key":"tas","value":1.2,"estimate":"mean","season":"DJF"},{"bfs_id":386,"rcp":"obs","period":"1981-2010","key":"tas","value":9.6,"estimate":"mean","season":"MAM"},{"bfs_id":386,"rcp":"obs","period":"1981-2010","key":"tas","value":18.5,"estimate":"mean","season":"JJA"},{"bfs_id":386,"rcp":"obs","period":"1981-2010","key":"tas","value":9.9,"estimate":"mean","season":"SON"}]
