[{"bfs_id":3732,"rcp":"RCP2.6","period":"2035","key":"FD","value":90,"estimate":"q5"},{"bfs_id":3732,"rcp":"RCP2.6","period":"2035","key":"FD","value":102.2,"estimate":"q50"},{"bfs_id":3732,"rcp":"RCP2.6","period":"2035","key":"FD","value":106.9,"estimate":"q95"},{"bfs_id":3732,"rcp":"RCP2.6","period":"2060","key":"FD","value":86.3,"estimate":"q5"},{"bfs_id":3732,"rcp":"RCP2.6","period":"2060","key":"FD","value":99.1,"estimate":"q50"},{"bfs_id":3732,"rcp":"RCP2.6","period":"2060","key":"FD","value":108.7,"estimate":"q95"},{"bfs_id":3732,"rcp":"RCP2.6","period":"2085","key":"FD","value":84.4,"estimate":"q5"},{"bfs_id":3732,"rcp":"RCP2.6","period":"2085","key":"FD","value":100.7,"estimate":"q50"},{"bfs_id":3732,"rcp":"RCP2.6","period":"2085","key":"FD","value":108.8,"estimate":"q95"},{"bfs_id":3732,"rcp":"RCP8.5","period":"2035","key":"FD","value":87.8,"estimate":"q5"},{"bfs_id":3732,"rcp":"RCP8.5","period":"2035","key":"FD","value":98.9,"estimate":"q50"},{"bfs_id":3732,"rcp":"RCP8.5","period":"2035","key":"FD","value":105.5,"estimate":"q95"},{"bfs_id":3732,"rcp":"RCP8.5","period":"2060","key":"FD","value":70.2,"estimate":"q5"},{"bfs_id":3732,"rcp":"RCP8.5","period":"2060","key":"FD","value":79.3,"estimate":"q50"},{"bfs_id":3732,"rcp":"RCP8.5","period":"2060","key":"FD","value":87.6,"estimate":"q95"},{"bfs_id":3732,"rcp":"RCP8.5","period":"2085","key":"FD","value":44.8,"estimate":"q5"},{"bfs_id":3732,"rcp":"RCP8.5","period":"2085","key":"FD","value":56.6,"estimate":"q50"},{"bfs_id":3732,"rcp":"RCP8.5","period":"2085","key":"FD","value":68.8,"estimate":"q95"},{"bfs_id":3732,"rcp":"RCP2.6","period":"2035","key":"HD","value":4.1,"estimate":"q5"},{"bfs_id":3732,"rcp":"RCP2.6","period":"2035","key":"HD","value":6.2,"estimate":"q50"},{"bfs_id":3732,"rcp":"RCP2.6","period":"2035","key":"HD","value":10.9,"estimate":"q95"},{"bfs_id":3732,"rcp":"RCP2.6","period":"2060","key":"HD","value":4.5,"estimate":"q5"},{"bfs_id":3732,"rcp":"RCP2.6","period":"2060","key":"HD","value":6.8,"estimate":"q50"},{"bfs_id":3732,"rcp":"RCP2.6","period":"2060","key":"HD","value":12.9,"estimate":"q95"},{"bfs_id":3732,"rcp":"RCP2.6","period":"2085","key":"HD","value":4.2,"estimate":"q5"},{"bfs_id":3732,"rcp":"RCP2.6","period":"2085","key":"HD","value":6.7,"estimate":"q50"},{"bfs_id":3732,"rcp":"RCP2.6","period":"2085","key":"HD","value":12.2,"estimate":"q95"},{"bfs_id":3732,"rcp":"RCP8.5","period":"2035","key":"HD","value":5.3,"estimate":"q5"},{"bfs_id":3732,"rcp":"RCP8.5","period":"2035","key":"HD","value":8,"estimate":"q50"},{"bfs_id":3732,"rcp":"RCP8.5","period":"2035","key":"HD","value":16.5,"estimate":"q95"},{"bfs_id":3732,"rcp":"RCP8.5","period":"2060","key":"HD","value":10.4,"estimate":"q5"},{"bfs_id":3732,"rcp":"RCP8.5","period":"2060","key":"HD","value":19.5,"estimate":"q50"},{"bfs_id":3732,"rcp":"RCP8.5","period":"2060","key":"HD","value":38.7,"estimate":"q95"},{"bfs_id":3732,"rcp":"RCP8.5","period":"2085","key":"HD","value":23.4,"estimate":"q5"},{"bfs_id":3732,"rcp":"RCP8.5","period":"2085","key":"HD","value":30.2,"estimate":"q50"},{"bfs_id":3732,"rcp":"RCP8.5","period":"2085","key":"HD","value":62.5,"estimate":"q95"},{"bfs_id":3732,"rcp":"RCP2.6","period":"2035","key":"ID","value":20,"estimate":"q5"},{"bfs_id":3732,"rcp":"RCP2.6","period":"2035","key":"ID","value":24.3,"estimate":"q50"},{"bfs_id":3732,"rcp":"RCP2.6","period":"2035","key":"ID","value":27.5,"estimate":"q95"},{"bfs_id":3732,"rcp":"RCP2.6","period":"2060","key":"ID","value":18.5,"estimate":"q5"},{"bfs_id":3732,"rcp":"RCP2.6","period":"2060","key":"ID","value":22.4,"estimate":"q50"},{"bfs_id":3732,"rcp":"RCP2.6","period":"2060","key":"ID","value":27.3,"estimate":"q95"},{"bfs_id":3732,"rcp":"RCP2.6","period":"2085","key":"ID","value":18.3,"estimate":"q5"},{"bfs_id":3732,"rcp":"RCP2.6","period":"2085","key":"ID","value":23.6,"estimate":"q50"},{"bfs_id":3732,"rcp":"RCP2.6","period":"2085","key":"ID","value":27.2,"estimate":"q95"},{"bfs_id":3732,"rcp":"RCP8.5","period":"2035","key":"ID","value":18.1,"estimate":"q5"},{"bfs_id":3732,"rcp":"RCP8.5","period":"2035","key":"ID","value":23.1,"estimate":"q50"},{"bfs_id":3732,"rcp":"RCP8.5","period":"2035","key":"ID","value":26.9,"estimate":"q95"},{"bfs_id":3732,"rcp":"RCP8.5","period":"2060","key":"ID","value":12.4,"estimate":"q5"},{"bfs_id":3732,"rcp":"RCP8.5","period":"2060","key":"ID","value":16.9,"estimate":"q50"},{"bfs_id":3732,"rcp":"RCP8.5","period":"2060","key":"ID","value":18.7,"estimate":"q95"},{"bfs_id":3732,"rcp":"RCP8.5","period":"2085","key":"ID","value":5.1,"estimate":"q5"},{"bfs_id":3732,"rcp":"RCP8.5","period":"2085","key":"ID","value":8.6,"estimate":"q50"},{"bfs_id":3732,"rcp":"RCP8.5","period":"2085","key":"ID","value":11.9,"estimate":"q95"},{"bfs_id":3732,"rcp":"RCP2.6","period":"2035","key":"SD","value":29.2,"estimate":"q5"},{"bfs_id":3732,"rcp":"RCP2.6","period":"2035","key":"SD","value":36.5,"estimate":"q50"},{"bfs_id":3732,"rcp":"RCP2.6","period":"2035","key":"SD","value":46.6,"estimate":"q95"},{"bfs_id":3732,"rcp":"RCP2.6","period":"2060","key":"SD","value":31,"estimate":"q5"},{"bfs_id":3732,"rcp":"RCP2.6","period":"2060","key":"SD","value":37.7,"estimate":"q50"},{"bfs_id":3732,"rcp":"RCP2.6","period":"2060","key":"SD","value":47.3,"estimate":"q95"},{"bfs_id":3732,"rcp":"RCP2.6","period":"2085","key":"SD","value":31.4,"estimate":"q5"},{"bfs_id":3732,"rcp":"RCP2.6","period":"2085","key":"SD","value":38.9,"estimate":"q50"},{"bfs_id":3732,"rcp":"RCP2.6","period":"2085","key":"SD","value":46.5,"estimate":"q95"},{"bfs_id":3732,"rcp":"RCP8.5","period":"2035","key":"SD","value":34.5,"estimate":"q5"},{"bfs_id":3732,"rcp":"RCP8.5","period":"2035","key":"SD","value":41.4,"estimate":"q50"},{"bfs_id":3732,"rcp":"RCP8.5","period":"2035","key":"SD","value":48,"estimate":"q95"},{"bfs_id":3732,"rcp":"RCP8.5","period":"2060","key":"SD","value":46.3,"estimate":"q5"},{"bfs_id":3732,"rcp":"RCP8.5","period":"2060","key":"SD","value":58.4,"estimate":"q50"},{"bfs_id":3732,"rcp":"RCP8.5","period":"2060","key":"SD","value":76.1,"estimate":"q95"},{"bfs_id":3732,"rcp":"RCP8.5","period":"2085","key":"SD","value":66.8,"estimate":"q5"},{"bfs_id":3732,"rcp":"RCP8.5","period":"2085","key":"SD","value":82.8,"estimate":"q50"},{"bfs_id":3732,"rcp":"RCP8.5","period":"2085","key":"SD","value":112.8,"estimate":"q95"},{"bfs_id":3732,"rcp":"RCP2.6","period":"2035","key":"snowdays","value":17.3,"estimate":"q5"},{"bfs_id":3732,"rcp":"RCP2.6","period":"2035","key":"snowdays","value":24.8,"estimate":"q50"},{"bfs_id":3732,"rcp":"RCP2.6","period":"2035","key":"snowdays","value":30.9,"estimate":"q95"},{"bfs_id":3732,"rcp":"RCP2.6","period":"2060","key":"snowdays","value":15.3,"estimate":"q5"},{"bfs_id":3732,"rcp":"RCP2.6","period":"2060","key":"snowdays","value":23.5,"estimate":"q50"},{"bfs_id":3732,"rcp":"RCP2.6","period":"2060","key":"snowdays","value":30.7,"estimate":"q95"},{"bfs_id":3732,"rcp":"RCP2.6","period":"2085","key":"snowdays","value":15.6,"estimate":"q5"},{"bfs_id":3732,"rcp":"RCP2.6","period":"2085","key":"snowdays","value":23.9,"estimate":"q50"},{"bfs_id":3732,"rcp":"RCP2.6","period":"2085","key":"snowdays","value":30.4,"estimate":"q95"},{"bfs_id":3732,"rcp":"RCP8.5","period":"2035","key":"snowdays","value":16.5,"estimate":"q5"},{"bfs_id":3732,"rcp":"RCP8.5","period":"2035","key":"snowdays","value":24.4,"estimate":"q50"},{"bfs_id":3732,"rcp":"RCP8.5","period":"2035","key":"snowdays","value":28.7,"estimate":"q95"},{"bfs_id":3732,"rcp":"RCP8.5","period":"2060","key":"snowdays","value":12.8,"estimate":"q5"},{"bfs_id":3732,"rcp":"RCP8.5","period":"2060","key":"snowdays","value":19.5,"estimate":"q50"},{"bfs_id":3732,"rcp":"RCP8.5","period":"2060","key":"snowdays","value":23.2,"estimate":"q95"},{"bfs_id":3732,"rcp":"RCP8.5","period":"2085","key":"snowdays","value":7.4,"estimate":"q5"},{"bfs_id":3732,"rcp":"RCP8.5","period":"2085","key":"snowdays","value":12.8,"estimate":"q50"},{"bfs_id":3732,"rcp":"RCP8.5","period":"2085","key":"snowdays","value":16.1,"estimate":"q95"},{"bfs_id":3732,"rcp":"RCP2.6","period":"2035","key":"TN","value":0,"estimate":"q5"},{"bfs_id":3732,"rcp":"RCP2.6","period":"2035","key":"TN","value":0.2,"estimate":"q50"},{"bfs_id":3732,"rcp":"RCP2.6","period":"2035","key":"TN","value":0.8,"estimate":"q95"},{"bfs_id":3732,"rcp":"RCP2.6","period":"2060","key":"TN","value":0,"estimate":"q5"},{"bfs_id":3732,"rcp":"RCP2.6","period":"2060","key":"TN","value":0.3,"estimate":"q50"},{"bfs_id":3732,"rcp":"RCP2.6","period":"2060","key":"TN","value":1.1,"estimate":"q95"},{"bfs_id":3732,"rcp":"RCP2.6","period":"2085","key":"TN","value":0,"estimate":"q5"},{"bfs_id":3732,"rcp":"RCP2.6","period":"2085","key":"TN","value":0.2,"estimate":"q50"},{"bfs_id":3732,"rcp":"RCP2.6","period":"2085","key":"TN","value":0.8,"estimate":"q95"},{"bfs_id":3732,"rcp":"RCP8.5","period":"2035","key":"TN","value":0.1,"estimate":"q5"},{"bfs_id":3732,"rcp":"RCP8.5","period":"2035","key":"TN","value":0.4,"estimate":"q50"},{"bfs_id":3732,"rcp":"RCP8.5","period":"2035","key":"TN","value":2.2,"estimate":"q95"},{"bfs_id":3732,"rcp":"RCP8.5","period":"2060","key":"TN","value":0.5,"estimate":"q5"},{"bfs_id":3732,"rcp":"RCP8.5","period":"2060","key":"TN","value":3,"estimate":"q50"},{"bfs_id":3732,"rcp":"RCP8.5","period":"2060","key":"TN","value":8.8,"estimate":"q95"},{"bfs_id":3732,"rcp":"RCP8.5","period":"2085","key":"TN","value":3.3,"estimate":"q5"},{"bfs_id":3732,"rcp":"RCP8.5","period":"2085","key":"TN","value":12.8,"estimate":"q50"},{"bfs_id":3732,"rcp":"RCP8.5","period":"2085","key":"TN","value":24.1,"estimate":"q95"},{"bfs_id":3732,"rcp":"RCP2.6","period":"2035","key":"pr","value":2.8,"estimate":"q5","season":"DJF"},{"bfs_id":3732,"rcp":"RCP2.6","period":"2035","key":"pr","value":3.1,"estimate":"q5","season":"MAM"},{"bfs_id":3732,"rcp":"RCP2.6","period":"2035","key":"pr","value":3.2,"estimate":"q5","season":"JJA"},{"bfs_id":3732,"rcp":"RCP2.6","period":"2035","key":"pr","value":2.9,"estimate":"q5","season":"SON"},{"bfs_id":3732,"rcp":"RCP2.6","period":"2035","key":"pr","value":3.4,"estimate":"q50","season":"DJF"},{"bfs_id":3732,"rcp":"RCP2.6","period":"2035","key":"pr","value":3.5,"estimate":"q50","season":"MAM"},{"bfs_id":3732,"rcp":"RCP2.6","period":"2035","key":"pr","value":4,"estimate":"q50","season":"JJA"},{"bfs_id":3732,"rcp":"RCP2.6","period":"2035","key":"pr","value":3.4,"estimate":"q50","season":"SON"},{"bfs_id":3732,"rcp":"RCP2.6","period":"2035","key":"pr","value":4.1,"estimate":"q95","season":"DJF"},{"bfs_id":3732,"rcp":"RCP2.6","period":"2035","key":"pr","value":3.8,"estimate":"q95","season":"MAM"},{"bfs_id":3732,"rcp":"RCP2.6","period":"2035","key":"pr","value":4.6,"estimate":"q95","season":"JJA"},{"bfs_id":3732,"rcp":"RCP2.6","period":"2035","key":"pr","value":4.3,"estimate":"q95","season":"SON"},{"bfs_id":3732,"rcp":"RCP2.6","period":"2060","key":"pr","value":3,"estimate":"q5","season":"DJF"},{"bfs_id":3732,"rcp":"RCP2.6","period":"2060","key":"pr","value":3.1,"estimate":"q5","season":"MAM"},{"bfs_id":3732,"rcp":"RCP2.6","period":"2060","key":"pr","value":3.4,"estimate":"q5","season":"JJA"},{"bfs_id":3732,"rcp":"RCP2.6","period":"2060","key":"pr","value":3,"estimate":"q5","season":"SON"},{"bfs_id":3732,"rcp":"RCP2.6","period":"2060","key":"pr","value":3.3,"estimate":"q50","season":"DJF"},{"bfs_id":3732,"rcp":"RCP2.6","period":"2060","key":"pr","value":3.4,"estimate":"q50","season":"MAM"},{"bfs_id":3732,"rcp":"RCP2.6","period":"2060","key":"pr","value":4,"estimate":"q50","season":"JJA"},{"bfs_id":3732,"rcp":"RCP2.6","period":"2060","key":"pr","value":3.5,"estimate":"q50","season":"SON"},{"bfs_id":3732,"rcp":"RCP2.6","period":"2060","key":"pr","value":3.8,"estimate":"q95","season":"DJF"},{"bfs_id":3732,"rcp":"RCP2.6","period":"2060","key":"pr","value":4,"estimate":"q95","season":"MAM"},{"bfs_id":3732,"rcp":"RCP2.6","period":"2060","key":"pr","value":4.5,"estimate":"q95","season":"JJA"},{"bfs_id":3732,"rcp":"RCP2.6","period":"2060","key":"pr","value":3.9,"estimate":"q95","season":"SON"},{"bfs_id":3732,"rcp":"RCP2.6","period":"2085","key":"pr","value":2.9,"estimate":"q5","season":"DJF"},{"bfs_id":3732,"rcp":"RCP2.6","period":"2085","key":"pr","value":3.1,"estimate":"q5","season":"MAM"},{"bfs_id":3732,"rcp":"RCP2.6","period":"2085","key":"pr","value":3.4,"estimate":"q5","season":"JJA"},{"bfs_id":3732,"rcp":"RCP2.6","period":"2085","key":"pr","value":3.1,"estimate":"q5","season":"SON"},{"bfs_id":3732,"rcp":"RCP2.6","period":"2085","key":"pr","value":3.3,"estimate":"q50","season":"DJF"},{"bfs_id":3732,"rcp":"RCP2.6","period":"2085","key":"pr","value":3.4,"estimate":"q50","season":"MAM"},{"bfs_id":3732,"rcp":"RCP2.6","period":"2085","key":"pr","value":4,"estimate":"q50","season":"JJA"},{"bfs_id":3732,"rcp":"RCP2.6","period":"2085","key":"pr","value":3.4,"estimate":"q50","season":"SON"},{"bfs_id":3732,"rcp":"RCP2.6","period":"2085","key":"pr","value":3.9,"estimate":"q95","season":"DJF"},{"bfs_id":3732,"rcp":"RCP2.6","period":"2085","key":"pr","value":3.9,"estimate":"q95","season":"MAM"},{"bfs_id":3732,"rcp":"RCP2.6","period":"2085","key":"pr","value":4.6,"estimate":"q95","season":"JJA"},{"bfs_id":3732,"rcp":"RCP2.6","period":"2085","key":"pr","value":4,"estimate":"q95","season":"SON"},{"bfs_id":3732,"rcp":"RCP8.5","period":"2035","key":"pr","value":3.2,"estimate":"q5","season":"DJF"},{"bfs_id":3732,"rcp":"RCP8.5","period":"2035","key":"pr","value":3.1,"estimate":"q5","season":"MAM"},{"bfs_id":3732,"rcp":"RCP8.5","period":"2035","key":"pr","value":3.4,"estimate":"q5","season":"JJA"},{"bfs_id":3732,"rcp":"RCP8.5","period":"2035","key":"pr","value":3,"estimate":"q5","season":"SON"},{"bfs_id":3732,"rcp":"RCP8.5","period":"2035","key":"pr","value":3.5,"estimate":"q50","season":"DJF"},{"bfs_id":3732,"rcp":"RCP8.5","period":"2035","key":"pr","value":3.5,"estimate":"q50","season":"MAM"},{"bfs_id":3732,"rcp":"RCP8.5","period":"2035","key":"pr","value":4.1,"estimate":"q50","season":"JJA"},{"bfs_id":3732,"rcp":"RCP8.5","period":"2035","key":"pr","value":3.4,"estimate":"q50","season":"SON"},{"bfs_id":3732,"rcp":"RCP8.5","period":"2035","key":"pr","value":3.9,"estimate":"q95","season":"DJF"},{"bfs_id":3732,"rcp":"RCP8.5","period":"2035","key":"pr","value":3.8,"estimate":"q95","season":"MAM"},{"bfs_id":3732,"rcp":"RCP8.5","period":"2035","key":"pr","value":4.5,"estimate":"q95","season":"JJA"},{"bfs_id":3732,"rcp":"RCP8.5","period":"2035","key":"pr","value":4,"estimate":"q95","season":"SON"},{"bfs_id":3732,"rcp":"RCP8.5","period":"2060","key":"pr","value":3.2,"estimate":"q5","season":"DJF"},{"bfs_id":3732,"rcp":"RCP8.5","period":"2060","key":"pr","value":3.3,"estimate":"q5","season":"MAM"},{"bfs_id":3732,"rcp":"RCP8.5","period":"2060","key":"pr","value":2.8,"estimate":"q5","season":"JJA"},{"bfs_id":3732,"rcp":"RCP8.5","period":"2060","key":"pr","value":3.2,"estimate":"q5","season":"SON"},{"bfs_id":3732,"rcp":"RCP8.5","period":"2060","key":"pr","value":3.5,"estimate":"q50","season":"DJF"},{"bfs_id":3732,"rcp":"RCP8.5","period":"2060","key":"pr","value":3.8,"estimate":"q50","season":"MAM"},{"bfs_id":3732,"rcp":"RCP8.5","period":"2060","key":"pr","value":3.8,"estimate":"q50","season":"JJA"},{"bfs_id":3732,"rcp":"RCP8.5","period":"2060","key":"pr","value":3.6,"estimate":"q50","season":"SON"},{"bfs_id":3732,"rcp":"RCP8.5","period":"2060","key":"pr","value":4.1,"estimate":"q95","season":"DJF"},{"bfs_id":3732,"rcp":"RCP8.5","period":"2060","key":"pr","value":4.1,"estimate":"q95","season":"MAM"},{"bfs_id":3732,"rcp":"RCP8.5","period":"2060","key":"pr","value":4.7,"estimate":"q95","season":"JJA"},{"bfs_id":3732,"rcp":"RCP8.5","period":"2060","key":"pr","value":4.2,"estimate":"q95","season":"SON"},{"bfs_id":3732,"rcp":"RCP8.5","period":"2085","key":"pr","value":3.4,"estimate":"q5","season":"DJF"},{"bfs_id":3732,"rcp":"RCP8.5","period":"2085","key":"pr","value":3.4,"estimate":"q5","season":"MAM"},{"bfs_id":3732,"rcp":"RCP8.5","period":"2085","key":"pr","value":2.3,"estimate":"q5","season":"JJA"},{"bfs_id":3732,"rcp":"RCP8.5","period":"2085","key":"pr","value":3,"estimate":"q5","season":"SON"},{"bfs_id":3732,"rcp":"RCP8.5","period":"2085","key":"pr","value":3.9,"estimate":"q50","season":"DJF"},{"bfs_id":3732,"rcp":"RCP8.5","period":"2085","key":"pr","value":3.9,"estimate":"q50","season":"MAM"},{"bfs_id":3732,"rcp":"RCP8.5","period":"2085","key":"pr","value":3.7,"estimate":"q50","season":"JJA"},{"bfs_id":3732,"rcp":"RCP8.5","period":"2085","key":"pr","value":3.5,"estimate":"q50","season":"SON"},{"bfs_id":3732,"rcp":"RCP8.5","period":"2085","key":"pr","value":4.4,"estimate":"q95","season":"DJF"},{"bfs_id":3732,"rcp":"RCP8.5","period":"2085","key":"pr","value":4.5,"estimate":"q95","season":"MAM"},{"bfs_id":3732,"rcp":"RCP8.5","period":"2085","key":"pr","value":4.4,"estimate":"q95","season":"JJA"},{"bfs_id":3732,"rcp":"RCP8.5","period":"2085","key":"pr","value":4.4,"estimate":"q95","season":"SON"},{"bfs_id":3732,"rcp":"RCP2.6","period":"2035","key":"tas","value":0.1,"estimate":"q5","season":"DJF"},{"bfs_id":3732,"rcp":"RCP2.6","period":"2035","key":"tas","value":6.9,"estimate":"q5","season":"MAM"},{"bfs_id":3732,"rcp":"RCP2.6","period":"2035","key":"tas","value":16.1,"estimate":"q5","season":"JJA"},{"bfs_id":3732,"rcp":"RCP2.6","period":"2035","key":"tas","value":8.8,"estimate":"q5","season":"SON"},{"bfs_id":3732,"rcp":"RCP2.6","period":"2035","key":"tas","value":0.8,"estimate":"q50","season":"DJF"},{"bfs_id":3732,"rcp":"RCP2.6","period":"2035","key":"tas","value":7.6,"estimate":"q50","season":"MAM"},{"bfs_id":3732,"rcp":"RCP2.6","period":"2035","key":"tas","value":17.2,"estimate":"q50","season":"JJA"},{"bfs_id":3732,"rcp":"RCP2.6","period":"2035","key":"tas","value":9.2,"estimate":"q50","season":"SON"},{"bfs_id":3732,"rcp":"RCP2.6","period":"2035","key":"tas","value":1.3,"estimate":"q95","season":"DJF"},{"bfs_id":3732,"rcp":"RCP2.6","period":"2035","key":"tas","value":8,"estimate":"q95","season":"MAM"},{"bfs_id":3732,"rcp":"RCP2.6","period":"2035","key":"tas","value":18.1,"estimate":"q95","season":"JJA"},{"bfs_id":3732,"rcp":"RCP2.6","period":"2035","key":"tas","value":10.1,"estimate":"q95","season":"SON"},{"bfs_id":3732,"rcp":"RCP2.6","period":"2060","key":"tas","value":0.1,"estimate":"q5","season":"DJF"},{"bfs_id":3732,"rcp":"RCP2.6","period":"2060","key":"tas","value":6.8,"estimate":"q5","season":"MAM"},{"bfs_id":3732,"rcp":"RCP2.6","period":"2060","key":"tas","value":16.5,"estimate":"q5","season":"JJA"},{"bfs_id":3732,"rcp":"RCP2.6","period":"2060","key":"tas","value":9.1,"estimate":"q5","season":"SON"},{"bfs_id":3732,"rcp":"RCP2.6","period":"2060","key":"tas","value":1,"estimate":"q50","season":"DJF"},{"bfs_id":3732,"rcp":"RCP2.6","period":"2060","key":"tas","value":7.6,"estimate":"q50","season":"MAM"},{"bfs_id":3732,"rcp":"RCP2.6","period":"2060","key":"tas","value":17.5,"estimate":"q50","season":"JJA"},{"bfs_id":3732,"rcp":"RCP2.6","period":"2060","key":"tas","value":9.5,"estimate":"q50","season":"SON"},{"bfs_id":3732,"rcp":"RCP2.6","period":"2060","key":"tas","value":1.6,"estimate":"q95","season":"DJF"},{"bfs_id":3732,"rcp":"RCP2.6","period":"2060","key":"tas","value":8.2,"estimate":"q95","season":"MAM"},{"bfs_id":3732,"rcp":"RCP2.6","period":"2060","key":"tas","value":18.4,"estimate":"q95","season":"JJA"},{"bfs_id":3732,"rcp":"RCP2.6","period":"2060","key":"tas","value":10.5,"estimate":"q95","season":"SON"},{"bfs_id":3732,"rcp":"RCP2.6","period":"2085","key":"tas","value":0.2,"estimate":"q5","season":"DJF"},{"bfs_id":3732,"rcp":"RCP2.6","period":"2085","key":"tas","value":6.8,"estimate":"q5","season":"MAM"},{"bfs_id":3732,"rcp":"RCP2.6","period":"2085","key":"tas","value":16.4,"estimate":"q5","season":"JJA"},{"bfs_id":3732,"rcp":"RCP2.6","period":"2085","key":"tas","value":8.8,"estimate":"q5","season":"SON"},{"bfs_id":3732,"rcp":"RCP2.6","period":"2085","key":"tas","value":0.9,"estimate":"q50","season":"DJF"},{"bfs_id":3732,"rcp":"RCP2.6","period":"2085","key":"tas","value":7.6,"estimate":"q50","season":"MAM"},{"bfs_id":3732,"rcp":"RCP2.6","period":"2085","key":"tas","value":17.5,"estimate":"q50","season":"JJA"},{"bfs_id":3732,"rcp":"RCP2.6","period":"2085","key":"tas","value":9.6,"estimate":"q50","season":"SON"},{"bfs_id":3732,"rcp":"RCP2.6","period":"2085","key":"tas","value":1.8,"estimate":"q95","season":"DJF"},{"bfs_id":3732,"rcp":"RCP2.6","period":"2085","key":"tas","value":8.3,"estimate":"q95","season":"MAM"},{"bfs_id":3732,"rcp":"RCP2.6","period":"2085","key":"tas","value":18.3,"estimate":"q95","season":"JJA"},{"bfs_id":3732,"rcp":"RCP2.6","period":"2085","key":"tas","value":10.4,"estimate":"q95","season":"SON"},{"bfs_id":3732,"rcp":"RCP8.5","period":"2035","key":"tas","value":0.2,"estimate":"q5","season":"DJF"},{"bfs_id":3732,"rcp":"RCP8.5","period":"2035","key":"tas","value":7.2,"estimate":"q5","season":"MAM"},{"bfs_id":3732,"rcp":"RCP8.5","period":"2035","key":"tas","value":16.8,"estimate":"q5","season":"JJA"},{"bfs_id":3732,"rcp":"RCP8.5","period":"2035","key":"tas","value":9.2,"estimate":"q5","season":"SON"},{"bfs_id":3732,"rcp":"RCP8.5","period":"2035","key":"tas","value":1.2,"estimate":"q50","season":"DJF"},{"bfs_id":3732,"rcp":"RCP8.5","period":"2035","key":"tas","value":7.6,"estimate":"q50","season":"MAM"},{"bfs_id":3732,"rcp":"RCP8.5","period":"2035","key":"tas","value":17.7,"estimate":"q50","season":"JJA"},{"bfs_id":3732,"rcp":"RCP8.5","period":"2035","key":"tas","value":9.6,"estimate":"q50","season":"SON"},{"bfs_id":3732,"rcp":"RCP8.5","period":"2035","key":"tas","value":1.6,"estimate":"q95","season":"DJF"},{"bfs_id":3732,"rcp":"RCP8.5","period":"2035","key":"tas","value":8.3,"estimate":"q95","season":"MAM"},{"bfs_id":3732,"rcp":"RCP8.5","period":"2035","key":"tas","value":18.7,"estimate":"q95","season":"JJA"},{"bfs_id":3732,"rcp":"RCP8.5","period":"2035","key":"tas","value":10.5,"estimate":"q95","season":"SON"},{"bfs_id":3732,"rcp":"RCP8.5","period":"2060","key":"tas","value":1.6,"estimate":"q5","season":"DJF"},{"bfs_id":3732,"rcp":"RCP8.5","period":"2060","key":"tas","value":8.2,"estimate":"q5","season":"MAM"},{"bfs_id":3732,"rcp":"RCP8.5","period":"2060","key":"tas","value":18.1,"estimate":"q5","season":"JJA"},{"bfs_id":3732,"rcp":"RCP8.5","period":"2060","key":"tas","value":10.5,"estimate":"q5","season":"SON"},{"bfs_id":3732,"rcp":"RCP8.5","period":"2060","key":"tas","value":2.2,"estimate":"q50","season":"DJF"},{"bfs_id":3732,"rcp":"RCP8.5","period":"2060","key":"tas","value":8.9,"estimate":"q50","season":"MAM"},{"bfs_id":3732,"rcp":"RCP8.5","period":"2060","key":"tas","value":19.3,"estimate":"q50","season":"JJA"},{"bfs_id":3732,"rcp":"RCP8.5","period":"2060","key":"tas","value":11.4,"estimate":"q50","season":"SON"},{"bfs_id":3732,"rcp":"RCP8.5","period":"2060","key":"tas","value":2.9,"estimate":"q95","season":"DJF"},{"bfs_id":3732,"rcp":"RCP8.5","period":"2060","key":"tas","value":10.1,"estimate":"q95","season":"MAM"},{"bfs_id":3732,"rcp":"RCP8.5","period":"2060","key":"tas","value":21.2,"estimate":"q95","season":"JJA"},{"bfs_id":3732,"rcp":"RCP8.5","period":"2060","key":"tas","value":12.4,"estimate":"q95","season":"SON"},{"bfs_id":3732,"rcp":"RCP8.5","period":"2085","key":"tas","value":3.1,"estimate":"q5","season":"DJF"},{"bfs_id":3732,"rcp":"RCP8.5","period":"2085","key":"tas","value":9.8,"estimate":"q5","season":"MAM"},{"bfs_id":3732,"rcp":"RCP8.5","period":"2085","key":"tas","value":19.7,"estimate":"q5","season":"JJA"},{"bfs_id":3732,"rcp":"RCP8.5","period":"2085","key":"tas","value":12,"estimate":"q5","season":"SON"},{"bfs_id":3732,"rcp":"RCP8.5","period":"2085","key":"tas","value":4.4,"estimate":"q50","season":"DJF"},{"bfs_id":3732,"rcp":"RCP8.5","period":"2085","key":"tas","value":10.8,"estimate":"q50","season":"MAM"},{"bfs_id":3732,"rcp":"RCP8.5","period":"2085","key":"tas","value":21.5,"estimate":"q50","season":"JJA"},{"bfs_id":3732,"rcp":"RCP8.5","period":"2085","key":"tas","value":12.8,"estimate":"q50","season":"SON"},{"bfs_id":3732,"rcp":"RCP8.5","period":"2085","key":"tas","value":4.9,"estimate":"q95","season":"DJF"},{"bfs_id":3732,"rcp":"RCP8.5","period":"2085","key":"tas","value":12.7,"estimate":"q95","season":"MAM"},{"bfs_id":3732,"rcp":"RCP8.5","period":"2085","key":"tas","value":24.2,"estimate":"q95","season":"JJA"},{"bfs_id":3732,"rcp":"RCP8.5","period":"2085","key":"tas","value":14.5,"estimate":"q95","season":"SON"},{"bfs_id":3732,"rcp":"obs","period":"1981-2010","key":"FD","value":116.3,"estimate":"yearly_mean"},{"bfs_id":3732,"rcp":"obs","period":"1981-2010","key":"HD","value":2.4,"estimate":"yearly_mean"},{"bfs_id":3732,"rcp":"obs","period":"1981-2010","key":"ID","value":32.5,"estimate":"yearly_mean"},{"bfs_id":3732,"rcp":"obs","period":"1981-2010","key":"SD","value":24.2,"estimate":"yearly_mean"},{"bfs_id":3732,"rcp":"obs","period":"1981-2010","key":"snowdays","value":35.9,"estimate":"yearly_mean"},{"bfs_id":3732,"rcp":"obs","period":"1981-2010","key":"TN","value":0,"estimate":"yearly_mean"},{"bfs_id":3732,"rcp":"obs","period":"1981-2010","key":"pr","value":3.2,"estimate":"mean","season":"DJF"},{"bfs_id":3732,"rcp":"obs","period":"1981-2010","key":"pr","value":3.2,"estimate":"mean","season":"MAM"},{"bfs_id":3732,"rcp":"obs","period":"1981-2010","key":"pr","value":4.3,"estimate":"mean","season":"JJA"},{"bfs_id":3732,"rcp":"obs","period":"1981-2010","key":"pr","value":3.4,"estimate":"mean","season":"SON"},{"bfs_id":3732,"rcp":"obs","period":"1981-2010","key":"tas","value":-0.4,"estimate":"mean","season":"DJF"},{"bfs_id":3732,"rcp":"obs","period":"1981-2010","key":"tas","value":6.9,"estimate":"mean","season":"MAM"},{"bfs_id":3732,"rcp":"obs","period":"1981-2010","key":"tas","value":15.3,"estimate":"mean","season":"JJA"},{"bfs_id":3732,"rcp":"obs","period":"1981-2010","key":"tas","value":8.1,"estimate":"mean","season":"SON"}]
