[{"bfs_id":5097,"rcp":"RCP2.6","period":"2035","key":"FD","value":30.5,"estimate":"q5"},{"bfs_id":5097,"rcp":"RCP2.6","period":"2035","key":"FD","value":38.1,"estimate":"q50"},{"bfs_id":5097,"rcp":"RCP2.6","period":"2035","key":"FD","value":50.1,"estimate":"q95"},{"bfs_id":5097,"rcp":"RCP2.6","period":"2060","key":"FD","value":29.1,"estimate":"q5"},{"bfs_id":5097,"rcp":"RCP2.6","period":"2060","key":"FD","value":37.6,"estimate":"q50"},{"bfs_id":5097,"rcp":"RCP2.6","period":"2060","key":"FD","value":46.5,"estimate":"q95"},{"bfs_id":5097,"rcp":"RCP2.6","period":"2085","key":"FD","value":26.5,"estimate":"q5"},{"bfs_id":5097,"rcp":"RCP2.6","period":"2085","key":"FD","value":38.5,"estimate":"q50"},{"bfs_id":5097,"rcp":"RCP2.6","period":"2085","key":"FD","value":45.4,"estimate":"q95"},{"bfs_id":5097,"rcp":"RCP8.5","period":"2035","key":"FD","value":25.7,"estimate":"q5"},{"bfs_id":5097,"rcp":"RCP8.5","period":"2035","key":"FD","value":36.9,"estimate":"q50"},{"bfs_id":5097,"rcp":"RCP8.5","period":"2035","key":"FD","value":42.2,"estimate":"q95"},{"bfs_id":5097,"rcp":"RCP8.5","period":"2060","key":"FD","value":14.7,"estimate":"q5"},{"bfs_id":5097,"rcp":"RCP8.5","period":"2060","key":"FD","value":24,"estimate":"q50"},{"bfs_id":5097,"rcp":"RCP8.5","period":"2060","key":"FD","value":31.9,"estimate":"q95"},{"bfs_id":5097,"rcp":"RCP8.5","period":"2085","key":"FD","value":4.1,"estimate":"q5"},{"bfs_id":5097,"rcp":"RCP8.5","period":"2085","key":"FD","value":11,"estimate":"q50"},{"bfs_id":5097,"rcp":"RCP8.5","period":"2085","key":"FD","value":17.5,"estimate":"q95"},{"bfs_id":5097,"rcp":"RCP2.6","period":"2035","key":"HD","value":24.2,"estimate":"q5"},{"bfs_id":5097,"rcp":"RCP2.6","period":"2035","key":"HD","value":31,"estimate":"q50"},{"bfs_id":5097,"rcp":"RCP2.6","period":"2035","key":"HD","value":36.3,"estimate":"q95"},{"bfs_id":5097,"rcp":"RCP2.6","period":"2060","key":"HD","value":25,"estimate":"q5"},{"bfs_id":5097,"rcp":"RCP2.6","period":"2060","key":"HD","value":31.8,"estimate":"q50"},{"bfs_id":5097,"rcp":"RCP2.6","period":"2060","key":"HD","value":40.8,"estimate":"q95"},{"bfs_id":5097,"rcp":"RCP2.6","period":"2085","key":"HD","value":25.5,"estimate":"q5"},{"bfs_id":5097,"rcp":"RCP2.6","period":"2085","key":"HD","value":29.9,"estimate":"q50"},{"bfs_id":5097,"rcp":"RCP2.6","period":"2085","key":"HD","value":41.9,"estimate":"q95"},{"bfs_id":5097,"rcp":"RCP8.5","period":"2035","key":"HD","value":29.1,"estimate":"q5"},{"bfs_id":5097,"rcp":"RCP8.5","period":"2035","key":"HD","value":34,"estimate":"q50"},{"bfs_id":5097,"rcp":"RCP8.5","period":"2035","key":"HD","value":40.4,"estimate":"q95"},{"bfs_id":5097,"rcp":"RCP8.5","period":"2060","key":"HD","value":40.7,"estimate":"q5"},{"bfs_id":5097,"rcp":"RCP8.5","period":"2060","key":"HD","value":51.1,"estimate":"q50"},{"bfs_id":5097,"rcp":"RCP8.5","period":"2060","key":"HD","value":62.4,"estimate":"q95"},{"bfs_id":5097,"rcp":"RCP8.5","period":"2085","key":"HD","value":62.7,"estimate":"q5"},{"bfs_id":5097,"rcp":"RCP8.5","period":"2085","key":"HD","value":76.3,"estimate":"q50"},{"bfs_id":5097,"rcp":"RCP8.5","period":"2085","key":"HD","value":83.2,"estimate":"q95"},{"bfs_id":5097,"rcp":"RCP2.6","period":"2035","key":"ID","value":0,"estimate":"q5"},{"bfs_id":5097,"rcp":"RCP2.6","period":"2035","key":"ID","value":0.2,"estimate":"q50"},{"bfs_id":5097,"rcp":"RCP2.6","period":"2035","key":"ID","value":0.8,"estimate":"q95"},{"bfs_id":5097,"rcp":"RCP2.6","period":"2060","key":"ID","value":0,"estimate":"q5"},{"bfs_id":5097,"rcp":"RCP2.6","period":"2060","key":"ID","value":0.2,"estimate":"q50"},{"bfs_id":5097,"rcp":"RCP2.6","period":"2060","key":"ID","value":0.5,"estimate":"q95"},{"bfs_id":5097,"rcp":"RCP2.6","period":"2085","key":"ID","value":0,"estimate":"q5"},{"bfs_id":5097,"rcp":"RCP2.6","period":"2085","key":"ID","value":0.3,"estimate":"q50"},{"bfs_id":5097,"rcp":"RCP2.6","period":"2085","key":"ID","value":0.8,"estimate":"q95"},{"bfs_id":5097,"rcp":"RCP8.5","period":"2035","key":"ID","value":0.1,"estimate":"q5"},{"bfs_id":5097,"rcp":"RCP8.5","period":"2035","key":"ID","value":0.3,"estimate":"q50"},{"bfs_id":5097,"rcp":"RCP8.5","period":"2035","key":"ID","value":0.7,"estimate":"q95"},{"bfs_id":5097,"rcp":"RCP8.5","period":"2060","key":"ID","value":0,"estimate":"q5"},{"bfs_id":5097,"rcp":"RCP8.5","period":"2060","key":"ID","value":0.1,"estimate":"q50"},{"bfs_id":5097,"rcp":"RCP8.5","period":"2060","key":"ID","value":0.3,"estimate":"q95"},{"bfs_id":5097,"rcp":"RCP8.5","period":"2085","key":"ID","value":0,"estimate":"q5"},{"bfs_id":5097,"rcp":"RCP8.5","period":"2085","key":"ID","value":0,"estimate":"q50"},{"bfs_id":5097,"rcp":"RCP8.5","period":"2085","key":"ID","value":0.1,"estimate":"q95"},{"bfs_id":5097,"rcp":"RCP2.6","period":"2035","key":"SD","value":94.8,"estimate":"q5"},{"bfs_id":5097,"rcp":"RCP2.6","period":"2035","key":"SD","value":99.4,"estimate":"q50"},{"bfs_id":5097,"rcp":"RCP2.6","period":"2035","key":"SD","value":107.2,"estimate":"q95"},{"bfs_id":5097,"rcp":"RCP2.6","period":"2060","key":"SD","value":96.2,"estimate":"q5"},{"bfs_id":5097,"rcp":"RCP2.6","period":"2060","key":"SD","value":102.9,"estimate":"q50"},{"bfs_id":5097,"rcp":"RCP2.6","period":"2060","key":"SD","value":111.5,"estimate":"q95"},{"bfs_id":5097,"rcp":"RCP2.6","period":"2085","key":"SD","value":96,"estimate":"q5"},{"bfs_id":5097,"rcp":"RCP2.6","period":"2085","key":"SD","value":101.4,"estimate":"q50"},{"bfs_id":5097,"rcp":"RCP2.6","period":"2085","key":"SD","value":110.7,"estimate":"q95"},{"bfs_id":5097,"rcp":"RCP8.5","period":"2035","key":"SD","value":100.7,"estimate":"q5"},{"bfs_id":5097,"rcp":"RCP8.5","period":"2035","key":"SD","value":104.1,"estimate":"q50"},{"bfs_id":5097,"rcp":"RCP8.5","period":"2035","key":"SD","value":109.2,"estimate":"q95"},{"bfs_id":5097,"rcp":"RCP8.5","period":"2060","key":"SD","value":115.4,"estimate":"q5"},{"bfs_id":5097,"rcp":"RCP8.5","period":"2060","key":"SD","value":121.9,"estimate":"q50"},{"bfs_id":5097,"rcp":"RCP8.5","period":"2060","key":"SD","value":129.2,"estimate":"q95"},{"bfs_id":5097,"rcp":"RCP8.5","period":"2085","key":"SD","value":131.1,"estimate":"q5"},{"bfs_id":5097,"rcp":"RCP8.5","period":"2085","key":"SD","value":141.7,"estimate":"q50"},{"bfs_id":5097,"rcp":"RCP8.5","period":"2085","key":"SD","value":152.4,"estimate":"q95"},{"bfs_id":5097,"rcp":"RCP2.6","period":"2035","key":"snowdays","value":1,"estimate":"q5"},{"bfs_id":5097,"rcp":"RCP2.6","period":"2035","key":"snowdays","value":2,"estimate":"q50"},{"bfs_id":5097,"rcp":"RCP2.6","period":"2035","key":"snowdays","value":2.9,"estimate":"q95"},{"bfs_id":5097,"rcp":"RCP2.6","period":"2060","key":"snowdays","value":0.7,"estimate":"q5"},{"bfs_id":5097,"rcp":"RCP2.6","period":"2060","key":"snowdays","value":1.9,"estimate":"q50"},{"bfs_id":5097,"rcp":"RCP2.6","period":"2060","key":"snowdays","value":3,"estimate":"q95"},{"bfs_id":5097,"rcp":"RCP2.6","period":"2085","key":"snowdays","value":0.5,"estimate":"q5"},{"bfs_id":5097,"rcp":"RCP2.6","period":"2085","key":"snowdays","value":2.1,"estimate":"q50"},{"bfs_id":5097,"rcp":"RCP2.6","period":"2085","key":"snowdays","value":2.9,"estimate":"q95"},{"bfs_id":5097,"rcp":"RCP8.5","period":"2035","key":"snowdays","value":0.7,"estimate":"q5"},{"bfs_id":5097,"rcp":"RCP8.5","period":"2035","key":"snowdays","value":1.9,"estimate":"q50"},{"bfs_id":5097,"rcp":"RCP8.5","period":"2035","key":"snowdays","value":2.3,"estimate":"q95"},{"bfs_id":5097,"rcp":"RCP8.5","period":"2060","key":"snowdays","value":0.3,"estimate":"q5"},{"bfs_id":5097,"rcp":"RCP8.5","period":"2060","key":"snowdays","value":0.9,"estimate":"q50"},{"bfs_id":5097,"rcp":"RCP8.5","period":"2060","key":"snowdays","value":1.6,"estimate":"q95"},{"bfs_id":5097,"rcp":"RCP8.5","period":"2085","key":"snowdays","value":0.1,"estimate":"q5"},{"bfs_id":5097,"rcp":"RCP8.5","period":"2085","key":"snowdays","value":0.3,"estimate":"q50"},{"bfs_id":5097,"rcp":"RCP8.5","period":"2085","key":"snowdays","value":0.7,"estimate":"q95"},{"bfs_id":5097,"rcp":"RCP2.6","period":"2035","key":"TN","value":14.1,"estimate":"q5"},{"bfs_id":5097,"rcp":"RCP2.6","period":"2035","key":"TN","value":18.7,"estimate":"q50"},{"bfs_id":5097,"rcp":"RCP2.6","period":"2035","key":"TN","value":23.9,"estimate":"q95"},{"bfs_id":5097,"rcp":"RCP2.6","period":"2060","key":"TN","value":16.2,"estimate":"q5"},{"bfs_id":5097,"rcp":"RCP2.6","period":"2060","key":"TN","value":19.2,"estimate":"q50"},{"bfs_id":5097,"rcp":"RCP2.6","period":"2060","key":"TN","value":26.7,"estimate":"q95"},{"bfs_id":5097,"rcp":"RCP2.6","period":"2085","key":"TN","value":15,"estimate":"q5"},{"bfs_id":5097,"rcp":"RCP2.6","period":"2085","key":"TN","value":19.5,"estimate":"q50"},{"bfs_id":5097,"rcp":"RCP2.6","period":"2085","key":"TN","value":25.8,"estimate":"q95"},{"bfs_id":5097,"rcp":"RCP8.5","period":"2035","key":"TN","value":17.1,"estimate":"q5"},{"bfs_id":5097,"rcp":"RCP8.5","period":"2035","key":"TN","value":21.5,"estimate":"q50"},{"bfs_id":5097,"rcp":"RCP8.5","period":"2035","key":"TN","value":29,"estimate":"q95"},{"bfs_id":5097,"rcp":"RCP8.5","period":"2060","key":"TN","value":31.3,"estimate":"q5"},{"bfs_id":5097,"rcp":"RCP8.5","period":"2060","key":"TN","value":38.6,"estimate":"q50"},{"bfs_id":5097,"rcp":"RCP8.5","period":"2060","key":"TN","value":53.1,"estimate":"q95"},{"bfs_id":5097,"rcp":"RCP8.5","period":"2085","key":"TN","value":52.7,"estimate":"q5"},{"bfs_id":5097,"rcp":"RCP8.5","period":"2085","key":"TN","value":64.8,"estimate":"q50"},{"bfs_id":5097,"rcp":"RCP8.5","period":"2085","key":"TN","value":87.1,"estimate":"q95"},{"bfs_id":5097,"rcp":"RCP2.6","period":"2035","key":"pr","value":2.3,"estimate":"q5","season":"DJF"},{"bfs_id":5097,"rcp":"RCP2.6","period":"2035","key":"pr","value":5.3,"estimate":"q5","season":"MAM"},{"bfs_id":5097,"rcp":"RCP2.6","period":"2035","key":"pr","value":4.4,"estimate":"q5","season":"JJA"},{"bfs_id":5097,"rcp":"RCP2.6","period":"2035","key":"pr","value":5.6,"estimate":"q5","season":"SON"},{"bfs_id":5097,"rcp":"RCP2.6","period":"2035","key":"pr","value":2.9,"estimate":"q50","season":"DJF"},{"bfs_id":5097,"rcp":"RCP2.6","period":"2035","key":"pr","value":5.9,"estimate":"q50","season":"MAM"},{"bfs_id":5097,"rcp":"RCP2.6","period":"2035","key":"pr","value":5.5,"estimate":"q50","season":"JJA"},{"bfs_id":5097,"rcp":"RCP2.6","period":"2035","key":"pr","value":6.8,"estimate":"q50","season":"SON"},{"bfs_id":5097,"rcp":"RCP2.6","period":"2035","key":"pr","value":3.3,"estimate":"q95","season":"DJF"},{"bfs_id":5097,"rcp":"RCP2.6","period":"2035","key":"pr","value":7,"estimate":"q95","season":"MAM"},{"bfs_id":5097,"rcp":"RCP2.6","period":"2035","key":"pr","value":6.5,"estimate":"q95","season":"JJA"},{"bfs_id":5097,"rcp":"RCP2.6","period":"2035","key":"pr","value":8,"estimate":"q95","season":"SON"},{"bfs_id":5097,"rcp":"RCP2.6","period":"2060","key":"pr","value":2.3,"estimate":"q5","season":"DJF"},{"bfs_id":5097,"rcp":"RCP2.6","period":"2060","key":"pr","value":5.2,"estimate":"q5","season":"MAM"},{"bfs_id":5097,"rcp":"RCP2.6","period":"2060","key":"pr","value":4.7,"estimate":"q5","season":"JJA"},{"bfs_id":5097,"rcp":"RCP2.6","period":"2060","key":"pr","value":5.7,"estimate":"q5","season":"SON"},{"bfs_id":5097,"rcp":"RCP2.6","period":"2060","key":"pr","value":3,"estimate":"q50","season":"DJF"},{"bfs_id":5097,"rcp":"RCP2.6","period":"2060","key":"pr","value":6,"estimate":"q50","season":"MAM"},{"bfs_id":5097,"rcp":"RCP2.6","period":"2060","key":"pr","value":5.5,"estimate":"q50","season":"JJA"},{"bfs_id":5097,"rcp":"RCP2.6","period":"2060","key":"pr","value":6.8,"estimate":"q50","season":"SON"},{"bfs_id":5097,"rcp":"RCP2.6","period":"2060","key":"pr","value":3.8,"estimate":"q95","season":"DJF"},{"bfs_id":5097,"rcp":"RCP2.6","period":"2060","key":"pr","value":7.1,"estimate":"q95","season":"MAM"},{"bfs_id":5097,"rcp":"RCP2.6","period":"2060","key":"pr","value":6.6,"estimate":"q95","season":"JJA"},{"bfs_id":5097,"rcp":"RCP2.6","period":"2060","key":"pr","value":7.6,"estimate":"q95","season":"SON"},{"bfs_id":5097,"rcp":"RCP2.6","period":"2085","key":"pr","value":2.2,"estimate":"q5","season":"DJF"},{"bfs_id":5097,"rcp":"RCP2.6","period":"2085","key":"pr","value":5.4,"estimate":"q5","season":"MAM"},{"bfs_id":5097,"rcp":"RCP2.6","period":"2085","key":"pr","value":4.7,"estimate":"q5","season":"JJA"},{"bfs_id":5097,"rcp":"RCP2.6","period":"2085","key":"pr","value":5.7,"estimate":"q5","season":"SON"},{"bfs_id":5097,"rcp":"RCP2.6","period":"2085","key":"pr","value":3.1,"estimate":"q50","season":"DJF"},{"bfs_id":5097,"rcp":"RCP2.6","period":"2085","key":"pr","value":6,"estimate":"q50","season":"MAM"},{"bfs_id":5097,"rcp":"RCP2.6","period":"2085","key":"pr","value":5.6,"estimate":"q50","season":"JJA"},{"bfs_id":5097,"rcp":"RCP2.6","period":"2085","key":"pr","value":6.4,"estimate":"q50","season":"SON"},{"bfs_id":5097,"rcp":"RCP2.6","period":"2085","key":"pr","value":3.9,"estimate":"q95","season":"DJF"},{"bfs_id":5097,"rcp":"RCP2.6","period":"2085","key":"pr","value":7.1,"estimate":"q95","season":"MAM"},{"bfs_id":5097,"rcp":"RCP2.6","period":"2085","key":"pr","value":6.7,"estimate":"q95","season":"JJA"},{"bfs_id":5097,"rcp":"RCP2.6","period":"2085","key":"pr","value":7.8,"estimate":"q95","season":"SON"},{"bfs_id":5097,"rcp":"RCP8.5","period":"2035","key":"pr","value":2.4,"estimate":"q5","season":"DJF"},{"bfs_id":5097,"rcp":"RCP8.5","period":"2035","key":"pr","value":5.4,"estimate":"q5","season":"MAM"},{"bfs_id":5097,"rcp":"RCP8.5","period":"2035","key":"pr","value":4.7,"estimate":"q5","season":"JJA"},{"bfs_id":5097,"rcp":"RCP8.5","period":"2035","key":"pr","value":5.8,"estimate":"q5","season":"SON"},{"bfs_id":5097,"rcp":"RCP8.5","period":"2035","key":"pr","value":2.9,"estimate":"q50","season":"DJF"},{"bfs_id":5097,"rcp":"RCP8.5","period":"2035","key":"pr","value":6.1,"estimate":"q50","season":"MAM"},{"bfs_id":5097,"rcp":"RCP8.5","period":"2035","key":"pr","value":5.4,"estimate":"q50","season":"JJA"},{"bfs_id":5097,"rcp":"RCP8.5","period":"2035","key":"pr","value":6.5,"estimate":"q50","season":"SON"},{"bfs_id":5097,"rcp":"RCP8.5","period":"2035","key":"pr","value":3.3,"estimate":"q95","season":"DJF"},{"bfs_id":5097,"rcp":"RCP8.5","period":"2035","key":"pr","value":7,"estimate":"q95","season":"MAM"},{"bfs_id":5097,"rcp":"RCP8.5","period":"2035","key":"pr","value":6.3,"estimate":"q95","season":"JJA"},{"bfs_id":5097,"rcp":"RCP8.5","period":"2035","key":"pr","value":7.6,"estimate":"q95","season":"SON"},{"bfs_id":5097,"rcp":"RCP8.5","period":"2060","key":"pr","value":2.2,"estimate":"q5","season":"DJF"},{"bfs_id":5097,"rcp":"RCP8.5","period":"2060","key":"pr","value":5.4,"estimate":"q5","season":"MAM"},{"bfs_id":5097,"rcp":"RCP8.5","period":"2060","key":"pr","value":3.8,"estimate":"q5","season":"JJA"},{"bfs_id":5097,"rcp":"RCP8.5","period":"2060","key":"pr","value":5.9,"estimate":"q5","season":"SON"},{"bfs_id":5097,"rcp":"RCP8.5","period":"2060","key":"pr","value":3,"estimate":"q50","season":"DJF"},{"bfs_id":5097,"rcp":"RCP8.5","period":"2060","key":"pr","value":6.4,"estimate":"q50","season":"MAM"},{"bfs_id":5097,"rcp":"RCP8.5","period":"2060","key":"pr","value":5.1,"estimate":"q50","season":"JJA"},{"bfs_id":5097,"rcp":"RCP8.5","period":"2060","key":"pr","value":6.5,"estimate":"q50","season":"SON"},{"bfs_id":5097,"rcp":"RCP8.5","period":"2060","key":"pr","value":3.7,"estimate":"q95","season":"DJF"},{"bfs_id":5097,"rcp":"RCP8.5","period":"2060","key":"pr","value":7.2,"estimate":"q95","season":"MAM"},{"bfs_id":5097,"rcp":"RCP8.5","period":"2060","key":"pr","value":6.4,"estimate":"q95","season":"JJA"},{"bfs_id":5097,"rcp":"RCP8.5","period":"2060","key":"pr","value":7.5,"estimate":"q95","season":"SON"},{"bfs_id":5097,"rcp":"RCP8.5","period":"2085","key":"pr","value":2.8,"estimate":"q5","season":"DJF"},{"bfs_id":5097,"rcp":"RCP8.5","period":"2085","key":"pr","value":5.4,"estimate":"q5","season":"MAM"},{"bfs_id":5097,"rcp":"RCP8.5","period":"2085","key":"pr","value":3,"estimate":"q5","season":"JJA"},{"bfs_id":5097,"rcp":"RCP8.5","period":"2085","key":"pr","value":5.1,"estimate":"q5","season":"SON"},{"bfs_id":5097,"rcp":"RCP8.5","period":"2085","key":"pr","value":3.5,"estimate":"q50","season":"DJF"},{"bfs_id":5097,"rcp":"RCP8.5","period":"2085","key":"pr","value":6.5,"estimate":"q50","season":"MAM"},{"bfs_id":5097,"rcp":"RCP8.5","period":"2085","key":"pr","value":3.9,"estimate":"q50","season":"JJA"},{"bfs_id":5097,"rcp":"RCP8.5","period":"2085","key":"pr","value":6.6,"estimate":"q50","season":"SON"},{"bfs_id":5097,"rcp":"RCP8.5","period":"2085","key":"pr","value":4.1,"estimate":"q95","season":"DJF"},{"bfs_id":5097,"rcp":"RCP8.5","period":"2085","key":"pr","value":6.9,"estimate":"q95","season":"MAM"},{"bfs_id":5097,"rcp":"RCP8.5","period":"2085","key":"pr","value":5.9,"estimate":"q95","season":"JJA"},{"bfs_id":5097,"rcp":"RCP8.5","period":"2085","key":"pr","value":7.3,"estimate":"q95","season":"SON"},{"bfs_id":5097,"rcp":"RCP2.6","period":"2035","key":"tas","value":4.1,"estimate":"q5","season":"DJF"},{"bfs_id":5097,"rcp":"RCP2.6","period":"2035","key":"tas","value":12.6,"estimate":"q5","season":"MAM"},{"bfs_id":5097,"rcp":"RCP2.6","period":"2035","key":"tas","value":22.1,"estimate":"q5","season":"JJA"},{"bfs_id":5097,"rcp":"RCP2.6","period":"2035","key":"tas","value":13.2,"estimate":"q5","season":"SON"},{"bfs_id":5097,"rcp":"RCP2.6","period":"2035","key":"tas","value":4.7,"estimate":"q50","season":"DJF"},{"bfs_id":5097,"rcp":"RCP2.6","period":"2035","key":"tas","value":13.2,"estimate":"q50","season":"MAM"},{"bfs_id":5097,"rcp":"RCP2.6","period":"2035","key":"tas","value":22.7,"estimate":"q50","season":"JJA"},{"bfs_id":5097,"rcp":"RCP2.6","period":"2035","key":"tas","value":13.6,"estimate":"q50","season":"SON"},{"bfs_id":5097,"rcp":"RCP2.6","period":"2035","key":"tas","value":5.3,"estimate":"q95","season":"DJF"},{"bfs_id":5097,"rcp":"RCP2.6","period":"2035","key":"tas","value":13.5,"estimate":"q95","season":"MAM"},{"bfs_id":5097,"rcp":"RCP2.6","period":"2035","key":"tas","value":23.3,"estimate":"q95","season":"JJA"},{"bfs_id":5097,"rcp":"RCP2.6","period":"2035","key":"tas","value":14.3,"estimate":"q95","season":"SON"},{"bfs_id":5097,"rcp":"RCP2.6","period":"2060","key":"tas","value":4.2,"estimate":"q5","season":"DJF"},{"bfs_id":5097,"rcp":"RCP2.6","period":"2060","key":"tas","value":12.7,"estimate":"q5","season":"MAM"},{"bfs_id":5097,"rcp":"RCP2.6","period":"2060","key":"tas","value":22.3,"estimate":"q5","season":"JJA"},{"bfs_id":5097,"rcp":"RCP2.6","period":"2060","key":"tas","value":13.6,"estimate":"q5","season":"SON"},{"bfs_id":5097,"rcp":"RCP2.6","period":"2060","key":"tas","value":4.9,"estimate":"q50","season":"DJF"},{"bfs_id":5097,"rcp":"RCP2.6","period":"2060","key":"tas","value":13.2,"estimate":"q50","season":"MAM"},{"bfs_id":5097,"rcp":"RCP2.6","period":"2060","key":"tas","value":22.8,"estimate":"q50","season":"JJA"},{"bfs_id":5097,"rcp":"RCP2.6","period":"2060","key":"tas","value":13.9,"estimate":"q50","season":"SON"},{"bfs_id":5097,"rcp":"RCP2.6","period":"2060","key":"tas","value":5.5,"estimate":"q95","season":"DJF"},{"bfs_id":5097,"rcp":"RCP2.6","period":"2060","key":"tas","value":13.6,"estimate":"q95","season":"MAM"},{"bfs_id":5097,"rcp":"RCP2.6","period":"2060","key":"tas","value":23.6,"estimate":"q95","season":"JJA"},{"bfs_id":5097,"rcp":"RCP2.6","period":"2060","key":"tas","value":14.7,"estimate":"q95","season":"SON"},{"bfs_id":5097,"rcp":"RCP2.6","period":"2085","key":"tas","value":4.4,"estimate":"q5","season":"DJF"},{"bfs_id":5097,"rcp":"RCP2.6","period":"2085","key":"tas","value":12.7,"estimate":"q5","season":"MAM"},{"bfs_id":5097,"rcp":"RCP2.6","period":"2085","key":"tas","value":22.2,"estimate":"q5","season":"JJA"},{"bfs_id":5097,"rcp":"RCP2.6","period":"2085","key":"tas","value":13.2,"estimate":"q5","season":"SON"},{"bfs_id":5097,"rcp":"RCP2.6","period":"2085","key":"tas","value":4.9,"estimate":"q50","season":"DJF"},{"bfs_id":5097,"rcp":"RCP2.6","period":"2085","key":"tas","value":13.2,"estimate":"q50","season":"MAM"},{"bfs_id":5097,"rcp":"RCP2.6","period":"2085","key":"tas","value":22.8,"estimate":"q50","season":"JJA"},{"bfs_id":5097,"rcp":"RCP2.6","period":"2085","key":"tas","value":13.8,"estimate":"q50","season":"SON"},{"bfs_id":5097,"rcp":"RCP2.6","period":"2085","key":"tas","value":5.6,"estimate":"q95","season":"DJF"},{"bfs_id":5097,"rcp":"RCP2.6","period":"2085","key":"tas","value":13.6,"estimate":"q95","season":"MAM"},{"bfs_id":5097,"rcp":"RCP2.6","period":"2085","key":"tas","value":23.6,"estimate":"q95","season":"JJA"},{"bfs_id":5097,"rcp":"RCP2.6","period":"2085","key":"tas","value":14.7,"estimate":"q95","season":"SON"},{"bfs_id":5097,"rcp":"RCP8.5","period":"2035","key":"tas","value":4.4,"estimate":"q5","season":"DJF"},{"bfs_id":5097,"rcp":"RCP8.5","period":"2035","key":"tas","value":12.9,"estimate":"q5","season":"MAM"},{"bfs_id":5097,"rcp":"RCP8.5","period":"2035","key":"tas","value":22.5,"estimate":"q5","season":"JJA"},{"bfs_id":5097,"rcp":"RCP8.5","period":"2035","key":"tas","value":13.5,"estimate":"q5","season":"SON"},{"bfs_id":5097,"rcp":"RCP8.5","period":"2035","key":"tas","value":5.1,"estimate":"q50","season":"DJF"},{"bfs_id":5097,"rcp":"RCP8.5","period":"2035","key":"tas","value":13.2,"estimate":"q50","season":"MAM"},{"bfs_id":5097,"rcp":"RCP8.5","period":"2035","key":"tas","value":23,"estimate":"q50","season":"JJA"},{"bfs_id":5097,"rcp":"RCP8.5","period":"2035","key":"tas","value":14,"estimate":"q50","season":"SON"},{"bfs_id":5097,"rcp":"RCP8.5","period":"2035","key":"tas","value":5.6,"estimate":"q95","season":"DJF"},{"bfs_id":5097,"rcp":"RCP8.5","period":"2035","key":"tas","value":13.7,"estimate":"q95","season":"MAM"},{"bfs_id":5097,"rcp":"RCP8.5","period":"2035","key":"tas","value":23.4,"estimate":"q95","season":"JJA"},{"bfs_id":5097,"rcp":"RCP8.5","period":"2035","key":"tas","value":14.7,"estimate":"q95","season":"SON"},{"bfs_id":5097,"rcp":"RCP8.5","period":"2060","key":"tas","value":5.5,"estimate":"q5","season":"DJF"},{"bfs_id":5097,"rcp":"RCP8.5","period":"2060","key":"tas","value":13.8,"estimate":"q5","season":"MAM"},{"bfs_id":5097,"rcp":"RCP8.5","period":"2060","key":"tas","value":23.6,"estimate":"q5","season":"JJA"},{"bfs_id":5097,"rcp":"RCP8.5","period":"2060","key":"tas","value":14.8,"estimate":"q5","season":"SON"},{"bfs_id":5097,"rcp":"RCP8.5","period":"2060","key":"tas","value":6.1,"estimate":"q50","season":"DJF"},{"bfs_id":5097,"rcp":"RCP8.5","period":"2060","key":"tas","value":14.3,"estimate":"q50","season":"MAM"},{"bfs_id":5097,"rcp":"RCP8.5","period":"2060","key":"tas","value":24.2,"estimate":"q50","season":"JJA"},{"bfs_id":5097,"rcp":"RCP8.5","period":"2060","key":"tas","value":15.4,"estimate":"q50","season":"SON"},{"bfs_id":5097,"rcp":"RCP8.5","period":"2060","key":"tas","value":6.7,"estimate":"q95","season":"DJF"},{"bfs_id":5097,"rcp":"RCP8.5","period":"2060","key":"tas","value":15.1,"estimate":"q95","season":"MAM"},{"bfs_id":5097,"rcp":"RCP8.5","period":"2060","key":"tas","value":25.2,"estimate":"q95","season":"JJA"},{"bfs_id":5097,"rcp":"RCP8.5","period":"2060","key":"tas","value":16,"estimate":"q95","season":"SON"},{"bfs_id":5097,"rcp":"RCP8.5","period":"2085","key":"tas","value":7,"estimate":"q5","season":"DJF"},{"bfs_id":5097,"rcp":"RCP8.5","period":"2085","key":"tas","value":14.9,"estimate":"q5","season":"MAM"},{"bfs_id":5097,"rcp":"RCP8.5","period":"2085","key":"tas","value":25.2,"estimate":"q5","season":"JJA"},{"bfs_id":5097,"rcp":"RCP8.5","period":"2085","key":"tas","value":16.2,"estimate":"q5","season":"SON"},{"bfs_id":5097,"rcp":"RCP8.5","period":"2085","key":"tas","value":7.7,"estimate":"q50","season":"DJF"},{"bfs_id":5097,"rcp":"RCP8.5","period":"2085","key":"tas","value":15.7,"estimate":"q50","season":"MAM"},{"bfs_id":5097,"rcp":"RCP8.5","period":"2085","key":"tas","value":25.8,"estimate":"q50","season":"JJA"},{"bfs_id":5097,"rcp":"RCP8.5","period":"2085","key":"tas","value":16.8,"estimate":"q50","season":"SON"},{"bfs_id":5097,"rcp":"RCP8.5","period":"2085","key":"tas","value":8.7,"estimate":"q95","season":"DJF"},{"bfs_id":5097,"rcp":"RCP8.5","period":"2085","key":"tas","value":16.9,"estimate":"q95","season":"MAM"},{"bfs_id":5097,"rcp":"RCP8.5","period":"2085","key":"tas","value":27.1,"estimate":"q95","season":"JJA"},{"bfs_id":5097,"rcp":"RCP8.5","period":"2085","key":"tas","value":18,"estimate":"q95","season":"SON"},{"bfs_id":5097,"rcp":"obs","period":"1981-2010","key":"FD","value":53.1,"estimate":"yearly_mean"},{"bfs_id":5097,"rcp":"obs","period":"1981-2010","key":"HD","value":18.5,"estimate":"yearly_mean"},{"bfs_id":5097,"rcp":"obs","period":"1981-2010","key":"ID","value":0.9,"estimate":"yearly_mean"},{"bfs_id":5097,"rcp":"obs","period":"1981-2010","key":"SD","value":85.3,"estimate":"yearly_mean"},{"bfs_id":5097,"rcp":"obs","period":"1981-2010","key":"snowdays","value":5.7,"estimate":"yearly_mean"},{"bfs_id":5097,"rcp":"obs","period":"1981-2010","key":"TN","value":8,"estimate":"yearly_mean"},{"bfs_id":5097,"rcp":"obs","period":"1981-2010","key":"pr","value":2.4,"estimate":"mean","season":"DJF"},{"bfs_id":5097,"rcp":"obs","period":"1981-2010","key":"pr","value":5.9,"estimate":"mean","season":"MAM"},{"bfs_id":5097,"rcp":"obs","period":"1981-2010","key":"pr","value":6.3,"estimate":"mean","season":"JJA"},{"bfs_id":5097,"rcp":"obs","period":"1981-2010","key":"pr","value":7.3,"estimate":"mean","season":"SON"},{"bfs_id":5097,"rcp":"obs","period":"1981-2010","key":"tas","value":3.5,"estimate":"mean","season":"DJF"},{"bfs_id":5097,"rcp":"obs","period":"1981-2010","key":"tas","value":12.5,"estimate":"mean","season":"MAM"},{"bfs_id":5097,"rcp":"obs","period":"1981-2010","key":"tas","value":21.5,"estimate":"mean","season":"JJA"},{"bfs_id":5097,"rcp":"obs","period":"1981-2010","key":"tas","value":12.6,"estimate":"mean","season":"SON"}]
