[{"bfs_id":6300,"rcp":"RCP2.6","period":"2035","key":"FD","value":198,"estimate":"q5"},{"bfs_id":6300,"rcp":"RCP2.6","period":"2035","key":"FD","value":206.4,"estimate":"q50"},{"bfs_id":6300,"rcp":"RCP2.6","period":"2035","key":"FD","value":216.1,"estimate":"q95"},{"bfs_id":6300,"rcp":"RCP2.6","period":"2060","key":"FD","value":191.2,"estimate":"q5"},{"bfs_id":6300,"rcp":"RCP2.6","period":"2060","key":"FD","value":204.1,"estimate":"q50"},{"bfs_id":6300,"rcp":"RCP2.6","period":"2060","key":"FD","value":215.2,"estimate":"q95"},{"bfs_id":6300,"rcp":"RCP2.6","period":"2085","key":"FD","value":192.2,"estimate":"q5"},{"bfs_id":6300,"rcp":"RCP2.6","period":"2085","key":"FD","value":204.1,"estimate":"q50"},{"bfs_id":6300,"rcp":"RCP2.6","period":"2085","key":"FD","value":216.4,"estimate":"q95"},{"bfs_id":6300,"rcp":"RCP8.5","period":"2035","key":"FD","value":196,"estimate":"q5"},{"bfs_id":6300,"rcp":"RCP8.5","period":"2035","key":"FD","value":202.3,"estimate":"q50"},{"bfs_id":6300,"rcp":"RCP8.5","period":"2035","key":"FD","value":209.9,"estimate":"q95"},{"bfs_id":6300,"rcp":"RCP8.5","period":"2060","key":"FD","value":173.5,"estimate":"q5"},{"bfs_id":6300,"rcp":"RCP8.5","period":"2060","key":"FD","value":183.6,"estimate":"q50"},{"bfs_id":6300,"rcp":"RCP8.5","period":"2060","key":"FD","value":195.2,"estimate":"q95"},{"bfs_id":6300,"rcp":"RCP8.5","period":"2085","key":"FD","value":147,"estimate":"q5"},{"bfs_id":6300,"rcp":"RCP8.5","period":"2085","key":"FD","value":162.2,"estimate":"q50"},{"bfs_id":6300,"rcp":"RCP8.5","period":"2085","key":"FD","value":174.1,"estimate":"q95"},{"bfs_id":6300,"rcp":"RCP2.6","period":"2035","key":"HD","value":0,"estimate":"q5"},{"bfs_id":6300,"rcp":"RCP2.6","period":"2035","key":"HD","value":0,"estimate":"q50"},{"bfs_id":6300,"rcp":"RCP2.6","period":"2035","key":"HD","value":0.1,"estimate":"q95"},{"bfs_id":6300,"rcp":"RCP2.6","period":"2060","key":"HD","value":0,"estimate":"q5"},{"bfs_id":6300,"rcp":"RCP2.6","period":"2060","key":"HD","value":0,"estimate":"q50"},{"bfs_id":6300,"rcp":"RCP2.6","period":"2060","key":"HD","value":0.1,"estimate":"q95"},{"bfs_id":6300,"rcp":"RCP2.6","period":"2085","key":"HD","value":0,"estimate":"q5"},{"bfs_id":6300,"rcp":"RCP2.6","period":"2085","key":"HD","value":0,"estimate":"q50"},{"bfs_id":6300,"rcp":"RCP2.6","period":"2085","key":"HD","value":0.1,"estimate":"q95"},{"bfs_id":6300,"rcp":"RCP8.5","period":"2035","key":"HD","value":0,"estimate":"q5"},{"bfs_id":6300,"rcp":"RCP8.5","period":"2035","key":"HD","value":0,"estimate":"q50"},{"bfs_id":6300,"rcp":"RCP8.5","period":"2035","key":"HD","value":0.8,"estimate":"q95"},{"bfs_id":6300,"rcp":"RCP8.5","period":"2060","key":"HD","value":0.1,"estimate":"q5"},{"bfs_id":6300,"rcp":"RCP8.5","period":"2060","key":"HD","value":0.5,"estimate":"q50"},{"bfs_id":6300,"rcp":"RCP8.5","period":"2060","key":"HD","value":4.8,"estimate":"q95"},{"bfs_id":6300,"rcp":"RCP8.5","period":"2085","key":"HD","value":0.6,"estimate":"q5"},{"bfs_id":6300,"rcp":"RCP8.5","period":"2085","key":"HD","value":3.9,"estimate":"q50"},{"bfs_id":6300,"rcp":"RCP8.5","period":"2085","key":"HD","value":18.2,"estimate":"q95"},{"bfs_id":6300,"rcp":"RCP2.6","period":"2035","key":"ID","value":54.3,"estimate":"q5"},{"bfs_id":6300,"rcp":"RCP2.6","period":"2035","key":"ID","value":64,"estimate":"q50"},{"bfs_id":6300,"rcp":"RCP2.6","period":"2035","key":"ID","value":70.2,"estimate":"q95"},{"bfs_id":6300,"rcp":"RCP2.6","period":"2060","key":"ID","value":52.7,"estimate":"q5"},{"bfs_id":6300,"rcp":"RCP2.6","period":"2060","key":"ID","value":60.6,"estimate":"q50"},{"bfs_id":6300,"rcp":"RCP2.6","period":"2060","key":"ID","value":67.9,"estimate":"q95"},{"bfs_id":6300,"rcp":"RCP2.6","period":"2085","key":"ID","value":51.2,"estimate":"q5"},{"bfs_id":6300,"rcp":"RCP2.6","period":"2085","key":"ID","value":61.9,"estimate":"q50"},{"bfs_id":6300,"rcp":"RCP2.6","period":"2085","key":"ID","value":68.1,"estimate":"q95"},{"bfs_id":6300,"rcp":"RCP8.5","period":"2035","key":"ID","value":52.5,"estimate":"q5"},{"bfs_id":6300,"rcp":"RCP8.5","period":"2035","key":"ID","value":59.7,"estimate":"q50"},{"bfs_id":6300,"rcp":"RCP8.5","period":"2035","key":"ID","value":65.8,"estimate":"q95"},{"bfs_id":6300,"rcp":"RCP8.5","period":"2060","key":"ID","value":38.5,"estimate":"q5"},{"bfs_id":6300,"rcp":"RCP8.5","period":"2060","key":"ID","value":46.3,"estimate":"q50"},{"bfs_id":6300,"rcp":"RCP8.5","period":"2060","key":"ID","value":51.5,"estimate":"q95"},{"bfs_id":6300,"rcp":"RCP8.5","period":"2085","key":"ID","value":24.2,"estimate":"q5"},{"bfs_id":6300,"rcp":"RCP8.5","period":"2085","key":"ID","value":29.7,"estimate":"q50"},{"bfs_id":6300,"rcp":"RCP8.5","period":"2085","key":"ID","value":37.1,"estimate":"q95"},{"bfs_id":6300,"rcp":"RCP2.6","period":"2035","key":"SD","value":2.6,"estimate":"q5"},{"bfs_id":6300,"rcp":"RCP2.6","period":"2035","key":"SD","value":5,"estimate":"q50"},{"bfs_id":6300,"rcp":"RCP2.6","period":"2035","key":"SD","value":7.5,"estimate":"q95"},{"bfs_id":6300,"rcp":"RCP2.6","period":"2060","key":"SD","value":2.6,"estimate":"q5"},{"bfs_id":6300,"rcp":"RCP2.6","period":"2060","key":"SD","value":5.7,"estimate":"q50"},{"bfs_id":6300,"rcp":"RCP2.6","period":"2060","key":"SD","value":10.1,"estimate":"q95"},{"bfs_id":6300,"rcp":"RCP2.6","period":"2085","key":"SD","value":2.7,"estimate":"q5"},{"bfs_id":6300,"rcp":"RCP2.6","period":"2085","key":"SD","value":5.7,"estimate":"q50"},{"bfs_id":6300,"rcp":"RCP2.6","period":"2085","key":"SD","value":9.5,"estimate":"q95"},{"bfs_id":6300,"rcp":"RCP8.5","period":"2035","key":"SD","value":3.2,"estimate":"q5"},{"bfs_id":6300,"rcp":"RCP8.5","period":"2035","key":"SD","value":7.5,"estimate":"q50"},{"bfs_id":6300,"rcp":"RCP8.5","period":"2035","key":"SD","value":15.7,"estimate":"q95"},{"bfs_id":6300,"rcp":"RCP8.5","period":"2060","key":"SD","value":7.7,"estimate":"q5"},{"bfs_id":6300,"rcp":"RCP8.5","period":"2060","key":"SD","value":17.1,"estimate":"q50"},{"bfs_id":6300,"rcp":"RCP8.5","period":"2060","key":"SD","value":39.2,"estimate":"q95"},{"bfs_id":6300,"rcp":"RCP8.5","period":"2085","key":"SD","value":23.7,"estimate":"q5"},{"bfs_id":6300,"rcp":"RCP8.5","period":"2085","key":"SD","value":36.8,"estimate":"q50"},{"bfs_id":6300,"rcp":"RCP8.5","period":"2085","key":"SD","value":76.7,"estimate":"q95"},{"bfs_id":6300,"rcp":"RCP2.6","period":"2035","key":"snowdays","value":28.7,"estimate":"q5"},{"bfs_id":6300,"rcp":"RCP2.6","period":"2035","key":"snowdays","value":33.5,"estimate":"q50"},{"bfs_id":6300,"rcp":"RCP2.6","period":"2035","key":"snowdays","value":39.6,"estimate":"q95"},{"bfs_id":6300,"rcp":"RCP2.6","period":"2060","key":"snowdays","value":27.9,"estimate":"q5"},{"bfs_id":6300,"rcp":"RCP2.6","period":"2060","key":"snowdays","value":33.5,"estimate":"q50"},{"bfs_id":6300,"rcp":"RCP2.6","period":"2060","key":"snowdays","value":39.1,"estimate":"q95"},{"bfs_id":6300,"rcp":"RCP2.6","period":"2085","key":"snowdays","value":28.2,"estimate":"q5"},{"bfs_id":6300,"rcp":"RCP2.6","period":"2085","key":"snowdays","value":33.8,"estimate":"q50"},{"bfs_id":6300,"rcp":"RCP2.6","period":"2085","key":"snowdays","value":39.3,"estimate":"q95"},{"bfs_id":6300,"rcp":"RCP8.5","period":"2035","key":"snowdays","value":26.5,"estimate":"q5"},{"bfs_id":6300,"rcp":"RCP8.5","period":"2035","key":"snowdays","value":31.8,"estimate":"q50"},{"bfs_id":6300,"rcp":"RCP8.5","period":"2035","key":"snowdays","value":37.8,"estimate":"q95"},{"bfs_id":6300,"rcp":"RCP8.5","period":"2060","key":"snowdays","value":24.2,"estimate":"q5"},{"bfs_id":6300,"rcp":"RCP8.5","period":"2060","key":"snowdays","value":26.8,"estimate":"q50"},{"bfs_id":6300,"rcp":"RCP8.5","period":"2060","key":"snowdays","value":34.3,"estimate":"q95"},{"bfs_id":6300,"rcp":"RCP8.5","period":"2085","key":"snowdays","value":16.7,"estimate":"q5"},{"bfs_id":6300,"rcp":"RCP8.5","period":"2085","key":"snowdays","value":21.9,"estimate":"q50"},{"bfs_id":6300,"rcp":"RCP8.5","period":"2085","key":"snowdays","value":30.5,"estimate":"q95"},{"bfs_id":6300,"rcp":"RCP2.6","period":"2035","key":"TN","value":0,"estimate":"q5"},{"bfs_id":6300,"rcp":"RCP2.6","period":"2035","key":"TN","value":0,"estimate":"q50"},{"bfs_id":6300,"rcp":"RCP2.6","period":"2035","key":"TN","value":0,"estimate":"q95"},{"bfs_id":6300,"rcp":"RCP2.6","period":"2060","key":"TN","value":0,"estimate":"q5"},{"bfs_id":6300,"rcp":"RCP2.6","period":"2060","key":"TN","value":0,"estimate":"q50"},{"bfs_id":6300,"rcp":"RCP2.6","period":"2060","key":"TN","value":0,"estimate":"q95"},{"bfs_id":6300,"rcp":"RCP2.6","period":"2085","key":"TN","value":0,"estimate":"q5"},{"bfs_id":6300,"rcp":"RCP2.6","period":"2085","key":"TN","value":0,"estimate":"q50"},{"bfs_id":6300,"rcp":"RCP2.6","period":"2085","key":"TN","value":0,"estimate":"q95"},{"bfs_id":6300,"rcp":"RCP8.5","period":"2035","key":"TN","value":0,"estimate":"q5"},{"bfs_id":6300,"rcp":"RCP8.5","period":"2035","key":"TN","value":0,"estimate":"q50"},{"bfs_id":6300,"rcp":"RCP8.5","period":"2035","key":"TN","value":0,"estimate":"q95"},{"bfs_id":6300,"rcp":"RCP8.5","period":"2060","key":"TN","value":0,"estimate":"q5"},{"bfs_id":6300,"rcp":"RCP8.5","period":"2060","key":"TN","value":0,"estimate":"q50"},{"bfs_id":6300,"rcp":"RCP8.5","period":"2060","key":"TN","value":0,"estimate":"q95"},{"bfs_id":6300,"rcp":"RCP8.5","period":"2085","key":"TN","value":0,"estimate":"q5"},{"bfs_id":6300,"rcp":"RCP8.5","period":"2085","key":"TN","value":0,"estimate":"q50"},{"bfs_id":6300,"rcp":"RCP8.5","period":"2085","key":"TN","value":0.1,"estimate":"q95"},{"bfs_id":6300,"rcp":"RCP2.6","period":"2035","key":"pr","value":1.2,"estimate":"q5","season":"DJF"},{"bfs_id":6300,"rcp":"RCP2.6","period":"2035","key":"pr","value":1.6,"estimate":"q5","season":"MAM"},{"bfs_id":6300,"rcp":"RCP2.6","period":"2035","key":"pr","value":1.6,"estimate":"q5","season":"JJA"},{"bfs_id":6300,"rcp":"RCP2.6","period":"2035","key":"pr","value":1.6,"estimate":"q5","season":"SON"},{"bfs_id":6300,"rcp":"RCP2.6","period":"2035","key":"pr","value":1.4,"estimate":"q50","season":"DJF"},{"bfs_id":6300,"rcp":"RCP2.6","period":"2035","key":"pr","value":1.8,"estimate":"q50","season":"MAM"},{"bfs_id":6300,"rcp":"RCP2.6","period":"2035","key":"pr","value":1.9,"estimate":"q50","season":"JJA"},{"bfs_id":6300,"rcp":"RCP2.6","period":"2035","key":"pr","value":1.8,"estimate":"q50","season":"SON"},{"bfs_id":6300,"rcp":"RCP2.6","period":"2035","key":"pr","value":1.6,"estimate":"q95","season":"DJF"},{"bfs_id":6300,"rcp":"RCP2.6","period":"2035","key":"pr","value":2.1,"estimate":"q95","season":"MAM"},{"bfs_id":6300,"rcp":"RCP2.6","period":"2035","key":"pr","value":2.1,"estimate":"q95","season":"JJA"},{"bfs_id":6300,"rcp":"RCP2.6","period":"2035","key":"pr","value":2.4,"estimate":"q95","season":"SON"},{"bfs_id":6300,"rcp":"RCP2.6","period":"2060","key":"pr","value":1.2,"estimate":"q5","season":"DJF"},{"bfs_id":6300,"rcp":"RCP2.6","period":"2060","key":"pr","value":1.5,"estimate":"q5","season":"MAM"},{"bfs_id":6300,"rcp":"RCP2.6","period":"2060","key":"pr","value":1.5,"estimate":"q5","season":"JJA"},{"bfs_id":6300,"rcp":"RCP2.6","period":"2060","key":"pr","value":1.6,"estimate":"q5","season":"SON"},{"bfs_id":6300,"rcp":"RCP2.6","period":"2060","key":"pr","value":1.4,"estimate":"q50","season":"DJF"},{"bfs_id":6300,"rcp":"RCP2.6","period":"2060","key":"pr","value":1.8,"estimate":"q50","season":"MAM"},{"bfs_id":6300,"rcp":"RCP2.6","period":"2060","key":"pr","value":1.9,"estimate":"q50","season":"JJA"},{"bfs_id":6300,"rcp":"RCP2.6","period":"2060","key":"pr","value":1.9,"estimate":"q50","season":"SON"},{"bfs_id":6300,"rcp":"RCP2.6","period":"2060","key":"pr","value":1.9,"estimate":"q95","season":"DJF"},{"bfs_id":6300,"rcp":"RCP2.6","period":"2060","key":"pr","value":2.3,"estimate":"q95","season":"MAM"},{"bfs_id":6300,"rcp":"RCP2.6","period":"2060","key":"pr","value":2.1,"estimate":"q95","season":"JJA"},{"bfs_id":6300,"rcp":"RCP2.6","period":"2060","key":"pr","value":2.2,"estimate":"q95","season":"SON"},{"bfs_id":6300,"rcp":"RCP2.6","period":"2085","key":"pr","value":1.2,"estimate":"q5","season":"DJF"},{"bfs_id":6300,"rcp":"RCP2.6","period":"2085","key":"pr","value":1.5,"estimate":"q5","season":"MAM"},{"bfs_id":6300,"rcp":"RCP2.6","period":"2085","key":"pr","value":1.5,"estimate":"q5","season":"JJA"},{"bfs_id":6300,"rcp":"RCP2.6","period":"2085","key":"pr","value":1.6,"estimate":"q5","season":"SON"},{"bfs_id":6300,"rcp":"RCP2.6","period":"2085","key":"pr","value":1.4,"estimate":"q50","season":"DJF"},{"bfs_id":6300,"rcp":"RCP2.6","period":"2085","key":"pr","value":1.8,"estimate":"q50","season":"MAM"},{"bfs_id":6300,"rcp":"RCP2.6","period":"2085","key":"pr","value":1.9,"estimate":"q50","season":"JJA"},{"bfs_id":6300,"rcp":"RCP2.6","period":"2085","key":"pr","value":1.9,"estimate":"q50","season":"SON"},{"bfs_id":6300,"rcp":"RCP2.6","period":"2085","key":"pr","value":1.9,"estimate":"q95","season":"DJF"},{"bfs_id":6300,"rcp":"RCP2.6","period":"2085","key":"pr","value":2.2,"estimate":"q95","season":"MAM"},{"bfs_id":6300,"rcp":"RCP2.6","period":"2085","key":"pr","value":2.3,"estimate":"q95","season":"JJA"},{"bfs_id":6300,"rcp":"RCP2.6","period":"2085","key":"pr","value":2.2,"estimate":"q95","season":"SON"},{"bfs_id":6300,"rcp":"RCP8.5","period":"2035","key":"pr","value":1.3,"estimate":"q5","season":"DJF"},{"bfs_id":6300,"rcp":"RCP8.5","period":"2035","key":"pr","value":1.6,"estimate":"q5","season":"MAM"},{"bfs_id":6300,"rcp":"RCP8.5","period":"2035","key":"pr","value":1.6,"estimate":"q5","season":"JJA"},{"bfs_id":6300,"rcp":"RCP8.5","period":"2035","key":"pr","value":1.6,"estimate":"q5","season":"SON"},{"bfs_id":6300,"rcp":"RCP8.5","period":"2035","key":"pr","value":1.4,"estimate":"q50","season":"DJF"},{"bfs_id":6300,"rcp":"RCP8.5","period":"2035","key":"pr","value":1.8,"estimate":"q50","season":"MAM"},{"bfs_id":6300,"rcp":"RCP8.5","period":"2035","key":"pr","value":1.8,"estimate":"q50","season":"JJA"},{"bfs_id":6300,"rcp":"RCP8.5","period":"2035","key":"pr","value":1.8,"estimate":"q50","season":"SON"},{"bfs_id":6300,"rcp":"RCP8.5","period":"2035","key":"pr","value":1.7,"estimate":"q95","season":"DJF"},{"bfs_id":6300,"rcp":"RCP8.5","period":"2035","key":"pr","value":2.1,"estimate":"q95","season":"MAM"},{"bfs_id":6300,"rcp":"RCP8.5","period":"2035","key":"pr","value":2.1,"estimate":"q95","season":"JJA"},{"bfs_id":6300,"rcp":"RCP8.5","period":"2035","key":"pr","value":2.1,"estimate":"q95","season":"SON"},{"bfs_id":6300,"rcp":"RCP8.5","period":"2060","key":"pr","value":1.2,"estimate":"q5","season":"DJF"},{"bfs_id":6300,"rcp":"RCP8.5","period":"2060","key":"pr","value":1.4,"estimate":"q5","season":"MAM"},{"bfs_id":6300,"rcp":"RCP8.5","period":"2060","key":"pr","value":1.4,"estimate":"q5","season":"JJA"},{"bfs_id":6300,"rcp":"RCP8.5","period":"2060","key":"pr","value":1.6,"estimate":"q5","season":"SON"},{"bfs_id":6300,"rcp":"RCP8.5","period":"2060","key":"pr","value":1.4,"estimate":"q50","season":"DJF"},{"bfs_id":6300,"rcp":"RCP8.5","period":"2060","key":"pr","value":1.8,"estimate":"q50","season":"MAM"},{"bfs_id":6300,"rcp":"RCP8.5","period":"2060","key":"pr","value":1.8,"estimate":"q50","season":"JJA"},{"bfs_id":6300,"rcp":"RCP8.5","period":"2060","key":"pr","value":1.8,"estimate":"q50","season":"SON"},{"bfs_id":6300,"rcp":"RCP8.5","period":"2060","key":"pr","value":1.6,"estimate":"q95","season":"DJF"},{"bfs_id":6300,"rcp":"RCP8.5","period":"2060","key":"pr","value":2.2,"estimate":"q95","season":"MAM"},{"bfs_id":6300,"rcp":"RCP8.5","period":"2060","key":"pr","value":2.1,"estimate":"q95","season":"JJA"},{"bfs_id":6300,"rcp":"RCP8.5","period":"2060","key":"pr","value":2.2,"estimate":"q95","season":"SON"},{"bfs_id":6300,"rcp":"RCP8.5","period":"2085","key":"pr","value":1.3,"estimate":"q5","season":"DJF"},{"bfs_id":6300,"rcp":"RCP8.5","period":"2085","key":"pr","value":1.6,"estimate":"q5","season":"MAM"},{"bfs_id":6300,"rcp":"RCP8.5","period":"2085","key":"pr","value":1.2,"estimate":"q5","season":"JJA"},{"bfs_id":6300,"rcp":"RCP8.5","period":"2085","key":"pr","value":1.5,"estimate":"q5","season":"SON"},{"bfs_id":6300,"rcp":"RCP8.5","period":"2085","key":"pr","value":1.6,"estimate":"q50","season":"DJF"},{"bfs_id":6300,"rcp":"RCP8.5","period":"2085","key":"pr","value":1.8,"estimate":"q50","season":"MAM"},{"bfs_id":6300,"rcp":"RCP8.5","period":"2085","key":"pr","value":1.5,"estimate":"q50","season":"JJA"},{"bfs_id":6300,"rcp":"RCP8.5","period":"2085","key":"pr","value":1.8,"estimate":"q50","season":"SON"},{"bfs_id":6300,"rcp":"RCP8.5","period":"2085","key":"pr","value":1.8,"estimate":"q95","season":"DJF"},{"bfs_id":6300,"rcp":"RCP8.5","period":"2085","key":"pr","value":2.4,"estimate":"q95","season":"MAM"},{"bfs_id":6300,"rcp":"RCP8.5","period":"2085","key":"pr","value":2.1,"estimate":"q95","season":"JJA"},{"bfs_id":6300,"rcp":"RCP8.5","period":"2085","key":"pr","value":2.4,"estimate":"q95","season":"SON"},{"bfs_id":6300,"rcp":"RCP2.6","period":"2035","key":"tas","value":-5.5,"estimate":"q5","season":"DJF"},{"bfs_id":6300,"rcp":"RCP2.6","period":"2035","key":"tas","value":0.7,"estimate":"q5","season":"MAM"},{"bfs_id":6300,"rcp":"RCP2.6","period":"2035","key":"tas","value":10.4,"estimate":"q5","season":"JJA"},{"bfs_id":6300,"rcp":"RCP2.6","period":"2035","key":"tas","value":3.1,"estimate":"q5","season":"SON"},{"bfs_id":6300,"rcp":"RCP2.6","period":"2035","key":"tas","value":-4.9,"estimate":"q50","season":"DJF"},{"bfs_id":6300,"rcp":"RCP2.6","period":"2035","key":"tas","value":1.2,"estimate":"q50","season":"MAM"},{"bfs_id":6300,"rcp":"RCP2.6","period":"2035","key":"tas","value":11.3,"estimate":"q50","season":"JJA"},{"bfs_id":6300,"rcp":"RCP2.6","period":"2035","key":"tas","value":3.6,"estimate":"q50","season":"SON"},{"bfs_id":6300,"rcp":"RCP2.6","period":"2035","key":"tas","value":-4.4,"estimate":"q95","season":"DJF"},{"bfs_id":6300,"rcp":"RCP2.6","period":"2035","key":"tas","value":1.7,"estimate":"q95","season":"MAM"},{"bfs_id":6300,"rcp":"RCP2.6","period":"2035","key":"tas","value":12.9,"estimate":"q95","season":"JJA"},{"bfs_id":6300,"rcp":"RCP2.6","period":"2035","key":"tas","value":4.8,"estimate":"q95","season":"SON"},{"bfs_id":6300,"rcp":"RCP2.6","period":"2060","key":"tas","value":-5.1,"estimate":"q5","season":"DJF"},{"bfs_id":6300,"rcp":"RCP2.6","period":"2060","key":"tas","value":0.6,"estimate":"q5","season":"MAM"},{"bfs_id":6300,"rcp":"RCP2.6","period":"2060","key":"tas","value":10.5,"estimate":"q5","season":"JJA"},{"bfs_id":6300,"rcp":"RCP2.6","period":"2060","key":"tas","value":3.2,"estimate":"q5","season":"SON"},{"bfs_id":6300,"rcp":"RCP2.6","period":"2060","key":"tas","value":-4.6,"estimate":"q50","season":"DJF"},{"bfs_id":6300,"rcp":"RCP2.6","period":"2060","key":"tas","value":1.2,"estimate":"q50","season":"MAM"},{"bfs_id":6300,"rcp":"RCP2.6","period":"2060","key":"tas","value":11.5,"estimate":"q50","season":"JJA"},{"bfs_id":6300,"rcp":"RCP2.6","period":"2060","key":"tas","value":4.1,"estimate":"q50","season":"SON"},{"bfs_id":6300,"rcp":"RCP2.6","period":"2060","key":"tas","value":-4.1,"estimate":"q95","season":"DJF"},{"bfs_id":6300,"rcp":"RCP2.6","period":"2060","key":"tas","value":1.8,"estimate":"q95","season":"MAM"},{"bfs_id":6300,"rcp":"RCP2.6","period":"2060","key":"tas","value":13.4,"estimate":"q95","season":"JJA"},{"bfs_id":6300,"rcp":"RCP2.6","period":"2060","key":"tas","value":5,"estimate":"q95","season":"SON"},{"bfs_id":6300,"rcp":"RCP2.6","period":"2085","key":"tas","value":-5,"estimate":"q5","season":"DJF"},{"bfs_id":6300,"rcp":"RCP2.6","period":"2085","key":"tas","value":0.6,"estimate":"q5","season":"MAM"},{"bfs_id":6300,"rcp":"RCP2.6","period":"2085","key":"tas","value":10.5,"estimate":"q5","season":"JJA"},{"bfs_id":6300,"rcp":"RCP2.6","period":"2085","key":"tas","value":3.1,"estimate":"q5","season":"SON"},{"bfs_id":6300,"rcp":"RCP2.6","period":"2085","key":"tas","value":-4.8,"estimate":"q50","season":"DJF"},{"bfs_id":6300,"rcp":"RCP2.6","period":"2085","key":"tas","value":1.2,"estimate":"q50","season":"MAM"},{"bfs_id":6300,"rcp":"RCP2.6","period":"2085","key":"tas","value":11.4,"estimate":"q50","season":"JJA"},{"bfs_id":6300,"rcp":"RCP2.6","period":"2085","key":"tas","value":3.9,"estimate":"q50","season":"SON"},{"bfs_id":6300,"rcp":"RCP2.6","period":"2085","key":"tas","value":-4,"estimate":"q95","season":"DJF"},{"bfs_id":6300,"rcp":"RCP2.6","period":"2085","key":"tas","value":1.8,"estimate":"q95","season":"MAM"},{"bfs_id":6300,"rcp":"RCP2.6","period":"2085","key":"tas","value":13.4,"estimate":"q95","season":"JJA"},{"bfs_id":6300,"rcp":"RCP2.6","period":"2085","key":"tas","value":4.9,"estimate":"q95","season":"SON"},{"bfs_id":6300,"rcp":"RCP8.5","period":"2035","key":"tas","value":-5.1,"estimate":"q5","season":"DJF"},{"bfs_id":6300,"rcp":"RCP8.5","period":"2035","key":"tas","value":0.9,"estimate":"q5","season":"MAM"},{"bfs_id":6300,"rcp":"RCP8.5","period":"2035","key":"tas","value":10.9,"estimate":"q5","season":"JJA"},{"bfs_id":6300,"rcp":"RCP8.5","period":"2035","key":"tas","value":3.5,"estimate":"q5","season":"SON"},{"bfs_id":6300,"rcp":"RCP8.5","period":"2035","key":"tas","value":-4.5,"estimate":"q50","season":"DJF"},{"bfs_id":6300,"rcp":"RCP8.5","period":"2035","key":"tas","value":1.2,"estimate":"q50","season":"MAM"},{"bfs_id":6300,"rcp":"RCP8.5","period":"2035","key":"tas","value":11.5,"estimate":"q50","season":"JJA"},{"bfs_id":6300,"rcp":"RCP8.5","period":"2035","key":"tas","value":4.1,"estimate":"q50","season":"SON"},{"bfs_id":6300,"rcp":"RCP8.5","period":"2035","key":"tas","value":-4.2,"estimate":"q95","season":"DJF"},{"bfs_id":6300,"rcp":"RCP8.5","period":"2035","key":"tas","value":1.9,"estimate":"q95","season":"MAM"},{"bfs_id":6300,"rcp":"RCP8.5","period":"2035","key":"tas","value":13.6,"estimate":"q95","season":"JJA"},{"bfs_id":6300,"rcp":"RCP8.5","period":"2035","key":"tas","value":5.1,"estimate":"q95","season":"SON"},{"bfs_id":6300,"rcp":"RCP8.5","period":"2060","key":"tas","value":-4.3,"estimate":"q5","season":"DJF"},{"bfs_id":6300,"rcp":"RCP8.5","period":"2060","key":"tas","value":1.9,"estimate":"q5","season":"MAM"},{"bfs_id":6300,"rcp":"RCP8.5","period":"2060","key":"tas","value":12.3,"estimate":"q5","season":"JJA"},{"bfs_id":6300,"rcp":"RCP8.5","period":"2060","key":"tas","value":4.8,"estimate":"q5","season":"SON"},{"bfs_id":6300,"rcp":"RCP8.5","period":"2060","key":"tas","value":-3.7,"estimate":"q50","season":"DJF"},{"bfs_id":6300,"rcp":"RCP8.5","period":"2060","key":"tas","value":2.4,"estimate":"q50","season":"MAM"},{"bfs_id":6300,"rcp":"RCP8.5","period":"2060","key":"tas","value":13.2,"estimate":"q50","season":"JJA"},{"bfs_id":6300,"rcp":"RCP8.5","period":"2060","key":"tas","value":5.8,"estimate":"q50","season":"SON"},{"bfs_id":6300,"rcp":"RCP8.5","period":"2060","key":"tas","value":-3,"estimate":"q95","season":"DJF"},{"bfs_id":6300,"rcp":"RCP8.5","period":"2060","key":"tas","value":3.2,"estimate":"q95","season":"MAM"},{"bfs_id":6300,"rcp":"RCP8.5","period":"2060","key":"tas","value":16.1,"estimate":"q95","season":"JJA"},{"bfs_id":6300,"rcp":"RCP8.5","period":"2060","key":"tas","value":7.2,"estimate":"q95","season":"SON"},{"bfs_id":6300,"rcp":"RCP8.5","period":"2085","key":"tas","value":-2.9,"estimate":"q5","season":"DJF"},{"bfs_id":6300,"rcp":"RCP8.5","period":"2085","key":"tas","value":3.2,"estimate":"q5","season":"MAM"},{"bfs_id":6300,"rcp":"RCP8.5","period":"2085","key":"tas","value":14.2,"estimate":"q5","season":"JJA"},{"bfs_id":6300,"rcp":"RCP8.5","period":"2085","key":"tas","value":6.5,"estimate":"q5","season":"SON"},{"bfs_id":6300,"rcp":"RCP8.5","period":"2085","key":"tas","value":-2.2,"estimate":"q50","season":"DJF"},{"bfs_id":6300,"rcp":"RCP8.5","period":"2085","key":"tas","value":4,"estimate":"q50","season":"MAM"},{"bfs_id":6300,"rcp":"RCP8.5","period":"2085","key":"tas","value":15.8,"estimate":"q50","season":"JJA"},{"bfs_id":6300,"rcp":"RCP8.5","period":"2085","key":"tas","value":7.7,"estimate":"q50","season":"SON"},{"bfs_id":6300,"rcp":"RCP8.5","period":"2085","key":"tas","value":-1.4,"estimate":"q95","season":"DJF"},{"bfs_id":6300,"rcp":"RCP8.5","period":"2085","key":"tas","value":6.6,"estimate":"q95","season":"MAM"},{"bfs_id":6300,"rcp":"RCP8.5","period":"2085","key":"tas","value":18.6,"estimate":"q95","season":"JJA"},{"bfs_id":6300,"rcp":"RCP8.5","period":"2085","key":"tas","value":9.6,"estimate":"q95","season":"SON"},{"bfs_id":6300,"rcp":"obs","period":"1981-2010","key":"FD","value":228.3,"estimate":"yearly_mean"},{"bfs_id":6300,"rcp":"obs","period":"1981-2010","key":"HD","value":0.1,"estimate":"yearly_mean"},{"bfs_id":6300,"rcp":"obs","period":"1981-2010","key":"ID","value":76.5,"estimate":"yearly_mean"},{"bfs_id":6300,"rcp":"obs","period":"1981-2010","key":"SD","value":1.3,"estimate":"yearly_mean"},{"bfs_id":6300,"rcp":"obs","period":"1981-2010","key":"snowdays","value":41.4,"estimate":"yearly_mean"},{"bfs_id":6300,"rcp":"obs","period":"1981-2010","key":"TN","value":0,"estimate":"yearly_mean"},{"bfs_id":6300,"rcp":"obs","period":"1981-2010","key":"pr","value":1.3,"estimate":"mean","season":"DJF"},{"bfs_id":6300,"rcp":"obs","period":"1981-2010","key":"pr","value":1.7,"estimate":"mean","season":"MAM"},{"bfs_id":6300,"rcp":"obs","period":"1981-2010","key":"pr","value":2,"estimate":"mean","season":"JJA"},{"bfs_id":6300,"rcp":"obs","period":"1981-2010","key":"pr","value":1.8,"estimate":"mean","season":"SON"},{"bfs_id":6300,"rcp":"obs","period":"1981-2010","key":"tas","value":-5.9,"estimate":"mean","season":"DJF"},{"bfs_id":6300,"rcp":"obs","period":"1981-2010","key":"tas","value":0.4,"estimate":"mean","season":"MAM"},{"bfs_id":6300,"rcp":"obs","period":"1981-2010","key":"tas","value":9.4,"estimate":"mean","season":"JJA"},{"bfs_id":6300,"rcp":"obs","period":"1981-2010","key":"tas","value":2.4,"estimate":"mean","season":"SON"}]
