[{"bfs_id":6458,"rcp":"RCP2.6","period":"2035","key":"FD","value":37.1,"estimate":"q5"},{"bfs_id":6458,"rcp":"RCP2.6","period":"2035","key":"FD","value":45.5,"estimate":"q50"},{"bfs_id":6458,"rcp":"RCP2.6","period":"2035","key":"FD","value":49.9,"estimate":"q95"},{"bfs_id":6458,"rcp":"RCP2.6","period":"2060","key":"FD","value":35.6,"estimate":"q5"},{"bfs_id":6458,"rcp":"RCP2.6","period":"2060","key":"FD","value":42,"estimate":"q50"},{"bfs_id":6458,"rcp":"RCP2.6","period":"2060","key":"FD","value":47.9,"estimate":"q95"},{"bfs_id":6458,"rcp":"RCP2.6","period":"2085","key":"FD","value":34.9,"estimate":"q5"},{"bfs_id":6458,"rcp":"RCP2.6","period":"2085","key":"FD","value":42.9,"estimate":"q50"},{"bfs_id":6458,"rcp":"RCP2.6","period":"2085","key":"FD","value":49.3,"estimate":"q95"},{"bfs_id":6458,"rcp":"RCP8.5","period":"2035","key":"FD","value":35.3,"estimate":"q5"},{"bfs_id":6458,"rcp":"RCP8.5","period":"2035","key":"FD","value":42.9,"estimate":"q50"},{"bfs_id":6458,"rcp":"RCP8.5","period":"2035","key":"FD","value":47.4,"estimate":"q95"},{"bfs_id":6458,"rcp":"RCP8.5","period":"2060","key":"FD","value":26.3,"estimate":"q5"},{"bfs_id":6458,"rcp":"RCP8.5","period":"2060","key":"FD","value":30.9,"estimate":"q50"},{"bfs_id":6458,"rcp":"RCP8.5","period":"2060","key":"FD","value":35.8,"estimate":"q95"},{"bfs_id":6458,"rcp":"RCP8.5","period":"2085","key":"FD","value":13.3,"estimate":"q5"},{"bfs_id":6458,"rcp":"RCP8.5","period":"2085","key":"FD","value":17.4,"estimate":"q50"},{"bfs_id":6458,"rcp":"RCP8.5","period":"2085","key":"FD","value":23.5,"estimate":"q95"},{"bfs_id":6458,"rcp":"RCP2.6","period":"2035","key":"HD","value":11,"estimate":"q5"},{"bfs_id":6458,"rcp":"RCP2.6","period":"2035","key":"HD","value":14.9,"estimate":"q50"},{"bfs_id":6458,"rcp":"RCP2.6","period":"2035","key":"HD","value":20.6,"estimate":"q95"},{"bfs_id":6458,"rcp":"RCP2.6","period":"2060","key":"HD","value":12.2,"estimate":"q5"},{"bfs_id":6458,"rcp":"RCP2.6","period":"2060","key":"HD","value":15,"estimate":"q50"},{"bfs_id":6458,"rcp":"RCP2.6","period":"2060","key":"HD","value":23.8,"estimate":"q95"},{"bfs_id":6458,"rcp":"RCP2.6","period":"2085","key":"HD","value":12,"estimate":"q5"},{"bfs_id":6458,"rcp":"RCP2.6","period":"2085","key":"HD","value":14.4,"estimate":"q50"},{"bfs_id":6458,"rcp":"RCP2.6","period":"2085","key":"HD","value":23.1,"estimate":"q95"},{"bfs_id":6458,"rcp":"RCP8.5","period":"2035","key":"HD","value":12.7,"estimate":"q5"},{"bfs_id":6458,"rcp":"RCP8.5","period":"2035","key":"HD","value":15.1,"estimate":"q50"},{"bfs_id":6458,"rcp":"RCP8.5","period":"2035","key":"HD","value":23,"estimate":"q95"},{"bfs_id":6458,"rcp":"RCP8.5","period":"2060","key":"HD","value":18.9,"estimate":"q5"},{"bfs_id":6458,"rcp":"RCP8.5","period":"2060","key":"HD","value":25.3,"estimate":"q50"},{"bfs_id":6458,"rcp":"RCP8.5","period":"2060","key":"HD","value":39.9,"estimate":"q95"},{"bfs_id":6458,"rcp":"RCP8.5","period":"2085","key":"HD","value":33.6,"estimate":"q5"},{"bfs_id":6458,"rcp":"RCP8.5","period":"2085","key":"HD","value":41.6,"estimate":"q50"},{"bfs_id":6458,"rcp":"RCP8.5","period":"2085","key":"HD","value":65.7,"estimate":"q95"},{"bfs_id":6458,"rcp":"RCP2.6","period":"2035","key":"ID","value":7.2,"estimate":"q5"},{"bfs_id":6458,"rcp":"RCP2.6","period":"2035","key":"ID","value":10.1,"estimate":"q50"},{"bfs_id":6458,"rcp":"RCP2.6","period":"2035","key":"ID","value":12.9,"estimate":"q95"},{"bfs_id":6458,"rcp":"RCP2.6","period":"2060","key":"ID","value":6.8,"estimate":"q5"},{"bfs_id":6458,"rcp":"RCP2.6","period":"2060","key":"ID","value":9.5,"estimate":"q50"},{"bfs_id":6458,"rcp":"RCP2.6","period":"2060","key":"ID","value":11.8,"estimate":"q95"},{"bfs_id":6458,"rcp":"RCP2.6","period":"2085","key":"ID","value":7.2,"estimate":"q5"},{"bfs_id":6458,"rcp":"RCP2.6","period":"2085","key":"ID","value":9.3,"estimate":"q50"},{"bfs_id":6458,"rcp":"RCP2.6","period":"2085","key":"ID","value":12.3,"estimate":"q95"},{"bfs_id":6458,"rcp":"RCP8.5","period":"2035","key":"ID","value":7.1,"estimate":"q5"},{"bfs_id":6458,"rcp":"RCP8.5","period":"2035","key":"ID","value":8.7,"estimate":"q50"},{"bfs_id":6458,"rcp":"RCP8.5","period":"2035","key":"ID","value":12,"estimate":"q95"},{"bfs_id":6458,"rcp":"RCP8.5","period":"2060","key":"ID","value":4.7,"estimate":"q5"},{"bfs_id":6458,"rcp":"RCP8.5","period":"2060","key":"ID","value":6.3,"estimate":"q50"},{"bfs_id":6458,"rcp":"RCP8.5","period":"2060","key":"ID","value":8.2,"estimate":"q95"},{"bfs_id":6458,"rcp":"RCP8.5","period":"2085","key":"ID","value":1,"estimate":"q5"},{"bfs_id":6458,"rcp":"RCP8.5","period":"2085","key":"ID","value":2.4,"estimate":"q50"},{"bfs_id":6458,"rcp":"RCP8.5","period":"2085","key":"ID","value":4.5,"estimate":"q95"},{"bfs_id":6458,"rcp":"RCP2.6","period":"2035","key":"SD","value":54.8,"estimate":"q5"},{"bfs_id":6458,"rcp":"RCP2.6","period":"2035","key":"SD","value":60.9,"estimate":"q50"},{"bfs_id":6458,"rcp":"RCP2.6","period":"2035","key":"SD","value":69.3,"estimate":"q95"},{"bfs_id":6458,"rcp":"RCP2.6","period":"2060","key":"SD","value":55.5,"estimate":"q5"},{"bfs_id":6458,"rcp":"RCP2.6","period":"2060","key":"SD","value":63.2,"estimate":"q50"},{"bfs_id":6458,"rcp":"RCP2.6","period":"2060","key":"SD","value":69.2,"estimate":"q95"},{"bfs_id":6458,"rcp":"RCP2.6","period":"2085","key":"SD","value":55.1,"estimate":"q5"},{"bfs_id":6458,"rcp":"RCP2.6","period":"2085","key":"SD","value":62.8,"estimate":"q50"},{"bfs_id":6458,"rcp":"RCP2.6","period":"2085","key":"SD","value":68.8,"estimate":"q95"},{"bfs_id":6458,"rcp":"RCP8.5","period":"2035","key":"SD","value":58.6,"estimate":"q5"},{"bfs_id":6458,"rcp":"RCP8.5","period":"2035","key":"SD","value":63.6,"estimate":"q50"},{"bfs_id":6458,"rcp":"RCP8.5","period":"2035","key":"SD","value":69.3,"estimate":"q95"},{"bfs_id":6458,"rcp":"RCP8.5","period":"2060","key":"SD","value":74,"estimate":"q5"},{"bfs_id":6458,"rcp":"RCP8.5","period":"2060","key":"SD","value":78.3,"estimate":"q50"},{"bfs_id":6458,"rcp":"RCP8.5","period":"2060","key":"SD","value":93.3,"estimate":"q95"},{"bfs_id":6458,"rcp":"RCP8.5","period":"2085","key":"SD","value":88.2,"estimate":"q5"},{"bfs_id":6458,"rcp":"RCP8.5","period":"2085","key":"SD","value":102.1,"estimate":"q50"},{"bfs_id":6458,"rcp":"RCP8.5","period":"2085","key":"SD","value":118.6,"estimate":"q95"},{"bfs_id":6458,"rcp":"RCP2.6","period":"2035","key":"snowdays","value":7.5,"estimate":"q5"},{"bfs_id":6458,"rcp":"RCP2.6","period":"2035","key":"snowdays","value":11.4,"estimate":"q50"},{"bfs_id":6458,"rcp":"RCP2.6","period":"2035","key":"snowdays","value":13.9,"estimate":"q95"},{"bfs_id":6458,"rcp":"RCP2.6","period":"2060","key":"snowdays","value":7,"estimate":"q5"},{"bfs_id":6458,"rcp":"RCP2.6","period":"2060","key":"snowdays","value":10.9,"estimate":"q50"},{"bfs_id":6458,"rcp":"RCP2.6","period":"2060","key":"snowdays","value":13.7,"estimate":"q95"},{"bfs_id":6458,"rcp":"RCP2.6","period":"2085","key":"snowdays","value":6.3,"estimate":"q5"},{"bfs_id":6458,"rcp":"RCP2.6","period":"2085","key":"snowdays","value":10.5,"estimate":"q50"},{"bfs_id":6458,"rcp":"RCP2.6","period":"2085","key":"snowdays","value":13.9,"estimate":"q95"},{"bfs_id":6458,"rcp":"RCP8.5","period":"2035","key":"snowdays","value":6.1,"estimate":"q5"},{"bfs_id":6458,"rcp":"RCP8.5","period":"2035","key":"snowdays","value":10.2,"estimate":"q50"},{"bfs_id":6458,"rcp":"RCP8.5","period":"2035","key":"snowdays","value":12.8,"estimate":"q95"},{"bfs_id":6458,"rcp":"RCP8.5","period":"2060","key":"snowdays","value":4.3,"estimate":"q5"},{"bfs_id":6458,"rcp":"RCP8.5","period":"2060","key":"snowdays","value":7,"estimate":"q50"},{"bfs_id":6458,"rcp":"RCP8.5","period":"2060","key":"snowdays","value":9,"estimate":"q95"},{"bfs_id":6458,"rcp":"RCP8.5","period":"2085","key":"snowdays","value":1.9,"estimate":"q5"},{"bfs_id":6458,"rcp":"RCP8.5","period":"2085","key":"snowdays","value":3.4,"estimate":"q50"},{"bfs_id":6458,"rcp":"RCP8.5","period":"2085","key":"snowdays","value":5.9,"estimate":"q95"},{"bfs_id":6458,"rcp":"RCP2.6","period":"2035","key":"TN","value":2.7,"estimate":"q5"},{"bfs_id":6458,"rcp":"RCP2.6","period":"2035","key":"TN","value":5,"estimate":"q50"},{"bfs_id":6458,"rcp":"RCP2.6","period":"2035","key":"TN","value":8.1,"estimate":"q95"},{"bfs_id":6458,"rcp":"RCP2.6","period":"2060","key":"TN","value":3.6,"estimate":"q5"},{"bfs_id":6458,"rcp":"RCP2.6","period":"2060","key":"TN","value":5.1,"estimate":"q50"},{"bfs_id":6458,"rcp":"RCP2.6","period":"2060","key":"TN","value":8.4,"estimate":"q95"},{"bfs_id":6458,"rcp":"RCP2.6","period":"2085","key":"TN","value":3.6,"estimate":"q5"},{"bfs_id":6458,"rcp":"RCP2.6","period":"2085","key":"TN","value":5.1,"estimate":"q50"},{"bfs_id":6458,"rcp":"RCP2.6","period":"2085","key":"TN","value":8.8,"estimate":"q95"},{"bfs_id":6458,"rcp":"RCP8.5","period":"2035","key":"TN","value":4.3,"estimate":"q5"},{"bfs_id":6458,"rcp":"RCP8.5","period":"2035","key":"TN","value":6.4,"estimate":"q50"},{"bfs_id":6458,"rcp":"RCP8.5","period":"2035","key":"TN","value":10.3,"estimate":"q95"},{"bfs_id":6458,"rcp":"RCP8.5","period":"2060","key":"TN","value":9.3,"estimate":"q5"},{"bfs_id":6458,"rcp":"RCP8.5","period":"2060","key":"TN","value":14.5,"estimate":"q50"},{"bfs_id":6458,"rcp":"RCP8.5","period":"2060","key":"TN","value":22.2,"estimate":"q95"},{"bfs_id":6458,"rcp":"RCP8.5","period":"2085","key":"TN","value":21.2,"estimate":"q5"},{"bfs_id":6458,"rcp":"RCP8.5","period":"2085","key":"TN","value":28,"estimate":"q50"},{"bfs_id":6458,"rcp":"RCP8.5","period":"2085","key":"TN","value":50.7,"estimate":"q95"},{"bfs_id":6458,"rcp":"RCP2.6","period":"2035","key":"pr","value":2.8,"estimate":"q5","season":"DJF"},{"bfs_id":6458,"rcp":"RCP2.6","period":"2035","key":"pr","value":2.4,"estimate":"q5","season":"MAM"},{"bfs_id":6458,"rcp":"RCP2.6","period":"2035","key":"pr","value":2.4,"estimate":"q5","season":"JJA"},{"bfs_id":6458,"rcp":"RCP2.6","period":"2035","key":"pr","value":2.7,"estimate":"q5","season":"SON"},{"bfs_id":6458,"rcp":"RCP2.6","period":"2035","key":"pr","value":3.2,"estimate":"q50","season":"DJF"},{"bfs_id":6458,"rcp":"RCP2.6","period":"2035","key":"pr","value":2.8,"estimate":"q50","season":"MAM"},{"bfs_id":6458,"rcp":"RCP2.6","period":"2035","key":"pr","value":2.8,"estimate":"q50","season":"JJA"},{"bfs_id":6458,"rcp":"RCP2.6","period":"2035","key":"pr","value":3.1,"estimate":"q50","season":"SON"},{"bfs_id":6458,"rcp":"RCP2.6","period":"2035","key":"pr","value":3.7,"estimate":"q95","season":"DJF"},{"bfs_id":6458,"rcp":"RCP2.6","period":"2035","key":"pr","value":3.1,"estimate":"q95","season":"MAM"},{"bfs_id":6458,"rcp":"RCP2.6","period":"2035","key":"pr","value":3.2,"estimate":"q95","season":"JJA"},{"bfs_id":6458,"rcp":"RCP2.6","period":"2035","key":"pr","value":3.5,"estimate":"q95","season":"SON"},{"bfs_id":6458,"rcp":"RCP2.6","period":"2060","key":"pr","value":2.8,"estimate":"q5","season":"DJF"},{"bfs_id":6458,"rcp":"RCP2.6","period":"2060","key":"pr","value":2.6,"estimate":"q5","season":"MAM"},{"bfs_id":6458,"rcp":"RCP2.6","period":"2060","key":"pr","value":2.3,"estimate":"q5","season":"JJA"},{"bfs_id":6458,"rcp":"RCP2.6","period":"2060","key":"pr","value":2.9,"estimate":"q5","season":"SON"},{"bfs_id":6458,"rcp":"RCP2.6","period":"2060","key":"pr","value":3.3,"estimate":"q50","season":"DJF"},{"bfs_id":6458,"rcp":"RCP2.6","period":"2060","key":"pr","value":2.9,"estimate":"q50","season":"MAM"},{"bfs_id":6458,"rcp":"RCP2.6","period":"2060","key":"pr","value":2.8,"estimate":"q50","season":"JJA"},{"bfs_id":6458,"rcp":"RCP2.6","period":"2060","key":"pr","value":3,"estimate":"q50","season":"SON"},{"bfs_id":6458,"rcp":"RCP2.6","period":"2060","key":"pr","value":3.5,"estimate":"q95","season":"DJF"},{"bfs_id":6458,"rcp":"RCP2.6","period":"2060","key":"pr","value":3.1,"estimate":"q95","season":"MAM"},{"bfs_id":6458,"rcp":"RCP2.6","period":"2060","key":"pr","value":3.2,"estimate":"q95","season":"JJA"},{"bfs_id":6458,"rcp":"RCP2.6","period":"2060","key":"pr","value":3.4,"estimate":"q95","season":"SON"},{"bfs_id":6458,"rcp":"RCP2.6","period":"2085","key":"pr","value":2.8,"estimate":"q5","season":"DJF"},{"bfs_id":6458,"rcp":"RCP2.6","period":"2085","key":"pr","value":2.7,"estimate":"q5","season":"MAM"},{"bfs_id":6458,"rcp":"RCP2.6","period":"2085","key":"pr","value":2.3,"estimate":"q5","season":"JJA"},{"bfs_id":6458,"rcp":"RCP2.6","period":"2085","key":"pr","value":2.7,"estimate":"q5","season":"SON"},{"bfs_id":6458,"rcp":"RCP2.6","period":"2085","key":"pr","value":3.3,"estimate":"q50","season":"DJF"},{"bfs_id":6458,"rcp":"RCP2.6","period":"2085","key":"pr","value":2.9,"estimate":"q50","season":"MAM"},{"bfs_id":6458,"rcp":"RCP2.6","period":"2085","key":"pr","value":2.8,"estimate":"q50","season":"JJA"},{"bfs_id":6458,"rcp":"RCP2.6","period":"2085","key":"pr","value":3,"estimate":"q50","season":"SON"},{"bfs_id":6458,"rcp":"RCP2.6","period":"2085","key":"pr","value":3.6,"estimate":"q95","season":"DJF"},{"bfs_id":6458,"rcp":"RCP2.6","period":"2085","key":"pr","value":3.1,"estimate":"q95","season":"MAM"},{"bfs_id":6458,"rcp":"RCP2.6","period":"2085","key":"pr","value":3.2,"estimate":"q95","season":"JJA"},{"bfs_id":6458,"rcp":"RCP2.6","period":"2085","key":"pr","value":3.4,"estimate":"q95","season":"SON"},{"bfs_id":6458,"rcp":"RCP8.5","period":"2035","key":"pr","value":2.9,"estimate":"q5","season":"DJF"},{"bfs_id":6458,"rcp":"RCP8.5","period":"2035","key":"pr","value":2.7,"estimate":"q5","season":"MAM"},{"bfs_id":6458,"rcp":"RCP8.5","period":"2035","key":"pr","value":2.2,"estimate":"q5","season":"JJA"},{"bfs_id":6458,"rcp":"RCP8.5","period":"2035","key":"pr","value":2.7,"estimate":"q5","season":"SON"},{"bfs_id":6458,"rcp":"RCP8.5","period":"2035","key":"pr","value":3.4,"estimate":"q50","season":"DJF"},{"bfs_id":6458,"rcp":"RCP8.5","period":"2035","key":"pr","value":3,"estimate":"q50","season":"MAM"},{"bfs_id":6458,"rcp":"RCP8.5","period":"2035","key":"pr","value":2.9,"estimate":"q50","season":"JJA"},{"bfs_id":6458,"rcp":"RCP8.5","period":"2035","key":"pr","value":3.2,"estimate":"q50","season":"SON"},{"bfs_id":6458,"rcp":"RCP8.5","period":"2035","key":"pr","value":3.6,"estimate":"q95","season":"DJF"},{"bfs_id":6458,"rcp":"RCP8.5","period":"2035","key":"pr","value":3.1,"estimate":"q95","season":"MAM"},{"bfs_id":6458,"rcp":"RCP8.5","period":"2035","key":"pr","value":3.2,"estimate":"q95","season":"JJA"},{"bfs_id":6458,"rcp":"RCP8.5","period":"2035","key":"pr","value":3.7,"estimate":"q95","season":"SON"},{"bfs_id":6458,"rcp":"RCP8.5","period":"2060","key":"pr","value":3.1,"estimate":"q5","season":"DJF"},{"bfs_id":6458,"rcp":"RCP8.5","period":"2060","key":"pr","value":2.8,"estimate":"q5","season":"MAM"},{"bfs_id":6458,"rcp":"RCP8.5","period":"2060","key":"pr","value":2,"estimate":"q5","season":"JJA"},{"bfs_id":6458,"rcp":"RCP8.5","period":"2060","key":"pr","value":2.7,"estimate":"q5","season":"SON"},{"bfs_id":6458,"rcp":"RCP8.5","period":"2060","key":"pr","value":3.4,"estimate":"q50","season":"DJF"},{"bfs_id":6458,"rcp":"RCP8.5","period":"2060","key":"pr","value":3,"estimate":"q50","season":"MAM"},{"bfs_id":6458,"rcp":"RCP8.5","period":"2060","key":"pr","value":2.8,"estimate":"q50","season":"JJA"},{"bfs_id":6458,"rcp":"RCP8.5","period":"2060","key":"pr","value":3.2,"estimate":"q50","season":"SON"},{"bfs_id":6458,"rcp":"RCP8.5","period":"2060","key":"pr","value":3.8,"estimate":"q95","season":"DJF"},{"bfs_id":6458,"rcp":"RCP8.5","period":"2060","key":"pr","value":3.4,"estimate":"q95","season":"MAM"},{"bfs_id":6458,"rcp":"RCP8.5","period":"2060","key":"pr","value":3,"estimate":"q95","season":"JJA"},{"bfs_id":6458,"rcp":"RCP8.5","period":"2060","key":"pr","value":3.8,"estimate":"q95","season":"SON"},{"bfs_id":6458,"rcp":"RCP8.5","period":"2085","key":"pr","value":3.2,"estimate":"q5","season":"DJF"},{"bfs_id":6458,"rcp":"RCP8.5","period":"2085","key":"pr","value":2.8,"estimate":"q5","season":"MAM"},{"bfs_id":6458,"rcp":"RCP8.5","period":"2085","key":"pr","value":1.5,"estimate":"q5","season":"JJA"},{"bfs_id":6458,"rcp":"RCP8.5","period":"2085","key":"pr","value":2.6,"estimate":"q5","season":"SON"},{"bfs_id":6458,"rcp":"RCP8.5","period":"2085","key":"pr","value":3.7,"estimate":"q50","season":"DJF"},{"bfs_id":6458,"rcp":"RCP8.5","period":"2085","key":"pr","value":3.2,"estimate":"q50","season":"MAM"},{"bfs_id":6458,"rcp":"RCP8.5","period":"2085","key":"pr","value":2.3,"estimate":"q50","season":"JJA"},{"bfs_id":6458,"rcp":"RCP8.5","period":"2085","key":"pr","value":3.3,"estimate":"q50","season":"SON"},{"bfs_id":6458,"rcp":"RCP8.5","period":"2085","key":"pr","value":4.2,"estimate":"q95","season":"DJF"},{"bfs_id":6458,"rcp":"RCP8.5","period":"2085","key":"pr","value":3.5,"estimate":"q95","season":"MAM"},{"bfs_id":6458,"rcp":"RCP8.5","period":"2085","key":"pr","value":3,"estimate":"q95","season":"JJA"},{"bfs_id":6458,"rcp":"RCP8.5","period":"2085","key":"pr","value":3.6,"estimate":"q95","season":"SON"},{"bfs_id":6458,"rcp":"RCP2.6","period":"2035","key":"tas","value":2.8,"estimate":"q5","season":"DJF"},{"bfs_id":6458,"rcp":"RCP2.6","period":"2035","key":"tas","value":10.1,"estimate":"q5","season":"MAM"},{"bfs_id":6458,"rcp":"RCP2.6","period":"2035","key":"tas","value":19.4,"estimate":"q5","season":"JJA"},{"bfs_id":6458,"rcp":"RCP2.6","period":"2035","key":"tas","value":11.3,"estimate":"q5","season":"SON"},{"bfs_id":6458,"rcp":"RCP2.6","period":"2035","key":"tas","value":3.1,"estimate":"q50","season":"DJF"},{"bfs_id":6458,"rcp":"RCP2.6","period":"2035","key":"tas","value":10.7,"estimate":"q50","season":"MAM"},{"bfs_id":6458,"rcp":"RCP2.6","period":"2035","key":"tas","value":20,"estimate":"q50","season":"JJA"},{"bfs_id":6458,"rcp":"RCP2.6","period":"2035","key":"tas","value":11.6,"estimate":"q50","season":"SON"},{"bfs_id":6458,"rcp":"RCP2.6","period":"2035","key":"tas","value":3.8,"estimate":"q95","season":"DJF"},{"bfs_id":6458,"rcp":"RCP2.6","period":"2035","key":"tas","value":10.9,"estimate":"q95","season":"MAM"},{"bfs_id":6458,"rcp":"RCP2.6","period":"2035","key":"tas","value":20.6,"estimate":"q95","season":"JJA"},{"bfs_id":6458,"rcp":"RCP2.6","period":"2035","key":"tas","value":12.4,"estimate":"q95","season":"SON"},{"bfs_id":6458,"rcp":"RCP2.6","period":"2060","key":"tas","value":2.8,"estimate":"q5","season":"DJF"},{"bfs_id":6458,"rcp":"RCP2.6","period":"2060","key":"tas","value":10,"estimate":"q5","season":"MAM"},{"bfs_id":6458,"rcp":"RCP2.6","period":"2060","key":"tas","value":19.7,"estimate":"q5","season":"JJA"},{"bfs_id":6458,"rcp":"RCP2.6","period":"2060","key":"tas","value":11.5,"estimate":"q5","season":"SON"},{"bfs_id":6458,"rcp":"RCP2.6","period":"2060","key":"tas","value":3.5,"estimate":"q50","season":"DJF"},{"bfs_id":6458,"rcp":"RCP2.6","period":"2060","key":"tas","value":10.7,"estimate":"q50","season":"MAM"},{"bfs_id":6458,"rcp":"RCP2.6","period":"2060","key":"tas","value":20.1,"estimate":"q50","season":"JJA"},{"bfs_id":6458,"rcp":"RCP2.6","period":"2060","key":"tas","value":11.9,"estimate":"q50","season":"SON"},{"bfs_id":6458,"rcp":"RCP2.6","period":"2060","key":"tas","value":4,"estimate":"q95","season":"DJF"},{"bfs_id":6458,"rcp":"RCP2.6","period":"2060","key":"tas","value":11.2,"estimate":"q95","season":"MAM"},{"bfs_id":6458,"rcp":"RCP2.6","period":"2060","key":"tas","value":20.8,"estimate":"q95","season":"JJA"},{"bfs_id":6458,"rcp":"RCP2.6","period":"2060","key":"tas","value":12.8,"estimate":"q95","season":"SON"},{"bfs_id":6458,"rcp":"RCP2.6","period":"2085","key":"tas","value":2.8,"estimate":"q5","season":"DJF"},{"bfs_id":6458,"rcp":"RCP2.6","period":"2085","key":"tas","value":10,"estimate":"q5","season":"MAM"},{"bfs_id":6458,"rcp":"RCP2.6","period":"2085","key":"tas","value":19.6,"estimate":"q5","season":"JJA"},{"bfs_id":6458,"rcp":"RCP2.6","period":"2085","key":"tas","value":11.3,"estimate":"q5","season":"SON"},{"bfs_id":6458,"rcp":"RCP2.6","period":"2085","key":"tas","value":3.4,"estimate":"q50","season":"DJF"},{"bfs_id":6458,"rcp":"RCP2.6","period":"2085","key":"tas","value":10.7,"estimate":"q50","season":"MAM"},{"bfs_id":6458,"rcp":"RCP2.6","period":"2085","key":"tas","value":20.1,"estimate":"q50","season":"JJA"},{"bfs_id":6458,"rcp":"RCP2.6","period":"2085","key":"tas","value":11.9,"estimate":"q50","season":"SON"},{"bfs_id":6458,"rcp":"RCP2.6","period":"2085","key":"tas","value":4.1,"estimate":"q95","season":"DJF"},{"bfs_id":6458,"rcp":"RCP2.6","period":"2085","key":"tas","value":11.2,"estimate":"q95","season":"MAM"},{"bfs_id":6458,"rcp":"RCP2.6","period":"2085","key":"tas","value":20.7,"estimate":"q95","season":"JJA"},{"bfs_id":6458,"rcp":"RCP2.6","period":"2085","key":"tas","value":12.8,"estimate":"q95","season":"SON"},{"bfs_id":6458,"rcp":"RCP8.5","period":"2035","key":"tas","value":2.8,"estimate":"q5","season":"DJF"},{"bfs_id":6458,"rcp":"RCP8.5","period":"2035","key":"tas","value":10.3,"estimate":"q5","season":"MAM"},{"bfs_id":6458,"rcp":"RCP8.5","period":"2035","key":"tas","value":19.9,"estimate":"q5","season":"JJA"},{"bfs_id":6458,"rcp":"RCP8.5","period":"2035","key":"tas","value":11.6,"estimate":"q5","season":"SON"},{"bfs_id":6458,"rcp":"RCP8.5","period":"2035","key":"tas","value":3.5,"estimate":"q50","season":"DJF"},{"bfs_id":6458,"rcp":"RCP8.5","period":"2035","key":"tas","value":10.6,"estimate":"q50","season":"MAM"},{"bfs_id":6458,"rcp":"RCP8.5","period":"2035","key":"tas","value":20.3,"estimate":"q50","season":"JJA"},{"bfs_id":6458,"rcp":"RCP8.5","period":"2035","key":"tas","value":12,"estimate":"q50","season":"SON"},{"bfs_id":6458,"rcp":"RCP8.5","period":"2035","key":"tas","value":3.9,"estimate":"q95","season":"DJF"},{"bfs_id":6458,"rcp":"RCP8.5","period":"2035","key":"tas","value":11.1,"estimate":"q95","season":"MAM"},{"bfs_id":6458,"rcp":"RCP8.5","period":"2035","key":"tas","value":20.9,"estimate":"q95","season":"JJA"},{"bfs_id":6458,"rcp":"RCP8.5","period":"2035","key":"tas","value":12.8,"estimate":"q95","season":"SON"},{"bfs_id":6458,"rcp":"RCP8.5","period":"2060","key":"tas","value":3.9,"estimate":"q5","season":"DJF"},{"bfs_id":6458,"rcp":"RCP8.5","period":"2060","key":"tas","value":11.1,"estimate":"q5","season":"MAM"},{"bfs_id":6458,"rcp":"RCP8.5","period":"2060","key":"tas","value":21,"estimate":"q5","season":"JJA"},{"bfs_id":6458,"rcp":"RCP8.5","period":"2060","key":"tas","value":12.7,"estimate":"q5","season":"SON"},{"bfs_id":6458,"rcp":"RCP8.5","period":"2060","key":"tas","value":4.3,"estimate":"q50","season":"DJF"},{"bfs_id":6458,"rcp":"RCP8.5","period":"2060","key":"tas","value":11.6,"estimate":"q50","season":"MAM"},{"bfs_id":6458,"rcp":"RCP8.5","period":"2060","key":"tas","value":21.4,"estimate":"q50","season":"JJA"},{"bfs_id":6458,"rcp":"RCP8.5","period":"2060","key":"tas","value":13.2,"estimate":"q50","season":"SON"},{"bfs_id":6458,"rcp":"RCP8.5","period":"2060","key":"tas","value":5,"estimate":"q95","season":"DJF"},{"bfs_id":6458,"rcp":"RCP8.5","period":"2060","key":"tas","value":12.2,"estimate":"q95","season":"MAM"},{"bfs_id":6458,"rcp":"RCP8.5","period":"2060","key":"tas","value":22.6,"estimate":"q95","season":"JJA"},{"bfs_id":6458,"rcp":"RCP8.5","period":"2060","key":"tas","value":14.1,"estimate":"q95","season":"SON"},{"bfs_id":6458,"rcp":"RCP8.5","period":"2085","key":"tas","value":4.9,"estimate":"q5","season":"DJF"},{"bfs_id":6458,"rcp":"RCP8.5","period":"2085","key":"tas","value":12.1,"estimate":"q5","season":"MAM"},{"bfs_id":6458,"rcp":"RCP8.5","period":"2085","key":"tas","value":22.4,"estimate":"q5","season":"JJA"},{"bfs_id":6458,"rcp":"RCP8.5","period":"2085","key":"tas","value":13.8,"estimate":"q5","season":"SON"},{"bfs_id":6458,"rcp":"RCP8.5","period":"2085","key":"tas","value":5.9,"estimate":"q50","season":"DJF"},{"bfs_id":6458,"rcp":"RCP8.5","period":"2085","key":"tas","value":12.9,"estimate":"q50","season":"MAM"},{"bfs_id":6458,"rcp":"RCP8.5","period":"2085","key":"tas","value":23.1,"estimate":"q50","season":"JJA"},{"bfs_id":6458,"rcp":"RCP8.5","period":"2085","key":"tas","value":14.6,"estimate":"q50","season":"SON"},{"bfs_id":6458,"rcp":"RCP8.5","period":"2085","key":"tas","value":6.7,"estimate":"q95","season":"DJF"},{"bfs_id":6458,"rcp":"RCP8.5","period":"2085","key":"tas","value":14,"estimate":"q95","season":"MAM"},{"bfs_id":6458,"rcp":"RCP8.5","period":"2085","key":"tas","value":25.4,"estimate":"q95","season":"JJA"},{"bfs_id":6458,"rcp":"RCP8.5","period":"2085","key":"tas","value":16.2,"estimate":"q95","season":"SON"},{"bfs_id":6458,"rcp":"obs","period":"1981-2010","key":"FD","value":57.2,"estimate":"yearly_mean"},{"bfs_id":6458,"rcp":"obs","period":"1981-2010","key":"HD","value":8,"estimate":"yearly_mean"},{"bfs_id":6458,"rcp":"obs","period":"1981-2010","key":"ID","value":14.4,"estimate":"yearly_mean"},{"bfs_id":6458,"rcp":"obs","period":"1981-2010","key":"SD","value":47.6,"estimate":"yearly_mean"},{"bfs_id":6458,"rcp":"obs","period":"1981-2010","key":"snowdays","value":12.2,"estimate":"yearly_mean"},{"bfs_id":6458,"rcp":"obs","period":"1981-2010","key":"TN","value":1.6,"estimate":"yearly_mean"},{"bfs_id":6458,"rcp":"obs","period":"1981-2010","key":"pr","value":3,"estimate":"mean","season":"DJF"},{"bfs_id":6458,"rcp":"obs","period":"1981-2010","key":"pr","value":2.7,"estimate":"mean","season":"MAM"},{"bfs_id":6458,"rcp":"obs","period":"1981-2010","key":"pr","value":3.1,"estimate":"mean","season":"JJA"},{"bfs_id":6458,"rcp":"obs","period":"1981-2010","key":"pr","value":3.1,"estimate":"mean","season":"SON"},{"bfs_id":6458,"rcp":"obs","period":"1981-2010","key":"tas","value":2,"estimate":"mean","season":"DJF"},{"bfs_id":6458,"rcp":"obs","period":"1981-2010","key":"tas","value":10,"estimate":"mean","season":"MAM"},{"bfs_id":6458,"rcp":"obs","period":"1981-2010","key":"tas","value":19,"estimate":"mean","season":"JJA"},{"bfs_id":6458,"rcp":"obs","period":"1981-2010","key":"tas","value":10.6,"estimate":"mean","season":"SON"}]
