[{"bfs_id":5307,"rcp":"RCP2.6","period":"2035","key":"FD","value":91.9,"estimate":"q5"},{"bfs_id":5307,"rcp":"RCP2.6","period":"2035","key":"FD","value":102.7,"estimate":"q50"},{"bfs_id":5307,"rcp":"RCP2.6","period":"2035","key":"FD","value":112,"estimate":"q95"},{"bfs_id":5307,"rcp":"RCP2.6","period":"2060","key":"FD","value":90.8,"estimate":"q5"},{"bfs_id":5307,"rcp":"RCP2.6","period":"2060","key":"FD","value":98,"estimate":"q50"},{"bfs_id":5307,"rcp":"RCP2.6","period":"2060","key":"FD","value":106.9,"estimate":"q95"},{"bfs_id":5307,"rcp":"RCP2.6","period":"2085","key":"FD","value":89.1,"estimate":"q5"},{"bfs_id":5307,"rcp":"RCP2.6","period":"2085","key":"FD","value":101.9,"estimate":"q50"},{"bfs_id":5307,"rcp":"RCP2.6","period":"2085","key":"FD","value":107.1,"estimate":"q95"},{"bfs_id":5307,"rcp":"RCP8.5","period":"2035","key":"FD","value":89.3,"estimate":"q5"},{"bfs_id":5307,"rcp":"RCP8.5","period":"2035","key":"FD","value":95.7,"estimate":"q50"},{"bfs_id":5307,"rcp":"RCP8.5","period":"2035","key":"FD","value":106.4,"estimate":"q95"},{"bfs_id":5307,"rcp":"RCP8.5","period":"2060","key":"FD","value":65.7,"estimate":"q5"},{"bfs_id":5307,"rcp":"RCP8.5","period":"2060","key":"FD","value":78.6,"estimate":"q50"},{"bfs_id":5307,"rcp":"RCP8.5","period":"2060","key":"FD","value":90.1,"estimate":"q95"},{"bfs_id":5307,"rcp":"RCP8.5","period":"2085","key":"FD","value":42.8,"estimate":"q5"},{"bfs_id":5307,"rcp":"RCP8.5","period":"2085","key":"FD","value":56.3,"estimate":"q50"},{"bfs_id":5307,"rcp":"RCP8.5","period":"2085","key":"FD","value":71.2,"estimate":"q95"},{"bfs_id":5307,"rcp":"RCP2.6","period":"2035","key":"HD","value":0,"estimate":"q5"},{"bfs_id":5307,"rcp":"RCP2.6","period":"2035","key":"HD","value":0,"estimate":"q50"},{"bfs_id":5307,"rcp":"RCP2.6","period":"2035","key":"HD","value":0,"estimate":"q95"},{"bfs_id":5307,"rcp":"RCP2.6","period":"2060","key":"HD","value":0,"estimate":"q5"},{"bfs_id":5307,"rcp":"RCP2.6","period":"2060","key":"HD","value":0,"estimate":"q50"},{"bfs_id":5307,"rcp":"RCP2.6","period":"2060","key":"HD","value":0.2,"estimate":"q95"},{"bfs_id":5307,"rcp":"RCP2.6","period":"2085","key":"HD","value":0,"estimate":"q5"},{"bfs_id":5307,"rcp":"RCP2.6","period":"2085","key":"HD","value":0,"estimate":"q50"},{"bfs_id":5307,"rcp":"RCP2.6","period":"2085","key":"HD","value":0.1,"estimate":"q95"},{"bfs_id":5307,"rcp":"RCP8.5","period":"2035","key":"HD","value":0,"estimate":"q5"},{"bfs_id":5307,"rcp":"RCP8.5","period":"2035","key":"HD","value":0,"estimate":"q50"},{"bfs_id":5307,"rcp":"RCP8.5","period":"2035","key":"HD","value":0.4,"estimate":"q95"},{"bfs_id":5307,"rcp":"RCP8.5","period":"2060","key":"HD","value":0.1,"estimate":"q5"},{"bfs_id":5307,"rcp":"RCP8.5","period":"2060","key":"HD","value":0.5,"estimate":"q50"},{"bfs_id":5307,"rcp":"RCP8.5","period":"2060","key":"HD","value":2.1,"estimate":"q95"},{"bfs_id":5307,"rcp":"RCP8.5","period":"2085","key":"HD","value":0.5,"estimate":"q5"},{"bfs_id":5307,"rcp":"RCP8.5","period":"2085","key":"HD","value":3,"estimate":"q50"},{"bfs_id":5307,"rcp":"RCP8.5","period":"2085","key":"HD","value":13.7,"estimate":"q95"},{"bfs_id":5307,"rcp":"RCP2.6","period":"2035","key":"ID","value":17.3,"estimate":"q5"},{"bfs_id":5307,"rcp":"RCP2.6","period":"2035","key":"ID","value":21.6,"estimate":"q50"},{"bfs_id":5307,"rcp":"RCP2.6","period":"2035","key":"ID","value":23.7,"estimate":"q95"},{"bfs_id":5307,"rcp":"RCP2.6","period":"2060","key":"ID","value":16.9,"estimate":"q5"},{"bfs_id":5307,"rcp":"RCP2.6","period":"2060","key":"ID","value":19.6,"estimate":"q50"},{"bfs_id":5307,"rcp":"RCP2.6","period":"2060","key":"ID","value":23.8,"estimate":"q95"},{"bfs_id":5307,"rcp":"RCP2.6","period":"2085","key":"ID","value":15.9,"estimate":"q5"},{"bfs_id":5307,"rcp":"RCP2.6","period":"2085","key":"ID","value":21,"estimate":"q50"},{"bfs_id":5307,"rcp":"RCP2.6","period":"2085","key":"ID","value":24.5,"estimate":"q95"},{"bfs_id":5307,"rcp":"RCP8.5","period":"2035","key":"ID","value":15.4,"estimate":"q5"},{"bfs_id":5307,"rcp":"RCP8.5","period":"2035","key":"ID","value":19.6,"estimate":"q50"},{"bfs_id":5307,"rcp":"RCP8.5","period":"2035","key":"ID","value":22.9,"estimate":"q95"},{"bfs_id":5307,"rcp":"RCP8.5","period":"2060","key":"ID","value":9.1,"estimate":"q5"},{"bfs_id":5307,"rcp":"RCP8.5","period":"2060","key":"ID","value":13.6,"estimate":"q50"},{"bfs_id":5307,"rcp":"RCP8.5","period":"2060","key":"ID","value":15.6,"estimate":"q95"},{"bfs_id":5307,"rcp":"RCP8.5","period":"2085","key":"ID","value":3.1,"estimate":"q5"},{"bfs_id":5307,"rcp":"RCP8.5","period":"2085","key":"ID","value":6.8,"estimate":"q50"},{"bfs_id":5307,"rcp":"RCP8.5","period":"2085","key":"ID","value":9.2,"estimate":"q95"},{"bfs_id":5307,"rcp":"RCP2.6","period":"2035","key":"SD","value":3.1,"estimate":"q5"},{"bfs_id":5307,"rcp":"RCP2.6","period":"2035","key":"SD","value":4.9,"estimate":"q50"},{"bfs_id":5307,"rcp":"RCP2.6","period":"2035","key":"SD","value":7.7,"estimate":"q95"},{"bfs_id":5307,"rcp":"RCP2.6","period":"2060","key":"SD","value":3.2,"estimate":"q5"},{"bfs_id":5307,"rcp":"RCP2.6","period":"2060","key":"SD","value":5.5,"estimate":"q50"},{"bfs_id":5307,"rcp":"RCP2.6","period":"2060","key":"SD","value":10.2,"estimate":"q95"},{"bfs_id":5307,"rcp":"RCP2.6","period":"2085","key":"SD","value":3.5,"estimate":"q5"},{"bfs_id":5307,"rcp":"RCP2.6","period":"2085","key":"SD","value":4.7,"estimate":"q50"},{"bfs_id":5307,"rcp":"RCP2.6","period":"2085","key":"SD","value":9.6,"estimate":"q95"},{"bfs_id":5307,"rcp":"RCP8.5","period":"2035","key":"SD","value":3.6,"estimate":"q5"},{"bfs_id":5307,"rcp":"RCP8.5","period":"2035","key":"SD","value":5.9,"estimate":"q50"},{"bfs_id":5307,"rcp":"RCP8.5","period":"2035","key":"SD","value":12.5,"estimate":"q95"},{"bfs_id":5307,"rcp":"RCP8.5","period":"2060","key":"SD","value":8.9,"estimate":"q5"},{"bfs_id":5307,"rcp":"RCP8.5","period":"2060","key":"SD","value":14.8,"estimate":"q50"},{"bfs_id":5307,"rcp":"RCP8.5","period":"2060","key":"SD","value":27.5,"estimate":"q95"},{"bfs_id":5307,"rcp":"RCP8.5","period":"2085","key":"SD","value":22.5,"estimate":"q5"},{"bfs_id":5307,"rcp":"RCP8.5","period":"2085","key":"SD","value":33.1,"estimate":"q50"},{"bfs_id":5307,"rcp":"RCP8.5","period":"2085","key":"SD","value":56.5,"estimate":"q95"},{"bfs_id":5307,"rcp":"RCP2.6","period":"2035","key":"snowdays","value":15.3,"estimate":"q5"},{"bfs_id":5307,"rcp":"RCP2.6","period":"2035","key":"snowdays","value":21.5,"estimate":"q50"},{"bfs_id":5307,"rcp":"RCP2.6","period":"2035","key":"snowdays","value":24.8,"estimate":"q95"},{"bfs_id":5307,"rcp":"RCP2.6","period":"2060","key":"snowdays","value":14.8,"estimate":"q5"},{"bfs_id":5307,"rcp":"RCP2.6","period":"2060","key":"snowdays","value":21.2,"estimate":"q50"},{"bfs_id":5307,"rcp":"RCP2.6","period":"2060","key":"snowdays","value":24.7,"estimate":"q95"},{"bfs_id":5307,"rcp":"RCP2.6","period":"2085","key":"snowdays","value":14.7,"estimate":"q5"},{"bfs_id":5307,"rcp":"RCP2.6","period":"2085","key":"snowdays","value":21.2,"estimate":"q50"},{"bfs_id":5307,"rcp":"RCP2.6","period":"2085","key":"snowdays","value":24.9,"estimate":"q95"},{"bfs_id":5307,"rcp":"RCP8.5","period":"2035","key":"snowdays","value":15.7,"estimate":"q5"},{"bfs_id":5307,"rcp":"RCP8.5","period":"2035","key":"snowdays","value":20.1,"estimate":"q50"},{"bfs_id":5307,"rcp":"RCP8.5","period":"2035","key":"snowdays","value":24.9,"estimate":"q95"},{"bfs_id":5307,"rcp":"RCP8.5","period":"2060","key":"snowdays","value":11.1,"estimate":"q5"},{"bfs_id":5307,"rcp":"RCP8.5","period":"2060","key":"snowdays","value":16.3,"estimate":"q50"},{"bfs_id":5307,"rcp":"RCP8.5","period":"2060","key":"snowdays","value":20.5,"estimate":"q95"},{"bfs_id":5307,"rcp":"RCP8.5","period":"2085","key":"snowdays","value":6.2,"estimate":"q5"},{"bfs_id":5307,"rcp":"RCP8.5","period":"2085","key":"snowdays","value":9.9,"estimate":"q50"},{"bfs_id":5307,"rcp":"RCP8.5","period":"2085","key":"snowdays","value":13.6,"estimate":"q95"},{"bfs_id":5307,"rcp":"RCP2.6","period":"2035","key":"TN","value":0,"estimate":"q5"},{"bfs_id":5307,"rcp":"RCP2.6","period":"2035","key":"TN","value":0.2,"estimate":"q50"},{"bfs_id":5307,"rcp":"RCP2.6","period":"2035","key":"TN","value":0.4,"estimate":"q95"},{"bfs_id":5307,"rcp":"RCP2.6","period":"2060","key":"TN","value":0,"estimate":"q5"},{"bfs_id":5307,"rcp":"RCP2.6","period":"2060","key":"TN","value":0.3,"estimate":"q50"},{"bfs_id":5307,"rcp":"RCP2.6","period":"2060","key":"TN","value":0.7,"estimate":"q95"},{"bfs_id":5307,"rcp":"RCP2.6","period":"2085","key":"TN","value":0,"estimate":"q5"},{"bfs_id":5307,"rcp":"RCP2.6","period":"2085","key":"TN","value":0.4,"estimate":"q50"},{"bfs_id":5307,"rcp":"RCP2.6","period":"2085","key":"TN","value":0.6,"estimate":"q95"},{"bfs_id":5307,"rcp":"RCP8.5","period":"2035","key":"TN","value":0.1,"estimate":"q5"},{"bfs_id":5307,"rcp":"RCP8.5","period":"2035","key":"TN","value":0.4,"estimate":"q50"},{"bfs_id":5307,"rcp":"RCP8.5","period":"2035","key":"TN","value":1.3,"estimate":"q95"},{"bfs_id":5307,"rcp":"RCP8.5","period":"2060","key":"TN","value":0.5,"estimate":"q5"},{"bfs_id":5307,"rcp":"RCP8.5","period":"2060","key":"TN","value":2.7,"estimate":"q50"},{"bfs_id":5307,"rcp":"RCP8.5","period":"2060","key":"TN","value":6,"estimate":"q95"},{"bfs_id":5307,"rcp":"RCP8.5","period":"2085","key":"TN","value":4.2,"estimate":"q5"},{"bfs_id":5307,"rcp":"RCP8.5","period":"2085","key":"TN","value":12.8,"estimate":"q50"},{"bfs_id":5307,"rcp":"RCP8.5","period":"2085","key":"TN","value":25.3,"estimate":"q95"},{"bfs_id":5307,"rcp":"RCP2.6","period":"2035","key":"pr","value":2.8,"estimate":"q5","season":"DJF"},{"bfs_id":5307,"rcp":"RCP2.6","period":"2035","key":"pr","value":5.7,"estimate":"q5","season":"MAM"},{"bfs_id":5307,"rcp":"RCP2.6","period":"2035","key":"pr","value":4.2,"estimate":"q5","season":"JJA"},{"bfs_id":5307,"rcp":"RCP2.6","period":"2035","key":"pr","value":5.6,"estimate":"q5","season":"SON"},{"bfs_id":5307,"rcp":"RCP2.6","period":"2035","key":"pr","value":3.6,"estimate":"q50","season":"DJF"},{"bfs_id":5307,"rcp":"RCP2.6","period":"2035","key":"pr","value":6.2,"estimate":"q50","season":"MAM"},{"bfs_id":5307,"rcp":"RCP2.6","period":"2035","key":"pr","value":5.3,"estimate":"q50","season":"JJA"},{"bfs_id":5307,"rcp":"RCP2.6","period":"2035","key":"pr","value":6.7,"estimate":"q50","season":"SON"},{"bfs_id":5307,"rcp":"RCP2.6","period":"2035","key":"pr","value":4,"estimate":"q95","season":"DJF"},{"bfs_id":5307,"rcp":"RCP2.6","period":"2035","key":"pr","value":7,"estimate":"q95","season":"MAM"},{"bfs_id":5307,"rcp":"RCP2.6","period":"2035","key":"pr","value":6.1,"estimate":"q95","season":"JJA"},{"bfs_id":5307,"rcp":"RCP2.6","period":"2035","key":"pr","value":7.8,"estimate":"q95","season":"SON"},{"bfs_id":5307,"rcp":"RCP2.6","period":"2060","key":"pr","value":3.1,"estimate":"q5","season":"DJF"},{"bfs_id":5307,"rcp":"RCP2.6","period":"2060","key":"pr","value":5.6,"estimate":"q5","season":"MAM"},{"bfs_id":5307,"rcp":"RCP2.6","period":"2060","key":"pr","value":4.5,"estimate":"q5","season":"JJA"},{"bfs_id":5307,"rcp":"RCP2.6","period":"2060","key":"pr","value":5.8,"estimate":"q5","season":"SON"},{"bfs_id":5307,"rcp":"RCP2.6","period":"2060","key":"pr","value":3.6,"estimate":"q50","season":"DJF"},{"bfs_id":5307,"rcp":"RCP2.6","period":"2060","key":"pr","value":6.2,"estimate":"q50","season":"MAM"},{"bfs_id":5307,"rcp":"RCP2.6","period":"2060","key":"pr","value":5.4,"estimate":"q50","season":"JJA"},{"bfs_id":5307,"rcp":"RCP2.6","period":"2060","key":"pr","value":6.7,"estimate":"q50","season":"SON"},{"bfs_id":5307,"rcp":"RCP2.6","period":"2060","key":"pr","value":4.4,"estimate":"q95","season":"DJF"},{"bfs_id":5307,"rcp":"RCP2.6","period":"2060","key":"pr","value":7,"estimate":"q95","season":"MAM"},{"bfs_id":5307,"rcp":"RCP2.6","period":"2060","key":"pr","value":6.4,"estimate":"q95","season":"JJA"},{"bfs_id":5307,"rcp":"RCP2.6","period":"2060","key":"pr","value":7.7,"estimate":"q95","season":"SON"},{"bfs_id":5307,"rcp":"RCP2.6","period":"2085","key":"pr","value":2.8,"estimate":"q5","season":"DJF"},{"bfs_id":5307,"rcp":"RCP2.6","period":"2085","key":"pr","value":5.6,"estimate":"q5","season":"MAM"},{"bfs_id":5307,"rcp":"RCP2.6","period":"2085","key":"pr","value":4.5,"estimate":"q5","season":"JJA"},{"bfs_id":5307,"rcp":"RCP2.6","period":"2085","key":"pr","value":5.6,"estimate":"q5","season":"SON"},{"bfs_id":5307,"rcp":"RCP2.6","period":"2085","key":"pr","value":3.6,"estimate":"q50","season":"DJF"},{"bfs_id":5307,"rcp":"RCP2.6","period":"2085","key":"pr","value":6.4,"estimate":"q50","season":"MAM"},{"bfs_id":5307,"rcp":"RCP2.6","period":"2085","key":"pr","value":5.5,"estimate":"q50","season":"JJA"},{"bfs_id":5307,"rcp":"RCP2.6","period":"2085","key":"pr","value":6.4,"estimate":"q50","season":"SON"},{"bfs_id":5307,"rcp":"RCP2.6","period":"2085","key":"pr","value":4.3,"estimate":"q95","season":"DJF"},{"bfs_id":5307,"rcp":"RCP2.6","period":"2085","key":"pr","value":7.4,"estimate":"q95","season":"MAM"},{"bfs_id":5307,"rcp":"RCP2.6","period":"2085","key":"pr","value":6.2,"estimate":"q95","season":"JJA"},{"bfs_id":5307,"rcp":"RCP2.6","period":"2085","key":"pr","value":7.5,"estimate":"q95","season":"SON"},{"bfs_id":5307,"rcp":"RCP8.5","period":"2035","key":"pr","value":3.1,"estimate":"q5","season":"DJF"},{"bfs_id":5307,"rcp":"RCP8.5","period":"2035","key":"pr","value":5.9,"estimate":"q5","season":"MAM"},{"bfs_id":5307,"rcp":"RCP8.5","period":"2035","key":"pr","value":4.5,"estimate":"q5","season":"JJA"},{"bfs_id":5307,"rcp":"RCP8.5","period":"2035","key":"pr","value":5.5,"estimate":"q5","season":"SON"},{"bfs_id":5307,"rcp":"RCP8.5","period":"2035","key":"pr","value":3.5,"estimate":"q50","season":"DJF"},{"bfs_id":5307,"rcp":"RCP8.5","period":"2035","key":"pr","value":6.4,"estimate":"q50","season":"MAM"},{"bfs_id":5307,"rcp":"RCP8.5","period":"2035","key":"pr","value":5.3,"estimate":"q50","season":"JJA"},{"bfs_id":5307,"rcp":"RCP8.5","period":"2035","key":"pr","value":6.2,"estimate":"q50","season":"SON"},{"bfs_id":5307,"rcp":"RCP8.5","period":"2035","key":"pr","value":4,"estimate":"q95","season":"DJF"},{"bfs_id":5307,"rcp":"RCP8.5","period":"2035","key":"pr","value":7.4,"estimate":"q95","season":"MAM"},{"bfs_id":5307,"rcp":"RCP8.5","period":"2035","key":"pr","value":6.3,"estimate":"q95","season":"JJA"},{"bfs_id":5307,"rcp":"RCP8.5","period":"2035","key":"pr","value":7.4,"estimate":"q95","season":"SON"},{"bfs_id":5307,"rcp":"RCP8.5","period":"2060","key":"pr","value":3,"estimate":"q5","season":"DJF"},{"bfs_id":5307,"rcp":"RCP8.5","period":"2060","key":"pr","value":5.6,"estimate":"q5","season":"MAM"},{"bfs_id":5307,"rcp":"RCP8.5","period":"2060","key":"pr","value":4.1,"estimate":"q5","season":"JJA"},{"bfs_id":5307,"rcp":"RCP8.5","period":"2060","key":"pr","value":5.6,"estimate":"q5","season":"SON"},{"bfs_id":5307,"rcp":"RCP8.5","period":"2060","key":"pr","value":3.6,"estimate":"q50","season":"DJF"},{"bfs_id":5307,"rcp":"RCP8.5","period":"2060","key":"pr","value":6.8,"estimate":"q50","season":"MAM"},{"bfs_id":5307,"rcp":"RCP8.5","period":"2060","key":"pr","value":4.8,"estimate":"q50","season":"JJA"},{"bfs_id":5307,"rcp":"RCP8.5","period":"2060","key":"pr","value":6.5,"estimate":"q50","season":"SON"},{"bfs_id":5307,"rcp":"RCP8.5","period":"2060","key":"pr","value":4.4,"estimate":"q95","season":"DJF"},{"bfs_id":5307,"rcp":"RCP8.5","period":"2060","key":"pr","value":7.5,"estimate":"q95","season":"MAM"},{"bfs_id":5307,"rcp":"RCP8.5","period":"2060","key":"pr","value":6.3,"estimate":"q95","season":"JJA"},{"bfs_id":5307,"rcp":"RCP8.5","period":"2060","key":"pr","value":7.4,"estimate":"q95","season":"SON"},{"bfs_id":5307,"rcp":"RCP8.5","period":"2085","key":"pr","value":3.4,"estimate":"q5","season":"DJF"},{"bfs_id":5307,"rcp":"RCP8.5","period":"2085","key":"pr","value":5.8,"estimate":"q5","season":"MAM"},{"bfs_id":5307,"rcp":"RCP8.5","period":"2085","key":"pr","value":3.2,"estimate":"q5","season":"JJA"},{"bfs_id":5307,"rcp":"RCP8.5","period":"2085","key":"pr","value":5.3,"estimate":"q5","season":"SON"},{"bfs_id":5307,"rcp":"RCP8.5","period":"2085","key":"pr","value":4,"estimate":"q50","season":"DJF"},{"bfs_id":5307,"rcp":"RCP8.5","period":"2085","key":"pr","value":7,"estimate":"q50","season":"MAM"},{"bfs_id":5307,"rcp":"RCP8.5","period":"2085","key":"pr","value":4.3,"estimate":"q50","season":"JJA"},{"bfs_id":5307,"rcp":"RCP8.5","period":"2085","key":"pr","value":6.3,"estimate":"q50","season":"SON"},{"bfs_id":5307,"rcp":"RCP8.5","period":"2085","key":"pr","value":4.8,"estimate":"q95","season":"DJF"},{"bfs_id":5307,"rcp":"RCP8.5","period":"2085","key":"pr","value":7.5,"estimate":"q95","season":"MAM"},{"bfs_id":5307,"rcp":"RCP8.5","period":"2085","key":"pr","value":5.7,"estimate":"q95","season":"JJA"},{"bfs_id":5307,"rcp":"RCP8.5","period":"2085","key":"pr","value":7.2,"estimate":"q95","season":"SON"},{"bfs_id":5307,"rcp":"RCP2.6","period":"2035","key":"tas","value":-0.5,"estimate":"q5","season":"DJF"},{"bfs_id":5307,"rcp":"RCP2.6","period":"2035","key":"tas","value":6.1,"estimate":"q5","season":"MAM"},{"bfs_id":5307,"rcp":"RCP2.6","period":"2035","key":"tas","value":15.5,"estimate":"q5","season":"JJA"},{"bfs_id":5307,"rcp":"RCP2.6","period":"2035","key":"tas","value":7.8,"estimate":"q5","season":"SON"},{"bfs_id":5307,"rcp":"RCP2.6","period":"2035","key":"tas","value":0.2,"estimate":"q50","season":"DJF"},{"bfs_id":5307,"rcp":"RCP2.6","period":"2035","key":"tas","value":6.8,"estimate":"q50","season":"MAM"},{"bfs_id":5307,"rcp":"RCP2.6","period":"2035","key":"tas","value":16.4,"estimate":"q50","season":"JJA"},{"bfs_id":5307,"rcp":"RCP2.6","period":"2035","key":"tas","value":8.3,"estimate":"q50","season":"SON"},{"bfs_id":5307,"rcp":"RCP2.6","period":"2035","key":"tas","value":0.6,"estimate":"q95","season":"DJF"},{"bfs_id":5307,"rcp":"RCP2.6","period":"2035","key":"tas","value":7.3,"estimate":"q95","season":"MAM"},{"bfs_id":5307,"rcp":"RCP2.6","period":"2035","key":"tas","value":17,"estimate":"q95","season":"JJA"},{"bfs_id":5307,"rcp":"RCP2.6","period":"2035","key":"tas","value":8.9,"estimate":"q95","season":"SON"},{"bfs_id":5307,"rcp":"RCP2.6","period":"2060","key":"tas","value":-0.3,"estimate":"q5","season":"DJF"},{"bfs_id":5307,"rcp":"RCP2.6","period":"2060","key":"tas","value":6.2,"estimate":"q5","season":"MAM"},{"bfs_id":5307,"rcp":"RCP2.6","period":"2060","key":"tas","value":15.8,"estimate":"q5","season":"JJA"},{"bfs_id":5307,"rcp":"RCP2.6","period":"2060","key":"tas","value":8.1,"estimate":"q5","season":"SON"},{"bfs_id":5307,"rcp":"RCP2.6","period":"2060","key":"tas","value":0.4,"estimate":"q50","season":"DJF"},{"bfs_id":5307,"rcp":"RCP2.6","period":"2060","key":"tas","value":6.9,"estimate":"q50","season":"MAM"},{"bfs_id":5307,"rcp":"RCP2.6","period":"2060","key":"tas","value":16.5,"estimate":"q50","season":"JJA"},{"bfs_id":5307,"rcp":"RCP2.6","period":"2060","key":"tas","value":8.5,"estimate":"q50","season":"SON"},{"bfs_id":5307,"rcp":"RCP2.6","period":"2060","key":"tas","value":0.8,"estimate":"q95","season":"DJF"},{"bfs_id":5307,"rcp":"RCP2.6","period":"2060","key":"tas","value":7.3,"estimate":"q95","season":"MAM"},{"bfs_id":5307,"rcp":"RCP2.6","period":"2060","key":"tas","value":17.2,"estimate":"q95","season":"JJA"},{"bfs_id":5307,"rcp":"RCP2.6","period":"2060","key":"tas","value":9.3,"estimate":"q95","season":"SON"},{"bfs_id":5307,"rcp":"RCP2.6","period":"2085","key":"tas","value":-0.3,"estimate":"q5","season":"DJF"},{"bfs_id":5307,"rcp":"RCP2.6","period":"2085","key":"tas","value":6.3,"estimate":"q5","season":"MAM"},{"bfs_id":5307,"rcp":"RCP2.6","period":"2085","key":"tas","value":15.7,"estimate":"q5","season":"JJA"},{"bfs_id":5307,"rcp":"RCP2.6","period":"2085","key":"tas","value":7.8,"estimate":"q5","season":"SON"},{"bfs_id":5307,"rcp":"RCP2.6","period":"2085","key":"tas","value":0.3,"estimate":"q50","season":"DJF"},{"bfs_id":5307,"rcp":"RCP2.6","period":"2085","key":"tas","value":6.8,"estimate":"q50","season":"MAM"},{"bfs_id":5307,"rcp":"RCP2.6","period":"2085","key":"tas","value":16.5,"estimate":"q50","season":"JJA"},{"bfs_id":5307,"rcp":"RCP2.6","period":"2085","key":"tas","value":8.6,"estimate":"q50","season":"SON"},{"bfs_id":5307,"rcp":"RCP2.6","period":"2085","key":"tas","value":1,"estimate":"q95","season":"DJF"},{"bfs_id":5307,"rcp":"RCP2.6","period":"2085","key":"tas","value":7.3,"estimate":"q95","season":"MAM"},{"bfs_id":5307,"rcp":"RCP2.6","period":"2085","key":"tas","value":17.2,"estimate":"q95","season":"JJA"},{"bfs_id":5307,"rcp":"RCP2.6","period":"2085","key":"tas","value":9.2,"estimate":"q95","season":"SON"},{"bfs_id":5307,"rcp":"RCP8.5","period":"2035","key":"tas","value":-0.2,"estimate":"q5","season":"DJF"},{"bfs_id":5307,"rcp":"RCP8.5","period":"2035","key":"tas","value":6.4,"estimate":"q5","season":"MAM"},{"bfs_id":5307,"rcp":"RCP8.5","period":"2035","key":"tas","value":16,"estimate":"q5","season":"JJA"},{"bfs_id":5307,"rcp":"RCP8.5","period":"2035","key":"tas","value":8.3,"estimate":"q5","season":"SON"},{"bfs_id":5307,"rcp":"RCP8.5","period":"2035","key":"tas","value":0.5,"estimate":"q50","season":"DJF"},{"bfs_id":5307,"rcp":"RCP8.5","period":"2035","key":"tas","value":6.8,"estimate":"q50","season":"MAM"},{"bfs_id":5307,"rcp":"RCP8.5","period":"2035","key":"tas","value":16.7,"estimate":"q50","season":"JJA"},{"bfs_id":5307,"rcp":"RCP8.5","period":"2035","key":"tas","value":8.7,"estimate":"q50","season":"SON"},{"bfs_id":5307,"rcp":"RCP8.5","period":"2035","key":"tas","value":0.9,"estimate":"q95","season":"DJF"},{"bfs_id":5307,"rcp":"RCP8.5","period":"2035","key":"tas","value":7.4,"estimate":"q95","season":"MAM"},{"bfs_id":5307,"rcp":"RCP8.5","period":"2035","key":"tas","value":17.2,"estimate":"q95","season":"JJA"},{"bfs_id":5307,"rcp":"RCP8.5","period":"2035","key":"tas","value":9.2,"estimate":"q95","season":"SON"},{"bfs_id":5307,"rcp":"RCP8.5","period":"2060","key":"tas","value":1,"estimate":"q5","season":"DJF"},{"bfs_id":5307,"rcp":"RCP8.5","period":"2060","key":"tas","value":7.5,"estimate":"q5","season":"MAM"},{"bfs_id":5307,"rcp":"RCP8.5","period":"2060","key":"tas","value":17.1,"estimate":"q5","season":"JJA"},{"bfs_id":5307,"rcp":"RCP8.5","period":"2060","key":"tas","value":9.4,"estimate":"q5","season":"SON"},{"bfs_id":5307,"rcp":"RCP8.5","period":"2060","key":"tas","value":1.4,"estimate":"q50","season":"DJF"},{"bfs_id":5307,"rcp":"RCP8.5","period":"2060","key":"tas","value":8.1,"estimate":"q50","season":"MAM"},{"bfs_id":5307,"rcp":"RCP8.5","period":"2060","key":"tas","value":18.1,"estimate":"q50","season":"JJA"},{"bfs_id":5307,"rcp":"RCP8.5","period":"2060","key":"tas","value":10.1,"estimate":"q50","season":"SON"},{"bfs_id":5307,"rcp":"RCP8.5","period":"2060","key":"tas","value":2.2,"estimate":"q95","season":"DJF"},{"bfs_id":5307,"rcp":"RCP8.5","period":"2060","key":"tas","value":9.2,"estimate":"q95","season":"MAM"},{"bfs_id":5307,"rcp":"RCP8.5","period":"2060","key":"tas","value":19.1,"estimate":"q95","season":"JJA"},{"bfs_id":5307,"rcp":"RCP8.5","period":"2060","key":"tas","value":10.6,"estimate":"q95","season":"SON"},{"bfs_id":5307,"rcp":"RCP8.5","period":"2085","key":"tas","value":2.4,"estimate":"q5","season":"DJF"},{"bfs_id":5307,"rcp":"RCP8.5","period":"2085","key":"tas","value":8.8,"estimate":"q5","season":"MAM"},{"bfs_id":5307,"rcp":"RCP8.5","period":"2085","key":"tas","value":18.6,"estimate":"q5","season":"JJA"},{"bfs_id":5307,"rcp":"RCP8.5","period":"2085","key":"tas","value":10.8,"estimate":"q5","season":"SON"},{"bfs_id":5307,"rcp":"RCP8.5","period":"2085","key":"tas","value":3.1,"estimate":"q50","season":"DJF"},{"bfs_id":5307,"rcp":"RCP8.5","period":"2085","key":"tas","value":9.7,"estimate":"q50","season":"MAM"},{"bfs_id":5307,"rcp":"RCP8.5","period":"2085","key":"tas","value":19.9,"estimate":"q50","season":"JJA"},{"bfs_id":5307,"rcp":"RCP8.5","period":"2085","key":"tas","value":11.4,"estimate":"q50","season":"SON"},{"bfs_id":5307,"rcp":"RCP8.5","period":"2085","key":"tas","value":4.1,"estimate":"q95","season":"DJF"},{"bfs_id":5307,"rcp":"RCP8.5","period":"2085","key":"tas","value":11.5,"estimate":"q95","season":"MAM"},{"bfs_id":5307,"rcp":"RCP8.5","period":"2085","key":"tas","value":21.7,"estimate":"q95","season":"JJA"},{"bfs_id":5307,"rcp":"RCP8.5","period":"2085","key":"tas","value":12.6,"estimate":"q95","season":"SON"},{"bfs_id":5307,"rcp":"obs","period":"1981-2010","key":"FD","value":116.9,"estimate":"yearly_mean"},{"bfs_id":5307,"rcp":"obs","period":"1981-2010","key":"HD","value":0,"estimate":"yearly_mean"},{"bfs_id":5307,"rcp":"obs","period":"1981-2010","key":"ID","value":30,"estimate":"yearly_mean"},{"bfs_id":5307,"rcp":"obs","period":"1981-2010","key":"SD","value":1.8,"estimate":"yearly_mean"},{"bfs_id":5307,"rcp":"obs","period":"1981-2010","key":"snowdays","value":32.9,"estimate":"yearly_mean"},{"bfs_id":5307,"rcp":"obs","period":"1981-2010","key":"TN","value":0,"estimate":"yearly_mean"},{"bfs_id":5307,"rcp":"obs","period":"1981-2010","key":"pr","value":3.2,"estimate":"mean","season":"DJF"},{"bfs_id":5307,"rcp":"obs","period":"1981-2010","key":"pr","value":6.3,"estimate":"mean","season":"MAM"},{"bfs_id":5307,"rcp":"obs","period":"1981-2010","key":"pr","value":5.5,"estimate":"mean","season":"JJA"},{"bfs_id":5307,"rcp":"obs","period":"1981-2010","key":"pr","value":6.9,"estimate":"mean","season":"SON"},{"bfs_id":5307,"rcp":"obs","period":"1981-2010","key":"tas","value":-0.9,"estimate":"mean","season":"DJF"},{"bfs_id":5307,"rcp":"obs","period":"1981-2010","key":"tas","value":6.1,"estimate":"mean","season":"MAM"},{"bfs_id":5307,"rcp":"obs","period":"1981-2010","key":"tas","value":14.9,"estimate":"mean","season":"JJA"},{"bfs_id":5307,"rcp":"obs","period":"1981-2010","key":"tas","value":7.2,"estimate":"mean","season":"SON"}]
