[{"bfs_id":1094,"rcp":"RCP2.6","period":"2035","key":"FD","value":70.7,"estimate":"q5"},{"bfs_id":1094,"rcp":"RCP2.6","period":"2035","key":"FD","value":80.9,"estimate":"q50"},{"bfs_id":1094,"rcp":"RCP2.6","period":"2035","key":"FD","value":88.9,"estimate":"q95"},{"bfs_id":1094,"rcp":"RCP2.6","period":"2060","key":"FD","value":67,"estimate":"q5"},{"bfs_id":1094,"rcp":"RCP2.6","period":"2060","key":"FD","value":78.1,"estimate":"q50"},{"bfs_id":1094,"rcp":"RCP2.6","period":"2060","key":"FD","value":85.6,"estimate":"q95"},{"bfs_id":1094,"rcp":"RCP2.6","period":"2085","key":"FD","value":65.3,"estimate":"q5"},{"bfs_id":1094,"rcp":"RCP2.6","period":"2085","key":"FD","value":78.8,"estimate":"q50"},{"bfs_id":1094,"rcp":"RCP2.6","period":"2085","key":"FD","value":86.8,"estimate":"q95"},{"bfs_id":1094,"rcp":"RCP8.5","period":"2035","key":"FD","value":67,"estimate":"q5"},{"bfs_id":1094,"rcp":"RCP8.5","period":"2035","key":"FD","value":77.1,"estimate":"q50"},{"bfs_id":1094,"rcp":"RCP8.5","period":"2035","key":"FD","value":83.2,"estimate":"q95"},{"bfs_id":1094,"rcp":"RCP8.5","period":"2060","key":"FD","value":53.3,"estimate":"q5"},{"bfs_id":1094,"rcp":"RCP8.5","period":"2060","key":"FD","value":63.4,"estimate":"q50"},{"bfs_id":1094,"rcp":"RCP8.5","period":"2060","key":"FD","value":68.8,"estimate":"q95"},{"bfs_id":1094,"rcp":"RCP8.5","period":"2085","key":"FD","value":35.4,"estimate":"q5"},{"bfs_id":1094,"rcp":"RCP8.5","period":"2085","key":"FD","value":42.2,"estimate":"q50"},{"bfs_id":1094,"rcp":"RCP8.5","period":"2085","key":"FD","value":52.5,"estimate":"q95"},{"bfs_id":1094,"rcp":"RCP2.6","period":"2035","key":"HD","value":6.6,"estimate":"q5"},{"bfs_id":1094,"rcp":"RCP2.6","period":"2035","key":"HD","value":8.9,"estimate":"q50"},{"bfs_id":1094,"rcp":"RCP2.6","period":"2035","key":"HD","value":14.2,"estimate":"q95"},{"bfs_id":1094,"rcp":"RCP2.6","period":"2060","key":"HD","value":6.8,"estimate":"q5"},{"bfs_id":1094,"rcp":"RCP2.6","period":"2060","key":"HD","value":9.4,"estimate":"q50"},{"bfs_id":1094,"rcp":"RCP2.6","period":"2060","key":"HD","value":16.7,"estimate":"q95"},{"bfs_id":1094,"rcp":"RCP2.6","period":"2085","key":"HD","value":7.1,"estimate":"q5"},{"bfs_id":1094,"rcp":"RCP2.6","period":"2085","key":"HD","value":8.3,"estimate":"q50"},{"bfs_id":1094,"rcp":"RCP2.6","period":"2085","key":"HD","value":16.1,"estimate":"q95"},{"bfs_id":1094,"rcp":"RCP8.5","period":"2035","key":"HD","value":7.1,"estimate":"q5"},{"bfs_id":1094,"rcp":"RCP8.5","period":"2035","key":"HD","value":9.5,"estimate":"q50"},{"bfs_id":1094,"rcp":"RCP8.5","period":"2035","key":"HD","value":14.6,"estimate":"q95"},{"bfs_id":1094,"rcp":"RCP8.5","period":"2060","key":"HD","value":12.3,"estimate":"q5"},{"bfs_id":1094,"rcp":"RCP8.5","period":"2060","key":"HD","value":18.3,"estimate":"q50"},{"bfs_id":1094,"rcp":"RCP8.5","period":"2060","key":"HD","value":29.5,"estimate":"q95"},{"bfs_id":1094,"rcp":"RCP8.5","period":"2085","key":"HD","value":24.3,"estimate":"q5"},{"bfs_id":1094,"rcp":"RCP8.5","period":"2085","key":"HD","value":27.9,"estimate":"q50"},{"bfs_id":1094,"rcp":"RCP8.5","period":"2085","key":"HD","value":54.2,"estimate":"q95"},{"bfs_id":1094,"rcp":"RCP2.6","period":"2035","key":"ID","value":16.1,"estimate":"q5"},{"bfs_id":1094,"rcp":"RCP2.6","period":"2035","key":"ID","value":19.5,"estimate":"q50"},{"bfs_id":1094,"rcp":"RCP2.6","period":"2035","key":"ID","value":22.9,"estimate":"q95"},{"bfs_id":1094,"rcp":"RCP2.6","period":"2060","key":"ID","value":14.8,"estimate":"q5"},{"bfs_id":1094,"rcp":"RCP2.6","period":"2060","key":"ID","value":18,"estimate":"q50"},{"bfs_id":1094,"rcp":"RCP2.6","period":"2060","key":"ID","value":22.7,"estimate":"q95"},{"bfs_id":1094,"rcp":"RCP2.6","period":"2085","key":"ID","value":14.1,"estimate":"q5"},{"bfs_id":1094,"rcp":"RCP2.6","period":"2085","key":"ID","value":18.1,"estimate":"q50"},{"bfs_id":1094,"rcp":"RCP2.6","period":"2085","key":"ID","value":21.8,"estimate":"q95"},{"bfs_id":1094,"rcp":"RCP8.5","period":"2035","key":"ID","value":14.7,"estimate":"q5"},{"bfs_id":1094,"rcp":"RCP8.5","period":"2035","key":"ID","value":18.1,"estimate":"q50"},{"bfs_id":1094,"rcp":"RCP8.5","period":"2035","key":"ID","value":21.8,"estimate":"q95"},{"bfs_id":1094,"rcp":"RCP8.5","period":"2060","key":"ID","value":10.5,"estimate":"q5"},{"bfs_id":1094,"rcp":"RCP8.5","period":"2060","key":"ID","value":13.6,"estimate":"q50"},{"bfs_id":1094,"rcp":"RCP8.5","period":"2060","key":"ID","value":15.6,"estimate":"q95"},{"bfs_id":1094,"rcp":"RCP8.5","period":"2085","key":"ID","value":3.8,"estimate":"q5"},{"bfs_id":1094,"rcp":"RCP8.5","period":"2085","key":"ID","value":6.7,"estimate":"q50"},{"bfs_id":1094,"rcp":"RCP8.5","period":"2085","key":"ID","value":9.5,"estimate":"q95"},{"bfs_id":1094,"rcp":"RCP2.6","period":"2035","key":"SD","value":41.1,"estimate":"q5"},{"bfs_id":1094,"rcp":"RCP2.6","period":"2035","key":"SD","value":45.8,"estimate":"q50"},{"bfs_id":1094,"rcp":"RCP2.6","period":"2035","key":"SD","value":54.7,"estimate":"q95"},{"bfs_id":1094,"rcp":"RCP2.6","period":"2060","key":"SD","value":41.2,"estimate":"q5"},{"bfs_id":1094,"rcp":"RCP2.6","period":"2060","key":"SD","value":47.9,"estimate":"q50"},{"bfs_id":1094,"rcp":"RCP2.6","period":"2060","key":"SD","value":54.5,"estimate":"q95"},{"bfs_id":1094,"rcp":"RCP2.6","period":"2085","key":"SD","value":41.5,"estimate":"q5"},{"bfs_id":1094,"rcp":"RCP2.6","period":"2085","key":"SD","value":48.3,"estimate":"q50"},{"bfs_id":1094,"rcp":"RCP2.6","period":"2085","key":"SD","value":54,"estimate":"q95"},{"bfs_id":1094,"rcp":"RCP8.5","period":"2035","key":"SD","value":42.8,"estimate":"q5"},{"bfs_id":1094,"rcp":"RCP8.5","period":"2035","key":"SD","value":48.2,"estimate":"q50"},{"bfs_id":1094,"rcp":"RCP8.5","period":"2035","key":"SD","value":55.9,"estimate":"q95"},{"bfs_id":1094,"rcp":"RCP8.5","period":"2060","key":"SD","value":57.2,"estimate":"q5"},{"bfs_id":1094,"rcp":"RCP8.5","period":"2060","key":"SD","value":63.7,"estimate":"q50"},{"bfs_id":1094,"rcp":"RCP8.5","period":"2060","key":"SD","value":80.6,"estimate":"q95"},{"bfs_id":1094,"rcp":"RCP8.5","period":"2085","key":"SD","value":74.4,"estimate":"q5"},{"bfs_id":1094,"rcp":"RCP8.5","period":"2085","key":"SD","value":85.3,"estimate":"q50"},{"bfs_id":1094,"rcp":"RCP8.5","period":"2085","key":"SD","value":108.2,"estimate":"q95"},{"bfs_id":1094,"rcp":"RCP2.6","period":"2035","key":"snowdays","value":15.3,"estimate":"q5"},{"bfs_id":1094,"rcp":"RCP2.6","period":"2035","key":"snowdays","value":20.9,"estimate":"q50"},{"bfs_id":1094,"rcp":"RCP2.6","period":"2035","key":"snowdays","value":23.9,"estimate":"q95"},{"bfs_id":1094,"rcp":"RCP2.6","period":"2060","key":"snowdays","value":14.5,"estimate":"q5"},{"bfs_id":1094,"rcp":"RCP2.6","period":"2060","key":"snowdays","value":19.8,"estimate":"q50"},{"bfs_id":1094,"rcp":"RCP2.6","period":"2060","key":"snowdays","value":25.1,"estimate":"q95"},{"bfs_id":1094,"rcp":"RCP2.6","period":"2085","key":"snowdays","value":14.5,"estimate":"q5"},{"bfs_id":1094,"rcp":"RCP2.6","period":"2085","key":"snowdays","value":19.6,"estimate":"q50"},{"bfs_id":1094,"rcp":"RCP2.6","period":"2085","key":"snowdays","value":23.2,"estimate":"q95"},{"bfs_id":1094,"rcp":"RCP8.5","period":"2035","key":"snowdays","value":12.9,"estimate":"q5"},{"bfs_id":1094,"rcp":"RCP8.5","period":"2035","key":"snowdays","value":19.1,"estimate":"q50"},{"bfs_id":1094,"rcp":"RCP8.5","period":"2035","key":"snowdays","value":23.8,"estimate":"q95"},{"bfs_id":1094,"rcp":"RCP8.5","period":"2060","key":"snowdays","value":9.9,"estimate":"q5"},{"bfs_id":1094,"rcp":"RCP8.5","period":"2060","key":"snowdays","value":15.6,"estimate":"q50"},{"bfs_id":1094,"rcp":"RCP8.5","period":"2060","key":"snowdays","value":17.4,"estimate":"q95"},{"bfs_id":1094,"rcp":"RCP8.5","period":"2085","key":"snowdays","value":4.8,"estimate":"q5"},{"bfs_id":1094,"rcp":"RCP8.5","period":"2085","key":"snowdays","value":9.2,"estimate":"q50"},{"bfs_id":1094,"rcp":"RCP8.5","period":"2085","key":"snowdays","value":14.5,"estimate":"q95"},{"bfs_id":1094,"rcp":"RCP2.6","period":"2035","key":"TN","value":0.2,"estimate":"q5"},{"bfs_id":1094,"rcp":"RCP2.6","period":"2035","key":"TN","value":0.6,"estimate":"q50"},{"bfs_id":1094,"rcp":"RCP2.6","period":"2035","key":"TN","value":1.4,"estimate":"q95"},{"bfs_id":1094,"rcp":"RCP2.6","period":"2060","key":"TN","value":0.2,"estimate":"q5"},{"bfs_id":1094,"rcp":"RCP2.6","period":"2060","key":"TN","value":0.6,"estimate":"q50"},{"bfs_id":1094,"rcp":"RCP2.6","period":"2060","key":"TN","value":1.7,"estimate":"q95"},{"bfs_id":1094,"rcp":"RCP2.6","period":"2085","key":"TN","value":0.2,"estimate":"q5"},{"bfs_id":1094,"rcp":"RCP2.6","period":"2085","key":"TN","value":0.6,"estimate":"q50"},{"bfs_id":1094,"rcp":"RCP2.6","period":"2085","key":"TN","value":1.4,"estimate":"q95"},{"bfs_id":1094,"rcp":"RCP8.5","period":"2035","key":"TN","value":0.4,"estimate":"q5"},{"bfs_id":1094,"rcp":"RCP8.5","period":"2035","key":"TN","value":0.7,"estimate":"q50"},{"bfs_id":1094,"rcp":"RCP8.5","period":"2035","key":"TN","value":2.6,"estimate":"q95"},{"bfs_id":1094,"rcp":"RCP8.5","period":"2060","key":"TN","value":1.4,"estimate":"q5"},{"bfs_id":1094,"rcp":"RCP8.5","period":"2060","key":"TN","value":3.3,"estimate":"q50"},{"bfs_id":1094,"rcp":"RCP8.5","period":"2060","key":"TN","value":7.1,"estimate":"q95"},{"bfs_id":1094,"rcp":"RCP8.5","period":"2085","key":"TN","value":6.1,"estimate":"q5"},{"bfs_id":1094,"rcp":"RCP8.5","period":"2085","key":"TN","value":10,"estimate":"q50"},{"bfs_id":1094,"rcp":"RCP8.5","period":"2085","key":"TN","value":25.5,"estimate":"q95"},{"bfs_id":1094,"rcp":"RCP2.6","period":"2035","key":"pr","value":2.3,"estimate":"q5","season":"DJF"},{"bfs_id":1094,"rcp":"RCP2.6","period":"2035","key":"pr","value":2.9,"estimate":"q5","season":"MAM"},{"bfs_id":1094,"rcp":"RCP2.6","period":"2035","key":"pr","value":3.2,"estimate":"q5","season":"JJA"},{"bfs_id":1094,"rcp":"RCP2.6","period":"2035","key":"pr","value":2.5,"estimate":"q5","season":"SON"},{"bfs_id":1094,"rcp":"RCP2.6","period":"2035","key":"pr","value":2.6,"estimate":"q50","season":"DJF"},{"bfs_id":1094,"rcp":"RCP2.6","period":"2035","key":"pr","value":3.3,"estimate":"q50","season":"MAM"},{"bfs_id":1094,"rcp":"RCP2.6","period":"2035","key":"pr","value":4,"estimate":"q50","season":"JJA"},{"bfs_id":1094,"rcp":"RCP2.6","period":"2035","key":"pr","value":2.8,"estimate":"q50","season":"SON"},{"bfs_id":1094,"rcp":"RCP2.6","period":"2035","key":"pr","value":3,"estimate":"q95","season":"DJF"},{"bfs_id":1094,"rcp":"RCP2.6","period":"2035","key":"pr","value":3.6,"estimate":"q95","season":"MAM"},{"bfs_id":1094,"rcp":"RCP2.6","period":"2035","key":"pr","value":4.2,"estimate":"q95","season":"JJA"},{"bfs_id":1094,"rcp":"RCP2.6","period":"2035","key":"pr","value":3.4,"estimate":"q95","season":"SON"},{"bfs_id":1094,"rcp":"RCP2.6","period":"2060","key":"pr","value":2.3,"estimate":"q5","season":"DJF"},{"bfs_id":1094,"rcp":"RCP2.6","period":"2060","key":"pr","value":3,"estimate":"q5","season":"MAM"},{"bfs_id":1094,"rcp":"RCP2.6","period":"2060","key":"pr","value":3.1,"estimate":"q5","season":"JJA"},{"bfs_id":1094,"rcp":"RCP2.6","period":"2060","key":"pr","value":2.6,"estimate":"q5","season":"SON"},{"bfs_id":1094,"rcp":"RCP2.6","period":"2060","key":"pr","value":2.6,"estimate":"q50","season":"DJF"},{"bfs_id":1094,"rcp":"RCP2.6","period":"2060","key":"pr","value":3.3,"estimate":"q50","season":"MAM"},{"bfs_id":1094,"rcp":"RCP2.6","period":"2060","key":"pr","value":3.9,"estimate":"q50","season":"JJA"},{"bfs_id":1094,"rcp":"RCP2.6","period":"2060","key":"pr","value":2.8,"estimate":"q50","season":"SON"},{"bfs_id":1094,"rcp":"RCP2.6","period":"2060","key":"pr","value":2.8,"estimate":"q95","season":"DJF"},{"bfs_id":1094,"rcp":"RCP2.6","period":"2060","key":"pr","value":3.6,"estimate":"q95","season":"MAM"},{"bfs_id":1094,"rcp":"RCP2.6","period":"2060","key":"pr","value":4.5,"estimate":"q95","season":"JJA"},{"bfs_id":1094,"rcp":"RCP2.6","period":"2060","key":"pr","value":3.2,"estimate":"q95","season":"SON"},{"bfs_id":1094,"rcp":"RCP2.6","period":"2085","key":"pr","value":2.3,"estimate":"q5","season":"DJF"},{"bfs_id":1094,"rcp":"RCP2.6","period":"2085","key":"pr","value":3,"estimate":"q5","season":"MAM"},{"bfs_id":1094,"rcp":"RCP2.6","period":"2085","key":"pr","value":3.2,"estimate":"q5","season":"JJA"},{"bfs_id":1094,"rcp":"RCP2.6","period":"2085","key":"pr","value":2.4,"estimate":"q5","season":"SON"},{"bfs_id":1094,"rcp":"RCP2.6","period":"2085","key":"pr","value":2.6,"estimate":"q50","season":"DJF"},{"bfs_id":1094,"rcp":"RCP2.6","period":"2085","key":"pr","value":3.2,"estimate":"q50","season":"MAM"},{"bfs_id":1094,"rcp":"RCP2.6","period":"2085","key":"pr","value":3.9,"estimate":"q50","season":"JJA"},{"bfs_id":1094,"rcp":"RCP2.6","period":"2085","key":"pr","value":2.8,"estimate":"q50","season":"SON"},{"bfs_id":1094,"rcp":"RCP2.6","period":"2085","key":"pr","value":2.9,"estimate":"q95","season":"DJF"},{"bfs_id":1094,"rcp":"RCP2.6","period":"2085","key":"pr","value":3.6,"estimate":"q95","season":"MAM"},{"bfs_id":1094,"rcp":"RCP2.6","period":"2085","key":"pr","value":4.4,"estimate":"q95","season":"JJA"},{"bfs_id":1094,"rcp":"RCP2.6","period":"2085","key":"pr","value":3.3,"estimate":"q95","season":"SON"},{"bfs_id":1094,"rcp":"RCP8.5","period":"2035","key":"pr","value":2.3,"estimate":"q5","season":"DJF"},{"bfs_id":1094,"rcp":"RCP8.5","period":"2035","key":"pr","value":3,"estimate":"q5","season":"MAM"},{"bfs_id":1094,"rcp":"RCP8.5","period":"2035","key":"pr","value":3.1,"estimate":"q5","season":"JJA"},{"bfs_id":1094,"rcp":"RCP8.5","period":"2035","key":"pr","value":2.5,"estimate":"q5","season":"SON"},{"bfs_id":1094,"rcp":"RCP8.5","period":"2035","key":"pr","value":2.7,"estimate":"q50","season":"DJF"},{"bfs_id":1094,"rcp":"RCP8.5","period":"2035","key":"pr","value":3.4,"estimate":"q50","season":"MAM"},{"bfs_id":1094,"rcp":"RCP8.5","period":"2035","key":"pr","value":4,"estimate":"q50","season":"JJA"},{"bfs_id":1094,"rcp":"RCP8.5","period":"2035","key":"pr","value":2.8,"estimate":"q50","season":"SON"},{"bfs_id":1094,"rcp":"RCP8.5","period":"2035","key":"pr","value":3,"estimate":"q95","season":"DJF"},{"bfs_id":1094,"rcp":"RCP8.5","period":"2035","key":"pr","value":3.7,"estimate":"q95","season":"MAM"},{"bfs_id":1094,"rcp":"RCP8.5","period":"2035","key":"pr","value":4.4,"estimate":"q95","season":"JJA"},{"bfs_id":1094,"rcp":"RCP8.5","period":"2035","key":"pr","value":3.4,"estimate":"q95","season":"SON"},{"bfs_id":1094,"rcp":"RCP8.5","period":"2060","key":"pr","value":2.5,"estimate":"q5","season":"DJF"},{"bfs_id":1094,"rcp":"RCP8.5","period":"2060","key":"pr","value":3.2,"estimate":"q5","season":"MAM"},{"bfs_id":1094,"rcp":"RCP8.5","period":"2060","key":"pr","value":2.7,"estimate":"q5","season":"JJA"},{"bfs_id":1094,"rcp":"RCP8.5","period":"2060","key":"pr","value":2.6,"estimate":"q5","season":"SON"},{"bfs_id":1094,"rcp":"RCP8.5","period":"2060","key":"pr","value":2.7,"estimate":"q50","season":"DJF"},{"bfs_id":1094,"rcp":"RCP8.5","period":"2060","key":"pr","value":3.5,"estimate":"q50","season":"MAM"},{"bfs_id":1094,"rcp":"RCP8.5","period":"2060","key":"pr","value":3.9,"estimate":"q50","season":"JJA"},{"bfs_id":1094,"rcp":"RCP8.5","period":"2060","key":"pr","value":2.8,"estimate":"q50","season":"SON"},{"bfs_id":1094,"rcp":"RCP8.5","period":"2060","key":"pr","value":3,"estimate":"q95","season":"DJF"},{"bfs_id":1094,"rcp":"RCP8.5","period":"2060","key":"pr","value":3.9,"estimate":"q95","season":"MAM"},{"bfs_id":1094,"rcp":"RCP8.5","period":"2060","key":"pr","value":4.1,"estimate":"q95","season":"JJA"},{"bfs_id":1094,"rcp":"RCP8.5","period":"2060","key":"pr","value":3.2,"estimate":"q95","season":"SON"},{"bfs_id":1094,"rcp":"RCP8.5","period":"2085","key":"pr","value":2.7,"estimate":"q5","season":"DJF"},{"bfs_id":1094,"rcp":"RCP8.5","period":"2085","key":"pr","value":3.1,"estimate":"q5","season":"MAM"},{"bfs_id":1094,"rcp":"RCP8.5","period":"2085","key":"pr","value":2.1,"estimate":"q5","season":"JJA"},{"bfs_id":1094,"rcp":"RCP8.5","period":"2085","key":"pr","value":2.3,"estimate":"q5","season":"SON"},{"bfs_id":1094,"rcp":"RCP8.5","period":"2085","key":"pr","value":2.9,"estimate":"q50","season":"DJF"},{"bfs_id":1094,"rcp":"RCP8.5","period":"2085","key":"pr","value":3.5,"estimate":"q50","season":"MAM"},{"bfs_id":1094,"rcp":"RCP8.5","period":"2085","key":"pr","value":3.3,"estimate":"q50","season":"JJA"},{"bfs_id":1094,"rcp":"RCP8.5","period":"2085","key":"pr","value":2.9,"estimate":"q50","season":"SON"},{"bfs_id":1094,"rcp":"RCP8.5","period":"2085","key":"pr","value":3.4,"estimate":"q95","season":"DJF"},{"bfs_id":1094,"rcp":"RCP8.5","period":"2085","key":"pr","value":4.2,"estimate":"q95","season":"MAM"},{"bfs_id":1094,"rcp":"RCP8.5","period":"2085","key":"pr","value":3.7,"estimate":"q95","season":"JJA"},{"bfs_id":1094,"rcp":"RCP8.5","period":"2085","key":"pr","value":3.4,"estimate":"q95","season":"SON"},{"bfs_id":1094,"rcp":"RCP2.6","period":"2035","key":"tas","value":1.2,"estimate":"q5","season":"DJF"},{"bfs_id":1094,"rcp":"RCP2.6","period":"2035","key":"tas","value":8.5,"estimate":"q5","season":"MAM"},{"bfs_id":1094,"rcp":"RCP2.6","period":"2035","key":"tas","value":17.6,"estimate":"q5","season":"JJA"},{"bfs_id":1094,"rcp":"RCP2.6","period":"2035","key":"tas","value":9.7,"estimate":"q5","season":"SON"},{"bfs_id":1094,"rcp":"RCP2.6","period":"2035","key":"tas","value":1.7,"estimate":"q50","season":"DJF"},{"bfs_id":1094,"rcp":"RCP2.6","period":"2035","key":"tas","value":9.1,"estimate":"q50","season":"MAM"},{"bfs_id":1094,"rcp":"RCP2.6","period":"2035","key":"tas","value":18.2,"estimate":"q50","season":"JJA"},{"bfs_id":1094,"rcp":"RCP2.6","period":"2035","key":"tas","value":10,"estimate":"q50","season":"SON"},{"bfs_id":1094,"rcp":"RCP2.6","period":"2035","key":"tas","value":2.4,"estimate":"q95","season":"DJF"},{"bfs_id":1094,"rcp":"RCP2.6","period":"2035","key":"tas","value":9.4,"estimate":"q95","season":"MAM"},{"bfs_id":1094,"rcp":"RCP2.6","period":"2035","key":"tas","value":18.9,"estimate":"q95","season":"JJA"},{"bfs_id":1094,"rcp":"RCP2.6","period":"2035","key":"tas","value":10.8,"estimate":"q95","season":"SON"},{"bfs_id":1094,"rcp":"RCP2.6","period":"2060","key":"tas","value":1.2,"estimate":"q5","season":"DJF"},{"bfs_id":1094,"rcp":"RCP2.6","period":"2060","key":"tas","value":8.4,"estimate":"q5","season":"MAM"},{"bfs_id":1094,"rcp":"RCP2.6","period":"2060","key":"tas","value":17.9,"estimate":"q5","season":"JJA"},{"bfs_id":1094,"rcp":"RCP2.6","period":"2060","key":"tas","value":9.9,"estimate":"q5","season":"SON"},{"bfs_id":1094,"rcp":"RCP2.6","period":"2060","key":"tas","value":2,"estimate":"q50","season":"DJF"},{"bfs_id":1094,"rcp":"RCP2.6","period":"2060","key":"tas","value":9.1,"estimate":"q50","season":"MAM"},{"bfs_id":1094,"rcp":"RCP2.6","period":"2060","key":"tas","value":18.3,"estimate":"q50","season":"JJA"},{"bfs_id":1094,"rcp":"RCP2.6","period":"2060","key":"tas","value":10.3,"estimate":"q50","season":"SON"},{"bfs_id":1094,"rcp":"RCP2.6","period":"2060","key":"tas","value":2.5,"estimate":"q95","season":"DJF"},{"bfs_id":1094,"rcp":"RCP2.6","period":"2060","key":"tas","value":9.6,"estimate":"q95","season":"MAM"},{"bfs_id":1094,"rcp":"RCP2.6","period":"2060","key":"tas","value":19,"estimate":"q95","season":"JJA"},{"bfs_id":1094,"rcp":"RCP2.6","period":"2060","key":"tas","value":11.2,"estimate":"q95","season":"SON"},{"bfs_id":1094,"rcp":"RCP2.6","period":"2085","key":"tas","value":1.3,"estimate":"q5","season":"DJF"},{"bfs_id":1094,"rcp":"RCP2.6","period":"2085","key":"tas","value":8.5,"estimate":"q5","season":"MAM"},{"bfs_id":1094,"rcp":"RCP2.6","period":"2085","key":"tas","value":17.8,"estimate":"q5","season":"JJA"},{"bfs_id":1094,"rcp":"RCP2.6","period":"2085","key":"tas","value":9.7,"estimate":"q5","season":"SON"},{"bfs_id":1094,"rcp":"RCP2.6","period":"2085","key":"tas","value":2,"estimate":"q50","season":"DJF"},{"bfs_id":1094,"rcp":"RCP2.6","period":"2085","key":"tas","value":9.1,"estimate":"q50","season":"MAM"},{"bfs_id":1094,"rcp":"RCP2.6","period":"2085","key":"tas","value":18.2,"estimate":"q50","season":"JJA"},{"bfs_id":1094,"rcp":"RCP2.6","period":"2085","key":"tas","value":10.1,"estimate":"q50","season":"SON"},{"bfs_id":1094,"rcp":"RCP2.6","period":"2085","key":"tas","value":2.6,"estimate":"q95","season":"DJF"},{"bfs_id":1094,"rcp":"RCP2.6","period":"2085","key":"tas","value":9.7,"estimate":"q95","season":"MAM"},{"bfs_id":1094,"rcp":"RCP2.6","period":"2085","key":"tas","value":18.9,"estimate":"q95","season":"JJA"},{"bfs_id":1094,"rcp":"RCP2.6","period":"2085","key":"tas","value":11.2,"estimate":"q95","season":"SON"},{"bfs_id":1094,"rcp":"RCP8.5","period":"2035","key":"tas","value":1.2,"estimate":"q5","season":"DJF"},{"bfs_id":1094,"rcp":"RCP8.5","period":"2035","key":"tas","value":8.8,"estimate":"q5","season":"MAM"},{"bfs_id":1094,"rcp":"RCP8.5","period":"2035","key":"tas","value":18,"estimate":"q5","season":"JJA"},{"bfs_id":1094,"rcp":"RCP8.5","period":"2035","key":"tas","value":9.9,"estimate":"q5","season":"SON"},{"bfs_id":1094,"rcp":"RCP8.5","period":"2035","key":"tas","value":2,"estimate":"q50","season":"DJF"},{"bfs_id":1094,"rcp":"RCP8.5","period":"2035","key":"tas","value":9.1,"estimate":"q50","season":"MAM"},{"bfs_id":1094,"rcp":"RCP8.5","period":"2035","key":"tas","value":18.5,"estimate":"q50","season":"JJA"},{"bfs_id":1094,"rcp":"RCP8.5","period":"2035","key":"tas","value":10.4,"estimate":"q50","season":"SON"},{"bfs_id":1094,"rcp":"RCP8.5","period":"2035","key":"tas","value":2.4,"estimate":"q95","season":"DJF"},{"bfs_id":1094,"rcp":"RCP8.5","period":"2035","key":"tas","value":9.5,"estimate":"q95","season":"MAM"},{"bfs_id":1094,"rcp":"RCP8.5","period":"2035","key":"tas","value":19.2,"estimate":"q95","season":"JJA"},{"bfs_id":1094,"rcp":"RCP8.5","period":"2035","key":"tas","value":11.2,"estimate":"q95","season":"SON"},{"bfs_id":1094,"rcp":"RCP8.5","period":"2060","key":"tas","value":2.4,"estimate":"q5","season":"DJF"},{"bfs_id":1094,"rcp":"RCP8.5","period":"2060","key":"tas","value":9.6,"estimate":"q5","season":"MAM"},{"bfs_id":1094,"rcp":"RCP8.5","period":"2060","key":"tas","value":19.1,"estimate":"q5","season":"JJA"},{"bfs_id":1094,"rcp":"RCP8.5","period":"2060","key":"tas","value":11,"estimate":"q5","season":"SON"},{"bfs_id":1094,"rcp":"RCP8.5","period":"2060","key":"tas","value":2.8,"estimate":"q50","season":"DJF"},{"bfs_id":1094,"rcp":"RCP8.5","period":"2060","key":"tas","value":10.1,"estimate":"q50","season":"MAM"},{"bfs_id":1094,"rcp":"RCP8.5","period":"2060","key":"tas","value":19.7,"estimate":"q50","season":"JJA"},{"bfs_id":1094,"rcp":"RCP8.5","period":"2060","key":"tas","value":11.6,"estimate":"q50","season":"SON"},{"bfs_id":1094,"rcp":"RCP8.5","period":"2060","key":"tas","value":3.5,"estimate":"q95","season":"DJF"},{"bfs_id":1094,"rcp":"RCP8.5","period":"2060","key":"tas","value":10.7,"estimate":"q95","season":"MAM"},{"bfs_id":1094,"rcp":"RCP8.5","period":"2060","key":"tas","value":21,"estimate":"q95","season":"JJA"},{"bfs_id":1094,"rcp":"RCP8.5","period":"2060","key":"tas","value":12.5,"estimate":"q95","season":"SON"},{"bfs_id":1094,"rcp":"RCP8.5","period":"2085","key":"tas","value":3.5,"estimate":"q5","season":"DJF"},{"bfs_id":1094,"rcp":"RCP8.5","period":"2085","key":"tas","value":10.6,"estimate":"q5","season":"MAM"},{"bfs_id":1094,"rcp":"RCP8.5","period":"2085","key":"tas","value":20.6,"estimate":"q5","season":"JJA"},{"bfs_id":1094,"rcp":"RCP8.5","period":"2085","key":"tas","value":12.1,"estimate":"q5","season":"SON"},{"bfs_id":1094,"rcp":"RCP8.5","period":"2085","key":"tas","value":4.6,"estimate":"q50","season":"DJF"},{"bfs_id":1094,"rcp":"RCP8.5","period":"2085","key":"tas","value":11.6,"estimate":"q50","season":"MAM"},{"bfs_id":1094,"rcp":"RCP8.5","period":"2085","key":"tas","value":21.3,"estimate":"q50","season":"JJA"},{"bfs_id":1094,"rcp":"RCP8.5","period":"2085","key":"tas","value":13,"estimate":"q50","season":"SON"},{"bfs_id":1094,"rcp":"RCP8.5","period":"2085","key":"tas","value":5.3,"estimate":"q95","season":"DJF"},{"bfs_id":1094,"rcp":"RCP8.5","period":"2085","key":"tas","value":12.5,"estimate":"q95","season":"MAM"},{"bfs_id":1094,"rcp":"RCP8.5","period":"2085","key":"tas","value":23.8,"estimate":"q95","season":"JJA"},{"bfs_id":1094,"rcp":"RCP8.5","period":"2085","key":"tas","value":14.7,"estimate":"q95","season":"SON"},{"bfs_id":1094,"rcp":"obs","period":"1981-2010","key":"FD","value":95.6,"estimate":"yearly_mean"},{"bfs_id":1094,"rcp":"obs","period":"1981-2010","key":"HD","value":4.2,"estimate":"yearly_mean"},{"bfs_id":1094,"rcp":"obs","period":"1981-2010","key":"ID","value":26.2,"estimate":"yearly_mean"},{"bfs_id":1094,"rcp":"obs","period":"1981-2010","key":"SD","value":34.6,"estimate":"yearly_mean"},{"bfs_id":1094,"rcp":"obs","period":"1981-2010","key":"snowdays","value":23.1,"estimate":"yearly_mean"},{"bfs_id":1094,"rcp":"obs","period":"1981-2010","key":"TN","value":0,"estimate":"yearly_mean"},{"bfs_id":1094,"rcp":"obs","period":"1981-2010","key":"pr","value":2.3,"estimate":"mean","season":"DJF"},{"bfs_id":1094,"rcp":"obs","period":"1981-2010","key":"pr","value":3.1,"estimate":"mean","season":"MAM"},{"bfs_id":1094,"rcp":"obs","period":"1981-2010","key":"pr","value":4.3,"estimate":"mean","season":"JJA"},{"bfs_id":1094,"rcp":"obs","period":"1981-2010","key":"pr","value":2.8,"estimate":"mean","season":"SON"},{"bfs_id":1094,"rcp":"obs","period":"1981-2010","key":"tas","value":0.5,"estimate":"mean","season":"DJF"},{"bfs_id":1094,"rcp":"obs","period":"1981-2010","key":"tas","value":8.4,"estimate":"mean","season":"MAM"},{"bfs_id":1094,"rcp":"obs","period":"1981-2010","key":"tas","value":17,"estimate":"mean","season":"JJA"},{"bfs_id":1094,"rcp":"obs","period":"1981-2010","key":"tas","value":9,"estimate":"mean","season":"SON"}]
