[{"bfs_id":1021,"rcp":"RCP2.6","period":"2035","key":"FD","value":66,"estimate":"q5"},{"bfs_id":1021,"rcp":"RCP2.6","period":"2035","key":"FD","value":76.7,"estimate":"q50"},{"bfs_id":1021,"rcp":"RCP2.6","period":"2035","key":"FD","value":82.2,"estimate":"q95"},{"bfs_id":1021,"rcp":"RCP2.6","period":"2060","key":"FD","value":62.1,"estimate":"q5"},{"bfs_id":1021,"rcp":"RCP2.6","period":"2060","key":"FD","value":73.9,"estimate":"q50"},{"bfs_id":1021,"rcp":"RCP2.6","period":"2060","key":"FD","value":78.6,"estimate":"q95"},{"bfs_id":1021,"rcp":"RCP2.6","period":"2085","key":"FD","value":62.1,"estimate":"q5"},{"bfs_id":1021,"rcp":"RCP2.6","period":"2085","key":"FD","value":73.9,"estimate":"q50"},{"bfs_id":1021,"rcp":"RCP2.6","period":"2085","key":"FD","value":80.7,"estimate":"q95"},{"bfs_id":1021,"rcp":"RCP8.5","period":"2035","key":"FD","value":61.5,"estimate":"q5"},{"bfs_id":1021,"rcp":"RCP8.5","period":"2035","key":"FD","value":72.4,"estimate":"q50"},{"bfs_id":1021,"rcp":"RCP8.5","period":"2035","key":"FD","value":79.3,"estimate":"q95"},{"bfs_id":1021,"rcp":"RCP8.5","period":"2060","key":"FD","value":50.2,"estimate":"q5"},{"bfs_id":1021,"rcp":"RCP8.5","period":"2060","key":"FD","value":58.7,"estimate":"q50"},{"bfs_id":1021,"rcp":"RCP8.5","period":"2060","key":"FD","value":65.6,"estimate":"q95"},{"bfs_id":1021,"rcp":"RCP8.5","period":"2085","key":"FD","value":31.3,"estimate":"q5"},{"bfs_id":1021,"rcp":"RCP8.5","period":"2085","key":"FD","value":38.8,"estimate":"q50"},{"bfs_id":1021,"rcp":"RCP8.5","period":"2085","key":"FD","value":49,"estimate":"q95"},{"bfs_id":1021,"rcp":"RCP2.6","period":"2035","key":"HD","value":6.4,"estimate":"q5"},{"bfs_id":1021,"rcp":"RCP2.6","period":"2035","key":"HD","value":8.6,"estimate":"q50"},{"bfs_id":1021,"rcp":"RCP2.6","period":"2035","key":"HD","value":13.7,"estimate":"q95"},{"bfs_id":1021,"rcp":"RCP2.6","period":"2060","key":"HD","value":6.6,"estimate":"q5"},{"bfs_id":1021,"rcp":"RCP2.6","period":"2060","key":"HD","value":9.3,"estimate":"q50"},{"bfs_id":1021,"rcp":"RCP2.6","period":"2060","key":"HD","value":16,"estimate":"q95"},{"bfs_id":1021,"rcp":"RCP2.6","period":"2085","key":"HD","value":6.9,"estimate":"q5"},{"bfs_id":1021,"rcp":"RCP2.6","period":"2085","key":"HD","value":8.4,"estimate":"q50"},{"bfs_id":1021,"rcp":"RCP2.6","period":"2085","key":"HD","value":15.5,"estimate":"q95"},{"bfs_id":1021,"rcp":"RCP8.5","period":"2035","key":"HD","value":7.5,"estimate":"q5"},{"bfs_id":1021,"rcp":"RCP8.5","period":"2035","key":"HD","value":9.5,"estimate":"q50"},{"bfs_id":1021,"rcp":"RCP8.5","period":"2035","key":"HD","value":15,"estimate":"q95"},{"bfs_id":1021,"rcp":"RCP8.5","period":"2060","key":"HD","value":12.4,"estimate":"q5"},{"bfs_id":1021,"rcp":"RCP8.5","period":"2060","key":"HD","value":18.4,"estimate":"q50"},{"bfs_id":1021,"rcp":"RCP8.5","period":"2060","key":"HD","value":30.1,"estimate":"q95"},{"bfs_id":1021,"rcp":"RCP8.5","period":"2085","key":"HD","value":24.2,"estimate":"q5"},{"bfs_id":1021,"rcp":"RCP8.5","period":"2085","key":"HD","value":28.1,"estimate":"q50"},{"bfs_id":1021,"rcp":"RCP8.5","period":"2085","key":"HD","value":55.7,"estimate":"q95"},{"bfs_id":1021,"rcp":"RCP2.6","period":"2035","key":"ID","value":14.7,"estimate":"q5"},{"bfs_id":1021,"rcp":"RCP2.6","period":"2035","key":"ID","value":18.6,"estimate":"q50"},{"bfs_id":1021,"rcp":"RCP2.6","period":"2035","key":"ID","value":23.2,"estimate":"q95"},{"bfs_id":1021,"rcp":"RCP2.6","period":"2060","key":"ID","value":14.2,"estimate":"q5"},{"bfs_id":1021,"rcp":"RCP2.6","period":"2060","key":"ID","value":18.3,"estimate":"q50"},{"bfs_id":1021,"rcp":"RCP2.6","period":"2060","key":"ID","value":23.1,"estimate":"q95"},{"bfs_id":1021,"rcp":"RCP2.6","period":"2085","key":"ID","value":14.1,"estimate":"q5"},{"bfs_id":1021,"rcp":"RCP2.6","period":"2085","key":"ID","value":18.2,"estimate":"q50"},{"bfs_id":1021,"rcp":"RCP2.6","period":"2085","key":"ID","value":22,"estimate":"q95"},{"bfs_id":1021,"rcp":"RCP8.5","period":"2035","key":"ID","value":14.1,"estimate":"q5"},{"bfs_id":1021,"rcp":"RCP8.5","period":"2035","key":"ID","value":17.6,"estimate":"q50"},{"bfs_id":1021,"rcp":"RCP8.5","period":"2035","key":"ID","value":22.4,"estimate":"q95"},{"bfs_id":1021,"rcp":"RCP8.5","period":"2060","key":"ID","value":9.2,"estimate":"q5"},{"bfs_id":1021,"rcp":"RCP8.5","period":"2060","key":"ID","value":13.4,"estimate":"q50"},{"bfs_id":1021,"rcp":"RCP8.5","period":"2060","key":"ID","value":16.1,"estimate":"q95"},{"bfs_id":1021,"rcp":"RCP8.5","period":"2085","key":"ID","value":3.3,"estimate":"q5"},{"bfs_id":1021,"rcp":"RCP8.5","period":"2085","key":"ID","value":6.5,"estimate":"q50"},{"bfs_id":1021,"rcp":"RCP8.5","period":"2085","key":"ID","value":9.2,"estimate":"q95"},{"bfs_id":1021,"rcp":"RCP2.6","period":"2035","key":"SD","value":40.3,"estimate":"q5"},{"bfs_id":1021,"rcp":"RCP2.6","period":"2035","key":"SD","value":45.6,"estimate":"q50"},{"bfs_id":1021,"rcp":"RCP2.6","period":"2035","key":"SD","value":53,"estimate":"q95"},{"bfs_id":1021,"rcp":"RCP2.6","period":"2060","key":"SD","value":40.7,"estimate":"q5"},{"bfs_id":1021,"rcp":"RCP2.6","period":"2060","key":"SD","value":46.9,"estimate":"q50"},{"bfs_id":1021,"rcp":"RCP2.6","period":"2060","key":"SD","value":52.9,"estimate":"q95"},{"bfs_id":1021,"rcp":"RCP2.6","period":"2085","key":"SD","value":40.4,"estimate":"q5"},{"bfs_id":1021,"rcp":"RCP2.6","period":"2085","key":"SD","value":48.3,"estimate":"q50"},{"bfs_id":1021,"rcp":"RCP2.6","period":"2085","key":"SD","value":52.4,"estimate":"q95"},{"bfs_id":1021,"rcp":"RCP8.5","period":"2035","key":"SD","value":42,"estimate":"q5"},{"bfs_id":1021,"rcp":"RCP8.5","period":"2035","key":"SD","value":47.6,"estimate":"q50"},{"bfs_id":1021,"rcp":"RCP8.5","period":"2035","key":"SD","value":54.3,"estimate":"q95"},{"bfs_id":1021,"rcp":"RCP8.5","period":"2060","key":"SD","value":56.2,"estimate":"q5"},{"bfs_id":1021,"rcp":"RCP8.5","period":"2060","key":"SD","value":63,"estimate":"q50"},{"bfs_id":1021,"rcp":"RCP8.5","period":"2060","key":"SD","value":78.8,"estimate":"q95"},{"bfs_id":1021,"rcp":"RCP8.5","period":"2085","key":"SD","value":72.4,"estimate":"q5"},{"bfs_id":1021,"rcp":"RCP8.5","period":"2085","key":"SD","value":84.9,"estimate":"q50"},{"bfs_id":1021,"rcp":"RCP8.5","period":"2085","key":"SD","value":105.6,"estimate":"q95"},{"bfs_id":1021,"rcp":"RCP2.6","period":"2035","key":"snowdays","value":14.7,"estimate":"q5"},{"bfs_id":1021,"rcp":"RCP2.6","period":"2035","key":"snowdays","value":19.7,"estimate":"q50"},{"bfs_id":1021,"rcp":"RCP2.6","period":"2035","key":"snowdays","value":22.6,"estimate":"q95"},{"bfs_id":1021,"rcp":"RCP2.6","period":"2060","key":"snowdays","value":13.8,"estimate":"q5"},{"bfs_id":1021,"rcp":"RCP2.6","period":"2060","key":"snowdays","value":19,"estimate":"q50"},{"bfs_id":1021,"rcp":"RCP2.6","period":"2060","key":"snowdays","value":22.4,"estimate":"q95"},{"bfs_id":1021,"rcp":"RCP2.6","period":"2085","key":"snowdays","value":13.7,"estimate":"q5"},{"bfs_id":1021,"rcp":"RCP2.6","period":"2085","key":"snowdays","value":19.1,"estimate":"q50"},{"bfs_id":1021,"rcp":"RCP2.6","period":"2085","key":"snowdays","value":21.7,"estimate":"q95"},{"bfs_id":1021,"rcp":"RCP8.5","period":"2035","key":"snowdays","value":12.4,"estimate":"q5"},{"bfs_id":1021,"rcp":"RCP8.5","period":"2035","key":"snowdays","value":18.8,"estimate":"q50"},{"bfs_id":1021,"rcp":"RCP8.5","period":"2035","key":"snowdays","value":21.8,"estimate":"q95"},{"bfs_id":1021,"rcp":"RCP8.5","period":"2060","key":"snowdays","value":9.5,"estimate":"q5"},{"bfs_id":1021,"rcp":"RCP8.5","period":"2060","key":"snowdays","value":14.6,"estimate":"q50"},{"bfs_id":1021,"rcp":"RCP8.5","period":"2060","key":"snowdays","value":17.1,"estimate":"q95"},{"bfs_id":1021,"rcp":"RCP8.5","period":"2085","key":"snowdays","value":4.4,"estimate":"q5"},{"bfs_id":1021,"rcp":"RCP8.5","period":"2085","key":"snowdays","value":8.7,"estimate":"q50"},{"bfs_id":1021,"rcp":"RCP8.5","period":"2085","key":"snowdays","value":11.8,"estimate":"q95"},{"bfs_id":1021,"rcp":"RCP2.6","period":"2035","key":"TN","value":0.2,"estimate":"q5"},{"bfs_id":1021,"rcp":"RCP2.6","period":"2035","key":"TN","value":0.6,"estimate":"q50"},{"bfs_id":1021,"rcp":"RCP2.6","period":"2035","key":"TN","value":1.4,"estimate":"q95"},{"bfs_id":1021,"rcp":"RCP2.6","period":"2060","key":"TN","value":0.3,"estimate":"q5"},{"bfs_id":1021,"rcp":"RCP2.6","period":"2060","key":"TN","value":0.8,"estimate":"q50"},{"bfs_id":1021,"rcp":"RCP2.6","period":"2060","key":"TN","value":1.8,"estimate":"q95"},{"bfs_id":1021,"rcp":"RCP2.6","period":"2085","key":"TN","value":0.3,"estimate":"q5"},{"bfs_id":1021,"rcp":"RCP2.6","period":"2085","key":"TN","value":0.8,"estimate":"q50"},{"bfs_id":1021,"rcp":"RCP2.6","period":"2085","key":"TN","value":1.4,"estimate":"q95"},{"bfs_id":1021,"rcp":"RCP8.5","period":"2035","key":"TN","value":0.4,"estimate":"q5"},{"bfs_id":1021,"rcp":"RCP8.5","period":"2035","key":"TN","value":0.8,"estimate":"q50"},{"bfs_id":1021,"rcp":"RCP8.5","period":"2035","key":"TN","value":2.8,"estimate":"q95"},{"bfs_id":1021,"rcp":"RCP8.5","period":"2060","key":"TN","value":1.6,"estimate":"q5"},{"bfs_id":1021,"rcp":"RCP8.5","period":"2060","key":"TN","value":3.6,"estimate":"q50"},{"bfs_id":1021,"rcp":"RCP8.5","period":"2060","key":"TN","value":7.9,"estimate":"q95"},{"bfs_id":1021,"rcp":"RCP8.5","period":"2085","key":"TN","value":7.1,"estimate":"q5"},{"bfs_id":1021,"rcp":"RCP8.5","period":"2085","key":"TN","value":11.2,"estimate":"q50"},{"bfs_id":1021,"rcp":"RCP8.5","period":"2085","key":"TN","value":28.1,"estimate":"q95"},{"bfs_id":1021,"rcp":"RCP2.6","period":"2035","key":"pr","value":2.4,"estimate":"q5","season":"DJF"},{"bfs_id":1021,"rcp":"RCP2.6","period":"2035","key":"pr","value":2.8,"estimate":"q5","season":"MAM"},{"bfs_id":1021,"rcp":"RCP2.6","period":"2035","key":"pr","value":3.2,"estimate":"q5","season":"JJA"},{"bfs_id":1021,"rcp":"RCP2.6","period":"2035","key":"pr","value":2.5,"estimate":"q5","season":"SON"},{"bfs_id":1021,"rcp":"RCP2.6","period":"2035","key":"pr","value":2.8,"estimate":"q50","season":"DJF"},{"bfs_id":1021,"rcp":"RCP2.6","period":"2035","key":"pr","value":3.3,"estimate":"q50","season":"MAM"},{"bfs_id":1021,"rcp":"RCP2.6","period":"2035","key":"pr","value":3.8,"estimate":"q50","season":"JJA"},{"bfs_id":1021,"rcp":"RCP2.6","period":"2035","key":"pr","value":2.7,"estimate":"q50","season":"SON"},{"bfs_id":1021,"rcp":"RCP2.6","period":"2035","key":"pr","value":3.2,"estimate":"q95","season":"DJF"},{"bfs_id":1021,"rcp":"RCP2.6","period":"2035","key":"pr","value":3.5,"estimate":"q95","season":"MAM"},{"bfs_id":1021,"rcp":"RCP2.6","period":"2035","key":"pr","value":3.9,"estimate":"q95","season":"JJA"},{"bfs_id":1021,"rcp":"RCP2.6","period":"2035","key":"pr","value":3.3,"estimate":"q95","season":"SON"},{"bfs_id":1021,"rcp":"RCP2.6","period":"2060","key":"pr","value":2.4,"estimate":"q5","season":"DJF"},{"bfs_id":1021,"rcp":"RCP2.6","period":"2060","key":"pr","value":2.9,"estimate":"q5","season":"MAM"},{"bfs_id":1021,"rcp":"RCP2.6","period":"2060","key":"pr","value":2.9,"estimate":"q5","season":"JJA"},{"bfs_id":1021,"rcp":"RCP2.6","period":"2060","key":"pr","value":2.6,"estimate":"q5","season":"SON"},{"bfs_id":1021,"rcp":"RCP2.6","period":"2060","key":"pr","value":2.7,"estimate":"q50","season":"DJF"},{"bfs_id":1021,"rcp":"RCP2.6","period":"2060","key":"pr","value":3.2,"estimate":"q50","season":"MAM"},{"bfs_id":1021,"rcp":"RCP2.6","period":"2060","key":"pr","value":3.7,"estimate":"q50","season":"JJA"},{"bfs_id":1021,"rcp":"RCP2.6","period":"2060","key":"pr","value":2.8,"estimate":"q50","season":"SON"},{"bfs_id":1021,"rcp":"RCP2.6","period":"2060","key":"pr","value":3,"estimate":"q95","season":"DJF"},{"bfs_id":1021,"rcp":"RCP2.6","period":"2060","key":"pr","value":3.5,"estimate":"q95","season":"MAM"},{"bfs_id":1021,"rcp":"RCP2.6","period":"2060","key":"pr","value":4.1,"estimate":"q95","season":"JJA"},{"bfs_id":1021,"rcp":"RCP2.6","period":"2060","key":"pr","value":3.2,"estimate":"q95","season":"SON"},{"bfs_id":1021,"rcp":"RCP2.6","period":"2085","key":"pr","value":2.4,"estimate":"q5","season":"DJF"},{"bfs_id":1021,"rcp":"RCP2.6","period":"2085","key":"pr","value":2.9,"estimate":"q5","season":"MAM"},{"bfs_id":1021,"rcp":"RCP2.6","period":"2085","key":"pr","value":3,"estimate":"q5","season":"JJA"},{"bfs_id":1021,"rcp":"RCP2.6","period":"2085","key":"pr","value":2.5,"estimate":"q5","season":"SON"},{"bfs_id":1021,"rcp":"RCP2.6","period":"2085","key":"pr","value":2.7,"estimate":"q50","season":"DJF"},{"bfs_id":1021,"rcp":"RCP2.6","period":"2085","key":"pr","value":3.1,"estimate":"q50","season":"MAM"},{"bfs_id":1021,"rcp":"RCP2.6","period":"2085","key":"pr","value":3.7,"estimate":"q50","season":"JJA"},{"bfs_id":1021,"rcp":"RCP2.6","period":"2085","key":"pr","value":2.8,"estimate":"q50","season":"SON"},{"bfs_id":1021,"rcp":"RCP2.6","period":"2085","key":"pr","value":3.1,"estimate":"q95","season":"DJF"},{"bfs_id":1021,"rcp":"RCP2.6","period":"2085","key":"pr","value":3.5,"estimate":"q95","season":"MAM"},{"bfs_id":1021,"rcp":"RCP2.6","period":"2085","key":"pr","value":4.2,"estimate":"q95","season":"JJA"},{"bfs_id":1021,"rcp":"RCP2.6","period":"2085","key":"pr","value":3.2,"estimate":"q95","season":"SON"},{"bfs_id":1021,"rcp":"RCP8.5","period":"2035","key":"pr","value":2.5,"estimate":"q5","season":"DJF"},{"bfs_id":1021,"rcp":"RCP8.5","period":"2035","key":"pr","value":2.9,"estimate":"q5","season":"MAM"},{"bfs_id":1021,"rcp":"RCP8.5","period":"2035","key":"pr","value":3,"estimate":"q5","season":"JJA"},{"bfs_id":1021,"rcp":"RCP8.5","period":"2035","key":"pr","value":2.5,"estimate":"q5","season":"SON"},{"bfs_id":1021,"rcp":"RCP8.5","period":"2035","key":"pr","value":2.8,"estimate":"q50","season":"DJF"},{"bfs_id":1021,"rcp":"RCP8.5","period":"2035","key":"pr","value":3.2,"estimate":"q50","season":"MAM"},{"bfs_id":1021,"rcp":"RCP8.5","period":"2035","key":"pr","value":3.7,"estimate":"q50","season":"JJA"},{"bfs_id":1021,"rcp":"RCP8.5","period":"2035","key":"pr","value":2.9,"estimate":"q50","season":"SON"},{"bfs_id":1021,"rcp":"RCP8.5","period":"2035","key":"pr","value":3.1,"estimate":"q95","season":"DJF"},{"bfs_id":1021,"rcp":"RCP8.5","period":"2035","key":"pr","value":3.5,"estimate":"q95","season":"MAM"},{"bfs_id":1021,"rcp":"RCP8.5","period":"2035","key":"pr","value":4.2,"estimate":"q95","season":"JJA"},{"bfs_id":1021,"rcp":"RCP8.5","period":"2035","key":"pr","value":3.3,"estimate":"q95","season":"SON"},{"bfs_id":1021,"rcp":"RCP8.5","period":"2060","key":"pr","value":2.6,"estimate":"q5","season":"DJF"},{"bfs_id":1021,"rcp":"RCP8.5","period":"2060","key":"pr","value":3.1,"estimate":"q5","season":"MAM"},{"bfs_id":1021,"rcp":"RCP8.5","period":"2060","key":"pr","value":2.5,"estimate":"q5","season":"JJA"},{"bfs_id":1021,"rcp":"RCP8.5","period":"2060","key":"pr","value":2.5,"estimate":"q5","season":"SON"},{"bfs_id":1021,"rcp":"RCP8.5","period":"2060","key":"pr","value":2.9,"estimate":"q50","season":"DJF"},{"bfs_id":1021,"rcp":"RCP8.5","period":"2060","key":"pr","value":3.4,"estimate":"q50","season":"MAM"},{"bfs_id":1021,"rcp":"RCP8.5","period":"2060","key":"pr","value":3.6,"estimate":"q50","season":"JJA"},{"bfs_id":1021,"rcp":"RCP8.5","period":"2060","key":"pr","value":2.8,"estimate":"q50","season":"SON"},{"bfs_id":1021,"rcp":"RCP8.5","period":"2060","key":"pr","value":3.2,"estimate":"q95","season":"DJF"},{"bfs_id":1021,"rcp":"RCP8.5","period":"2060","key":"pr","value":3.8,"estimate":"q95","season":"MAM"},{"bfs_id":1021,"rcp":"RCP8.5","period":"2060","key":"pr","value":3.9,"estimate":"q95","season":"JJA"},{"bfs_id":1021,"rcp":"RCP8.5","period":"2060","key":"pr","value":3.2,"estimate":"q95","season":"SON"},{"bfs_id":1021,"rcp":"RCP8.5","period":"2085","key":"pr","value":2.9,"estimate":"q5","season":"DJF"},{"bfs_id":1021,"rcp":"RCP8.5","period":"2085","key":"pr","value":3.1,"estimate":"q5","season":"MAM"},{"bfs_id":1021,"rcp":"RCP8.5","period":"2085","key":"pr","value":2.3,"estimate":"q5","season":"JJA"},{"bfs_id":1021,"rcp":"RCP8.5","period":"2085","key":"pr","value":2.3,"estimate":"q5","season":"SON"},{"bfs_id":1021,"rcp":"RCP8.5","period":"2085","key":"pr","value":3.2,"estimate":"q50","season":"DJF"},{"bfs_id":1021,"rcp":"RCP8.5","period":"2085","key":"pr","value":3.5,"estimate":"q50","season":"MAM"},{"bfs_id":1021,"rcp":"RCP8.5","period":"2085","key":"pr","value":3.2,"estimate":"q50","season":"JJA"},{"bfs_id":1021,"rcp":"RCP8.5","period":"2085","key":"pr","value":2.9,"estimate":"q50","season":"SON"},{"bfs_id":1021,"rcp":"RCP8.5","period":"2085","key":"pr","value":3.6,"estimate":"q95","season":"DJF"},{"bfs_id":1021,"rcp":"RCP8.5","period":"2085","key":"pr","value":4,"estimate":"q95","season":"MAM"},{"bfs_id":1021,"rcp":"RCP8.5","period":"2085","key":"pr","value":3.6,"estimate":"q95","season":"JJA"},{"bfs_id":1021,"rcp":"RCP8.5","period":"2085","key":"pr","value":3.4,"estimate":"q95","season":"SON"},{"bfs_id":1021,"rcp":"RCP2.6","period":"2035","key":"tas","value":1.2,"estimate":"q5","season":"DJF"},{"bfs_id":1021,"rcp":"RCP2.6","period":"2035","key":"tas","value":8.6,"estimate":"q5","season":"MAM"},{"bfs_id":1021,"rcp":"RCP2.6","period":"2035","key":"tas","value":17.7,"estimate":"q5","season":"JJA"},{"bfs_id":1021,"rcp":"RCP2.6","period":"2035","key":"tas","value":9.6,"estimate":"q5","season":"SON"},{"bfs_id":1021,"rcp":"RCP2.6","period":"2035","key":"tas","value":1.8,"estimate":"q50","season":"DJF"},{"bfs_id":1021,"rcp":"RCP2.6","period":"2035","key":"tas","value":9.1,"estimate":"q50","season":"MAM"},{"bfs_id":1021,"rcp":"RCP2.6","period":"2035","key":"tas","value":18.2,"estimate":"q50","season":"JJA"},{"bfs_id":1021,"rcp":"RCP2.6","period":"2035","key":"tas","value":10,"estimate":"q50","season":"SON"},{"bfs_id":1021,"rcp":"RCP2.6","period":"2035","key":"tas","value":2.6,"estimate":"q95","season":"DJF"},{"bfs_id":1021,"rcp":"RCP2.6","period":"2035","key":"tas","value":9.5,"estimate":"q95","season":"MAM"},{"bfs_id":1021,"rcp":"RCP2.6","period":"2035","key":"tas","value":18.9,"estimate":"q95","season":"JJA"},{"bfs_id":1021,"rcp":"RCP2.6","period":"2035","key":"tas","value":10.9,"estimate":"q95","season":"SON"},{"bfs_id":1021,"rcp":"RCP2.6","period":"2060","key":"tas","value":1.3,"estimate":"q5","season":"DJF"},{"bfs_id":1021,"rcp":"RCP2.6","period":"2060","key":"tas","value":8.5,"estimate":"q5","season":"MAM"},{"bfs_id":1021,"rcp":"RCP2.6","period":"2060","key":"tas","value":17.9,"estimate":"q5","season":"JJA"},{"bfs_id":1021,"rcp":"RCP2.6","period":"2060","key":"tas","value":9.9,"estimate":"q5","season":"SON"},{"bfs_id":1021,"rcp":"RCP2.6","period":"2060","key":"tas","value":2.1,"estimate":"q50","season":"DJF"},{"bfs_id":1021,"rcp":"RCP2.6","period":"2060","key":"tas","value":9.2,"estimate":"q50","season":"MAM"},{"bfs_id":1021,"rcp":"RCP2.6","period":"2060","key":"tas","value":18.4,"estimate":"q50","season":"JJA"},{"bfs_id":1021,"rcp":"RCP2.6","period":"2060","key":"tas","value":10.3,"estimate":"q50","season":"SON"},{"bfs_id":1021,"rcp":"RCP2.6","period":"2060","key":"tas","value":2.7,"estimate":"q95","season":"DJF"},{"bfs_id":1021,"rcp":"RCP2.6","period":"2060","key":"tas","value":9.7,"estimate":"q95","season":"MAM"},{"bfs_id":1021,"rcp":"RCP2.6","period":"2060","key":"tas","value":19,"estimate":"q95","season":"JJA"},{"bfs_id":1021,"rcp":"RCP2.6","period":"2060","key":"tas","value":11.3,"estimate":"q95","season":"SON"},{"bfs_id":1021,"rcp":"RCP2.6","period":"2085","key":"tas","value":1.3,"estimate":"q5","season":"DJF"},{"bfs_id":1021,"rcp":"RCP2.6","period":"2085","key":"tas","value":8.5,"estimate":"q5","season":"MAM"},{"bfs_id":1021,"rcp":"RCP2.6","period":"2085","key":"tas","value":17.9,"estimate":"q5","season":"JJA"},{"bfs_id":1021,"rcp":"RCP2.6","period":"2085","key":"tas","value":9.7,"estimate":"q5","season":"SON"},{"bfs_id":1021,"rcp":"RCP2.6","period":"2085","key":"tas","value":2.1,"estimate":"q50","season":"DJF"},{"bfs_id":1021,"rcp":"RCP2.6","period":"2085","key":"tas","value":9.3,"estimate":"q50","season":"MAM"},{"bfs_id":1021,"rcp":"RCP2.6","period":"2085","key":"tas","value":18.3,"estimate":"q50","season":"JJA"},{"bfs_id":1021,"rcp":"RCP2.6","period":"2085","key":"tas","value":10.2,"estimate":"q50","season":"SON"},{"bfs_id":1021,"rcp":"RCP2.6","period":"2085","key":"tas","value":2.7,"estimate":"q95","season":"DJF"},{"bfs_id":1021,"rcp":"RCP2.6","period":"2085","key":"tas","value":9.7,"estimate":"q95","season":"MAM"},{"bfs_id":1021,"rcp":"RCP2.6","period":"2085","key":"tas","value":18.9,"estimate":"q95","season":"JJA"},{"bfs_id":1021,"rcp":"RCP2.6","period":"2085","key":"tas","value":11.2,"estimate":"q95","season":"SON"},{"bfs_id":1021,"rcp":"RCP8.5","period":"2035","key":"tas","value":1.1,"estimate":"q5","season":"DJF"},{"bfs_id":1021,"rcp":"RCP8.5","period":"2035","key":"tas","value":8.8,"estimate":"q5","season":"MAM"},{"bfs_id":1021,"rcp":"RCP8.5","period":"2035","key":"tas","value":18.1,"estimate":"q5","season":"JJA"},{"bfs_id":1021,"rcp":"RCP8.5","period":"2035","key":"tas","value":9.9,"estimate":"q5","season":"SON"},{"bfs_id":1021,"rcp":"RCP8.5","period":"2035","key":"tas","value":2.1,"estimate":"q50","season":"DJF"},{"bfs_id":1021,"rcp":"RCP8.5","period":"2035","key":"tas","value":9.2,"estimate":"q50","season":"MAM"},{"bfs_id":1021,"rcp":"RCP8.5","period":"2035","key":"tas","value":18.6,"estimate":"q50","season":"JJA"},{"bfs_id":1021,"rcp":"RCP8.5","period":"2035","key":"tas","value":10.5,"estimate":"q50","season":"SON"},{"bfs_id":1021,"rcp":"RCP8.5","period":"2035","key":"tas","value":2.6,"estimate":"q95","season":"DJF"},{"bfs_id":1021,"rcp":"RCP8.5","period":"2035","key":"tas","value":9.6,"estimate":"q95","season":"MAM"},{"bfs_id":1021,"rcp":"RCP8.5","period":"2035","key":"tas","value":19.1,"estimate":"q95","season":"JJA"},{"bfs_id":1021,"rcp":"RCP8.5","period":"2035","key":"tas","value":11.3,"estimate":"q95","season":"SON"},{"bfs_id":1021,"rcp":"RCP8.5","period":"2060","key":"tas","value":2.6,"estimate":"q5","season":"DJF"},{"bfs_id":1021,"rcp":"RCP8.5","period":"2060","key":"tas","value":9.6,"estimate":"q5","season":"MAM"},{"bfs_id":1021,"rcp":"RCP8.5","period":"2060","key":"tas","value":19.2,"estimate":"q5","season":"JJA"},{"bfs_id":1021,"rcp":"RCP8.5","period":"2060","key":"tas","value":11,"estimate":"q5","season":"SON"},{"bfs_id":1021,"rcp":"RCP8.5","period":"2060","key":"tas","value":2.9,"estimate":"q50","season":"DJF"},{"bfs_id":1021,"rcp":"RCP8.5","period":"2060","key":"tas","value":10.1,"estimate":"q50","season":"MAM"},{"bfs_id":1021,"rcp":"RCP8.5","period":"2060","key":"tas","value":19.8,"estimate":"q50","season":"JJA"},{"bfs_id":1021,"rcp":"RCP8.5","period":"2060","key":"tas","value":11.6,"estimate":"q50","season":"SON"},{"bfs_id":1021,"rcp":"RCP8.5","period":"2060","key":"tas","value":3.7,"estimate":"q95","season":"DJF"},{"bfs_id":1021,"rcp":"RCP8.5","period":"2060","key":"tas","value":10.7,"estimate":"q95","season":"MAM"},{"bfs_id":1021,"rcp":"RCP8.5","period":"2060","key":"tas","value":21,"estimate":"q95","season":"JJA"},{"bfs_id":1021,"rcp":"RCP8.5","period":"2060","key":"tas","value":12.5,"estimate":"q95","season":"SON"},{"bfs_id":1021,"rcp":"RCP8.5","period":"2085","key":"tas","value":3.7,"estimate":"q5","season":"DJF"},{"bfs_id":1021,"rcp":"RCP8.5","period":"2085","key":"tas","value":10.7,"estimate":"q5","season":"MAM"},{"bfs_id":1021,"rcp":"RCP8.5","period":"2085","key":"tas","value":20.6,"estimate":"q5","season":"JJA"},{"bfs_id":1021,"rcp":"RCP8.5","period":"2085","key":"tas","value":12,"estimate":"q5","season":"SON"},{"bfs_id":1021,"rcp":"RCP8.5","period":"2085","key":"tas","value":4.7,"estimate":"q50","season":"DJF"},{"bfs_id":1021,"rcp":"RCP8.5","period":"2085","key":"tas","value":11.6,"estimate":"q50","season":"MAM"},{"bfs_id":1021,"rcp":"RCP8.5","period":"2085","key":"tas","value":21.4,"estimate":"q50","season":"JJA"},{"bfs_id":1021,"rcp":"RCP8.5","period":"2085","key":"tas","value":13.1,"estimate":"q50","season":"SON"},{"bfs_id":1021,"rcp":"RCP8.5","period":"2085","key":"tas","value":5.5,"estimate":"q95","season":"DJF"},{"bfs_id":1021,"rcp":"RCP8.5","period":"2085","key":"tas","value":12.4,"estimate":"q95","season":"MAM"},{"bfs_id":1021,"rcp":"RCP8.5","period":"2085","key":"tas","value":23.7,"estimate":"q95","season":"JJA"},{"bfs_id":1021,"rcp":"RCP8.5","period":"2085","key":"tas","value":14.8,"estimate":"q95","season":"SON"},{"bfs_id":1021,"rcp":"obs","period":"1981-2010","key":"FD","value":91,"estimate":"yearly_mean"},{"bfs_id":1021,"rcp":"obs","period":"1981-2010","key":"HD","value":4.4,"estimate":"yearly_mean"},{"bfs_id":1021,"rcp":"obs","period":"1981-2010","key":"ID","value":26.6,"estimate":"yearly_mean"},{"bfs_id":1021,"rcp":"obs","period":"1981-2010","key":"SD","value":34,"estimate":"yearly_mean"},{"bfs_id":1021,"rcp":"obs","period":"1981-2010","key":"snowdays","value":22.9,"estimate":"yearly_mean"},{"bfs_id":1021,"rcp":"obs","period":"1981-2010","key":"TN","value":0,"estimate":"yearly_mean"},{"bfs_id":1021,"rcp":"obs","period":"1981-2010","key":"pr","value":2.4,"estimate":"mean","season":"DJF"},{"bfs_id":1021,"rcp":"obs","period":"1981-2010","key":"pr","value":3.1,"estimate":"mean","season":"MAM"},{"bfs_id":1021,"rcp":"obs","period":"1981-2010","key":"pr","value":4,"estimate":"mean","season":"JJA"},{"bfs_id":1021,"rcp":"obs","period":"1981-2010","key":"pr","value":2.8,"estimate":"mean","season":"SON"},{"bfs_id":1021,"rcp":"obs","period":"1981-2010","key":"tas","value":0.6,"estimate":"mean","season":"DJF"},{"bfs_id":1021,"rcp":"obs","period":"1981-2010","key":"tas","value":8.5,"estimate":"mean","season":"MAM"},{"bfs_id":1021,"rcp":"obs","period":"1981-2010","key":"tas","value":17.1,"estimate":"mean","season":"JJA"},{"bfs_id":1021,"rcp":"obs","period":"1981-2010","key":"tas","value":9,"estimate":"mean","season":"SON"}]
