[{"bfs_id":5873,"rcp":"RCP2.6","period":"2035","key":"FD","value":92.2,"estimate":"q5"},{"bfs_id":5873,"rcp":"RCP2.6","period":"2035","key":"FD","value":103.9,"estimate":"q50"},{"bfs_id":5873,"rcp":"RCP2.6","period":"2035","key":"FD","value":111.8,"estimate":"q95"},{"bfs_id":5873,"rcp":"RCP2.6","period":"2060","key":"FD","value":87.6,"estimate":"q5"},{"bfs_id":5873,"rcp":"RCP2.6","period":"2060","key":"FD","value":100.4,"estimate":"q50"},{"bfs_id":5873,"rcp":"RCP2.6","period":"2060","key":"FD","value":113.1,"estimate":"q95"},{"bfs_id":5873,"rcp":"RCP2.6","period":"2085","key":"FD","value":88.3,"estimate":"q5"},{"bfs_id":5873,"rcp":"RCP2.6","period":"2085","key":"FD","value":101.3,"estimate":"q50"},{"bfs_id":5873,"rcp":"RCP2.6","period":"2085","key":"FD","value":111.5,"estimate":"q95"},{"bfs_id":5873,"rcp":"RCP8.5","period":"2035","key":"FD","value":89.1,"estimate":"q5"},{"bfs_id":5873,"rcp":"RCP8.5","period":"2035","key":"FD","value":101.2,"estimate":"q50"},{"bfs_id":5873,"rcp":"RCP8.5","period":"2035","key":"FD","value":108.5,"estimate":"q95"},{"bfs_id":5873,"rcp":"RCP8.5","period":"2060","key":"FD","value":73.3,"estimate":"q5"},{"bfs_id":5873,"rcp":"RCP8.5","period":"2060","key":"FD","value":81.2,"estimate":"q50"},{"bfs_id":5873,"rcp":"RCP8.5","period":"2060","key":"FD","value":92.2,"estimate":"q95"},{"bfs_id":5873,"rcp":"RCP8.5","period":"2085","key":"FD","value":48.7,"estimate":"q5"},{"bfs_id":5873,"rcp":"RCP8.5","period":"2085","key":"FD","value":58.7,"estimate":"q50"},{"bfs_id":5873,"rcp":"RCP8.5","period":"2085","key":"FD","value":70.4,"estimate":"q95"},{"bfs_id":5873,"rcp":"RCP2.6","period":"2035","key":"HD","value":0.3,"estimate":"q5"},{"bfs_id":5873,"rcp":"RCP2.6","period":"2035","key":"HD","value":0.9,"estimate":"q50"},{"bfs_id":5873,"rcp":"RCP2.6","period":"2035","key":"HD","value":1.9,"estimate":"q95"},{"bfs_id":5873,"rcp":"RCP2.6","period":"2060","key":"HD","value":0.5,"estimate":"q5"},{"bfs_id":5873,"rcp":"RCP2.6","period":"2060","key":"HD","value":1.1,"estimate":"q50"},{"bfs_id":5873,"rcp":"RCP2.6","period":"2060","key":"HD","value":2.7,"estimate":"q95"},{"bfs_id":5873,"rcp":"RCP2.6","period":"2085","key":"HD","value":0.5,"estimate":"q5"},{"bfs_id":5873,"rcp":"RCP2.6","period":"2085","key":"HD","value":1,"estimate":"q50"},{"bfs_id":5873,"rcp":"RCP2.6","period":"2085","key":"HD","value":2.4,"estimate":"q95"},{"bfs_id":5873,"rcp":"RCP8.5","period":"2035","key":"HD","value":0.6,"estimate":"q5"},{"bfs_id":5873,"rcp":"RCP8.5","period":"2035","key":"HD","value":1.3,"estimate":"q50"},{"bfs_id":5873,"rcp":"RCP8.5","period":"2035","key":"HD","value":3.8,"estimate":"q95"},{"bfs_id":5873,"rcp":"RCP8.5","period":"2060","key":"HD","value":2,"estimate":"q5"},{"bfs_id":5873,"rcp":"RCP8.5","period":"2060","key":"HD","value":3.9,"estimate":"q50"},{"bfs_id":5873,"rcp":"RCP8.5","period":"2060","key":"HD","value":10,"estimate":"q95"},{"bfs_id":5873,"rcp":"RCP8.5","period":"2085","key":"HD","value":6.5,"estimate":"q5"},{"bfs_id":5873,"rcp":"RCP8.5","period":"2085","key":"HD","value":11.2,"estimate":"q50"},{"bfs_id":5873,"rcp":"RCP8.5","period":"2085","key":"HD","value":23.9,"estimate":"q95"},{"bfs_id":5873,"rcp":"RCP2.6","period":"2035","key":"ID","value":20.8,"estimate":"q5"},{"bfs_id":5873,"rcp":"RCP2.6","period":"2035","key":"ID","value":24.7,"estimate":"q50"},{"bfs_id":5873,"rcp":"RCP2.6","period":"2035","key":"ID","value":28.7,"estimate":"q95"},{"bfs_id":5873,"rcp":"RCP2.6","period":"2060","key":"ID","value":18.2,"estimate":"q5"},{"bfs_id":5873,"rcp":"RCP2.6","period":"2060","key":"ID","value":22.9,"estimate":"q50"},{"bfs_id":5873,"rcp":"RCP2.6","period":"2060","key":"ID","value":27.8,"estimate":"q95"},{"bfs_id":5873,"rcp":"RCP2.6","period":"2085","key":"ID","value":17.5,"estimate":"q5"},{"bfs_id":5873,"rcp":"RCP2.6","period":"2085","key":"ID","value":23.6,"estimate":"q50"},{"bfs_id":5873,"rcp":"RCP2.6","period":"2085","key":"ID","value":28.6,"estimate":"q95"},{"bfs_id":5873,"rcp":"RCP8.5","period":"2035","key":"ID","value":18.4,"estimate":"q5"},{"bfs_id":5873,"rcp":"RCP8.5","period":"2035","key":"ID","value":22.9,"estimate":"q50"},{"bfs_id":5873,"rcp":"RCP8.5","period":"2035","key":"ID","value":28.5,"estimate":"q95"},{"bfs_id":5873,"rcp":"RCP8.5","period":"2060","key":"ID","value":13.1,"estimate":"q5"},{"bfs_id":5873,"rcp":"RCP8.5","period":"2060","key":"ID","value":17.4,"estimate":"q50"},{"bfs_id":5873,"rcp":"RCP8.5","period":"2060","key":"ID","value":20,"estimate":"q95"},{"bfs_id":5873,"rcp":"RCP8.5","period":"2085","key":"ID","value":5.6,"estimate":"q5"},{"bfs_id":5873,"rcp":"RCP8.5","period":"2085","key":"ID","value":8.1,"estimate":"q50"},{"bfs_id":5873,"rcp":"RCP8.5","period":"2085","key":"ID","value":12.7,"estimate":"q95"},{"bfs_id":5873,"rcp":"RCP2.6","period":"2035","key":"SD","value":12.8,"estimate":"q5"},{"bfs_id":5873,"rcp":"RCP2.6","period":"2035","key":"SD","value":17.6,"estimate":"q50"},{"bfs_id":5873,"rcp":"RCP2.6","period":"2035","key":"SD","value":23.3,"estimate":"q95"},{"bfs_id":5873,"rcp":"RCP2.6","period":"2060","key":"SD","value":14.4,"estimate":"q5"},{"bfs_id":5873,"rcp":"RCP2.6","period":"2060","key":"SD","value":17.7,"estimate":"q50"},{"bfs_id":5873,"rcp":"RCP2.6","period":"2060","key":"SD","value":26.2,"estimate":"q95"},{"bfs_id":5873,"rcp":"RCP2.6","period":"2085","key":"SD","value":13.8,"estimate":"q5"},{"bfs_id":5873,"rcp":"RCP2.6","period":"2085","key":"SD","value":16.9,"estimate":"q50"},{"bfs_id":5873,"rcp":"RCP2.6","period":"2085","key":"SD","value":25.6,"estimate":"q95"},{"bfs_id":5873,"rcp":"RCP8.5","period":"2035","key":"SD","value":15.3,"estimate":"q5"},{"bfs_id":5873,"rcp":"RCP8.5","period":"2035","key":"SD","value":18.4,"estimate":"q50"},{"bfs_id":5873,"rcp":"RCP8.5","period":"2035","key":"SD","value":25.9,"estimate":"q95"},{"bfs_id":5873,"rcp":"RCP8.5","period":"2060","key":"SD","value":22.4,"estimate":"q5"},{"bfs_id":5873,"rcp":"RCP8.5","period":"2060","key":"SD","value":30.1,"estimate":"q50"},{"bfs_id":5873,"rcp":"RCP8.5","period":"2060","key":"SD","value":42.4,"estimate":"q95"},{"bfs_id":5873,"rcp":"RCP8.5","period":"2085","key":"SD","value":37.3,"estimate":"q5"},{"bfs_id":5873,"rcp":"RCP8.5","period":"2085","key":"SD","value":46.9,"estimate":"q50"},{"bfs_id":5873,"rcp":"RCP8.5","period":"2085","key":"SD","value":69.4,"estimate":"q95"},{"bfs_id":5873,"rcp":"RCP2.6","period":"2035","key":"snowdays","value":29.3,"estimate":"q5"},{"bfs_id":5873,"rcp":"RCP2.6","period":"2035","key":"snowdays","value":35.6,"estimate":"q50"},{"bfs_id":5873,"rcp":"RCP2.6","period":"2035","key":"snowdays","value":45.3,"estimate":"q95"},{"bfs_id":5873,"rcp":"RCP2.6","period":"2060","key":"snowdays","value":26.9,"estimate":"q5"},{"bfs_id":5873,"rcp":"RCP2.6","period":"2060","key":"snowdays","value":34.1,"estimate":"q50"},{"bfs_id":5873,"rcp":"RCP2.6","period":"2060","key":"snowdays","value":45.2,"estimate":"q95"},{"bfs_id":5873,"rcp":"RCP2.6","period":"2085","key":"snowdays","value":26.9,"estimate":"q5"},{"bfs_id":5873,"rcp":"RCP2.6","period":"2085","key":"snowdays","value":33.7,"estimate":"q50"},{"bfs_id":5873,"rcp":"RCP2.6","period":"2085","key":"snowdays","value":46,"estimate":"q95"},{"bfs_id":5873,"rcp":"RCP8.5","period":"2035","key":"snowdays","value":27.3,"estimate":"q5"},{"bfs_id":5873,"rcp":"RCP8.5","period":"2035","key":"snowdays","value":34.1,"estimate":"q50"},{"bfs_id":5873,"rcp":"RCP8.5","period":"2035","key":"snowdays","value":43.3,"estimate":"q95"},{"bfs_id":5873,"rcp":"RCP8.5","period":"2060","key":"snowdays","value":20.5,"estimate":"q5"},{"bfs_id":5873,"rcp":"RCP8.5","period":"2060","key":"snowdays","value":26.3,"estimate":"q50"},{"bfs_id":5873,"rcp":"RCP8.5","period":"2060","key":"snowdays","value":33.4,"estimate":"q95"},{"bfs_id":5873,"rcp":"RCP8.5","period":"2085","key":"snowdays","value":11.5,"estimate":"q5"},{"bfs_id":5873,"rcp":"RCP8.5","period":"2085","key":"snowdays","value":17.4,"estimate":"q50"},{"bfs_id":5873,"rcp":"RCP8.5","period":"2085","key":"snowdays","value":25.7,"estimate":"q95"},{"bfs_id":5873,"rcp":"RCP2.6","period":"2035","key":"TN","value":0,"estimate":"q5"},{"bfs_id":5873,"rcp":"RCP2.6","period":"2035","key":"TN","value":0.1,"estimate":"q50"},{"bfs_id":5873,"rcp":"RCP2.6","period":"2035","key":"TN","value":0.3,"estimate":"q95"},{"bfs_id":5873,"rcp":"RCP2.6","period":"2060","key":"TN","value":0,"estimate":"q5"},{"bfs_id":5873,"rcp":"RCP2.6","period":"2060","key":"TN","value":0.1,"estimate":"q50"},{"bfs_id":5873,"rcp":"RCP2.6","period":"2060","key":"TN","value":0.5,"estimate":"q95"},{"bfs_id":5873,"rcp":"RCP2.6","period":"2085","key":"TN","value":0,"estimate":"q5"},{"bfs_id":5873,"rcp":"RCP2.6","period":"2085","key":"TN","value":0.1,"estimate":"q50"},{"bfs_id":5873,"rcp":"RCP2.6","period":"2085","key":"TN","value":0.4,"estimate":"q95"},{"bfs_id":5873,"rcp":"RCP8.5","period":"2035","key":"TN","value":0,"estimate":"q5"},{"bfs_id":5873,"rcp":"RCP8.5","period":"2035","key":"TN","value":0.1,"estimate":"q50"},{"bfs_id":5873,"rcp":"RCP8.5","period":"2035","key":"TN","value":1.3,"estimate":"q95"},{"bfs_id":5873,"rcp":"RCP8.5","period":"2060","key":"TN","value":0.4,"estimate":"q5"},{"bfs_id":5873,"rcp":"RCP8.5","period":"2060","key":"TN","value":1.1,"estimate":"q50"},{"bfs_id":5873,"rcp":"RCP8.5","period":"2060","key":"TN","value":3.6,"estimate":"q95"},{"bfs_id":5873,"rcp":"RCP8.5","period":"2085","key":"TN","value":2.3,"estimate":"q5"},{"bfs_id":5873,"rcp":"RCP8.5","period":"2085","key":"TN","value":4.9,"estimate":"q50"},{"bfs_id":5873,"rcp":"RCP8.5","period":"2085","key":"TN","value":17.7,"estimate":"q95"},{"bfs_id":5873,"rcp":"RCP2.6","period":"2035","key":"pr","value":4.8,"estimate":"q5","season":"DJF"},{"bfs_id":5873,"rcp":"RCP2.6","period":"2035","key":"pr","value":4.1,"estimate":"q5","season":"MAM"},{"bfs_id":5873,"rcp":"RCP2.6","period":"2035","key":"pr","value":3.5,"estimate":"q5","season":"JJA"},{"bfs_id":5873,"rcp":"RCP2.6","period":"2035","key":"pr","value":4.4,"estimate":"q5","season":"SON"},{"bfs_id":5873,"rcp":"RCP2.6","period":"2035","key":"pr","value":5.7,"estimate":"q50","season":"DJF"},{"bfs_id":5873,"rcp":"RCP2.6","period":"2035","key":"pr","value":4.8,"estimate":"q50","season":"MAM"},{"bfs_id":5873,"rcp":"RCP2.6","period":"2035","key":"pr","value":3.9,"estimate":"q50","season":"JJA"},{"bfs_id":5873,"rcp":"RCP2.6","period":"2035","key":"pr","value":4.7,"estimate":"q50","season":"SON"},{"bfs_id":5873,"rcp":"RCP2.6","period":"2035","key":"pr","value":6.5,"estimate":"q95","season":"DJF"},{"bfs_id":5873,"rcp":"RCP2.6","period":"2035","key":"pr","value":5.2,"estimate":"q95","season":"MAM"},{"bfs_id":5873,"rcp":"RCP2.6","period":"2035","key":"pr","value":4.4,"estimate":"q95","season":"JJA"},{"bfs_id":5873,"rcp":"RCP2.6","period":"2035","key":"pr","value":5.5,"estimate":"q95","season":"SON"},{"bfs_id":5873,"rcp":"RCP2.6","period":"2060","key":"pr","value":5.2,"estimate":"q5","season":"DJF"},{"bfs_id":5873,"rcp":"RCP2.6","period":"2060","key":"pr","value":4.3,"estimate":"q5","season":"MAM"},{"bfs_id":5873,"rcp":"RCP2.6","period":"2060","key":"pr","value":3.4,"estimate":"q5","season":"JJA"},{"bfs_id":5873,"rcp":"RCP2.6","period":"2060","key":"pr","value":4.5,"estimate":"q5","season":"SON"},{"bfs_id":5873,"rcp":"RCP2.6","period":"2060","key":"pr","value":5.8,"estimate":"q50","season":"DJF"},{"bfs_id":5873,"rcp":"RCP2.6","period":"2060","key":"pr","value":4.8,"estimate":"q50","season":"MAM"},{"bfs_id":5873,"rcp":"RCP2.6","period":"2060","key":"pr","value":3.9,"estimate":"q50","season":"JJA"},{"bfs_id":5873,"rcp":"RCP2.6","period":"2060","key":"pr","value":4.8,"estimate":"q50","season":"SON"},{"bfs_id":5873,"rcp":"RCP2.6","period":"2060","key":"pr","value":6.3,"estimate":"q95","season":"DJF"},{"bfs_id":5873,"rcp":"RCP2.6","period":"2060","key":"pr","value":5.2,"estimate":"q95","season":"MAM"},{"bfs_id":5873,"rcp":"RCP2.6","period":"2060","key":"pr","value":4.4,"estimate":"q95","season":"JJA"},{"bfs_id":5873,"rcp":"RCP2.6","period":"2060","key":"pr","value":5.2,"estimate":"q95","season":"SON"},{"bfs_id":5873,"rcp":"RCP2.6","period":"2085","key":"pr","value":5,"estimate":"q5","season":"DJF"},{"bfs_id":5873,"rcp":"RCP2.6","period":"2085","key":"pr","value":4.3,"estimate":"q5","season":"MAM"},{"bfs_id":5873,"rcp":"RCP2.6","period":"2085","key":"pr","value":3.4,"estimate":"q5","season":"JJA"},{"bfs_id":5873,"rcp":"RCP2.6","period":"2085","key":"pr","value":4.3,"estimate":"q5","season":"SON"},{"bfs_id":5873,"rcp":"RCP2.6","period":"2085","key":"pr","value":5.8,"estimate":"q50","season":"DJF"},{"bfs_id":5873,"rcp":"RCP2.6","period":"2085","key":"pr","value":4.7,"estimate":"q50","season":"MAM"},{"bfs_id":5873,"rcp":"RCP2.6","period":"2085","key":"pr","value":3.9,"estimate":"q50","season":"JJA"},{"bfs_id":5873,"rcp":"RCP2.6","period":"2085","key":"pr","value":4.7,"estimate":"q50","season":"SON"},{"bfs_id":5873,"rcp":"RCP2.6","period":"2085","key":"pr","value":6.3,"estimate":"q95","season":"DJF"},{"bfs_id":5873,"rcp":"RCP2.6","period":"2085","key":"pr","value":5.3,"estimate":"q95","season":"MAM"},{"bfs_id":5873,"rcp":"RCP2.6","period":"2085","key":"pr","value":4.5,"estimate":"q95","season":"JJA"},{"bfs_id":5873,"rcp":"RCP2.6","period":"2085","key":"pr","value":5.4,"estimate":"q95","season":"SON"},{"bfs_id":5873,"rcp":"RCP8.5","period":"2035","key":"pr","value":5.3,"estimate":"q5","season":"DJF"},{"bfs_id":5873,"rcp":"RCP8.5","period":"2035","key":"pr","value":4.4,"estimate":"q5","season":"MAM"},{"bfs_id":5873,"rcp":"RCP8.5","period":"2035","key":"pr","value":3.2,"estimate":"q5","season":"JJA"},{"bfs_id":5873,"rcp":"RCP8.5","period":"2035","key":"pr","value":4.3,"estimate":"q5","season":"SON"},{"bfs_id":5873,"rcp":"RCP8.5","period":"2035","key":"pr","value":6,"estimate":"q50","season":"DJF"},{"bfs_id":5873,"rcp":"RCP8.5","period":"2035","key":"pr","value":4.9,"estimate":"q50","season":"MAM"},{"bfs_id":5873,"rcp":"RCP8.5","period":"2035","key":"pr","value":4,"estimate":"q50","season":"JJA"},{"bfs_id":5873,"rcp":"RCP8.5","period":"2035","key":"pr","value":4.9,"estimate":"q50","season":"SON"},{"bfs_id":5873,"rcp":"RCP8.5","period":"2035","key":"pr","value":6.4,"estimate":"q95","season":"DJF"},{"bfs_id":5873,"rcp":"RCP8.5","period":"2035","key":"pr","value":5.2,"estimate":"q95","season":"MAM"},{"bfs_id":5873,"rcp":"RCP8.5","period":"2035","key":"pr","value":4.3,"estimate":"q95","season":"JJA"},{"bfs_id":5873,"rcp":"RCP8.5","period":"2035","key":"pr","value":5.5,"estimate":"q95","season":"SON"},{"bfs_id":5873,"rcp":"RCP8.5","period":"2060","key":"pr","value":5.5,"estimate":"q5","season":"DJF"},{"bfs_id":5873,"rcp":"RCP8.5","period":"2060","key":"pr","value":4.5,"estimate":"q5","season":"MAM"},{"bfs_id":5873,"rcp":"RCP8.5","period":"2060","key":"pr","value":2.9,"estimate":"q5","season":"JJA"},{"bfs_id":5873,"rcp":"RCP8.5","period":"2060","key":"pr","value":4.3,"estimate":"q5","season":"SON"},{"bfs_id":5873,"rcp":"RCP8.5","period":"2060","key":"pr","value":5.9,"estimate":"q50","season":"DJF"},{"bfs_id":5873,"rcp":"RCP8.5","period":"2060","key":"pr","value":4.9,"estimate":"q50","season":"MAM"},{"bfs_id":5873,"rcp":"RCP8.5","period":"2060","key":"pr","value":3.6,"estimate":"q50","season":"JJA"},{"bfs_id":5873,"rcp":"RCP8.5","period":"2060","key":"pr","value":4.9,"estimate":"q50","season":"SON"},{"bfs_id":5873,"rcp":"RCP8.5","period":"2060","key":"pr","value":6.6,"estimate":"q95","season":"DJF"},{"bfs_id":5873,"rcp":"RCP8.5","period":"2060","key":"pr","value":5.2,"estimate":"q95","season":"MAM"},{"bfs_id":5873,"rcp":"RCP8.5","period":"2060","key":"pr","value":4.1,"estimate":"q95","season":"JJA"},{"bfs_id":5873,"rcp":"RCP8.5","period":"2060","key":"pr","value":5.3,"estimate":"q95","season":"SON"},{"bfs_id":5873,"rcp":"RCP8.5","period":"2085","key":"pr","value":5.8,"estimate":"q5","season":"DJF"},{"bfs_id":5873,"rcp":"RCP8.5","period":"2085","key":"pr","value":4.5,"estimate":"q5","season":"MAM"},{"bfs_id":5873,"rcp":"RCP8.5","period":"2085","key":"pr","value":2.3,"estimate":"q5","season":"JJA"},{"bfs_id":5873,"rcp":"RCP8.5","period":"2085","key":"pr","value":3.9,"estimate":"q5","season":"SON"},{"bfs_id":5873,"rcp":"RCP8.5","period":"2085","key":"pr","value":6.4,"estimate":"q50","season":"DJF"},{"bfs_id":5873,"rcp":"RCP8.5","period":"2085","key":"pr","value":5,"estimate":"q50","season":"MAM"},{"bfs_id":5873,"rcp":"RCP8.5","period":"2085","key":"pr","value":3.1,"estimate":"q50","season":"JJA"},{"bfs_id":5873,"rcp":"RCP8.5","period":"2085","key":"pr","value":4.7,"estimate":"q50","season":"SON"},{"bfs_id":5873,"rcp":"RCP8.5","period":"2085","key":"pr","value":7.2,"estimate":"q95","season":"DJF"},{"bfs_id":5873,"rcp":"RCP8.5","period":"2085","key":"pr","value":5.5,"estimate":"q95","season":"MAM"},{"bfs_id":5873,"rcp":"RCP8.5","period":"2085","key":"pr","value":3.8,"estimate":"q95","season":"JJA"},{"bfs_id":5873,"rcp":"RCP8.5","period":"2085","key":"pr","value":5.7,"estimate":"q95","season":"SON"},{"bfs_id":5873,"rcp":"RCP2.6","period":"2035","key":"tas","value":-0.4,"estimate":"q5","season":"DJF"},{"bfs_id":5873,"rcp":"RCP2.6","period":"2035","key":"tas","value":5.9,"estimate":"q5","season":"MAM"},{"bfs_id":5873,"rcp":"RCP2.6","period":"2035","key":"tas","value":15.2,"estimate":"q5","season":"JJA"},{"bfs_id":5873,"rcp":"RCP2.6","period":"2035","key":"tas","value":7.9,"estimate":"q5","season":"SON"},{"bfs_id":5873,"rcp":"RCP2.6","period":"2035","key":"tas","value":-0,"estimate":"q50","season":"DJF"},{"bfs_id":5873,"rcp":"RCP2.6","period":"2035","key":"tas","value":6.5,"estimate":"q50","season":"MAM"},{"bfs_id":5873,"rcp":"RCP2.6","period":"2035","key":"tas","value":15.9,"estimate":"q50","season":"JJA"},{"bfs_id":5873,"rcp":"RCP2.6","period":"2035","key":"tas","value":8.3,"estimate":"q50","season":"SON"},{"bfs_id":5873,"rcp":"RCP2.6","period":"2035","key":"tas","value":0.6,"estimate":"q95","season":"DJF"},{"bfs_id":5873,"rcp":"RCP2.6","period":"2035","key":"tas","value":6.8,"estimate":"q95","season":"MAM"},{"bfs_id":5873,"rcp":"RCP2.6","period":"2035","key":"tas","value":16.5,"estimate":"q95","season":"JJA"},{"bfs_id":5873,"rcp":"RCP2.6","period":"2035","key":"tas","value":9.1,"estimate":"q95","season":"SON"},{"bfs_id":5873,"rcp":"RCP2.6","period":"2060","key":"tas","value":-0.4,"estimate":"q5","season":"DJF"},{"bfs_id":5873,"rcp":"RCP2.6","period":"2060","key":"tas","value":5.8,"estimate":"q5","season":"MAM"},{"bfs_id":5873,"rcp":"RCP2.6","period":"2060","key":"tas","value":15.4,"estimate":"q5","season":"JJA"},{"bfs_id":5873,"rcp":"RCP2.6","period":"2060","key":"tas","value":8.1,"estimate":"q5","season":"SON"},{"bfs_id":5873,"rcp":"RCP2.6","period":"2060","key":"tas","value":0.4,"estimate":"q50","season":"DJF"},{"bfs_id":5873,"rcp":"RCP2.6","period":"2060","key":"tas","value":6.5,"estimate":"q50","season":"MAM"},{"bfs_id":5873,"rcp":"RCP2.6","period":"2060","key":"tas","value":15.9,"estimate":"q50","season":"JJA"},{"bfs_id":5873,"rcp":"RCP2.6","period":"2060","key":"tas","value":8.6,"estimate":"q50","season":"SON"},{"bfs_id":5873,"rcp":"RCP2.6","period":"2060","key":"tas","value":0.9,"estimate":"q95","season":"DJF"},{"bfs_id":5873,"rcp":"RCP2.6","period":"2060","key":"tas","value":7.1,"estimate":"q95","season":"MAM"},{"bfs_id":5873,"rcp":"RCP2.6","period":"2060","key":"tas","value":16.7,"estimate":"q95","season":"JJA"},{"bfs_id":5873,"rcp":"RCP2.6","period":"2060","key":"tas","value":9.5,"estimate":"q95","season":"SON"},{"bfs_id":5873,"rcp":"RCP2.6","period":"2085","key":"tas","value":-0.4,"estimate":"q5","season":"DJF"},{"bfs_id":5873,"rcp":"RCP2.6","period":"2085","key":"tas","value":5.8,"estimate":"q5","season":"MAM"},{"bfs_id":5873,"rcp":"RCP2.6","period":"2085","key":"tas","value":15.3,"estimate":"q5","season":"JJA"},{"bfs_id":5873,"rcp":"RCP2.6","period":"2085","key":"tas","value":7.9,"estimate":"q5","season":"SON"},{"bfs_id":5873,"rcp":"RCP2.6","period":"2085","key":"tas","value":0.2,"estimate":"q50","season":"DJF"},{"bfs_id":5873,"rcp":"RCP2.6","period":"2085","key":"tas","value":6.6,"estimate":"q50","season":"MAM"},{"bfs_id":5873,"rcp":"RCP2.6","period":"2085","key":"tas","value":15.9,"estimate":"q50","season":"JJA"},{"bfs_id":5873,"rcp":"RCP2.6","period":"2085","key":"tas","value":8.5,"estimate":"q50","season":"SON"},{"bfs_id":5873,"rcp":"RCP2.6","period":"2085","key":"tas","value":1,"estimate":"q95","season":"DJF"},{"bfs_id":5873,"rcp":"RCP2.6","period":"2085","key":"tas","value":7.1,"estimate":"q95","season":"MAM"},{"bfs_id":5873,"rcp":"RCP2.6","period":"2085","key":"tas","value":16.7,"estimate":"q95","season":"JJA"},{"bfs_id":5873,"rcp":"RCP2.6","period":"2085","key":"tas","value":9.4,"estimate":"q95","season":"SON"},{"bfs_id":5873,"rcp":"RCP8.5","period":"2035","key":"tas","value":-0.2,"estimate":"q5","season":"DJF"},{"bfs_id":5873,"rcp":"RCP8.5","period":"2035","key":"tas","value":6.1,"estimate":"q5","season":"MAM"},{"bfs_id":5873,"rcp":"RCP8.5","period":"2035","key":"tas","value":15.5,"estimate":"q5","season":"JJA"},{"bfs_id":5873,"rcp":"RCP8.5","period":"2035","key":"tas","value":8.1,"estimate":"q5","season":"SON"},{"bfs_id":5873,"rcp":"RCP8.5","period":"2035","key":"tas","value":0.4,"estimate":"q50","season":"DJF"},{"bfs_id":5873,"rcp":"RCP8.5","period":"2035","key":"tas","value":6.5,"estimate":"q50","season":"MAM"},{"bfs_id":5873,"rcp":"RCP8.5","period":"2035","key":"tas","value":16.2,"estimate":"q50","season":"JJA"},{"bfs_id":5873,"rcp":"RCP8.5","period":"2035","key":"tas","value":8.6,"estimate":"q50","season":"SON"},{"bfs_id":5873,"rcp":"RCP8.5","period":"2035","key":"tas","value":0.9,"estimate":"q95","season":"DJF"},{"bfs_id":5873,"rcp":"RCP8.5","period":"2035","key":"tas","value":7.1,"estimate":"q95","season":"MAM"},{"bfs_id":5873,"rcp":"RCP8.5","period":"2035","key":"tas","value":16.9,"estimate":"q95","season":"JJA"},{"bfs_id":5873,"rcp":"RCP8.5","period":"2035","key":"tas","value":9.5,"estimate":"q95","season":"SON"},{"bfs_id":5873,"rcp":"RCP8.5","period":"2060","key":"tas","value":0.9,"estimate":"q5","season":"DJF"},{"bfs_id":5873,"rcp":"RCP8.5","period":"2060","key":"tas","value":6.9,"estimate":"q5","season":"MAM"},{"bfs_id":5873,"rcp":"RCP8.5","period":"2060","key":"tas","value":16.8,"estimate":"q5","season":"JJA"},{"bfs_id":5873,"rcp":"RCP8.5","period":"2060","key":"tas","value":9.4,"estimate":"q5","season":"SON"},{"bfs_id":5873,"rcp":"RCP8.5","period":"2060","key":"tas","value":1.3,"estimate":"q50","season":"DJF"},{"bfs_id":5873,"rcp":"RCP8.5","period":"2060","key":"tas","value":7.5,"estimate":"q50","season":"MAM"},{"bfs_id":5873,"rcp":"RCP8.5","period":"2060","key":"tas","value":17.4,"estimate":"q50","season":"JJA"},{"bfs_id":5873,"rcp":"RCP8.5","period":"2060","key":"tas","value":10,"estimate":"q50","season":"SON"},{"bfs_id":5873,"rcp":"RCP8.5","period":"2060","key":"tas","value":2,"estimate":"q95","season":"DJF"},{"bfs_id":5873,"rcp":"RCP8.5","period":"2060","key":"tas","value":8.3,"estimate":"q95","season":"MAM"},{"bfs_id":5873,"rcp":"RCP8.5","period":"2060","key":"tas","value":18.7,"estimate":"q95","season":"JJA"},{"bfs_id":5873,"rcp":"RCP8.5","period":"2060","key":"tas","value":10.8,"estimate":"q95","season":"SON"},{"bfs_id":5873,"rcp":"RCP8.5","period":"2085","key":"tas","value":2,"estimate":"q5","season":"DJF"},{"bfs_id":5873,"rcp":"RCP8.5","period":"2085","key":"tas","value":8,"estimate":"q5","season":"MAM"},{"bfs_id":5873,"rcp":"RCP8.5","period":"2085","key":"tas","value":18.3,"estimate":"q5","season":"JJA"},{"bfs_id":5873,"rcp":"RCP8.5","period":"2085","key":"tas","value":10.5,"estimate":"q5","season":"SON"},{"bfs_id":5873,"rcp":"RCP8.5","period":"2085","key":"tas","value":3.1,"estimate":"q50","season":"DJF"},{"bfs_id":5873,"rcp":"RCP8.5","period":"2085","key":"tas","value":8.8,"estimate":"q50","season":"MAM"},{"bfs_id":5873,"rcp":"RCP8.5","period":"2085","key":"tas","value":19.2,"estimate":"q50","season":"JJA"},{"bfs_id":5873,"rcp":"RCP8.5","period":"2085","key":"tas","value":11.4,"estimate":"q50","season":"SON"},{"bfs_id":5873,"rcp":"RCP8.5","period":"2085","key":"tas","value":4,"estimate":"q95","season":"DJF"},{"bfs_id":5873,"rcp":"RCP8.5","period":"2085","key":"tas","value":10.1,"estimate":"q95","season":"MAM"},{"bfs_id":5873,"rcp":"RCP8.5","period":"2085","key":"tas","value":21.4,"estimate":"q95","season":"JJA"},{"bfs_id":5873,"rcp":"RCP8.5","period":"2085","key":"tas","value":13,"estimate":"q95","season":"SON"},{"bfs_id":5873,"rcp":"obs","period":"1981-2010","key":"FD","value":119.2,"estimate":"yearly_mean"},{"bfs_id":5873,"rcp":"obs","period":"1981-2010","key":"HD","value":0.2,"estimate":"yearly_mean"},{"bfs_id":5873,"rcp":"obs","period":"1981-2010","key":"ID","value":33.8,"estimate":"yearly_mean"},{"bfs_id":5873,"rcp":"obs","period":"1981-2010","key":"SD","value":10,"estimate":"yearly_mean"},{"bfs_id":5873,"rcp":"obs","period":"1981-2010","key":"snowdays","value":43.3,"estimate":"yearly_mean"},{"bfs_id":5873,"rcp":"obs","period":"1981-2010","key":"TN","value":0,"estimate":"yearly_mean"},{"bfs_id":5873,"rcp":"obs","period":"1981-2010","key":"pr","value":5.4,"estimate":"mean","season":"DJF"},{"bfs_id":5873,"rcp":"obs","period":"1981-2010","key":"pr","value":4.6,"estimate":"mean","season":"MAM"},{"bfs_id":5873,"rcp":"obs","period":"1981-2010","key":"pr","value":4.2,"estimate":"mean","season":"JJA"},{"bfs_id":5873,"rcp":"obs","period":"1981-2010","key":"pr","value":4.9,"estimate":"mean","season":"SON"},{"bfs_id":5873,"rcp":"obs","period":"1981-2010","key":"tas","value":-1.1,"estimate":"mean","season":"DJF"},{"bfs_id":5873,"rcp":"obs","period":"1981-2010","key":"tas","value":5.8,"estimate":"mean","season":"MAM"},{"bfs_id":5873,"rcp":"obs","period":"1981-2010","key":"tas","value":14.5,"estimate":"mean","season":"JJA"},{"bfs_id":5873,"rcp":"obs","period":"1981-2010","key":"tas","value":7.2,"estimate":"mean","season":"SON"}]
