[{"bfs_id":33,"rcp":"RCP2.6","period":"2035","key":"FD","value":57.8,"estimate":"q5"},{"bfs_id":33,"rcp":"RCP2.6","period":"2035","key":"FD","value":68.7,"estimate":"q50"},{"bfs_id":33,"rcp":"RCP2.6","period":"2035","key":"FD","value":74.4,"estimate":"q95"},{"bfs_id":33,"rcp":"RCP2.6","period":"2060","key":"FD","value":55.9,"estimate":"q5"},{"bfs_id":33,"rcp":"RCP2.6","period":"2060","key":"FD","value":66.4,"estimate":"q50"},{"bfs_id":33,"rcp":"RCP2.6","period":"2060","key":"FD","value":71.8,"estimate":"q95"},{"bfs_id":33,"rcp":"RCP2.6","period":"2085","key":"FD","value":56.7,"estimate":"q5"},{"bfs_id":33,"rcp":"RCP2.6","period":"2085","key":"FD","value":66.8,"estimate":"q50"},{"bfs_id":33,"rcp":"RCP2.6","period":"2085","key":"FD","value":73.2,"estimate":"q95"},{"bfs_id":33,"rcp":"RCP8.5","period":"2035","key":"FD","value":54.6,"estimate":"q5"},{"bfs_id":33,"rcp":"RCP8.5","period":"2035","key":"FD","value":64.6,"estimate":"q50"},{"bfs_id":33,"rcp":"RCP8.5","period":"2035","key":"FD","value":70.6,"estimate":"q95"},{"bfs_id":33,"rcp":"RCP8.5","period":"2060","key":"FD","value":44.7,"estimate":"q5"},{"bfs_id":33,"rcp":"RCP8.5","period":"2060","key":"FD","value":50.8,"estimate":"q50"},{"bfs_id":33,"rcp":"RCP8.5","period":"2060","key":"FD","value":57.5,"estimate":"q95"},{"bfs_id":33,"rcp":"RCP8.5","period":"2085","key":"FD","value":24.8,"estimate":"q5"},{"bfs_id":33,"rcp":"RCP8.5","period":"2085","key":"FD","value":30.4,"estimate":"q50"},{"bfs_id":33,"rcp":"RCP8.5","period":"2085","key":"FD","value":41.4,"estimate":"q95"},{"bfs_id":33,"rcp":"RCP2.6","period":"2035","key":"HD","value":11.8,"estimate":"q5"},{"bfs_id":33,"rcp":"RCP2.6","period":"2035","key":"HD","value":15.4,"estimate":"q50"},{"bfs_id":33,"rcp":"RCP2.6","period":"2035","key":"HD","value":20.3,"estimate":"q95"},{"bfs_id":33,"rcp":"RCP2.6","period":"2060","key":"HD","value":12.7,"estimate":"q5"},{"bfs_id":33,"rcp":"RCP2.6","period":"2060","key":"HD","value":15,"estimate":"q50"},{"bfs_id":33,"rcp":"RCP2.6","period":"2060","key":"HD","value":22.5,"estimate":"q95"},{"bfs_id":33,"rcp":"RCP2.6","period":"2085","key":"HD","value":12.3,"estimate":"q5"},{"bfs_id":33,"rcp":"RCP2.6","period":"2085","key":"HD","value":15.5,"estimate":"q50"},{"bfs_id":33,"rcp":"RCP2.6","period":"2085","key":"HD","value":21.7,"estimate":"q95"},{"bfs_id":33,"rcp":"RCP8.5","period":"2035","key":"HD","value":13.1,"estimate":"q5"},{"bfs_id":33,"rcp":"RCP8.5","period":"2035","key":"HD","value":16.8,"estimate":"q50"},{"bfs_id":33,"rcp":"RCP8.5","period":"2035","key":"HD","value":22.7,"estimate":"q95"},{"bfs_id":33,"rcp":"RCP8.5","period":"2060","key":"HD","value":20,"estimate":"q5"},{"bfs_id":33,"rcp":"RCP8.5","period":"2060","key":"HD","value":26.2,"estimate":"q50"},{"bfs_id":33,"rcp":"RCP8.5","period":"2060","key":"HD","value":38.1,"estimate":"q95"},{"bfs_id":33,"rcp":"RCP8.5","period":"2085","key":"HD","value":34.3,"estimate":"q5"},{"bfs_id":33,"rcp":"RCP8.5","period":"2085","key":"HD","value":40.2,"estimate":"q50"},{"bfs_id":33,"rcp":"RCP8.5","period":"2085","key":"HD","value":65.2,"estimate":"q95"},{"bfs_id":33,"rcp":"RCP2.6","period":"2035","key":"ID","value":9.8,"estimate":"q5"},{"bfs_id":33,"rcp":"RCP2.6","period":"2035","key":"ID","value":13.3,"estimate":"q50"},{"bfs_id":33,"rcp":"RCP2.6","period":"2035","key":"ID","value":16.7,"estimate":"q95"},{"bfs_id":33,"rcp":"RCP2.6","period":"2060","key":"ID","value":9.4,"estimate":"q5"},{"bfs_id":33,"rcp":"RCP2.6","period":"2060","key":"ID","value":13.4,"estimate":"q50"},{"bfs_id":33,"rcp":"RCP2.6","period":"2060","key":"ID","value":16.5,"estimate":"q95"},{"bfs_id":33,"rcp":"RCP2.6","period":"2085","key":"ID","value":9.7,"estimate":"q5"},{"bfs_id":33,"rcp":"RCP2.6","period":"2085","key":"ID","value":12.9,"estimate":"q50"},{"bfs_id":33,"rcp":"RCP2.6","period":"2085","key":"ID","value":15.3,"estimate":"q95"},{"bfs_id":33,"rcp":"RCP8.5","period":"2035","key":"ID","value":9.3,"estimate":"q5"},{"bfs_id":33,"rcp":"RCP8.5","period":"2035","key":"ID","value":12,"estimate":"q50"},{"bfs_id":33,"rcp":"RCP8.5","period":"2035","key":"ID","value":17,"estimate":"q95"},{"bfs_id":33,"rcp":"RCP8.5","period":"2060","key":"ID","value":5.7,"estimate":"q5"},{"bfs_id":33,"rcp":"RCP8.5","period":"2060","key":"ID","value":8.6,"estimate":"q50"},{"bfs_id":33,"rcp":"RCP8.5","period":"2060","key":"ID","value":11.3,"estimate":"q95"},{"bfs_id":33,"rcp":"RCP8.5","period":"2085","key":"ID","value":1.4,"estimate":"q5"},{"bfs_id":33,"rcp":"RCP8.5","period":"2085","key":"ID","value":3.6,"estimate":"q50"},{"bfs_id":33,"rcp":"RCP8.5","period":"2085","key":"ID","value":6,"estimate":"q95"},{"bfs_id":33,"rcp":"RCP2.6","period":"2035","key":"SD","value":54.2,"estimate":"q5"},{"bfs_id":33,"rcp":"RCP2.6","period":"2035","key":"SD","value":60.8,"estimate":"q50"},{"bfs_id":33,"rcp":"RCP2.6","period":"2035","key":"SD","value":67.9,"estimate":"q95"},{"bfs_id":33,"rcp":"RCP2.6","period":"2060","key":"SD","value":55.1,"estimate":"q5"},{"bfs_id":33,"rcp":"RCP2.6","period":"2060","key":"SD","value":62,"estimate":"q50"},{"bfs_id":33,"rcp":"RCP2.6","period":"2060","key":"SD","value":68.7,"estimate":"q95"},{"bfs_id":33,"rcp":"RCP2.6","period":"2085","key":"SD","value":53.4,"estimate":"q5"},{"bfs_id":33,"rcp":"RCP2.6","period":"2085","key":"SD","value":62.1,"estimate":"q50"},{"bfs_id":33,"rcp":"RCP2.6","period":"2085","key":"SD","value":69.8,"estimate":"q95"},{"bfs_id":33,"rcp":"RCP8.5","period":"2035","key":"SD","value":56.6,"estimate":"q5"},{"bfs_id":33,"rcp":"RCP8.5","period":"2035","key":"SD","value":62.8,"estimate":"q50"},{"bfs_id":33,"rcp":"RCP8.5","period":"2035","key":"SD","value":69.8,"estimate":"q95"},{"bfs_id":33,"rcp":"RCP8.5","period":"2060","key":"SD","value":72.1,"estimate":"q5"},{"bfs_id":33,"rcp":"RCP8.5","period":"2060","key":"SD","value":77.3,"estimate":"q50"},{"bfs_id":33,"rcp":"RCP8.5","period":"2060","key":"SD","value":91.5,"estimate":"q95"},{"bfs_id":33,"rcp":"RCP8.5","period":"2085","key":"SD","value":86.7,"estimate":"q5"},{"bfs_id":33,"rcp":"RCP8.5","period":"2085","key":"SD","value":99.6,"estimate":"q50"},{"bfs_id":33,"rcp":"RCP8.5","period":"2085","key":"SD","value":117.8,"estimate":"q95"},{"bfs_id":33,"rcp":"RCP2.6","period":"2035","key":"snowdays","value":10.5,"estimate":"q5"},{"bfs_id":33,"rcp":"RCP2.6","period":"2035","key":"snowdays","value":14.6,"estimate":"q50"},{"bfs_id":33,"rcp":"RCP2.6","period":"2035","key":"snowdays","value":16.3,"estimate":"q95"},{"bfs_id":33,"rcp":"RCP2.6","period":"2060","key":"snowdays","value":9.9,"estimate":"q5"},{"bfs_id":33,"rcp":"RCP2.6","period":"2060","key":"snowdays","value":13.8,"estimate":"q50"},{"bfs_id":33,"rcp":"RCP2.6","period":"2060","key":"snowdays","value":16.1,"estimate":"q95"},{"bfs_id":33,"rcp":"RCP2.6","period":"2085","key":"snowdays","value":9.4,"estimate":"q5"},{"bfs_id":33,"rcp":"RCP2.6","period":"2085","key":"snowdays","value":13.7,"estimate":"q50"},{"bfs_id":33,"rcp":"RCP2.6","period":"2085","key":"snowdays","value":16.4,"estimate":"q95"},{"bfs_id":33,"rcp":"RCP8.5","period":"2035","key":"snowdays","value":9.1,"estimate":"q5"},{"bfs_id":33,"rcp":"RCP8.5","period":"2035","key":"snowdays","value":13.4,"estimate":"q50"},{"bfs_id":33,"rcp":"RCP8.5","period":"2035","key":"snowdays","value":15.7,"estimate":"q95"},{"bfs_id":33,"rcp":"RCP8.5","period":"2060","key":"snowdays","value":6.5,"estimate":"q5"},{"bfs_id":33,"rcp":"RCP8.5","period":"2060","key":"snowdays","value":10.1,"estimate":"q50"},{"bfs_id":33,"rcp":"RCP8.5","period":"2060","key":"snowdays","value":11.9,"estimate":"q95"},{"bfs_id":33,"rcp":"RCP8.5","period":"2085","key":"snowdays","value":2.4,"estimate":"q5"},{"bfs_id":33,"rcp":"RCP8.5","period":"2085","key":"snowdays","value":5.7,"estimate":"q50"},{"bfs_id":33,"rcp":"RCP8.5","period":"2085","key":"snowdays","value":7.6,"estimate":"q95"},{"bfs_id":33,"rcp":"RCP2.6","period":"2035","key":"TN","value":0.2,"estimate":"q5"},{"bfs_id":33,"rcp":"RCP2.6","period":"2035","key":"TN","value":0.7,"estimate":"q50"},{"bfs_id":33,"rcp":"RCP2.6","period":"2035","key":"TN","value":1.4,"estimate":"q95"},{"bfs_id":33,"rcp":"RCP2.6","period":"2060","key":"TN","value":0.4,"estimate":"q5"},{"bfs_id":33,"rcp":"RCP2.6","period":"2060","key":"TN","value":0.9,"estimate":"q50"},{"bfs_id":33,"rcp":"RCP2.6","period":"2060","key":"TN","value":1.8,"estimate":"q95"},{"bfs_id":33,"rcp":"RCP2.6","period":"2085","key":"TN","value":0.3,"estimate":"q5"},{"bfs_id":33,"rcp":"RCP2.6","period":"2085","key":"TN","value":0.9,"estimate":"q50"},{"bfs_id":33,"rcp":"RCP2.6","period":"2085","key":"TN","value":1.5,"estimate":"q95"},{"bfs_id":33,"rcp":"RCP8.5","period":"2035","key":"TN","value":0.5,"estimate":"q5"},{"bfs_id":33,"rcp":"RCP8.5","period":"2035","key":"TN","value":1,"estimate":"q50"},{"bfs_id":33,"rcp":"RCP8.5","period":"2035","key":"TN","value":2.6,"estimate":"q95"},{"bfs_id":33,"rcp":"RCP8.5","period":"2060","key":"TN","value":1.9,"estimate":"q5"},{"bfs_id":33,"rcp":"RCP8.5","period":"2060","key":"TN","value":4.4,"estimate":"q50"},{"bfs_id":33,"rcp":"RCP8.5","period":"2060","key":"TN","value":8.8,"estimate":"q95"},{"bfs_id":33,"rcp":"RCP8.5","period":"2085","key":"TN","value":7.7,"estimate":"q5"},{"bfs_id":33,"rcp":"RCP8.5","period":"2085","key":"TN","value":11.8,"estimate":"q50"},{"bfs_id":33,"rcp":"RCP8.5","period":"2085","key":"TN","value":27.9,"estimate":"q95"},{"bfs_id":33,"rcp":"RCP2.6","period":"2035","key":"pr","value":2.1,"estimate":"q5","season":"DJF"},{"bfs_id":33,"rcp":"RCP2.6","period":"2035","key":"pr","value":2.2,"estimate":"q5","season":"MAM"},{"bfs_id":33,"rcp":"RCP2.6","period":"2035","key":"pr","value":2.5,"estimate":"q5","season":"JJA"},{"bfs_id":33,"rcp":"RCP2.6","period":"2035","key":"pr","value":2.1,"estimate":"q5","season":"SON"},{"bfs_id":33,"rcp":"RCP2.6","period":"2035","key":"pr","value":2.3,"estimate":"q50","season":"DJF"},{"bfs_id":33,"rcp":"RCP2.6","period":"2035","key":"pr","value":2.5,"estimate":"q50","season":"MAM"},{"bfs_id":33,"rcp":"RCP2.6","period":"2035","key":"pr","value":2.9,"estimate":"q50","season":"JJA"},{"bfs_id":33,"rcp":"RCP2.6","period":"2035","key":"pr","value":2.3,"estimate":"q50","season":"SON"},{"bfs_id":33,"rcp":"RCP2.6","period":"2035","key":"pr","value":2.8,"estimate":"q95","season":"DJF"},{"bfs_id":33,"rcp":"RCP2.6","period":"2035","key":"pr","value":2.7,"estimate":"q95","season":"MAM"},{"bfs_id":33,"rcp":"RCP2.6","period":"2035","key":"pr","value":3.2,"estimate":"q95","season":"JJA"},{"bfs_id":33,"rcp":"RCP2.6","period":"2035","key":"pr","value":2.9,"estimate":"q95","season":"SON"},{"bfs_id":33,"rcp":"RCP2.6","period":"2060","key":"pr","value":2,"estimate":"q5","season":"DJF"},{"bfs_id":33,"rcp":"RCP2.6","period":"2060","key":"pr","value":2.3,"estimate":"q5","season":"MAM"},{"bfs_id":33,"rcp":"RCP2.6","period":"2060","key":"pr","value":2.6,"estimate":"q5","season":"JJA"},{"bfs_id":33,"rcp":"RCP2.6","period":"2060","key":"pr","value":2.2,"estimate":"q5","season":"SON"},{"bfs_id":33,"rcp":"RCP2.6","period":"2060","key":"pr","value":2.3,"estimate":"q50","season":"DJF"},{"bfs_id":33,"rcp":"RCP2.6","period":"2060","key":"pr","value":2.5,"estimate":"q50","season":"MAM"},{"bfs_id":33,"rcp":"RCP2.6","period":"2060","key":"pr","value":2.8,"estimate":"q50","season":"JJA"},{"bfs_id":33,"rcp":"RCP2.6","period":"2060","key":"pr","value":2.4,"estimate":"q50","season":"SON"},{"bfs_id":33,"rcp":"RCP2.6","period":"2060","key":"pr","value":2.6,"estimate":"q95","season":"DJF"},{"bfs_id":33,"rcp":"RCP2.6","period":"2060","key":"pr","value":2.7,"estimate":"q95","season":"MAM"},{"bfs_id":33,"rcp":"RCP2.6","period":"2060","key":"pr","value":3.2,"estimate":"q95","season":"JJA"},{"bfs_id":33,"rcp":"RCP2.6","period":"2060","key":"pr","value":2.8,"estimate":"q95","season":"SON"},{"bfs_id":33,"rcp":"RCP2.6","period":"2085","key":"pr","value":2.1,"estimate":"q5","season":"DJF"},{"bfs_id":33,"rcp":"RCP2.6","period":"2085","key":"pr","value":2.2,"estimate":"q5","season":"MAM"},{"bfs_id":33,"rcp":"RCP2.6","period":"2085","key":"pr","value":2.5,"estimate":"q5","season":"JJA"},{"bfs_id":33,"rcp":"RCP2.6","period":"2085","key":"pr","value":2.1,"estimate":"q5","season":"SON"},{"bfs_id":33,"rcp":"RCP2.6","period":"2085","key":"pr","value":2.3,"estimate":"q50","season":"DJF"},{"bfs_id":33,"rcp":"RCP2.6","period":"2085","key":"pr","value":2.5,"estimate":"q50","season":"MAM"},{"bfs_id":33,"rcp":"RCP2.6","period":"2085","key":"pr","value":2.9,"estimate":"q50","season":"JJA"},{"bfs_id":33,"rcp":"RCP2.6","period":"2085","key":"pr","value":2.4,"estimate":"q50","season":"SON"},{"bfs_id":33,"rcp":"RCP2.6","period":"2085","key":"pr","value":2.7,"estimate":"q95","season":"DJF"},{"bfs_id":33,"rcp":"RCP2.6","period":"2085","key":"pr","value":2.7,"estimate":"q95","season":"MAM"},{"bfs_id":33,"rcp":"RCP2.6","period":"2085","key":"pr","value":3.1,"estimate":"q95","season":"JJA"},{"bfs_id":33,"rcp":"RCP2.6","period":"2085","key":"pr","value":2.8,"estimate":"q95","season":"SON"},{"bfs_id":33,"rcp":"RCP8.5","period":"2035","key":"pr","value":2.1,"estimate":"q5","season":"DJF"},{"bfs_id":33,"rcp":"RCP8.5","period":"2035","key":"pr","value":2.3,"estimate":"q5","season":"MAM"},{"bfs_id":33,"rcp":"RCP8.5","period":"2035","key":"pr","value":2.4,"estimate":"q5","season":"JJA"},{"bfs_id":33,"rcp":"RCP8.5","period":"2035","key":"pr","value":2.2,"estimate":"q5","season":"SON"},{"bfs_id":33,"rcp":"RCP8.5","period":"2035","key":"pr","value":2.4,"estimate":"q50","season":"DJF"},{"bfs_id":33,"rcp":"RCP8.5","period":"2035","key":"pr","value":2.6,"estimate":"q50","season":"MAM"},{"bfs_id":33,"rcp":"RCP8.5","period":"2035","key":"pr","value":2.9,"estimate":"q50","season":"JJA"},{"bfs_id":33,"rcp":"RCP8.5","period":"2035","key":"pr","value":2.5,"estimate":"q50","season":"SON"},{"bfs_id":33,"rcp":"RCP8.5","period":"2035","key":"pr","value":2.7,"estimate":"q95","season":"DJF"},{"bfs_id":33,"rcp":"RCP8.5","period":"2035","key":"pr","value":2.8,"estimate":"q95","season":"MAM"},{"bfs_id":33,"rcp":"RCP8.5","period":"2035","key":"pr","value":3.2,"estimate":"q95","season":"JJA"},{"bfs_id":33,"rcp":"RCP8.5","period":"2035","key":"pr","value":2.9,"estimate":"q95","season":"SON"},{"bfs_id":33,"rcp":"RCP8.5","period":"2060","key":"pr","value":2.2,"estimate":"q5","season":"DJF"},{"bfs_id":33,"rcp":"RCP8.5","period":"2060","key":"pr","value":2.5,"estimate":"q5","season":"MAM"},{"bfs_id":33,"rcp":"RCP8.5","period":"2060","key":"pr","value":2.2,"estimate":"q5","season":"JJA"},{"bfs_id":33,"rcp":"RCP8.5","period":"2060","key":"pr","value":2.2,"estimate":"q5","season":"SON"},{"bfs_id":33,"rcp":"RCP8.5","period":"2060","key":"pr","value":2.5,"estimate":"q50","season":"DJF"},{"bfs_id":33,"rcp":"RCP8.5","period":"2060","key":"pr","value":2.7,"estimate":"q50","season":"MAM"},{"bfs_id":33,"rcp":"RCP8.5","period":"2060","key":"pr","value":2.8,"estimate":"q50","season":"JJA"},{"bfs_id":33,"rcp":"RCP8.5","period":"2060","key":"pr","value":2.5,"estimate":"q50","season":"SON"},{"bfs_id":33,"rcp":"RCP8.5","period":"2060","key":"pr","value":2.9,"estimate":"q95","season":"DJF"},{"bfs_id":33,"rcp":"RCP8.5","period":"2060","key":"pr","value":2.9,"estimate":"q95","season":"MAM"},{"bfs_id":33,"rcp":"RCP8.5","period":"2060","key":"pr","value":3.2,"estimate":"q95","season":"JJA"},{"bfs_id":33,"rcp":"RCP8.5","period":"2060","key":"pr","value":2.9,"estimate":"q95","season":"SON"},{"bfs_id":33,"rcp":"RCP8.5","period":"2085","key":"pr","value":2.4,"estimate":"q5","season":"DJF"},{"bfs_id":33,"rcp":"RCP8.5","period":"2085","key":"pr","value":2.5,"estimate":"q5","season":"MAM"},{"bfs_id":33,"rcp":"RCP8.5","period":"2085","key":"pr","value":1.7,"estimate":"q5","season":"JJA"},{"bfs_id":33,"rcp":"RCP8.5","period":"2085","key":"pr","value":2.1,"estimate":"q5","season":"SON"},{"bfs_id":33,"rcp":"RCP8.5","period":"2085","key":"pr","value":2.8,"estimate":"q50","season":"DJF"},{"bfs_id":33,"rcp":"RCP8.5","period":"2085","key":"pr","value":2.9,"estimate":"q50","season":"MAM"},{"bfs_id":33,"rcp":"RCP8.5","period":"2085","key":"pr","value":2.6,"estimate":"q50","season":"JJA"},{"bfs_id":33,"rcp":"RCP8.5","period":"2085","key":"pr","value":2.5,"estimate":"q50","season":"SON"},{"bfs_id":33,"rcp":"RCP8.5","period":"2085","key":"pr","value":3.2,"estimate":"q95","season":"DJF"},{"bfs_id":33,"rcp":"RCP8.5","period":"2085","key":"pr","value":3.1,"estimate":"q95","season":"MAM"},{"bfs_id":33,"rcp":"RCP8.5","period":"2085","key":"pr","value":3.1,"estimate":"q95","season":"JJA"},{"bfs_id":33,"rcp":"RCP8.5","period":"2085","key":"pr","value":3.2,"estimate":"q95","season":"SON"},{"bfs_id":33,"rcp":"RCP2.6","period":"2035","key":"tas","value":1.6,"estimate":"q5","season":"DJF"},{"bfs_id":33,"rcp":"RCP2.6","period":"2035","key":"tas","value":9.6,"estimate":"q5","season":"MAM"},{"bfs_id":33,"rcp":"RCP2.6","period":"2035","key":"tas","value":18.7,"estimate":"q5","season":"JJA"},{"bfs_id":33,"rcp":"RCP2.6","period":"2035","key":"tas","value":10.3,"estimate":"q5","season":"SON"},{"bfs_id":33,"rcp":"RCP2.6","period":"2035","key":"tas","value":2.2,"estimate":"q50","season":"DJF"},{"bfs_id":33,"rcp":"RCP2.6","period":"2035","key":"tas","value":10.1,"estimate":"q50","season":"MAM"},{"bfs_id":33,"rcp":"RCP2.6","period":"2035","key":"tas","value":19.2,"estimate":"q50","season":"JJA"},{"bfs_id":33,"rcp":"RCP2.6","period":"2035","key":"tas","value":10.6,"estimate":"q50","season":"SON"},{"bfs_id":33,"rcp":"RCP2.6","period":"2035","key":"tas","value":3,"estimate":"q95","season":"DJF"},{"bfs_id":33,"rcp":"RCP2.6","period":"2035","key":"tas","value":10.5,"estimate":"q95","season":"MAM"},{"bfs_id":33,"rcp":"RCP2.6","period":"2035","key":"tas","value":19.8,"estimate":"q95","season":"JJA"},{"bfs_id":33,"rcp":"RCP2.6","period":"2035","key":"tas","value":11.5,"estimate":"q95","season":"SON"},{"bfs_id":33,"rcp":"RCP2.6","period":"2060","key":"tas","value":1.6,"estimate":"q5","season":"DJF"},{"bfs_id":33,"rcp":"RCP2.6","period":"2060","key":"tas","value":9.5,"estimate":"q5","season":"MAM"},{"bfs_id":33,"rcp":"RCP2.6","period":"2060","key":"tas","value":18.9,"estimate":"q5","season":"JJA"},{"bfs_id":33,"rcp":"RCP2.6","period":"2060","key":"tas","value":10.6,"estimate":"q5","season":"SON"},{"bfs_id":33,"rcp":"RCP2.6","period":"2060","key":"tas","value":2.5,"estimate":"q50","season":"DJF"},{"bfs_id":33,"rcp":"RCP2.6","period":"2060","key":"tas","value":10.2,"estimate":"q50","season":"MAM"},{"bfs_id":33,"rcp":"RCP2.6","period":"2060","key":"tas","value":19.4,"estimate":"q50","season":"JJA"},{"bfs_id":33,"rcp":"RCP2.6","period":"2060","key":"tas","value":10.9,"estimate":"q50","season":"SON"},{"bfs_id":33,"rcp":"RCP2.6","period":"2060","key":"tas","value":3,"estimate":"q95","season":"DJF"},{"bfs_id":33,"rcp":"RCP2.6","period":"2060","key":"tas","value":10.6,"estimate":"q95","season":"MAM"},{"bfs_id":33,"rcp":"RCP2.6","period":"2060","key":"tas","value":20,"estimate":"q95","season":"JJA"},{"bfs_id":33,"rcp":"RCP2.6","period":"2060","key":"tas","value":11.9,"estimate":"q95","season":"SON"},{"bfs_id":33,"rcp":"RCP2.6","period":"2085","key":"tas","value":1.7,"estimate":"q5","season":"DJF"},{"bfs_id":33,"rcp":"RCP2.6","period":"2085","key":"tas","value":9.6,"estimate":"q5","season":"MAM"},{"bfs_id":33,"rcp":"RCP2.6","period":"2085","key":"tas","value":18.9,"estimate":"q5","season":"JJA"},{"bfs_id":33,"rcp":"RCP2.6","period":"2085","key":"tas","value":10.3,"estimate":"q5","season":"SON"},{"bfs_id":33,"rcp":"RCP2.6","period":"2085","key":"tas","value":2.4,"estimate":"q50","season":"DJF"},{"bfs_id":33,"rcp":"RCP2.6","period":"2085","key":"tas","value":10.3,"estimate":"q50","season":"MAM"},{"bfs_id":33,"rcp":"RCP2.6","period":"2085","key":"tas","value":19.3,"estimate":"q50","season":"JJA"},{"bfs_id":33,"rcp":"RCP2.6","period":"2085","key":"tas","value":10.9,"estimate":"q50","season":"SON"},{"bfs_id":33,"rcp":"RCP2.6","period":"2085","key":"tas","value":3.1,"estimate":"q95","season":"DJF"},{"bfs_id":33,"rcp":"RCP2.6","period":"2085","key":"tas","value":10.7,"estimate":"q95","season":"MAM"},{"bfs_id":33,"rcp":"RCP2.6","period":"2085","key":"tas","value":19.9,"estimate":"q95","season":"JJA"},{"bfs_id":33,"rcp":"RCP2.6","period":"2085","key":"tas","value":11.8,"estimate":"q95","season":"SON"},{"bfs_id":33,"rcp":"RCP8.5","period":"2035","key":"tas","value":1.5,"estimate":"q5","season":"DJF"},{"bfs_id":33,"rcp":"RCP8.5","period":"2035","key":"tas","value":9.8,"estimate":"q5","season":"MAM"},{"bfs_id":33,"rcp":"RCP8.5","period":"2035","key":"tas","value":19.1,"estimate":"q5","season":"JJA"},{"bfs_id":33,"rcp":"RCP8.5","period":"2035","key":"tas","value":10.5,"estimate":"q5","season":"SON"},{"bfs_id":33,"rcp":"RCP8.5","period":"2035","key":"tas","value":2.5,"estimate":"q50","season":"DJF"},{"bfs_id":33,"rcp":"RCP8.5","period":"2035","key":"tas","value":10.2,"estimate":"q50","season":"MAM"},{"bfs_id":33,"rcp":"RCP8.5","period":"2035","key":"tas","value":19.5,"estimate":"q50","season":"JJA"},{"bfs_id":33,"rcp":"RCP8.5","period":"2035","key":"tas","value":11.1,"estimate":"q50","season":"SON"},{"bfs_id":33,"rcp":"RCP8.5","period":"2035","key":"tas","value":3,"estimate":"q95","season":"DJF"},{"bfs_id":33,"rcp":"RCP8.5","period":"2035","key":"tas","value":10.6,"estimate":"q95","season":"MAM"},{"bfs_id":33,"rcp":"RCP8.5","period":"2035","key":"tas","value":20.1,"estimate":"q95","season":"JJA"},{"bfs_id":33,"rcp":"RCP8.5","period":"2035","key":"tas","value":11.8,"estimate":"q95","season":"SON"},{"bfs_id":33,"rcp":"RCP8.5","period":"2060","key":"tas","value":2.9,"estimate":"q5","season":"DJF"},{"bfs_id":33,"rcp":"RCP8.5","period":"2060","key":"tas","value":10.6,"estimate":"q5","season":"MAM"},{"bfs_id":33,"rcp":"RCP8.5","period":"2060","key":"tas","value":20.2,"estimate":"q5","season":"JJA"},{"bfs_id":33,"rcp":"RCP8.5","period":"2060","key":"tas","value":11.6,"estimate":"q5","season":"SON"},{"bfs_id":33,"rcp":"RCP8.5","period":"2060","key":"tas","value":3.3,"estimate":"q50","season":"DJF"},{"bfs_id":33,"rcp":"RCP8.5","period":"2060","key":"tas","value":11.2,"estimate":"q50","season":"MAM"},{"bfs_id":33,"rcp":"RCP8.5","period":"2060","key":"tas","value":20.8,"estimate":"q50","season":"JJA"},{"bfs_id":33,"rcp":"RCP8.5","period":"2060","key":"tas","value":12.2,"estimate":"q50","season":"SON"},{"bfs_id":33,"rcp":"RCP8.5","period":"2060","key":"tas","value":4,"estimate":"q95","season":"DJF"},{"bfs_id":33,"rcp":"RCP8.5","period":"2060","key":"tas","value":11.7,"estimate":"q95","season":"MAM"},{"bfs_id":33,"rcp":"RCP8.5","period":"2060","key":"tas","value":21.7,"estimate":"q95","season":"JJA"},{"bfs_id":33,"rcp":"RCP8.5","period":"2060","key":"tas","value":13.1,"estimate":"q95","season":"SON"},{"bfs_id":33,"rcp":"RCP8.5","period":"2085","key":"tas","value":4.1,"estimate":"q5","season":"DJF"},{"bfs_id":33,"rcp":"RCP8.5","period":"2085","key":"tas","value":11.7,"estimate":"q5","season":"MAM"},{"bfs_id":33,"rcp":"RCP8.5","period":"2085","key":"tas","value":21.5,"estimate":"q5","season":"JJA"},{"bfs_id":33,"rcp":"RCP8.5","period":"2085","key":"tas","value":12.6,"estimate":"q5","season":"SON"},{"bfs_id":33,"rcp":"RCP8.5","period":"2085","key":"tas","value":5.1,"estimate":"q50","season":"DJF"},{"bfs_id":33,"rcp":"RCP8.5","period":"2085","key":"tas","value":12.4,"estimate":"q50","season":"MAM"},{"bfs_id":33,"rcp":"RCP8.5","period":"2085","key":"tas","value":22.3,"estimate":"q50","season":"JJA"},{"bfs_id":33,"rcp":"RCP8.5","period":"2085","key":"tas","value":13.6,"estimate":"q50","season":"SON"},{"bfs_id":33,"rcp":"RCP8.5","period":"2085","key":"tas","value":5.8,"estimate":"q95","season":"DJF"},{"bfs_id":33,"rcp":"RCP8.5","period":"2085","key":"tas","value":13.3,"estimate":"q95","season":"MAM"},{"bfs_id":33,"rcp":"RCP8.5","period":"2085","key":"tas","value":24.4,"estimate":"q95","season":"JJA"},{"bfs_id":33,"rcp":"RCP8.5","period":"2085","key":"tas","value":15.3,"estimate":"q95","season":"SON"},{"bfs_id":33,"rcp":"obs","period":"1981-2010","key":"FD","value":83.6,"estimate":"yearly_mean"},{"bfs_id":33,"rcp":"obs","period":"1981-2010","key":"HD","value":8.8,"estimate":"yearly_mean"},{"bfs_id":33,"rcp":"obs","period":"1981-2010","key":"ID","value":19.4,"estimate":"yearly_mean"},{"bfs_id":33,"rcp":"obs","period":"1981-2010","key":"SD","value":47.8,"estimate":"yearly_mean"},{"bfs_id":33,"rcp":"obs","period":"1981-2010","key":"snowdays","value":15.9,"estimate":"yearly_mean"},{"bfs_id":33,"rcp":"obs","period":"1981-2010","key":"TN","value":0,"estimate":"yearly_mean"},{"bfs_id":33,"rcp":"obs","period":"1981-2010","key":"pr","value":2.1,"estimate":"mean","season":"DJF"},{"bfs_id":33,"rcp":"obs","period":"1981-2010","key":"pr","value":2.4,"estimate":"mean","season":"MAM"},{"bfs_id":33,"rcp":"obs","period":"1981-2010","key":"pr","value":3,"estimate":"mean","season":"JJA"},{"bfs_id":33,"rcp":"obs","period":"1981-2010","key":"pr","value":2.4,"estimate":"mean","season":"SON"},{"bfs_id":33,"rcp":"obs","period":"1981-2010","key":"tas","value":1,"estimate":"mean","season":"DJF"},{"bfs_id":33,"rcp":"obs","period":"1981-2010","key":"tas","value":9.5,"estimate":"mean","season":"MAM"},{"bfs_id":33,"rcp":"obs","period":"1981-2010","key":"tas","value":18.2,"estimate":"mean","season":"JJA"},{"bfs_id":33,"rcp":"obs","period":"1981-2010","key":"tas","value":9.6,"estimate":"mean","season":"SON"}]
