[{"bfs_id":4193,"rcp":"RCP2.6","period":"2035","key":"FD","value":60.7,"estimate":"q5"},{"bfs_id":4193,"rcp":"RCP2.6","period":"2035","key":"FD","value":72,"estimate":"q50"},{"bfs_id":4193,"rcp":"RCP2.6","period":"2035","key":"FD","value":77.8,"estimate":"q95"},{"bfs_id":4193,"rcp":"RCP2.6","period":"2060","key":"FD","value":60.1,"estimate":"q5"},{"bfs_id":4193,"rcp":"RCP2.6","period":"2060","key":"FD","value":68.8,"estimate":"q50"},{"bfs_id":4193,"rcp":"RCP2.6","period":"2060","key":"FD","value":74.8,"estimate":"q95"},{"bfs_id":4193,"rcp":"RCP2.6","period":"2085","key":"FD","value":59.9,"estimate":"q5"},{"bfs_id":4193,"rcp":"RCP2.6","period":"2085","key":"FD","value":70.1,"estimate":"q50"},{"bfs_id":4193,"rcp":"RCP2.6","period":"2085","key":"FD","value":76.7,"estimate":"q95"},{"bfs_id":4193,"rcp":"RCP8.5","period":"2035","key":"FD","value":57.6,"estimate":"q5"},{"bfs_id":4193,"rcp":"RCP8.5","period":"2035","key":"FD","value":67.9,"estimate":"q50"},{"bfs_id":4193,"rcp":"RCP8.5","period":"2035","key":"FD","value":74.8,"estimate":"q95"},{"bfs_id":4193,"rcp":"RCP8.5","period":"2060","key":"FD","value":46.1,"estimate":"q5"},{"bfs_id":4193,"rcp":"RCP8.5","period":"2060","key":"FD","value":54.3,"estimate":"q50"},{"bfs_id":4193,"rcp":"RCP8.5","period":"2060","key":"FD","value":62.8,"estimate":"q95"},{"bfs_id":4193,"rcp":"RCP8.5","period":"2085","key":"FD","value":29.1,"estimate":"q5"},{"bfs_id":4193,"rcp":"RCP8.5","period":"2085","key":"FD","value":33.8,"estimate":"q50"},{"bfs_id":4193,"rcp":"RCP8.5","period":"2085","key":"FD","value":46.8,"estimate":"q95"},{"bfs_id":4193,"rcp":"RCP2.6","period":"2035","key":"HD","value":13.7,"estimate":"q5"},{"bfs_id":4193,"rcp":"RCP2.6","period":"2035","key":"HD","value":16.8,"estimate":"q50"},{"bfs_id":4193,"rcp":"RCP2.6","period":"2035","key":"HD","value":22,"estimate":"q95"},{"bfs_id":4193,"rcp":"RCP2.6","period":"2060","key":"HD","value":13.8,"estimate":"q5"},{"bfs_id":4193,"rcp":"RCP2.6","period":"2060","key":"HD","value":17.1,"estimate":"q50"},{"bfs_id":4193,"rcp":"RCP2.6","period":"2060","key":"HD","value":24.3,"estimate":"q95"},{"bfs_id":4193,"rcp":"RCP2.6","period":"2085","key":"HD","value":13.5,"estimate":"q5"},{"bfs_id":4193,"rcp":"RCP2.6","period":"2085","key":"HD","value":17.4,"estimate":"q50"},{"bfs_id":4193,"rcp":"RCP2.6","period":"2085","key":"HD","value":23.6,"estimate":"q95"},{"bfs_id":4193,"rcp":"RCP8.5","period":"2035","key":"HD","value":14.4,"estimate":"q5"},{"bfs_id":4193,"rcp":"RCP8.5","period":"2035","key":"HD","value":18,"estimate":"q50"},{"bfs_id":4193,"rcp":"RCP8.5","period":"2035","key":"HD","value":24.3,"estimate":"q95"},{"bfs_id":4193,"rcp":"RCP8.5","period":"2060","key":"HD","value":21.7,"estimate":"q5"},{"bfs_id":4193,"rcp":"RCP8.5","period":"2060","key":"HD","value":27.4,"estimate":"q50"},{"bfs_id":4193,"rcp":"RCP8.5","period":"2060","key":"HD","value":40.5,"estimate":"q95"},{"bfs_id":4193,"rcp":"RCP8.5","period":"2085","key":"HD","value":36.6,"estimate":"q5"},{"bfs_id":4193,"rcp":"RCP8.5","period":"2085","key":"HD","value":42.8,"estimate":"q50"},{"bfs_id":4193,"rcp":"RCP8.5","period":"2085","key":"HD","value":68.2,"estimate":"q95"},{"bfs_id":4193,"rcp":"RCP2.6","period":"2035","key":"ID","value":9.8,"estimate":"q5"},{"bfs_id":4193,"rcp":"RCP2.6","period":"2035","key":"ID","value":13.6,"estimate":"q50"},{"bfs_id":4193,"rcp":"RCP2.6","period":"2035","key":"ID","value":17.8,"estimate":"q95"},{"bfs_id":4193,"rcp":"RCP2.6","period":"2060","key":"ID","value":9.7,"estimate":"q5"},{"bfs_id":4193,"rcp":"RCP2.6","period":"2060","key":"ID","value":13.8,"estimate":"q50"},{"bfs_id":4193,"rcp":"RCP2.6","period":"2060","key":"ID","value":16.7,"estimate":"q95"},{"bfs_id":4193,"rcp":"RCP2.6","period":"2085","key":"ID","value":10.1,"estimate":"q5"},{"bfs_id":4193,"rcp":"RCP2.6","period":"2085","key":"ID","value":13.1,"estimate":"q50"},{"bfs_id":4193,"rcp":"RCP2.6","period":"2085","key":"ID","value":15.7,"estimate":"q95"},{"bfs_id":4193,"rcp":"RCP8.5","period":"2035","key":"ID","value":9.7,"estimate":"q5"},{"bfs_id":4193,"rcp":"RCP8.5","period":"2035","key":"ID","value":12.4,"estimate":"q50"},{"bfs_id":4193,"rcp":"RCP8.5","period":"2035","key":"ID","value":17.3,"estimate":"q95"},{"bfs_id":4193,"rcp":"RCP8.5","period":"2060","key":"ID","value":6.1,"estimate":"q5"},{"bfs_id":4193,"rcp":"RCP8.5","period":"2060","key":"ID","value":9.1,"estimate":"q50"},{"bfs_id":4193,"rcp":"RCP8.5","period":"2060","key":"ID","value":11.8,"estimate":"q95"},{"bfs_id":4193,"rcp":"RCP8.5","period":"2085","key":"ID","value":1.6,"estimate":"q5"},{"bfs_id":4193,"rcp":"RCP8.5","period":"2085","key":"ID","value":3.9,"estimate":"q50"},{"bfs_id":4193,"rcp":"RCP8.5","period":"2085","key":"ID","value":6.7,"estimate":"q95"},{"bfs_id":4193,"rcp":"RCP2.6","period":"2035","key":"SD","value":54.7,"estimate":"q5"},{"bfs_id":4193,"rcp":"RCP2.6","period":"2035","key":"SD","value":60.9,"estimate":"q50"},{"bfs_id":4193,"rcp":"RCP2.6","period":"2035","key":"SD","value":68,"estimate":"q95"},{"bfs_id":4193,"rcp":"RCP2.6","period":"2060","key":"SD","value":55.2,"estimate":"q5"},{"bfs_id":4193,"rcp":"RCP2.6","period":"2060","key":"SD","value":61.7,"estimate":"q50"},{"bfs_id":4193,"rcp":"RCP2.6","period":"2060","key":"SD","value":67.8,"estimate":"q95"},{"bfs_id":4193,"rcp":"RCP2.6","period":"2085","key":"SD","value":54.1,"estimate":"q5"},{"bfs_id":4193,"rcp":"RCP2.6","period":"2085","key":"SD","value":62,"estimate":"q50"},{"bfs_id":4193,"rcp":"RCP2.6","period":"2085","key":"SD","value":68.6,"estimate":"q95"},{"bfs_id":4193,"rcp":"RCP8.5","period":"2035","key":"SD","value":57,"estimate":"q5"},{"bfs_id":4193,"rcp":"RCP8.5","period":"2035","key":"SD","value":63,"estimate":"q50"},{"bfs_id":4193,"rcp":"RCP8.5","period":"2035","key":"SD","value":68.7,"estimate":"q95"},{"bfs_id":4193,"rcp":"RCP8.5","period":"2060","key":"SD","value":72.5,"estimate":"q5"},{"bfs_id":4193,"rcp":"RCP8.5","period":"2060","key":"SD","value":77.9,"estimate":"q50"},{"bfs_id":4193,"rcp":"RCP8.5","period":"2060","key":"SD","value":92.9,"estimate":"q95"},{"bfs_id":4193,"rcp":"RCP8.5","period":"2085","key":"SD","value":87.4,"estimate":"q5"},{"bfs_id":4193,"rcp":"RCP8.5","period":"2085","key":"SD","value":100.9,"estimate":"q50"},{"bfs_id":4193,"rcp":"RCP8.5","period":"2085","key":"SD","value":118.3,"estimate":"q95"},{"bfs_id":4193,"rcp":"RCP2.6","period":"2035","key":"snowdays","value":12.3,"estimate":"q5"},{"bfs_id":4193,"rcp":"RCP2.6","period":"2035","key":"snowdays","value":16.3,"estimate":"q50"},{"bfs_id":4193,"rcp":"RCP2.6","period":"2035","key":"snowdays","value":18.5,"estimate":"q95"},{"bfs_id":4193,"rcp":"RCP2.6","period":"2060","key":"snowdays","value":11.1,"estimate":"q5"},{"bfs_id":4193,"rcp":"RCP2.6","period":"2060","key":"snowdays","value":16,"estimate":"q50"},{"bfs_id":4193,"rcp":"RCP2.6","period":"2060","key":"snowdays","value":17.4,"estimate":"q95"},{"bfs_id":4193,"rcp":"RCP2.6","period":"2085","key":"snowdays","value":11.1,"estimate":"q5"},{"bfs_id":4193,"rcp":"RCP2.6","period":"2085","key":"snowdays","value":15.6,"estimate":"q50"},{"bfs_id":4193,"rcp":"RCP2.6","period":"2085","key":"snowdays","value":17.9,"estimate":"q95"},{"bfs_id":4193,"rcp":"RCP8.5","period":"2035","key":"snowdays","value":10.6,"estimate":"q5"},{"bfs_id":4193,"rcp":"RCP8.5","period":"2035","key":"snowdays","value":15.1,"estimate":"q50"},{"bfs_id":4193,"rcp":"RCP8.5","period":"2035","key":"snowdays","value":17.6,"estimate":"q95"},{"bfs_id":4193,"rcp":"RCP8.5","period":"2060","key":"snowdays","value":7.4,"estimate":"q5"},{"bfs_id":4193,"rcp":"RCP8.5","period":"2060","key":"snowdays","value":11.8,"estimate":"q50"},{"bfs_id":4193,"rcp":"RCP8.5","period":"2060","key":"snowdays","value":14.2,"estimate":"q95"},{"bfs_id":4193,"rcp":"RCP8.5","period":"2085","key":"snowdays","value":2.7,"estimate":"q5"},{"bfs_id":4193,"rcp":"RCP8.5","period":"2085","key":"snowdays","value":6.1,"estimate":"q50"},{"bfs_id":4193,"rcp":"RCP8.5","period":"2085","key":"snowdays","value":9,"estimate":"q95"},{"bfs_id":4193,"rcp":"RCP2.6","period":"2035","key":"TN","value":0,"estimate":"q5"},{"bfs_id":4193,"rcp":"RCP2.6","period":"2035","key":"TN","value":0.3,"estimate":"q50"},{"bfs_id":4193,"rcp":"RCP2.6","period":"2035","key":"TN","value":0.6,"estimate":"q95"},{"bfs_id":4193,"rcp":"RCP2.6","period":"2060","key":"TN","value":0,"estimate":"q5"},{"bfs_id":4193,"rcp":"RCP2.6","period":"2060","key":"TN","value":0.4,"estimate":"q50"},{"bfs_id":4193,"rcp":"RCP2.6","period":"2060","key":"TN","value":1,"estimate":"q95"},{"bfs_id":4193,"rcp":"RCP2.6","period":"2085","key":"TN","value":0.1,"estimate":"q5"},{"bfs_id":4193,"rcp":"RCP2.6","period":"2085","key":"TN","value":0.5,"estimate":"q50"},{"bfs_id":4193,"rcp":"RCP2.6","period":"2085","key":"TN","value":0.8,"estimate":"q95"},{"bfs_id":4193,"rcp":"RCP8.5","period":"2035","key":"TN","value":0.1,"estimate":"q5"},{"bfs_id":4193,"rcp":"RCP8.5","period":"2035","key":"TN","value":0.3,"estimate":"q50"},{"bfs_id":4193,"rcp":"RCP8.5","period":"2035","key":"TN","value":1.9,"estimate":"q95"},{"bfs_id":4193,"rcp":"RCP8.5","period":"2060","key":"TN","value":0.8,"estimate":"q5"},{"bfs_id":4193,"rcp":"RCP8.5","period":"2060","key":"TN","value":2.6,"estimate":"q50"},{"bfs_id":4193,"rcp":"RCP8.5","period":"2060","key":"TN","value":6.1,"estimate":"q95"},{"bfs_id":4193,"rcp":"RCP8.5","period":"2085","key":"TN","value":4.5,"estimate":"q5"},{"bfs_id":4193,"rcp":"RCP8.5","period":"2085","key":"TN","value":8.5,"estimate":"q50"},{"bfs_id":4193,"rcp":"RCP8.5","period":"2085","key":"TN","value":22.4,"estimate":"q95"},{"bfs_id":4193,"rcp":"RCP2.6","period":"2035","key":"pr","value":2.5,"estimate":"q5","season":"DJF"},{"bfs_id":4193,"rcp":"RCP2.6","period":"2035","key":"pr","value":2.7,"estimate":"q5","season":"MAM"},{"bfs_id":4193,"rcp":"RCP2.6","period":"2035","key":"pr","value":2.8,"estimate":"q5","season":"JJA"},{"bfs_id":4193,"rcp":"RCP2.6","period":"2035","key":"pr","value":2.5,"estimate":"q5","season":"SON"},{"bfs_id":4193,"rcp":"RCP2.6","period":"2035","key":"pr","value":3,"estimate":"q50","season":"DJF"},{"bfs_id":4193,"rcp":"RCP2.6","period":"2035","key":"pr","value":3.1,"estimate":"q50","season":"MAM"},{"bfs_id":4193,"rcp":"RCP2.6","period":"2035","key":"pr","value":3.3,"estimate":"q50","season":"JJA"},{"bfs_id":4193,"rcp":"RCP2.6","period":"2035","key":"pr","value":2.7,"estimate":"q50","season":"SON"},{"bfs_id":4193,"rcp":"RCP2.6","period":"2035","key":"pr","value":3.5,"estimate":"q95","season":"DJF"},{"bfs_id":4193,"rcp":"RCP2.6","period":"2035","key":"pr","value":3.3,"estimate":"q95","season":"MAM"},{"bfs_id":4193,"rcp":"RCP2.6","period":"2035","key":"pr","value":3.6,"estimate":"q95","season":"JJA"},{"bfs_id":4193,"rcp":"RCP2.6","period":"2035","key":"pr","value":3.4,"estimate":"q95","season":"SON"},{"bfs_id":4193,"rcp":"RCP2.6","period":"2060","key":"pr","value":2.6,"estimate":"q5","season":"DJF"},{"bfs_id":4193,"rcp":"RCP2.6","period":"2060","key":"pr","value":2.8,"estimate":"q5","season":"MAM"},{"bfs_id":4193,"rcp":"RCP2.6","period":"2060","key":"pr","value":2.7,"estimate":"q5","season":"JJA"},{"bfs_id":4193,"rcp":"RCP2.6","period":"2060","key":"pr","value":2.6,"estimate":"q5","season":"SON"},{"bfs_id":4193,"rcp":"RCP2.6","period":"2060","key":"pr","value":2.9,"estimate":"q50","season":"DJF"},{"bfs_id":4193,"rcp":"RCP2.6","period":"2060","key":"pr","value":3,"estimate":"q50","season":"MAM"},{"bfs_id":4193,"rcp":"RCP2.6","period":"2060","key":"pr","value":3.2,"estimate":"q50","season":"JJA"},{"bfs_id":4193,"rcp":"RCP2.6","period":"2060","key":"pr","value":2.8,"estimate":"q50","season":"SON"},{"bfs_id":4193,"rcp":"RCP2.6","period":"2060","key":"pr","value":3.2,"estimate":"q95","season":"DJF"},{"bfs_id":4193,"rcp":"RCP2.6","period":"2060","key":"pr","value":3.3,"estimate":"q95","season":"MAM"},{"bfs_id":4193,"rcp":"RCP2.6","period":"2060","key":"pr","value":3.6,"estimate":"q95","season":"JJA"},{"bfs_id":4193,"rcp":"RCP2.6","period":"2060","key":"pr","value":3.2,"estimate":"q95","season":"SON"},{"bfs_id":4193,"rcp":"RCP2.6","period":"2085","key":"pr","value":2.6,"estimate":"q5","season":"DJF"},{"bfs_id":4193,"rcp":"RCP2.6","period":"2085","key":"pr","value":2.7,"estimate":"q5","season":"MAM"},{"bfs_id":4193,"rcp":"RCP2.6","period":"2085","key":"pr","value":2.7,"estimate":"q5","season":"JJA"},{"bfs_id":4193,"rcp":"RCP2.6","period":"2085","key":"pr","value":2.5,"estimate":"q5","season":"SON"},{"bfs_id":4193,"rcp":"RCP2.6","period":"2085","key":"pr","value":2.9,"estimate":"q50","season":"DJF"},{"bfs_id":4193,"rcp":"RCP2.6","period":"2085","key":"pr","value":3,"estimate":"q50","season":"MAM"},{"bfs_id":4193,"rcp":"RCP2.6","period":"2085","key":"pr","value":3.3,"estimate":"q50","season":"JJA"},{"bfs_id":4193,"rcp":"RCP2.6","period":"2085","key":"pr","value":2.8,"estimate":"q50","season":"SON"},{"bfs_id":4193,"rcp":"RCP2.6","period":"2085","key":"pr","value":3.3,"estimate":"q95","season":"DJF"},{"bfs_id":4193,"rcp":"RCP2.6","period":"2085","key":"pr","value":3.3,"estimate":"q95","season":"MAM"},{"bfs_id":4193,"rcp":"RCP2.6","period":"2085","key":"pr","value":3.7,"estimate":"q95","season":"JJA"},{"bfs_id":4193,"rcp":"RCP2.6","period":"2085","key":"pr","value":3.2,"estimate":"q95","season":"SON"},{"bfs_id":4193,"rcp":"RCP8.5","period":"2035","key":"pr","value":2.7,"estimate":"q5","season":"DJF"},{"bfs_id":4193,"rcp":"RCP8.5","period":"2035","key":"pr","value":2.8,"estimate":"q5","season":"MAM"},{"bfs_id":4193,"rcp":"RCP8.5","period":"2035","key":"pr","value":2.6,"estimate":"q5","season":"JJA"},{"bfs_id":4193,"rcp":"RCP8.5","period":"2035","key":"pr","value":2.6,"estimate":"q5","season":"SON"},{"bfs_id":4193,"rcp":"RCP8.5","period":"2035","key":"pr","value":3.1,"estimate":"q50","season":"DJF"},{"bfs_id":4193,"rcp":"RCP8.5","period":"2035","key":"pr","value":3.1,"estimate":"q50","season":"MAM"},{"bfs_id":4193,"rcp":"RCP8.5","period":"2035","key":"pr","value":3.4,"estimate":"q50","season":"JJA"},{"bfs_id":4193,"rcp":"RCP8.5","period":"2035","key":"pr","value":2.9,"estimate":"q50","season":"SON"},{"bfs_id":4193,"rcp":"RCP8.5","period":"2035","key":"pr","value":3.3,"estimate":"q95","season":"DJF"},{"bfs_id":4193,"rcp":"RCP8.5","period":"2035","key":"pr","value":3.3,"estimate":"q95","season":"MAM"},{"bfs_id":4193,"rcp":"RCP8.5","period":"2035","key":"pr","value":3.6,"estimate":"q95","season":"JJA"},{"bfs_id":4193,"rcp":"RCP8.5","period":"2035","key":"pr","value":3.3,"estimate":"q95","season":"SON"},{"bfs_id":4193,"rcp":"RCP8.5","period":"2060","key":"pr","value":2.8,"estimate":"q5","season":"DJF"},{"bfs_id":4193,"rcp":"RCP8.5","period":"2060","key":"pr","value":3,"estimate":"q5","season":"MAM"},{"bfs_id":4193,"rcp":"RCP8.5","period":"2060","key":"pr","value":2.3,"estimate":"q5","season":"JJA"},{"bfs_id":4193,"rcp":"RCP8.5","period":"2060","key":"pr","value":2.5,"estimate":"q5","season":"SON"},{"bfs_id":4193,"rcp":"RCP8.5","period":"2060","key":"pr","value":3.1,"estimate":"q50","season":"DJF"},{"bfs_id":4193,"rcp":"RCP8.5","period":"2060","key":"pr","value":3.2,"estimate":"q50","season":"MAM"},{"bfs_id":4193,"rcp":"RCP8.5","period":"2060","key":"pr","value":3.2,"estimate":"q50","season":"JJA"},{"bfs_id":4193,"rcp":"RCP8.5","period":"2060","key":"pr","value":2.9,"estimate":"q50","season":"SON"},{"bfs_id":4193,"rcp":"RCP8.5","period":"2060","key":"pr","value":3.7,"estimate":"q95","season":"DJF"},{"bfs_id":4193,"rcp":"RCP8.5","period":"2060","key":"pr","value":3.6,"estimate":"q95","season":"MAM"},{"bfs_id":4193,"rcp":"RCP8.5","period":"2060","key":"pr","value":3.5,"estimate":"q95","season":"JJA"},{"bfs_id":4193,"rcp":"RCP8.5","period":"2060","key":"pr","value":3.3,"estimate":"q95","season":"SON"},{"bfs_id":4193,"rcp":"RCP8.5","period":"2085","key":"pr","value":3.1,"estimate":"q5","season":"DJF"},{"bfs_id":4193,"rcp":"RCP8.5","period":"2085","key":"pr","value":3,"estimate":"q5","season":"MAM"},{"bfs_id":4193,"rcp":"RCP8.5","period":"2085","key":"pr","value":1.9,"estimate":"q5","season":"JJA"},{"bfs_id":4193,"rcp":"RCP8.5","period":"2085","key":"pr","value":2.5,"estimate":"q5","season":"SON"},{"bfs_id":4193,"rcp":"RCP8.5","period":"2085","key":"pr","value":3.5,"estimate":"q50","season":"DJF"},{"bfs_id":4193,"rcp":"RCP8.5","period":"2085","key":"pr","value":3.4,"estimate":"q50","season":"MAM"},{"bfs_id":4193,"rcp":"RCP8.5","period":"2085","key":"pr","value":2.8,"estimate":"q50","season":"JJA"},{"bfs_id":4193,"rcp":"RCP8.5","period":"2085","key":"pr","value":2.9,"estimate":"q50","season":"SON"},{"bfs_id":4193,"rcp":"RCP8.5","period":"2085","key":"pr","value":4,"estimate":"q95","season":"DJF"},{"bfs_id":4193,"rcp":"RCP8.5","period":"2085","key":"pr","value":3.7,"estimate":"q95","season":"MAM"},{"bfs_id":4193,"rcp":"RCP8.5","period":"2085","key":"pr","value":3.5,"estimate":"q95","season":"JJA"},{"bfs_id":4193,"rcp":"RCP8.5","period":"2085","key":"pr","value":3.5,"estimate":"q95","season":"SON"},{"bfs_id":4193,"rcp":"RCP2.6","period":"2035","key":"tas","value":1.6,"estimate":"q5","season":"DJF"},{"bfs_id":4193,"rcp":"RCP2.6","period":"2035","key":"tas","value":9.3,"estimate":"q5","season":"MAM"},{"bfs_id":4193,"rcp":"RCP2.6","period":"2035","key":"tas","value":18.5,"estimate":"q5","season":"JJA"},{"bfs_id":4193,"rcp":"RCP2.6","period":"2035","key":"tas","value":10.2,"estimate":"q5","season":"SON"},{"bfs_id":4193,"rcp":"RCP2.6","period":"2035","key":"tas","value":2.2,"estimate":"q50","season":"DJF"},{"bfs_id":4193,"rcp":"RCP2.6","period":"2035","key":"tas","value":9.9,"estimate":"q50","season":"MAM"},{"bfs_id":4193,"rcp":"RCP2.6","period":"2035","key":"tas","value":19,"estimate":"q50","season":"JJA"},{"bfs_id":4193,"rcp":"RCP2.6","period":"2035","key":"tas","value":10.5,"estimate":"q50","season":"SON"},{"bfs_id":4193,"rcp":"RCP2.6","period":"2035","key":"tas","value":3,"estimate":"q95","season":"DJF"},{"bfs_id":4193,"rcp":"RCP2.6","period":"2035","key":"tas","value":10.2,"estimate":"q95","season":"MAM"},{"bfs_id":4193,"rcp":"RCP2.6","period":"2035","key":"tas","value":19.5,"estimate":"q95","season":"JJA"},{"bfs_id":4193,"rcp":"RCP2.6","period":"2035","key":"tas","value":11.4,"estimate":"q95","season":"SON"},{"bfs_id":4193,"rcp":"RCP2.6","period":"2060","key":"tas","value":1.7,"estimate":"q5","season":"DJF"},{"bfs_id":4193,"rcp":"RCP2.6","period":"2060","key":"tas","value":9.2,"estimate":"q5","season":"MAM"},{"bfs_id":4193,"rcp":"RCP2.6","period":"2060","key":"tas","value":18.7,"estimate":"q5","season":"JJA"},{"bfs_id":4193,"rcp":"RCP2.6","period":"2060","key":"tas","value":10.5,"estimate":"q5","season":"SON"},{"bfs_id":4193,"rcp":"RCP2.6","period":"2060","key":"tas","value":2.5,"estimate":"q50","season":"DJF"},{"bfs_id":4193,"rcp":"RCP2.6","period":"2060","key":"tas","value":9.9,"estimate":"q50","season":"MAM"},{"bfs_id":4193,"rcp":"RCP2.6","period":"2060","key":"tas","value":19.1,"estimate":"q50","season":"JJA"},{"bfs_id":4193,"rcp":"RCP2.6","period":"2060","key":"tas","value":10.8,"estimate":"q50","season":"SON"},{"bfs_id":4193,"rcp":"RCP2.6","period":"2060","key":"tas","value":3,"estimate":"q95","season":"DJF"},{"bfs_id":4193,"rcp":"RCP2.6","period":"2060","key":"tas","value":10.3,"estimate":"q95","season":"MAM"},{"bfs_id":4193,"rcp":"RCP2.6","period":"2060","key":"tas","value":19.7,"estimate":"q95","season":"JJA"},{"bfs_id":4193,"rcp":"RCP2.6","period":"2060","key":"tas","value":11.8,"estimate":"q95","season":"SON"},{"bfs_id":4193,"rcp":"RCP2.6","period":"2085","key":"tas","value":1.7,"estimate":"q5","season":"DJF"},{"bfs_id":4193,"rcp":"RCP2.6","period":"2085","key":"tas","value":9.3,"estimate":"q5","season":"MAM"},{"bfs_id":4193,"rcp":"RCP2.6","period":"2085","key":"tas","value":18.7,"estimate":"q5","season":"JJA"},{"bfs_id":4193,"rcp":"RCP2.6","period":"2085","key":"tas","value":10.2,"estimate":"q5","season":"SON"},{"bfs_id":4193,"rcp":"RCP2.6","period":"2085","key":"tas","value":2.5,"estimate":"q50","season":"DJF"},{"bfs_id":4193,"rcp":"RCP2.6","period":"2085","key":"tas","value":10,"estimate":"q50","season":"MAM"},{"bfs_id":4193,"rcp":"RCP2.6","period":"2085","key":"tas","value":19.1,"estimate":"q50","season":"JJA"},{"bfs_id":4193,"rcp":"RCP2.6","period":"2085","key":"tas","value":10.7,"estimate":"q50","season":"SON"},{"bfs_id":4193,"rcp":"RCP2.6","period":"2085","key":"tas","value":3.1,"estimate":"q95","season":"DJF"},{"bfs_id":4193,"rcp":"RCP2.6","period":"2085","key":"tas","value":10.4,"estimate":"q95","season":"MAM"},{"bfs_id":4193,"rcp":"RCP2.6","period":"2085","key":"tas","value":19.6,"estimate":"q95","season":"JJA"},{"bfs_id":4193,"rcp":"RCP2.6","period":"2085","key":"tas","value":11.7,"estimate":"q95","season":"SON"},{"bfs_id":4193,"rcp":"RCP8.5","period":"2035","key":"tas","value":1.5,"estimate":"q5","season":"DJF"},{"bfs_id":4193,"rcp":"RCP8.5","period":"2035","key":"tas","value":9.5,"estimate":"q5","season":"MAM"},{"bfs_id":4193,"rcp":"RCP8.5","period":"2035","key":"tas","value":18.9,"estimate":"q5","season":"JJA"},{"bfs_id":4193,"rcp":"RCP8.5","period":"2035","key":"tas","value":10.4,"estimate":"q5","season":"SON"},{"bfs_id":4193,"rcp":"RCP8.5","period":"2035","key":"tas","value":2.5,"estimate":"q50","season":"DJF"},{"bfs_id":4193,"rcp":"RCP8.5","period":"2035","key":"tas","value":10,"estimate":"q50","season":"MAM"},{"bfs_id":4193,"rcp":"RCP8.5","period":"2035","key":"tas","value":19.3,"estimate":"q50","season":"JJA"},{"bfs_id":4193,"rcp":"RCP8.5","period":"2035","key":"tas","value":11,"estimate":"q50","season":"SON"},{"bfs_id":4193,"rcp":"RCP8.5","period":"2035","key":"tas","value":3,"estimate":"q95","season":"DJF"},{"bfs_id":4193,"rcp":"RCP8.5","period":"2035","key":"tas","value":10.3,"estimate":"q95","season":"MAM"},{"bfs_id":4193,"rcp":"RCP8.5","period":"2035","key":"tas","value":19.8,"estimate":"q95","season":"JJA"},{"bfs_id":4193,"rcp":"RCP8.5","period":"2035","key":"tas","value":11.7,"estimate":"q95","season":"SON"},{"bfs_id":4193,"rcp":"RCP8.5","period":"2060","key":"tas","value":3,"estimate":"q5","season":"DJF"},{"bfs_id":4193,"rcp":"RCP8.5","period":"2060","key":"tas","value":10.3,"estimate":"q5","season":"MAM"},{"bfs_id":4193,"rcp":"RCP8.5","period":"2060","key":"tas","value":19.9,"estimate":"q5","season":"JJA"},{"bfs_id":4193,"rcp":"RCP8.5","period":"2060","key":"tas","value":11.5,"estimate":"q5","season":"SON"},{"bfs_id":4193,"rcp":"RCP8.5","period":"2060","key":"tas","value":3.3,"estimate":"q50","season":"DJF"},{"bfs_id":4193,"rcp":"RCP8.5","period":"2060","key":"tas","value":10.9,"estimate":"q50","season":"MAM"},{"bfs_id":4193,"rcp":"RCP8.5","period":"2060","key":"tas","value":20.5,"estimate":"q50","season":"JJA"},{"bfs_id":4193,"rcp":"RCP8.5","period":"2060","key":"tas","value":12.1,"estimate":"q50","season":"SON"},{"bfs_id":4193,"rcp":"RCP8.5","period":"2060","key":"tas","value":4,"estimate":"q95","season":"DJF"},{"bfs_id":4193,"rcp":"RCP8.5","period":"2060","key":"tas","value":11.3,"estimate":"q95","season":"MAM"},{"bfs_id":4193,"rcp":"RCP8.5","period":"2060","key":"tas","value":21.5,"estimate":"q95","season":"JJA"},{"bfs_id":4193,"rcp":"RCP8.5","period":"2060","key":"tas","value":13,"estimate":"q95","season":"SON"},{"bfs_id":4193,"rcp":"RCP8.5","period":"2085","key":"tas","value":4,"estimate":"q5","season":"DJF"},{"bfs_id":4193,"rcp":"RCP8.5","period":"2085","key":"tas","value":11.4,"estimate":"q5","season":"MAM"},{"bfs_id":4193,"rcp":"RCP8.5","period":"2085","key":"tas","value":21.2,"estimate":"q5","season":"JJA"},{"bfs_id":4193,"rcp":"RCP8.5","period":"2085","key":"tas","value":12.5,"estimate":"q5","season":"SON"},{"bfs_id":4193,"rcp":"RCP8.5","period":"2085","key":"tas","value":5.1,"estimate":"q50","season":"DJF"},{"bfs_id":4193,"rcp":"RCP8.5","period":"2085","key":"tas","value":12.1,"estimate":"q50","season":"MAM"},{"bfs_id":4193,"rcp":"RCP8.5","period":"2085","key":"tas","value":22.2,"estimate":"q50","season":"JJA"},{"bfs_id":4193,"rcp":"RCP8.5","period":"2085","key":"tas","value":13.5,"estimate":"q50","season":"SON"},{"bfs_id":4193,"rcp":"RCP8.5","period":"2085","key":"tas","value":5.8,"estimate":"q95","season":"DJF"},{"bfs_id":4193,"rcp":"RCP8.5","period":"2085","key":"tas","value":13,"estimate":"q95","season":"MAM"},{"bfs_id":4193,"rcp":"RCP8.5","period":"2085","key":"tas","value":24.1,"estimate":"q95","season":"JJA"},{"bfs_id":4193,"rcp":"RCP8.5","period":"2085","key":"tas","value":15.2,"estimate":"q95","season":"SON"},{"bfs_id":4193,"rcp":"obs","period":"1981-2010","key":"FD","value":86.7,"estimate":"yearly_mean"},{"bfs_id":4193,"rcp":"obs","period":"1981-2010","key":"HD","value":9.9,"estimate":"yearly_mean"},{"bfs_id":4193,"rcp":"obs","period":"1981-2010","key":"ID","value":20,"estimate":"yearly_mean"},{"bfs_id":4193,"rcp":"obs","period":"1981-2010","key":"SD","value":47.9,"estimate":"yearly_mean"},{"bfs_id":4193,"rcp":"obs","period":"1981-2010","key":"snowdays","value":17.8,"estimate":"yearly_mean"},{"bfs_id":4193,"rcp":"obs","period":"1981-2010","key":"TN","value":0,"estimate":"yearly_mean"},{"bfs_id":4193,"rcp":"obs","period":"1981-2010","key":"pr","value":2.7,"estimate":"mean","season":"DJF"},{"bfs_id":4193,"rcp":"obs","period":"1981-2010","key":"pr","value":2.9,"estimate":"mean","season":"MAM"},{"bfs_id":4193,"rcp":"obs","period":"1981-2010","key":"pr","value":3.5,"estimate":"mean","season":"JJA"},{"bfs_id":4193,"rcp":"obs","period":"1981-2010","key":"pr","value":2.8,"estimate":"mean","season":"SON"},{"bfs_id":4193,"rcp":"obs","period":"1981-2010","key":"tas","value":1,"estimate":"mean","season":"DJF"},{"bfs_id":4193,"rcp":"obs","period":"1981-2010","key":"tas","value":9.3,"estimate":"mean","season":"MAM"},{"bfs_id":4193,"rcp":"obs","period":"1981-2010","key":"tas","value":17.9,"estimate":"mean","season":"JJA"},{"bfs_id":4193,"rcp":"obs","period":"1981-2010","key":"tas","value":9.5,"estimate":"mean","season":"SON"}]
