[{"bfs_id":3374,"rcp":"RCP2.6","period":"2035","key":"FD","value":92,"estimate":"q5"},{"bfs_id":3374,"rcp":"RCP2.6","period":"2035","key":"FD","value":104.3,"estimate":"q50"},{"bfs_id":3374,"rcp":"RCP2.6","period":"2035","key":"FD","value":110.1,"estimate":"q95"},{"bfs_id":3374,"rcp":"RCP2.6","period":"2060","key":"FD","value":88.8,"estimate":"q5"},{"bfs_id":3374,"rcp":"RCP2.6","period":"2060","key":"FD","value":99.4,"estimate":"q50"},{"bfs_id":3374,"rcp":"RCP2.6","period":"2060","key":"FD","value":109.9,"estimate":"q95"},{"bfs_id":3374,"rcp":"RCP2.6","period":"2085","key":"FD","value":89.1,"estimate":"q5"},{"bfs_id":3374,"rcp":"RCP2.6","period":"2085","key":"FD","value":101.8,"estimate":"q50"},{"bfs_id":3374,"rcp":"RCP2.6","period":"2085","key":"FD","value":110.5,"estimate":"q95"},{"bfs_id":3374,"rcp":"RCP8.5","period":"2035","key":"FD","value":89.6,"estimate":"q5"},{"bfs_id":3374,"rcp":"RCP8.5","period":"2035","key":"FD","value":99.2,"estimate":"q50"},{"bfs_id":3374,"rcp":"RCP8.5","period":"2035","key":"FD","value":108.6,"estimate":"q95"},{"bfs_id":3374,"rcp":"RCP8.5","period":"2060","key":"FD","value":74.9,"estimate":"q5"},{"bfs_id":3374,"rcp":"RCP8.5","period":"2060","key":"FD","value":80.7,"estimate":"q50"},{"bfs_id":3374,"rcp":"RCP8.5","period":"2060","key":"FD","value":91.6,"estimate":"q95"},{"bfs_id":3374,"rcp":"RCP8.5","period":"2085","key":"FD","value":49.1,"estimate":"q5"},{"bfs_id":3374,"rcp":"RCP8.5","period":"2085","key":"FD","value":58.5,"estimate":"q50"},{"bfs_id":3374,"rcp":"RCP8.5","period":"2085","key":"FD","value":69.1,"estimate":"q95"},{"bfs_id":3374,"rcp":"RCP2.6","period":"2035","key":"HD","value":3,"estimate":"q5"},{"bfs_id":3374,"rcp":"RCP2.6","period":"2035","key":"HD","value":4.5,"estimate":"q50"},{"bfs_id":3374,"rcp":"RCP2.6","period":"2035","key":"HD","value":7.8,"estimate":"q95"},{"bfs_id":3374,"rcp":"RCP2.6","period":"2060","key":"HD","value":3,"estimate":"q5"},{"bfs_id":3374,"rcp":"RCP2.6","period":"2060","key":"HD","value":4.8,"estimate":"q50"},{"bfs_id":3374,"rcp":"RCP2.6","period":"2060","key":"HD","value":8.7,"estimate":"q95"},{"bfs_id":3374,"rcp":"RCP2.6","period":"2085","key":"HD","value":3.1,"estimate":"q5"},{"bfs_id":3374,"rcp":"RCP2.6","period":"2085","key":"HD","value":4.5,"estimate":"q50"},{"bfs_id":3374,"rcp":"RCP2.6","period":"2085","key":"HD","value":8.3,"estimate":"q95"},{"bfs_id":3374,"rcp":"RCP8.5","period":"2035","key":"HD","value":3.7,"estimate":"q5"},{"bfs_id":3374,"rcp":"RCP8.5","period":"2035","key":"HD","value":5,"estimate":"q50"},{"bfs_id":3374,"rcp":"RCP8.5","period":"2035","key":"HD","value":10.2,"estimate":"q95"},{"bfs_id":3374,"rcp":"RCP8.5","period":"2060","key":"HD","value":6.3,"estimate":"q5"},{"bfs_id":3374,"rcp":"RCP8.5","period":"2060","key":"HD","value":11.5,"estimate":"q50"},{"bfs_id":3374,"rcp":"RCP8.5","period":"2060","key":"HD","value":20.6,"estimate":"q95"},{"bfs_id":3374,"rcp":"RCP8.5","period":"2085","key":"HD","value":15.3,"estimate":"q5"},{"bfs_id":3374,"rcp":"RCP8.5","period":"2085","key":"HD","value":19.5,"estimate":"q50"},{"bfs_id":3374,"rcp":"RCP8.5","period":"2085","key":"HD","value":42.5,"estimate":"q95"},{"bfs_id":3374,"rcp":"RCP2.6","period":"2035","key":"ID","value":20.3,"estimate":"q5"},{"bfs_id":3374,"rcp":"RCP2.6","period":"2035","key":"ID","value":23.7,"estimate":"q50"},{"bfs_id":3374,"rcp":"RCP2.6","period":"2035","key":"ID","value":28.2,"estimate":"q95"},{"bfs_id":3374,"rcp":"RCP2.6","period":"2060","key":"ID","value":18.8,"estimate":"q5"},{"bfs_id":3374,"rcp":"RCP2.6","period":"2060","key":"ID","value":22.2,"estimate":"q50"},{"bfs_id":3374,"rcp":"RCP2.6","period":"2060","key":"ID","value":27.9,"estimate":"q95"},{"bfs_id":3374,"rcp":"RCP2.6","period":"2085","key":"ID","value":17.3,"estimate":"q5"},{"bfs_id":3374,"rcp":"RCP2.6","period":"2085","key":"ID","value":22.5,"estimate":"q50"},{"bfs_id":3374,"rcp":"RCP2.6","period":"2085","key":"ID","value":27.3,"estimate":"q95"},{"bfs_id":3374,"rcp":"RCP8.5","period":"2035","key":"ID","value":18.5,"estimate":"q5"},{"bfs_id":3374,"rcp":"RCP8.5","period":"2035","key":"ID","value":22.5,"estimate":"q50"},{"bfs_id":3374,"rcp":"RCP8.5","period":"2035","key":"ID","value":27.5,"estimate":"q95"},{"bfs_id":3374,"rcp":"RCP8.5","period":"2060","key":"ID","value":12.9,"estimate":"q5"},{"bfs_id":3374,"rcp":"RCP8.5","period":"2060","key":"ID","value":17,"estimate":"q50"},{"bfs_id":3374,"rcp":"RCP8.5","period":"2060","key":"ID","value":19.8,"estimate":"q95"},{"bfs_id":3374,"rcp":"RCP8.5","period":"2085","key":"ID","value":5.3,"estimate":"q5"},{"bfs_id":3374,"rcp":"RCP8.5","period":"2085","key":"ID","value":8.7,"estimate":"q50"},{"bfs_id":3374,"rcp":"RCP8.5","period":"2085","key":"ID","value":12.4,"estimate":"q95"},{"bfs_id":3374,"rcp":"RCP2.6","period":"2035","key":"SD","value":28.7,"estimate":"q5"},{"bfs_id":3374,"rcp":"RCP2.6","period":"2035","key":"SD","value":33.2,"estimate":"q50"},{"bfs_id":3374,"rcp":"RCP2.6","period":"2035","key":"SD","value":41,"estimate":"q95"},{"bfs_id":3374,"rcp":"RCP2.6","period":"2060","key":"SD","value":28.6,"estimate":"q5"},{"bfs_id":3374,"rcp":"RCP2.6","period":"2060","key":"SD","value":34.6,"estimate":"q50"},{"bfs_id":3374,"rcp":"RCP2.6","period":"2060","key":"SD","value":40.8,"estimate":"q95"},{"bfs_id":3374,"rcp":"RCP2.6","period":"2085","key":"SD","value":28.3,"estimate":"q5"},{"bfs_id":3374,"rcp":"RCP2.6","period":"2085","key":"SD","value":34.9,"estimate":"q50"},{"bfs_id":3374,"rcp":"RCP2.6","period":"2085","key":"SD","value":40.3,"estimate":"q95"},{"bfs_id":3374,"rcp":"RCP8.5","period":"2035","key":"SD","value":29.9,"estimate":"q5"},{"bfs_id":3374,"rcp":"RCP8.5","period":"2035","key":"SD","value":35.8,"estimate":"q50"},{"bfs_id":3374,"rcp":"RCP8.5","period":"2035","key":"SD","value":41.9,"estimate":"q95"},{"bfs_id":3374,"rcp":"RCP8.5","period":"2060","key":"SD","value":41.8,"estimate":"q5"},{"bfs_id":3374,"rcp":"RCP8.5","period":"2060","key":"SD","value":48.5,"estimate":"q50"},{"bfs_id":3374,"rcp":"RCP8.5","period":"2060","key":"SD","value":64.7,"estimate":"q95"},{"bfs_id":3374,"rcp":"RCP8.5","period":"2085","key":"SD","value":57.2,"estimate":"q5"},{"bfs_id":3374,"rcp":"RCP8.5","period":"2085","key":"SD","value":66.6,"estimate":"q50"},{"bfs_id":3374,"rcp":"RCP8.5","period":"2085","key":"SD","value":91,"estimate":"q95"},{"bfs_id":3374,"rcp":"RCP2.6","period":"2035","key":"snowdays","value":23.7,"estimate":"q5"},{"bfs_id":3374,"rcp":"RCP2.6","period":"2035","key":"snowdays","value":32,"estimate":"q50"},{"bfs_id":3374,"rcp":"RCP2.6","period":"2035","key":"snowdays","value":37.8,"estimate":"q95"},{"bfs_id":3374,"rcp":"RCP2.6","period":"2060","key":"snowdays","value":23.3,"estimate":"q5"},{"bfs_id":3374,"rcp":"RCP2.6","period":"2060","key":"snowdays","value":30.9,"estimate":"q50"},{"bfs_id":3374,"rcp":"RCP2.6","period":"2060","key":"snowdays","value":38.2,"estimate":"q95"},{"bfs_id":3374,"rcp":"RCP2.6","period":"2085","key":"snowdays","value":22.9,"estimate":"q5"},{"bfs_id":3374,"rcp":"RCP2.6","period":"2085","key":"snowdays","value":31.1,"estimate":"q50"},{"bfs_id":3374,"rcp":"RCP2.6","period":"2085","key":"snowdays","value":38.5,"estimate":"q95"},{"bfs_id":3374,"rcp":"RCP8.5","period":"2035","key":"snowdays","value":21.9,"estimate":"q5"},{"bfs_id":3374,"rcp":"RCP8.5","period":"2035","key":"snowdays","value":31.6,"estimate":"q50"},{"bfs_id":3374,"rcp":"RCP8.5","period":"2035","key":"snowdays","value":39.6,"estimate":"q95"},{"bfs_id":3374,"rcp":"RCP8.5","period":"2060","key":"snowdays","value":17.1,"estimate":"q5"},{"bfs_id":3374,"rcp":"RCP8.5","period":"2060","key":"snowdays","value":25.9,"estimate":"q50"},{"bfs_id":3374,"rcp":"RCP8.5","period":"2060","key":"snowdays","value":30.4,"estimate":"q95"},{"bfs_id":3374,"rcp":"RCP8.5","period":"2085","key":"snowdays","value":9.5,"estimate":"q5"},{"bfs_id":3374,"rcp":"RCP8.5","period":"2085","key":"snowdays","value":17.3,"estimate":"q50"},{"bfs_id":3374,"rcp":"RCP8.5","period":"2085","key":"snowdays","value":24.2,"estimate":"q95"},{"bfs_id":3374,"rcp":"RCP2.6","period":"2035","key":"TN","value":0,"estimate":"q5"},{"bfs_id":3374,"rcp":"RCP2.6","period":"2035","key":"TN","value":0.1,"estimate":"q50"},{"bfs_id":3374,"rcp":"RCP2.6","period":"2035","key":"TN","value":0.3,"estimate":"q95"},{"bfs_id":3374,"rcp":"RCP2.6","period":"2060","key":"TN","value":0,"estimate":"q5"},{"bfs_id":3374,"rcp":"RCP2.6","period":"2060","key":"TN","value":0.2,"estimate":"q50"},{"bfs_id":3374,"rcp":"RCP2.6","period":"2060","key":"TN","value":0.6,"estimate":"q95"},{"bfs_id":3374,"rcp":"RCP2.6","period":"2085","key":"TN","value":0,"estimate":"q5"},{"bfs_id":3374,"rcp":"RCP2.6","period":"2085","key":"TN","value":0.1,"estimate":"q50"},{"bfs_id":3374,"rcp":"RCP2.6","period":"2085","key":"TN","value":0.6,"estimate":"q95"},{"bfs_id":3374,"rcp":"RCP8.5","period":"2035","key":"TN","value":0,"estimate":"q5"},{"bfs_id":3374,"rcp":"RCP8.5","period":"2035","key":"TN","value":0.1,"estimate":"q50"},{"bfs_id":3374,"rcp":"RCP8.5","period":"2035","key":"TN","value":1.4,"estimate":"q95"},{"bfs_id":3374,"rcp":"RCP8.5","period":"2060","key":"TN","value":0.3,"estimate":"q5"},{"bfs_id":3374,"rcp":"RCP8.5","period":"2060","key":"TN","value":1,"estimate":"q50"},{"bfs_id":3374,"rcp":"RCP8.5","period":"2060","key":"TN","value":3.4,"estimate":"q95"},{"bfs_id":3374,"rcp":"RCP8.5","period":"2085","key":"TN","value":1.8,"estimate":"q5"},{"bfs_id":3374,"rcp":"RCP8.5","period":"2085","key":"TN","value":4.9,"estimate":"q50"},{"bfs_id":3374,"rcp":"RCP8.5","period":"2085","key":"TN","value":16.8,"estimate":"q95"},{"bfs_id":3374,"rcp":"RCP2.6","period":"2035","key":"pr","value":3.2,"estimate":"q5","season":"DJF"},{"bfs_id":3374,"rcp":"RCP2.6","period":"2035","key":"pr","value":3.5,"estimate":"q5","season":"MAM"},{"bfs_id":3374,"rcp":"RCP2.6","period":"2035","key":"pr","value":3.7,"estimate":"q5","season":"JJA"},{"bfs_id":3374,"rcp":"RCP2.6","period":"2035","key":"pr","value":3,"estimate":"q5","season":"SON"},{"bfs_id":3374,"rcp":"RCP2.6","period":"2035","key":"pr","value":3.5,"estimate":"q50","season":"DJF"},{"bfs_id":3374,"rcp":"RCP2.6","period":"2035","key":"pr","value":4,"estimate":"q50","season":"MAM"},{"bfs_id":3374,"rcp":"RCP2.6","period":"2035","key":"pr","value":4.5,"estimate":"q50","season":"JJA"},{"bfs_id":3374,"rcp":"RCP2.6","period":"2035","key":"pr","value":3.3,"estimate":"q50","season":"SON"},{"bfs_id":3374,"rcp":"RCP2.6","period":"2035","key":"pr","value":4.2,"estimate":"q95","season":"DJF"},{"bfs_id":3374,"rcp":"RCP2.6","period":"2035","key":"pr","value":4.3,"estimate":"q95","season":"MAM"},{"bfs_id":3374,"rcp":"RCP2.6","period":"2035","key":"pr","value":4.9,"estimate":"q95","season":"JJA"},{"bfs_id":3374,"rcp":"RCP2.6","period":"2035","key":"pr","value":4.1,"estimate":"q95","season":"SON"},{"bfs_id":3374,"rcp":"RCP2.6","period":"2060","key":"pr","value":3.1,"estimate":"q5","season":"DJF"},{"bfs_id":3374,"rcp":"RCP2.6","period":"2060","key":"pr","value":3.6,"estimate":"q5","season":"MAM"},{"bfs_id":3374,"rcp":"RCP2.6","period":"2060","key":"pr","value":3.9,"estimate":"q5","season":"JJA"},{"bfs_id":3374,"rcp":"RCP2.6","period":"2060","key":"pr","value":3.1,"estimate":"q5","season":"SON"},{"bfs_id":3374,"rcp":"RCP2.6","period":"2060","key":"pr","value":3.5,"estimate":"q50","season":"DJF"},{"bfs_id":3374,"rcp":"RCP2.6","period":"2060","key":"pr","value":3.9,"estimate":"q50","season":"MAM"},{"bfs_id":3374,"rcp":"RCP2.6","period":"2060","key":"pr","value":4.5,"estimate":"q50","season":"JJA"},{"bfs_id":3374,"rcp":"RCP2.6","period":"2060","key":"pr","value":3.3,"estimate":"q50","season":"SON"},{"bfs_id":3374,"rcp":"RCP2.6","period":"2060","key":"pr","value":3.9,"estimate":"q95","season":"DJF"},{"bfs_id":3374,"rcp":"RCP2.6","period":"2060","key":"pr","value":4.4,"estimate":"q95","season":"MAM"},{"bfs_id":3374,"rcp":"RCP2.6","period":"2060","key":"pr","value":5,"estimate":"q95","season":"JJA"},{"bfs_id":3374,"rcp":"RCP2.6","period":"2060","key":"pr","value":3.9,"estimate":"q95","season":"SON"},{"bfs_id":3374,"rcp":"RCP2.6","period":"2085","key":"pr","value":3,"estimate":"q5","season":"DJF"},{"bfs_id":3374,"rcp":"RCP2.6","period":"2085","key":"pr","value":3.6,"estimate":"q5","season":"MAM"},{"bfs_id":3374,"rcp":"RCP2.6","period":"2085","key":"pr","value":3.9,"estimate":"q5","season":"JJA"},{"bfs_id":3374,"rcp":"RCP2.6","period":"2085","key":"pr","value":3,"estimate":"q5","season":"SON"},{"bfs_id":3374,"rcp":"RCP2.6","period":"2085","key":"pr","value":3.4,"estimate":"q50","season":"DJF"},{"bfs_id":3374,"rcp":"RCP2.6","period":"2085","key":"pr","value":3.9,"estimate":"q50","season":"MAM"},{"bfs_id":3374,"rcp":"RCP2.6","period":"2085","key":"pr","value":4.5,"estimate":"q50","season":"JJA"},{"bfs_id":3374,"rcp":"RCP2.6","period":"2085","key":"pr","value":3.4,"estimate":"q50","season":"SON"},{"bfs_id":3374,"rcp":"RCP2.6","period":"2085","key":"pr","value":4,"estimate":"q95","season":"DJF"},{"bfs_id":3374,"rcp":"RCP2.6","period":"2085","key":"pr","value":4.3,"estimate":"q95","season":"MAM"},{"bfs_id":3374,"rcp":"RCP2.6","period":"2085","key":"pr","value":5,"estimate":"q95","season":"JJA"},{"bfs_id":3374,"rcp":"RCP2.6","period":"2085","key":"pr","value":3.9,"estimate":"q95","season":"SON"},{"bfs_id":3374,"rcp":"RCP8.5","period":"2035","key":"pr","value":3.2,"estimate":"q5","season":"DJF"},{"bfs_id":3374,"rcp":"RCP8.5","period":"2035","key":"pr","value":3.8,"estimate":"q5","season":"MAM"},{"bfs_id":3374,"rcp":"RCP8.5","period":"2035","key":"pr","value":3.9,"estimate":"q5","season":"JJA"},{"bfs_id":3374,"rcp":"RCP8.5","period":"2035","key":"pr","value":3.1,"estimate":"q5","season":"SON"},{"bfs_id":3374,"rcp":"RCP8.5","period":"2035","key":"pr","value":3.7,"estimate":"q50","season":"DJF"},{"bfs_id":3374,"rcp":"RCP8.5","period":"2035","key":"pr","value":4.1,"estimate":"q50","season":"MAM"},{"bfs_id":3374,"rcp":"RCP8.5","period":"2035","key":"pr","value":4.5,"estimate":"q50","season":"JJA"},{"bfs_id":3374,"rcp":"RCP8.5","period":"2035","key":"pr","value":3.5,"estimate":"q50","season":"SON"},{"bfs_id":3374,"rcp":"RCP8.5","period":"2035","key":"pr","value":4,"estimate":"q95","season":"DJF"},{"bfs_id":3374,"rcp":"RCP8.5","period":"2035","key":"pr","value":4.4,"estimate":"q95","season":"MAM"},{"bfs_id":3374,"rcp":"RCP8.5","period":"2035","key":"pr","value":4.9,"estimate":"q95","season":"JJA"},{"bfs_id":3374,"rcp":"RCP8.5","period":"2035","key":"pr","value":4,"estimate":"q95","season":"SON"},{"bfs_id":3374,"rcp":"RCP8.5","period":"2060","key":"pr","value":3.3,"estimate":"q5","season":"DJF"},{"bfs_id":3374,"rcp":"RCP8.5","period":"2060","key":"pr","value":3.8,"estimate":"q5","season":"MAM"},{"bfs_id":3374,"rcp":"RCP8.5","period":"2060","key":"pr","value":3.3,"estimate":"q5","season":"JJA"},{"bfs_id":3374,"rcp":"RCP8.5","period":"2060","key":"pr","value":3.1,"estimate":"q5","season":"SON"},{"bfs_id":3374,"rcp":"RCP8.5","period":"2060","key":"pr","value":3.7,"estimate":"q50","season":"DJF"},{"bfs_id":3374,"rcp":"RCP8.5","period":"2060","key":"pr","value":4.2,"estimate":"q50","season":"MAM"},{"bfs_id":3374,"rcp":"RCP8.5","period":"2060","key":"pr","value":4.3,"estimate":"q50","season":"JJA"},{"bfs_id":3374,"rcp":"RCP8.5","period":"2060","key":"pr","value":3.4,"estimate":"q50","season":"SON"},{"bfs_id":3374,"rcp":"RCP8.5","period":"2060","key":"pr","value":4.1,"estimate":"q95","season":"DJF"},{"bfs_id":3374,"rcp":"RCP8.5","period":"2060","key":"pr","value":4.7,"estimate":"q95","season":"MAM"},{"bfs_id":3374,"rcp":"RCP8.5","period":"2060","key":"pr","value":4.9,"estimate":"q95","season":"JJA"},{"bfs_id":3374,"rcp":"RCP8.5","period":"2060","key":"pr","value":3.8,"estimate":"q95","season":"SON"},{"bfs_id":3374,"rcp":"RCP8.5","period":"2085","key":"pr","value":3.6,"estimate":"q5","season":"DJF"},{"bfs_id":3374,"rcp":"RCP8.5","period":"2085","key":"pr","value":3.9,"estimate":"q5","season":"MAM"},{"bfs_id":3374,"rcp":"RCP8.5","period":"2085","key":"pr","value":3.1,"estimate":"q5","season":"JJA"},{"bfs_id":3374,"rcp":"RCP8.5","period":"2085","key":"pr","value":2.8,"estimate":"q5","season":"SON"},{"bfs_id":3374,"rcp":"RCP8.5","period":"2085","key":"pr","value":3.8,"estimate":"q50","season":"DJF"},{"bfs_id":3374,"rcp":"RCP8.5","period":"2085","key":"pr","value":4.3,"estimate":"q50","season":"MAM"},{"bfs_id":3374,"rcp":"RCP8.5","period":"2085","key":"pr","value":3.8,"estimate":"q50","season":"JJA"},{"bfs_id":3374,"rcp":"RCP8.5","period":"2085","key":"pr","value":3.3,"estimate":"q50","season":"SON"},{"bfs_id":3374,"rcp":"RCP8.5","period":"2085","key":"pr","value":4.5,"estimate":"q95","season":"DJF"},{"bfs_id":3374,"rcp":"RCP8.5","period":"2085","key":"pr","value":4.8,"estimate":"q95","season":"MAM"},{"bfs_id":3374,"rcp":"RCP8.5","period":"2085","key":"pr","value":4.3,"estimate":"q95","season":"JJA"},{"bfs_id":3374,"rcp":"RCP8.5","period":"2085","key":"pr","value":4,"estimate":"q95","season":"SON"},{"bfs_id":3374,"rcp":"RCP2.6","period":"2035","key":"tas","value":-0.1,"estimate":"q5","season":"DJF"},{"bfs_id":3374,"rcp":"RCP2.6","period":"2035","key":"tas","value":7,"estimate":"q5","season":"MAM"},{"bfs_id":3374,"rcp":"RCP2.6","period":"2035","key":"tas","value":16.3,"estimate":"q5","season":"JJA"},{"bfs_id":3374,"rcp":"RCP2.6","period":"2035","key":"tas","value":8.6,"estimate":"q5","season":"SON"},{"bfs_id":3374,"rcp":"RCP2.6","period":"2035","key":"tas","value":0.6,"estimate":"q50","season":"DJF"},{"bfs_id":3374,"rcp":"RCP2.6","period":"2035","key":"tas","value":7.7,"estimate":"q50","season":"MAM"},{"bfs_id":3374,"rcp":"RCP2.6","period":"2035","key":"tas","value":16.9,"estimate":"q50","season":"JJA"},{"bfs_id":3374,"rcp":"RCP2.6","period":"2035","key":"tas","value":8.9,"estimate":"q50","season":"SON"},{"bfs_id":3374,"rcp":"RCP2.6","period":"2035","key":"tas","value":1.2,"estimate":"q95","season":"DJF"},{"bfs_id":3374,"rcp":"RCP2.6","period":"2035","key":"tas","value":8,"estimate":"q95","season":"MAM"},{"bfs_id":3374,"rcp":"RCP2.6","period":"2035","key":"tas","value":17.6,"estimate":"q95","season":"JJA"},{"bfs_id":3374,"rcp":"RCP2.6","period":"2035","key":"tas","value":9.8,"estimate":"q95","season":"SON"},{"bfs_id":3374,"rcp":"RCP2.6","period":"2060","key":"tas","value":-0.1,"estimate":"q5","season":"DJF"},{"bfs_id":3374,"rcp":"RCP2.6","period":"2060","key":"tas","value":6.9,"estimate":"q5","season":"MAM"},{"bfs_id":3374,"rcp":"RCP2.6","period":"2060","key":"tas","value":16.6,"estimate":"q5","season":"JJA"},{"bfs_id":3374,"rcp":"RCP2.6","period":"2060","key":"tas","value":8.8,"estimate":"q5","season":"SON"},{"bfs_id":3374,"rcp":"RCP2.6","period":"2060","key":"tas","value":0.8,"estimate":"q50","season":"DJF"},{"bfs_id":3374,"rcp":"RCP2.6","period":"2060","key":"tas","value":7.7,"estimate":"q50","season":"MAM"},{"bfs_id":3374,"rcp":"RCP2.6","period":"2060","key":"tas","value":17,"estimate":"q50","season":"JJA"},{"bfs_id":3374,"rcp":"RCP2.6","period":"2060","key":"tas","value":9.2,"estimate":"q50","season":"SON"},{"bfs_id":3374,"rcp":"RCP2.6","period":"2060","key":"tas","value":1.4,"estimate":"q95","season":"DJF"},{"bfs_id":3374,"rcp":"RCP2.6","period":"2060","key":"tas","value":8.2,"estimate":"q95","season":"MAM"},{"bfs_id":3374,"rcp":"RCP2.6","period":"2060","key":"tas","value":17.7,"estimate":"q95","season":"JJA"},{"bfs_id":3374,"rcp":"RCP2.6","period":"2060","key":"tas","value":10.2,"estimate":"q95","season":"SON"},{"bfs_id":3374,"rcp":"RCP2.6","period":"2085","key":"tas","value":-0,"estimate":"q5","season":"DJF"},{"bfs_id":3374,"rcp":"RCP2.6","period":"2085","key":"tas","value":7,"estimate":"q5","season":"MAM"},{"bfs_id":3374,"rcp":"RCP2.6","period":"2085","key":"tas","value":16.5,"estimate":"q5","season":"JJA"},{"bfs_id":3374,"rcp":"RCP2.6","period":"2085","key":"tas","value":8.6,"estimate":"q5","season":"SON"},{"bfs_id":3374,"rcp":"RCP2.6","period":"2085","key":"tas","value":0.8,"estimate":"q50","season":"DJF"},{"bfs_id":3374,"rcp":"RCP2.6","period":"2085","key":"tas","value":7.7,"estimate":"q50","season":"MAM"},{"bfs_id":3374,"rcp":"RCP2.6","period":"2085","key":"tas","value":16.9,"estimate":"q50","season":"JJA"},{"bfs_id":3374,"rcp":"RCP2.6","period":"2085","key":"tas","value":9.1,"estimate":"q50","season":"SON"},{"bfs_id":3374,"rcp":"RCP2.6","period":"2085","key":"tas","value":1.4,"estimate":"q95","season":"DJF"},{"bfs_id":3374,"rcp":"RCP2.6","period":"2085","key":"tas","value":8.3,"estimate":"q95","season":"MAM"},{"bfs_id":3374,"rcp":"RCP2.6","period":"2085","key":"tas","value":17.5,"estimate":"q95","season":"JJA"},{"bfs_id":3374,"rcp":"RCP2.6","period":"2085","key":"tas","value":10.1,"estimate":"q95","season":"SON"},{"bfs_id":3374,"rcp":"RCP8.5","period":"2035","key":"tas","value":-0,"estimate":"q5","season":"DJF"},{"bfs_id":3374,"rcp":"RCP8.5","period":"2035","key":"tas","value":7.3,"estimate":"q5","season":"MAM"},{"bfs_id":3374,"rcp":"RCP8.5","period":"2035","key":"tas","value":16.7,"estimate":"q5","season":"JJA"},{"bfs_id":3374,"rcp":"RCP8.5","period":"2035","key":"tas","value":8.8,"estimate":"q5","season":"SON"},{"bfs_id":3374,"rcp":"RCP8.5","period":"2035","key":"tas","value":0.8,"estimate":"q50","season":"DJF"},{"bfs_id":3374,"rcp":"RCP8.5","period":"2035","key":"tas","value":7.7,"estimate":"q50","season":"MAM"},{"bfs_id":3374,"rcp":"RCP8.5","period":"2035","key":"tas","value":17.1,"estimate":"q50","season":"JJA"},{"bfs_id":3374,"rcp":"RCP8.5","period":"2035","key":"tas","value":9.3,"estimate":"q50","season":"SON"},{"bfs_id":3374,"rcp":"RCP8.5","period":"2035","key":"tas","value":1.3,"estimate":"q95","season":"DJF"},{"bfs_id":3374,"rcp":"RCP8.5","period":"2035","key":"tas","value":8.2,"estimate":"q95","season":"MAM"},{"bfs_id":3374,"rcp":"RCP8.5","period":"2035","key":"tas","value":17.8,"estimate":"q95","season":"JJA"},{"bfs_id":3374,"rcp":"RCP8.5","period":"2035","key":"tas","value":10.2,"estimate":"q95","season":"SON"},{"bfs_id":3374,"rcp":"RCP8.5","period":"2060","key":"tas","value":1.5,"estimate":"q5","season":"DJF"},{"bfs_id":3374,"rcp":"RCP8.5","period":"2060","key":"tas","value":8.1,"estimate":"q5","season":"MAM"},{"bfs_id":3374,"rcp":"RCP8.5","period":"2060","key":"tas","value":17.8,"estimate":"q5","season":"JJA"},{"bfs_id":3374,"rcp":"RCP8.5","period":"2060","key":"tas","value":9.9,"estimate":"q5","season":"SON"},{"bfs_id":3374,"rcp":"RCP8.5","period":"2060","key":"tas","value":1.7,"estimate":"q50","season":"DJF"},{"bfs_id":3374,"rcp":"RCP8.5","period":"2060","key":"tas","value":8.7,"estimate":"q50","season":"MAM"},{"bfs_id":3374,"rcp":"RCP8.5","period":"2060","key":"tas","value":18.3,"estimate":"q50","season":"JJA"},{"bfs_id":3374,"rcp":"RCP8.5","period":"2060","key":"tas","value":10.5,"estimate":"q50","season":"SON"},{"bfs_id":3374,"rcp":"RCP8.5","period":"2060","key":"tas","value":2.5,"estimate":"q95","season":"DJF"},{"bfs_id":3374,"rcp":"RCP8.5","period":"2060","key":"tas","value":9.6,"estimate":"q95","season":"MAM"},{"bfs_id":3374,"rcp":"RCP8.5","period":"2060","key":"tas","value":19.5,"estimate":"q95","season":"JJA"},{"bfs_id":3374,"rcp":"RCP8.5","period":"2060","key":"tas","value":11.4,"estimate":"q95","season":"SON"},{"bfs_id":3374,"rcp":"RCP8.5","period":"2085","key":"tas","value":2.6,"estimate":"q5","season":"DJF"},{"bfs_id":3374,"rcp":"RCP8.5","period":"2085","key":"tas","value":9.4,"estimate":"q5","season":"MAM"},{"bfs_id":3374,"rcp":"RCP8.5","period":"2085","key":"tas","value":19.2,"estimate":"q5","season":"JJA"},{"bfs_id":3374,"rcp":"RCP8.5","period":"2085","key":"tas","value":10.9,"estimate":"q5","season":"SON"},{"bfs_id":3374,"rcp":"RCP8.5","period":"2085","key":"tas","value":3.7,"estimate":"q50","season":"DJF"},{"bfs_id":3374,"rcp":"RCP8.5","period":"2085","key":"tas","value":10.2,"estimate":"q50","season":"MAM"},{"bfs_id":3374,"rcp":"RCP8.5","period":"2085","key":"tas","value":20,"estimate":"q50","season":"JJA"},{"bfs_id":3374,"rcp":"RCP8.5","period":"2085","key":"tas","value":11.9,"estimate":"q50","season":"SON"},{"bfs_id":3374,"rcp":"RCP8.5","period":"2085","key":"tas","value":4.4,"estimate":"q95","season":"DJF"},{"bfs_id":3374,"rcp":"RCP8.5","period":"2085","key":"tas","value":11.4,"estimate":"q95","season":"MAM"},{"bfs_id":3374,"rcp":"RCP8.5","period":"2085","key":"tas","value":22.3,"estimate":"q95","season":"JJA"},{"bfs_id":3374,"rcp":"RCP8.5","period":"2085","key":"tas","value":13.7,"estimate":"q95","season":"SON"},{"bfs_id":3374,"rcp":"obs","period":"1981-2010","key":"FD","value":118.9,"estimate":"yearly_mean"},{"bfs_id":3374,"rcp":"obs","period":"1981-2010","key":"HD","value":2,"estimate":"yearly_mean"},{"bfs_id":3374,"rcp":"obs","period":"1981-2010","key":"ID","value":32.7,"estimate":"yearly_mean"},{"bfs_id":3374,"rcp":"obs","period":"1981-2010","key":"SD","value":23.2,"estimate":"yearly_mean"},{"bfs_id":3374,"rcp":"obs","period":"1981-2010","key":"snowdays","value":37.1,"estimate":"yearly_mean"},{"bfs_id":3374,"rcp":"obs","period":"1981-2010","key":"TN","value":0,"estimate":"yearly_mean"},{"bfs_id":3374,"rcp":"obs","period":"1981-2010","key":"pr","value":3.2,"estimate":"mean","season":"DJF"},{"bfs_id":3374,"rcp":"obs","period":"1981-2010","key":"pr","value":3.8,"estimate":"mean","season":"MAM"},{"bfs_id":3374,"rcp":"obs","period":"1981-2010","key":"pr","value":4.8,"estimate":"mean","season":"JJA"},{"bfs_id":3374,"rcp":"obs","period":"1981-2010","key":"pr","value":3.4,"estimate":"mean","season":"SON"},{"bfs_id":3374,"rcp":"obs","period":"1981-2010","key":"tas","value":-0.7,"estimate":"mean","season":"DJF"},{"bfs_id":3374,"rcp":"obs","period":"1981-2010","key":"tas","value":6.9,"estimate":"mean","season":"MAM"},{"bfs_id":3374,"rcp":"obs","period":"1981-2010","key":"tas","value":15.7,"estimate":"mean","season":"JJA"},{"bfs_id":3374,"rcp":"obs","period":"1981-2010","key":"tas","value":7.9,"estimate":"mean","season":"SON"}]
