[{"bfs_id":6287,"rcp":"RCP2.6","period":"2035","key":"FD","value":203,"estimate":"q5"},{"bfs_id":6287,"rcp":"RCP2.6","period":"2035","key":"FD","value":211.7,"estimate":"q50"},{"bfs_id":6287,"rcp":"RCP2.6","period":"2035","key":"FD","value":221,"estimate":"q95"},{"bfs_id":6287,"rcp":"RCP2.6","period":"2060","key":"FD","value":196.4,"estimate":"q5"},{"bfs_id":6287,"rcp":"RCP2.6","period":"2060","key":"FD","value":209,"estimate":"q50"},{"bfs_id":6287,"rcp":"RCP2.6","period":"2060","key":"FD","value":220.6,"estimate":"q95"},{"bfs_id":6287,"rcp":"RCP2.6","period":"2085","key":"FD","value":197,"estimate":"q5"},{"bfs_id":6287,"rcp":"RCP2.6","period":"2085","key":"FD","value":209.9,"estimate":"q50"},{"bfs_id":6287,"rcp":"RCP2.6","period":"2085","key":"FD","value":221.9,"estimate":"q95"},{"bfs_id":6287,"rcp":"RCP8.5","period":"2035","key":"FD","value":199.7,"estimate":"q5"},{"bfs_id":6287,"rcp":"RCP8.5","period":"2035","key":"FD","value":206.7,"estimate":"q50"},{"bfs_id":6287,"rcp":"RCP8.5","period":"2035","key":"FD","value":215.2,"estimate":"q95"},{"bfs_id":6287,"rcp":"RCP8.5","period":"2060","key":"FD","value":174,"estimate":"q5"},{"bfs_id":6287,"rcp":"RCP8.5","period":"2060","key":"FD","value":188,"estimate":"q50"},{"bfs_id":6287,"rcp":"RCP8.5","period":"2060","key":"FD","value":199.3,"estimate":"q95"},{"bfs_id":6287,"rcp":"RCP8.5","period":"2085","key":"FD","value":148.8,"estimate":"q5"},{"bfs_id":6287,"rcp":"RCP8.5","period":"2085","key":"FD","value":163.7,"estimate":"q50"},{"bfs_id":6287,"rcp":"RCP8.5","period":"2085","key":"FD","value":178.4,"estimate":"q95"},{"bfs_id":6287,"rcp":"RCP2.6","period":"2035","key":"HD","value":0,"estimate":"q5"},{"bfs_id":6287,"rcp":"RCP2.6","period":"2035","key":"HD","value":0,"estimate":"q50"},{"bfs_id":6287,"rcp":"RCP2.6","period":"2035","key":"HD","value":0,"estimate":"q95"},{"bfs_id":6287,"rcp":"RCP2.6","period":"2060","key":"HD","value":0,"estimate":"q5"},{"bfs_id":6287,"rcp":"RCP2.6","period":"2060","key":"HD","value":0,"estimate":"q50"},{"bfs_id":6287,"rcp":"RCP2.6","period":"2060","key":"HD","value":0,"estimate":"q95"},{"bfs_id":6287,"rcp":"RCP2.6","period":"2085","key":"HD","value":0,"estimate":"q5"},{"bfs_id":6287,"rcp":"RCP2.6","period":"2085","key":"HD","value":0,"estimate":"q50"},{"bfs_id":6287,"rcp":"RCP2.6","period":"2085","key":"HD","value":0,"estimate":"q95"},{"bfs_id":6287,"rcp":"RCP8.5","period":"2035","key":"HD","value":0,"estimate":"q5"},{"bfs_id":6287,"rcp":"RCP8.5","period":"2035","key":"HD","value":0,"estimate":"q50"},{"bfs_id":6287,"rcp":"RCP8.5","period":"2035","key":"HD","value":0,"estimate":"q95"},{"bfs_id":6287,"rcp":"RCP8.5","period":"2060","key":"HD","value":0,"estimate":"q5"},{"bfs_id":6287,"rcp":"RCP8.5","period":"2060","key":"HD","value":0,"estimate":"q50"},{"bfs_id":6287,"rcp":"RCP8.5","period":"2060","key":"HD","value":0.5,"estimate":"q95"},{"bfs_id":6287,"rcp":"RCP8.5","period":"2085","key":"HD","value":0,"estimate":"q5"},{"bfs_id":6287,"rcp":"RCP8.5","period":"2085","key":"HD","value":0.9,"estimate":"q50"},{"bfs_id":6287,"rcp":"RCP8.5","period":"2085","key":"HD","value":6,"estimate":"q95"},{"bfs_id":6287,"rcp":"RCP2.6","period":"2035","key":"ID","value":63.6,"estimate":"q5"},{"bfs_id":6287,"rcp":"RCP2.6","period":"2035","key":"ID","value":74.2,"estimate":"q50"},{"bfs_id":6287,"rcp":"RCP2.6","period":"2035","key":"ID","value":80,"estimate":"q95"},{"bfs_id":6287,"rcp":"RCP2.6","period":"2060","key":"ID","value":64,"estimate":"q5"},{"bfs_id":6287,"rcp":"RCP2.6","period":"2060","key":"ID","value":70.4,"estimate":"q50"},{"bfs_id":6287,"rcp":"RCP2.6","period":"2060","key":"ID","value":81.6,"estimate":"q95"},{"bfs_id":6287,"rcp":"RCP2.6","period":"2085","key":"ID","value":62.4,"estimate":"q5"},{"bfs_id":6287,"rcp":"RCP2.6","period":"2085","key":"ID","value":72.6,"estimate":"q50"},{"bfs_id":6287,"rcp":"RCP2.6","period":"2085","key":"ID","value":81.1,"estimate":"q95"},{"bfs_id":6287,"rcp":"RCP8.5","period":"2035","key":"ID","value":64.5,"estimate":"q5"},{"bfs_id":6287,"rcp":"RCP8.5","period":"2035","key":"ID","value":70,"estimate":"q50"},{"bfs_id":6287,"rcp":"RCP8.5","period":"2035","key":"ID","value":77.2,"estimate":"q95"},{"bfs_id":6287,"rcp":"RCP8.5","period":"2060","key":"ID","value":46.3,"estimate":"q5"},{"bfs_id":6287,"rcp":"RCP8.5","period":"2060","key":"ID","value":55.6,"estimate":"q50"},{"bfs_id":6287,"rcp":"RCP8.5","period":"2060","key":"ID","value":60.1,"estimate":"q95"},{"bfs_id":6287,"rcp":"RCP8.5","period":"2085","key":"ID","value":31.3,"estimate":"q5"},{"bfs_id":6287,"rcp":"RCP8.5","period":"2085","key":"ID","value":36.7,"estimate":"q50"},{"bfs_id":6287,"rcp":"RCP8.5","period":"2085","key":"ID","value":46.5,"estimate":"q95"},{"bfs_id":6287,"rcp":"RCP2.6","period":"2035","key":"SD","value":0.2,"estimate":"q5"},{"bfs_id":6287,"rcp":"RCP2.6","period":"2035","key":"SD","value":0.5,"estimate":"q50"},{"bfs_id":6287,"rcp":"RCP2.6","period":"2035","key":"SD","value":1.8,"estimate":"q95"},{"bfs_id":6287,"rcp":"RCP2.6","period":"2060","key":"SD","value":0.4,"estimate":"q5"},{"bfs_id":6287,"rcp":"RCP2.6","period":"2060","key":"SD","value":1,"estimate":"q50"},{"bfs_id":6287,"rcp":"RCP2.6","period":"2060","key":"SD","value":2.2,"estimate":"q95"},{"bfs_id":6287,"rcp":"RCP2.6","period":"2085","key":"SD","value":0.2,"estimate":"q5"},{"bfs_id":6287,"rcp":"RCP2.6","period":"2085","key":"SD","value":1,"estimate":"q50"},{"bfs_id":6287,"rcp":"RCP2.6","period":"2085","key":"SD","value":2.1,"estimate":"q95"},{"bfs_id":6287,"rcp":"RCP8.5","period":"2035","key":"SD","value":0.4,"estimate":"q5"},{"bfs_id":6287,"rcp":"RCP8.5","period":"2035","key":"SD","value":1.2,"estimate":"q50"},{"bfs_id":6287,"rcp":"RCP8.5","period":"2035","key":"SD","value":5.1,"estimate":"q95"},{"bfs_id":6287,"rcp":"RCP8.5","period":"2060","key":"SD","value":1.5,"estimate":"q5"},{"bfs_id":6287,"rcp":"RCP8.5","period":"2060","key":"SD","value":5,"estimate":"q50"},{"bfs_id":6287,"rcp":"RCP8.5","period":"2060","key":"SD","value":17.7,"estimate":"q95"},{"bfs_id":6287,"rcp":"RCP8.5","period":"2085","key":"SD","value":6.2,"estimate":"q5"},{"bfs_id":6287,"rcp":"RCP8.5","period":"2085","key":"SD","value":17.1,"estimate":"q50"},{"bfs_id":6287,"rcp":"RCP8.5","period":"2085","key":"SD","value":47.2,"estimate":"q95"},{"bfs_id":6287,"rcp":"RCP2.6","period":"2035","key":"snowdays","value":36.4,"estimate":"q5"},{"bfs_id":6287,"rcp":"RCP2.6","period":"2035","key":"snowdays","value":42.5,"estimate":"q50"},{"bfs_id":6287,"rcp":"RCP2.6","period":"2035","key":"snowdays","value":50.9,"estimate":"q95"},{"bfs_id":6287,"rcp":"RCP2.6","period":"2060","key":"snowdays","value":36.2,"estimate":"q5"},{"bfs_id":6287,"rcp":"RCP2.6","period":"2060","key":"snowdays","value":42.6,"estimate":"q50"},{"bfs_id":6287,"rcp":"RCP2.6","period":"2060","key":"snowdays","value":53,"estimate":"q95"},{"bfs_id":6287,"rcp":"RCP2.6","period":"2085","key":"snowdays","value":35.4,"estimate":"q5"},{"bfs_id":6287,"rcp":"RCP2.6","period":"2085","key":"snowdays","value":43.9,"estimate":"q50"},{"bfs_id":6287,"rcp":"RCP2.6","period":"2085","key":"snowdays","value":53.5,"estimate":"q95"},{"bfs_id":6287,"rcp":"RCP8.5","period":"2035","key":"snowdays","value":35.8,"estimate":"q5"},{"bfs_id":6287,"rcp":"RCP8.5","period":"2035","key":"snowdays","value":40.7,"estimate":"q50"},{"bfs_id":6287,"rcp":"RCP8.5","period":"2035","key":"snowdays","value":50.5,"estimate":"q95"},{"bfs_id":6287,"rcp":"RCP8.5","period":"2060","key":"snowdays","value":30.7,"estimate":"q5"},{"bfs_id":6287,"rcp":"RCP8.5","period":"2060","key":"snowdays","value":35.3,"estimate":"q50"},{"bfs_id":6287,"rcp":"RCP8.5","period":"2060","key":"snowdays","value":44.1,"estimate":"q95"},{"bfs_id":6287,"rcp":"RCP8.5","period":"2085","key":"snowdays","value":21.8,"estimate":"q5"},{"bfs_id":6287,"rcp":"RCP8.5","period":"2085","key":"snowdays","value":30.1,"estimate":"q50"},{"bfs_id":6287,"rcp":"RCP8.5","period":"2085","key":"snowdays","value":39.1,"estimate":"q95"},{"bfs_id":6287,"rcp":"RCP2.6","period":"2035","key":"TN","value":0,"estimate":"q5"},{"bfs_id":6287,"rcp":"RCP2.6","period":"2035","key":"TN","value":0,"estimate":"q50"},{"bfs_id":6287,"rcp":"RCP2.6","period":"2035","key":"TN","value":0,"estimate":"q95"},{"bfs_id":6287,"rcp":"RCP2.6","period":"2060","key":"TN","value":0,"estimate":"q5"},{"bfs_id":6287,"rcp":"RCP2.6","period":"2060","key":"TN","value":0,"estimate":"q50"},{"bfs_id":6287,"rcp":"RCP2.6","period":"2060","key":"TN","value":0,"estimate":"q95"},{"bfs_id":6287,"rcp":"RCP2.6","period":"2085","key":"TN","value":0,"estimate":"q5"},{"bfs_id":6287,"rcp":"RCP2.6","period":"2085","key":"TN","value":0,"estimate":"q50"},{"bfs_id":6287,"rcp":"RCP2.6","period":"2085","key":"TN","value":0,"estimate":"q95"},{"bfs_id":6287,"rcp":"RCP8.5","period":"2035","key":"TN","value":0,"estimate":"q5"},{"bfs_id":6287,"rcp":"RCP8.5","period":"2035","key":"TN","value":0,"estimate":"q50"},{"bfs_id":6287,"rcp":"RCP8.5","period":"2035","key":"TN","value":0,"estimate":"q95"},{"bfs_id":6287,"rcp":"RCP8.5","period":"2060","key":"TN","value":0,"estimate":"q5"},{"bfs_id":6287,"rcp":"RCP8.5","period":"2060","key":"TN","value":0,"estimate":"q50"},{"bfs_id":6287,"rcp":"RCP8.5","period":"2060","key":"TN","value":0,"estimate":"q95"},{"bfs_id":6287,"rcp":"RCP8.5","period":"2085","key":"TN","value":0,"estimate":"q5"},{"bfs_id":6287,"rcp":"RCP8.5","period":"2085","key":"TN","value":0,"estimate":"q50"},{"bfs_id":6287,"rcp":"RCP8.5","period":"2085","key":"TN","value":0.1,"estimate":"q95"},{"bfs_id":6287,"rcp":"RCP2.6","period":"2035","key":"pr","value":1.5,"estimate":"q5","season":"DJF"},{"bfs_id":6287,"rcp":"RCP2.6","period":"2035","key":"pr","value":2.1,"estimate":"q5","season":"MAM"},{"bfs_id":6287,"rcp":"RCP2.6","period":"2035","key":"pr","value":2,"estimate":"q5","season":"JJA"},{"bfs_id":6287,"rcp":"RCP2.6","period":"2035","key":"pr","value":2,"estimate":"q5","season":"SON"},{"bfs_id":6287,"rcp":"RCP2.6","period":"2035","key":"pr","value":1.7,"estimate":"q50","season":"DJF"},{"bfs_id":6287,"rcp":"RCP2.6","period":"2035","key":"pr","value":2.3,"estimate":"q50","season":"MAM"},{"bfs_id":6287,"rcp":"RCP2.6","period":"2035","key":"pr","value":2.4,"estimate":"q50","season":"JJA"},{"bfs_id":6287,"rcp":"RCP2.6","period":"2035","key":"pr","value":2.3,"estimate":"q50","season":"SON"},{"bfs_id":6287,"rcp":"RCP2.6","period":"2035","key":"pr","value":2,"estimate":"q95","season":"DJF"},{"bfs_id":6287,"rcp":"RCP2.6","period":"2035","key":"pr","value":2.7,"estimate":"q95","season":"MAM"},{"bfs_id":6287,"rcp":"RCP2.6","period":"2035","key":"pr","value":2.6,"estimate":"q95","season":"JJA"},{"bfs_id":6287,"rcp":"RCP2.6","period":"2035","key":"pr","value":3,"estimate":"q95","season":"SON"},{"bfs_id":6287,"rcp":"RCP2.6","period":"2060","key":"pr","value":1.6,"estimate":"q5","season":"DJF"},{"bfs_id":6287,"rcp":"RCP2.6","period":"2060","key":"pr","value":1.9,"estimate":"q5","season":"MAM"},{"bfs_id":6287,"rcp":"RCP2.6","period":"2060","key":"pr","value":1.9,"estimate":"q5","season":"JJA"},{"bfs_id":6287,"rcp":"RCP2.6","period":"2060","key":"pr","value":2,"estimate":"q5","season":"SON"},{"bfs_id":6287,"rcp":"RCP2.6","period":"2060","key":"pr","value":1.8,"estimate":"q50","season":"DJF"},{"bfs_id":6287,"rcp":"RCP2.6","period":"2060","key":"pr","value":2.3,"estimate":"q50","season":"MAM"},{"bfs_id":6287,"rcp":"RCP2.6","period":"2060","key":"pr","value":2.4,"estimate":"q50","season":"JJA"},{"bfs_id":6287,"rcp":"RCP2.6","period":"2060","key":"pr","value":2.3,"estimate":"q50","season":"SON"},{"bfs_id":6287,"rcp":"RCP2.6","period":"2060","key":"pr","value":2.2,"estimate":"q95","season":"DJF"},{"bfs_id":6287,"rcp":"RCP2.6","period":"2060","key":"pr","value":2.9,"estimate":"q95","season":"MAM"},{"bfs_id":6287,"rcp":"RCP2.6","period":"2060","key":"pr","value":2.7,"estimate":"q95","season":"JJA"},{"bfs_id":6287,"rcp":"RCP2.6","period":"2060","key":"pr","value":2.8,"estimate":"q95","season":"SON"},{"bfs_id":6287,"rcp":"RCP2.6","period":"2085","key":"pr","value":1.5,"estimate":"q5","season":"DJF"},{"bfs_id":6287,"rcp":"RCP2.6","period":"2085","key":"pr","value":1.9,"estimate":"q5","season":"MAM"},{"bfs_id":6287,"rcp":"RCP2.6","period":"2085","key":"pr","value":1.9,"estimate":"q5","season":"JJA"},{"bfs_id":6287,"rcp":"RCP2.6","period":"2085","key":"pr","value":2,"estimate":"q5","season":"SON"},{"bfs_id":6287,"rcp":"RCP2.6","period":"2085","key":"pr","value":1.8,"estimate":"q50","season":"DJF"},{"bfs_id":6287,"rcp":"RCP2.6","period":"2085","key":"pr","value":2.3,"estimate":"q50","season":"MAM"},{"bfs_id":6287,"rcp":"RCP2.6","period":"2085","key":"pr","value":2.4,"estimate":"q50","season":"JJA"},{"bfs_id":6287,"rcp":"RCP2.6","period":"2085","key":"pr","value":2.3,"estimate":"q50","season":"SON"},{"bfs_id":6287,"rcp":"RCP2.6","period":"2085","key":"pr","value":2.2,"estimate":"q95","season":"DJF"},{"bfs_id":6287,"rcp":"RCP2.6","period":"2085","key":"pr","value":2.8,"estimate":"q95","season":"MAM"},{"bfs_id":6287,"rcp":"RCP2.6","period":"2085","key":"pr","value":2.8,"estimate":"q95","season":"JJA"},{"bfs_id":6287,"rcp":"RCP2.6","period":"2085","key":"pr","value":2.8,"estimate":"q95","season":"SON"},{"bfs_id":6287,"rcp":"RCP8.5","period":"2035","key":"pr","value":1.6,"estimate":"q5","season":"DJF"},{"bfs_id":6287,"rcp":"RCP8.5","period":"2035","key":"pr","value":2.1,"estimate":"q5","season":"MAM"},{"bfs_id":6287,"rcp":"RCP8.5","period":"2035","key":"pr","value":2,"estimate":"q5","season":"JJA"},{"bfs_id":6287,"rcp":"RCP8.5","period":"2035","key":"pr","value":2,"estimate":"q5","season":"SON"},{"bfs_id":6287,"rcp":"RCP8.5","period":"2035","key":"pr","value":1.8,"estimate":"q50","season":"DJF"},{"bfs_id":6287,"rcp":"RCP8.5","period":"2035","key":"pr","value":2.4,"estimate":"q50","season":"MAM"},{"bfs_id":6287,"rcp":"RCP8.5","period":"2035","key":"pr","value":2.3,"estimate":"q50","season":"JJA"},{"bfs_id":6287,"rcp":"RCP8.5","period":"2035","key":"pr","value":2.3,"estimate":"q50","season":"SON"},{"bfs_id":6287,"rcp":"RCP8.5","period":"2035","key":"pr","value":2,"estimate":"q95","season":"DJF"},{"bfs_id":6287,"rcp":"RCP8.5","period":"2035","key":"pr","value":2.7,"estimate":"q95","season":"MAM"},{"bfs_id":6287,"rcp":"RCP8.5","period":"2035","key":"pr","value":2.7,"estimate":"q95","season":"JJA"},{"bfs_id":6287,"rcp":"RCP8.5","period":"2035","key":"pr","value":2.6,"estimate":"q95","season":"SON"},{"bfs_id":6287,"rcp":"RCP8.5","period":"2060","key":"pr","value":1.5,"estimate":"q5","season":"DJF"},{"bfs_id":6287,"rcp":"RCP8.5","period":"2060","key":"pr","value":1.9,"estimate":"q5","season":"MAM"},{"bfs_id":6287,"rcp":"RCP8.5","period":"2060","key":"pr","value":1.8,"estimate":"q5","season":"JJA"},{"bfs_id":6287,"rcp":"RCP8.5","period":"2060","key":"pr","value":2,"estimate":"q5","season":"SON"},{"bfs_id":6287,"rcp":"RCP8.5","period":"2060","key":"pr","value":1.8,"estimate":"q50","season":"DJF"},{"bfs_id":6287,"rcp":"RCP8.5","period":"2060","key":"pr","value":2.4,"estimate":"q50","season":"MAM"},{"bfs_id":6287,"rcp":"RCP8.5","period":"2060","key":"pr","value":2.2,"estimate":"q50","season":"JJA"},{"bfs_id":6287,"rcp":"RCP8.5","period":"2060","key":"pr","value":2.3,"estimate":"q50","season":"SON"},{"bfs_id":6287,"rcp":"RCP8.5","period":"2060","key":"pr","value":2,"estimate":"q95","season":"DJF"},{"bfs_id":6287,"rcp":"RCP8.5","period":"2060","key":"pr","value":2.8,"estimate":"q95","season":"MAM"},{"bfs_id":6287,"rcp":"RCP8.5","period":"2060","key":"pr","value":2.7,"estimate":"q95","season":"JJA"},{"bfs_id":6287,"rcp":"RCP8.5","period":"2060","key":"pr","value":2.8,"estimate":"q95","season":"SON"},{"bfs_id":6287,"rcp":"RCP8.5","period":"2085","key":"pr","value":1.6,"estimate":"q5","season":"DJF"},{"bfs_id":6287,"rcp":"RCP8.5","period":"2085","key":"pr","value":2.1,"estimate":"q5","season":"MAM"},{"bfs_id":6287,"rcp":"RCP8.5","period":"2085","key":"pr","value":1.5,"estimate":"q5","season":"JJA"},{"bfs_id":6287,"rcp":"RCP8.5","period":"2085","key":"pr","value":1.9,"estimate":"q5","season":"SON"},{"bfs_id":6287,"rcp":"RCP8.5","period":"2085","key":"pr","value":2,"estimate":"q50","season":"DJF"},{"bfs_id":6287,"rcp":"RCP8.5","period":"2085","key":"pr","value":2.3,"estimate":"q50","season":"MAM"},{"bfs_id":6287,"rcp":"RCP8.5","period":"2085","key":"pr","value":1.9,"estimate":"q50","season":"JJA"},{"bfs_id":6287,"rcp":"RCP8.5","period":"2085","key":"pr","value":2.3,"estimate":"q50","season":"SON"},{"bfs_id":6287,"rcp":"RCP8.5","period":"2085","key":"pr","value":2.2,"estimate":"q95","season":"DJF"},{"bfs_id":6287,"rcp":"RCP8.5","period":"2085","key":"pr","value":3.1,"estimate":"q95","season":"MAM"},{"bfs_id":6287,"rcp":"RCP8.5","period":"2085","key":"pr","value":2.7,"estimate":"q95","season":"JJA"},{"bfs_id":6287,"rcp":"RCP8.5","period":"2085","key":"pr","value":3,"estimate":"q95","season":"SON"},{"bfs_id":6287,"rcp":"RCP2.6","period":"2035","key":"tas","value":-6,"estimate":"q5","season":"DJF"},{"bfs_id":6287,"rcp":"RCP2.6","period":"2035","key":"tas","value":-0.4,"estimate":"q5","season":"MAM"},{"bfs_id":6287,"rcp":"RCP2.6","period":"2035","key":"tas","value":9.6,"estimate":"q5","season":"JJA"},{"bfs_id":6287,"rcp":"RCP2.6","period":"2035","key":"tas","value":2.6,"estimate":"q5","season":"SON"},{"bfs_id":6287,"rcp":"RCP2.6","period":"2035","key":"tas","value":-5.3,"estimate":"q50","season":"DJF"},{"bfs_id":6287,"rcp":"RCP2.6","period":"2035","key":"tas","value":0.2,"estimate":"q50","season":"MAM"},{"bfs_id":6287,"rcp":"RCP2.6","period":"2035","key":"tas","value":10.4,"estimate":"q50","season":"JJA"},{"bfs_id":6287,"rcp":"RCP2.6","period":"2035","key":"tas","value":3.1,"estimate":"q50","season":"SON"},{"bfs_id":6287,"rcp":"RCP2.6","period":"2035","key":"tas","value":-4.9,"estimate":"q95","season":"DJF"},{"bfs_id":6287,"rcp":"RCP2.6","period":"2035","key":"tas","value":0.7,"estimate":"q95","season":"MAM"},{"bfs_id":6287,"rcp":"RCP2.6","period":"2035","key":"tas","value":11.9,"estimate":"q95","season":"JJA"},{"bfs_id":6287,"rcp":"RCP2.6","period":"2035","key":"tas","value":4,"estimate":"q95","season":"SON"},{"bfs_id":6287,"rcp":"RCP2.6","period":"2060","key":"tas","value":-5.6,"estimate":"q5","season":"DJF"},{"bfs_id":6287,"rcp":"RCP2.6","period":"2060","key":"tas","value":-0.4,"estimate":"q5","season":"MAM"},{"bfs_id":6287,"rcp":"RCP2.6","period":"2060","key":"tas","value":9.8,"estimate":"q5","season":"JJA"},{"bfs_id":6287,"rcp":"RCP2.6","period":"2060","key":"tas","value":2.8,"estimate":"q5","season":"SON"},{"bfs_id":6287,"rcp":"RCP2.6","period":"2060","key":"tas","value":-5,"estimate":"q50","season":"DJF"},{"bfs_id":6287,"rcp":"RCP2.6","period":"2060","key":"tas","value":0.2,"estimate":"q50","season":"MAM"},{"bfs_id":6287,"rcp":"RCP2.6","period":"2060","key":"tas","value":10.6,"estimate":"q50","season":"JJA"},{"bfs_id":6287,"rcp":"RCP2.6","period":"2060","key":"tas","value":3.6,"estimate":"q50","season":"SON"},{"bfs_id":6287,"rcp":"RCP2.6","period":"2060","key":"tas","value":-4.6,"estimate":"q95","season":"DJF"},{"bfs_id":6287,"rcp":"RCP2.6","period":"2060","key":"tas","value":0.8,"estimate":"q95","season":"MAM"},{"bfs_id":6287,"rcp":"RCP2.6","period":"2060","key":"tas","value":12.5,"estimate":"q95","season":"JJA"},{"bfs_id":6287,"rcp":"RCP2.6","period":"2060","key":"tas","value":4.4,"estimate":"q95","season":"SON"},{"bfs_id":6287,"rcp":"RCP2.6","period":"2085","key":"tas","value":-5.5,"estimate":"q5","season":"DJF"},{"bfs_id":6287,"rcp":"RCP2.6","period":"2085","key":"tas","value":-0.4,"estimate":"q5","season":"MAM"},{"bfs_id":6287,"rcp":"RCP2.6","period":"2085","key":"tas","value":9.6,"estimate":"q5","season":"JJA"},{"bfs_id":6287,"rcp":"RCP2.6","period":"2085","key":"tas","value":2.6,"estimate":"q5","season":"SON"},{"bfs_id":6287,"rcp":"RCP2.6","period":"2085","key":"tas","value":-5.2,"estimate":"q50","season":"DJF"},{"bfs_id":6287,"rcp":"RCP2.6","period":"2085","key":"tas","value":0.2,"estimate":"q50","season":"MAM"},{"bfs_id":6287,"rcp":"RCP2.6","period":"2085","key":"tas","value":10.6,"estimate":"q50","season":"JJA"},{"bfs_id":6287,"rcp":"RCP2.6","period":"2085","key":"tas","value":3.5,"estimate":"q50","season":"SON"},{"bfs_id":6287,"rcp":"RCP2.6","period":"2085","key":"tas","value":-4.4,"estimate":"q95","season":"DJF"},{"bfs_id":6287,"rcp":"RCP2.6","period":"2085","key":"tas","value":0.8,"estimate":"q95","season":"MAM"},{"bfs_id":6287,"rcp":"RCP2.6","period":"2085","key":"tas","value":12.4,"estimate":"q95","season":"JJA"},{"bfs_id":6287,"rcp":"RCP2.6","period":"2085","key":"tas","value":4.3,"estimate":"q95","season":"SON"},{"bfs_id":6287,"rcp":"RCP8.5","period":"2035","key":"tas","value":-5.6,"estimate":"q5","season":"DJF"},{"bfs_id":6287,"rcp":"RCP8.5","period":"2035","key":"tas","value":-0.1,"estimate":"q5","season":"MAM"},{"bfs_id":6287,"rcp":"RCP8.5","period":"2035","key":"tas","value":10,"estimate":"q5","season":"JJA"},{"bfs_id":6287,"rcp":"RCP8.5","period":"2035","key":"tas","value":3.1,"estimate":"q5","season":"SON"},{"bfs_id":6287,"rcp":"RCP8.5","period":"2035","key":"tas","value":-4.9,"estimate":"q50","season":"DJF"},{"bfs_id":6287,"rcp":"RCP8.5","period":"2035","key":"tas","value":0.2,"estimate":"q50","season":"MAM"},{"bfs_id":6287,"rcp":"RCP8.5","period":"2035","key":"tas","value":10.7,"estimate":"q50","season":"JJA"},{"bfs_id":6287,"rcp":"RCP8.5","period":"2035","key":"tas","value":3.6,"estimate":"q50","season":"SON"},{"bfs_id":6287,"rcp":"RCP8.5","period":"2035","key":"tas","value":-4.6,"estimate":"q95","season":"DJF"},{"bfs_id":6287,"rcp":"RCP8.5","period":"2035","key":"tas","value":0.9,"estimate":"q95","season":"MAM"},{"bfs_id":6287,"rcp":"RCP8.5","period":"2035","key":"tas","value":12.6,"estimate":"q95","season":"JJA"},{"bfs_id":6287,"rcp":"RCP8.5","period":"2035","key":"tas","value":4.4,"estimate":"q95","season":"SON"},{"bfs_id":6287,"rcp":"RCP8.5","period":"2060","key":"tas","value":-4.7,"estimate":"q5","season":"DJF"},{"bfs_id":6287,"rcp":"RCP8.5","period":"2060","key":"tas","value":0.8,"estimate":"q5","season":"MAM"},{"bfs_id":6287,"rcp":"RCP8.5","period":"2060","key":"tas","value":11.4,"estimate":"q5","season":"JJA"},{"bfs_id":6287,"rcp":"RCP8.5","period":"2060","key":"tas","value":4.3,"estimate":"q5","season":"SON"},{"bfs_id":6287,"rcp":"RCP8.5","period":"2060","key":"tas","value":-4.1,"estimate":"q50","season":"DJF"},{"bfs_id":6287,"rcp":"RCP8.5","period":"2060","key":"tas","value":1.4,"estimate":"q50","season":"MAM"},{"bfs_id":6287,"rcp":"RCP8.5","period":"2060","key":"tas","value":12.4,"estimate":"q50","season":"JJA"},{"bfs_id":6287,"rcp":"RCP8.5","period":"2060","key":"tas","value":5.2,"estimate":"q50","season":"SON"},{"bfs_id":6287,"rcp":"RCP8.5","period":"2060","key":"tas","value":-3.4,"estimate":"q95","season":"DJF"},{"bfs_id":6287,"rcp":"RCP8.5","period":"2060","key":"tas","value":2.3,"estimate":"q95","season":"MAM"},{"bfs_id":6287,"rcp":"RCP8.5","period":"2060","key":"tas","value":14.9,"estimate":"q95","season":"JJA"},{"bfs_id":6287,"rcp":"RCP8.5","period":"2060","key":"tas","value":6.8,"estimate":"q95","season":"SON"},{"bfs_id":6287,"rcp":"RCP8.5","period":"2085","key":"tas","value":-3.3,"estimate":"q5","season":"DJF"},{"bfs_id":6287,"rcp":"RCP8.5","period":"2085","key":"tas","value":2.2,"estimate":"q5","season":"MAM"},{"bfs_id":6287,"rcp":"RCP8.5","period":"2085","key":"tas","value":13.1,"estimate":"q5","season":"JJA"},{"bfs_id":6287,"rcp":"RCP8.5","period":"2085","key":"tas","value":5.9,"estimate":"q5","season":"SON"},{"bfs_id":6287,"rcp":"RCP8.5","period":"2085","key":"tas","value":-2.5,"estimate":"q50","season":"DJF"},{"bfs_id":6287,"rcp":"RCP8.5","period":"2085","key":"tas","value":3.1,"estimate":"q50","season":"MAM"},{"bfs_id":6287,"rcp":"RCP8.5","period":"2085","key":"tas","value":14.9,"estimate":"q50","season":"JJA"},{"bfs_id":6287,"rcp":"RCP8.5","period":"2085","key":"tas","value":7.2,"estimate":"q50","season":"SON"},{"bfs_id":6287,"rcp":"RCP8.5","period":"2085","key":"tas","value":-1.8,"estimate":"q95","season":"DJF"},{"bfs_id":6287,"rcp":"RCP8.5","period":"2085","key":"tas","value":5.6,"estimate":"q95","season":"MAM"},{"bfs_id":6287,"rcp":"RCP8.5","period":"2085","key":"tas","value":17.5,"estimate":"q95","season":"JJA"},{"bfs_id":6287,"rcp":"RCP8.5","period":"2085","key":"tas","value":9,"estimate":"q95","season":"SON"},{"bfs_id":6287,"rcp":"obs","period":"1981-2010","key":"FD","value":234.3,"estimate":"yearly_mean"},{"bfs_id":6287,"rcp":"obs","period":"1981-2010","key":"HD","value":0,"estimate":"yearly_mean"},{"bfs_id":6287,"rcp":"obs","period":"1981-2010","key":"ID","value":88.8,"estimate":"yearly_mean"},{"bfs_id":6287,"rcp":"obs","period":"1981-2010","key":"SD","value":0.2,"estimate":"yearly_mean"},{"bfs_id":6287,"rcp":"obs","period":"1981-2010","key":"snowdays","value":52.1,"estimate":"yearly_mean"},{"bfs_id":6287,"rcp":"obs","period":"1981-2010","key":"TN","value":0,"estimate":"yearly_mean"},{"bfs_id":6287,"rcp":"obs","period":"1981-2010","key":"pr","value":1.6,"estimate":"mean","season":"DJF"},{"bfs_id":6287,"rcp":"obs","period":"1981-2010","key":"pr","value":2.3,"estimate":"mean","season":"MAM"},{"bfs_id":6287,"rcp":"obs","period":"1981-2010","key":"pr","value":2.5,"estimate":"mean","season":"JJA"},{"bfs_id":6287,"rcp":"obs","period":"1981-2010","key":"pr","value":2.4,"estimate":"mean","season":"SON"},{"bfs_id":6287,"rcp":"obs","period":"1981-2010","key":"tas","value":-6.3,"estimate":"mean","season":"DJF"},{"bfs_id":6287,"rcp":"obs","period":"1981-2010","key":"tas","value":-0.6,"estimate":"mean","season":"MAM"},{"bfs_id":6287,"rcp":"obs","period":"1981-2010","key":"tas","value":8.5,"estimate":"mean","season":"JJA"},{"bfs_id":6287,"rcp":"obs","period":"1981-2010","key":"tas","value":1.9,"estimate":"mean","season":"SON"}]
