[{"bfs_id":1349,"rcp":"RCP2.6","period":"2035","key":"FD","value":57.1,"estimate":"q5"},{"bfs_id":1349,"rcp":"RCP2.6","period":"2035","key":"FD","value":66.7,"estimate":"q50"},{"bfs_id":1349,"rcp":"RCP2.6","period":"2035","key":"FD","value":73.8,"estimate":"q95"},{"bfs_id":1349,"rcp":"RCP2.6","period":"2060","key":"FD","value":52.5,"estimate":"q5"},{"bfs_id":1349,"rcp":"RCP2.6","period":"2060","key":"FD","value":62.8,"estimate":"q50"},{"bfs_id":1349,"rcp":"RCP2.6","period":"2060","key":"FD","value":69.7,"estimate":"q95"},{"bfs_id":1349,"rcp":"RCP2.6","period":"2085","key":"FD","value":50.8,"estimate":"q5"},{"bfs_id":1349,"rcp":"RCP2.6","period":"2085","key":"FD","value":64.1,"estimate":"q50"},{"bfs_id":1349,"rcp":"RCP2.6","period":"2085","key":"FD","value":71.2,"estimate":"q95"},{"bfs_id":1349,"rcp":"RCP8.5","period":"2035","key":"FD","value":52.7,"estimate":"q5"},{"bfs_id":1349,"rcp":"RCP8.5","period":"2035","key":"FD","value":63,"estimate":"q50"},{"bfs_id":1349,"rcp":"RCP8.5","period":"2035","key":"FD","value":68.2,"estimate":"q95"},{"bfs_id":1349,"rcp":"RCP8.5","period":"2060","key":"FD","value":40.4,"estimate":"q5"},{"bfs_id":1349,"rcp":"RCP8.5","period":"2060","key":"FD","value":50.1,"estimate":"q50"},{"bfs_id":1349,"rcp":"RCP8.5","period":"2060","key":"FD","value":55,"estimate":"q95"},{"bfs_id":1349,"rcp":"RCP8.5","period":"2085","key":"FD","value":24.7,"estimate":"q5"},{"bfs_id":1349,"rcp":"RCP8.5","period":"2085","key":"FD","value":31.6,"estimate":"q50"},{"bfs_id":1349,"rcp":"RCP8.5","period":"2085","key":"FD","value":38.3,"estimate":"q95"},{"bfs_id":1349,"rcp":"RCP2.6","period":"2035","key":"HD","value":7,"estimate":"q5"},{"bfs_id":1349,"rcp":"RCP2.6","period":"2035","key":"HD","value":9,"estimate":"q50"},{"bfs_id":1349,"rcp":"RCP2.6","period":"2035","key":"HD","value":14.9,"estimate":"q95"},{"bfs_id":1349,"rcp":"RCP2.6","period":"2060","key":"HD","value":7.3,"estimate":"q5"},{"bfs_id":1349,"rcp":"RCP2.6","period":"2060","key":"HD","value":9.4,"estimate":"q50"},{"bfs_id":1349,"rcp":"RCP2.6","period":"2060","key":"HD","value":17.5,"estimate":"q95"},{"bfs_id":1349,"rcp":"RCP2.6","period":"2085","key":"HD","value":7.5,"estimate":"q5"},{"bfs_id":1349,"rcp":"RCP2.6","period":"2085","key":"HD","value":9.5,"estimate":"q50"},{"bfs_id":1349,"rcp":"RCP2.6","period":"2085","key":"HD","value":16.6,"estimate":"q95"},{"bfs_id":1349,"rcp":"RCP8.5","period":"2035","key":"HD","value":8.1,"estimate":"q5"},{"bfs_id":1349,"rcp":"RCP8.5","period":"2035","key":"HD","value":10.5,"estimate":"q50"},{"bfs_id":1349,"rcp":"RCP8.5","period":"2035","key":"HD","value":16.2,"estimate":"q95"},{"bfs_id":1349,"rcp":"RCP8.5","period":"2060","key":"HD","value":13.1,"estimate":"q5"},{"bfs_id":1349,"rcp":"RCP8.5","period":"2060","key":"HD","value":20.3,"estimate":"q50"},{"bfs_id":1349,"rcp":"RCP8.5","period":"2060","key":"HD","value":32.4,"estimate":"q95"},{"bfs_id":1349,"rcp":"RCP8.5","period":"2085","key":"HD","value":25.2,"estimate":"q5"},{"bfs_id":1349,"rcp":"RCP8.5","period":"2085","key":"HD","value":29.5,"estimate":"q50"},{"bfs_id":1349,"rcp":"RCP8.5","period":"2085","key":"HD","value":58.5,"estimate":"q95"},{"bfs_id":1349,"rcp":"RCP2.6","period":"2035","key":"ID","value":10.9,"estimate":"q5"},{"bfs_id":1349,"rcp":"RCP2.6","period":"2035","key":"ID","value":13.4,"estimate":"q50"},{"bfs_id":1349,"rcp":"RCP2.6","period":"2035","key":"ID","value":16.8,"estimate":"q95"},{"bfs_id":1349,"rcp":"RCP2.6","period":"2060","key":"ID","value":10,"estimate":"q5"},{"bfs_id":1349,"rcp":"RCP2.6","period":"2060","key":"ID","value":13.1,"estimate":"q50"},{"bfs_id":1349,"rcp":"RCP2.6","period":"2060","key":"ID","value":17,"estimate":"q95"},{"bfs_id":1349,"rcp":"RCP2.6","period":"2085","key":"ID","value":10.4,"estimate":"q5"},{"bfs_id":1349,"rcp":"RCP2.6","period":"2085","key":"ID","value":12.7,"estimate":"q50"},{"bfs_id":1349,"rcp":"RCP2.6","period":"2085","key":"ID","value":16.9,"estimate":"q95"},{"bfs_id":1349,"rcp":"RCP8.5","period":"2035","key":"ID","value":9.8,"estimate":"q5"},{"bfs_id":1349,"rcp":"RCP8.5","period":"2035","key":"ID","value":12.4,"estimate":"q50"},{"bfs_id":1349,"rcp":"RCP8.5","period":"2035","key":"ID","value":16.6,"estimate":"q95"},{"bfs_id":1349,"rcp":"RCP8.5","period":"2060","key":"ID","value":6.6,"estimate":"q5"},{"bfs_id":1349,"rcp":"RCP8.5","period":"2060","key":"ID","value":9.2,"estimate":"q50"},{"bfs_id":1349,"rcp":"RCP8.5","period":"2060","key":"ID","value":11.1,"estimate":"q95"},{"bfs_id":1349,"rcp":"RCP8.5","period":"2085","key":"ID","value":2.4,"estimate":"q5"},{"bfs_id":1349,"rcp":"RCP8.5","period":"2085","key":"ID","value":4.3,"estimate":"q50"},{"bfs_id":1349,"rcp":"RCP8.5","period":"2085","key":"ID","value":6.4,"estimate":"q95"},{"bfs_id":1349,"rcp":"RCP2.6","period":"2035","key":"SD","value":46.8,"estimate":"q5"},{"bfs_id":1349,"rcp":"RCP2.6","period":"2035","key":"SD","value":51.4,"estimate":"q50"},{"bfs_id":1349,"rcp":"RCP2.6","period":"2035","key":"SD","value":60,"estimate":"q95"},{"bfs_id":1349,"rcp":"RCP2.6","period":"2060","key":"SD","value":48,"estimate":"q5"},{"bfs_id":1349,"rcp":"RCP2.6","period":"2060","key":"SD","value":54.1,"estimate":"q50"},{"bfs_id":1349,"rcp":"RCP2.6","period":"2060","key":"SD","value":59.1,"estimate":"q95"},{"bfs_id":1349,"rcp":"RCP2.6","period":"2085","key":"SD","value":46.9,"estimate":"q5"},{"bfs_id":1349,"rcp":"RCP2.6","period":"2085","key":"SD","value":53.8,"estimate":"q50"},{"bfs_id":1349,"rcp":"RCP2.6","period":"2085","key":"SD","value":58.6,"estimate":"q95"},{"bfs_id":1349,"rcp":"RCP8.5","period":"2035","key":"SD","value":48.8,"estimate":"q5"},{"bfs_id":1349,"rcp":"RCP8.5","period":"2035","key":"SD","value":54.8,"estimate":"q50"},{"bfs_id":1349,"rcp":"RCP8.5","period":"2035","key":"SD","value":61.2,"estimate":"q95"},{"bfs_id":1349,"rcp":"RCP8.5","period":"2060","key":"SD","value":62.6,"estimate":"q5"},{"bfs_id":1349,"rcp":"RCP8.5","period":"2060","key":"SD","value":69.8,"estimate":"q50"},{"bfs_id":1349,"rcp":"RCP8.5","period":"2060","key":"SD","value":85,"estimate":"q95"},{"bfs_id":1349,"rcp":"RCP8.5","period":"2085","key":"SD","value":79.7,"estimate":"q5"},{"bfs_id":1349,"rcp":"RCP8.5","period":"2085","key":"SD","value":90.2,"estimate":"q50"},{"bfs_id":1349,"rcp":"RCP8.5","period":"2085","key":"SD","value":112,"estimate":"q95"},{"bfs_id":1349,"rcp":"RCP2.6","period":"2035","key":"snowdays","value":13.6,"estimate":"q5"},{"bfs_id":1349,"rcp":"RCP2.6","period":"2035","key":"snowdays","value":20.1,"estimate":"q50"},{"bfs_id":1349,"rcp":"RCP2.6","period":"2035","key":"snowdays","value":23.7,"estimate":"q95"},{"bfs_id":1349,"rcp":"RCP2.6","period":"2060","key":"snowdays","value":12.7,"estimate":"q5"},{"bfs_id":1349,"rcp":"RCP2.6","period":"2060","key":"snowdays","value":18.2,"estimate":"q50"},{"bfs_id":1349,"rcp":"RCP2.6","period":"2060","key":"snowdays","value":24.1,"estimate":"q95"},{"bfs_id":1349,"rcp":"RCP2.6","period":"2085","key":"snowdays","value":12.6,"estimate":"q5"},{"bfs_id":1349,"rcp":"RCP2.6","period":"2085","key":"snowdays","value":18.6,"estimate":"q50"},{"bfs_id":1349,"rcp":"RCP2.6","period":"2085","key":"snowdays","value":24.1,"estimate":"q95"},{"bfs_id":1349,"rcp":"RCP8.5","period":"2035","key":"snowdays","value":12.1,"estimate":"q5"},{"bfs_id":1349,"rcp":"RCP8.5","period":"2035","key":"snowdays","value":18.8,"estimate":"q50"},{"bfs_id":1349,"rcp":"RCP8.5","period":"2035","key":"snowdays","value":25.4,"estimate":"q95"},{"bfs_id":1349,"rcp":"RCP8.5","period":"2060","key":"snowdays","value":9.2,"estimate":"q5"},{"bfs_id":1349,"rcp":"RCP8.5","period":"2060","key":"snowdays","value":14.7,"estimate":"q50"},{"bfs_id":1349,"rcp":"RCP8.5","period":"2060","key":"snowdays","value":20.1,"estimate":"q95"},{"bfs_id":1349,"rcp":"RCP8.5","period":"2085","key":"snowdays","value":4.3,"estimate":"q5"},{"bfs_id":1349,"rcp":"RCP8.5","period":"2085","key":"snowdays","value":9.2,"estimate":"q50"},{"bfs_id":1349,"rcp":"RCP8.5","period":"2085","key":"snowdays","value":13.2,"estimate":"q95"},{"bfs_id":1349,"rcp":"RCP2.6","period":"2035","key":"TN","value":0.4,"estimate":"q5"},{"bfs_id":1349,"rcp":"RCP2.6","period":"2035","key":"TN","value":0.8,"estimate":"q50"},{"bfs_id":1349,"rcp":"RCP2.6","period":"2035","key":"TN","value":1.8,"estimate":"q95"},{"bfs_id":1349,"rcp":"RCP2.6","period":"2060","key":"TN","value":0.4,"estimate":"q5"},{"bfs_id":1349,"rcp":"RCP2.6","period":"2060","key":"TN","value":1,"estimate":"q50"},{"bfs_id":1349,"rcp":"RCP2.6","period":"2060","key":"TN","value":2.3,"estimate":"q95"},{"bfs_id":1349,"rcp":"RCP2.6","period":"2085","key":"TN","value":0.4,"estimate":"q5"},{"bfs_id":1349,"rcp":"RCP2.6","period":"2085","key":"TN","value":1.1,"estimate":"q50"},{"bfs_id":1349,"rcp":"RCP2.6","period":"2085","key":"TN","value":2.1,"estimate":"q95"},{"bfs_id":1349,"rcp":"RCP8.5","period":"2035","key":"TN","value":0.8,"estimate":"q5"},{"bfs_id":1349,"rcp":"RCP8.5","period":"2035","key":"TN","value":1.1,"estimate":"q50"},{"bfs_id":1349,"rcp":"RCP8.5","period":"2035","key":"TN","value":3.5,"estimate":"q95"},{"bfs_id":1349,"rcp":"RCP8.5","period":"2060","key":"TN","value":2.6,"estimate":"q5"},{"bfs_id":1349,"rcp":"RCP8.5","period":"2060","key":"TN","value":4.6,"estimate":"q50"},{"bfs_id":1349,"rcp":"RCP8.5","period":"2060","key":"TN","value":9.5,"estimate":"q95"},{"bfs_id":1349,"rcp":"RCP8.5","period":"2085","key":"TN","value":8.8,"estimate":"q5"},{"bfs_id":1349,"rcp":"RCP8.5","period":"2085","key":"TN","value":12.5,"estimate":"q50"},{"bfs_id":1349,"rcp":"RCP8.5","period":"2085","key":"TN","value":31.7,"estimate":"q95"},{"bfs_id":1349,"rcp":"RCP2.6","period":"2035","key":"pr","value":3,"estimate":"q5","season":"DJF"},{"bfs_id":1349,"rcp":"RCP2.6","period":"2035","key":"pr","value":3.8,"estimate":"q5","season":"MAM"},{"bfs_id":1349,"rcp":"RCP2.6","period":"2035","key":"pr","value":4.7,"estimate":"q5","season":"JJA"},{"bfs_id":1349,"rcp":"RCP2.6","period":"2035","key":"pr","value":3.6,"estimate":"q5","season":"SON"},{"bfs_id":1349,"rcp":"RCP2.6","period":"2035","key":"pr","value":3.3,"estimate":"q50","season":"DJF"},{"bfs_id":1349,"rcp":"RCP2.6","period":"2035","key":"pr","value":4.3,"estimate":"q50","season":"MAM"},{"bfs_id":1349,"rcp":"RCP2.6","period":"2035","key":"pr","value":5.6,"estimate":"q50","season":"JJA"},{"bfs_id":1349,"rcp":"RCP2.6","period":"2035","key":"pr","value":3.9,"estimate":"q50","season":"SON"},{"bfs_id":1349,"rcp":"RCP2.6","period":"2035","key":"pr","value":4,"estimate":"q95","season":"DJF"},{"bfs_id":1349,"rcp":"RCP2.6","period":"2035","key":"pr","value":4.7,"estimate":"q95","season":"MAM"},{"bfs_id":1349,"rcp":"RCP2.6","period":"2035","key":"pr","value":6.1,"estimate":"q95","season":"JJA"},{"bfs_id":1349,"rcp":"RCP2.6","period":"2035","key":"pr","value":4.7,"estimate":"q95","season":"SON"},{"bfs_id":1349,"rcp":"RCP2.6","period":"2060","key":"pr","value":3,"estimate":"q5","season":"DJF"},{"bfs_id":1349,"rcp":"RCP2.6","period":"2060","key":"pr","value":3.9,"estimate":"q5","season":"MAM"},{"bfs_id":1349,"rcp":"RCP2.6","period":"2060","key":"pr","value":4.8,"estimate":"q5","season":"JJA"},{"bfs_id":1349,"rcp":"RCP2.6","period":"2060","key":"pr","value":3.5,"estimate":"q5","season":"SON"},{"bfs_id":1349,"rcp":"RCP2.6","period":"2060","key":"pr","value":3.3,"estimate":"q50","season":"DJF"},{"bfs_id":1349,"rcp":"RCP2.6","period":"2060","key":"pr","value":4.3,"estimate":"q50","season":"MAM"},{"bfs_id":1349,"rcp":"RCP2.6","period":"2060","key":"pr","value":5.7,"estimate":"q50","season":"JJA"},{"bfs_id":1349,"rcp":"RCP2.6","period":"2060","key":"pr","value":3.9,"estimate":"q50","season":"SON"},{"bfs_id":1349,"rcp":"RCP2.6","period":"2060","key":"pr","value":3.7,"estimate":"q95","season":"DJF"},{"bfs_id":1349,"rcp":"RCP2.6","period":"2060","key":"pr","value":4.8,"estimate":"q95","season":"MAM"},{"bfs_id":1349,"rcp":"RCP2.6","period":"2060","key":"pr","value":6.2,"estimate":"q95","season":"JJA"},{"bfs_id":1349,"rcp":"RCP2.6","period":"2060","key":"pr","value":4.3,"estimate":"q95","season":"SON"},{"bfs_id":1349,"rcp":"RCP2.6","period":"2085","key":"pr","value":2.9,"estimate":"q5","season":"DJF"},{"bfs_id":1349,"rcp":"RCP2.6","period":"2085","key":"pr","value":3.9,"estimate":"q5","season":"MAM"},{"bfs_id":1349,"rcp":"RCP2.6","period":"2085","key":"pr","value":4.9,"estimate":"q5","season":"JJA"},{"bfs_id":1349,"rcp":"RCP2.6","period":"2085","key":"pr","value":3.4,"estimate":"q5","season":"SON"},{"bfs_id":1349,"rcp":"RCP2.6","period":"2085","key":"pr","value":3.3,"estimate":"q50","season":"DJF"},{"bfs_id":1349,"rcp":"RCP2.6","period":"2085","key":"pr","value":4.3,"estimate":"q50","season":"MAM"},{"bfs_id":1349,"rcp":"RCP2.6","period":"2085","key":"pr","value":5.6,"estimate":"q50","season":"JJA"},{"bfs_id":1349,"rcp":"RCP2.6","period":"2085","key":"pr","value":3.8,"estimate":"q50","season":"SON"},{"bfs_id":1349,"rcp":"RCP2.6","period":"2085","key":"pr","value":3.9,"estimate":"q95","season":"DJF"},{"bfs_id":1349,"rcp":"RCP2.6","period":"2085","key":"pr","value":4.6,"estimate":"q95","season":"MAM"},{"bfs_id":1349,"rcp":"RCP2.6","period":"2085","key":"pr","value":6.2,"estimate":"q95","season":"JJA"},{"bfs_id":1349,"rcp":"RCP2.6","period":"2085","key":"pr","value":4.5,"estimate":"q95","season":"SON"},{"bfs_id":1349,"rcp":"RCP8.5","period":"2035","key":"pr","value":3.1,"estimate":"q5","season":"DJF"},{"bfs_id":1349,"rcp":"RCP8.5","period":"2035","key":"pr","value":4,"estimate":"q5","season":"MAM"},{"bfs_id":1349,"rcp":"RCP8.5","period":"2035","key":"pr","value":4.8,"estimate":"q5","season":"JJA"},{"bfs_id":1349,"rcp":"RCP8.5","period":"2035","key":"pr","value":3.5,"estimate":"q5","season":"SON"},{"bfs_id":1349,"rcp":"RCP8.5","period":"2035","key":"pr","value":3.6,"estimate":"q50","season":"DJF"},{"bfs_id":1349,"rcp":"RCP8.5","period":"2035","key":"pr","value":4.4,"estimate":"q50","season":"MAM"},{"bfs_id":1349,"rcp":"RCP8.5","period":"2035","key":"pr","value":5.4,"estimate":"q50","season":"JJA"},{"bfs_id":1349,"rcp":"RCP8.5","period":"2035","key":"pr","value":3.9,"estimate":"q50","season":"SON"},{"bfs_id":1349,"rcp":"RCP8.5","period":"2035","key":"pr","value":3.8,"estimate":"q95","season":"DJF"},{"bfs_id":1349,"rcp":"RCP8.5","period":"2035","key":"pr","value":4.8,"estimate":"q95","season":"MAM"},{"bfs_id":1349,"rcp":"RCP8.5","period":"2035","key":"pr","value":6.4,"estimate":"q95","season":"JJA"},{"bfs_id":1349,"rcp":"RCP8.5","period":"2035","key":"pr","value":4.6,"estimate":"q95","season":"SON"},{"bfs_id":1349,"rcp":"RCP8.5","period":"2060","key":"pr","value":3.2,"estimate":"q5","season":"DJF"},{"bfs_id":1349,"rcp":"RCP8.5","period":"2060","key":"pr","value":4.2,"estimate":"q5","season":"MAM"},{"bfs_id":1349,"rcp":"RCP8.5","period":"2060","key":"pr","value":4.3,"estimate":"q5","season":"JJA"},{"bfs_id":1349,"rcp":"RCP8.5","period":"2060","key":"pr","value":3.3,"estimate":"q5","season":"SON"},{"bfs_id":1349,"rcp":"RCP8.5","period":"2060","key":"pr","value":3.5,"estimate":"q50","season":"DJF"},{"bfs_id":1349,"rcp":"RCP8.5","period":"2060","key":"pr","value":4.6,"estimate":"q50","season":"MAM"},{"bfs_id":1349,"rcp":"RCP8.5","period":"2060","key":"pr","value":5.2,"estimate":"q50","season":"JJA"},{"bfs_id":1349,"rcp":"RCP8.5","period":"2060","key":"pr","value":3.8,"estimate":"q50","season":"SON"},{"bfs_id":1349,"rcp":"RCP8.5","period":"2060","key":"pr","value":4,"estimate":"q95","season":"DJF"},{"bfs_id":1349,"rcp":"RCP8.5","period":"2060","key":"pr","value":5,"estimate":"q95","season":"MAM"},{"bfs_id":1349,"rcp":"RCP8.5","period":"2060","key":"pr","value":6.1,"estimate":"q95","season":"JJA"},{"bfs_id":1349,"rcp":"RCP8.5","period":"2060","key":"pr","value":4.4,"estimate":"q95","season":"SON"},{"bfs_id":1349,"rcp":"RCP8.5","period":"2085","key":"pr","value":3.4,"estimate":"q5","season":"DJF"},{"bfs_id":1349,"rcp":"RCP8.5","period":"2085","key":"pr","value":4.3,"estimate":"q5","season":"MAM"},{"bfs_id":1349,"rcp":"RCP8.5","period":"2085","key":"pr","value":3.5,"estimate":"q5","season":"JJA"},{"bfs_id":1349,"rcp":"RCP8.5","period":"2085","key":"pr","value":3.1,"estimate":"q5","season":"SON"},{"bfs_id":1349,"rcp":"RCP8.5","period":"2085","key":"pr","value":3.7,"estimate":"q50","season":"DJF"},{"bfs_id":1349,"rcp":"RCP8.5","period":"2085","key":"pr","value":4.7,"estimate":"q50","season":"MAM"},{"bfs_id":1349,"rcp":"RCP8.5","period":"2085","key":"pr","value":4.9,"estimate":"q50","season":"JJA"},{"bfs_id":1349,"rcp":"RCP8.5","period":"2085","key":"pr","value":3.7,"estimate":"q50","season":"SON"},{"bfs_id":1349,"rcp":"RCP8.5","period":"2085","key":"pr","value":4.3,"estimate":"q95","season":"DJF"},{"bfs_id":1349,"rcp":"RCP8.5","period":"2085","key":"pr","value":5.2,"estimate":"q95","season":"MAM"},{"bfs_id":1349,"rcp":"RCP8.5","period":"2085","key":"pr","value":5.3,"estimate":"q95","season":"JJA"},{"bfs_id":1349,"rcp":"RCP8.5","period":"2085","key":"pr","value":4.4,"estimate":"q95","season":"SON"},{"bfs_id":1349,"rcp":"RCP2.6","period":"2035","key":"tas","value":1.7,"estimate":"q5","season":"DJF"},{"bfs_id":1349,"rcp":"RCP2.6","period":"2035","key":"tas","value":9.3,"estimate":"q5","season":"MAM"},{"bfs_id":1349,"rcp":"RCP2.6","period":"2035","key":"tas","value":18.4,"estimate":"q5","season":"JJA"},{"bfs_id":1349,"rcp":"RCP2.6","period":"2035","key":"tas","value":10.4,"estimate":"q5","season":"SON"},{"bfs_id":1349,"rcp":"RCP2.6","period":"2035","key":"tas","value":2.3,"estimate":"q50","season":"DJF"},{"bfs_id":1349,"rcp":"RCP2.6","period":"2035","key":"tas","value":9.9,"estimate":"q50","season":"MAM"},{"bfs_id":1349,"rcp":"RCP2.6","period":"2035","key":"tas","value":19,"estimate":"q50","season":"JJA"},{"bfs_id":1349,"rcp":"RCP2.6","period":"2035","key":"tas","value":10.7,"estimate":"q50","season":"SON"},{"bfs_id":1349,"rcp":"RCP2.6","period":"2035","key":"tas","value":2.9,"estimate":"q95","season":"DJF"},{"bfs_id":1349,"rcp":"RCP2.6","period":"2035","key":"tas","value":10.2,"estimate":"q95","season":"MAM"},{"bfs_id":1349,"rcp":"RCP2.6","period":"2035","key":"tas","value":19.7,"estimate":"q95","season":"JJA"},{"bfs_id":1349,"rcp":"RCP2.6","period":"2035","key":"tas","value":11.5,"estimate":"q95","season":"SON"},{"bfs_id":1349,"rcp":"RCP2.6","period":"2060","key":"tas","value":1.7,"estimate":"q5","season":"DJF"},{"bfs_id":1349,"rcp":"RCP2.6","period":"2060","key":"tas","value":9.2,"estimate":"q5","season":"MAM"},{"bfs_id":1349,"rcp":"RCP2.6","period":"2060","key":"tas","value":18.7,"estimate":"q5","season":"JJA"},{"bfs_id":1349,"rcp":"RCP2.6","period":"2060","key":"tas","value":10.6,"estimate":"q5","season":"SON"},{"bfs_id":1349,"rcp":"RCP2.6","period":"2060","key":"tas","value":2.5,"estimate":"q50","season":"DJF"},{"bfs_id":1349,"rcp":"RCP2.6","period":"2060","key":"tas","value":9.9,"estimate":"q50","season":"MAM"},{"bfs_id":1349,"rcp":"RCP2.6","period":"2060","key":"tas","value":19.1,"estimate":"q50","season":"JJA"},{"bfs_id":1349,"rcp":"RCP2.6","period":"2060","key":"tas","value":11,"estimate":"q50","season":"SON"},{"bfs_id":1349,"rcp":"RCP2.6","period":"2060","key":"tas","value":3.1,"estimate":"q95","season":"DJF"},{"bfs_id":1349,"rcp":"RCP2.6","period":"2060","key":"tas","value":10.5,"estimate":"q95","season":"MAM"},{"bfs_id":1349,"rcp":"RCP2.6","period":"2060","key":"tas","value":19.8,"estimate":"q95","season":"JJA"},{"bfs_id":1349,"rcp":"RCP2.6","period":"2060","key":"tas","value":11.9,"estimate":"q95","season":"SON"},{"bfs_id":1349,"rcp":"RCP2.6","period":"2085","key":"tas","value":1.8,"estimate":"q5","season":"DJF"},{"bfs_id":1349,"rcp":"RCP2.6","period":"2085","key":"tas","value":9.3,"estimate":"q5","season":"MAM"},{"bfs_id":1349,"rcp":"RCP2.6","period":"2085","key":"tas","value":18.6,"estimate":"q5","season":"JJA"},{"bfs_id":1349,"rcp":"RCP2.6","period":"2085","key":"tas","value":10.4,"estimate":"q5","season":"SON"},{"bfs_id":1349,"rcp":"RCP2.6","period":"2085","key":"tas","value":2.5,"estimate":"q50","season":"DJF"},{"bfs_id":1349,"rcp":"RCP2.6","period":"2085","key":"tas","value":10,"estimate":"q50","season":"MAM"},{"bfs_id":1349,"rcp":"RCP2.6","period":"2085","key":"tas","value":19.1,"estimate":"q50","season":"JJA"},{"bfs_id":1349,"rcp":"RCP2.6","period":"2085","key":"tas","value":11,"estimate":"q50","season":"SON"},{"bfs_id":1349,"rcp":"RCP2.6","period":"2085","key":"tas","value":3.1,"estimate":"q95","season":"DJF"},{"bfs_id":1349,"rcp":"RCP2.6","period":"2085","key":"tas","value":10.6,"estimate":"q95","season":"MAM"},{"bfs_id":1349,"rcp":"RCP2.6","period":"2085","key":"tas","value":19.6,"estimate":"q95","season":"JJA"},{"bfs_id":1349,"rcp":"RCP2.6","period":"2085","key":"tas","value":11.9,"estimate":"q95","season":"SON"},{"bfs_id":1349,"rcp":"RCP8.5","period":"2035","key":"tas","value":1.8,"estimate":"q5","season":"DJF"},{"bfs_id":1349,"rcp":"RCP8.5","period":"2035","key":"tas","value":9.6,"estimate":"q5","season":"MAM"},{"bfs_id":1349,"rcp":"RCP8.5","period":"2035","key":"tas","value":18.8,"estimate":"q5","season":"JJA"},{"bfs_id":1349,"rcp":"RCP8.5","period":"2035","key":"tas","value":10.6,"estimate":"q5","season":"SON"},{"bfs_id":1349,"rcp":"RCP8.5","period":"2035","key":"tas","value":2.5,"estimate":"q50","season":"DJF"},{"bfs_id":1349,"rcp":"RCP8.5","period":"2035","key":"tas","value":9.9,"estimate":"q50","season":"MAM"},{"bfs_id":1349,"rcp":"RCP8.5","period":"2035","key":"tas","value":19.3,"estimate":"q50","season":"JJA"},{"bfs_id":1349,"rcp":"RCP8.5","period":"2035","key":"tas","value":11.1,"estimate":"q50","season":"SON"},{"bfs_id":1349,"rcp":"RCP8.5","period":"2035","key":"tas","value":3,"estimate":"q95","season":"DJF"},{"bfs_id":1349,"rcp":"RCP8.5","period":"2035","key":"tas","value":10.5,"estimate":"q95","season":"MAM"},{"bfs_id":1349,"rcp":"RCP8.5","period":"2035","key":"tas","value":19.9,"estimate":"q95","season":"JJA"},{"bfs_id":1349,"rcp":"RCP8.5","period":"2035","key":"tas","value":11.9,"estimate":"q95","season":"SON"},{"bfs_id":1349,"rcp":"RCP8.5","period":"2060","key":"tas","value":3.1,"estimate":"q5","season":"DJF"},{"bfs_id":1349,"rcp":"RCP8.5","period":"2060","key":"tas","value":10.4,"estimate":"q5","season":"MAM"},{"bfs_id":1349,"rcp":"RCP8.5","period":"2060","key":"tas","value":19.8,"estimate":"q5","season":"JJA"},{"bfs_id":1349,"rcp":"RCP8.5","period":"2060","key":"tas","value":11.7,"estimate":"q5","season":"SON"},{"bfs_id":1349,"rcp":"RCP8.5","period":"2060","key":"tas","value":3.4,"estimate":"q50","season":"DJF"},{"bfs_id":1349,"rcp":"RCP8.5","period":"2060","key":"tas","value":10.9,"estimate":"q50","season":"MAM"},{"bfs_id":1349,"rcp":"RCP8.5","period":"2060","key":"tas","value":20.3,"estimate":"q50","season":"JJA"},{"bfs_id":1349,"rcp":"RCP8.5","period":"2060","key":"tas","value":12.3,"estimate":"q50","season":"SON"},{"bfs_id":1349,"rcp":"RCP8.5","period":"2060","key":"tas","value":4.1,"estimate":"q95","season":"DJF"},{"bfs_id":1349,"rcp":"RCP8.5","period":"2060","key":"tas","value":11.9,"estimate":"q95","season":"MAM"},{"bfs_id":1349,"rcp":"RCP8.5","period":"2060","key":"tas","value":21.5,"estimate":"q95","season":"JJA"},{"bfs_id":1349,"rcp":"RCP8.5","period":"2060","key":"tas","value":13.1,"estimate":"q95","season":"SON"},{"bfs_id":1349,"rcp":"RCP8.5","period":"2085","key":"tas","value":4.2,"estimate":"q5","season":"DJF"},{"bfs_id":1349,"rcp":"RCP8.5","period":"2085","key":"tas","value":11.5,"estimate":"q5","season":"MAM"},{"bfs_id":1349,"rcp":"RCP8.5","period":"2085","key":"tas","value":21.2,"estimate":"q5","season":"JJA"},{"bfs_id":1349,"rcp":"RCP8.5","period":"2085","key":"tas","value":12.7,"estimate":"q5","season":"SON"},{"bfs_id":1349,"rcp":"RCP8.5","period":"2085","key":"tas","value":5.2,"estimate":"q50","season":"DJF"},{"bfs_id":1349,"rcp":"RCP8.5","period":"2085","key":"tas","value":12.4,"estimate":"q50","season":"MAM"},{"bfs_id":1349,"rcp":"RCP8.5","period":"2085","key":"tas","value":21.9,"estimate":"q50","season":"JJA"},{"bfs_id":1349,"rcp":"RCP8.5","period":"2085","key":"tas","value":13.6,"estimate":"q50","season":"SON"},{"bfs_id":1349,"rcp":"RCP8.5","period":"2085","key":"tas","value":5.8,"estimate":"q95","season":"DJF"},{"bfs_id":1349,"rcp":"RCP8.5","period":"2085","key":"tas","value":13.6,"estimate":"q95","season":"MAM"},{"bfs_id":1349,"rcp":"RCP8.5","period":"2085","key":"tas","value":24.3,"estimate":"q95","season":"JJA"},{"bfs_id":1349,"rcp":"RCP8.5","period":"2085","key":"tas","value":15.3,"estimate":"q95","season":"SON"},{"bfs_id":1349,"rcp":"obs","period":"1981-2010","key":"FD","value":79.4,"estimate":"yearly_mean"},{"bfs_id":1349,"rcp":"obs","period":"1981-2010","key":"HD","value":4.7,"estimate":"yearly_mean"},{"bfs_id":1349,"rcp":"obs","period":"1981-2010","key":"ID","value":19.6,"estimate":"yearly_mean"},{"bfs_id":1349,"rcp":"obs","period":"1981-2010","key":"SD","value":39.6,"estimate":"yearly_mean"},{"bfs_id":1349,"rcp":"obs","period":"1981-2010","key":"snowdays","value":19.4,"estimate":"yearly_mean"},{"bfs_id":1349,"rcp":"obs","period":"1981-2010","key":"TN","value":0,"estimate":"yearly_mean"},{"bfs_id":1349,"rcp":"obs","period":"1981-2010","key":"pr","value":3,"estimate":"mean","season":"DJF"},{"bfs_id":1349,"rcp":"obs","period":"1981-2010","key":"pr","value":4,"estimate":"mean","season":"MAM"},{"bfs_id":1349,"rcp":"obs","period":"1981-2010","key":"pr","value":6.2,"estimate":"mean","season":"JJA"},{"bfs_id":1349,"rcp":"obs","period":"1981-2010","key":"pr","value":3.9,"estimate":"mean","season":"SON"},{"bfs_id":1349,"rcp":"obs","period":"1981-2010","key":"tas","value":1.1,"estimate":"mean","season":"DJF"},{"bfs_id":1349,"rcp":"obs","period":"1981-2010","key":"tas","value":9.3,"estimate":"mean","season":"MAM"},{"bfs_id":1349,"rcp":"obs","period":"1981-2010","key":"tas","value":18,"estimate":"mean","season":"JJA"},{"bfs_id":1349,"rcp":"obs","period":"1981-2010","key":"tas","value":9.7,"estimate":"mean","season":"SON"}]
