[{"bfs_id":6198,"rcp":"RCP2.6","period":"2035","key":"FD","value":93.1,"estimate":"q5"},{"bfs_id":6198,"rcp":"RCP2.6","period":"2035","key":"FD","value":104.6,"estimate":"q50"},{"bfs_id":6198,"rcp":"RCP2.6","period":"2035","key":"FD","value":109.4,"estimate":"q95"},{"bfs_id":6198,"rcp":"RCP2.6","period":"2060","key":"FD","value":89.8,"estimate":"q5"},{"bfs_id":6198,"rcp":"RCP2.6","period":"2060","key":"FD","value":101.6,"estimate":"q50"},{"bfs_id":6198,"rcp":"RCP2.6","period":"2060","key":"FD","value":110.6,"estimate":"q95"},{"bfs_id":6198,"rcp":"RCP2.6","period":"2085","key":"FD","value":88.3,"estimate":"q5"},{"bfs_id":6198,"rcp":"RCP2.6","period":"2085","key":"FD","value":103,"estimate":"q50"},{"bfs_id":6198,"rcp":"RCP2.6","period":"2085","key":"FD","value":110.9,"estimate":"q95"},{"bfs_id":6198,"rcp":"RCP8.5","period":"2035","key":"FD","value":91.7,"estimate":"q5"},{"bfs_id":6198,"rcp":"RCP8.5","period":"2035","key":"FD","value":99.8,"estimate":"q50"},{"bfs_id":6198,"rcp":"RCP8.5","period":"2035","key":"FD","value":105,"estimate":"q95"},{"bfs_id":6198,"rcp":"RCP8.5","period":"2060","key":"FD","value":72.1,"estimate":"q5"},{"bfs_id":6198,"rcp":"RCP8.5","period":"2060","key":"FD","value":81.4,"estimate":"q50"},{"bfs_id":6198,"rcp":"RCP8.5","period":"2060","key":"FD","value":90.4,"estimate":"q95"},{"bfs_id":6198,"rcp":"RCP8.5","period":"2085","key":"FD","value":49.6,"estimate":"q5"},{"bfs_id":6198,"rcp":"RCP8.5","period":"2085","key":"FD","value":62.1,"estimate":"q50"},{"bfs_id":6198,"rcp":"RCP8.5","period":"2085","key":"FD","value":71.8,"estimate":"q95"},{"bfs_id":6198,"rcp":"RCP2.6","period":"2035","key":"HD","value":18.7,"estimate":"q5"},{"bfs_id":6198,"rcp":"RCP2.6","period":"2035","key":"HD","value":24.3,"estimate":"q50"},{"bfs_id":6198,"rcp":"RCP2.6","period":"2035","key":"HD","value":32.3,"estimate":"q95"},{"bfs_id":6198,"rcp":"RCP2.6","period":"2060","key":"HD","value":21,"estimate":"q5"},{"bfs_id":6198,"rcp":"RCP2.6","period":"2060","key":"HD","value":26.6,"estimate":"q50"},{"bfs_id":6198,"rcp":"RCP2.6","period":"2060","key":"HD","value":35.1,"estimate":"q95"},{"bfs_id":6198,"rcp":"RCP2.6","period":"2085","key":"HD","value":19.8,"estimate":"q5"},{"bfs_id":6198,"rcp":"RCP2.6","period":"2085","key":"HD","value":24.9,"estimate":"q50"},{"bfs_id":6198,"rcp":"RCP2.6","period":"2085","key":"HD","value":34.7,"estimate":"q95"},{"bfs_id":6198,"rcp":"RCP8.5","period":"2035","key":"HD","value":22.1,"estimate":"q5"},{"bfs_id":6198,"rcp":"RCP8.5","period":"2035","key":"HD","value":27.4,"estimate":"q50"},{"bfs_id":6198,"rcp":"RCP8.5","period":"2035","key":"HD","value":37.7,"estimate":"q95"},{"bfs_id":6198,"rcp":"RCP8.5","period":"2060","key":"HD","value":34.3,"estimate":"q5"},{"bfs_id":6198,"rcp":"RCP8.5","period":"2060","key":"HD","value":44.4,"estimate":"q50"},{"bfs_id":6198,"rcp":"RCP8.5","period":"2060","key":"HD","value":70.4,"estimate":"q95"},{"bfs_id":6198,"rcp":"RCP8.5","period":"2085","key":"HD","value":54.3,"estimate":"q5"},{"bfs_id":6198,"rcp":"RCP8.5","period":"2085","key":"HD","value":72.6,"estimate":"q50"},{"bfs_id":6198,"rcp":"RCP8.5","period":"2085","key":"HD","value":109.1,"estimate":"q95"},{"bfs_id":6198,"rcp":"RCP2.6","period":"2035","key":"ID","value":10.2,"estimate":"q5"},{"bfs_id":6198,"rcp":"RCP2.6","period":"2035","key":"ID","value":14.2,"estimate":"q50"},{"bfs_id":6198,"rcp":"RCP2.6","period":"2035","key":"ID","value":16.8,"estimate":"q95"},{"bfs_id":6198,"rcp":"RCP2.6","period":"2060","key":"ID","value":10.8,"estimate":"q5"},{"bfs_id":6198,"rcp":"RCP2.6","period":"2060","key":"ID","value":13.1,"estimate":"q50"},{"bfs_id":6198,"rcp":"RCP2.6","period":"2060","key":"ID","value":15.6,"estimate":"q95"},{"bfs_id":6198,"rcp":"RCP2.6","period":"2085","key":"ID","value":10.1,"estimate":"q5"},{"bfs_id":6198,"rcp":"RCP2.6","period":"2085","key":"ID","value":14.5,"estimate":"q50"},{"bfs_id":6198,"rcp":"RCP2.6","period":"2085","key":"ID","value":16.6,"estimate":"q95"},{"bfs_id":6198,"rcp":"RCP8.5","period":"2035","key":"ID","value":11.2,"estimate":"q5"},{"bfs_id":6198,"rcp":"RCP8.5","period":"2035","key":"ID","value":12.7,"estimate":"q50"},{"bfs_id":6198,"rcp":"RCP8.5","period":"2035","key":"ID","value":17.1,"estimate":"q95"},{"bfs_id":6198,"rcp":"RCP8.5","period":"2060","key":"ID","value":6.2,"estimate":"q5"},{"bfs_id":6198,"rcp":"RCP8.5","period":"2060","key":"ID","value":9,"estimate":"q50"},{"bfs_id":6198,"rcp":"RCP8.5","period":"2060","key":"ID","value":10.9,"estimate":"q95"},{"bfs_id":6198,"rcp":"RCP8.5","period":"2085","key":"ID","value":2.4,"estimate":"q5"},{"bfs_id":6198,"rcp":"RCP8.5","period":"2085","key":"ID","value":4.2,"estimate":"q50"},{"bfs_id":6198,"rcp":"RCP8.5","period":"2085","key":"ID","value":7.2,"estimate":"q95"},{"bfs_id":6198,"rcp":"RCP2.6","period":"2035","key":"SD","value":71,"estimate":"q5"},{"bfs_id":6198,"rcp":"RCP2.6","period":"2035","key":"SD","value":81.4,"estimate":"q50"},{"bfs_id":6198,"rcp":"RCP2.6","period":"2035","key":"SD","value":90.4,"estimate":"q95"},{"bfs_id":6198,"rcp":"RCP2.6","period":"2060","key":"SD","value":73.3,"estimate":"q5"},{"bfs_id":6198,"rcp":"RCP2.6","period":"2060","key":"SD","value":83.5,"estimate":"q50"},{"bfs_id":6198,"rcp":"RCP2.6","period":"2060","key":"SD","value":93.5,"estimate":"q95"},{"bfs_id":6198,"rcp":"RCP2.6","period":"2085","key":"SD","value":73.1,"estimate":"q5"},{"bfs_id":6198,"rcp":"RCP2.6","period":"2085","key":"SD","value":82.5,"estimate":"q50"},{"bfs_id":6198,"rcp":"RCP2.6","period":"2085","key":"SD","value":94.9,"estimate":"q95"},{"bfs_id":6198,"rcp":"RCP8.5","period":"2035","key":"SD","value":76.4,"estimate":"q5"},{"bfs_id":6198,"rcp":"RCP8.5","period":"2035","key":"SD","value":84.8,"estimate":"q50"},{"bfs_id":6198,"rcp":"RCP8.5","period":"2035","key":"SD","value":95.7,"estimate":"q95"},{"bfs_id":6198,"rcp":"RCP8.5","period":"2060","key":"SD","value":94.5,"estimate":"q5"},{"bfs_id":6198,"rcp":"RCP8.5","period":"2060","key":"SD","value":104.7,"estimate":"q50"},{"bfs_id":6198,"rcp":"RCP8.5","period":"2060","key":"SD","value":127.8,"estimate":"q95"},{"bfs_id":6198,"rcp":"RCP8.5","period":"2085","key":"SD","value":111.9,"estimate":"q5"},{"bfs_id":6198,"rcp":"RCP8.5","period":"2085","key":"SD","value":132.7,"estimate":"q50"},{"bfs_id":6198,"rcp":"RCP8.5","period":"2085","key":"SD","value":157.2,"estimate":"q95"},{"bfs_id":6198,"rcp":"RCP2.6","period":"2035","key":"snowdays","value":7.7,"estimate":"q5"},{"bfs_id":6198,"rcp":"RCP2.6","period":"2035","key":"snowdays","value":12.8,"estimate":"q50"},{"bfs_id":6198,"rcp":"RCP2.6","period":"2035","key":"snowdays","value":17,"estimate":"q95"},{"bfs_id":6198,"rcp":"RCP2.6","period":"2060","key":"snowdays","value":7.6,"estimate":"q5"},{"bfs_id":6198,"rcp":"RCP2.6","period":"2060","key":"snowdays","value":12.1,"estimate":"q50"},{"bfs_id":6198,"rcp":"RCP2.6","period":"2060","key":"snowdays","value":16.9,"estimate":"q95"},{"bfs_id":6198,"rcp":"RCP2.6","period":"2085","key":"snowdays","value":7.7,"estimate":"q5"},{"bfs_id":6198,"rcp":"RCP2.6","period":"2085","key":"snowdays","value":12.6,"estimate":"q50"},{"bfs_id":6198,"rcp":"RCP2.6","period":"2085","key":"snowdays","value":17.2,"estimate":"q95"},{"bfs_id":6198,"rcp":"RCP8.5","period":"2035","key":"snowdays","value":7.3,"estimate":"q5"},{"bfs_id":6198,"rcp":"RCP8.5","period":"2035","key":"snowdays","value":12,"estimate":"q50"},{"bfs_id":6198,"rcp":"RCP8.5","period":"2035","key":"snowdays","value":16.6,"estimate":"q95"},{"bfs_id":6198,"rcp":"RCP8.5","period":"2060","key":"snowdays","value":5.5,"estimate":"q5"},{"bfs_id":6198,"rcp":"RCP8.5","period":"2060","key":"snowdays","value":9.4,"estimate":"q50"},{"bfs_id":6198,"rcp":"RCP8.5","period":"2060","key":"snowdays","value":13.6,"estimate":"q95"},{"bfs_id":6198,"rcp":"RCP8.5","period":"2085","key":"snowdays","value":2.9,"estimate":"q5"},{"bfs_id":6198,"rcp":"RCP8.5","period":"2085","key":"snowdays","value":6.7,"estimate":"q50"},{"bfs_id":6198,"rcp":"RCP8.5","period":"2085","key":"snowdays","value":8.7,"estimate":"q95"},{"bfs_id":6198,"rcp":"RCP2.6","period":"2035","key":"TN","value":0,"estimate":"q5"},{"bfs_id":6198,"rcp":"RCP2.6","period":"2035","key":"TN","value":0.1,"estimate":"q50"},{"bfs_id":6198,"rcp":"RCP2.6","period":"2035","key":"TN","value":0.3,"estimate":"q95"},{"bfs_id":6198,"rcp":"RCP2.6","period":"2060","key":"TN","value":0,"estimate":"q5"},{"bfs_id":6198,"rcp":"RCP2.6","period":"2060","key":"TN","value":0.1,"estimate":"q50"},{"bfs_id":6198,"rcp":"RCP2.6","period":"2060","key":"TN","value":0.4,"estimate":"q95"},{"bfs_id":6198,"rcp":"RCP2.6","period":"2085","key":"TN","value":0,"estimate":"q5"},{"bfs_id":6198,"rcp":"RCP2.6","period":"2085","key":"TN","value":0.1,"estimate":"q50"},{"bfs_id":6198,"rcp":"RCP2.6","period":"2085","key":"TN","value":0.4,"estimate":"q95"},{"bfs_id":6198,"rcp":"RCP8.5","period":"2035","key":"TN","value":0,"estimate":"q5"},{"bfs_id":6198,"rcp":"RCP8.5","period":"2035","key":"TN","value":0.1,"estimate":"q50"},{"bfs_id":6198,"rcp":"RCP8.5","period":"2035","key":"TN","value":0.6,"estimate":"q95"},{"bfs_id":6198,"rcp":"RCP8.5","period":"2060","key":"TN","value":0.2,"estimate":"q5"},{"bfs_id":6198,"rcp":"RCP8.5","period":"2060","key":"TN","value":1.4,"estimate":"q50"},{"bfs_id":6198,"rcp":"RCP8.5","period":"2060","key":"TN","value":3.3,"estimate":"q95"},{"bfs_id":6198,"rcp":"RCP8.5","period":"2085","key":"TN","value":1.5,"estimate":"q5"},{"bfs_id":6198,"rcp":"RCP8.5","period":"2085","key":"TN","value":7.6,"estimate":"q50"},{"bfs_id":6198,"rcp":"RCP8.5","period":"2085","key":"TN","value":18.6,"estimate":"q95"},{"bfs_id":6198,"rcp":"RCP2.6","period":"2035","key":"pr","value":1.5,"estimate":"q5","season":"DJF"},{"bfs_id":6198,"rcp":"RCP2.6","period":"2035","key":"pr","value":1.5,"estimate":"q5","season":"MAM"},{"bfs_id":6198,"rcp":"RCP2.6","period":"2035","key":"pr","value":1.2,"estimate":"q5","season":"JJA"},{"bfs_id":6198,"rcp":"RCP2.6","period":"2035","key":"pr","value":1.5,"estimate":"q5","season":"SON"},{"bfs_id":6198,"rcp":"RCP2.6","period":"2035","key":"pr","value":1.9,"estimate":"q50","season":"DJF"},{"bfs_id":6198,"rcp":"RCP2.6","period":"2035","key":"pr","value":1.7,"estimate":"q50","season":"MAM"},{"bfs_id":6198,"rcp":"RCP2.6","period":"2035","key":"pr","value":1.5,"estimate":"q50","season":"JJA"},{"bfs_id":6198,"rcp":"RCP2.6","period":"2035","key":"pr","value":1.8,"estimate":"q50","season":"SON"},{"bfs_id":6198,"rcp":"RCP2.6","period":"2035","key":"pr","value":2.1,"estimate":"q95","season":"DJF"},{"bfs_id":6198,"rcp":"RCP2.6","period":"2035","key":"pr","value":2,"estimate":"q95","season":"MAM"},{"bfs_id":6198,"rcp":"RCP2.6","period":"2035","key":"pr","value":1.7,"estimate":"q95","season":"JJA"},{"bfs_id":6198,"rcp":"RCP2.6","period":"2035","key":"pr","value":2.3,"estimate":"q95","season":"SON"},{"bfs_id":6198,"rcp":"RCP2.6","period":"2060","key":"pr","value":1.6,"estimate":"q5","season":"DJF"},{"bfs_id":6198,"rcp":"RCP2.6","period":"2060","key":"pr","value":1.4,"estimate":"q5","season":"MAM"},{"bfs_id":6198,"rcp":"RCP2.6","period":"2060","key":"pr","value":1.2,"estimate":"q5","season":"JJA"},{"bfs_id":6198,"rcp":"RCP2.6","period":"2060","key":"pr","value":1.5,"estimate":"q5","season":"SON"},{"bfs_id":6198,"rcp":"RCP2.6","period":"2060","key":"pr","value":1.9,"estimate":"q50","season":"DJF"},{"bfs_id":6198,"rcp":"RCP2.6","period":"2060","key":"pr","value":1.7,"estimate":"q50","season":"MAM"},{"bfs_id":6198,"rcp":"RCP2.6","period":"2060","key":"pr","value":1.5,"estimate":"q50","season":"JJA"},{"bfs_id":6198,"rcp":"RCP2.6","period":"2060","key":"pr","value":1.7,"estimate":"q50","season":"SON"},{"bfs_id":6198,"rcp":"RCP2.6","period":"2060","key":"pr","value":2.2,"estimate":"q95","season":"DJF"},{"bfs_id":6198,"rcp":"RCP2.6","period":"2060","key":"pr","value":2,"estimate":"q95","season":"MAM"},{"bfs_id":6198,"rcp":"RCP2.6","period":"2060","key":"pr","value":1.7,"estimate":"q95","season":"JJA"},{"bfs_id":6198,"rcp":"RCP2.6","period":"2060","key":"pr","value":2.1,"estimate":"q95","season":"SON"},{"bfs_id":6198,"rcp":"RCP2.6","period":"2085","key":"pr","value":1.7,"estimate":"q5","season":"DJF"},{"bfs_id":6198,"rcp":"RCP2.6","period":"2085","key":"pr","value":1.4,"estimate":"q5","season":"MAM"},{"bfs_id":6198,"rcp":"RCP2.6","period":"2085","key":"pr","value":1.2,"estimate":"q5","season":"JJA"},{"bfs_id":6198,"rcp":"RCP2.6","period":"2085","key":"pr","value":1.5,"estimate":"q5","season":"SON"},{"bfs_id":6198,"rcp":"RCP2.6","period":"2085","key":"pr","value":1.9,"estimate":"q50","season":"DJF"},{"bfs_id":6198,"rcp":"RCP2.6","period":"2085","key":"pr","value":1.6,"estimate":"q50","season":"MAM"},{"bfs_id":6198,"rcp":"RCP2.6","period":"2085","key":"pr","value":1.5,"estimate":"q50","season":"JJA"},{"bfs_id":6198,"rcp":"RCP2.6","period":"2085","key":"pr","value":1.7,"estimate":"q50","season":"SON"},{"bfs_id":6198,"rcp":"RCP2.6","period":"2085","key":"pr","value":2.2,"estimate":"q95","season":"DJF"},{"bfs_id":6198,"rcp":"RCP2.6","period":"2085","key":"pr","value":1.9,"estimate":"q95","season":"MAM"},{"bfs_id":6198,"rcp":"RCP2.6","period":"2085","key":"pr","value":1.7,"estimate":"q95","season":"JJA"},{"bfs_id":6198,"rcp":"RCP2.6","period":"2085","key":"pr","value":2,"estimate":"q95","season":"SON"},{"bfs_id":6198,"rcp":"RCP8.5","period":"2035","key":"pr","value":1.6,"estimate":"q5","season":"DJF"},{"bfs_id":6198,"rcp":"RCP8.5","period":"2035","key":"pr","value":1.5,"estimate":"q5","season":"MAM"},{"bfs_id":6198,"rcp":"RCP8.5","period":"2035","key":"pr","value":1.3,"estimate":"q5","season":"JJA"},{"bfs_id":6198,"rcp":"RCP8.5","period":"2035","key":"pr","value":1.5,"estimate":"q5","season":"SON"},{"bfs_id":6198,"rcp":"RCP8.5","period":"2035","key":"pr","value":1.9,"estimate":"q50","season":"DJF"},{"bfs_id":6198,"rcp":"RCP8.5","period":"2035","key":"pr","value":1.6,"estimate":"q50","season":"MAM"},{"bfs_id":6198,"rcp":"RCP8.5","period":"2035","key":"pr","value":1.5,"estimate":"q50","season":"JJA"},{"bfs_id":6198,"rcp":"RCP8.5","period":"2035","key":"pr","value":1.7,"estimate":"q50","season":"SON"},{"bfs_id":6198,"rcp":"RCP8.5","period":"2035","key":"pr","value":2.2,"estimate":"q95","season":"DJF"},{"bfs_id":6198,"rcp":"RCP8.5","period":"2035","key":"pr","value":1.9,"estimate":"q95","season":"MAM"},{"bfs_id":6198,"rcp":"RCP8.5","period":"2035","key":"pr","value":1.7,"estimate":"q95","season":"JJA"},{"bfs_id":6198,"rcp":"RCP8.5","period":"2035","key":"pr","value":2.1,"estimate":"q95","season":"SON"},{"bfs_id":6198,"rcp":"RCP8.5","period":"2060","key":"pr","value":1.7,"estimate":"q5","season":"DJF"},{"bfs_id":6198,"rcp":"RCP8.5","period":"2060","key":"pr","value":1.5,"estimate":"q5","season":"MAM"},{"bfs_id":6198,"rcp":"RCP8.5","period":"2060","key":"pr","value":1.1,"estimate":"q5","season":"JJA"},{"bfs_id":6198,"rcp":"RCP8.5","period":"2060","key":"pr","value":1.5,"estimate":"q5","season":"SON"},{"bfs_id":6198,"rcp":"RCP8.5","period":"2060","key":"pr","value":2,"estimate":"q50","season":"DJF"},{"bfs_id":6198,"rcp":"RCP8.5","period":"2060","key":"pr","value":1.8,"estimate":"q50","season":"MAM"},{"bfs_id":6198,"rcp":"RCP8.5","period":"2060","key":"pr","value":1.4,"estimate":"q50","season":"JJA"},{"bfs_id":6198,"rcp":"RCP8.5","period":"2060","key":"pr","value":1.7,"estimate":"q50","season":"SON"},{"bfs_id":6198,"rcp":"RCP8.5","period":"2060","key":"pr","value":2.3,"estimate":"q95","season":"DJF"},{"bfs_id":6198,"rcp":"RCP8.5","period":"2060","key":"pr","value":2,"estimate":"q95","season":"MAM"},{"bfs_id":6198,"rcp":"RCP8.5","period":"2060","key":"pr","value":1.8,"estimate":"q95","season":"JJA"},{"bfs_id":6198,"rcp":"RCP8.5","period":"2060","key":"pr","value":2,"estimate":"q95","season":"SON"},{"bfs_id":6198,"rcp":"RCP8.5","period":"2085","key":"pr","value":1.7,"estimate":"q5","season":"DJF"},{"bfs_id":6198,"rcp":"RCP8.5","period":"2085","key":"pr","value":1.6,"estimate":"q5","season":"MAM"},{"bfs_id":6198,"rcp":"RCP8.5","period":"2085","key":"pr","value":1,"estimate":"q5","season":"JJA"},{"bfs_id":6198,"rcp":"RCP8.5","period":"2085","key":"pr","value":1.5,"estimate":"q5","season":"SON"},{"bfs_id":6198,"rcp":"RCP8.5","period":"2085","key":"pr","value":2.1,"estimate":"q50","season":"DJF"},{"bfs_id":6198,"rcp":"RCP8.5","period":"2085","key":"pr","value":1.8,"estimate":"q50","season":"MAM"},{"bfs_id":6198,"rcp":"RCP8.5","period":"2085","key":"pr","value":1.3,"estimate":"q50","season":"JJA"},{"bfs_id":6198,"rcp":"RCP8.5","period":"2085","key":"pr","value":1.8,"estimate":"q50","season":"SON"},{"bfs_id":6198,"rcp":"RCP8.5","period":"2085","key":"pr","value":2.4,"estimate":"q95","season":"DJF"},{"bfs_id":6198,"rcp":"RCP8.5","period":"2085","key":"pr","value":2.2,"estimate":"q95","season":"MAM"},{"bfs_id":6198,"rcp":"RCP8.5","period":"2085","key":"pr","value":1.7,"estimate":"q95","season":"JJA"},{"bfs_id":6198,"rcp":"RCP8.5","period":"2085","key":"pr","value":2.1,"estimate":"q95","season":"SON"},{"bfs_id":6198,"rcp":"RCP2.6","period":"2035","key":"tas","value":0.5,"estimate":"q5","season":"DJF"},{"bfs_id":6198,"rcp":"RCP2.6","period":"2035","key":"tas","value":9.5,"estimate":"q5","season":"MAM"},{"bfs_id":6198,"rcp":"RCP2.6","period":"2035","key":"tas","value":18.8,"estimate":"q5","season":"JJA"},{"bfs_id":6198,"rcp":"RCP2.6","period":"2035","key":"tas","value":10,"estimate":"q5","season":"SON"},{"bfs_id":6198,"rcp":"RCP2.6","period":"2035","key":"tas","value":1.1,"estimate":"q50","season":"DJF"},{"bfs_id":6198,"rcp":"RCP2.6","period":"2035","key":"tas","value":10.2,"estimate":"q50","season":"MAM"},{"bfs_id":6198,"rcp":"RCP2.6","period":"2035","key":"tas","value":19.7,"estimate":"q50","season":"JJA"},{"bfs_id":6198,"rcp":"RCP2.6","period":"2035","key":"tas","value":10.6,"estimate":"q50","season":"SON"},{"bfs_id":6198,"rcp":"RCP2.6","period":"2035","key":"tas","value":1.6,"estimate":"q95","season":"DJF"},{"bfs_id":6198,"rcp":"RCP2.6","period":"2035","key":"tas","value":10.6,"estimate":"q95","season":"MAM"},{"bfs_id":6198,"rcp":"RCP2.6","period":"2035","key":"tas","value":20.5,"estimate":"q95","season":"JJA"},{"bfs_id":6198,"rcp":"RCP2.6","period":"2035","key":"tas","value":11.3,"estimate":"q95","season":"SON"},{"bfs_id":6198,"rcp":"RCP2.6","period":"2060","key":"tas","value":0.8,"estimate":"q5","season":"DJF"},{"bfs_id":6198,"rcp":"RCP2.6","period":"2060","key":"tas","value":9.4,"estimate":"q5","season":"MAM"},{"bfs_id":6198,"rcp":"RCP2.6","period":"2060","key":"tas","value":19.1,"estimate":"q5","season":"JJA"},{"bfs_id":6198,"rcp":"RCP2.6","period":"2060","key":"tas","value":10.4,"estimate":"q5","season":"SON"},{"bfs_id":6198,"rcp":"RCP2.6","period":"2060","key":"tas","value":1.4,"estimate":"q50","season":"DJF"},{"bfs_id":6198,"rcp":"RCP2.6","period":"2060","key":"tas","value":10.2,"estimate":"q50","season":"MAM"},{"bfs_id":6198,"rcp":"RCP2.6","period":"2060","key":"tas","value":19.9,"estimate":"q50","season":"JJA"},{"bfs_id":6198,"rcp":"RCP2.6","period":"2060","key":"tas","value":10.9,"estimate":"q50","season":"SON"},{"bfs_id":6198,"rcp":"RCP2.6","period":"2060","key":"tas","value":1.9,"estimate":"q95","season":"DJF"},{"bfs_id":6198,"rcp":"RCP2.6","period":"2060","key":"tas","value":10.8,"estimate":"q95","season":"MAM"},{"bfs_id":6198,"rcp":"RCP2.6","period":"2060","key":"tas","value":20.9,"estimate":"q95","season":"JJA"},{"bfs_id":6198,"rcp":"RCP2.6","period":"2060","key":"tas","value":11.7,"estimate":"q95","season":"SON"},{"bfs_id":6198,"rcp":"RCP2.6","period":"2085","key":"tas","value":0.7,"estimate":"q5","season":"DJF"},{"bfs_id":6198,"rcp":"RCP2.6","period":"2085","key":"tas","value":9.5,"estimate":"q5","season":"MAM"},{"bfs_id":6198,"rcp":"RCP2.6","period":"2085","key":"tas","value":19,"estimate":"q5","season":"JJA"},{"bfs_id":6198,"rcp":"RCP2.6","period":"2085","key":"tas","value":10,"estimate":"q5","season":"SON"},{"bfs_id":6198,"rcp":"RCP2.6","period":"2085","key":"tas","value":1.2,"estimate":"q50","season":"DJF"},{"bfs_id":6198,"rcp":"RCP2.6","period":"2085","key":"tas","value":10.2,"estimate":"q50","season":"MAM"},{"bfs_id":6198,"rcp":"RCP2.6","period":"2085","key":"tas","value":19.9,"estimate":"q50","season":"JJA"},{"bfs_id":6198,"rcp":"RCP2.6","period":"2085","key":"tas","value":10.9,"estimate":"q50","season":"SON"},{"bfs_id":6198,"rcp":"RCP2.6","period":"2085","key":"tas","value":2,"estimate":"q95","season":"DJF"},{"bfs_id":6198,"rcp":"RCP2.6","period":"2085","key":"tas","value":10.8,"estimate":"q95","season":"MAM"},{"bfs_id":6198,"rcp":"RCP2.6","period":"2085","key":"tas","value":20.7,"estimate":"q95","season":"JJA"},{"bfs_id":6198,"rcp":"RCP2.6","period":"2085","key":"tas","value":11.7,"estimate":"q95","season":"SON"},{"bfs_id":6198,"rcp":"RCP8.5","period":"2035","key":"tas","value":0.8,"estimate":"q5","season":"DJF"},{"bfs_id":6198,"rcp":"RCP8.5","period":"2035","key":"tas","value":9.9,"estimate":"q5","season":"MAM"},{"bfs_id":6198,"rcp":"RCP8.5","period":"2035","key":"tas","value":19.3,"estimate":"q5","season":"JJA"},{"bfs_id":6198,"rcp":"RCP8.5","period":"2035","key":"tas","value":10.6,"estimate":"q5","season":"SON"},{"bfs_id":6198,"rcp":"RCP8.5","period":"2035","key":"tas","value":1.6,"estimate":"q50","season":"DJF"},{"bfs_id":6198,"rcp":"RCP8.5","period":"2035","key":"tas","value":10.2,"estimate":"q50","season":"MAM"},{"bfs_id":6198,"rcp":"RCP8.5","period":"2035","key":"tas","value":19.9,"estimate":"q50","season":"JJA"},{"bfs_id":6198,"rcp":"RCP8.5","period":"2035","key":"tas","value":11,"estimate":"q50","season":"SON"},{"bfs_id":6198,"rcp":"RCP8.5","period":"2035","key":"tas","value":1.9,"estimate":"q95","season":"DJF"},{"bfs_id":6198,"rcp":"RCP8.5","period":"2035","key":"tas","value":10.9,"estimate":"q95","season":"MAM"},{"bfs_id":6198,"rcp":"RCP8.5","period":"2035","key":"tas","value":21.1,"estimate":"q95","season":"JJA"},{"bfs_id":6198,"rcp":"RCP8.5","period":"2035","key":"tas","value":12,"estimate":"q95","season":"SON"},{"bfs_id":6198,"rcp":"RCP8.5","period":"2060","key":"tas","value":2,"estimate":"q5","season":"DJF"},{"bfs_id":6198,"rcp":"RCP8.5","period":"2060","key":"tas","value":10.8,"estimate":"q5","season":"MAM"},{"bfs_id":6198,"rcp":"RCP8.5","period":"2060","key":"tas","value":20.4,"estimate":"q5","season":"JJA"},{"bfs_id":6198,"rcp":"RCP8.5","period":"2060","key":"tas","value":11.9,"estimate":"q5","season":"SON"},{"bfs_id":6198,"rcp":"RCP8.5","period":"2060","key":"tas","value":2.5,"estimate":"q50","season":"DJF"},{"bfs_id":6198,"rcp":"RCP8.5","period":"2060","key":"tas","value":11.4,"estimate":"q50","season":"MAM"},{"bfs_id":6198,"rcp":"RCP8.5","period":"2060","key":"tas","value":21.8,"estimate":"q50","season":"JJA"},{"bfs_id":6198,"rcp":"RCP8.5","period":"2060","key":"tas","value":12.9,"estimate":"q50","season":"SON"},{"bfs_id":6198,"rcp":"RCP8.5","period":"2060","key":"tas","value":3.2,"estimate":"q95","season":"DJF"},{"bfs_id":6198,"rcp":"RCP8.5","period":"2060","key":"tas","value":12.3,"estimate":"q95","season":"MAM"},{"bfs_id":6198,"rcp":"RCP8.5","period":"2060","key":"tas","value":23.1,"estimate":"q95","season":"JJA"},{"bfs_id":6198,"rcp":"RCP8.5","period":"2060","key":"tas","value":14.2,"estimate":"q95","season":"SON"},{"bfs_id":6198,"rcp":"RCP8.5","period":"2085","key":"tas","value":3.5,"estimate":"q5","season":"DJF"},{"bfs_id":6198,"rcp":"RCP8.5","period":"2085","key":"tas","value":12.2,"estimate":"q5","season":"MAM"},{"bfs_id":6198,"rcp":"RCP8.5","period":"2085","key":"tas","value":21.8,"estimate":"q5","season":"JJA"},{"bfs_id":6198,"rcp":"RCP8.5","period":"2085","key":"tas","value":13.4,"estimate":"q5","season":"SON"},{"bfs_id":6198,"rcp":"RCP8.5","period":"2085","key":"tas","value":4.4,"estimate":"q50","season":"DJF"},{"bfs_id":6198,"rcp":"RCP8.5","period":"2085","key":"tas","value":13,"estimate":"q50","season":"MAM"},{"bfs_id":6198,"rcp":"RCP8.5","period":"2085","key":"tas","value":23.7,"estimate":"q50","season":"JJA"},{"bfs_id":6198,"rcp":"RCP8.5","period":"2085","key":"tas","value":14.4,"estimate":"q50","season":"SON"},{"bfs_id":6198,"rcp":"RCP8.5","period":"2085","key":"tas","value":5,"estimate":"q95","season":"DJF"},{"bfs_id":6198,"rcp":"RCP8.5","period":"2085","key":"tas","value":15.1,"estimate":"q95","season":"MAM"},{"bfs_id":6198,"rcp":"RCP8.5","period":"2085","key":"tas","value":25.8,"estimate":"q95","season":"JJA"},{"bfs_id":6198,"rcp":"RCP8.5","period":"2085","key":"tas","value":16.3,"estimate":"q95","season":"SON"},{"bfs_id":6198,"rcp":"obs","period":"1981-2010","key":"FD","value":116.7,"estimate":"yearly_mean"},{"bfs_id":6198,"rcp":"obs","period":"1981-2010","key":"HD","value":12.6,"estimate":"yearly_mean"},{"bfs_id":6198,"rcp":"obs","period":"1981-2010","key":"ID","value":19.6,"estimate":"yearly_mean"},{"bfs_id":6198,"rcp":"obs","period":"1981-2010","key":"SD","value":61.7,"estimate":"yearly_mean"},{"bfs_id":6198,"rcp":"obs","period":"1981-2010","key":"snowdays","value":14.5,"estimate":"yearly_mean"},{"bfs_id":6198,"rcp":"obs","period":"1981-2010","key":"TN","value":0.1,"estimate":"yearly_mean"},{"bfs_id":6198,"rcp":"obs","period":"1981-2010","key":"pr","value":1.7,"estimate":"mean","season":"DJF"},{"bfs_id":6198,"rcp":"obs","period":"1981-2010","key":"pr","value":1.6,"estimate":"mean","season":"MAM"},{"bfs_id":6198,"rcp":"obs","period":"1981-2010","key":"pr","value":1.5,"estimate":"mean","season":"JJA"},{"bfs_id":6198,"rcp":"obs","period":"1981-2010","key":"pr","value":1.7,"estimate":"mean","season":"SON"},{"bfs_id":6198,"rcp":"obs","period":"1981-2010","key":"tas","value":-0.3,"estimate":"mean","season":"DJF"},{"bfs_id":6198,"rcp":"obs","period":"1981-2010","key":"tas","value":9.8,"estimate":"mean","season":"MAM"},{"bfs_id":6198,"rcp":"obs","period":"1981-2010","key":"tas","value":18.2,"estimate":"mean","season":"JJA"},{"bfs_id":6198,"rcp":"obs","period":"1981-2010","key":"tas","value":9.3,"estimate":"mean","season":"SON"}]
