[{"bfs_id":5890,"rcp":"RCP2.6","period":"2035","key":"FD","value":32.8,"estimate":"q5"},{"bfs_id":5890,"rcp":"RCP2.6","period":"2035","key":"FD","value":40.3,"estimate":"q50"},{"bfs_id":5890,"rcp":"RCP2.6","period":"2035","key":"FD","value":48.9,"estimate":"q95"},{"bfs_id":5890,"rcp":"RCP2.6","period":"2060","key":"FD","value":31,"estimate":"q5"},{"bfs_id":5890,"rcp":"RCP2.6","period":"2060","key":"FD","value":36.9,"estimate":"q50"},{"bfs_id":5890,"rcp":"RCP2.6","period":"2060","key":"FD","value":42.8,"estimate":"q95"},{"bfs_id":5890,"rcp":"RCP2.6","period":"2085","key":"FD","value":29,"estimate":"q5"},{"bfs_id":5890,"rcp":"RCP2.6","period":"2085","key":"FD","value":37.8,"estimate":"q50"},{"bfs_id":5890,"rcp":"RCP2.6","period":"2085","key":"FD","value":42.5,"estimate":"q95"},{"bfs_id":5890,"rcp":"RCP8.5","period":"2035","key":"FD","value":28.4,"estimate":"q5"},{"bfs_id":5890,"rcp":"RCP8.5","period":"2035","key":"FD","value":37.4,"estimate":"q50"},{"bfs_id":5890,"rcp":"RCP8.5","period":"2035","key":"FD","value":42.9,"estimate":"q95"},{"bfs_id":5890,"rcp":"RCP8.5","period":"2060","key":"FD","value":19.7,"estimate":"q5"},{"bfs_id":5890,"rcp":"RCP8.5","period":"2060","key":"FD","value":27.7,"estimate":"q50"},{"bfs_id":5890,"rcp":"RCP8.5","period":"2060","key":"FD","value":31.7,"estimate":"q95"},{"bfs_id":5890,"rcp":"RCP8.5","period":"2085","key":"FD","value":8.3,"estimate":"q5"},{"bfs_id":5890,"rcp":"RCP8.5","period":"2085","key":"FD","value":15.7,"estimate":"q50"},{"bfs_id":5890,"rcp":"RCP8.5","period":"2085","key":"FD","value":20.6,"estimate":"q95"},{"bfs_id":5890,"rcp":"RCP2.6","period":"2035","key":"HD","value":8.8,"estimate":"q5"},{"bfs_id":5890,"rcp":"RCP2.6","period":"2035","key":"HD","value":13.1,"estimate":"q50"},{"bfs_id":5890,"rcp":"RCP2.6","period":"2035","key":"HD","value":19.1,"estimate":"q95"},{"bfs_id":5890,"rcp":"RCP2.6","period":"2060","key":"HD","value":10.8,"estimate":"q5"},{"bfs_id":5890,"rcp":"RCP2.6","period":"2060","key":"HD","value":13.1,"estimate":"q50"},{"bfs_id":5890,"rcp":"RCP2.6","period":"2060","key":"HD","value":22.3,"estimate":"q95"},{"bfs_id":5890,"rcp":"RCP2.6","period":"2085","key":"HD","value":10,"estimate":"q5"},{"bfs_id":5890,"rcp":"RCP2.6","period":"2085","key":"HD","value":12.8,"estimate":"q50"},{"bfs_id":5890,"rcp":"RCP2.6","period":"2085","key":"HD","value":21.3,"estimate":"q95"},{"bfs_id":5890,"rcp":"RCP8.5","period":"2035","key":"HD","value":10.9,"estimate":"q5"},{"bfs_id":5890,"rcp":"RCP8.5","period":"2035","key":"HD","value":14.3,"estimate":"q50"},{"bfs_id":5890,"rcp":"RCP8.5","period":"2035","key":"HD","value":20.1,"estimate":"q95"},{"bfs_id":5890,"rcp":"RCP8.5","period":"2060","key":"HD","value":16.7,"estimate":"q5"},{"bfs_id":5890,"rcp":"RCP8.5","period":"2060","key":"HD","value":24.6,"estimate":"q50"},{"bfs_id":5890,"rcp":"RCP8.5","period":"2060","key":"HD","value":39.1,"estimate":"q95"},{"bfs_id":5890,"rcp":"RCP8.5","period":"2085","key":"HD","value":33.9,"estimate":"q5"},{"bfs_id":5890,"rcp":"RCP8.5","period":"2085","key":"HD","value":38.3,"estimate":"q50"},{"bfs_id":5890,"rcp":"RCP8.5","period":"2085","key":"HD","value":62.4,"estimate":"q95"},{"bfs_id":5890,"rcp":"RCP2.6","period":"2035","key":"ID","value":1.7,"estimate":"q5"},{"bfs_id":5890,"rcp":"RCP2.6","period":"2035","key":"ID","value":2.6,"estimate":"q50"},{"bfs_id":5890,"rcp":"RCP2.6","period":"2035","key":"ID","value":3.8,"estimate":"q95"},{"bfs_id":5890,"rcp":"RCP2.6","period":"2060","key":"ID","value":1.2,"estimate":"q5"},{"bfs_id":5890,"rcp":"RCP2.6","period":"2060","key":"ID","value":2.5,"estimate":"q50"},{"bfs_id":5890,"rcp":"RCP2.6","period":"2060","key":"ID","value":4.1,"estimate":"q95"},{"bfs_id":5890,"rcp":"RCP2.6","period":"2085","key":"ID","value":1.3,"estimate":"q5"},{"bfs_id":5890,"rcp":"RCP2.6","period":"2085","key":"ID","value":2.3,"estimate":"q50"},{"bfs_id":5890,"rcp":"RCP2.6","period":"2085","key":"ID","value":3.5,"estimate":"q95"},{"bfs_id":5890,"rcp":"RCP8.5","period":"2035","key":"ID","value":1.5,"estimate":"q5"},{"bfs_id":5890,"rcp":"RCP8.5","period":"2035","key":"ID","value":2.4,"estimate":"q50"},{"bfs_id":5890,"rcp":"RCP8.5","period":"2035","key":"ID","value":3.5,"estimate":"q95"},{"bfs_id":5890,"rcp":"RCP8.5","period":"2060","key":"ID","value":0.8,"estimate":"q5"},{"bfs_id":5890,"rcp":"RCP8.5","period":"2060","key":"ID","value":1.1,"estimate":"q50"},{"bfs_id":5890,"rcp":"RCP8.5","period":"2060","key":"ID","value":2.3,"estimate":"q95"},{"bfs_id":5890,"rcp":"RCP8.5","period":"2085","key":"ID","value":0.1,"estimate":"q5"},{"bfs_id":5890,"rcp":"RCP8.5","period":"2085","key":"ID","value":0.6,"estimate":"q50"},{"bfs_id":5890,"rcp":"RCP8.5","period":"2085","key":"ID","value":1,"estimate":"q95"},{"bfs_id":5890,"rcp":"RCP2.6","period":"2035","key":"SD","value":59.9,"estimate":"q5"},{"bfs_id":5890,"rcp":"RCP2.6","period":"2035","key":"SD","value":66.7,"estimate":"q50"},{"bfs_id":5890,"rcp":"RCP2.6","period":"2035","key":"SD","value":75.5,"estimate":"q95"},{"bfs_id":5890,"rcp":"RCP2.6","period":"2060","key":"SD","value":60.8,"estimate":"q5"},{"bfs_id":5890,"rcp":"RCP2.6","period":"2060","key":"SD","value":69.4,"estimate":"q50"},{"bfs_id":5890,"rcp":"RCP2.6","period":"2060","key":"SD","value":76,"estimate":"q95"},{"bfs_id":5890,"rcp":"RCP2.6","period":"2085","key":"SD","value":61.1,"estimate":"q5"},{"bfs_id":5890,"rcp":"RCP2.6","period":"2085","key":"SD","value":67.7,"estimate":"q50"},{"bfs_id":5890,"rcp":"RCP2.6","period":"2085","key":"SD","value":75.8,"estimate":"q95"},{"bfs_id":5890,"rcp":"RCP8.5","period":"2035","key":"SD","value":63.2,"estimate":"q5"},{"bfs_id":5890,"rcp":"RCP8.5","period":"2035","key":"SD","value":69.5,"estimate":"q50"},{"bfs_id":5890,"rcp":"RCP8.5","period":"2035","key":"SD","value":76.4,"estimate":"q95"},{"bfs_id":5890,"rcp":"RCP8.5","period":"2060","key":"SD","value":79.6,"estimate":"q5"},{"bfs_id":5890,"rcp":"RCP8.5","period":"2060","key":"SD","value":85.1,"estimate":"q50"},{"bfs_id":5890,"rcp":"RCP8.5","period":"2060","key":"SD","value":99.1,"estimate":"q95"},{"bfs_id":5890,"rcp":"RCP8.5","period":"2085","key":"SD","value":95.1,"estimate":"q5"},{"bfs_id":5890,"rcp":"RCP8.5","period":"2085","key":"SD","value":108.2,"estimate":"q50"},{"bfs_id":5890,"rcp":"RCP8.5","period":"2085","key":"SD","value":121.4,"estimate":"q95"},{"bfs_id":5890,"rcp":"RCP2.6","period":"2035","key":"snowdays","value":3.7,"estimate":"q5"},{"bfs_id":5890,"rcp":"RCP2.6","period":"2035","key":"snowdays","value":6.4,"estimate":"q50"},{"bfs_id":5890,"rcp":"RCP2.6","period":"2035","key":"snowdays","value":9.6,"estimate":"q95"},{"bfs_id":5890,"rcp":"RCP2.6","period":"2060","key":"snowdays","value":3.7,"estimate":"q5"},{"bfs_id":5890,"rcp":"RCP2.6","period":"2060","key":"snowdays","value":7,"estimate":"q50"},{"bfs_id":5890,"rcp":"RCP2.6","period":"2060","key":"snowdays","value":9,"estimate":"q95"},{"bfs_id":5890,"rcp":"RCP2.6","period":"2085","key":"snowdays","value":3.3,"estimate":"q5"},{"bfs_id":5890,"rcp":"RCP2.6","period":"2085","key":"snowdays","value":6.3,"estimate":"q50"},{"bfs_id":5890,"rcp":"RCP2.6","period":"2085","key":"snowdays","value":9.3,"estimate":"q95"},{"bfs_id":5890,"rcp":"RCP8.5","period":"2035","key":"snowdays","value":3,"estimate":"q5"},{"bfs_id":5890,"rcp":"RCP8.5","period":"2035","key":"snowdays","value":6.7,"estimate":"q50"},{"bfs_id":5890,"rcp":"RCP8.5","period":"2035","key":"snowdays","value":9.7,"estimate":"q95"},{"bfs_id":5890,"rcp":"RCP8.5","period":"2060","key":"snowdays","value":2.2,"estimate":"q5"},{"bfs_id":5890,"rcp":"RCP8.5","period":"2060","key":"snowdays","value":4.1,"estimate":"q50"},{"bfs_id":5890,"rcp":"RCP8.5","period":"2060","key":"snowdays","value":6.8,"estimate":"q95"},{"bfs_id":5890,"rcp":"RCP8.5","period":"2085","key":"snowdays","value":0.5,"estimate":"q5"},{"bfs_id":5890,"rcp":"RCP8.5","period":"2085","key":"snowdays","value":2,"estimate":"q50"},{"bfs_id":5890,"rcp":"RCP8.5","period":"2085","key":"snowdays","value":3.7,"estimate":"q95"},{"bfs_id":5890,"rcp":"RCP2.6","period":"2035","key":"TN","value":5,"estimate":"q5"},{"bfs_id":5890,"rcp":"RCP2.6","period":"2035","key":"TN","value":7.3,"estimate":"q50"},{"bfs_id":5890,"rcp":"RCP2.6","period":"2035","key":"TN","value":12.3,"estimate":"q95"},{"bfs_id":5890,"rcp":"RCP2.6","period":"2060","key":"TN","value":6.4,"estimate":"q5"},{"bfs_id":5890,"rcp":"RCP2.6","period":"2060","key":"TN","value":8.6,"estimate":"q50"},{"bfs_id":5890,"rcp":"RCP2.6","period":"2060","key":"TN","value":14.9,"estimate":"q95"},{"bfs_id":5890,"rcp":"RCP2.6","period":"2085","key":"TN","value":6.1,"estimate":"q5"},{"bfs_id":5890,"rcp":"RCP2.6","period":"2085","key":"TN","value":8,"estimate":"q50"},{"bfs_id":5890,"rcp":"RCP2.6","period":"2085","key":"TN","value":15.4,"estimate":"q95"},{"bfs_id":5890,"rcp":"RCP8.5","period":"2035","key":"TN","value":7.1,"estimate":"q5"},{"bfs_id":5890,"rcp":"RCP8.5","period":"2035","key":"TN","value":9.4,"estimate":"q50"},{"bfs_id":5890,"rcp":"RCP8.5","period":"2035","key":"TN","value":14.3,"estimate":"q95"},{"bfs_id":5890,"rcp":"RCP8.5","period":"2060","key":"TN","value":15.3,"estimate":"q5"},{"bfs_id":5890,"rcp":"RCP8.5","period":"2060","key":"TN","value":20.1,"estimate":"q50"},{"bfs_id":5890,"rcp":"RCP8.5","period":"2060","key":"TN","value":32,"estimate":"q95"},{"bfs_id":5890,"rcp":"RCP8.5","period":"2085","key":"TN","value":29.5,"estimate":"q5"},{"bfs_id":5890,"rcp":"RCP8.5","period":"2085","key":"TN","value":37.3,"estimate":"q50"},{"bfs_id":5890,"rcp":"RCP8.5","period":"2085","key":"TN","value":59.7,"estimate":"q95"},{"bfs_id":5890,"rcp":"RCP2.6","period":"2035","key":"pr","value":2.5,"estimate":"q5","season":"DJF"},{"bfs_id":5890,"rcp":"RCP2.6","period":"2035","key":"pr","value":2.8,"estimate":"q5","season":"MAM"},{"bfs_id":5890,"rcp":"RCP2.6","period":"2035","key":"pr","value":2.7,"estimate":"q5","season":"JJA"},{"bfs_id":5890,"rcp":"RCP2.6","period":"2035","key":"pr","value":2.8,"estimate":"q5","season":"SON"},{"bfs_id":5890,"rcp":"RCP2.6","period":"2035","key":"pr","value":3,"estimate":"q50","season":"DJF"},{"bfs_id":5890,"rcp":"RCP2.6","period":"2035","key":"pr","value":3.2,"estimate":"q50","season":"MAM"},{"bfs_id":5890,"rcp":"RCP2.6","period":"2035","key":"pr","value":3.3,"estimate":"q50","season":"JJA"},{"bfs_id":5890,"rcp":"RCP2.6","period":"2035","key":"pr","value":3.2,"estimate":"q50","season":"SON"},{"bfs_id":5890,"rcp":"RCP2.6","period":"2035","key":"pr","value":3.4,"estimate":"q95","season":"DJF"},{"bfs_id":5890,"rcp":"RCP2.6","period":"2035","key":"pr","value":3.6,"estimate":"q95","season":"MAM"},{"bfs_id":5890,"rcp":"RCP2.6","period":"2035","key":"pr","value":3.9,"estimate":"q95","season":"JJA"},{"bfs_id":5890,"rcp":"RCP2.6","period":"2035","key":"pr","value":3.7,"estimate":"q95","season":"SON"},{"bfs_id":5890,"rcp":"RCP2.6","period":"2060","key":"pr","value":2.6,"estimate":"q5","season":"DJF"},{"bfs_id":5890,"rcp":"RCP2.6","period":"2060","key":"pr","value":3,"estimate":"q5","season":"MAM"},{"bfs_id":5890,"rcp":"RCP2.6","period":"2060","key":"pr","value":2.7,"estimate":"q5","season":"JJA"},{"bfs_id":5890,"rcp":"RCP2.6","period":"2060","key":"pr","value":2.9,"estimate":"q5","season":"SON"},{"bfs_id":5890,"rcp":"RCP2.6","period":"2060","key":"pr","value":3,"estimate":"q50","season":"DJF"},{"bfs_id":5890,"rcp":"RCP2.6","period":"2060","key":"pr","value":3.2,"estimate":"q50","season":"MAM"},{"bfs_id":5890,"rcp":"RCP2.6","period":"2060","key":"pr","value":3.3,"estimate":"q50","season":"JJA"},{"bfs_id":5890,"rcp":"RCP2.6","period":"2060","key":"pr","value":3.2,"estimate":"q50","season":"SON"},{"bfs_id":5890,"rcp":"RCP2.6","period":"2060","key":"pr","value":3.3,"estimate":"q95","season":"DJF"},{"bfs_id":5890,"rcp":"RCP2.6","period":"2060","key":"pr","value":3.7,"estimate":"q95","season":"MAM"},{"bfs_id":5890,"rcp":"RCP2.6","period":"2060","key":"pr","value":3.9,"estimate":"q95","season":"JJA"},{"bfs_id":5890,"rcp":"RCP2.6","period":"2060","key":"pr","value":3.6,"estimate":"q95","season":"SON"},{"bfs_id":5890,"rcp":"RCP2.6","period":"2085","key":"pr","value":2.6,"estimate":"q5","season":"DJF"},{"bfs_id":5890,"rcp":"RCP2.6","period":"2085","key":"pr","value":3,"estimate":"q5","season":"MAM"},{"bfs_id":5890,"rcp":"RCP2.6","period":"2085","key":"pr","value":2.7,"estimate":"q5","season":"JJA"},{"bfs_id":5890,"rcp":"RCP2.6","period":"2085","key":"pr","value":2.7,"estimate":"q5","season":"SON"},{"bfs_id":5890,"rcp":"RCP2.6","period":"2085","key":"pr","value":2.9,"estimate":"q50","season":"DJF"},{"bfs_id":5890,"rcp":"RCP2.6","period":"2085","key":"pr","value":3.2,"estimate":"q50","season":"MAM"},{"bfs_id":5890,"rcp":"RCP2.6","period":"2085","key":"pr","value":3.5,"estimate":"q50","season":"JJA"},{"bfs_id":5890,"rcp":"RCP2.6","period":"2085","key":"pr","value":3.2,"estimate":"q50","season":"SON"},{"bfs_id":5890,"rcp":"RCP2.6","period":"2085","key":"pr","value":3.3,"estimate":"q95","season":"DJF"},{"bfs_id":5890,"rcp":"RCP2.6","period":"2085","key":"pr","value":3.7,"estimate":"q95","season":"MAM"},{"bfs_id":5890,"rcp":"RCP2.6","period":"2085","key":"pr","value":4,"estimate":"q95","season":"JJA"},{"bfs_id":5890,"rcp":"RCP2.6","period":"2085","key":"pr","value":3.7,"estimate":"q95","season":"SON"},{"bfs_id":5890,"rcp":"RCP8.5","period":"2035","key":"pr","value":2.7,"estimate":"q5","season":"DJF"},{"bfs_id":5890,"rcp":"RCP8.5","period":"2035","key":"pr","value":3,"estimate":"q5","season":"MAM"},{"bfs_id":5890,"rcp":"RCP8.5","period":"2035","key":"pr","value":2.6,"estimate":"q5","season":"JJA"},{"bfs_id":5890,"rcp":"RCP8.5","period":"2035","key":"pr","value":2.8,"estimate":"q5","season":"SON"},{"bfs_id":5890,"rcp":"RCP8.5","period":"2035","key":"pr","value":3.1,"estimate":"q50","season":"DJF"},{"bfs_id":5890,"rcp":"RCP8.5","period":"2035","key":"pr","value":3.3,"estimate":"q50","season":"MAM"},{"bfs_id":5890,"rcp":"RCP8.5","period":"2035","key":"pr","value":3.4,"estimate":"q50","season":"JJA"},{"bfs_id":5890,"rcp":"RCP8.5","period":"2035","key":"pr","value":3.4,"estimate":"q50","season":"SON"},{"bfs_id":5890,"rcp":"RCP8.5","period":"2035","key":"pr","value":3.4,"estimate":"q95","season":"DJF"},{"bfs_id":5890,"rcp":"RCP8.5","period":"2035","key":"pr","value":3.7,"estimate":"q95","season":"MAM"},{"bfs_id":5890,"rcp":"RCP8.5","period":"2035","key":"pr","value":3.9,"estimate":"q95","season":"JJA"},{"bfs_id":5890,"rcp":"RCP8.5","period":"2035","key":"pr","value":3.7,"estimate":"q95","season":"SON"},{"bfs_id":5890,"rcp":"RCP8.5","period":"2060","key":"pr","value":2.8,"estimate":"q5","season":"DJF"},{"bfs_id":5890,"rcp":"RCP8.5","period":"2060","key":"pr","value":3.1,"estimate":"q5","season":"MAM"},{"bfs_id":5890,"rcp":"RCP8.5","period":"2060","key":"pr","value":2.2,"estimate":"q5","season":"JJA"},{"bfs_id":5890,"rcp":"RCP8.5","period":"2060","key":"pr","value":2.9,"estimate":"q5","season":"SON"},{"bfs_id":5890,"rcp":"RCP8.5","period":"2060","key":"pr","value":3.1,"estimate":"q50","season":"DJF"},{"bfs_id":5890,"rcp":"RCP8.5","period":"2060","key":"pr","value":3.4,"estimate":"q50","season":"MAM"},{"bfs_id":5890,"rcp":"RCP8.5","period":"2060","key":"pr","value":3.2,"estimate":"q50","season":"JJA"},{"bfs_id":5890,"rcp":"RCP8.5","period":"2060","key":"pr","value":3.3,"estimate":"q50","season":"SON"},{"bfs_id":5890,"rcp":"RCP8.5","period":"2060","key":"pr","value":3.4,"estimate":"q95","season":"DJF"},{"bfs_id":5890,"rcp":"RCP8.5","period":"2060","key":"pr","value":3.7,"estimate":"q95","season":"MAM"},{"bfs_id":5890,"rcp":"RCP8.5","period":"2060","key":"pr","value":3.7,"estimate":"q95","season":"JJA"},{"bfs_id":5890,"rcp":"RCP8.5","period":"2060","key":"pr","value":3.6,"estimate":"q95","season":"SON"},{"bfs_id":5890,"rcp":"RCP8.5","period":"2085","key":"pr","value":3,"estimate":"q5","season":"DJF"},{"bfs_id":5890,"rcp":"RCP8.5","period":"2085","key":"pr","value":3.1,"estimate":"q5","season":"MAM"},{"bfs_id":5890,"rcp":"RCP8.5","period":"2085","key":"pr","value":1.7,"estimate":"q5","season":"JJA"},{"bfs_id":5890,"rcp":"RCP8.5","period":"2085","key":"pr","value":2.5,"estimate":"q5","season":"SON"},{"bfs_id":5890,"rcp":"RCP8.5","period":"2085","key":"pr","value":3.3,"estimate":"q50","season":"DJF"},{"bfs_id":5890,"rcp":"RCP8.5","period":"2085","key":"pr","value":3.6,"estimate":"q50","season":"MAM"},{"bfs_id":5890,"rcp":"RCP8.5","period":"2085","key":"pr","value":2.7,"estimate":"q50","season":"JJA"},{"bfs_id":5890,"rcp":"RCP8.5","period":"2085","key":"pr","value":3.1,"estimate":"q50","season":"SON"},{"bfs_id":5890,"rcp":"RCP8.5","period":"2085","key":"pr","value":3.7,"estimate":"q95","season":"DJF"},{"bfs_id":5890,"rcp":"RCP8.5","period":"2085","key":"pr","value":3.9,"estimate":"q95","season":"MAM"},{"bfs_id":5890,"rcp":"RCP8.5","period":"2085","key":"pr","value":3.3,"estimate":"q95","season":"JJA"},{"bfs_id":5890,"rcp":"RCP8.5","period":"2085","key":"pr","value":3.8,"estimate":"q95","season":"SON"},{"bfs_id":5890,"rcp":"RCP2.6","period":"2035","key":"tas","value":3.4,"estimate":"q5","season":"DJF"},{"bfs_id":5890,"rcp":"RCP2.6","period":"2035","key":"tas","value":10.4,"estimate":"q5","season":"MAM"},{"bfs_id":5890,"rcp":"RCP2.6","period":"2035","key":"tas","value":19.6,"estimate":"q5","season":"JJA"},{"bfs_id":5890,"rcp":"RCP2.6","period":"2035","key":"tas","value":11.8,"estimate":"q5","season":"SON"},{"bfs_id":5890,"rcp":"RCP2.6","period":"2035","key":"tas","value":3.8,"estimate":"q50","season":"DJF"},{"bfs_id":5890,"rcp":"RCP2.6","period":"2035","key":"tas","value":11,"estimate":"q50","season":"MAM"},{"bfs_id":5890,"rcp":"RCP2.6","period":"2035","key":"tas","value":20.3,"estimate":"q50","season":"JJA"},{"bfs_id":5890,"rcp":"RCP2.6","period":"2035","key":"tas","value":12.1,"estimate":"q50","season":"SON"},{"bfs_id":5890,"rcp":"RCP2.6","period":"2035","key":"tas","value":4.3,"estimate":"q95","season":"DJF"},{"bfs_id":5890,"rcp":"RCP2.6","period":"2035","key":"tas","value":11.3,"estimate":"q95","season":"MAM"},{"bfs_id":5890,"rcp":"RCP2.6","period":"2035","key":"tas","value":20.9,"estimate":"q95","season":"JJA"},{"bfs_id":5890,"rcp":"RCP2.6","period":"2035","key":"tas","value":12.9,"estimate":"q95","season":"SON"},{"bfs_id":5890,"rcp":"RCP2.6","period":"2060","key":"tas","value":3.5,"estimate":"q5","season":"DJF"},{"bfs_id":5890,"rcp":"RCP2.6","period":"2060","key":"tas","value":10.4,"estimate":"q5","season":"MAM"},{"bfs_id":5890,"rcp":"RCP2.6","period":"2060","key":"tas","value":19.9,"estimate":"q5","season":"JJA"},{"bfs_id":5890,"rcp":"RCP2.6","period":"2060","key":"tas","value":12.1,"estimate":"q5","season":"SON"},{"bfs_id":5890,"rcp":"RCP2.6","period":"2060","key":"tas","value":4.1,"estimate":"q50","season":"DJF"},{"bfs_id":5890,"rcp":"RCP2.6","period":"2060","key":"tas","value":11,"estimate":"q50","season":"MAM"},{"bfs_id":5890,"rcp":"RCP2.6","period":"2060","key":"tas","value":20.3,"estimate":"q50","season":"JJA"},{"bfs_id":5890,"rcp":"RCP2.6","period":"2060","key":"tas","value":12.5,"estimate":"q50","season":"SON"},{"bfs_id":5890,"rcp":"RCP2.6","period":"2060","key":"tas","value":4.5,"estimate":"q95","season":"DJF"},{"bfs_id":5890,"rcp":"RCP2.6","period":"2060","key":"tas","value":11.6,"estimate":"q95","season":"MAM"},{"bfs_id":5890,"rcp":"RCP2.6","period":"2060","key":"tas","value":21,"estimate":"q95","season":"JJA"},{"bfs_id":5890,"rcp":"RCP2.6","period":"2060","key":"tas","value":13.3,"estimate":"q95","season":"SON"},{"bfs_id":5890,"rcp":"RCP2.6","period":"2085","key":"tas","value":3.5,"estimate":"q5","season":"DJF"},{"bfs_id":5890,"rcp":"RCP2.6","period":"2085","key":"tas","value":10.4,"estimate":"q5","season":"MAM"},{"bfs_id":5890,"rcp":"RCP2.6","period":"2085","key":"tas","value":19.8,"estimate":"q5","season":"JJA"},{"bfs_id":5890,"rcp":"RCP2.6","period":"2085","key":"tas","value":11.9,"estimate":"q5","season":"SON"},{"bfs_id":5890,"rcp":"RCP2.6","period":"2085","key":"tas","value":4.1,"estimate":"q50","season":"DJF"},{"bfs_id":5890,"rcp":"RCP2.6","period":"2085","key":"tas","value":11.1,"estimate":"q50","season":"MAM"},{"bfs_id":5890,"rcp":"RCP2.6","period":"2085","key":"tas","value":20.3,"estimate":"q50","season":"JJA"},{"bfs_id":5890,"rcp":"RCP2.6","period":"2085","key":"tas","value":12.5,"estimate":"q50","season":"SON"},{"bfs_id":5890,"rcp":"RCP2.6","period":"2085","key":"tas","value":4.6,"estimate":"q95","season":"DJF"},{"bfs_id":5890,"rcp":"RCP2.6","period":"2085","key":"tas","value":11.6,"estimate":"q95","season":"MAM"},{"bfs_id":5890,"rcp":"RCP2.6","period":"2085","key":"tas","value":20.9,"estimate":"q95","season":"JJA"},{"bfs_id":5890,"rcp":"RCP2.6","period":"2085","key":"tas","value":13.2,"estimate":"q95","season":"SON"},{"bfs_id":5890,"rcp":"RCP8.5","period":"2035","key":"tas","value":3.6,"estimate":"q5","season":"DJF"},{"bfs_id":5890,"rcp":"RCP8.5","period":"2035","key":"tas","value":10.7,"estimate":"q5","season":"MAM"},{"bfs_id":5890,"rcp":"RCP8.5","period":"2035","key":"tas","value":20,"estimate":"q5","season":"JJA"},{"bfs_id":5890,"rcp":"RCP8.5","period":"2035","key":"tas","value":12.1,"estimate":"q5","season":"SON"},{"bfs_id":5890,"rcp":"RCP8.5","period":"2035","key":"tas","value":4.2,"estimate":"q50","season":"DJF"},{"bfs_id":5890,"rcp":"RCP8.5","period":"2035","key":"tas","value":11,"estimate":"q50","season":"MAM"},{"bfs_id":5890,"rcp":"RCP8.5","period":"2035","key":"tas","value":20.6,"estimate":"q50","season":"JJA"},{"bfs_id":5890,"rcp":"RCP8.5","period":"2035","key":"tas","value":12.5,"estimate":"q50","season":"SON"},{"bfs_id":5890,"rcp":"RCP8.5","period":"2035","key":"tas","value":4.5,"estimate":"q95","season":"DJF"},{"bfs_id":5890,"rcp":"RCP8.5","period":"2035","key":"tas","value":11.6,"estimate":"q95","season":"MAM"},{"bfs_id":5890,"rcp":"RCP8.5","period":"2035","key":"tas","value":21.1,"estimate":"q95","season":"JJA"},{"bfs_id":5890,"rcp":"RCP8.5","period":"2035","key":"tas","value":13.3,"estimate":"q95","season":"SON"},{"bfs_id":5890,"rcp":"RCP8.5","period":"2060","key":"tas","value":4.5,"estimate":"q5","season":"DJF"},{"bfs_id":5890,"rcp":"RCP8.5","period":"2060","key":"tas","value":11.5,"estimate":"q5","season":"MAM"},{"bfs_id":5890,"rcp":"RCP8.5","period":"2060","key":"tas","value":21.1,"estimate":"q5","season":"JJA"},{"bfs_id":5890,"rcp":"RCP8.5","period":"2060","key":"tas","value":13.2,"estimate":"q5","season":"SON"},{"bfs_id":5890,"rcp":"RCP8.5","period":"2060","key":"tas","value":4.9,"estimate":"q50","season":"DJF"},{"bfs_id":5890,"rcp":"RCP8.5","period":"2060","key":"tas","value":12.1,"estimate":"q50","season":"MAM"},{"bfs_id":5890,"rcp":"RCP8.5","period":"2060","key":"tas","value":21.6,"estimate":"q50","season":"JJA"},{"bfs_id":5890,"rcp":"RCP8.5","period":"2060","key":"tas","value":13.8,"estimate":"q50","season":"SON"},{"bfs_id":5890,"rcp":"RCP8.5","period":"2060","key":"tas","value":5.5,"estimate":"q95","season":"DJF"},{"bfs_id":5890,"rcp":"RCP8.5","period":"2060","key":"tas","value":13,"estimate":"q95","season":"MAM"},{"bfs_id":5890,"rcp":"RCP8.5","period":"2060","key":"tas","value":22.8,"estimate":"q95","season":"JJA"},{"bfs_id":5890,"rcp":"RCP8.5","period":"2060","key":"tas","value":14.6,"estimate":"q95","season":"SON"},{"bfs_id":5890,"rcp":"RCP8.5","period":"2085","key":"tas","value":5.5,"estimate":"q5","season":"DJF"},{"bfs_id":5890,"rcp":"RCP8.5","period":"2085","key":"tas","value":12.6,"estimate":"q5","season":"MAM"},{"bfs_id":5890,"rcp":"RCP8.5","period":"2085","key":"tas","value":22.4,"estimate":"q5","season":"JJA"},{"bfs_id":5890,"rcp":"RCP8.5","period":"2085","key":"tas","value":14.3,"estimate":"q5","season":"SON"},{"bfs_id":5890,"rcp":"RCP8.5","period":"2085","key":"tas","value":6.5,"estimate":"q50","season":"DJF"},{"bfs_id":5890,"rcp":"RCP8.5","period":"2085","key":"tas","value":13.4,"estimate":"q50","season":"MAM"},{"bfs_id":5890,"rcp":"RCP8.5","period":"2085","key":"tas","value":23.1,"estimate":"q50","season":"JJA"},{"bfs_id":5890,"rcp":"RCP8.5","period":"2085","key":"tas","value":15.1,"estimate":"q50","season":"SON"},{"bfs_id":5890,"rcp":"RCP8.5","period":"2085","key":"tas","value":7.3,"estimate":"q95","season":"DJF"},{"bfs_id":5890,"rcp":"RCP8.5","period":"2085","key":"tas","value":14.9,"estimate":"q95","season":"MAM"},{"bfs_id":5890,"rcp":"RCP8.5","period":"2085","key":"tas","value":25.2,"estimate":"q95","season":"JJA"},{"bfs_id":5890,"rcp":"RCP8.5","period":"2085","key":"tas","value":16.6,"estimate":"q95","season":"SON"},{"bfs_id":5890,"rcp":"obs","period":"1981-2010","key":"FD","value":51.2,"estimate":"yearly_mean"},{"bfs_id":5890,"rcp":"obs","period":"1981-2010","key":"HD","value":6.6,"estimate":"yearly_mean"},{"bfs_id":5890,"rcp":"obs","period":"1981-2010","key":"ID","value":4.5,"estimate":"yearly_mean"},{"bfs_id":5890,"rcp":"obs","period":"1981-2010","key":"SD","value":51.8,"estimate":"yearly_mean"},{"bfs_id":5890,"rcp":"obs","period":"1981-2010","key":"snowdays","value":9.1,"estimate":"yearly_mean"},{"bfs_id":5890,"rcp":"obs","period":"1981-2010","key":"TN","value":2.9,"estimate":"yearly_mean"},{"bfs_id":5890,"rcp":"obs","period":"1981-2010","key":"pr","value":2.6,"estimate":"mean","season":"DJF"},{"bfs_id":5890,"rcp":"obs","period":"1981-2010","key":"pr","value":3.1,"estimate":"mean","season":"MAM"},{"bfs_id":5890,"rcp":"obs","period":"1981-2010","key":"pr","value":3.9,"estimate":"mean","season":"JJA"},{"bfs_id":5890,"rcp":"obs","period":"1981-2010","key":"pr","value":3.3,"estimate":"mean","season":"SON"},{"bfs_id":5890,"rcp":"obs","period":"1981-2010","key":"tas","value":2.8,"estimate":"mean","season":"DJF"},{"bfs_id":5890,"rcp":"obs","period":"1981-2010","key":"tas","value":10.3,"estimate":"mean","season":"MAM"},{"bfs_id":5890,"rcp":"obs","period":"1981-2010","key":"tas","value":19.2,"estimate":"mean","season":"JJA"},{"bfs_id":5890,"rcp":"obs","period":"1981-2010","key":"tas","value":11.2,"estimate":"mean","season":"SON"}]
