[{"bfs_id":391,"rcp":"RCP2.6","period":"2035","key":"FD","value":66.7,"estimate":"q5"},{"bfs_id":391,"rcp":"RCP2.6","period":"2035","key":"FD","value":78.7,"estimate":"q50"},{"bfs_id":391,"rcp":"RCP2.6","period":"2035","key":"FD","value":84.8,"estimate":"q95"},{"bfs_id":391,"rcp":"RCP2.6","period":"2060","key":"FD","value":64.8,"estimate":"q5"},{"bfs_id":391,"rcp":"RCP2.6","period":"2060","key":"FD","value":75.3,"estimate":"q50"},{"bfs_id":391,"rcp":"RCP2.6","period":"2060","key":"FD","value":82.3,"estimate":"q95"},{"bfs_id":391,"rcp":"RCP2.6","period":"2085","key":"FD","value":65.1,"estimate":"q5"},{"bfs_id":391,"rcp":"RCP2.6","period":"2085","key":"FD","value":75.2,"estimate":"q50"},{"bfs_id":391,"rcp":"RCP2.6","period":"2085","key":"FD","value":83.9,"estimate":"q95"},{"bfs_id":391,"rcp":"RCP8.5","period":"2035","key":"FD","value":65,"estimate":"q5"},{"bfs_id":391,"rcp":"RCP8.5","period":"2035","key":"FD","value":75.3,"estimate":"q50"},{"bfs_id":391,"rcp":"RCP8.5","period":"2035","key":"FD","value":81.3,"estimate":"q95"},{"bfs_id":391,"rcp":"RCP8.5","period":"2060","key":"FD","value":51.9,"estimate":"q5"},{"bfs_id":391,"rcp":"RCP8.5","period":"2060","key":"FD","value":59.7,"estimate":"q50"},{"bfs_id":391,"rcp":"RCP8.5","period":"2060","key":"FD","value":68,"estimate":"q95"},{"bfs_id":391,"rcp":"RCP8.5","period":"2085","key":"FD","value":33,"estimate":"q5"},{"bfs_id":391,"rcp":"RCP8.5","period":"2085","key":"FD","value":39.4,"estimate":"q50"},{"bfs_id":391,"rcp":"RCP8.5","period":"2085","key":"FD","value":52,"estimate":"q95"},{"bfs_id":391,"rcp":"RCP2.6","period":"2035","key":"HD","value":9.4,"estimate":"q5"},{"bfs_id":391,"rcp":"RCP2.6","period":"2035","key":"HD","value":13.2,"estimate":"q50"},{"bfs_id":391,"rcp":"RCP2.6","period":"2035","key":"HD","value":18.2,"estimate":"q95"},{"bfs_id":391,"rcp":"RCP2.6","period":"2060","key":"HD","value":10.2,"estimate":"q5"},{"bfs_id":391,"rcp":"RCP2.6","period":"2060","key":"HD","value":13.5,"estimate":"q50"},{"bfs_id":391,"rcp":"RCP2.6","period":"2060","key":"HD","value":21.3,"estimate":"q95"},{"bfs_id":391,"rcp":"RCP2.6","period":"2085","key":"HD","value":10.3,"estimate":"q5"},{"bfs_id":391,"rcp":"RCP2.6","period":"2085","key":"HD","value":12.2,"estimate":"q50"},{"bfs_id":391,"rcp":"RCP2.6","period":"2085","key":"HD","value":20.6,"estimate":"q95"},{"bfs_id":391,"rcp":"RCP8.5","period":"2035","key":"HD","value":10.7,"estimate":"q5"},{"bfs_id":391,"rcp":"RCP8.5","period":"2035","key":"HD","value":13.7,"estimate":"q50"},{"bfs_id":391,"rcp":"RCP8.5","period":"2035","key":"HD","value":20,"estimate":"q95"},{"bfs_id":391,"rcp":"RCP8.5","period":"2060","key":"HD","value":16.9,"estimate":"q5"},{"bfs_id":391,"rcp":"RCP8.5","period":"2060","key":"HD","value":23.6,"estimate":"q50"},{"bfs_id":391,"rcp":"RCP8.5","period":"2060","key":"HD","value":36.4,"estimate":"q95"},{"bfs_id":391,"rcp":"RCP8.5","period":"2085","key":"HD","value":30.9,"estimate":"q5"},{"bfs_id":391,"rcp":"RCP8.5","period":"2085","key":"HD","value":37.6,"estimate":"q50"},{"bfs_id":391,"rcp":"RCP8.5","period":"2085","key":"HD","value":61.6,"estimate":"q95"},{"bfs_id":391,"rcp":"RCP2.6","period":"2035","key":"ID","value":11,"estimate":"q5"},{"bfs_id":391,"rcp":"RCP2.6","period":"2035","key":"ID","value":14.4,"estimate":"q50"},{"bfs_id":391,"rcp":"RCP2.6","period":"2035","key":"ID","value":17.6,"estimate":"q95"},{"bfs_id":391,"rcp":"RCP2.6","period":"2060","key":"ID","value":10.4,"estimate":"q5"},{"bfs_id":391,"rcp":"RCP2.6","period":"2060","key":"ID","value":13.9,"estimate":"q50"},{"bfs_id":391,"rcp":"RCP2.6","period":"2060","key":"ID","value":16.8,"estimate":"q95"},{"bfs_id":391,"rcp":"RCP2.6","period":"2085","key":"ID","value":10.6,"estimate":"q5"},{"bfs_id":391,"rcp":"RCP2.6","period":"2085","key":"ID","value":13.8,"estimate":"q50"},{"bfs_id":391,"rcp":"RCP2.6","period":"2085","key":"ID","value":17.3,"estimate":"q95"},{"bfs_id":391,"rcp":"RCP8.5","period":"2035","key":"ID","value":10.8,"estimate":"q5"},{"bfs_id":391,"rcp":"RCP8.5","period":"2035","key":"ID","value":13.2,"estimate":"q50"},{"bfs_id":391,"rcp":"RCP8.5","period":"2035","key":"ID","value":17.2,"estimate":"q95"},{"bfs_id":391,"rcp":"RCP8.5","period":"2060","key":"ID","value":7.4,"estimate":"q5"},{"bfs_id":391,"rcp":"RCP8.5","period":"2060","key":"ID","value":9.8,"estimate":"q50"},{"bfs_id":391,"rcp":"RCP8.5","period":"2060","key":"ID","value":11.8,"estimate":"q95"},{"bfs_id":391,"rcp":"RCP8.5","period":"2085","key":"ID","value":2.1,"estimate":"q5"},{"bfs_id":391,"rcp":"RCP8.5","period":"2085","key":"ID","value":4.4,"estimate":"q50"},{"bfs_id":391,"rcp":"RCP8.5","period":"2085","key":"ID","value":6.8,"estimate":"q95"},{"bfs_id":391,"rcp":"RCP2.6","period":"2035","key":"SD","value":49.9,"estimate":"q5"},{"bfs_id":391,"rcp":"RCP2.6","period":"2035","key":"SD","value":56.5,"estimate":"q50"},{"bfs_id":391,"rcp":"RCP2.6","period":"2035","key":"SD","value":64.3,"estimate":"q95"},{"bfs_id":391,"rcp":"RCP2.6","period":"2060","key":"SD","value":50.3,"estimate":"q5"},{"bfs_id":391,"rcp":"RCP2.6","period":"2060","key":"SD","value":57.7,"estimate":"q50"},{"bfs_id":391,"rcp":"RCP2.6","period":"2060","key":"SD","value":64.2,"estimate":"q95"},{"bfs_id":391,"rcp":"RCP2.6","period":"2085","key":"SD","value":50.2,"estimate":"q5"},{"bfs_id":391,"rcp":"RCP2.6","period":"2085","key":"SD","value":58.3,"estimate":"q50"},{"bfs_id":391,"rcp":"RCP2.6","period":"2085","key":"SD","value":63.8,"estimate":"q95"},{"bfs_id":391,"rcp":"RCP8.5","period":"2035","key":"SD","value":52.3,"estimate":"q5"},{"bfs_id":391,"rcp":"RCP8.5","period":"2035","key":"SD","value":58.2,"estimate":"q50"},{"bfs_id":391,"rcp":"RCP8.5","period":"2035","key":"SD","value":65,"estimate":"q95"},{"bfs_id":391,"rcp":"RCP8.5","period":"2060","key":"SD","value":68,"estimate":"q5"},{"bfs_id":391,"rcp":"RCP8.5","period":"2060","key":"SD","value":73.6,"estimate":"q50"},{"bfs_id":391,"rcp":"RCP8.5","period":"2060","key":"SD","value":88.8,"estimate":"q95"},{"bfs_id":391,"rcp":"RCP8.5","period":"2085","key":"SD","value":83.6,"estimate":"q5"},{"bfs_id":391,"rcp":"RCP8.5","period":"2085","key":"SD","value":96.4,"estimate":"q50"},{"bfs_id":391,"rcp":"RCP8.5","period":"2085","key":"SD","value":115.1,"estimate":"q95"},{"bfs_id":391,"rcp":"RCP2.6","period":"2035","key":"snowdays","value":14.5,"estimate":"q5"},{"bfs_id":391,"rcp":"RCP2.6","period":"2035","key":"snowdays","value":18.6,"estimate":"q50"},{"bfs_id":391,"rcp":"RCP2.6","period":"2035","key":"snowdays","value":21.5,"estimate":"q95"},{"bfs_id":391,"rcp":"RCP2.6","period":"2060","key":"snowdays","value":14,"estimate":"q5"},{"bfs_id":391,"rcp":"RCP2.6","period":"2060","key":"snowdays","value":16.9,"estimate":"q50"},{"bfs_id":391,"rcp":"RCP2.6","period":"2060","key":"snowdays","value":20.9,"estimate":"q95"},{"bfs_id":391,"rcp":"RCP2.6","period":"2085","key":"snowdays","value":13.9,"estimate":"q5"},{"bfs_id":391,"rcp":"RCP2.6","period":"2085","key":"snowdays","value":17.4,"estimate":"q50"},{"bfs_id":391,"rcp":"RCP2.6","period":"2085","key":"snowdays","value":21.3,"estimate":"q95"},{"bfs_id":391,"rcp":"RCP8.5","period":"2035","key":"snowdays","value":12,"estimate":"q5"},{"bfs_id":391,"rcp":"RCP8.5","period":"2035","key":"snowdays","value":17.4,"estimate":"q50"},{"bfs_id":391,"rcp":"RCP8.5","period":"2035","key":"snowdays","value":20.6,"estimate":"q95"},{"bfs_id":391,"rcp":"RCP8.5","period":"2060","key":"snowdays","value":9.2,"estimate":"q5"},{"bfs_id":391,"rcp":"RCP8.5","period":"2060","key":"snowdays","value":13.2,"estimate":"q50"},{"bfs_id":391,"rcp":"RCP8.5","period":"2060","key":"snowdays","value":15.7,"estimate":"q95"},{"bfs_id":391,"rcp":"RCP8.5","period":"2085","key":"snowdays","value":4.3,"estimate":"q5"},{"bfs_id":391,"rcp":"RCP8.5","period":"2085","key":"snowdays","value":7.5,"estimate":"q50"},{"bfs_id":391,"rcp":"RCP8.5","period":"2085","key":"snowdays","value":11,"estimate":"q95"},{"bfs_id":391,"rcp":"RCP2.6","period":"2035","key":"TN","value":0.1,"estimate":"q5"},{"bfs_id":391,"rcp":"RCP2.6","period":"2035","key":"TN","value":0.4,"estimate":"q50"},{"bfs_id":391,"rcp":"RCP2.6","period":"2035","key":"TN","value":0.9,"estimate":"q95"},{"bfs_id":391,"rcp":"RCP2.6","period":"2060","key":"TN","value":0.1,"estimate":"q5"},{"bfs_id":391,"rcp":"RCP2.6","period":"2060","key":"TN","value":0.5,"estimate":"q50"},{"bfs_id":391,"rcp":"RCP2.6","period":"2060","key":"TN","value":1.2,"estimate":"q95"},{"bfs_id":391,"rcp":"RCP2.6","period":"2085","key":"TN","value":0.1,"estimate":"q5"},{"bfs_id":391,"rcp":"RCP2.6","period":"2085","key":"TN","value":0.4,"estimate":"q50"},{"bfs_id":391,"rcp":"RCP2.6","period":"2085","key":"TN","value":0.9,"estimate":"q95"},{"bfs_id":391,"rcp":"RCP8.5","period":"2035","key":"TN","value":0.1,"estimate":"q5"},{"bfs_id":391,"rcp":"RCP8.5","period":"2035","key":"TN","value":0.5,"estimate":"q50"},{"bfs_id":391,"rcp":"RCP8.5","period":"2035","key":"TN","value":1.8,"estimate":"q95"},{"bfs_id":391,"rcp":"RCP8.5","period":"2060","key":"TN","value":1,"estimate":"q5"},{"bfs_id":391,"rcp":"RCP8.5","period":"2060","key":"TN","value":3.2,"estimate":"q50"},{"bfs_id":391,"rcp":"RCP8.5","period":"2060","key":"TN","value":6.4,"estimate":"q95"},{"bfs_id":391,"rcp":"RCP8.5","period":"2085","key":"TN","value":5.6,"estimate":"q5"},{"bfs_id":391,"rcp":"RCP8.5","period":"2085","key":"TN","value":9.1,"estimate":"q50"},{"bfs_id":391,"rcp":"RCP8.5","period":"2085","key":"TN","value":24.8,"estimate":"q95"},{"bfs_id":391,"rcp":"RCP2.6","period":"2035","key":"pr","value":2.6,"estimate":"q5","season":"DJF"},{"bfs_id":391,"rcp":"RCP2.6","period":"2035","key":"pr","value":2.6,"estimate":"q5","season":"MAM"},{"bfs_id":391,"rcp":"RCP2.6","period":"2035","key":"pr","value":2.6,"estimate":"q5","season":"JJA"},{"bfs_id":391,"rcp":"RCP2.6","period":"2035","key":"pr","value":2.7,"estimate":"q5","season":"SON"},{"bfs_id":391,"rcp":"RCP2.6","period":"2035","key":"pr","value":3,"estimate":"q50","season":"DJF"},{"bfs_id":391,"rcp":"RCP2.6","period":"2035","key":"pr","value":3,"estimate":"q50","season":"MAM"},{"bfs_id":391,"rcp":"RCP2.6","period":"2035","key":"pr","value":3.2,"estimate":"q50","season":"JJA"},{"bfs_id":391,"rcp":"RCP2.6","period":"2035","key":"pr","value":2.9,"estimate":"q50","season":"SON"},{"bfs_id":391,"rcp":"RCP2.6","period":"2035","key":"pr","value":3.5,"estimate":"q95","season":"DJF"},{"bfs_id":391,"rcp":"RCP2.6","period":"2035","key":"pr","value":3.2,"estimate":"q95","season":"MAM"},{"bfs_id":391,"rcp":"RCP2.6","period":"2035","key":"pr","value":3.7,"estimate":"q95","season":"JJA"},{"bfs_id":391,"rcp":"RCP2.6","period":"2035","key":"pr","value":3.5,"estimate":"q95","season":"SON"},{"bfs_id":391,"rcp":"RCP2.6","period":"2060","key":"pr","value":2.7,"estimate":"q5","season":"DJF"},{"bfs_id":391,"rcp":"RCP2.6","period":"2060","key":"pr","value":2.7,"estimate":"q5","season":"MAM"},{"bfs_id":391,"rcp":"RCP2.6","period":"2060","key":"pr","value":2.5,"estimate":"q5","season":"JJA"},{"bfs_id":391,"rcp":"RCP2.6","period":"2060","key":"pr","value":2.8,"estimate":"q5","season":"SON"},{"bfs_id":391,"rcp":"RCP2.6","period":"2060","key":"pr","value":3.1,"estimate":"q50","season":"DJF"},{"bfs_id":391,"rcp":"RCP2.6","period":"2060","key":"pr","value":3,"estimate":"q50","season":"MAM"},{"bfs_id":391,"rcp":"RCP2.6","period":"2060","key":"pr","value":3.2,"estimate":"q50","season":"JJA"},{"bfs_id":391,"rcp":"RCP2.6","period":"2060","key":"pr","value":3,"estimate":"q50","season":"SON"},{"bfs_id":391,"rcp":"RCP2.6","period":"2060","key":"pr","value":3.3,"estimate":"q95","season":"DJF"},{"bfs_id":391,"rcp":"RCP2.6","period":"2060","key":"pr","value":3.2,"estimate":"q95","season":"MAM"},{"bfs_id":391,"rcp":"RCP2.6","period":"2060","key":"pr","value":3.6,"estimate":"q95","season":"JJA"},{"bfs_id":391,"rcp":"RCP2.6","period":"2060","key":"pr","value":3.4,"estimate":"q95","season":"SON"},{"bfs_id":391,"rcp":"RCP2.6","period":"2085","key":"pr","value":2.7,"estimate":"q5","season":"DJF"},{"bfs_id":391,"rcp":"RCP2.6","period":"2085","key":"pr","value":2.7,"estimate":"q5","season":"MAM"},{"bfs_id":391,"rcp":"RCP2.6","period":"2085","key":"pr","value":2.5,"estimate":"q5","season":"JJA"},{"bfs_id":391,"rcp":"RCP2.6","period":"2085","key":"pr","value":2.5,"estimate":"q5","season":"SON"},{"bfs_id":391,"rcp":"RCP2.6","period":"2085","key":"pr","value":3.1,"estimate":"q50","season":"DJF"},{"bfs_id":391,"rcp":"RCP2.6","period":"2085","key":"pr","value":2.9,"estimate":"q50","season":"MAM"},{"bfs_id":391,"rcp":"RCP2.6","period":"2085","key":"pr","value":3.2,"estimate":"q50","season":"JJA"},{"bfs_id":391,"rcp":"RCP2.6","period":"2085","key":"pr","value":3,"estimate":"q50","season":"SON"},{"bfs_id":391,"rcp":"RCP2.6","period":"2085","key":"pr","value":3.4,"estimate":"q95","season":"DJF"},{"bfs_id":391,"rcp":"RCP2.6","period":"2085","key":"pr","value":3.2,"estimate":"q95","season":"MAM"},{"bfs_id":391,"rcp":"RCP2.6","period":"2085","key":"pr","value":3.7,"estimate":"q95","season":"JJA"},{"bfs_id":391,"rcp":"RCP2.6","period":"2085","key":"pr","value":3.4,"estimate":"q95","season":"SON"},{"bfs_id":391,"rcp":"RCP8.5","period":"2035","key":"pr","value":2.8,"estimate":"q5","season":"DJF"},{"bfs_id":391,"rcp":"RCP8.5","period":"2035","key":"pr","value":2.8,"estimate":"q5","season":"MAM"},{"bfs_id":391,"rcp":"RCP8.5","period":"2035","key":"pr","value":2.5,"estimate":"q5","season":"JJA"},{"bfs_id":391,"rcp":"RCP8.5","period":"2035","key":"pr","value":2.7,"estimate":"q5","season":"SON"},{"bfs_id":391,"rcp":"RCP8.5","period":"2035","key":"pr","value":3.2,"estimate":"q50","season":"DJF"},{"bfs_id":391,"rcp":"RCP8.5","period":"2035","key":"pr","value":3.1,"estimate":"q50","season":"MAM"},{"bfs_id":391,"rcp":"RCP8.5","period":"2035","key":"pr","value":3.3,"estimate":"q50","season":"JJA"},{"bfs_id":391,"rcp":"RCP8.5","period":"2035","key":"pr","value":3.2,"estimate":"q50","season":"SON"},{"bfs_id":391,"rcp":"RCP8.5","period":"2035","key":"pr","value":3.4,"estimate":"q95","season":"DJF"},{"bfs_id":391,"rcp":"RCP8.5","period":"2035","key":"pr","value":3.3,"estimate":"q95","season":"MAM"},{"bfs_id":391,"rcp":"RCP8.5","period":"2035","key":"pr","value":3.6,"estimate":"q95","season":"JJA"},{"bfs_id":391,"rcp":"RCP8.5","period":"2035","key":"pr","value":3.5,"estimate":"q95","season":"SON"},{"bfs_id":391,"rcp":"RCP8.5","period":"2060","key":"pr","value":2.9,"estimate":"q5","season":"DJF"},{"bfs_id":391,"rcp":"RCP8.5","period":"2060","key":"pr","value":3,"estimate":"q5","season":"MAM"},{"bfs_id":391,"rcp":"RCP8.5","period":"2060","key":"pr","value":2.3,"estimate":"q5","season":"JJA"},{"bfs_id":391,"rcp":"RCP8.5","period":"2060","key":"pr","value":2.7,"estimate":"q5","season":"SON"},{"bfs_id":391,"rcp":"RCP8.5","period":"2060","key":"pr","value":3.2,"estimate":"q50","season":"DJF"},{"bfs_id":391,"rcp":"RCP8.5","period":"2060","key":"pr","value":3.2,"estimate":"q50","season":"MAM"},{"bfs_id":391,"rcp":"RCP8.5","period":"2060","key":"pr","value":3.1,"estimate":"q50","season":"JJA"},{"bfs_id":391,"rcp":"RCP8.5","period":"2060","key":"pr","value":3.1,"estimate":"q50","season":"SON"},{"bfs_id":391,"rcp":"RCP8.5","period":"2060","key":"pr","value":3.6,"estimate":"q95","season":"DJF"},{"bfs_id":391,"rcp":"RCP8.5","period":"2060","key":"pr","value":3.6,"estimate":"q95","season":"MAM"},{"bfs_id":391,"rcp":"RCP8.5","period":"2060","key":"pr","value":3.5,"estimate":"q95","season":"JJA"},{"bfs_id":391,"rcp":"RCP8.5","period":"2060","key":"pr","value":3.5,"estimate":"q95","season":"SON"},{"bfs_id":391,"rcp":"RCP8.5","period":"2085","key":"pr","value":3.1,"estimate":"q5","season":"DJF"},{"bfs_id":391,"rcp":"RCP8.5","period":"2085","key":"pr","value":2.9,"estimate":"q5","season":"MAM"},{"bfs_id":391,"rcp":"RCP8.5","period":"2085","key":"pr","value":1.7,"estimate":"q5","season":"JJA"},{"bfs_id":391,"rcp":"RCP8.5","period":"2085","key":"pr","value":2.5,"estimate":"q5","season":"SON"},{"bfs_id":391,"rcp":"RCP8.5","period":"2085","key":"pr","value":3.5,"estimate":"q50","season":"DJF"},{"bfs_id":391,"rcp":"RCP8.5","period":"2085","key":"pr","value":3.3,"estimate":"q50","season":"MAM"},{"bfs_id":391,"rcp":"RCP8.5","period":"2085","key":"pr","value":2.7,"estimate":"q50","season":"JJA"},{"bfs_id":391,"rcp":"RCP8.5","period":"2085","key":"pr","value":3.1,"estimate":"q50","season":"SON"},{"bfs_id":391,"rcp":"RCP8.5","period":"2085","key":"pr","value":4,"estimate":"q95","season":"DJF"},{"bfs_id":391,"rcp":"RCP8.5","period":"2085","key":"pr","value":3.7,"estimate":"q95","season":"MAM"},{"bfs_id":391,"rcp":"RCP8.5","period":"2085","key":"pr","value":3.4,"estimate":"q95","season":"JJA"},{"bfs_id":391,"rcp":"RCP8.5","period":"2085","key":"pr","value":3.6,"estimate":"q95","season":"SON"},{"bfs_id":391,"rcp":"RCP2.6","period":"2035","key":"tas","value":1.2,"estimate":"q5","season":"DJF"},{"bfs_id":391,"rcp":"RCP2.6","period":"2035","key":"tas","value":8.8,"estimate":"q5","season":"MAM"},{"bfs_id":391,"rcp":"RCP2.6","period":"2035","key":"tas","value":18.1,"estimate":"q5","season":"JJA"},{"bfs_id":391,"rcp":"RCP2.6","period":"2035","key":"tas","value":9.9,"estimate":"q5","season":"SON"},{"bfs_id":391,"rcp":"RCP2.6","period":"2035","key":"tas","value":1.6,"estimate":"q50","season":"DJF"},{"bfs_id":391,"rcp":"RCP2.6","period":"2035","key":"tas","value":9.4,"estimate":"q50","season":"MAM"},{"bfs_id":391,"rcp":"RCP2.6","period":"2035","key":"tas","value":18.6,"estimate":"q50","season":"JJA"},{"bfs_id":391,"rcp":"RCP2.6","period":"2035","key":"tas","value":10.2,"estimate":"q50","season":"SON"},{"bfs_id":391,"rcp":"RCP2.6","period":"2035","key":"tas","value":2.4,"estimate":"q95","season":"DJF"},{"bfs_id":391,"rcp":"RCP2.6","period":"2035","key":"tas","value":9.7,"estimate":"q95","season":"MAM"},{"bfs_id":391,"rcp":"RCP2.6","period":"2035","key":"tas","value":19.2,"estimate":"q95","season":"JJA"},{"bfs_id":391,"rcp":"RCP2.6","period":"2035","key":"tas","value":11,"estimate":"q95","season":"SON"},{"bfs_id":391,"rcp":"RCP2.6","period":"2060","key":"tas","value":1.2,"estimate":"q5","season":"DJF"},{"bfs_id":391,"rcp":"RCP2.6","period":"2060","key":"tas","value":8.7,"estimate":"q5","season":"MAM"},{"bfs_id":391,"rcp":"RCP2.6","period":"2060","key":"tas","value":18.3,"estimate":"q5","season":"JJA"},{"bfs_id":391,"rcp":"RCP2.6","period":"2060","key":"tas","value":10.1,"estimate":"q5","season":"SON"},{"bfs_id":391,"rcp":"RCP2.6","period":"2060","key":"tas","value":2,"estimate":"q50","season":"DJF"},{"bfs_id":391,"rcp":"RCP2.6","period":"2060","key":"tas","value":9.3,"estimate":"q50","season":"MAM"},{"bfs_id":391,"rcp":"RCP2.6","period":"2060","key":"tas","value":18.8,"estimate":"q50","season":"JJA"},{"bfs_id":391,"rcp":"RCP2.6","period":"2060","key":"tas","value":10.5,"estimate":"q50","season":"SON"},{"bfs_id":391,"rcp":"RCP2.6","period":"2060","key":"tas","value":2.5,"estimate":"q95","season":"DJF"},{"bfs_id":391,"rcp":"RCP2.6","period":"2060","key":"tas","value":9.9,"estimate":"q95","season":"MAM"},{"bfs_id":391,"rcp":"RCP2.6","period":"2060","key":"tas","value":19.3,"estimate":"q95","season":"JJA"},{"bfs_id":391,"rcp":"RCP2.6","period":"2060","key":"tas","value":11.4,"estimate":"q95","season":"SON"},{"bfs_id":391,"rcp":"RCP2.6","period":"2085","key":"tas","value":1.2,"estimate":"q5","season":"DJF"},{"bfs_id":391,"rcp":"RCP2.6","period":"2085","key":"tas","value":8.8,"estimate":"q5","season":"MAM"},{"bfs_id":391,"rcp":"RCP2.6","period":"2085","key":"tas","value":18.3,"estimate":"q5","season":"JJA"},{"bfs_id":391,"rcp":"RCP2.6","period":"2085","key":"tas","value":9.9,"estimate":"q5","season":"SON"},{"bfs_id":391,"rcp":"RCP2.6","period":"2085","key":"tas","value":1.9,"estimate":"q50","season":"DJF"},{"bfs_id":391,"rcp":"RCP2.6","period":"2085","key":"tas","value":9.4,"estimate":"q50","season":"MAM"},{"bfs_id":391,"rcp":"RCP2.6","period":"2085","key":"tas","value":18.7,"estimate":"q50","season":"JJA"},{"bfs_id":391,"rcp":"RCP2.6","period":"2085","key":"tas","value":10.5,"estimate":"q50","season":"SON"},{"bfs_id":391,"rcp":"RCP2.6","period":"2085","key":"tas","value":2.6,"estimate":"q95","season":"DJF"},{"bfs_id":391,"rcp":"RCP2.6","period":"2085","key":"tas","value":9.9,"estimate":"q95","season":"MAM"},{"bfs_id":391,"rcp":"RCP2.6","period":"2085","key":"tas","value":19.3,"estimate":"q95","season":"JJA"},{"bfs_id":391,"rcp":"RCP2.6","period":"2085","key":"tas","value":11.4,"estimate":"q95","season":"SON"},{"bfs_id":391,"rcp":"RCP8.5","period":"2035","key":"tas","value":1.2,"estimate":"q5","season":"DJF"},{"bfs_id":391,"rcp":"RCP8.5","period":"2035","key":"tas","value":9,"estimate":"q5","season":"MAM"},{"bfs_id":391,"rcp":"RCP8.5","period":"2035","key":"tas","value":18.5,"estimate":"q5","season":"JJA"},{"bfs_id":391,"rcp":"RCP8.5","period":"2035","key":"tas","value":10.1,"estimate":"q5","season":"SON"},{"bfs_id":391,"rcp":"RCP8.5","period":"2035","key":"tas","value":2,"estimate":"q50","season":"DJF"},{"bfs_id":391,"rcp":"RCP8.5","period":"2035","key":"tas","value":9.4,"estimate":"q50","season":"MAM"},{"bfs_id":391,"rcp":"RCP8.5","period":"2035","key":"tas","value":18.9,"estimate":"q50","season":"JJA"},{"bfs_id":391,"rcp":"RCP8.5","period":"2035","key":"tas","value":10.6,"estimate":"q50","season":"SON"},{"bfs_id":391,"rcp":"RCP8.5","period":"2035","key":"tas","value":2.4,"estimate":"q95","season":"DJF"},{"bfs_id":391,"rcp":"RCP8.5","period":"2035","key":"tas","value":9.8,"estimate":"q95","season":"MAM"},{"bfs_id":391,"rcp":"RCP8.5","period":"2035","key":"tas","value":19.5,"estimate":"q95","season":"JJA"},{"bfs_id":391,"rcp":"RCP8.5","period":"2035","key":"tas","value":11.4,"estimate":"q95","season":"SON"},{"bfs_id":391,"rcp":"RCP8.5","period":"2060","key":"tas","value":2.3,"estimate":"q5","season":"DJF"},{"bfs_id":391,"rcp":"RCP8.5","period":"2060","key":"tas","value":9.8,"estimate":"q5","season":"MAM"},{"bfs_id":391,"rcp":"RCP8.5","period":"2060","key":"tas","value":19.5,"estimate":"q5","season":"JJA"},{"bfs_id":391,"rcp":"RCP8.5","period":"2060","key":"tas","value":11.2,"estimate":"q5","season":"SON"},{"bfs_id":391,"rcp":"RCP8.5","period":"2060","key":"tas","value":2.8,"estimate":"q50","season":"DJF"},{"bfs_id":391,"rcp":"RCP8.5","period":"2060","key":"tas","value":10.3,"estimate":"q50","season":"MAM"},{"bfs_id":391,"rcp":"RCP8.5","period":"2060","key":"tas","value":20.1,"estimate":"q50","season":"JJA"},{"bfs_id":391,"rcp":"RCP8.5","period":"2060","key":"tas","value":11.8,"estimate":"q50","season":"SON"},{"bfs_id":391,"rcp":"RCP8.5","period":"2060","key":"tas","value":3.5,"estimate":"q95","season":"DJF"},{"bfs_id":391,"rcp":"RCP8.5","period":"2060","key":"tas","value":10.9,"estimate":"q95","season":"MAM"},{"bfs_id":391,"rcp":"RCP8.5","period":"2060","key":"tas","value":21,"estimate":"q95","season":"JJA"},{"bfs_id":391,"rcp":"RCP8.5","period":"2060","key":"tas","value":12.7,"estimate":"q95","season":"SON"},{"bfs_id":391,"rcp":"RCP8.5","period":"2085","key":"tas","value":3.5,"estimate":"q5","season":"DJF"},{"bfs_id":391,"rcp":"RCP8.5","period":"2085","key":"tas","value":10.8,"estimate":"q5","season":"MAM"},{"bfs_id":391,"rcp":"RCP8.5","period":"2085","key":"tas","value":20.9,"estimate":"q5","season":"JJA"},{"bfs_id":391,"rcp":"RCP8.5","period":"2085","key":"tas","value":12.3,"estimate":"q5","season":"SON"},{"bfs_id":391,"rcp":"RCP8.5","period":"2085","key":"tas","value":4.5,"estimate":"q50","season":"DJF"},{"bfs_id":391,"rcp":"RCP8.5","period":"2085","key":"tas","value":11.6,"estimate":"q50","season":"MAM"},{"bfs_id":391,"rcp":"RCP8.5","period":"2085","key":"tas","value":21.7,"estimate":"q50","season":"JJA"},{"bfs_id":391,"rcp":"RCP8.5","period":"2085","key":"tas","value":13.2,"estimate":"q50","season":"SON"},{"bfs_id":391,"rcp":"RCP8.5","period":"2085","key":"tas","value":5.2,"estimate":"q95","season":"DJF"},{"bfs_id":391,"rcp":"RCP8.5","period":"2085","key":"tas","value":12.7,"estimate":"q95","season":"MAM"},{"bfs_id":391,"rcp":"RCP8.5","period":"2085","key":"tas","value":24,"estimate":"q95","season":"JJA"},{"bfs_id":391,"rcp":"RCP8.5","period":"2085","key":"tas","value":14.8,"estimate":"q95","season":"SON"},{"bfs_id":391,"rcp":"obs","period":"1981-2010","key":"FD","value":93,"estimate":"yearly_mean"},{"bfs_id":391,"rcp":"obs","period":"1981-2010","key":"HD","value":7,"estimate":"yearly_mean"},{"bfs_id":391,"rcp":"obs","period":"1981-2010","key":"ID","value":20.6,"estimate":"yearly_mean"},{"bfs_id":391,"rcp":"obs","period":"1981-2010","key":"SD","value":43.1,"estimate":"yearly_mean"},{"bfs_id":391,"rcp":"obs","period":"1981-2010","key":"snowdays","value":19.5,"estimate":"yearly_mean"},{"bfs_id":391,"rcp":"obs","period":"1981-2010","key":"TN","value":0,"estimate":"yearly_mean"},{"bfs_id":391,"rcp":"obs","period":"1981-2010","key":"pr","value":2.8,"estimate":"mean","season":"DJF"},{"bfs_id":391,"rcp":"obs","period":"1981-2010","key":"pr","value":2.8,"estimate":"mean","season":"MAM"},{"bfs_id":391,"rcp":"obs","period":"1981-2010","key":"pr","value":3.5,"estimate":"mean","season":"JJA"},{"bfs_id":391,"rcp":"obs","period":"1981-2010","key":"pr","value":3,"estimate":"mean","season":"SON"},{"bfs_id":391,"rcp":"obs","period":"1981-2010","key":"tas","value":0.5,"estimate":"mean","season":"DJF"},{"bfs_id":391,"rcp":"obs","period":"1981-2010","key":"tas","value":8.7,"estimate":"mean","season":"MAM"},{"bfs_id":391,"rcp":"obs","period":"1981-2010","key":"tas","value":17.6,"estimate":"mean","season":"JJA"},{"bfs_id":391,"rcp":"obs","period":"1981-2010","key":"tas","value":9.2,"estimate":"mean","season":"SON"}]
