[{"bfs_id":538,"rcp":"RCP2.6","period":"2035","key":"FD","value":66.5,"estimate":"q5"},{"bfs_id":538,"rcp":"RCP2.6","period":"2035","key":"FD","value":78.1,"estimate":"q50"},{"bfs_id":538,"rcp":"RCP2.6","period":"2035","key":"FD","value":84,"estimate":"q95"},{"bfs_id":538,"rcp":"RCP2.6","period":"2060","key":"FD","value":63.9,"estimate":"q5"},{"bfs_id":538,"rcp":"RCP2.6","period":"2060","key":"FD","value":75.2,"estimate":"q50"},{"bfs_id":538,"rcp":"RCP2.6","period":"2060","key":"FD","value":81.2,"estimate":"q95"},{"bfs_id":538,"rcp":"RCP2.6","period":"2085","key":"FD","value":63.6,"estimate":"q5"},{"bfs_id":538,"rcp":"RCP2.6","period":"2085","key":"FD","value":74.2,"estimate":"q50"},{"bfs_id":538,"rcp":"RCP2.6","period":"2085","key":"FD","value":82,"estimate":"q95"},{"bfs_id":538,"rcp":"RCP8.5","period":"2035","key":"FD","value":64.1,"estimate":"q5"},{"bfs_id":538,"rcp":"RCP8.5","period":"2035","key":"FD","value":74.6,"estimate":"q50"},{"bfs_id":538,"rcp":"RCP8.5","period":"2035","key":"FD","value":80.6,"estimate":"q95"},{"bfs_id":538,"rcp":"RCP8.5","period":"2060","key":"FD","value":50.9,"estimate":"q5"},{"bfs_id":538,"rcp":"RCP8.5","period":"2060","key":"FD","value":59.1,"estimate":"q50"},{"bfs_id":538,"rcp":"RCP8.5","period":"2060","key":"FD","value":67.2,"estimate":"q95"},{"bfs_id":538,"rcp":"RCP8.5","period":"2085","key":"FD","value":32.3,"estimate":"q5"},{"bfs_id":538,"rcp":"RCP8.5","period":"2085","key":"FD","value":38.4,"estimate":"q50"},{"bfs_id":538,"rcp":"RCP8.5","period":"2085","key":"FD","value":51.1,"estimate":"q95"},{"bfs_id":538,"rcp":"RCP2.6","period":"2035","key":"HD","value":10.3,"estimate":"q5"},{"bfs_id":538,"rcp":"RCP2.6","period":"2035","key":"HD","value":14.5,"estimate":"q50"},{"bfs_id":538,"rcp":"RCP2.6","period":"2035","key":"HD","value":19.8,"estimate":"q95"},{"bfs_id":538,"rcp":"RCP2.6","period":"2060","key":"HD","value":11.7,"estimate":"q5"},{"bfs_id":538,"rcp":"RCP2.6","period":"2060","key":"HD","value":14.7,"estimate":"q50"},{"bfs_id":538,"rcp":"RCP2.6","period":"2060","key":"HD","value":22.9,"estimate":"q95"},{"bfs_id":538,"rcp":"RCP2.6","period":"2085","key":"HD","value":11.3,"estimate":"q5"},{"bfs_id":538,"rcp":"RCP2.6","period":"2085","key":"HD","value":13.7,"estimate":"q50"},{"bfs_id":538,"rcp":"RCP2.6","period":"2085","key":"HD","value":22.1,"estimate":"q95"},{"bfs_id":538,"rcp":"RCP8.5","period":"2035","key":"HD","value":11.6,"estimate":"q5"},{"bfs_id":538,"rcp":"RCP8.5","period":"2035","key":"HD","value":15,"estimate":"q50"},{"bfs_id":538,"rcp":"RCP8.5","period":"2035","key":"HD","value":21.8,"estimate":"q95"},{"bfs_id":538,"rcp":"RCP8.5","period":"2060","key":"HD","value":18.3,"estimate":"q5"},{"bfs_id":538,"rcp":"RCP8.5","period":"2060","key":"HD","value":25.6,"estimate":"q50"},{"bfs_id":538,"rcp":"RCP8.5","period":"2060","key":"HD","value":38.7,"estimate":"q95"},{"bfs_id":538,"rcp":"RCP8.5","period":"2085","key":"HD","value":32.9,"estimate":"q5"},{"bfs_id":538,"rcp":"RCP8.5","period":"2085","key":"HD","value":39,"estimate":"q50"},{"bfs_id":538,"rcp":"RCP8.5","period":"2085","key":"HD","value":64.2,"estimate":"q95"},{"bfs_id":538,"rcp":"RCP2.6","period":"2035","key":"ID","value":10.9,"estimate":"q5"},{"bfs_id":538,"rcp":"RCP2.6","period":"2035","key":"ID","value":14.8,"estimate":"q50"},{"bfs_id":538,"rcp":"RCP2.6","period":"2035","key":"ID","value":17.9,"estimate":"q95"},{"bfs_id":538,"rcp":"RCP2.6","period":"2060","key":"ID","value":10.5,"estimate":"q5"},{"bfs_id":538,"rcp":"RCP2.6","period":"2060","key":"ID","value":14.4,"estimate":"q50"},{"bfs_id":538,"rcp":"RCP2.6","period":"2060","key":"ID","value":17,"estimate":"q95"},{"bfs_id":538,"rcp":"RCP2.6","period":"2085","key":"ID","value":10.5,"estimate":"q5"},{"bfs_id":538,"rcp":"RCP2.6","period":"2085","key":"ID","value":13.8,"estimate":"q50"},{"bfs_id":538,"rcp":"RCP2.6","period":"2085","key":"ID","value":17.6,"estimate":"q95"},{"bfs_id":538,"rcp":"RCP8.5","period":"2035","key":"ID","value":11,"estimate":"q5"},{"bfs_id":538,"rcp":"RCP8.5","period":"2035","key":"ID","value":13.4,"estimate":"q50"},{"bfs_id":538,"rcp":"RCP8.5","period":"2035","key":"ID","value":17.3,"estimate":"q95"},{"bfs_id":538,"rcp":"RCP8.5","period":"2060","key":"ID","value":7.6,"estimate":"q5"},{"bfs_id":538,"rcp":"RCP8.5","period":"2060","key":"ID","value":10,"estimate":"q50"},{"bfs_id":538,"rcp":"RCP8.5","period":"2060","key":"ID","value":12.3,"estimate":"q95"},{"bfs_id":538,"rcp":"RCP8.5","period":"2085","key":"ID","value":2.2,"estimate":"q5"},{"bfs_id":538,"rcp":"RCP8.5","period":"2085","key":"ID","value":4.2,"estimate":"q50"},{"bfs_id":538,"rcp":"RCP8.5","period":"2085","key":"ID","value":7.1,"estimate":"q95"},{"bfs_id":538,"rcp":"RCP2.6","period":"2035","key":"SD","value":52,"estimate":"q5"},{"bfs_id":538,"rcp":"RCP2.6","period":"2035","key":"SD","value":58.6,"estimate":"q50"},{"bfs_id":538,"rcp":"RCP2.6","period":"2035","key":"SD","value":67,"estimate":"q95"},{"bfs_id":538,"rcp":"RCP2.6","period":"2060","key":"SD","value":52.7,"estimate":"q5"},{"bfs_id":538,"rcp":"RCP2.6","period":"2060","key":"SD","value":59.8,"estimate":"q50"},{"bfs_id":538,"rcp":"RCP2.6","period":"2060","key":"SD","value":66.6,"estimate":"q95"},{"bfs_id":538,"rcp":"RCP2.6","period":"2085","key":"SD","value":52.5,"estimate":"q5"},{"bfs_id":538,"rcp":"RCP2.6","period":"2085","key":"SD","value":60.3,"estimate":"q50"},{"bfs_id":538,"rcp":"RCP2.6","period":"2085","key":"SD","value":66.1,"estimate":"q95"},{"bfs_id":538,"rcp":"RCP8.5","period":"2035","key":"SD","value":55.2,"estimate":"q5"},{"bfs_id":538,"rcp":"RCP8.5","period":"2035","key":"SD","value":60.5,"estimate":"q50"},{"bfs_id":538,"rcp":"RCP8.5","period":"2035","key":"SD","value":67.4,"estimate":"q95"},{"bfs_id":538,"rcp":"RCP8.5","period":"2060","key":"SD","value":70,"estimate":"q5"},{"bfs_id":538,"rcp":"RCP8.5","period":"2060","key":"SD","value":76.4,"estimate":"q50"},{"bfs_id":538,"rcp":"RCP8.5","period":"2060","key":"SD","value":91.5,"estimate":"q95"},{"bfs_id":538,"rcp":"RCP8.5","period":"2085","key":"SD","value":86.2,"estimate":"q5"},{"bfs_id":538,"rcp":"RCP8.5","period":"2085","key":"SD","value":98.1,"estimate":"q50"},{"bfs_id":538,"rcp":"RCP8.5","period":"2085","key":"SD","value":117.3,"estimate":"q95"},{"bfs_id":538,"rcp":"RCP2.6","period":"2035","key":"snowdays","value":14.3,"estimate":"q5"},{"bfs_id":538,"rcp":"RCP2.6","period":"2035","key":"snowdays","value":19.1,"estimate":"q50"},{"bfs_id":538,"rcp":"RCP2.6","period":"2035","key":"snowdays","value":22.6,"estimate":"q95"},{"bfs_id":538,"rcp":"RCP2.6","period":"2060","key":"snowdays","value":13.8,"estimate":"q5"},{"bfs_id":538,"rcp":"RCP2.6","period":"2060","key":"snowdays","value":17.7,"estimate":"q50"},{"bfs_id":538,"rcp":"RCP2.6","period":"2060","key":"snowdays","value":21.7,"estimate":"q95"},{"bfs_id":538,"rcp":"RCP2.6","period":"2085","key":"snowdays","value":13.7,"estimate":"q5"},{"bfs_id":538,"rcp":"RCP2.6","period":"2085","key":"snowdays","value":18.4,"estimate":"q50"},{"bfs_id":538,"rcp":"RCP2.6","period":"2085","key":"snowdays","value":21.7,"estimate":"q95"},{"bfs_id":538,"rcp":"RCP8.5","period":"2035","key":"snowdays","value":11.8,"estimate":"q5"},{"bfs_id":538,"rcp":"RCP8.5","period":"2035","key":"snowdays","value":17.8,"estimate":"q50"},{"bfs_id":538,"rcp":"RCP8.5","period":"2035","key":"snowdays","value":21,"estimate":"q95"},{"bfs_id":538,"rcp":"RCP8.5","period":"2060","key":"snowdays","value":9.1,"estimate":"q5"},{"bfs_id":538,"rcp":"RCP8.5","period":"2060","key":"snowdays","value":13.9,"estimate":"q50"},{"bfs_id":538,"rcp":"RCP8.5","period":"2060","key":"snowdays","value":15.7,"estimate":"q95"},{"bfs_id":538,"rcp":"RCP8.5","period":"2085","key":"snowdays","value":4.2,"estimate":"q5"},{"bfs_id":538,"rcp":"RCP8.5","period":"2085","key":"snowdays","value":8,"estimate":"q50"},{"bfs_id":538,"rcp":"RCP8.5","period":"2085","key":"snowdays","value":11.7,"estimate":"q95"},{"bfs_id":538,"rcp":"RCP2.6","period":"2035","key":"TN","value":0,"estimate":"q5"},{"bfs_id":538,"rcp":"RCP2.6","period":"2035","key":"TN","value":0.3,"estimate":"q50"},{"bfs_id":538,"rcp":"RCP2.6","period":"2035","key":"TN","value":0.7,"estimate":"q95"},{"bfs_id":538,"rcp":"RCP2.6","period":"2060","key":"TN","value":0.1,"estimate":"q5"},{"bfs_id":538,"rcp":"RCP2.6","period":"2060","key":"TN","value":0.4,"estimate":"q50"},{"bfs_id":538,"rcp":"RCP2.6","period":"2060","key":"TN","value":0.9,"estimate":"q95"},{"bfs_id":538,"rcp":"RCP2.6","period":"2085","key":"TN","value":0.1,"estimate":"q5"},{"bfs_id":538,"rcp":"RCP2.6","period":"2085","key":"TN","value":0.3,"estimate":"q50"},{"bfs_id":538,"rcp":"RCP2.6","period":"2085","key":"TN","value":0.8,"estimate":"q95"},{"bfs_id":538,"rcp":"RCP8.5","period":"2035","key":"TN","value":0.1,"estimate":"q5"},{"bfs_id":538,"rcp":"RCP8.5","period":"2035","key":"TN","value":0.4,"estimate":"q50"},{"bfs_id":538,"rcp":"RCP8.5","period":"2035","key":"TN","value":2.1,"estimate":"q95"},{"bfs_id":538,"rcp":"RCP8.5","period":"2060","key":"TN","value":0.7,"estimate":"q5"},{"bfs_id":538,"rcp":"RCP8.5","period":"2060","key":"TN","value":2.9,"estimate":"q50"},{"bfs_id":538,"rcp":"RCP8.5","period":"2060","key":"TN","value":5.4,"estimate":"q95"},{"bfs_id":538,"rcp":"RCP8.5","period":"2085","key":"TN","value":4.5,"estimate":"q5"},{"bfs_id":538,"rcp":"RCP8.5","period":"2085","key":"TN","value":8,"estimate":"q50"},{"bfs_id":538,"rcp":"RCP8.5","period":"2085","key":"TN","value":23.7,"estimate":"q95"},{"bfs_id":538,"rcp":"RCP2.6","period":"2035","key":"pr","value":2.4,"estimate":"q5","season":"DJF"},{"bfs_id":538,"rcp":"RCP2.6","period":"2035","key":"pr","value":2.7,"estimate":"q5","season":"MAM"},{"bfs_id":538,"rcp":"RCP2.6","period":"2035","key":"pr","value":2.6,"estimate":"q5","season":"JJA"},{"bfs_id":538,"rcp":"RCP2.6","period":"2035","key":"pr","value":2.6,"estimate":"q5","season":"SON"},{"bfs_id":538,"rcp":"RCP2.6","period":"2035","key":"pr","value":2.7,"estimate":"q50","season":"DJF"},{"bfs_id":538,"rcp":"RCP2.6","period":"2035","key":"pr","value":3,"estimate":"q50","season":"MAM"},{"bfs_id":538,"rcp":"RCP2.6","period":"2035","key":"pr","value":3.3,"estimate":"q50","season":"JJA"},{"bfs_id":538,"rcp":"RCP2.6","period":"2035","key":"pr","value":2.8,"estimate":"q50","season":"SON"},{"bfs_id":538,"rcp":"RCP2.6","period":"2035","key":"pr","value":3.2,"estimate":"q95","season":"DJF"},{"bfs_id":538,"rcp":"RCP2.6","period":"2035","key":"pr","value":3.3,"estimate":"q95","season":"MAM"},{"bfs_id":538,"rcp":"RCP2.6","period":"2035","key":"pr","value":3.8,"estimate":"q95","season":"JJA"},{"bfs_id":538,"rcp":"RCP2.6","period":"2035","key":"pr","value":3.4,"estimate":"q95","season":"SON"},{"bfs_id":538,"rcp":"RCP2.6","period":"2060","key":"pr","value":2.4,"estimate":"q5","season":"DJF"},{"bfs_id":538,"rcp":"RCP2.6","period":"2060","key":"pr","value":2.8,"estimate":"q5","season":"MAM"},{"bfs_id":538,"rcp":"RCP2.6","period":"2060","key":"pr","value":2.6,"estimate":"q5","season":"JJA"},{"bfs_id":538,"rcp":"RCP2.6","period":"2060","key":"pr","value":2.7,"estimate":"q5","season":"SON"},{"bfs_id":538,"rcp":"RCP2.6","period":"2060","key":"pr","value":2.7,"estimate":"q50","season":"DJF"},{"bfs_id":538,"rcp":"RCP2.6","period":"2060","key":"pr","value":3,"estimate":"q50","season":"MAM"},{"bfs_id":538,"rcp":"RCP2.6","period":"2060","key":"pr","value":3.3,"estimate":"q50","season":"JJA"},{"bfs_id":538,"rcp":"RCP2.6","period":"2060","key":"pr","value":2.8,"estimate":"q50","season":"SON"},{"bfs_id":538,"rcp":"RCP2.6","period":"2060","key":"pr","value":3,"estimate":"q95","season":"DJF"},{"bfs_id":538,"rcp":"RCP2.6","period":"2060","key":"pr","value":3.3,"estimate":"q95","season":"MAM"},{"bfs_id":538,"rcp":"RCP2.6","period":"2060","key":"pr","value":3.7,"estimate":"q95","season":"JJA"},{"bfs_id":538,"rcp":"RCP2.6","period":"2060","key":"pr","value":3.3,"estimate":"q95","season":"SON"},{"bfs_id":538,"rcp":"RCP2.6","period":"2085","key":"pr","value":2.4,"estimate":"q5","season":"DJF"},{"bfs_id":538,"rcp":"RCP2.6","period":"2085","key":"pr","value":2.7,"estimate":"q5","season":"MAM"},{"bfs_id":538,"rcp":"RCP2.6","period":"2085","key":"pr","value":2.7,"estimate":"q5","season":"JJA"},{"bfs_id":538,"rcp":"RCP2.6","period":"2085","key":"pr","value":2.5,"estimate":"q5","season":"SON"},{"bfs_id":538,"rcp":"RCP2.6","period":"2085","key":"pr","value":2.8,"estimate":"q50","season":"DJF"},{"bfs_id":538,"rcp":"RCP2.6","period":"2085","key":"pr","value":3,"estimate":"q50","season":"MAM"},{"bfs_id":538,"rcp":"RCP2.6","period":"2085","key":"pr","value":3.3,"estimate":"q50","season":"JJA"},{"bfs_id":538,"rcp":"RCP2.6","period":"2085","key":"pr","value":2.8,"estimate":"q50","season":"SON"},{"bfs_id":538,"rcp":"RCP2.6","period":"2085","key":"pr","value":3.1,"estimate":"q95","season":"DJF"},{"bfs_id":538,"rcp":"RCP2.6","period":"2085","key":"pr","value":3.3,"estimate":"q95","season":"MAM"},{"bfs_id":538,"rcp":"RCP2.6","period":"2085","key":"pr","value":3.8,"estimate":"q95","season":"JJA"},{"bfs_id":538,"rcp":"RCP2.6","period":"2085","key":"pr","value":3.3,"estimate":"q95","season":"SON"},{"bfs_id":538,"rcp":"RCP8.5","period":"2035","key":"pr","value":2.5,"estimate":"q5","season":"DJF"},{"bfs_id":538,"rcp":"RCP8.5","period":"2035","key":"pr","value":2.8,"estimate":"q5","season":"MAM"},{"bfs_id":538,"rcp":"RCP8.5","period":"2035","key":"pr","value":2.5,"estimate":"q5","season":"JJA"},{"bfs_id":538,"rcp":"RCP8.5","period":"2035","key":"pr","value":2.6,"estimate":"q5","season":"SON"},{"bfs_id":538,"rcp":"RCP8.5","period":"2035","key":"pr","value":2.9,"estimate":"q50","season":"DJF"},{"bfs_id":538,"rcp":"RCP8.5","period":"2035","key":"pr","value":3.2,"estimate":"q50","season":"MAM"},{"bfs_id":538,"rcp":"RCP8.5","period":"2035","key":"pr","value":3.3,"estimate":"q50","season":"JJA"},{"bfs_id":538,"rcp":"RCP8.5","period":"2035","key":"pr","value":3,"estimate":"q50","season":"SON"},{"bfs_id":538,"rcp":"RCP8.5","period":"2035","key":"pr","value":3.1,"estimate":"q95","season":"DJF"},{"bfs_id":538,"rcp":"RCP8.5","period":"2035","key":"pr","value":3.3,"estimate":"q95","season":"MAM"},{"bfs_id":538,"rcp":"RCP8.5","period":"2035","key":"pr","value":3.7,"estimate":"q95","season":"JJA"},{"bfs_id":538,"rcp":"RCP8.5","period":"2035","key":"pr","value":3.3,"estimate":"q95","season":"SON"},{"bfs_id":538,"rcp":"RCP8.5","period":"2060","key":"pr","value":2.7,"estimate":"q5","season":"DJF"},{"bfs_id":538,"rcp":"RCP8.5","period":"2060","key":"pr","value":3,"estimate":"q5","season":"MAM"},{"bfs_id":538,"rcp":"RCP8.5","period":"2060","key":"pr","value":2.3,"estimate":"q5","season":"JJA"},{"bfs_id":538,"rcp":"RCP8.5","period":"2060","key":"pr","value":2.5,"estimate":"q5","season":"SON"},{"bfs_id":538,"rcp":"RCP8.5","period":"2060","key":"pr","value":2.9,"estimate":"q50","season":"DJF"},{"bfs_id":538,"rcp":"RCP8.5","period":"2060","key":"pr","value":3.2,"estimate":"q50","season":"MAM"},{"bfs_id":538,"rcp":"RCP8.5","period":"2060","key":"pr","value":3.2,"estimate":"q50","season":"JJA"},{"bfs_id":538,"rcp":"RCP8.5","period":"2060","key":"pr","value":3,"estimate":"q50","season":"SON"},{"bfs_id":538,"rcp":"RCP8.5","period":"2060","key":"pr","value":3.2,"estimate":"q95","season":"DJF"},{"bfs_id":538,"rcp":"RCP8.5","period":"2060","key":"pr","value":3.6,"estimate":"q95","season":"MAM"},{"bfs_id":538,"rcp":"RCP8.5","period":"2060","key":"pr","value":3.5,"estimate":"q95","season":"JJA"},{"bfs_id":538,"rcp":"RCP8.5","period":"2060","key":"pr","value":3.4,"estimate":"q95","season":"SON"},{"bfs_id":538,"rcp":"RCP8.5","period":"2085","key":"pr","value":2.8,"estimate":"q5","season":"DJF"},{"bfs_id":538,"rcp":"RCP8.5","period":"2085","key":"pr","value":2.9,"estimate":"q5","season":"MAM"},{"bfs_id":538,"rcp":"RCP8.5","period":"2085","key":"pr","value":1.7,"estimate":"q5","season":"JJA"},{"bfs_id":538,"rcp":"RCP8.5","period":"2085","key":"pr","value":2.5,"estimate":"q5","season":"SON"},{"bfs_id":538,"rcp":"RCP8.5","period":"2085","key":"pr","value":3.2,"estimate":"q50","season":"DJF"},{"bfs_id":538,"rcp":"RCP8.5","period":"2085","key":"pr","value":3.3,"estimate":"q50","season":"MAM"},{"bfs_id":538,"rcp":"RCP8.5","period":"2085","key":"pr","value":2.7,"estimate":"q50","season":"JJA"},{"bfs_id":538,"rcp":"RCP8.5","period":"2085","key":"pr","value":3,"estimate":"q50","season":"SON"},{"bfs_id":538,"rcp":"RCP8.5","period":"2085","key":"pr","value":3.6,"estimate":"q95","season":"DJF"},{"bfs_id":538,"rcp":"RCP8.5","period":"2085","key":"pr","value":3.7,"estimate":"q95","season":"MAM"},{"bfs_id":538,"rcp":"RCP8.5","period":"2085","key":"pr","value":3.4,"estimate":"q95","season":"JJA"},{"bfs_id":538,"rcp":"RCP8.5","period":"2085","key":"pr","value":3.5,"estimate":"q95","season":"SON"},{"bfs_id":538,"rcp":"RCP2.6","period":"2035","key":"tas","value":1.2,"estimate":"q5","season":"DJF"},{"bfs_id":538,"rcp":"RCP2.6","period":"2035","key":"tas","value":8.9,"estimate":"q5","season":"MAM"},{"bfs_id":538,"rcp":"RCP2.6","period":"2035","key":"tas","value":18.1,"estimate":"q5","season":"JJA"},{"bfs_id":538,"rcp":"RCP2.6","period":"2035","key":"tas","value":9.9,"estimate":"q5","season":"SON"},{"bfs_id":538,"rcp":"RCP2.6","period":"2035","key":"tas","value":1.6,"estimate":"q50","season":"DJF"},{"bfs_id":538,"rcp":"RCP2.6","period":"2035","key":"tas","value":9.5,"estimate":"q50","season":"MAM"},{"bfs_id":538,"rcp":"RCP2.6","period":"2035","key":"tas","value":18.6,"estimate":"q50","season":"JJA"},{"bfs_id":538,"rcp":"RCP2.6","period":"2035","key":"tas","value":10.2,"estimate":"q50","season":"SON"},{"bfs_id":538,"rcp":"RCP2.6","period":"2035","key":"tas","value":2.4,"estimate":"q95","season":"DJF"},{"bfs_id":538,"rcp":"RCP2.6","period":"2035","key":"tas","value":9.8,"estimate":"q95","season":"MAM"},{"bfs_id":538,"rcp":"RCP2.6","period":"2035","key":"tas","value":19.2,"estimate":"q95","season":"JJA"},{"bfs_id":538,"rcp":"RCP2.6","period":"2035","key":"tas","value":11.1,"estimate":"q95","season":"SON"},{"bfs_id":538,"rcp":"RCP2.6","period":"2060","key":"tas","value":1.2,"estimate":"q5","season":"DJF"},{"bfs_id":538,"rcp":"RCP2.6","period":"2060","key":"tas","value":8.8,"estimate":"q5","season":"MAM"},{"bfs_id":538,"rcp":"RCP2.6","period":"2060","key":"tas","value":18.3,"estimate":"q5","season":"JJA"},{"bfs_id":538,"rcp":"RCP2.6","period":"2060","key":"tas","value":10.2,"estimate":"q5","season":"SON"},{"bfs_id":538,"rcp":"RCP2.6","period":"2060","key":"tas","value":2,"estimate":"q50","season":"DJF"},{"bfs_id":538,"rcp":"RCP2.6","period":"2060","key":"tas","value":9.4,"estimate":"q50","season":"MAM"},{"bfs_id":538,"rcp":"RCP2.6","period":"2060","key":"tas","value":18.8,"estimate":"q50","season":"JJA"},{"bfs_id":538,"rcp":"RCP2.6","period":"2060","key":"tas","value":10.5,"estimate":"q50","season":"SON"},{"bfs_id":538,"rcp":"RCP2.6","period":"2060","key":"tas","value":2.6,"estimate":"q95","season":"DJF"},{"bfs_id":538,"rcp":"RCP2.6","period":"2060","key":"tas","value":10,"estimate":"q95","season":"MAM"},{"bfs_id":538,"rcp":"RCP2.6","period":"2060","key":"tas","value":19.3,"estimate":"q95","season":"JJA"},{"bfs_id":538,"rcp":"RCP2.6","period":"2060","key":"tas","value":11.5,"estimate":"q95","season":"SON"},{"bfs_id":538,"rcp":"RCP2.6","period":"2085","key":"tas","value":1.3,"estimate":"q5","season":"DJF"},{"bfs_id":538,"rcp":"RCP2.6","period":"2085","key":"tas","value":8.9,"estimate":"q5","season":"MAM"},{"bfs_id":538,"rcp":"RCP2.6","period":"2085","key":"tas","value":18.3,"estimate":"q5","season":"JJA"},{"bfs_id":538,"rcp":"RCP2.6","period":"2085","key":"tas","value":10,"estimate":"q5","season":"SON"},{"bfs_id":538,"rcp":"RCP2.6","period":"2085","key":"tas","value":1.9,"estimate":"q50","season":"DJF"},{"bfs_id":538,"rcp":"RCP2.6","period":"2085","key":"tas","value":9.5,"estimate":"q50","season":"MAM"},{"bfs_id":538,"rcp":"RCP2.6","period":"2085","key":"tas","value":18.7,"estimate":"q50","season":"JJA"},{"bfs_id":538,"rcp":"RCP2.6","period":"2085","key":"tas","value":10.5,"estimate":"q50","season":"SON"},{"bfs_id":538,"rcp":"RCP2.6","period":"2085","key":"tas","value":2.6,"estimate":"q95","season":"DJF"},{"bfs_id":538,"rcp":"RCP2.6","period":"2085","key":"tas","value":10,"estimate":"q95","season":"MAM"},{"bfs_id":538,"rcp":"RCP2.6","period":"2085","key":"tas","value":19.2,"estimate":"q95","season":"JJA"},{"bfs_id":538,"rcp":"RCP2.6","period":"2085","key":"tas","value":11.5,"estimate":"q95","season":"SON"},{"bfs_id":538,"rcp":"RCP8.5","period":"2035","key":"tas","value":1.1,"estimate":"q5","season":"DJF"},{"bfs_id":538,"rcp":"RCP8.5","period":"2035","key":"tas","value":9.1,"estimate":"q5","season":"MAM"},{"bfs_id":538,"rcp":"RCP8.5","period":"2035","key":"tas","value":18.5,"estimate":"q5","season":"JJA"},{"bfs_id":538,"rcp":"RCP8.5","period":"2035","key":"tas","value":10.2,"estimate":"q5","season":"SON"},{"bfs_id":538,"rcp":"RCP8.5","period":"2035","key":"tas","value":2,"estimate":"q50","season":"DJF"},{"bfs_id":538,"rcp":"RCP8.5","period":"2035","key":"tas","value":9.4,"estimate":"q50","season":"MAM"},{"bfs_id":538,"rcp":"RCP8.5","period":"2035","key":"tas","value":18.9,"estimate":"q50","season":"JJA"},{"bfs_id":538,"rcp":"RCP8.5","period":"2035","key":"tas","value":10.7,"estimate":"q50","season":"SON"},{"bfs_id":538,"rcp":"RCP8.5","period":"2035","key":"tas","value":2.4,"estimate":"q95","season":"DJF"},{"bfs_id":538,"rcp":"RCP8.5","period":"2035","key":"tas","value":9.9,"estimate":"q95","season":"MAM"},{"bfs_id":538,"rcp":"RCP8.5","period":"2035","key":"tas","value":19.4,"estimate":"q95","season":"JJA"},{"bfs_id":538,"rcp":"RCP8.5","period":"2035","key":"tas","value":11.5,"estimate":"q95","season":"SON"},{"bfs_id":538,"rcp":"RCP8.5","period":"2060","key":"tas","value":2.3,"estimate":"q5","season":"DJF"},{"bfs_id":538,"rcp":"RCP8.5","period":"2060","key":"tas","value":9.9,"estimate":"q5","season":"MAM"},{"bfs_id":538,"rcp":"RCP8.5","period":"2060","key":"tas","value":19.5,"estimate":"q5","season":"JJA"},{"bfs_id":538,"rcp":"RCP8.5","period":"2060","key":"tas","value":11.2,"estimate":"q5","season":"SON"},{"bfs_id":538,"rcp":"RCP8.5","period":"2060","key":"tas","value":2.8,"estimate":"q50","season":"DJF"},{"bfs_id":538,"rcp":"RCP8.5","period":"2060","key":"tas","value":10.4,"estimate":"q50","season":"MAM"},{"bfs_id":538,"rcp":"RCP8.5","period":"2060","key":"tas","value":20,"estimate":"q50","season":"JJA"},{"bfs_id":538,"rcp":"RCP8.5","period":"2060","key":"tas","value":11.9,"estimate":"q50","season":"SON"},{"bfs_id":538,"rcp":"RCP8.5","period":"2060","key":"tas","value":3.5,"estimate":"q95","season":"DJF"},{"bfs_id":538,"rcp":"RCP8.5","period":"2060","key":"tas","value":11,"estimate":"q95","season":"MAM"},{"bfs_id":538,"rcp":"RCP8.5","period":"2060","key":"tas","value":21,"estimate":"q95","season":"JJA"},{"bfs_id":538,"rcp":"RCP8.5","period":"2060","key":"tas","value":12.8,"estimate":"q95","season":"SON"},{"bfs_id":538,"rcp":"RCP8.5","period":"2085","key":"tas","value":3.6,"estimate":"q5","season":"DJF"},{"bfs_id":538,"rcp":"RCP8.5","period":"2085","key":"tas","value":10.9,"estimate":"q5","season":"MAM"},{"bfs_id":538,"rcp":"RCP8.5","period":"2085","key":"tas","value":20.8,"estimate":"q5","season":"JJA"},{"bfs_id":538,"rcp":"RCP8.5","period":"2085","key":"tas","value":12.3,"estimate":"q5","season":"SON"},{"bfs_id":538,"rcp":"RCP8.5","period":"2085","key":"tas","value":4.6,"estimate":"q50","season":"DJF"},{"bfs_id":538,"rcp":"RCP8.5","period":"2085","key":"tas","value":11.7,"estimate":"q50","season":"MAM"},{"bfs_id":538,"rcp":"RCP8.5","period":"2085","key":"tas","value":21.6,"estimate":"q50","season":"JJA"},{"bfs_id":538,"rcp":"RCP8.5","period":"2085","key":"tas","value":13.3,"estimate":"q50","season":"SON"},{"bfs_id":538,"rcp":"RCP8.5","period":"2085","key":"tas","value":5.3,"estimate":"q95","season":"DJF"},{"bfs_id":538,"rcp":"RCP8.5","period":"2085","key":"tas","value":12.7,"estimate":"q95","season":"MAM"},{"bfs_id":538,"rcp":"RCP8.5","period":"2085","key":"tas","value":23.8,"estimate":"q95","season":"JJA"},{"bfs_id":538,"rcp":"RCP8.5","period":"2085","key":"tas","value":14.9,"estimate":"q95","season":"SON"},{"bfs_id":538,"rcp":"obs","period":"1981-2010","key":"FD","value":92.8,"estimate":"yearly_mean"},{"bfs_id":538,"rcp":"obs","period":"1981-2010","key":"HD","value":7.8,"estimate":"yearly_mean"},{"bfs_id":538,"rcp":"obs","period":"1981-2010","key":"ID","value":21,"estimate":"yearly_mean"},{"bfs_id":538,"rcp":"obs","period":"1981-2010","key":"SD","value":45.3,"estimate":"yearly_mean"},{"bfs_id":538,"rcp":"obs","period":"1981-2010","key":"snowdays","value":19.5,"estimate":"yearly_mean"},{"bfs_id":538,"rcp":"obs","period":"1981-2010","key":"TN","value":0,"estimate":"yearly_mean"},{"bfs_id":538,"rcp":"obs","period":"1981-2010","key":"pr","value":2.5,"estimate":"mean","season":"DJF"},{"bfs_id":538,"rcp":"obs","period":"1981-2010","key":"pr","value":2.9,"estimate":"mean","season":"MAM"},{"bfs_id":538,"rcp":"obs","period":"1981-2010","key":"pr","value":3.6,"estimate":"mean","season":"JJA"},{"bfs_id":538,"rcp":"obs","period":"1981-2010","key":"pr","value":3,"estimate":"mean","season":"SON"},{"bfs_id":538,"rcp":"obs","period":"1981-2010","key":"tas","value":0.5,"estimate":"mean","season":"DJF"},{"bfs_id":538,"rcp":"obs","period":"1981-2010","key":"tas","value":8.8,"estimate":"mean","season":"MAM"},{"bfs_id":538,"rcp":"obs","period":"1981-2010","key":"tas","value":17.6,"estimate":"mean","season":"JJA"},{"bfs_id":538,"rcp":"obs","period":"1981-2010","key":"tas","value":9.2,"estimate":"mean","season":"SON"}]
