[{"bfs_id":407,"rcp":"RCP2.6","period":"2035","key":"FD","value":84,"estimate":"q5"},{"bfs_id":407,"rcp":"RCP2.6","period":"2035","key":"FD","value":96.5,"estimate":"q50"},{"bfs_id":407,"rcp":"RCP2.6","period":"2035","key":"FD","value":102.7,"estimate":"q95"},{"bfs_id":407,"rcp":"RCP2.6","period":"2060","key":"FD","value":80.8,"estimate":"q5"},{"bfs_id":407,"rcp":"RCP2.6","period":"2060","key":"FD","value":92.6,"estimate":"q50"},{"bfs_id":407,"rcp":"RCP2.6","period":"2060","key":"FD","value":100.2,"estimate":"q95"},{"bfs_id":407,"rcp":"RCP2.6","period":"2085","key":"FD","value":80.2,"estimate":"q5"},{"bfs_id":407,"rcp":"RCP2.6","period":"2085","key":"FD","value":93.2,"estimate":"q50"},{"bfs_id":407,"rcp":"RCP2.6","period":"2085","key":"FD","value":101.3,"estimate":"q95"},{"bfs_id":407,"rcp":"RCP8.5","period":"2035","key":"FD","value":81.8,"estimate":"q5"},{"bfs_id":407,"rcp":"RCP8.5","period":"2035","key":"FD","value":92.4,"estimate":"q50"},{"bfs_id":407,"rcp":"RCP8.5","period":"2035","key":"FD","value":100.6,"estimate":"q95"},{"bfs_id":407,"rcp":"RCP8.5","period":"2060","key":"FD","value":67.9,"estimate":"q5"},{"bfs_id":407,"rcp":"RCP8.5","period":"2060","key":"FD","value":74.8,"estimate":"q50"},{"bfs_id":407,"rcp":"RCP8.5","period":"2060","key":"FD","value":85.8,"estimate":"q95"},{"bfs_id":407,"rcp":"RCP8.5","period":"2085","key":"FD","value":44.4,"estimate":"q5"},{"bfs_id":407,"rcp":"RCP8.5","period":"2085","key":"FD","value":52.5,"estimate":"q50"},{"bfs_id":407,"rcp":"RCP8.5","period":"2085","key":"FD","value":64.9,"estimate":"q95"},{"bfs_id":407,"rcp":"RCP2.6","period":"2035","key":"HD","value":5.9,"estimate":"q5"},{"bfs_id":407,"rcp":"RCP2.6","period":"2035","key":"HD","value":8.5,"estimate":"q50"},{"bfs_id":407,"rcp":"RCP2.6","period":"2035","key":"HD","value":13.7,"estimate":"q95"},{"bfs_id":407,"rcp":"RCP2.6","period":"2060","key":"HD","value":6.4,"estimate":"q5"},{"bfs_id":407,"rcp":"RCP2.6","period":"2060","key":"HD","value":9.2,"estimate":"q50"},{"bfs_id":407,"rcp":"RCP2.6","period":"2060","key":"HD","value":16.2,"estimate":"q95"},{"bfs_id":407,"rcp":"RCP2.6","period":"2085","key":"HD","value":6.5,"estimate":"q5"},{"bfs_id":407,"rcp":"RCP2.6","period":"2085","key":"HD","value":8.2,"estimate":"q50"},{"bfs_id":407,"rcp":"RCP2.6","period":"2085","key":"HD","value":15.6,"estimate":"q95"},{"bfs_id":407,"rcp":"RCP8.5","period":"2035","key":"HD","value":7.3,"estimate":"q5"},{"bfs_id":407,"rcp":"RCP8.5","period":"2035","key":"HD","value":9,"estimate":"q50"},{"bfs_id":407,"rcp":"RCP8.5","period":"2035","key":"HD","value":14.2,"estimate":"q95"},{"bfs_id":407,"rcp":"RCP8.5","period":"2060","key":"HD","value":11.8,"estimate":"q5"},{"bfs_id":407,"rcp":"RCP8.5","period":"2060","key":"HD","value":18.4,"estimate":"q50"},{"bfs_id":407,"rcp":"RCP8.5","period":"2060","key":"HD","value":29.9,"estimate":"q95"},{"bfs_id":407,"rcp":"RCP8.5","period":"2085","key":"HD","value":24.5,"estimate":"q5"},{"bfs_id":407,"rcp":"RCP8.5","period":"2085","key":"HD","value":30,"estimate":"q50"},{"bfs_id":407,"rcp":"RCP8.5","period":"2085","key":"HD","value":53.2,"estimate":"q95"},{"bfs_id":407,"rcp":"RCP2.6","period":"2035","key":"ID","value":15.2,"estimate":"q5"},{"bfs_id":407,"rcp":"RCP2.6","period":"2035","key":"ID","value":18.5,"estimate":"q50"},{"bfs_id":407,"rcp":"RCP2.6","period":"2035","key":"ID","value":21.7,"estimate":"q95"},{"bfs_id":407,"rcp":"RCP2.6","period":"2060","key":"ID","value":14.3,"estimate":"q5"},{"bfs_id":407,"rcp":"RCP2.6","period":"2060","key":"ID","value":17.9,"estimate":"q50"},{"bfs_id":407,"rcp":"RCP2.6","period":"2060","key":"ID","value":20.7,"estimate":"q95"},{"bfs_id":407,"rcp":"RCP2.6","period":"2085","key":"ID","value":13.9,"estimate":"q5"},{"bfs_id":407,"rcp":"RCP2.6","period":"2085","key":"ID","value":17.4,"estimate":"q50"},{"bfs_id":407,"rcp":"RCP2.6","period":"2085","key":"ID","value":21.5,"estimate":"q95"},{"bfs_id":407,"rcp":"RCP8.5","period":"2035","key":"ID","value":13.8,"estimate":"q5"},{"bfs_id":407,"rcp":"RCP8.5","period":"2035","key":"ID","value":17.3,"estimate":"q50"},{"bfs_id":407,"rcp":"RCP8.5","period":"2035","key":"ID","value":21,"estimate":"q95"},{"bfs_id":407,"rcp":"RCP8.5","period":"2060","key":"ID","value":9.7,"estimate":"q5"},{"bfs_id":407,"rcp":"RCP8.5","period":"2060","key":"ID","value":13,"estimate":"q50"},{"bfs_id":407,"rcp":"RCP8.5","period":"2060","key":"ID","value":15.3,"estimate":"q95"},{"bfs_id":407,"rcp":"RCP8.5","period":"2085","key":"ID","value":3.7,"estimate":"q5"},{"bfs_id":407,"rcp":"RCP8.5","period":"2085","key":"ID","value":6.2,"estimate":"q50"},{"bfs_id":407,"rcp":"RCP8.5","period":"2085","key":"ID","value":8.9,"estimate":"q95"},{"bfs_id":407,"rcp":"RCP2.6","period":"2035","key":"SD","value":41.2,"estimate":"q5"},{"bfs_id":407,"rcp":"RCP2.6","period":"2035","key":"SD","value":46.7,"estimate":"q50"},{"bfs_id":407,"rcp":"RCP2.6","period":"2035","key":"SD","value":55.1,"estimate":"q95"},{"bfs_id":407,"rcp":"RCP2.6","period":"2060","key":"SD","value":41.4,"estimate":"q5"},{"bfs_id":407,"rcp":"RCP2.6","period":"2060","key":"SD","value":47.9,"estimate":"q50"},{"bfs_id":407,"rcp":"RCP2.6","period":"2060","key":"SD","value":55.4,"estimate":"q95"},{"bfs_id":407,"rcp":"RCP2.6","period":"2085","key":"SD","value":41.4,"estimate":"q5"},{"bfs_id":407,"rcp":"RCP2.6","period":"2085","key":"SD","value":49.2,"estimate":"q50"},{"bfs_id":407,"rcp":"RCP2.6","period":"2085","key":"SD","value":54.9,"estimate":"q95"},{"bfs_id":407,"rcp":"RCP8.5","period":"2035","key":"SD","value":44.3,"estimate":"q5"},{"bfs_id":407,"rcp":"RCP8.5","period":"2035","key":"SD","value":48.9,"estimate":"q50"},{"bfs_id":407,"rcp":"RCP8.5","period":"2035","key":"SD","value":56.4,"estimate":"q95"},{"bfs_id":407,"rcp":"RCP8.5","period":"2060","key":"SD","value":58.5,"estimate":"q5"},{"bfs_id":407,"rcp":"RCP8.5","period":"2060","key":"SD","value":65.4,"estimate":"q50"},{"bfs_id":407,"rcp":"RCP8.5","period":"2060","key":"SD","value":80.8,"estimate":"q95"},{"bfs_id":407,"rcp":"RCP8.5","period":"2085","key":"SD","value":73.8,"estimate":"q5"},{"bfs_id":407,"rcp":"RCP8.5","period":"2085","key":"SD","value":87.5,"estimate":"q50"},{"bfs_id":407,"rcp":"RCP8.5","period":"2085","key":"SD","value":108.2,"estimate":"q95"},{"bfs_id":407,"rcp":"RCP2.6","period":"2035","key":"snowdays","value":20.7,"estimate":"q5"},{"bfs_id":407,"rcp":"RCP2.6","period":"2035","key":"snowdays","value":26.5,"estimate":"q50"},{"bfs_id":407,"rcp":"RCP2.6","period":"2035","key":"snowdays","value":30.5,"estimate":"q95"},{"bfs_id":407,"rcp":"RCP2.6","period":"2060","key":"snowdays","value":19.3,"estimate":"q5"},{"bfs_id":407,"rcp":"RCP2.6","period":"2060","key":"snowdays","value":25.1,"estimate":"q50"},{"bfs_id":407,"rcp":"RCP2.6","period":"2060","key":"snowdays","value":30.2,"estimate":"q95"},{"bfs_id":407,"rcp":"RCP2.6","period":"2085","key":"snowdays","value":20.4,"estimate":"q5"},{"bfs_id":407,"rcp":"RCP2.6","period":"2085","key":"snowdays","value":25.3,"estimate":"q50"},{"bfs_id":407,"rcp":"RCP2.6","period":"2085","key":"snowdays","value":30.7,"estimate":"q95"},{"bfs_id":407,"rcp":"RCP8.5","period":"2035","key":"snowdays","value":18.5,"estimate":"q5"},{"bfs_id":407,"rcp":"RCP8.5","period":"2035","key":"snowdays","value":24.8,"estimate":"q50"},{"bfs_id":407,"rcp":"RCP8.5","period":"2035","key":"snowdays","value":29.9,"estimate":"q95"},{"bfs_id":407,"rcp":"RCP8.5","period":"2060","key":"snowdays","value":13.8,"estimate":"q5"},{"bfs_id":407,"rcp":"RCP8.5","period":"2060","key":"snowdays","value":20.5,"estimate":"q50"},{"bfs_id":407,"rcp":"RCP8.5","period":"2060","key":"snowdays","value":22.8,"estimate":"q95"},{"bfs_id":407,"rcp":"RCP8.5","period":"2085","key":"snowdays","value":7.6,"estimate":"q5"},{"bfs_id":407,"rcp":"RCP8.5","period":"2085","key":"snowdays","value":13.3,"estimate":"q50"},{"bfs_id":407,"rcp":"RCP8.5","period":"2085","key":"snowdays","value":18.2,"estimate":"q95"},{"bfs_id":407,"rcp":"RCP2.6","period":"2035","key":"TN","value":0,"estimate":"q5"},{"bfs_id":407,"rcp":"RCP2.6","period":"2035","key":"TN","value":0.1,"estimate":"q50"},{"bfs_id":407,"rcp":"RCP2.6","period":"2035","key":"TN","value":0.3,"estimate":"q95"},{"bfs_id":407,"rcp":"RCP2.6","period":"2060","key":"TN","value":0,"estimate":"q5"},{"bfs_id":407,"rcp":"RCP2.6","period":"2060","key":"TN","value":0.1,"estimate":"q50"},{"bfs_id":407,"rcp":"RCP2.6","period":"2060","key":"TN","value":0.6,"estimate":"q95"},{"bfs_id":407,"rcp":"RCP2.6","period":"2085","key":"TN","value":0,"estimate":"q5"},{"bfs_id":407,"rcp":"RCP2.6","period":"2085","key":"TN","value":0.1,"estimate":"q50"},{"bfs_id":407,"rcp":"RCP2.6","period":"2085","key":"TN","value":0.6,"estimate":"q95"},{"bfs_id":407,"rcp":"RCP8.5","period":"2035","key":"TN","value":0,"estimate":"q5"},{"bfs_id":407,"rcp":"RCP8.5","period":"2035","key":"TN","value":0.1,"estimate":"q50"},{"bfs_id":407,"rcp":"RCP8.5","period":"2035","key":"TN","value":1,"estimate":"q95"},{"bfs_id":407,"rcp":"RCP8.5","period":"2060","key":"TN","value":0.2,"estimate":"q5"},{"bfs_id":407,"rcp":"RCP8.5","period":"2060","key":"TN","value":1,"estimate":"q50"},{"bfs_id":407,"rcp":"RCP8.5","period":"2060","key":"TN","value":3.3,"estimate":"q95"},{"bfs_id":407,"rcp":"RCP8.5","period":"2085","key":"TN","value":1.6,"estimate":"q5"},{"bfs_id":407,"rcp":"RCP8.5","period":"2085","key":"TN","value":4.8,"estimate":"q50"},{"bfs_id":407,"rcp":"RCP8.5","period":"2085","key":"TN","value":16.4,"estimate":"q95"},{"bfs_id":407,"rcp":"RCP2.6","period":"2035","key":"pr","value":2.5,"estimate":"q5","season":"DJF"},{"bfs_id":407,"rcp":"RCP2.6","period":"2035","key":"pr","value":3.1,"estimate":"q5","season":"MAM"},{"bfs_id":407,"rcp":"RCP2.6","period":"2035","key":"pr","value":3.1,"estimate":"q5","season":"JJA"},{"bfs_id":407,"rcp":"RCP2.6","period":"2035","key":"pr","value":2.7,"estimate":"q5","season":"SON"},{"bfs_id":407,"rcp":"RCP2.6","period":"2035","key":"pr","value":2.9,"estimate":"q50","season":"DJF"},{"bfs_id":407,"rcp":"RCP2.6","period":"2035","key":"pr","value":3.5,"estimate":"q50","season":"MAM"},{"bfs_id":407,"rcp":"RCP2.6","period":"2035","key":"pr","value":3.8,"estimate":"q50","season":"JJA"},{"bfs_id":407,"rcp":"RCP2.6","period":"2035","key":"pr","value":3,"estimate":"q50","season":"SON"},{"bfs_id":407,"rcp":"RCP2.6","period":"2035","key":"pr","value":3.4,"estimate":"q95","season":"DJF"},{"bfs_id":407,"rcp":"RCP2.6","period":"2035","key":"pr","value":3.8,"estimate":"q95","season":"MAM"},{"bfs_id":407,"rcp":"RCP2.6","period":"2035","key":"pr","value":4.3,"estimate":"q95","season":"JJA"},{"bfs_id":407,"rcp":"RCP2.6","period":"2035","key":"pr","value":3.7,"estimate":"q95","season":"SON"},{"bfs_id":407,"rcp":"RCP2.6","period":"2060","key":"pr","value":2.6,"estimate":"q5","season":"DJF"},{"bfs_id":407,"rcp":"RCP2.6","period":"2060","key":"pr","value":3.2,"estimate":"q5","season":"MAM"},{"bfs_id":407,"rcp":"RCP2.6","period":"2060","key":"pr","value":3.1,"estimate":"q5","season":"JJA"},{"bfs_id":407,"rcp":"RCP2.6","period":"2060","key":"pr","value":2.8,"estimate":"q5","season":"SON"},{"bfs_id":407,"rcp":"RCP2.6","period":"2060","key":"pr","value":2.9,"estimate":"q50","season":"DJF"},{"bfs_id":407,"rcp":"RCP2.6","period":"2060","key":"pr","value":3.4,"estimate":"q50","season":"MAM"},{"bfs_id":407,"rcp":"RCP2.6","period":"2060","key":"pr","value":3.8,"estimate":"q50","season":"JJA"},{"bfs_id":407,"rcp":"RCP2.6","period":"2060","key":"pr","value":3.1,"estimate":"q50","season":"SON"},{"bfs_id":407,"rcp":"RCP2.6","period":"2060","key":"pr","value":3.2,"estimate":"q95","season":"DJF"},{"bfs_id":407,"rcp":"RCP2.6","period":"2060","key":"pr","value":3.8,"estimate":"q95","season":"MAM"},{"bfs_id":407,"rcp":"RCP2.6","period":"2060","key":"pr","value":4.4,"estimate":"q95","season":"JJA"},{"bfs_id":407,"rcp":"RCP2.6","period":"2060","key":"pr","value":3.5,"estimate":"q95","season":"SON"},{"bfs_id":407,"rcp":"RCP2.6","period":"2085","key":"pr","value":2.6,"estimate":"q5","season":"DJF"},{"bfs_id":407,"rcp":"RCP2.6","period":"2085","key":"pr","value":3.2,"estimate":"q5","season":"MAM"},{"bfs_id":407,"rcp":"RCP2.6","period":"2085","key":"pr","value":3.1,"estimate":"q5","season":"JJA"},{"bfs_id":407,"rcp":"RCP2.6","period":"2085","key":"pr","value":2.7,"estimate":"q5","season":"SON"},{"bfs_id":407,"rcp":"RCP2.6","period":"2085","key":"pr","value":2.9,"estimate":"q50","season":"DJF"},{"bfs_id":407,"rcp":"RCP2.6","period":"2085","key":"pr","value":3.4,"estimate":"q50","season":"MAM"},{"bfs_id":407,"rcp":"RCP2.6","period":"2085","key":"pr","value":3.9,"estimate":"q50","season":"JJA"},{"bfs_id":407,"rcp":"RCP2.6","period":"2085","key":"pr","value":3,"estimate":"q50","season":"SON"},{"bfs_id":407,"rcp":"RCP2.6","period":"2085","key":"pr","value":3.3,"estimate":"q95","season":"DJF"},{"bfs_id":407,"rcp":"RCP2.6","period":"2085","key":"pr","value":3.8,"estimate":"q95","season":"MAM"},{"bfs_id":407,"rcp":"RCP2.6","period":"2085","key":"pr","value":4.4,"estimate":"q95","season":"JJA"},{"bfs_id":407,"rcp":"RCP2.6","period":"2085","key":"pr","value":3.6,"estimate":"q95","season":"SON"},{"bfs_id":407,"rcp":"RCP8.5","period":"2035","key":"pr","value":2.6,"estimate":"q5","season":"DJF"},{"bfs_id":407,"rcp":"RCP8.5","period":"2035","key":"pr","value":3.3,"estimate":"q5","season":"MAM"},{"bfs_id":407,"rcp":"RCP8.5","period":"2035","key":"pr","value":2.9,"estimate":"q5","season":"JJA"},{"bfs_id":407,"rcp":"RCP8.5","period":"2035","key":"pr","value":2.7,"estimate":"q5","season":"SON"},{"bfs_id":407,"rcp":"RCP8.5","period":"2035","key":"pr","value":3.1,"estimate":"q50","season":"DJF"},{"bfs_id":407,"rcp":"RCP8.5","period":"2035","key":"pr","value":3.6,"estimate":"q50","season":"MAM"},{"bfs_id":407,"rcp":"RCP8.5","period":"2035","key":"pr","value":3.9,"estimate":"q50","season":"JJA"},{"bfs_id":407,"rcp":"RCP8.5","period":"2035","key":"pr","value":3.2,"estimate":"q50","season":"SON"},{"bfs_id":407,"rcp":"RCP8.5","period":"2035","key":"pr","value":3.3,"estimate":"q95","season":"DJF"},{"bfs_id":407,"rcp":"RCP8.5","period":"2035","key":"pr","value":3.9,"estimate":"q95","season":"MAM"},{"bfs_id":407,"rcp":"RCP8.5","period":"2035","key":"pr","value":4.3,"estimate":"q95","season":"JJA"},{"bfs_id":407,"rcp":"RCP8.5","period":"2035","key":"pr","value":3.6,"estimate":"q95","season":"SON"},{"bfs_id":407,"rcp":"RCP8.5","period":"2060","key":"pr","value":2.8,"estimate":"q5","season":"DJF"},{"bfs_id":407,"rcp":"RCP8.5","period":"2060","key":"pr","value":3.4,"estimate":"q5","season":"MAM"},{"bfs_id":407,"rcp":"RCP8.5","period":"2060","key":"pr","value":2.7,"estimate":"q5","season":"JJA"},{"bfs_id":407,"rcp":"RCP8.5","period":"2060","key":"pr","value":2.7,"estimate":"q5","season":"SON"},{"bfs_id":407,"rcp":"RCP8.5","period":"2060","key":"pr","value":3.1,"estimate":"q50","season":"DJF"},{"bfs_id":407,"rcp":"RCP8.5","period":"2060","key":"pr","value":3.7,"estimate":"q50","season":"MAM"},{"bfs_id":407,"rcp":"RCP8.5","period":"2060","key":"pr","value":3.8,"estimate":"q50","season":"JJA"},{"bfs_id":407,"rcp":"RCP8.5","period":"2060","key":"pr","value":3.2,"estimate":"q50","season":"SON"},{"bfs_id":407,"rcp":"RCP8.5","period":"2060","key":"pr","value":3.4,"estimate":"q95","season":"DJF"},{"bfs_id":407,"rcp":"RCP8.5","period":"2060","key":"pr","value":4.1,"estimate":"q95","season":"MAM"},{"bfs_id":407,"rcp":"RCP8.5","period":"2060","key":"pr","value":4.1,"estimate":"q95","season":"JJA"},{"bfs_id":407,"rcp":"RCP8.5","period":"2060","key":"pr","value":3.6,"estimate":"q95","season":"SON"},{"bfs_id":407,"rcp":"RCP8.5","period":"2085","key":"pr","value":3,"estimate":"q5","season":"DJF"},{"bfs_id":407,"rcp":"RCP8.5","period":"2085","key":"pr","value":3.3,"estimate":"q5","season":"MAM"},{"bfs_id":407,"rcp":"RCP8.5","period":"2085","key":"pr","value":2,"estimate":"q5","season":"JJA"},{"bfs_id":407,"rcp":"RCP8.5","period":"2085","key":"pr","value":2.6,"estimate":"q5","season":"SON"},{"bfs_id":407,"rcp":"RCP8.5","period":"2085","key":"pr","value":3.3,"estimate":"q50","season":"DJF"},{"bfs_id":407,"rcp":"RCP8.5","period":"2085","key":"pr","value":3.8,"estimate":"q50","season":"MAM"},{"bfs_id":407,"rcp":"RCP8.5","period":"2085","key":"pr","value":3.2,"estimate":"q50","season":"JJA"},{"bfs_id":407,"rcp":"RCP8.5","period":"2085","key":"pr","value":3.1,"estimate":"q50","season":"SON"},{"bfs_id":407,"rcp":"RCP8.5","period":"2085","key":"pr","value":3.8,"estimate":"q95","season":"DJF"},{"bfs_id":407,"rcp":"RCP8.5","period":"2085","key":"pr","value":4.2,"estimate":"q95","season":"MAM"},{"bfs_id":407,"rcp":"RCP8.5","period":"2085","key":"pr","value":3.8,"estimate":"q95","season":"JJA"},{"bfs_id":407,"rcp":"RCP8.5","period":"2085","key":"pr","value":3.7,"estimate":"q95","season":"SON"},{"bfs_id":407,"rcp":"RCP2.6","period":"2035","key":"tas","value":0.4,"estimate":"q5","season":"DJF"},{"bfs_id":407,"rcp":"RCP2.6","period":"2035","key":"tas","value":7.6,"estimate":"q5","season":"MAM"},{"bfs_id":407,"rcp":"RCP2.6","period":"2035","key":"tas","value":16.8,"estimate":"q5","season":"JJA"},{"bfs_id":407,"rcp":"RCP2.6","period":"2035","key":"tas","value":9,"estimate":"q5","season":"SON"},{"bfs_id":407,"rcp":"RCP2.6","period":"2035","key":"tas","value":0.8,"estimate":"q50","season":"DJF"},{"bfs_id":407,"rcp":"RCP2.6","period":"2035","key":"tas","value":8.2,"estimate":"q50","season":"MAM"},{"bfs_id":407,"rcp":"RCP2.6","period":"2035","key":"tas","value":17.4,"estimate":"q50","season":"JJA"},{"bfs_id":407,"rcp":"RCP2.6","period":"2035","key":"tas","value":9.3,"estimate":"q50","season":"SON"},{"bfs_id":407,"rcp":"RCP2.6","period":"2035","key":"tas","value":1.5,"estimate":"q95","season":"DJF"},{"bfs_id":407,"rcp":"RCP2.6","period":"2035","key":"tas","value":8.5,"estimate":"q95","season":"MAM"},{"bfs_id":407,"rcp":"RCP2.6","period":"2035","key":"tas","value":18,"estimate":"q95","season":"JJA"},{"bfs_id":407,"rcp":"RCP2.6","period":"2035","key":"tas","value":10.2,"estimate":"q95","season":"SON"},{"bfs_id":407,"rcp":"RCP2.6","period":"2060","key":"tas","value":0.4,"estimate":"q5","season":"DJF"},{"bfs_id":407,"rcp":"RCP2.6","period":"2060","key":"tas","value":7.5,"estimate":"q5","season":"MAM"},{"bfs_id":407,"rcp":"RCP2.6","period":"2060","key":"tas","value":17.1,"estimate":"q5","season":"JJA"},{"bfs_id":407,"rcp":"RCP2.6","period":"2060","key":"tas","value":9.2,"estimate":"q5","season":"SON"},{"bfs_id":407,"rcp":"RCP2.6","period":"2060","key":"tas","value":1.2,"estimate":"q50","season":"DJF"},{"bfs_id":407,"rcp":"RCP2.6","period":"2060","key":"tas","value":8.2,"estimate":"q50","season":"MAM"},{"bfs_id":407,"rcp":"RCP2.6","period":"2060","key":"tas","value":17.5,"estimate":"q50","season":"JJA"},{"bfs_id":407,"rcp":"RCP2.6","period":"2060","key":"tas","value":9.6,"estimate":"q50","season":"SON"},{"bfs_id":407,"rcp":"RCP2.6","period":"2060","key":"tas","value":1.7,"estimate":"q95","season":"DJF"},{"bfs_id":407,"rcp":"RCP2.6","period":"2060","key":"tas","value":8.8,"estimate":"q95","season":"MAM"},{"bfs_id":407,"rcp":"RCP2.6","period":"2060","key":"tas","value":18.1,"estimate":"q95","season":"JJA"},{"bfs_id":407,"rcp":"RCP2.6","period":"2060","key":"tas","value":10.6,"estimate":"q95","season":"SON"},{"bfs_id":407,"rcp":"RCP2.6","period":"2085","key":"tas","value":0.4,"estimate":"q5","season":"DJF"},{"bfs_id":407,"rcp":"RCP2.6","period":"2085","key":"tas","value":7.6,"estimate":"q5","season":"MAM"},{"bfs_id":407,"rcp":"RCP2.6","period":"2085","key":"tas","value":17,"estimate":"q5","season":"JJA"},{"bfs_id":407,"rcp":"RCP2.6","period":"2085","key":"tas","value":9,"estimate":"q5","season":"SON"},{"bfs_id":407,"rcp":"RCP2.6","period":"2085","key":"tas","value":1.1,"estimate":"q50","season":"DJF"},{"bfs_id":407,"rcp":"RCP2.6","period":"2085","key":"tas","value":8.2,"estimate":"q50","season":"MAM"},{"bfs_id":407,"rcp":"RCP2.6","period":"2085","key":"tas","value":17.4,"estimate":"q50","season":"JJA"},{"bfs_id":407,"rcp":"RCP2.6","period":"2085","key":"tas","value":9.6,"estimate":"q50","season":"SON"},{"bfs_id":407,"rcp":"RCP2.6","period":"2085","key":"tas","value":1.8,"estimate":"q95","season":"DJF"},{"bfs_id":407,"rcp":"RCP2.6","period":"2085","key":"tas","value":8.8,"estimate":"q95","season":"MAM"},{"bfs_id":407,"rcp":"RCP2.6","period":"2085","key":"tas","value":18,"estimate":"q95","season":"JJA"},{"bfs_id":407,"rcp":"RCP2.6","period":"2085","key":"tas","value":10.5,"estimate":"q95","season":"SON"},{"bfs_id":407,"rcp":"RCP8.5","period":"2035","key":"tas","value":0.4,"estimate":"q5","season":"DJF"},{"bfs_id":407,"rcp":"RCP8.5","period":"2035","key":"tas","value":7.9,"estimate":"q5","season":"MAM"},{"bfs_id":407,"rcp":"RCP8.5","period":"2035","key":"tas","value":17.2,"estimate":"q5","season":"JJA"},{"bfs_id":407,"rcp":"RCP8.5","period":"2035","key":"tas","value":9.3,"estimate":"q5","season":"SON"},{"bfs_id":407,"rcp":"RCP8.5","period":"2035","key":"tas","value":1.2,"estimate":"q50","season":"DJF"},{"bfs_id":407,"rcp":"RCP8.5","period":"2035","key":"tas","value":8.2,"estimate":"q50","season":"MAM"},{"bfs_id":407,"rcp":"RCP8.5","period":"2035","key":"tas","value":17.6,"estimate":"q50","season":"JJA"},{"bfs_id":407,"rcp":"RCP8.5","period":"2035","key":"tas","value":9.8,"estimate":"q50","season":"SON"},{"bfs_id":407,"rcp":"RCP8.5","period":"2035","key":"tas","value":1.6,"estimate":"q95","season":"DJF"},{"bfs_id":407,"rcp":"RCP8.5","period":"2035","key":"tas","value":8.7,"estimate":"q95","season":"MAM"},{"bfs_id":407,"rcp":"RCP8.5","period":"2035","key":"tas","value":18.2,"estimate":"q95","season":"JJA"},{"bfs_id":407,"rcp":"RCP8.5","period":"2035","key":"tas","value":10.6,"estimate":"q95","season":"SON"},{"bfs_id":407,"rcp":"RCP8.5","period":"2060","key":"tas","value":1.5,"estimate":"q5","season":"DJF"},{"bfs_id":407,"rcp":"RCP8.5","period":"2060","key":"tas","value":8.7,"estimate":"q5","season":"MAM"},{"bfs_id":407,"rcp":"RCP8.5","period":"2060","key":"tas","value":18.3,"estimate":"q5","season":"JJA"},{"bfs_id":407,"rcp":"RCP8.5","period":"2060","key":"tas","value":10.4,"estimate":"q5","season":"SON"},{"bfs_id":407,"rcp":"RCP8.5","period":"2060","key":"tas","value":2,"estimate":"q50","season":"DJF"},{"bfs_id":407,"rcp":"RCP8.5","period":"2060","key":"tas","value":9.2,"estimate":"q50","season":"MAM"},{"bfs_id":407,"rcp":"RCP8.5","period":"2060","key":"tas","value":18.8,"estimate":"q50","season":"JJA"},{"bfs_id":407,"rcp":"RCP8.5","period":"2060","key":"tas","value":11,"estimate":"q50","season":"SON"},{"bfs_id":407,"rcp":"RCP8.5","period":"2060","key":"tas","value":2.7,"estimate":"q95","season":"DJF"},{"bfs_id":407,"rcp":"RCP8.5","period":"2060","key":"tas","value":9.8,"estimate":"q95","season":"MAM"},{"bfs_id":407,"rcp":"RCP8.5","period":"2060","key":"tas","value":19.9,"estimate":"q95","season":"JJA"},{"bfs_id":407,"rcp":"RCP8.5","period":"2060","key":"tas","value":11.9,"estimate":"q95","season":"SON"},{"bfs_id":407,"rcp":"RCP8.5","period":"2085","key":"tas","value":2.8,"estimate":"q5","season":"DJF"},{"bfs_id":407,"rcp":"RCP8.5","period":"2085","key":"tas","value":9.7,"estimate":"q5","season":"MAM"},{"bfs_id":407,"rcp":"RCP8.5","period":"2085","key":"tas","value":19.7,"estimate":"q5","season":"JJA"},{"bfs_id":407,"rcp":"RCP8.5","period":"2085","key":"tas","value":11.4,"estimate":"q5","season":"SON"},{"bfs_id":407,"rcp":"RCP8.5","period":"2085","key":"tas","value":3.8,"estimate":"q50","season":"DJF"},{"bfs_id":407,"rcp":"RCP8.5","period":"2085","key":"tas","value":10.6,"estimate":"q50","season":"MAM"},{"bfs_id":407,"rcp":"RCP8.5","period":"2085","key":"tas","value":20.4,"estimate":"q50","season":"JJA"},{"bfs_id":407,"rcp":"RCP8.5","period":"2085","key":"tas","value":12.4,"estimate":"q50","season":"SON"},{"bfs_id":407,"rcp":"RCP8.5","period":"2085","key":"tas","value":4.5,"estimate":"q95","season":"DJF"},{"bfs_id":407,"rcp":"RCP8.5","period":"2085","key":"tas","value":11.6,"estimate":"q95","season":"MAM"},{"bfs_id":407,"rcp":"RCP8.5","period":"2085","key":"tas","value":22.7,"estimate":"q95","season":"JJA"},{"bfs_id":407,"rcp":"RCP8.5","period":"2085","key":"tas","value":14,"estimate":"q95","season":"SON"},{"bfs_id":407,"rcp":"obs","period":"1981-2010","key":"FD","value":111.5,"estimate":"yearly_mean"},{"bfs_id":407,"rcp":"obs","period":"1981-2010","key":"HD","value":4.2,"estimate":"yearly_mean"},{"bfs_id":407,"rcp":"obs","period":"1981-2010","key":"ID","value":25.8,"estimate":"yearly_mean"},{"bfs_id":407,"rcp":"obs","period":"1981-2010","key":"SD","value":34.9,"estimate":"yearly_mean"},{"bfs_id":407,"rcp":"obs","period":"1981-2010","key":"snowdays","value":30.4,"estimate":"yearly_mean"},{"bfs_id":407,"rcp":"obs","period":"1981-2010","key":"TN","value":0,"estimate":"yearly_mean"},{"bfs_id":407,"rcp":"obs","period":"1981-2010","key":"pr","value":2.6,"estimate":"mean","season":"DJF"},{"bfs_id":407,"rcp":"obs","period":"1981-2010","key":"pr","value":3.4,"estimate":"mean","season":"MAM"},{"bfs_id":407,"rcp":"obs","period":"1981-2010","key":"pr","value":4.2,"estimate":"mean","season":"JJA"},{"bfs_id":407,"rcp":"obs","period":"1981-2010","key":"pr","value":3.2,"estimate":"mean","season":"SON"},{"bfs_id":407,"rcp":"obs","period":"1981-2010","key":"tas","value":-0.3,"estimate":"mean","season":"DJF"},{"bfs_id":407,"rcp":"obs","period":"1981-2010","key":"tas","value":7.5,"estimate":"mean","season":"MAM"},{"bfs_id":407,"rcp":"obs","period":"1981-2010","key":"tas","value":16.2,"estimate":"mean","season":"JJA"},{"bfs_id":407,"rcp":"obs","period":"1981-2010","key":"tas","value":8.3,"estimate":"mean","season":"SON"}]
