[{"bfs_id":6643,"rcp":"RCP2.6","period":"2035","key":"FD","value":48.1,"estimate":"q5"},{"bfs_id":6643,"rcp":"RCP2.6","period":"2035","key":"FD","value":56.8,"estimate":"q50"},{"bfs_id":6643,"rcp":"RCP2.6","period":"2035","key":"FD","value":62.4,"estimate":"q95"},{"bfs_id":6643,"rcp":"RCP2.6","period":"2060","key":"FD","value":44,"estimate":"q5"},{"bfs_id":6643,"rcp":"RCP2.6","period":"2060","key":"FD","value":53.7,"estimate":"q50"},{"bfs_id":6643,"rcp":"RCP2.6","period":"2060","key":"FD","value":59,"estimate":"q95"},{"bfs_id":6643,"rcp":"RCP2.6","period":"2085","key":"FD","value":44.1,"estimate":"q5"},{"bfs_id":6643,"rcp":"RCP2.6","period":"2085","key":"FD","value":54.2,"estimate":"q50"},{"bfs_id":6643,"rcp":"RCP2.6","period":"2085","key":"FD","value":59.5,"estimate":"q95"},{"bfs_id":6643,"rcp":"RCP8.5","period":"2035","key":"FD","value":45,"estimate":"q5"},{"bfs_id":6643,"rcp":"RCP8.5","period":"2035","key":"FD","value":53.8,"estimate":"q50"},{"bfs_id":6643,"rcp":"RCP8.5","period":"2035","key":"FD","value":58.1,"estimate":"q95"},{"bfs_id":6643,"rcp":"RCP8.5","period":"2060","key":"FD","value":31.6,"estimate":"q5"},{"bfs_id":6643,"rcp":"RCP8.5","period":"2060","key":"FD","value":39.5,"estimate":"q50"},{"bfs_id":6643,"rcp":"RCP8.5","period":"2060","key":"FD","value":45.7,"estimate":"q95"},{"bfs_id":6643,"rcp":"RCP8.5","period":"2085","key":"FD","value":15.9,"estimate":"q5"},{"bfs_id":6643,"rcp":"RCP8.5","period":"2085","key":"FD","value":22.3,"estimate":"q50"},{"bfs_id":6643,"rcp":"RCP8.5","period":"2085","key":"FD","value":31.2,"estimate":"q95"},{"bfs_id":6643,"rcp":"RCP2.6","period":"2035","key":"HD","value":17.3,"estimate":"q5"},{"bfs_id":6643,"rcp":"RCP2.6","period":"2035","key":"HD","value":24,"estimate":"q50"},{"bfs_id":6643,"rcp":"RCP2.6","period":"2035","key":"HD","value":30.2,"estimate":"q95"},{"bfs_id":6643,"rcp":"RCP2.6","period":"2060","key":"HD","value":19.5,"estimate":"q5"},{"bfs_id":6643,"rcp":"RCP2.6","period":"2060","key":"HD","value":24,"estimate":"q50"},{"bfs_id":6643,"rcp":"RCP2.6","period":"2060","key":"HD","value":32.1,"estimate":"q95"},{"bfs_id":6643,"rcp":"RCP2.6","period":"2085","key":"HD","value":19,"estimate":"q5"},{"bfs_id":6643,"rcp":"RCP2.6","period":"2085","key":"HD","value":23.3,"estimate":"q50"},{"bfs_id":6643,"rcp":"RCP2.6","period":"2085","key":"HD","value":31.7,"estimate":"q95"},{"bfs_id":6643,"rcp":"RCP8.5","period":"2035","key":"HD","value":21.6,"estimate":"q5"},{"bfs_id":6643,"rcp":"RCP8.5","period":"2035","key":"HD","value":24.8,"estimate":"q50"},{"bfs_id":6643,"rcp":"RCP8.5","period":"2035","key":"HD","value":31.2,"estimate":"q95"},{"bfs_id":6643,"rcp":"RCP8.5","period":"2060","key":"HD","value":30,"estimate":"q5"},{"bfs_id":6643,"rcp":"RCP8.5","period":"2060","key":"HD","value":37.9,"estimate":"q50"},{"bfs_id":6643,"rcp":"RCP8.5","period":"2060","key":"HD","value":54,"estimate":"q95"},{"bfs_id":6643,"rcp":"RCP8.5","period":"2085","key":"HD","value":47,"estimate":"q5"},{"bfs_id":6643,"rcp":"RCP8.5","period":"2085","key":"HD","value":57.5,"estimate":"q50"},{"bfs_id":6643,"rcp":"RCP8.5","period":"2085","key":"HD","value":77.4,"estimate":"q95"},{"bfs_id":6643,"rcp":"RCP2.6","period":"2035","key":"ID","value":3.9,"estimate":"q5"},{"bfs_id":6643,"rcp":"RCP2.6","period":"2035","key":"ID","value":5.4,"estimate":"q50"},{"bfs_id":6643,"rcp":"RCP2.6","period":"2035","key":"ID","value":7.8,"estimate":"q95"},{"bfs_id":6643,"rcp":"RCP2.6","period":"2060","key":"ID","value":3.1,"estimate":"q5"},{"bfs_id":6643,"rcp":"RCP2.6","period":"2060","key":"ID","value":5.6,"estimate":"q50"},{"bfs_id":6643,"rcp":"RCP2.6","period":"2060","key":"ID","value":7.9,"estimate":"q95"},{"bfs_id":6643,"rcp":"RCP2.6","period":"2085","key":"ID","value":3.5,"estimate":"q5"},{"bfs_id":6643,"rcp":"RCP2.6","period":"2085","key":"ID","value":4.9,"estimate":"q50"},{"bfs_id":6643,"rcp":"RCP2.6","period":"2085","key":"ID","value":8,"estimate":"q95"},{"bfs_id":6643,"rcp":"RCP8.5","period":"2035","key":"ID","value":3,"estimate":"q5"},{"bfs_id":6643,"rcp":"RCP8.5","period":"2035","key":"ID","value":5.4,"estimate":"q50"},{"bfs_id":6643,"rcp":"RCP8.5","period":"2035","key":"ID","value":7,"estimate":"q95"},{"bfs_id":6643,"rcp":"RCP8.5","period":"2060","key":"ID","value":2.1,"estimate":"q5"},{"bfs_id":6643,"rcp":"RCP8.5","period":"2060","key":"ID","value":3.4,"estimate":"q50"},{"bfs_id":6643,"rcp":"RCP8.5","period":"2060","key":"ID","value":4.6,"estimate":"q95"},{"bfs_id":6643,"rcp":"RCP8.5","period":"2085","key":"ID","value":0.5,"estimate":"q5"},{"bfs_id":6643,"rcp":"RCP8.5","period":"2085","key":"ID","value":1.1,"estimate":"q50"},{"bfs_id":6643,"rcp":"RCP8.5","period":"2085","key":"ID","value":2.4,"estimate":"q95"},{"bfs_id":6643,"rcp":"RCP2.6","period":"2035","key":"SD","value":65,"estimate":"q5"},{"bfs_id":6643,"rcp":"RCP2.6","period":"2035","key":"SD","value":72.8,"estimate":"q50"},{"bfs_id":6643,"rcp":"RCP2.6","period":"2035","key":"SD","value":80.8,"estimate":"q95"},{"bfs_id":6643,"rcp":"RCP2.6","period":"2060","key":"SD","value":67.5,"estimate":"q5"},{"bfs_id":6643,"rcp":"RCP2.6","period":"2060","key":"SD","value":74.7,"estimate":"q50"},{"bfs_id":6643,"rcp":"RCP2.6","period":"2060","key":"SD","value":81.2,"estimate":"q95"},{"bfs_id":6643,"rcp":"RCP2.6","period":"2085","key":"SD","value":67.6,"estimate":"q5"},{"bfs_id":6643,"rcp":"RCP2.6","period":"2085","key":"SD","value":74.6,"estimate":"q50"},{"bfs_id":6643,"rcp":"RCP2.6","period":"2085","key":"SD","value":81.1,"estimate":"q95"},{"bfs_id":6643,"rcp":"RCP8.5","period":"2035","key":"SD","value":70,"estimate":"q5"},{"bfs_id":6643,"rcp":"RCP8.5","period":"2035","key":"SD","value":75.7,"estimate":"q50"},{"bfs_id":6643,"rcp":"RCP8.5","period":"2035","key":"SD","value":81.4,"estimate":"q95"},{"bfs_id":6643,"rcp":"RCP8.5","period":"2060","key":"SD","value":86.4,"estimate":"q5"},{"bfs_id":6643,"rcp":"RCP8.5","period":"2060","key":"SD","value":92.1,"estimate":"q50"},{"bfs_id":6643,"rcp":"RCP8.5","period":"2060","key":"SD","value":103.6,"estimate":"q95"},{"bfs_id":6643,"rcp":"RCP8.5","period":"2085","key":"SD","value":100.9,"estimate":"q5"},{"bfs_id":6643,"rcp":"RCP8.5","period":"2085","key":"SD","value":114,"estimate":"q50"},{"bfs_id":6643,"rcp":"RCP8.5","period":"2085","key":"SD","value":127,"estimate":"q95"},{"bfs_id":6643,"rcp":"RCP2.6","period":"2035","key":"snowdays","value":4.9,"estimate":"q5"},{"bfs_id":6643,"rcp":"RCP2.6","period":"2035","key":"snowdays","value":8.3,"estimate":"q50"},{"bfs_id":6643,"rcp":"RCP2.6","period":"2035","key":"snowdays","value":10.7,"estimate":"q95"},{"bfs_id":6643,"rcp":"RCP2.6","period":"2060","key":"snowdays","value":4.9,"estimate":"q5"},{"bfs_id":6643,"rcp":"RCP2.6","period":"2060","key":"snowdays","value":7.2,"estimate":"q50"},{"bfs_id":6643,"rcp":"RCP2.6","period":"2060","key":"snowdays","value":10.5,"estimate":"q95"},{"bfs_id":6643,"rcp":"RCP2.6","period":"2085","key":"snowdays","value":4.5,"estimate":"q5"},{"bfs_id":6643,"rcp":"RCP2.6","period":"2085","key":"snowdays","value":7.5,"estimate":"q50"},{"bfs_id":6643,"rcp":"RCP2.6","period":"2085","key":"snowdays","value":10.7,"estimate":"q95"},{"bfs_id":6643,"rcp":"RCP8.5","period":"2035","key":"snowdays","value":3.9,"estimate":"q5"},{"bfs_id":6643,"rcp":"RCP8.5","period":"2035","key":"snowdays","value":7.4,"estimate":"q50"},{"bfs_id":6643,"rcp":"RCP8.5","period":"2035","key":"snowdays","value":10.8,"estimate":"q95"},{"bfs_id":6643,"rcp":"RCP8.5","period":"2060","key":"snowdays","value":2.7,"estimate":"q5"},{"bfs_id":6643,"rcp":"RCP8.5","period":"2060","key":"snowdays","value":4.8,"estimate":"q50"},{"bfs_id":6643,"rcp":"RCP8.5","period":"2060","key":"snowdays","value":6.7,"estimate":"q95"},{"bfs_id":6643,"rcp":"RCP8.5","period":"2085","key":"snowdays","value":0.8,"estimate":"q5"},{"bfs_id":6643,"rcp":"RCP8.5","period":"2085","key":"snowdays","value":2.5,"estimate":"q50"},{"bfs_id":6643,"rcp":"RCP8.5","period":"2085","key":"snowdays","value":3.8,"estimate":"q95"},{"bfs_id":6643,"rcp":"RCP2.6","period":"2035","key":"TN","value":1,"estimate":"q5"},{"bfs_id":6643,"rcp":"RCP2.6","period":"2035","key":"TN","value":2.4,"estimate":"q50"},{"bfs_id":6643,"rcp":"RCP2.6","period":"2035","key":"TN","value":4.3,"estimate":"q95"},{"bfs_id":6643,"rcp":"RCP2.6","period":"2060","key":"TN","value":1.7,"estimate":"q5"},{"bfs_id":6643,"rcp":"RCP2.6","period":"2060","key":"TN","value":2.7,"estimate":"q50"},{"bfs_id":6643,"rcp":"RCP2.6","period":"2060","key":"TN","value":5,"estimate":"q95"},{"bfs_id":6643,"rcp":"RCP2.6","period":"2085","key":"TN","value":1.2,"estimate":"q5"},{"bfs_id":6643,"rcp":"RCP2.6","period":"2085","key":"TN","value":2.6,"estimate":"q50"},{"bfs_id":6643,"rcp":"RCP2.6","period":"2085","key":"TN","value":4.9,"estimate":"q95"},{"bfs_id":6643,"rcp":"RCP8.5","period":"2035","key":"TN","value":1.6,"estimate":"q5"},{"bfs_id":6643,"rcp":"RCP8.5","period":"2035","key":"TN","value":3.4,"estimate":"q50"},{"bfs_id":6643,"rcp":"RCP8.5","period":"2035","key":"TN","value":6.7,"estimate":"q95"},{"bfs_id":6643,"rcp":"RCP8.5","period":"2060","key":"TN","value":4.9,"estimate":"q5"},{"bfs_id":6643,"rcp":"RCP8.5","period":"2060","key":"TN","value":12.4,"estimate":"q50"},{"bfs_id":6643,"rcp":"RCP8.5","period":"2060","key":"TN","value":17.5,"estimate":"q95"},{"bfs_id":6643,"rcp":"RCP8.5","period":"2085","key":"TN","value":16,"estimate":"q5"},{"bfs_id":6643,"rcp":"RCP8.5","period":"2085","key":"TN","value":22.5,"estimate":"q50"},{"bfs_id":6643,"rcp":"RCP8.5","period":"2085","key":"TN","value":45.1,"estimate":"q95"},{"bfs_id":6643,"rcp":"RCP2.6","period":"2035","key":"pr","value":2.3,"estimate":"q5","season":"DJF"},{"bfs_id":6643,"rcp":"RCP2.6","period":"2035","key":"pr","value":2.1,"estimate":"q5","season":"MAM"},{"bfs_id":6643,"rcp":"RCP2.6","period":"2035","key":"pr","value":1.9,"estimate":"q5","season":"JJA"},{"bfs_id":6643,"rcp":"RCP2.6","period":"2035","key":"pr","value":2.5,"estimate":"q5","season":"SON"},{"bfs_id":6643,"rcp":"RCP2.6","period":"2035","key":"pr","value":2.7,"estimate":"q50","season":"DJF"},{"bfs_id":6643,"rcp":"RCP2.6","period":"2035","key":"pr","value":2.6,"estimate":"q50","season":"MAM"},{"bfs_id":6643,"rcp":"RCP2.6","period":"2035","key":"pr","value":2.3,"estimate":"q50","season":"JJA"},{"bfs_id":6643,"rcp":"RCP2.6","period":"2035","key":"pr","value":3,"estimate":"q50","season":"SON"},{"bfs_id":6643,"rcp":"RCP2.6","period":"2035","key":"pr","value":3.2,"estimate":"q95","season":"DJF"},{"bfs_id":6643,"rcp":"RCP2.6","period":"2035","key":"pr","value":2.9,"estimate":"q95","season":"MAM"},{"bfs_id":6643,"rcp":"RCP2.6","period":"2035","key":"pr","value":2.7,"estimate":"q95","season":"JJA"},{"bfs_id":6643,"rcp":"RCP2.6","period":"2035","key":"pr","value":3.5,"estimate":"q95","season":"SON"},{"bfs_id":6643,"rcp":"RCP2.6","period":"2060","key":"pr","value":2.5,"estimate":"q5","season":"DJF"},{"bfs_id":6643,"rcp":"RCP2.6","period":"2060","key":"pr","value":2.3,"estimate":"q5","season":"MAM"},{"bfs_id":6643,"rcp":"RCP2.6","period":"2060","key":"pr","value":1.9,"estimate":"q5","season":"JJA"},{"bfs_id":6643,"rcp":"RCP2.6","period":"2060","key":"pr","value":2.7,"estimate":"q5","season":"SON"},{"bfs_id":6643,"rcp":"RCP2.6","period":"2060","key":"pr","value":2.8,"estimate":"q50","season":"DJF"},{"bfs_id":6643,"rcp":"RCP2.6","period":"2060","key":"pr","value":2.6,"estimate":"q50","season":"MAM"},{"bfs_id":6643,"rcp":"RCP2.6","period":"2060","key":"pr","value":2.3,"estimate":"q50","season":"JJA"},{"bfs_id":6643,"rcp":"RCP2.6","period":"2060","key":"pr","value":3,"estimate":"q50","season":"SON"},{"bfs_id":6643,"rcp":"RCP2.6","period":"2060","key":"pr","value":3,"estimate":"q95","season":"DJF"},{"bfs_id":6643,"rcp":"RCP2.6","period":"2060","key":"pr","value":2.9,"estimate":"q95","season":"MAM"},{"bfs_id":6643,"rcp":"RCP2.6","period":"2060","key":"pr","value":2.8,"estimate":"q95","season":"JJA"},{"bfs_id":6643,"rcp":"RCP2.6","period":"2060","key":"pr","value":3.3,"estimate":"q95","season":"SON"},{"bfs_id":6643,"rcp":"RCP2.6","period":"2085","key":"pr","value":2.5,"estimate":"q5","season":"DJF"},{"bfs_id":6643,"rcp":"RCP2.6","period":"2085","key":"pr","value":2.4,"estimate":"q5","season":"MAM"},{"bfs_id":6643,"rcp":"RCP2.6","period":"2085","key":"pr","value":2,"estimate":"q5","season":"JJA"},{"bfs_id":6643,"rcp":"RCP2.6","period":"2085","key":"pr","value":2.4,"estimate":"q5","season":"SON"},{"bfs_id":6643,"rcp":"RCP2.6","period":"2085","key":"pr","value":2.8,"estimate":"q50","season":"DJF"},{"bfs_id":6643,"rcp":"RCP2.6","period":"2085","key":"pr","value":2.5,"estimate":"q50","season":"MAM"},{"bfs_id":6643,"rcp":"RCP2.6","period":"2085","key":"pr","value":2.3,"estimate":"q50","season":"JJA"},{"bfs_id":6643,"rcp":"RCP2.6","period":"2085","key":"pr","value":3,"estimate":"q50","season":"SON"},{"bfs_id":6643,"rcp":"RCP2.6","period":"2085","key":"pr","value":3.1,"estimate":"q95","season":"DJF"},{"bfs_id":6643,"rcp":"RCP2.6","period":"2085","key":"pr","value":3,"estimate":"q95","season":"MAM"},{"bfs_id":6643,"rcp":"RCP2.6","period":"2085","key":"pr","value":2.8,"estimate":"q95","season":"JJA"},{"bfs_id":6643,"rcp":"RCP2.6","period":"2085","key":"pr","value":3.4,"estimate":"q95","season":"SON"},{"bfs_id":6643,"rcp":"RCP8.5","period":"2035","key":"pr","value":2.6,"estimate":"q5","season":"DJF"},{"bfs_id":6643,"rcp":"RCP8.5","period":"2035","key":"pr","value":2.3,"estimate":"q5","season":"MAM"},{"bfs_id":6643,"rcp":"RCP8.5","period":"2035","key":"pr","value":1.8,"estimate":"q5","season":"JJA"},{"bfs_id":6643,"rcp":"RCP8.5","period":"2035","key":"pr","value":2.6,"estimate":"q5","season":"SON"},{"bfs_id":6643,"rcp":"RCP8.5","period":"2035","key":"pr","value":2.9,"estimate":"q50","season":"DJF"},{"bfs_id":6643,"rcp":"RCP8.5","period":"2035","key":"pr","value":2.7,"estimate":"q50","season":"MAM"},{"bfs_id":6643,"rcp":"RCP8.5","period":"2035","key":"pr","value":2.4,"estimate":"q50","season":"JJA"},{"bfs_id":6643,"rcp":"RCP8.5","period":"2035","key":"pr","value":3.1,"estimate":"q50","season":"SON"},{"bfs_id":6643,"rcp":"RCP8.5","period":"2035","key":"pr","value":3.2,"estimate":"q95","season":"DJF"},{"bfs_id":6643,"rcp":"RCP8.5","period":"2035","key":"pr","value":2.9,"estimate":"q95","season":"MAM"},{"bfs_id":6643,"rcp":"RCP8.5","period":"2035","key":"pr","value":2.7,"estimate":"q95","season":"JJA"},{"bfs_id":6643,"rcp":"RCP8.5","period":"2035","key":"pr","value":3.4,"estimate":"q95","season":"SON"},{"bfs_id":6643,"rcp":"RCP8.5","period":"2060","key":"pr","value":2.7,"estimate":"q5","season":"DJF"},{"bfs_id":6643,"rcp":"RCP8.5","period":"2060","key":"pr","value":2.4,"estimate":"q5","season":"MAM"},{"bfs_id":6643,"rcp":"RCP8.5","period":"2060","key":"pr","value":1.4,"estimate":"q5","season":"JJA"},{"bfs_id":6643,"rcp":"RCP8.5","period":"2060","key":"pr","value":2.7,"estimate":"q5","season":"SON"},{"bfs_id":6643,"rcp":"RCP8.5","period":"2060","key":"pr","value":2.9,"estimate":"q50","season":"DJF"},{"bfs_id":6643,"rcp":"RCP8.5","period":"2060","key":"pr","value":2.7,"estimate":"q50","season":"MAM"},{"bfs_id":6643,"rcp":"RCP8.5","period":"2060","key":"pr","value":2.2,"estimate":"q50","season":"JJA"},{"bfs_id":6643,"rcp":"RCP8.5","period":"2060","key":"pr","value":3.1,"estimate":"q50","season":"SON"},{"bfs_id":6643,"rcp":"RCP8.5","period":"2060","key":"pr","value":3.3,"estimate":"q95","season":"DJF"},{"bfs_id":6643,"rcp":"RCP8.5","period":"2060","key":"pr","value":3,"estimate":"q95","season":"MAM"},{"bfs_id":6643,"rcp":"RCP8.5","period":"2060","key":"pr","value":2.6,"estimate":"q95","season":"JJA"},{"bfs_id":6643,"rcp":"RCP8.5","period":"2060","key":"pr","value":3.4,"estimate":"q95","season":"SON"},{"bfs_id":6643,"rcp":"RCP8.5","period":"2085","key":"pr","value":2.8,"estimate":"q5","season":"DJF"},{"bfs_id":6643,"rcp":"RCP8.5","period":"2085","key":"pr","value":2.3,"estimate":"q5","season":"MAM"},{"bfs_id":6643,"rcp":"RCP8.5","period":"2085","key":"pr","value":1.1,"estimate":"q5","season":"JJA"},{"bfs_id":6643,"rcp":"RCP8.5","period":"2085","key":"pr","value":2.5,"estimate":"q5","season":"SON"},{"bfs_id":6643,"rcp":"RCP8.5","period":"2085","key":"pr","value":3.3,"estimate":"q50","season":"DJF"},{"bfs_id":6643,"rcp":"RCP8.5","period":"2085","key":"pr","value":2.8,"estimate":"q50","season":"MAM"},{"bfs_id":6643,"rcp":"RCP8.5","period":"2085","key":"pr","value":1.8,"estimate":"q50","season":"JJA"},{"bfs_id":6643,"rcp":"RCP8.5","period":"2085","key":"pr","value":3.1,"estimate":"q50","season":"SON"},{"bfs_id":6643,"rcp":"RCP8.5","period":"2085","key":"pr","value":3.8,"estimate":"q95","season":"DJF"},{"bfs_id":6643,"rcp":"RCP8.5","period":"2085","key":"pr","value":3.1,"estimate":"q95","season":"MAM"},{"bfs_id":6643,"rcp":"RCP8.5","period":"2085","key":"pr","value":2.3,"estimate":"q95","season":"JJA"},{"bfs_id":6643,"rcp":"RCP8.5","period":"2085","key":"pr","value":3.6,"estimate":"q95","season":"SON"},{"bfs_id":6643,"rcp":"RCP2.6","period":"2035","key":"tas","value":3,"estimate":"q5","season":"DJF"},{"bfs_id":6643,"rcp":"RCP2.6","period":"2035","key":"tas","value":10.3,"estimate":"q5","season":"MAM"},{"bfs_id":6643,"rcp":"RCP2.6","period":"2035","key":"tas","value":19.6,"estimate":"q5","season":"JJA"},{"bfs_id":6643,"rcp":"RCP2.6","period":"2035","key":"tas","value":11.5,"estimate":"q5","season":"SON"},{"bfs_id":6643,"rcp":"RCP2.6","period":"2035","key":"tas","value":3.3,"estimate":"q50","season":"DJF"},{"bfs_id":6643,"rcp":"RCP2.6","period":"2035","key":"tas","value":10.8,"estimate":"q50","season":"MAM"},{"bfs_id":6643,"rcp":"RCP2.6","period":"2035","key":"tas","value":20.3,"estimate":"q50","season":"JJA"},{"bfs_id":6643,"rcp":"RCP2.6","period":"2035","key":"tas","value":11.8,"estimate":"q50","season":"SON"},{"bfs_id":6643,"rcp":"RCP2.6","period":"2035","key":"tas","value":4,"estimate":"q95","season":"DJF"},{"bfs_id":6643,"rcp":"RCP2.6","period":"2035","key":"tas","value":11.1,"estimate":"q95","season":"MAM"},{"bfs_id":6643,"rcp":"RCP2.6","period":"2035","key":"tas","value":21,"estimate":"q95","season":"JJA"},{"bfs_id":6643,"rcp":"RCP2.6","period":"2035","key":"tas","value":12.6,"estimate":"q95","season":"SON"},{"bfs_id":6643,"rcp":"RCP2.6","period":"2060","key":"tas","value":3,"estimate":"q5","season":"DJF"},{"bfs_id":6643,"rcp":"RCP2.6","period":"2060","key":"tas","value":10.2,"estimate":"q5","season":"MAM"},{"bfs_id":6643,"rcp":"RCP2.6","period":"2060","key":"tas","value":19.9,"estimate":"q5","season":"JJA"},{"bfs_id":6643,"rcp":"RCP2.6","period":"2060","key":"tas","value":11.7,"estimate":"q5","season":"SON"},{"bfs_id":6643,"rcp":"RCP2.6","period":"2060","key":"tas","value":3.7,"estimate":"q50","season":"DJF"},{"bfs_id":6643,"rcp":"RCP2.6","period":"2060","key":"tas","value":10.8,"estimate":"q50","season":"MAM"},{"bfs_id":6643,"rcp":"RCP2.6","period":"2060","key":"tas","value":20.4,"estimate":"q50","season":"JJA"},{"bfs_id":6643,"rcp":"RCP2.6","period":"2060","key":"tas","value":12.1,"estimate":"q50","season":"SON"},{"bfs_id":6643,"rcp":"RCP2.6","period":"2060","key":"tas","value":4.2,"estimate":"q95","season":"DJF"},{"bfs_id":6643,"rcp":"RCP2.6","period":"2060","key":"tas","value":11.3,"estimate":"q95","season":"MAM"},{"bfs_id":6643,"rcp":"RCP2.6","period":"2060","key":"tas","value":21.1,"estimate":"q95","season":"JJA"},{"bfs_id":6643,"rcp":"RCP2.6","period":"2060","key":"tas","value":13.1,"estimate":"q95","season":"SON"},{"bfs_id":6643,"rcp":"RCP2.6","period":"2085","key":"tas","value":3,"estimate":"q5","season":"DJF"},{"bfs_id":6643,"rcp":"RCP2.6","period":"2085","key":"tas","value":10.2,"estimate":"q5","season":"MAM"},{"bfs_id":6643,"rcp":"RCP2.6","period":"2085","key":"tas","value":19.8,"estimate":"q5","season":"JJA"},{"bfs_id":6643,"rcp":"RCP2.6","period":"2085","key":"tas","value":11.5,"estimate":"q5","season":"SON"},{"bfs_id":6643,"rcp":"RCP2.6","period":"2085","key":"tas","value":3.6,"estimate":"q50","season":"DJF"},{"bfs_id":6643,"rcp":"RCP2.6","period":"2085","key":"tas","value":10.9,"estimate":"q50","season":"MAM"},{"bfs_id":6643,"rcp":"RCP2.6","period":"2085","key":"tas","value":20.4,"estimate":"q50","season":"JJA"},{"bfs_id":6643,"rcp":"RCP2.6","period":"2085","key":"tas","value":12.2,"estimate":"q50","season":"SON"},{"bfs_id":6643,"rcp":"RCP2.6","period":"2085","key":"tas","value":4.3,"estimate":"q95","season":"DJF"},{"bfs_id":6643,"rcp":"RCP2.6","period":"2085","key":"tas","value":11.4,"estimate":"q95","season":"MAM"},{"bfs_id":6643,"rcp":"RCP2.6","period":"2085","key":"tas","value":21,"estimate":"q95","season":"JJA"},{"bfs_id":6643,"rcp":"RCP2.6","period":"2085","key":"tas","value":12.9,"estimate":"q95","season":"SON"},{"bfs_id":6643,"rcp":"RCP8.5","period":"2035","key":"tas","value":3,"estimate":"q5","season":"DJF"},{"bfs_id":6643,"rcp":"RCP8.5","period":"2035","key":"tas","value":10.4,"estimate":"q5","season":"MAM"},{"bfs_id":6643,"rcp":"RCP8.5","period":"2035","key":"tas","value":20.1,"estimate":"q5","season":"JJA"},{"bfs_id":6643,"rcp":"RCP8.5","period":"2035","key":"tas","value":11.8,"estimate":"q5","season":"SON"},{"bfs_id":6643,"rcp":"RCP8.5","period":"2035","key":"tas","value":3.7,"estimate":"q50","season":"DJF"},{"bfs_id":6643,"rcp":"RCP8.5","period":"2035","key":"tas","value":10.8,"estimate":"q50","season":"MAM"},{"bfs_id":6643,"rcp":"RCP8.5","period":"2035","key":"tas","value":20.6,"estimate":"q50","season":"JJA"},{"bfs_id":6643,"rcp":"RCP8.5","period":"2035","key":"tas","value":12.2,"estimate":"q50","season":"SON"},{"bfs_id":6643,"rcp":"RCP8.5","period":"2035","key":"tas","value":4.1,"estimate":"q95","season":"DJF"},{"bfs_id":6643,"rcp":"RCP8.5","period":"2035","key":"tas","value":11.3,"estimate":"q95","season":"MAM"},{"bfs_id":6643,"rcp":"RCP8.5","period":"2035","key":"tas","value":21.1,"estimate":"q95","season":"JJA"},{"bfs_id":6643,"rcp":"RCP8.5","period":"2035","key":"tas","value":13,"estimate":"q95","season":"SON"},{"bfs_id":6643,"rcp":"RCP8.5","period":"2060","key":"tas","value":4.1,"estimate":"q5","season":"DJF"},{"bfs_id":6643,"rcp":"RCP8.5","period":"2060","key":"tas","value":11.2,"estimate":"q5","season":"MAM"},{"bfs_id":6643,"rcp":"RCP8.5","period":"2060","key":"tas","value":21.3,"estimate":"q5","season":"JJA"},{"bfs_id":6643,"rcp":"RCP8.5","period":"2060","key":"tas","value":12.9,"estimate":"q5","season":"SON"},{"bfs_id":6643,"rcp":"RCP8.5","period":"2060","key":"tas","value":4.6,"estimate":"q50","season":"DJF"},{"bfs_id":6643,"rcp":"RCP8.5","period":"2060","key":"tas","value":11.7,"estimate":"q50","season":"MAM"},{"bfs_id":6643,"rcp":"RCP8.5","period":"2060","key":"tas","value":21.8,"estimate":"q50","season":"JJA"},{"bfs_id":6643,"rcp":"RCP8.5","period":"2060","key":"tas","value":13.5,"estimate":"q50","season":"SON"},{"bfs_id":6643,"rcp":"RCP8.5","period":"2060","key":"tas","value":5.1,"estimate":"q95","season":"DJF"},{"bfs_id":6643,"rcp":"RCP8.5","period":"2060","key":"tas","value":12.4,"estimate":"q95","season":"MAM"},{"bfs_id":6643,"rcp":"RCP8.5","period":"2060","key":"tas","value":22.9,"estimate":"q95","season":"JJA"},{"bfs_id":6643,"rcp":"RCP8.5","period":"2060","key":"tas","value":14.3,"estimate":"q95","season":"SON"},{"bfs_id":6643,"rcp":"RCP8.5","period":"2085","key":"tas","value":5.2,"estimate":"q5","season":"DJF"},{"bfs_id":6643,"rcp":"RCP8.5","period":"2085","key":"tas","value":12.1,"estimate":"q5","season":"MAM"},{"bfs_id":6643,"rcp":"RCP8.5","period":"2085","key":"tas","value":22.7,"estimate":"q5","season":"JJA"},{"bfs_id":6643,"rcp":"RCP8.5","period":"2085","key":"tas","value":13.9,"estimate":"q5","season":"SON"},{"bfs_id":6643,"rcp":"RCP8.5","period":"2085","key":"tas","value":6.2,"estimate":"q50","season":"DJF"},{"bfs_id":6643,"rcp":"RCP8.5","period":"2085","key":"tas","value":13.1,"estimate":"q50","season":"MAM"},{"bfs_id":6643,"rcp":"RCP8.5","period":"2085","key":"tas","value":23.6,"estimate":"q50","season":"JJA"},{"bfs_id":6643,"rcp":"RCP8.5","period":"2085","key":"tas","value":14.9,"estimate":"q50","season":"SON"},{"bfs_id":6643,"rcp":"RCP8.5","period":"2085","key":"tas","value":6.9,"estimate":"q95","season":"DJF"},{"bfs_id":6643,"rcp":"RCP8.5","period":"2085","key":"tas","value":14.2,"estimate":"q95","season":"MAM"},{"bfs_id":6643,"rcp":"RCP8.5","period":"2085","key":"tas","value":25.8,"estimate":"q95","season":"JJA"},{"bfs_id":6643,"rcp":"RCP8.5","period":"2085","key":"tas","value":16.3,"estimate":"q95","season":"SON"},{"bfs_id":6643,"rcp":"obs","period":"1981-2010","key":"FD","value":71.2,"estimate":"yearly_mean"},{"bfs_id":6643,"rcp":"obs","period":"1981-2010","key":"HD","value":14.2,"estimate":"yearly_mean"},{"bfs_id":6643,"rcp":"obs","period":"1981-2010","key":"ID","value":8.9,"estimate":"yearly_mean"},{"bfs_id":6643,"rcp":"obs","period":"1981-2010","key":"SD","value":59,"estimate":"yearly_mean"},{"bfs_id":6643,"rcp":"obs","period":"1981-2010","key":"snowdays","value":8.6,"estimate":"yearly_mean"},{"bfs_id":6643,"rcp":"obs","period":"1981-2010","key":"TN","value":0.6,"estimate":"yearly_mean"},{"bfs_id":6643,"rcp":"obs","period":"1981-2010","key":"pr","value":2.4,"estimate":"mean","season":"DJF"},{"bfs_id":6643,"rcp":"obs","period":"1981-2010","key":"pr","value":2.4,"estimate":"mean","season":"MAM"},{"bfs_id":6643,"rcp":"obs","period":"1981-2010","key":"pr","value":2.6,"estimate":"mean","season":"JJA"},{"bfs_id":6643,"rcp":"obs","period":"1981-2010","key":"pr","value":3.1,"estimate":"mean","season":"SON"},{"bfs_id":6643,"rcp":"obs","period":"1981-2010","key":"tas","value":2.3,"estimate":"mean","season":"DJF"},{"bfs_id":6643,"rcp":"obs","period":"1981-2010","key":"tas","value":10.1,"estimate":"mean","season":"MAM"},{"bfs_id":6643,"rcp":"obs","period":"1981-2010","key":"tas","value":19.2,"estimate":"mean","season":"JJA"},{"bfs_id":6643,"rcp":"obs","period":"1981-2010","key":"tas","value":10.7,"estimate":"mean","season":"SON"}]
