[{"bfs_id":980,"rcp":"RCP2.6","period":"2035","key":"FD","value":66.7,"estimate":"q5"},{"bfs_id":980,"rcp":"RCP2.6","period":"2035","key":"FD","value":78.5,"estimate":"q50"},{"bfs_id":980,"rcp":"RCP2.6","period":"2035","key":"FD","value":84.3,"estimate":"q95"},{"bfs_id":980,"rcp":"RCP2.6","period":"2060","key":"FD","value":65,"estimate":"q5"},{"bfs_id":980,"rcp":"RCP2.6","period":"2060","key":"FD","value":74,"estimate":"q50"},{"bfs_id":980,"rcp":"RCP2.6","period":"2060","key":"FD","value":81.8,"estimate":"q95"},{"bfs_id":980,"rcp":"RCP2.6","period":"2085","key":"FD","value":65.2,"estimate":"q5"},{"bfs_id":980,"rcp":"RCP2.6","period":"2085","key":"FD","value":73.9,"estimate":"q50"},{"bfs_id":980,"rcp":"RCP2.6","period":"2085","key":"FD","value":82.5,"estimate":"q95"},{"bfs_id":980,"rcp":"RCP8.5","period":"2035","key":"FD","value":63.7,"estimate":"q5"},{"bfs_id":980,"rcp":"RCP8.5","period":"2035","key":"FD","value":74.2,"estimate":"q50"},{"bfs_id":980,"rcp":"RCP8.5","period":"2035","key":"FD","value":80.1,"estimate":"q95"},{"bfs_id":980,"rcp":"RCP8.5","period":"2060","key":"FD","value":52.4,"estimate":"q5"},{"bfs_id":980,"rcp":"RCP8.5","period":"2060","key":"FD","value":59.9,"estimate":"q50"},{"bfs_id":980,"rcp":"RCP8.5","period":"2060","key":"FD","value":67.2,"estimate":"q95"},{"bfs_id":980,"rcp":"RCP8.5","period":"2085","key":"FD","value":33.5,"estimate":"q5"},{"bfs_id":980,"rcp":"RCP8.5","period":"2085","key":"FD","value":39.2,"estimate":"q50"},{"bfs_id":980,"rcp":"RCP8.5","period":"2085","key":"FD","value":51.4,"estimate":"q95"},{"bfs_id":980,"rcp":"RCP2.6","period":"2035","key":"HD","value":11.5,"estimate":"q5"},{"bfs_id":980,"rcp":"RCP2.6","period":"2035","key":"HD","value":15.2,"estimate":"q50"},{"bfs_id":980,"rcp":"RCP2.6","period":"2035","key":"HD","value":20.2,"estimate":"q95"},{"bfs_id":980,"rcp":"RCP2.6","period":"2060","key":"HD","value":12.4,"estimate":"q5"},{"bfs_id":980,"rcp":"RCP2.6","period":"2060","key":"HD","value":15.3,"estimate":"q50"},{"bfs_id":980,"rcp":"RCP2.6","period":"2060","key":"HD","value":23.2,"estimate":"q95"},{"bfs_id":980,"rcp":"RCP2.6","period":"2085","key":"HD","value":12,"estimate":"q5"},{"bfs_id":980,"rcp":"RCP2.6","period":"2085","key":"HD","value":14.4,"estimate":"q50"},{"bfs_id":980,"rcp":"RCP2.6","period":"2085","key":"HD","value":22.4,"estimate":"q95"},{"bfs_id":980,"rcp":"RCP8.5","period":"2035","key":"HD","value":12.2,"estimate":"q5"},{"bfs_id":980,"rcp":"RCP8.5","period":"2035","key":"HD","value":16,"estimate":"q50"},{"bfs_id":980,"rcp":"RCP8.5","period":"2035","key":"HD","value":22.7,"estimate":"q95"},{"bfs_id":980,"rcp":"RCP8.5","period":"2060","key":"HD","value":19.4,"estimate":"q5"},{"bfs_id":980,"rcp":"RCP8.5","period":"2060","key":"HD","value":26,"estimate":"q50"},{"bfs_id":980,"rcp":"RCP8.5","period":"2060","key":"HD","value":38.5,"estimate":"q95"},{"bfs_id":980,"rcp":"RCP8.5","period":"2085","key":"HD","value":34.3,"estimate":"q5"},{"bfs_id":980,"rcp":"RCP8.5","period":"2085","key":"HD","value":39.6,"estimate":"q50"},{"bfs_id":980,"rcp":"RCP8.5","period":"2085","key":"HD","value":65.8,"estimate":"q95"},{"bfs_id":980,"rcp":"RCP2.6","period":"2035","key":"ID","value":11,"estimate":"q5"},{"bfs_id":980,"rcp":"RCP2.6","period":"2035","key":"ID","value":14.5,"estimate":"q50"},{"bfs_id":980,"rcp":"RCP2.6","period":"2035","key":"ID","value":17.5,"estimate":"q95"},{"bfs_id":980,"rcp":"RCP2.6","period":"2060","key":"ID","value":10.1,"estimate":"q5"},{"bfs_id":980,"rcp":"RCP2.6","period":"2060","key":"ID","value":14,"estimate":"q50"},{"bfs_id":980,"rcp":"RCP2.6","period":"2060","key":"ID","value":16.7,"estimate":"q95"},{"bfs_id":980,"rcp":"RCP2.6","period":"2085","key":"ID","value":10.4,"estimate":"q5"},{"bfs_id":980,"rcp":"RCP2.6","period":"2085","key":"ID","value":13.7,"estimate":"q50"},{"bfs_id":980,"rcp":"RCP2.6","period":"2085","key":"ID","value":16.6,"estimate":"q95"},{"bfs_id":980,"rcp":"RCP8.5","period":"2035","key":"ID","value":10.8,"estimate":"q5"},{"bfs_id":980,"rcp":"RCP8.5","period":"2035","key":"ID","value":12.5,"estimate":"q50"},{"bfs_id":980,"rcp":"RCP8.5","period":"2035","key":"ID","value":17.4,"estimate":"q95"},{"bfs_id":980,"rcp":"RCP8.5","period":"2060","key":"ID","value":7.3,"estimate":"q5"},{"bfs_id":980,"rcp":"RCP8.5","period":"2060","key":"ID","value":9.7,"estimate":"q50"},{"bfs_id":980,"rcp":"RCP8.5","period":"2060","key":"ID","value":11.6,"estimate":"q95"},{"bfs_id":980,"rcp":"RCP8.5","period":"2085","key":"ID","value":2.1,"estimate":"q5"},{"bfs_id":980,"rcp":"RCP8.5","period":"2085","key":"ID","value":4.4,"estimate":"q50"},{"bfs_id":980,"rcp":"RCP8.5","period":"2085","key":"ID","value":6.6,"estimate":"q95"},{"bfs_id":980,"rcp":"RCP2.6","period":"2035","key":"SD","value":53.4,"estimate":"q5"},{"bfs_id":980,"rcp":"RCP2.6","period":"2035","key":"SD","value":59.6,"estimate":"q50"},{"bfs_id":980,"rcp":"RCP2.6","period":"2035","key":"SD","value":67.4,"estimate":"q95"},{"bfs_id":980,"rcp":"RCP2.6","period":"2060","key":"SD","value":54,"estimate":"q5"},{"bfs_id":980,"rcp":"RCP2.6","period":"2060","key":"SD","value":60.9,"estimate":"q50"},{"bfs_id":980,"rcp":"RCP2.6","period":"2060","key":"SD","value":67,"estimate":"q95"},{"bfs_id":980,"rcp":"RCP2.6","period":"2085","key":"SD","value":53.4,"estimate":"q5"},{"bfs_id":980,"rcp":"RCP2.6","period":"2085","key":"SD","value":61.1,"estimate":"q50"},{"bfs_id":980,"rcp":"RCP2.6","period":"2085","key":"SD","value":66.5,"estimate":"q95"},{"bfs_id":980,"rcp":"RCP8.5","period":"2035","key":"SD","value":55.8,"estimate":"q5"},{"bfs_id":980,"rcp":"RCP8.5","period":"2035","key":"SD","value":61.8,"estimate":"q50"},{"bfs_id":980,"rcp":"RCP8.5","period":"2035","key":"SD","value":67.7,"estimate":"q95"},{"bfs_id":980,"rcp":"RCP8.5","period":"2060","key":"SD","value":71.4,"estimate":"q5"},{"bfs_id":980,"rcp":"RCP8.5","period":"2060","key":"SD","value":76.6,"estimate":"q50"},{"bfs_id":980,"rcp":"RCP8.5","period":"2060","key":"SD","value":91.8,"estimate":"q95"},{"bfs_id":980,"rcp":"RCP8.5","period":"2085","key":"SD","value":87,"estimate":"q5"},{"bfs_id":980,"rcp":"RCP8.5","period":"2085","key":"SD","value":100.2,"estimate":"q50"},{"bfs_id":980,"rcp":"RCP8.5","period":"2085","key":"SD","value":117.2,"estimate":"q95"},{"bfs_id":980,"rcp":"RCP2.6","period":"2035","key":"snowdays","value":15.1,"estimate":"q5"},{"bfs_id":980,"rcp":"RCP2.6","period":"2035","key":"snowdays","value":19.6,"estimate":"q50"},{"bfs_id":980,"rcp":"RCP2.6","period":"2035","key":"snowdays","value":21.9,"estimate":"q95"},{"bfs_id":980,"rcp":"RCP2.6","period":"2060","key":"snowdays","value":14.3,"estimate":"q5"},{"bfs_id":980,"rcp":"RCP2.6","period":"2060","key":"snowdays","value":18.2,"estimate":"q50"},{"bfs_id":980,"rcp":"RCP2.6","period":"2060","key":"snowdays","value":22.8,"estimate":"q95"},{"bfs_id":980,"rcp":"RCP2.6","period":"2085","key":"snowdays","value":14.5,"estimate":"q5"},{"bfs_id":980,"rcp":"RCP2.6","period":"2085","key":"snowdays","value":18.3,"estimate":"q50"},{"bfs_id":980,"rcp":"RCP2.6","period":"2085","key":"snowdays","value":21.9,"estimate":"q95"},{"bfs_id":980,"rcp":"RCP8.5","period":"2035","key":"snowdays","value":12.9,"estimate":"q5"},{"bfs_id":980,"rcp":"RCP8.5","period":"2035","key":"snowdays","value":18.4,"estimate":"q50"},{"bfs_id":980,"rcp":"RCP8.5","period":"2035","key":"snowdays","value":21.7,"estimate":"q95"},{"bfs_id":980,"rcp":"RCP8.5","period":"2060","key":"snowdays","value":9.7,"estimate":"q5"},{"bfs_id":980,"rcp":"RCP8.5","period":"2060","key":"snowdays","value":14,"estimate":"q50"},{"bfs_id":980,"rcp":"RCP8.5","period":"2060","key":"snowdays","value":16,"estimate":"q95"},{"bfs_id":980,"rcp":"RCP8.5","period":"2085","key":"snowdays","value":4.3,"estimate":"q5"},{"bfs_id":980,"rcp":"RCP8.5","period":"2085","key":"snowdays","value":8,"estimate":"q50"},{"bfs_id":980,"rcp":"RCP8.5","period":"2085","key":"snowdays","value":12.1,"estimate":"q95"},{"bfs_id":980,"rcp":"RCP2.6","period":"2035","key":"TN","value":0,"estimate":"q5"},{"bfs_id":980,"rcp":"RCP2.6","period":"2035","key":"TN","value":0.3,"estimate":"q50"},{"bfs_id":980,"rcp":"RCP2.6","period":"2035","key":"TN","value":0.6,"estimate":"q95"},{"bfs_id":980,"rcp":"RCP2.6","period":"2060","key":"TN","value":0.1,"estimate":"q5"},{"bfs_id":980,"rcp":"RCP2.6","period":"2060","key":"TN","value":0.4,"estimate":"q50"},{"bfs_id":980,"rcp":"RCP2.6","period":"2060","key":"TN","value":0.9,"estimate":"q95"},{"bfs_id":980,"rcp":"RCP2.6","period":"2085","key":"TN","value":0.1,"estimate":"q5"},{"bfs_id":980,"rcp":"RCP2.6","period":"2085","key":"TN","value":0.4,"estimate":"q50"},{"bfs_id":980,"rcp":"RCP2.6","period":"2085","key":"TN","value":0.9,"estimate":"q95"},{"bfs_id":980,"rcp":"RCP8.5","period":"2035","key":"TN","value":0.2,"estimate":"q5"},{"bfs_id":980,"rcp":"RCP8.5","period":"2035","key":"TN","value":0.4,"estimate":"q50"},{"bfs_id":980,"rcp":"RCP8.5","period":"2035","key":"TN","value":1.6,"estimate":"q95"},{"bfs_id":980,"rcp":"RCP8.5","period":"2060","key":"TN","value":0.8,"estimate":"q5"},{"bfs_id":980,"rcp":"RCP8.5","period":"2060","key":"TN","value":2.3,"estimate":"q50"},{"bfs_id":980,"rcp":"RCP8.5","period":"2060","key":"TN","value":5.7,"estimate":"q95"},{"bfs_id":980,"rcp":"RCP8.5","period":"2085","key":"TN","value":4.3,"estimate":"q5"},{"bfs_id":980,"rcp":"RCP8.5","period":"2085","key":"TN","value":7.8,"estimate":"q50"},{"bfs_id":980,"rcp":"RCP8.5","period":"2085","key":"TN","value":22.4,"estimate":"q95"},{"bfs_id":980,"rcp":"RCP2.6","period":"2035","key":"pr","value":2.7,"estimate":"q5","season":"DJF"},{"bfs_id":980,"rcp":"RCP2.6","period":"2035","key":"pr","value":2.8,"estimate":"q5","season":"MAM"},{"bfs_id":980,"rcp":"RCP2.6","period":"2035","key":"pr","value":3,"estimate":"q5","season":"JJA"},{"bfs_id":980,"rcp":"RCP2.6","period":"2035","key":"pr","value":2.7,"estimate":"q5","season":"SON"},{"bfs_id":980,"rcp":"RCP2.6","period":"2035","key":"pr","value":3.1,"estimate":"q50","season":"DJF"},{"bfs_id":980,"rcp":"RCP2.6","period":"2035","key":"pr","value":3.1,"estimate":"q50","season":"MAM"},{"bfs_id":980,"rcp":"RCP2.6","period":"2035","key":"pr","value":3.5,"estimate":"q50","season":"JJA"},{"bfs_id":980,"rcp":"RCP2.6","period":"2035","key":"pr","value":3,"estimate":"q50","season":"SON"},{"bfs_id":980,"rcp":"RCP2.6","period":"2035","key":"pr","value":3.6,"estimate":"q95","season":"DJF"},{"bfs_id":980,"rcp":"RCP2.6","period":"2035","key":"pr","value":3.4,"estimate":"q95","season":"MAM"},{"bfs_id":980,"rcp":"RCP2.6","period":"2035","key":"pr","value":3.9,"estimate":"q95","season":"JJA"},{"bfs_id":980,"rcp":"RCP2.6","period":"2035","key":"pr","value":3.6,"estimate":"q95","season":"SON"},{"bfs_id":980,"rcp":"RCP2.6","period":"2060","key":"pr","value":2.8,"estimate":"q5","season":"DJF"},{"bfs_id":980,"rcp":"RCP2.6","period":"2060","key":"pr","value":2.9,"estimate":"q5","season":"MAM"},{"bfs_id":980,"rcp":"RCP2.6","period":"2060","key":"pr","value":2.8,"estimate":"q5","season":"JJA"},{"bfs_id":980,"rcp":"RCP2.6","period":"2060","key":"pr","value":2.8,"estimate":"q5","season":"SON"},{"bfs_id":980,"rcp":"RCP2.6","period":"2060","key":"pr","value":3.1,"estimate":"q50","season":"DJF"},{"bfs_id":980,"rcp":"RCP2.6","period":"2060","key":"pr","value":3.1,"estimate":"q50","season":"MAM"},{"bfs_id":980,"rcp":"RCP2.6","period":"2060","key":"pr","value":3.4,"estimate":"q50","season":"JJA"},{"bfs_id":980,"rcp":"RCP2.6","period":"2060","key":"pr","value":3,"estimate":"q50","season":"SON"},{"bfs_id":980,"rcp":"RCP2.6","period":"2060","key":"pr","value":3.4,"estimate":"q95","season":"DJF"},{"bfs_id":980,"rcp":"RCP2.6","period":"2060","key":"pr","value":3.4,"estimate":"q95","season":"MAM"},{"bfs_id":980,"rcp":"RCP2.6","period":"2060","key":"pr","value":3.9,"estimate":"q95","season":"JJA"},{"bfs_id":980,"rcp":"RCP2.6","period":"2060","key":"pr","value":3.5,"estimate":"q95","season":"SON"},{"bfs_id":980,"rcp":"RCP2.6","period":"2085","key":"pr","value":2.8,"estimate":"q5","season":"DJF"},{"bfs_id":980,"rcp":"RCP2.6","period":"2085","key":"pr","value":2.9,"estimate":"q5","season":"MAM"},{"bfs_id":980,"rcp":"RCP2.6","period":"2085","key":"pr","value":2.8,"estimate":"q5","season":"JJA"},{"bfs_id":980,"rcp":"RCP2.6","period":"2085","key":"pr","value":2.7,"estimate":"q5","season":"SON"},{"bfs_id":980,"rcp":"RCP2.6","period":"2085","key":"pr","value":3.1,"estimate":"q50","season":"DJF"},{"bfs_id":980,"rcp":"RCP2.6","period":"2085","key":"pr","value":3.1,"estimate":"q50","season":"MAM"},{"bfs_id":980,"rcp":"RCP2.6","period":"2085","key":"pr","value":3.5,"estimate":"q50","season":"JJA"},{"bfs_id":980,"rcp":"RCP2.6","period":"2085","key":"pr","value":3,"estimate":"q50","season":"SON"},{"bfs_id":980,"rcp":"RCP2.6","period":"2085","key":"pr","value":3.5,"estimate":"q95","season":"DJF"},{"bfs_id":980,"rcp":"RCP2.6","period":"2085","key":"pr","value":3.4,"estimate":"q95","season":"MAM"},{"bfs_id":980,"rcp":"RCP2.6","period":"2085","key":"pr","value":3.9,"estimate":"q95","season":"JJA"},{"bfs_id":980,"rcp":"RCP2.6","period":"2085","key":"pr","value":3.5,"estimate":"q95","season":"SON"},{"bfs_id":980,"rcp":"RCP8.5","period":"2035","key":"pr","value":2.8,"estimate":"q5","season":"DJF"},{"bfs_id":980,"rcp":"RCP8.5","period":"2035","key":"pr","value":3,"estimate":"q5","season":"MAM"},{"bfs_id":980,"rcp":"RCP8.5","period":"2035","key":"pr","value":2.8,"estimate":"q5","season":"JJA"},{"bfs_id":980,"rcp":"RCP8.5","period":"2035","key":"pr","value":2.7,"estimate":"q5","season":"SON"},{"bfs_id":980,"rcp":"RCP8.5","period":"2035","key":"pr","value":3.3,"estimate":"q50","season":"DJF"},{"bfs_id":980,"rcp":"RCP8.5","period":"2035","key":"pr","value":3.3,"estimate":"q50","season":"MAM"},{"bfs_id":980,"rcp":"RCP8.5","period":"2035","key":"pr","value":3.5,"estimate":"q50","season":"JJA"},{"bfs_id":980,"rcp":"RCP8.5","period":"2035","key":"pr","value":3.2,"estimate":"q50","season":"SON"},{"bfs_id":980,"rcp":"RCP8.5","period":"2035","key":"pr","value":3.5,"estimate":"q95","season":"DJF"},{"bfs_id":980,"rcp":"RCP8.5","period":"2035","key":"pr","value":3.5,"estimate":"q95","season":"MAM"},{"bfs_id":980,"rcp":"RCP8.5","period":"2035","key":"pr","value":3.8,"estimate":"q95","season":"JJA"},{"bfs_id":980,"rcp":"RCP8.5","period":"2035","key":"pr","value":3.4,"estimate":"q95","season":"SON"},{"bfs_id":980,"rcp":"RCP8.5","period":"2060","key":"pr","value":3,"estimate":"q5","season":"DJF"},{"bfs_id":980,"rcp":"RCP8.5","period":"2060","key":"pr","value":3.1,"estimate":"q5","season":"MAM"},{"bfs_id":980,"rcp":"RCP8.5","period":"2060","key":"pr","value":2.5,"estimate":"q5","season":"JJA"},{"bfs_id":980,"rcp":"RCP8.5","period":"2060","key":"pr","value":2.7,"estimate":"q5","season":"SON"},{"bfs_id":980,"rcp":"RCP8.5","period":"2060","key":"pr","value":3.3,"estimate":"q50","season":"DJF"},{"bfs_id":980,"rcp":"RCP8.5","period":"2060","key":"pr","value":3.3,"estimate":"q50","season":"MAM"},{"bfs_id":980,"rcp":"RCP8.5","period":"2060","key":"pr","value":3.4,"estimate":"q50","season":"JJA"},{"bfs_id":980,"rcp":"RCP8.5","period":"2060","key":"pr","value":3.1,"estimate":"q50","season":"SON"},{"bfs_id":980,"rcp":"RCP8.5","period":"2060","key":"pr","value":3.6,"estimate":"q95","season":"DJF"},{"bfs_id":980,"rcp":"RCP8.5","period":"2060","key":"pr","value":3.7,"estimate":"q95","season":"MAM"},{"bfs_id":980,"rcp":"RCP8.5","period":"2060","key":"pr","value":3.7,"estimate":"q95","season":"JJA"},{"bfs_id":980,"rcp":"RCP8.5","period":"2060","key":"pr","value":3.5,"estimate":"q95","season":"SON"},{"bfs_id":980,"rcp":"RCP8.5","period":"2085","key":"pr","value":3.2,"estimate":"q5","season":"DJF"},{"bfs_id":980,"rcp":"RCP8.5","period":"2085","key":"pr","value":3,"estimate":"q5","season":"MAM"},{"bfs_id":980,"rcp":"RCP8.5","period":"2085","key":"pr","value":2,"estimate":"q5","season":"JJA"},{"bfs_id":980,"rcp":"RCP8.5","period":"2085","key":"pr","value":2.6,"estimate":"q5","season":"SON"},{"bfs_id":980,"rcp":"RCP8.5","period":"2085","key":"pr","value":3.6,"estimate":"q50","season":"DJF"},{"bfs_id":980,"rcp":"RCP8.5","period":"2085","key":"pr","value":3.5,"estimate":"q50","season":"MAM"},{"bfs_id":980,"rcp":"RCP8.5","period":"2085","key":"pr","value":2.9,"estimate":"q50","season":"JJA"},{"bfs_id":980,"rcp":"RCP8.5","period":"2085","key":"pr","value":3.1,"estimate":"q50","season":"SON"},{"bfs_id":980,"rcp":"RCP8.5","period":"2085","key":"pr","value":4,"estimate":"q95","season":"DJF"},{"bfs_id":980,"rcp":"RCP8.5","period":"2085","key":"pr","value":3.9,"estimate":"q95","season":"MAM"},{"bfs_id":980,"rcp":"RCP8.5","period":"2085","key":"pr","value":3.5,"estimate":"q95","season":"JJA"},{"bfs_id":980,"rcp":"RCP8.5","period":"2085","key":"pr","value":3.6,"estimate":"q95","season":"SON"},{"bfs_id":980,"rcp":"RCP2.6","period":"2035","key":"tas","value":1.2,"estimate":"q5","season":"DJF"},{"bfs_id":980,"rcp":"RCP2.6","period":"2035","key":"tas","value":8.9,"estimate":"q5","season":"MAM"},{"bfs_id":980,"rcp":"RCP2.6","period":"2035","key":"tas","value":18.1,"estimate":"q5","season":"JJA"},{"bfs_id":980,"rcp":"RCP2.6","period":"2035","key":"tas","value":9.9,"estimate":"q5","season":"SON"},{"bfs_id":980,"rcp":"RCP2.6","period":"2035","key":"tas","value":1.7,"estimate":"q50","season":"DJF"},{"bfs_id":980,"rcp":"RCP2.6","period":"2035","key":"tas","value":9.5,"estimate":"q50","season":"MAM"},{"bfs_id":980,"rcp":"RCP2.6","period":"2035","key":"tas","value":18.6,"estimate":"q50","season":"JJA"},{"bfs_id":980,"rcp":"RCP2.6","period":"2035","key":"tas","value":10.2,"estimate":"q50","season":"SON"},{"bfs_id":980,"rcp":"RCP2.6","period":"2035","key":"tas","value":2.5,"estimate":"q95","season":"DJF"},{"bfs_id":980,"rcp":"RCP2.6","period":"2035","key":"tas","value":9.8,"estimate":"q95","season":"MAM"},{"bfs_id":980,"rcp":"RCP2.6","period":"2035","key":"tas","value":19.2,"estimate":"q95","season":"JJA"},{"bfs_id":980,"rcp":"RCP2.6","period":"2035","key":"tas","value":11.1,"estimate":"q95","season":"SON"},{"bfs_id":980,"rcp":"RCP2.6","period":"2060","key":"tas","value":1.3,"estimate":"q5","season":"DJF"},{"bfs_id":980,"rcp":"RCP2.6","period":"2060","key":"tas","value":8.8,"estimate":"q5","season":"MAM"},{"bfs_id":980,"rcp":"RCP2.6","period":"2060","key":"tas","value":18.3,"estimate":"q5","season":"JJA"},{"bfs_id":980,"rcp":"RCP2.6","period":"2060","key":"tas","value":10.2,"estimate":"q5","season":"SON"},{"bfs_id":980,"rcp":"RCP2.6","period":"2060","key":"tas","value":2,"estimate":"q50","season":"DJF"},{"bfs_id":980,"rcp":"RCP2.6","period":"2060","key":"tas","value":9.4,"estimate":"q50","season":"MAM"},{"bfs_id":980,"rcp":"RCP2.6","period":"2060","key":"tas","value":18.8,"estimate":"q50","season":"JJA"},{"bfs_id":980,"rcp":"RCP2.6","period":"2060","key":"tas","value":10.5,"estimate":"q50","season":"SON"},{"bfs_id":980,"rcp":"RCP2.6","period":"2060","key":"tas","value":2.6,"estimate":"q95","season":"DJF"},{"bfs_id":980,"rcp":"RCP2.6","period":"2060","key":"tas","value":9.9,"estimate":"q95","season":"MAM"},{"bfs_id":980,"rcp":"RCP2.6","period":"2060","key":"tas","value":19.3,"estimate":"q95","season":"JJA"},{"bfs_id":980,"rcp":"RCP2.6","period":"2060","key":"tas","value":11.5,"estimate":"q95","season":"SON"},{"bfs_id":980,"rcp":"RCP2.6","period":"2085","key":"tas","value":1.3,"estimate":"q5","season":"DJF"},{"bfs_id":980,"rcp":"RCP2.6","period":"2085","key":"tas","value":8.9,"estimate":"q5","season":"MAM"},{"bfs_id":980,"rcp":"RCP2.6","period":"2085","key":"tas","value":18.3,"estimate":"q5","season":"JJA"},{"bfs_id":980,"rcp":"RCP2.6","period":"2085","key":"tas","value":10,"estimate":"q5","season":"SON"},{"bfs_id":980,"rcp":"RCP2.6","period":"2085","key":"tas","value":2,"estimate":"q50","season":"DJF"},{"bfs_id":980,"rcp":"RCP2.6","period":"2085","key":"tas","value":9.5,"estimate":"q50","season":"MAM"},{"bfs_id":980,"rcp":"RCP2.6","period":"2085","key":"tas","value":18.6,"estimate":"q50","season":"JJA"},{"bfs_id":980,"rcp":"RCP2.6","period":"2085","key":"tas","value":10.5,"estimate":"q50","season":"SON"},{"bfs_id":980,"rcp":"RCP2.6","period":"2085","key":"tas","value":2.6,"estimate":"q95","season":"DJF"},{"bfs_id":980,"rcp":"RCP2.6","period":"2085","key":"tas","value":10,"estimate":"q95","season":"MAM"},{"bfs_id":980,"rcp":"RCP2.6","period":"2085","key":"tas","value":19.2,"estimate":"q95","season":"JJA"},{"bfs_id":980,"rcp":"RCP2.6","period":"2085","key":"tas","value":11.4,"estimate":"q95","season":"SON"},{"bfs_id":980,"rcp":"RCP8.5","period":"2035","key":"tas","value":1.2,"estimate":"q5","season":"DJF"},{"bfs_id":980,"rcp":"RCP8.5","period":"2035","key":"tas","value":9.1,"estimate":"q5","season":"MAM"},{"bfs_id":980,"rcp":"RCP8.5","period":"2035","key":"tas","value":18.5,"estimate":"q5","season":"JJA"},{"bfs_id":980,"rcp":"RCP8.5","period":"2035","key":"tas","value":10.2,"estimate":"q5","season":"SON"},{"bfs_id":980,"rcp":"RCP8.5","period":"2035","key":"tas","value":2,"estimate":"q50","season":"DJF"},{"bfs_id":980,"rcp":"RCP8.5","period":"2035","key":"tas","value":9.4,"estimate":"q50","season":"MAM"},{"bfs_id":980,"rcp":"RCP8.5","period":"2035","key":"tas","value":18.9,"estimate":"q50","season":"JJA"},{"bfs_id":980,"rcp":"RCP8.5","period":"2035","key":"tas","value":10.7,"estimate":"q50","season":"SON"},{"bfs_id":980,"rcp":"RCP8.5","period":"2035","key":"tas","value":2.5,"estimate":"q95","season":"DJF"},{"bfs_id":980,"rcp":"RCP8.5","period":"2035","key":"tas","value":9.9,"estimate":"q95","season":"MAM"},{"bfs_id":980,"rcp":"RCP8.5","period":"2035","key":"tas","value":19.4,"estimate":"q95","season":"JJA"},{"bfs_id":980,"rcp":"RCP8.5","period":"2035","key":"tas","value":11.5,"estimate":"q95","season":"SON"},{"bfs_id":980,"rcp":"RCP8.5","period":"2060","key":"tas","value":2.4,"estimate":"q5","season":"DJF"},{"bfs_id":980,"rcp":"RCP8.5","period":"2060","key":"tas","value":9.9,"estimate":"q5","season":"MAM"},{"bfs_id":980,"rcp":"RCP8.5","period":"2060","key":"tas","value":19.5,"estimate":"q5","season":"JJA"},{"bfs_id":980,"rcp":"RCP8.5","period":"2060","key":"tas","value":11.3,"estimate":"q5","season":"SON"},{"bfs_id":980,"rcp":"RCP8.5","period":"2060","key":"tas","value":2.8,"estimate":"q50","season":"DJF"},{"bfs_id":980,"rcp":"RCP8.5","period":"2060","key":"tas","value":10.4,"estimate":"q50","season":"MAM"},{"bfs_id":980,"rcp":"RCP8.5","period":"2060","key":"tas","value":20,"estimate":"q50","season":"JJA"},{"bfs_id":980,"rcp":"RCP8.5","period":"2060","key":"tas","value":11.9,"estimate":"q50","season":"SON"},{"bfs_id":980,"rcp":"RCP8.5","period":"2060","key":"tas","value":3.5,"estimate":"q95","season":"DJF"},{"bfs_id":980,"rcp":"RCP8.5","period":"2060","key":"tas","value":10.9,"estimate":"q95","season":"MAM"},{"bfs_id":980,"rcp":"RCP8.5","period":"2060","key":"tas","value":21,"estimate":"q95","season":"JJA"},{"bfs_id":980,"rcp":"RCP8.5","period":"2060","key":"tas","value":12.7,"estimate":"q95","season":"SON"},{"bfs_id":980,"rcp":"RCP8.5","period":"2085","key":"tas","value":3.5,"estimate":"q5","season":"DJF"},{"bfs_id":980,"rcp":"RCP8.5","period":"2085","key":"tas","value":10.9,"estimate":"q5","season":"MAM"},{"bfs_id":980,"rcp":"RCP8.5","period":"2085","key":"tas","value":20.8,"estimate":"q5","season":"JJA"},{"bfs_id":980,"rcp":"RCP8.5","period":"2085","key":"tas","value":12.3,"estimate":"q5","season":"SON"},{"bfs_id":980,"rcp":"RCP8.5","period":"2085","key":"tas","value":4.5,"estimate":"q50","season":"DJF"},{"bfs_id":980,"rcp":"RCP8.5","period":"2085","key":"tas","value":11.7,"estimate":"q50","season":"MAM"},{"bfs_id":980,"rcp":"RCP8.5","period":"2085","key":"tas","value":21.5,"estimate":"q50","season":"JJA"},{"bfs_id":980,"rcp":"RCP8.5","period":"2085","key":"tas","value":13.3,"estimate":"q50","season":"SON"},{"bfs_id":980,"rcp":"RCP8.5","period":"2085","key":"tas","value":5.2,"estimate":"q95","season":"DJF"},{"bfs_id":980,"rcp":"RCP8.5","period":"2085","key":"tas","value":12.6,"estimate":"q95","season":"MAM"},{"bfs_id":980,"rcp":"RCP8.5","period":"2085","key":"tas","value":23.6,"estimate":"q95","season":"JJA"},{"bfs_id":980,"rcp":"RCP8.5","period":"2085","key":"tas","value":14.9,"estimate":"q95","season":"SON"},{"bfs_id":980,"rcp":"obs","period":"1981-2010","key":"FD","value":92.4,"estimate":"yearly_mean"},{"bfs_id":980,"rcp":"obs","period":"1981-2010","key":"HD","value":8.3,"estimate":"yearly_mean"},{"bfs_id":980,"rcp":"obs","period":"1981-2010","key":"ID","value":20.4,"estimate":"yearly_mean"},{"bfs_id":980,"rcp":"obs","period":"1981-2010","key":"SD","value":46.3,"estimate":"yearly_mean"},{"bfs_id":980,"rcp":"obs","period":"1981-2010","key":"snowdays","value":20.1,"estimate":"yearly_mean"},{"bfs_id":980,"rcp":"obs","period":"1981-2010","key":"TN","value":0,"estimate":"yearly_mean"},{"bfs_id":980,"rcp":"obs","period":"1981-2010","key":"pr","value":2.9,"estimate":"mean","season":"DJF"},{"bfs_id":980,"rcp":"obs","period":"1981-2010","key":"pr","value":3,"estimate":"mean","season":"MAM"},{"bfs_id":980,"rcp":"obs","period":"1981-2010","key":"pr","value":3.7,"estimate":"mean","season":"JJA"},{"bfs_id":980,"rcp":"obs","period":"1981-2010","key":"pr","value":3.1,"estimate":"mean","season":"SON"},{"bfs_id":980,"rcp":"obs","period":"1981-2010","key":"tas","value":0.5,"estimate":"mean","season":"DJF"},{"bfs_id":980,"rcp":"obs","period":"1981-2010","key":"tas","value":8.8,"estimate":"mean","season":"MAM"},{"bfs_id":980,"rcp":"obs","period":"1981-2010","key":"tas","value":17.6,"estimate":"mean","season":"JJA"},{"bfs_id":980,"rcp":"obs","period":"1981-2010","key":"tas","value":9.3,"estimate":"mean","season":"SON"}]
