[{"bfs_id":4259,"rcp":"RCP2.6","period":"2035","key":"FD","value":55,"estimate":"q5"},{"bfs_id":4259,"rcp":"RCP2.6","period":"2035","key":"FD","value":65.3,"estimate":"q50"},{"bfs_id":4259,"rcp":"RCP2.6","period":"2035","key":"FD","value":71.4,"estimate":"q95"},{"bfs_id":4259,"rcp":"RCP2.6","period":"2060","key":"FD","value":53.2,"estimate":"q5"},{"bfs_id":4259,"rcp":"RCP2.6","period":"2060","key":"FD","value":62.1,"estimate":"q50"},{"bfs_id":4259,"rcp":"RCP2.6","period":"2060","key":"FD","value":69,"estimate":"q95"},{"bfs_id":4259,"rcp":"RCP2.6","period":"2085","key":"FD","value":54.2,"estimate":"q5"},{"bfs_id":4259,"rcp":"RCP2.6","period":"2085","key":"FD","value":64,"estimate":"q50"},{"bfs_id":4259,"rcp":"RCP2.6","period":"2085","key":"FD","value":70.2,"estimate":"q95"},{"bfs_id":4259,"rcp":"RCP8.5","period":"2035","key":"FD","value":51.9,"estimate":"q5"},{"bfs_id":4259,"rcp":"RCP8.5","period":"2035","key":"FD","value":62.4,"estimate":"q50"},{"bfs_id":4259,"rcp":"RCP8.5","period":"2035","key":"FD","value":67.7,"estimate":"q95"},{"bfs_id":4259,"rcp":"RCP8.5","period":"2060","key":"FD","value":41.9,"estimate":"q5"},{"bfs_id":4259,"rcp":"RCP8.5","period":"2060","key":"FD","value":47.5,"estimate":"q50"},{"bfs_id":4259,"rcp":"RCP8.5","period":"2060","key":"FD","value":54.9,"estimate":"q95"},{"bfs_id":4259,"rcp":"RCP8.5","period":"2085","key":"FD","value":24.4,"estimate":"q5"},{"bfs_id":4259,"rcp":"RCP8.5","period":"2085","key":"FD","value":28.7,"estimate":"q50"},{"bfs_id":4259,"rcp":"RCP8.5","period":"2085","key":"FD","value":41.6,"estimate":"q95"},{"bfs_id":4259,"rcp":"RCP2.6","period":"2035","key":"HD","value":8,"estimate":"q5"},{"bfs_id":4259,"rcp":"RCP2.6","period":"2035","key":"HD","value":11,"estimate":"q50"},{"bfs_id":4259,"rcp":"RCP2.6","period":"2035","key":"HD","value":15.7,"estimate":"q95"},{"bfs_id":4259,"rcp":"RCP2.6","period":"2060","key":"HD","value":8.5,"estimate":"q5"},{"bfs_id":4259,"rcp":"RCP2.6","period":"2060","key":"HD","value":11.2,"estimate":"q50"},{"bfs_id":4259,"rcp":"RCP2.6","period":"2060","key":"HD","value":18.1,"estimate":"q95"},{"bfs_id":4259,"rcp":"RCP2.6","period":"2085","key":"HD","value":8.8,"estimate":"q5"},{"bfs_id":4259,"rcp":"RCP2.6","period":"2085","key":"HD","value":10.8,"estimate":"q50"},{"bfs_id":4259,"rcp":"RCP2.6","period":"2085","key":"HD","value":17.4,"estimate":"q95"},{"bfs_id":4259,"rcp":"RCP8.5","period":"2035","key":"HD","value":9.4,"estimate":"q5"},{"bfs_id":4259,"rcp":"RCP8.5","period":"2035","key":"HD","value":11.3,"estimate":"q50"},{"bfs_id":4259,"rcp":"RCP8.5","period":"2035","key":"HD","value":16.7,"estimate":"q95"},{"bfs_id":4259,"rcp":"RCP8.5","period":"2060","key":"HD","value":14.3,"estimate":"q5"},{"bfs_id":4259,"rcp":"RCP8.5","period":"2060","key":"HD","value":20.7,"estimate":"q50"},{"bfs_id":4259,"rcp":"RCP8.5","period":"2060","key":"HD","value":32.2,"estimate":"q95"},{"bfs_id":4259,"rcp":"RCP8.5","period":"2085","key":"HD","value":27.2,"estimate":"q5"},{"bfs_id":4259,"rcp":"RCP8.5","period":"2085","key":"HD","value":33.8,"estimate":"q50"},{"bfs_id":4259,"rcp":"RCP8.5","period":"2085","key":"HD","value":58,"estimate":"q95"},{"bfs_id":4259,"rcp":"RCP2.6","period":"2035","key":"ID","value":9.7,"estimate":"q5"},{"bfs_id":4259,"rcp":"RCP2.6","period":"2035","key":"ID","value":13.8,"estimate":"q50"},{"bfs_id":4259,"rcp":"RCP2.6","period":"2035","key":"ID","value":17.1,"estimate":"q95"},{"bfs_id":4259,"rcp":"RCP2.6","period":"2060","key":"ID","value":9.9,"estimate":"q5"},{"bfs_id":4259,"rcp":"RCP2.6","period":"2060","key":"ID","value":13.9,"estimate":"q50"},{"bfs_id":4259,"rcp":"RCP2.6","period":"2060","key":"ID","value":16.6,"estimate":"q95"},{"bfs_id":4259,"rcp":"RCP2.6","period":"2085","key":"ID","value":10.1,"estimate":"q5"},{"bfs_id":4259,"rcp":"RCP2.6","period":"2085","key":"ID","value":13.5,"estimate":"q50"},{"bfs_id":4259,"rcp":"RCP2.6","period":"2085","key":"ID","value":15.9,"estimate":"q95"},{"bfs_id":4259,"rcp":"RCP8.5","period":"2035","key":"ID","value":10,"estimate":"q5"},{"bfs_id":4259,"rcp":"RCP8.5","period":"2035","key":"ID","value":12.5,"estimate":"q50"},{"bfs_id":4259,"rcp":"RCP8.5","period":"2035","key":"ID","value":17,"estimate":"q95"},{"bfs_id":4259,"rcp":"RCP8.5","period":"2060","key":"ID","value":6.2,"estimate":"q5"},{"bfs_id":4259,"rcp":"RCP8.5","period":"2060","key":"ID","value":9,"estimate":"q50"},{"bfs_id":4259,"rcp":"RCP8.5","period":"2060","key":"ID","value":11.3,"estimate":"q95"},{"bfs_id":4259,"rcp":"RCP8.5","period":"2085","key":"ID","value":1.5,"estimate":"q5"},{"bfs_id":4259,"rcp":"RCP8.5","period":"2085","key":"ID","value":4.2,"estimate":"q50"},{"bfs_id":4259,"rcp":"RCP8.5","period":"2085","key":"ID","value":6.4,"estimate":"q95"},{"bfs_id":4259,"rcp":"RCP2.6","period":"2035","key":"SD","value":45.8,"estimate":"q5"},{"bfs_id":4259,"rcp":"RCP2.6","period":"2035","key":"SD","value":51.6,"estimate":"q50"},{"bfs_id":4259,"rcp":"RCP2.6","period":"2035","key":"SD","value":59.3,"estimate":"q95"},{"bfs_id":4259,"rcp":"RCP2.6","period":"2060","key":"SD","value":46.1,"estimate":"q5"},{"bfs_id":4259,"rcp":"RCP2.6","period":"2060","key":"SD","value":52.2,"estimate":"q50"},{"bfs_id":4259,"rcp":"RCP2.6","period":"2060","key":"SD","value":58.5,"estimate":"q95"},{"bfs_id":4259,"rcp":"RCP2.6","period":"2085","key":"SD","value":46.2,"estimate":"q5"},{"bfs_id":4259,"rcp":"RCP2.6","period":"2085","key":"SD","value":53.3,"estimate":"q50"},{"bfs_id":4259,"rcp":"RCP2.6","period":"2085","key":"SD","value":59.4,"estimate":"q95"},{"bfs_id":4259,"rcp":"RCP8.5","period":"2035","key":"SD","value":47.8,"estimate":"q5"},{"bfs_id":4259,"rcp":"RCP8.5","period":"2035","key":"SD","value":53.7,"estimate":"q50"},{"bfs_id":4259,"rcp":"RCP8.5","period":"2035","key":"SD","value":59.4,"estimate":"q95"},{"bfs_id":4259,"rcp":"RCP8.5","period":"2060","key":"SD","value":63,"estimate":"q5"},{"bfs_id":4259,"rcp":"RCP8.5","period":"2060","key":"SD","value":68.5,"estimate":"q50"},{"bfs_id":4259,"rcp":"RCP8.5","period":"2060","key":"SD","value":84.4,"estimate":"q95"},{"bfs_id":4259,"rcp":"RCP8.5","period":"2085","key":"SD","value":77.8,"estimate":"q5"},{"bfs_id":4259,"rcp":"RCP8.5","period":"2085","key":"SD","value":92.4,"estimate":"q50"},{"bfs_id":4259,"rcp":"RCP8.5","period":"2085","key":"SD","value":109.6,"estimate":"q95"},{"bfs_id":4259,"rcp":"RCP2.6","period":"2035","key":"snowdays","value":13,"estimate":"q5"},{"bfs_id":4259,"rcp":"RCP2.6","period":"2035","key":"snowdays","value":16.3,"estimate":"q50"},{"bfs_id":4259,"rcp":"RCP2.6","period":"2035","key":"snowdays","value":18.5,"estimate":"q95"},{"bfs_id":4259,"rcp":"RCP2.6","period":"2060","key":"snowdays","value":11.7,"estimate":"q5"},{"bfs_id":4259,"rcp":"RCP2.6","period":"2060","key":"snowdays","value":15.4,"estimate":"q50"},{"bfs_id":4259,"rcp":"RCP2.6","period":"2060","key":"snowdays","value":18.3,"estimate":"q95"},{"bfs_id":4259,"rcp":"RCP2.6","period":"2085","key":"snowdays","value":11.7,"estimate":"q5"},{"bfs_id":4259,"rcp":"RCP2.6","period":"2085","key":"snowdays","value":15.6,"estimate":"q50"},{"bfs_id":4259,"rcp":"RCP2.6","period":"2085","key":"snowdays","value":18.4,"estimate":"q95"},{"bfs_id":4259,"rcp":"RCP8.5","period":"2035","key":"snowdays","value":10.5,"estimate":"q5"},{"bfs_id":4259,"rcp":"RCP8.5","period":"2035","key":"snowdays","value":15.5,"estimate":"q50"},{"bfs_id":4259,"rcp":"RCP8.5","period":"2035","key":"snowdays","value":18.3,"estimate":"q95"},{"bfs_id":4259,"rcp":"RCP8.5","period":"2060","key":"snowdays","value":7.3,"estimate":"q5"},{"bfs_id":4259,"rcp":"RCP8.5","period":"2060","key":"snowdays","value":11.3,"estimate":"q50"},{"bfs_id":4259,"rcp":"RCP8.5","period":"2060","key":"snowdays","value":13.7,"estimate":"q95"},{"bfs_id":4259,"rcp":"RCP8.5","period":"2085","key":"snowdays","value":3.1,"estimate":"q5"},{"bfs_id":4259,"rcp":"RCP8.5","period":"2085","key":"snowdays","value":6.1,"estimate":"q50"},{"bfs_id":4259,"rcp":"RCP8.5","period":"2085","key":"snowdays","value":8.3,"estimate":"q95"},{"bfs_id":4259,"rcp":"RCP2.6","period":"2035","key":"TN","value":0.4,"estimate":"q5"},{"bfs_id":4259,"rcp":"RCP2.6","period":"2035","key":"TN","value":1,"estimate":"q50"},{"bfs_id":4259,"rcp":"RCP2.6","period":"2035","key":"TN","value":1.8,"estimate":"q95"},{"bfs_id":4259,"rcp":"RCP2.6","period":"2060","key":"TN","value":0.6,"estimate":"q5"},{"bfs_id":4259,"rcp":"RCP2.6","period":"2060","key":"TN","value":1.1,"estimate":"q50"},{"bfs_id":4259,"rcp":"RCP2.6","period":"2060","key":"TN","value":2.3,"estimate":"q95"},{"bfs_id":4259,"rcp":"RCP2.6","period":"2085","key":"TN","value":0.6,"estimate":"q5"},{"bfs_id":4259,"rcp":"RCP2.6","period":"2085","key":"TN","value":1.3,"estimate":"q50"},{"bfs_id":4259,"rcp":"RCP2.6","period":"2085","key":"TN","value":2,"estimate":"q95"},{"bfs_id":4259,"rcp":"RCP8.5","period":"2035","key":"TN","value":0.7,"estimate":"q5"},{"bfs_id":4259,"rcp":"RCP8.5","period":"2035","key":"TN","value":1.5,"estimate":"q50"},{"bfs_id":4259,"rcp":"RCP8.5","period":"2035","key":"TN","value":3.6,"estimate":"q95"},{"bfs_id":4259,"rcp":"RCP8.5","period":"2060","key":"TN","value":2.8,"estimate":"q5"},{"bfs_id":4259,"rcp":"RCP8.5","period":"2060","key":"TN","value":6.1,"estimate":"q50"},{"bfs_id":4259,"rcp":"RCP8.5","period":"2060","key":"TN","value":10.8,"estimate":"q95"},{"bfs_id":4259,"rcp":"RCP8.5","period":"2085","key":"TN","value":8.9,"estimate":"q5"},{"bfs_id":4259,"rcp":"RCP8.5","period":"2085","key":"TN","value":14.3,"estimate":"q50"},{"bfs_id":4259,"rcp":"RCP8.5","period":"2085","key":"TN","value":31.1,"estimate":"q95"},{"bfs_id":4259,"rcp":"RCP2.6","period":"2035","key":"pr","value":2.7,"estimate":"q5","season":"DJF"},{"bfs_id":4259,"rcp":"RCP2.6","period":"2035","key":"pr","value":2.8,"estimate":"q5","season":"MAM"},{"bfs_id":4259,"rcp":"RCP2.6","period":"2035","key":"pr","value":2.9,"estimate":"q5","season":"JJA"},{"bfs_id":4259,"rcp":"RCP2.6","period":"2035","key":"pr","value":2.7,"estimate":"q5","season":"SON"},{"bfs_id":4259,"rcp":"RCP2.6","period":"2035","key":"pr","value":3.1,"estimate":"q50","season":"DJF"},{"bfs_id":4259,"rcp":"RCP2.6","period":"2035","key":"pr","value":3.2,"estimate":"q50","season":"MAM"},{"bfs_id":4259,"rcp":"RCP2.6","period":"2035","key":"pr","value":3.3,"estimate":"q50","season":"JJA"},{"bfs_id":4259,"rcp":"RCP2.6","period":"2035","key":"pr","value":2.9,"estimate":"q50","season":"SON"},{"bfs_id":4259,"rcp":"RCP2.6","period":"2035","key":"pr","value":3.7,"estimate":"q95","season":"DJF"},{"bfs_id":4259,"rcp":"RCP2.6","period":"2035","key":"pr","value":3.4,"estimate":"q95","season":"MAM"},{"bfs_id":4259,"rcp":"RCP2.6","period":"2035","key":"pr","value":3.7,"estimate":"q95","season":"JJA"},{"bfs_id":4259,"rcp":"RCP2.6","period":"2035","key":"pr","value":3.5,"estimate":"q95","season":"SON"},{"bfs_id":4259,"rcp":"RCP2.6","period":"2060","key":"pr","value":2.7,"estimate":"q5","season":"DJF"},{"bfs_id":4259,"rcp":"RCP2.6","period":"2060","key":"pr","value":2.9,"estimate":"q5","season":"MAM"},{"bfs_id":4259,"rcp":"RCP2.6","period":"2060","key":"pr","value":2.8,"estimate":"q5","season":"JJA"},{"bfs_id":4259,"rcp":"RCP2.6","period":"2060","key":"pr","value":2.7,"estimate":"q5","season":"SON"},{"bfs_id":4259,"rcp":"RCP2.6","period":"2060","key":"pr","value":3.1,"estimate":"q50","season":"DJF"},{"bfs_id":4259,"rcp":"RCP2.6","period":"2060","key":"pr","value":3.2,"estimate":"q50","season":"MAM"},{"bfs_id":4259,"rcp":"RCP2.6","period":"2060","key":"pr","value":3.2,"estimate":"q50","season":"JJA"},{"bfs_id":4259,"rcp":"RCP2.6","period":"2060","key":"pr","value":3,"estimate":"q50","season":"SON"},{"bfs_id":4259,"rcp":"RCP2.6","period":"2060","key":"pr","value":3.4,"estimate":"q95","season":"DJF"},{"bfs_id":4259,"rcp":"RCP2.6","period":"2060","key":"pr","value":3.5,"estimate":"q95","season":"MAM"},{"bfs_id":4259,"rcp":"RCP2.6","period":"2060","key":"pr","value":3.7,"estimate":"q95","season":"JJA"},{"bfs_id":4259,"rcp":"RCP2.6","period":"2060","key":"pr","value":3.3,"estimate":"q95","season":"SON"},{"bfs_id":4259,"rcp":"RCP2.6","period":"2085","key":"pr","value":2.8,"estimate":"q5","season":"DJF"},{"bfs_id":4259,"rcp":"RCP2.6","period":"2085","key":"pr","value":2.9,"estimate":"q5","season":"MAM"},{"bfs_id":4259,"rcp":"RCP2.6","period":"2085","key":"pr","value":2.8,"estimate":"q5","season":"JJA"},{"bfs_id":4259,"rcp":"RCP2.6","period":"2085","key":"pr","value":2.6,"estimate":"q5","season":"SON"},{"bfs_id":4259,"rcp":"RCP2.6","period":"2085","key":"pr","value":3.1,"estimate":"q50","season":"DJF"},{"bfs_id":4259,"rcp":"RCP2.6","period":"2085","key":"pr","value":3.1,"estimate":"q50","season":"MAM"},{"bfs_id":4259,"rcp":"RCP2.6","period":"2085","key":"pr","value":3.3,"estimate":"q50","season":"JJA"},{"bfs_id":4259,"rcp":"RCP2.6","period":"2085","key":"pr","value":2.9,"estimate":"q50","season":"SON"},{"bfs_id":4259,"rcp":"RCP2.6","period":"2085","key":"pr","value":3.5,"estimate":"q95","season":"DJF"},{"bfs_id":4259,"rcp":"RCP2.6","period":"2085","key":"pr","value":3.5,"estimate":"q95","season":"MAM"},{"bfs_id":4259,"rcp":"RCP2.6","period":"2085","key":"pr","value":3.7,"estimate":"q95","season":"JJA"},{"bfs_id":4259,"rcp":"RCP2.6","period":"2085","key":"pr","value":3.3,"estimate":"q95","season":"SON"},{"bfs_id":4259,"rcp":"RCP8.5","period":"2035","key":"pr","value":2.8,"estimate":"q5","season":"DJF"},{"bfs_id":4259,"rcp":"RCP8.5","period":"2035","key":"pr","value":3,"estimate":"q5","season":"MAM"},{"bfs_id":4259,"rcp":"RCP8.5","period":"2035","key":"pr","value":2.7,"estimate":"q5","season":"JJA"},{"bfs_id":4259,"rcp":"RCP8.5","period":"2035","key":"pr","value":2.7,"estimate":"q5","season":"SON"},{"bfs_id":4259,"rcp":"RCP8.5","period":"2035","key":"pr","value":3.3,"estimate":"q50","season":"DJF"},{"bfs_id":4259,"rcp":"RCP8.5","period":"2035","key":"pr","value":3.2,"estimate":"q50","season":"MAM"},{"bfs_id":4259,"rcp":"RCP8.5","period":"2035","key":"pr","value":3.4,"estimate":"q50","season":"JJA"},{"bfs_id":4259,"rcp":"RCP8.5","period":"2035","key":"pr","value":3.1,"estimate":"q50","season":"SON"},{"bfs_id":4259,"rcp":"RCP8.5","period":"2035","key":"pr","value":3.5,"estimate":"q95","season":"DJF"},{"bfs_id":4259,"rcp":"RCP8.5","period":"2035","key":"pr","value":3.5,"estimate":"q95","season":"MAM"},{"bfs_id":4259,"rcp":"RCP8.5","period":"2035","key":"pr","value":3.7,"estimate":"q95","season":"JJA"},{"bfs_id":4259,"rcp":"RCP8.5","period":"2035","key":"pr","value":3.5,"estimate":"q95","season":"SON"},{"bfs_id":4259,"rcp":"RCP8.5","period":"2060","key":"pr","value":3,"estimate":"q5","season":"DJF"},{"bfs_id":4259,"rcp":"RCP8.5","period":"2060","key":"pr","value":3.2,"estimate":"q5","season":"MAM"},{"bfs_id":4259,"rcp":"RCP8.5","period":"2060","key":"pr","value":2.5,"estimate":"q5","season":"JJA"},{"bfs_id":4259,"rcp":"RCP8.5","period":"2060","key":"pr","value":2.7,"estimate":"q5","season":"SON"},{"bfs_id":4259,"rcp":"RCP8.5","period":"2060","key":"pr","value":3.3,"estimate":"q50","season":"DJF"},{"bfs_id":4259,"rcp":"RCP8.5","period":"2060","key":"pr","value":3.4,"estimate":"q50","season":"MAM"},{"bfs_id":4259,"rcp":"RCP8.5","period":"2060","key":"pr","value":3.2,"estimate":"q50","season":"JJA"},{"bfs_id":4259,"rcp":"RCP8.5","period":"2060","key":"pr","value":3.1,"estimate":"q50","season":"SON"},{"bfs_id":4259,"rcp":"RCP8.5","period":"2060","key":"pr","value":3.8,"estimate":"q95","season":"DJF"},{"bfs_id":4259,"rcp":"RCP8.5","period":"2060","key":"pr","value":3.7,"estimate":"q95","season":"MAM"},{"bfs_id":4259,"rcp":"RCP8.5","period":"2060","key":"pr","value":3.5,"estimate":"q95","season":"JJA"},{"bfs_id":4259,"rcp":"RCP8.5","period":"2060","key":"pr","value":3.5,"estimate":"q95","season":"SON"},{"bfs_id":4259,"rcp":"RCP8.5","period":"2085","key":"pr","value":3.2,"estimate":"q5","season":"DJF"},{"bfs_id":4259,"rcp":"RCP8.5","period":"2085","key":"pr","value":3.1,"estimate":"q5","season":"MAM"},{"bfs_id":4259,"rcp":"RCP8.5","period":"2085","key":"pr","value":1.9,"estimate":"q5","season":"JJA"},{"bfs_id":4259,"rcp":"RCP8.5","period":"2085","key":"pr","value":2.7,"estimate":"q5","season":"SON"},{"bfs_id":4259,"rcp":"RCP8.5","period":"2085","key":"pr","value":3.7,"estimate":"q50","season":"DJF"},{"bfs_id":4259,"rcp":"RCP8.5","period":"2085","key":"pr","value":3.6,"estimate":"q50","season":"MAM"},{"bfs_id":4259,"rcp":"RCP8.5","period":"2085","key":"pr","value":2.8,"estimate":"q50","season":"JJA"},{"bfs_id":4259,"rcp":"RCP8.5","period":"2085","key":"pr","value":3.1,"estimate":"q50","season":"SON"},{"bfs_id":4259,"rcp":"RCP8.5","period":"2085","key":"pr","value":4.1,"estimate":"q95","season":"DJF"},{"bfs_id":4259,"rcp":"RCP8.5","period":"2085","key":"pr","value":3.9,"estimate":"q95","season":"MAM"},{"bfs_id":4259,"rcp":"RCP8.5","period":"2085","key":"pr","value":3.5,"estimate":"q95","season":"JJA"},{"bfs_id":4259,"rcp":"RCP8.5","period":"2085","key":"pr","value":3.5,"estimate":"q95","season":"SON"},{"bfs_id":4259,"rcp":"RCP2.6","period":"2035","key":"tas","value":1.7,"estimate":"q5","season":"DJF"},{"bfs_id":4259,"rcp":"RCP2.6","period":"2035","key":"tas","value":9.1,"estimate":"q5","season":"MAM"},{"bfs_id":4259,"rcp":"RCP2.6","period":"2035","key":"tas","value":18.2,"estimate":"q5","season":"JJA"},{"bfs_id":4259,"rcp":"RCP2.6","period":"2035","key":"tas","value":10.2,"estimate":"q5","season":"SON"},{"bfs_id":4259,"rcp":"RCP2.6","period":"2035","key":"tas","value":2.3,"estimate":"q50","season":"DJF"},{"bfs_id":4259,"rcp":"RCP2.6","period":"2035","key":"tas","value":9.7,"estimate":"q50","season":"MAM"},{"bfs_id":4259,"rcp":"RCP2.6","period":"2035","key":"tas","value":18.8,"estimate":"q50","season":"JJA"},{"bfs_id":4259,"rcp":"RCP2.6","period":"2035","key":"tas","value":10.6,"estimate":"q50","season":"SON"},{"bfs_id":4259,"rcp":"RCP2.6","period":"2035","key":"tas","value":3.1,"estimate":"q95","season":"DJF"},{"bfs_id":4259,"rcp":"RCP2.6","period":"2035","key":"tas","value":10,"estimate":"q95","season":"MAM"},{"bfs_id":4259,"rcp":"RCP2.6","period":"2035","key":"tas","value":19.3,"estimate":"q95","season":"JJA"},{"bfs_id":4259,"rcp":"RCP2.6","period":"2035","key":"tas","value":11.4,"estimate":"q95","season":"SON"},{"bfs_id":4259,"rcp":"RCP2.6","period":"2060","key":"tas","value":1.8,"estimate":"q5","season":"DJF"},{"bfs_id":4259,"rcp":"RCP2.6","period":"2060","key":"tas","value":9,"estimate":"q5","season":"MAM"},{"bfs_id":4259,"rcp":"RCP2.6","period":"2060","key":"tas","value":18.5,"estimate":"q5","season":"JJA"},{"bfs_id":4259,"rcp":"RCP2.6","period":"2060","key":"tas","value":10.5,"estimate":"q5","season":"SON"},{"bfs_id":4259,"rcp":"RCP2.6","period":"2060","key":"tas","value":2.6,"estimate":"q50","season":"DJF"},{"bfs_id":4259,"rcp":"RCP2.6","period":"2060","key":"tas","value":9.8,"estimate":"q50","season":"MAM"},{"bfs_id":4259,"rcp":"RCP2.6","period":"2060","key":"tas","value":18.9,"estimate":"q50","season":"JJA"},{"bfs_id":4259,"rcp":"RCP2.6","period":"2060","key":"tas","value":10.8,"estimate":"q50","season":"SON"},{"bfs_id":4259,"rcp":"RCP2.6","period":"2060","key":"tas","value":3.2,"estimate":"q95","season":"DJF"},{"bfs_id":4259,"rcp":"RCP2.6","period":"2060","key":"tas","value":10.2,"estimate":"q95","season":"MAM"},{"bfs_id":4259,"rcp":"RCP2.6","period":"2060","key":"tas","value":19.6,"estimate":"q95","season":"JJA"},{"bfs_id":4259,"rcp":"RCP2.6","period":"2060","key":"tas","value":11.8,"estimate":"q95","season":"SON"},{"bfs_id":4259,"rcp":"RCP2.6","period":"2085","key":"tas","value":1.8,"estimate":"q5","season":"DJF"},{"bfs_id":4259,"rcp":"RCP2.6","period":"2085","key":"tas","value":9.1,"estimate":"q5","season":"MAM"},{"bfs_id":4259,"rcp":"RCP2.6","period":"2085","key":"tas","value":18.4,"estimate":"q5","season":"JJA"},{"bfs_id":4259,"rcp":"RCP2.6","period":"2085","key":"tas","value":10.2,"estimate":"q5","season":"SON"},{"bfs_id":4259,"rcp":"RCP2.6","period":"2085","key":"tas","value":2.5,"estimate":"q50","season":"DJF"},{"bfs_id":4259,"rcp":"RCP2.6","period":"2085","key":"tas","value":9.9,"estimate":"q50","season":"MAM"},{"bfs_id":4259,"rcp":"RCP2.6","period":"2085","key":"tas","value":18.8,"estimate":"q50","season":"JJA"},{"bfs_id":4259,"rcp":"RCP2.6","period":"2085","key":"tas","value":10.9,"estimate":"q50","season":"SON"},{"bfs_id":4259,"rcp":"RCP2.6","period":"2085","key":"tas","value":3.2,"estimate":"q95","season":"DJF"},{"bfs_id":4259,"rcp":"RCP2.6","period":"2085","key":"tas","value":10.3,"estimate":"q95","season":"MAM"},{"bfs_id":4259,"rcp":"RCP2.6","period":"2085","key":"tas","value":19.5,"estimate":"q95","season":"JJA"},{"bfs_id":4259,"rcp":"RCP2.6","period":"2085","key":"tas","value":11.7,"estimate":"q95","season":"SON"},{"bfs_id":4259,"rcp":"RCP8.5","period":"2035","key":"tas","value":1.7,"estimate":"q5","season":"DJF"},{"bfs_id":4259,"rcp":"RCP8.5","period":"2035","key":"tas","value":9.4,"estimate":"q5","season":"MAM"},{"bfs_id":4259,"rcp":"RCP8.5","period":"2035","key":"tas","value":18.6,"estimate":"q5","season":"JJA"},{"bfs_id":4259,"rcp":"RCP8.5","period":"2035","key":"tas","value":10.5,"estimate":"q5","season":"SON"},{"bfs_id":4259,"rcp":"RCP8.5","period":"2035","key":"tas","value":2.6,"estimate":"q50","season":"DJF"},{"bfs_id":4259,"rcp":"RCP8.5","period":"2035","key":"tas","value":9.8,"estimate":"q50","season":"MAM"},{"bfs_id":4259,"rcp":"RCP8.5","period":"2035","key":"tas","value":19.1,"estimate":"q50","season":"JJA"},{"bfs_id":4259,"rcp":"RCP8.5","period":"2035","key":"tas","value":11,"estimate":"q50","season":"SON"},{"bfs_id":4259,"rcp":"RCP8.5","period":"2035","key":"tas","value":3.1,"estimate":"q95","season":"DJF"},{"bfs_id":4259,"rcp":"RCP8.5","period":"2035","key":"tas","value":10.2,"estimate":"q95","season":"MAM"},{"bfs_id":4259,"rcp":"RCP8.5","period":"2035","key":"tas","value":19.6,"estimate":"q95","season":"JJA"},{"bfs_id":4259,"rcp":"RCP8.5","period":"2035","key":"tas","value":11.8,"estimate":"q95","season":"SON"},{"bfs_id":4259,"rcp":"RCP8.5","period":"2060","key":"tas","value":3.1,"estimate":"q5","season":"DJF"},{"bfs_id":4259,"rcp":"RCP8.5","period":"2060","key":"tas","value":10.2,"estimate":"q5","season":"MAM"},{"bfs_id":4259,"rcp":"RCP8.5","period":"2060","key":"tas","value":19.7,"estimate":"q5","season":"JJA"},{"bfs_id":4259,"rcp":"RCP8.5","period":"2060","key":"tas","value":11.6,"estimate":"q5","season":"SON"},{"bfs_id":4259,"rcp":"RCP8.5","period":"2060","key":"tas","value":3.4,"estimate":"q50","season":"DJF"},{"bfs_id":4259,"rcp":"RCP8.5","period":"2060","key":"tas","value":10.7,"estimate":"q50","season":"MAM"},{"bfs_id":4259,"rcp":"RCP8.5","period":"2060","key":"tas","value":20.3,"estimate":"q50","season":"JJA"},{"bfs_id":4259,"rcp":"RCP8.5","period":"2060","key":"tas","value":12.2,"estimate":"q50","season":"SON"},{"bfs_id":4259,"rcp":"RCP8.5","period":"2060","key":"tas","value":4.2,"estimate":"q95","season":"DJF"},{"bfs_id":4259,"rcp":"RCP8.5","period":"2060","key":"tas","value":11.2,"estimate":"q95","season":"MAM"},{"bfs_id":4259,"rcp":"RCP8.5","period":"2060","key":"tas","value":21.4,"estimate":"q95","season":"JJA"},{"bfs_id":4259,"rcp":"RCP8.5","period":"2060","key":"tas","value":13,"estimate":"q95","season":"SON"},{"bfs_id":4259,"rcp":"RCP8.5","period":"2085","key":"tas","value":4.2,"estimate":"q5","season":"DJF"},{"bfs_id":4259,"rcp":"RCP8.5","period":"2085","key":"tas","value":11.2,"estimate":"q5","season":"MAM"},{"bfs_id":4259,"rcp":"RCP8.5","period":"2085","key":"tas","value":21.1,"estimate":"q5","season":"JJA"},{"bfs_id":4259,"rcp":"RCP8.5","period":"2085","key":"tas","value":12.6,"estimate":"q5","season":"SON"},{"bfs_id":4259,"rcp":"RCP8.5","period":"2085","key":"tas","value":5.3,"estimate":"q50","season":"DJF"},{"bfs_id":4259,"rcp":"RCP8.5","period":"2085","key":"tas","value":11.9,"estimate":"q50","season":"MAM"},{"bfs_id":4259,"rcp":"RCP8.5","period":"2085","key":"tas","value":22.1,"estimate":"q50","season":"JJA"},{"bfs_id":4259,"rcp":"RCP8.5","period":"2085","key":"tas","value":13.6,"estimate":"q50","season":"SON"},{"bfs_id":4259,"rcp":"RCP8.5","period":"2085","key":"tas","value":6,"estimate":"q95","season":"DJF"},{"bfs_id":4259,"rcp":"RCP8.5","period":"2085","key":"tas","value":12.9,"estimate":"q95","season":"MAM"},{"bfs_id":4259,"rcp":"RCP8.5","period":"2085","key":"tas","value":24.3,"estimate":"q95","season":"JJA"},{"bfs_id":4259,"rcp":"RCP8.5","period":"2085","key":"tas","value":15.2,"estimate":"q95","season":"SON"},{"bfs_id":4259,"rcp":"obs","period":"1981-2010","key":"FD","value":80.3,"estimate":"yearly_mean"},{"bfs_id":4259,"rcp":"obs","period":"1981-2010","key":"HD","value":5.6,"estimate":"yearly_mean"},{"bfs_id":4259,"rcp":"obs","period":"1981-2010","key":"ID","value":20.3,"estimate":"yearly_mean"},{"bfs_id":4259,"rcp":"obs","period":"1981-2010","key":"SD","value":39.8,"estimate":"yearly_mean"},{"bfs_id":4259,"rcp":"obs","period":"1981-2010","key":"snowdays","value":19.4,"estimate":"yearly_mean"},{"bfs_id":4259,"rcp":"obs","period":"1981-2010","key":"TN","value":0.1,"estimate":"yearly_mean"},{"bfs_id":4259,"rcp":"obs","period":"1981-2010","key":"pr","value":2.8,"estimate":"mean","season":"DJF"},{"bfs_id":4259,"rcp":"obs","period":"1981-2010","key":"pr","value":3.1,"estimate":"mean","season":"MAM"},{"bfs_id":4259,"rcp":"obs","period":"1981-2010","key":"pr","value":3.5,"estimate":"mean","season":"JJA"},{"bfs_id":4259,"rcp":"obs","period":"1981-2010","key":"pr","value":3,"estimate":"mean","season":"SON"},{"bfs_id":4259,"rcp":"obs","period":"1981-2010","key":"tas","value":1.1,"estimate":"mean","season":"DJF"},{"bfs_id":4259,"rcp":"obs","period":"1981-2010","key":"tas","value":9.1,"estimate":"mean","season":"MAM"},{"bfs_id":4259,"rcp":"obs","period":"1981-2010","key":"tas","value":17.7,"estimate":"mean","season":"JJA"},{"bfs_id":4259,"rcp":"obs","period":"1981-2010","key":"tas","value":9.5,"estimate":"mean","season":"SON"}]
