[{"bfs_id":4263,"rcp":"RCP2.6","period":"2035","key":"FD","value":57.4,"estimate":"q5"},{"bfs_id":4263,"rcp":"RCP2.6","period":"2035","key":"FD","value":68.2,"estimate":"q50"},{"bfs_id":4263,"rcp":"RCP2.6","period":"2035","key":"FD","value":73.5,"estimate":"q95"},{"bfs_id":4263,"rcp":"RCP2.6","period":"2060","key":"FD","value":56,"estimate":"q5"},{"bfs_id":4263,"rcp":"RCP2.6","period":"2060","key":"FD","value":65,"estimate":"q50"},{"bfs_id":4263,"rcp":"RCP2.6","period":"2060","key":"FD","value":72.2,"estimate":"q95"},{"bfs_id":4263,"rcp":"RCP2.6","period":"2085","key":"FD","value":57.1,"estimate":"q5"},{"bfs_id":4263,"rcp":"RCP2.6","period":"2085","key":"FD","value":66.4,"estimate":"q50"},{"bfs_id":4263,"rcp":"RCP2.6","period":"2085","key":"FD","value":73.4,"estimate":"q95"},{"bfs_id":4263,"rcp":"RCP8.5","period":"2035","key":"FD","value":53.9,"estimate":"q5"},{"bfs_id":4263,"rcp":"RCP8.5","period":"2035","key":"FD","value":65.1,"estimate":"q50"},{"bfs_id":4263,"rcp":"RCP8.5","period":"2035","key":"FD","value":70.6,"estimate":"q95"},{"bfs_id":4263,"rcp":"RCP8.5","period":"2060","key":"FD","value":43.7,"estimate":"q5"},{"bfs_id":4263,"rcp":"RCP8.5","period":"2060","key":"FD","value":50,"estimate":"q50"},{"bfs_id":4263,"rcp":"RCP8.5","period":"2060","key":"FD","value":57.7,"estimate":"q95"},{"bfs_id":4263,"rcp":"RCP8.5","period":"2085","key":"FD","value":26.8,"estimate":"q5"},{"bfs_id":4263,"rcp":"RCP8.5","period":"2085","key":"FD","value":31.2,"estimate":"q50"},{"bfs_id":4263,"rcp":"RCP8.5","period":"2085","key":"FD","value":44.3,"estimate":"q95"},{"bfs_id":4263,"rcp":"RCP2.6","period":"2035","key":"HD","value":10.2,"estimate":"q5"},{"bfs_id":4263,"rcp":"RCP2.6","period":"2035","key":"HD","value":13.7,"estimate":"q50"},{"bfs_id":4263,"rcp":"RCP2.6","period":"2035","key":"HD","value":18.2,"estimate":"q95"},{"bfs_id":4263,"rcp":"RCP2.6","period":"2060","key":"HD","value":10.9,"estimate":"q5"},{"bfs_id":4263,"rcp":"RCP2.6","period":"2060","key":"HD","value":13.4,"estimate":"q50"},{"bfs_id":4263,"rcp":"RCP2.6","period":"2060","key":"HD","value":20.8,"estimate":"q95"},{"bfs_id":4263,"rcp":"RCP2.6","period":"2085","key":"HD","value":11,"estimate":"q5"},{"bfs_id":4263,"rcp":"RCP2.6","period":"2085","key":"HD","value":13.5,"estimate":"q50"},{"bfs_id":4263,"rcp":"RCP2.6","period":"2085","key":"HD","value":20.2,"estimate":"q95"},{"bfs_id":4263,"rcp":"RCP8.5","period":"2035","key":"HD","value":11.3,"estimate":"q5"},{"bfs_id":4263,"rcp":"RCP8.5","period":"2035","key":"HD","value":14.4,"estimate":"q50"},{"bfs_id":4263,"rcp":"RCP8.5","period":"2035","key":"HD","value":21.1,"estimate":"q95"},{"bfs_id":4263,"rcp":"RCP8.5","period":"2060","key":"HD","value":17.3,"estimate":"q5"},{"bfs_id":4263,"rcp":"RCP8.5","period":"2060","key":"HD","value":23.4,"estimate":"q50"},{"bfs_id":4263,"rcp":"RCP8.5","period":"2060","key":"HD","value":35.5,"estimate":"q95"},{"bfs_id":4263,"rcp":"RCP8.5","period":"2085","key":"HD","value":30.9,"estimate":"q5"},{"bfs_id":4263,"rcp":"RCP8.5","period":"2085","key":"HD","value":37.7,"estimate":"q50"},{"bfs_id":4263,"rcp":"RCP8.5","period":"2085","key":"HD","value":63.7,"estimate":"q95"},{"bfs_id":4263,"rcp":"RCP2.6","period":"2035","key":"ID","value":9.1,"estimate":"q5"},{"bfs_id":4263,"rcp":"RCP2.6","period":"2035","key":"ID","value":12.4,"estimate":"q50"},{"bfs_id":4263,"rcp":"RCP2.6","period":"2035","key":"ID","value":15.3,"estimate":"q95"},{"bfs_id":4263,"rcp":"RCP2.6","period":"2060","key":"ID","value":8.4,"estimate":"q5"},{"bfs_id":4263,"rcp":"RCP2.6","period":"2060","key":"ID","value":12.3,"estimate":"q50"},{"bfs_id":4263,"rcp":"RCP2.6","period":"2060","key":"ID","value":14.5,"estimate":"q95"},{"bfs_id":4263,"rcp":"RCP2.6","period":"2085","key":"ID","value":8.7,"estimate":"q5"},{"bfs_id":4263,"rcp":"RCP2.6","period":"2085","key":"ID","value":12,"estimate":"q50"},{"bfs_id":4263,"rcp":"RCP2.6","period":"2085","key":"ID","value":14.2,"estimate":"q95"},{"bfs_id":4263,"rcp":"RCP8.5","period":"2035","key":"ID","value":8.6,"estimate":"q5"},{"bfs_id":4263,"rcp":"RCP8.5","period":"2035","key":"ID","value":11.3,"estimate":"q50"},{"bfs_id":4263,"rcp":"RCP8.5","period":"2035","key":"ID","value":15.6,"estimate":"q95"},{"bfs_id":4263,"rcp":"RCP8.5","period":"2060","key":"ID","value":5.4,"estimate":"q5"},{"bfs_id":4263,"rcp":"RCP8.5","period":"2060","key":"ID","value":7.7,"estimate":"q50"},{"bfs_id":4263,"rcp":"RCP8.5","period":"2060","key":"ID","value":9.9,"estimate":"q95"},{"bfs_id":4263,"rcp":"RCP8.5","period":"2085","key":"ID","value":1.3,"estimate":"q5"},{"bfs_id":4263,"rcp":"RCP8.5","period":"2085","key":"ID","value":3.4,"estimate":"q50"},{"bfs_id":4263,"rcp":"RCP8.5","period":"2085","key":"ID","value":5.4,"estimate":"q95"},{"bfs_id":4263,"rcp":"RCP2.6","period":"2035","key":"SD","value":49.6,"estimate":"q5"},{"bfs_id":4263,"rcp":"RCP2.6","period":"2035","key":"SD","value":55.5,"estimate":"q50"},{"bfs_id":4263,"rcp":"RCP2.6","period":"2035","key":"SD","value":62.4,"estimate":"q95"},{"bfs_id":4263,"rcp":"RCP2.6","period":"2060","key":"SD","value":49.8,"estimate":"q5"},{"bfs_id":4263,"rcp":"RCP2.6","period":"2060","key":"SD","value":56,"estimate":"q50"},{"bfs_id":4263,"rcp":"RCP2.6","period":"2060","key":"SD","value":62.4,"estimate":"q95"},{"bfs_id":4263,"rcp":"RCP2.6","period":"2085","key":"SD","value":49.3,"estimate":"q5"},{"bfs_id":4263,"rcp":"RCP2.6","period":"2085","key":"SD","value":56.4,"estimate":"q50"},{"bfs_id":4263,"rcp":"RCP2.6","period":"2085","key":"SD","value":63.3,"estimate":"q95"},{"bfs_id":4263,"rcp":"RCP8.5","period":"2035","key":"SD","value":51.4,"estimate":"q5"},{"bfs_id":4263,"rcp":"RCP8.5","period":"2035","key":"SD","value":57.4,"estimate":"q50"},{"bfs_id":4263,"rcp":"RCP8.5","period":"2035","key":"SD","value":63.3,"estimate":"q95"},{"bfs_id":4263,"rcp":"RCP8.5","period":"2060","key":"SD","value":67.4,"estimate":"q5"},{"bfs_id":4263,"rcp":"RCP8.5","period":"2060","key":"SD","value":72.5,"estimate":"q50"},{"bfs_id":4263,"rcp":"RCP8.5","period":"2060","key":"SD","value":88.2,"estimate":"q95"},{"bfs_id":4263,"rcp":"RCP8.5","period":"2085","key":"SD","value":82.5,"estimate":"q5"},{"bfs_id":4263,"rcp":"RCP8.5","period":"2085","key":"SD","value":96.1,"estimate":"q50"},{"bfs_id":4263,"rcp":"RCP8.5","period":"2085","key":"SD","value":113.1,"estimate":"q95"},{"bfs_id":4263,"rcp":"RCP2.6","period":"2035","key":"snowdays","value":12.4,"estimate":"q5"},{"bfs_id":4263,"rcp":"RCP2.6","period":"2035","key":"snowdays","value":15.6,"estimate":"q50"},{"bfs_id":4263,"rcp":"RCP2.6","period":"2035","key":"snowdays","value":17.7,"estimate":"q95"},{"bfs_id":4263,"rcp":"RCP2.6","period":"2060","key":"snowdays","value":11.3,"estimate":"q5"},{"bfs_id":4263,"rcp":"RCP2.6","period":"2060","key":"snowdays","value":14.3,"estimate":"q50"},{"bfs_id":4263,"rcp":"RCP2.6","period":"2060","key":"snowdays","value":17.6,"estimate":"q95"},{"bfs_id":4263,"rcp":"RCP2.6","period":"2085","key":"snowdays","value":11.1,"estimate":"q5"},{"bfs_id":4263,"rcp":"RCP2.6","period":"2085","key":"snowdays","value":14.7,"estimate":"q50"},{"bfs_id":4263,"rcp":"RCP2.6","period":"2085","key":"snowdays","value":17.5,"estimate":"q95"},{"bfs_id":4263,"rcp":"RCP8.5","period":"2035","key":"snowdays","value":10.4,"estimate":"q5"},{"bfs_id":4263,"rcp":"RCP8.5","period":"2035","key":"snowdays","value":14.9,"estimate":"q50"},{"bfs_id":4263,"rcp":"RCP8.5","period":"2035","key":"snowdays","value":17.7,"estimate":"q95"},{"bfs_id":4263,"rcp":"RCP8.5","period":"2060","key":"snowdays","value":7.4,"estimate":"q5"},{"bfs_id":4263,"rcp":"RCP8.5","period":"2060","key":"snowdays","value":10.6,"estimate":"q50"},{"bfs_id":4263,"rcp":"RCP8.5","period":"2060","key":"snowdays","value":12.8,"estimate":"q95"},{"bfs_id":4263,"rcp":"RCP8.5","period":"2085","key":"snowdays","value":2.9,"estimate":"q5"},{"bfs_id":4263,"rcp":"RCP8.5","period":"2085","key":"snowdays","value":5.7,"estimate":"q50"},{"bfs_id":4263,"rcp":"RCP8.5","period":"2085","key":"snowdays","value":7.8,"estimate":"q95"},{"bfs_id":4263,"rcp":"RCP2.6","period":"2035","key":"TN","value":0.4,"estimate":"q5"},{"bfs_id":4263,"rcp":"RCP2.6","period":"2035","key":"TN","value":1,"estimate":"q50"},{"bfs_id":4263,"rcp":"RCP2.6","period":"2035","key":"TN","value":1.7,"estimate":"q95"},{"bfs_id":4263,"rcp":"RCP2.6","period":"2060","key":"TN","value":0.5,"estimate":"q5"},{"bfs_id":4263,"rcp":"RCP2.6","period":"2060","key":"TN","value":1.1,"estimate":"q50"},{"bfs_id":4263,"rcp":"RCP2.6","period":"2060","key":"TN","value":2.3,"estimate":"q95"},{"bfs_id":4263,"rcp":"RCP2.6","period":"2085","key":"TN","value":0.5,"estimate":"q5"},{"bfs_id":4263,"rcp":"RCP2.6","period":"2085","key":"TN","value":1.2,"estimate":"q50"},{"bfs_id":4263,"rcp":"RCP2.6","period":"2085","key":"TN","value":1.9,"estimate":"q95"},{"bfs_id":4263,"rcp":"RCP8.5","period":"2035","key":"TN","value":0.6,"estimate":"q5"},{"bfs_id":4263,"rcp":"RCP8.5","period":"2035","key":"TN","value":1.3,"estimate":"q50"},{"bfs_id":4263,"rcp":"RCP8.5","period":"2035","key":"TN","value":3.4,"estimate":"q95"},{"bfs_id":4263,"rcp":"RCP8.5","period":"2060","key":"TN","value":2.6,"estimate":"q5"},{"bfs_id":4263,"rcp":"RCP8.5","period":"2060","key":"TN","value":5.9,"estimate":"q50"},{"bfs_id":4263,"rcp":"RCP8.5","period":"2060","key":"TN","value":10,"estimate":"q95"},{"bfs_id":4263,"rcp":"RCP8.5","period":"2085","key":"TN","value":8.6,"estimate":"q5"},{"bfs_id":4263,"rcp":"RCP8.5","period":"2085","key":"TN","value":13.8,"estimate":"q50"},{"bfs_id":4263,"rcp":"RCP8.5","period":"2085","key":"TN","value":30.7,"estimate":"q95"},{"bfs_id":4263,"rcp":"RCP2.6","period":"2035","key":"pr","value":2.5,"estimate":"q5","season":"DJF"},{"bfs_id":4263,"rcp":"RCP2.6","period":"2035","key":"pr","value":2.7,"estimate":"q5","season":"MAM"},{"bfs_id":4263,"rcp":"RCP2.6","period":"2035","key":"pr","value":2.8,"estimate":"q5","season":"JJA"},{"bfs_id":4263,"rcp":"RCP2.6","period":"2035","key":"pr","value":2.7,"estimate":"q5","season":"SON"},{"bfs_id":4263,"rcp":"RCP2.6","period":"2035","key":"pr","value":2.9,"estimate":"q50","season":"DJF"},{"bfs_id":4263,"rcp":"RCP2.6","period":"2035","key":"pr","value":3.1,"estimate":"q50","season":"MAM"},{"bfs_id":4263,"rcp":"RCP2.6","period":"2035","key":"pr","value":3.2,"estimate":"q50","season":"JJA"},{"bfs_id":4263,"rcp":"RCP2.6","period":"2035","key":"pr","value":2.9,"estimate":"q50","season":"SON"},{"bfs_id":4263,"rcp":"RCP2.6","period":"2035","key":"pr","value":3.4,"estimate":"q95","season":"DJF"},{"bfs_id":4263,"rcp":"RCP2.6","period":"2035","key":"pr","value":3.3,"estimate":"q95","season":"MAM"},{"bfs_id":4263,"rcp":"RCP2.6","period":"2035","key":"pr","value":3.6,"estimate":"q95","season":"JJA"},{"bfs_id":4263,"rcp":"RCP2.6","period":"2035","key":"pr","value":3.4,"estimate":"q95","season":"SON"},{"bfs_id":4263,"rcp":"RCP2.6","period":"2060","key":"pr","value":2.5,"estimate":"q5","season":"DJF"},{"bfs_id":4263,"rcp":"RCP2.6","period":"2060","key":"pr","value":2.8,"estimate":"q5","season":"MAM"},{"bfs_id":4263,"rcp":"RCP2.6","period":"2060","key":"pr","value":2.8,"estimate":"q5","season":"JJA"},{"bfs_id":4263,"rcp":"RCP2.6","period":"2060","key":"pr","value":2.7,"estimate":"q5","season":"SON"},{"bfs_id":4263,"rcp":"RCP2.6","period":"2060","key":"pr","value":2.9,"estimate":"q50","season":"DJF"},{"bfs_id":4263,"rcp":"RCP2.6","period":"2060","key":"pr","value":3,"estimate":"q50","season":"MAM"},{"bfs_id":4263,"rcp":"RCP2.6","period":"2060","key":"pr","value":3.2,"estimate":"q50","season":"JJA"},{"bfs_id":4263,"rcp":"RCP2.6","period":"2060","key":"pr","value":2.9,"estimate":"q50","season":"SON"},{"bfs_id":4263,"rcp":"RCP2.6","period":"2060","key":"pr","value":3.2,"estimate":"q95","season":"DJF"},{"bfs_id":4263,"rcp":"RCP2.6","period":"2060","key":"pr","value":3.4,"estimate":"q95","season":"MAM"},{"bfs_id":4263,"rcp":"RCP2.6","period":"2060","key":"pr","value":3.6,"estimate":"q95","season":"JJA"},{"bfs_id":4263,"rcp":"RCP2.6","period":"2060","key":"pr","value":3.2,"estimate":"q95","season":"SON"},{"bfs_id":4263,"rcp":"RCP2.6","period":"2085","key":"pr","value":2.6,"estimate":"q5","season":"DJF"},{"bfs_id":4263,"rcp":"RCP2.6","period":"2085","key":"pr","value":2.8,"estimate":"q5","season":"MAM"},{"bfs_id":4263,"rcp":"RCP2.6","period":"2085","key":"pr","value":2.8,"estimate":"q5","season":"JJA"},{"bfs_id":4263,"rcp":"RCP2.6","period":"2085","key":"pr","value":2.6,"estimate":"q5","season":"SON"},{"bfs_id":4263,"rcp":"RCP2.6","period":"2085","key":"pr","value":2.9,"estimate":"q50","season":"DJF"},{"bfs_id":4263,"rcp":"RCP2.6","period":"2085","key":"pr","value":3,"estimate":"q50","season":"MAM"},{"bfs_id":4263,"rcp":"RCP2.6","period":"2085","key":"pr","value":3.2,"estimate":"q50","season":"JJA"},{"bfs_id":4263,"rcp":"RCP2.6","period":"2085","key":"pr","value":2.8,"estimate":"q50","season":"SON"},{"bfs_id":4263,"rcp":"RCP2.6","period":"2085","key":"pr","value":3.2,"estimate":"q95","season":"DJF"},{"bfs_id":4263,"rcp":"RCP2.6","period":"2085","key":"pr","value":3.3,"estimate":"q95","season":"MAM"},{"bfs_id":4263,"rcp":"RCP2.6","period":"2085","key":"pr","value":3.6,"estimate":"q95","season":"JJA"},{"bfs_id":4263,"rcp":"RCP2.6","period":"2085","key":"pr","value":3.3,"estimate":"q95","season":"SON"},{"bfs_id":4263,"rcp":"RCP8.5","period":"2035","key":"pr","value":2.6,"estimate":"q5","season":"DJF"},{"bfs_id":4263,"rcp":"RCP8.5","period":"2035","key":"pr","value":2.9,"estimate":"q5","season":"MAM"},{"bfs_id":4263,"rcp":"RCP8.5","period":"2035","key":"pr","value":2.6,"estimate":"q5","season":"JJA"},{"bfs_id":4263,"rcp":"RCP8.5","period":"2035","key":"pr","value":2.7,"estimate":"q5","season":"SON"},{"bfs_id":4263,"rcp":"RCP8.5","period":"2035","key":"pr","value":3.1,"estimate":"q50","season":"DJF"},{"bfs_id":4263,"rcp":"RCP8.5","period":"2035","key":"pr","value":3.1,"estimate":"q50","season":"MAM"},{"bfs_id":4263,"rcp":"RCP8.5","period":"2035","key":"pr","value":3.3,"estimate":"q50","season":"JJA"},{"bfs_id":4263,"rcp":"RCP8.5","period":"2035","key":"pr","value":3,"estimate":"q50","season":"SON"},{"bfs_id":4263,"rcp":"RCP8.5","period":"2035","key":"pr","value":3.3,"estimate":"q95","season":"DJF"},{"bfs_id":4263,"rcp":"RCP8.5","period":"2035","key":"pr","value":3.3,"estimate":"q95","season":"MAM"},{"bfs_id":4263,"rcp":"RCP8.5","period":"2035","key":"pr","value":3.6,"estimate":"q95","season":"JJA"},{"bfs_id":4263,"rcp":"RCP8.5","period":"2035","key":"pr","value":3.4,"estimate":"q95","season":"SON"},{"bfs_id":4263,"rcp":"RCP8.5","period":"2060","key":"pr","value":2.8,"estimate":"q5","season":"DJF"},{"bfs_id":4263,"rcp":"RCP8.5","period":"2060","key":"pr","value":3,"estimate":"q5","season":"MAM"},{"bfs_id":4263,"rcp":"RCP8.5","period":"2060","key":"pr","value":2.4,"estimate":"q5","season":"JJA"},{"bfs_id":4263,"rcp":"RCP8.5","period":"2060","key":"pr","value":2.6,"estimate":"q5","season":"SON"},{"bfs_id":4263,"rcp":"RCP8.5","period":"2060","key":"pr","value":3,"estimate":"q50","season":"DJF"},{"bfs_id":4263,"rcp":"RCP8.5","period":"2060","key":"pr","value":3.3,"estimate":"q50","season":"MAM"},{"bfs_id":4263,"rcp":"RCP8.5","period":"2060","key":"pr","value":3.1,"estimate":"q50","season":"JJA"},{"bfs_id":4263,"rcp":"RCP8.5","period":"2060","key":"pr","value":3,"estimate":"q50","season":"SON"},{"bfs_id":4263,"rcp":"RCP8.5","period":"2060","key":"pr","value":3.5,"estimate":"q95","season":"DJF"},{"bfs_id":4263,"rcp":"RCP8.5","period":"2060","key":"pr","value":3.6,"estimate":"q95","season":"MAM"},{"bfs_id":4263,"rcp":"RCP8.5","period":"2060","key":"pr","value":3.4,"estimate":"q95","season":"JJA"},{"bfs_id":4263,"rcp":"RCP8.5","period":"2060","key":"pr","value":3.4,"estimate":"q95","season":"SON"},{"bfs_id":4263,"rcp":"RCP8.5","period":"2085","key":"pr","value":2.9,"estimate":"q5","season":"DJF"},{"bfs_id":4263,"rcp":"RCP8.5","period":"2085","key":"pr","value":3,"estimate":"q5","season":"MAM"},{"bfs_id":4263,"rcp":"RCP8.5","period":"2085","key":"pr","value":1.8,"estimate":"q5","season":"JJA"},{"bfs_id":4263,"rcp":"RCP8.5","period":"2085","key":"pr","value":2.6,"estimate":"q5","season":"SON"},{"bfs_id":4263,"rcp":"RCP8.5","period":"2085","key":"pr","value":3.3,"estimate":"q50","season":"DJF"},{"bfs_id":4263,"rcp":"RCP8.5","period":"2085","key":"pr","value":3.4,"estimate":"q50","season":"MAM"},{"bfs_id":4263,"rcp":"RCP8.5","period":"2085","key":"pr","value":2.7,"estimate":"q50","season":"JJA"},{"bfs_id":4263,"rcp":"RCP8.5","period":"2085","key":"pr","value":3,"estimate":"q50","season":"SON"},{"bfs_id":4263,"rcp":"RCP8.5","period":"2085","key":"pr","value":3.8,"estimate":"q95","season":"DJF"},{"bfs_id":4263,"rcp":"RCP8.5","period":"2085","key":"pr","value":3.7,"estimate":"q95","season":"MAM"},{"bfs_id":4263,"rcp":"RCP8.5","period":"2085","key":"pr","value":3.3,"estimate":"q95","season":"JJA"},{"bfs_id":4263,"rcp":"RCP8.5","period":"2085","key":"pr","value":3.5,"estimate":"q95","season":"SON"},{"bfs_id":4263,"rcp":"RCP2.6","period":"2035","key":"tas","value":1.8,"estimate":"q5","season":"DJF"},{"bfs_id":4263,"rcp":"RCP2.6","period":"2035","key":"tas","value":9.3,"estimate":"q5","season":"MAM"},{"bfs_id":4263,"rcp":"RCP2.6","period":"2035","key":"tas","value":18.3,"estimate":"q5","season":"JJA"},{"bfs_id":4263,"rcp":"RCP2.6","period":"2035","key":"tas","value":10.3,"estimate":"q5","season":"SON"},{"bfs_id":4263,"rcp":"RCP2.6","period":"2035","key":"tas","value":2.3,"estimate":"q50","season":"DJF"},{"bfs_id":4263,"rcp":"RCP2.6","period":"2035","key":"tas","value":9.9,"estimate":"q50","season":"MAM"},{"bfs_id":4263,"rcp":"RCP2.6","period":"2035","key":"tas","value":18.9,"estimate":"q50","season":"JJA"},{"bfs_id":4263,"rcp":"RCP2.6","period":"2035","key":"tas","value":10.6,"estimate":"q50","season":"SON"},{"bfs_id":4263,"rcp":"RCP2.6","period":"2035","key":"tas","value":3.2,"estimate":"q95","season":"DJF"},{"bfs_id":4263,"rcp":"RCP2.6","period":"2035","key":"tas","value":10.1,"estimate":"q95","season":"MAM"},{"bfs_id":4263,"rcp":"RCP2.6","period":"2035","key":"tas","value":19.4,"estimate":"q95","season":"JJA"},{"bfs_id":4263,"rcp":"RCP2.6","period":"2035","key":"tas","value":11.5,"estimate":"q95","season":"SON"},{"bfs_id":4263,"rcp":"RCP2.6","period":"2060","key":"tas","value":1.8,"estimate":"q5","season":"DJF"},{"bfs_id":4263,"rcp":"RCP2.6","period":"2060","key":"tas","value":9.2,"estimate":"q5","season":"MAM"},{"bfs_id":4263,"rcp":"RCP2.6","period":"2060","key":"tas","value":18.6,"estimate":"q5","season":"JJA"},{"bfs_id":4263,"rcp":"RCP2.6","period":"2060","key":"tas","value":10.6,"estimate":"q5","season":"SON"},{"bfs_id":4263,"rcp":"RCP2.6","period":"2060","key":"tas","value":2.7,"estimate":"q50","season":"DJF"},{"bfs_id":4263,"rcp":"RCP2.6","period":"2060","key":"tas","value":9.9,"estimate":"q50","season":"MAM"},{"bfs_id":4263,"rcp":"RCP2.6","period":"2060","key":"tas","value":19,"estimate":"q50","season":"JJA"},{"bfs_id":4263,"rcp":"RCP2.6","period":"2060","key":"tas","value":10.9,"estimate":"q50","season":"SON"},{"bfs_id":4263,"rcp":"RCP2.6","period":"2060","key":"tas","value":3.2,"estimate":"q95","season":"DJF"},{"bfs_id":4263,"rcp":"RCP2.6","period":"2060","key":"tas","value":10.3,"estimate":"q95","season":"MAM"},{"bfs_id":4263,"rcp":"RCP2.6","period":"2060","key":"tas","value":19.7,"estimate":"q95","season":"JJA"},{"bfs_id":4263,"rcp":"RCP2.6","period":"2060","key":"tas","value":11.9,"estimate":"q95","season":"SON"},{"bfs_id":4263,"rcp":"RCP2.6","period":"2085","key":"tas","value":1.9,"estimate":"q5","season":"DJF"},{"bfs_id":4263,"rcp":"RCP2.6","period":"2085","key":"tas","value":9.2,"estimate":"q5","season":"MAM"},{"bfs_id":4263,"rcp":"RCP2.6","period":"2085","key":"tas","value":18.5,"estimate":"q5","season":"JJA"},{"bfs_id":4263,"rcp":"RCP2.6","period":"2085","key":"tas","value":10.3,"estimate":"q5","season":"SON"},{"bfs_id":4263,"rcp":"RCP2.6","period":"2085","key":"tas","value":2.6,"estimate":"q50","season":"DJF"},{"bfs_id":4263,"rcp":"RCP2.6","period":"2085","key":"tas","value":10,"estimate":"q50","season":"MAM"},{"bfs_id":4263,"rcp":"RCP2.6","period":"2085","key":"tas","value":18.9,"estimate":"q50","season":"JJA"},{"bfs_id":4263,"rcp":"RCP2.6","period":"2085","key":"tas","value":10.9,"estimate":"q50","season":"SON"},{"bfs_id":4263,"rcp":"RCP2.6","period":"2085","key":"tas","value":3.3,"estimate":"q95","season":"DJF"},{"bfs_id":4263,"rcp":"RCP2.6","period":"2085","key":"tas","value":10.4,"estimate":"q95","season":"MAM"},{"bfs_id":4263,"rcp":"RCP2.6","period":"2085","key":"tas","value":19.6,"estimate":"q95","season":"JJA"},{"bfs_id":4263,"rcp":"RCP2.6","period":"2085","key":"tas","value":11.8,"estimate":"q95","season":"SON"},{"bfs_id":4263,"rcp":"RCP8.5","period":"2035","key":"tas","value":1.8,"estimate":"q5","season":"DJF"},{"bfs_id":4263,"rcp":"RCP8.5","period":"2035","key":"tas","value":9.5,"estimate":"q5","season":"MAM"},{"bfs_id":4263,"rcp":"RCP8.5","period":"2035","key":"tas","value":18.7,"estimate":"q5","season":"JJA"},{"bfs_id":4263,"rcp":"RCP8.5","period":"2035","key":"tas","value":10.6,"estimate":"q5","season":"SON"},{"bfs_id":4263,"rcp":"RCP8.5","period":"2035","key":"tas","value":2.7,"estimate":"q50","season":"DJF"},{"bfs_id":4263,"rcp":"RCP8.5","period":"2035","key":"tas","value":9.9,"estimate":"q50","season":"MAM"},{"bfs_id":4263,"rcp":"RCP8.5","period":"2035","key":"tas","value":19.2,"estimate":"q50","season":"JJA"},{"bfs_id":4263,"rcp":"RCP8.5","period":"2035","key":"tas","value":11,"estimate":"q50","season":"SON"},{"bfs_id":4263,"rcp":"RCP8.5","period":"2035","key":"tas","value":3.2,"estimate":"q95","season":"DJF"},{"bfs_id":4263,"rcp":"RCP8.5","period":"2035","key":"tas","value":10.3,"estimate":"q95","season":"MAM"},{"bfs_id":4263,"rcp":"RCP8.5","period":"2035","key":"tas","value":19.8,"estimate":"q95","season":"JJA"},{"bfs_id":4263,"rcp":"RCP8.5","period":"2035","key":"tas","value":11.9,"estimate":"q95","season":"SON"},{"bfs_id":4263,"rcp":"RCP8.5","period":"2060","key":"tas","value":3.1,"estimate":"q5","season":"DJF"},{"bfs_id":4263,"rcp":"RCP8.5","period":"2060","key":"tas","value":10.3,"estimate":"q5","season":"MAM"},{"bfs_id":4263,"rcp":"RCP8.5","period":"2060","key":"tas","value":19.8,"estimate":"q5","season":"JJA"},{"bfs_id":4263,"rcp":"RCP8.5","period":"2060","key":"tas","value":11.7,"estimate":"q5","season":"SON"},{"bfs_id":4263,"rcp":"RCP8.5","period":"2060","key":"tas","value":3.5,"estimate":"q50","season":"DJF"},{"bfs_id":4263,"rcp":"RCP8.5","period":"2060","key":"tas","value":10.8,"estimate":"q50","season":"MAM"},{"bfs_id":4263,"rcp":"RCP8.5","period":"2060","key":"tas","value":20.4,"estimate":"q50","season":"JJA"},{"bfs_id":4263,"rcp":"RCP8.5","period":"2060","key":"tas","value":12.2,"estimate":"q50","season":"SON"},{"bfs_id":4263,"rcp":"RCP8.5","period":"2060","key":"tas","value":4.3,"estimate":"q95","season":"DJF"},{"bfs_id":4263,"rcp":"RCP8.5","period":"2060","key":"tas","value":11.3,"estimate":"q95","season":"MAM"},{"bfs_id":4263,"rcp":"RCP8.5","period":"2060","key":"tas","value":21.4,"estimate":"q95","season":"JJA"},{"bfs_id":4263,"rcp":"RCP8.5","period":"2060","key":"tas","value":13.1,"estimate":"q95","season":"SON"},{"bfs_id":4263,"rcp":"RCP8.5","period":"2085","key":"tas","value":4.3,"estimate":"q5","season":"DJF"},{"bfs_id":4263,"rcp":"RCP8.5","period":"2085","key":"tas","value":11.3,"estimate":"q5","season":"MAM"},{"bfs_id":4263,"rcp":"RCP8.5","period":"2085","key":"tas","value":21.2,"estimate":"q5","season":"JJA"},{"bfs_id":4263,"rcp":"RCP8.5","period":"2085","key":"tas","value":12.7,"estimate":"q5","season":"SON"},{"bfs_id":4263,"rcp":"RCP8.5","period":"2085","key":"tas","value":5.4,"estimate":"q50","season":"DJF"},{"bfs_id":4263,"rcp":"RCP8.5","period":"2085","key":"tas","value":12,"estimate":"q50","season":"MAM"},{"bfs_id":4263,"rcp":"RCP8.5","period":"2085","key":"tas","value":22.1,"estimate":"q50","season":"JJA"},{"bfs_id":4263,"rcp":"RCP8.5","period":"2085","key":"tas","value":13.6,"estimate":"q50","season":"SON"},{"bfs_id":4263,"rcp":"RCP8.5","period":"2085","key":"tas","value":6.1,"estimate":"q95","season":"DJF"},{"bfs_id":4263,"rcp":"RCP8.5","period":"2085","key":"tas","value":13,"estimate":"q95","season":"MAM"},{"bfs_id":4263,"rcp":"RCP8.5","period":"2085","key":"tas","value":24.4,"estimate":"q95","season":"JJA"},{"bfs_id":4263,"rcp":"RCP8.5","period":"2085","key":"tas","value":15.3,"estimate":"q95","season":"SON"},{"bfs_id":4263,"rcp":"obs","period":"1981-2010","key":"FD","value":83.2,"estimate":"yearly_mean"},{"bfs_id":4263,"rcp":"obs","period":"1981-2010","key":"HD","value":7.5,"estimate":"yearly_mean"},{"bfs_id":4263,"rcp":"obs","period":"1981-2010","key":"ID","value":18.2,"estimate":"yearly_mean"},{"bfs_id":4263,"rcp":"obs","period":"1981-2010","key":"SD","value":43.2,"estimate":"yearly_mean"},{"bfs_id":4263,"rcp":"obs","period":"1981-2010","key":"snowdays","value":18.7,"estimate":"yearly_mean"},{"bfs_id":4263,"rcp":"obs","period":"1981-2010","key":"TN","value":0.1,"estimate":"yearly_mean"},{"bfs_id":4263,"rcp":"obs","period":"1981-2010","key":"pr","value":2.6,"estimate":"mean","season":"DJF"},{"bfs_id":4263,"rcp":"obs","period":"1981-2010","key":"pr","value":3,"estimate":"mean","season":"MAM"},{"bfs_id":4263,"rcp":"obs","period":"1981-2010","key":"pr","value":3.3,"estimate":"mean","season":"JJA"},{"bfs_id":4263,"rcp":"obs","period":"1981-2010","key":"pr","value":3,"estimate":"mean","season":"SON"},{"bfs_id":4263,"rcp":"obs","period":"1981-2010","key":"tas","value":1.2,"estimate":"mean","season":"DJF"},{"bfs_id":4263,"rcp":"obs","period":"1981-2010","key":"tas","value":9.2,"estimate":"mean","season":"MAM"},{"bfs_id":4263,"rcp":"obs","period":"1981-2010","key":"tas","value":17.8,"estimate":"mean","season":"JJA"},{"bfs_id":4263,"rcp":"obs","period":"1981-2010","key":"tas","value":9.6,"estimate":"mean","season":"SON"}]
