[{"bfs_id":5464,"rcp":"RCP2.6","period":"2035","key":"FD","value":47.7,"estimate":"q5"},{"bfs_id":5464,"rcp":"RCP2.6","period":"2035","key":"FD","value":57.4,"estimate":"q50"},{"bfs_id":5464,"rcp":"RCP2.6","period":"2035","key":"FD","value":62.2,"estimate":"q95"},{"bfs_id":5464,"rcp":"RCP2.6","period":"2060","key":"FD","value":44.1,"estimate":"q5"},{"bfs_id":5464,"rcp":"RCP2.6","period":"2060","key":"FD","value":53.6,"estimate":"q50"},{"bfs_id":5464,"rcp":"RCP2.6","period":"2060","key":"FD","value":59.6,"estimate":"q95"},{"bfs_id":5464,"rcp":"RCP2.6","period":"2085","key":"FD","value":43.8,"estimate":"q5"},{"bfs_id":5464,"rcp":"RCP2.6","period":"2085","key":"FD","value":54.6,"estimate":"q50"},{"bfs_id":5464,"rcp":"RCP2.6","period":"2085","key":"FD","value":60.8,"estimate":"q95"},{"bfs_id":5464,"rcp":"RCP8.5","period":"2035","key":"FD","value":44.7,"estimate":"q5"},{"bfs_id":5464,"rcp":"RCP8.5","period":"2035","key":"FD","value":54.1,"estimate":"q50"},{"bfs_id":5464,"rcp":"RCP8.5","period":"2035","key":"FD","value":59.1,"estimate":"q95"},{"bfs_id":5464,"rcp":"RCP8.5","period":"2060","key":"FD","value":35.1,"estimate":"q5"},{"bfs_id":5464,"rcp":"RCP8.5","period":"2060","key":"FD","value":40.5,"estimate":"q50"},{"bfs_id":5464,"rcp":"RCP8.5","period":"2060","key":"FD","value":47.2,"estimate":"q95"},{"bfs_id":5464,"rcp":"RCP8.5","period":"2085","key":"FD","value":19.9,"estimate":"q5"},{"bfs_id":5464,"rcp":"RCP8.5","period":"2085","key":"FD","value":24.1,"estimate":"q50"},{"bfs_id":5464,"rcp":"RCP8.5","period":"2085","key":"FD","value":32.3,"estimate":"q95"},{"bfs_id":5464,"rcp":"RCP2.6","period":"2035","key":"HD","value":11.8,"estimate":"q5"},{"bfs_id":5464,"rcp":"RCP2.6","period":"2035","key":"HD","value":15.9,"estimate":"q50"},{"bfs_id":5464,"rcp":"RCP2.6","period":"2035","key":"HD","value":21.5,"estimate":"q95"},{"bfs_id":5464,"rcp":"RCP2.6","period":"2060","key":"HD","value":13,"estimate":"q5"},{"bfs_id":5464,"rcp":"RCP2.6","period":"2060","key":"HD","value":16,"estimate":"q50"},{"bfs_id":5464,"rcp":"RCP2.6","period":"2060","key":"HD","value":24.9,"estimate":"q95"},{"bfs_id":5464,"rcp":"RCP2.6","period":"2085","key":"HD","value":12.4,"estimate":"q5"},{"bfs_id":5464,"rcp":"RCP2.6","period":"2085","key":"HD","value":14.8,"estimate":"q50"},{"bfs_id":5464,"rcp":"RCP2.6","period":"2085","key":"HD","value":24.1,"estimate":"q95"},{"bfs_id":5464,"rcp":"RCP8.5","period":"2035","key":"HD","value":13,"estimate":"q5"},{"bfs_id":5464,"rcp":"RCP8.5","period":"2035","key":"HD","value":16.1,"estimate":"q50"},{"bfs_id":5464,"rcp":"RCP8.5","period":"2035","key":"HD","value":23.4,"estimate":"q95"},{"bfs_id":5464,"rcp":"RCP8.5","period":"2060","key":"HD","value":19.5,"estimate":"q5"},{"bfs_id":5464,"rcp":"RCP8.5","period":"2060","key":"HD","value":26.1,"estimate":"q50"},{"bfs_id":5464,"rcp":"RCP8.5","period":"2060","key":"HD","value":40.4,"estimate":"q95"},{"bfs_id":5464,"rcp":"RCP8.5","period":"2085","key":"HD","value":35.5,"estimate":"q5"},{"bfs_id":5464,"rcp":"RCP8.5","period":"2085","key":"HD","value":42.2,"estimate":"q50"},{"bfs_id":5464,"rcp":"RCP8.5","period":"2085","key":"HD","value":65,"estimate":"q95"},{"bfs_id":5464,"rcp":"RCP2.6","period":"2035","key":"ID","value":7.4,"estimate":"q5"},{"bfs_id":5464,"rcp":"RCP2.6","period":"2035","key":"ID","value":10.6,"estimate":"q50"},{"bfs_id":5464,"rcp":"RCP2.6","period":"2035","key":"ID","value":13.4,"estimate":"q95"},{"bfs_id":5464,"rcp":"RCP2.6","period":"2060","key":"ID","value":7,"estimate":"q5"},{"bfs_id":5464,"rcp":"RCP2.6","period":"2060","key":"ID","value":10.4,"estimate":"q50"},{"bfs_id":5464,"rcp":"RCP2.6","period":"2060","key":"ID","value":12.6,"estimate":"q95"},{"bfs_id":5464,"rcp":"RCP2.6","period":"2085","key":"ID","value":7.5,"estimate":"q5"},{"bfs_id":5464,"rcp":"RCP2.6","period":"2085","key":"ID","value":9.6,"estimate":"q50"},{"bfs_id":5464,"rcp":"RCP2.6","period":"2085","key":"ID","value":12.9,"estimate":"q95"},{"bfs_id":5464,"rcp":"RCP8.5","period":"2035","key":"ID","value":7.7,"estimate":"q5"},{"bfs_id":5464,"rcp":"RCP8.5","period":"2035","key":"ID","value":9.1,"estimate":"q50"},{"bfs_id":5464,"rcp":"RCP8.5","period":"2035","key":"ID","value":12.7,"estimate":"q95"},{"bfs_id":5464,"rcp":"RCP8.5","period":"2060","key":"ID","value":5,"estimate":"q5"},{"bfs_id":5464,"rcp":"RCP8.5","period":"2060","key":"ID","value":6.5,"estimate":"q50"},{"bfs_id":5464,"rcp":"RCP8.5","period":"2060","key":"ID","value":8.7,"estimate":"q95"},{"bfs_id":5464,"rcp":"RCP8.5","period":"2085","key":"ID","value":1.2,"estimate":"q5"},{"bfs_id":5464,"rcp":"RCP8.5","period":"2085","key":"ID","value":2.7,"estimate":"q50"},{"bfs_id":5464,"rcp":"RCP8.5","period":"2085","key":"ID","value":4.8,"estimate":"q95"},{"bfs_id":5464,"rcp":"RCP2.6","period":"2035","key":"SD","value":55.5,"estimate":"q5"},{"bfs_id":5464,"rcp":"RCP2.6","period":"2035","key":"SD","value":62.2,"estimate":"q50"},{"bfs_id":5464,"rcp":"RCP2.6","period":"2035","key":"SD","value":71.1,"estimate":"q95"},{"bfs_id":5464,"rcp":"RCP2.6","period":"2060","key":"SD","value":56,"estimate":"q5"},{"bfs_id":5464,"rcp":"RCP2.6","period":"2060","key":"SD","value":64.5,"estimate":"q50"},{"bfs_id":5464,"rcp":"RCP2.6","period":"2060","key":"SD","value":70.9,"estimate":"q95"},{"bfs_id":5464,"rcp":"RCP2.6","period":"2085","key":"SD","value":56.4,"estimate":"q5"},{"bfs_id":5464,"rcp":"RCP2.6","period":"2085","key":"SD","value":64,"estimate":"q50"},{"bfs_id":5464,"rcp":"RCP2.6","period":"2085","key":"SD","value":70.6,"estimate":"q95"},{"bfs_id":5464,"rcp":"RCP8.5","period":"2035","key":"SD","value":58.8,"estimate":"q5"},{"bfs_id":5464,"rcp":"RCP8.5","period":"2035","key":"SD","value":64.9,"estimate":"q50"},{"bfs_id":5464,"rcp":"RCP8.5","period":"2035","key":"SD","value":71.1,"estimate":"q95"},{"bfs_id":5464,"rcp":"RCP8.5","period":"2060","key":"SD","value":74.7,"estimate":"q5"},{"bfs_id":5464,"rcp":"RCP8.5","period":"2060","key":"SD","value":80.4,"estimate":"q50"},{"bfs_id":5464,"rcp":"RCP8.5","period":"2060","key":"SD","value":93.5,"estimate":"q95"},{"bfs_id":5464,"rcp":"RCP8.5","period":"2085","key":"SD","value":89.4,"estimate":"q5"},{"bfs_id":5464,"rcp":"RCP8.5","period":"2085","key":"SD","value":101.5,"estimate":"q50"},{"bfs_id":5464,"rcp":"RCP8.5","period":"2085","key":"SD","value":119.3,"estimate":"q95"},{"bfs_id":5464,"rcp":"RCP2.6","period":"2035","key":"snowdays","value":8.2,"estimate":"q5"},{"bfs_id":5464,"rcp":"RCP2.6","period":"2035","key":"snowdays","value":12.1,"estimate":"q50"},{"bfs_id":5464,"rcp":"RCP2.6","period":"2035","key":"snowdays","value":14.1,"estimate":"q95"},{"bfs_id":5464,"rcp":"RCP2.6","period":"2060","key":"snowdays","value":7.4,"estimate":"q5"},{"bfs_id":5464,"rcp":"RCP2.6","period":"2060","key":"snowdays","value":11.1,"estimate":"q50"},{"bfs_id":5464,"rcp":"RCP2.6","period":"2060","key":"snowdays","value":13.8,"estimate":"q95"},{"bfs_id":5464,"rcp":"RCP2.6","period":"2085","key":"snowdays","value":7.4,"estimate":"q5"},{"bfs_id":5464,"rcp":"RCP2.6","period":"2085","key":"snowdays","value":11.4,"estimate":"q50"},{"bfs_id":5464,"rcp":"RCP2.6","period":"2085","key":"snowdays","value":14.4,"estimate":"q95"},{"bfs_id":5464,"rcp":"RCP8.5","period":"2035","key":"snowdays","value":6.3,"estimate":"q5"},{"bfs_id":5464,"rcp":"RCP8.5","period":"2035","key":"snowdays","value":10.7,"estimate":"q50"},{"bfs_id":5464,"rcp":"RCP8.5","period":"2035","key":"snowdays","value":13.6,"estimate":"q95"},{"bfs_id":5464,"rcp":"RCP8.5","period":"2060","key":"snowdays","value":4.9,"estimate":"q5"},{"bfs_id":5464,"rcp":"RCP8.5","period":"2060","key":"snowdays","value":7.8,"estimate":"q50"},{"bfs_id":5464,"rcp":"RCP8.5","period":"2060","key":"snowdays","value":9.9,"estimate":"q95"},{"bfs_id":5464,"rcp":"RCP8.5","period":"2085","key":"snowdays","value":2.1,"estimate":"q5"},{"bfs_id":5464,"rcp":"RCP8.5","period":"2085","key":"snowdays","value":3.9,"estimate":"q50"},{"bfs_id":5464,"rcp":"RCP8.5","period":"2085","key":"snowdays","value":6.3,"estimate":"q95"},{"bfs_id":5464,"rcp":"RCP2.6","period":"2035","key":"TN","value":0.8,"estimate":"q5"},{"bfs_id":5464,"rcp":"RCP2.6","period":"2035","key":"TN","value":1.8,"estimate":"q50"},{"bfs_id":5464,"rcp":"RCP2.6","period":"2035","key":"TN","value":2.5,"estimate":"q95"},{"bfs_id":5464,"rcp":"RCP2.6","period":"2060","key":"TN","value":1,"estimate":"q5"},{"bfs_id":5464,"rcp":"RCP2.6","period":"2060","key":"TN","value":1.6,"estimate":"q50"},{"bfs_id":5464,"rcp":"RCP2.6","period":"2060","key":"TN","value":3.1,"estimate":"q95"},{"bfs_id":5464,"rcp":"RCP2.6","period":"2085","key":"TN","value":0.9,"estimate":"q5"},{"bfs_id":5464,"rcp":"RCP2.6","period":"2085","key":"TN","value":1.7,"estimate":"q50"},{"bfs_id":5464,"rcp":"RCP2.6","period":"2085","key":"TN","value":3,"estimate":"q95"},{"bfs_id":5464,"rcp":"RCP8.5","period":"2035","key":"TN","value":1.2,"estimate":"q5"},{"bfs_id":5464,"rcp":"RCP8.5","period":"2035","key":"TN","value":2.2,"estimate":"q50"},{"bfs_id":5464,"rcp":"RCP8.5","period":"2035","key":"TN","value":4.2,"estimate":"q95"},{"bfs_id":5464,"rcp":"RCP8.5","period":"2060","key":"TN","value":4,"estimate":"q5"},{"bfs_id":5464,"rcp":"RCP8.5","period":"2060","key":"TN","value":6.1,"estimate":"q50"},{"bfs_id":5464,"rcp":"RCP8.5","period":"2060","key":"TN","value":12.1,"estimate":"q95"},{"bfs_id":5464,"rcp":"RCP8.5","period":"2085","key":"TN","value":11.2,"estimate":"q5"},{"bfs_id":5464,"rcp":"RCP8.5","period":"2085","key":"TN","value":18.2,"estimate":"q50"},{"bfs_id":5464,"rcp":"RCP8.5","period":"2085","key":"TN","value":38.5,"estimate":"q95"},{"bfs_id":5464,"rcp":"RCP2.6","period":"2035","key":"pr","value":2.2,"estimate":"q5","season":"DJF"},{"bfs_id":5464,"rcp":"RCP2.6","period":"2035","key":"pr","value":2.4,"estimate":"q5","season":"MAM"},{"bfs_id":5464,"rcp":"RCP2.6","period":"2035","key":"pr","value":2.4,"estimate":"q5","season":"JJA"},{"bfs_id":5464,"rcp":"RCP2.6","period":"2035","key":"pr","value":2.4,"estimate":"q5","season":"SON"},{"bfs_id":5464,"rcp":"RCP2.6","period":"2035","key":"pr","value":2.5,"estimate":"q50","season":"DJF"},{"bfs_id":5464,"rcp":"RCP2.6","period":"2035","key":"pr","value":2.7,"estimate":"q50","season":"MAM"},{"bfs_id":5464,"rcp":"RCP2.6","period":"2035","key":"pr","value":2.9,"estimate":"q50","season":"JJA"},{"bfs_id":5464,"rcp":"RCP2.6","period":"2035","key":"pr","value":2.8,"estimate":"q50","season":"SON"},{"bfs_id":5464,"rcp":"RCP2.6","period":"2035","key":"pr","value":3,"estimate":"q95","season":"DJF"},{"bfs_id":5464,"rcp":"RCP2.6","period":"2035","key":"pr","value":3,"estimate":"q95","season":"MAM"},{"bfs_id":5464,"rcp":"RCP2.6","period":"2035","key":"pr","value":3.3,"estimate":"q95","season":"JJA"},{"bfs_id":5464,"rcp":"RCP2.6","period":"2035","key":"pr","value":3.2,"estimate":"q95","season":"SON"},{"bfs_id":5464,"rcp":"RCP2.6","period":"2060","key":"pr","value":2.2,"estimate":"q5","season":"DJF"},{"bfs_id":5464,"rcp":"RCP2.6","period":"2060","key":"pr","value":2.5,"estimate":"q5","season":"MAM"},{"bfs_id":5464,"rcp":"RCP2.6","period":"2060","key":"pr","value":2.4,"estimate":"q5","season":"JJA"},{"bfs_id":5464,"rcp":"RCP2.6","period":"2060","key":"pr","value":2.6,"estimate":"q5","season":"SON"},{"bfs_id":5464,"rcp":"RCP2.6","period":"2060","key":"pr","value":2.6,"estimate":"q50","season":"DJF"},{"bfs_id":5464,"rcp":"RCP2.6","period":"2060","key":"pr","value":2.8,"estimate":"q50","season":"MAM"},{"bfs_id":5464,"rcp":"RCP2.6","period":"2060","key":"pr","value":2.8,"estimate":"q50","season":"JJA"},{"bfs_id":5464,"rcp":"RCP2.6","period":"2060","key":"pr","value":2.8,"estimate":"q50","season":"SON"},{"bfs_id":5464,"rcp":"RCP2.6","period":"2060","key":"pr","value":2.8,"estimate":"q95","season":"DJF"},{"bfs_id":5464,"rcp":"RCP2.6","period":"2060","key":"pr","value":2.9,"estimate":"q95","season":"MAM"},{"bfs_id":5464,"rcp":"RCP2.6","period":"2060","key":"pr","value":3.3,"estimate":"q95","season":"JJA"},{"bfs_id":5464,"rcp":"RCP2.6","period":"2060","key":"pr","value":3.1,"estimate":"q95","season":"SON"},{"bfs_id":5464,"rcp":"RCP2.6","period":"2085","key":"pr","value":2.3,"estimate":"q5","season":"DJF"},{"bfs_id":5464,"rcp":"RCP2.6","period":"2085","key":"pr","value":2.5,"estimate":"q5","season":"MAM"},{"bfs_id":5464,"rcp":"RCP2.6","period":"2085","key":"pr","value":2.4,"estimate":"q5","season":"JJA"},{"bfs_id":5464,"rcp":"RCP2.6","period":"2085","key":"pr","value":2.5,"estimate":"q5","season":"SON"},{"bfs_id":5464,"rcp":"RCP2.6","period":"2085","key":"pr","value":2.6,"estimate":"q50","season":"DJF"},{"bfs_id":5464,"rcp":"RCP2.6","period":"2085","key":"pr","value":2.7,"estimate":"q50","season":"MAM"},{"bfs_id":5464,"rcp":"RCP2.6","period":"2085","key":"pr","value":2.9,"estimate":"q50","season":"JJA"},{"bfs_id":5464,"rcp":"RCP2.6","period":"2085","key":"pr","value":2.8,"estimate":"q50","season":"SON"},{"bfs_id":5464,"rcp":"RCP2.6","period":"2085","key":"pr","value":2.9,"estimate":"q95","season":"DJF"},{"bfs_id":5464,"rcp":"RCP2.6","period":"2085","key":"pr","value":2.9,"estimate":"q95","season":"MAM"},{"bfs_id":5464,"rcp":"RCP2.6","period":"2085","key":"pr","value":3.2,"estimate":"q95","season":"JJA"},{"bfs_id":5464,"rcp":"RCP2.6","period":"2085","key":"pr","value":3.2,"estimate":"q95","season":"SON"},{"bfs_id":5464,"rcp":"RCP8.5","period":"2035","key":"pr","value":2.3,"estimate":"q5","season":"DJF"},{"bfs_id":5464,"rcp":"RCP8.5","period":"2035","key":"pr","value":2.6,"estimate":"q5","season":"MAM"},{"bfs_id":5464,"rcp":"RCP8.5","period":"2035","key":"pr","value":2.1,"estimate":"q5","season":"JJA"},{"bfs_id":5464,"rcp":"RCP8.5","period":"2035","key":"pr","value":2.4,"estimate":"q5","season":"SON"},{"bfs_id":5464,"rcp":"RCP8.5","period":"2035","key":"pr","value":2.7,"estimate":"q50","season":"DJF"},{"bfs_id":5464,"rcp":"RCP8.5","period":"2035","key":"pr","value":2.8,"estimate":"q50","season":"MAM"},{"bfs_id":5464,"rcp":"RCP8.5","period":"2035","key":"pr","value":2.9,"estimate":"q50","season":"JJA"},{"bfs_id":5464,"rcp":"RCP8.5","period":"2035","key":"pr","value":2.9,"estimate":"q50","season":"SON"},{"bfs_id":5464,"rcp":"RCP8.5","period":"2035","key":"pr","value":2.9,"estimate":"q95","season":"DJF"},{"bfs_id":5464,"rcp":"RCP8.5","period":"2035","key":"pr","value":3,"estimate":"q95","season":"MAM"},{"bfs_id":5464,"rcp":"RCP8.5","period":"2035","key":"pr","value":3.2,"estimate":"q95","season":"JJA"},{"bfs_id":5464,"rcp":"RCP8.5","period":"2035","key":"pr","value":3.4,"estimate":"q95","season":"SON"},{"bfs_id":5464,"rcp":"RCP8.5","period":"2060","key":"pr","value":2.5,"estimate":"q5","season":"DJF"},{"bfs_id":5464,"rcp":"RCP8.5","period":"2060","key":"pr","value":2.7,"estimate":"q5","season":"MAM"},{"bfs_id":5464,"rcp":"RCP8.5","period":"2060","key":"pr","value":1.9,"estimate":"q5","season":"JJA"},{"bfs_id":5464,"rcp":"RCP8.5","period":"2060","key":"pr","value":2.5,"estimate":"q5","season":"SON"},{"bfs_id":5464,"rcp":"RCP8.5","period":"2060","key":"pr","value":2.7,"estimate":"q50","season":"DJF"},{"bfs_id":5464,"rcp":"RCP8.5","period":"2060","key":"pr","value":2.9,"estimate":"q50","season":"MAM"},{"bfs_id":5464,"rcp":"RCP8.5","period":"2060","key":"pr","value":2.8,"estimate":"q50","season":"JJA"},{"bfs_id":5464,"rcp":"RCP8.5","period":"2060","key":"pr","value":2.9,"estimate":"q50","season":"SON"},{"bfs_id":5464,"rcp":"RCP8.5","period":"2060","key":"pr","value":3,"estimate":"q95","season":"DJF"},{"bfs_id":5464,"rcp":"RCP8.5","period":"2060","key":"pr","value":3.2,"estimate":"q95","season":"MAM"},{"bfs_id":5464,"rcp":"RCP8.5","period":"2060","key":"pr","value":3.2,"estimate":"q95","season":"JJA"},{"bfs_id":5464,"rcp":"RCP8.5","period":"2060","key":"pr","value":3.2,"estimate":"q95","season":"SON"},{"bfs_id":5464,"rcp":"RCP8.5","period":"2085","key":"pr","value":2.6,"estimate":"q5","season":"DJF"},{"bfs_id":5464,"rcp":"RCP8.5","period":"2085","key":"pr","value":2.7,"estimate":"q5","season":"MAM"},{"bfs_id":5464,"rcp":"RCP8.5","period":"2085","key":"pr","value":1.5,"estimate":"q5","season":"JJA"},{"bfs_id":5464,"rcp":"RCP8.5","period":"2085","key":"pr","value":2.3,"estimate":"q5","season":"SON"},{"bfs_id":5464,"rcp":"RCP8.5","period":"2085","key":"pr","value":3.1,"estimate":"q50","season":"DJF"},{"bfs_id":5464,"rcp":"RCP8.5","period":"2085","key":"pr","value":3,"estimate":"q50","season":"MAM"},{"bfs_id":5464,"rcp":"RCP8.5","period":"2085","key":"pr","value":2.4,"estimate":"q50","season":"JJA"},{"bfs_id":5464,"rcp":"RCP8.5","period":"2085","key":"pr","value":2.9,"estimate":"q50","season":"SON"},{"bfs_id":5464,"rcp":"RCP8.5","period":"2085","key":"pr","value":3.4,"estimate":"q95","season":"DJF"},{"bfs_id":5464,"rcp":"RCP8.5","period":"2085","key":"pr","value":3.4,"estimate":"q95","season":"MAM"},{"bfs_id":5464,"rcp":"RCP8.5","period":"2085","key":"pr","value":3.1,"estimate":"q95","season":"JJA"},{"bfs_id":5464,"rcp":"RCP8.5","period":"2085","key":"pr","value":3.3,"estimate":"q95","season":"SON"},{"bfs_id":5464,"rcp":"RCP2.6","period":"2035","key":"tas","value":2.4,"estimate":"q5","season":"DJF"},{"bfs_id":5464,"rcp":"RCP2.6","period":"2035","key":"tas","value":9.8,"estimate":"q5","season":"MAM"},{"bfs_id":5464,"rcp":"RCP2.6","period":"2035","key":"tas","value":19,"estimate":"q5","season":"JJA"},{"bfs_id":5464,"rcp":"RCP2.6","period":"2035","key":"tas","value":10.9,"estimate":"q5","season":"SON"},{"bfs_id":5464,"rcp":"RCP2.6","period":"2035","key":"tas","value":2.8,"estimate":"q50","season":"DJF"},{"bfs_id":5464,"rcp":"RCP2.6","period":"2035","key":"tas","value":10.3,"estimate":"q50","season":"MAM"},{"bfs_id":5464,"rcp":"RCP2.6","period":"2035","key":"tas","value":19.6,"estimate":"q50","season":"JJA"},{"bfs_id":5464,"rcp":"RCP2.6","period":"2035","key":"tas","value":11.2,"estimate":"q50","season":"SON"},{"bfs_id":5464,"rcp":"RCP2.6","period":"2035","key":"tas","value":3.5,"estimate":"q95","season":"DJF"},{"bfs_id":5464,"rcp":"RCP2.6","period":"2035","key":"tas","value":10.7,"estimate":"q95","season":"MAM"},{"bfs_id":5464,"rcp":"RCP2.6","period":"2035","key":"tas","value":20.2,"estimate":"q95","season":"JJA"},{"bfs_id":5464,"rcp":"RCP2.6","period":"2035","key":"tas","value":12,"estimate":"q95","season":"SON"},{"bfs_id":5464,"rcp":"RCP2.6","period":"2060","key":"tas","value":2.3,"estimate":"q5","season":"DJF"},{"bfs_id":5464,"rcp":"RCP2.6","period":"2060","key":"tas","value":9.7,"estimate":"q5","season":"MAM"},{"bfs_id":5464,"rcp":"RCP2.6","period":"2060","key":"tas","value":19.3,"estimate":"q5","season":"JJA"},{"bfs_id":5464,"rcp":"RCP2.6","period":"2060","key":"tas","value":11.1,"estimate":"q5","season":"SON"},{"bfs_id":5464,"rcp":"RCP2.6","period":"2060","key":"tas","value":3.1,"estimate":"q50","season":"DJF"},{"bfs_id":5464,"rcp":"RCP2.6","period":"2060","key":"tas","value":10.4,"estimate":"q50","season":"MAM"},{"bfs_id":5464,"rcp":"RCP2.6","period":"2060","key":"tas","value":19.7,"estimate":"q50","season":"JJA"},{"bfs_id":5464,"rcp":"RCP2.6","period":"2060","key":"tas","value":11.5,"estimate":"q50","season":"SON"},{"bfs_id":5464,"rcp":"RCP2.6","period":"2060","key":"tas","value":3.7,"estimate":"q95","season":"DJF"},{"bfs_id":5464,"rcp":"RCP2.6","period":"2060","key":"tas","value":10.9,"estimate":"q95","season":"MAM"},{"bfs_id":5464,"rcp":"RCP2.6","period":"2060","key":"tas","value":20.4,"estimate":"q95","season":"JJA"},{"bfs_id":5464,"rcp":"RCP2.6","period":"2060","key":"tas","value":12.4,"estimate":"q95","season":"SON"},{"bfs_id":5464,"rcp":"RCP2.6","period":"2085","key":"tas","value":2.4,"estimate":"q5","season":"DJF"},{"bfs_id":5464,"rcp":"RCP2.6","period":"2085","key":"tas","value":9.7,"estimate":"q5","season":"MAM"},{"bfs_id":5464,"rcp":"RCP2.6","period":"2085","key":"tas","value":19.3,"estimate":"q5","season":"JJA"},{"bfs_id":5464,"rcp":"RCP2.6","period":"2085","key":"tas","value":10.9,"estimate":"q5","season":"SON"},{"bfs_id":5464,"rcp":"RCP2.6","period":"2085","key":"tas","value":3,"estimate":"q50","season":"DJF"},{"bfs_id":5464,"rcp":"RCP2.6","period":"2085","key":"tas","value":10.4,"estimate":"q50","season":"MAM"},{"bfs_id":5464,"rcp":"RCP2.6","period":"2085","key":"tas","value":19.7,"estimate":"q50","season":"JJA"},{"bfs_id":5464,"rcp":"RCP2.6","period":"2085","key":"tas","value":11.5,"estimate":"q50","season":"SON"},{"bfs_id":5464,"rcp":"RCP2.6","period":"2085","key":"tas","value":3.7,"estimate":"q95","season":"DJF"},{"bfs_id":5464,"rcp":"RCP2.6","period":"2085","key":"tas","value":11,"estimate":"q95","season":"MAM"},{"bfs_id":5464,"rcp":"RCP2.6","period":"2085","key":"tas","value":20.3,"estimate":"q95","season":"JJA"},{"bfs_id":5464,"rcp":"RCP2.6","period":"2085","key":"tas","value":12.4,"estimate":"q95","season":"SON"},{"bfs_id":5464,"rcp":"RCP8.5","period":"2035","key":"tas","value":2.3,"estimate":"q5","season":"DJF"},{"bfs_id":5464,"rcp":"RCP8.5","period":"2035","key":"tas","value":10,"estimate":"q5","season":"MAM"},{"bfs_id":5464,"rcp":"RCP8.5","period":"2035","key":"tas","value":19.5,"estimate":"q5","season":"JJA"},{"bfs_id":5464,"rcp":"RCP8.5","period":"2035","key":"tas","value":11.2,"estimate":"q5","season":"SON"},{"bfs_id":5464,"rcp":"RCP8.5","period":"2035","key":"tas","value":3.1,"estimate":"q50","season":"DJF"},{"bfs_id":5464,"rcp":"RCP8.5","period":"2035","key":"tas","value":10.4,"estimate":"q50","season":"MAM"},{"bfs_id":5464,"rcp":"RCP8.5","period":"2035","key":"tas","value":19.9,"estimate":"q50","season":"JJA"},{"bfs_id":5464,"rcp":"RCP8.5","period":"2035","key":"tas","value":11.6,"estimate":"q50","season":"SON"},{"bfs_id":5464,"rcp":"RCP8.5","period":"2035","key":"tas","value":3.5,"estimate":"q95","season":"DJF"},{"bfs_id":5464,"rcp":"RCP8.5","period":"2035","key":"tas","value":10.8,"estimate":"q95","season":"MAM"},{"bfs_id":5464,"rcp":"RCP8.5","period":"2035","key":"tas","value":20.5,"estimate":"q95","season":"JJA"},{"bfs_id":5464,"rcp":"RCP8.5","period":"2035","key":"tas","value":12.4,"estimate":"q95","season":"SON"},{"bfs_id":5464,"rcp":"RCP8.5","period":"2060","key":"tas","value":3.5,"estimate":"q5","season":"DJF"},{"bfs_id":5464,"rcp":"RCP8.5","period":"2060","key":"tas","value":10.8,"estimate":"q5","season":"MAM"},{"bfs_id":5464,"rcp":"RCP8.5","period":"2060","key":"tas","value":20.6,"estimate":"q5","season":"JJA"},{"bfs_id":5464,"rcp":"RCP8.5","period":"2060","key":"tas","value":12.2,"estimate":"q5","season":"SON"},{"bfs_id":5464,"rcp":"RCP8.5","period":"2060","key":"tas","value":3.9,"estimate":"q50","season":"DJF"},{"bfs_id":5464,"rcp":"RCP8.5","period":"2060","key":"tas","value":11.3,"estimate":"q50","season":"MAM"},{"bfs_id":5464,"rcp":"RCP8.5","period":"2060","key":"tas","value":21.1,"estimate":"q50","season":"JJA"},{"bfs_id":5464,"rcp":"RCP8.5","period":"2060","key":"tas","value":12.8,"estimate":"q50","season":"SON"},{"bfs_id":5464,"rcp":"RCP8.5","period":"2060","key":"tas","value":4.7,"estimate":"q95","season":"DJF"},{"bfs_id":5464,"rcp":"RCP8.5","period":"2060","key":"tas","value":11.8,"estimate":"q95","season":"MAM"},{"bfs_id":5464,"rcp":"RCP8.5","period":"2060","key":"tas","value":22.2,"estimate":"q95","season":"JJA"},{"bfs_id":5464,"rcp":"RCP8.5","period":"2060","key":"tas","value":13.7,"estimate":"q95","season":"SON"},{"bfs_id":5464,"rcp":"RCP8.5","period":"2085","key":"tas","value":4.6,"estimate":"q5","season":"DJF"},{"bfs_id":5464,"rcp":"RCP8.5","period":"2085","key":"tas","value":11.7,"estimate":"q5","season":"MAM"},{"bfs_id":5464,"rcp":"RCP8.5","period":"2085","key":"tas","value":21.9,"estimate":"q5","season":"JJA"},{"bfs_id":5464,"rcp":"RCP8.5","period":"2085","key":"tas","value":13.3,"estimate":"q5","season":"SON"},{"bfs_id":5464,"rcp":"RCP8.5","period":"2085","key":"tas","value":5.6,"estimate":"q50","season":"DJF"},{"bfs_id":5464,"rcp":"RCP8.5","period":"2085","key":"tas","value":12.6,"estimate":"q50","season":"MAM"},{"bfs_id":5464,"rcp":"RCP8.5","period":"2085","key":"tas","value":22.8,"estimate":"q50","season":"JJA"},{"bfs_id":5464,"rcp":"RCP8.5","period":"2085","key":"tas","value":14.2,"estimate":"q50","season":"SON"},{"bfs_id":5464,"rcp":"RCP8.5","period":"2085","key":"tas","value":6.5,"estimate":"q95","season":"DJF"},{"bfs_id":5464,"rcp":"RCP8.5","period":"2085","key":"tas","value":13.5,"estimate":"q95","season":"MAM"},{"bfs_id":5464,"rcp":"RCP8.5","period":"2085","key":"tas","value":25,"estimate":"q95","season":"JJA"},{"bfs_id":5464,"rcp":"RCP8.5","period":"2085","key":"tas","value":15.7,"estimate":"q95","season":"SON"},{"bfs_id":5464,"rcp":"obs","period":"1981-2010","key":"FD","value":70,"estimate":"yearly_mean"},{"bfs_id":5464,"rcp":"obs","period":"1981-2010","key":"HD","value":8.4,"estimate":"yearly_mean"},{"bfs_id":5464,"rcp":"obs","period":"1981-2010","key":"ID","value":15.4,"estimate":"yearly_mean"},{"bfs_id":5464,"rcp":"obs","period":"1981-2010","key":"SD","value":48.8,"estimate":"yearly_mean"},{"bfs_id":5464,"rcp":"obs","period":"1981-2010","key":"snowdays","value":12.2,"estimate":"yearly_mean"},{"bfs_id":5464,"rcp":"obs","period":"1981-2010","key":"TN","value":0.2,"estimate":"yearly_mean"},{"bfs_id":5464,"rcp":"obs","period":"1981-2010","key":"pr","value":2.3,"estimate":"mean","season":"DJF"},{"bfs_id":5464,"rcp":"obs","period":"1981-2010","key":"pr","value":2.6,"estimate":"mean","season":"MAM"},{"bfs_id":5464,"rcp":"obs","period":"1981-2010","key":"pr","value":3.2,"estimate":"mean","season":"JJA"},{"bfs_id":5464,"rcp":"obs","period":"1981-2010","key":"pr","value":2.8,"estimate":"mean","season":"SON"},{"bfs_id":5464,"rcp":"obs","period":"1981-2010","key":"tas","value":1.6,"estimate":"mean","season":"DJF"},{"bfs_id":5464,"rcp":"obs","period":"1981-2010","key":"tas","value":9.7,"estimate":"mean","season":"MAM"},{"bfs_id":5464,"rcp":"obs","period":"1981-2010","key":"tas","value":18.6,"estimate":"mean","season":"JJA"},{"bfs_id":5464,"rcp":"obs","period":"1981-2010","key":"tas","value":10.2,"estimate":"mean","season":"SON"}]
