[{"bfs_id":5281,"rcp":"RCP2.6","period":"2035","key":"FD","value":92.8,"estimate":"q5"},{"bfs_id":5281,"rcp":"RCP2.6","period":"2035","key":"FD","value":102.4,"estimate":"q50"},{"bfs_id":5281,"rcp":"RCP2.6","period":"2035","key":"FD","value":111.4,"estimate":"q95"},{"bfs_id":5281,"rcp":"RCP2.6","period":"2060","key":"FD","value":91.1,"estimate":"q5"},{"bfs_id":5281,"rcp":"RCP2.6","period":"2060","key":"FD","value":98.4,"estimate":"q50"},{"bfs_id":5281,"rcp":"RCP2.6","period":"2060","key":"FD","value":109.7,"estimate":"q95"},{"bfs_id":5281,"rcp":"RCP2.6","period":"2085","key":"FD","value":88.3,"estimate":"q5"},{"bfs_id":5281,"rcp":"RCP2.6","period":"2085","key":"FD","value":101.9,"estimate":"q50"},{"bfs_id":5281,"rcp":"RCP2.6","period":"2085","key":"FD","value":109.6,"estimate":"q95"},{"bfs_id":5281,"rcp":"RCP8.5","period":"2035","key":"FD","value":91.1,"estimate":"q5"},{"bfs_id":5281,"rcp":"RCP8.5","period":"2035","key":"FD","value":96.3,"estimate":"q50"},{"bfs_id":5281,"rcp":"RCP8.5","period":"2035","key":"FD","value":106.9,"estimate":"q95"},{"bfs_id":5281,"rcp":"RCP8.5","period":"2060","key":"FD","value":67.7,"estimate":"q5"},{"bfs_id":5281,"rcp":"RCP8.5","period":"2060","key":"FD","value":80.1,"estimate":"q50"},{"bfs_id":5281,"rcp":"RCP8.5","period":"2060","key":"FD","value":90.3,"estimate":"q95"},{"bfs_id":5281,"rcp":"RCP8.5","period":"2085","key":"FD","value":45.3,"estimate":"q5"},{"bfs_id":5281,"rcp":"RCP8.5","period":"2085","key":"FD","value":54.8,"estimate":"q50"},{"bfs_id":5281,"rcp":"RCP8.5","period":"2085","key":"FD","value":69.7,"estimate":"q95"},{"bfs_id":5281,"rcp":"RCP2.6","period":"2035","key":"HD","value":0.2,"estimate":"q5"},{"bfs_id":5281,"rcp":"RCP2.6","period":"2035","key":"HD","value":0.5,"estimate":"q50"},{"bfs_id":5281,"rcp":"RCP2.6","period":"2035","key":"HD","value":0.9,"estimate":"q95"},{"bfs_id":5281,"rcp":"RCP2.6","period":"2060","key":"HD","value":0.3,"estimate":"q5"},{"bfs_id":5281,"rcp":"RCP2.6","period":"2060","key":"HD","value":0.5,"estimate":"q50"},{"bfs_id":5281,"rcp":"RCP2.6","period":"2060","key":"HD","value":1.3,"estimate":"q95"},{"bfs_id":5281,"rcp":"RCP2.6","period":"2085","key":"HD","value":0.3,"estimate":"q5"},{"bfs_id":5281,"rcp":"RCP2.6","period":"2085","key":"HD","value":0.5,"estimate":"q50"},{"bfs_id":5281,"rcp":"RCP2.6","period":"2085","key":"HD","value":1.3,"estimate":"q95"},{"bfs_id":5281,"rcp":"RCP8.5","period":"2035","key":"HD","value":0.3,"estimate":"q5"},{"bfs_id":5281,"rcp":"RCP8.5","period":"2035","key":"HD","value":0.8,"estimate":"q50"},{"bfs_id":5281,"rcp":"RCP8.5","period":"2035","key":"HD","value":3.6,"estimate":"q95"},{"bfs_id":5281,"rcp":"RCP8.5","period":"2060","key":"HD","value":1,"estimate":"q5"},{"bfs_id":5281,"rcp":"RCP8.5","period":"2060","key":"HD","value":3.1,"estimate":"q50"},{"bfs_id":5281,"rcp":"RCP8.5","period":"2060","key":"HD","value":9.1,"estimate":"q95"},{"bfs_id":5281,"rcp":"RCP8.5","period":"2085","key":"HD","value":5.6,"estimate":"q5"},{"bfs_id":5281,"rcp":"RCP8.5","period":"2085","key":"HD","value":10.6,"estimate":"q50"},{"bfs_id":5281,"rcp":"RCP8.5","period":"2085","key":"HD","value":30.7,"estimate":"q95"},{"bfs_id":5281,"rcp":"RCP2.6","period":"2035","key":"ID","value":11.6,"estimate":"q5"},{"bfs_id":5281,"rcp":"RCP2.6","period":"2035","key":"ID","value":14.4,"estimate":"q50"},{"bfs_id":5281,"rcp":"RCP2.6","period":"2035","key":"ID","value":17.9,"estimate":"q95"},{"bfs_id":5281,"rcp":"RCP2.6","period":"2060","key":"ID","value":11.8,"estimate":"q5"},{"bfs_id":5281,"rcp":"RCP2.6","period":"2060","key":"ID","value":13.4,"estimate":"q50"},{"bfs_id":5281,"rcp":"RCP2.6","period":"2060","key":"ID","value":17.8,"estimate":"q95"},{"bfs_id":5281,"rcp":"RCP2.6","period":"2085","key":"ID","value":10.2,"estimate":"q5"},{"bfs_id":5281,"rcp":"RCP2.6","period":"2085","key":"ID","value":13.8,"estimate":"q50"},{"bfs_id":5281,"rcp":"RCP2.6","period":"2085","key":"ID","value":17.2,"estimate":"q95"},{"bfs_id":5281,"rcp":"RCP8.5","period":"2035","key":"ID","value":9.2,"estimate":"q5"},{"bfs_id":5281,"rcp":"RCP8.5","period":"2035","key":"ID","value":13.8,"estimate":"q50"},{"bfs_id":5281,"rcp":"RCP8.5","period":"2035","key":"ID","value":15.9,"estimate":"q95"},{"bfs_id":5281,"rcp":"RCP8.5","period":"2060","key":"ID","value":5.5,"estimate":"q5"},{"bfs_id":5281,"rcp":"RCP8.5","period":"2060","key":"ID","value":9.1,"estimate":"q50"},{"bfs_id":5281,"rcp":"RCP8.5","period":"2060","key":"ID","value":10.8,"estimate":"q95"},{"bfs_id":5281,"rcp":"RCP8.5","period":"2085","key":"ID","value":1.1,"estimate":"q5"},{"bfs_id":5281,"rcp":"RCP8.5","period":"2085","key":"ID","value":4.1,"estimate":"q50"},{"bfs_id":5281,"rcp":"RCP8.5","period":"2085","key":"ID","value":5.7,"estimate":"q95"},{"bfs_id":5281,"rcp":"RCP2.6","period":"2035","key":"SD","value":12.8,"estimate":"q5"},{"bfs_id":5281,"rcp":"RCP2.6","period":"2035","key":"SD","value":17.2,"estimate":"q50"},{"bfs_id":5281,"rcp":"RCP2.6","period":"2035","key":"SD","value":22.5,"estimate":"q95"},{"bfs_id":5281,"rcp":"RCP2.6","period":"2060","key":"SD","value":15.3,"estimate":"q5"},{"bfs_id":5281,"rcp":"RCP2.6","period":"2060","key":"SD","value":17.8,"estimate":"q50"},{"bfs_id":5281,"rcp":"RCP2.6","period":"2060","key":"SD","value":26.5,"estimate":"q95"},{"bfs_id":5281,"rcp":"RCP2.6","period":"2085","key":"SD","value":13.3,"estimate":"q5"},{"bfs_id":5281,"rcp":"RCP2.6","period":"2085","key":"SD","value":17.2,"estimate":"q50"},{"bfs_id":5281,"rcp":"RCP2.6","period":"2085","key":"SD","value":25.3,"estimate":"q95"},{"bfs_id":5281,"rcp":"RCP8.5","period":"2035","key":"SD","value":16,"estimate":"q5"},{"bfs_id":5281,"rcp":"RCP8.5","period":"2035","key":"SD","value":19,"estimate":"q50"},{"bfs_id":5281,"rcp":"RCP8.5","period":"2035","key":"SD","value":27,"estimate":"q95"},{"bfs_id":5281,"rcp":"RCP8.5","period":"2060","key":"SD","value":24.9,"estimate":"q5"},{"bfs_id":5281,"rcp":"RCP8.5","period":"2060","key":"SD","value":35.6,"estimate":"q50"},{"bfs_id":5281,"rcp":"RCP8.5","period":"2060","key":"SD","value":47.6,"estimate":"q95"},{"bfs_id":5281,"rcp":"RCP8.5","period":"2085","key":"SD","value":43.9,"estimate":"q5"},{"bfs_id":5281,"rcp":"RCP8.5","period":"2085","key":"SD","value":57.8,"estimate":"q50"},{"bfs_id":5281,"rcp":"RCP8.5","period":"2085","key":"SD","value":79,"estimate":"q95"},{"bfs_id":5281,"rcp":"RCP2.6","period":"2035","key":"snowdays","value":7.5,"estimate":"q5"},{"bfs_id":5281,"rcp":"RCP2.6","period":"2035","key":"snowdays","value":11.7,"estimate":"q50"},{"bfs_id":5281,"rcp":"RCP2.6","period":"2035","key":"snowdays","value":15.3,"estimate":"q95"},{"bfs_id":5281,"rcp":"RCP2.6","period":"2060","key":"snowdays","value":7.1,"estimate":"q5"},{"bfs_id":5281,"rcp":"RCP2.6","period":"2060","key":"snowdays","value":11.4,"estimate":"q50"},{"bfs_id":5281,"rcp":"RCP2.6","period":"2060","key":"snowdays","value":14.9,"estimate":"q95"},{"bfs_id":5281,"rcp":"RCP2.6","period":"2085","key":"snowdays","value":6.9,"estimate":"q5"},{"bfs_id":5281,"rcp":"RCP2.6","period":"2085","key":"snowdays","value":11.9,"estimate":"q50"},{"bfs_id":5281,"rcp":"RCP2.6","period":"2085","key":"snowdays","value":15.4,"estimate":"q95"},{"bfs_id":5281,"rcp":"RCP8.5","period":"2035","key":"snowdays","value":6.7,"estimate":"q5"},{"bfs_id":5281,"rcp":"RCP8.5","period":"2035","key":"snowdays","value":10.8,"estimate":"q50"},{"bfs_id":5281,"rcp":"RCP8.5","period":"2035","key":"snowdays","value":14.4,"estimate":"q95"},{"bfs_id":5281,"rcp":"RCP8.5","period":"2060","key":"snowdays","value":4.4,"estimate":"q5"},{"bfs_id":5281,"rcp":"RCP8.5","period":"2060","key":"snowdays","value":7.3,"estimate":"q50"},{"bfs_id":5281,"rcp":"RCP8.5","period":"2060","key":"snowdays","value":11.4,"estimate":"q95"},{"bfs_id":5281,"rcp":"RCP8.5","period":"2085","key":"snowdays","value":2.1,"estimate":"q5"},{"bfs_id":5281,"rcp":"RCP8.5","period":"2085","key":"snowdays","value":4.5,"estimate":"q50"},{"bfs_id":5281,"rcp":"RCP8.5","period":"2085","key":"snowdays","value":7.8,"estimate":"q95"},{"bfs_id":5281,"rcp":"RCP2.6","period":"2035","key":"TN","value":0,"estimate":"q5"},{"bfs_id":5281,"rcp":"RCP2.6","period":"2035","key":"TN","value":0,"estimate":"q50"},{"bfs_id":5281,"rcp":"RCP2.6","period":"2035","key":"TN","value":0.3,"estimate":"q95"},{"bfs_id":5281,"rcp":"RCP2.6","period":"2060","key":"TN","value":0,"estimate":"q5"},{"bfs_id":5281,"rcp":"RCP2.6","period":"2060","key":"TN","value":0.1,"estimate":"q50"},{"bfs_id":5281,"rcp":"RCP2.6","period":"2060","key":"TN","value":0.3,"estimate":"q95"},{"bfs_id":5281,"rcp":"RCP2.6","period":"2085","key":"TN","value":0,"estimate":"q5"},{"bfs_id":5281,"rcp":"RCP2.6","period":"2085","key":"TN","value":0.1,"estimate":"q50"},{"bfs_id":5281,"rcp":"RCP2.6","period":"2085","key":"TN","value":0.3,"estimate":"q95"},{"bfs_id":5281,"rcp":"RCP8.5","period":"2035","key":"TN","value":0,"estimate":"q5"},{"bfs_id":5281,"rcp":"RCP8.5","period":"2035","key":"TN","value":0.1,"estimate":"q50"},{"bfs_id":5281,"rcp":"RCP8.5","period":"2035","key":"TN","value":0.4,"estimate":"q95"},{"bfs_id":5281,"rcp":"RCP8.5","period":"2060","key":"TN","value":0.2,"estimate":"q5"},{"bfs_id":5281,"rcp":"RCP8.5","period":"2060","key":"TN","value":0.9,"estimate":"q50"},{"bfs_id":5281,"rcp":"RCP8.5","period":"2060","key":"TN","value":3.4,"estimate":"q95"},{"bfs_id":5281,"rcp":"RCP8.5","period":"2085","key":"TN","value":1.7,"estimate":"q5"},{"bfs_id":5281,"rcp":"RCP8.5","period":"2085","key":"TN","value":7,"estimate":"q50"},{"bfs_id":5281,"rcp":"RCP8.5","period":"2085","key":"TN","value":17.4,"estimate":"q95"},{"bfs_id":5281,"rcp":"RCP2.6","period":"2035","key":"pr","value":2.2,"estimate":"q5","season":"DJF"},{"bfs_id":5281,"rcp":"RCP2.6","period":"2035","key":"pr","value":4,"estimate":"q5","season":"MAM"},{"bfs_id":5281,"rcp":"RCP2.6","period":"2035","key":"pr","value":3.8,"estimate":"q5","season":"JJA"},{"bfs_id":5281,"rcp":"RCP2.6","period":"2035","key":"pr","value":4.5,"estimate":"q5","season":"SON"},{"bfs_id":5281,"rcp":"RCP2.6","period":"2035","key":"pr","value":2.8,"estimate":"q50","season":"DJF"},{"bfs_id":5281,"rcp":"RCP2.6","period":"2035","key":"pr","value":4.5,"estimate":"q50","season":"MAM"},{"bfs_id":5281,"rcp":"RCP2.6","period":"2035","key":"pr","value":4.9,"estimate":"q50","season":"JJA"},{"bfs_id":5281,"rcp":"RCP2.6","period":"2035","key":"pr","value":5.3,"estimate":"q50","season":"SON"},{"bfs_id":5281,"rcp":"RCP2.6","period":"2035","key":"pr","value":3.2,"estimate":"q95","season":"DJF"},{"bfs_id":5281,"rcp":"RCP2.6","period":"2035","key":"pr","value":5.5,"estimate":"q95","season":"MAM"},{"bfs_id":5281,"rcp":"RCP2.6","period":"2035","key":"pr","value":5.6,"estimate":"q95","season":"JJA"},{"bfs_id":5281,"rcp":"RCP2.6","period":"2035","key":"pr","value":6.4,"estimate":"q95","season":"SON"},{"bfs_id":5281,"rcp":"RCP2.6","period":"2060","key":"pr","value":2.4,"estimate":"q5","season":"DJF"},{"bfs_id":5281,"rcp":"RCP2.6","period":"2060","key":"pr","value":4,"estimate":"q5","season":"MAM"},{"bfs_id":5281,"rcp":"RCP2.6","period":"2060","key":"pr","value":4.2,"estimate":"q5","season":"JJA"},{"bfs_id":5281,"rcp":"RCP2.6","period":"2060","key":"pr","value":4.6,"estimate":"q5","season":"SON"},{"bfs_id":5281,"rcp":"RCP2.6","period":"2060","key":"pr","value":2.9,"estimate":"q50","season":"DJF"},{"bfs_id":5281,"rcp":"RCP2.6","period":"2060","key":"pr","value":4.6,"estimate":"q50","season":"MAM"},{"bfs_id":5281,"rcp":"RCP2.6","period":"2060","key":"pr","value":4.9,"estimate":"q50","season":"JJA"},{"bfs_id":5281,"rcp":"RCP2.6","period":"2060","key":"pr","value":5.5,"estimate":"q50","season":"SON"},{"bfs_id":5281,"rcp":"RCP2.6","period":"2060","key":"pr","value":3.5,"estimate":"q95","season":"DJF"},{"bfs_id":5281,"rcp":"RCP2.6","period":"2060","key":"pr","value":5.5,"estimate":"q95","season":"MAM"},{"bfs_id":5281,"rcp":"RCP2.6","period":"2060","key":"pr","value":5.9,"estimate":"q95","season":"JJA"},{"bfs_id":5281,"rcp":"RCP2.6","period":"2060","key":"pr","value":6.2,"estimate":"q95","season":"SON"},{"bfs_id":5281,"rcp":"RCP2.6","period":"2085","key":"pr","value":2.3,"estimate":"q5","season":"DJF"},{"bfs_id":5281,"rcp":"RCP2.6","period":"2085","key":"pr","value":4.1,"estimate":"q5","season":"MAM"},{"bfs_id":5281,"rcp":"RCP2.6","period":"2085","key":"pr","value":4.2,"estimate":"q5","season":"JJA"},{"bfs_id":5281,"rcp":"RCP2.6","period":"2085","key":"pr","value":4.4,"estimate":"q5","season":"SON"},{"bfs_id":5281,"rcp":"RCP2.6","period":"2085","key":"pr","value":2.9,"estimate":"q50","season":"DJF"},{"bfs_id":5281,"rcp":"RCP2.6","period":"2085","key":"pr","value":4.6,"estimate":"q50","season":"MAM"},{"bfs_id":5281,"rcp":"RCP2.6","period":"2085","key":"pr","value":4.8,"estimate":"q50","season":"JJA"},{"bfs_id":5281,"rcp":"RCP2.6","period":"2085","key":"pr","value":5.1,"estimate":"q50","season":"SON"},{"bfs_id":5281,"rcp":"RCP2.6","period":"2085","key":"pr","value":3.5,"estimate":"q95","season":"DJF"},{"bfs_id":5281,"rcp":"RCP2.6","period":"2085","key":"pr","value":5.5,"estimate":"q95","season":"MAM"},{"bfs_id":5281,"rcp":"RCP2.6","period":"2085","key":"pr","value":6,"estimate":"q95","season":"JJA"},{"bfs_id":5281,"rcp":"RCP2.6","period":"2085","key":"pr","value":6.1,"estimate":"q95","season":"SON"},{"bfs_id":5281,"rcp":"RCP8.5","period":"2035","key":"pr","value":2.5,"estimate":"q5","season":"DJF"},{"bfs_id":5281,"rcp":"RCP8.5","period":"2035","key":"pr","value":4.1,"estimate":"q5","season":"MAM"},{"bfs_id":5281,"rcp":"RCP8.5","period":"2035","key":"pr","value":4.3,"estimate":"q5","season":"JJA"},{"bfs_id":5281,"rcp":"RCP8.5","period":"2035","key":"pr","value":4.5,"estimate":"q5","season":"SON"},{"bfs_id":5281,"rcp":"RCP8.5","period":"2035","key":"pr","value":2.7,"estimate":"q50","season":"DJF"},{"bfs_id":5281,"rcp":"RCP8.5","period":"2035","key":"pr","value":4.7,"estimate":"q50","season":"MAM"},{"bfs_id":5281,"rcp":"RCP8.5","period":"2035","key":"pr","value":4.8,"estimate":"q50","season":"JJA"},{"bfs_id":5281,"rcp":"RCP8.5","period":"2035","key":"pr","value":5,"estimate":"q50","season":"SON"},{"bfs_id":5281,"rcp":"RCP8.5","period":"2035","key":"pr","value":3.2,"estimate":"q95","season":"DJF"},{"bfs_id":5281,"rcp":"RCP8.5","period":"2035","key":"pr","value":5.4,"estimate":"q95","season":"MAM"},{"bfs_id":5281,"rcp":"RCP8.5","period":"2035","key":"pr","value":5.9,"estimate":"q95","season":"JJA"},{"bfs_id":5281,"rcp":"RCP8.5","period":"2035","key":"pr","value":6.1,"estimate":"q95","season":"SON"},{"bfs_id":5281,"rcp":"RCP8.5","period":"2060","key":"pr","value":2.2,"estimate":"q5","season":"DJF"},{"bfs_id":5281,"rcp":"RCP8.5","period":"2060","key":"pr","value":4.2,"estimate":"q5","season":"MAM"},{"bfs_id":5281,"rcp":"RCP8.5","period":"2060","key":"pr","value":3.7,"estimate":"q5","season":"JJA"},{"bfs_id":5281,"rcp":"RCP8.5","period":"2060","key":"pr","value":4.6,"estimate":"q5","season":"SON"},{"bfs_id":5281,"rcp":"RCP8.5","period":"2060","key":"pr","value":3,"estimate":"q50","season":"DJF"},{"bfs_id":5281,"rcp":"RCP8.5","period":"2060","key":"pr","value":5,"estimate":"q50","season":"MAM"},{"bfs_id":5281,"rcp":"RCP8.5","period":"2060","key":"pr","value":4.5,"estimate":"q50","season":"JJA"},{"bfs_id":5281,"rcp":"RCP8.5","period":"2060","key":"pr","value":5.2,"estimate":"q50","season":"SON"},{"bfs_id":5281,"rcp":"RCP8.5","period":"2060","key":"pr","value":3.6,"estimate":"q95","season":"DJF"},{"bfs_id":5281,"rcp":"RCP8.5","period":"2060","key":"pr","value":5.7,"estimate":"q95","season":"MAM"},{"bfs_id":5281,"rcp":"RCP8.5","period":"2060","key":"pr","value":5.9,"estimate":"q95","season":"JJA"},{"bfs_id":5281,"rcp":"RCP8.5","period":"2060","key":"pr","value":6.1,"estimate":"q95","season":"SON"},{"bfs_id":5281,"rcp":"RCP8.5","period":"2085","key":"pr","value":2.8,"estimate":"q5","season":"DJF"},{"bfs_id":5281,"rcp":"RCP8.5","period":"2085","key":"pr","value":4.3,"estimate":"q5","season":"MAM"},{"bfs_id":5281,"rcp":"RCP8.5","period":"2085","key":"pr","value":2.7,"estimate":"q5","season":"JJA"},{"bfs_id":5281,"rcp":"RCP8.5","period":"2085","key":"pr","value":4.4,"estimate":"q5","season":"SON"},{"bfs_id":5281,"rcp":"RCP8.5","period":"2085","key":"pr","value":3.3,"estimate":"q50","season":"DJF"},{"bfs_id":5281,"rcp":"RCP8.5","period":"2085","key":"pr","value":5.2,"estimate":"q50","season":"MAM"},{"bfs_id":5281,"rcp":"RCP8.5","period":"2085","key":"pr","value":4,"estimate":"q50","season":"JJA"},{"bfs_id":5281,"rcp":"RCP8.5","period":"2085","key":"pr","value":5.3,"estimate":"q50","season":"SON"},{"bfs_id":5281,"rcp":"RCP8.5","period":"2085","key":"pr","value":4.2,"estimate":"q95","season":"DJF"},{"bfs_id":5281,"rcp":"RCP8.5","period":"2085","key":"pr","value":5.8,"estimate":"q95","season":"MAM"},{"bfs_id":5281,"rcp":"RCP8.5","period":"2085","key":"pr","value":5.5,"estimate":"q95","season":"JJA"},{"bfs_id":5281,"rcp":"RCP8.5","period":"2085","key":"pr","value":6,"estimate":"q95","season":"SON"},{"bfs_id":5281,"rcp":"RCP2.6","period":"2035","key":"tas","value":0.1,"estimate":"q5","season":"DJF"},{"bfs_id":5281,"rcp":"RCP2.6","period":"2035","key":"tas","value":7,"estimate":"q5","season":"MAM"},{"bfs_id":5281,"rcp":"RCP2.6","period":"2035","key":"tas","value":16,"estimate":"q5","season":"JJA"},{"bfs_id":5281,"rcp":"RCP2.6","period":"2035","key":"tas","value":8.3,"estimate":"q5","season":"SON"},{"bfs_id":5281,"rcp":"RCP2.6","period":"2035","key":"tas","value":0.6,"estimate":"q50","season":"DJF"},{"bfs_id":5281,"rcp":"RCP2.6","period":"2035","key":"tas","value":7.7,"estimate":"q50","season":"MAM"},{"bfs_id":5281,"rcp":"RCP2.6","period":"2035","key":"tas","value":16.9,"estimate":"q50","season":"JJA"},{"bfs_id":5281,"rcp":"RCP2.6","period":"2035","key":"tas","value":8.7,"estimate":"q50","season":"SON"},{"bfs_id":5281,"rcp":"RCP2.6","period":"2035","key":"tas","value":1.2,"estimate":"q95","season":"DJF"},{"bfs_id":5281,"rcp":"RCP2.6","period":"2035","key":"tas","value":8.1,"estimate":"q95","season":"MAM"},{"bfs_id":5281,"rcp":"RCP2.6","period":"2035","key":"tas","value":17.4,"estimate":"q95","season":"JJA"},{"bfs_id":5281,"rcp":"RCP2.6","period":"2035","key":"tas","value":9.4,"estimate":"q95","season":"SON"},{"bfs_id":5281,"rcp":"RCP2.6","period":"2060","key":"tas","value":0.2,"estimate":"q5","season":"DJF"},{"bfs_id":5281,"rcp":"RCP2.6","period":"2060","key":"tas","value":7.1,"estimate":"q5","season":"MAM"},{"bfs_id":5281,"rcp":"RCP2.6","period":"2060","key":"tas","value":16.3,"estimate":"q5","season":"JJA"},{"bfs_id":5281,"rcp":"RCP2.6","period":"2060","key":"tas","value":8.6,"estimate":"q5","season":"SON"},{"bfs_id":5281,"rcp":"RCP2.6","period":"2060","key":"tas","value":0.9,"estimate":"q50","season":"DJF"},{"bfs_id":5281,"rcp":"RCP2.6","period":"2060","key":"tas","value":7.8,"estimate":"q50","season":"MAM"},{"bfs_id":5281,"rcp":"RCP2.6","period":"2060","key":"tas","value":17,"estimate":"q50","season":"JJA"},{"bfs_id":5281,"rcp":"RCP2.6","period":"2060","key":"tas","value":9,"estimate":"q50","season":"SON"},{"bfs_id":5281,"rcp":"RCP2.6","period":"2060","key":"tas","value":1.3,"estimate":"q95","season":"DJF"},{"bfs_id":5281,"rcp":"RCP2.6","period":"2060","key":"tas","value":8.2,"estimate":"q95","season":"MAM"},{"bfs_id":5281,"rcp":"RCP2.6","period":"2060","key":"tas","value":17.7,"estimate":"q95","season":"JJA"},{"bfs_id":5281,"rcp":"RCP2.6","period":"2060","key":"tas","value":9.8,"estimate":"q95","season":"SON"},{"bfs_id":5281,"rcp":"RCP2.6","period":"2085","key":"tas","value":0.2,"estimate":"q5","season":"DJF"},{"bfs_id":5281,"rcp":"RCP2.6","period":"2085","key":"tas","value":7.2,"estimate":"q5","season":"MAM"},{"bfs_id":5281,"rcp":"RCP2.6","period":"2085","key":"tas","value":16.2,"estimate":"q5","season":"JJA"},{"bfs_id":5281,"rcp":"RCP2.6","period":"2085","key":"tas","value":8.3,"estimate":"q5","season":"SON"},{"bfs_id":5281,"rcp":"RCP2.6","period":"2085","key":"tas","value":0.8,"estimate":"q50","season":"DJF"},{"bfs_id":5281,"rcp":"RCP2.6","period":"2085","key":"tas","value":7.8,"estimate":"q50","season":"MAM"},{"bfs_id":5281,"rcp":"RCP2.6","period":"2085","key":"tas","value":17,"estimate":"q50","season":"JJA"},{"bfs_id":5281,"rcp":"RCP2.6","period":"2085","key":"tas","value":9,"estimate":"q50","season":"SON"},{"bfs_id":5281,"rcp":"RCP2.6","period":"2085","key":"tas","value":1.5,"estimate":"q95","season":"DJF"},{"bfs_id":5281,"rcp":"RCP2.6","period":"2085","key":"tas","value":8.2,"estimate":"q95","season":"MAM"},{"bfs_id":5281,"rcp":"RCP2.6","period":"2085","key":"tas","value":17.6,"estimate":"q95","season":"JJA"},{"bfs_id":5281,"rcp":"RCP2.6","period":"2085","key":"tas","value":9.7,"estimate":"q95","season":"SON"},{"bfs_id":5281,"rcp":"RCP8.5","period":"2035","key":"tas","value":0.3,"estimate":"q5","season":"DJF"},{"bfs_id":5281,"rcp":"RCP8.5","period":"2035","key":"tas","value":7.4,"estimate":"q5","season":"MAM"},{"bfs_id":5281,"rcp":"RCP8.5","period":"2035","key":"tas","value":16.5,"estimate":"q5","season":"JJA"},{"bfs_id":5281,"rcp":"RCP8.5","period":"2035","key":"tas","value":8.7,"estimate":"q5","season":"SON"},{"bfs_id":5281,"rcp":"RCP8.5","period":"2035","key":"tas","value":1,"estimate":"q50","season":"DJF"},{"bfs_id":5281,"rcp":"RCP8.5","period":"2035","key":"tas","value":7.7,"estimate":"q50","season":"MAM"},{"bfs_id":5281,"rcp":"RCP8.5","period":"2035","key":"tas","value":17.2,"estimate":"q50","season":"JJA"},{"bfs_id":5281,"rcp":"RCP8.5","period":"2035","key":"tas","value":9.1,"estimate":"q50","season":"SON"},{"bfs_id":5281,"rcp":"RCP8.5","period":"2035","key":"tas","value":1.4,"estimate":"q95","season":"DJF"},{"bfs_id":5281,"rcp":"RCP8.5","period":"2035","key":"tas","value":8.3,"estimate":"q95","season":"MAM"},{"bfs_id":5281,"rcp":"RCP8.5","period":"2035","key":"tas","value":17.8,"estimate":"q95","season":"JJA"},{"bfs_id":5281,"rcp":"RCP8.5","period":"2035","key":"tas","value":9.8,"estimate":"q95","season":"SON"},{"bfs_id":5281,"rcp":"RCP8.5","period":"2060","key":"tas","value":1.5,"estimate":"q5","season":"DJF"},{"bfs_id":5281,"rcp":"RCP8.5","period":"2060","key":"tas","value":8.3,"estimate":"q5","season":"MAM"},{"bfs_id":5281,"rcp":"RCP8.5","period":"2060","key":"tas","value":17.6,"estimate":"q5","season":"JJA"},{"bfs_id":5281,"rcp":"RCP8.5","period":"2060","key":"tas","value":9.9,"estimate":"q5","season":"SON"},{"bfs_id":5281,"rcp":"RCP8.5","period":"2060","key":"tas","value":1.9,"estimate":"q50","season":"DJF"},{"bfs_id":5281,"rcp":"RCP8.5","period":"2060","key":"tas","value":9,"estimate":"q50","season":"MAM"},{"bfs_id":5281,"rcp":"RCP8.5","period":"2060","key":"tas","value":18.4,"estimate":"q50","season":"JJA"},{"bfs_id":5281,"rcp":"RCP8.5","period":"2060","key":"tas","value":10.6,"estimate":"q50","season":"SON"},{"bfs_id":5281,"rcp":"RCP8.5","period":"2060","key":"tas","value":2.6,"estimate":"q95","season":"DJF"},{"bfs_id":5281,"rcp":"RCP8.5","period":"2060","key":"tas","value":10.2,"estimate":"q95","season":"MAM"},{"bfs_id":5281,"rcp":"RCP8.5","period":"2060","key":"tas","value":19.7,"estimate":"q95","season":"JJA"},{"bfs_id":5281,"rcp":"RCP8.5","period":"2060","key":"tas","value":11.2,"estimate":"q95","season":"SON"},{"bfs_id":5281,"rcp":"RCP8.5","period":"2085","key":"tas","value":3,"estimate":"q5","season":"DJF"},{"bfs_id":5281,"rcp":"RCP8.5","period":"2085","key":"tas","value":9.6,"estimate":"q5","season":"MAM"},{"bfs_id":5281,"rcp":"RCP8.5","period":"2085","key":"tas","value":19.1,"estimate":"q5","season":"JJA"},{"bfs_id":5281,"rcp":"RCP8.5","period":"2085","key":"tas","value":11.2,"estimate":"q5","season":"SON"},{"bfs_id":5281,"rcp":"RCP8.5","period":"2085","key":"tas","value":3.7,"estimate":"q50","season":"DJF"},{"bfs_id":5281,"rcp":"RCP8.5","period":"2085","key":"tas","value":10.5,"estimate":"q50","season":"MAM"},{"bfs_id":5281,"rcp":"RCP8.5","period":"2085","key":"tas","value":19.9,"estimate":"q50","season":"JJA"},{"bfs_id":5281,"rcp":"RCP8.5","period":"2085","key":"tas","value":11.8,"estimate":"q50","season":"SON"},{"bfs_id":5281,"rcp":"RCP8.5","period":"2085","key":"tas","value":4.7,"estimate":"q95","season":"DJF"},{"bfs_id":5281,"rcp":"RCP8.5","period":"2085","key":"tas","value":12.5,"estimate":"q95","season":"MAM"},{"bfs_id":5281,"rcp":"RCP8.5","period":"2085","key":"tas","value":22.2,"estimate":"q95","season":"JJA"},{"bfs_id":5281,"rcp":"RCP8.5","period":"2085","key":"tas","value":13.1,"estimate":"q95","season":"SON"},{"bfs_id":5281,"rcp":"obs","period":"1981-2010","key":"FD","value":117.2,"estimate":"yearly_mean"},{"bfs_id":5281,"rcp":"obs","period":"1981-2010","key":"HD","value":0.2,"estimate":"yearly_mean"},{"bfs_id":5281,"rcp":"obs","period":"1981-2010","key":"ID","value":22.4,"estimate":"yearly_mean"},{"bfs_id":5281,"rcp":"obs","period":"1981-2010","key":"SD","value":9.2,"estimate":"yearly_mean"},{"bfs_id":5281,"rcp":"obs","period":"1981-2010","key":"snowdays","value":21.4,"estimate":"yearly_mean"},{"bfs_id":5281,"rcp":"obs","period":"1981-2010","key":"TN","value":0,"estimate":"yearly_mean"},{"bfs_id":5281,"rcp":"obs","period":"1981-2010","key":"pr","value":2.4,"estimate":"mean","season":"DJF"},{"bfs_id":5281,"rcp":"obs","period":"1981-2010","key":"pr","value":4.4,"estimate":"mean","season":"MAM"},{"bfs_id":5281,"rcp":"obs","period":"1981-2010","key":"pr","value":5.4,"estimate":"mean","season":"JJA"},{"bfs_id":5281,"rcp":"obs","period":"1981-2010","key":"pr","value":5.6,"estimate":"mean","season":"SON"},{"bfs_id":5281,"rcp":"obs","period":"1981-2010","key":"tas","value":-0.4,"estimate":"mean","season":"DJF"},{"bfs_id":5281,"rcp":"obs","period":"1981-2010","key":"tas","value":7,"estimate":"mean","season":"MAM"},{"bfs_id":5281,"rcp":"obs","period":"1981-2010","key":"tas","value":15.5,"estimate":"mean","season":"JJA"},{"bfs_id":5281,"rcp":"obs","period":"1981-2010","key":"tas","value":7.7,"estimate":"mean","season":"SON"}]
