[{"bfs_id":1083,"rcp":"RCP2.6","period":"2035","key":"FD","value":72.4,"estimate":"q5"},{"bfs_id":1083,"rcp":"RCP2.6","period":"2035","key":"FD","value":82.7,"estimate":"q50"},{"bfs_id":1083,"rcp":"RCP2.6","period":"2035","key":"FD","value":90.8,"estimate":"q95"},{"bfs_id":1083,"rcp":"RCP2.6","period":"2060","key":"FD","value":68.6,"estimate":"q5"},{"bfs_id":1083,"rcp":"RCP2.6","period":"2060","key":"FD","value":79.7,"estimate":"q50"},{"bfs_id":1083,"rcp":"RCP2.6","period":"2060","key":"FD","value":87.7,"estimate":"q95"},{"bfs_id":1083,"rcp":"RCP2.6","period":"2085","key":"FD","value":67.5,"estimate":"q5"},{"bfs_id":1083,"rcp":"RCP2.6","period":"2085","key":"FD","value":80.7,"estimate":"q50"},{"bfs_id":1083,"rcp":"RCP2.6","period":"2085","key":"FD","value":88.4,"estimate":"q95"},{"bfs_id":1083,"rcp":"RCP8.5","period":"2035","key":"FD","value":69.1,"estimate":"q5"},{"bfs_id":1083,"rcp":"RCP8.5","period":"2035","key":"FD","value":79.1,"estimate":"q50"},{"bfs_id":1083,"rcp":"RCP8.5","period":"2035","key":"FD","value":85.6,"estimate":"q95"},{"bfs_id":1083,"rcp":"RCP8.5","period":"2060","key":"FD","value":54.8,"estimate":"q5"},{"bfs_id":1083,"rcp":"RCP8.5","period":"2060","key":"FD","value":64.7,"estimate":"q50"},{"bfs_id":1083,"rcp":"RCP8.5","period":"2060","key":"FD","value":70.4,"estimate":"q95"},{"bfs_id":1083,"rcp":"RCP8.5","period":"2085","key":"FD","value":36.1,"estimate":"q5"},{"bfs_id":1083,"rcp":"RCP8.5","period":"2085","key":"FD","value":43.4,"estimate":"q50"},{"bfs_id":1083,"rcp":"RCP8.5","period":"2085","key":"FD","value":54.3,"estimate":"q95"},{"bfs_id":1083,"rcp":"RCP2.6","period":"2035","key":"HD","value":6.5,"estimate":"q5"},{"bfs_id":1083,"rcp":"RCP2.6","period":"2035","key":"HD","value":8.8,"estimate":"q50"},{"bfs_id":1083,"rcp":"RCP2.6","period":"2035","key":"HD","value":14.2,"estimate":"q95"},{"bfs_id":1083,"rcp":"RCP2.6","period":"2060","key":"HD","value":6.6,"estimate":"q5"},{"bfs_id":1083,"rcp":"RCP2.6","period":"2060","key":"HD","value":9.3,"estimate":"q50"},{"bfs_id":1083,"rcp":"RCP2.6","period":"2060","key":"HD","value":16.6,"estimate":"q95"},{"bfs_id":1083,"rcp":"RCP2.6","period":"2085","key":"HD","value":6.9,"estimate":"q5"},{"bfs_id":1083,"rcp":"RCP2.6","period":"2085","key":"HD","value":8.2,"estimate":"q50"},{"bfs_id":1083,"rcp":"RCP2.6","period":"2085","key":"HD","value":16,"estimate":"q95"},{"bfs_id":1083,"rcp":"RCP8.5","period":"2035","key":"HD","value":7.1,"estimate":"q5"},{"bfs_id":1083,"rcp":"RCP8.5","period":"2035","key":"HD","value":9.3,"estimate":"q50"},{"bfs_id":1083,"rcp":"RCP8.5","period":"2035","key":"HD","value":14.5,"estimate":"q95"},{"bfs_id":1083,"rcp":"RCP8.5","period":"2060","key":"HD","value":12.2,"estimate":"q5"},{"bfs_id":1083,"rcp":"RCP8.5","period":"2060","key":"HD","value":18.2,"estimate":"q50"},{"bfs_id":1083,"rcp":"RCP8.5","period":"2060","key":"HD","value":29.4,"estimate":"q95"},{"bfs_id":1083,"rcp":"RCP8.5","period":"2085","key":"HD","value":24.4,"estimate":"q5"},{"bfs_id":1083,"rcp":"RCP8.5","period":"2085","key":"HD","value":27.9,"estimate":"q50"},{"bfs_id":1083,"rcp":"RCP8.5","period":"2085","key":"HD","value":54.3,"estimate":"q95"},{"bfs_id":1083,"rcp":"RCP2.6","period":"2035","key":"ID","value":16.6,"estimate":"q5"},{"bfs_id":1083,"rcp":"RCP2.6","period":"2035","key":"ID","value":20.2,"estimate":"q50"},{"bfs_id":1083,"rcp":"RCP2.6","period":"2035","key":"ID","value":23.3,"estimate":"q95"},{"bfs_id":1083,"rcp":"RCP2.6","period":"2060","key":"ID","value":15.5,"estimate":"q5"},{"bfs_id":1083,"rcp":"RCP2.6","period":"2060","key":"ID","value":18.7,"estimate":"q50"},{"bfs_id":1083,"rcp":"RCP2.6","period":"2060","key":"ID","value":23.4,"estimate":"q95"},{"bfs_id":1083,"rcp":"RCP2.6","period":"2085","key":"ID","value":14.9,"estimate":"q5"},{"bfs_id":1083,"rcp":"RCP2.6","period":"2085","key":"ID","value":18.7,"estimate":"q50"},{"bfs_id":1083,"rcp":"RCP2.6","period":"2085","key":"ID","value":22.4,"estimate":"q95"},{"bfs_id":1083,"rcp":"RCP8.5","period":"2035","key":"ID","value":15.2,"estimate":"q5"},{"bfs_id":1083,"rcp":"RCP8.5","period":"2035","key":"ID","value":18.6,"estimate":"q50"},{"bfs_id":1083,"rcp":"RCP8.5","period":"2035","key":"ID","value":22.6,"estimate":"q95"},{"bfs_id":1083,"rcp":"RCP8.5","period":"2060","key":"ID","value":10.9,"estimate":"q5"},{"bfs_id":1083,"rcp":"RCP8.5","period":"2060","key":"ID","value":14.1,"estimate":"q50"},{"bfs_id":1083,"rcp":"RCP8.5","period":"2060","key":"ID","value":16.2,"estimate":"q95"},{"bfs_id":1083,"rcp":"RCP8.5","period":"2085","key":"ID","value":4,"estimate":"q5"},{"bfs_id":1083,"rcp":"RCP8.5","period":"2085","key":"ID","value":7.2,"estimate":"q50"},{"bfs_id":1083,"rcp":"RCP8.5","period":"2085","key":"ID","value":9.7,"estimate":"q95"},{"bfs_id":1083,"rcp":"RCP2.6","period":"2035","key":"SD","value":40.7,"estimate":"q5"},{"bfs_id":1083,"rcp":"RCP2.6","period":"2035","key":"SD","value":45.5,"estimate":"q50"},{"bfs_id":1083,"rcp":"RCP2.6","period":"2035","key":"SD","value":54.4,"estimate":"q95"},{"bfs_id":1083,"rcp":"RCP2.6","period":"2060","key":"SD","value":40.9,"estimate":"q5"},{"bfs_id":1083,"rcp":"RCP2.6","period":"2060","key":"SD","value":47.4,"estimate":"q50"},{"bfs_id":1083,"rcp":"RCP2.6","period":"2060","key":"SD","value":54.3,"estimate":"q95"},{"bfs_id":1083,"rcp":"RCP2.6","period":"2085","key":"SD","value":41,"estimate":"q5"},{"bfs_id":1083,"rcp":"RCP2.6","period":"2085","key":"SD","value":48.2,"estimate":"q50"},{"bfs_id":1083,"rcp":"RCP2.6","period":"2085","key":"SD","value":53.9,"estimate":"q95"},{"bfs_id":1083,"rcp":"RCP8.5","period":"2035","key":"SD","value":42.6,"estimate":"q5"},{"bfs_id":1083,"rcp":"RCP8.5","period":"2035","key":"SD","value":47.8,"estimate":"q50"},{"bfs_id":1083,"rcp":"RCP8.5","period":"2035","key":"SD","value":55.8,"estimate":"q95"},{"bfs_id":1083,"rcp":"RCP8.5","period":"2060","key":"SD","value":57.1,"estimate":"q5"},{"bfs_id":1083,"rcp":"RCP8.5","period":"2060","key":"SD","value":63.5,"estimate":"q50"},{"bfs_id":1083,"rcp":"RCP8.5","period":"2060","key":"SD","value":80.2,"estimate":"q95"},{"bfs_id":1083,"rcp":"RCP8.5","period":"2085","key":"SD","value":73.8,"estimate":"q5"},{"bfs_id":1083,"rcp":"RCP8.5","period":"2085","key":"SD","value":84.9,"estimate":"q50"},{"bfs_id":1083,"rcp":"RCP8.5","period":"2085","key":"SD","value":107.9,"estimate":"q95"},{"bfs_id":1083,"rcp":"RCP2.6","period":"2035","key":"snowdays","value":16.9,"estimate":"q5"},{"bfs_id":1083,"rcp":"RCP2.6","period":"2035","key":"snowdays","value":22.5,"estimate":"q50"},{"bfs_id":1083,"rcp":"RCP2.6","period":"2035","key":"snowdays","value":26.2,"estimate":"q95"},{"bfs_id":1083,"rcp":"RCP2.6","period":"2060","key":"snowdays","value":16.4,"estimate":"q5"},{"bfs_id":1083,"rcp":"RCP2.6","period":"2060","key":"snowdays","value":21.5,"estimate":"q50"},{"bfs_id":1083,"rcp":"RCP2.6","period":"2060","key":"snowdays","value":27,"estimate":"q95"},{"bfs_id":1083,"rcp":"RCP2.6","period":"2085","key":"snowdays","value":16.3,"estimate":"q5"},{"bfs_id":1083,"rcp":"RCP2.6","period":"2085","key":"snowdays","value":21.3,"estimate":"q50"},{"bfs_id":1083,"rcp":"RCP2.6","period":"2085","key":"snowdays","value":25.5,"estimate":"q95"},{"bfs_id":1083,"rcp":"RCP8.5","period":"2035","key":"snowdays","value":14.5,"estimate":"q5"},{"bfs_id":1083,"rcp":"RCP8.5","period":"2035","key":"snowdays","value":20.5,"estimate":"q50"},{"bfs_id":1083,"rcp":"RCP8.5","period":"2035","key":"snowdays","value":25.2,"estimate":"q95"},{"bfs_id":1083,"rcp":"RCP8.5","period":"2060","key":"snowdays","value":10.8,"estimate":"q5"},{"bfs_id":1083,"rcp":"RCP8.5","period":"2060","key":"snowdays","value":16.8,"estimate":"q50"},{"bfs_id":1083,"rcp":"RCP8.5","period":"2060","key":"snowdays","value":19.1,"estimate":"q95"},{"bfs_id":1083,"rcp":"RCP8.5","period":"2085","key":"snowdays","value":5.5,"estimate":"q5"},{"bfs_id":1083,"rcp":"RCP8.5","period":"2085","key":"snowdays","value":10.2,"estimate":"q50"},{"bfs_id":1083,"rcp":"RCP8.5","period":"2085","key":"snowdays","value":15.6,"estimate":"q95"},{"bfs_id":1083,"rcp":"RCP2.6","period":"2035","key":"TN","value":0,"estimate":"q5"},{"bfs_id":1083,"rcp":"RCP2.6","period":"2035","key":"TN","value":0.4,"estimate":"q50"},{"bfs_id":1083,"rcp":"RCP2.6","period":"2035","key":"TN","value":1,"estimate":"q95"},{"bfs_id":1083,"rcp":"RCP2.6","period":"2060","key":"TN","value":0.2,"estimate":"q5"},{"bfs_id":1083,"rcp":"RCP2.6","period":"2060","key":"TN","value":0.5,"estimate":"q50"},{"bfs_id":1083,"rcp":"RCP2.6","period":"2060","key":"TN","value":1.4,"estimate":"q95"},{"bfs_id":1083,"rcp":"RCP2.6","period":"2085","key":"TN","value":0.2,"estimate":"q5"},{"bfs_id":1083,"rcp":"RCP2.6","period":"2085","key":"TN","value":0.4,"estimate":"q50"},{"bfs_id":1083,"rcp":"RCP2.6","period":"2085","key":"TN","value":1.1,"estimate":"q95"},{"bfs_id":1083,"rcp":"RCP8.5","period":"2035","key":"TN","value":0.3,"estimate":"q5"},{"bfs_id":1083,"rcp":"RCP8.5","period":"2035","key":"TN","value":0.5,"estimate":"q50"},{"bfs_id":1083,"rcp":"RCP8.5","period":"2035","key":"TN","value":2.3,"estimate":"q95"},{"bfs_id":1083,"rcp":"RCP8.5","period":"2060","key":"TN","value":1.1,"estimate":"q5"},{"bfs_id":1083,"rcp":"RCP8.5","period":"2060","key":"TN","value":2.7,"estimate":"q50"},{"bfs_id":1083,"rcp":"RCP8.5","period":"2060","key":"TN","value":6.2,"estimate":"q95"},{"bfs_id":1083,"rcp":"RCP8.5","period":"2085","key":"TN","value":5,"estimate":"q5"},{"bfs_id":1083,"rcp":"RCP8.5","period":"2085","key":"TN","value":8.8,"estimate":"q50"},{"bfs_id":1083,"rcp":"RCP8.5","period":"2085","key":"TN","value":23.7,"estimate":"q95"},{"bfs_id":1083,"rcp":"RCP2.6","period":"2035","key":"pr","value":2.6,"estimate":"q5","season":"DJF"},{"bfs_id":1083,"rcp":"RCP2.6","period":"2035","key":"pr","value":3.2,"estimate":"q5","season":"MAM"},{"bfs_id":1083,"rcp":"RCP2.6","period":"2035","key":"pr","value":3.4,"estimate":"q5","season":"JJA"},{"bfs_id":1083,"rcp":"RCP2.6","period":"2035","key":"pr","value":2.8,"estimate":"q5","season":"SON"},{"bfs_id":1083,"rcp":"RCP2.6","period":"2035","key":"pr","value":3,"estimate":"q50","season":"DJF"},{"bfs_id":1083,"rcp":"RCP2.6","period":"2035","key":"pr","value":3.6,"estimate":"q50","season":"MAM"},{"bfs_id":1083,"rcp":"RCP2.6","period":"2035","key":"pr","value":4.2,"estimate":"q50","season":"JJA"},{"bfs_id":1083,"rcp":"RCP2.6","period":"2035","key":"pr","value":3,"estimate":"q50","season":"SON"},{"bfs_id":1083,"rcp":"RCP2.6","period":"2035","key":"pr","value":3.4,"estimate":"q95","season":"DJF"},{"bfs_id":1083,"rcp":"RCP2.6","period":"2035","key":"pr","value":4,"estimate":"q95","season":"MAM"},{"bfs_id":1083,"rcp":"RCP2.6","period":"2035","key":"pr","value":4.4,"estimate":"q95","season":"JJA"},{"bfs_id":1083,"rcp":"RCP2.6","period":"2035","key":"pr","value":3.7,"estimate":"q95","season":"SON"},{"bfs_id":1083,"rcp":"RCP2.6","period":"2060","key":"pr","value":2.6,"estimate":"q5","season":"DJF"},{"bfs_id":1083,"rcp":"RCP2.6","period":"2060","key":"pr","value":3.3,"estimate":"q5","season":"MAM"},{"bfs_id":1083,"rcp":"RCP2.6","period":"2060","key":"pr","value":3.3,"estimate":"q5","season":"JJA"},{"bfs_id":1083,"rcp":"RCP2.6","period":"2060","key":"pr","value":2.8,"estimate":"q5","season":"SON"},{"bfs_id":1083,"rcp":"RCP2.6","period":"2060","key":"pr","value":2.9,"estimate":"q50","season":"DJF"},{"bfs_id":1083,"rcp":"RCP2.6","period":"2060","key":"pr","value":3.6,"estimate":"q50","season":"MAM"},{"bfs_id":1083,"rcp":"RCP2.6","period":"2060","key":"pr","value":4.1,"estimate":"q50","season":"JJA"},{"bfs_id":1083,"rcp":"RCP2.6","period":"2060","key":"pr","value":3,"estimate":"q50","season":"SON"},{"bfs_id":1083,"rcp":"RCP2.6","period":"2060","key":"pr","value":3.2,"estimate":"q95","season":"DJF"},{"bfs_id":1083,"rcp":"RCP2.6","period":"2060","key":"pr","value":3.9,"estimate":"q95","season":"MAM"},{"bfs_id":1083,"rcp":"RCP2.6","period":"2060","key":"pr","value":4.7,"estimate":"q95","season":"JJA"},{"bfs_id":1083,"rcp":"RCP2.6","period":"2060","key":"pr","value":3.5,"estimate":"q95","season":"SON"},{"bfs_id":1083,"rcp":"RCP2.6","period":"2085","key":"pr","value":2.6,"estimate":"q5","season":"DJF"},{"bfs_id":1083,"rcp":"RCP2.6","period":"2085","key":"pr","value":3.3,"estimate":"q5","season":"MAM"},{"bfs_id":1083,"rcp":"RCP2.6","period":"2085","key":"pr","value":3.3,"estimate":"q5","season":"JJA"},{"bfs_id":1083,"rcp":"RCP2.6","period":"2085","key":"pr","value":2.7,"estimate":"q5","season":"SON"},{"bfs_id":1083,"rcp":"RCP2.6","period":"2085","key":"pr","value":2.9,"estimate":"q50","season":"DJF"},{"bfs_id":1083,"rcp":"RCP2.6","period":"2085","key":"pr","value":3.5,"estimate":"q50","season":"MAM"},{"bfs_id":1083,"rcp":"RCP2.6","period":"2085","key":"pr","value":4.1,"estimate":"q50","season":"JJA"},{"bfs_id":1083,"rcp":"RCP2.6","period":"2085","key":"pr","value":3,"estimate":"q50","season":"SON"},{"bfs_id":1083,"rcp":"RCP2.6","period":"2085","key":"pr","value":3.3,"estimate":"q95","season":"DJF"},{"bfs_id":1083,"rcp":"RCP2.6","period":"2085","key":"pr","value":4,"estimate":"q95","season":"MAM"},{"bfs_id":1083,"rcp":"RCP2.6","period":"2085","key":"pr","value":4.6,"estimate":"q95","season":"JJA"},{"bfs_id":1083,"rcp":"RCP2.6","period":"2085","key":"pr","value":3.6,"estimate":"q95","season":"SON"},{"bfs_id":1083,"rcp":"RCP8.5","period":"2035","key":"pr","value":2.7,"estimate":"q5","season":"DJF"},{"bfs_id":1083,"rcp":"RCP8.5","period":"2035","key":"pr","value":3.3,"estimate":"q5","season":"MAM"},{"bfs_id":1083,"rcp":"RCP8.5","period":"2035","key":"pr","value":3.2,"estimate":"q5","season":"JJA"},{"bfs_id":1083,"rcp":"RCP8.5","period":"2035","key":"pr","value":2.7,"estimate":"q5","season":"SON"},{"bfs_id":1083,"rcp":"RCP8.5","period":"2035","key":"pr","value":3,"estimate":"q50","season":"DJF"},{"bfs_id":1083,"rcp":"RCP8.5","period":"2035","key":"pr","value":3.7,"estimate":"q50","season":"MAM"},{"bfs_id":1083,"rcp":"RCP8.5","period":"2035","key":"pr","value":4.2,"estimate":"q50","season":"JJA"},{"bfs_id":1083,"rcp":"RCP8.5","period":"2035","key":"pr","value":3.1,"estimate":"q50","season":"SON"},{"bfs_id":1083,"rcp":"RCP8.5","period":"2035","key":"pr","value":3.4,"estimate":"q95","season":"DJF"},{"bfs_id":1083,"rcp":"RCP8.5","period":"2035","key":"pr","value":4,"estimate":"q95","season":"MAM"},{"bfs_id":1083,"rcp":"RCP8.5","period":"2035","key":"pr","value":4.6,"estimate":"q95","season":"JJA"},{"bfs_id":1083,"rcp":"RCP8.5","period":"2035","key":"pr","value":3.7,"estimate":"q95","season":"SON"},{"bfs_id":1083,"rcp":"RCP8.5","period":"2060","key":"pr","value":2.9,"estimate":"q5","season":"DJF"},{"bfs_id":1083,"rcp":"RCP8.5","period":"2060","key":"pr","value":3.5,"estimate":"q5","season":"MAM"},{"bfs_id":1083,"rcp":"RCP8.5","period":"2060","key":"pr","value":2.8,"estimate":"q5","season":"JJA"},{"bfs_id":1083,"rcp":"RCP8.5","period":"2060","key":"pr","value":2.8,"estimate":"q5","season":"SON"},{"bfs_id":1083,"rcp":"RCP8.5","period":"2060","key":"pr","value":3.1,"estimate":"q50","season":"DJF"},{"bfs_id":1083,"rcp":"RCP8.5","period":"2060","key":"pr","value":3.8,"estimate":"q50","season":"MAM"},{"bfs_id":1083,"rcp":"RCP8.5","period":"2060","key":"pr","value":4.1,"estimate":"q50","season":"JJA"},{"bfs_id":1083,"rcp":"RCP8.5","period":"2060","key":"pr","value":3.1,"estimate":"q50","season":"SON"},{"bfs_id":1083,"rcp":"RCP8.5","period":"2060","key":"pr","value":3.4,"estimate":"q95","season":"DJF"},{"bfs_id":1083,"rcp":"RCP8.5","period":"2060","key":"pr","value":4.3,"estimate":"q95","season":"MAM"},{"bfs_id":1083,"rcp":"RCP8.5","period":"2060","key":"pr","value":4.3,"estimate":"q95","season":"JJA"},{"bfs_id":1083,"rcp":"RCP8.5","period":"2060","key":"pr","value":3.5,"estimate":"q95","season":"SON"},{"bfs_id":1083,"rcp":"RCP8.5","period":"2085","key":"pr","value":3.1,"estimate":"q5","season":"DJF"},{"bfs_id":1083,"rcp":"RCP8.5","period":"2085","key":"pr","value":3.4,"estimate":"q5","season":"MAM"},{"bfs_id":1083,"rcp":"RCP8.5","period":"2085","key":"pr","value":2.3,"estimate":"q5","season":"JJA"},{"bfs_id":1083,"rcp":"RCP8.5","period":"2085","key":"pr","value":2.5,"estimate":"q5","season":"SON"},{"bfs_id":1083,"rcp":"RCP8.5","period":"2085","key":"pr","value":3.3,"estimate":"q50","season":"DJF"},{"bfs_id":1083,"rcp":"RCP8.5","period":"2085","key":"pr","value":3.9,"estimate":"q50","season":"MAM"},{"bfs_id":1083,"rcp":"RCP8.5","period":"2085","key":"pr","value":3.5,"estimate":"q50","season":"JJA"},{"bfs_id":1083,"rcp":"RCP8.5","period":"2085","key":"pr","value":3.1,"estimate":"q50","season":"SON"},{"bfs_id":1083,"rcp":"RCP8.5","period":"2085","key":"pr","value":3.8,"estimate":"q95","season":"DJF"},{"bfs_id":1083,"rcp":"RCP8.5","period":"2085","key":"pr","value":4.6,"estimate":"q95","season":"MAM"},{"bfs_id":1083,"rcp":"RCP8.5","period":"2085","key":"pr","value":3.9,"estimate":"q95","season":"JJA"},{"bfs_id":1083,"rcp":"RCP8.5","period":"2085","key":"pr","value":3.7,"estimate":"q95","season":"SON"},{"bfs_id":1083,"rcp":"RCP2.6","period":"2035","key":"tas","value":1,"estimate":"q5","season":"DJF"},{"bfs_id":1083,"rcp":"RCP2.6","period":"2035","key":"tas","value":8.3,"estimate":"q5","season":"MAM"},{"bfs_id":1083,"rcp":"RCP2.6","period":"2035","key":"tas","value":17.5,"estimate":"q5","season":"JJA"},{"bfs_id":1083,"rcp":"RCP2.6","period":"2035","key":"tas","value":9.5,"estimate":"q5","season":"SON"},{"bfs_id":1083,"rcp":"RCP2.6","period":"2035","key":"tas","value":1.6,"estimate":"q50","season":"DJF"},{"bfs_id":1083,"rcp":"RCP2.6","period":"2035","key":"tas","value":8.9,"estimate":"q50","season":"MAM"},{"bfs_id":1083,"rcp":"RCP2.6","period":"2035","key":"tas","value":18,"estimate":"q50","season":"JJA"},{"bfs_id":1083,"rcp":"RCP2.6","period":"2035","key":"tas","value":9.9,"estimate":"q50","season":"SON"},{"bfs_id":1083,"rcp":"RCP2.6","period":"2035","key":"tas","value":2.3,"estimate":"q95","season":"DJF"},{"bfs_id":1083,"rcp":"RCP2.6","period":"2035","key":"tas","value":9.2,"estimate":"q95","season":"MAM"},{"bfs_id":1083,"rcp":"RCP2.6","period":"2035","key":"tas","value":18.8,"estimate":"q95","season":"JJA"},{"bfs_id":1083,"rcp":"RCP2.6","period":"2035","key":"tas","value":10.7,"estimate":"q95","season":"SON"},{"bfs_id":1083,"rcp":"RCP2.6","period":"2060","key":"tas","value":1,"estimate":"q5","season":"DJF"},{"bfs_id":1083,"rcp":"RCP2.6","period":"2060","key":"tas","value":8.2,"estimate":"q5","season":"MAM"},{"bfs_id":1083,"rcp":"RCP2.6","period":"2060","key":"tas","value":17.7,"estimate":"q5","season":"JJA"},{"bfs_id":1083,"rcp":"RCP2.6","period":"2060","key":"tas","value":9.8,"estimate":"q5","season":"SON"},{"bfs_id":1083,"rcp":"RCP2.6","period":"2060","key":"tas","value":1.9,"estimate":"q50","season":"DJF"},{"bfs_id":1083,"rcp":"RCP2.6","period":"2060","key":"tas","value":8.9,"estimate":"q50","season":"MAM"},{"bfs_id":1083,"rcp":"RCP2.6","period":"2060","key":"tas","value":18.2,"estimate":"q50","season":"JJA"},{"bfs_id":1083,"rcp":"RCP2.6","period":"2060","key":"tas","value":10.2,"estimate":"q50","season":"SON"},{"bfs_id":1083,"rcp":"RCP2.6","period":"2060","key":"tas","value":2.4,"estimate":"q95","season":"DJF"},{"bfs_id":1083,"rcp":"RCP2.6","period":"2060","key":"tas","value":9.5,"estimate":"q95","season":"MAM"},{"bfs_id":1083,"rcp":"RCP2.6","period":"2060","key":"tas","value":18.8,"estimate":"q95","season":"JJA"},{"bfs_id":1083,"rcp":"RCP2.6","period":"2060","key":"tas","value":11.1,"estimate":"q95","season":"SON"},{"bfs_id":1083,"rcp":"RCP2.6","period":"2085","key":"tas","value":1.2,"estimate":"q5","season":"DJF"},{"bfs_id":1083,"rcp":"RCP2.6","period":"2085","key":"tas","value":8.3,"estimate":"q5","season":"MAM"},{"bfs_id":1083,"rcp":"RCP2.6","period":"2085","key":"tas","value":17.7,"estimate":"q5","season":"JJA"},{"bfs_id":1083,"rcp":"RCP2.6","period":"2085","key":"tas","value":9.6,"estimate":"q5","season":"SON"},{"bfs_id":1083,"rcp":"RCP2.6","period":"2085","key":"tas","value":1.9,"estimate":"q50","season":"DJF"},{"bfs_id":1083,"rcp":"RCP2.6","period":"2085","key":"tas","value":9,"estimate":"q50","season":"MAM"},{"bfs_id":1083,"rcp":"RCP2.6","period":"2085","key":"tas","value":18.1,"estimate":"q50","season":"JJA"},{"bfs_id":1083,"rcp":"RCP2.6","period":"2085","key":"tas","value":10,"estimate":"q50","season":"SON"},{"bfs_id":1083,"rcp":"RCP2.6","period":"2085","key":"tas","value":2.5,"estimate":"q95","season":"DJF"},{"bfs_id":1083,"rcp":"RCP2.6","period":"2085","key":"tas","value":9.5,"estimate":"q95","season":"MAM"},{"bfs_id":1083,"rcp":"RCP2.6","period":"2085","key":"tas","value":18.7,"estimate":"q95","season":"JJA"},{"bfs_id":1083,"rcp":"RCP2.6","period":"2085","key":"tas","value":11.1,"estimate":"q95","season":"SON"},{"bfs_id":1083,"rcp":"RCP8.5","period":"2035","key":"tas","value":1,"estimate":"q5","season":"DJF"},{"bfs_id":1083,"rcp":"RCP8.5","period":"2035","key":"tas","value":8.6,"estimate":"q5","season":"MAM"},{"bfs_id":1083,"rcp":"RCP8.5","period":"2035","key":"tas","value":17.9,"estimate":"q5","season":"JJA"},{"bfs_id":1083,"rcp":"RCP8.5","period":"2035","key":"tas","value":9.8,"estimate":"q5","season":"SON"},{"bfs_id":1083,"rcp":"RCP8.5","period":"2035","key":"tas","value":1.9,"estimate":"q50","season":"DJF"},{"bfs_id":1083,"rcp":"RCP8.5","period":"2035","key":"tas","value":8.9,"estimate":"q50","season":"MAM"},{"bfs_id":1083,"rcp":"RCP8.5","period":"2035","key":"tas","value":18.3,"estimate":"q50","season":"JJA"},{"bfs_id":1083,"rcp":"RCP8.5","period":"2035","key":"tas","value":10.2,"estimate":"q50","season":"SON"},{"bfs_id":1083,"rcp":"RCP8.5","period":"2035","key":"tas","value":2.3,"estimate":"q95","season":"DJF"},{"bfs_id":1083,"rcp":"RCP8.5","period":"2035","key":"tas","value":9.4,"estimate":"q95","season":"MAM"},{"bfs_id":1083,"rcp":"RCP8.5","period":"2035","key":"tas","value":19,"estimate":"q95","season":"JJA"},{"bfs_id":1083,"rcp":"RCP8.5","period":"2035","key":"tas","value":11.1,"estimate":"q95","season":"SON"},{"bfs_id":1083,"rcp":"RCP8.5","period":"2060","key":"tas","value":2.3,"estimate":"q5","season":"DJF"},{"bfs_id":1083,"rcp":"RCP8.5","period":"2060","key":"tas","value":9.4,"estimate":"q5","season":"MAM"},{"bfs_id":1083,"rcp":"RCP8.5","period":"2060","key":"tas","value":19,"estimate":"q5","season":"JJA"},{"bfs_id":1083,"rcp":"RCP8.5","period":"2060","key":"tas","value":10.9,"estimate":"q5","season":"SON"},{"bfs_id":1083,"rcp":"RCP8.5","period":"2060","key":"tas","value":2.7,"estimate":"q50","season":"DJF"},{"bfs_id":1083,"rcp":"RCP8.5","period":"2060","key":"tas","value":9.9,"estimate":"q50","season":"MAM"},{"bfs_id":1083,"rcp":"RCP8.5","period":"2060","key":"tas","value":19.5,"estimate":"q50","season":"JJA"},{"bfs_id":1083,"rcp":"RCP8.5","period":"2060","key":"tas","value":11.5,"estimate":"q50","season":"SON"},{"bfs_id":1083,"rcp":"RCP8.5","period":"2060","key":"tas","value":3.4,"estimate":"q95","season":"DJF"},{"bfs_id":1083,"rcp":"RCP8.5","period":"2060","key":"tas","value":10.5,"estimate":"q95","season":"MAM"},{"bfs_id":1083,"rcp":"RCP8.5","period":"2060","key":"tas","value":20.8,"estimate":"q95","season":"JJA"},{"bfs_id":1083,"rcp":"RCP8.5","period":"2060","key":"tas","value":12.4,"estimate":"q95","season":"SON"},{"bfs_id":1083,"rcp":"RCP8.5","period":"2085","key":"tas","value":3.4,"estimate":"q5","season":"DJF"},{"bfs_id":1083,"rcp":"RCP8.5","period":"2085","key":"tas","value":10.4,"estimate":"q5","season":"MAM"},{"bfs_id":1083,"rcp":"RCP8.5","period":"2085","key":"tas","value":20.4,"estimate":"q5","season":"JJA"},{"bfs_id":1083,"rcp":"RCP8.5","period":"2085","key":"tas","value":11.9,"estimate":"q5","season":"SON"},{"bfs_id":1083,"rcp":"RCP8.5","period":"2085","key":"tas","value":4.5,"estimate":"q50","season":"DJF"},{"bfs_id":1083,"rcp":"RCP8.5","period":"2085","key":"tas","value":11.4,"estimate":"q50","season":"MAM"},{"bfs_id":1083,"rcp":"RCP8.5","period":"2085","key":"tas","value":21.2,"estimate":"q50","season":"JJA"},{"bfs_id":1083,"rcp":"RCP8.5","period":"2085","key":"tas","value":12.9,"estimate":"q50","season":"SON"},{"bfs_id":1083,"rcp":"RCP8.5","period":"2085","key":"tas","value":5.2,"estimate":"q95","season":"DJF"},{"bfs_id":1083,"rcp":"RCP8.5","period":"2085","key":"tas","value":12.3,"estimate":"q95","season":"MAM"},{"bfs_id":1083,"rcp":"RCP8.5","period":"2085","key":"tas","value":23.6,"estimate":"q95","season":"JJA"},{"bfs_id":1083,"rcp":"RCP8.5","period":"2085","key":"tas","value":14.6,"estimate":"q95","season":"SON"},{"bfs_id":1083,"rcp":"obs","period":"1981-2010","key":"FD","value":97.9,"estimate":"yearly_mean"},{"bfs_id":1083,"rcp":"obs","period":"1981-2010","key":"HD","value":4.3,"estimate":"yearly_mean"},{"bfs_id":1083,"rcp":"obs","period":"1981-2010","key":"ID","value":27.1,"estimate":"yearly_mean"},{"bfs_id":1083,"rcp":"obs","period":"1981-2010","key":"SD","value":34.6,"estimate":"yearly_mean"},{"bfs_id":1083,"rcp":"obs","period":"1981-2010","key":"snowdays","value":25.3,"estimate":"yearly_mean"},{"bfs_id":1083,"rcp":"obs","period":"1981-2010","key":"TN","value":0,"estimate":"yearly_mean"},{"bfs_id":1083,"rcp":"obs","period":"1981-2010","key":"pr","value":2.6,"estimate":"mean","season":"DJF"},{"bfs_id":1083,"rcp":"obs","period":"1981-2010","key":"pr","value":3.5,"estimate":"mean","season":"MAM"},{"bfs_id":1083,"rcp":"obs","period":"1981-2010","key":"pr","value":4.5,"estimate":"mean","season":"JJA"},{"bfs_id":1083,"rcp":"obs","period":"1981-2010","key":"pr","value":3.1,"estimate":"mean","season":"SON"},{"bfs_id":1083,"rcp":"obs","period":"1981-2010","key":"tas","value":0.4,"estimate":"mean","season":"DJF"},{"bfs_id":1083,"rcp":"obs","period":"1981-2010","key":"tas","value":8.2,"estimate":"mean","season":"MAM"},{"bfs_id":1083,"rcp":"obs","period":"1981-2010","key":"tas","value":16.9,"estimate":"mean","season":"JJA"},{"bfs_id":1083,"rcp":"obs","period":"1981-2010","key":"tas","value":8.9,"estimate":"mean","season":"SON"}]
