[{"bfs_id":4063,"rcp":"RCP2.6","period":"2035","key":"FD","value":61,"estimate":"q5"},{"bfs_id":4063,"rcp":"RCP2.6","period":"2035","key":"FD","value":72.5,"estimate":"q50"},{"bfs_id":4063,"rcp":"RCP2.6","period":"2035","key":"FD","value":77,"estimate":"q95"},{"bfs_id":4063,"rcp":"RCP2.6","period":"2060","key":"FD","value":59.7,"estimate":"q5"},{"bfs_id":4063,"rcp":"RCP2.6","period":"2060","key":"FD","value":69.3,"estimate":"q50"},{"bfs_id":4063,"rcp":"RCP2.6","period":"2060","key":"FD","value":74.5,"estimate":"q95"},{"bfs_id":4063,"rcp":"RCP2.6","period":"2085","key":"FD","value":60.2,"estimate":"q5"},{"bfs_id":4063,"rcp":"RCP2.6","period":"2085","key":"FD","value":69.7,"estimate":"q50"},{"bfs_id":4063,"rcp":"RCP2.6","period":"2085","key":"FD","value":75.8,"estimate":"q95"},{"bfs_id":4063,"rcp":"RCP8.5","period":"2035","key":"FD","value":57.2,"estimate":"q5"},{"bfs_id":4063,"rcp":"RCP8.5","period":"2035","key":"FD","value":68.4,"estimate":"q50"},{"bfs_id":4063,"rcp":"RCP8.5","period":"2035","key":"FD","value":74.4,"estimate":"q95"},{"bfs_id":4063,"rcp":"RCP8.5","period":"2060","key":"FD","value":46.5,"estimate":"q5"},{"bfs_id":4063,"rcp":"RCP8.5","period":"2060","key":"FD","value":55.1,"estimate":"q50"},{"bfs_id":4063,"rcp":"RCP8.5","period":"2060","key":"FD","value":62.2,"estimate":"q95"},{"bfs_id":4063,"rcp":"RCP8.5","period":"2085","key":"FD","value":28.6,"estimate":"q5"},{"bfs_id":4063,"rcp":"RCP8.5","period":"2085","key":"FD","value":35.1,"estimate":"q50"},{"bfs_id":4063,"rcp":"RCP8.5","period":"2085","key":"FD","value":45.9,"estimate":"q95"},{"bfs_id":4063,"rcp":"RCP2.6","period":"2035","key":"HD","value":10.8,"estimate":"q5"},{"bfs_id":4063,"rcp":"RCP2.6","period":"2035","key":"HD","value":13.8,"estimate":"q50"},{"bfs_id":4063,"rcp":"RCP2.6","period":"2035","key":"HD","value":18.8,"estimate":"q95"},{"bfs_id":4063,"rcp":"RCP2.6","period":"2060","key":"HD","value":11.3,"estimate":"q5"},{"bfs_id":4063,"rcp":"RCP2.6","period":"2060","key":"HD","value":13.9,"estimate":"q50"},{"bfs_id":4063,"rcp":"RCP2.6","period":"2060","key":"HD","value":21.3,"estimate":"q95"},{"bfs_id":4063,"rcp":"RCP2.6","period":"2085","key":"HD","value":11.3,"estimate":"q5"},{"bfs_id":4063,"rcp":"RCP2.6","period":"2085","key":"HD","value":13.5,"estimate":"q50"},{"bfs_id":4063,"rcp":"RCP2.6","period":"2085","key":"HD","value":20.6,"estimate":"q95"},{"bfs_id":4063,"rcp":"RCP8.5","period":"2035","key":"HD","value":11.8,"estimate":"q5"},{"bfs_id":4063,"rcp":"RCP8.5","period":"2035","key":"HD","value":15.2,"estimate":"q50"},{"bfs_id":4063,"rcp":"RCP8.5","period":"2035","key":"HD","value":21.5,"estimate":"q95"},{"bfs_id":4063,"rcp":"RCP8.5","period":"2060","key":"HD","value":17.8,"estimate":"q5"},{"bfs_id":4063,"rcp":"RCP8.5","period":"2060","key":"HD","value":24.4,"estimate":"q50"},{"bfs_id":4063,"rcp":"RCP8.5","period":"2060","key":"HD","value":36.8,"estimate":"q95"},{"bfs_id":4063,"rcp":"RCP8.5","period":"2085","key":"HD","value":31.8,"estimate":"q5"},{"bfs_id":4063,"rcp":"RCP8.5","period":"2085","key":"HD","value":38,"estimate":"q50"},{"bfs_id":4063,"rcp":"RCP8.5","period":"2085","key":"HD","value":63.1,"estimate":"q95"},{"bfs_id":4063,"rcp":"RCP2.6","period":"2035","key":"ID","value":10.4,"estimate":"q5"},{"bfs_id":4063,"rcp":"RCP2.6","period":"2035","key":"ID","value":14.7,"estimate":"q50"},{"bfs_id":4063,"rcp":"RCP2.6","period":"2035","key":"ID","value":19,"estimate":"q95"},{"bfs_id":4063,"rcp":"RCP2.6","period":"2060","key":"ID","value":10.3,"estimate":"q5"},{"bfs_id":4063,"rcp":"RCP2.6","period":"2060","key":"ID","value":14.9,"estimate":"q50"},{"bfs_id":4063,"rcp":"RCP2.6","period":"2060","key":"ID","value":18.1,"estimate":"q95"},{"bfs_id":4063,"rcp":"RCP2.6","period":"2085","key":"ID","value":10.8,"estimate":"q5"},{"bfs_id":4063,"rcp":"RCP2.6","period":"2085","key":"ID","value":13.8,"estimate":"q50"},{"bfs_id":4063,"rcp":"RCP2.6","period":"2085","key":"ID","value":16.8,"estimate":"q95"},{"bfs_id":4063,"rcp":"RCP8.5","period":"2035","key":"ID","value":10.6,"estimate":"q5"},{"bfs_id":4063,"rcp":"RCP8.5","period":"2035","key":"ID","value":13.3,"estimate":"q50"},{"bfs_id":4063,"rcp":"RCP8.5","period":"2035","key":"ID","value":18.4,"estimate":"q95"},{"bfs_id":4063,"rcp":"RCP8.5","period":"2060","key":"ID","value":6.7,"estimate":"q5"},{"bfs_id":4063,"rcp":"RCP8.5","period":"2060","key":"ID","value":9.9,"estimate":"q50"},{"bfs_id":4063,"rcp":"RCP8.5","period":"2060","key":"ID","value":12.7,"estimate":"q95"},{"bfs_id":4063,"rcp":"RCP8.5","period":"2085","key":"ID","value":1.8,"estimate":"q5"},{"bfs_id":4063,"rcp":"RCP8.5","period":"2085","key":"ID","value":4.4,"estimate":"q50"},{"bfs_id":4063,"rcp":"RCP8.5","period":"2085","key":"ID","value":7.2,"estimate":"q95"},{"bfs_id":4063,"rcp":"RCP2.6","period":"2035","key":"SD","value":51,"estimate":"q5"},{"bfs_id":4063,"rcp":"RCP2.6","period":"2035","key":"SD","value":56.6,"estimate":"q50"},{"bfs_id":4063,"rcp":"RCP2.6","period":"2035","key":"SD","value":63.9,"estimate":"q95"},{"bfs_id":4063,"rcp":"RCP2.6","period":"2060","key":"SD","value":51.5,"estimate":"q5"},{"bfs_id":4063,"rcp":"RCP2.6","period":"2060","key":"SD","value":58.3,"estimate":"q50"},{"bfs_id":4063,"rcp":"RCP2.6","period":"2060","key":"SD","value":64.1,"estimate":"q95"},{"bfs_id":4063,"rcp":"RCP2.6","period":"2085","key":"SD","value":50.4,"estimate":"q5"},{"bfs_id":4063,"rcp":"RCP2.6","period":"2085","key":"SD","value":58.2,"estimate":"q50"},{"bfs_id":4063,"rcp":"RCP2.6","period":"2085","key":"SD","value":64.8,"estimate":"q95"},{"bfs_id":4063,"rcp":"RCP8.5","period":"2035","key":"SD","value":53.3,"estimate":"q5"},{"bfs_id":4063,"rcp":"RCP8.5","period":"2035","key":"SD","value":59.2,"estimate":"q50"},{"bfs_id":4063,"rcp":"RCP8.5","period":"2035","key":"SD","value":64.8,"estimate":"q95"},{"bfs_id":4063,"rcp":"RCP8.5","period":"2060","key":"SD","value":68.9,"estimate":"q5"},{"bfs_id":4063,"rcp":"RCP8.5","period":"2060","key":"SD","value":73.5,"estimate":"q50"},{"bfs_id":4063,"rcp":"RCP8.5","period":"2060","key":"SD","value":89.1,"estimate":"q95"},{"bfs_id":4063,"rcp":"RCP8.5","period":"2085","key":"SD","value":83.5,"estimate":"q5"},{"bfs_id":4063,"rcp":"RCP8.5","period":"2085","key":"SD","value":97.1,"estimate":"q50"},{"bfs_id":4063,"rcp":"RCP8.5","period":"2085","key":"SD","value":114.4,"estimate":"q95"},{"bfs_id":4063,"rcp":"RCP2.6","period":"2035","key":"snowdays","value":12.1,"estimate":"q5"},{"bfs_id":4063,"rcp":"RCP2.6","period":"2035","key":"snowdays","value":16.7,"estimate":"q50"},{"bfs_id":4063,"rcp":"RCP2.6","period":"2035","key":"snowdays","value":19.4,"estimate":"q95"},{"bfs_id":4063,"rcp":"RCP2.6","period":"2060","key":"snowdays","value":10.9,"estimate":"q5"},{"bfs_id":4063,"rcp":"RCP2.6","period":"2060","key":"snowdays","value":16.5,"estimate":"q50"},{"bfs_id":4063,"rcp":"RCP2.6","period":"2060","key":"snowdays","value":18.7,"estimate":"q95"},{"bfs_id":4063,"rcp":"RCP2.6","period":"2085","key":"snowdays","value":11.1,"estimate":"q5"},{"bfs_id":4063,"rcp":"RCP2.6","period":"2085","key":"snowdays","value":16.2,"estimate":"q50"},{"bfs_id":4063,"rcp":"RCP2.6","period":"2085","key":"snowdays","value":18.7,"estimate":"q95"},{"bfs_id":4063,"rcp":"RCP8.5","period":"2035","key":"snowdays","value":10.9,"estimate":"q5"},{"bfs_id":4063,"rcp":"RCP8.5","period":"2035","key":"snowdays","value":16.1,"estimate":"q50"},{"bfs_id":4063,"rcp":"RCP8.5","period":"2035","key":"snowdays","value":18.2,"estimate":"q95"},{"bfs_id":4063,"rcp":"RCP8.5","period":"2060","key":"snowdays","value":7.8,"estimate":"q5"},{"bfs_id":4063,"rcp":"RCP8.5","period":"2060","key":"snowdays","value":12.3,"estimate":"q50"},{"bfs_id":4063,"rcp":"RCP8.5","period":"2060","key":"snowdays","value":15.4,"estimate":"q95"},{"bfs_id":4063,"rcp":"RCP8.5","period":"2085","key":"snowdays","value":2.9,"estimate":"q5"},{"bfs_id":4063,"rcp":"RCP8.5","period":"2085","key":"snowdays","value":6.6,"estimate":"q50"},{"bfs_id":4063,"rcp":"RCP8.5","period":"2085","key":"snowdays","value":9.5,"estimate":"q95"},{"bfs_id":4063,"rcp":"RCP2.6","period":"2035","key":"TN","value":0.1,"estimate":"q5"},{"bfs_id":4063,"rcp":"RCP2.6","period":"2035","key":"TN","value":0.4,"estimate":"q50"},{"bfs_id":4063,"rcp":"RCP2.6","period":"2035","key":"TN","value":0.9,"estimate":"q95"},{"bfs_id":4063,"rcp":"RCP2.6","period":"2060","key":"TN","value":0.1,"estimate":"q5"},{"bfs_id":4063,"rcp":"RCP2.6","period":"2060","key":"TN","value":0.5,"estimate":"q50"},{"bfs_id":4063,"rcp":"RCP2.6","period":"2060","key":"TN","value":1.2,"estimate":"q95"},{"bfs_id":4063,"rcp":"RCP2.6","period":"2085","key":"TN","value":0.1,"estimate":"q5"},{"bfs_id":4063,"rcp":"RCP2.6","period":"2085","key":"TN","value":0.5,"estimate":"q50"},{"bfs_id":4063,"rcp":"RCP2.6","period":"2085","key":"TN","value":1.2,"estimate":"q95"},{"bfs_id":4063,"rcp":"RCP8.5","period":"2035","key":"TN","value":0.3,"estimate":"q5"},{"bfs_id":4063,"rcp":"RCP8.5","period":"2035","key":"TN","value":0.5,"estimate":"q50"},{"bfs_id":4063,"rcp":"RCP8.5","period":"2035","key":"TN","value":2.2,"estimate":"q95"},{"bfs_id":4063,"rcp":"RCP8.5","period":"2060","key":"TN","value":1.1,"estimate":"q5"},{"bfs_id":4063,"rcp":"RCP8.5","period":"2060","key":"TN","value":3.3,"estimate":"q50"},{"bfs_id":4063,"rcp":"RCP8.5","period":"2060","key":"TN","value":6.8,"estimate":"q95"},{"bfs_id":4063,"rcp":"RCP8.5","period":"2085","key":"TN","value":5.6,"estimate":"q5"},{"bfs_id":4063,"rcp":"RCP8.5","period":"2085","key":"TN","value":10,"estimate":"q50"},{"bfs_id":4063,"rcp":"RCP8.5","period":"2085","key":"TN","value":24.3,"estimate":"q95"},{"bfs_id":4063,"rcp":"RCP2.6","period":"2035","key":"pr","value":2.4,"estimate":"q5","season":"DJF"},{"bfs_id":4063,"rcp":"RCP2.6","period":"2035","key":"pr","value":2.9,"estimate":"q5","season":"MAM"},{"bfs_id":4063,"rcp":"RCP2.6","period":"2035","key":"pr","value":3.3,"estimate":"q5","season":"JJA"},{"bfs_id":4063,"rcp":"RCP2.6","period":"2035","key":"pr","value":2.6,"estimate":"q5","season":"SON"},{"bfs_id":4063,"rcp":"RCP2.6","period":"2035","key":"pr","value":2.8,"estimate":"q50","season":"DJF"},{"bfs_id":4063,"rcp":"RCP2.6","period":"2035","key":"pr","value":3.2,"estimate":"q50","season":"MAM"},{"bfs_id":4063,"rcp":"RCP2.6","period":"2035","key":"pr","value":3.7,"estimate":"q50","season":"JJA"},{"bfs_id":4063,"rcp":"RCP2.6","period":"2035","key":"pr","value":2.8,"estimate":"q50","season":"SON"},{"bfs_id":4063,"rcp":"RCP2.6","period":"2035","key":"pr","value":3.3,"estimate":"q95","season":"DJF"},{"bfs_id":4063,"rcp":"RCP2.6","period":"2035","key":"pr","value":3.5,"estimate":"q95","season":"MAM"},{"bfs_id":4063,"rcp":"RCP2.6","period":"2035","key":"pr","value":4.4,"estimate":"q95","season":"JJA"},{"bfs_id":4063,"rcp":"RCP2.6","period":"2035","key":"pr","value":3.4,"estimate":"q95","season":"SON"},{"bfs_id":4063,"rcp":"RCP2.6","period":"2060","key":"pr","value":2.5,"estimate":"q5","season":"DJF"},{"bfs_id":4063,"rcp":"RCP2.6","period":"2060","key":"pr","value":2.9,"estimate":"q5","season":"MAM"},{"bfs_id":4063,"rcp":"RCP2.6","period":"2060","key":"pr","value":3.4,"estimate":"q5","season":"JJA"},{"bfs_id":4063,"rcp":"RCP2.6","period":"2060","key":"pr","value":2.6,"estimate":"q5","season":"SON"},{"bfs_id":4063,"rcp":"RCP2.6","period":"2060","key":"pr","value":2.8,"estimate":"q50","season":"DJF"},{"bfs_id":4063,"rcp":"RCP2.6","period":"2060","key":"pr","value":3.2,"estimate":"q50","season":"MAM"},{"bfs_id":4063,"rcp":"RCP2.6","period":"2060","key":"pr","value":3.7,"estimate":"q50","season":"JJA"},{"bfs_id":4063,"rcp":"RCP2.6","period":"2060","key":"pr","value":2.9,"estimate":"q50","season":"SON"},{"bfs_id":4063,"rcp":"RCP2.6","period":"2060","key":"pr","value":3.1,"estimate":"q95","season":"DJF"},{"bfs_id":4063,"rcp":"RCP2.6","period":"2060","key":"pr","value":3.5,"estimate":"q95","season":"MAM"},{"bfs_id":4063,"rcp":"RCP2.6","period":"2060","key":"pr","value":4.4,"estimate":"q95","season":"JJA"},{"bfs_id":4063,"rcp":"RCP2.6","period":"2060","key":"pr","value":3.3,"estimate":"q95","season":"SON"},{"bfs_id":4063,"rcp":"RCP2.6","period":"2085","key":"pr","value":2.4,"estimate":"q5","season":"DJF"},{"bfs_id":4063,"rcp":"RCP2.6","period":"2085","key":"pr","value":2.9,"estimate":"q5","season":"MAM"},{"bfs_id":4063,"rcp":"RCP2.6","period":"2085","key":"pr","value":3.3,"estimate":"q5","season":"JJA"},{"bfs_id":4063,"rcp":"RCP2.6","period":"2085","key":"pr","value":2.5,"estimate":"q5","season":"SON"},{"bfs_id":4063,"rcp":"RCP2.6","period":"2085","key":"pr","value":2.7,"estimate":"q50","season":"DJF"},{"bfs_id":4063,"rcp":"RCP2.6","period":"2085","key":"pr","value":3.2,"estimate":"q50","season":"MAM"},{"bfs_id":4063,"rcp":"RCP2.6","period":"2085","key":"pr","value":3.7,"estimate":"q50","season":"JJA"},{"bfs_id":4063,"rcp":"RCP2.6","period":"2085","key":"pr","value":2.9,"estimate":"q50","season":"SON"},{"bfs_id":4063,"rcp":"RCP2.6","period":"2085","key":"pr","value":3.1,"estimate":"q95","season":"DJF"},{"bfs_id":4063,"rcp":"RCP2.6","period":"2085","key":"pr","value":3.5,"estimate":"q95","season":"MAM"},{"bfs_id":4063,"rcp":"RCP2.6","period":"2085","key":"pr","value":4.6,"estimate":"q95","season":"JJA"},{"bfs_id":4063,"rcp":"RCP2.6","period":"2085","key":"pr","value":3.3,"estimate":"q95","season":"SON"},{"bfs_id":4063,"rcp":"RCP8.5","period":"2035","key":"pr","value":2.5,"estimate":"q5","season":"DJF"},{"bfs_id":4063,"rcp":"RCP8.5","period":"2035","key":"pr","value":2.9,"estimate":"q5","season":"MAM"},{"bfs_id":4063,"rcp":"RCP8.5","period":"2035","key":"pr","value":3.4,"estimate":"q5","season":"JJA"},{"bfs_id":4063,"rcp":"RCP8.5","period":"2035","key":"pr","value":2.7,"estimate":"q5","season":"SON"},{"bfs_id":4063,"rcp":"RCP8.5","period":"2035","key":"pr","value":2.9,"estimate":"q50","season":"DJF"},{"bfs_id":4063,"rcp":"RCP8.5","period":"2035","key":"pr","value":3.3,"estimate":"q50","season":"MAM"},{"bfs_id":4063,"rcp":"RCP8.5","period":"2035","key":"pr","value":3.7,"estimate":"q50","season":"JJA"},{"bfs_id":4063,"rcp":"RCP8.5","period":"2035","key":"pr","value":3,"estimate":"q50","season":"SON"},{"bfs_id":4063,"rcp":"RCP8.5","period":"2035","key":"pr","value":3.2,"estimate":"q95","season":"DJF"},{"bfs_id":4063,"rcp":"RCP8.5","period":"2035","key":"pr","value":3.6,"estimate":"q95","season":"MAM"},{"bfs_id":4063,"rcp":"RCP8.5","period":"2035","key":"pr","value":4.2,"estimate":"q95","season":"JJA"},{"bfs_id":4063,"rcp":"RCP8.5","period":"2035","key":"pr","value":3.3,"estimate":"q95","season":"SON"},{"bfs_id":4063,"rcp":"RCP8.5","period":"2060","key":"pr","value":2.7,"estimate":"q5","season":"DJF"},{"bfs_id":4063,"rcp":"RCP8.5","period":"2060","key":"pr","value":3.2,"estimate":"q5","season":"MAM"},{"bfs_id":4063,"rcp":"RCP8.5","period":"2060","key":"pr","value":3.1,"estimate":"q5","season":"JJA"},{"bfs_id":4063,"rcp":"RCP8.5","period":"2060","key":"pr","value":2.6,"estimate":"q5","season":"SON"},{"bfs_id":4063,"rcp":"RCP8.5","period":"2060","key":"pr","value":3,"estimate":"q50","season":"DJF"},{"bfs_id":4063,"rcp":"RCP8.5","period":"2060","key":"pr","value":3.4,"estimate":"q50","season":"MAM"},{"bfs_id":4063,"rcp":"RCP8.5","period":"2060","key":"pr","value":3.6,"estimate":"q50","season":"JJA"},{"bfs_id":4063,"rcp":"RCP8.5","period":"2060","key":"pr","value":2.9,"estimate":"q50","season":"SON"},{"bfs_id":4063,"rcp":"RCP8.5","period":"2060","key":"pr","value":3.4,"estimate":"q95","season":"DJF"},{"bfs_id":4063,"rcp":"RCP8.5","period":"2060","key":"pr","value":3.9,"estimate":"q95","season":"MAM"},{"bfs_id":4063,"rcp":"RCP8.5","period":"2060","key":"pr","value":4.4,"estimate":"q95","season":"JJA"},{"bfs_id":4063,"rcp":"RCP8.5","period":"2060","key":"pr","value":3.3,"estimate":"q95","season":"SON"},{"bfs_id":4063,"rcp":"RCP8.5","period":"2085","key":"pr","value":3,"estimate":"q5","season":"DJF"},{"bfs_id":4063,"rcp":"RCP8.5","period":"2085","key":"pr","value":3.2,"estimate":"q5","season":"MAM"},{"bfs_id":4063,"rcp":"RCP8.5","period":"2085","key":"pr","value":2.6,"estimate":"q5","season":"JJA"},{"bfs_id":4063,"rcp":"RCP8.5","period":"2085","key":"pr","value":2.5,"estimate":"q5","season":"SON"},{"bfs_id":4063,"rcp":"RCP8.5","period":"2085","key":"pr","value":3.3,"estimate":"q50","season":"DJF"},{"bfs_id":4063,"rcp":"RCP8.5","period":"2085","key":"pr","value":3.5,"estimate":"q50","season":"MAM"},{"bfs_id":4063,"rcp":"RCP8.5","period":"2085","key":"pr","value":3.1,"estimate":"q50","season":"JJA"},{"bfs_id":4063,"rcp":"RCP8.5","period":"2085","key":"pr","value":2.9,"estimate":"q50","season":"SON"},{"bfs_id":4063,"rcp":"RCP8.5","period":"2085","key":"pr","value":3.8,"estimate":"q95","season":"DJF"},{"bfs_id":4063,"rcp":"RCP8.5","period":"2085","key":"pr","value":3.9,"estimate":"q95","season":"MAM"},{"bfs_id":4063,"rcp":"RCP8.5","period":"2085","key":"pr","value":3.9,"estimate":"q95","season":"JJA"},{"bfs_id":4063,"rcp":"RCP8.5","period":"2085","key":"pr","value":3.6,"estimate":"q95","season":"SON"},{"bfs_id":4063,"rcp":"RCP2.6","period":"2035","key":"tas","value":1.6,"estimate":"q5","season":"DJF"},{"bfs_id":4063,"rcp":"RCP2.6","period":"2035","key":"tas","value":9.3,"estimate":"q5","season":"MAM"},{"bfs_id":4063,"rcp":"RCP2.6","period":"2035","key":"tas","value":18.4,"estimate":"q5","season":"JJA"},{"bfs_id":4063,"rcp":"RCP2.6","period":"2035","key":"tas","value":10.1,"estimate":"q5","season":"SON"},{"bfs_id":4063,"rcp":"RCP2.6","period":"2035","key":"tas","value":2.2,"estimate":"q50","season":"DJF"},{"bfs_id":4063,"rcp":"RCP2.6","period":"2035","key":"tas","value":9.8,"estimate":"q50","season":"MAM"},{"bfs_id":4063,"rcp":"RCP2.6","period":"2035","key":"tas","value":18.9,"estimate":"q50","season":"JJA"},{"bfs_id":4063,"rcp":"RCP2.6","period":"2035","key":"tas","value":10.5,"estimate":"q50","season":"SON"},{"bfs_id":4063,"rcp":"RCP2.6","period":"2035","key":"tas","value":3,"estimate":"q95","season":"DJF"},{"bfs_id":4063,"rcp":"RCP2.6","period":"2035","key":"tas","value":10.2,"estimate":"q95","season":"MAM"},{"bfs_id":4063,"rcp":"RCP2.6","period":"2035","key":"tas","value":19.5,"estimate":"q95","season":"JJA"},{"bfs_id":4063,"rcp":"RCP2.6","period":"2035","key":"tas","value":11.4,"estimate":"q95","season":"SON"},{"bfs_id":4063,"rcp":"RCP2.6","period":"2060","key":"tas","value":1.7,"estimate":"q5","season":"DJF"},{"bfs_id":4063,"rcp":"RCP2.6","period":"2060","key":"tas","value":9.2,"estimate":"q5","season":"MAM"},{"bfs_id":4063,"rcp":"RCP2.6","period":"2060","key":"tas","value":18.6,"estimate":"q5","season":"JJA"},{"bfs_id":4063,"rcp":"RCP2.6","period":"2060","key":"tas","value":10.4,"estimate":"q5","season":"SON"},{"bfs_id":4063,"rcp":"RCP2.6","period":"2060","key":"tas","value":2.5,"estimate":"q50","season":"DJF"},{"bfs_id":4063,"rcp":"RCP2.6","period":"2060","key":"tas","value":9.9,"estimate":"q50","season":"MAM"},{"bfs_id":4063,"rcp":"RCP2.6","period":"2060","key":"tas","value":19.1,"estimate":"q50","season":"JJA"},{"bfs_id":4063,"rcp":"RCP2.6","period":"2060","key":"tas","value":10.7,"estimate":"q50","season":"SON"},{"bfs_id":4063,"rcp":"RCP2.6","period":"2060","key":"tas","value":3,"estimate":"q95","season":"DJF"},{"bfs_id":4063,"rcp":"RCP2.6","period":"2060","key":"tas","value":10.3,"estimate":"q95","season":"MAM"},{"bfs_id":4063,"rcp":"RCP2.6","period":"2060","key":"tas","value":19.6,"estimate":"q95","season":"JJA"},{"bfs_id":4063,"rcp":"RCP2.6","period":"2060","key":"tas","value":11.7,"estimate":"q95","season":"SON"},{"bfs_id":4063,"rcp":"RCP2.6","period":"2085","key":"tas","value":1.7,"estimate":"q5","season":"DJF"},{"bfs_id":4063,"rcp":"RCP2.6","period":"2085","key":"tas","value":9.3,"estimate":"q5","season":"MAM"},{"bfs_id":4063,"rcp":"RCP2.6","period":"2085","key":"tas","value":18.6,"estimate":"q5","season":"JJA"},{"bfs_id":4063,"rcp":"RCP2.6","period":"2085","key":"tas","value":10.2,"estimate":"q5","season":"SON"},{"bfs_id":4063,"rcp":"RCP2.6","period":"2085","key":"tas","value":2.4,"estimate":"q50","season":"DJF"},{"bfs_id":4063,"rcp":"RCP2.6","period":"2085","key":"tas","value":10,"estimate":"q50","season":"MAM"},{"bfs_id":4063,"rcp":"RCP2.6","period":"2085","key":"tas","value":19,"estimate":"q50","season":"JJA"},{"bfs_id":4063,"rcp":"RCP2.6","period":"2085","key":"tas","value":10.7,"estimate":"q50","season":"SON"},{"bfs_id":4063,"rcp":"RCP2.6","period":"2085","key":"tas","value":3,"estimate":"q95","season":"DJF"},{"bfs_id":4063,"rcp":"RCP2.6","period":"2085","key":"tas","value":10.3,"estimate":"q95","season":"MAM"},{"bfs_id":4063,"rcp":"RCP2.6","period":"2085","key":"tas","value":19.5,"estimate":"q95","season":"JJA"},{"bfs_id":4063,"rcp":"RCP2.6","period":"2085","key":"tas","value":11.7,"estimate":"q95","season":"SON"},{"bfs_id":4063,"rcp":"RCP8.5","period":"2035","key":"tas","value":1.5,"estimate":"q5","season":"DJF"},{"bfs_id":4063,"rcp":"RCP8.5","period":"2035","key":"tas","value":9.5,"estimate":"q5","season":"MAM"},{"bfs_id":4063,"rcp":"RCP8.5","period":"2035","key":"tas","value":18.8,"estimate":"q5","season":"JJA"},{"bfs_id":4063,"rcp":"RCP8.5","period":"2035","key":"tas","value":10.4,"estimate":"q5","season":"SON"},{"bfs_id":4063,"rcp":"RCP8.5","period":"2035","key":"tas","value":2.5,"estimate":"q50","season":"DJF"},{"bfs_id":4063,"rcp":"RCP8.5","period":"2035","key":"tas","value":9.9,"estimate":"q50","season":"MAM"},{"bfs_id":4063,"rcp":"RCP8.5","period":"2035","key":"tas","value":19.2,"estimate":"q50","season":"JJA"},{"bfs_id":4063,"rcp":"RCP8.5","period":"2035","key":"tas","value":11,"estimate":"q50","season":"SON"},{"bfs_id":4063,"rcp":"RCP8.5","period":"2035","key":"tas","value":3,"estimate":"q95","season":"DJF"},{"bfs_id":4063,"rcp":"RCP8.5","period":"2035","key":"tas","value":10.2,"estimate":"q95","season":"MAM"},{"bfs_id":4063,"rcp":"RCP8.5","period":"2035","key":"tas","value":19.7,"estimate":"q95","season":"JJA"},{"bfs_id":4063,"rcp":"RCP8.5","period":"2035","key":"tas","value":11.7,"estimate":"q95","season":"SON"},{"bfs_id":4063,"rcp":"RCP8.5","period":"2060","key":"tas","value":3,"estimate":"q5","season":"DJF"},{"bfs_id":4063,"rcp":"RCP8.5","period":"2060","key":"tas","value":10.3,"estimate":"q5","season":"MAM"},{"bfs_id":4063,"rcp":"RCP8.5","period":"2060","key":"tas","value":19.9,"estimate":"q5","season":"JJA"},{"bfs_id":4063,"rcp":"RCP8.5","period":"2060","key":"tas","value":11.5,"estimate":"q5","season":"SON"},{"bfs_id":4063,"rcp":"RCP8.5","period":"2060","key":"tas","value":3.3,"estimate":"q50","season":"DJF"},{"bfs_id":4063,"rcp":"RCP8.5","period":"2060","key":"tas","value":10.8,"estimate":"q50","season":"MAM"},{"bfs_id":4063,"rcp":"RCP8.5","period":"2060","key":"tas","value":20.5,"estimate":"q50","season":"JJA"},{"bfs_id":4063,"rcp":"RCP8.5","period":"2060","key":"tas","value":12.1,"estimate":"q50","season":"SON"},{"bfs_id":4063,"rcp":"RCP8.5","period":"2060","key":"tas","value":4,"estimate":"q95","season":"DJF"},{"bfs_id":4063,"rcp":"RCP8.5","period":"2060","key":"tas","value":11.3,"estimate":"q95","season":"MAM"},{"bfs_id":4063,"rcp":"RCP8.5","period":"2060","key":"tas","value":21.5,"estimate":"q95","season":"JJA"},{"bfs_id":4063,"rcp":"RCP8.5","period":"2060","key":"tas","value":13,"estimate":"q95","season":"SON"},{"bfs_id":4063,"rcp":"RCP8.5","period":"2085","key":"tas","value":4,"estimate":"q5","season":"DJF"},{"bfs_id":4063,"rcp":"RCP8.5","period":"2085","key":"tas","value":11.4,"estimate":"q5","season":"MAM"},{"bfs_id":4063,"rcp":"RCP8.5","period":"2085","key":"tas","value":21.2,"estimate":"q5","season":"JJA"},{"bfs_id":4063,"rcp":"RCP8.5","period":"2085","key":"tas","value":12.4,"estimate":"q5","season":"SON"},{"bfs_id":4063,"rcp":"RCP8.5","period":"2085","key":"tas","value":5.1,"estimate":"q50","season":"DJF"},{"bfs_id":4063,"rcp":"RCP8.5","period":"2085","key":"tas","value":12.1,"estimate":"q50","season":"MAM"},{"bfs_id":4063,"rcp":"RCP8.5","period":"2085","key":"tas","value":22.1,"estimate":"q50","season":"JJA"},{"bfs_id":4063,"rcp":"RCP8.5","period":"2085","key":"tas","value":13.5,"estimate":"q50","season":"SON"},{"bfs_id":4063,"rcp":"RCP8.5","period":"2085","key":"tas","value":5.8,"estimate":"q95","season":"DJF"},{"bfs_id":4063,"rcp":"RCP8.5","period":"2085","key":"tas","value":13,"estimate":"q95","season":"MAM"},{"bfs_id":4063,"rcp":"RCP8.5","period":"2085","key":"tas","value":24.1,"estimate":"q95","season":"JJA"},{"bfs_id":4063,"rcp":"RCP8.5","period":"2085","key":"tas","value":15.2,"estimate":"q95","season":"SON"},{"bfs_id":4063,"rcp":"obs","period":"1981-2010","key":"FD","value":86.5,"estimate":"yearly_mean"},{"bfs_id":4063,"rcp":"obs","period":"1981-2010","key":"HD","value":7.8,"estimate":"yearly_mean"},{"bfs_id":4063,"rcp":"obs","period":"1981-2010","key":"ID","value":21.2,"estimate":"yearly_mean"},{"bfs_id":4063,"rcp":"obs","period":"1981-2010","key":"SD","value":44.3,"estimate":"yearly_mean"},{"bfs_id":4063,"rcp":"obs","period":"1981-2010","key":"snowdays","value":18.5,"estimate":"yearly_mean"},{"bfs_id":4063,"rcp":"obs","period":"1981-2010","key":"TN","value":0,"estimate":"yearly_mean"},{"bfs_id":4063,"rcp":"obs","period":"1981-2010","key":"pr","value":2.5,"estimate":"mean","season":"DJF"},{"bfs_id":4063,"rcp":"obs","period":"1981-2010","key":"pr","value":3.1,"estimate":"mean","season":"MAM"},{"bfs_id":4063,"rcp":"obs","period":"1981-2010","key":"pr","value":3.9,"estimate":"mean","season":"JJA"},{"bfs_id":4063,"rcp":"obs","period":"1981-2010","key":"pr","value":2.9,"estimate":"mean","season":"SON"},{"bfs_id":4063,"rcp":"obs","period":"1981-2010","key":"tas","value":1,"estimate":"mean","season":"DJF"},{"bfs_id":4063,"rcp":"obs","period":"1981-2010","key":"tas","value":9.2,"estimate":"mean","season":"MAM"},{"bfs_id":4063,"rcp":"obs","period":"1981-2010","key":"tas","value":17.9,"estimate":"mean","season":"JJA"},{"bfs_id":4063,"rcp":"obs","period":"1981-2010","key":"tas","value":9.5,"estimate":"mean","season":"SON"}]
