[{"bfs_id":5760,"rcp":"RCP2.6","period":"2035","key":"FD","value":47.4,"estimate":"q5"},{"bfs_id":5760,"rcp":"RCP2.6","period":"2035","key":"FD","value":56.7,"estimate":"q50"},{"bfs_id":5760,"rcp":"RCP2.6","period":"2035","key":"FD","value":61.9,"estimate":"q95"},{"bfs_id":5760,"rcp":"RCP2.6","period":"2060","key":"FD","value":44.4,"estimate":"q5"},{"bfs_id":5760,"rcp":"RCP2.6","period":"2060","key":"FD","value":53.3,"estimate":"q50"},{"bfs_id":5760,"rcp":"RCP2.6","period":"2060","key":"FD","value":59.3,"estimate":"q95"},{"bfs_id":5760,"rcp":"RCP2.6","period":"2085","key":"FD","value":44.5,"estimate":"q5"},{"bfs_id":5760,"rcp":"RCP2.6","period":"2085","key":"FD","value":54.1,"estimate":"q50"},{"bfs_id":5760,"rcp":"RCP2.6","period":"2085","key":"FD","value":60.1,"estimate":"q95"},{"bfs_id":5760,"rcp":"RCP8.5","period":"2035","key":"FD","value":44.1,"estimate":"q5"},{"bfs_id":5760,"rcp":"RCP8.5","period":"2035","key":"FD","value":54,"estimate":"q50"},{"bfs_id":5760,"rcp":"RCP8.5","period":"2035","key":"FD","value":58.2,"estimate":"q95"},{"bfs_id":5760,"rcp":"RCP8.5","period":"2060","key":"FD","value":33.3,"estimate":"q5"},{"bfs_id":5760,"rcp":"RCP8.5","period":"2060","key":"FD","value":39.9,"estimate":"q50"},{"bfs_id":5760,"rcp":"RCP8.5","period":"2060","key":"FD","value":47.6,"estimate":"q95"},{"bfs_id":5760,"rcp":"RCP8.5","period":"2085","key":"FD","value":17.5,"estimate":"q5"},{"bfs_id":5760,"rcp":"RCP8.5","period":"2085","key":"FD","value":23.2,"estimate":"q50"},{"bfs_id":5760,"rcp":"RCP8.5","period":"2085","key":"FD","value":32.9,"estimate":"q95"},{"bfs_id":5760,"rcp":"RCP2.6","period":"2035","key":"HD","value":6.3,"estimate":"q5"},{"bfs_id":5760,"rcp":"RCP2.6","period":"2035","key":"HD","value":9.9,"estimate":"q50"},{"bfs_id":5760,"rcp":"RCP2.6","period":"2035","key":"HD","value":14.2,"estimate":"q95"},{"bfs_id":5760,"rcp":"RCP2.6","period":"2060","key":"HD","value":7.2,"estimate":"q5"},{"bfs_id":5760,"rcp":"RCP2.6","period":"2060","key":"HD","value":10,"estimate":"q50"},{"bfs_id":5760,"rcp":"RCP2.6","period":"2060","key":"HD","value":17.4,"estimate":"q95"},{"bfs_id":5760,"rcp":"RCP2.6","period":"2085","key":"HD","value":7.1,"estimate":"q5"},{"bfs_id":5760,"rcp":"RCP2.6","period":"2085","key":"HD","value":9,"estimate":"q50"},{"bfs_id":5760,"rcp":"RCP2.6","period":"2085","key":"HD","value":16.6,"estimate":"q95"},{"bfs_id":5760,"rcp":"RCP8.5","period":"2035","key":"HD","value":8.1,"estimate":"q5"},{"bfs_id":5760,"rcp":"RCP8.5","period":"2035","key":"HD","value":9.8,"estimate":"q50"},{"bfs_id":5760,"rcp":"RCP8.5","period":"2035","key":"HD","value":15.2,"estimate":"q95"},{"bfs_id":5760,"rcp":"RCP8.5","period":"2060","key":"HD","value":12.8,"estimate":"q5"},{"bfs_id":5760,"rcp":"RCP8.5","period":"2060","key":"HD","value":18.4,"estimate":"q50"},{"bfs_id":5760,"rcp":"RCP8.5","period":"2060","key":"HD","value":31,"estimate":"q95"},{"bfs_id":5760,"rcp":"RCP8.5","period":"2085","key":"HD","value":24.6,"estimate":"q5"},{"bfs_id":5760,"rcp":"RCP8.5","period":"2085","key":"HD","value":33,"estimate":"q50"},{"bfs_id":5760,"rcp":"RCP8.5","period":"2085","key":"HD","value":54.1,"estimate":"q95"},{"bfs_id":5760,"rcp":"RCP2.6","period":"2035","key":"ID","value":7.7,"estimate":"q5"},{"bfs_id":5760,"rcp":"RCP2.6","period":"2035","key":"ID","value":10.3,"estimate":"q50"},{"bfs_id":5760,"rcp":"RCP2.6","period":"2035","key":"ID","value":13,"estimate":"q95"},{"bfs_id":5760,"rcp":"RCP2.6","period":"2060","key":"ID","value":7.1,"estimate":"q5"},{"bfs_id":5760,"rcp":"RCP2.6","period":"2060","key":"ID","value":9.8,"estimate":"q50"},{"bfs_id":5760,"rcp":"RCP2.6","period":"2060","key":"ID","value":12.3,"estimate":"q95"},{"bfs_id":5760,"rcp":"RCP2.6","period":"2085","key":"ID","value":7.4,"estimate":"q5"},{"bfs_id":5760,"rcp":"RCP2.6","period":"2085","key":"ID","value":9.4,"estimate":"q50"},{"bfs_id":5760,"rcp":"RCP2.6","period":"2085","key":"ID","value":12.4,"estimate":"q95"},{"bfs_id":5760,"rcp":"RCP8.5","period":"2035","key":"ID","value":6.9,"estimate":"q5"},{"bfs_id":5760,"rcp":"RCP8.5","period":"2035","key":"ID","value":8.6,"estimate":"q50"},{"bfs_id":5760,"rcp":"RCP8.5","period":"2035","key":"ID","value":11.9,"estimate":"q95"},{"bfs_id":5760,"rcp":"RCP8.5","period":"2060","key":"ID","value":4.7,"estimate":"q5"},{"bfs_id":5760,"rcp":"RCP8.5","period":"2060","key":"ID","value":6.4,"estimate":"q50"},{"bfs_id":5760,"rcp":"RCP8.5","period":"2060","key":"ID","value":8.1,"estimate":"q95"},{"bfs_id":5760,"rcp":"RCP8.5","period":"2085","key":"ID","value":1.2,"estimate":"q5"},{"bfs_id":5760,"rcp":"RCP8.5","period":"2085","key":"ID","value":2.5,"estimate":"q50"},{"bfs_id":5760,"rcp":"RCP8.5","period":"2085","key":"ID","value":4.5,"estimate":"q95"},{"bfs_id":5760,"rcp":"RCP2.6","period":"2035","key":"SD","value":44.4,"estimate":"q5"},{"bfs_id":5760,"rcp":"RCP2.6","period":"2035","key":"SD","value":51.2,"estimate":"q50"},{"bfs_id":5760,"rcp":"RCP2.6","period":"2035","key":"SD","value":58.1,"estimate":"q95"},{"bfs_id":5760,"rcp":"RCP2.6","period":"2060","key":"SD","value":46.1,"estimate":"q5"},{"bfs_id":5760,"rcp":"RCP2.6","period":"2060","key":"SD","value":52.5,"estimate":"q50"},{"bfs_id":5760,"rcp":"RCP2.6","period":"2060","key":"SD","value":58.5,"estimate":"q95"},{"bfs_id":5760,"rcp":"RCP2.6","period":"2085","key":"SD","value":45.3,"estimate":"q5"},{"bfs_id":5760,"rcp":"RCP2.6","period":"2085","key":"SD","value":51.5,"estimate":"q50"},{"bfs_id":5760,"rcp":"RCP2.6","period":"2085","key":"SD","value":58,"estimate":"q95"},{"bfs_id":5760,"rcp":"RCP8.5","period":"2035","key":"SD","value":48.4,"estimate":"q5"},{"bfs_id":5760,"rcp":"RCP8.5","period":"2035","key":"SD","value":53.4,"estimate":"q50"},{"bfs_id":5760,"rcp":"RCP8.5","period":"2035","key":"SD","value":59.8,"estimate":"q95"},{"bfs_id":5760,"rcp":"RCP8.5","period":"2060","key":"SD","value":62.3,"estimate":"q5"},{"bfs_id":5760,"rcp":"RCP8.5","period":"2060","key":"SD","value":67.7,"estimate":"q50"},{"bfs_id":5760,"rcp":"RCP8.5","period":"2060","key":"SD","value":82.8,"estimate":"q95"},{"bfs_id":5760,"rcp":"RCP8.5","period":"2085","key":"SD","value":78.4,"estimate":"q5"},{"bfs_id":5760,"rcp":"RCP8.5","period":"2085","key":"SD","value":89.3,"estimate":"q50"},{"bfs_id":5760,"rcp":"RCP8.5","period":"2085","key":"SD","value":109.1,"estimate":"q95"},{"bfs_id":5760,"rcp":"RCP2.6","period":"2035","key":"snowdays","value":9,"estimate":"q5"},{"bfs_id":5760,"rcp":"RCP2.6","period":"2035","key":"snowdays","value":13.8,"estimate":"q50"},{"bfs_id":5760,"rcp":"RCP2.6","period":"2035","key":"snowdays","value":15.5,"estimate":"q95"},{"bfs_id":5760,"rcp":"RCP2.6","period":"2060","key":"snowdays","value":8.6,"estimate":"q5"},{"bfs_id":5760,"rcp":"RCP2.6","period":"2060","key":"snowdays","value":12.4,"estimate":"q50"},{"bfs_id":5760,"rcp":"RCP2.6","period":"2060","key":"snowdays","value":15.3,"estimate":"q95"},{"bfs_id":5760,"rcp":"RCP2.6","period":"2085","key":"snowdays","value":8.2,"estimate":"q5"},{"bfs_id":5760,"rcp":"RCP2.6","period":"2085","key":"snowdays","value":12.6,"estimate":"q50"},{"bfs_id":5760,"rcp":"RCP2.6","period":"2085","key":"snowdays","value":15.6,"estimate":"q95"},{"bfs_id":5760,"rcp":"RCP8.5","period":"2035","key":"snowdays","value":7.3,"estimate":"q5"},{"bfs_id":5760,"rcp":"RCP8.5","period":"2035","key":"snowdays","value":12.2,"estimate":"q50"},{"bfs_id":5760,"rcp":"RCP8.5","period":"2035","key":"snowdays","value":15.6,"estimate":"q95"},{"bfs_id":5760,"rcp":"RCP8.5","period":"2060","key":"snowdays","value":4.9,"estimate":"q5"},{"bfs_id":5760,"rcp":"RCP8.5","period":"2060","key":"snowdays","value":8.6,"estimate":"q50"},{"bfs_id":5760,"rcp":"RCP8.5","period":"2060","key":"snowdays","value":10.9,"estimate":"q95"},{"bfs_id":5760,"rcp":"RCP8.5","period":"2085","key":"snowdays","value":2.1,"estimate":"q5"},{"bfs_id":5760,"rcp":"RCP8.5","period":"2085","key":"snowdays","value":4.6,"estimate":"q50"},{"bfs_id":5760,"rcp":"RCP8.5","period":"2085","key":"snowdays","value":7.1,"estimate":"q95"},{"bfs_id":5760,"rcp":"RCP2.6","period":"2035","key":"TN","value":0.7,"estimate":"q5"},{"bfs_id":5760,"rcp":"RCP2.6","period":"2035","key":"TN","value":1.8,"estimate":"q50"},{"bfs_id":5760,"rcp":"RCP2.6","period":"2035","key":"TN","value":2.8,"estimate":"q95"},{"bfs_id":5760,"rcp":"RCP2.6","period":"2060","key":"TN","value":1,"estimate":"q5"},{"bfs_id":5760,"rcp":"RCP2.6","period":"2060","key":"TN","value":1.8,"estimate":"q50"},{"bfs_id":5760,"rcp":"RCP2.6","period":"2060","key":"TN","value":3.5,"estimate":"q95"},{"bfs_id":5760,"rcp":"RCP2.6","period":"2085","key":"TN","value":0.9,"estimate":"q5"},{"bfs_id":5760,"rcp":"RCP2.6","period":"2085","key":"TN","value":1.8,"estimate":"q50"},{"bfs_id":5760,"rcp":"RCP2.6","period":"2085","key":"TN","value":3.3,"estimate":"q95"},{"bfs_id":5760,"rcp":"RCP8.5","period":"2035","key":"TN","value":1.3,"estimate":"q5"},{"bfs_id":5760,"rcp":"RCP8.5","period":"2035","key":"TN","value":2.1,"estimate":"q50"},{"bfs_id":5760,"rcp":"RCP8.5","period":"2035","key":"TN","value":4.9,"estimate":"q95"},{"bfs_id":5760,"rcp":"RCP8.5","period":"2060","key":"TN","value":3.8,"estimate":"q5"},{"bfs_id":5760,"rcp":"RCP8.5","period":"2060","key":"TN","value":7.6,"estimate":"q50"},{"bfs_id":5760,"rcp":"RCP8.5","period":"2060","key":"TN","value":12.8,"estimate":"q95"},{"bfs_id":5760,"rcp":"RCP8.5","period":"2085","key":"TN","value":11.2,"estimate":"q5"},{"bfs_id":5760,"rcp":"RCP8.5","period":"2085","key":"TN","value":16.3,"estimate":"q50"},{"bfs_id":5760,"rcp":"RCP8.5","period":"2085","key":"TN","value":37.2,"estimate":"q95"},{"bfs_id":5760,"rcp":"RCP2.6","period":"2035","key":"pr","value":2.6,"estimate":"q5","season":"DJF"},{"bfs_id":5760,"rcp":"RCP2.6","period":"2035","key":"pr","value":2.3,"estimate":"q5","season":"MAM"},{"bfs_id":5760,"rcp":"RCP2.6","period":"2035","key":"pr","value":2.3,"estimate":"q5","season":"JJA"},{"bfs_id":5760,"rcp":"RCP2.6","period":"2035","key":"pr","value":2.6,"estimate":"q5","season":"SON"},{"bfs_id":5760,"rcp":"RCP2.6","period":"2035","key":"pr","value":3.1,"estimate":"q50","season":"DJF"},{"bfs_id":5760,"rcp":"RCP2.6","period":"2035","key":"pr","value":2.8,"estimate":"q50","season":"MAM"},{"bfs_id":5760,"rcp":"RCP2.6","period":"2035","key":"pr","value":2.7,"estimate":"q50","season":"JJA"},{"bfs_id":5760,"rcp":"RCP2.6","period":"2035","key":"pr","value":2.9,"estimate":"q50","season":"SON"},{"bfs_id":5760,"rcp":"RCP2.6","period":"2035","key":"pr","value":3.6,"estimate":"q95","season":"DJF"},{"bfs_id":5760,"rcp":"RCP2.6","period":"2035","key":"pr","value":3,"estimate":"q95","season":"MAM"},{"bfs_id":5760,"rcp":"RCP2.6","period":"2035","key":"pr","value":3,"estimate":"q95","season":"JJA"},{"bfs_id":5760,"rcp":"RCP2.6","period":"2035","key":"pr","value":3.3,"estimate":"q95","season":"SON"},{"bfs_id":5760,"rcp":"RCP2.6","period":"2060","key":"pr","value":2.8,"estimate":"q5","season":"DJF"},{"bfs_id":5760,"rcp":"RCP2.6","period":"2060","key":"pr","value":2.5,"estimate":"q5","season":"MAM"},{"bfs_id":5760,"rcp":"RCP2.6","period":"2060","key":"pr","value":2.3,"estimate":"q5","season":"JJA"},{"bfs_id":5760,"rcp":"RCP2.6","period":"2060","key":"pr","value":2.7,"estimate":"q5","season":"SON"},{"bfs_id":5760,"rcp":"RCP2.6","period":"2060","key":"pr","value":3.1,"estimate":"q50","season":"DJF"},{"bfs_id":5760,"rcp":"RCP2.6","period":"2060","key":"pr","value":2.8,"estimate":"q50","season":"MAM"},{"bfs_id":5760,"rcp":"RCP2.6","period":"2060","key":"pr","value":2.6,"estimate":"q50","season":"JJA"},{"bfs_id":5760,"rcp":"RCP2.6","period":"2060","key":"pr","value":2.9,"estimate":"q50","season":"SON"},{"bfs_id":5760,"rcp":"RCP2.6","period":"2060","key":"pr","value":3.4,"estimate":"q95","season":"DJF"},{"bfs_id":5760,"rcp":"RCP2.6","period":"2060","key":"pr","value":3.1,"estimate":"q95","season":"MAM"},{"bfs_id":5760,"rcp":"RCP2.6","period":"2060","key":"pr","value":3,"estimate":"q95","season":"JJA"},{"bfs_id":5760,"rcp":"RCP2.6","period":"2060","key":"pr","value":3.2,"estimate":"q95","season":"SON"},{"bfs_id":5760,"rcp":"RCP2.6","period":"2085","key":"pr","value":2.6,"estimate":"q5","season":"DJF"},{"bfs_id":5760,"rcp":"RCP2.6","period":"2085","key":"pr","value":2.5,"estimate":"q5","season":"MAM"},{"bfs_id":5760,"rcp":"RCP2.6","period":"2085","key":"pr","value":2.3,"estimate":"q5","season":"JJA"},{"bfs_id":5760,"rcp":"RCP2.6","period":"2085","key":"pr","value":2.6,"estimate":"q5","season":"SON"},{"bfs_id":5760,"rcp":"RCP2.6","period":"2085","key":"pr","value":3.1,"estimate":"q50","season":"DJF"},{"bfs_id":5760,"rcp":"RCP2.6","period":"2085","key":"pr","value":2.8,"estimate":"q50","season":"MAM"},{"bfs_id":5760,"rcp":"RCP2.6","period":"2085","key":"pr","value":2.7,"estimate":"q50","season":"JJA"},{"bfs_id":5760,"rcp":"RCP2.6","period":"2085","key":"pr","value":2.8,"estimate":"q50","season":"SON"},{"bfs_id":5760,"rcp":"RCP2.6","period":"2085","key":"pr","value":3.5,"estimate":"q95","season":"DJF"},{"bfs_id":5760,"rcp":"RCP2.6","period":"2085","key":"pr","value":3.1,"estimate":"q95","season":"MAM"},{"bfs_id":5760,"rcp":"RCP2.6","period":"2085","key":"pr","value":3,"estimate":"q95","season":"JJA"},{"bfs_id":5760,"rcp":"RCP2.6","period":"2085","key":"pr","value":3.3,"estimate":"q95","season":"SON"},{"bfs_id":5760,"rcp":"RCP8.5","period":"2035","key":"pr","value":2.8,"estimate":"q5","season":"DJF"},{"bfs_id":5760,"rcp":"RCP8.5","period":"2035","key":"pr","value":2.5,"estimate":"q5","season":"MAM"},{"bfs_id":5760,"rcp":"RCP8.5","period":"2035","key":"pr","value":2.1,"estimate":"q5","season":"JJA"},{"bfs_id":5760,"rcp":"RCP8.5","period":"2035","key":"pr","value":2.6,"estimate":"q5","season":"SON"},{"bfs_id":5760,"rcp":"RCP8.5","period":"2035","key":"pr","value":3.2,"estimate":"q50","season":"DJF"},{"bfs_id":5760,"rcp":"RCP8.5","period":"2035","key":"pr","value":2.9,"estimate":"q50","season":"MAM"},{"bfs_id":5760,"rcp":"RCP8.5","period":"2035","key":"pr","value":2.7,"estimate":"q50","season":"JJA"},{"bfs_id":5760,"rcp":"RCP8.5","period":"2035","key":"pr","value":3,"estimate":"q50","season":"SON"},{"bfs_id":5760,"rcp":"RCP8.5","period":"2035","key":"pr","value":3.5,"estimate":"q95","season":"DJF"},{"bfs_id":5760,"rcp":"RCP8.5","period":"2035","key":"pr","value":3,"estimate":"q95","season":"MAM"},{"bfs_id":5760,"rcp":"RCP8.5","period":"2035","key":"pr","value":3,"estimate":"q95","season":"JJA"},{"bfs_id":5760,"rcp":"RCP8.5","period":"2035","key":"pr","value":3.3,"estimate":"q95","season":"SON"},{"bfs_id":5760,"rcp":"RCP8.5","period":"2060","key":"pr","value":3,"estimate":"q5","season":"DJF"},{"bfs_id":5760,"rcp":"RCP8.5","period":"2060","key":"pr","value":2.6,"estimate":"q5","season":"MAM"},{"bfs_id":5760,"rcp":"RCP8.5","period":"2060","key":"pr","value":1.9,"estimate":"q5","season":"JJA"},{"bfs_id":5760,"rcp":"RCP8.5","period":"2060","key":"pr","value":2.5,"estimate":"q5","season":"SON"},{"bfs_id":5760,"rcp":"RCP8.5","period":"2060","key":"pr","value":3.2,"estimate":"q50","season":"DJF"},{"bfs_id":5760,"rcp":"RCP8.5","period":"2060","key":"pr","value":2.9,"estimate":"q50","season":"MAM"},{"bfs_id":5760,"rcp":"RCP8.5","period":"2060","key":"pr","value":2.5,"estimate":"q50","season":"JJA"},{"bfs_id":5760,"rcp":"RCP8.5","period":"2060","key":"pr","value":3,"estimate":"q50","season":"SON"},{"bfs_id":5760,"rcp":"RCP8.5","period":"2060","key":"pr","value":3.6,"estimate":"q95","season":"DJF"},{"bfs_id":5760,"rcp":"RCP8.5","period":"2060","key":"pr","value":3.2,"estimate":"q95","season":"MAM"},{"bfs_id":5760,"rcp":"RCP8.5","period":"2060","key":"pr","value":2.9,"estimate":"q95","season":"JJA"},{"bfs_id":5760,"rcp":"RCP8.5","period":"2060","key":"pr","value":3.2,"estimate":"q95","season":"SON"},{"bfs_id":5760,"rcp":"RCP8.5","period":"2085","key":"pr","value":3.1,"estimate":"q5","season":"DJF"},{"bfs_id":5760,"rcp":"RCP8.5","period":"2085","key":"pr","value":2.6,"estimate":"q5","season":"MAM"},{"bfs_id":5760,"rcp":"RCP8.5","period":"2085","key":"pr","value":1.5,"estimate":"q5","season":"JJA"},{"bfs_id":5760,"rcp":"RCP8.5","period":"2085","key":"pr","value":2.4,"estimate":"q5","season":"SON"},{"bfs_id":5760,"rcp":"RCP8.5","period":"2085","key":"pr","value":3.6,"estimate":"q50","season":"DJF"},{"bfs_id":5760,"rcp":"RCP8.5","period":"2085","key":"pr","value":3,"estimate":"q50","season":"MAM"},{"bfs_id":5760,"rcp":"RCP8.5","period":"2085","key":"pr","value":2.2,"estimate":"q50","season":"JJA"},{"bfs_id":5760,"rcp":"RCP8.5","period":"2085","key":"pr","value":2.9,"estimate":"q50","season":"SON"},{"bfs_id":5760,"rcp":"RCP8.5","period":"2085","key":"pr","value":4,"estimate":"q95","season":"DJF"},{"bfs_id":5760,"rcp":"RCP8.5","period":"2085","key":"pr","value":3.4,"estimate":"q95","season":"MAM"},{"bfs_id":5760,"rcp":"RCP8.5","period":"2085","key":"pr","value":2.9,"estimate":"q95","season":"JJA"},{"bfs_id":5760,"rcp":"RCP8.5","period":"2085","key":"pr","value":3.4,"estimate":"q95","season":"SON"},{"bfs_id":5760,"rcp":"RCP2.6","period":"2035","key":"tas","value":2.4,"estimate":"q5","season":"DJF"},{"bfs_id":5760,"rcp":"RCP2.6","period":"2035","key":"tas","value":9.4,"estimate":"q5","season":"MAM"},{"bfs_id":5760,"rcp":"RCP2.6","period":"2035","key":"tas","value":18.6,"estimate":"q5","season":"JJA"},{"bfs_id":5760,"rcp":"RCP2.6","period":"2035","key":"tas","value":10.7,"estimate":"q5","season":"SON"},{"bfs_id":5760,"rcp":"RCP2.6","period":"2035","key":"tas","value":2.7,"estimate":"q50","season":"DJF"},{"bfs_id":5760,"rcp":"RCP2.6","period":"2035","key":"tas","value":10,"estimate":"q50","season":"MAM"},{"bfs_id":5760,"rcp":"RCP2.6","period":"2035","key":"tas","value":19.2,"estimate":"q50","season":"JJA"},{"bfs_id":5760,"rcp":"RCP2.6","period":"2035","key":"tas","value":11,"estimate":"q50","season":"SON"},{"bfs_id":5760,"rcp":"RCP2.6","period":"2035","key":"tas","value":3.4,"estimate":"q95","season":"DJF"},{"bfs_id":5760,"rcp":"RCP2.6","period":"2035","key":"tas","value":10.2,"estimate":"q95","season":"MAM"},{"bfs_id":5760,"rcp":"RCP2.6","period":"2035","key":"tas","value":19.8,"estimate":"q95","season":"JJA"},{"bfs_id":5760,"rcp":"RCP2.6","period":"2035","key":"tas","value":11.8,"estimate":"q95","season":"SON"},{"bfs_id":5760,"rcp":"RCP2.6","period":"2060","key":"tas","value":2.4,"estimate":"q5","season":"DJF"},{"bfs_id":5760,"rcp":"RCP2.6","period":"2060","key":"tas","value":9.3,"estimate":"q5","season":"MAM"},{"bfs_id":5760,"rcp":"RCP2.6","period":"2060","key":"tas","value":18.8,"estimate":"q5","season":"JJA"},{"bfs_id":5760,"rcp":"RCP2.6","period":"2060","key":"tas","value":10.9,"estimate":"q5","season":"SON"},{"bfs_id":5760,"rcp":"RCP2.6","period":"2060","key":"tas","value":3.1,"estimate":"q50","season":"DJF"},{"bfs_id":5760,"rcp":"RCP2.6","period":"2060","key":"tas","value":10,"estimate":"q50","season":"MAM"},{"bfs_id":5760,"rcp":"RCP2.6","period":"2060","key":"tas","value":19.3,"estimate":"q50","season":"JJA"},{"bfs_id":5760,"rcp":"RCP2.6","period":"2060","key":"tas","value":11.3,"estimate":"q50","season":"SON"},{"bfs_id":5760,"rcp":"RCP2.6","period":"2060","key":"tas","value":3.6,"estimate":"q95","season":"DJF"},{"bfs_id":5760,"rcp":"RCP2.6","period":"2060","key":"tas","value":10.5,"estimate":"q95","season":"MAM"},{"bfs_id":5760,"rcp":"RCP2.6","period":"2060","key":"tas","value":20,"estimate":"q95","season":"JJA"},{"bfs_id":5760,"rcp":"RCP2.6","period":"2060","key":"tas","value":12.2,"estimate":"q95","season":"SON"},{"bfs_id":5760,"rcp":"RCP2.6","period":"2085","key":"tas","value":2.4,"estimate":"q5","season":"DJF"},{"bfs_id":5760,"rcp":"RCP2.6","period":"2085","key":"tas","value":9.3,"estimate":"q5","season":"MAM"},{"bfs_id":5760,"rcp":"RCP2.6","period":"2085","key":"tas","value":18.7,"estimate":"q5","season":"JJA"},{"bfs_id":5760,"rcp":"RCP2.6","period":"2085","key":"tas","value":10.7,"estimate":"q5","season":"SON"},{"bfs_id":5760,"rcp":"RCP2.6","period":"2085","key":"tas","value":2.9,"estimate":"q50","season":"DJF"},{"bfs_id":5760,"rcp":"RCP2.6","period":"2085","key":"tas","value":10.1,"estimate":"q50","season":"MAM"},{"bfs_id":5760,"rcp":"RCP2.6","period":"2085","key":"tas","value":19.3,"estimate":"q50","season":"JJA"},{"bfs_id":5760,"rcp":"RCP2.6","period":"2085","key":"tas","value":11.3,"estimate":"q50","season":"SON"},{"bfs_id":5760,"rcp":"RCP2.6","period":"2085","key":"tas","value":3.6,"estimate":"q95","season":"DJF"},{"bfs_id":5760,"rcp":"RCP2.6","period":"2085","key":"tas","value":10.6,"estimate":"q95","season":"MAM"},{"bfs_id":5760,"rcp":"RCP2.6","period":"2085","key":"tas","value":19.9,"estimate":"q95","season":"JJA"},{"bfs_id":5760,"rcp":"RCP2.6","period":"2085","key":"tas","value":12.2,"estimate":"q95","season":"SON"},{"bfs_id":5760,"rcp":"RCP8.5","period":"2035","key":"tas","value":2.4,"estimate":"q5","season":"DJF"},{"bfs_id":5760,"rcp":"RCP8.5","period":"2035","key":"tas","value":9.6,"estimate":"q5","season":"MAM"},{"bfs_id":5760,"rcp":"RCP8.5","period":"2035","key":"tas","value":18.9,"estimate":"q5","season":"JJA"},{"bfs_id":5760,"rcp":"RCP8.5","period":"2035","key":"tas","value":11,"estimate":"q5","season":"SON"},{"bfs_id":5760,"rcp":"RCP8.5","period":"2035","key":"tas","value":3.1,"estimate":"q50","season":"DJF"},{"bfs_id":5760,"rcp":"RCP8.5","period":"2035","key":"tas","value":10,"estimate":"q50","season":"MAM"},{"bfs_id":5760,"rcp":"RCP8.5","period":"2035","key":"tas","value":19.5,"estimate":"q50","season":"JJA"},{"bfs_id":5760,"rcp":"RCP8.5","period":"2035","key":"tas","value":11.4,"estimate":"q50","season":"SON"},{"bfs_id":5760,"rcp":"RCP8.5","period":"2035","key":"tas","value":3.5,"estimate":"q95","season":"DJF"},{"bfs_id":5760,"rcp":"RCP8.5","period":"2035","key":"tas","value":10.4,"estimate":"q95","season":"MAM"},{"bfs_id":5760,"rcp":"RCP8.5","period":"2035","key":"tas","value":20.1,"estimate":"q95","season":"JJA"},{"bfs_id":5760,"rcp":"RCP8.5","period":"2035","key":"tas","value":12.2,"estimate":"q95","season":"SON"},{"bfs_id":5760,"rcp":"RCP8.5","period":"2060","key":"tas","value":3.5,"estimate":"q5","season":"DJF"},{"bfs_id":5760,"rcp":"RCP8.5","period":"2060","key":"tas","value":10.4,"estimate":"q5","season":"MAM"},{"bfs_id":5760,"rcp":"RCP8.5","period":"2060","key":"tas","value":20.1,"estimate":"q5","season":"JJA"},{"bfs_id":5760,"rcp":"RCP8.5","period":"2060","key":"tas","value":12.1,"estimate":"q5","season":"SON"},{"bfs_id":5760,"rcp":"RCP8.5","period":"2060","key":"tas","value":3.8,"estimate":"q50","season":"DJF"},{"bfs_id":5760,"rcp":"RCP8.5","period":"2060","key":"tas","value":10.9,"estimate":"q50","season":"MAM"},{"bfs_id":5760,"rcp":"RCP8.5","period":"2060","key":"tas","value":20.6,"estimate":"q50","season":"JJA"},{"bfs_id":5760,"rcp":"RCP8.5","period":"2060","key":"tas","value":12.6,"estimate":"q50","season":"SON"},{"bfs_id":5760,"rcp":"RCP8.5","period":"2060","key":"tas","value":4.5,"estimate":"q95","season":"DJF"},{"bfs_id":5760,"rcp":"RCP8.5","period":"2060","key":"tas","value":11.6,"estimate":"q95","season":"MAM"},{"bfs_id":5760,"rcp":"RCP8.5","period":"2060","key":"tas","value":21.8,"estimate":"q95","season":"JJA"},{"bfs_id":5760,"rcp":"RCP8.5","period":"2060","key":"tas","value":13.5,"estimate":"q95","season":"SON"},{"bfs_id":5760,"rcp":"RCP8.5","period":"2085","key":"tas","value":4.5,"estimate":"q5","season":"DJF"},{"bfs_id":5760,"rcp":"RCP8.5","period":"2085","key":"tas","value":11.3,"estimate":"q5","season":"MAM"},{"bfs_id":5760,"rcp":"RCP8.5","period":"2085","key":"tas","value":21.4,"estimate":"q5","season":"JJA"},{"bfs_id":5760,"rcp":"RCP8.5","period":"2085","key":"tas","value":13.1,"estimate":"q5","season":"SON"},{"bfs_id":5760,"rcp":"RCP8.5","period":"2085","key":"tas","value":5.6,"estimate":"q50","season":"DJF"},{"bfs_id":5760,"rcp":"RCP8.5","period":"2085","key":"tas","value":12.2,"estimate":"q50","season":"MAM"},{"bfs_id":5760,"rcp":"RCP8.5","period":"2085","key":"tas","value":22.1,"estimate":"q50","season":"JJA"},{"bfs_id":5760,"rcp":"RCP8.5","period":"2085","key":"tas","value":14,"estimate":"q50","season":"SON"},{"bfs_id":5760,"rcp":"RCP8.5","period":"2085","key":"tas","value":6.3,"estimate":"q95","season":"DJF"},{"bfs_id":5760,"rcp":"RCP8.5","period":"2085","key":"tas","value":13.3,"estimate":"q95","season":"MAM"},{"bfs_id":5760,"rcp":"RCP8.5","period":"2085","key":"tas","value":24.4,"estimate":"q95","season":"JJA"},{"bfs_id":5760,"rcp":"RCP8.5","period":"2085","key":"tas","value":15.6,"estimate":"q95","season":"SON"},{"bfs_id":5760,"rcp":"obs","period":"1981-2010","key":"FD","value":69.5,"estimate":"yearly_mean"},{"bfs_id":5760,"rcp":"obs","period":"1981-2010","key":"HD","value":4.6,"estimate":"yearly_mean"},{"bfs_id":5760,"rcp":"obs","period":"1981-2010","key":"ID","value":14.8,"estimate":"yearly_mean"},{"bfs_id":5760,"rcp":"obs","period":"1981-2010","key":"SD","value":37.9,"estimate":"yearly_mean"},{"bfs_id":5760,"rcp":"obs","period":"1981-2010","key":"snowdays","value":13.7,"estimate":"yearly_mean"},{"bfs_id":5760,"rcp":"obs","period":"1981-2010","key":"TN","value":0.3,"estimate":"yearly_mean"},{"bfs_id":5760,"rcp":"obs","period":"1981-2010","key":"pr","value":2.8,"estimate":"mean","season":"DJF"},{"bfs_id":5760,"rcp":"obs","period":"1981-2010","key":"pr","value":2.6,"estimate":"mean","season":"MAM"},{"bfs_id":5760,"rcp":"obs","period":"1981-2010","key":"pr","value":2.9,"estimate":"mean","season":"JJA"},{"bfs_id":5760,"rcp":"obs","period":"1981-2010","key":"pr","value":2.9,"estimate":"mean","season":"SON"},{"bfs_id":5760,"rcp":"obs","period":"1981-2010","key":"tas","value":1.6,"estimate":"mean","season":"DJF"},{"bfs_id":5760,"rcp":"obs","period":"1981-2010","key":"tas","value":9.3,"estimate":"mean","season":"MAM"},{"bfs_id":5760,"rcp":"obs","period":"1981-2010","key":"tas","value":18.2,"estimate":"mean","season":"JJA"},{"bfs_id":5760,"rcp":"obs","period":"1981-2010","key":"tas","value":10,"estimate":"mean","season":"SON"}]
