[{"bfs_id":1630,"rcp":"RCP2.6","period":"2035","key":"FD","value":61.4,"estimate":"q5"},{"bfs_id":1630,"rcp":"RCP2.6","period":"2035","key":"FD","value":72.9,"estimate":"q50"},{"bfs_id":1630,"rcp":"RCP2.6","period":"2035","key":"FD","value":80.7,"estimate":"q95"},{"bfs_id":1630,"rcp":"RCP2.6","period":"2060","key":"FD","value":56.9,"estimate":"q5"},{"bfs_id":1630,"rcp":"RCP2.6","period":"2060","key":"FD","value":68.4,"estimate":"q50"},{"bfs_id":1630,"rcp":"RCP2.6","period":"2060","key":"FD","value":76.4,"estimate":"q95"},{"bfs_id":1630,"rcp":"RCP2.6","period":"2085","key":"FD","value":55.5,"estimate":"q5"},{"bfs_id":1630,"rcp":"RCP2.6","period":"2085","key":"FD","value":69.4,"estimate":"q50"},{"bfs_id":1630,"rcp":"RCP2.6","period":"2085","key":"FD","value":77.6,"estimate":"q95"},{"bfs_id":1630,"rcp":"RCP8.5","period":"2035","key":"FD","value":59.1,"estimate":"q5"},{"bfs_id":1630,"rcp":"RCP8.5","period":"2035","key":"FD","value":68.5,"estimate":"q50"},{"bfs_id":1630,"rcp":"RCP8.5","period":"2035","key":"FD","value":73.2,"estimate":"q95"},{"bfs_id":1630,"rcp":"RCP8.5","period":"2060","key":"FD","value":45.1,"estimate":"q5"},{"bfs_id":1630,"rcp":"RCP8.5","period":"2060","key":"FD","value":55.9,"estimate":"q50"},{"bfs_id":1630,"rcp":"RCP8.5","period":"2060","key":"FD","value":60.6,"estimate":"q95"},{"bfs_id":1630,"rcp":"RCP8.5","period":"2085","key":"FD","value":28.3,"estimate":"q5"},{"bfs_id":1630,"rcp":"RCP8.5","period":"2085","key":"FD","value":37.1,"estimate":"q50"},{"bfs_id":1630,"rcp":"RCP8.5","period":"2085","key":"FD","value":44.7,"estimate":"q95"},{"bfs_id":1630,"rcp":"RCP2.6","period":"2035","key":"HD","value":5.9,"estimate":"q5"},{"bfs_id":1630,"rcp":"RCP2.6","period":"2035","key":"HD","value":8.2,"estimate":"q50"},{"bfs_id":1630,"rcp":"RCP2.6","period":"2035","key":"HD","value":13.9,"estimate":"q95"},{"bfs_id":1630,"rcp":"RCP2.6","period":"2060","key":"HD","value":6.6,"estimate":"q5"},{"bfs_id":1630,"rcp":"RCP2.6","period":"2060","key":"HD","value":8.7,"estimate":"q50"},{"bfs_id":1630,"rcp":"RCP2.6","period":"2060","key":"HD","value":16.4,"estimate":"q95"},{"bfs_id":1630,"rcp":"RCP2.6","period":"2085","key":"HD","value":6.5,"estimate":"q5"},{"bfs_id":1630,"rcp":"RCP2.6","period":"2085","key":"HD","value":9,"estimate":"q50"},{"bfs_id":1630,"rcp":"RCP2.6","period":"2085","key":"HD","value":15.5,"estimate":"q95"},{"bfs_id":1630,"rcp":"RCP8.5","period":"2035","key":"HD","value":7.3,"estimate":"q5"},{"bfs_id":1630,"rcp":"RCP8.5","period":"2035","key":"HD","value":9.6,"estimate":"q50"},{"bfs_id":1630,"rcp":"RCP8.5","period":"2035","key":"HD","value":16.4,"estimate":"q95"},{"bfs_id":1630,"rcp":"RCP8.5","period":"2060","key":"HD","value":11.9,"estimate":"q5"},{"bfs_id":1630,"rcp":"RCP8.5","period":"2060","key":"HD","value":19.5,"estimate":"q50"},{"bfs_id":1630,"rcp":"RCP8.5","period":"2060","key":"HD","value":29.8,"estimate":"q95"},{"bfs_id":1630,"rcp":"RCP8.5","period":"2085","key":"HD","value":24,"estimate":"q5"},{"bfs_id":1630,"rcp":"RCP8.5","period":"2085","key":"HD","value":28.8,"estimate":"q50"},{"bfs_id":1630,"rcp":"RCP8.5","period":"2085","key":"HD","value":53.8,"estimate":"q95"},{"bfs_id":1630,"rcp":"RCP2.6","period":"2035","key":"ID","value":12.4,"estimate":"q5"},{"bfs_id":1630,"rcp":"RCP2.6","period":"2035","key":"ID","value":14.6,"estimate":"q50"},{"bfs_id":1630,"rcp":"RCP2.6","period":"2035","key":"ID","value":18.1,"estimate":"q95"},{"bfs_id":1630,"rcp":"RCP2.6","period":"2060","key":"ID","value":11.2,"estimate":"q5"},{"bfs_id":1630,"rcp":"RCP2.6","period":"2060","key":"ID","value":13.8,"estimate":"q50"},{"bfs_id":1630,"rcp":"RCP2.6","period":"2060","key":"ID","value":18.4,"estimate":"q95"},{"bfs_id":1630,"rcp":"RCP2.6","period":"2085","key":"ID","value":11.4,"estimate":"q5"},{"bfs_id":1630,"rcp":"RCP2.6","period":"2085","key":"ID","value":14.5,"estimate":"q50"},{"bfs_id":1630,"rcp":"RCP2.6","period":"2085","key":"ID","value":17.9,"estimate":"q95"},{"bfs_id":1630,"rcp":"RCP8.5","period":"2035","key":"ID","value":11.4,"estimate":"q5"},{"bfs_id":1630,"rcp":"RCP8.5","period":"2035","key":"ID","value":13.9,"estimate":"q50"},{"bfs_id":1630,"rcp":"RCP8.5","period":"2035","key":"ID","value":17.1,"estimate":"q95"},{"bfs_id":1630,"rcp":"RCP8.5","period":"2060","key":"ID","value":7.4,"estimate":"q5"},{"bfs_id":1630,"rcp":"RCP8.5","period":"2060","key":"ID","value":10,"estimate":"q50"},{"bfs_id":1630,"rcp":"RCP8.5","period":"2060","key":"ID","value":11.6,"estimate":"q95"},{"bfs_id":1630,"rcp":"RCP8.5","period":"2085","key":"ID","value":2.7,"estimate":"q5"},{"bfs_id":1630,"rcp":"RCP8.5","period":"2085","key":"ID","value":4.7,"estimate":"q50"},{"bfs_id":1630,"rcp":"RCP8.5","period":"2085","key":"ID","value":7.4,"estimate":"q95"},{"bfs_id":1630,"rcp":"RCP2.6","period":"2035","key":"SD","value":45.2,"estimate":"q5"},{"bfs_id":1630,"rcp":"RCP2.6","period":"2035","key":"SD","value":49.7,"estimate":"q50"},{"bfs_id":1630,"rcp":"RCP2.6","period":"2035","key":"SD","value":58.7,"estimate":"q95"},{"bfs_id":1630,"rcp":"RCP2.6","period":"2060","key":"SD","value":46.3,"estimate":"q5"},{"bfs_id":1630,"rcp":"RCP2.6","period":"2060","key":"SD","value":51.6,"estimate":"q50"},{"bfs_id":1630,"rcp":"RCP2.6","period":"2060","key":"SD","value":58.2,"estimate":"q95"},{"bfs_id":1630,"rcp":"RCP2.6","period":"2085","key":"SD","value":45.5,"estimate":"q5"},{"bfs_id":1630,"rcp":"RCP2.6","period":"2085","key":"SD","value":52.3,"estimate":"q50"},{"bfs_id":1630,"rcp":"RCP2.6","period":"2085","key":"SD","value":57.6,"estimate":"q95"},{"bfs_id":1630,"rcp":"RCP8.5","period":"2035","key":"SD","value":47.2,"estimate":"q5"},{"bfs_id":1630,"rcp":"RCP8.5","period":"2035","key":"SD","value":52.8,"estimate":"q50"},{"bfs_id":1630,"rcp":"RCP8.5","period":"2035","key":"SD","value":59.8,"estimate":"q95"},{"bfs_id":1630,"rcp":"RCP8.5","period":"2060","key":"SD","value":61,"estimate":"q5"},{"bfs_id":1630,"rcp":"RCP8.5","period":"2060","key":"SD","value":69.1,"estimate":"q50"},{"bfs_id":1630,"rcp":"RCP8.5","period":"2060","key":"SD","value":85.8,"estimate":"q95"},{"bfs_id":1630,"rcp":"RCP8.5","period":"2085","key":"SD","value":77.4,"estimate":"q5"},{"bfs_id":1630,"rcp":"RCP8.5","period":"2085","key":"SD","value":90.9,"estimate":"q50"},{"bfs_id":1630,"rcp":"RCP8.5","period":"2085","key":"SD","value":113.7,"estimate":"q95"},{"bfs_id":1630,"rcp":"RCP2.6","period":"2035","key":"snowdays","value":16,"estimate":"q5"},{"bfs_id":1630,"rcp":"RCP2.6","period":"2035","key":"snowdays","value":22.1,"estimate":"q50"},{"bfs_id":1630,"rcp":"RCP2.6","period":"2035","key":"snowdays","value":26.9,"estimate":"q95"},{"bfs_id":1630,"rcp":"RCP2.6","period":"2060","key":"snowdays","value":15.3,"estimate":"q5"},{"bfs_id":1630,"rcp":"RCP2.6","period":"2060","key":"snowdays","value":20.6,"estimate":"q50"},{"bfs_id":1630,"rcp":"RCP2.6","period":"2060","key":"snowdays","value":28.3,"estimate":"q95"},{"bfs_id":1630,"rcp":"RCP2.6","period":"2085","key":"snowdays","value":15.4,"estimate":"q5"},{"bfs_id":1630,"rcp":"RCP2.6","period":"2085","key":"snowdays","value":20.8,"estimate":"q50"},{"bfs_id":1630,"rcp":"RCP2.6","period":"2085","key":"snowdays","value":27.6,"estimate":"q95"},{"bfs_id":1630,"rcp":"RCP8.5","period":"2035","key":"snowdays","value":13.8,"estimate":"q5"},{"bfs_id":1630,"rcp":"RCP8.5","period":"2035","key":"snowdays","value":21.5,"estimate":"q50"},{"bfs_id":1630,"rcp":"RCP8.5","period":"2035","key":"snowdays","value":28.7,"estimate":"q95"},{"bfs_id":1630,"rcp":"RCP8.5","period":"2060","key":"snowdays","value":10.5,"estimate":"q5"},{"bfs_id":1630,"rcp":"RCP8.5","period":"2060","key":"snowdays","value":17.4,"estimate":"q50"},{"bfs_id":1630,"rcp":"RCP8.5","period":"2060","key":"snowdays","value":22.4,"estimate":"q95"},{"bfs_id":1630,"rcp":"RCP8.5","period":"2085","key":"snowdays","value":5.6,"estimate":"q5"},{"bfs_id":1630,"rcp":"RCP8.5","period":"2085","key":"snowdays","value":10.8,"estimate":"q50"},{"bfs_id":1630,"rcp":"RCP8.5","period":"2085","key":"snowdays","value":15.4,"estimate":"q95"},{"bfs_id":1630,"rcp":"RCP2.6","period":"2035","key":"TN","value":0.1,"estimate":"q5"},{"bfs_id":1630,"rcp":"RCP2.6","period":"2035","key":"TN","value":0.5,"estimate":"q50"},{"bfs_id":1630,"rcp":"RCP2.6","period":"2035","key":"TN","value":1.1,"estimate":"q95"},{"bfs_id":1630,"rcp":"RCP2.6","period":"2060","key":"TN","value":0.2,"estimate":"q5"},{"bfs_id":1630,"rcp":"RCP2.6","period":"2060","key":"TN","value":0.7,"estimate":"q50"},{"bfs_id":1630,"rcp":"RCP2.6","period":"2060","key":"TN","value":1.5,"estimate":"q95"},{"bfs_id":1630,"rcp":"RCP2.6","period":"2085","key":"TN","value":0.2,"estimate":"q5"},{"bfs_id":1630,"rcp":"RCP2.6","period":"2085","key":"TN","value":0.6,"estimate":"q50"},{"bfs_id":1630,"rcp":"RCP2.6","period":"2085","key":"TN","value":1.4,"estimate":"q95"},{"bfs_id":1630,"rcp":"RCP8.5","period":"2035","key":"TN","value":0.4,"estimate":"q5"},{"bfs_id":1630,"rcp":"RCP8.5","period":"2035","key":"TN","value":0.7,"estimate":"q50"},{"bfs_id":1630,"rcp":"RCP8.5","period":"2035","key":"TN","value":2.5,"estimate":"q95"},{"bfs_id":1630,"rcp":"RCP8.5","period":"2060","key":"TN","value":1.4,"estimate":"q5"},{"bfs_id":1630,"rcp":"RCP8.5","period":"2060","key":"TN","value":3.1,"estimate":"q50"},{"bfs_id":1630,"rcp":"RCP8.5","period":"2060","key":"TN","value":7.2,"estimate":"q95"},{"bfs_id":1630,"rcp":"RCP8.5","period":"2085","key":"TN","value":5.7,"estimate":"q5"},{"bfs_id":1630,"rcp":"RCP8.5","period":"2085","key":"TN","value":11,"estimate":"q50"},{"bfs_id":1630,"rcp":"RCP8.5","period":"2085","key":"TN","value":26.5,"estimate":"q95"},{"bfs_id":1630,"rcp":"RCP2.6","period":"2035","key":"pr","value":3.1,"estimate":"q5","season":"DJF"},{"bfs_id":1630,"rcp":"RCP2.6","period":"2035","key":"pr","value":3.7,"estimate":"q5","season":"MAM"},{"bfs_id":1630,"rcp":"RCP2.6","period":"2035","key":"pr","value":4.7,"estimate":"q5","season":"JJA"},{"bfs_id":1630,"rcp":"RCP2.6","period":"2035","key":"pr","value":3.6,"estimate":"q5","season":"SON"},{"bfs_id":1630,"rcp":"RCP2.6","period":"2035","key":"pr","value":3.4,"estimate":"q50","season":"DJF"},{"bfs_id":1630,"rcp":"RCP2.6","period":"2035","key":"pr","value":4.3,"estimate":"q50","season":"MAM"},{"bfs_id":1630,"rcp":"RCP2.6","period":"2035","key":"pr","value":5.5,"estimate":"q50","season":"JJA"},{"bfs_id":1630,"rcp":"RCP2.6","period":"2035","key":"pr","value":4,"estimate":"q50","season":"SON"},{"bfs_id":1630,"rcp":"RCP2.6","period":"2035","key":"pr","value":4.3,"estimate":"q95","season":"DJF"},{"bfs_id":1630,"rcp":"RCP2.6","period":"2035","key":"pr","value":4.5,"estimate":"q95","season":"MAM"},{"bfs_id":1630,"rcp":"RCP2.6","period":"2035","key":"pr","value":6.1,"estimate":"q95","season":"JJA"},{"bfs_id":1630,"rcp":"RCP2.6","period":"2035","key":"pr","value":4.8,"estimate":"q95","season":"SON"},{"bfs_id":1630,"rcp":"RCP2.6","period":"2060","key":"pr","value":3.1,"estimate":"q5","season":"DJF"},{"bfs_id":1630,"rcp":"RCP2.6","period":"2060","key":"pr","value":3.8,"estimate":"q5","season":"MAM"},{"bfs_id":1630,"rcp":"RCP2.6","period":"2060","key":"pr","value":4.8,"estimate":"q5","season":"JJA"},{"bfs_id":1630,"rcp":"RCP2.6","period":"2060","key":"pr","value":3.7,"estimate":"q5","season":"SON"},{"bfs_id":1630,"rcp":"RCP2.6","period":"2060","key":"pr","value":3.5,"estimate":"q50","season":"DJF"},{"bfs_id":1630,"rcp":"RCP2.6","period":"2060","key":"pr","value":4.1,"estimate":"q50","season":"MAM"},{"bfs_id":1630,"rcp":"RCP2.6","period":"2060","key":"pr","value":5.7,"estimate":"q50","season":"JJA"},{"bfs_id":1630,"rcp":"RCP2.6","period":"2060","key":"pr","value":4,"estimate":"q50","season":"SON"},{"bfs_id":1630,"rcp":"RCP2.6","period":"2060","key":"pr","value":3.9,"estimate":"q95","season":"DJF"},{"bfs_id":1630,"rcp":"RCP2.6","period":"2060","key":"pr","value":4.7,"estimate":"q95","season":"MAM"},{"bfs_id":1630,"rcp":"RCP2.6","period":"2060","key":"pr","value":6.1,"estimate":"q95","season":"JJA"},{"bfs_id":1630,"rcp":"RCP2.6","period":"2060","key":"pr","value":4.4,"estimate":"q95","season":"SON"},{"bfs_id":1630,"rcp":"RCP2.6","period":"2085","key":"pr","value":3,"estimate":"q5","season":"DJF"},{"bfs_id":1630,"rcp":"RCP2.6","period":"2085","key":"pr","value":3.8,"estimate":"q5","season":"MAM"},{"bfs_id":1630,"rcp":"RCP2.6","period":"2085","key":"pr","value":5,"estimate":"q5","season":"JJA"},{"bfs_id":1630,"rcp":"RCP2.6","period":"2085","key":"pr","value":3.5,"estimate":"q5","season":"SON"},{"bfs_id":1630,"rcp":"RCP2.6","period":"2085","key":"pr","value":3.5,"estimate":"q50","season":"DJF"},{"bfs_id":1630,"rcp":"RCP2.6","period":"2085","key":"pr","value":4.2,"estimate":"q50","season":"MAM"},{"bfs_id":1630,"rcp":"RCP2.6","period":"2085","key":"pr","value":5.6,"estimate":"q50","season":"JJA"},{"bfs_id":1630,"rcp":"RCP2.6","period":"2085","key":"pr","value":3.9,"estimate":"q50","season":"SON"},{"bfs_id":1630,"rcp":"RCP2.6","period":"2085","key":"pr","value":4.1,"estimate":"q95","season":"DJF"},{"bfs_id":1630,"rcp":"RCP2.6","period":"2085","key":"pr","value":4.5,"estimate":"q95","season":"MAM"},{"bfs_id":1630,"rcp":"RCP2.6","period":"2085","key":"pr","value":6.2,"estimate":"q95","season":"JJA"},{"bfs_id":1630,"rcp":"RCP2.6","period":"2085","key":"pr","value":4.6,"estimate":"q95","season":"SON"},{"bfs_id":1630,"rcp":"RCP8.5","period":"2035","key":"pr","value":3.2,"estimate":"q5","season":"DJF"},{"bfs_id":1630,"rcp":"RCP8.5","period":"2035","key":"pr","value":3.9,"estimate":"q5","season":"MAM"},{"bfs_id":1630,"rcp":"RCP8.5","period":"2035","key":"pr","value":4.7,"estimate":"q5","season":"JJA"},{"bfs_id":1630,"rcp":"RCP8.5","period":"2035","key":"pr","value":3.6,"estimate":"q5","season":"SON"},{"bfs_id":1630,"rcp":"RCP8.5","period":"2035","key":"pr","value":3.7,"estimate":"q50","season":"DJF"},{"bfs_id":1630,"rcp":"RCP8.5","period":"2035","key":"pr","value":4.3,"estimate":"q50","season":"MAM"},{"bfs_id":1630,"rcp":"RCP8.5","period":"2035","key":"pr","value":5.5,"estimate":"q50","season":"JJA"},{"bfs_id":1630,"rcp":"RCP8.5","period":"2035","key":"pr","value":4,"estimate":"q50","season":"SON"},{"bfs_id":1630,"rcp":"RCP8.5","period":"2035","key":"pr","value":4.1,"estimate":"q95","season":"DJF"},{"bfs_id":1630,"rcp":"RCP8.5","period":"2035","key":"pr","value":4.7,"estimate":"q95","season":"MAM"},{"bfs_id":1630,"rcp":"RCP8.5","period":"2035","key":"pr","value":6.1,"estimate":"q95","season":"JJA"},{"bfs_id":1630,"rcp":"RCP8.5","period":"2035","key":"pr","value":4.6,"estimate":"q95","season":"SON"},{"bfs_id":1630,"rcp":"RCP8.5","period":"2060","key":"pr","value":3.3,"estimate":"q5","season":"DJF"},{"bfs_id":1630,"rcp":"RCP8.5","period":"2060","key":"pr","value":4.1,"estimate":"q5","season":"MAM"},{"bfs_id":1630,"rcp":"RCP8.5","period":"2060","key":"pr","value":4.2,"estimate":"q5","season":"JJA"},{"bfs_id":1630,"rcp":"RCP8.5","period":"2060","key":"pr","value":3.5,"estimate":"q5","season":"SON"},{"bfs_id":1630,"rcp":"RCP8.5","period":"2060","key":"pr","value":3.7,"estimate":"q50","season":"DJF"},{"bfs_id":1630,"rcp":"RCP8.5","period":"2060","key":"pr","value":4.5,"estimate":"q50","season":"MAM"},{"bfs_id":1630,"rcp":"RCP8.5","period":"2060","key":"pr","value":5.3,"estimate":"q50","season":"JJA"},{"bfs_id":1630,"rcp":"RCP8.5","period":"2060","key":"pr","value":3.9,"estimate":"q50","season":"SON"},{"bfs_id":1630,"rcp":"RCP8.5","period":"2060","key":"pr","value":4.2,"estimate":"q95","season":"DJF"},{"bfs_id":1630,"rcp":"RCP8.5","period":"2060","key":"pr","value":4.9,"estimate":"q95","season":"MAM"},{"bfs_id":1630,"rcp":"RCP8.5","period":"2060","key":"pr","value":6.2,"estimate":"q95","season":"JJA"},{"bfs_id":1630,"rcp":"RCP8.5","period":"2060","key":"pr","value":4.4,"estimate":"q95","season":"SON"},{"bfs_id":1630,"rcp":"RCP8.5","period":"2085","key":"pr","value":3.4,"estimate":"q5","season":"DJF"},{"bfs_id":1630,"rcp":"RCP8.5","period":"2085","key":"pr","value":4.2,"estimate":"q5","season":"MAM"},{"bfs_id":1630,"rcp":"RCP8.5","period":"2085","key":"pr","value":3.2,"estimate":"q5","season":"JJA"},{"bfs_id":1630,"rcp":"RCP8.5","period":"2085","key":"pr","value":3.3,"estimate":"q5","season":"SON"},{"bfs_id":1630,"rcp":"RCP8.5","period":"2085","key":"pr","value":3.9,"estimate":"q50","season":"DJF"},{"bfs_id":1630,"rcp":"RCP8.5","period":"2085","key":"pr","value":4.6,"estimate":"q50","season":"MAM"},{"bfs_id":1630,"rcp":"RCP8.5","period":"2085","key":"pr","value":4.8,"estimate":"q50","season":"JJA"},{"bfs_id":1630,"rcp":"RCP8.5","period":"2085","key":"pr","value":3.8,"estimate":"q50","season":"SON"},{"bfs_id":1630,"rcp":"RCP8.5","period":"2085","key":"pr","value":4.5,"estimate":"q95","season":"DJF"},{"bfs_id":1630,"rcp":"RCP8.5","period":"2085","key":"pr","value":5.1,"estimate":"q95","season":"MAM"},{"bfs_id":1630,"rcp":"RCP8.5","period":"2085","key":"pr","value":5.3,"estimate":"q95","season":"JJA"},{"bfs_id":1630,"rcp":"RCP8.5","period":"2085","key":"pr","value":4.6,"estimate":"q95","season":"SON"},{"bfs_id":1630,"rcp":"RCP2.6","period":"2035","key":"tas","value":1.3,"estimate":"q5","season":"DJF"},{"bfs_id":1630,"rcp":"RCP2.6","period":"2035","key":"tas","value":9,"estimate":"q5","season":"MAM"},{"bfs_id":1630,"rcp":"RCP2.6","period":"2035","key":"tas","value":18,"estimate":"q5","season":"JJA"},{"bfs_id":1630,"rcp":"RCP2.6","period":"2035","key":"tas","value":10.1,"estimate":"q5","season":"SON"},{"bfs_id":1630,"rcp":"RCP2.6","period":"2035","key":"tas","value":1.8,"estimate":"q50","season":"DJF"},{"bfs_id":1630,"rcp":"RCP2.6","period":"2035","key":"tas","value":9.7,"estimate":"q50","season":"MAM"},{"bfs_id":1630,"rcp":"RCP2.6","period":"2035","key":"tas","value":18.7,"estimate":"q50","season":"JJA"},{"bfs_id":1630,"rcp":"RCP2.6","period":"2035","key":"tas","value":10.5,"estimate":"q50","season":"SON"},{"bfs_id":1630,"rcp":"RCP2.6","period":"2035","key":"tas","value":2.4,"estimate":"q95","season":"DJF"},{"bfs_id":1630,"rcp":"RCP2.6","period":"2035","key":"tas","value":10,"estimate":"q95","season":"MAM"},{"bfs_id":1630,"rcp":"RCP2.6","period":"2035","key":"tas","value":19.4,"estimate":"q95","season":"JJA"},{"bfs_id":1630,"rcp":"RCP2.6","period":"2035","key":"tas","value":11.3,"estimate":"q95","season":"SON"},{"bfs_id":1630,"rcp":"RCP2.6","period":"2060","key":"tas","value":1.3,"estimate":"q5","season":"DJF"},{"bfs_id":1630,"rcp":"RCP2.6","period":"2060","key":"tas","value":8.9,"estimate":"q5","season":"MAM"},{"bfs_id":1630,"rcp":"RCP2.6","period":"2060","key":"tas","value":18.3,"estimate":"q5","season":"JJA"},{"bfs_id":1630,"rcp":"RCP2.6","period":"2060","key":"tas","value":10.3,"estimate":"q5","season":"SON"},{"bfs_id":1630,"rcp":"RCP2.6","period":"2060","key":"tas","value":2.1,"estimate":"q50","season":"DJF"},{"bfs_id":1630,"rcp":"RCP2.6","period":"2060","key":"tas","value":9.6,"estimate":"q50","season":"MAM"},{"bfs_id":1630,"rcp":"RCP2.6","period":"2060","key":"tas","value":18.8,"estimate":"q50","season":"JJA"},{"bfs_id":1630,"rcp":"RCP2.6","period":"2060","key":"tas","value":10.8,"estimate":"q50","season":"SON"},{"bfs_id":1630,"rcp":"RCP2.6","period":"2060","key":"tas","value":2.7,"estimate":"q95","season":"DJF"},{"bfs_id":1630,"rcp":"RCP2.6","period":"2060","key":"tas","value":10.3,"estimate":"q95","season":"MAM"},{"bfs_id":1630,"rcp":"RCP2.6","period":"2060","key":"tas","value":19.4,"estimate":"q95","season":"JJA"},{"bfs_id":1630,"rcp":"RCP2.6","period":"2060","key":"tas","value":11.7,"estimate":"q95","season":"SON"},{"bfs_id":1630,"rcp":"RCP2.6","period":"2085","key":"tas","value":1.3,"estimate":"q5","season":"DJF"},{"bfs_id":1630,"rcp":"RCP2.6","period":"2085","key":"tas","value":9,"estimate":"q5","season":"MAM"},{"bfs_id":1630,"rcp":"RCP2.6","period":"2085","key":"tas","value":18.2,"estimate":"q5","season":"JJA"},{"bfs_id":1630,"rcp":"RCP2.6","period":"2085","key":"tas","value":10.1,"estimate":"q5","season":"SON"},{"bfs_id":1630,"rcp":"RCP2.6","period":"2085","key":"tas","value":2.1,"estimate":"q50","season":"DJF"},{"bfs_id":1630,"rcp":"RCP2.6","period":"2085","key":"tas","value":9.6,"estimate":"q50","season":"MAM"},{"bfs_id":1630,"rcp":"RCP2.6","period":"2085","key":"tas","value":18.7,"estimate":"q50","season":"JJA"},{"bfs_id":1630,"rcp":"RCP2.6","period":"2085","key":"tas","value":10.7,"estimate":"q50","season":"SON"},{"bfs_id":1630,"rcp":"RCP2.6","period":"2085","key":"tas","value":2.8,"estimate":"q95","season":"DJF"},{"bfs_id":1630,"rcp":"RCP2.6","period":"2085","key":"tas","value":10.3,"estimate":"q95","season":"MAM"},{"bfs_id":1630,"rcp":"RCP2.6","period":"2085","key":"tas","value":19.3,"estimate":"q95","season":"JJA"},{"bfs_id":1630,"rcp":"RCP2.6","period":"2085","key":"tas","value":11.6,"estimate":"q95","season":"SON"},{"bfs_id":1630,"rcp":"RCP8.5","period":"2035","key":"tas","value":1.5,"estimate":"q5","season":"DJF"},{"bfs_id":1630,"rcp":"RCP8.5","period":"2035","key":"tas","value":9.3,"estimate":"q5","season":"MAM"},{"bfs_id":1630,"rcp":"RCP8.5","period":"2035","key":"tas","value":18.5,"estimate":"q5","season":"JJA"},{"bfs_id":1630,"rcp":"RCP8.5","period":"2035","key":"tas","value":10.4,"estimate":"q5","season":"SON"},{"bfs_id":1630,"rcp":"RCP8.5","period":"2035","key":"tas","value":2.2,"estimate":"q50","season":"DJF"},{"bfs_id":1630,"rcp":"RCP8.5","period":"2035","key":"tas","value":9.7,"estimate":"q50","season":"MAM"},{"bfs_id":1630,"rcp":"RCP8.5","period":"2035","key":"tas","value":19,"estimate":"q50","season":"JJA"},{"bfs_id":1630,"rcp":"RCP8.5","period":"2035","key":"tas","value":10.8,"estimate":"q50","season":"SON"},{"bfs_id":1630,"rcp":"RCP8.5","period":"2035","key":"tas","value":2.6,"estimate":"q95","season":"DJF"},{"bfs_id":1630,"rcp":"RCP8.5","period":"2035","key":"tas","value":10.4,"estimate":"q95","season":"MAM"},{"bfs_id":1630,"rcp":"RCP8.5","period":"2035","key":"tas","value":19.7,"estimate":"q95","season":"JJA"},{"bfs_id":1630,"rcp":"RCP8.5","period":"2035","key":"tas","value":11.7,"estimate":"q95","season":"SON"},{"bfs_id":1630,"rcp":"RCP8.5","period":"2060","key":"tas","value":2.7,"estimate":"q5","season":"DJF"},{"bfs_id":1630,"rcp":"RCP8.5","period":"2060","key":"tas","value":10.2,"estimate":"q5","season":"MAM"},{"bfs_id":1630,"rcp":"RCP8.5","period":"2060","key":"tas","value":19.5,"estimate":"q5","season":"JJA"},{"bfs_id":1630,"rcp":"RCP8.5","period":"2060","key":"tas","value":11.4,"estimate":"q5","season":"SON"},{"bfs_id":1630,"rcp":"RCP8.5","period":"2060","key":"tas","value":3,"estimate":"q50","season":"DJF"},{"bfs_id":1630,"rcp":"RCP8.5","period":"2060","key":"tas","value":10.8,"estimate":"q50","season":"MAM"},{"bfs_id":1630,"rcp":"RCP8.5","period":"2060","key":"tas","value":20.3,"estimate":"q50","season":"JJA"},{"bfs_id":1630,"rcp":"RCP8.5","period":"2060","key":"tas","value":12.2,"estimate":"q50","season":"SON"},{"bfs_id":1630,"rcp":"RCP8.5","period":"2060","key":"tas","value":3.7,"estimate":"q95","season":"DJF"},{"bfs_id":1630,"rcp":"RCP8.5","period":"2060","key":"tas","value":12,"estimate":"q95","season":"MAM"},{"bfs_id":1630,"rcp":"RCP8.5","period":"2060","key":"tas","value":21.4,"estimate":"q95","season":"JJA"},{"bfs_id":1630,"rcp":"RCP8.5","period":"2060","key":"tas","value":12.9,"estimate":"q95","season":"SON"},{"bfs_id":1630,"rcp":"RCP8.5","period":"2085","key":"tas","value":3.8,"estimate":"q5","season":"DJF"},{"bfs_id":1630,"rcp":"RCP8.5","period":"2085","key":"tas","value":11.5,"estimate":"q5","season":"MAM"},{"bfs_id":1630,"rcp":"RCP8.5","period":"2085","key":"tas","value":20.8,"estimate":"q5","season":"JJA"},{"bfs_id":1630,"rcp":"RCP8.5","period":"2085","key":"tas","value":12.5,"estimate":"q5","season":"SON"},{"bfs_id":1630,"rcp":"RCP8.5","period":"2085","key":"tas","value":4.9,"estimate":"q50","season":"DJF"},{"bfs_id":1630,"rcp":"RCP8.5","period":"2085","key":"tas","value":12.2,"estimate":"q50","season":"MAM"},{"bfs_id":1630,"rcp":"RCP8.5","period":"2085","key":"tas","value":21.7,"estimate":"q50","season":"JJA"},{"bfs_id":1630,"rcp":"RCP8.5","period":"2085","key":"tas","value":13.5,"estimate":"q50","season":"SON"},{"bfs_id":1630,"rcp":"RCP8.5","period":"2085","key":"tas","value":5.5,"estimate":"q95","season":"DJF"},{"bfs_id":1630,"rcp":"RCP8.5","period":"2085","key":"tas","value":13.9,"estimate":"q95","season":"MAM"},{"bfs_id":1630,"rcp":"RCP8.5","period":"2085","key":"tas","value":24,"estimate":"q95","season":"JJA"},{"bfs_id":1630,"rcp":"RCP8.5","period":"2085","key":"tas","value":15.1,"estimate":"q95","season":"SON"},{"bfs_id":1630,"rcp":"obs","period":"1981-2010","key":"FD","value":84.5,"estimate":"yearly_mean"},{"bfs_id":1630,"rcp":"obs","period":"1981-2010","key":"HD","value":4,"estimate":"yearly_mean"},{"bfs_id":1630,"rcp":"obs","period":"1981-2010","key":"ID","value":21.2,"estimate":"yearly_mean"},{"bfs_id":1630,"rcp":"obs","period":"1981-2010","key":"SD","value":37.5,"estimate":"yearly_mean"},{"bfs_id":1630,"rcp":"obs","period":"1981-2010","key":"snowdays","value":22.4,"estimate":"yearly_mean"},{"bfs_id":1630,"rcp":"obs","period":"1981-2010","key":"TN","value":0,"estimate":"yearly_mean"},{"bfs_id":1630,"rcp":"obs","period":"1981-2010","key":"pr","value":3.2,"estimate":"mean","season":"DJF"},{"bfs_id":1630,"rcp":"obs","period":"1981-2010","key":"pr","value":3.9,"estimate":"mean","season":"MAM"},{"bfs_id":1630,"rcp":"obs","period":"1981-2010","key":"pr","value":6.2,"estimate":"mean","season":"JJA"},{"bfs_id":1630,"rcp":"obs","period":"1981-2010","key":"pr","value":4,"estimate":"mean","season":"SON"},{"bfs_id":1630,"rcp":"obs","period":"1981-2010","key":"tas","value":0.7,"estimate":"mean","season":"DJF"},{"bfs_id":1630,"rcp":"obs","period":"1981-2010","key":"tas","value":9.1,"estimate":"mean","season":"MAM"},{"bfs_id":1630,"rcp":"obs","period":"1981-2010","key":"tas","value":17.5,"estimate":"mean","season":"JJA"},{"bfs_id":1630,"rcp":"obs","period":"1981-2010","key":"tas","value":9.5,"estimate":"mean","season":"SON"}]
