[{"bfs_id":3102,"rcp":"RCP2.6","period":"2035","key":"FD","value":87.1,"estimate":"q5"},{"bfs_id":3102,"rcp":"RCP2.6","period":"2035","key":"FD","value":99.6,"estimate":"q50"},{"bfs_id":3102,"rcp":"RCP2.6","period":"2035","key":"FD","value":106.8,"estimate":"q95"},{"bfs_id":3102,"rcp":"RCP2.6","period":"2060","key":"FD","value":82.4,"estimate":"q5"},{"bfs_id":3102,"rcp":"RCP2.6","period":"2060","key":"FD","value":93.8,"estimate":"q50"},{"bfs_id":3102,"rcp":"RCP2.6","period":"2060","key":"FD","value":104.5,"estimate":"q95"},{"bfs_id":3102,"rcp":"RCP2.6","period":"2085","key":"FD","value":81.8,"estimate":"q5"},{"bfs_id":3102,"rcp":"RCP2.6","period":"2085","key":"FD","value":96.4,"estimate":"q50"},{"bfs_id":3102,"rcp":"RCP2.6","period":"2085","key":"FD","value":104.9,"estimate":"q95"},{"bfs_id":3102,"rcp":"RCP8.5","period":"2035","key":"FD","value":84.9,"estimate":"q5"},{"bfs_id":3102,"rcp":"RCP8.5","period":"2035","key":"FD","value":94,"estimate":"q50"},{"bfs_id":3102,"rcp":"RCP8.5","period":"2035","key":"FD","value":103.6,"estimate":"q95"},{"bfs_id":3102,"rcp":"RCP8.5","period":"2060","key":"FD","value":68.4,"estimate":"q5"},{"bfs_id":3102,"rcp":"RCP8.5","period":"2060","key":"FD","value":76.6,"estimate":"q50"},{"bfs_id":3102,"rcp":"RCP8.5","period":"2060","key":"FD","value":85.7,"estimate":"q95"},{"bfs_id":3102,"rcp":"RCP8.5","period":"2085","key":"FD","value":44,"estimate":"q5"},{"bfs_id":3102,"rcp":"RCP8.5","period":"2085","key":"FD","value":53.8,"estimate":"q50"},{"bfs_id":3102,"rcp":"RCP8.5","period":"2085","key":"FD","value":63.9,"estimate":"q95"},{"bfs_id":3102,"rcp":"RCP2.6","period":"2035","key":"HD","value":0.9,"estimate":"q5"},{"bfs_id":3102,"rcp":"RCP2.6","period":"2035","key":"HD","value":1.8,"estimate":"q50"},{"bfs_id":3102,"rcp":"RCP2.6","period":"2035","key":"HD","value":3.3,"estimate":"q95"},{"bfs_id":3102,"rcp":"RCP2.6","period":"2060","key":"HD","value":1.1,"estimate":"q5"},{"bfs_id":3102,"rcp":"RCP2.6","period":"2060","key":"HD","value":2.2,"estimate":"q50"},{"bfs_id":3102,"rcp":"RCP2.6","period":"2060","key":"HD","value":4.5,"estimate":"q95"},{"bfs_id":3102,"rcp":"RCP2.6","period":"2085","key":"HD","value":1.1,"estimate":"q5"},{"bfs_id":3102,"rcp":"RCP2.6","period":"2085","key":"HD","value":1.9,"estimate":"q50"},{"bfs_id":3102,"rcp":"RCP2.6","period":"2085","key":"HD","value":4.2,"estimate":"q95"},{"bfs_id":3102,"rcp":"RCP8.5","period":"2035","key":"HD","value":1.3,"estimate":"q5"},{"bfs_id":3102,"rcp":"RCP8.5","period":"2035","key":"HD","value":2.3,"estimate":"q50"},{"bfs_id":3102,"rcp":"RCP8.5","period":"2035","key":"HD","value":6.4,"estimate":"q95"},{"bfs_id":3102,"rcp":"RCP8.5","period":"2060","key":"HD","value":2.9,"estimate":"q5"},{"bfs_id":3102,"rcp":"RCP8.5","period":"2060","key":"HD","value":6.5,"estimate":"q50"},{"bfs_id":3102,"rcp":"RCP8.5","period":"2060","key":"HD","value":15,"estimate":"q95"},{"bfs_id":3102,"rcp":"RCP8.5","period":"2085","key":"HD","value":8.1,"estimate":"q5"},{"bfs_id":3102,"rcp":"RCP8.5","period":"2085","key":"HD","value":12.9,"estimate":"q50"},{"bfs_id":3102,"rcp":"RCP8.5","period":"2085","key":"HD","value":35.6,"estimate":"q95"},{"bfs_id":3102,"rcp":"RCP2.6","period":"2035","key":"ID","value":25.9,"estimate":"q5"},{"bfs_id":3102,"rcp":"RCP2.6","period":"2035","key":"ID","value":30.7,"estimate":"q50"},{"bfs_id":3102,"rcp":"RCP2.6","period":"2035","key":"ID","value":35.5,"estimate":"q95"},{"bfs_id":3102,"rcp":"RCP2.6","period":"2060","key":"ID","value":23.6,"estimate":"q5"},{"bfs_id":3102,"rcp":"RCP2.6","period":"2060","key":"ID","value":28.1,"estimate":"q50"},{"bfs_id":3102,"rcp":"RCP2.6","period":"2060","key":"ID","value":34,"estimate":"q95"},{"bfs_id":3102,"rcp":"RCP2.6","period":"2085","key":"ID","value":22.6,"estimate":"q5"},{"bfs_id":3102,"rcp":"RCP2.6","period":"2085","key":"ID","value":29.5,"estimate":"q50"},{"bfs_id":3102,"rcp":"RCP2.6","period":"2085","key":"ID","value":34.6,"estimate":"q95"},{"bfs_id":3102,"rcp":"RCP8.5","period":"2035","key":"ID","value":23.5,"estimate":"q5"},{"bfs_id":3102,"rcp":"RCP8.5","period":"2035","key":"ID","value":28.9,"estimate":"q50"},{"bfs_id":3102,"rcp":"RCP8.5","period":"2035","key":"ID","value":34.1,"estimate":"q95"},{"bfs_id":3102,"rcp":"RCP8.5","period":"2060","key":"ID","value":16.4,"estimate":"q5"},{"bfs_id":3102,"rcp":"RCP8.5","period":"2060","key":"ID","value":21.9,"estimate":"q50"},{"bfs_id":3102,"rcp":"RCP8.5","period":"2060","key":"ID","value":24.8,"estimate":"q95"},{"bfs_id":3102,"rcp":"RCP8.5","period":"2085","key":"ID","value":7.3,"estimate":"q5"},{"bfs_id":3102,"rcp":"RCP8.5","period":"2085","key":"ID","value":11.9,"estimate":"q50"},{"bfs_id":3102,"rcp":"RCP8.5","period":"2085","key":"ID","value":15.8,"estimate":"q95"},{"bfs_id":3102,"rcp":"RCP2.6","period":"2035","key":"SD","value":19,"estimate":"q5"},{"bfs_id":3102,"rcp":"RCP2.6","period":"2035","key":"SD","value":21.9,"estimate":"q50"},{"bfs_id":3102,"rcp":"RCP2.6","period":"2035","key":"SD","value":29.9,"estimate":"q95"},{"bfs_id":3102,"rcp":"RCP2.6","period":"2060","key":"SD","value":18.9,"estimate":"q5"},{"bfs_id":3102,"rcp":"RCP2.6","period":"2060","key":"SD","value":23,"estimate":"q50"},{"bfs_id":3102,"rcp":"RCP2.6","period":"2060","key":"SD","value":29.7,"estimate":"q95"},{"bfs_id":3102,"rcp":"RCP2.6","period":"2085","key":"SD","value":18.5,"estimate":"q5"},{"bfs_id":3102,"rcp":"RCP2.6","period":"2085","key":"SD","value":22.7,"estimate":"q50"},{"bfs_id":3102,"rcp":"RCP2.6","period":"2085","key":"SD","value":28.8,"estimate":"q95"},{"bfs_id":3102,"rcp":"RCP8.5","period":"2035","key":"SD","value":20.1,"estimate":"q5"},{"bfs_id":3102,"rcp":"RCP8.5","period":"2035","key":"SD","value":24.7,"estimate":"q50"},{"bfs_id":3102,"rcp":"RCP8.5","period":"2035","key":"SD","value":30.2,"estimate":"q95"},{"bfs_id":3102,"rcp":"RCP8.5","period":"2060","key":"SD","value":28.5,"estimate":"q5"},{"bfs_id":3102,"rcp":"RCP8.5","period":"2060","key":"SD","value":35.7,"estimate":"q50"},{"bfs_id":3102,"rcp":"RCP8.5","period":"2060","key":"SD","value":50.6,"estimate":"q95"},{"bfs_id":3102,"rcp":"RCP8.5","period":"2085","key":"SD","value":43.4,"estimate":"q5"},{"bfs_id":3102,"rcp":"RCP8.5","period":"2085","key":"SD","value":50.8,"estimate":"q50"},{"bfs_id":3102,"rcp":"RCP8.5","period":"2085","key":"SD","value":78.3,"estimate":"q95"},{"bfs_id":3102,"rcp":"RCP2.6","period":"2035","key":"snowdays","value":25.7,"estimate":"q5"},{"bfs_id":3102,"rcp":"RCP2.6","period":"2035","key":"snowdays","value":35,"estimate":"q50"},{"bfs_id":3102,"rcp":"RCP2.6","period":"2035","key":"snowdays","value":40.8,"estimate":"q95"},{"bfs_id":3102,"rcp":"RCP2.6","period":"2060","key":"snowdays","value":25.1,"estimate":"q5"},{"bfs_id":3102,"rcp":"RCP2.6","period":"2060","key":"snowdays","value":33.9,"estimate":"q50"},{"bfs_id":3102,"rcp":"RCP2.6","period":"2060","key":"snowdays","value":43.1,"estimate":"q95"},{"bfs_id":3102,"rcp":"RCP2.6","period":"2085","key":"snowdays","value":24.4,"estimate":"q5"},{"bfs_id":3102,"rcp":"RCP2.6","period":"2085","key":"snowdays","value":33.7,"estimate":"q50"},{"bfs_id":3102,"rcp":"RCP2.6","period":"2085","key":"snowdays","value":41.3,"estimate":"q95"},{"bfs_id":3102,"rcp":"RCP8.5","period":"2035","key":"snowdays","value":23.8,"estimate":"q5"},{"bfs_id":3102,"rcp":"RCP8.5","period":"2035","key":"snowdays","value":34.9,"estimate":"q50"},{"bfs_id":3102,"rcp":"RCP8.5","period":"2035","key":"snowdays","value":40.8,"estimate":"q95"},{"bfs_id":3102,"rcp":"RCP8.5","period":"2060","key":"snowdays","value":18.2,"estimate":"q5"},{"bfs_id":3102,"rcp":"RCP8.5","period":"2060","key":"snowdays","value":28.4,"estimate":"q50"},{"bfs_id":3102,"rcp":"RCP8.5","period":"2060","key":"snowdays","value":31.9,"estimate":"q95"},{"bfs_id":3102,"rcp":"RCP8.5","period":"2085","key":"snowdays","value":10.6,"estimate":"q5"},{"bfs_id":3102,"rcp":"RCP8.5","period":"2085","key":"snowdays","value":18.9,"estimate":"q50"},{"bfs_id":3102,"rcp":"RCP8.5","period":"2085","key":"snowdays","value":26.8,"estimate":"q95"},{"bfs_id":3102,"rcp":"RCP2.6","period":"2035","key":"TN","value":0.1,"estimate":"q5"},{"bfs_id":3102,"rcp":"RCP2.6","period":"2035","key":"TN","value":0.5,"estimate":"q50"},{"bfs_id":3102,"rcp":"RCP2.6","period":"2035","key":"TN","value":1.1,"estimate":"q95"},{"bfs_id":3102,"rcp":"RCP2.6","period":"2060","key":"TN","value":0.2,"estimate":"q5"},{"bfs_id":3102,"rcp":"RCP2.6","period":"2060","key":"TN","value":0.7,"estimate":"q50"},{"bfs_id":3102,"rcp":"RCP2.6","period":"2060","key":"TN","value":1.5,"estimate":"q95"},{"bfs_id":3102,"rcp":"RCP2.6","period":"2085","key":"TN","value":0.2,"estimate":"q5"},{"bfs_id":3102,"rcp":"RCP2.6","period":"2085","key":"TN","value":0.7,"estimate":"q50"},{"bfs_id":3102,"rcp":"RCP2.6","period":"2085","key":"TN","value":1.3,"estimate":"q95"},{"bfs_id":3102,"rcp":"RCP8.5","period":"2035","key":"TN","value":0.3,"estimate":"q5"},{"bfs_id":3102,"rcp":"RCP8.5","period":"2035","key":"TN","value":0.7,"estimate":"q50"},{"bfs_id":3102,"rcp":"RCP8.5","period":"2035","key":"TN","value":3.1,"estimate":"q95"},{"bfs_id":3102,"rcp":"RCP8.5","period":"2060","key":"TN","value":1.5,"estimate":"q5"},{"bfs_id":3102,"rcp":"RCP8.5","period":"2060","key":"TN","value":3.3,"estimate":"q50"},{"bfs_id":3102,"rcp":"RCP8.5","period":"2060","key":"TN","value":7.3,"estimate":"q95"},{"bfs_id":3102,"rcp":"RCP8.5","period":"2085","key":"TN","value":5.7,"estimate":"q5"},{"bfs_id":3102,"rcp":"RCP8.5","period":"2085","key":"TN","value":9.8,"estimate":"q50"},{"bfs_id":3102,"rcp":"RCP8.5","period":"2085","key":"TN","value":26.5,"estimate":"q95"},{"bfs_id":3102,"rcp":"RCP2.6","period":"2035","key":"pr","value":3.7,"estimate":"q5","season":"DJF"},{"bfs_id":3102,"rcp":"RCP2.6","period":"2035","key":"pr","value":4.4,"estimate":"q5","season":"MAM"},{"bfs_id":3102,"rcp":"RCP2.6","period":"2035","key":"pr","value":4.9,"estimate":"q5","season":"JJA"},{"bfs_id":3102,"rcp":"RCP2.6","period":"2035","key":"pr","value":3.8,"estimate":"q5","season":"SON"},{"bfs_id":3102,"rcp":"RCP2.6","period":"2035","key":"pr","value":4,"estimate":"q50","season":"DJF"},{"bfs_id":3102,"rcp":"RCP2.6","period":"2035","key":"pr","value":4.9,"estimate":"q50","season":"MAM"},{"bfs_id":3102,"rcp":"RCP2.6","period":"2035","key":"pr","value":6.1,"estimate":"q50","season":"JJA"},{"bfs_id":3102,"rcp":"RCP2.6","period":"2035","key":"pr","value":4.2,"estimate":"q50","season":"SON"},{"bfs_id":3102,"rcp":"RCP2.6","period":"2035","key":"pr","value":4.8,"estimate":"q95","season":"DJF"},{"bfs_id":3102,"rcp":"RCP2.6","period":"2035","key":"pr","value":5.3,"estimate":"q95","season":"MAM"},{"bfs_id":3102,"rcp":"RCP2.6","period":"2035","key":"pr","value":6.5,"estimate":"q95","season":"JJA"},{"bfs_id":3102,"rcp":"RCP2.6","period":"2035","key":"pr","value":5.2,"estimate":"q95","season":"SON"},{"bfs_id":3102,"rcp":"RCP2.6","period":"2060","key":"pr","value":3.6,"estimate":"q5","season":"DJF"},{"bfs_id":3102,"rcp":"RCP2.6","period":"2060","key":"pr","value":4.4,"estimate":"q5","season":"MAM"},{"bfs_id":3102,"rcp":"RCP2.6","period":"2060","key":"pr","value":5.3,"estimate":"q5","season":"JJA"},{"bfs_id":3102,"rcp":"RCP2.6","period":"2060","key":"pr","value":3.9,"estimate":"q5","season":"SON"},{"bfs_id":3102,"rcp":"RCP2.6","period":"2060","key":"pr","value":4.1,"estimate":"q50","season":"DJF"},{"bfs_id":3102,"rcp":"RCP2.6","period":"2060","key":"pr","value":4.8,"estimate":"q50","season":"MAM"},{"bfs_id":3102,"rcp":"RCP2.6","period":"2060","key":"pr","value":6,"estimate":"q50","season":"JJA"},{"bfs_id":3102,"rcp":"RCP2.6","period":"2060","key":"pr","value":4.2,"estimate":"q50","season":"SON"},{"bfs_id":3102,"rcp":"RCP2.6","period":"2060","key":"pr","value":4.5,"estimate":"q95","season":"DJF"},{"bfs_id":3102,"rcp":"RCP2.6","period":"2060","key":"pr","value":5.2,"estimate":"q95","season":"MAM"},{"bfs_id":3102,"rcp":"RCP2.6","period":"2060","key":"pr","value":6.8,"estimate":"q95","season":"JJA"},{"bfs_id":3102,"rcp":"RCP2.6","period":"2060","key":"pr","value":4.9,"estimate":"q95","season":"SON"},{"bfs_id":3102,"rcp":"RCP2.6","period":"2085","key":"pr","value":3.6,"estimate":"q5","season":"DJF"},{"bfs_id":3102,"rcp":"RCP2.6","period":"2085","key":"pr","value":4.3,"estimate":"q5","season":"MAM"},{"bfs_id":3102,"rcp":"RCP2.6","period":"2085","key":"pr","value":5.3,"estimate":"q5","season":"JJA"},{"bfs_id":3102,"rcp":"RCP2.6","period":"2085","key":"pr","value":4,"estimate":"q5","season":"SON"},{"bfs_id":3102,"rcp":"RCP2.6","period":"2085","key":"pr","value":4,"estimate":"q50","season":"DJF"},{"bfs_id":3102,"rcp":"RCP2.6","period":"2085","key":"pr","value":4.8,"estimate":"q50","season":"MAM"},{"bfs_id":3102,"rcp":"RCP2.6","period":"2085","key":"pr","value":6,"estimate":"q50","season":"JJA"},{"bfs_id":3102,"rcp":"RCP2.6","period":"2085","key":"pr","value":4.2,"estimate":"q50","season":"SON"},{"bfs_id":3102,"rcp":"RCP2.6","period":"2085","key":"pr","value":4.6,"estimate":"q95","season":"DJF"},{"bfs_id":3102,"rcp":"RCP2.6","period":"2085","key":"pr","value":5.2,"estimate":"q95","season":"MAM"},{"bfs_id":3102,"rcp":"RCP2.6","period":"2085","key":"pr","value":6.8,"estimate":"q95","season":"JJA"},{"bfs_id":3102,"rcp":"RCP2.6","period":"2085","key":"pr","value":4.9,"estimate":"q95","season":"SON"},{"bfs_id":3102,"rcp":"RCP8.5","period":"2035","key":"pr","value":3.7,"estimate":"q5","season":"DJF"},{"bfs_id":3102,"rcp":"RCP8.5","period":"2035","key":"pr","value":4.6,"estimate":"q5","season":"MAM"},{"bfs_id":3102,"rcp":"RCP8.5","period":"2035","key":"pr","value":5.2,"estimate":"q5","season":"JJA"},{"bfs_id":3102,"rcp":"RCP8.5","period":"2035","key":"pr","value":3.9,"estimate":"q5","season":"SON"},{"bfs_id":3102,"rcp":"RCP8.5","period":"2035","key":"pr","value":4.3,"estimate":"q50","season":"DJF"},{"bfs_id":3102,"rcp":"RCP8.5","period":"2035","key":"pr","value":4.9,"estimate":"q50","season":"MAM"},{"bfs_id":3102,"rcp":"RCP8.5","period":"2035","key":"pr","value":6,"estimate":"q50","season":"JJA"},{"bfs_id":3102,"rcp":"RCP8.5","period":"2035","key":"pr","value":4.4,"estimate":"q50","season":"SON"},{"bfs_id":3102,"rcp":"RCP8.5","period":"2035","key":"pr","value":4.6,"estimate":"q95","season":"DJF"},{"bfs_id":3102,"rcp":"RCP8.5","period":"2035","key":"pr","value":5.3,"estimate":"q95","season":"MAM"},{"bfs_id":3102,"rcp":"RCP8.5","period":"2035","key":"pr","value":6.9,"estimate":"q95","season":"JJA"},{"bfs_id":3102,"rcp":"RCP8.5","period":"2035","key":"pr","value":5.1,"estimate":"q95","season":"SON"},{"bfs_id":3102,"rcp":"RCP8.5","period":"2060","key":"pr","value":3.9,"estimate":"q5","season":"DJF"},{"bfs_id":3102,"rcp":"RCP8.5","period":"2060","key":"pr","value":4.7,"estimate":"q5","season":"MAM"},{"bfs_id":3102,"rcp":"RCP8.5","period":"2060","key":"pr","value":4.7,"estimate":"q5","season":"JJA"},{"bfs_id":3102,"rcp":"RCP8.5","period":"2060","key":"pr","value":3.9,"estimate":"q5","season":"SON"},{"bfs_id":3102,"rcp":"RCP8.5","period":"2060","key":"pr","value":4.3,"estimate":"q50","season":"DJF"},{"bfs_id":3102,"rcp":"RCP8.5","period":"2060","key":"pr","value":5.2,"estimate":"q50","season":"MAM"},{"bfs_id":3102,"rcp":"RCP8.5","period":"2060","key":"pr","value":5.7,"estimate":"q50","season":"JJA"},{"bfs_id":3102,"rcp":"RCP8.5","period":"2060","key":"pr","value":4.3,"estimate":"q50","season":"SON"},{"bfs_id":3102,"rcp":"RCP8.5","period":"2060","key":"pr","value":4.7,"estimate":"q95","season":"DJF"},{"bfs_id":3102,"rcp":"RCP8.5","period":"2060","key":"pr","value":5.8,"estimate":"q95","season":"MAM"},{"bfs_id":3102,"rcp":"RCP8.5","period":"2060","key":"pr","value":6.5,"estimate":"q95","season":"JJA"},{"bfs_id":3102,"rcp":"RCP8.5","period":"2060","key":"pr","value":4.8,"estimate":"q95","season":"SON"},{"bfs_id":3102,"rcp":"RCP8.5","period":"2085","key":"pr","value":4,"estimate":"q5","season":"DJF"},{"bfs_id":3102,"rcp":"RCP8.5","period":"2085","key":"pr","value":4.7,"estimate":"q5","season":"MAM"},{"bfs_id":3102,"rcp":"RCP8.5","period":"2085","key":"pr","value":4.1,"estimate":"q5","season":"JJA"},{"bfs_id":3102,"rcp":"RCP8.5","period":"2085","key":"pr","value":3.5,"estimate":"q5","season":"SON"},{"bfs_id":3102,"rcp":"RCP8.5","period":"2085","key":"pr","value":4.4,"estimate":"q50","season":"DJF"},{"bfs_id":3102,"rcp":"RCP8.5","period":"2085","key":"pr","value":5.3,"estimate":"q50","season":"MAM"},{"bfs_id":3102,"rcp":"RCP8.5","period":"2085","key":"pr","value":5.1,"estimate":"q50","season":"JJA"},{"bfs_id":3102,"rcp":"RCP8.5","period":"2085","key":"pr","value":4.1,"estimate":"q50","season":"SON"},{"bfs_id":3102,"rcp":"RCP8.5","period":"2085","key":"pr","value":5,"estimate":"q95","season":"DJF"},{"bfs_id":3102,"rcp":"RCP8.5","period":"2085","key":"pr","value":5.9,"estimate":"q95","season":"MAM"},{"bfs_id":3102,"rcp":"RCP8.5","period":"2085","key":"pr","value":5.7,"estimate":"q95","season":"JJA"},{"bfs_id":3102,"rcp":"RCP8.5","period":"2085","key":"pr","value":5.2,"estimate":"q95","season":"SON"},{"bfs_id":3102,"rcp":"RCP2.6","period":"2035","key":"tas","value":-0,"estimate":"q5","season":"DJF"},{"bfs_id":3102,"rcp":"RCP2.6","period":"2035","key":"tas","value":6.7,"estimate":"q5","season":"MAM"},{"bfs_id":3102,"rcp":"RCP2.6","period":"2035","key":"tas","value":15.8,"estimate":"q5","season":"JJA"},{"bfs_id":3102,"rcp":"RCP2.6","period":"2035","key":"tas","value":8.4,"estimate":"q5","season":"SON"},{"bfs_id":3102,"rcp":"RCP2.6","period":"2035","key":"tas","value":0.6,"estimate":"q50","season":"DJF"},{"bfs_id":3102,"rcp":"RCP2.6","period":"2035","key":"tas","value":7.3,"estimate":"q50","season":"MAM"},{"bfs_id":3102,"rcp":"RCP2.6","period":"2035","key":"tas","value":16.5,"estimate":"q50","season":"JJA"},{"bfs_id":3102,"rcp":"RCP2.6","period":"2035","key":"tas","value":8.7,"estimate":"q50","season":"SON"},{"bfs_id":3102,"rcp":"RCP2.6","period":"2035","key":"tas","value":1.4,"estimate":"q95","season":"DJF"},{"bfs_id":3102,"rcp":"RCP2.6","period":"2035","key":"tas","value":7.7,"estimate":"q95","season":"MAM"},{"bfs_id":3102,"rcp":"RCP2.6","period":"2035","key":"tas","value":17.3,"estimate":"q95","season":"JJA"},{"bfs_id":3102,"rcp":"RCP2.6","period":"2035","key":"tas","value":9.7,"estimate":"q95","season":"SON"},{"bfs_id":3102,"rcp":"RCP2.6","period":"2060","key":"tas","value":-0.1,"estimate":"q5","season":"DJF"},{"bfs_id":3102,"rcp":"RCP2.6","period":"2060","key":"tas","value":6.5,"estimate":"q5","season":"MAM"},{"bfs_id":3102,"rcp":"RCP2.6","period":"2060","key":"tas","value":16.2,"estimate":"q5","season":"JJA"},{"bfs_id":3102,"rcp":"RCP2.6","period":"2060","key":"tas","value":8.6,"estimate":"q5","season":"SON"},{"bfs_id":3102,"rcp":"RCP2.6","period":"2060","key":"tas","value":0.9,"estimate":"q50","season":"DJF"},{"bfs_id":3102,"rcp":"RCP2.6","period":"2060","key":"tas","value":7.3,"estimate":"q50","season":"MAM"},{"bfs_id":3102,"rcp":"RCP2.6","period":"2060","key":"tas","value":16.6,"estimate":"q50","season":"JJA"},{"bfs_id":3102,"rcp":"RCP2.6","period":"2060","key":"tas","value":9,"estimate":"q50","season":"SON"},{"bfs_id":3102,"rcp":"RCP2.6","period":"2060","key":"tas","value":1.6,"estimate":"q95","season":"DJF"},{"bfs_id":3102,"rcp":"RCP2.6","period":"2060","key":"tas","value":7.9,"estimate":"q95","season":"MAM"},{"bfs_id":3102,"rcp":"RCP2.6","period":"2060","key":"tas","value":17.4,"estimate":"q95","season":"JJA"},{"bfs_id":3102,"rcp":"RCP2.6","period":"2060","key":"tas","value":10.1,"estimate":"q95","season":"SON"},{"bfs_id":3102,"rcp":"RCP2.6","period":"2085","key":"tas","value":0,"estimate":"q5","season":"DJF"},{"bfs_id":3102,"rcp":"RCP2.6","period":"2085","key":"tas","value":6.6,"estimate":"q5","season":"MAM"},{"bfs_id":3102,"rcp":"RCP2.6","period":"2085","key":"tas","value":16.1,"estimate":"q5","season":"JJA"},{"bfs_id":3102,"rcp":"RCP2.6","period":"2085","key":"tas","value":8.5,"estimate":"q5","season":"SON"},{"bfs_id":3102,"rcp":"RCP2.6","period":"2085","key":"tas","value":0.9,"estimate":"q50","season":"DJF"},{"bfs_id":3102,"rcp":"RCP2.6","period":"2085","key":"tas","value":7.3,"estimate":"q50","season":"MAM"},{"bfs_id":3102,"rcp":"RCP2.6","period":"2085","key":"tas","value":16.5,"estimate":"q50","season":"JJA"},{"bfs_id":3102,"rcp":"RCP2.6","period":"2085","key":"tas","value":8.9,"estimate":"q50","season":"SON"},{"bfs_id":3102,"rcp":"RCP2.6","period":"2085","key":"tas","value":1.6,"estimate":"q95","season":"DJF"},{"bfs_id":3102,"rcp":"RCP2.6","period":"2085","key":"tas","value":8,"estimate":"q95","season":"MAM"},{"bfs_id":3102,"rcp":"RCP2.6","period":"2085","key":"tas","value":17.2,"estimate":"q95","season":"JJA"},{"bfs_id":3102,"rcp":"RCP2.6","period":"2085","key":"tas","value":10,"estimate":"q95","season":"SON"},{"bfs_id":3102,"rcp":"RCP8.5","period":"2035","key":"tas","value":0,"estimate":"q5","season":"DJF"},{"bfs_id":3102,"rcp":"RCP8.5","period":"2035","key":"tas","value":7,"estimate":"q5","season":"MAM"},{"bfs_id":3102,"rcp":"RCP8.5","period":"2035","key":"tas","value":16.3,"estimate":"q5","season":"JJA"},{"bfs_id":3102,"rcp":"RCP8.5","period":"2035","key":"tas","value":8.7,"estimate":"q5","season":"SON"},{"bfs_id":3102,"rcp":"RCP8.5","period":"2035","key":"tas","value":0.9,"estimate":"q50","season":"DJF"},{"bfs_id":3102,"rcp":"RCP8.5","period":"2035","key":"tas","value":7.3,"estimate":"q50","season":"MAM"},{"bfs_id":3102,"rcp":"RCP8.5","period":"2035","key":"tas","value":16.8,"estimate":"q50","season":"JJA"},{"bfs_id":3102,"rcp":"RCP8.5","period":"2035","key":"tas","value":9.1,"estimate":"q50","season":"SON"},{"bfs_id":3102,"rcp":"RCP8.5","period":"2035","key":"tas","value":1.4,"estimate":"q95","season":"DJF"},{"bfs_id":3102,"rcp":"RCP8.5","period":"2035","key":"tas","value":7.8,"estimate":"q95","season":"MAM"},{"bfs_id":3102,"rcp":"RCP8.5","period":"2035","key":"tas","value":17.6,"estimate":"q95","season":"JJA"},{"bfs_id":3102,"rcp":"RCP8.5","period":"2035","key":"tas","value":10.1,"estimate":"q95","season":"SON"},{"bfs_id":3102,"rcp":"RCP8.5","period":"2060","key":"tas","value":1.6,"estimate":"q5","season":"DJF"},{"bfs_id":3102,"rcp":"RCP8.5","period":"2060","key":"tas","value":7.8,"estimate":"q5","season":"MAM"},{"bfs_id":3102,"rcp":"RCP8.5","period":"2060","key":"tas","value":17.5,"estimate":"q5","season":"JJA"},{"bfs_id":3102,"rcp":"RCP8.5","period":"2060","key":"tas","value":9.8,"estimate":"q5","season":"SON"},{"bfs_id":3102,"rcp":"RCP8.5","period":"2060","key":"tas","value":1.9,"estimate":"q50","season":"DJF"},{"bfs_id":3102,"rcp":"RCP8.5","period":"2060","key":"tas","value":8.4,"estimate":"q50","season":"MAM"},{"bfs_id":3102,"rcp":"RCP8.5","period":"2060","key":"tas","value":18,"estimate":"q50","season":"JJA"},{"bfs_id":3102,"rcp":"RCP8.5","period":"2060","key":"tas","value":10.5,"estimate":"q50","season":"SON"},{"bfs_id":3102,"rcp":"RCP8.5","period":"2060","key":"tas","value":2.7,"estimate":"q95","season":"DJF"},{"bfs_id":3102,"rcp":"RCP8.5","period":"2060","key":"tas","value":9.4,"estimate":"q95","season":"MAM"},{"bfs_id":3102,"rcp":"RCP8.5","period":"2060","key":"tas","value":19.4,"estimate":"q95","season":"JJA"},{"bfs_id":3102,"rcp":"RCP8.5","period":"2060","key":"tas","value":11.4,"estimate":"q95","season":"SON"},{"bfs_id":3102,"rcp":"RCP8.5","period":"2085","key":"tas","value":2.8,"estimate":"q5","season":"DJF"},{"bfs_id":3102,"rcp":"RCP8.5","period":"2085","key":"tas","value":9,"estimate":"q5","season":"MAM"},{"bfs_id":3102,"rcp":"RCP8.5","period":"2085","key":"tas","value":19.1,"estimate":"q5","season":"JJA"},{"bfs_id":3102,"rcp":"RCP8.5","period":"2085","key":"tas","value":10.9,"estimate":"q5","season":"SON"},{"bfs_id":3102,"rcp":"RCP8.5","period":"2085","key":"tas","value":4,"estimate":"q50","season":"DJF"},{"bfs_id":3102,"rcp":"RCP8.5","period":"2085","key":"tas","value":9.9,"estimate":"q50","season":"MAM"},{"bfs_id":3102,"rcp":"RCP8.5","period":"2085","key":"tas","value":19.8,"estimate":"q50","season":"JJA"},{"bfs_id":3102,"rcp":"RCP8.5","period":"2085","key":"tas","value":11.9,"estimate":"q50","season":"SON"},{"bfs_id":3102,"rcp":"RCP8.5","period":"2085","key":"tas","value":4.7,"estimate":"q95","season":"DJF"},{"bfs_id":3102,"rcp":"RCP8.5","period":"2085","key":"tas","value":11.3,"estimate":"q95","season":"MAM"},{"bfs_id":3102,"rcp":"RCP8.5","period":"2085","key":"tas","value":22.5,"estimate":"q95","season":"JJA"},{"bfs_id":3102,"rcp":"RCP8.5","period":"2085","key":"tas","value":13.7,"estimate":"q95","season":"SON"},{"bfs_id":3102,"rcp":"obs","period":"1981-2010","key":"FD","value":114.2,"estimate":"yearly_mean"},{"bfs_id":3102,"rcp":"obs","period":"1981-2010","key":"HD","value":0.5,"estimate":"yearly_mean"},{"bfs_id":3102,"rcp":"obs","period":"1981-2010","key":"ID","value":40.4,"estimate":"yearly_mean"},{"bfs_id":3102,"rcp":"obs","period":"1981-2010","key":"SD","value":14.2,"estimate":"yearly_mean"},{"bfs_id":3102,"rcp":"obs","period":"1981-2010","key":"snowdays","value":41.6,"estimate":"yearly_mean"},{"bfs_id":3102,"rcp":"obs","period":"1981-2010","key":"TN","value":0.1,"estimate":"yearly_mean"},{"bfs_id":3102,"rcp":"obs","period":"1981-2010","key":"pr","value":3.6,"estimate":"mean","season":"DJF"},{"bfs_id":3102,"rcp":"obs","period":"1981-2010","key":"pr","value":4.6,"estimate":"mean","season":"MAM"},{"bfs_id":3102,"rcp":"obs","period":"1981-2010","key":"pr","value":6.4,"estimate":"mean","season":"JJA"},{"bfs_id":3102,"rcp":"obs","period":"1981-2010","key":"pr","value":4.3,"estimate":"mean","season":"SON"},{"bfs_id":3102,"rcp":"obs","period":"1981-2010","key":"tas","value":-0.5,"estimate":"mean","season":"DJF"},{"bfs_id":3102,"rcp":"obs","period":"1981-2010","key":"tas","value":6.5,"estimate":"mean","season":"MAM"},{"bfs_id":3102,"rcp":"obs","period":"1981-2010","key":"tas","value":15.2,"estimate":"mean","season":"JJA"},{"bfs_id":3102,"rcp":"obs","period":"1981-2010","key":"tas","value":7.7,"estimate":"mean","season":"SON"}]
