[{"bfs_id":3953,"rcp":"RCP2.6","period":"2035","key":"FD","value":58.2,"estimate":"q5"},{"bfs_id":3953,"rcp":"RCP2.6","period":"2035","key":"FD","value":68.3,"estimate":"q50"},{"bfs_id":3953,"rcp":"RCP2.6","period":"2035","key":"FD","value":77.2,"estimate":"q95"},{"bfs_id":3953,"rcp":"RCP2.6","period":"2060","key":"FD","value":53.2,"estimate":"q5"},{"bfs_id":3953,"rcp":"RCP2.6","period":"2060","key":"FD","value":65.4,"estimate":"q50"},{"bfs_id":3953,"rcp":"RCP2.6","period":"2060","key":"FD","value":72.5,"estimate":"q95"},{"bfs_id":3953,"rcp":"RCP2.6","period":"2085","key":"FD","value":53.2,"estimate":"q5"},{"bfs_id":3953,"rcp":"RCP2.6","period":"2085","key":"FD","value":67.5,"estimate":"q50"},{"bfs_id":3953,"rcp":"RCP2.6","period":"2085","key":"FD","value":74.2,"estimate":"q95"},{"bfs_id":3953,"rcp":"RCP8.5","period":"2035","key":"FD","value":54.7,"estimate":"q5"},{"bfs_id":3953,"rcp":"RCP8.5","period":"2035","key":"FD","value":66,"estimate":"q50"},{"bfs_id":3953,"rcp":"RCP8.5","period":"2035","key":"FD","value":70.5,"estimate":"q95"},{"bfs_id":3953,"rcp":"RCP8.5","period":"2060","key":"FD","value":41.5,"estimate":"q5"},{"bfs_id":3953,"rcp":"RCP8.5","period":"2060","key":"FD","value":53,"estimate":"q50"},{"bfs_id":3953,"rcp":"RCP8.5","period":"2060","key":"FD","value":57.8,"estimate":"q95"},{"bfs_id":3953,"rcp":"RCP8.5","period":"2085","key":"FD","value":25.2,"estimate":"q5"},{"bfs_id":3953,"rcp":"RCP8.5","period":"2085","key":"FD","value":35.4,"estimate":"q50"},{"bfs_id":3953,"rcp":"RCP8.5","period":"2085","key":"FD","value":41.8,"estimate":"q95"},{"bfs_id":3953,"rcp":"RCP2.6","period":"2035","key":"HD","value":10.6,"estimate":"q5"},{"bfs_id":3953,"rcp":"RCP2.6","period":"2035","key":"HD","value":14,"estimate":"q50"},{"bfs_id":3953,"rcp":"RCP2.6","period":"2035","key":"HD","value":21.1,"estimate":"q95"},{"bfs_id":3953,"rcp":"RCP2.6","period":"2060","key":"HD","value":10.7,"estimate":"q5"},{"bfs_id":3953,"rcp":"RCP2.6","period":"2060","key":"HD","value":14.8,"estimate":"q50"},{"bfs_id":3953,"rcp":"RCP2.6","period":"2060","key":"HD","value":23.7,"estimate":"q95"},{"bfs_id":3953,"rcp":"RCP2.6","period":"2085","key":"HD","value":11.3,"estimate":"q5"},{"bfs_id":3953,"rcp":"RCP2.6","period":"2085","key":"HD","value":15.6,"estimate":"q50"},{"bfs_id":3953,"rcp":"RCP2.6","period":"2085","key":"HD","value":22.7,"estimate":"q95"},{"bfs_id":3953,"rcp":"RCP8.5","period":"2035","key":"HD","value":12.7,"estimate":"q5"},{"bfs_id":3953,"rcp":"RCP8.5","period":"2035","key":"HD","value":17.2,"estimate":"q50"},{"bfs_id":3953,"rcp":"RCP8.5","period":"2035","key":"HD","value":25.7,"estimate":"q95"},{"bfs_id":3953,"rcp":"RCP8.5","period":"2060","key":"HD","value":20.7,"estimate":"q5"},{"bfs_id":3953,"rcp":"RCP8.5","period":"2060","key":"HD","value":29.5,"estimate":"q50"},{"bfs_id":3953,"rcp":"RCP8.5","period":"2060","key":"HD","value":45,"estimate":"q95"},{"bfs_id":3953,"rcp":"RCP8.5","period":"2085","key":"HD","value":36.1,"estimate":"q5"},{"bfs_id":3953,"rcp":"RCP8.5","period":"2085","key":"HD","value":46.9,"estimate":"q50"},{"bfs_id":3953,"rcp":"RCP8.5","period":"2085","key":"HD","value":74.8,"estimate":"q95"},{"bfs_id":3953,"rcp":"RCP2.6","period":"2035","key":"ID","value":10.8,"estimate":"q5"},{"bfs_id":3953,"rcp":"RCP2.6","period":"2035","key":"ID","value":13.3,"estimate":"q50"},{"bfs_id":3953,"rcp":"RCP2.6","period":"2035","key":"ID","value":15.9,"estimate":"q95"},{"bfs_id":3953,"rcp":"RCP2.6","period":"2060","key":"ID","value":10.1,"estimate":"q5"},{"bfs_id":3953,"rcp":"RCP2.6","period":"2060","key":"ID","value":12.2,"estimate":"q50"},{"bfs_id":3953,"rcp":"RCP2.6","period":"2060","key":"ID","value":15.8,"estimate":"q95"},{"bfs_id":3953,"rcp":"RCP2.6","period":"2085","key":"ID","value":9.4,"estimate":"q5"},{"bfs_id":3953,"rcp":"RCP2.6","period":"2085","key":"ID","value":12.4,"estimate":"q50"},{"bfs_id":3953,"rcp":"RCP2.6","period":"2085","key":"ID","value":15.8,"estimate":"q95"},{"bfs_id":3953,"rcp":"RCP8.5","period":"2035","key":"ID","value":10,"estimate":"q5"},{"bfs_id":3953,"rcp":"RCP8.5","period":"2035","key":"ID","value":12.2,"estimate":"q50"},{"bfs_id":3953,"rcp":"RCP8.5","period":"2035","key":"ID","value":15.1,"estimate":"q95"},{"bfs_id":3953,"rcp":"RCP8.5","period":"2060","key":"ID","value":5.8,"estimate":"q5"},{"bfs_id":3953,"rcp":"RCP8.5","period":"2060","key":"ID","value":8.6,"estimate":"q50"},{"bfs_id":3953,"rcp":"RCP8.5","period":"2060","key":"ID","value":10.4,"estimate":"q95"},{"bfs_id":3953,"rcp":"RCP8.5","period":"2085","key":"ID","value":2.3,"estimate":"q5"},{"bfs_id":3953,"rcp":"RCP8.5","period":"2085","key":"ID","value":3.8,"estimate":"q50"},{"bfs_id":3953,"rcp":"RCP8.5","period":"2085","key":"ID","value":6,"estimate":"q95"},{"bfs_id":3953,"rcp":"RCP2.6","period":"2035","key":"SD","value":57.3,"estimate":"q5"},{"bfs_id":3953,"rcp":"RCP2.6","period":"2035","key":"SD","value":63.2,"estimate":"q50"},{"bfs_id":3953,"rcp":"RCP2.6","period":"2035","key":"SD","value":73.1,"estimate":"q95"},{"bfs_id":3953,"rcp":"RCP2.6","period":"2060","key":"SD","value":57.6,"estimate":"q5"},{"bfs_id":3953,"rcp":"RCP2.6","period":"2060","key":"SD","value":63.7,"estimate":"q50"},{"bfs_id":3953,"rcp":"RCP2.6","period":"2060","key":"SD","value":72.8,"estimate":"q95"},{"bfs_id":3953,"rcp":"RCP2.6","period":"2085","key":"SD","value":57.6,"estimate":"q5"},{"bfs_id":3953,"rcp":"RCP2.6","period":"2085","key":"SD","value":64.9,"estimate":"q50"},{"bfs_id":3953,"rcp":"RCP2.6","period":"2085","key":"SD","value":72.2,"estimate":"q95"},{"bfs_id":3953,"rcp":"RCP8.5","period":"2035","key":"SD","value":60.6,"estimate":"q5"},{"bfs_id":3953,"rcp":"RCP8.5","period":"2035","key":"SD","value":67.4,"estimate":"q50"},{"bfs_id":3953,"rcp":"RCP8.5","period":"2035","key":"SD","value":73.6,"estimate":"q95"},{"bfs_id":3953,"rcp":"RCP8.5","period":"2060","key":"SD","value":75.1,"estimate":"q5"},{"bfs_id":3953,"rcp":"RCP8.5","period":"2060","key":"SD","value":84.5,"estimate":"q50"},{"bfs_id":3953,"rcp":"RCP8.5","period":"2060","key":"SD","value":101,"estimate":"q95"},{"bfs_id":3953,"rcp":"RCP8.5","period":"2085","key":"SD","value":91,"estimate":"q5"},{"bfs_id":3953,"rcp":"RCP8.5","period":"2085","key":"SD","value":112.6,"estimate":"q50"},{"bfs_id":3953,"rcp":"RCP8.5","period":"2085","key":"SD","value":135,"estimate":"q95"},{"bfs_id":3953,"rcp":"RCP2.6","period":"2035","key":"snowdays","value":9.4,"estimate":"q5"},{"bfs_id":3953,"rcp":"RCP2.6","period":"2035","key":"snowdays","value":14.1,"estimate":"q50"},{"bfs_id":3953,"rcp":"RCP2.6","period":"2035","key":"snowdays","value":20.4,"estimate":"q95"},{"bfs_id":3953,"rcp":"RCP2.6","period":"2060","key":"snowdays","value":9,"estimate":"q5"},{"bfs_id":3953,"rcp":"RCP2.6","period":"2060","key":"snowdays","value":14.2,"estimate":"q50"},{"bfs_id":3953,"rcp":"RCP2.6","period":"2060","key":"snowdays","value":19.4,"estimate":"q95"},{"bfs_id":3953,"rcp":"RCP2.6","period":"2085","key":"snowdays","value":9.6,"estimate":"q5"},{"bfs_id":3953,"rcp":"RCP2.6","period":"2085","key":"snowdays","value":13.7,"estimate":"q50"},{"bfs_id":3953,"rcp":"RCP2.6","period":"2085","key":"snowdays","value":19.8,"estimate":"q95"},{"bfs_id":3953,"rcp":"RCP8.5","period":"2035","key":"snowdays","value":8.4,"estimate":"q5"},{"bfs_id":3953,"rcp":"RCP8.5","period":"2035","key":"snowdays","value":14.2,"estimate":"q50"},{"bfs_id":3953,"rcp":"RCP8.5","period":"2035","key":"snowdays","value":18.4,"estimate":"q95"},{"bfs_id":3953,"rcp":"RCP8.5","period":"2060","key":"snowdays","value":6.4,"estimate":"q5"},{"bfs_id":3953,"rcp":"RCP8.5","period":"2060","key":"snowdays","value":10.6,"estimate":"q50"},{"bfs_id":3953,"rcp":"RCP8.5","period":"2060","key":"snowdays","value":14.7,"estimate":"q95"},{"bfs_id":3953,"rcp":"RCP8.5","period":"2085","key":"snowdays","value":3.1,"estimate":"q5"},{"bfs_id":3953,"rcp":"RCP8.5","period":"2085","key":"snowdays","value":6.6,"estimate":"q50"},{"bfs_id":3953,"rcp":"RCP8.5","period":"2085","key":"snowdays","value":9.4,"estimate":"q95"},{"bfs_id":3953,"rcp":"RCP2.6","period":"2035","key":"TN","value":4.4,"estimate":"q5"},{"bfs_id":3953,"rcp":"RCP2.6","period":"2035","key":"TN","value":5.9,"estimate":"q50"},{"bfs_id":3953,"rcp":"RCP2.6","period":"2035","key":"TN","value":9.3,"estimate":"q95"},{"bfs_id":3953,"rcp":"RCP2.6","period":"2060","key":"TN","value":5.3,"estimate":"q5"},{"bfs_id":3953,"rcp":"RCP2.6","period":"2060","key":"TN","value":6.6,"estimate":"q50"},{"bfs_id":3953,"rcp":"RCP2.6","period":"2060","key":"TN","value":10.7,"estimate":"q95"},{"bfs_id":3953,"rcp":"RCP2.6","period":"2085","key":"TN","value":5.3,"estimate":"q5"},{"bfs_id":3953,"rcp":"RCP2.6","period":"2085","key":"TN","value":6.8,"estimate":"q50"},{"bfs_id":3953,"rcp":"RCP2.6","period":"2085","key":"TN","value":10.8,"estimate":"q95"},{"bfs_id":3953,"rcp":"RCP8.5","period":"2035","key":"TN","value":6.3,"estimate":"q5"},{"bfs_id":3953,"rcp":"RCP8.5","period":"2035","key":"TN","value":8.1,"estimate":"q50"},{"bfs_id":3953,"rcp":"RCP8.5","period":"2035","key":"TN","value":13.5,"estimate":"q95"},{"bfs_id":3953,"rcp":"RCP8.5","period":"2060","key":"TN","value":14.7,"estimate":"q5"},{"bfs_id":3953,"rcp":"RCP8.5","period":"2060","key":"TN","value":19.6,"estimate":"q50"},{"bfs_id":3953,"rcp":"RCP8.5","period":"2060","key":"TN","value":32,"estimate":"q95"},{"bfs_id":3953,"rcp":"RCP8.5","period":"2085","key":"TN","value":31.5,"estimate":"q5"},{"bfs_id":3953,"rcp":"RCP8.5","period":"2085","key":"TN","value":37.4,"estimate":"q50"},{"bfs_id":3953,"rcp":"RCP8.5","period":"2085","key":"TN","value":62.3,"estimate":"q95"},{"bfs_id":3953,"rcp":"RCP2.6","period":"2035","key":"pr","value":2.2,"estimate":"q5","season":"DJF"},{"bfs_id":3953,"rcp":"RCP2.6","period":"2035","key":"pr","value":2.4,"estimate":"q5","season":"MAM"},{"bfs_id":3953,"rcp":"RCP2.6","period":"2035","key":"pr","value":2.8,"estimate":"q5","season":"JJA"},{"bfs_id":3953,"rcp":"RCP2.6","period":"2035","key":"pr","value":2.3,"estimate":"q5","season":"SON"},{"bfs_id":3953,"rcp":"RCP2.6","period":"2035","key":"pr","value":2.5,"estimate":"q50","season":"DJF"},{"bfs_id":3953,"rcp":"RCP2.6","period":"2035","key":"pr","value":2.8,"estimate":"q50","season":"MAM"},{"bfs_id":3953,"rcp":"RCP2.6","period":"2035","key":"pr","value":3.6,"estimate":"q50","season":"JJA"},{"bfs_id":3953,"rcp":"RCP2.6","period":"2035","key":"pr","value":2.6,"estimate":"q50","season":"SON"},{"bfs_id":3953,"rcp":"RCP2.6","period":"2035","key":"pr","value":3.1,"estimate":"q95","season":"DJF"},{"bfs_id":3953,"rcp":"RCP2.6","period":"2035","key":"pr","value":2.9,"estimate":"q95","season":"MAM"},{"bfs_id":3953,"rcp":"RCP2.6","period":"2035","key":"pr","value":4.2,"estimate":"q95","season":"JJA"},{"bfs_id":3953,"rcp":"RCP2.6","period":"2035","key":"pr","value":3.3,"estimate":"q95","season":"SON"},{"bfs_id":3953,"rcp":"RCP2.6","period":"2060","key":"pr","value":2.2,"estimate":"q5","season":"DJF"},{"bfs_id":3953,"rcp":"RCP2.6","period":"2060","key":"pr","value":2.5,"estimate":"q5","season":"MAM"},{"bfs_id":3953,"rcp":"RCP2.6","period":"2060","key":"pr","value":2.9,"estimate":"q5","season":"JJA"},{"bfs_id":3953,"rcp":"RCP2.6","period":"2060","key":"pr","value":2.4,"estimate":"q5","season":"SON"},{"bfs_id":3953,"rcp":"RCP2.6","period":"2060","key":"pr","value":2.5,"estimate":"q50","season":"DJF"},{"bfs_id":3953,"rcp":"RCP2.6","period":"2060","key":"pr","value":2.7,"estimate":"q50","season":"MAM"},{"bfs_id":3953,"rcp":"RCP2.6","period":"2060","key":"pr","value":3.6,"estimate":"q50","season":"JJA"},{"bfs_id":3953,"rcp":"RCP2.6","period":"2060","key":"pr","value":2.7,"estimate":"q50","season":"SON"},{"bfs_id":3953,"rcp":"RCP2.6","period":"2060","key":"pr","value":2.8,"estimate":"q95","season":"DJF"},{"bfs_id":3953,"rcp":"RCP2.6","period":"2060","key":"pr","value":3.1,"estimate":"q95","season":"MAM"},{"bfs_id":3953,"rcp":"RCP2.6","period":"2060","key":"pr","value":4.1,"estimate":"q95","season":"JJA"},{"bfs_id":3953,"rcp":"RCP2.6","period":"2060","key":"pr","value":3.1,"estimate":"q95","season":"SON"},{"bfs_id":3953,"rcp":"RCP2.6","period":"2085","key":"pr","value":2.2,"estimate":"q5","season":"DJF"},{"bfs_id":3953,"rcp":"RCP2.6","period":"2085","key":"pr","value":2.4,"estimate":"q5","season":"MAM"},{"bfs_id":3953,"rcp":"RCP2.6","period":"2085","key":"pr","value":2.9,"estimate":"q5","season":"JJA"},{"bfs_id":3953,"rcp":"RCP2.6","period":"2085","key":"pr","value":2.4,"estimate":"q5","season":"SON"},{"bfs_id":3953,"rcp":"RCP2.6","period":"2085","key":"pr","value":2.5,"estimate":"q50","season":"DJF"},{"bfs_id":3953,"rcp":"RCP2.6","period":"2085","key":"pr","value":2.7,"estimate":"q50","season":"MAM"},{"bfs_id":3953,"rcp":"RCP2.6","period":"2085","key":"pr","value":3.7,"estimate":"q50","season":"JJA"},{"bfs_id":3953,"rcp":"RCP2.6","period":"2085","key":"pr","value":2.7,"estimate":"q50","season":"SON"},{"bfs_id":3953,"rcp":"RCP2.6","period":"2085","key":"pr","value":2.9,"estimate":"q95","season":"DJF"},{"bfs_id":3953,"rcp":"RCP2.6","period":"2085","key":"pr","value":3,"estimate":"q95","season":"MAM"},{"bfs_id":3953,"rcp":"RCP2.6","period":"2085","key":"pr","value":4.1,"estimate":"q95","season":"JJA"},{"bfs_id":3953,"rcp":"RCP2.6","period":"2085","key":"pr","value":3.1,"estimate":"q95","season":"SON"},{"bfs_id":3953,"rcp":"RCP8.5","period":"2035","key":"pr","value":2.3,"estimate":"q5","season":"DJF"},{"bfs_id":3953,"rcp":"RCP8.5","period":"2035","key":"pr","value":2.5,"estimate":"q5","season":"MAM"},{"bfs_id":3953,"rcp":"RCP8.5","period":"2035","key":"pr","value":2.9,"estimate":"q5","season":"JJA"},{"bfs_id":3953,"rcp":"RCP8.5","period":"2035","key":"pr","value":2.4,"estimate":"q5","season":"SON"},{"bfs_id":3953,"rcp":"RCP8.5","period":"2035","key":"pr","value":2.6,"estimate":"q50","season":"DJF"},{"bfs_id":3953,"rcp":"RCP8.5","period":"2035","key":"pr","value":2.8,"estimate":"q50","season":"MAM"},{"bfs_id":3953,"rcp":"RCP8.5","period":"2035","key":"pr","value":3.7,"estimate":"q50","season":"JJA"},{"bfs_id":3953,"rcp":"RCP8.5","period":"2035","key":"pr","value":2.8,"estimate":"q50","season":"SON"},{"bfs_id":3953,"rcp":"RCP8.5","period":"2035","key":"pr","value":2.9,"estimate":"q95","season":"DJF"},{"bfs_id":3953,"rcp":"RCP8.5","period":"2035","key":"pr","value":3.1,"estimate":"q95","season":"MAM"},{"bfs_id":3953,"rcp":"RCP8.5","period":"2035","key":"pr","value":4.1,"estimate":"q95","season":"JJA"},{"bfs_id":3953,"rcp":"RCP8.5","period":"2035","key":"pr","value":3.2,"estimate":"q95","season":"SON"},{"bfs_id":3953,"rcp":"RCP8.5","period":"2060","key":"pr","value":2.4,"estimate":"q5","season":"DJF"},{"bfs_id":3953,"rcp":"RCP8.5","period":"2060","key":"pr","value":2.7,"estimate":"q5","season":"MAM"},{"bfs_id":3953,"rcp":"RCP8.5","period":"2060","key":"pr","value":2.5,"estimate":"q5","season":"JJA"},{"bfs_id":3953,"rcp":"RCP8.5","period":"2060","key":"pr","value":2.5,"estimate":"q5","season":"SON"},{"bfs_id":3953,"rcp":"RCP8.5","period":"2060","key":"pr","value":2.7,"estimate":"q50","season":"DJF"},{"bfs_id":3953,"rcp":"RCP8.5","period":"2060","key":"pr","value":3,"estimate":"q50","season":"MAM"},{"bfs_id":3953,"rcp":"RCP8.5","period":"2060","key":"pr","value":3.6,"estimate":"q50","season":"JJA"},{"bfs_id":3953,"rcp":"RCP8.5","period":"2060","key":"pr","value":2.8,"estimate":"q50","season":"SON"},{"bfs_id":3953,"rcp":"RCP8.5","period":"2060","key":"pr","value":3,"estimate":"q95","season":"DJF"},{"bfs_id":3953,"rcp":"RCP8.5","period":"2060","key":"pr","value":3.3,"estimate":"q95","season":"MAM"},{"bfs_id":3953,"rcp":"RCP8.5","period":"2060","key":"pr","value":4.3,"estimate":"q95","season":"JJA"},{"bfs_id":3953,"rcp":"RCP8.5","period":"2060","key":"pr","value":3.1,"estimate":"q95","season":"SON"},{"bfs_id":3953,"rcp":"RCP8.5","period":"2085","key":"pr","value":2.5,"estimate":"q5","season":"DJF"},{"bfs_id":3953,"rcp":"RCP8.5","period":"2085","key":"pr","value":2.8,"estimate":"q5","season":"MAM"},{"bfs_id":3953,"rcp":"RCP8.5","period":"2085","key":"pr","value":1.8,"estimate":"q5","season":"JJA"},{"bfs_id":3953,"rcp":"RCP8.5","period":"2085","key":"pr","value":2.1,"estimate":"q5","season":"SON"},{"bfs_id":3953,"rcp":"RCP8.5","period":"2085","key":"pr","value":2.9,"estimate":"q50","season":"DJF"},{"bfs_id":3953,"rcp":"RCP8.5","period":"2085","key":"pr","value":3.2,"estimate":"q50","season":"MAM"},{"bfs_id":3953,"rcp":"RCP8.5","period":"2085","key":"pr","value":3.2,"estimate":"q50","season":"JJA"},{"bfs_id":3953,"rcp":"RCP8.5","period":"2085","key":"pr","value":2.8,"estimate":"q50","season":"SON"},{"bfs_id":3953,"rcp":"RCP8.5","period":"2085","key":"pr","value":3.4,"estimate":"q95","season":"DJF"},{"bfs_id":3953,"rcp":"RCP8.5","period":"2085","key":"pr","value":3.7,"estimate":"q95","season":"MAM"},{"bfs_id":3953,"rcp":"RCP8.5","period":"2085","key":"pr","value":3.8,"estimate":"q95","season":"JJA"},{"bfs_id":3953,"rcp":"RCP8.5","period":"2085","key":"pr","value":3.5,"estimate":"q95","season":"SON"},{"bfs_id":3953,"rcp":"RCP2.6","period":"2035","key":"tas","value":1.9,"estimate":"q5","season":"DJF"},{"bfs_id":3953,"rcp":"RCP2.6","period":"2035","key":"tas","value":10,"estimate":"q5","season":"MAM"},{"bfs_id":3953,"rcp":"RCP2.6","period":"2035","key":"tas","value":19.1,"estimate":"q5","season":"JJA"},{"bfs_id":3953,"rcp":"RCP2.6","period":"2035","key":"tas","value":11.1,"estimate":"q5","season":"SON"},{"bfs_id":3953,"rcp":"RCP2.6","period":"2035","key":"tas","value":2.5,"estimate":"q50","season":"DJF"},{"bfs_id":3953,"rcp":"RCP2.6","period":"2035","key":"tas","value":10.6,"estimate":"q50","season":"MAM"},{"bfs_id":3953,"rcp":"RCP2.6","period":"2035","key":"tas","value":19.9,"estimate":"q50","season":"JJA"},{"bfs_id":3953,"rcp":"RCP2.6","period":"2035","key":"tas","value":11.5,"estimate":"q50","season":"SON"},{"bfs_id":3953,"rcp":"RCP2.6","period":"2035","key":"tas","value":3.1,"estimate":"q95","season":"DJF"},{"bfs_id":3953,"rcp":"RCP2.6","period":"2035","key":"tas","value":11,"estimate":"q95","season":"MAM"},{"bfs_id":3953,"rcp":"RCP2.6","period":"2035","key":"tas","value":20.9,"estimate":"q95","season":"JJA"},{"bfs_id":3953,"rcp":"RCP2.6","period":"2035","key":"tas","value":12.5,"estimate":"q95","season":"SON"},{"bfs_id":3953,"rcp":"RCP2.6","period":"2060","key":"tas","value":1.8,"estimate":"q5","season":"DJF"},{"bfs_id":3953,"rcp":"RCP2.6","period":"2060","key":"tas","value":9.8,"estimate":"q5","season":"MAM"},{"bfs_id":3953,"rcp":"RCP2.6","period":"2060","key":"tas","value":19.3,"estimate":"q5","season":"JJA"},{"bfs_id":3953,"rcp":"RCP2.6","period":"2060","key":"tas","value":11.4,"estimate":"q5","season":"SON"},{"bfs_id":3953,"rcp":"RCP2.6","period":"2060","key":"tas","value":2.8,"estimate":"q50","season":"DJF"},{"bfs_id":3953,"rcp":"RCP2.6","period":"2060","key":"tas","value":10.6,"estimate":"q50","season":"MAM"},{"bfs_id":3953,"rcp":"RCP2.6","period":"2060","key":"tas","value":19.9,"estimate":"q50","season":"JJA"},{"bfs_id":3953,"rcp":"RCP2.6","period":"2060","key":"tas","value":11.8,"estimate":"q50","season":"SON"},{"bfs_id":3953,"rcp":"RCP2.6","period":"2060","key":"tas","value":3.4,"estimate":"q95","season":"DJF"},{"bfs_id":3953,"rcp":"RCP2.6","period":"2060","key":"tas","value":11.2,"estimate":"q95","season":"MAM"},{"bfs_id":3953,"rcp":"RCP2.6","period":"2060","key":"tas","value":20.8,"estimate":"q95","season":"JJA"},{"bfs_id":3953,"rcp":"RCP2.6","period":"2060","key":"tas","value":12.8,"estimate":"q95","season":"SON"},{"bfs_id":3953,"rcp":"RCP2.6","period":"2085","key":"tas","value":2,"estimate":"q5","season":"DJF"},{"bfs_id":3953,"rcp":"RCP2.6","period":"2085","key":"tas","value":9.9,"estimate":"q5","season":"MAM"},{"bfs_id":3953,"rcp":"RCP2.6","period":"2085","key":"tas","value":19.2,"estimate":"q5","season":"JJA"},{"bfs_id":3953,"rcp":"RCP2.6","period":"2085","key":"tas","value":11.2,"estimate":"q5","season":"SON"},{"bfs_id":3953,"rcp":"RCP2.6","period":"2085","key":"tas","value":2.8,"estimate":"q50","season":"DJF"},{"bfs_id":3953,"rcp":"RCP2.6","period":"2085","key":"tas","value":10.6,"estimate":"q50","season":"MAM"},{"bfs_id":3953,"rcp":"RCP2.6","period":"2085","key":"tas","value":19.9,"estimate":"q50","season":"JJA"},{"bfs_id":3953,"rcp":"RCP2.6","period":"2085","key":"tas","value":11.8,"estimate":"q50","season":"SON"},{"bfs_id":3953,"rcp":"RCP2.6","period":"2085","key":"tas","value":3.7,"estimate":"q95","season":"DJF"},{"bfs_id":3953,"rcp":"RCP2.6","period":"2085","key":"tas","value":11.2,"estimate":"q95","season":"MAM"},{"bfs_id":3953,"rcp":"RCP2.6","period":"2085","key":"tas","value":20.7,"estimate":"q95","season":"JJA"},{"bfs_id":3953,"rcp":"RCP2.6","period":"2085","key":"tas","value":12.8,"estimate":"q95","season":"SON"},{"bfs_id":3953,"rcp":"RCP8.5","period":"2035","key":"tas","value":2,"estimate":"q5","season":"DJF"},{"bfs_id":3953,"rcp":"RCP8.5","period":"2035","key":"tas","value":10.1,"estimate":"q5","season":"MAM"},{"bfs_id":3953,"rcp":"RCP8.5","period":"2035","key":"tas","value":19.6,"estimate":"q5","season":"JJA"},{"bfs_id":3953,"rcp":"RCP8.5","period":"2035","key":"tas","value":11.5,"estimate":"q5","season":"SON"},{"bfs_id":3953,"rcp":"RCP8.5","period":"2035","key":"tas","value":3,"estimate":"q50","season":"DJF"},{"bfs_id":3953,"rcp":"RCP8.5","period":"2035","key":"tas","value":10.6,"estimate":"q50","season":"MAM"},{"bfs_id":3953,"rcp":"RCP8.5","period":"2035","key":"tas","value":20.2,"estimate":"q50","season":"JJA"},{"bfs_id":3953,"rcp":"RCP8.5","period":"2035","key":"tas","value":11.9,"estimate":"q50","season":"SON"},{"bfs_id":3953,"rcp":"RCP8.5","period":"2035","key":"tas","value":3.3,"estimate":"q95","season":"DJF"},{"bfs_id":3953,"rcp":"RCP8.5","period":"2035","key":"tas","value":11.3,"estimate":"q95","season":"MAM"},{"bfs_id":3953,"rcp":"RCP8.5","period":"2035","key":"tas","value":21.1,"estimate":"q95","season":"JJA"},{"bfs_id":3953,"rcp":"RCP8.5","period":"2035","key":"tas","value":12.8,"estimate":"q95","season":"SON"},{"bfs_id":3953,"rcp":"RCP8.5","period":"2060","key":"tas","value":3.4,"estimate":"q5","season":"DJF"},{"bfs_id":3953,"rcp":"RCP8.5","period":"2060","key":"tas","value":11.3,"estimate":"q5","season":"MAM"},{"bfs_id":3953,"rcp":"RCP8.5","period":"2060","key":"tas","value":20.7,"estimate":"q5","season":"JJA"},{"bfs_id":3953,"rcp":"RCP8.5","period":"2060","key":"tas","value":12.7,"estimate":"q5","season":"SON"},{"bfs_id":3953,"rcp":"RCP8.5","period":"2060","key":"tas","value":3.9,"estimate":"q50","season":"DJF"},{"bfs_id":3953,"rcp":"RCP8.5","period":"2060","key":"tas","value":11.9,"estimate":"q50","season":"MAM"},{"bfs_id":3953,"rcp":"RCP8.5","period":"2060","key":"tas","value":21.5,"estimate":"q50","season":"JJA"},{"bfs_id":3953,"rcp":"RCP8.5","period":"2060","key":"tas","value":13.6,"estimate":"q50","season":"SON"},{"bfs_id":3953,"rcp":"RCP8.5","period":"2060","key":"tas","value":4.6,"estimate":"q95","season":"DJF"},{"bfs_id":3953,"rcp":"RCP8.5","period":"2060","key":"tas","value":13.3,"estimate":"q95","season":"MAM"},{"bfs_id":3953,"rcp":"RCP8.5","period":"2060","key":"tas","value":23.2,"estimate":"q95","season":"JJA"},{"bfs_id":3953,"rcp":"RCP8.5","period":"2060","key":"tas","value":14.5,"estimate":"q95","season":"SON"},{"bfs_id":3953,"rcp":"RCP8.5","period":"2085","key":"tas","value":4.8,"estimate":"q5","season":"DJF"},{"bfs_id":3953,"rcp":"RCP8.5","period":"2085","key":"tas","value":12.7,"estimate":"q5","season":"MAM"},{"bfs_id":3953,"rcp":"RCP8.5","period":"2085","key":"tas","value":22.4,"estimate":"q5","season":"JJA"},{"bfs_id":3953,"rcp":"RCP8.5","period":"2085","key":"tas","value":14.1,"estimate":"q5","season":"SON"},{"bfs_id":3953,"rcp":"RCP8.5","period":"2085","key":"tas","value":6.1,"estimate":"q50","season":"DJF"},{"bfs_id":3953,"rcp":"RCP8.5","period":"2085","key":"tas","value":13.5,"estimate":"q50","season":"MAM"},{"bfs_id":3953,"rcp":"RCP8.5","period":"2085","key":"tas","value":23.5,"estimate":"q50","season":"JJA"},{"bfs_id":3953,"rcp":"RCP8.5","period":"2085","key":"tas","value":14.9,"estimate":"q50","season":"SON"},{"bfs_id":3953,"rcp":"RCP8.5","period":"2085","key":"tas","value":6.8,"estimate":"q95","season":"DJF"},{"bfs_id":3953,"rcp":"RCP8.5","period":"2085","key":"tas","value":15.4,"estimate":"q95","season":"MAM"},{"bfs_id":3953,"rcp":"RCP8.5","period":"2085","key":"tas","value":26.1,"estimate":"q95","season":"JJA"},{"bfs_id":3953,"rcp":"RCP8.5","period":"2085","key":"tas","value":16.8,"estimate":"q95","season":"SON"},{"bfs_id":3953,"rcp":"obs","period":"1981-2010","key":"FD","value":81,"estimate":"yearly_mean"},{"bfs_id":3953,"rcp":"obs","period":"1981-2010","key":"HD","value":7.5,"estimate":"yearly_mean"},{"bfs_id":3953,"rcp":"obs","period":"1981-2010","key":"ID","value":18.7,"estimate":"yearly_mean"},{"bfs_id":3953,"rcp":"obs","period":"1981-2010","key":"SD","value":48.2,"estimate":"yearly_mean"},{"bfs_id":3953,"rcp":"obs","period":"1981-2010","key":"snowdays","value":17.4,"estimate":"yearly_mean"},{"bfs_id":3953,"rcp":"obs","period":"1981-2010","key":"TN","value":1.8,"estimate":"yearly_mean"},{"bfs_id":3953,"rcp":"obs","period":"1981-2010","key":"pr","value":2.3,"estimate":"mean","season":"DJF"},{"bfs_id":3953,"rcp":"obs","period":"1981-2010","key":"pr","value":2.6,"estimate":"mean","season":"MAM"},{"bfs_id":3953,"rcp":"obs","period":"1981-2010","key":"pr","value":4,"estimate":"mean","season":"JJA"},{"bfs_id":3953,"rcp":"obs","period":"1981-2010","key":"pr","value":2.7,"estimate":"mean","season":"SON"},{"bfs_id":3953,"rcp":"obs","period":"1981-2010","key":"tas","value":1.2,"estimate":"mean","season":"DJF"},{"bfs_id":3953,"rcp":"obs","period":"1981-2010","key":"tas","value":10.1,"estimate":"mean","season":"MAM"},{"bfs_id":3953,"rcp":"obs","period":"1981-2010","key":"tas","value":18.3,"estimate":"mean","season":"JJA"},{"bfs_id":3953,"rcp":"obs","period":"1981-2010","key":"tas","value":10.5,"estimate":"mean","season":"SON"}]
