[{"bfs_id":5761,"rcp":"RCP2.6","period":"2035","key":"FD","value":59.8,"estimate":"q5"},{"bfs_id":5761,"rcp":"RCP2.6","period":"2035","key":"FD","value":70.3,"estimate":"q50"},{"bfs_id":5761,"rcp":"RCP2.6","period":"2035","key":"FD","value":76.6,"estimate":"q95"},{"bfs_id":5761,"rcp":"RCP2.6","period":"2060","key":"FD","value":55.3,"estimate":"q5"},{"bfs_id":5761,"rcp":"RCP2.6","period":"2060","key":"FD","value":67.1,"estimate":"q50"},{"bfs_id":5761,"rcp":"RCP2.6","period":"2060","key":"FD","value":73.6,"estimate":"q95"},{"bfs_id":5761,"rcp":"RCP2.6","period":"2085","key":"FD","value":55.3,"estimate":"q5"},{"bfs_id":5761,"rcp":"RCP2.6","period":"2085","key":"FD","value":67.2,"estimate":"q50"},{"bfs_id":5761,"rcp":"RCP2.6","period":"2085","key":"FD","value":75.1,"estimate":"q95"},{"bfs_id":5761,"rcp":"RCP8.5","period":"2035","key":"FD","value":56.5,"estimate":"q5"},{"bfs_id":5761,"rcp":"RCP8.5","period":"2035","key":"FD","value":67.3,"estimate":"q50"},{"bfs_id":5761,"rcp":"RCP8.5","period":"2035","key":"FD","value":72,"estimate":"q95"},{"bfs_id":5761,"rcp":"RCP8.5","period":"2060","key":"FD","value":42.8,"estimate":"q5"},{"bfs_id":5761,"rcp":"RCP8.5","period":"2060","key":"FD","value":51.3,"estimate":"q50"},{"bfs_id":5761,"rcp":"RCP8.5","period":"2060","key":"FD","value":59.7,"estimate":"q95"},{"bfs_id":5761,"rcp":"RCP8.5","period":"2085","key":"FD","value":25.7,"estimate":"q5"},{"bfs_id":5761,"rcp":"RCP8.5","period":"2085","key":"FD","value":31.3,"estimate":"q50"},{"bfs_id":5761,"rcp":"RCP8.5","period":"2085","key":"FD","value":43.9,"estimate":"q95"},{"bfs_id":5761,"rcp":"RCP2.6","period":"2035","key":"HD","value":4.5,"estimate":"q5"},{"bfs_id":5761,"rcp":"RCP2.6","period":"2035","key":"HD","value":7.6,"estimate":"q50"},{"bfs_id":5761,"rcp":"RCP2.6","period":"2035","key":"HD","value":11.2,"estimate":"q95"},{"bfs_id":5761,"rcp":"RCP2.6","period":"2060","key":"HD","value":5,"estimate":"q5"},{"bfs_id":5761,"rcp":"RCP2.6","period":"2060","key":"HD","value":7.7,"estimate":"q50"},{"bfs_id":5761,"rcp":"RCP2.6","period":"2060","key":"HD","value":13.7,"estimate":"q95"},{"bfs_id":5761,"rcp":"RCP2.6","period":"2085","key":"HD","value":5,"estimate":"q5"},{"bfs_id":5761,"rcp":"RCP2.6","period":"2085","key":"HD","value":6.6,"estimate":"q50"},{"bfs_id":5761,"rcp":"RCP2.6","period":"2085","key":"HD","value":13,"estimate":"q95"},{"bfs_id":5761,"rcp":"RCP8.5","period":"2035","key":"HD","value":5.6,"estimate":"q5"},{"bfs_id":5761,"rcp":"RCP8.5","period":"2035","key":"HD","value":7.4,"estimate":"q50"},{"bfs_id":5761,"rcp":"RCP8.5","period":"2035","key":"HD","value":12.3,"estimate":"q95"},{"bfs_id":5761,"rcp":"RCP8.5","period":"2060","key":"HD","value":9.8,"estimate":"q5"},{"bfs_id":5761,"rcp":"RCP8.5","period":"2060","key":"HD","value":14.2,"estimate":"q50"},{"bfs_id":5761,"rcp":"RCP8.5","period":"2060","key":"HD","value":27,"estimate":"q95"},{"bfs_id":5761,"rcp":"RCP8.5","period":"2085","key":"HD","value":20,"estimate":"q5"},{"bfs_id":5761,"rcp":"RCP8.5","period":"2085","key":"HD","value":28.8,"estimate":"q50"},{"bfs_id":5761,"rcp":"RCP8.5","period":"2085","key":"HD","value":48.7,"estimate":"q95"},{"bfs_id":5761,"rcp":"RCP2.6","period":"2035","key":"ID","value":11,"estimate":"q5"},{"bfs_id":5761,"rcp":"RCP2.6","period":"2035","key":"ID","value":14.4,"estimate":"q50"},{"bfs_id":5761,"rcp":"RCP2.6","period":"2035","key":"ID","value":16.8,"estimate":"q95"},{"bfs_id":5761,"rcp":"RCP2.6","period":"2060","key":"ID","value":10.4,"estimate":"q5"},{"bfs_id":5761,"rcp":"RCP2.6","period":"2060","key":"ID","value":14.2,"estimate":"q50"},{"bfs_id":5761,"rcp":"RCP2.6","period":"2060","key":"ID","value":16.1,"estimate":"q95"},{"bfs_id":5761,"rcp":"RCP2.6","period":"2085","key":"ID","value":10.2,"estimate":"q5"},{"bfs_id":5761,"rcp":"RCP2.6","period":"2085","key":"ID","value":14,"estimate":"q50"},{"bfs_id":5761,"rcp":"RCP2.6","period":"2085","key":"ID","value":17,"estimate":"q95"},{"bfs_id":5761,"rcp":"RCP8.5","period":"2035","key":"ID","value":10.1,"estimate":"q5"},{"bfs_id":5761,"rcp":"RCP8.5","period":"2035","key":"ID","value":13.7,"estimate":"q50"},{"bfs_id":5761,"rcp":"RCP8.5","period":"2035","key":"ID","value":16.4,"estimate":"q95"},{"bfs_id":5761,"rcp":"RCP8.5","period":"2060","key":"ID","value":6.8,"estimate":"q5"},{"bfs_id":5761,"rcp":"RCP8.5","period":"2060","key":"ID","value":9.3,"estimate":"q50"},{"bfs_id":5761,"rcp":"RCP8.5","period":"2060","key":"ID","value":11.6,"estimate":"q95"},{"bfs_id":5761,"rcp":"RCP8.5","period":"2085","key":"ID","value":2.4,"estimate":"q5"},{"bfs_id":5761,"rcp":"RCP8.5","period":"2085","key":"ID","value":4.4,"estimate":"q50"},{"bfs_id":5761,"rcp":"RCP8.5","period":"2085","key":"ID","value":6.6,"estimate":"q95"},{"bfs_id":5761,"rcp":"RCP2.6","period":"2035","key":"SD","value":36.6,"estimate":"q5"},{"bfs_id":5761,"rcp":"RCP2.6","period":"2035","key":"SD","value":43.1,"estimate":"q50"},{"bfs_id":5761,"rcp":"RCP2.6","period":"2035","key":"SD","value":48.7,"estimate":"q95"},{"bfs_id":5761,"rcp":"RCP2.6","period":"2060","key":"SD","value":38.3,"estimate":"q5"},{"bfs_id":5761,"rcp":"RCP2.6","period":"2060","key":"SD","value":43.9,"estimate":"q50"},{"bfs_id":5761,"rcp":"RCP2.6","period":"2060","key":"SD","value":50.3,"estimate":"q95"},{"bfs_id":5761,"rcp":"RCP2.6","period":"2085","key":"SD","value":37.9,"estimate":"q5"},{"bfs_id":5761,"rcp":"RCP2.6","period":"2085","key":"SD","value":43.3,"estimate":"q50"},{"bfs_id":5761,"rcp":"RCP2.6","period":"2085","key":"SD","value":49.9,"estimate":"q95"},{"bfs_id":5761,"rcp":"RCP8.5","period":"2035","key":"SD","value":40.6,"estimate":"q5"},{"bfs_id":5761,"rcp":"RCP8.5","period":"2035","key":"SD","value":44.9,"estimate":"q50"},{"bfs_id":5761,"rcp":"RCP8.5","period":"2035","key":"SD","value":51,"estimate":"q95"},{"bfs_id":5761,"rcp":"RCP8.5","period":"2060","key":"SD","value":53.4,"estimate":"q5"},{"bfs_id":5761,"rcp":"RCP8.5","period":"2060","key":"SD","value":59.6,"estimate":"q50"},{"bfs_id":5761,"rcp":"RCP8.5","period":"2060","key":"SD","value":75.2,"estimate":"q95"},{"bfs_id":5761,"rcp":"RCP8.5","period":"2085","key":"SD","value":69.8,"estimate":"q5"},{"bfs_id":5761,"rcp":"RCP8.5","period":"2085","key":"SD","value":79.9,"estimate":"q50"},{"bfs_id":5761,"rcp":"RCP8.5","period":"2085","key":"SD","value":100.6,"estimate":"q95"},{"bfs_id":5761,"rcp":"RCP2.6","period":"2035","key":"snowdays","value":14,"estimate":"q5"},{"bfs_id":5761,"rcp":"RCP2.6","period":"2035","key":"snowdays","value":18.9,"estimate":"q50"},{"bfs_id":5761,"rcp":"RCP2.6","period":"2035","key":"snowdays","value":22.2,"estimate":"q95"},{"bfs_id":5761,"rcp":"RCP2.6","period":"2060","key":"snowdays","value":12.4,"estimate":"q5"},{"bfs_id":5761,"rcp":"RCP2.6","period":"2060","key":"snowdays","value":17.2,"estimate":"q50"},{"bfs_id":5761,"rcp":"RCP2.6","period":"2060","key":"snowdays","value":21.9,"estimate":"q95"},{"bfs_id":5761,"rcp":"RCP2.6","period":"2085","key":"snowdays","value":12.3,"estimate":"q5"},{"bfs_id":5761,"rcp":"RCP2.6","period":"2085","key":"snowdays","value":17.2,"estimate":"q50"},{"bfs_id":5761,"rcp":"RCP2.6","period":"2085","key":"snowdays","value":22.6,"estimate":"q95"},{"bfs_id":5761,"rcp":"RCP8.5","period":"2035","key":"snowdays","value":11.2,"estimate":"q5"},{"bfs_id":5761,"rcp":"RCP8.5","period":"2035","key":"snowdays","value":17.4,"estimate":"q50"},{"bfs_id":5761,"rcp":"RCP8.5","period":"2035","key":"snowdays","value":21.3,"estimate":"q95"},{"bfs_id":5761,"rcp":"RCP8.5","period":"2060","key":"snowdays","value":7.7,"estimate":"q5"},{"bfs_id":5761,"rcp":"RCP8.5","period":"2060","key":"snowdays","value":12.4,"estimate":"q50"},{"bfs_id":5761,"rcp":"RCP8.5","period":"2060","key":"snowdays","value":15.7,"estimate":"q95"},{"bfs_id":5761,"rcp":"RCP8.5","period":"2085","key":"snowdays","value":3.4,"estimate":"q5"},{"bfs_id":5761,"rcp":"RCP8.5","period":"2085","key":"snowdays","value":7.2,"estimate":"q50"},{"bfs_id":5761,"rcp":"RCP8.5","period":"2085","key":"snowdays","value":11,"estimate":"q95"},{"bfs_id":5761,"rcp":"RCP2.6","period":"2035","key":"TN","value":0.2,"estimate":"q5"},{"bfs_id":5761,"rcp":"RCP2.6","period":"2035","key":"TN","value":0.8,"estimate":"q50"},{"bfs_id":5761,"rcp":"RCP2.6","period":"2035","key":"TN","value":1.2,"estimate":"q95"},{"bfs_id":5761,"rcp":"RCP2.6","period":"2060","key":"TN","value":0.4,"estimate":"q5"},{"bfs_id":5761,"rcp":"RCP2.6","period":"2060","key":"TN","value":0.8,"estimate":"q50"},{"bfs_id":5761,"rcp":"RCP2.6","period":"2060","key":"TN","value":1.8,"estimate":"q95"},{"bfs_id":5761,"rcp":"RCP2.6","period":"2085","key":"TN","value":0.3,"estimate":"q5"},{"bfs_id":5761,"rcp":"RCP2.6","period":"2085","key":"TN","value":0.9,"estimate":"q50"},{"bfs_id":5761,"rcp":"RCP2.6","period":"2085","key":"TN","value":1.7,"estimate":"q95"},{"bfs_id":5761,"rcp":"RCP8.5","period":"2035","key":"TN","value":0.5,"estimate":"q5"},{"bfs_id":5761,"rcp":"RCP8.5","period":"2035","key":"TN","value":1,"estimate":"q50"},{"bfs_id":5761,"rcp":"RCP8.5","period":"2035","key":"TN","value":3.2,"estimate":"q95"},{"bfs_id":5761,"rcp":"RCP8.5","period":"2060","key":"TN","value":2.3,"estimate":"q5"},{"bfs_id":5761,"rcp":"RCP8.5","period":"2060","key":"TN","value":4.6,"estimate":"q50"},{"bfs_id":5761,"rcp":"RCP8.5","period":"2060","key":"TN","value":8.4,"estimate":"q95"},{"bfs_id":5761,"rcp":"RCP8.5","period":"2085","key":"TN","value":7.1,"estimate":"q5"},{"bfs_id":5761,"rcp":"RCP8.5","period":"2085","key":"TN","value":11.6,"estimate":"q50"},{"bfs_id":5761,"rcp":"RCP8.5","period":"2085","key":"TN","value":29.6,"estimate":"q95"},{"bfs_id":5761,"rcp":"RCP2.6","period":"2035","key":"pr","value":3.3,"estimate":"q5","season":"DJF"},{"bfs_id":5761,"rcp":"RCP2.6","period":"2035","key":"pr","value":2.9,"estimate":"q5","season":"MAM"},{"bfs_id":5761,"rcp":"RCP2.6","period":"2035","key":"pr","value":2.7,"estimate":"q5","season":"JJA"},{"bfs_id":5761,"rcp":"RCP2.6","period":"2035","key":"pr","value":3.2,"estimate":"q5","season":"SON"},{"bfs_id":5761,"rcp":"RCP2.6","period":"2035","key":"pr","value":3.9,"estimate":"q50","season":"DJF"},{"bfs_id":5761,"rcp":"RCP2.6","period":"2035","key":"pr","value":3.4,"estimate":"q50","season":"MAM"},{"bfs_id":5761,"rcp":"RCP2.6","period":"2035","key":"pr","value":3.1,"estimate":"q50","season":"JJA"},{"bfs_id":5761,"rcp":"RCP2.6","period":"2035","key":"pr","value":3.5,"estimate":"q50","season":"SON"},{"bfs_id":5761,"rcp":"RCP2.6","period":"2035","key":"pr","value":4.5,"estimate":"q95","season":"DJF"},{"bfs_id":5761,"rcp":"RCP2.6","period":"2035","key":"pr","value":3.7,"estimate":"q95","season":"MAM"},{"bfs_id":5761,"rcp":"RCP2.6","period":"2035","key":"pr","value":3.5,"estimate":"q95","season":"JJA"},{"bfs_id":5761,"rcp":"RCP2.6","period":"2035","key":"pr","value":4,"estimate":"q95","season":"SON"},{"bfs_id":5761,"rcp":"RCP2.6","period":"2060","key":"pr","value":3.5,"estimate":"q5","season":"DJF"},{"bfs_id":5761,"rcp":"RCP2.6","period":"2060","key":"pr","value":3.1,"estimate":"q5","season":"MAM"},{"bfs_id":5761,"rcp":"RCP2.6","period":"2060","key":"pr","value":2.6,"estimate":"q5","season":"JJA"},{"bfs_id":5761,"rcp":"RCP2.6","period":"2060","key":"pr","value":3.3,"estimate":"q5","season":"SON"},{"bfs_id":5761,"rcp":"RCP2.6","period":"2060","key":"pr","value":4,"estimate":"q50","season":"DJF"},{"bfs_id":5761,"rcp":"RCP2.6","period":"2060","key":"pr","value":3.4,"estimate":"q50","season":"MAM"},{"bfs_id":5761,"rcp":"RCP2.6","period":"2060","key":"pr","value":3,"estimate":"q50","season":"JJA"},{"bfs_id":5761,"rcp":"RCP2.6","period":"2060","key":"pr","value":3.5,"estimate":"q50","season":"SON"},{"bfs_id":5761,"rcp":"RCP2.6","period":"2060","key":"pr","value":4.3,"estimate":"q95","season":"DJF"},{"bfs_id":5761,"rcp":"RCP2.6","period":"2060","key":"pr","value":3.8,"estimate":"q95","season":"MAM"},{"bfs_id":5761,"rcp":"RCP2.6","period":"2060","key":"pr","value":3.5,"estimate":"q95","season":"JJA"},{"bfs_id":5761,"rcp":"RCP2.6","period":"2060","key":"pr","value":3.8,"estimate":"q95","season":"SON"},{"bfs_id":5761,"rcp":"RCP2.6","period":"2085","key":"pr","value":3.4,"estimate":"q5","season":"DJF"},{"bfs_id":5761,"rcp":"RCP2.6","period":"2085","key":"pr","value":3.1,"estimate":"q5","season":"MAM"},{"bfs_id":5761,"rcp":"RCP2.6","period":"2085","key":"pr","value":2.7,"estimate":"q5","season":"JJA"},{"bfs_id":5761,"rcp":"RCP2.6","period":"2085","key":"pr","value":3.1,"estimate":"q5","season":"SON"},{"bfs_id":5761,"rcp":"RCP2.6","period":"2085","key":"pr","value":3.9,"estimate":"q50","season":"DJF"},{"bfs_id":5761,"rcp":"RCP2.6","period":"2085","key":"pr","value":3.4,"estimate":"q50","season":"MAM"},{"bfs_id":5761,"rcp":"RCP2.6","period":"2085","key":"pr","value":3.2,"estimate":"q50","season":"JJA"},{"bfs_id":5761,"rcp":"RCP2.6","period":"2085","key":"pr","value":3.5,"estimate":"q50","season":"SON"},{"bfs_id":5761,"rcp":"RCP2.6","period":"2085","key":"pr","value":4.4,"estimate":"q95","season":"DJF"},{"bfs_id":5761,"rcp":"RCP2.6","period":"2085","key":"pr","value":3.8,"estimate":"q95","season":"MAM"},{"bfs_id":5761,"rcp":"RCP2.6","period":"2085","key":"pr","value":3.5,"estimate":"q95","season":"JJA"},{"bfs_id":5761,"rcp":"RCP2.6","period":"2085","key":"pr","value":4,"estimate":"q95","season":"SON"},{"bfs_id":5761,"rcp":"RCP8.5","period":"2035","key":"pr","value":3.6,"estimate":"q5","season":"DJF"},{"bfs_id":5761,"rcp":"RCP8.5","period":"2035","key":"pr","value":3.1,"estimate":"q5","season":"MAM"},{"bfs_id":5761,"rcp":"RCP8.5","period":"2035","key":"pr","value":2.5,"estimate":"q5","season":"JJA"},{"bfs_id":5761,"rcp":"RCP8.5","period":"2035","key":"pr","value":3.1,"estimate":"q5","season":"SON"},{"bfs_id":5761,"rcp":"RCP8.5","period":"2035","key":"pr","value":4.1,"estimate":"q50","season":"DJF"},{"bfs_id":5761,"rcp":"RCP8.5","period":"2035","key":"pr","value":3.6,"estimate":"q50","season":"MAM"},{"bfs_id":5761,"rcp":"RCP8.5","period":"2035","key":"pr","value":3.1,"estimate":"q50","season":"JJA"},{"bfs_id":5761,"rcp":"RCP8.5","period":"2035","key":"pr","value":3.6,"estimate":"q50","season":"SON"},{"bfs_id":5761,"rcp":"RCP8.5","period":"2035","key":"pr","value":4.4,"estimate":"q95","season":"DJF"},{"bfs_id":5761,"rcp":"RCP8.5","period":"2035","key":"pr","value":3.7,"estimate":"q95","season":"MAM"},{"bfs_id":5761,"rcp":"RCP8.5","period":"2035","key":"pr","value":3.5,"estimate":"q95","season":"JJA"},{"bfs_id":5761,"rcp":"RCP8.5","period":"2035","key":"pr","value":4,"estimate":"q95","season":"SON"},{"bfs_id":5761,"rcp":"RCP8.5","period":"2060","key":"pr","value":3.7,"estimate":"q5","season":"DJF"},{"bfs_id":5761,"rcp":"RCP8.5","period":"2060","key":"pr","value":3.2,"estimate":"q5","season":"MAM"},{"bfs_id":5761,"rcp":"RCP8.5","period":"2060","key":"pr","value":2.2,"estimate":"q5","season":"JJA"},{"bfs_id":5761,"rcp":"RCP8.5","period":"2060","key":"pr","value":3.2,"estimate":"q5","season":"SON"},{"bfs_id":5761,"rcp":"RCP8.5","period":"2060","key":"pr","value":4,"estimate":"q50","season":"DJF"},{"bfs_id":5761,"rcp":"RCP8.5","period":"2060","key":"pr","value":3.6,"estimate":"q50","season":"MAM"},{"bfs_id":5761,"rcp":"RCP8.5","period":"2060","key":"pr","value":2.9,"estimate":"q50","season":"JJA"},{"bfs_id":5761,"rcp":"RCP8.5","period":"2060","key":"pr","value":3.6,"estimate":"q50","season":"SON"},{"bfs_id":5761,"rcp":"RCP8.5","period":"2060","key":"pr","value":4.6,"estimate":"q95","season":"DJF"},{"bfs_id":5761,"rcp":"RCP8.5","period":"2060","key":"pr","value":3.9,"estimate":"q95","season":"MAM"},{"bfs_id":5761,"rcp":"RCP8.5","period":"2060","key":"pr","value":3.4,"estimate":"q95","season":"JJA"},{"bfs_id":5761,"rcp":"RCP8.5","period":"2060","key":"pr","value":3.9,"estimate":"q95","season":"SON"},{"bfs_id":5761,"rcp":"RCP8.5","period":"2085","key":"pr","value":3.9,"estimate":"q5","season":"DJF"},{"bfs_id":5761,"rcp":"RCP8.5","period":"2085","key":"pr","value":3.2,"estimate":"q5","season":"MAM"},{"bfs_id":5761,"rcp":"RCP8.5","period":"2085","key":"pr","value":1.8,"estimate":"q5","season":"JJA"},{"bfs_id":5761,"rcp":"RCP8.5","period":"2085","key":"pr","value":2.9,"estimate":"q5","season":"SON"},{"bfs_id":5761,"rcp":"RCP8.5","period":"2085","key":"pr","value":4.5,"estimate":"q50","season":"DJF"},{"bfs_id":5761,"rcp":"RCP8.5","period":"2085","key":"pr","value":3.7,"estimate":"q50","season":"MAM"},{"bfs_id":5761,"rcp":"RCP8.5","period":"2085","key":"pr","value":2.5,"estimate":"q50","season":"JJA"},{"bfs_id":5761,"rcp":"RCP8.5","period":"2085","key":"pr","value":3.5,"estimate":"q50","season":"SON"},{"bfs_id":5761,"rcp":"RCP8.5","period":"2085","key":"pr","value":5.1,"estimate":"q95","season":"DJF"},{"bfs_id":5761,"rcp":"RCP8.5","period":"2085","key":"pr","value":4.2,"estimate":"q95","season":"MAM"},{"bfs_id":5761,"rcp":"RCP8.5","period":"2085","key":"pr","value":3.3,"estimate":"q95","season":"JJA"},{"bfs_id":5761,"rcp":"RCP8.5","period":"2085","key":"pr","value":4.2,"estimate":"q95","season":"SON"},{"bfs_id":5761,"rcp":"RCP2.6","period":"2035","key":"tas","value":1.7,"estimate":"q5","season":"DJF"},{"bfs_id":5761,"rcp":"RCP2.6","period":"2035","key":"tas","value":8.5,"estimate":"q5","season":"MAM"},{"bfs_id":5761,"rcp":"RCP2.6","period":"2035","key":"tas","value":17.7,"estimate":"q5","season":"JJA"},{"bfs_id":5761,"rcp":"RCP2.6","period":"2035","key":"tas","value":10,"estimate":"q5","season":"SON"},{"bfs_id":5761,"rcp":"RCP2.6","period":"2035","key":"tas","value":2.1,"estimate":"q50","season":"DJF"},{"bfs_id":5761,"rcp":"RCP2.6","period":"2035","key":"tas","value":9.1,"estimate":"q50","season":"MAM"},{"bfs_id":5761,"rcp":"RCP2.6","period":"2035","key":"tas","value":18.3,"estimate":"q50","season":"JJA"},{"bfs_id":5761,"rcp":"RCP2.6","period":"2035","key":"tas","value":10.3,"estimate":"q50","season":"SON"},{"bfs_id":5761,"rcp":"RCP2.6","period":"2035","key":"tas","value":2.7,"estimate":"q95","season":"DJF"},{"bfs_id":5761,"rcp":"RCP2.6","period":"2035","key":"tas","value":9.3,"estimate":"q95","season":"MAM"},{"bfs_id":5761,"rcp":"RCP2.6","period":"2035","key":"tas","value":19,"estimate":"q95","season":"JJA"},{"bfs_id":5761,"rcp":"RCP2.6","period":"2035","key":"tas","value":11.1,"estimate":"q95","season":"SON"},{"bfs_id":5761,"rcp":"RCP2.6","period":"2060","key":"tas","value":1.6,"estimate":"q5","season":"DJF"},{"bfs_id":5761,"rcp":"RCP2.6","period":"2060","key":"tas","value":8.4,"estimate":"q5","season":"MAM"},{"bfs_id":5761,"rcp":"RCP2.6","period":"2060","key":"tas","value":17.9,"estimate":"q5","season":"JJA"},{"bfs_id":5761,"rcp":"RCP2.6","period":"2060","key":"tas","value":10.2,"estimate":"q5","season":"SON"},{"bfs_id":5761,"rcp":"RCP2.6","period":"2060","key":"tas","value":2.4,"estimate":"q50","season":"DJF"},{"bfs_id":5761,"rcp":"RCP2.6","period":"2060","key":"tas","value":9.1,"estimate":"q50","season":"MAM"},{"bfs_id":5761,"rcp":"RCP2.6","period":"2060","key":"tas","value":18.4,"estimate":"q50","season":"JJA"},{"bfs_id":5761,"rcp":"RCP2.6","period":"2060","key":"tas","value":10.6,"estimate":"q50","season":"SON"},{"bfs_id":5761,"rcp":"RCP2.6","period":"2060","key":"tas","value":2.9,"estimate":"q95","season":"DJF"},{"bfs_id":5761,"rcp":"RCP2.6","period":"2060","key":"tas","value":9.6,"estimate":"q95","season":"MAM"},{"bfs_id":5761,"rcp":"RCP2.6","period":"2060","key":"tas","value":19.1,"estimate":"q95","season":"JJA"},{"bfs_id":5761,"rcp":"RCP2.6","period":"2060","key":"tas","value":11.6,"estimate":"q95","season":"SON"},{"bfs_id":5761,"rcp":"RCP2.6","period":"2085","key":"tas","value":1.7,"estimate":"q5","season":"DJF"},{"bfs_id":5761,"rcp":"RCP2.6","period":"2085","key":"tas","value":8.4,"estimate":"q5","season":"MAM"},{"bfs_id":5761,"rcp":"RCP2.6","period":"2085","key":"tas","value":17.9,"estimate":"q5","season":"JJA"},{"bfs_id":5761,"rcp":"RCP2.6","period":"2085","key":"tas","value":10,"estimate":"q5","season":"SON"},{"bfs_id":5761,"rcp":"RCP2.6","period":"2085","key":"tas","value":2.2,"estimate":"q50","season":"DJF"},{"bfs_id":5761,"rcp":"RCP2.6","period":"2085","key":"tas","value":9.2,"estimate":"q50","season":"MAM"},{"bfs_id":5761,"rcp":"RCP2.6","period":"2085","key":"tas","value":18.4,"estimate":"q50","season":"JJA"},{"bfs_id":5761,"rcp":"RCP2.6","period":"2085","key":"tas","value":10.6,"estimate":"q50","season":"SON"},{"bfs_id":5761,"rcp":"RCP2.6","period":"2085","key":"tas","value":3,"estimate":"q95","season":"DJF"},{"bfs_id":5761,"rcp":"RCP2.6","period":"2085","key":"tas","value":9.7,"estimate":"q95","season":"MAM"},{"bfs_id":5761,"rcp":"RCP2.6","period":"2085","key":"tas","value":19.1,"estimate":"q95","season":"JJA"},{"bfs_id":5761,"rcp":"RCP2.6","period":"2085","key":"tas","value":11.5,"estimate":"q95","season":"SON"},{"bfs_id":5761,"rcp":"RCP8.5","period":"2035","key":"tas","value":1.7,"estimate":"q5","season":"DJF"},{"bfs_id":5761,"rcp":"RCP8.5","period":"2035","key":"tas","value":8.7,"estimate":"q5","season":"MAM"},{"bfs_id":5761,"rcp":"RCP8.5","period":"2035","key":"tas","value":18.1,"estimate":"q5","season":"JJA"},{"bfs_id":5761,"rcp":"RCP8.5","period":"2035","key":"tas","value":10.2,"estimate":"q5","season":"SON"},{"bfs_id":5761,"rcp":"RCP8.5","period":"2035","key":"tas","value":2.4,"estimate":"q50","season":"DJF"},{"bfs_id":5761,"rcp":"RCP8.5","period":"2035","key":"tas","value":9.1,"estimate":"q50","season":"MAM"},{"bfs_id":5761,"rcp":"RCP8.5","period":"2035","key":"tas","value":18.6,"estimate":"q50","season":"JJA"},{"bfs_id":5761,"rcp":"RCP8.5","period":"2035","key":"tas","value":10.7,"estimate":"q50","season":"SON"},{"bfs_id":5761,"rcp":"RCP8.5","period":"2035","key":"tas","value":2.8,"estimate":"q95","season":"DJF"},{"bfs_id":5761,"rcp":"RCP8.5","period":"2035","key":"tas","value":9.5,"estimate":"q95","season":"MAM"},{"bfs_id":5761,"rcp":"RCP8.5","period":"2035","key":"tas","value":19.3,"estimate":"q95","season":"JJA"},{"bfs_id":5761,"rcp":"RCP8.5","period":"2035","key":"tas","value":11.5,"estimate":"q95","season":"SON"},{"bfs_id":5761,"rcp":"RCP8.5","period":"2060","key":"tas","value":2.9,"estimate":"q5","season":"DJF"},{"bfs_id":5761,"rcp":"RCP8.5","period":"2060","key":"tas","value":9.5,"estimate":"q5","season":"MAM"},{"bfs_id":5761,"rcp":"RCP8.5","period":"2060","key":"tas","value":19.2,"estimate":"q5","season":"JJA"},{"bfs_id":5761,"rcp":"RCP8.5","period":"2060","key":"tas","value":11.4,"estimate":"q5","season":"SON"},{"bfs_id":5761,"rcp":"RCP8.5","period":"2060","key":"tas","value":3.2,"estimate":"q50","season":"DJF"},{"bfs_id":5761,"rcp":"RCP8.5","period":"2060","key":"tas","value":10,"estimate":"q50","season":"MAM"},{"bfs_id":5761,"rcp":"RCP8.5","period":"2060","key":"tas","value":19.8,"estimate":"q50","season":"JJA"},{"bfs_id":5761,"rcp":"RCP8.5","period":"2060","key":"tas","value":12,"estimate":"q50","season":"SON"},{"bfs_id":5761,"rcp":"RCP8.5","period":"2060","key":"tas","value":3.9,"estimate":"q95","season":"DJF"},{"bfs_id":5761,"rcp":"RCP8.5","period":"2060","key":"tas","value":10.7,"estimate":"q95","season":"MAM"},{"bfs_id":5761,"rcp":"RCP8.5","period":"2060","key":"tas","value":21,"estimate":"q95","season":"JJA"},{"bfs_id":5761,"rcp":"RCP8.5","period":"2060","key":"tas","value":12.8,"estimate":"q95","season":"SON"},{"bfs_id":5761,"rcp":"RCP8.5","period":"2085","key":"tas","value":3.9,"estimate":"q5","season":"DJF"},{"bfs_id":5761,"rcp":"RCP8.5","period":"2085","key":"tas","value":10.5,"estimate":"q5","season":"MAM"},{"bfs_id":5761,"rcp":"RCP8.5","period":"2085","key":"tas","value":20.7,"estimate":"q5","season":"JJA"},{"bfs_id":5761,"rcp":"RCP8.5","period":"2085","key":"tas","value":12.5,"estimate":"q5","season":"SON"},{"bfs_id":5761,"rcp":"RCP8.5","period":"2085","key":"tas","value":5,"estimate":"q50","season":"DJF"},{"bfs_id":5761,"rcp":"RCP8.5","period":"2085","key":"tas","value":11.3,"estimate":"q50","season":"MAM"},{"bfs_id":5761,"rcp":"RCP8.5","period":"2085","key":"tas","value":21.4,"estimate":"q50","season":"JJA"},{"bfs_id":5761,"rcp":"RCP8.5","period":"2085","key":"tas","value":13.3,"estimate":"q50","season":"SON"},{"bfs_id":5761,"rcp":"RCP8.5","period":"2085","key":"tas","value":5.8,"estimate":"q95","season":"DJF"},{"bfs_id":5761,"rcp":"RCP8.5","period":"2085","key":"tas","value":12.5,"estimate":"q95","season":"MAM"},{"bfs_id":5761,"rcp":"RCP8.5","period":"2085","key":"tas","value":23.7,"estimate":"q95","season":"JJA"},{"bfs_id":5761,"rcp":"RCP8.5","period":"2085","key":"tas","value":15,"estimate":"q95","season":"SON"},{"bfs_id":5761,"rcp":"obs","period":"1981-2010","key":"FD","value":84.3,"estimate":"yearly_mean"},{"bfs_id":5761,"rcp":"obs","period":"1981-2010","key":"HD","value":3.1,"estimate":"yearly_mean"},{"bfs_id":5761,"rcp":"obs","period":"1981-2010","key":"ID","value":20.5,"estimate":"yearly_mean"},{"bfs_id":5761,"rcp":"obs","period":"1981-2010","key":"SD","value":30.6,"estimate":"yearly_mean"},{"bfs_id":5761,"rcp":"obs","period":"1981-2010","key":"snowdays","value":19.8,"estimate":"yearly_mean"},{"bfs_id":5761,"rcp":"obs","period":"1981-2010","key":"TN","value":0.1,"estimate":"yearly_mean"},{"bfs_id":5761,"rcp":"obs","period":"1981-2010","key":"pr","value":3.6,"estimate":"mean","season":"DJF"},{"bfs_id":5761,"rcp":"obs","period":"1981-2010","key":"pr","value":3.3,"estimate":"mean","season":"MAM"},{"bfs_id":5761,"rcp":"obs","period":"1981-2010","key":"pr","value":3.3,"estimate":"mean","season":"JJA"},{"bfs_id":5761,"rcp":"obs","period":"1981-2010","key":"pr","value":3.6,"estimate":"mean","season":"SON"},{"bfs_id":5761,"rcp":"obs","period":"1981-2010","key":"tas","value":1,"estimate":"mean","season":"DJF"},{"bfs_id":5761,"rcp":"obs","period":"1981-2010","key":"tas","value":8.4,"estimate":"mean","season":"MAM"},{"bfs_id":5761,"rcp":"obs","period":"1981-2010","key":"tas","value":17.2,"estimate":"mean","season":"JJA"},{"bfs_id":5761,"rcp":"obs","period":"1981-2010","key":"tas","value":9.3,"estimate":"mean","season":"SON"}]
