[{"bfs_id":5192,"rcp":"RCP2.6","period":"2035","key":"FD","value":10.9,"estimate":"q5"},{"bfs_id":5192,"rcp":"RCP2.6","period":"2035","key":"FD","value":15.4,"estimate":"q50"},{"bfs_id":5192,"rcp":"RCP2.6","period":"2035","key":"FD","value":23.6,"estimate":"q95"},{"bfs_id":5192,"rcp":"RCP2.6","period":"2060","key":"FD","value":10.1,"estimate":"q5"},{"bfs_id":5192,"rcp":"RCP2.6","period":"2060","key":"FD","value":14.8,"estimate":"q50"},{"bfs_id":5192,"rcp":"RCP2.6","period":"2060","key":"FD","value":21.7,"estimate":"q95"},{"bfs_id":5192,"rcp":"RCP2.6","period":"2085","key":"FD","value":9.7,"estimate":"q5"},{"bfs_id":5192,"rcp":"RCP2.6","period":"2085","key":"FD","value":13.9,"estimate":"q50"},{"bfs_id":5192,"rcp":"RCP2.6","period":"2085","key":"FD","value":21.6,"estimate":"q95"},{"bfs_id":5192,"rcp":"RCP8.5","period":"2035","key":"FD","value":8.4,"estimate":"q5"},{"bfs_id":5192,"rcp":"RCP8.5","period":"2035","key":"FD","value":13.8,"estimate":"q50"},{"bfs_id":5192,"rcp":"RCP8.5","period":"2035","key":"FD","value":17.6,"estimate":"q95"},{"bfs_id":5192,"rcp":"RCP8.5","period":"2060","key":"FD","value":4.1,"estimate":"q5"},{"bfs_id":5192,"rcp":"RCP8.5","period":"2060","key":"FD","value":8.2,"estimate":"q50"},{"bfs_id":5192,"rcp":"RCP8.5","period":"2060","key":"FD","value":11.7,"estimate":"q95"},{"bfs_id":5192,"rcp":"RCP8.5","period":"2085","key":"FD","value":0.8,"estimate":"q5"},{"bfs_id":5192,"rcp":"RCP8.5","period":"2085","key":"FD","value":2.7,"estimate":"q50"},{"bfs_id":5192,"rcp":"RCP8.5","period":"2085","key":"FD","value":5.2,"estimate":"q95"},{"bfs_id":5192,"rcp":"RCP2.6","period":"2035","key":"HD","value":13.1,"estimate":"q5"},{"bfs_id":5192,"rcp":"RCP2.6","period":"2035","key":"HD","value":18.4,"estimate":"q50"},{"bfs_id":5192,"rcp":"RCP2.6","period":"2035","key":"HD","value":23.6,"estimate":"q95"},{"bfs_id":5192,"rcp":"RCP2.6","period":"2060","key":"HD","value":13.6,"estimate":"q5"},{"bfs_id":5192,"rcp":"RCP2.6","period":"2060","key":"HD","value":18.5,"estimate":"q50"},{"bfs_id":5192,"rcp":"RCP2.6","period":"2060","key":"HD","value":27.3,"estimate":"q95"},{"bfs_id":5192,"rcp":"RCP2.6","period":"2085","key":"HD","value":14.1,"estimate":"q5"},{"bfs_id":5192,"rcp":"RCP2.6","period":"2085","key":"HD","value":17.2,"estimate":"q50"},{"bfs_id":5192,"rcp":"RCP2.6","period":"2085","key":"HD","value":26.1,"estimate":"q95"},{"bfs_id":5192,"rcp":"RCP8.5","period":"2035","key":"HD","value":16.1,"estimate":"q5"},{"bfs_id":5192,"rcp":"RCP8.5","period":"2035","key":"HD","value":19.5,"estimate":"q50"},{"bfs_id":5192,"rcp":"RCP8.5","period":"2035","key":"HD","value":28.3,"estimate":"q95"},{"bfs_id":5192,"rcp":"RCP8.5","period":"2060","key":"HD","value":25.8,"estimate":"q5"},{"bfs_id":5192,"rcp":"RCP8.5","period":"2060","key":"HD","value":35,"estimate":"q50"},{"bfs_id":5192,"rcp":"RCP8.5","period":"2060","key":"HD","value":47.4,"estimate":"q95"},{"bfs_id":5192,"rcp":"RCP8.5","period":"2085","key":"HD","value":43.9,"estimate":"q5"},{"bfs_id":5192,"rcp":"RCP8.5","period":"2085","key":"HD","value":61.4,"estimate":"q50"},{"bfs_id":5192,"rcp":"RCP8.5","period":"2085","key":"HD","value":67.5,"estimate":"q95"},{"bfs_id":5192,"rcp":"RCP2.6","period":"2035","key":"ID","value":0,"estimate":"q5"},{"bfs_id":5192,"rcp":"RCP2.6","period":"2035","key":"ID","value":0.1,"estimate":"q50"},{"bfs_id":5192,"rcp":"RCP2.6","period":"2035","key":"ID","value":0.7,"estimate":"q95"},{"bfs_id":5192,"rcp":"RCP2.6","period":"2060","key":"ID","value":0,"estimate":"q5"},{"bfs_id":5192,"rcp":"RCP2.6","period":"2060","key":"ID","value":0.1,"estimate":"q50"},{"bfs_id":5192,"rcp":"RCP2.6","period":"2060","key":"ID","value":0.3,"estimate":"q95"},{"bfs_id":5192,"rcp":"RCP2.6","period":"2085","key":"ID","value":0,"estimate":"q5"},{"bfs_id":5192,"rcp":"RCP2.6","period":"2085","key":"ID","value":0.1,"estimate":"q50"},{"bfs_id":5192,"rcp":"RCP2.6","period":"2085","key":"ID","value":0.4,"estimate":"q95"},{"bfs_id":5192,"rcp":"RCP8.5","period":"2035","key":"ID","value":0,"estimate":"q5"},{"bfs_id":5192,"rcp":"RCP8.5","period":"2035","key":"ID","value":0.1,"estimate":"q50"},{"bfs_id":5192,"rcp":"RCP8.5","period":"2035","key":"ID","value":0.5,"estimate":"q95"},{"bfs_id":5192,"rcp":"RCP8.5","period":"2060","key":"ID","value":0,"estimate":"q5"},{"bfs_id":5192,"rcp":"RCP8.5","period":"2060","key":"ID","value":0.1,"estimate":"q50"},{"bfs_id":5192,"rcp":"RCP8.5","period":"2060","key":"ID","value":0.3,"estimate":"q95"},{"bfs_id":5192,"rcp":"RCP8.5","period":"2085","key":"ID","value":0,"estimate":"q5"},{"bfs_id":5192,"rcp":"RCP8.5","period":"2085","key":"ID","value":0,"estimate":"q50"},{"bfs_id":5192,"rcp":"RCP8.5","period":"2085","key":"ID","value":0.1,"estimate":"q95"},{"bfs_id":5192,"rcp":"RCP2.6","period":"2035","key":"SD","value":79,"estimate":"q5"},{"bfs_id":5192,"rcp":"RCP2.6","period":"2035","key":"SD","value":83.4,"estimate":"q50"},{"bfs_id":5192,"rcp":"RCP2.6","period":"2035","key":"SD","value":90.8,"estimate":"q95"},{"bfs_id":5192,"rcp":"RCP2.6","period":"2060","key":"SD","value":80.1,"estimate":"q5"},{"bfs_id":5192,"rcp":"RCP2.6","period":"2060","key":"SD","value":85.2,"estimate":"q50"},{"bfs_id":5192,"rcp":"RCP2.6","period":"2060","key":"SD","value":92.4,"estimate":"q95"},{"bfs_id":5192,"rcp":"RCP2.6","period":"2085","key":"SD","value":78.5,"estimate":"q5"},{"bfs_id":5192,"rcp":"RCP2.6","period":"2085","key":"SD","value":84.5,"estimate":"q50"},{"bfs_id":5192,"rcp":"RCP2.6","period":"2085","key":"SD","value":92.8,"estimate":"q95"},{"bfs_id":5192,"rcp":"RCP8.5","period":"2035","key":"SD","value":83.6,"estimate":"q5"},{"bfs_id":5192,"rcp":"RCP8.5","period":"2035","key":"SD","value":86.5,"estimate":"q50"},{"bfs_id":5192,"rcp":"RCP8.5","period":"2035","key":"SD","value":92.8,"estimate":"q95"},{"bfs_id":5192,"rcp":"RCP8.5","period":"2060","key":"SD","value":96.9,"estimate":"q5"},{"bfs_id":5192,"rcp":"RCP8.5","period":"2060","key":"SD","value":104.8,"estimate":"q50"},{"bfs_id":5192,"rcp":"RCP8.5","period":"2060","key":"SD","value":112.1,"estimate":"q95"},{"bfs_id":5192,"rcp":"RCP8.5","period":"2085","key":"SD","value":112.2,"estimate":"q5"},{"bfs_id":5192,"rcp":"RCP8.5","period":"2085","key":"SD","value":123.6,"estimate":"q50"},{"bfs_id":5192,"rcp":"RCP8.5","period":"2085","key":"SD","value":134.1,"estimate":"q95"},{"bfs_id":5192,"rcp":"RCP2.6","period":"2035","key":"snowdays","value":0.4,"estimate":"q5"},{"bfs_id":5192,"rcp":"RCP2.6","period":"2035","key":"snowdays","value":0.8,"estimate":"q50"},{"bfs_id":5192,"rcp":"RCP2.6","period":"2035","key":"snowdays","value":1.8,"estimate":"q95"},{"bfs_id":5192,"rcp":"RCP2.6","period":"2060","key":"snowdays","value":0.3,"estimate":"q5"},{"bfs_id":5192,"rcp":"RCP2.6","period":"2060","key":"snowdays","value":0.9,"estimate":"q50"},{"bfs_id":5192,"rcp":"RCP2.6","period":"2060","key":"snowdays","value":1.5,"estimate":"q95"},{"bfs_id":5192,"rcp":"RCP2.6","period":"2085","key":"snowdays","value":0.3,"estimate":"q5"},{"bfs_id":5192,"rcp":"RCP2.6","period":"2085","key":"snowdays","value":0.9,"estimate":"q50"},{"bfs_id":5192,"rcp":"RCP2.6","period":"2085","key":"snowdays","value":1.7,"estimate":"q95"},{"bfs_id":5192,"rcp":"RCP8.5","period":"2035","key":"snowdays","value":0.3,"estimate":"q5"},{"bfs_id":5192,"rcp":"RCP8.5","period":"2035","key":"snowdays","value":0.9,"estimate":"q50"},{"bfs_id":5192,"rcp":"RCP8.5","period":"2035","key":"snowdays","value":1.2,"estimate":"q95"},{"bfs_id":5192,"rcp":"RCP8.5","period":"2060","key":"snowdays","value":0.2,"estimate":"q5"},{"bfs_id":5192,"rcp":"RCP8.5","period":"2060","key":"snowdays","value":0.4,"estimate":"q50"},{"bfs_id":5192,"rcp":"RCP8.5","period":"2060","key":"snowdays","value":0.8,"estimate":"q95"},{"bfs_id":5192,"rcp":"RCP8.5","period":"2085","key":"snowdays","value":0,"estimate":"q5"},{"bfs_id":5192,"rcp":"RCP8.5","period":"2085","key":"snowdays","value":0.1,"estimate":"q50"},{"bfs_id":5192,"rcp":"RCP8.5","period":"2085","key":"snowdays","value":0.3,"estimate":"q95"},{"bfs_id":5192,"rcp":"RCP2.6","period":"2035","key":"TN","value":20.9,"estimate":"q5"},{"bfs_id":5192,"rcp":"RCP2.6","period":"2035","key":"TN","value":27.8,"estimate":"q50"},{"bfs_id":5192,"rcp":"RCP2.6","period":"2035","key":"TN","value":33.5,"estimate":"q95"},{"bfs_id":5192,"rcp":"RCP2.6","period":"2060","key":"TN","value":24.5,"estimate":"q5"},{"bfs_id":5192,"rcp":"RCP2.6","period":"2060","key":"TN","value":28.7,"estimate":"q50"},{"bfs_id":5192,"rcp":"RCP2.6","period":"2060","key":"TN","value":35.5,"estimate":"q95"},{"bfs_id":5192,"rcp":"RCP2.6","period":"2085","key":"TN","value":22.4,"estimate":"q5"},{"bfs_id":5192,"rcp":"RCP2.6","period":"2085","key":"TN","value":27.9,"estimate":"q50"},{"bfs_id":5192,"rcp":"RCP2.6","period":"2085","key":"TN","value":34.9,"estimate":"q95"},{"bfs_id":5192,"rcp":"RCP8.5","period":"2035","key":"TN","value":26.2,"estimate":"q5"},{"bfs_id":5192,"rcp":"RCP8.5","period":"2035","key":"TN","value":30.1,"estimate":"q50"},{"bfs_id":5192,"rcp":"RCP8.5","period":"2035","key":"TN","value":37,"estimate":"q95"},{"bfs_id":5192,"rcp":"RCP8.5","period":"2060","key":"TN","value":43.8,"estimate":"q5"},{"bfs_id":5192,"rcp":"RCP8.5","period":"2060","key":"TN","value":49,"estimate":"q50"},{"bfs_id":5192,"rcp":"RCP8.5","period":"2060","key":"TN","value":61.6,"estimate":"q95"},{"bfs_id":5192,"rcp":"RCP8.5","period":"2085","key":"TN","value":64.4,"estimate":"q5"},{"bfs_id":5192,"rcp":"RCP8.5","period":"2085","key":"TN","value":74.2,"estimate":"q50"},{"bfs_id":5192,"rcp":"RCP8.5","period":"2085","key":"TN","value":93.6,"estimate":"q95"},{"bfs_id":5192,"rcp":"RCP2.6","period":"2035","key":"pr","value":2.1,"estimate":"q5","season":"DJF"},{"bfs_id":5192,"rcp":"RCP2.6","period":"2035","key":"pr","value":4.4,"estimate":"q5","season":"MAM"},{"bfs_id":5192,"rcp":"RCP2.6","period":"2035","key":"pr","value":4.3,"estimate":"q5","season":"JJA"},{"bfs_id":5192,"rcp":"RCP2.6","period":"2035","key":"pr","value":4.3,"estimate":"q5","season":"SON"},{"bfs_id":5192,"rcp":"RCP2.6","period":"2035","key":"pr","value":2.8,"estimate":"q50","season":"DJF"},{"bfs_id":5192,"rcp":"RCP2.6","period":"2035","key":"pr","value":4.9,"estimate":"q50","season":"MAM"},{"bfs_id":5192,"rcp":"RCP2.6","period":"2035","key":"pr","value":5.1,"estimate":"q50","season":"JJA"},{"bfs_id":5192,"rcp":"RCP2.6","period":"2035","key":"pr","value":5.1,"estimate":"q50","season":"SON"},{"bfs_id":5192,"rcp":"RCP2.6","period":"2035","key":"pr","value":3.1,"estimate":"q95","season":"DJF"},{"bfs_id":5192,"rcp":"RCP2.6","period":"2035","key":"pr","value":5.5,"estimate":"q95","season":"MAM"},{"bfs_id":5192,"rcp":"RCP2.6","period":"2035","key":"pr","value":6.4,"estimate":"q95","season":"JJA"},{"bfs_id":5192,"rcp":"RCP2.6","period":"2035","key":"pr","value":6,"estimate":"q95","season":"SON"},{"bfs_id":5192,"rcp":"RCP2.6","period":"2060","key":"pr","value":2.2,"estimate":"q5","season":"DJF"},{"bfs_id":5192,"rcp":"RCP2.6","period":"2060","key":"pr","value":4.2,"estimate":"q5","season":"MAM"},{"bfs_id":5192,"rcp":"RCP2.6","period":"2060","key":"pr","value":4.1,"estimate":"q5","season":"JJA"},{"bfs_id":5192,"rcp":"RCP2.6","period":"2060","key":"pr","value":4.5,"estimate":"q5","season":"SON"},{"bfs_id":5192,"rcp":"RCP2.6","period":"2060","key":"pr","value":2.8,"estimate":"q50","season":"DJF"},{"bfs_id":5192,"rcp":"RCP2.6","period":"2060","key":"pr","value":4.9,"estimate":"q50","season":"MAM"},{"bfs_id":5192,"rcp":"RCP2.6","period":"2060","key":"pr","value":5,"estimate":"q50","season":"JJA"},{"bfs_id":5192,"rcp":"RCP2.6","period":"2060","key":"pr","value":5.1,"estimate":"q50","season":"SON"},{"bfs_id":5192,"rcp":"RCP2.6","period":"2060","key":"pr","value":3.5,"estimate":"q95","season":"DJF"},{"bfs_id":5192,"rcp":"RCP2.6","period":"2060","key":"pr","value":5.6,"estimate":"q95","season":"MAM"},{"bfs_id":5192,"rcp":"RCP2.6","period":"2060","key":"pr","value":6.3,"estimate":"q95","season":"JJA"},{"bfs_id":5192,"rcp":"RCP2.6","period":"2060","key":"pr","value":5.7,"estimate":"q95","season":"SON"},{"bfs_id":5192,"rcp":"RCP2.6","period":"2085","key":"pr","value":2.2,"estimate":"q5","season":"DJF"},{"bfs_id":5192,"rcp":"RCP2.6","period":"2085","key":"pr","value":4.4,"estimate":"q5","season":"MAM"},{"bfs_id":5192,"rcp":"RCP2.6","period":"2085","key":"pr","value":4,"estimate":"q5","season":"JJA"},{"bfs_id":5192,"rcp":"RCP2.6","period":"2085","key":"pr","value":4.5,"estimate":"q5","season":"SON"},{"bfs_id":5192,"rcp":"RCP2.6","period":"2085","key":"pr","value":3,"estimate":"q50","season":"DJF"},{"bfs_id":5192,"rcp":"RCP2.6","period":"2085","key":"pr","value":5,"estimate":"q50","season":"MAM"},{"bfs_id":5192,"rcp":"RCP2.6","period":"2085","key":"pr","value":5.1,"estimate":"q50","season":"JJA"},{"bfs_id":5192,"rcp":"RCP2.6","period":"2085","key":"pr","value":4.9,"estimate":"q50","season":"SON"},{"bfs_id":5192,"rcp":"RCP2.6","period":"2085","key":"pr","value":3.6,"estimate":"q95","season":"DJF"},{"bfs_id":5192,"rcp":"RCP2.6","period":"2085","key":"pr","value":5.8,"estimate":"q95","season":"MAM"},{"bfs_id":5192,"rcp":"RCP2.6","period":"2085","key":"pr","value":6.4,"estimate":"q95","season":"JJA"},{"bfs_id":5192,"rcp":"RCP2.6","period":"2085","key":"pr","value":6,"estimate":"q95","season":"SON"},{"bfs_id":5192,"rcp":"RCP8.5","period":"2035","key":"pr","value":2.3,"estimate":"q5","season":"DJF"},{"bfs_id":5192,"rcp":"RCP8.5","period":"2035","key":"pr","value":4.5,"estimate":"q5","season":"MAM"},{"bfs_id":5192,"rcp":"RCP8.5","period":"2035","key":"pr","value":4.2,"estimate":"q5","season":"JJA"},{"bfs_id":5192,"rcp":"RCP8.5","period":"2035","key":"pr","value":4.3,"estimate":"q5","season":"SON"},{"bfs_id":5192,"rcp":"RCP8.5","period":"2035","key":"pr","value":2.6,"estimate":"q50","season":"DJF"},{"bfs_id":5192,"rcp":"RCP8.5","period":"2035","key":"pr","value":4.8,"estimate":"q50","season":"MAM"},{"bfs_id":5192,"rcp":"RCP8.5","period":"2035","key":"pr","value":4.8,"estimate":"q50","season":"JJA"},{"bfs_id":5192,"rcp":"RCP8.5","period":"2035","key":"pr","value":4.9,"estimate":"q50","season":"SON"},{"bfs_id":5192,"rcp":"RCP8.5","period":"2035","key":"pr","value":3,"estimate":"q95","season":"DJF"},{"bfs_id":5192,"rcp":"RCP8.5","period":"2035","key":"pr","value":5.6,"estimate":"q95","season":"MAM"},{"bfs_id":5192,"rcp":"RCP8.5","period":"2035","key":"pr","value":6.3,"estimate":"q95","season":"JJA"},{"bfs_id":5192,"rcp":"RCP8.5","period":"2035","key":"pr","value":5.9,"estimate":"q95","season":"SON"},{"bfs_id":5192,"rcp":"RCP8.5","period":"2060","key":"pr","value":2.1,"estimate":"q5","season":"DJF"},{"bfs_id":5192,"rcp":"RCP8.5","period":"2060","key":"pr","value":4.3,"estimate":"q5","season":"MAM"},{"bfs_id":5192,"rcp":"RCP8.5","period":"2060","key":"pr","value":3.4,"estimate":"q5","season":"JJA"},{"bfs_id":5192,"rcp":"RCP8.5","period":"2060","key":"pr","value":4.4,"estimate":"q5","season":"SON"},{"bfs_id":5192,"rcp":"RCP8.5","period":"2060","key":"pr","value":3,"estimate":"q50","season":"DJF"},{"bfs_id":5192,"rcp":"RCP8.5","period":"2060","key":"pr","value":5.3,"estimate":"q50","season":"MAM"},{"bfs_id":5192,"rcp":"RCP8.5","period":"2060","key":"pr","value":4.5,"estimate":"q50","season":"JJA"},{"bfs_id":5192,"rcp":"RCP8.5","period":"2060","key":"pr","value":5,"estimate":"q50","season":"SON"},{"bfs_id":5192,"rcp":"RCP8.5","period":"2060","key":"pr","value":3.2,"estimate":"q95","season":"DJF"},{"bfs_id":5192,"rcp":"RCP8.5","period":"2060","key":"pr","value":5.8,"estimate":"q95","season":"MAM"},{"bfs_id":5192,"rcp":"RCP8.5","period":"2060","key":"pr","value":6.1,"estimate":"q95","season":"JJA"},{"bfs_id":5192,"rcp":"RCP8.5","period":"2060","key":"pr","value":5.8,"estimate":"q95","season":"SON"},{"bfs_id":5192,"rcp":"RCP8.5","period":"2085","key":"pr","value":2.7,"estimate":"q5","season":"DJF"},{"bfs_id":5192,"rcp":"RCP8.5","period":"2085","key":"pr","value":4.3,"estimate":"q5","season":"MAM"},{"bfs_id":5192,"rcp":"RCP8.5","period":"2085","key":"pr","value":2.9,"estimate":"q5","season":"JJA"},{"bfs_id":5192,"rcp":"RCP8.5","period":"2085","key":"pr","value":4.1,"estimate":"q5","season":"SON"},{"bfs_id":5192,"rcp":"RCP8.5","period":"2085","key":"pr","value":3.2,"estimate":"q50","season":"DJF"},{"bfs_id":5192,"rcp":"RCP8.5","period":"2085","key":"pr","value":5,"estimate":"q50","season":"MAM"},{"bfs_id":5192,"rcp":"RCP8.5","period":"2085","key":"pr","value":3.6,"estimate":"q50","season":"JJA"},{"bfs_id":5192,"rcp":"RCP8.5","period":"2085","key":"pr","value":5,"estimate":"q50","season":"SON"},{"bfs_id":5192,"rcp":"RCP8.5","period":"2085","key":"pr","value":3.9,"estimate":"q95","season":"DJF"},{"bfs_id":5192,"rcp":"RCP8.5","period":"2085","key":"pr","value":5.5,"estimate":"q95","season":"MAM"},{"bfs_id":5192,"rcp":"RCP8.5","period":"2085","key":"pr","value":5.7,"estimate":"q95","season":"JJA"},{"bfs_id":5192,"rcp":"RCP8.5","period":"2085","key":"pr","value":5.6,"estimate":"q95","season":"SON"},{"bfs_id":5192,"rcp":"RCP2.6","period":"2035","key":"tas","value":4.8,"estimate":"q5","season":"DJF"},{"bfs_id":5192,"rcp":"RCP2.6","period":"2035","key":"tas","value":12.3,"estimate":"q5","season":"MAM"},{"bfs_id":5192,"rcp":"RCP2.6","period":"2035","key":"tas","value":21.9,"estimate":"q5","season":"JJA"},{"bfs_id":5192,"rcp":"RCP2.6","period":"2035","key":"tas","value":13.6,"estimate":"q5","season":"SON"},{"bfs_id":5192,"rcp":"RCP2.6","period":"2035","key":"tas","value":5.3,"estimate":"q50","season":"DJF"},{"bfs_id":5192,"rcp":"RCP2.6","period":"2035","key":"tas","value":12.7,"estimate":"q50","season":"MAM"},{"bfs_id":5192,"rcp":"RCP2.6","period":"2035","key":"tas","value":22.4,"estimate":"q50","season":"JJA"},{"bfs_id":5192,"rcp":"RCP2.6","period":"2035","key":"tas","value":13.9,"estimate":"q50","season":"SON"},{"bfs_id":5192,"rcp":"RCP2.6","period":"2035","key":"tas","value":5.8,"estimate":"q95","season":"DJF"},{"bfs_id":5192,"rcp":"RCP2.6","period":"2035","key":"tas","value":13,"estimate":"q95","season":"MAM"},{"bfs_id":5192,"rcp":"RCP2.6","period":"2035","key":"tas","value":22.9,"estimate":"q95","season":"JJA"},{"bfs_id":5192,"rcp":"RCP2.6","period":"2035","key":"tas","value":14.5,"estimate":"q95","season":"SON"},{"bfs_id":5192,"rcp":"RCP2.6","period":"2060","key":"tas","value":4.9,"estimate":"q5","season":"DJF"},{"bfs_id":5192,"rcp":"RCP2.6","period":"2060","key":"tas","value":12.4,"estimate":"q5","season":"MAM"},{"bfs_id":5192,"rcp":"RCP2.6","period":"2060","key":"tas","value":22.1,"estimate":"q5","season":"JJA"},{"bfs_id":5192,"rcp":"RCP2.6","period":"2060","key":"tas","value":13.9,"estimate":"q5","season":"SON"},{"bfs_id":5192,"rcp":"RCP2.6","period":"2060","key":"tas","value":5.5,"estimate":"q50","season":"DJF"},{"bfs_id":5192,"rcp":"RCP2.6","period":"2060","key":"tas","value":12.8,"estimate":"q50","season":"MAM"},{"bfs_id":5192,"rcp":"RCP2.6","period":"2060","key":"tas","value":22.4,"estimate":"q50","season":"JJA"},{"bfs_id":5192,"rcp":"RCP2.6","period":"2060","key":"tas","value":14.2,"estimate":"q50","season":"SON"},{"bfs_id":5192,"rcp":"RCP2.6","period":"2060","key":"tas","value":6,"estimate":"q95","season":"DJF"},{"bfs_id":5192,"rcp":"RCP2.6","period":"2060","key":"tas","value":13.1,"estimate":"q95","season":"MAM"},{"bfs_id":5192,"rcp":"RCP2.6","period":"2060","key":"tas","value":23.2,"estimate":"q95","season":"JJA"},{"bfs_id":5192,"rcp":"RCP2.6","period":"2060","key":"tas","value":15,"estimate":"q95","season":"SON"},{"bfs_id":5192,"rcp":"RCP2.6","period":"2085","key":"tas","value":5,"estimate":"q5","season":"DJF"},{"bfs_id":5192,"rcp":"RCP2.6","period":"2085","key":"tas","value":12.3,"estimate":"q5","season":"MAM"},{"bfs_id":5192,"rcp":"RCP2.6","period":"2085","key":"tas","value":22,"estimate":"q5","season":"JJA"},{"bfs_id":5192,"rcp":"RCP2.6","period":"2085","key":"tas","value":13.6,"estimate":"q5","season":"SON"},{"bfs_id":5192,"rcp":"RCP2.6","period":"2085","key":"tas","value":5.5,"estimate":"q50","season":"DJF"},{"bfs_id":5192,"rcp":"RCP2.6","period":"2085","key":"tas","value":12.7,"estimate":"q50","season":"MAM"},{"bfs_id":5192,"rcp":"RCP2.6","period":"2085","key":"tas","value":22.4,"estimate":"q50","season":"JJA"},{"bfs_id":5192,"rcp":"RCP2.6","period":"2085","key":"tas","value":14.1,"estimate":"q50","season":"SON"},{"bfs_id":5192,"rcp":"RCP2.6","period":"2085","key":"tas","value":6,"estimate":"q95","season":"DJF"},{"bfs_id":5192,"rcp":"RCP2.6","period":"2085","key":"tas","value":13.1,"estimate":"q95","season":"MAM"},{"bfs_id":5192,"rcp":"RCP2.6","period":"2085","key":"tas","value":23.1,"estimate":"q95","season":"JJA"},{"bfs_id":5192,"rcp":"RCP2.6","period":"2085","key":"tas","value":14.9,"estimate":"q95","season":"SON"},{"bfs_id":5192,"rcp":"RCP8.5","period":"2035","key":"tas","value":5,"estimate":"q5","season":"DJF"},{"bfs_id":5192,"rcp":"RCP8.5","period":"2035","key":"tas","value":12.5,"estimate":"q5","season":"MAM"},{"bfs_id":5192,"rcp":"RCP8.5","period":"2035","key":"tas","value":22.2,"estimate":"q5","season":"JJA"},{"bfs_id":5192,"rcp":"RCP8.5","period":"2035","key":"tas","value":13.8,"estimate":"q5","season":"SON"},{"bfs_id":5192,"rcp":"RCP8.5","period":"2035","key":"tas","value":5.6,"estimate":"q50","season":"DJF"},{"bfs_id":5192,"rcp":"RCP8.5","period":"2035","key":"tas","value":12.8,"estimate":"q50","season":"MAM"},{"bfs_id":5192,"rcp":"RCP8.5","period":"2035","key":"tas","value":22.7,"estimate":"q50","season":"JJA"},{"bfs_id":5192,"rcp":"RCP8.5","period":"2035","key":"tas","value":14.3,"estimate":"q50","season":"SON"},{"bfs_id":5192,"rcp":"RCP8.5","period":"2035","key":"tas","value":6.1,"estimate":"q95","season":"DJF"},{"bfs_id":5192,"rcp":"RCP8.5","period":"2035","key":"tas","value":13.2,"estimate":"q95","season":"MAM"},{"bfs_id":5192,"rcp":"RCP8.5","period":"2035","key":"tas","value":23.1,"estimate":"q95","season":"JJA"},{"bfs_id":5192,"rcp":"RCP8.5","period":"2035","key":"tas","value":15,"estimate":"q95","season":"SON"},{"bfs_id":5192,"rcp":"RCP8.5","period":"2060","key":"tas","value":6,"estimate":"q5","season":"DJF"},{"bfs_id":5192,"rcp":"RCP8.5","period":"2060","key":"tas","value":13.4,"estimate":"q5","season":"MAM"},{"bfs_id":5192,"rcp":"RCP8.5","period":"2060","key":"tas","value":23.3,"estimate":"q5","season":"JJA"},{"bfs_id":5192,"rcp":"RCP8.5","period":"2060","key":"tas","value":14.9,"estimate":"q5","season":"SON"},{"bfs_id":5192,"rcp":"RCP8.5","period":"2060","key":"tas","value":6.4,"estimate":"q50","season":"DJF"},{"bfs_id":5192,"rcp":"RCP8.5","period":"2060","key":"tas","value":13.8,"estimate":"q50","season":"MAM"},{"bfs_id":5192,"rcp":"RCP8.5","period":"2060","key":"tas","value":23.8,"estimate":"q50","season":"JJA"},{"bfs_id":5192,"rcp":"RCP8.5","period":"2060","key":"tas","value":15.6,"estimate":"q50","season":"SON"},{"bfs_id":5192,"rcp":"RCP8.5","period":"2060","key":"tas","value":7,"estimate":"q95","season":"DJF"},{"bfs_id":5192,"rcp":"RCP8.5","period":"2060","key":"tas","value":14.3,"estimate":"q95","season":"MAM"},{"bfs_id":5192,"rcp":"RCP8.5","period":"2060","key":"tas","value":24.6,"estimate":"q95","season":"JJA"},{"bfs_id":5192,"rcp":"RCP8.5","period":"2060","key":"tas","value":16.1,"estimate":"q95","season":"SON"},{"bfs_id":5192,"rcp":"RCP8.5","period":"2085","key":"tas","value":7.2,"estimate":"q5","season":"DJF"},{"bfs_id":5192,"rcp":"RCP8.5","period":"2085","key":"tas","value":14.3,"estimate":"q5","season":"MAM"},{"bfs_id":5192,"rcp":"RCP8.5","period":"2085","key":"tas","value":24.7,"estimate":"q5","season":"JJA"},{"bfs_id":5192,"rcp":"RCP8.5","period":"2085","key":"tas","value":16.2,"estimate":"q5","season":"SON"},{"bfs_id":5192,"rcp":"RCP8.5","period":"2085","key":"tas","value":7.9,"estimate":"q50","season":"DJF"},{"bfs_id":5192,"rcp":"RCP8.5","period":"2085","key":"tas","value":15.1,"estimate":"q50","season":"MAM"},{"bfs_id":5192,"rcp":"RCP8.5","period":"2085","key":"tas","value":25.4,"estimate":"q50","season":"JJA"},{"bfs_id":5192,"rcp":"RCP8.5","period":"2085","key":"tas","value":16.9,"estimate":"q50","season":"SON"},{"bfs_id":5192,"rcp":"RCP8.5","period":"2085","key":"tas","value":8.6,"estimate":"q95","season":"DJF"},{"bfs_id":5192,"rcp":"RCP8.5","period":"2085","key":"tas","value":15.9,"estimate":"q95","season":"MAM"},{"bfs_id":5192,"rcp":"RCP8.5","period":"2085","key":"tas","value":26.8,"estimate":"q95","season":"JJA"},{"bfs_id":5192,"rcp":"RCP8.5","period":"2085","key":"tas","value":18,"estimate":"q95","season":"SON"},{"bfs_id":5192,"rcp":"obs","period":"1981-2010","key":"FD","value":25.5,"estimate":"yearly_mean"},{"bfs_id":5192,"rcp":"obs","period":"1981-2010","key":"HD","value":9.6,"estimate":"yearly_mean"},{"bfs_id":5192,"rcp":"obs","period":"1981-2010","key":"ID","value":0.6,"estimate":"yearly_mean"},{"bfs_id":5192,"rcp":"obs","period":"1981-2010","key":"SD","value":68.6,"estimate":"yearly_mean"},{"bfs_id":5192,"rcp":"obs","period":"1981-2010","key":"snowdays","value":4.1,"estimate":"yearly_mean"},{"bfs_id":5192,"rcp":"obs","period":"1981-2010","key":"TN","value":13.8,"estimate":"yearly_mean"},{"bfs_id":5192,"rcp":"obs","period":"1981-2010","key":"pr","value":2.4,"estimate":"mean","season":"DJF"},{"bfs_id":5192,"rcp":"obs","period":"1981-2010","key":"pr","value":4.8,"estimate":"mean","season":"MAM"},{"bfs_id":5192,"rcp":"obs","period":"1981-2010","key":"pr","value":5,"estimate":"mean","season":"JJA"},{"bfs_id":5192,"rcp":"obs","period":"1981-2010","key":"pr","value":5.1,"estimate":"mean","season":"SON"},{"bfs_id":5192,"rcp":"obs","period":"1981-2010","key":"tas","value":4.2,"estimate":"mean","season":"DJF"},{"bfs_id":5192,"rcp":"obs","period":"1981-2010","key":"tas","value":12.1,"estimate":"mean","season":"MAM"},{"bfs_id":5192,"rcp":"obs","period":"1981-2010","key":"tas","value":21.3,"estimate":"mean","season":"JJA"},{"bfs_id":5192,"rcp":"obs","period":"1981-2010","key":"tas","value":13,"estimate":"mean","season":"SON"}]
