[{"bfs_id":5648,"rcp":"RCP2.6","period":"2035","key":"FD","value":29.4,"estimate":"q5"},{"bfs_id":5648,"rcp":"RCP2.6","period":"2035","key":"FD","value":35.6,"estimate":"q50"},{"bfs_id":5648,"rcp":"RCP2.6","period":"2035","key":"FD","value":40.4,"estimate":"q95"},{"bfs_id":5648,"rcp":"RCP2.6","period":"2060","key":"FD","value":26.9,"estimate":"q5"},{"bfs_id":5648,"rcp":"RCP2.6","period":"2060","key":"FD","value":32.5,"estimate":"q50"},{"bfs_id":5648,"rcp":"RCP2.6","period":"2060","key":"FD","value":38.2,"estimate":"q95"},{"bfs_id":5648,"rcp":"RCP2.6","period":"2085","key":"FD","value":25.1,"estimate":"q5"},{"bfs_id":5648,"rcp":"RCP2.6","period":"2085","key":"FD","value":33.6,"estimate":"q50"},{"bfs_id":5648,"rcp":"RCP2.6","period":"2085","key":"FD","value":38.2,"estimate":"q95"},{"bfs_id":5648,"rcp":"RCP8.5","period":"2035","key":"FD","value":26.9,"estimate":"q5"},{"bfs_id":5648,"rcp":"RCP8.5","period":"2035","key":"FD","value":32.7,"estimate":"q50"},{"bfs_id":5648,"rcp":"RCP8.5","period":"2035","key":"FD","value":37.4,"estimate":"q95"},{"bfs_id":5648,"rcp":"RCP8.5","period":"2060","key":"FD","value":18.1,"estimate":"q5"},{"bfs_id":5648,"rcp":"RCP8.5","period":"2060","key":"FD","value":23.3,"estimate":"q50"},{"bfs_id":5648,"rcp":"RCP8.5","period":"2060","key":"FD","value":27.5,"estimate":"q95"},{"bfs_id":5648,"rcp":"RCP8.5","period":"2085","key":"FD","value":7.4,"estimate":"q5"},{"bfs_id":5648,"rcp":"RCP8.5","period":"2085","key":"FD","value":12.7,"estimate":"q50"},{"bfs_id":5648,"rcp":"RCP8.5","period":"2085","key":"FD","value":18.4,"estimate":"q95"},{"bfs_id":5648,"rcp":"RCP2.6","period":"2035","key":"HD","value":9.3,"estimate":"q5"},{"bfs_id":5648,"rcp":"RCP2.6","period":"2035","key":"HD","value":13.7,"estimate":"q50"},{"bfs_id":5648,"rcp":"RCP2.6","period":"2035","key":"HD","value":19.5,"estimate":"q95"},{"bfs_id":5648,"rcp":"RCP2.6","period":"2060","key":"HD","value":10.8,"estimate":"q5"},{"bfs_id":5648,"rcp":"RCP2.6","period":"2060","key":"HD","value":14.2,"estimate":"q50"},{"bfs_id":5648,"rcp":"RCP2.6","period":"2060","key":"HD","value":22.1,"estimate":"q95"},{"bfs_id":5648,"rcp":"RCP2.6","period":"2085","key":"HD","value":9.3,"estimate":"q5"},{"bfs_id":5648,"rcp":"RCP2.6","period":"2085","key":"HD","value":13.1,"estimate":"q50"},{"bfs_id":5648,"rcp":"RCP2.6","period":"2085","key":"HD","value":21.2,"estimate":"q95"},{"bfs_id":5648,"rcp":"RCP8.5","period":"2035","key":"HD","value":11.8,"estimate":"q5"},{"bfs_id":5648,"rcp":"RCP8.5","period":"2035","key":"HD","value":14.3,"estimate":"q50"},{"bfs_id":5648,"rcp":"RCP8.5","period":"2035","key":"HD","value":22.3,"estimate":"q95"},{"bfs_id":5648,"rcp":"RCP8.5","period":"2060","key":"HD","value":17.3,"estimate":"q5"},{"bfs_id":5648,"rcp":"RCP8.5","period":"2060","key":"HD","value":24.6,"estimate":"q50"},{"bfs_id":5648,"rcp":"RCP8.5","period":"2060","key":"HD","value":38.9,"estimate":"q95"},{"bfs_id":5648,"rcp":"RCP8.5","period":"2085","key":"HD","value":33.8,"estimate":"q5"},{"bfs_id":5648,"rcp":"RCP8.5","period":"2085","key":"HD","value":40.9,"estimate":"q50"},{"bfs_id":5648,"rcp":"RCP8.5","period":"2085","key":"HD","value":66.1,"estimate":"q95"},{"bfs_id":5648,"rcp":"RCP2.6","period":"2035","key":"ID","value":2.3,"estimate":"q5"},{"bfs_id":5648,"rcp":"RCP2.6","period":"2035","key":"ID","value":3.7,"estimate":"q50"},{"bfs_id":5648,"rcp":"RCP2.6","period":"2035","key":"ID","value":5.8,"estimate":"q95"},{"bfs_id":5648,"rcp":"RCP2.6","period":"2060","key":"ID","value":1.8,"estimate":"q5"},{"bfs_id":5648,"rcp":"RCP2.6","period":"2060","key":"ID","value":3.3,"estimate":"q50"},{"bfs_id":5648,"rcp":"RCP2.6","period":"2060","key":"ID","value":5.6,"estimate":"q95"},{"bfs_id":5648,"rcp":"RCP2.6","period":"2085","key":"ID","value":2,"estimate":"q5"},{"bfs_id":5648,"rcp":"RCP2.6","period":"2085","key":"ID","value":3.3,"estimate":"q50"},{"bfs_id":5648,"rcp":"RCP2.6","period":"2085","key":"ID","value":5.1,"estimate":"q95"},{"bfs_id":5648,"rcp":"RCP8.5","period":"2035","key":"ID","value":2.1,"estimate":"q5"},{"bfs_id":5648,"rcp":"RCP8.5","period":"2035","key":"ID","value":3.4,"estimate":"q50"},{"bfs_id":5648,"rcp":"RCP8.5","period":"2035","key":"ID","value":5.1,"estimate":"q95"},{"bfs_id":5648,"rcp":"RCP8.5","period":"2060","key":"ID","value":1.2,"estimate":"q5"},{"bfs_id":5648,"rcp":"RCP8.5","period":"2060","key":"ID","value":1.9,"estimate":"q50"},{"bfs_id":5648,"rcp":"RCP8.5","period":"2060","key":"ID","value":3,"estimate":"q95"},{"bfs_id":5648,"rcp":"RCP8.5","period":"2085","key":"ID","value":0.2,"estimate":"q5"},{"bfs_id":5648,"rcp":"RCP8.5","period":"2085","key":"ID","value":0.7,"estimate":"q50"},{"bfs_id":5648,"rcp":"RCP8.5","period":"2085","key":"ID","value":1.3,"estimate":"q95"},{"bfs_id":5648,"rcp":"RCP2.6","period":"2035","key":"SD","value":57.8,"estimate":"q5"},{"bfs_id":5648,"rcp":"RCP2.6","period":"2035","key":"SD","value":64.8,"estimate":"q50"},{"bfs_id":5648,"rcp":"RCP2.6","period":"2035","key":"SD","value":73,"estimate":"q95"},{"bfs_id":5648,"rcp":"RCP2.6","period":"2060","key":"SD","value":58.8,"estimate":"q5"},{"bfs_id":5648,"rcp":"RCP2.6","period":"2060","key":"SD","value":66.6,"estimate":"q50"},{"bfs_id":5648,"rcp":"RCP2.6","period":"2060","key":"SD","value":73.2,"estimate":"q95"},{"bfs_id":5648,"rcp":"RCP2.6","period":"2085","key":"SD","value":58.6,"estimate":"q5"},{"bfs_id":5648,"rcp":"RCP2.6","period":"2085","key":"SD","value":66.1,"estimate":"q50"},{"bfs_id":5648,"rcp":"RCP2.6","period":"2085","key":"SD","value":72.9,"estimate":"q95"},{"bfs_id":5648,"rcp":"RCP8.5","period":"2035","key":"SD","value":62.3,"estimate":"q5"},{"bfs_id":5648,"rcp":"RCP8.5","period":"2035","key":"SD","value":67.4,"estimate":"q50"},{"bfs_id":5648,"rcp":"RCP8.5","period":"2035","key":"SD","value":73.3,"estimate":"q95"},{"bfs_id":5648,"rcp":"RCP8.5","period":"2060","key":"SD","value":78.2,"estimate":"q5"},{"bfs_id":5648,"rcp":"RCP8.5","period":"2060","key":"SD","value":85,"estimate":"q50"},{"bfs_id":5648,"rcp":"RCP8.5","period":"2060","key":"SD","value":97.1,"estimate":"q95"},{"bfs_id":5648,"rcp":"RCP8.5","period":"2085","key":"SD","value":92.5,"estimate":"q5"},{"bfs_id":5648,"rcp":"RCP8.5","period":"2085","key":"SD","value":104,"estimate":"q50"},{"bfs_id":5648,"rcp":"RCP8.5","period":"2085","key":"SD","value":122.2,"estimate":"q95"},{"bfs_id":5648,"rcp":"RCP2.6","period":"2035","key":"snowdays","value":3.2,"estimate":"q5"},{"bfs_id":5648,"rcp":"RCP2.6","period":"2035","key":"snowdays","value":6.5,"estimate":"q50"},{"bfs_id":5648,"rcp":"RCP2.6","period":"2035","key":"snowdays","value":7.8,"estimate":"q95"},{"bfs_id":5648,"rcp":"RCP2.6","period":"2060","key":"snowdays","value":3.4,"estimate":"q5"},{"bfs_id":5648,"rcp":"RCP2.6","period":"2060","key":"snowdays","value":5.8,"estimate":"q50"},{"bfs_id":5648,"rcp":"RCP2.6","period":"2060","key":"snowdays","value":7.9,"estimate":"q95"},{"bfs_id":5648,"rcp":"RCP2.6","period":"2085","key":"snowdays","value":2.8,"estimate":"q5"},{"bfs_id":5648,"rcp":"RCP2.6","period":"2085","key":"snowdays","value":6.2,"estimate":"q50"},{"bfs_id":5648,"rcp":"RCP2.6","period":"2085","key":"snowdays","value":7.7,"estimate":"q95"},{"bfs_id":5648,"rcp":"RCP8.5","period":"2035","key":"snowdays","value":2.7,"estimate":"q5"},{"bfs_id":5648,"rcp":"RCP8.5","period":"2035","key":"snowdays","value":5.8,"estimate":"q50"},{"bfs_id":5648,"rcp":"RCP8.5","period":"2035","key":"snowdays","value":7.9,"estimate":"q95"},{"bfs_id":5648,"rcp":"RCP8.5","period":"2060","key":"snowdays","value":1.7,"estimate":"q5"},{"bfs_id":5648,"rcp":"RCP8.5","period":"2060","key":"snowdays","value":4,"estimate":"q50"},{"bfs_id":5648,"rcp":"RCP8.5","period":"2060","key":"snowdays","value":5.4,"estimate":"q95"},{"bfs_id":5648,"rcp":"RCP8.5","period":"2085","key":"snowdays","value":0.6,"estimate":"q5"},{"bfs_id":5648,"rcp":"RCP8.5","period":"2085","key":"snowdays","value":1.8,"estimate":"q50"},{"bfs_id":5648,"rcp":"RCP8.5","period":"2085","key":"snowdays","value":3.1,"estimate":"q95"},{"bfs_id":5648,"rcp":"RCP2.6","period":"2035","key":"TN","value":5.4,"estimate":"q5"},{"bfs_id":5648,"rcp":"RCP2.6","period":"2035","key":"TN","value":8.1,"estimate":"q50"},{"bfs_id":5648,"rcp":"RCP2.6","period":"2035","key":"TN","value":13,"estimate":"q95"},{"bfs_id":5648,"rcp":"RCP2.6","period":"2060","key":"TN","value":6.7,"estimate":"q5"},{"bfs_id":5648,"rcp":"RCP2.6","period":"2060","key":"TN","value":9,"estimate":"q50"},{"bfs_id":5648,"rcp":"RCP2.6","period":"2060","key":"TN","value":13.7,"estimate":"q95"},{"bfs_id":5648,"rcp":"RCP2.6","period":"2085","key":"TN","value":6.2,"estimate":"q5"},{"bfs_id":5648,"rcp":"RCP2.6","period":"2085","key":"TN","value":8.7,"estimate":"q50"},{"bfs_id":5648,"rcp":"RCP2.6","period":"2085","key":"TN","value":14.3,"estimate":"q95"},{"bfs_id":5648,"rcp":"RCP8.5","period":"2035","key":"TN","value":7.7,"estimate":"q5"},{"bfs_id":5648,"rcp":"RCP8.5","period":"2035","key":"TN","value":9.8,"estimate":"q50"},{"bfs_id":5648,"rcp":"RCP8.5","period":"2035","key":"TN","value":15,"estimate":"q95"},{"bfs_id":5648,"rcp":"RCP8.5","period":"2060","key":"TN","value":15,"estimate":"q5"},{"bfs_id":5648,"rcp":"RCP8.5","period":"2060","key":"TN","value":22.3,"estimate":"q50"},{"bfs_id":5648,"rcp":"RCP8.5","period":"2060","key":"TN","value":31,"estimate":"q95"},{"bfs_id":5648,"rcp":"RCP8.5","period":"2085","key":"TN","value":29.4,"estimate":"q5"},{"bfs_id":5648,"rcp":"RCP8.5","period":"2085","key":"TN","value":39.9,"estimate":"q50"},{"bfs_id":5648,"rcp":"RCP8.5","period":"2085","key":"TN","value":59.8,"estimate":"q95"},{"bfs_id":5648,"rcp":"RCP2.6","period":"2035","key":"pr","value":2.6,"estimate":"q5","season":"DJF"},{"bfs_id":5648,"rcp":"RCP2.6","period":"2035","key":"pr","value":2.4,"estimate":"q5","season":"MAM"},{"bfs_id":5648,"rcp":"RCP2.6","period":"2035","key":"pr","value":2.3,"estimate":"q5","season":"JJA"},{"bfs_id":5648,"rcp":"RCP2.6","period":"2035","key":"pr","value":2.7,"estimate":"q5","season":"SON"},{"bfs_id":5648,"rcp":"RCP2.6","period":"2035","key":"pr","value":3,"estimate":"q50","season":"DJF"},{"bfs_id":5648,"rcp":"RCP2.6","period":"2035","key":"pr","value":2.8,"estimate":"q50","season":"MAM"},{"bfs_id":5648,"rcp":"RCP2.6","period":"2035","key":"pr","value":2.6,"estimate":"q50","season":"JJA"},{"bfs_id":5648,"rcp":"RCP2.6","period":"2035","key":"pr","value":3.1,"estimate":"q50","season":"SON"},{"bfs_id":5648,"rcp":"RCP2.6","period":"2035","key":"pr","value":3.6,"estimate":"q95","season":"DJF"},{"bfs_id":5648,"rcp":"RCP2.6","period":"2035","key":"pr","value":3.1,"estimate":"q95","season":"MAM"},{"bfs_id":5648,"rcp":"RCP2.6","period":"2035","key":"pr","value":3,"estimate":"q95","season":"JJA"},{"bfs_id":5648,"rcp":"RCP2.6","period":"2035","key":"pr","value":3.5,"estimate":"q95","season":"SON"},{"bfs_id":5648,"rcp":"RCP2.6","period":"2060","key":"pr","value":2.7,"estimate":"q5","season":"DJF"},{"bfs_id":5648,"rcp":"RCP2.6","period":"2060","key":"pr","value":2.6,"estimate":"q5","season":"MAM"},{"bfs_id":5648,"rcp":"RCP2.6","period":"2060","key":"pr","value":2.2,"estimate":"q5","season":"JJA"},{"bfs_id":5648,"rcp":"RCP2.6","period":"2060","key":"pr","value":2.8,"estimate":"q5","season":"SON"},{"bfs_id":5648,"rcp":"RCP2.6","period":"2060","key":"pr","value":3.1,"estimate":"q50","season":"DJF"},{"bfs_id":5648,"rcp":"RCP2.6","period":"2060","key":"pr","value":2.9,"estimate":"q50","season":"MAM"},{"bfs_id":5648,"rcp":"RCP2.6","period":"2060","key":"pr","value":2.6,"estimate":"q50","season":"JJA"},{"bfs_id":5648,"rcp":"RCP2.6","period":"2060","key":"pr","value":3,"estimate":"q50","season":"SON"},{"bfs_id":5648,"rcp":"RCP2.6","period":"2060","key":"pr","value":3.4,"estimate":"q95","season":"DJF"},{"bfs_id":5648,"rcp":"RCP2.6","period":"2060","key":"pr","value":3.2,"estimate":"q95","season":"MAM"},{"bfs_id":5648,"rcp":"RCP2.6","period":"2060","key":"pr","value":3.1,"estimate":"q95","season":"JJA"},{"bfs_id":5648,"rcp":"RCP2.6","period":"2060","key":"pr","value":3.4,"estimate":"q95","season":"SON"},{"bfs_id":5648,"rcp":"RCP2.6","period":"2085","key":"pr","value":2.7,"estimate":"q5","season":"DJF"},{"bfs_id":5648,"rcp":"RCP2.6","period":"2085","key":"pr","value":2.6,"estimate":"q5","season":"MAM"},{"bfs_id":5648,"rcp":"RCP2.6","period":"2085","key":"pr","value":2.2,"estimate":"q5","season":"JJA"},{"bfs_id":5648,"rcp":"RCP2.6","period":"2085","key":"pr","value":2.7,"estimate":"q5","season":"SON"},{"bfs_id":5648,"rcp":"RCP2.6","period":"2085","key":"pr","value":3.1,"estimate":"q50","season":"DJF"},{"bfs_id":5648,"rcp":"RCP2.6","period":"2085","key":"pr","value":2.8,"estimate":"q50","season":"MAM"},{"bfs_id":5648,"rcp":"RCP2.6","period":"2085","key":"pr","value":2.7,"estimate":"q50","season":"JJA"},{"bfs_id":5648,"rcp":"RCP2.6","period":"2085","key":"pr","value":3,"estimate":"q50","season":"SON"},{"bfs_id":5648,"rcp":"RCP2.6","period":"2085","key":"pr","value":3.4,"estimate":"q95","season":"DJF"},{"bfs_id":5648,"rcp":"RCP2.6","period":"2085","key":"pr","value":3.2,"estimate":"q95","season":"MAM"},{"bfs_id":5648,"rcp":"RCP2.6","period":"2085","key":"pr","value":3,"estimate":"q95","season":"JJA"},{"bfs_id":5648,"rcp":"RCP2.6","period":"2085","key":"pr","value":3.5,"estimate":"q95","season":"SON"},{"bfs_id":5648,"rcp":"RCP8.5","period":"2035","key":"pr","value":2.9,"estimate":"q5","season":"DJF"},{"bfs_id":5648,"rcp":"RCP8.5","period":"2035","key":"pr","value":2.6,"estimate":"q5","season":"MAM"},{"bfs_id":5648,"rcp":"RCP8.5","period":"2035","key":"pr","value":2,"estimate":"q5","season":"JJA"},{"bfs_id":5648,"rcp":"RCP8.5","period":"2035","key":"pr","value":2.7,"estimate":"q5","season":"SON"},{"bfs_id":5648,"rcp":"RCP8.5","period":"2035","key":"pr","value":3.2,"estimate":"q50","season":"DJF"},{"bfs_id":5648,"rcp":"RCP8.5","period":"2035","key":"pr","value":3,"estimate":"q50","season":"MAM"},{"bfs_id":5648,"rcp":"RCP8.5","period":"2035","key":"pr","value":2.7,"estimate":"q50","season":"JJA"},{"bfs_id":5648,"rcp":"RCP8.5","period":"2035","key":"pr","value":3.2,"estimate":"q50","season":"SON"},{"bfs_id":5648,"rcp":"RCP8.5","period":"2035","key":"pr","value":3.5,"estimate":"q95","season":"DJF"},{"bfs_id":5648,"rcp":"RCP8.5","period":"2035","key":"pr","value":3.2,"estimate":"q95","season":"MAM"},{"bfs_id":5648,"rcp":"RCP8.5","period":"2035","key":"pr","value":3.1,"estimate":"q95","season":"JJA"},{"bfs_id":5648,"rcp":"RCP8.5","period":"2035","key":"pr","value":3.7,"estimate":"q95","season":"SON"},{"bfs_id":5648,"rcp":"RCP8.5","period":"2060","key":"pr","value":3,"estimate":"q5","season":"DJF"},{"bfs_id":5648,"rcp":"RCP8.5","period":"2060","key":"pr","value":2.7,"estimate":"q5","season":"MAM"},{"bfs_id":5648,"rcp":"RCP8.5","period":"2060","key":"pr","value":1.7,"estimate":"q5","season":"JJA"},{"bfs_id":5648,"rcp":"RCP8.5","period":"2060","key":"pr","value":2.7,"estimate":"q5","season":"SON"},{"bfs_id":5648,"rcp":"RCP8.5","period":"2060","key":"pr","value":3.2,"estimate":"q50","season":"DJF"},{"bfs_id":5648,"rcp":"RCP8.5","period":"2060","key":"pr","value":3,"estimate":"q50","season":"MAM"},{"bfs_id":5648,"rcp":"RCP8.5","period":"2060","key":"pr","value":2.5,"estimate":"q50","season":"JJA"},{"bfs_id":5648,"rcp":"RCP8.5","period":"2060","key":"pr","value":3.2,"estimate":"q50","season":"SON"},{"bfs_id":5648,"rcp":"RCP8.5","period":"2060","key":"pr","value":3.5,"estimate":"q95","season":"DJF"},{"bfs_id":5648,"rcp":"RCP8.5","period":"2060","key":"pr","value":3.3,"estimate":"q95","season":"MAM"},{"bfs_id":5648,"rcp":"RCP8.5","period":"2060","key":"pr","value":2.9,"estimate":"q95","season":"JJA"},{"bfs_id":5648,"rcp":"RCP8.5","period":"2060","key":"pr","value":3.6,"estimate":"q95","season":"SON"},{"bfs_id":5648,"rcp":"RCP8.5","period":"2085","key":"pr","value":3.1,"estimate":"q5","season":"DJF"},{"bfs_id":5648,"rcp":"RCP8.5","period":"2085","key":"pr","value":2.7,"estimate":"q5","season":"MAM"},{"bfs_id":5648,"rcp":"RCP8.5","period":"2085","key":"pr","value":1.3,"estimate":"q5","season":"JJA"},{"bfs_id":5648,"rcp":"RCP8.5","period":"2085","key":"pr","value":2.5,"estimate":"q5","season":"SON"},{"bfs_id":5648,"rcp":"RCP8.5","period":"2085","key":"pr","value":3.6,"estimate":"q50","season":"DJF"},{"bfs_id":5648,"rcp":"RCP8.5","period":"2085","key":"pr","value":3.1,"estimate":"q50","season":"MAM"},{"bfs_id":5648,"rcp":"RCP8.5","period":"2085","key":"pr","value":2.1,"estimate":"q50","season":"JJA"},{"bfs_id":5648,"rcp":"RCP8.5","period":"2085","key":"pr","value":3.1,"estimate":"q50","season":"SON"},{"bfs_id":5648,"rcp":"RCP8.5","period":"2085","key":"pr","value":4.1,"estimate":"q95","season":"DJF"},{"bfs_id":5648,"rcp":"RCP8.5","period":"2085","key":"pr","value":3.5,"estimate":"q95","season":"MAM"},{"bfs_id":5648,"rcp":"RCP8.5","period":"2085","key":"pr","value":2.8,"estimate":"q95","season":"JJA"},{"bfs_id":5648,"rcp":"RCP8.5","period":"2085","key":"pr","value":3.6,"estimate":"q95","season":"SON"},{"bfs_id":5648,"rcp":"RCP2.6","period":"2035","key":"tas","value":3.5,"estimate":"q5","season":"DJF"},{"bfs_id":5648,"rcp":"RCP2.6","period":"2035","key":"tas","value":10.7,"estimate":"q5","season":"MAM"},{"bfs_id":5648,"rcp":"RCP2.6","period":"2035","key":"tas","value":19.8,"estimate":"q5","season":"JJA"},{"bfs_id":5648,"rcp":"RCP2.6","period":"2035","key":"tas","value":11.9,"estimate":"q5","season":"SON"},{"bfs_id":5648,"rcp":"RCP2.6","period":"2035","key":"tas","value":3.8,"estimate":"q50","season":"DJF"},{"bfs_id":5648,"rcp":"RCP2.6","period":"2035","key":"tas","value":11.2,"estimate":"q50","season":"MAM"},{"bfs_id":5648,"rcp":"RCP2.6","period":"2035","key":"tas","value":20.5,"estimate":"q50","season":"JJA"},{"bfs_id":5648,"rcp":"RCP2.6","period":"2035","key":"tas","value":12.3,"estimate":"q50","season":"SON"},{"bfs_id":5648,"rcp":"RCP2.6","period":"2035","key":"tas","value":4.5,"estimate":"q95","season":"DJF"},{"bfs_id":5648,"rcp":"RCP2.6","period":"2035","key":"tas","value":11.5,"estimate":"q95","season":"MAM"},{"bfs_id":5648,"rcp":"RCP2.6","period":"2035","key":"tas","value":21.1,"estimate":"q95","season":"JJA"},{"bfs_id":5648,"rcp":"RCP2.6","period":"2035","key":"tas","value":13,"estimate":"q95","season":"SON"},{"bfs_id":5648,"rcp":"RCP2.6","period":"2060","key":"tas","value":3.5,"estimate":"q5","season":"DJF"},{"bfs_id":5648,"rcp":"RCP2.6","period":"2060","key":"tas","value":10.5,"estimate":"q5","season":"MAM"},{"bfs_id":5648,"rcp":"RCP2.6","period":"2060","key":"tas","value":20.1,"estimate":"q5","season":"JJA"},{"bfs_id":5648,"rcp":"RCP2.6","period":"2060","key":"tas","value":12.2,"estimate":"q5","season":"SON"},{"bfs_id":5648,"rcp":"RCP2.6","period":"2060","key":"tas","value":4.2,"estimate":"q50","season":"DJF"},{"bfs_id":5648,"rcp":"RCP2.6","period":"2060","key":"tas","value":11.2,"estimate":"q50","season":"MAM"},{"bfs_id":5648,"rcp":"RCP2.6","period":"2060","key":"tas","value":20.6,"estimate":"q50","season":"JJA"},{"bfs_id":5648,"rcp":"RCP2.6","period":"2060","key":"tas","value":12.6,"estimate":"q50","season":"SON"},{"bfs_id":5648,"rcp":"RCP2.6","period":"2060","key":"tas","value":4.7,"estimate":"q95","season":"DJF"},{"bfs_id":5648,"rcp":"RCP2.6","period":"2060","key":"tas","value":11.7,"estimate":"q95","season":"MAM"},{"bfs_id":5648,"rcp":"RCP2.6","period":"2060","key":"tas","value":21.2,"estimate":"q95","season":"JJA"},{"bfs_id":5648,"rcp":"RCP2.6","period":"2060","key":"tas","value":13.4,"estimate":"q95","season":"SON"},{"bfs_id":5648,"rcp":"RCP2.6","period":"2085","key":"tas","value":3.6,"estimate":"q5","season":"DJF"},{"bfs_id":5648,"rcp":"RCP2.6","period":"2085","key":"tas","value":10.6,"estimate":"q5","season":"MAM"},{"bfs_id":5648,"rcp":"RCP2.6","period":"2085","key":"tas","value":20.1,"estimate":"q5","season":"JJA"},{"bfs_id":5648,"rcp":"RCP2.6","period":"2085","key":"tas","value":12,"estimate":"q5","season":"SON"},{"bfs_id":5648,"rcp":"RCP2.6","period":"2085","key":"tas","value":4.1,"estimate":"q50","season":"DJF"},{"bfs_id":5648,"rcp":"RCP2.6","period":"2085","key":"tas","value":11.3,"estimate":"q50","season":"MAM"},{"bfs_id":5648,"rcp":"RCP2.6","period":"2085","key":"tas","value":20.6,"estimate":"q50","season":"JJA"},{"bfs_id":5648,"rcp":"RCP2.6","period":"2085","key":"tas","value":12.5,"estimate":"q50","season":"SON"},{"bfs_id":5648,"rcp":"RCP2.6","period":"2085","key":"tas","value":4.8,"estimate":"q95","season":"DJF"},{"bfs_id":5648,"rcp":"RCP2.6","period":"2085","key":"tas","value":11.8,"estimate":"q95","season":"MAM"},{"bfs_id":5648,"rcp":"RCP2.6","period":"2085","key":"tas","value":21.2,"estimate":"q95","season":"JJA"},{"bfs_id":5648,"rcp":"RCP2.6","period":"2085","key":"tas","value":13.4,"estimate":"q95","season":"SON"},{"bfs_id":5648,"rcp":"RCP8.5","period":"2035","key":"tas","value":3.5,"estimate":"q5","season":"DJF"},{"bfs_id":5648,"rcp":"RCP8.5","period":"2035","key":"tas","value":10.8,"estimate":"q5","season":"MAM"},{"bfs_id":5648,"rcp":"RCP8.5","period":"2035","key":"tas","value":20.4,"estimate":"q5","season":"JJA"},{"bfs_id":5648,"rcp":"RCP8.5","period":"2035","key":"tas","value":12.2,"estimate":"q5","season":"SON"},{"bfs_id":5648,"rcp":"RCP8.5","period":"2035","key":"tas","value":4.2,"estimate":"q50","season":"DJF"},{"bfs_id":5648,"rcp":"RCP8.5","period":"2035","key":"tas","value":11.2,"estimate":"q50","season":"MAM"},{"bfs_id":5648,"rcp":"RCP8.5","period":"2035","key":"tas","value":20.8,"estimate":"q50","season":"JJA"},{"bfs_id":5648,"rcp":"RCP8.5","period":"2035","key":"tas","value":12.6,"estimate":"q50","season":"SON"},{"bfs_id":5648,"rcp":"RCP8.5","period":"2035","key":"tas","value":4.6,"estimate":"q95","season":"DJF"},{"bfs_id":5648,"rcp":"RCP8.5","period":"2035","key":"tas","value":11.7,"estimate":"q95","season":"MAM"},{"bfs_id":5648,"rcp":"RCP8.5","period":"2035","key":"tas","value":21.4,"estimate":"q95","season":"JJA"},{"bfs_id":5648,"rcp":"RCP8.5","period":"2035","key":"tas","value":13.4,"estimate":"q95","season":"SON"},{"bfs_id":5648,"rcp":"RCP8.5","period":"2060","key":"tas","value":4.7,"estimate":"q5","season":"DJF"},{"bfs_id":5648,"rcp":"RCP8.5","period":"2060","key":"tas","value":11.6,"estimate":"q5","season":"MAM"},{"bfs_id":5648,"rcp":"RCP8.5","period":"2060","key":"tas","value":21.5,"estimate":"q5","season":"JJA"},{"bfs_id":5648,"rcp":"RCP8.5","period":"2060","key":"tas","value":13.4,"estimate":"q5","season":"SON"},{"bfs_id":5648,"rcp":"RCP8.5","period":"2060","key":"tas","value":5,"estimate":"q50","season":"DJF"},{"bfs_id":5648,"rcp":"RCP8.5","period":"2060","key":"tas","value":12.2,"estimate":"q50","season":"MAM"},{"bfs_id":5648,"rcp":"RCP8.5","period":"2060","key":"tas","value":22,"estimate":"q50","season":"JJA"},{"bfs_id":5648,"rcp":"RCP8.5","period":"2060","key":"tas","value":13.9,"estimate":"q50","season":"SON"},{"bfs_id":5648,"rcp":"RCP8.5","period":"2060","key":"tas","value":5.6,"estimate":"q95","season":"DJF"},{"bfs_id":5648,"rcp":"RCP8.5","period":"2060","key":"tas","value":12.7,"estimate":"q95","season":"MAM"},{"bfs_id":5648,"rcp":"RCP8.5","period":"2060","key":"tas","value":23,"estimate":"q95","season":"JJA"},{"bfs_id":5648,"rcp":"RCP8.5","period":"2060","key":"tas","value":14.7,"estimate":"q95","season":"SON"},{"bfs_id":5648,"rcp":"RCP8.5","period":"2085","key":"tas","value":5.6,"estimate":"q5","season":"DJF"},{"bfs_id":5648,"rcp":"RCP8.5","period":"2085","key":"tas","value":12.6,"estimate":"q5","season":"MAM"},{"bfs_id":5648,"rcp":"RCP8.5","period":"2085","key":"tas","value":22.7,"estimate":"q5","season":"JJA"},{"bfs_id":5648,"rcp":"RCP8.5","period":"2085","key":"tas","value":14.4,"estimate":"q5","season":"SON"},{"bfs_id":5648,"rcp":"RCP8.5","period":"2085","key":"tas","value":6.6,"estimate":"q50","season":"DJF"},{"bfs_id":5648,"rcp":"RCP8.5","period":"2085","key":"tas","value":13.5,"estimate":"q50","season":"MAM"},{"bfs_id":5648,"rcp":"RCP8.5","period":"2085","key":"tas","value":23.6,"estimate":"q50","season":"JJA"},{"bfs_id":5648,"rcp":"RCP8.5","period":"2085","key":"tas","value":15.2,"estimate":"q50","season":"SON"},{"bfs_id":5648,"rcp":"RCP8.5","period":"2085","key":"tas","value":7.4,"estimate":"q95","season":"DJF"},{"bfs_id":5648,"rcp":"RCP8.5","period":"2085","key":"tas","value":14.4,"estimate":"q95","season":"MAM"},{"bfs_id":5648,"rcp":"RCP8.5","period":"2085","key":"tas","value":25.9,"estimate":"q95","season":"JJA"},{"bfs_id":5648,"rcp":"RCP8.5","period":"2085","key":"tas","value":16.8,"estimate":"q95","season":"SON"},{"bfs_id":5648,"rcp":"obs","period":"1981-2010","key":"FD","value":46.2,"estimate":"yearly_mean"},{"bfs_id":5648,"rcp":"obs","period":"1981-2010","key":"HD","value":7,"estimate":"yearly_mean"},{"bfs_id":5648,"rcp":"obs","period":"1981-2010","key":"ID","value":5.9,"estimate":"yearly_mean"},{"bfs_id":5648,"rcp":"obs","period":"1981-2010","key":"SD","value":50.7,"estimate":"yearly_mean"},{"bfs_id":5648,"rcp":"obs","period":"1981-2010","key":"snowdays","value":7.6,"estimate":"yearly_mean"},{"bfs_id":5648,"rcp":"obs","period":"1981-2010","key":"TN","value":3.2,"estimate":"yearly_mean"},{"bfs_id":5648,"rcp":"obs","period":"1981-2010","key":"pr","value":2.7,"estimate":"mean","season":"DJF"},{"bfs_id":5648,"rcp":"obs","period":"1981-2010","key":"pr","value":2.7,"estimate":"mean","season":"MAM"},{"bfs_id":5648,"rcp":"obs","period":"1981-2010","key":"pr","value":2.9,"estimate":"mean","season":"JJA"},{"bfs_id":5648,"rcp":"obs","period":"1981-2010","key":"pr","value":3.2,"estimate":"mean","season":"SON"},{"bfs_id":5648,"rcp":"obs","period":"1981-2010","key":"tas","value":2.8,"estimate":"mean","season":"DJF"},{"bfs_id":5648,"rcp":"obs","period":"1981-2010","key":"tas","value":10.5,"estimate":"mean","season":"MAM"},{"bfs_id":5648,"rcp":"obs","period":"1981-2010","key":"tas","value":19.4,"estimate":"mean","season":"JJA"},{"bfs_id":5648,"rcp":"obs","period":"1981-2010","key":"tas","value":11.2,"estimate":"mean","season":"SON"}]
