[{"bfs_id":3705,"rcp":"RCP2.6","period":"2035","key":"FD","value":124.7,"estimate":"q5"},{"bfs_id":3705,"rcp":"RCP2.6","period":"2035","key":"FD","value":135.9,"estimate":"q50"},{"bfs_id":3705,"rcp":"RCP2.6","period":"2035","key":"FD","value":143.3,"estimate":"q95"},{"bfs_id":3705,"rcp":"RCP2.6","period":"2060","key":"FD","value":121.9,"estimate":"q5"},{"bfs_id":3705,"rcp":"RCP2.6","period":"2060","key":"FD","value":132.4,"estimate":"q50"},{"bfs_id":3705,"rcp":"RCP2.6","period":"2060","key":"FD","value":143.9,"estimate":"q95"},{"bfs_id":3705,"rcp":"RCP2.6","period":"2085","key":"FD","value":122.3,"estimate":"q5"},{"bfs_id":3705,"rcp":"RCP2.6","period":"2085","key":"FD","value":132.8,"estimate":"q50"},{"bfs_id":3705,"rcp":"RCP2.6","period":"2085","key":"FD","value":143.3,"estimate":"q95"},{"bfs_id":3705,"rcp":"RCP8.5","period":"2035","key":"FD","value":122.3,"estimate":"q5"},{"bfs_id":3705,"rcp":"RCP8.5","period":"2035","key":"FD","value":131.6,"estimate":"q50"},{"bfs_id":3705,"rcp":"RCP8.5","period":"2035","key":"FD","value":140.2,"estimate":"q95"},{"bfs_id":3705,"rcp":"RCP8.5","period":"2060","key":"FD","value":105.9,"estimate":"q5"},{"bfs_id":3705,"rcp":"RCP8.5","period":"2060","key":"FD","value":114.1,"estimate":"q50"},{"bfs_id":3705,"rcp":"RCP8.5","period":"2060","key":"FD","value":124.1,"estimate":"q95"},{"bfs_id":3705,"rcp":"RCP8.5","period":"2085","key":"FD","value":80.7,"estimate":"q5"},{"bfs_id":3705,"rcp":"RCP8.5","period":"2085","key":"FD","value":91.2,"estimate":"q50"},{"bfs_id":3705,"rcp":"RCP8.5","period":"2085","key":"FD","value":102.9,"estimate":"q95"},{"bfs_id":3705,"rcp":"RCP2.6","period":"2035","key":"HD","value":0.1,"estimate":"q5"},{"bfs_id":3705,"rcp":"RCP2.6","period":"2035","key":"HD","value":0.2,"estimate":"q50"},{"bfs_id":3705,"rcp":"RCP2.6","period":"2035","key":"HD","value":0.9,"estimate":"q95"},{"bfs_id":3705,"rcp":"RCP2.6","period":"2060","key":"HD","value":0.1,"estimate":"q5"},{"bfs_id":3705,"rcp":"RCP2.6","period":"2060","key":"HD","value":0.4,"estimate":"q50"},{"bfs_id":3705,"rcp":"RCP2.6","period":"2060","key":"HD","value":1.2,"estimate":"q95"},{"bfs_id":3705,"rcp":"RCP2.6","period":"2085","key":"HD","value":0.1,"estimate":"q5"},{"bfs_id":3705,"rcp":"RCP2.6","period":"2085","key":"HD","value":0.3,"estimate":"q50"},{"bfs_id":3705,"rcp":"RCP2.6","period":"2085","key":"HD","value":1.3,"estimate":"q95"},{"bfs_id":3705,"rcp":"RCP8.5","period":"2035","key":"HD","value":0.1,"estimate":"q5"},{"bfs_id":3705,"rcp":"RCP8.5","period":"2035","key":"HD","value":0.5,"estimate":"q50"},{"bfs_id":3705,"rcp":"RCP8.5","period":"2035","key":"HD","value":3.2,"estimate":"q95"},{"bfs_id":3705,"rcp":"RCP8.5","period":"2060","key":"HD","value":0.6,"estimate":"q5"},{"bfs_id":3705,"rcp":"RCP8.5","period":"2060","key":"HD","value":2,"estimate":"q50"},{"bfs_id":3705,"rcp":"RCP8.5","period":"2060","key":"HD","value":7.5,"estimate":"q95"},{"bfs_id":3705,"rcp":"RCP8.5","period":"2085","key":"HD","value":2.8,"estimate":"q5"},{"bfs_id":3705,"rcp":"RCP8.5","period":"2085","key":"HD","value":9,"estimate":"q50"},{"bfs_id":3705,"rcp":"RCP8.5","period":"2085","key":"HD","value":30.4,"estimate":"q95"},{"bfs_id":3705,"rcp":"RCP2.6","period":"2035","key":"ID","value":27.9,"estimate":"q5"},{"bfs_id":3705,"rcp":"RCP2.6","period":"2035","key":"ID","value":32.8,"estimate":"q50"},{"bfs_id":3705,"rcp":"RCP2.6","period":"2035","key":"ID","value":37.6,"estimate":"q95"},{"bfs_id":3705,"rcp":"RCP2.6","period":"2060","key":"ID","value":26.9,"estimate":"q5"},{"bfs_id":3705,"rcp":"RCP2.6","period":"2060","key":"ID","value":31,"estimate":"q50"},{"bfs_id":3705,"rcp":"RCP2.6","period":"2060","key":"ID","value":36.1,"estimate":"q95"},{"bfs_id":3705,"rcp":"RCP2.6","period":"2085","key":"ID","value":25.3,"estimate":"q5"},{"bfs_id":3705,"rcp":"RCP2.6","period":"2085","key":"ID","value":31.9,"estimate":"q50"},{"bfs_id":3705,"rcp":"RCP2.6","period":"2085","key":"ID","value":35.9,"estimate":"q95"},{"bfs_id":3705,"rcp":"RCP8.5","period":"2035","key":"ID","value":25.3,"estimate":"q5"},{"bfs_id":3705,"rcp":"RCP8.5","period":"2035","key":"ID","value":30.6,"estimate":"q50"},{"bfs_id":3705,"rcp":"RCP8.5","period":"2035","key":"ID","value":36,"estimate":"q95"},{"bfs_id":3705,"rcp":"RCP8.5","period":"2060","key":"ID","value":17.9,"estimate":"q5"},{"bfs_id":3705,"rcp":"RCP8.5","period":"2060","key":"ID","value":23.3,"estimate":"q50"},{"bfs_id":3705,"rcp":"RCP8.5","period":"2060","key":"ID","value":26.6,"estimate":"q95"},{"bfs_id":3705,"rcp":"RCP8.5","period":"2085","key":"ID","value":7.9,"estimate":"q5"},{"bfs_id":3705,"rcp":"RCP8.5","period":"2085","key":"ID","value":12.7,"estimate":"q50"},{"bfs_id":3705,"rcp":"RCP8.5","period":"2085","key":"ID","value":18,"estimate":"q95"},{"bfs_id":3705,"rcp":"RCP2.6","period":"2035","key":"SD","value":9,"estimate":"q5"},{"bfs_id":3705,"rcp":"RCP2.6","period":"2035","key":"SD","value":13,"estimate":"q50"},{"bfs_id":3705,"rcp":"RCP2.6","period":"2035","key":"SD","value":18.7,"estimate":"q95"},{"bfs_id":3705,"rcp":"RCP2.6","period":"2060","key":"SD","value":11.1,"estimate":"q5"},{"bfs_id":3705,"rcp":"RCP2.6","period":"2060","key":"SD","value":14.7,"estimate":"q50"},{"bfs_id":3705,"rcp":"RCP2.6","period":"2060","key":"SD","value":19.7,"estimate":"q95"},{"bfs_id":3705,"rcp":"RCP2.6","period":"2085","key":"SD","value":8.9,"estimate":"q5"},{"bfs_id":3705,"rcp":"RCP2.6","period":"2085","key":"SD","value":13.6,"estimate":"q50"},{"bfs_id":3705,"rcp":"RCP2.6","period":"2085","key":"SD","value":19.5,"estimate":"q95"},{"bfs_id":3705,"rcp":"RCP8.5","period":"2035","key":"SD","value":12.2,"estimate":"q5"},{"bfs_id":3705,"rcp":"RCP8.5","period":"2035","key":"SD","value":15.1,"estimate":"q50"},{"bfs_id":3705,"rcp":"RCP8.5","period":"2035","key":"SD","value":24.9,"estimate":"q95"},{"bfs_id":3705,"rcp":"RCP8.5","period":"2060","key":"SD","value":22,"estimate":"q5"},{"bfs_id":3705,"rcp":"RCP8.5","period":"2060","key":"SD","value":29.6,"estimate":"q50"},{"bfs_id":3705,"rcp":"RCP8.5","period":"2060","key":"SD","value":45.4,"estimate":"q95"},{"bfs_id":3705,"rcp":"RCP8.5","period":"2085","key":"SD","value":38.1,"estimate":"q5"},{"bfs_id":3705,"rcp":"RCP8.5","period":"2085","key":"SD","value":50.5,"estimate":"q50"},{"bfs_id":3705,"rcp":"RCP8.5","period":"2085","key":"SD","value":77.4,"estimate":"q95"},{"bfs_id":3705,"rcp":"RCP2.6","period":"2035","key":"snowdays","value":16.1,"estimate":"q5"},{"bfs_id":3705,"rcp":"RCP2.6","period":"2035","key":"snowdays","value":20.9,"estimate":"q50"},{"bfs_id":3705,"rcp":"RCP2.6","period":"2035","key":"snowdays","value":31.7,"estimate":"q95"},{"bfs_id":3705,"rcp":"RCP2.6","period":"2060","key":"snowdays","value":14.7,"estimate":"q5"},{"bfs_id":3705,"rcp":"RCP2.6","period":"2060","key":"snowdays","value":20.2,"estimate":"q50"},{"bfs_id":3705,"rcp":"RCP2.6","period":"2060","key":"snowdays","value":31.7,"estimate":"q95"},{"bfs_id":3705,"rcp":"RCP2.6","period":"2085","key":"snowdays","value":14.6,"estimate":"q5"},{"bfs_id":3705,"rcp":"RCP2.6","period":"2085","key":"snowdays","value":21.1,"estimate":"q50"},{"bfs_id":3705,"rcp":"RCP2.6","period":"2085","key":"snowdays","value":32,"estimate":"q95"},{"bfs_id":3705,"rcp":"RCP8.5","period":"2035","key":"snowdays","value":16,"estimate":"q5"},{"bfs_id":3705,"rcp":"RCP8.5","period":"2035","key":"snowdays","value":19.8,"estimate":"q50"},{"bfs_id":3705,"rcp":"RCP8.5","period":"2035","key":"snowdays","value":29.6,"estimate":"q95"},{"bfs_id":3705,"rcp":"RCP8.5","period":"2060","key":"snowdays","value":12.7,"estimate":"q5"},{"bfs_id":3705,"rcp":"RCP8.5","period":"2060","key":"snowdays","value":16,"estimate":"q50"},{"bfs_id":3705,"rcp":"RCP8.5","period":"2060","key":"snowdays","value":25.4,"estimate":"q95"},{"bfs_id":3705,"rcp":"RCP8.5","period":"2085","key":"snowdays","value":8.6,"estimate":"q5"},{"bfs_id":3705,"rcp":"RCP8.5","period":"2085","key":"snowdays","value":12,"estimate":"q50"},{"bfs_id":3705,"rcp":"RCP8.5","period":"2085","key":"snowdays","value":21.4,"estimate":"q95"},{"bfs_id":3705,"rcp":"RCP2.6","period":"2035","key":"TN","value":0,"estimate":"q5"},{"bfs_id":3705,"rcp":"RCP2.6","period":"2035","key":"TN","value":0,"estimate":"q50"},{"bfs_id":3705,"rcp":"RCP2.6","period":"2035","key":"TN","value":0,"estimate":"q95"},{"bfs_id":3705,"rcp":"RCP2.6","period":"2060","key":"TN","value":0,"estimate":"q5"},{"bfs_id":3705,"rcp":"RCP2.6","period":"2060","key":"TN","value":0,"estimate":"q50"},{"bfs_id":3705,"rcp":"RCP2.6","period":"2060","key":"TN","value":0,"estimate":"q95"},{"bfs_id":3705,"rcp":"RCP2.6","period":"2085","key":"TN","value":0,"estimate":"q5"},{"bfs_id":3705,"rcp":"RCP2.6","period":"2085","key":"TN","value":0,"estimate":"q50"},{"bfs_id":3705,"rcp":"RCP2.6","period":"2085","key":"TN","value":0,"estimate":"q95"},{"bfs_id":3705,"rcp":"RCP8.5","period":"2035","key":"TN","value":0,"estimate":"q5"},{"bfs_id":3705,"rcp":"RCP8.5","period":"2035","key":"TN","value":0,"estimate":"q50"},{"bfs_id":3705,"rcp":"RCP8.5","period":"2035","key":"TN","value":0.1,"estimate":"q95"},{"bfs_id":3705,"rcp":"RCP8.5","period":"2060","key":"TN","value":0,"estimate":"q5"},{"bfs_id":3705,"rcp":"RCP8.5","period":"2060","key":"TN","value":0.1,"estimate":"q50"},{"bfs_id":3705,"rcp":"RCP8.5","period":"2060","key":"TN","value":0.7,"estimate":"q95"},{"bfs_id":3705,"rcp":"RCP8.5","period":"2085","key":"TN","value":0.1,"estimate":"q5"},{"bfs_id":3705,"rcp":"RCP8.5","period":"2085","key":"TN","value":0.9,"estimate":"q50"},{"bfs_id":3705,"rcp":"RCP8.5","period":"2085","key":"TN","value":4.6,"estimate":"q95"},{"bfs_id":3705,"rcp":"RCP2.6","period":"2035","key":"pr","value":1.4,"estimate":"q5","season":"DJF"},{"bfs_id":3705,"rcp":"RCP2.6","period":"2035","key":"pr","value":2.1,"estimate":"q5","season":"MAM"},{"bfs_id":3705,"rcp":"RCP2.6","period":"2035","key":"pr","value":2.8,"estimate":"q5","season":"JJA"},{"bfs_id":3705,"rcp":"RCP2.6","period":"2035","key":"pr","value":2.3,"estimate":"q5","season":"SON"},{"bfs_id":3705,"rcp":"RCP2.6","period":"2035","key":"pr","value":1.7,"estimate":"q50","season":"DJF"},{"bfs_id":3705,"rcp":"RCP2.6","period":"2035","key":"pr","value":2.4,"estimate":"q50","season":"MAM"},{"bfs_id":3705,"rcp":"RCP2.6","period":"2035","key":"pr","value":3.6,"estimate":"q50","season":"JJA"},{"bfs_id":3705,"rcp":"RCP2.6","period":"2035","key":"pr","value":2.8,"estimate":"q50","season":"SON"},{"bfs_id":3705,"rcp":"RCP2.6","period":"2035","key":"pr","value":1.9,"estimate":"q95","season":"DJF"},{"bfs_id":3705,"rcp":"RCP2.6","period":"2035","key":"pr","value":2.8,"estimate":"q95","season":"MAM"},{"bfs_id":3705,"rcp":"RCP2.6","period":"2035","key":"pr","value":4.1,"estimate":"q95","season":"JJA"},{"bfs_id":3705,"rcp":"RCP2.6","period":"2035","key":"pr","value":3.4,"estimate":"q95","season":"SON"},{"bfs_id":3705,"rcp":"RCP2.6","period":"2060","key":"pr","value":1.5,"estimate":"q5","season":"DJF"},{"bfs_id":3705,"rcp":"RCP2.6","period":"2060","key":"pr","value":2,"estimate":"q5","season":"MAM"},{"bfs_id":3705,"rcp":"RCP2.6","period":"2060","key":"pr","value":2.9,"estimate":"q5","season":"JJA"},{"bfs_id":3705,"rcp":"RCP2.6","period":"2060","key":"pr","value":2.4,"estimate":"q5","season":"SON"},{"bfs_id":3705,"rcp":"RCP2.6","period":"2060","key":"pr","value":1.8,"estimate":"q50","season":"DJF"},{"bfs_id":3705,"rcp":"RCP2.6","period":"2060","key":"pr","value":2.3,"estimate":"q50","season":"MAM"},{"bfs_id":3705,"rcp":"RCP2.6","period":"2060","key":"pr","value":3.6,"estimate":"q50","season":"JJA"},{"bfs_id":3705,"rcp":"RCP2.6","period":"2060","key":"pr","value":2.8,"estimate":"q50","season":"SON"},{"bfs_id":3705,"rcp":"RCP2.6","period":"2060","key":"pr","value":2,"estimate":"q95","season":"DJF"},{"bfs_id":3705,"rcp":"RCP2.6","period":"2060","key":"pr","value":2.8,"estimate":"q95","season":"MAM"},{"bfs_id":3705,"rcp":"RCP2.6","period":"2060","key":"pr","value":4.2,"estimate":"q95","season":"JJA"},{"bfs_id":3705,"rcp":"RCP2.6","period":"2060","key":"pr","value":3.2,"estimate":"q95","season":"SON"},{"bfs_id":3705,"rcp":"RCP2.6","period":"2085","key":"pr","value":1.5,"estimate":"q5","season":"DJF"},{"bfs_id":3705,"rcp":"RCP2.6","period":"2085","key":"pr","value":2,"estimate":"q5","season":"MAM"},{"bfs_id":3705,"rcp":"RCP2.6","period":"2085","key":"pr","value":2.9,"estimate":"q5","season":"JJA"},{"bfs_id":3705,"rcp":"RCP2.6","period":"2085","key":"pr","value":2.4,"estimate":"q5","season":"SON"},{"bfs_id":3705,"rcp":"RCP2.6","period":"2085","key":"pr","value":1.8,"estimate":"q50","season":"DJF"},{"bfs_id":3705,"rcp":"RCP2.6","period":"2085","key":"pr","value":2.4,"estimate":"q50","season":"MAM"},{"bfs_id":3705,"rcp":"RCP2.6","period":"2085","key":"pr","value":3.6,"estimate":"q50","season":"JJA"},{"bfs_id":3705,"rcp":"RCP2.6","period":"2085","key":"pr","value":2.8,"estimate":"q50","season":"SON"},{"bfs_id":3705,"rcp":"RCP2.6","period":"2085","key":"pr","value":2,"estimate":"q95","season":"DJF"},{"bfs_id":3705,"rcp":"RCP2.6","period":"2085","key":"pr","value":2.8,"estimate":"q95","season":"MAM"},{"bfs_id":3705,"rcp":"RCP2.6","period":"2085","key":"pr","value":4.2,"estimate":"q95","season":"JJA"},{"bfs_id":3705,"rcp":"RCP2.6","period":"2085","key":"pr","value":3.3,"estimate":"q95","season":"SON"},{"bfs_id":3705,"rcp":"RCP8.5","period":"2035","key":"pr","value":1.6,"estimate":"q5","season":"DJF"},{"bfs_id":3705,"rcp":"RCP8.5","period":"2035","key":"pr","value":2.1,"estimate":"q5","season":"MAM"},{"bfs_id":3705,"rcp":"RCP8.5","period":"2035","key":"pr","value":3,"estimate":"q5","season":"JJA"},{"bfs_id":3705,"rcp":"RCP8.5","period":"2035","key":"pr","value":2.4,"estimate":"q5","season":"SON"},{"bfs_id":3705,"rcp":"RCP8.5","period":"2035","key":"pr","value":1.7,"estimate":"q50","season":"DJF"},{"bfs_id":3705,"rcp":"RCP8.5","period":"2035","key":"pr","value":2.4,"estimate":"q50","season":"MAM"},{"bfs_id":3705,"rcp":"RCP8.5","period":"2035","key":"pr","value":3.6,"estimate":"q50","season":"JJA"},{"bfs_id":3705,"rcp":"RCP8.5","period":"2035","key":"pr","value":2.8,"estimate":"q50","season":"SON"},{"bfs_id":3705,"rcp":"RCP8.5","period":"2035","key":"pr","value":1.9,"estimate":"q95","season":"DJF"},{"bfs_id":3705,"rcp":"RCP8.5","period":"2035","key":"pr","value":2.8,"estimate":"q95","season":"MAM"},{"bfs_id":3705,"rcp":"RCP8.5","period":"2035","key":"pr","value":4.2,"estimate":"q95","season":"JJA"},{"bfs_id":3705,"rcp":"RCP8.5","period":"2035","key":"pr","value":3.1,"estimate":"q95","season":"SON"},{"bfs_id":3705,"rcp":"RCP8.5","period":"2060","key":"pr","value":1.5,"estimate":"q5","season":"DJF"},{"bfs_id":3705,"rcp":"RCP8.5","period":"2060","key":"pr","value":2.2,"estimate":"q5","season":"MAM"},{"bfs_id":3705,"rcp":"RCP8.5","period":"2060","key":"pr","value":2.8,"estimate":"q5","season":"JJA"},{"bfs_id":3705,"rcp":"RCP8.5","period":"2060","key":"pr","value":2.4,"estimate":"q5","season":"SON"},{"bfs_id":3705,"rcp":"RCP8.5","period":"2060","key":"pr","value":1.9,"estimate":"q50","season":"DJF"},{"bfs_id":3705,"rcp":"RCP8.5","period":"2060","key":"pr","value":2.6,"estimate":"q50","season":"MAM"},{"bfs_id":3705,"rcp":"RCP8.5","period":"2060","key":"pr","value":3.3,"estimate":"q50","season":"JJA"},{"bfs_id":3705,"rcp":"RCP8.5","period":"2060","key":"pr","value":2.9,"estimate":"q50","season":"SON"},{"bfs_id":3705,"rcp":"RCP8.5","period":"2060","key":"pr","value":2.1,"estimate":"q95","season":"DJF"},{"bfs_id":3705,"rcp":"RCP8.5","period":"2060","key":"pr","value":3,"estimate":"q95","season":"MAM"},{"bfs_id":3705,"rcp":"RCP8.5","period":"2060","key":"pr","value":4.4,"estimate":"q95","season":"JJA"},{"bfs_id":3705,"rcp":"RCP8.5","period":"2060","key":"pr","value":3.4,"estimate":"q95","season":"SON"},{"bfs_id":3705,"rcp":"RCP8.5","period":"2085","key":"pr","value":1.7,"estimate":"q5","season":"DJF"},{"bfs_id":3705,"rcp":"RCP8.5","period":"2085","key":"pr","value":2.3,"estimate":"q5","season":"MAM"},{"bfs_id":3705,"rcp":"RCP8.5","period":"2085","key":"pr","value":2.2,"estimate":"q5","season":"JJA"},{"bfs_id":3705,"rcp":"RCP8.5","period":"2085","key":"pr","value":2.5,"estimate":"q5","season":"SON"},{"bfs_id":3705,"rcp":"RCP8.5","period":"2085","key":"pr","value":2,"estimate":"q50","season":"DJF"},{"bfs_id":3705,"rcp":"RCP8.5","period":"2085","key":"pr","value":2.8,"estimate":"q50","season":"MAM"},{"bfs_id":3705,"rcp":"RCP8.5","period":"2085","key":"pr","value":3,"estimate":"q50","season":"JJA"},{"bfs_id":3705,"rcp":"RCP8.5","period":"2085","key":"pr","value":2.8,"estimate":"q50","season":"SON"},{"bfs_id":3705,"rcp":"RCP8.5","period":"2085","key":"pr","value":2.3,"estimate":"q95","season":"DJF"},{"bfs_id":3705,"rcp":"RCP8.5","period":"2085","key":"pr","value":3.2,"estimate":"q95","season":"MAM"},{"bfs_id":3705,"rcp":"RCP8.5","period":"2085","key":"pr","value":4.5,"estimate":"q95","season":"JJA"},{"bfs_id":3705,"rcp":"RCP8.5","period":"2085","key":"pr","value":3.6,"estimate":"q95","season":"SON"},{"bfs_id":3705,"rcp":"RCP2.6","period":"2035","key":"tas","value":-1.8,"estimate":"q5","season":"DJF"},{"bfs_id":3705,"rcp":"RCP2.6","period":"2035","key":"tas","value":4.4,"estimate":"q5","season":"MAM"},{"bfs_id":3705,"rcp":"RCP2.6","period":"2035","key":"tas","value":13.9,"estimate":"q5","season":"JJA"},{"bfs_id":3705,"rcp":"RCP2.6","period":"2035","key":"tas","value":6.6,"estimate":"q5","season":"SON"},{"bfs_id":3705,"rcp":"RCP2.6","period":"2035","key":"tas","value":-1.3,"estimate":"q50","season":"DJF"},{"bfs_id":3705,"rcp":"RCP2.6","period":"2035","key":"tas","value":5.1,"estimate":"q50","season":"MAM"},{"bfs_id":3705,"rcp":"RCP2.6","period":"2035","key":"tas","value":14.9,"estimate":"q50","season":"JJA"},{"bfs_id":3705,"rcp":"RCP2.6","period":"2035","key":"tas","value":7.3,"estimate":"q50","season":"SON"},{"bfs_id":3705,"rcp":"RCP2.6","period":"2035","key":"tas","value":-0.8,"estimate":"q95","season":"DJF"},{"bfs_id":3705,"rcp":"RCP2.6","period":"2035","key":"tas","value":5.6,"estimate":"q95","season":"MAM"},{"bfs_id":3705,"rcp":"RCP2.6","period":"2035","key":"tas","value":16,"estimate":"q95","season":"JJA"},{"bfs_id":3705,"rcp":"RCP2.6","period":"2035","key":"tas","value":7.9,"estimate":"q95","season":"SON"},{"bfs_id":3705,"rcp":"RCP2.6","period":"2060","key":"tas","value":-1.9,"estimate":"q5","season":"DJF"},{"bfs_id":3705,"rcp":"RCP2.6","period":"2060","key":"tas","value":4.4,"estimate":"q5","season":"MAM"},{"bfs_id":3705,"rcp":"RCP2.6","period":"2060","key":"tas","value":14.2,"estimate":"q5","season":"JJA"},{"bfs_id":3705,"rcp":"RCP2.6","period":"2060","key":"tas","value":7,"estimate":"q5","season":"SON"},{"bfs_id":3705,"rcp":"RCP2.6","period":"2060","key":"tas","value":-1,"estimate":"q50","season":"DJF"},{"bfs_id":3705,"rcp":"RCP2.6","period":"2060","key":"tas","value":5,"estimate":"q50","season":"MAM"},{"bfs_id":3705,"rcp":"RCP2.6","period":"2060","key":"tas","value":15.2,"estimate":"q50","season":"JJA"},{"bfs_id":3705,"rcp":"RCP2.6","period":"2060","key":"tas","value":7.4,"estimate":"q50","season":"SON"},{"bfs_id":3705,"rcp":"RCP2.6","period":"2060","key":"tas","value":-0.5,"estimate":"q95","season":"DJF"},{"bfs_id":3705,"rcp":"RCP2.6","period":"2060","key":"tas","value":5.7,"estimate":"q95","season":"MAM"},{"bfs_id":3705,"rcp":"RCP2.6","period":"2060","key":"tas","value":16.4,"estimate":"q95","season":"JJA"},{"bfs_id":3705,"rcp":"RCP2.6","period":"2060","key":"tas","value":8.3,"estimate":"q95","season":"SON"},{"bfs_id":3705,"rcp":"RCP2.6","period":"2085","key":"tas","value":-1.7,"estimate":"q5","season":"DJF"},{"bfs_id":3705,"rcp":"RCP2.6","period":"2085","key":"tas","value":4.4,"estimate":"q5","season":"MAM"},{"bfs_id":3705,"rcp":"RCP2.6","period":"2085","key":"tas","value":14.1,"estimate":"q5","season":"JJA"},{"bfs_id":3705,"rcp":"RCP2.6","period":"2085","key":"tas","value":6.7,"estimate":"q5","season":"SON"},{"bfs_id":3705,"rcp":"RCP2.6","period":"2085","key":"tas","value":-1.2,"estimate":"q50","season":"DJF"},{"bfs_id":3705,"rcp":"RCP2.6","period":"2085","key":"tas","value":5,"estimate":"q50","season":"MAM"},{"bfs_id":3705,"rcp":"RCP2.6","period":"2085","key":"tas","value":15.1,"estimate":"q50","season":"JJA"},{"bfs_id":3705,"rcp":"RCP2.6","period":"2085","key":"tas","value":7.4,"estimate":"q50","season":"SON"},{"bfs_id":3705,"rcp":"RCP2.6","period":"2085","key":"tas","value":-0.5,"estimate":"q95","season":"DJF"},{"bfs_id":3705,"rcp":"RCP2.6","period":"2085","key":"tas","value":5.8,"estimate":"q95","season":"MAM"},{"bfs_id":3705,"rcp":"RCP2.6","period":"2085","key":"tas","value":16,"estimate":"q95","season":"JJA"},{"bfs_id":3705,"rcp":"RCP2.6","period":"2085","key":"tas","value":8.2,"estimate":"q95","season":"SON"},{"bfs_id":3705,"rcp":"RCP8.5","period":"2035","key":"tas","value":-1.7,"estimate":"q5","season":"DJF"},{"bfs_id":3705,"rcp":"RCP8.5","period":"2035","key":"tas","value":4.7,"estimate":"q5","season":"MAM"},{"bfs_id":3705,"rcp":"RCP8.5","period":"2035","key":"tas","value":14.4,"estimate":"q5","season":"JJA"},{"bfs_id":3705,"rcp":"RCP8.5","period":"2035","key":"tas","value":7.2,"estimate":"q5","season":"SON"},{"bfs_id":3705,"rcp":"RCP8.5","period":"2035","key":"tas","value":-0.9,"estimate":"q50","season":"DJF"},{"bfs_id":3705,"rcp":"RCP8.5","period":"2035","key":"tas","value":5,"estimate":"q50","season":"MAM"},{"bfs_id":3705,"rcp":"RCP8.5","period":"2035","key":"tas","value":15.2,"estimate":"q50","season":"JJA"},{"bfs_id":3705,"rcp":"RCP8.5","period":"2035","key":"tas","value":7.5,"estimate":"q50","season":"SON"},{"bfs_id":3705,"rcp":"RCP8.5","period":"2035","key":"tas","value":-0.6,"estimate":"q95","season":"DJF"},{"bfs_id":3705,"rcp":"RCP8.5","period":"2035","key":"tas","value":5.7,"estimate":"q95","season":"MAM"},{"bfs_id":3705,"rcp":"RCP8.5","period":"2035","key":"tas","value":16.3,"estimate":"q95","season":"JJA"},{"bfs_id":3705,"rcp":"RCP8.5","period":"2035","key":"tas","value":8.3,"estimate":"q95","season":"SON"},{"bfs_id":3705,"rcp":"RCP8.5","period":"2060","key":"tas","value":-0.5,"estimate":"q5","season":"DJF"},{"bfs_id":3705,"rcp":"RCP8.5","period":"2060","key":"tas","value":5.6,"estimate":"q5","season":"MAM"},{"bfs_id":3705,"rcp":"RCP8.5","period":"2060","key":"tas","value":15.5,"estimate":"q5","season":"JJA"},{"bfs_id":3705,"rcp":"RCP8.5","period":"2060","key":"tas","value":8.4,"estimate":"q5","season":"SON"},{"bfs_id":3705,"rcp":"RCP8.5","period":"2060","key":"tas","value":-0.1,"estimate":"q50","season":"DJF"},{"bfs_id":3705,"rcp":"RCP8.5","period":"2060","key":"tas","value":6.3,"estimate":"q50","season":"MAM"},{"bfs_id":3705,"rcp":"RCP8.5","period":"2060","key":"tas","value":17.2,"estimate":"q50","season":"JJA"},{"bfs_id":3705,"rcp":"RCP8.5","period":"2060","key":"tas","value":9.1,"estimate":"q50","season":"SON"},{"bfs_id":3705,"rcp":"RCP8.5","period":"2060","key":"tas","value":0.6,"estimate":"q95","season":"DJF"},{"bfs_id":3705,"rcp":"RCP8.5","period":"2060","key":"tas","value":7.2,"estimate":"q95","season":"MAM"},{"bfs_id":3705,"rcp":"RCP8.5","period":"2060","key":"tas","value":18.7,"estimate":"q95","season":"JJA"},{"bfs_id":3705,"rcp":"RCP8.5","period":"2060","key":"tas","value":9.9,"estimate":"q95","season":"SON"},{"bfs_id":3705,"rcp":"RCP8.5","period":"2085","key":"tas","value":0.9,"estimate":"q5","season":"DJF"},{"bfs_id":3705,"rcp":"RCP8.5","period":"2085","key":"tas","value":7,"estimate":"q5","season":"MAM"},{"bfs_id":3705,"rcp":"RCP8.5","period":"2085","key":"tas","value":17.1,"estimate":"q5","season":"JJA"},{"bfs_id":3705,"rcp":"RCP8.5","period":"2085","key":"tas","value":9.7,"estimate":"q5","season":"SON"},{"bfs_id":3705,"rcp":"RCP8.5","period":"2085","key":"tas","value":1.7,"estimate":"q50","season":"DJF"},{"bfs_id":3705,"rcp":"RCP8.5","period":"2085","key":"tas","value":8,"estimate":"q50","season":"MAM"},{"bfs_id":3705,"rcp":"RCP8.5","period":"2085","key":"tas","value":19.3,"estimate":"q50","season":"JJA"},{"bfs_id":3705,"rcp":"RCP8.5","period":"2085","key":"tas","value":10.3,"estimate":"q50","season":"SON"},{"bfs_id":3705,"rcp":"RCP8.5","period":"2085","key":"tas","value":2.1,"estimate":"q95","season":"DJF"},{"bfs_id":3705,"rcp":"RCP8.5","period":"2085","key":"tas","value":10,"estimate":"q95","season":"MAM"},{"bfs_id":3705,"rcp":"RCP8.5","period":"2085","key":"tas","value":21.5,"estimate":"q95","season":"JJA"},{"bfs_id":3705,"rcp":"RCP8.5","period":"2085","key":"tas","value":12,"estimate":"q95","season":"SON"},{"bfs_id":3705,"rcp":"obs","period":"1981-2010","key":"FD","value":148.9,"estimate":"yearly_mean"},{"bfs_id":3705,"rcp":"obs","period":"1981-2010","key":"HD","value":0.1,"estimate":"yearly_mean"},{"bfs_id":3705,"rcp":"obs","period":"1981-2010","key":"ID","value":42.5,"estimate":"yearly_mean"},{"bfs_id":3705,"rcp":"obs","period":"1981-2010","key":"SD","value":5.9,"estimate":"yearly_mean"},{"bfs_id":3705,"rcp":"obs","period":"1981-2010","key":"snowdays","value":31.8,"estimate":"yearly_mean"},{"bfs_id":3705,"rcp":"obs","period":"1981-2010","key":"TN","value":0,"estimate":"yearly_mean"},{"bfs_id":3705,"rcp":"obs","period":"1981-2010","key":"pr","value":1.5,"estimate":"mean","season":"DJF"},{"bfs_id":3705,"rcp":"obs","period":"1981-2010","key":"pr","value":2.1,"estimate":"mean","season":"MAM"},{"bfs_id":3705,"rcp":"obs","period":"1981-2010","key":"pr","value":3.9,"estimate":"mean","season":"JJA"},{"bfs_id":3705,"rcp":"obs","period":"1981-2010","key":"pr","value":2.8,"estimate":"mean","season":"SON"},{"bfs_id":3705,"rcp":"obs","period":"1981-2010","key":"tas","value":-2.3,"estimate":"mean","season":"DJF"},{"bfs_id":3705,"rcp":"obs","period":"1981-2010","key":"tas","value":4.4,"estimate":"mean","season":"MAM"},{"bfs_id":3705,"rcp":"obs","period":"1981-2010","key":"tas","value":13.1,"estimate":"mean","season":"JJA"},{"bfs_id":3705,"rcp":"obs","period":"1981-2010","key":"tas","value":6,"estimate":"mean","season":"SON"}]
