[{"bfs_id":2883,"rcp":"RCP2.6","period":"2035","key":"FD","value":73.8,"estimate":"q5"},{"bfs_id":2883,"rcp":"RCP2.6","period":"2035","key":"FD","value":86.4,"estimate":"q50"},{"bfs_id":2883,"rcp":"RCP2.6","period":"2035","key":"FD","value":92.3,"estimate":"q95"},{"bfs_id":2883,"rcp":"RCP2.6","period":"2060","key":"FD","value":71.3,"estimate":"q5"},{"bfs_id":2883,"rcp":"RCP2.6","period":"2060","key":"FD","value":82.6,"estimate":"q50"},{"bfs_id":2883,"rcp":"RCP2.6","period":"2060","key":"FD","value":90.2,"estimate":"q95"},{"bfs_id":2883,"rcp":"RCP2.6","period":"2085","key":"FD","value":72.3,"estimate":"q5"},{"bfs_id":2883,"rcp":"RCP2.6","period":"2085","key":"FD","value":83.6,"estimate":"q50"},{"bfs_id":2883,"rcp":"RCP2.6","period":"2085","key":"FD","value":91.2,"estimate":"q95"},{"bfs_id":2883,"rcp":"RCP8.5","period":"2035","key":"FD","value":70.6,"estimate":"q5"},{"bfs_id":2883,"rcp":"RCP8.5","period":"2035","key":"FD","value":81.4,"estimate":"q50"},{"bfs_id":2883,"rcp":"RCP8.5","period":"2035","key":"FD","value":88.7,"estimate":"q95"},{"bfs_id":2883,"rcp":"RCP8.5","period":"2060","key":"FD","value":58.9,"estimate":"q5"},{"bfs_id":2883,"rcp":"RCP8.5","period":"2060","key":"FD","value":65.6,"estimate":"q50"},{"bfs_id":2883,"rcp":"RCP8.5","period":"2060","key":"FD","value":74.4,"estimate":"q95"},{"bfs_id":2883,"rcp":"RCP8.5","period":"2085","key":"FD","value":37.3,"estimate":"q5"},{"bfs_id":2883,"rcp":"RCP8.5","period":"2085","key":"FD","value":44,"estimate":"q50"},{"bfs_id":2883,"rcp":"RCP8.5","period":"2085","key":"FD","value":56.3,"estimate":"q95"},{"bfs_id":2883,"rcp":"RCP2.6","period":"2035","key":"HD","value":4.5,"estimate":"q5"},{"bfs_id":2883,"rcp":"RCP2.6","period":"2035","key":"HD","value":7,"estimate":"q50"},{"bfs_id":2883,"rcp":"RCP2.6","period":"2035","key":"HD","value":10.4,"estimate":"q95"},{"bfs_id":2883,"rcp":"RCP2.6","period":"2060","key":"HD","value":5.2,"estimate":"q5"},{"bfs_id":2883,"rcp":"RCP2.6","period":"2060","key":"HD","value":7.3,"estimate":"q50"},{"bfs_id":2883,"rcp":"RCP2.6","period":"2060","key":"HD","value":11.8,"estimate":"q95"},{"bfs_id":2883,"rcp":"RCP2.6","period":"2085","key":"HD","value":5.3,"estimate":"q5"},{"bfs_id":2883,"rcp":"RCP2.6","period":"2085","key":"HD","value":6.6,"estimate":"q50"},{"bfs_id":2883,"rcp":"RCP2.6","period":"2085","key":"HD","value":11.3,"estimate":"q95"},{"bfs_id":2883,"rcp":"RCP8.5","period":"2035","key":"HD","value":5.4,"estimate":"q5"},{"bfs_id":2883,"rcp":"RCP8.5","period":"2035","key":"HD","value":6.7,"estimate":"q50"},{"bfs_id":2883,"rcp":"RCP8.5","period":"2035","key":"HD","value":12.1,"estimate":"q95"},{"bfs_id":2883,"rcp":"RCP8.5","period":"2060","key":"HD","value":9.6,"estimate":"q5"},{"bfs_id":2883,"rcp":"RCP8.5","period":"2060","key":"HD","value":14.2,"estimate":"q50"},{"bfs_id":2883,"rcp":"RCP8.5","period":"2060","key":"HD","value":25.2,"estimate":"q95"},{"bfs_id":2883,"rcp":"RCP8.5","period":"2085","key":"HD","value":19.5,"estimate":"q5"},{"bfs_id":2883,"rcp":"RCP8.5","period":"2085","key":"HD","value":26.3,"estimate":"q50"},{"bfs_id":2883,"rcp":"RCP8.5","period":"2085","key":"HD","value":49.1,"estimate":"q95"},{"bfs_id":2883,"rcp":"RCP2.6","period":"2035","key":"ID","value":18.4,"estimate":"q5"},{"bfs_id":2883,"rcp":"RCP2.6","period":"2035","key":"ID","value":22.5,"estimate":"q50"},{"bfs_id":2883,"rcp":"RCP2.6","period":"2035","key":"ID","value":25.9,"estimate":"q95"},{"bfs_id":2883,"rcp":"RCP2.6","period":"2060","key":"ID","value":17,"estimate":"q5"},{"bfs_id":2883,"rcp":"RCP2.6","period":"2060","key":"ID","value":21.1,"estimate":"q50"},{"bfs_id":2883,"rcp":"RCP2.6","period":"2060","key":"ID","value":25.7,"estimate":"q95"},{"bfs_id":2883,"rcp":"RCP2.6","period":"2085","key":"ID","value":17.1,"estimate":"q5"},{"bfs_id":2883,"rcp":"RCP2.6","period":"2085","key":"ID","value":21.9,"estimate":"q50"},{"bfs_id":2883,"rcp":"RCP2.6","period":"2085","key":"ID","value":25.9,"estimate":"q95"},{"bfs_id":2883,"rcp":"RCP8.5","period":"2035","key":"ID","value":16.9,"estimate":"q5"},{"bfs_id":2883,"rcp":"RCP8.5","period":"2035","key":"ID","value":20.6,"estimate":"q50"},{"bfs_id":2883,"rcp":"RCP8.5","period":"2035","key":"ID","value":26.2,"estimate":"q95"},{"bfs_id":2883,"rcp":"RCP8.5","period":"2060","key":"ID","value":11.5,"estimate":"q5"},{"bfs_id":2883,"rcp":"RCP8.5","period":"2060","key":"ID","value":15.8,"estimate":"q50"},{"bfs_id":2883,"rcp":"RCP8.5","period":"2060","key":"ID","value":17.8,"estimate":"q95"},{"bfs_id":2883,"rcp":"RCP8.5","period":"2085","key":"ID","value":4.5,"estimate":"q5"},{"bfs_id":2883,"rcp":"RCP8.5","period":"2085","key":"ID","value":8.2,"estimate":"q50"},{"bfs_id":2883,"rcp":"RCP8.5","period":"2085","key":"ID","value":11.5,"estimate":"q95"},{"bfs_id":2883,"rcp":"RCP2.6","period":"2035","key":"SD","value":32.8,"estimate":"q5"},{"bfs_id":2883,"rcp":"RCP2.6","period":"2035","key":"SD","value":38.5,"estimate":"q50"},{"bfs_id":2883,"rcp":"RCP2.6","period":"2035","key":"SD","value":45,"estimate":"q95"},{"bfs_id":2883,"rcp":"RCP2.6","period":"2060","key":"SD","value":33.2,"estimate":"q5"},{"bfs_id":2883,"rcp":"RCP2.6","period":"2060","key":"SD","value":39.2,"estimate":"q50"},{"bfs_id":2883,"rcp":"RCP2.6","period":"2060","key":"SD","value":45.8,"estimate":"q95"},{"bfs_id":2883,"rcp":"RCP2.6","period":"2085","key":"SD","value":33.4,"estimate":"q5"},{"bfs_id":2883,"rcp":"RCP2.6","period":"2085","key":"SD","value":39.7,"estimate":"q50"},{"bfs_id":2883,"rcp":"RCP2.6","period":"2085","key":"SD","value":45.5,"estimate":"q95"},{"bfs_id":2883,"rcp":"RCP8.5","period":"2035","key":"SD","value":35.9,"estimate":"q5"},{"bfs_id":2883,"rcp":"RCP8.5","period":"2035","key":"SD","value":40,"estimate":"q50"},{"bfs_id":2883,"rcp":"RCP8.5","period":"2035","key":"SD","value":45.8,"estimate":"q95"},{"bfs_id":2883,"rcp":"RCP8.5","period":"2060","key":"SD","value":47.6,"estimate":"q5"},{"bfs_id":2883,"rcp":"RCP8.5","period":"2060","key":"SD","value":54.5,"estimate":"q50"},{"bfs_id":2883,"rcp":"RCP8.5","period":"2060","key":"SD","value":71.9,"estimate":"q95"},{"bfs_id":2883,"rcp":"RCP8.5","period":"2085","key":"SD","value":64.3,"estimate":"q5"},{"bfs_id":2883,"rcp":"RCP8.5","period":"2085","key":"SD","value":77.6,"estimate":"q50"},{"bfs_id":2883,"rcp":"RCP8.5","period":"2085","key":"SD","value":96.9,"estimate":"q95"},{"bfs_id":2883,"rcp":"RCP2.6","period":"2035","key":"snowdays","value":20.2,"estimate":"q5"},{"bfs_id":2883,"rcp":"RCP2.6","period":"2035","key":"snowdays","value":23.9,"estimate":"q50"},{"bfs_id":2883,"rcp":"RCP2.6","period":"2035","key":"snowdays","value":27.3,"estimate":"q95"},{"bfs_id":2883,"rcp":"RCP2.6","period":"2060","key":"snowdays","value":19.2,"estimate":"q5"},{"bfs_id":2883,"rcp":"RCP2.6","period":"2060","key":"snowdays","value":22.2,"estimate":"q50"},{"bfs_id":2883,"rcp":"RCP2.6","period":"2060","key":"snowdays","value":29.4,"estimate":"q95"},{"bfs_id":2883,"rcp":"RCP2.6","period":"2085","key":"snowdays","value":19,"estimate":"q5"},{"bfs_id":2883,"rcp":"RCP2.6","period":"2085","key":"snowdays","value":22.5,"estimate":"q50"},{"bfs_id":2883,"rcp":"RCP2.6","period":"2085","key":"snowdays","value":27.5,"estimate":"q95"},{"bfs_id":2883,"rcp":"RCP8.5","period":"2035","key":"snowdays","value":17.7,"estimate":"q5"},{"bfs_id":2883,"rcp":"RCP8.5","period":"2035","key":"snowdays","value":22.4,"estimate":"q50"},{"bfs_id":2883,"rcp":"RCP8.5","period":"2035","key":"snowdays","value":27.4,"estimate":"q95"},{"bfs_id":2883,"rcp":"RCP8.5","period":"2060","key":"snowdays","value":13.3,"estimate":"q5"},{"bfs_id":2883,"rcp":"RCP8.5","period":"2060","key":"snowdays","value":17,"estimate":"q50"},{"bfs_id":2883,"rcp":"RCP8.5","period":"2060","key":"snowdays","value":20.7,"estimate":"q95"},{"bfs_id":2883,"rcp":"RCP8.5","period":"2085","key":"snowdays","value":6.5,"estimate":"q5"},{"bfs_id":2883,"rcp":"RCP8.5","period":"2085","key":"snowdays","value":10.1,"estimate":"q50"},{"bfs_id":2883,"rcp":"RCP8.5","period":"2085","key":"snowdays","value":16.3,"estimate":"q95"},{"bfs_id":2883,"rcp":"RCP2.6","period":"2035","key":"TN","value":0.1,"estimate":"q5"},{"bfs_id":2883,"rcp":"RCP2.6","period":"2035","key":"TN","value":0.4,"estimate":"q50"},{"bfs_id":2883,"rcp":"RCP2.6","period":"2035","key":"TN","value":0.8,"estimate":"q95"},{"bfs_id":2883,"rcp":"RCP2.6","period":"2060","key":"TN","value":0.1,"estimate":"q5"},{"bfs_id":2883,"rcp":"RCP2.6","period":"2060","key":"TN","value":0.6,"estimate":"q50"},{"bfs_id":2883,"rcp":"RCP2.6","period":"2060","key":"TN","value":1.1,"estimate":"q95"},{"bfs_id":2883,"rcp":"RCP2.6","period":"2085","key":"TN","value":0.1,"estimate":"q5"},{"bfs_id":2883,"rcp":"RCP2.6","period":"2085","key":"TN","value":0.6,"estimate":"q50"},{"bfs_id":2883,"rcp":"RCP2.6","period":"2085","key":"TN","value":1,"estimate":"q95"},{"bfs_id":2883,"rcp":"RCP8.5","period":"2035","key":"TN","value":0.2,"estimate":"q5"},{"bfs_id":2883,"rcp":"RCP8.5","period":"2035","key":"TN","value":0.6,"estimate":"q50"},{"bfs_id":2883,"rcp":"RCP8.5","period":"2035","key":"TN","value":2.1,"estimate":"q95"},{"bfs_id":2883,"rcp":"RCP8.5","period":"2060","key":"TN","value":1.2,"estimate":"q5"},{"bfs_id":2883,"rcp":"RCP8.5","period":"2060","key":"TN","value":2.9,"estimate":"q50"},{"bfs_id":2883,"rcp":"RCP8.5","period":"2060","key":"TN","value":6.3,"estimate":"q95"},{"bfs_id":2883,"rcp":"RCP8.5","period":"2085","key":"TN","value":5.7,"estimate":"q5"},{"bfs_id":2883,"rcp":"RCP8.5","period":"2085","key":"TN","value":9.8,"estimate":"q50"},{"bfs_id":2883,"rcp":"RCP8.5","period":"2085","key":"TN","value":23.4,"estimate":"q95"},{"bfs_id":2883,"rcp":"RCP2.6","period":"2035","key":"pr","value":2.7,"estimate":"q5","season":"DJF"},{"bfs_id":2883,"rcp":"RCP2.6","period":"2035","key":"pr","value":3.1,"estimate":"q5","season":"MAM"},{"bfs_id":2883,"rcp":"RCP2.6","period":"2035","key":"pr","value":3.4,"estimate":"q5","season":"JJA"},{"bfs_id":2883,"rcp":"RCP2.6","period":"2035","key":"pr","value":3,"estimate":"q5","season":"SON"},{"bfs_id":2883,"rcp":"RCP2.6","period":"2035","key":"pr","value":3.1,"estimate":"q50","season":"DJF"},{"bfs_id":2883,"rcp":"RCP2.6","period":"2035","key":"pr","value":3.5,"estimate":"q50","season":"MAM"},{"bfs_id":2883,"rcp":"RCP2.6","period":"2035","key":"pr","value":3.7,"estimate":"q50","season":"JJA"},{"bfs_id":2883,"rcp":"RCP2.6","period":"2035","key":"pr","value":3.2,"estimate":"q50","season":"SON"},{"bfs_id":2883,"rcp":"RCP2.6","period":"2035","key":"pr","value":3.6,"estimate":"q95","season":"DJF"},{"bfs_id":2883,"rcp":"RCP2.6","period":"2035","key":"pr","value":3.8,"estimate":"q95","season":"MAM"},{"bfs_id":2883,"rcp":"RCP2.6","period":"2035","key":"pr","value":4.3,"estimate":"q95","season":"JJA"},{"bfs_id":2883,"rcp":"RCP2.6","period":"2035","key":"pr","value":3.7,"estimate":"q95","season":"SON"},{"bfs_id":2883,"rcp":"RCP2.6","period":"2060","key":"pr","value":2.7,"estimate":"q5","season":"DJF"},{"bfs_id":2883,"rcp":"RCP2.6","period":"2060","key":"pr","value":3.3,"estimate":"q5","season":"MAM"},{"bfs_id":2883,"rcp":"RCP2.6","period":"2060","key":"pr","value":3.2,"estimate":"q5","season":"JJA"},{"bfs_id":2883,"rcp":"RCP2.6","period":"2060","key":"pr","value":3.1,"estimate":"q5","season":"SON"},{"bfs_id":2883,"rcp":"RCP2.6","period":"2060","key":"pr","value":3.1,"estimate":"q50","season":"DJF"},{"bfs_id":2883,"rcp":"RCP2.6","period":"2060","key":"pr","value":3.5,"estimate":"q50","season":"MAM"},{"bfs_id":2883,"rcp":"RCP2.6","period":"2060","key":"pr","value":3.7,"estimate":"q50","season":"JJA"},{"bfs_id":2883,"rcp":"RCP2.6","period":"2060","key":"pr","value":3.2,"estimate":"q50","season":"SON"},{"bfs_id":2883,"rcp":"RCP2.6","period":"2060","key":"pr","value":3.4,"estimate":"q95","season":"DJF"},{"bfs_id":2883,"rcp":"RCP2.6","period":"2060","key":"pr","value":3.9,"estimate":"q95","season":"MAM"},{"bfs_id":2883,"rcp":"RCP2.6","period":"2060","key":"pr","value":4.3,"estimate":"q95","season":"JJA"},{"bfs_id":2883,"rcp":"RCP2.6","period":"2060","key":"pr","value":3.8,"estimate":"q95","season":"SON"},{"bfs_id":2883,"rcp":"RCP2.6","period":"2085","key":"pr","value":2.8,"estimate":"q5","season":"DJF"},{"bfs_id":2883,"rcp":"RCP2.6","period":"2085","key":"pr","value":3.2,"estimate":"q5","season":"MAM"},{"bfs_id":2883,"rcp":"RCP2.6","period":"2085","key":"pr","value":3.2,"estimate":"q5","season":"JJA"},{"bfs_id":2883,"rcp":"RCP2.6","period":"2085","key":"pr","value":2.9,"estimate":"q5","season":"SON"},{"bfs_id":2883,"rcp":"RCP2.6","period":"2085","key":"pr","value":3.1,"estimate":"q50","season":"DJF"},{"bfs_id":2883,"rcp":"RCP2.6","period":"2085","key":"pr","value":3.4,"estimate":"q50","season":"MAM"},{"bfs_id":2883,"rcp":"RCP2.6","period":"2085","key":"pr","value":3.8,"estimate":"q50","season":"JJA"},{"bfs_id":2883,"rcp":"RCP2.6","period":"2085","key":"pr","value":3.2,"estimate":"q50","season":"SON"},{"bfs_id":2883,"rcp":"RCP2.6","period":"2085","key":"pr","value":3.5,"estimate":"q95","season":"DJF"},{"bfs_id":2883,"rcp":"RCP2.6","period":"2085","key":"pr","value":3.9,"estimate":"q95","season":"MAM"},{"bfs_id":2883,"rcp":"RCP2.6","period":"2085","key":"pr","value":4.3,"estimate":"q95","season":"JJA"},{"bfs_id":2883,"rcp":"RCP2.6","period":"2085","key":"pr","value":3.6,"estimate":"q95","season":"SON"},{"bfs_id":2883,"rcp":"RCP8.5","period":"2035","key":"pr","value":2.8,"estimate":"q5","season":"DJF"},{"bfs_id":2883,"rcp":"RCP8.5","period":"2035","key":"pr","value":3.3,"estimate":"q5","season":"MAM"},{"bfs_id":2883,"rcp":"RCP8.5","period":"2035","key":"pr","value":3.2,"estimate":"q5","season":"JJA"},{"bfs_id":2883,"rcp":"RCP8.5","period":"2035","key":"pr","value":2.9,"estimate":"q5","season":"SON"},{"bfs_id":2883,"rcp":"RCP8.5","period":"2035","key":"pr","value":3.2,"estimate":"q50","season":"DJF"},{"bfs_id":2883,"rcp":"RCP8.5","period":"2035","key":"pr","value":3.6,"estimate":"q50","season":"MAM"},{"bfs_id":2883,"rcp":"RCP8.5","period":"2035","key":"pr","value":3.8,"estimate":"q50","season":"JJA"},{"bfs_id":2883,"rcp":"RCP8.5","period":"2035","key":"pr","value":3.3,"estimate":"q50","season":"SON"},{"bfs_id":2883,"rcp":"RCP8.5","period":"2035","key":"pr","value":3.4,"estimate":"q95","season":"DJF"},{"bfs_id":2883,"rcp":"RCP8.5","period":"2035","key":"pr","value":3.8,"estimate":"q95","season":"MAM"},{"bfs_id":2883,"rcp":"RCP8.5","period":"2035","key":"pr","value":4.3,"estimate":"q95","season":"JJA"},{"bfs_id":2883,"rcp":"RCP8.5","period":"2035","key":"pr","value":3.7,"estimate":"q95","season":"SON"},{"bfs_id":2883,"rcp":"RCP8.5","period":"2060","key":"pr","value":3,"estimate":"q5","season":"DJF"},{"bfs_id":2883,"rcp":"RCP8.5","period":"2060","key":"pr","value":3.5,"estimate":"q5","season":"MAM"},{"bfs_id":2883,"rcp":"RCP8.5","period":"2060","key":"pr","value":2.9,"estimate":"q5","season":"JJA"},{"bfs_id":2883,"rcp":"RCP8.5","period":"2060","key":"pr","value":2.9,"estimate":"q5","season":"SON"},{"bfs_id":2883,"rcp":"RCP8.5","period":"2060","key":"pr","value":3.3,"estimate":"q50","season":"DJF"},{"bfs_id":2883,"rcp":"RCP8.5","period":"2060","key":"pr","value":3.7,"estimate":"q50","season":"MAM"},{"bfs_id":2883,"rcp":"RCP8.5","period":"2060","key":"pr","value":3.7,"estimate":"q50","season":"JJA"},{"bfs_id":2883,"rcp":"RCP8.5","period":"2060","key":"pr","value":3.3,"estimate":"q50","season":"SON"},{"bfs_id":2883,"rcp":"RCP8.5","period":"2060","key":"pr","value":3.6,"estimate":"q95","season":"DJF"},{"bfs_id":2883,"rcp":"RCP8.5","period":"2060","key":"pr","value":4.1,"estimate":"q95","season":"MAM"},{"bfs_id":2883,"rcp":"RCP8.5","period":"2060","key":"pr","value":4,"estimate":"q95","season":"JJA"},{"bfs_id":2883,"rcp":"RCP8.5","period":"2060","key":"pr","value":3.7,"estimate":"q95","season":"SON"},{"bfs_id":2883,"rcp":"RCP8.5","period":"2085","key":"pr","value":3.1,"estimate":"q5","season":"DJF"},{"bfs_id":2883,"rcp":"RCP8.5","period":"2085","key":"pr","value":3.4,"estimate":"q5","season":"MAM"},{"bfs_id":2883,"rcp":"RCP8.5","period":"2085","key":"pr","value":2.4,"estimate":"q5","season":"JJA"},{"bfs_id":2883,"rcp":"RCP8.5","period":"2085","key":"pr","value":2.8,"estimate":"q5","season":"SON"},{"bfs_id":2883,"rcp":"RCP8.5","period":"2085","key":"pr","value":3.5,"estimate":"q50","season":"DJF"},{"bfs_id":2883,"rcp":"RCP8.5","period":"2085","key":"pr","value":3.9,"estimate":"q50","season":"MAM"},{"bfs_id":2883,"rcp":"RCP8.5","period":"2085","key":"pr","value":3.2,"estimate":"q50","season":"JJA"},{"bfs_id":2883,"rcp":"RCP8.5","period":"2085","key":"pr","value":3.3,"estimate":"q50","season":"SON"},{"bfs_id":2883,"rcp":"RCP8.5","period":"2085","key":"pr","value":4,"estimate":"q95","season":"DJF"},{"bfs_id":2883,"rcp":"RCP8.5","period":"2085","key":"pr","value":4.2,"estimate":"q95","season":"MAM"},{"bfs_id":2883,"rcp":"RCP8.5","period":"2085","key":"pr","value":3.7,"estimate":"q95","season":"JJA"},{"bfs_id":2883,"rcp":"RCP8.5","period":"2085","key":"pr","value":3.8,"estimate":"q95","season":"SON"},{"bfs_id":2883,"rcp":"RCP2.6","period":"2035","key":"tas","value":0.7,"estimate":"q5","season":"DJF"},{"bfs_id":2883,"rcp":"RCP2.6","period":"2035","key":"tas","value":7.7,"estimate":"q5","season":"MAM"},{"bfs_id":2883,"rcp":"RCP2.6","period":"2035","key":"tas","value":16.8,"estimate":"q5","season":"JJA"},{"bfs_id":2883,"rcp":"RCP2.6","period":"2035","key":"tas","value":9.1,"estimate":"q5","season":"SON"},{"bfs_id":2883,"rcp":"RCP2.6","period":"2035","key":"tas","value":1.3,"estimate":"q50","season":"DJF"},{"bfs_id":2883,"rcp":"RCP2.6","period":"2035","key":"tas","value":8.3,"estimate":"q50","season":"MAM"},{"bfs_id":2883,"rcp":"RCP2.6","period":"2035","key":"tas","value":17.4,"estimate":"q50","season":"JJA"},{"bfs_id":2883,"rcp":"RCP2.6","period":"2035","key":"tas","value":9.5,"estimate":"q50","season":"SON"},{"bfs_id":2883,"rcp":"RCP2.6","period":"2035","key":"tas","value":2.2,"estimate":"q95","season":"DJF"},{"bfs_id":2883,"rcp":"RCP2.6","period":"2035","key":"tas","value":8.6,"estimate":"q95","season":"MAM"},{"bfs_id":2883,"rcp":"RCP2.6","period":"2035","key":"tas","value":18,"estimate":"q95","season":"JJA"},{"bfs_id":2883,"rcp":"RCP2.6","period":"2035","key":"tas","value":10.3,"estimate":"q95","season":"SON"},{"bfs_id":2883,"rcp":"RCP2.6","period":"2060","key":"tas","value":0.8,"estimate":"q5","season":"DJF"},{"bfs_id":2883,"rcp":"RCP2.6","period":"2060","key":"tas","value":7.5,"estimate":"q5","season":"MAM"},{"bfs_id":2883,"rcp":"RCP2.6","period":"2060","key":"tas","value":17,"estimate":"q5","season":"JJA"},{"bfs_id":2883,"rcp":"RCP2.6","period":"2060","key":"tas","value":9.4,"estimate":"q5","season":"SON"},{"bfs_id":2883,"rcp":"RCP2.6","period":"2060","key":"tas","value":1.7,"estimate":"q50","season":"DJF"},{"bfs_id":2883,"rcp":"RCP2.6","period":"2060","key":"tas","value":8.3,"estimate":"q50","season":"MAM"},{"bfs_id":2883,"rcp":"RCP2.6","period":"2060","key":"tas","value":17.5,"estimate":"q50","season":"JJA"},{"bfs_id":2883,"rcp":"RCP2.6","period":"2060","key":"tas","value":9.7,"estimate":"q50","season":"SON"},{"bfs_id":2883,"rcp":"RCP2.6","period":"2060","key":"tas","value":2.3,"estimate":"q95","season":"DJF"},{"bfs_id":2883,"rcp":"RCP2.6","period":"2060","key":"tas","value":8.7,"estimate":"q95","season":"MAM"},{"bfs_id":2883,"rcp":"RCP2.6","period":"2060","key":"tas","value":18.2,"estimate":"q95","season":"JJA"},{"bfs_id":2883,"rcp":"RCP2.6","period":"2060","key":"tas","value":10.8,"estimate":"q95","season":"SON"},{"bfs_id":2883,"rcp":"RCP2.6","period":"2085","key":"tas","value":0.9,"estimate":"q5","season":"DJF"},{"bfs_id":2883,"rcp":"RCP2.6","period":"2085","key":"tas","value":7.6,"estimate":"q5","season":"MAM"},{"bfs_id":2883,"rcp":"RCP2.6","period":"2085","key":"tas","value":17,"estimate":"q5","season":"JJA"},{"bfs_id":2883,"rcp":"RCP2.6","period":"2085","key":"tas","value":9.2,"estimate":"q5","season":"SON"},{"bfs_id":2883,"rcp":"RCP2.6","period":"2085","key":"tas","value":1.6,"estimate":"q50","season":"DJF"},{"bfs_id":2883,"rcp":"RCP2.6","period":"2085","key":"tas","value":8.4,"estimate":"q50","season":"MAM"},{"bfs_id":2883,"rcp":"RCP2.6","period":"2085","key":"tas","value":17.5,"estimate":"q50","season":"JJA"},{"bfs_id":2883,"rcp":"RCP2.6","period":"2085","key":"tas","value":9.7,"estimate":"q50","season":"SON"},{"bfs_id":2883,"rcp":"RCP2.6","period":"2085","key":"tas","value":2.3,"estimate":"q95","season":"DJF"},{"bfs_id":2883,"rcp":"RCP2.6","period":"2085","key":"tas","value":8.8,"estimate":"q95","season":"MAM"},{"bfs_id":2883,"rcp":"RCP2.6","period":"2085","key":"tas","value":18.1,"estimate":"q95","season":"JJA"},{"bfs_id":2883,"rcp":"RCP2.6","period":"2085","key":"tas","value":10.7,"estimate":"q95","season":"SON"},{"bfs_id":2883,"rcp":"RCP8.5","period":"2035","key":"tas","value":0.7,"estimate":"q5","season":"DJF"},{"bfs_id":2883,"rcp":"RCP8.5","period":"2035","key":"tas","value":7.9,"estimate":"q5","season":"MAM"},{"bfs_id":2883,"rcp":"RCP8.5","period":"2035","key":"tas","value":17.2,"estimate":"q5","season":"JJA"},{"bfs_id":2883,"rcp":"RCP8.5","period":"2035","key":"tas","value":9.4,"estimate":"q5","season":"SON"},{"bfs_id":2883,"rcp":"RCP8.5","period":"2035","key":"tas","value":1.7,"estimate":"q50","season":"DJF"},{"bfs_id":2883,"rcp":"RCP8.5","period":"2035","key":"tas","value":8.3,"estimate":"q50","season":"MAM"},{"bfs_id":2883,"rcp":"RCP8.5","period":"2035","key":"tas","value":17.7,"estimate":"q50","season":"JJA"},{"bfs_id":2883,"rcp":"RCP8.5","period":"2035","key":"tas","value":9.9,"estimate":"q50","season":"SON"},{"bfs_id":2883,"rcp":"RCP8.5","period":"2035","key":"tas","value":2.2,"estimate":"q95","season":"DJF"},{"bfs_id":2883,"rcp":"RCP8.5","period":"2035","key":"tas","value":8.7,"estimate":"q95","season":"MAM"},{"bfs_id":2883,"rcp":"RCP8.5","period":"2035","key":"tas","value":18.3,"estimate":"q95","season":"JJA"},{"bfs_id":2883,"rcp":"RCP8.5","period":"2035","key":"tas","value":10.8,"estimate":"q95","season":"SON"},{"bfs_id":2883,"rcp":"RCP8.5","period":"2060","key":"tas","value":2.2,"estimate":"q5","season":"DJF"},{"bfs_id":2883,"rcp":"RCP8.5","period":"2060","key":"tas","value":8.7,"estimate":"q5","season":"MAM"},{"bfs_id":2883,"rcp":"RCP8.5","period":"2060","key":"tas","value":18.3,"estimate":"q5","season":"JJA"},{"bfs_id":2883,"rcp":"RCP8.5","period":"2060","key":"tas","value":10.5,"estimate":"q5","season":"SON"},{"bfs_id":2883,"rcp":"RCP8.5","period":"2060","key":"tas","value":2.6,"estimate":"q50","season":"DJF"},{"bfs_id":2883,"rcp":"RCP8.5","period":"2060","key":"tas","value":9.2,"estimate":"q50","season":"MAM"},{"bfs_id":2883,"rcp":"RCP8.5","period":"2060","key":"tas","value":18.9,"estimate":"q50","season":"JJA"},{"bfs_id":2883,"rcp":"RCP8.5","period":"2060","key":"tas","value":11.1,"estimate":"q50","season":"SON"},{"bfs_id":2883,"rcp":"RCP8.5","period":"2060","key":"tas","value":3.4,"estimate":"q95","season":"DJF"},{"bfs_id":2883,"rcp":"RCP8.5","period":"2060","key":"tas","value":9.8,"estimate":"q95","season":"MAM"},{"bfs_id":2883,"rcp":"RCP8.5","period":"2060","key":"tas","value":20.2,"estimate":"q95","season":"JJA"},{"bfs_id":2883,"rcp":"RCP8.5","period":"2060","key":"tas","value":12.1,"estimate":"q95","season":"SON"},{"bfs_id":2883,"rcp":"RCP8.5","period":"2085","key":"tas","value":3.4,"estimate":"q5","season":"DJF"},{"bfs_id":2883,"rcp":"RCP8.5","period":"2085","key":"tas","value":9.8,"estimate":"q5","season":"MAM"},{"bfs_id":2883,"rcp":"RCP8.5","period":"2085","key":"tas","value":19.9,"estimate":"q5","season":"JJA"},{"bfs_id":2883,"rcp":"RCP8.5","period":"2085","key":"tas","value":11.6,"estimate":"q5","season":"SON"},{"bfs_id":2883,"rcp":"RCP8.5","period":"2085","key":"tas","value":4.6,"estimate":"q50","season":"DJF"},{"bfs_id":2883,"rcp":"RCP8.5","period":"2085","key":"tas","value":10.6,"estimate":"q50","season":"MAM"},{"bfs_id":2883,"rcp":"RCP8.5","period":"2085","key":"tas","value":20.8,"estimate":"q50","season":"JJA"},{"bfs_id":2883,"rcp":"RCP8.5","period":"2085","key":"tas","value":12.6,"estimate":"q50","season":"SON"},{"bfs_id":2883,"rcp":"RCP8.5","period":"2085","key":"tas","value":5.3,"estimate":"q95","season":"DJF"},{"bfs_id":2883,"rcp":"RCP8.5","period":"2085","key":"tas","value":11.6,"estimate":"q95","season":"MAM"},{"bfs_id":2883,"rcp":"RCP8.5","period":"2085","key":"tas","value":23.1,"estimate":"q95","season":"JJA"},{"bfs_id":2883,"rcp":"RCP8.5","period":"2085","key":"tas","value":14.3,"estimate":"q95","season":"SON"},{"bfs_id":2883,"rcp":"obs","period":"1981-2010","key":"FD","value":101.2,"estimate":"yearly_mean"},{"bfs_id":2883,"rcp":"obs","period":"1981-2010","key":"HD","value":3.1,"estimate":"yearly_mean"},{"bfs_id":2883,"rcp":"obs","period":"1981-2010","key":"ID","value":30.9,"estimate":"yearly_mean"},{"bfs_id":2883,"rcp":"obs","period":"1981-2010","key":"SD","value":28.1,"estimate":"yearly_mean"},{"bfs_id":2883,"rcp":"obs","period":"1981-2010","key":"snowdays","value":30,"estimate":"yearly_mean"},{"bfs_id":2883,"rcp":"obs","period":"1981-2010","key":"TN","value":0,"estimate":"yearly_mean"},{"bfs_id":2883,"rcp":"obs","period":"1981-2010","key":"pr","value":2.8,"estimate":"mean","season":"DJF"},{"bfs_id":2883,"rcp":"obs","period":"1981-2010","key":"pr","value":3.5,"estimate":"mean","season":"MAM"},{"bfs_id":2883,"rcp":"obs","period":"1981-2010","key":"pr","value":4,"estimate":"mean","season":"JJA"},{"bfs_id":2883,"rcp":"obs","period":"1981-2010","key":"pr","value":3.3,"estimate":"mean","season":"SON"},{"bfs_id":2883,"rcp":"obs","period":"1981-2010","key":"tas","value":0.2,"estimate":"mean","season":"DJF"},{"bfs_id":2883,"rcp":"obs","period":"1981-2010","key":"tas","value":7.5,"estimate":"mean","season":"MAM"},{"bfs_id":2883,"rcp":"obs","period":"1981-2010","key":"tas","value":16.1,"estimate":"mean","season":"JJA"},{"bfs_id":2883,"rcp":"obs","period":"1981-2010","key":"tas","value":8.4,"estimate":"mean","season":"SON"}]
